,voltage
0,3.4152
1,3.4152
2,3.4152
3,3.4152
4,3.4152
5,3.4152
6,3.4152
7,3.4152
8,3.4152
9,3.4152
10,3.4152
11,3.4152
12,3.4152
13,3.4152
14,3.4152
15,3.4152
16,3.415
17,3.4152
18,3.4152
19,3.4152
20,3.4152
21,3.4152
22,3.4152
23,3.4152
24,3.415
25,3.4152
26,3.4152
27,3.415
28,3.415
29,3.415
30,3.4152
31,3.4152
32,3.415
33,3.4152
34,3.415
35,3.415
36,3.4152
37,3.4152
38,3.415
39,3.415
40,3.415
41,3.415
42,3.415
43,3.415
44,3.415
45,3.415
46,3.4152
47,3.415
48,3.415
49,3.4152
50,3.415
51,3.415
52,3.4152
53,3.4152
54,3.415
55,3.415
56,3.415
57,3.415
58,3.415
59,3.415
60,3.415
61,3.4908
62,3.5936
63,3.6277
64,3.6301
65,3.6302
66,3.6299
67,3.6293
68,3.6288
69,3.6283
70,3.628
71,3.6277
72,3.6275
73,3.6272
74,3.6271
75,3.6271
76,3.6269
77,3.6269
78,3.6268
79,3.6268
80,3.6268
81,3.6268
82,3.6269
83,3.6269
84,3.6269
85,3.6269
86,3.6271
87,3.6271
88,3.6272
89,3.6274
90,3.6274
91,3.6275
92,3.6277
93,3.6277
94,3.6279
95,3.628
96,3.6282
97,3.6283
98,3.6285
99,3.6287
100,3.6287
101,3.6288
102,3.629
103,3.6291
104,3.6293
105,3.6295
106,3.6296
107,3.6298
108,3.6301
109,3.6302
110,3.6304
111,3.6306
112,3.6307
113,3.6309
114,3.631
115,3.6312
116,3.6314
117,3.6315
118,3.6318
119,3.632
120,3.6322
121,3.6323
122,3.6325
123,3.6326
124,3.6329
125,3.6331
126,3.6333
127,3.6334
128,3.6336
129,3.6337
130,3.6339
131,3.6341
132,3.6344
133,3.6345
134,3.6347
135,3.6349
136,3.635
137,3.6352
138,3.6353
139,3.6355
140,3.6358
141,3.636
142,3.6361
143,3.6363
144,3.6364
145,3.6366
146,3.6368
147,3.6369
148,3.6371
149,3.6372
150,3.6374
151,3.6376
152,3.6377
153,3.638
154,3.638
155,3.6383
156,3.6385
157,3.6385
158,3.6388
159,3.639
160,3.6391
161,3.6393
162,3.6395
163,3.6396
164,3.6396
165,3.6398
166,3.6399
167,3.6401
168,3.6403
169,3.6404
170,3.6406
171,3.6407
172,3.6409
173,3.641
174,3.6412
175,3.6414
176,3.6415
177,3.6417
178,3.6417
179,3.6418
180,3.642
181,3.6422
182,3.6423
183,3.6425
184,3.6426
185,3.6426
186,3.6428
187,3.643
188,3.6431
189,3.6433
190,3.6434
191,3.6434
192,3.6436
193,3.6437
194,3.6439
195,3.6441
196,3.6441
197,3.6442
198,3.6444
199,3.6445
200,3.6447
201,3.6447
202,3.6449
203,3.645
204,3.645
205,3.6452
206,3.6453
207,3.6455
208,3.6457
209,3.6457
210,3.6458
211,3.646
212,3.646
213,3.6461
214,3.6463
215,3.6463
216,3.6464
217,3.6466
218,3.6468
219,3.6468
220,3.6469
221,3.6471
222,3.6471
223,3.6472
224,3.6474
225,3.6474
226,3.6476
227,3.6477
228,3.6477
229,3.6479
230,3.6479
231,3.648
232,3.6482
233,3.6482
234,3.6484
235,3.6485
236,3.6485
237,3.6487
238,3.6488
239,3.6488
240,3.649
241,3.649
242,3.6491
243,3.6493
244,3.6493
245,3.6495
246,3.6495
247,3.6496
248,3.6498
249,3.6498
250,3.6499
251,3.6499
252,3.6501
253,3.6501
254,3.6503
255,3.6504
256,3.6504
257,3.6506
258,3.6506
259,3.6507
260,3.6509
261,3.6509
262,3.6511
263,3.6511
264,3.6512
265,3.6512
266,3.6514
267,3.6514
268,3.6515
269,3.6517
270,3.6517
271,3.6518
272,3.6518
273,3.652
274,3.652
275,3.6522
276,3.6522
277,3.6523
278,3.6523
279,3.6525
280,3.6525
281,3.6526
282,3.6526
283,3.6528
284,3.6528
285,3.653
286,3.653
287,3.6531
288,3.6533
289,3.6533
290,3.6533
291,3.6534
292,3.6536
293,3.6536
294,3.6536
295,3.6538
296,3.6538
297,3.6539
298,3.6541
299,3.6541
300,3.6541
301,3.6542
302,3.6542
303,3.6544
304,3.6544
305,3.6545
306,3.6545
307,3.6547
308,3.6547
309,3.6549
310,3.6549
311,3.655
312,3.655
313,3.6552
314,3.6552
315,3.6553
316,3.6553
317,3.6555
318,3.6555
319,3.6557
320,3.6557
321,3.6557
322,3.6558
323,3.6558
324,3.656
325,3.656
326,3.6561
327,3.6561
328,3.6563
329,3.6563
330,3.6565
331,3.6565
332,3.6566
333,3.6566
334,3.6568
335,3.6568
336,3.6568
337,3.6569
338,3.6569
339,3.6571
340,3.6571
341,3.6572
342,3.6572
343,3.6574
344,3.6574
345,3.6576
346,3.6576
347,3.6576
348,3.6577
349,3.6577
350,3.6579
351,3.6579
352,3.658
353,3.658
354,3.6582
355,3.6582
356,3.6582
357,3.6584
358,3.6584
359,3.6585
360,3.6585
361,3.6587
362,3.6587
363,3.6587
364,3.6588
365,3.6588
366,3.659
367,3.659
368,3.6592
369,3.6592
370,3.6592
371,3.6593
372,3.6593
373,3.6595
374,3.6595
375,3.6596
376,3.6596
377,3.6598
378,3.6598
379,3.6598
380,3.6599
381,3.6599
382,3.6601
383,3.6601
384,3.6601
385,3.6603
386,3.6603
387,3.6604
388,3.6604
389,3.6606
390,3.6606
391,3.6606
392,3.6607
393,3.6607
394,3.6609
395,3.6609
396,3.6611
397,3.6611
398,3.6611
399,3.6612
400,3.6612
401,3.6614
402,3.6614
403,3.6614
404,3.6615
405,3.6615
406,3.6617
407,3.6617
408,3.6617
409,3.6619
410,3.6619
411,3.662
412,3.662
413,3.6622
414,3.6622
415,3.6622
416,3.6623
417,3.6623
418,3.6625
419,3.6625
420,3.6626
421,3.6626
422,3.6626
423,3.6628
424,3.6628
425,3.663
426,3.663
427,3.663
428,3.6631
429,3.6631
430,3.6633
431,3.6633
432,3.6633
433,3.6634
434,3.6634
435,3.6636
436,3.6636
437,3.6638
438,3.6638
439,3.6638
440,3.6639
441,3.6639
442,3.6641
443,3.6641
444,3.6641
445,3.6642
446,3.6642
447,3.6644
448,3.6644
449,3.6644
450,3.6646
451,3.6646
452,3.6647
453,3.6647
454,3.6647
455,3.6649
456,3.6649
457,3.665
458,3.665
459,3.665
460,3.6652
461,3.6652
462,3.6653
463,3.6653
464,3.6653
465,3.6655
466,3.6655
467,3.6657
468,3.6657
469,3.6657
470,3.6658
471,3.6658
472,3.666
473,3.666
474,3.666
475,3.6661
476,3.6661
477,3.6661
478,3.6663
479,3.6663
480,3.6665
481,3.6665
482,3.6666
483,3.6666
484,3.6666
485,3.6668
486,3.6668
487,3.6669
488,3.6669
489,3.6669
490,3.6671
491,3.6671
492,3.6673
493,3.6673
494,3.6673
495,3.6674
496,3.6674
497,3.6676
498,3.6676
499,3.6676
500,3.6677
501,3.6677
502,3.6677
503,3.6679
504,3.6679
505,3.668
506,3.668
507,3.6682
508,3.6682
509,3.6682
510,3.6684
511,3.6684
512,3.6684
513,3.6685
514,3.6685
515,3.6687
516,3.6687
517,3.6688
518,3.6688
519,3.6688
520,3.669
521,3.669
522,3.6692
523,3.6692
524,3.6692
525,3.6693
526,3.6693
527,3.6693
528,3.6695
529,3.6695
530,3.6696
531,3.6696
532,3.6696
533,3.6698
534,3.6698
535,3.67
536,3.67
537,3.67
538,3.6701
539,3.6701
540,3.6703
541,3.6703
542,3.6703
543,3.6704
544,3.6704
545,3.6706
546,3.6706
547,3.6706
548,3.6707
549,3.6707
550,3.6709
551,3.6709
552,3.6709
553,3.6711
554,3.6711
555,3.6712
556,3.6712
557,3.6712
558,3.6714
559,3.6714
560,3.6714
561,3.6715
562,3.6715
563,3.6717
564,3.6717
565,3.6717
566,3.6719
567,3.6719
568,3.672
569,3.672
570,3.672
571,3.6722
572,3.6722
573,3.6723
574,3.6723
575,3.6723
576,3.6725
577,3.6725
578,3.6727
579,3.6727
580,3.6727
581,3.6728
582,3.6728
583,3.673
584,3.673
585,3.673
586,3.6731
587,3.6731
588,3.6733
589,3.6733
590,3.6733
591,3.6734
592,3.6734
593,3.6736
594,3.6736
595,3.6736
596,3.6738
597,3.6738
598,3.6739
599,3.6739
600,3.6739
601,3.6741
602,3.6741
603,3.6742
604,3.6742
605,3.6742
606,3.6744
607,3.6744
608,3.6746
609,3.6746
610,3.6746
611,3.6747
612,3.6747
613,3.6749
614,3.6749
615,3.6749
616,3.675
617,3.675
618,3.6752
619,3.6752
620,3.6752
621,3.6754
622,3.6754
623,3.6755
624,3.6755
625,3.6755
626,3.6757
627,3.6757
628,3.6758
629,3.6758
630,3.6758
631,3.676
632,3.676
633,3.6761
634,3.6761
635,3.6761
636,3.6763
637,3.6763
638,3.6765
639,3.6765
640,3.6765
641,3.6766
642,3.6766
643,3.6768
644,3.6768
645,3.6768
646,3.6769
647,3.6769
648,3.6771
649,3.6771
650,3.6771
651,3.6773
652,3.6773
653,3.6774
654,3.6774
655,3.6774
656,3.6776
657,3.6776
658,3.6777
659,3.6777
660,3.6777
661,3.6779
662,3.6779
663,3.6781
664,3.6781
665,3.6781
666,3.6782
667,3.6782
668,3.6784
669,3.6784
670,3.6785
671,3.6785
672,3.6785
673,3.6787
674,3.6787
675,3.6787
676,3.6788
677,3.6788
678,3.679
679,3.679
680,3.6792
681,3.6792
682,3.6792
683,3.6793
684,3.6793
685,3.6795
686,3.6795
687,3.6795
688,3.6796
689,3.6796
690,3.6798
691,3.6798
692,3.68
693,3.68
694,3.68
695,3.6801
696,3.6801
697,3.6803
698,3.6803
699,3.6803
700,3.6804
701,3.6804
702,3.6806
703,3.6806
704,3.6806
705,3.6808
706,3.6808
707,3.6809
708,3.6809
709,3.6811
710,3.6811
711,3.6811
712,3.6812
713,3.6812
714,3.6814
715,3.6814
716,3.6814
717,3.6815
718,3.6815
719,3.6817
720,3.6817
721,3.6819
722,3.6819
723,3.6819
724,3.682
725,3.682
726,3.682
727,3.6822
728,3.6822
729,3.6823
730,3.6823
731,3.6825
732,3.6825
733,3.6827
734,3.6827
735,3.6827
736,3.6828
737,3.6828
738,3.6828
739,3.683
740,3.683
741,3.6831
742,3.6831
743,3.6833
744,3.6833
745,3.6835
746,3.6835
747,3.6835
748,3.6836
749,3.6836
750,3.6838
751,3.6838
752,3.6839
753,3.6839
754,3.6839
755,3.6841
756,3.6841
757,3.6843
758,3.6843
759,3.6843
760,3.6844
761,3.6844
762,3.6846
763,3.6846
764,3.6847
765,3.6847
766,3.6849
767,3.6849
768,3.6849
769,3.685
770,3.685
771,3.6852
772,3.6852
773,3.6852
774,3.6854
775,3.6854
776,3.6855
777,3.6855
778,3.6857
779,3.6857
780,3.6857
781,3.6858
782,3.6858
783,3.686
784,3.686
785,3.6862
786,3.6862
787,3.6862
788,3.6863
789,3.6863
790,3.6865
791,3.6865
792,3.6866
793,3.6866
794,3.6866
795,3.6868
796,3.6868
797,3.6869
798,3.6869
799,3.6871
800,3.6871
801,3.6871
802,3.6873
803,3.6873
804,3.6874
805,3.6874
806,3.6874
807,3.6876
808,3.6877
809,3.6877
810,3.6877
811,3.6879
812,3.6879
813,3.6881
814,3.6881
815,3.6881
816,3.6882
817,3.6882
818,3.6884
819,3.6884
820,3.6885
821,3.6885
822,3.6887
823,3.6887
824,3.6889
825,3.6889
826,3.6889
827,3.689
828,3.689
829,3.6892
830,3.6892
831,3.6893
832,3.6893
833,3.6893
834,3.6895
835,3.6895
836,3.6896
837,3.6896
838,3.6898
839,3.6898
840,3.6898
841,3.69
842,3.69
843,3.6901
844,3.6901
845,3.6903
846,3.6903
847,3.6904
848,3.6904
849,3.6906
850,3.6906
851,3.6908
852,3.6908
853,3.6908
854,3.6909
855,3.6909
856,3.6911
857,3.6911
858,3.6911
859,3.6912
860,3.6912
861,3.6914
862,3.6914
863,3.6916
864,3.6916
865,3.6917
866,3.6917
867,3.6917
868,3.6919
869,3.6919
870,3.692
871,3.692
872,3.6922
873,3.6922
874,3.6923
875,3.6923
876,3.6925
877,3.6925
878,3.6927
879,3.6927
880,3.6927
881,3.6928
882,3.6928
883,3.693
884,3.693
885,3.6931
886,3.6931
887,3.6933
888,3.6933
889,3.6935
890,3.6935
891,3.6936
892,3.6936
893,3.6936
894,3.6938
895,3.6938
896,3.6939
897,3.6939
898,3.6941
899,3.6941
900,3.6943
901,3.6943
902,3.6943
903,3.6944
904,3.6944
905,3.6946
906,3.6946
907,3.6947
908,3.6947
909,3.6949
910,3.6949
911,3.695
912,3.695
913,3.695
914,3.6952
915,3.6952
916,3.6954
917,3.6954
918,3.6955
919,3.6955
920,3.6957
921,3.6957
922,3.6958
923,3.6958
924,3.696
925,3.696
926,3.6962
927,3.6962
928,3.6963
929,3.6963
930,3.6965
931,3.6965
932,3.6966
933,3.6966
934,3.6966
935,3.6968
936,3.6968
937,3.697
938,3.697
939,3.6971
940,3.6971
941,3.6973
942,3.6973
943,3.6974
944,3.6974
945,3.6976
946,3.6976
947,3.6976
948,3.6978
949,3.6978
950,3.6979
951,3.6979
952,3.6981
953,3.6981
954,3.6982
955,3.6982
956,3.6984
957,3.6984
958,3.6985
959,3.6985
960,3.6987
961,3.6987
962,3.6987
963,3.6989
964,3.6989
965,3.699
966,3.699
967,3.6992
968,3.6992
969,3.6993
970,3.6993
971,3.6995
972,3.6995
973,3.6997
974,3.6997
975,3.6998
976,3.6998
977,3.7
978,3.7
979,3.7001
980,3.7001
981,3.7003
982,3.7003
983,3.7005
984,3.7005
985,3.7005
986,3.7006
987,3.7006
988,3.7008
989,3.7008
990,3.7009
991,3.7009
992,3.7011
993,3.7011
994,3.7012
995,3.7012
996,3.7014
997,3.7014
998,3.7016
999,3.7016
1000,3.7017
1001,3.7017
1002,3.7019
1003,3.7019
1004,3.702
1005,3.702
1006,3.7022
1007,3.7022
1008,3.7024
1009,3.7024
1010,3.7025
1011,3.7025
1012,3.7025
1013,3.7027
1014,3.7027
1015,3.7028
1016,3.7028
1017,3.703
1018,3.703
1019,3.7032
1020,3.7032
1021,3.7033
1022,3.7033
1023,3.7035
1024,3.7035
1025,3.7036
1026,3.7036
1027,3.7038
1028,3.7038
1029,3.7039
1030,3.7039
1031,3.7041
1032,3.7041
1033,3.7043
1034,3.7043
1035,3.7044
1036,3.7044
1037,3.7046
1038,3.7046
1039,3.7047
1040,3.7047
1041,3.7049
1042,3.7049
1043,3.7051
1044,3.7051
1045,3.7051
1046,3.7052
1047,3.7052
1048,3.7054
1049,3.7054
1050,3.7055
1051,3.7057
1052,3.7057
1053,3.7059
1054,3.7059
1055,3.7059
1056,3.706
1057,3.706
1058,3.7062
1059,3.7063
1060,3.7063
1061,3.7063
1062,3.7065
1063,3.7066
1064,3.7066
1065,3.7066
1066,3.7068
1067,3.7068
1068,3.707
1069,3.707
1070,3.7071
1071,3.7071
1072,3.7073
1073,3.7073
1074,3.7074
1075,3.7074
1076,3.7076
1077,3.7076
1078,3.7078
1079,3.7078
1080,3.7079
1081,3.7079
1082,3.7081
1083,3.7081
1084,3.7082
1085,3.7082
1086,3.7084
1087,3.7084
1088,3.7086
1089,3.7086
1090,3.7087
1091,3.7087
1092,3.7089
1093,3.7089
1094,3.709
1095,3.709
1096,3.7092
1097,3.7092
1098,3.7093
1099,3.7093
1100,3.7095
1101,3.7095
1102,3.7097
1103,3.7097
1104,3.7098
1105,3.7098
1106,3.71
1107,3.71
1108,3.7101
1109,3.7101
1110,3.7103
1111,3.7103
1112,3.7105
1113,3.7105
1114,3.7106
1115,3.7106
1116,3.7108
1117,3.7108
1118,3.7109
1119,3.7109
1120,3.7111
1121,3.7111
1122,3.7113
1123,3.7113
1124,3.7114
1125,3.7114
1126,3.7116
1127,3.7116
1128,3.7117
1129,3.7117
1130,3.7119
1131,3.7119
1132,3.712
1133,3.712
1134,3.7122
1135,3.7122
1136,3.7124
1137,3.7124
1138,3.7125
1139,3.7127
1140,3.7127
1141,3.7127
1142,3.7128
1143,3.7128
1144,3.713
1145,3.713
1146,3.7132
1147,3.7132
1148,3.7133
1149,3.7133
1150,3.7135
1151,3.7135
1152,3.7136
1153,3.7138
1154,3.7138
1155,3.714
1156,3.714
1157,3.714
1158,3.7141
1159,3.7143
1160,3.7143
1161,3.7143
1162,3.7144
1163,3.7146
1164,3.7146
1165,3.7147
1166,3.7147
1167,3.7149
1168,3.7149
1169,3.7151
1170,3.7151
1171,3.7152
1172,3.7152
1173,3.7154
1174,3.7154
1175,3.7155
1176,3.7155
1177,3.7157
1178,3.7157
1179,3.7159
1180,3.7159
1181,3.716
1182,3.716
1183,3.7162
1184,3.7162
1185,3.7163
1186,3.7163
1187,3.7165
1188,3.7165
1189,3.7167
1190,3.7167
1191,3.7168
1192,3.7168
1193,3.717
1194,3.717
1195,3.7171
1196,3.7173
1197,3.7173
1198,3.7174
1199,3.7174
1200,3.7176
1201,3.7176
1202,3.7178
1203,3.7178
1204,3.7179
1205,3.7179
1206,3.7181
1207,3.7181
1208,3.7182
1209,3.7182
1210,3.7184
1211,3.7184
1212,3.7186
1213,3.7186
1214,3.7187
1215,3.7187
1216,3.7189
1217,3.7189
1218,3.719
1219,3.719
1220,3.7192
1221,3.7192
1222,3.7194
1223,3.7195
1224,3.7195
1225,3.7197
1226,3.7197
1227,3.7198
1228,3.7198
1229,3.72
1230,3.72
1231,3.7201
1232,3.7201
1233,3.7203
1234,3.7203
1235,3.7205
1236,3.7205
1237,3.7206
1238,3.7208
1239,3.7208
1240,3.7208
1241,3.7209
1242,3.7211
1243,3.7211
1244,3.7213
1245,3.7213
1246,3.7214
1247,3.7214
1248,3.7216
1249,3.7216
1250,3.7217
1251,3.7217
1252,3.7219
1253,3.7219
1254,3.7221
1255,3.7221
1256,3.7222
1257,3.7222
1258,3.7224
1259,3.7225
1260,3.7225
1261,3.7227
1262,3.7227
1263,3.7228
1264,3.7228
1265,3.723
1266,3.723
1267,3.7232
1268,3.7233
1269,3.7233
1270,3.7233
1271,3.7235
1272,3.7235
1273,3.7236
1274,3.7238
1275,3.7238
1276,3.724
1277,3.724
1278,3.7241
1279,3.7241
1280,3.7243
1281,3.7243
1282,3.7244
1283,3.7244
1284,3.7246
1285,3.7248
1286,3.7248
1287,3.7249
1288,3.7249
1289,3.7251
1290,3.7251
1291,3.7252
1292,3.7254
1293,3.7254
1294,3.7255
1295,3.7255
1296,3.7257
1297,3.7257
1298,3.7259
1299,3.7259
1300,3.726
1301,3.726
1302,3.7262
1303,3.7263
1304,3.7263
1305,3.7265
1306,3.7265
1307,3.7267
1308,3.7267
1309,3.7268
1310,3.7268
1311,3.727
1312,3.727
1313,3.7271
1314,3.7273
1315,3.7273
1316,3.7275
1317,3.7275
1318,3.7276
1319,3.7276
1320,3.7278
1321,3.7279
1322,3.7279
1323,3.7281
1324,3.7281
1325,3.7282
1326,3.7282
1327,3.7284
1328,3.7284
1329,3.7286
1330,3.7286
1331,3.7287
1332,3.7289
1333,3.7289
1334,3.729
1335,3.729
1336,3.7292
1337,3.7292
1338,3.7294
1339,3.7295
1340,3.7295
1341,3.7297
1342,3.7297
1343,3.7298
1344,3.73
1345,3.73
1346,3.7302
1347,3.7302
1348,3.7303
1349,3.7303
1350,3.7305
1351,3.7305
1352,3.7306
1353,3.7308
1354,3.7308
1355,3.7309
1356,3.7309
1357,3.7311
1358,3.7313
1359,3.7313
1360,3.7314
1361,3.7314
1362,3.7316
1363,3.7316
1364,3.7317
1365,3.7319
1366,3.7319
1367,3.7321
1368,3.7321
1369,3.7322
1370,3.7324
1371,3.7324
1372,3.7325
1373,3.7325
1374,3.7327
1375,3.7329
1376,3.7329
1377,3.733
1378,3.733
1379,3.7332
1380,3.7332
1381,3.7333
1382,3.7335
1383,3.7335
1384,3.7336
1385,3.7336
1386,3.7338
1387,3.734
1388,3.734
1389,3.7341
1390,3.7341
1391,3.7343
1392,3.7344
1393,3.7344
1394,3.7346
1395,3.7346
1396,3.7348
1397,3.7349
1398,3.7349
1399,3.7351
1400,3.7351
1401,3.7352
1402,3.7354
1403,3.7354
1404,3.7356
1405,3.7356
1406,3.7357
1407,3.7359
1408,3.7359
1409,3.736
1410,3.7362
1411,3.7362
1412,3.7363
1413,3.7363
1414,3.7365
1415,3.7367
1416,3.7367
1417,3.7368
1418,3.7368
1419,3.737
1420,3.7371
1421,3.7371
1422,3.7373
1423,3.7375
1424,3.7375
1425,3.7376
1426,3.7376
1427,3.7378
1428,3.7379
1429,3.7379
1430,3.7381
1431,3.7383
1432,3.7383
1433,3.7384
1434,3.7386
1435,3.7386
1436,3.7387
1437,3.7387
1438,3.7389
1439,3.739
1440,3.739
1441,3.7392
1442,3.7392
1443,3.7394
1444,3.7395
1445,3.7395
1446,3.7397
1447,3.7398
1448,3.7398
1449,3.74
1450,3.7402
1451,3.7402
1452,3.7403
1453,3.7405
1454,3.7405
1455,3.7406
1456,3.7406
1457,3.7408
1458,3.741
1459,3.741
1460,3.7411
1461,3.7413
1462,3.7413
1463,3.7414
1464,3.7416
1465,3.7416
1466,3.7417
1467,3.7419
1468,3.7419
1469,3.7421
1470,3.7422
1471,3.7422
1472,3.7424
1473,3.7425
1474,3.7425
1475,3.7427
1476,3.7429
1477,3.7429
1478,3.743
1479,3.7432
1480,3.7432
1481,3.7433
1482,3.7435
1483,3.7435
1484,3.7437
1485,3.7438
1486,3.7438
1487,3.744
1488,3.7441
1489,3.7441
1490,3.7443
1491,3.7444
1492,3.7444
1493,3.7446
1494,3.7448
1495,3.7448
1496,3.7449
1497,3.7451
1498,3.7452
1499,3.7452
1500,3.7454
1501,3.7456
1502,3.7456
1503,3.7457
1504,3.7459
1505,3.7459
1506,3.746
1507,3.7462
1508,3.7462
1509,3.7464
1510,3.7465
1511,3.7465
1512,3.7467
1513,3.7468
1514,3.7468
1515,3.747
1516,3.7471
1517,3.7473
1518,3.7473
1519,3.7475
1520,3.7476
1521,3.7476
1522,3.7478
1523,3.7479
1524,3.7481
1525,3.7481
1526,3.7483
1527,3.7484
1528,3.7484
1529,3.7486
1530,3.7487
1531,3.7487
1532,3.7489
1533,3.7491
1534,3.7492
1535,3.7492
1536,3.7494
1537,3.7495
1538,3.7497
1539,3.7497
1540,3.7498
1541,3.75
1542,3.75
1543,3.7502
1544,3.7503
1545,3.7505
1546,3.7505
1547,3.7506
1548,3.7508
1549,3.751
1550,3.751
1551,3.7511
1552,3.7513
1553,3.7513
1554,3.7514
1555,3.7516
1556,3.7518
1557,3.7518
1558,3.7519
1559,3.7521
1560,3.7522
1561,3.7522
1562,3.7524
1563,3.7525
1564,3.7527
1565,3.7527
1566,3.7529
1567,3.753
1568,3.7532
1569,3.7532
1570,3.7533
1571,3.7535
1572,3.7537
1573,3.7537
1574,3.7538
1575,3.754
1576,3.7541
1577,3.7541
1578,3.7543
1579,3.7545
1580,3.7546
1581,3.7546
1582,3.7548
1583,3.7549
1584,3.7551
1585,3.7552
1586,3.7552
1587,3.7554
1588,3.7556
1589,3.7557
1590,3.7557
1591,3.7559
1592,3.756
1593,3.7562
1594,3.7564
1595,3.7564
1596,3.7565
1597,3.7567
1598,3.7568
1599,3.7568
1600,3.757
1601,3.7572
1602,3.7573
1603,3.7573
1604,3.7575
1605,3.7576
1606,3.7578
1607,3.7579
1608,3.7579
1609,3.7581
1610,3.7583
1611,3.7584
1612,3.7586
1613,3.7586
1614,3.7587
1615,3.7589
1616,3.7591
1617,3.7592
1618,3.7592
1619,3.7594
1620,3.7595
1621,3.7597
1622,3.7599
1623,3.7599
1624,3.76
1625,3.7602
1626,3.7603
1627,3.7605
1628,3.7605
1629,3.7606
1630,3.7608
1631,3.761
1632,3.7611
1633,3.7611
1634,3.7613
1635,3.7614
1636,3.7616
1637,3.7618
1638,3.7618
1639,3.7619
1640,3.7621
1641,3.7622
1642,3.7624
1643,3.7626
1644,3.7626
1645,3.7627
1646,3.7629
1647,3.763
1648,3.7632
1649,3.7633
1650,3.7633
1651,3.7635
1652,3.7637
1653,3.7638
1654,3.764
1655,3.764
1656,3.7641
1657,3.7643
1658,3.7645
1659,3.7646
1660,3.7648
1661,3.7649
1662,3.7649
1663,3.7651
1664,3.7653
1665,3.7654
1666,3.7656
1667,3.7657
1668,3.7657
1669,3.7659
1670,3.766
1671,3.7662
1672,3.7664
1673,3.7665
1674,3.7665
1675,3.7667
1676,3.7668
1677,3.767
1678,3.7672
1679,3.7673
1680,3.7675
1681,3.7676
1682,3.7676
1683,3.7678
1684,3.768
1685,3.7681
1686,3.7683
1687,3.7684
1688,3.7684
1689,3.7686
1690,3.7687
1691,3.7689
1692,3.7691
1693,3.7692
1694,3.7694
1695,3.7695
1696,3.7695
1697,3.7697
1698,3.7699
1699,3.77
1700,3.7702
1701,3.7703
1702,3.7705
1703,3.7707
1704,3.7707
1705,3.7708
1706,3.771
1707,3.7711
1708,3.7713
1709,3.7714
1710,3.7716
1711,3.7718
1712,3.7718
1713,3.7719
1714,3.7721
1715,3.7722
1716,3.7724
1717,3.7726
1718,3.7727
1719,3.7729
1720,3.773
1721,3.773
1722,3.7732
1723,3.7734
1724,3.7735
1725,3.7737
1726,3.7738
1727,3.774
1728,3.7741
1729,3.7743
1730,3.7745
1731,3.7745
1732,3.7746
1733,3.7748
1734,3.7749
1735,3.7751
1736,3.7753
1737,3.7754
1738,3.7756
1739,3.7757
1740,3.7759
1741,3.7759
1742,3.7761
1743,3.7762
1744,3.7764
1745,3.7765
1746,3.7767
1747,3.7768
1748,3.777
1749,3.7772
1750,3.7773
1751,3.7775
1752,3.7775
1753,3.7776
1754,3.7778
1755,3.778
1756,3.7781
1757,3.7783
1758,3.7784
1759,3.7786
1760,3.7788
1761,3.7789
1762,3.7791
1763,3.7792
1764,3.7794
1765,3.7794
1766,3.7795
1767,3.7797
1768,3.7799
1769,3.78
1770,3.7802
1771,3.7803
1772,3.7805
1773,3.7807
1774,3.7808
1775,3.781
1776,3.7811
1777,3.7813
1778,3.7815
1779,3.7816
1780,3.7818
1781,3.7818
1782,3.7819
1783,3.7821
1784,3.7823
1785,3.7824
1786,3.7826
1787,3.7827
1788,3.7829
1789,3.783
1790,3.7832
1791,3.7834
1792,3.7835
1793,3.7837
1794,3.7838
1795,3.784
1796,3.7842
1797,3.7842
1798,3.7845
1799,3.7846
1800,3.7846
1801,3.785
1802,3.785
1803,3.7851
1804,3.7853
1805,3.7854
1806,3.7856
1807,3.7857
1808,3.7859
1809,3.7861
1810,3.7862
1811,3.7864
1812,3.7865
1813,3.7867
1814,3.7869
1815,3.787
1816,3.7872
1817,3.7873
1818,3.7875
1819,3.7877
1820,3.7878
1821,3.788
1822,3.7881
1823,3.7883
1824,3.7884
1825,3.7886
1826,3.7888
1827,3.7889
1828,3.7891
1829,3.7892
1830,3.7894
1831,3.7896
1832,3.7897
1833,3.7899
1834,3.79
1835,3.7902
1836,3.7904
1837,3.7905
1838,3.7907
1839,3.7908
1840,3.7908
1841,3.7911
1842,3.7911
1843,3.7915
1844,3.7915
1845,3.7916
1846,3.7918
1847,3.7921
1848,3.7923
1849,3.7924
1850,3.7926
1851,3.7927
1852,3.7929
1853,3.7929
1854,3.7932
1855,3.7934
1856,3.7935
1857,3.7937
1858,3.7938
1859,3.794
1860,3.7942
1861,3.7943
1862,3.7945
1863,3.7946
1864,3.7948
1865,3.795
1866,3.7951
1867,3.7953
1868,3.7954
1869,3.7956
1870,3.7958
1871,3.7959
1872,3.7961
1873,3.7962
1874,3.7964
1875,3.7965
1876,3.7967
1877,3.7969
1878,3.797
1879,3.7972
1880,3.7973
1881,3.7975
1882,3.7977
1883,3.7978
1884,3.798
1885,3.7981
1886,3.7983
1887,3.7985
1888,3.7986
1889,3.7988
1890,3.7989
1891,3.7991
1892,3.7992
1893,3.7996
1894,3.7997
1895,3.7999
1896,3.8
1897,3.8002
1898,3.8004
1899,3.8005
1900,3.8007
1901,3.8008
1902,3.801
1903,3.8012
1904,3.8013
1905,3.8015
1906,3.8016
1907,3.8018
1908,3.8019
1909,3.8021
1910,3.8023
1911,3.8024
1912,3.8027
1913,3.8029
1914,3.8031
1915,3.8032
1916,3.8034
1917,3.8035
1918,3.8037
1919,3.8039
1920,3.804
1921,3.8042
1922,3.8043
1923,3.8045
1924,3.8046
1925,3.805
1926,3.8051
1927,3.8053
1928,3.8054
1929,3.8056
1930,3.8058
1931,3.8059
1932,3.8061
1933,3.8062
1934,3.8064
1935,3.8066
1936,3.8069
1937,3.8069
1938,3.8072
1939,3.8073
1940,3.8075
1941,3.8077
1942,3.8078
1943,3.808
1944,3.8081
1945,3.8083
1946,3.8085
1947,3.8088
1948,3.8089
1949,3.8091
1950,3.8093
1951,3.8094
1952,3.8096
1953,3.8097
1954,3.8099
1955,3.8102
1956,3.8104
1957,3.8105
1958,3.8107
1959,3.8108
1960,3.811
1961,3.8112
1962,3.8115
1963,3.8116
1964,3.8118
1965,3.812
1966,3.8121
1967,3.8123
1968,3.8124
1969,3.8126
1970,3.8129
1971,3.8131
1972,3.8132
1973,3.8134
1974,3.8135
1975,3.8137
1976,3.8139
1977,3.8142
1978,3.8143
1979,3.8145
1980,3.8147
1981,3.8148
1982,3.815
1983,3.8153
1984,3.8154
1985,3.8156
1986,3.8158
1987,3.8159
1988,3.8161
1989,3.8164
1990,3.8166
1991,3.8167
1992,3.8169
1993,3.817
1994,3.8172
1995,3.8175
1996,3.8177
1997,3.8178
1998,3.818
1999,3.8181
2000,3.8185
2001,3.8186
2002,3.8188
2003,3.8189
2004,3.8191
2005,3.8194
2006,3.8196
2007,3.8197
2008,3.8199
2009,3.8201
2010,3.8202
2011,3.8205
2012,3.8207
2013,3.8208
2014,3.821
2015,3.8213
2016,3.8215
2017,3.8216
2018,3.8218
2019,3.822
2020,3.8221
2021,3.8224
2022,3.8226
2023,3.8228
2024,3.8229
2025,3.8232
2026,3.8234
2027,3.8235
2028,3.8237
2029,3.824
2030,3.8242
2031,3.8243
2032,3.8245
2033,3.8248
2034,3.825
2035,3.8251
2036,3.8253
2037,3.8256
2038,3.8258
2039,3.8259
2040,3.8261
2041,3.8264
2042,3.8266
2043,3.8267
2044,3.8269
2045,3.8272
2046,3.8274
2047,3.8275
2048,3.8277
2049,3.828
2050,3.8282
2051,3.8283
2052,3.8286
2053,3.8288
2054,3.8289
2055,3.8291
2056,3.8294
2057,3.8296
2058,3.8297
2059,3.8301
2060,3.8302
2061,3.8304
2062,3.8305
2063,3.8309
2064,3.831
2065,3.8312
2066,3.8315
2067,3.8316
2068,3.8318
2069,3.8321
2070,3.8323
2071,3.8324
2072,3.8326
2073,3.8329
2074,3.8331
2075,3.8332
2076,3.8336
2077,3.8337
2078,3.8339
2079,3.8342
2080,3.8343
2081,3.8345
2082,3.8348
2083,3.835
2084,3.8351
2085,3.8355
2086,3.8356
2087,3.8358
2088,3.8361
2089,3.8363
2090,3.8364
2091,3.8367
2092,3.8369
2093,3.837
2094,3.8374
2095,3.8375
2096,3.8377
2097,3.838
2098,3.8382
2099,3.8383
2100,3.8386
2101,3.8388
2102,3.8391
2103,3.8393
2104,3.8394
2105,3.8397
2106,3.8399
2107,3.8401
2108,3.8404
2109,3.8405
2110,3.8407
2111,3.841
2112,3.8412
2113,3.8415
2114,3.8417
2115,3.8418
2116,3.8421
2117,3.8423
2118,3.8426
2119,3.8428
2120,3.8429
2121,3.8432
2122,3.8434
2123,3.8437
2124,3.8439
2125,3.8442
2126,3.8444
2127,3.8445
2128,3.8448
2129,3.845
2130,3.8453
2131,3.8455
2132,3.8456
2133,3.8459
2134,3.8461
2135,3.8464
2136,3.8466
2137,3.8469
2138,3.8471
2139,3.8472
2140,3.8475
2141,3.8477
2142,3.848
2143,3.8482
2144,3.8483
2145,3.8486
2146,3.8488
2147,3.8491
2148,3.8493
2149,3.8496
2150,3.8498
2151,3.8501
2152,3.8502
2153,3.8504
2154,3.8507
2155,3.8509
2156,3.8512
2157,3.8513
2158,3.8517
2159,3.8518
2160,3.8521
2161,3.8523
2162,3.8525
2163,3.8528
2164,3.8529
2165,3.8532
2166,3.8534
2167,3.8537
2168,3.8539
2169,3.8542
2170,3.8544
2171,3.8547
2172,3.8548
2173,3.8552
2174,3.8553
2175,3.8555
2176,3.8558
2177,3.8559
2178,3.8563
2179,3.8564
2180,3.8567
2181,3.8569
2182,3.8572
2183,3.8574
2184,3.8577
2185,3.8579
2186,3.8582
2187,3.8583
2188,3.8586
2189,3.8588
2190,3.8591
2191,3.8593
2192,3.8596
2193,3.8598
2194,3.8601
2195,3.8602
2196,3.8606
2197,3.8607
2198,3.861
2199,3.8612
2200,3.8615
2201,3.8617
2202,3.862
2203,3.8621
2204,3.8625
2205,3.8626
2206,3.8629
2207,3.8631
2208,3.8634
2209,3.8636
2210,3.8639
2211,3.864
2212,3.8644
2213,3.8645
2214,3.8648
2215,3.865
2216,3.8653
2217,3.8655
2218,3.8658
2219,3.866
2220,3.8661
2221,3.8664
2222,3.8667
2223,3.8669
2224,3.8672
2225,3.8674
2226,3.8677
2227,3.8679
2228,3.8682
2229,3.8683
2230,3.8687
2231,3.8688
2232,3.8691
2233,3.8693
2234,3.8696
2235,3.8698
2236,3.8701
2237,3.8702
2238,3.8706
2239,3.8707
2240,3.871
2241,3.8712
2242,3.8715
2243,3.8717
2244,3.872
2245,3.8722
2246,3.8725
2247,3.8726
2248,3.8729
2249,3.8731
2250,3.8734
2251,3.8736
2252,3.8739
2253,3.8741
2254,3.8744
2255,3.8745
2256,3.8749
2257,3.875
2258,3.8753
2259,3.8755
2260,3.8758
2261,3.876
2262,3.8763
2263,3.8764
2264,3.8768
2265,3.8769
2266,3.8772
2267,3.8774
2268,3.8777
2269,3.8779
2270,3.8782
2271,3.8783
2272,3.8787
2273,3.8788
2274,3.8791
2275,3.8793
2276,3.8796
2277,3.8798
2278,3.8801
2279,3.8803
2280,3.8806
2281,3.8807
2282,3.881
2283,3.8812
2284,3.8815
2285,3.8817
2286,3.882
2287,3.8822
2288,3.8825
2289,3.8826
2290,3.883
2291,3.8831
2292,3.8834
2293,3.8836
2294,3.8839
2295,3.8841
2296,3.8844
2297,3.8845
2298,3.8849
2299,3.885
2300,3.8853
2301,3.8855
2302,3.8858
2303,3.886
2304,3.8863
2305,3.8864
2306,3.8866
2307,3.8869
2308,3.8872
2309,3.8874
2310,3.8876
2311,3.8879
2312,3.888
2313,3.8884
2314,3.8885
2315,3.8888
2316,3.889
2317,3.8893
2318,3.8895
2319,3.8898
2320,3.8899
2321,3.8903
2322,3.8904
2323,3.8907
2324,3.8909
2325,3.8912
2326,3.8914
2327,3.8915
2328,3.8918
2329,3.892
2330,3.8923
2331,3.8925
2332,3.8928
2333,3.893
2334,3.8933
2335,3.8934
2336,3.8938
2337,3.8939
2338,3.8942
2339,3.8944
2340,3.8945
2341,3.8949
2342,3.895
2343,3.8953
2344,3.8955
2345,3.8958
2346,3.896
2347,3.8963
2348,3.8965
2349,3.8968
2350,3.8969
2351,3.8971
2352,3.8974
2353,3.8976
2354,3.8979
2355,3.898
2356,3.8984
2357,3.8985
2358,3.8988
2359,3.899
2360,3.8993
2361,3.8995
2362,3.8996
2363,3.8999
2364,3.9001
2365,3.9004
2366,3.9006
2367,3.9009
2368,3.9011
2369,3.9014
2370,3.9015
2371,3.9017
2372,3.902
2373,3.9022
2374,3.9025
2375,3.9026
2376,3.903
2377,3.9031
2378,3.9034
2379,3.9036
2380,3.9039
2381,3.9041
2382,3.9042
2383,3.9046
2384,3.9047
2385,3.905
2386,3.9052
2387,3.9055
2388,3.9057
2389,3.906
2390,3.9061
2391,3.9063
2392,3.9066
2393,3.9068
2394,3.9071
2395,3.9073
2396,3.9076
2397,3.9077
2398,3.9079
2399,3.9082
2400,3.9084
2401,3.9087
2402,3.9088
2403,3.9092
2404,3.9093
2405,3.9096
2406,3.9098
2407,3.91
2408,3.9103
2409,3.9104
2410,3.9107
2411,3.9109
2412,3.9112
2413,3.9114
2414,3.9117
2415,3.9119
2416,3.912
2417,3.9123
2418,3.9125
2419,3.9128
2420,3.913
2421,3.9133
2422,3.9134
2423,3.9138
2424,3.9139
2425,3.9142
2426,3.9144
2427,3.9147
2428,3.9149
2429,3.9152
2430,3.9154
2431,3.9155
2432,3.9158
2433,3.916
2434,3.9163
2435,3.9165
2436,3.9168
2437,3.9169
2438,3.9173
2439,3.9174
2440,3.9177
2441,3.9179
2442,3.9182
2443,3.9184
2444,3.9185
2445,3.9188
2446,3.919
2447,3.9193
2448,3.9195
2449,3.9198
2450,3.92
2451,3.9203
2452,3.9204
2453,3.9208
2454,3.9209
2455,3.9212
2456,3.9214
2457,3.9217
2458,3.9219
2459,3.9222
2460,3.9223
2461,3.9227
2462,3.9228
2463,3.9231
2464,3.9233
2465,3.9236
2466,3.9238
2467,3.9241
2468,3.9242
2469,3.9246
2470,3.9247
2471,3.9249
2472,3.9252
2473,3.9255
2474,3.9257
2475,3.926
2476,3.9262
2477,3.9265
2478,3.9266
2479,3.9269
2480,3.9271
2481,3.9274
2482,3.9276
2483,3.9279
2484,3.9281
2485,3.9284
2486,3.9285
2487,3.9289
2488,3.929
2489,3.9293
2490,3.9295
2491,3.9298
2492,3.93
2493,3.9303
2494,3.9304
2495,3.9308
2496,3.9311
2497,3.9312
2498,3.9316
2499,3.9317
2500,3.932
2501,3.9322
2502,3.9325
2503,3.9328
2504,3.933
2505,3.9333
2506,3.9335
2507,3.9338
2508,3.9339
2509,3.9343
2510,3.9344
2511,3.9347
2512,3.9349
2513,3.9352
2514,3.9355
2515,3.9357
2516,3.936
2517,3.9362
2518,3.9365
2519,3.9366
2520,3.937
2521,3.9373
2522,3.9374
2523,3.9377
2524,3.9379
2525,3.9382
2526,3.9385
2527,3.9387
2528,3.939
2529,3.9392
2530,3.9395
2531,3.9398
2532,3.94
2533,3.9403
2534,3.9404
2535,3.9408
2536,3.9411
2537,3.9412
2538,3.9416
2539,3.9417
2540,3.942
2541,3.9424
2542,3.9425
2543,3.9428
2544,3.943
2545,3.9433
2546,3.9436
2547,3.9438
2548,3.9441
2549,3.9444
2550,3.9446
2551,3.9449
2552,3.9452
2553,3.9454
2554,3.9457
2555,3.9458
2556,3.9462
2557,3.9465
2558,3.9466
2559,3.947
2560,3.9473
2561,3.9474
2562,3.9478
2563,3.9481
2564,3.9482
2565,3.9485
2566,3.9487
2567,3.949
2568,3.9493
2569,3.9495
2570,3.9498
2571,3.9501
2572,3.9503
2573,3.9506
2574,3.9509
2575,3.9511
2576,3.9514
2577,3.9517
2578,3.952
2579,3.9522
2580,3.9525
2581,3.9527
2582,3.953
2583,3.9533
2584,3.9535
2585,3.9538
2586,3.9541
2587,3.9543
2588,3.9546
2589,3.9549
2590,3.9552
2591,3.9554
2592,3.9557
2593,3.956
2594,3.9562
2595,3.9565
2596,3.9568
2597,3.957
2598,3.9573
2599,3.9576
2600,3.9578
2601,3.9581
2602,3.9584
2603,3.9587
2604,3.9589
2605,3.9592
2606,3.9595
2607,3.9597
2608,3.96
2609,3.9603
2610,3.9605
2611,3.9608
2612,3.9611
2613,3.9614
2614,3.9616
2615,3.9619
2616,3.9622
2617,3.9624
2618,3.9627
2619,3.963
2620,3.9632
2621,3.9635
2622,3.9638
2623,3.9641
2624,3.9643
2625,3.9646
2626,3.9649
2627,3.9651
2628,3.9654
2629,3.9657
2630,3.9659
2631,3.9662
2632,3.9665
2633,3.9667
2634,3.967
2635,3.9673
2636,3.9676
2637,3.9678
2638,3.9681
2639,3.9684
2640,3.9687
2641,3.9689
2642,3.9692
2643,3.9695
2644,3.9697
2645,3.97
2646,3.9703
2647,3.9705
2648,3.9708
2649,3.9711
2650,3.9714
2651,3.9716
2652,3.9719
2653,3.9722
2654,3.9724
2655,3.9727
2656,3.973
2657,3.9732
2658,3.9735
2659,3.9738
2660,3.974
2661,3.9743
2662,3.9746
2663,3.9748
2664,3.9751
2665,3.9754
2666,3.9757
2667,3.9759
2668,3.9762
2669,3.9765
2670,3.9767
2671,3.977
2672,3.9773
2673,3.9775
2674,3.9778
2675,3.9779
2676,3.9783
2677,3.9786
2678,3.9789
2679,3.979
2680,3.9794
2681,3.9795
2682,3.9798
2683,3.9802
2684,3.9803
2685,3.9806
2686,3.981
2687,3.9811
2688,3.9814
2689,3.9817
2690,3.9819
2691,3.9822
2692,3.9824
2693,3.9827
2694,3.983
2695,3.9832
2696,3.9835
2697,3.9838
2698,3.984
2699,3.9843
2700,3.9844
2701,3.9848
2702,3.9851
2703,3.9852
2704,3.9856
2705,3.9857
2706,3.986
2707,3.9864
2708,3.9865
2709,3.9868
2710,3.987
2711,3.9873
2712,3.9875
2713,3.9878
2714,3.9881
2715,3.9883
2716,3.9886
2717,3.9887
2718,3.9891
2719,3.9892
2720,3.9895
2721,3.9897
2722,3.99
2723,3.9903
2724,3.9905
2725,3.9908
2726,3.991
2727,3.9913
2728,3.9914
2729,3.9918
2730,3.9919
2731,3.9922
2732,3.9924
2733,3.9927
2734,3.9929
2735,3.9932
2736,3.9933
2737,3.9937
2738,3.9938
2739,3.9941
2740,3.9943
2741,3.9946
2742,3.9948
2743,3.9951
2744,3.9952
2745,3.9956
2746,3.9957
2747,3.9959
2748,3.9962
2749,3.9964
2750,3.9967
2751,3.9968
2752,3.9972
2753,3.9973
2754,3.9976
2755,3.9978
2756,3.9979
2757,3.9983
2758,3.9984
2759,3.9986
2760,3.9989
2761,3.9991
2762,3.9994
2763,3.9995
2764,3.9997
2765,4.0
2766,4.0002
2767,4.0005
2768,4.0006
2769,4.0008
2770,4.0011
2771,4.0013
2772,4.0014
2773,4.0018
2774,4.0019
2775,4.0021
2776,4.0024
2777,4.0026
2778,4.0027
2779,4.003
2780,4.0032
2781,4.0033
2782,4.0037
2783,4.0038
2784,4.004
2785,4.0043
2786,4.0045
2787,4.0046
2788,4.0048
2789,4.0051
2790,4.0053
2791,4.0054
2792,4.0057
2793,4.0059
2794,4.006
2795,4.0062
2796,4.0065
2797,4.0067
2798,4.0068
2799,4.007
2800,4.0073
2801,4.0075
2802,4.0076
2803,4.0078
2804,4.0081
2805,4.0083
2806,4.0084
2807,4.0086
2808,4.0087
2809,4.0091
2810,4.0092
2811,4.0094
2812,4.0095
2813,4.0097
2814,4.01
2815,4.0102
2816,4.0103
2817,4.0105
2818,4.0107
2819,4.011
2820,4.0111
2821,4.0113
2822,4.0114
2823,4.0116
2824,4.0118
2825,4.0121
2826,4.0122
2827,4.0124
2828,4.0126
2829,4.0127
2830,4.0129
2831,4.013
2832,4.0134
2833,4.0135
2834,4.0137
2835,4.0138
2836,4.014
2837,4.0141
2838,4.0143
2839,4.0145
2840,4.0146
2841,4.0148
2842,4.0151
2843,4.0153
2844,4.0154
2845,4.0156
2846,4.0157
2847,4.0159
2848,4.0161
2849,4.0162
2850,4.0164
2851,4.0165
2852,4.0167
2853,4.017
2854,4.0172
2855,4.0173
2856,4.0175
2857,4.0176
2858,4.0178
2859,4.018
2860,4.0181
2861,4.0183
2862,4.0184
2863,4.0186
2864,4.0188
2865,4.0189
2866,4.0191
2867,4.0192
2868,4.0194
2869,4.0195
2870,4.0197
2871,4.0199
2872,4.02
2873,4.0203
2874,4.0205
2875,4.0205
2876,4.0208
2877,4.021
2878,4.0211
2879,4.0213
2880,4.0215
2881,4.0216
2882,4.0218
2883,4.0219
2884,4.0221
2885,4.0222
2886,4.0224
2887,4.0226
2888,4.0227
2889,4.0229
2890,4.023
2891,4.0232
2892,4.0234
2893,4.0235
2894,4.0237
2895,4.0238
2896,4.024
2897,4.0242
2898,4.0243
2899,4.0245
2900,4.0246
2901,4.0248
2902,4.0249
2903,4.0251
2904,4.0253
2905,4.0254
2906,4.0256
2907,4.0257
2908,4.0259
2909,4.0261
2910,4.0262
2911,4.0264
2912,4.0265
2913,4.0267
2914,4.0269
2915,4.027
2916,4.0272
2917,4.0273
2918,4.0275
2919,4.0276
2920,4.0278
2921,4.028
2922,4.0281
2923,4.0283
2924,4.0284
2925,4.0286
2926,4.0288
2927,4.0289
2928,4.0291
2929,4.0292
2930,4.0294
2931,4.0296
2932,4.0297
2933,4.0299
2934,4.03
2935,4.0302
2936,4.0303
2937,4.0305
2938,4.0307
2939,4.0308
2940,4.031
2941,4.0311
2942,4.0313
2943,4.0315
2944,4.0316
2945,4.0318
2946,4.0319
2947,4.0321
2948,4.0323
2949,4.0324
2950,4.0326
2951,4.0327
2952,4.0329
2953,4.033
2954,4.0332
2955,4.0334
2956,4.0335
2957,4.0337
2958,4.0338
2959,4.034
2960,4.0342
2961,4.0343
2962,4.0345
2963,4.0346
2964,4.0348
2965,4.035
2966,4.0351
2967,4.0353
2968,4.0354
2969,4.0356
2970,4.0359
2971,4.0361
2972,4.0362
2973,4.0364
2974,4.0365
2975,4.0367
2976,4.0369
2977,4.037
2978,4.0372
2979,4.0373
2980,4.0375
2981,4.0377
2982,4.038
2983,4.0381
2984,4.0383
2985,4.0384
2986,4.0386
2987,4.0388
2988,4.0389
2989,4.0391
2990,4.0392
2991,4.0396
2992,4.0397
2993,4.0399
2994,4.04
2995,4.0402
2996,4.0404
2997,4.0405
2998,4.0407
2999,4.041
3000,4.0412
3001,4.0413
3002,4.0415
3003,4.0416
3004,4.0418
3005,4.0421
3006,4.0423
3007,4.0424
3008,4.0426
3009,4.0427
3010,4.0431
3011,4.0432
3012,4.0434
3013,4.0435
3014,4.0439
3015,4.044
3016,4.0442
3017,4.0443
3018,4.0445
3019,4.0448
3020,4.045
3021,4.0451
3022,4.0454
3023,4.0456
3024,4.0458
3025,4.0459
3026,4.0462
3027,4.0464
3028,4.0466
3029,4.0469
3030,4.047
3031,4.0472
3032,4.0473
3033,4.0477
3034,4.0478
3035,4.048
3036,4.0483
3037,4.0485
3038,4.0486
3039,4.0489
3040,4.0491
3041,4.0494
3042,4.0496
3043,4.0497
3044,4.05
3045,4.0502
3046,4.0505
3047,4.0507
3048,4.0508
3049,4.0512
3050,4.0513
3051,4.0516
3052,4.0518
3053,4.0521
3054,4.0523
3055,4.0524
3056,4.0527
3057,4.0529
3058,4.0532
3059,4.0534
3060,4.0537
3061,4.0539
3062,4.0542
3063,4.0543
3064,4.0547
3065,4.0548
3066,4.0551
3067,4.0553
3068,4.0556
3069,4.0558
3070,4.0561
3071,4.0562
3072,4.0566
3073,4.0569
3074,4.057
3075,4.0574
3076,4.0575
3077,4.0578
3078,4.058
3079,4.0583
3080,4.0586
3081,4.0588
3082,4.0591
3083,4.0593
3084,4.0596
3085,4.0599
3086,4.0601
3087,4.0604
3088,4.0607
3089,4.0608
3090,4.0612
3091,4.0613
3092,4.0616
3093,4.062
3094,4.0623
3095,4.0624
3096,4.0628
3097,4.0631
3098,4.0632
3099,4.0635
3100,4.0639
3101,4.064
3102,4.0643
3103,4.0647
3104,4.065
3105,4.0651
3106,4.0655
3107,4.0658
3108,4.0661
3109,4.0662
3110,4.0666
3111,4.0669
3112,4.0672
3113,4.0674
3114,4.0677
3115,4.068
3116,4.0683
3117,4.0686
3118,4.0688
3119,4.0691
3120,4.0694
3121,4.0697
3122,4.0701
3123,4.0702
3124,4.0705
3125,4.0709
3126,4.0712
3127,4.0715
3128,4.0718
3129,4.072
3130,4.0723
3131,4.0726
3132,4.0729
3133,4.0732
3134,4.0736
3135,4.0739
3136,4.074
3137,4.0743
3138,4.0747
3139,4.075
3140,4.0753
3141,4.0756
3142,4.0759
3143,4.0763
3144,4.0764
3145,4.0767
3146,4.077
3147,4.0774
3148,4.0777
3149,4.078
3150,4.0783
3151,4.0786
3152,4.079
3153,4.0793
3154,4.0794
3155,4.0797
3156,4.0801
3157,4.0804
3158,4.0807
3159,4.081
3160,4.0813
3161,4.0817
3162,4.082
3163,4.0823
3164,4.0826
3165,4.0829
3166,4.0832
3167,4.0834
3168,4.0837
3169,4.084
3170,4.0844
3171,4.0847
3172,4.085
3173,4.0853
3174,4.0856
3175,4.0859
3176,4.0863
3177,4.0866
3178,4.0869
3179,4.0872
3180,4.0875
3181,4.0878
3182,4.0882
3183,4.0883
3184,4.0886
3185,4.089
3186,4.0893
3187,4.0896
3188,4.0899
3189,4.0902
3190,4.0905
3191,4.0909
3192,4.0912
3193,4.0915
3194,4.0918
3195,4.0921
3196,4.0925
3197,4.0928
3198,4.0929
3199,4.0932
3200,4.0936
3201,4.0939
3202,4.0942
3203,4.0945
3204,4.0948
3205,4.0952
3206,4.0955
3207,4.0958
3208,4.0961
3209,4.0964
3210,4.0967
3211,4.0971
3212,4.0972
3213,4.0975
3214,4.0979
3215,4.0982
3216,4.0985
3217,4.0988
3218,4.0991
3219,4.0994
3220,4.0998
3221,4.1001
3222,4.1004
3223,4.1007
3224,4.1009
3225,4.1012
3226,4.1015
3227,4.1018
3228,4.1021
3229,4.1025
3230,4.1028
3231,4.1029
3232,4.1033
3233,4.1036
3234,4.1039
3235,4.1042
3236,4.1045
3237,4.1048
3238,4.105
3239,4.1053
3240,4.1056
3241,4.106
3242,4.1063
3243,4.1066
3244,4.1069
3245,4.1072
3246,4.1074
3247,4.1077
3248,4.108
3249,4.1083
3250,4.1085
3251,4.1088
3252,4.1091
3253,4.1094
3254,4.1098
3255,4.1101
3256,4.1102
3257,4.1106
3258,4.1109
3259,4.1112
3260,4.1115
3261,4.1117
3262,4.112
3263,4.1123
3264,4.1126
3265,4.1128
3266,4.1131
3267,4.1134
3268,4.1137
3269,4.1141
3270,4.1142
3271,4.1145
3272,4.1148
3273,4.115
3274,4.1153
3275,4.1156
3276,4.116
3277,4.1161
3278,4.1164
3279,4.1168
3280,4.1169
3281,4.1172
3282,4.1175
3283,4.1179
3284,4.118
3285,4.1183
3286,4.1187
3287,4.1188
3288,4.1191
3289,4.1195
3290,4.1196
3291,4.1199
3292,4.1202
3293,4.1204
3294,4.1207
3295,4.121
3296,4.1212
3297,4.1215
3298,4.1217
3299,4.122
3300,4.1223
3301,4.1225
3302,4.1228
3303,4.1229
3304,4.1233
3305,4.1236
3306,4.1237
3307,4.1241
3308,4.1242
3309,4.1245
3310,4.1249
3311,4.125
3312,4.1253
3313,4.1255
3314,4.1258
3315,4.126
3316,4.1263
3317,4.1264
3318,4.1268
3319,4.1269
3320,4.1272
3321,4.1274
3322,4.1277
3323,4.1279
3324,4.1282
3325,4.1284
3326,4.1287
3327,4.1288
3328,4.1291
3329,4.1293
3330,4.1296
3331,4.1298
3332,4.1301
3333,4.1303
3334,4.1306
3335,4.1307
3336,4.1311
3337,4.1312
3338,4.1315
3339,4.1317
3340,4.1318
3341,4.1322
3342,4.1323
3343,4.1326
3344,4.1328
3345,4.133
3346,4.1333
3347,4.1334
3348,4.1336
3349,4.1339
3350,4.1341
3351,4.1342
3352,4.1345
3353,4.1347
3354,4.1349
3355,4.1352
3356,4.1353
3357,4.1357
3358,4.1358
3359,4.136
3360,4.1361
3361,4.1365
3362,4.1366
3363,4.1368
3364,4.1371
3365,4.1372
3366,4.1374
3367,4.1377
3368,4.1379
3369,4.138
3370,4.1382
3371,4.1385
3372,4.1387
3373,4.1388
3374,4.139
3375,4.1393
3376,4.1395
3377,4.1396
3378,4.1398
3379,4.1399
3380,4.1403
3381,4.1404
3382,4.1406
3383,4.1407
3384,4.1409
3385,4.1412
3386,4.1414
3387,4.1415
3388,4.1417
3389,4.1419
3390,4.142
3391,4.1423
3392,4.1425
3393,4.1426
3394,4.1428
3395,4.143
3396,4.1431
3397,4.1433
3398,4.1434
3399,4.1436
3400,4.1439
3401,4.1441
3402,4.1442
3403,4.1444
3404,4.1446
3405,4.1447
3406,4.1449
3407,4.145
3408,4.1452
3409,4.1453
3410,4.1455
3411,4.1457
3412,4.1458
3413,4.146
3414,4.1463
3415,4.1465
3416,4.1466
3417,4.1468
3418,4.1469
3419,4.1471
3420,4.1473
3421,4.1474
3422,4.1476
3423,4.1477
3424,4.1479
3425,4.148
3426,4.1482
3427,4.1484
3428,4.1485
3429,4.1485
3430,4.1487
3431,4.1488
3432,4.149
3433,4.1492
3434,4.1493
3435,4.1495
3436,4.1496
3437,4.1498
3438,4.15
3439,4.1501
3440,4.1503
3441,4.1504
3442,4.1504
3443,4.1506
3444,4.1507
3445,4.1509
3446,4.1511
3447,4.1512
3448,4.1514
3449,4.1515
3450,4.1515
3451,4.1517
3452,4.1519
3453,4.152
3454,4.1522
3455,4.1523
3456,4.1525
3457,4.1525
3458,4.1527
3459,4.1527
3460,4.1528
3461,4.1528
3462,4.153
3463,4.153
3464,4.1531
3465,4.1531
3466,4.1531
3467,4.1531
3468,4.1533
3469,4.1533
3470,4.1534
3471,4.1534
3472,4.1536
3473,4.1536
3474,4.1538
3475,4.1538
3476,4.1538
3477,4.1538
3478,4.1539
3479,4.1539
3480,4.1541
3481,4.1541
3482,4.1542
3483,4.1542
3484,4.1542
3485,4.1542
3486,4.1544
3487,4.1544
3488,4.1546
3489,4.1546
3490,4.1547
3491,4.1547
3492,4.1549
3493,4.1549
3494,4.1549
3495,4.1549
3496,4.155
3497,4.155
3498,4.1552
3499,4.1552
3500,4.1552
3501,4.1554
3502,4.1555
3503,4.1557
3504,4.1557
3505,4.1558
3506,4.156
3507,4.156
3508,4.1561
3509,4.1563
3510,4.1563
3511,4.1565
3512,4.1566
3513,4.1568
3514,4.1568
3515,4.1569
3516,4.1571
3517,4.1571
3518,4.1573
3519,4.1574
3520,4.1574
3521,4.1576
3522,4.1577
3523,4.1577
3524,4.1579
3525,4.1581
3526,4.1581
3527,4.1582
3528,4.1584
3529,4.1584
3530,4.1585
3531,4.1585
3532,4.1587
3533,4.1588
3534,4.1588
3535,4.159
3536,4.159
3537,4.1592
3538,4.1593
3539,4.1593
3540,4.1595
3541,4.1595
3542,4.1596
3543,4.1596
3544,4.1598
3545,4.1598
3546,4.16
3547,4.1601
3548,4.1601
3549,4.1603
3550,4.1603
3551,4.1604
3552,4.1604
3553,4.1606
3554,4.1608
3555,4.1608
3556,4.1609
3557,4.1609
3558,4.1611
3559,4.1611
3560,4.1612
3561,4.1612
3562,4.1614
3563,4.1615
3564,4.1615
3565,4.1617
3566,4.1617
3567,4.1619
3568,4.1619
3569,4.162
3570,4.162
3571,4.1622
3572,4.1622
3573,4.1623
3574,4.1623
3575,4.1625
3576,4.1625
3577,4.1627
3578,4.1627
3579,4.1628
3580,4.1628
3581,4.163
3582,4.163
3583,4.1631
3584,4.1631
3585,4.1633
3586,4.1633
3587,4.1635
3588,4.1635
3589,4.1636
3590,4.1636
3591,4.1638
3592,4.1638
3593,4.1639
3594,4.1639
3595,4.1641
3596,4.1641
3597,4.1642
3598,4.1642
3599,4.1644
3600,4.1644
3601,4.1646
3602,4.1646
3603,4.1647
3604,4.1647
3605,4.1649
3606,4.1649
3607,4.165
3608,4.165
3609,4.1652
3610,4.1652
3611,4.1654
3612,4.1654
3613,4.1655
3614,4.1655
3615,4.1657
3616,4.1657
3617,4.1658
3618,4.1658
3619,4.166
3620,4.166
3621,4.1662
3622,4.1662
3623,4.1663
3624,4.1663
3625,4.1665
3626,4.1665
3627,4.1666
3628,4.1666
3629,4.1668
3630,4.1668
3631,4.1669
3632,4.1669
3633,4.1671
3634,4.1671
3635,4.1673
3636,4.1673
3637,4.1674
3638,4.1674
3639,4.1676
3640,4.1676
3641,4.1677
3642,4.1679
3643,4.1679
3644,4.1681
3645,4.1681
3646,4.1682
3647,4.1682
3648,4.1684
3649,4.1684
3650,4.1685
3651,4.1685
3652,4.1687
3653,4.1687
3654,4.1689
3655,4.169
3656,4.169
3657,4.1692
3658,4.1692
3659,4.1693
3660,4.1693
3661,4.1695
3662,4.1695
3663,4.1696
3664,4.1696
3665,4.1698
3666,4.17
3667,4.17
3668,4.1701
3669,4.1701
3670,4.1703
3671,4.1703
3672,4.1704
3673,4.1706
3674,4.1706
3675,4.1708
3676,4.1708
3677,4.1709
3678,4.1711
3679,4.1711
3680,4.1712
3681,4.1712
3682,4.1714
3683,4.1716
3684,4.1716
3685,4.1717
3686,4.1719
3687,4.1719
3688,4.172
3689,4.172
3690,4.1722
3691,4.1723
3692,4.1723
3693,4.1725
3694,4.1727
3695,4.1727
3696,4.1728
3697,4.173
3698,4.173
3699,4.1731
3700,4.1733
3701,4.1733
3702,4.1735
3703,4.1736
3704,4.1736
3705,4.1738
3706,4.1739
3707,4.1739
3708,4.1741
3709,4.1743
3710,4.1743
3711,4.1744
3712,4.1746
3713,4.1747
3714,4.1747
3715,4.1749
3716,4.175
3717,4.1752
3718,4.1752
3719,4.1754
3720,4.1755
3721,4.1755
3722,4.1757
3723,4.1758
3724,4.176
3725,4.176
3726,4.1762
3727,4.1763
3728,4.1765
3729,4.1766
3730,4.1766
3731,4.1768
3732,4.177
3733,4.1771
3734,4.1773
3735,4.1773
3736,4.1774
3737,4.1776
3738,4.1777
3739,4.1779
3740,4.1781
3741,4.1781
3742,4.1782
3743,4.1784
3744,4.1785
3745,4.1787
3746,4.1789
3747,4.179
3748,4.1792
3749,4.1792
3750,4.1793
3751,4.1795
3752,4.1797
3753,4.1798
3754,4.18
3755,4.1801
3756,4.1803
3757,4.1804
3758,4.1806
3759,4.1808
3760,4.1809
3761,4.1811
3762,4.1812
3763,4.1814
3764,4.1814
3765,4.1817
3766,4.1819
3767,4.1819
3768,4.1822
3769,4.1824
3770,4.1825
3771,4.1827
3772,4.1828
3773,4.183
3774,4.1831
3775,4.1833
3776,4.1835
3777,4.1836
3778,4.1838
3779,4.1839
3780,4.1843
3781,4.1844
3782,4.1846
3783,4.1847
3784,4.1849
3785,4.1851
3786,4.1852
3787,4.1855
3788,4.1857
3789,4.1858
3790,4.186
3791,4.1862
3792,4.1865
3793,4.1866
3794,4.1868
3795,4.187
3796,4.1873
3797,4.1874
3798,4.1876
3799,4.1879
3800,4.1881
3801,4.1882
3802,4.1884
3803,4.1887
3804,4.1889
3805,4.1892
3806,4.1893
3807,4.1895
3808,4.1898
3809,4.19
3810,4.1903
3811,4.1905
3812,4.1906
3813,4.1909
3814,4.1911
3815,4.1914
3816,4.1916
3817,4.1919
3818,4.192
3819,4.1924
3820,4.1927
3821,4.1928
3822,4.1932
3823,4.1933
3824,4.1936
3825,4.1939
3826,4.1941
3827,4.1944
3828,4.1947
3829,4.1949
3830,4.1952
3831,4.1955
3832,4.1957
3833,4.196
3834,4.1963
3835,4.1966
3836,4.197
3837,4.1971
3838,4.1974
3839,4.1978
3840,4.1981
3841,4.1984
3842,4.1987
3843,4.199
3844,4.1992
3845,4.1995
3846,4.1998
3847,4.2001
3848,4.2005
3849,4.2008
3850,4.2011
3851,4.2016
3852,4.2019
3853,4.2022
3854,4.2025
3855,4.2028
3856,4.2032
3857,4.2035
3858,4.204
3859,4.2043
3860,4.2046
3861,4.2049
3862,4.2054
3863,4.2057
3864,4.206
3865,4.2065
3866,4.2068
3867,4.2071
3868,4.2076
3869,4.2079
3870,4.2084
3871,4.2087
3872,4.2092
3873,4.2095
3874,4.21
3875,4.2103
3876,4.2108
3877,4.2113
3878,4.2116
3879,4.2121
3880,4.2125
3881,4.2129
3882,4.2133
3883,4.2138
3884,4.2143
3885,4.2148
3886,4.2151
3887,4.2156
3888,4.216
3889,4.2165
3890,4.217
3891,4.2175
3892,4.2179
3893,4.2184
3894,4.219
3895,4.2194
3896,4.22
3897,4.2205
3898,4.221
3899,4.2214
3900,4.2221
3901,4.2225
3902,4.223
3903,4.2237
3904,4.2241
3905,4.2248
3906,4.2252
3907,4.2259
3908,4.2264
3909,4.227
3910,4.2275
3911,4.2281
3912,4.2286
3913,4.2292
3914,4.2298
3915,4.2305
3916,4.231
3917,4.2316
3918,4.2322
3919,4.2329
3920,4.2335
3921,4.2341
3922,4.2348
3923,4.2354
3924,4.236
3925,4.2367
3926,4.2373
3927,4.2379
3928,4.2386
3929,4.2394
3930,4.24
3931,4.2406
3932,4.2414
3933,4.2421
3934,4.2427
3935,4.2435
3936,4.2441
3937,4.2449
3938,4.2456
3939,4.2464
3940,4.247
3941,4.2478
3942,4.2486
3943,4.2494
3944,4.25
3945,4.2508
3946,4.2516
3947,4.2524
3948,4.2532
3949,4.254
3950,4.2548
3951,4.2556
3952,4.2564
3953,4.2572
3954,4.258
3955,4.2588
3956,4.2597
3957,4.2605
3958,4.2613
3959,4.2621
3960,4.263
3961,4.2638
3962,4.2648
3963,4.2656
3964,4.2665
3965,4.2673
3966,4.2683
3967,4.2692
3968,4.27
3969,4.271
3970,4.2719
3971,4.2727
3972,4.2737
3973,4.2746
3974,4.2756
3975,4.2765
3976,4.2775
3977,4.2784
3978,4.2794
3979,4.2804
3980,4.2813
3981,4.2823
3982,4.2832
3983,4.2843
3984,4.2853
3985,4.2862
3986,4.2872
3987,4.2883
3988,4.2892
3989,4.2904
3990,4.2913
3991,4.2924
3992,4.2934
3993,4.2945
3994,4.2954
3995,4.2966
3996,4.2977
3997,4.2986
3998,4.2997
3999,4.3007
4000,4.3007
4001,4.3007
4002,4.3007
4003,4.3007
4004,4.3007
4005,4.3007
4006,4.3007
4007,4.2981
4008,4.2963
4009,4.2954
4010,4.2949
4011,4.2944
4012,4.2939
4013,4.2936
4014,4.2933
4015,4.293
4016,4.2928
4017,4.2927
4018,4.2924
4019,4.2922
4020,4.292
4021,4.2919
4022,4.2917
4023,4.2916
4024,4.2914
4025,4.2912
4026,4.2912
4027,4.2911
4028,4.2909
4029,4.2908
4030,4.2908
4031,4.2906
4032,4.2904
4033,4.2904
4034,4.2903
4035,4.2903
4036,4.2901
4037,4.29
4038,4.29
4039,4.29
4040,4.2898
4041,4.2897
4042,4.2897
4043,4.2895
4044,4.2895
4045,4.2895
4046,4.2893
4047,4.2893
4048,4.2892
4049,4.2892
4050,4.289
4051,4.289
4052,4.289
4053,4.2889
4054,4.2889
4055,4.2889
4056,4.2887
4057,4.2887
4058,4.2885
4059,4.2885
4060,4.2885
4061,4.2884
4062,4.2884
4063,4.2884
4064,4.2882
4065,4.2882
4066,4.2882
4067,4.2881
4068,4.2881
4069,4.2881
4070,4.2879
4071,4.2879
4072,4.2879
4073,4.2877
4074,4.2877
4075,4.2877
4076,4.2877
4077,4.2876
4078,4.2876
4079,4.2876
4080,4.2874
4081,4.2874
4082,4.2874
4083,4.2874
4084,4.2873
4085,4.2873
4086,4.2873
4087,4.2871
4088,4.2871
4089,4.2871
4090,4.2871
4091,4.287
4092,4.287
4093,4.287
4094,4.287
4095,4.2868
4096,4.2868
4097,4.2868
4098,4.2868
4099,4.2868
4100,4.2866
4101,4.2866
4102,4.2866
4103,4.2865
4104,4.2865
4105,4.2865
4106,4.2865
4107,4.2865
4108,4.2863
4109,4.2863
4110,4.2863
4111,4.2863
4112,4.2862
4113,4.2862
4114,4.2862
4115,4.2862
4116,4.2862
4117,4.286
4118,4.286
4119,4.286
4120,4.286
4121,4.286
4122,4.2858
4123,4.2858
4124,4.2858
4125,4.2858
4126,4.2857
4127,4.2857
4128,4.2857
4129,4.2857
4130,4.2857
4131,4.2855
4132,4.2855
4133,4.2855
4134,4.2855
4135,4.2855
4136,4.2855
4137,4.2854
4138,4.2854
4139,4.2854
4140,4.2854
4141,4.2852
4142,4.2852
4143,4.2852
4144,4.2852
4145,4.2852
4146,4.2852
4147,4.2851
4148,4.2851
4149,4.2851
4150,4.2851
4151,4.2851
4152,4.2849
4153,4.2849
4154,4.2849
4155,4.2849
4156,4.2849
4157,4.2849
4158,4.2847
4159,4.2847
4160,4.2847
4161,4.2847
4162,4.2847
4163,4.2847
4164,4.2847
4165,4.2846
4166,4.2846
4167,4.2846
4168,4.2846
4169,4.2846
4170,4.2844
4171,4.2844
4172,4.2844
4173,4.2844
4174,4.2844
4175,4.2844
4176,4.2844
4177,4.2844
4178,4.2843
4179,4.2843
4180,4.2843
4181,4.2843
4182,4.2843
4183,4.2841
4184,4.2841
4185,4.2841
4186,4.2841
4187,4.2841
4188,4.279
4189,4.2747
4190,4.2725
4191,4.2706
4192,4.2689
4193,4.2673
4194,4.2659
4195,4.2644
4196,4.263
4197,4.2617
4198,4.2605
4199,4.2592
4200,4.2581
4201,4.2568
4202,4.2557
4203,4.2544
4204,4.2533
4205,4.2522
4206,4.2511
4207,4.25
4208,4.2489
4209,4.2479
4210,4.2468
4211,4.2459
4212,4.2447
4213,4.2438
4214,4.2428
4215,4.2417
4216,4.2408
4217,4.2398
4218,4.2389
4219,4.2379
4220,4.237
4221,4.236
4222,4.2351
4223,4.2343
4224,4.2333
4225,4.2324
4226,4.2316
4227,4.2306
4228,4.2298
4229,4.2289
4230,4.2281
4231,4.2273
4232,4.2263
4233,4.2255
4234,4.2248
4235,4.224
4236,4.2232
4237,4.2224
4238,4.2216
4239,4.2208
4240,4.22
4241,4.2192
4242,4.2184
4243,4.2178
4244,4.217
4245,4.2162
4246,4.2155
4247,4.2148
4248,4.2141
4249,4.2133
4250,4.2127
4251,4.2119
4252,4.2113
4253,4.2106
4254,4.21
4255,4.2092
4256,4.2086
4257,4.2079
4258,4.2073
4259,4.2067
4260,4.206
4261,4.2054
4262,4.2048
4263,4.2041
4264,4.2035
4265,4.203
4266,4.2024
4267,4.2017
4268,4.2013
4269,4.2006
4270,4.2
4271,4.1995
4272,4.1989
4273,4.1984
4274,4.1978
4275,4.1973
4276,4.1967
4277,4.1962
4278,4.1957
4279,4.1951
4280,4.1946
4281,4.1941
4282,4.1937
4283,4.1932
4284,4.1927
4285,4.1922
4286,4.1916
4287,4.1911
4288,4.1908
4289,4.1903
4290,4.1898
4291,4.1894
4292,4.1889
4293,4.1884
4294,4.1879
4295,4.1876
4296,4.1871
4297,4.1867
4298,4.1862
4299,4.1859
4300,4.1854
4301,4.1849
4302,4.1846
4303,4.1841
4304,4.1838
4305,4.1835
4306,4.183
4307,4.1827
4308,4.1822
4309,4.1819
4310,4.1814
4311,4.1811
4312,4.1808
4313,4.1805
4314,4.18
4315,4.1797
4316,4.1794
4317,4.1791
4318,4.1786
4319,4.1783
4320,4.1779
4321,4.1776
4322,4.1773
4323,4.177
4324,4.1767
4325,4.1764
4326,4.176
4327,4.1757
4328,4.1754
4329,4.1751
4330,4.1748
4331,4.1744
4332,4.1743
4333,4.174
4334,4.1737
4335,4.1733
4336,4.173
4337,4.1727
4338,4.1725
4339,4.1722
4340,4.1719
4341,4.1718
4342,4.1714
4343,4.1711
4344,4.171
4345,4.1706
4346,4.1703
4347,4.1702
4348,4.1698
4349,4.1697
4350,4.1694
4351,4.1692
4352,4.1689
4353,4.1687
4354,4.1684
4355,4.1683
4356,4.1679
4357,4.1678
4358,4.1675
4359,4.1673
4360,4.167
4361,4.1668
4362,4.1667
4363,4.1664
4364,4.1662
4365,4.1659
4366,4.1657
4367,4.1656
4368,4.1654
4369,4.1651
4370,4.1649
4371,4.1648
4372,4.1646
4373,4.1643
4374,4.1641
4375,4.164
4376,4.1638
4377,4.1637
4378,4.1633
4379,4.1632
4380,4.163
4381,4.1629
4382,4.1627
4383,4.1625
4384,4.1622
4385,4.1621
4386,4.1619
4387,4.1618
4388,4.1616
4389,4.1614
4390,4.1613
4391,4.1611
4392,4.161
4393,4.1608
4394,4.1606
4395,4.1605
4396,4.1603
4397,4.1602
4398,4.16
4399,4.1599
4400,4.1597
4401,4.1595
4402,4.1594
4403,4.1592
4404,4.1591
4405,4.1589
4406,4.1587
4407,4.1586
4408,4.1584
4409,4.1584
4410,4.1583
4411,4.1581
4412,4.1579
4413,4.1578
4414,4.1576
4415,4.1575
4416,4.1575
4417,4.1573
4418,4.1572
4419,4.157
4420,4.1568
4421,4.1567
4422,4.1567
4423,4.1565
4424,4.1564
4425,4.1562
4426,4.156
4427,4.156
4428,4.1559
4429,4.1557
4430,4.1556
4431,4.1554
4432,4.1554
4433,4.1552
4434,4.1551
4435,4.1551
4436,4.1549
4437,4.1548
4438,4.1546
4439,4.1546
4440,4.1545
4441,4.1543
4442,4.1543
4443,4.1541
4444,4.154
4445,4.1538
4446,4.1538
4447,4.1537
4448,4.1535
4449,4.1535
4450,4.1533
4451,4.1532
4452,4.1532
4453,4.153
4454,4.153
4455,4.1529
4456,4.1527
4457,4.1527
4458,4.1526
4459,4.1524
4460,4.1524
4461,4.1522
4462,4.1522
4463,4.1521
4464,4.1519
4465,4.1519
4466,4.1518
4467,4.1516
4468,4.1516
4469,4.1514
4470,4.1514
4471,4.1513
4472,4.1513
4473,4.1511
4474,4.1511
4475,4.151
4476,4.1508
4477,4.1508
4478,4.1506
4479,4.1506
4480,4.1505
4481,4.1505
4482,4.1503
4483,4.1503
4484,4.1502
4485,4.1502
4486,4.15
4487,4.1499
4488,4.1499
4489,4.1497
4490,4.1497
4491,4.1495
4492,4.1495
4493,4.1494
4494,4.1494
4495,4.1492
4496,4.1492
4497,4.1491
4498,4.1491
4499,4.1489
4500,4.1489
4501,4.1487
4502,4.1487
4503,4.1486
4504,4.1486
4505,4.1484
4506,4.1484
4507,4.1483
4508,4.1483
4509,4.1481
4510,4.1481
4511,4.148
4512,4.148
4513,4.1478
4514,4.1478
4515,4.1478
4516,4.1476
4517,4.1476
4518,4.1475
4519,4.1475
4520,4.1473
4521,4.1472
4522,4.1472
4523,4.1472
4524,4.147
4525,4.147
4526,4.1468
4527,4.1468
4528,4.1467
4529,4.1467
4530,4.1465
4531,4.1465
4532,4.1464
4533,4.1464
4534,4.1462
4535,4.1462
4536,4.146
4537,4.146
4538,4.146
4539,4.1459
4540,4.1459
4541,4.1457
4542,4.1457
4543,4.1456
4544,4.1456
4545,4.1454
4546,4.1454
4547,4.1454
4548,4.1453
4549,4.1453
4550,4.1451
4551,4.1451
4552,4.1449
4553,4.1449
4554,4.1448
4555,4.1448
4556,4.1448
4557,4.1446
4558,4.1446
4559,4.1445
4560,4.1445
4561,4.1443
4562,4.1443
4563,4.1441
4564,4.1441
4565,4.1441
4566,4.144
4567,4.144
4568,4.1438
4569,4.1438
4570,4.1437
4571,4.1437
4572,4.1435
4573,4.1435
4574,4.1435
4575,4.1433
4576,4.1433
4577,4.1432
4578,4.1432
4579,4.143
4580,4.143
4581,4.1429
4582,4.1429
4583,4.1429
4584,4.1427
4585,4.1427
4586,4.1426
4587,4.1426
4588,4.1426
4589,4.1424
4590,4.1424
4591,4.1422
4592,4.1422
4593,4.1421
4594,4.1421
4595,4.1419
4596,4.1419
4597,4.1418
4598,4.1418
4599,4.1418
4600,4.1416
4601,4.1416
4602,4.1414
4603,4.1414
4604,4.1413
4605,4.1413
4606,4.1411
4607,4.1411
4608,4.141
4609,4.141
4610,4.141
4611,4.1408
4612,4.1408
4613,4.1407
4614,4.1407
4615,4.1405
4616,4.1405
4617,4.1403
4618,4.1403
4619,4.1402
4620,4.1402
4621,4.14
4622,4.14
4623,4.14
4624,4.1399
4625,4.1399
4626,4.1397
4627,4.1395
4628,4.1395
4629,4.1395
4630,4.1394
4631,4.1394
4632,4.1392
4633,4.1392
4634,4.1391
4635,4.1391
4636,4.1389
4637,4.1389
4638,4.1387
4639,4.1387
4640,4.1386
4641,4.1386
4642,4.1384
4643,4.1384
4644,4.1383
4645,4.1383
4646,4.1381
4647,4.1381
4648,4.138
4649,4.138
4650,4.1378
4651,4.1378
4652,4.1376
4653,4.1376
4654,4.1375
4655,4.1373
4656,4.1373
4657,4.1372
4658,4.1372
4659,4.137
4660,4.137
4661,4.1368
4662,4.1368
4663,4.1367
4664,4.1367
4665,4.1365
4666,4.1365
4667,4.1364
4668,4.1362
4669,4.1362
4670,4.136
4671,4.136
4672,4.1359
4673,4.1357
4674,4.1357
4675,4.1356
4676,4.1356
4677,4.1354
4678,4.1353
4679,4.1353
4680,4.1351
4681,4.1351
4682,4.1349
4683,4.1348
4684,4.1348
4685,4.1346
4686,4.1345
4687,4.1345
4688,4.1343
4689,4.1343
4690,4.1341
4691,4.134
4692,4.134
4693,4.1338
4694,4.1337
4695,4.1335
4696,4.1335
4697,4.1334
4698,4.1334
4699,4.1332
4700,4.133
4701,4.1329
4702,4.1329
4703,4.1327
4704,4.1326
4705,4.1326
4706,4.1324
4707,4.1322
4708,4.1321
4709,4.1321
4710,4.1319
4711,4.1318
4712,4.1316
4713,4.1316
4714,4.1314
4715,4.1313
4716,4.1313
4717,4.1311
4718,4.131
4719,4.1308
4720,4.1307
4721,4.1307
4722,4.1305
4723,4.1303
4724,4.1302
4725,4.13
4726,4.13
4727,4.1299
4728,4.1297
4729,4.1295
4730,4.1294
4731,4.1294
4732,4.1292
4733,4.1291
4734,4.1289
4735,4.1287
4736,4.1286
4737,4.1284
4738,4.1283
4739,4.1283
4740,4.1281
4741,4.128
4742,4.1278
4743,4.1276
4744,4.1275
4745,4.1273
4746,4.1272
4747,4.127
4748,4.1268
4749,4.1267
4750,4.1265
4751,4.1264
4752,4.1262
4753,4.1261
4754,4.1259
4755,4.1259
4756,4.1257
4757,4.1254
4758,4.1254
4759,4.1253
4760,4.1251
4761,4.1249
4762,4.1248
4763,4.1245
4764,4.1243
4765,4.1241
4766,4.124
4767,4.1238
4768,4.1237
4769,4.1235
4770,4.1234
4771,4.1232
4772,4.123
4773,4.1229
4774,4.1227
4775,4.1226
4776,4.1222
4777,4.1221
4778,4.1219
4779,4.1218
4780,4.1216
4781,4.1215
4782,4.1213
4783,4.121
4784,4.1208
4785,4.1207
4786,4.1205
4787,4.1203
4788,4.1202
4789,4.1199
4790,4.1197
4791,4.1195
4792,4.1194
4793,4.1192
4794,4.1189
4795,4.1188
4796,4.1186
4797,4.1184
4798,4.1181
4799,4.118
4800,4.1178
4801,4.1175
4802,4.1173
4803,4.1172
4804,4.117
4805,4.1167
4806,4.1165
4807,4.1164
4808,4.1161
4809,4.1159
4810,4.1157
4811,4.1154
4812,4.1153
4813,4.1151
4814,4.1148
4815,4.1146
4816,4.1145
4817,4.1142
4818,4.114
4819,4.1138
4820,4.1135
4821,4.1134
4822,4.113
4823,4.1129
4824,4.1127
4825,4.1124
4826,4.1122
4827,4.1119
4828,4.1118
4829,4.1115
4830,4.1113
4831,4.1111
4832,4.1108
4833,4.1107
4834,4.1103
4835,4.1102
4836,4.1099
4837,4.1097
4838,4.1094
4839,4.1092
4840,4.1089
4841,4.1088
4842,4.1084
4843,4.1081
4844,4.108
4845,4.1076
4846,4.1075
4847,4.1072
4848,4.107
4849,4.1067
4850,4.1065
4851,4.1062
4852,4.1061
4853,4.1057
4854,4.1054
4855,4.1053
4856,4.1049
4857,4.1048
4858,4.1045
4859,4.1042
4860,4.104
4861,4.1037
4862,4.1034
4863,4.1032
4864,4.1029
4865,4.1027
4866,4.1024
4867,4.1021
4868,4.1019
4869,4.1016
4870,4.1013
4871,4.1011
4872,4.1008
4873,4.1005
4874,4.1002
4875,4.1
4876,4.0997
4877,4.0994
4878,4.0992
4879,4.0989
4880,4.0986
4881,4.0983
4882,4.0981
4883,4.0978
4884,4.0975
4885,4.0972
4886,4.097
4887,4.0967
4888,4.0964
4889,4.0961
4890,4.0959
4891,4.0956
4892,4.0953
4893,4.095
4894,4.0946
4895,4.0945
4896,4.0942
4897,4.0938
4898,4.0935
4899,4.0932
4900,4.093
4901,4.0927
4902,4.0924
4903,4.0921
4904,4.0918
4905,4.0915
4906,4.0913
4907,4.091
4908,4.0907
4909,4.0903
4910,4.09
4911,4.0897
4912,4.0894
4913,4.0892
4914,4.0889
4915,4.0886
4916,4.0883
4917,4.088
4918,4.0877
4919,4.0873
4920,4.087
4921,4.0869
4922,4.0865
4923,4.0862
4924,4.0859
4925,4.0856
4926,4.0853
4927,4.085
4928,4.0846
4929,4.0843
4930,4.084
4931,4.0837
4932,4.0834
4933,4.0832
4934,4.0829
4935,4.0826
4936,4.0823
4937,4.0819
4938,4.0816
4939,4.0813
4940,4.081
4941,4.0807
4942,4.0804
4943,4.08
4944,4.0797
4945,4.0794
4946,4.0791
4947,4.0788
4948,4.0784
4949,4.0781
4950,4.0778
4951,4.0775
4952,4.0772
4953,4.0769
4954,4.0765
4955,4.0764
4956,4.0761
4957,4.0757
4958,4.0754
4959,4.0751
4960,4.0748
4961,4.0745
4962,4.0742
4963,4.0738
4964,4.0735
4965,4.0732
4966,4.0729
4967,4.0726
4968,4.0723
4969,4.0719
4970,4.0716
4971,4.0713
4972,4.071
4973,4.0707
4974,4.0704
4975,4.07
4976,4.0697
4977,4.0694
4978,4.0691
4979,4.0688
4980,4.0685
4981,4.0681
4982,4.0678
4983,4.0675
4984,4.0672
4985,4.0669
4986,4.0665
4987,4.0662
4988,4.0659
4989,4.0656
4990,4.0653
4991,4.065
4992,4.0646
4993,4.0643
4994,4.064
4995,4.0637
4996,4.0634
4997,4.0631
4998,4.0627
4999,4.0624
5000,4.0621
5001,4.0618
5002,4.0616
5003,4.0613
5004,4.061
5005,4.0607
5006,4.0604
5007,4.06
5008,4.0597
5009,4.0594
5010,4.0591
5011,4.0588
5012,4.0585
5013,4.0581
5014,4.0578
5015,4.0575
5016,4.0572
5017,4.0569
5018,4.0567
5019,4.0564
5020,4.0561
5021,4.0558
5022,4.0554
5023,4.0551
5024,4.0548
5025,4.0545
5026,4.0542
5027,4.0539
5028,4.0535
5029,4.0534
5030,4.0531
5031,4.0527
5032,4.0524
5033,4.0521
5034,4.0518
5035,4.0515
5036,4.0512
5037,4.051
5038,4.0507
5039,4.0504
5040,4.05
5041,4.0497
5042,4.0494
5043,4.0492
5044,4.0489
5045,4.0486
5046,4.0483
5047,4.048
5048,4.0477
5049,4.0475
5050,4.0472
5051,4.0469
5052,4.0466
5053,4.0464
5054,4.0461
5055,4.0458
5056,4.0454
5057,4.0451
5058,4.045
5059,4.0446
5060,4.0443
5061,4.044
5062,4.0439
5063,4.0435
5064,4.0432
5065,4.0431
5066,4.0427
5067,4.0424
5068,4.0421
5069,4.042
5070,4.0416
5071,4.0413
5072,4.0412
5073,4.0408
5074,4.0405
5075,4.0404
5076,4.04
5077,4.0397
5078,4.0394
5079,4.0393
5080,4.0389
5081,4.0388
5082,4.0385
5083,4.0381
5084,4.038
5085,4.0377
5086,4.0373
5087,4.0372
5088,4.0369
5089,4.0366
5090,4.0364
5091,4.0361
5092,4.0359
5093,4.0356
5094,4.0354
5095,4.0351
5096,4.035
5097,4.0347
5098,4.0343
5099,4.0342
5100,4.0339
5101,4.0337
5102,4.0334
5103,4.0332
5104,4.0329
5105,4.0327
5106,4.0324
5107,4.0323
5108,4.032
5109,4.0318
5110,4.0315
5111,4.0313
5112,4.031
5113,4.0308
5114,4.0307
5115,4.0304
5116,4.0302
5117,4.0299
5118,4.0297
5119,4.0294
5120,4.0293
5121,4.0289
5122,4.0288
5123,4.0286
5124,4.0283
5125,4.0281
5126,4.0278
5127,4.0277
5128,4.0275
5129,4.0272
5130,4.027
5131,4.0269
5132,4.0266
5133,4.0264
5134,4.0262
5135,4.0259
5136,4.0258
5137,4.0256
5138,4.0253
5139,4.0251
5140,4.025
5141,4.0247
5142,4.0245
5143,4.0243
5144,4.0242
5145,4.0239
5146,4.0237
5147,4.0235
5148,4.0232
5149,4.0231
5150,4.0229
5151,4.0228
5152,4.0224
5153,4.0223
5154,4.0221
5155,4.022
5156,4.0216
5157,4.0215
5158,4.0213
5159,4.0212
5160,4.021
5161,4.0207
5162,4.0205
5163,4.0204
5164,4.0202
5165,4.0201
5166,4.0197
5167,4.0196
5168,4.0194
5169,4.0193
5170,4.0191
5171,4.0188
5172,4.0186
5173,4.0185
5174,4.0183
5175,4.0181
5176,4.018
5177,4.0178
5178,4.0177
5179,4.0174
5180,4.0172
5181,4.017
5182,4.0169
5183,4.0167
5184,4.0166
5185,4.0164
5186,4.0162
5187,4.0161
5188,4.0158
5189,4.0156
5190,4.0155
5191,4.0153
5192,4.0151
5193,4.015
5194,4.0148
5195,4.0147
5196,4.0145
5197,4.0143
5198,4.0142
5199,4.014
5200,4.0137
5201,4.0135
5202,4.0134
5203,4.0132
5204,4.0131
5205,4.0129
5206,4.0128
5207,4.0126
5208,4.0124
5209,4.0123
5210,4.0121
5211,4.012
5212,4.0118
5213,4.0116
5214,4.0115
5215,4.0113
5216,4.0112
5217,4.011
5218,4.0108
5219,4.0107
5220,4.0105
5221,4.0104
5222,4.0102
5223,4.0101
5224,4.0099
5225,4.0097
5226,4.0096
5227,4.0093
5228,4.0091
5229,4.0089
5230,4.0088
5231,4.0086
5232,4.0086
5233,4.0083
5234,4.0082
5235,4.0082
5236,4.008
5237,4.0077
5238,4.0075
5239,4.0074
5240,4.0072
5241,4.007
5242,4.007
5243,4.0067
5244,4.0067
5245,4.0064
5246,4.0062
5247,4.0061
5248,4.0061
5249,4.0059
5250,4.0056
5251,4.0055
5252,4.0053
5253,4.0051
5254,4.0051
5255,4.005
5256,4.0048
5257,4.0045
5258,4.0045
5259,4.0043
5260,4.0042
5261,4.004
5262,4.0037
5263,4.0037
5264,4.0035
5265,4.0034
5266,4.0032
5267,4.0031
5268,4.0029
5269,4.0028
5270,4.0024
5271,4.0024
5272,4.0021
5273,4.0021
5274,4.002
5275,4.0016
5276,4.0015
5277,4.0015
5278,4.0012
5279,4.001
5280,4.0009
5281,4.0007
5282,4.0005
5283,4.0004
5284,4.0002
5285,4.0001
5286,3.9999
5287,3.9997
5288,3.9996
5289,3.9994
5290,3.9993
5291,3.9991
5292,3.9989
5293,3.9988
5294,3.9986
5295,3.9985
5296,3.9983
5297,3.9982
5298,3.998
5299,3.9978
5300,3.9977
5301,3.9975
5302,3.9974
5303,3.997
5304,3.9969
5305,3.9967
5306,3.9966
5307,3.9964
5308,3.9963
5309,3.9961
5310,3.9959
5311,3.9958
5312,3.9956
5313,3.9955
5314,3.9953
5315,3.9951
5316,3.9948
5317,3.9947
5318,3.9945
5319,3.9943
5320,3.9942
5321,3.994
5322,3.9939
5323,3.9937
5324,3.9936
5325,3.9932
5326,3.9931
5327,3.9929
5328,3.9928
5329,3.9926
5330,3.9924
5331,3.9923
5332,3.992
5333,3.9918
5334,3.9916
5335,3.9915
5336,3.9913
5337,3.9912
5338,3.9909
5339,3.9907
5340,3.9905
5341,3.9904
5342,3.9902
5343,3.9901
5344,3.9897
5345,3.9896
5346,3.9894
5347,3.9893
5348,3.9891
5349,3.9888
5350,3.9886
5351,3.9885
5352,3.9883
5353,3.9882
5354,3.9878
5355,3.9877
5356,3.9875
5357,3.9872
5358,3.987
5359,3.9869
5360,3.9867
5361,3.9864
5362,3.9863
5363,3.9861
5364,3.9859
5365,3.9856
5366,3.9855
5367,3.9853
5368,3.9851
5369,3.9848
5370,3.9847
5371,3.9845
5372,3.9842
5373,3.984
5374,3.9839
5375,3.9836
5376,3.9834
5377,3.9832
5378,3.9829
5379,3.9828
5380,3.9826
5381,3.9823
5382,3.9821
5383,3.982
5384,3.9817
5385,3.9815
5386,3.9813
5387,3.981
5388,3.9809
5389,3.9807
5390,3.9804
5391,3.9802
5392,3.9799
5393,3.9797
5394,3.9796
5395,3.9793
5396,3.9791
5397,3.9788
5398,3.9786
5399,3.9783
5400,3.9782
5401,3.978
5402,3.9777
5403,3.9775
5404,3.9772
5405,3.9771
5406,3.9767
5407,3.9766
5408,3.9763
5409,3.9761
5410,3.9759
5411,3.9756
5412,3.9753
5413,3.9751
5414,3.975
5415,3.9747
5416,3.9744
5417,3.9742
5418,3.974
5419,3.9737
5420,3.9734
5421,3.9732
5422,3.9729
5423,3.9728
5424,3.9724
5425,3.9723
5426,3.972
5427,3.9718
5428,3.9715
5429,3.9713
5430,3.971
5431,3.9707
5432,3.9705
5433,3.9702
5434,3.9701
5435,3.9698
5436,3.9696
5437,3.9693
5438,3.969
5439,3.9688
5440,3.9685
5441,3.9683
5442,3.968
5443,3.9677
5444,3.9675
5445,3.9672
5446,3.9671
5447,3.9667
5448,3.9664
5449,3.9663
5450,3.9659
5451,3.9656
5452,3.9655
5453,3.9651
5454,3.965
5455,3.9647
5456,3.9644
5457,3.964
5458,3.9639
5459,3.9636
5460,3.9634
5461,3.9631
5462,3.9628
5463,3.9625
5464,3.9623
5465,3.962
5466,3.9618
5467,3.9615
5468,3.9612
5469,3.9609
5470,3.9607
5471,3.9604
5472,3.9601
5473,3.9598
5474,3.9596
5475,3.9593
5476,3.959
5477,3.9588
5478,3.9585
5479,3.9582
5480,3.9578
5481,3.9577
5482,3.9574
5483,3.9571
5484,3.9569
5485,3.9566
5486,3.9563
5487,3.9559
5488,3.9558
5489,3.9555
5490,3.9552
5491,3.9548
5492,3.9547
5493,3.9544
5494,3.954
5495,3.9537
5496,3.9536
5497,3.9532
5498,3.9529
5499,3.9526
5500,3.9525
5501,3.9521
5502,3.9518
5503,3.9515
5504,3.9513
5505,3.951
5506,3.9507
5507,3.9504
5508,3.9501
5509,3.9499
5510,3.9496
5511,3.9493
5512,3.949
5513,3.9488
5514,3.9485
5515,3.9482
5516,3.9479
5517,3.9475
5518,3.9474
5519,3.9471
5520,3.9467
5521,3.9464
5522,3.9463
5523,3.9459
5524,3.9456
5525,3.9453
5526,3.9452
5527,3.9448
5528,3.9445
5529,3.9442
5530,3.9439
5531,3.9436
5532,3.9434
5533,3.9431
5534,3.9428
5535,3.9425
5536,3.9423
5537,3.942
5538,3.9417
5539,3.9413
5540,3.941
5541,3.9409
5542,3.9406
5543,3.9402
5544,3.9399
5545,3.9398
5546,3.9394
5547,3.9391
5548,3.9388
5549,3.9386
5550,3.9383
5551,3.938
5552,3.9377
5553,3.9375
5554,3.9372
5555,3.9369
5556,3.9366
5557,3.9364
5558,3.9361
5559,3.9358
5560,3.9355
5561,3.9353
5562,3.935
5563,3.9347
5564,3.9344
5565,3.9342
5566,3.9339
5567,3.9336
5568,3.9333
5569,3.9329
5570,3.9328
5571,3.9325
5572,3.9321
5573,3.932
5574,3.9317
5575,3.9313
5576,3.931
5577,3.9309
5578,3.9306
5579,3.9302
5580,3.9299
5581,3.9298
5582,3.9294
5583,3.9291
5584,3.929
5585,3.9287
5586,3.9283
5587,3.9282
5588,3.9279
5589,3.9275
5590,3.9272
5591,3.9271
5592,3.9267
5593,3.9264
5594,3.9263
5595,3.926
5596,3.9256
5597,3.9253
5598,3.9252
5599,3.9248
5600,3.9247
5601,3.9244
5602,3.9241
5603,3.9237
5604,3.9236
5605,3.9233
5606,3.9231
5607,3.9228
5608,3.9225
5609,3.9223
5610,3.922
5611,3.9217
5612,3.9215
5613,3.9212
5614,3.9209
5615,3.9207
5616,3.9204
5617,3.9201
5618,3.9199
5619,3.9196
5620,3.9193
5621,3.9191
5622,3.9188
5623,3.9187
5624,3.9183
5625,3.918
5626,3.9179
5627,3.9175
5628,3.9172
5629,3.9171
5630,3.9168
5631,3.9166
5632,3.9163
5633,3.9161
5634,3.9158
5635,3.9155
5636,3.9153
5637,3.915
5638,3.9148
5639,3.9145
5640,3.9142
5641,3.9141
5642,3.9137
5643,3.9136
5644,3.9133
5645,3.9131
5646,3.9128
5647,3.9125
5648,3.9123
5649,3.912
5650,3.9118
5651,3.9115
5652,3.9114
5653,3.911
5654,3.9107
5655,3.9106
5656,3.9102
5657,3.9101
5658,3.9098
5659,3.9096
5660,3.9093
5661,3.9091
5662,3.9088
5663,3.9087
5664,3.9083
5665,3.9082
5666,3.9079
5667,3.9077
5668,3.9074
5669,3.9071
5670,3.9069
5671,3.9066
5672,3.9064
5673,3.9061
5674,3.906
5675,3.9056
5676,3.9055
5677,3.9052
5678,3.905
5679,3.9047
5680,3.9045
5681,3.9042
5682,3.9041
5683,3.9037
5684,3.9036
5685,3.9033
5686,3.9031
5687,3.9029
5688,3.9026
5689,3.9025
5690,3.9022
5691,3.902
5692,3.9017
5693,3.9015
5694,3.9012
5695,3.901
5696,3.9007
5697,3.9006
5698,3.9002
5699,3.9001
5700,3.8998
5701,3.8996
5702,3.8993
5703,3.8991
5704,3.8988
5705,3.8987
5706,3.8983
5707,3.8982
5708,3.8979
5709,3.8977
5710,3.8976
5711,3.8972
5712,3.8971
5713,3.8968
5714,3.8966
5715,3.8963
5716,3.8961
5717,3.8958
5718,3.8956
5719,3.8955
5720,3.8952
5721,3.895
5722,3.8947
5723,3.8945
5724,3.8942
5725,3.8941
5726,3.8937
5727,3.8936
5728,3.8934
5729,3.8931
5730,3.8929
5731,3.8926
5732,3.8925
5733,3.8922
5734,3.892
5735,3.8917
5736,3.8915
5737,3.8914
5738,3.891
5739,3.8909
5740,3.8906
5741,3.8904
5742,3.8901
5743,3.8899
5744,3.8898
5745,3.8895
5746,3.8893
5747,3.889
5748,3.8888
5749,3.8885
5750,3.8883
5751,3.8882
5752,3.8879
5753,3.8877
5754,3.8874
5755,3.8872
5756,3.8869
5757,3.8868
5758,3.8864
5759,3.8863
5760,3.8861
5761,3.8858
5762,3.8856
5763,3.8853
5764,3.8852
5765,3.8849
5766,3.8847
5767,3.8844
5768,3.8842
5769,3.8841
5770,3.8837
5771,3.8836
5772,3.8833
5773,3.8831
5774,3.8828
5775,3.8826
5776,3.8823
5777,3.8822
5778,3.882
5779,3.8817
5780,3.8815
5781,3.8812
5782,3.881
5783,3.8807
5784,3.8806
5785,3.8803
5786,3.8801
5787,3.8799
5788,3.8796
5789,3.8795
5790,3.8791
5791,3.879
5792,3.8787
5793,3.8785
5794,3.8782
5795,3.878
5796,3.8779
5797,3.8776
5798,3.8774
5799,3.8771
5800,3.8769
5801,3.8766
5802,3.8764
5803,3.8761
5804,3.876
5805,3.8757
5806,3.8755
5807,3.8752
5808,3.875
5809,3.8749
5810,3.8745
5811,3.8744
5812,3.8741
5813,3.8739
5814,3.8736
5815,3.8734
5816,3.8731
5817,3.873
5818,3.8726
5819,3.8725
5820,3.8722
5821,3.872
5822,3.8717
5823,3.8715
5824,3.8712
5825,3.8711
5826,3.8707
5827,3.8706
5828,3.8703
5829,3.8701
5830,3.8698
5831,3.8696
5832,3.8693
5833,3.8691
5834,3.8688
5835,3.8687
5836,3.8684
5837,3.8682
5838,3.8679
5839,3.8677
5840,3.8674
5841,3.8672
5842,3.8669
5843,3.8668
5844,3.8664
5845,3.8663
5846,3.866
5847,3.8658
5848,3.8655
5849,3.8653
5850,3.865
5851,3.8649
5852,3.8645
5853,3.8642
5854,3.8641
5855,3.8639
5856,3.8636
5857,3.8634
5858,3.8631
5859,3.863
5860,3.8626
5861,3.8623
5862,3.8622
5863,3.8618
5864,3.8617
5865,3.8614
5866,3.8612
5867,3.8609
5868,3.8607
5869,3.8604
5870,3.8601
5871,3.8599
5872,3.8596
5873,3.8595
5874,3.8592
5875,3.859
5876,3.8587
5877,3.8585
5878,3.8582
5879,3.858
5880,3.8577
5881,3.8574
5882,3.8572
5883,3.8569
5884,3.8568
5885,3.8565
5886,3.8563
5887,3.856
5888,3.8558
5889,3.8555
5890,3.8553
5891,3.855
5892,3.8547
5893,3.8545
5894,3.8542
5895,3.8541
5896,3.8538
5897,3.8536
5898,3.8533
5899,3.853
5900,3.8528
5901,3.8525
5902,3.8523
5903,3.852
5904,3.8519
5905,3.8515
5906,3.8514
5907,3.8511
5908,3.8507
5909,3.8506
5910,3.8503
5911,3.8501
5912,3.8498
5913,3.8496
5914,3.8493
5915,3.849
5916,3.8488
5917,3.8485
5918,3.8484
5919,3.848
5920,3.8479
5921,3.8476
5922,3.8472
5923,3.8471
5924,3.8468
5925,3.8466
5926,3.8463
5927,3.8461
5928,3.8458
5929,3.8455
5930,3.8453
5931,3.845
5932,3.8449
5933,3.8446
5934,3.8444
5935,3.8441
5936,3.8438
5937,3.8436
5938,3.8433
5939,3.8431
5940,3.8428
5941,3.8426
5942,3.8423
5943,3.842
5944,3.8419
5945,3.8415
5946,3.8414
5947,3.8411
5948,3.8409
5949,3.8406
5950,3.8403
5951,3.8401
5952,3.8398
5953,3.8396
5954,3.8393
5955,3.8392
5956,3.8388
5957,3.8387
5958,3.8384
5959,3.838
5960,3.8379
5961,3.8376
5962,3.8374
5963,3.8371
5964,3.8369
5965,3.8366
5966,3.8365
5967,3.8361
5968,3.8358
5969,3.8357
5970,3.8353
5971,3.8352
5972,3.8349
5973,3.8347
5974,3.8344
5975,3.8342
5976,3.8339
5977,3.8338
5978,3.8334
5979,3.8333
5980,3.833
5981,3.8327
5982,3.8325
5983,3.8322
5984,3.832
5985,3.8317
5986,3.8315
5987,3.8312
5988,3.8311
5989,3.8307
5990,3.8306
5991,3.8303
5992,3.8301
5993,3.8298
5994,3.8296
5995,3.8293
5996,3.8292
5997,3.8288
5998,3.8287
5999,3.8284
6000,3.8282
6001,3.8279
6002,3.8277
6003,3.8274
6004,3.8273
6005,3.8269
6006,3.8268
6007,3.8265
6008,3.8263
6009,3.826
6010,3.8258
6011,3.8255
6012,3.8254
6013,3.825
6014,3.8249
6015,3.8246
6016,3.8244
6017,3.8241
6018,3.8239
6019,3.8236
6020,3.8234
6021,3.8231
6022,3.823
6023,3.8227
6024,3.8225
6025,3.8222
6026,3.822
6027,3.8217
6028,3.8215
6029,3.8212
6030,3.8211
6031,3.8209
6032,3.8206
6033,3.8204
6034,3.8201
6035,3.82
6036,3.8196
6037,3.8195
6038,3.8192
6039,3.819
6040,3.8187
6041,3.8185
6042,3.8184
6043,3.8181
6044,3.8179
6045,3.8176
6046,3.8174
6047,3.8171
6048,3.8169
6049,3.8168
6050,3.8165
6051,3.8163
6052,3.816
6053,3.8158
6054,3.8155
6055,3.8154
6056,3.8152
6057,3.8149
6058,3.8147
6059,3.8144
6060,3.8142
6061,3.8141
6062,3.8138
6063,3.8136
6064,3.8133
6065,3.8131
6066,3.813
6067,3.8127
6068,3.8125
6069,3.8122
6070,3.812
6071,3.8119
6072,3.8115
6073,3.8114
6074,3.8111
6075,3.8109
6076,3.8108
6077,3.8104
6078,3.8103
6079,3.81
6080,3.8098
6081,3.8096
6082,3.8093
6083,3.8092
6084,3.809
6085,3.8087
6086,3.8085
6087,3.8084
6088,3.8081
6089,3.8079
6090,3.8076
6091,3.8074
6092,3.8073
6093,3.8069
6094,3.8068
6095,3.8066
6096,3.8063
6097,3.8062
6098,3.806
6099,3.8057
6100,3.8055
6101,3.8054
6102,3.805
6103,3.8049
6104,3.8047
6105,3.8044
6106,3.8042
6107,3.8041
6108,3.8038
6109,3.8036
6110,3.8035
6111,3.8031
6112,3.803
6113,3.8028
6114,3.8025
6115,3.8023
6116,3.8022
6117,3.8019
6118,3.8017
6119,3.8015
6120,3.8014
6121,3.8011
6122,3.8009
6123,3.8008
6124,3.8004
6125,3.8003
6126,3.8001
6127,3.7998
6128,3.7996
6129,3.7995
6130,3.7993
6131,3.799
6132,3.7989
6133,3.7987
6134,3.7984
6135,3.7982
6136,3.7981
6137,3.7979
6138,3.7976
6139,3.7974
6140,3.7973
6141,3.7969
6142,3.7968
6143,3.7966
6144,3.7965
6145,3.7962
6146,3.796
6147,3.7958
6148,3.7957
6149,3.7954
6150,3.7952
6151,3.795
6152,3.7947
6153,3.7946
6154,3.7944
6155,3.7942
6156,3.7941
6157,3.7938
6158,3.7936
6159,3.7935
6160,3.7931
6161,3.793
6162,3.7928
6163,3.7927
6164,3.7923
6165,3.7922
6166,3.792
6167,3.7919
6168,3.7917
6169,3.7914
6170,3.7912
6171,3.7911
6172,3.7909
6173,3.7906
6174,3.7904
6175,3.7903
6176,3.7901
6177,3.7898
6178,3.7896
6179,3.7895
6180,3.7893
6181,3.7892
6182,3.7889
6183,3.7887
6184,3.7885
6185,3.7884
6186,3.7881
6187,3.7879
6188,3.7877
6189,3.7876
6190,3.7874
6191,3.7871
6192,3.7869
6193,3.7868
6194,3.7866
6195,3.7863
6196,3.7862
6197,3.786
6198,3.7858
6199,3.7857
6200,3.7854
6201,3.7852
6202,3.785
6203,3.7849
6204,3.7847
6205,3.7846
6206,3.7843
6207,3.7841
6208,3.7839
6209,3.7838
6210,3.7836
6211,3.7833
6212,3.7831
6213,3.783
6214,3.7828
6215,3.7827
6216,3.7823
6217,3.7822
6218,3.782
6219,3.7819
6220,3.7817
6221,3.7816
6222,3.7812
6223,3.7811
6224,3.7809
6225,3.7808
6226,3.7806
6227,3.7803
6228,3.7801
6229,3.78
6230,3.7798
6231,3.7797
6232,3.7795
6233,3.7792
6234,3.779
6235,3.7789
6236,3.7787
6237,3.7785
6238,3.7784
6239,3.7782
6240,3.7779
6241,3.7777
6242,3.7776
6243,3.7774
6244,3.7773
6245,3.7771
6246,3.7768
6247,3.7766
6248,3.7765
6249,3.7763
6250,3.7762
6251,3.776
6252,3.7757
6253,3.7755
6254,3.7754
6255,3.7752
6256,3.775
6257,3.7749
6258,3.7747
6259,3.7746
6260,3.7743
6261,3.7741
6262,3.7739
6263,3.7738
6264,3.7736
6265,3.7735
6266,3.7731
6267,3.773
6268,3.7728
6269,3.7727
6270,3.7725
6271,3.7724
6272,3.7722
6273,3.772
6274,3.7717
6275,3.7716
6276,3.7714
6277,3.7712
6278,3.7711
6279,3.7709
6280,3.7708
6281,3.7706
6282,3.7703
6283,3.7701
6284,3.77
6285,3.7698
6286,3.7697
6287,3.7695
6288,3.7692
6289,3.769
6290,3.7689
6291,3.7687
6292,3.7685
6293,3.7684
6294,3.7682
6295,3.7681
6296,3.7679
6297,3.7676
6298,3.7674
6299,3.7673
6300,3.7671
6301,3.767
6302,3.7668
6303,3.7666
6304,3.7665
6305,3.7662
6306,3.766
6307,3.7658
6308,3.7657
6309,3.7655
6310,3.7654
6311,3.7652
6312,3.7651
6313,3.7649
6314,3.7646
6315,3.7644
6316,3.7643
6317,3.7641
6318,3.7639
6319,3.7638
6320,3.7636
6321,3.7635
6322,3.7631
6323,3.763
6324,3.7628
6325,3.7627
6326,3.7625
6327,3.7624
6328,3.7622
6329,3.762
6330,3.7619
6331,3.7617
6332,3.7614
6333,3.7612
6334,3.7611
6335,3.7609
6336,3.7608
6337,3.7606
6338,3.7605
6339,3.7603
6340,3.7601
6341,3.76
6342,3.7598
6343,3.7595
6344,3.7593
6345,3.7592
6346,3.759
6347,3.7589
6348,3.7587
6349,3.7585
6350,3.7584
6351,3.7582
6352,3.7579
6353,3.7578
6354,3.7576
6355,3.7574
6356,3.7573
6357,3.7571
6358,3.757
6359,3.7568
6360,3.7566
6361,3.7565
6362,3.7562
6363,3.756
6364,3.7558
6365,3.7557
6366,3.7555
6367,3.7554
6368,3.7552
6369,3.7551
6370,3.7549
6371,3.7547
6372,3.7546
6373,3.7543
6374,3.7541
6375,3.7539
6376,3.7538
6377,3.7536
6378,3.7535
6379,3.7533
6380,3.7532
6381,3.753
6382,3.7528
6383,3.7527
6384,3.7524
6385,3.7522
6386,3.752
6387,3.7519
6388,3.7517
6389,3.7516
6390,3.7514
6391,3.7512
6392,3.7511
6393,3.7509
6394,3.7508
6395,3.7505
6396,3.7503
6397,3.7501
6398,3.75
6399,3.7498
6400,3.7497
6401,3.7495
6402,3.7493
6403,3.7492
6404,3.749
6405,3.7489
6406,3.7487
6407,3.7484
6408,3.7482
6409,3.7481
6410,3.7479
6411,3.7478
6412,3.7476
6413,3.7474
6414,3.7473
6415,3.7471
6416,3.747
6417,3.7468
6418,3.7465
6419,3.7463
6420,3.7462
6421,3.746
6422,3.7459
6423,3.7457
6424,3.7455
6425,3.7454
6426,3.7452
6427,3.7451
6428,3.7449
6429,3.7447
6430,3.7444
6431,3.7443
6432,3.7441
6433,3.7439
6434,3.7438
6435,3.7436
6436,3.7435
6437,3.7433
6438,3.7432
6439,3.743
6440,3.7428
6441,3.7427
6442,3.7424
6443,3.7422
6444,3.742
6445,3.7419
6446,3.7417
6447,3.7416
6448,3.7414
6449,3.7412
6450,3.7411
6451,3.7409
6452,3.7408
6453,3.7405
6454,3.7403
6455,3.7401
6456,3.74
6457,3.7398
6458,3.7397
6459,3.7395
6460,3.7393
6461,3.7392
6462,3.739
6463,3.7389
6464,3.7386
6465,3.7384
6466,3.7382
6467,3.7381
6468,3.7379
6469,3.7378
6470,3.7376
6471,3.7374
6472,3.7373
6473,3.7371
6474,3.7368
6475,3.7366
6476,3.7365
6477,3.7363
6478,3.7362
6479,3.736
6480,3.7359
6481,3.7357
6482,3.7355
6483,3.7354
6484,3.7352
6485,3.7349
6486,3.7347
6487,3.7346
6488,3.7344
6489,3.7343
6490,3.7341
6491,3.734
6492,3.7338
6493,3.7336
6494,3.7335
6495,3.7333
6496,3.7332
6497,3.7328
6498,3.7327
6499,3.7325
6500,3.7324
6501,3.7322
6502,3.732
6503,3.7319
6504,3.7317
6505,3.7316
6506,3.7314
6507,3.7311
6508,3.7309
6509,3.7308
6510,3.7306
6511,3.7305
6512,3.7303
6513,3.7301
6514,3.73
6515,3.7298
6516,3.7297
6517,3.7295
6518,3.7292
6519,3.729
6520,3.7289
6521,3.7287
6522,3.7286
6523,3.7284
6524,3.7282
6525,3.7281
6526,3.7279
6527,3.7278
6528,3.7274
6529,3.7273
6530,3.7271
6531,3.727
6532,3.7268
6533,3.7267
6534,3.7265
6535,3.7263
6536,3.7262
6537,3.726
6538,3.7257
6539,3.7255
6540,3.7254
6541,3.7252
6542,3.7251
6543,3.7249
6544,3.7247
6545,3.7246
6546,3.7244
6547,3.7241
6548,3.724
6549,3.7238
6550,3.7236
6551,3.7235
6552,3.7233
6553,3.7232
6554,3.723
6555,3.7228
6556,3.7227
6557,3.7225
6558,3.7222
6559,3.722
6560,3.7219
6561,3.7217
6562,3.7216
6563,3.7214
6564,3.7213
6565,3.7211
6566,3.7209
6567,3.7206
6568,3.7205
6569,3.7203
6570,3.7201
6571,3.72
6572,3.7198
6573,3.7197
6574,3.7195
6575,3.7194
6576,3.719
6577,3.719
6578,3.7187
6579,3.7186
6580,3.7184
6581,3.7182
6582,3.7181
6583,3.7179
6584,3.7178
6585,3.7176
6586,3.7174
6587,3.7171
6588,3.717
6589,3.7168
6590,3.7167
6591,3.7165
6592,3.7163
6593,3.7162
6594,3.716
6595,3.7157
6596,3.7155
6597,3.7154
6598,3.7152
6599,3.7151
6600,3.7149
6601,3.7148
6602,3.7146
6603,3.7143
6604,3.7141
6605,3.714
6606,3.7138
6607,3.7136
6608,3.7135
6609,3.7133
6610,3.7132
6611,3.713
6612,3.7128
6613,3.7125
6614,3.7124
6615,3.7122
6616,3.7121
6617,3.7119
6618,3.7117
6619,3.7116
6620,3.7114
6621,3.7111
6622,3.7109
6623,3.7108
6624,3.7106
6625,3.7105
6626,3.7103
6627,3.7101
6628,3.71
6629,3.7097
6630,3.7095
6631,3.7094
6632,3.7092
6633,3.709
6634,3.7089
6635,3.7087
6636,3.7086
6637,3.7082
6638,3.7081
6639,3.7079
6640,3.7078
6641,3.7076
6642,3.7075
6643,3.7073
6644,3.7071
6645,3.7068
6646,3.7067
6647,3.7065
6648,3.7063
6649,3.7062
6650,3.706
6651,3.7059
6652,3.7057
6653,3.7054
6654,3.7052
6655,3.7051
6656,3.7049
6657,3.7048
6658,3.7046
6659,3.7044
6660,3.7043
6661,3.704
6662,3.7038
6663,3.7036
6664,3.7035
6665,3.7033
6666,3.7032
6667,3.703
6668,3.7028
6669,3.7025
6670,3.7024
6671,3.7022
6672,3.7021
6673,3.7019
6674,3.7017
6675,3.7016
6676,3.7013
6677,3.7011
6678,3.7009
6679,3.7008
6680,3.7006
6681,3.7005
6682,3.7003
6683,3.7
6684,3.6998
6685,3.6997
6686,3.6995
6687,3.6994
6688,3.6992
6689,3.699
6690,3.6989
6691,3.6986
6692,3.6984
6693,3.6982
6694,3.6981
6695,3.6979
6696,3.6978
6697,3.6976
6698,3.6973
6699,3.6971
6700,3.697
6701,3.6968
6702,3.6967
6703,3.6965
6704,3.6963
6705,3.6962
6706,3.6959
6707,3.6957
6708,3.6955
6709,3.6954
6710,3.6952
6711,3.6951
6712,3.6948
6713,3.6946
6714,3.6944
6715,3.6943
6716,3.6941
6717,3.694
6718,3.6938
6719,3.6936
6720,3.6933
6721,3.6932
6722,3.693
6723,3.6929
6724,3.6927
6725,3.6925
6726,3.6922
6727,3.6921
6728,3.6919
6729,3.6917
6730,3.6916
6731,3.6914
6732,3.6913
6733,3.6909
6734,3.6908
6735,3.6906
6736,3.6905
6737,3.6903
6738,3.6902
6739,3.69
6740,3.6897
6741,3.6895
6742,3.6894
6743,3.6892
6744,3.689
6745,3.6889
6746,3.6886
6747,3.6886
6748,3.6883
6749,3.6881
6750,3.6879
6751,3.6878
6752,3.6876
6753,3.6875
6754,3.6871
6755,3.687
6756,3.6868
6757,3.6867
6758,3.6865
6759,3.6863
6760,3.686
6761,3.6859
6762,3.6857
6763,3.6856
6764,3.6854
6765,3.6852
6766,3.6851
6767,3.6848
6768,3.6846
6769,3.6844
6770,3.6843
6771,3.6841
6772,3.684
6773,3.6838
6774,3.6835
6775,3.6833
6776,3.6832
6777,3.683
6778,3.6829
6779,3.6827
6780,3.6825
6781,3.6822
6782,3.6821
6783,3.6819
6784,3.6817
6785,3.6816
6786,3.6814
6787,3.6813
6788,3.681
6789,3.6808
6790,3.6806
6791,3.6805
6792,3.6803
6793,3.6802
6794,3.68
6795,3.6797
6796,3.6795
6797,3.6794
6798,3.6792
6799,3.679
6800,3.6789
6801,3.6787
6802,3.6786
6803,3.6783
6804,3.6781
6805,3.6779
6806,3.6778
6807,3.6776
6808,3.6775
6809,3.6771
6810,3.677
6811,3.6768
6812,3.6767
6813,3.6765
6814,3.6763
6815,3.6762
6816,3.6759
6817,3.6757
6818,3.6756
6819,3.6754
6820,3.6752
6821,3.6751
6822,3.6749
6823,3.6746
6824,3.6744
6825,3.6743
6826,3.6741
6827,3.674
6828,3.6738
6829,3.6737
6830,3.6735
6831,3.6732
6832,3.673
6833,3.6729
6834,3.6727
6835,3.6725
6836,3.6724
6837,3.6722
6838,3.6719
6839,3.6717
6840,3.6716
6841,3.6714
6842,3.6713
6843,3.6711
6844,3.671
6845,3.6706
6846,3.6705
6847,3.6703
6848,3.6702
6849,3.67
6850,3.6698
6851,3.6697
6852,3.6695
6853,3.6694
6854,3.6692
6855,3.6689
6856,3.6687
6857,3.6686
6858,3.6684
6859,3.6683
6860,3.6681
6861,3.6678
6862,3.6676
6863,3.6675
6864,3.6673
6865,3.6671
6866,3.667
6867,3.6668
6868,3.6667
6869,3.6665
6870,3.6662
6871,3.666
6872,3.6659
6873,3.6657
6874,3.6656
6875,3.6654
6876,3.6652
6877,3.6651
6878,3.6648
6879,3.6646
6880,3.6644
6881,3.6643
6882,3.6641
6883,3.664
6884,3.6638
6885,3.6637
6886,3.6635
6887,3.6633
6888,3.663
6889,3.6629
6890,3.6627
6891,3.6625
6892,3.6624
6893,3.6622
6894,3.6621
6895,3.6619
6896,3.6617
6897,3.6614
6898,3.6613
6899,3.6611
6900,3.661
6901,3.6608
6902,3.6606
6903,3.6605
6904,3.6603
6905,3.6602
6906,3.66
6907,3.6597
6908,3.6595
6909,3.6594
6910,3.6592
6911,3.6591
6912,3.6589
6913,3.6587
6914,3.6586
6915,3.6584
6916,3.6581
6917,3.6581
6918,3.6578
6919,3.6576
6920,3.6575
6921,3.6573
6922,3.6571
6923,3.657
6924,3.6568
6925,3.6567
6926,3.6564
6927,3.6562
6928,3.656
6929,3.6559
6930,3.6557
6931,3.6556
6932,3.6554
6933,3.6552
6934,3.6551
6935,3.6549
6936,3.6548
6937,3.6546
6938,3.6543
6939,3.6541
6940,3.654
6941,3.6538
6942,3.6537
6943,3.6535
6944,3.6533
6945,3.6532
6946,3.653
6947,3.6529
6948,3.6527
6949,3.6524
6950,3.6522
6951,3.6521
6952,3.6519
6953,3.6518
6954,3.6516
6955,3.6514
6956,3.6513
6957,3.6511
6958,3.651
6959,3.6508
6960,3.6506
6961,3.6503
6962,3.6502
6963,3.6502
6964,3.6498
6965,3.6497
6966,3.6495
6967,3.6494
6968,3.6492
6969,3.6491
6970,3.6489
6971,3.6487
6972,3.6486
6973,3.6484
6974,3.6481
6975,3.6479
6976,3.6478
6977,3.6476
6978,3.6475
6979,3.6473
6980,3.6472
6981,3.647
6982,3.6468
6983,3.6467
6984,3.6465
6985,3.6464
6986,3.646
6987,3.6459
6988,3.6457
6989,3.6456
6990,3.6454
6991,3.6452
6992,3.6451
6993,3.6449
6994,3.6448
6995,3.6446
6996,3.6443
6997,3.6443
6998,3.644
6999,3.6438
7000,3.6437
7001,3.6435
7002,3.6433
7003,3.6432
7004,3.643
7005,3.6429
7006,3.6427
7007,3.6424
7008,3.6422
7009,3.6421
7010,3.6419
7011,3.6418
7012,3.6416
7013,3.6414
7014,3.6413
7015,3.6411
7016,3.6408
7017,3.6406
7018,3.6405
7019,3.6403
7020,3.6402
7021,3.64
7022,3.6399
7023,3.6397
7024,3.6395
7025,3.6392
7026,3.6391
7027,3.6389
7028,3.6387
7029,3.6386
7030,3.6384
7031,3.6383
7032,3.6381
7033,3.6379
7034,3.6376
7035,3.6375
7036,3.6373
7037,3.6372
7038,3.637
7039,3.6368
7040,3.6367
7041,3.6364
7042,3.6362
7043,3.636
7044,3.6359
7045,3.6357
7046,3.6356
7047,3.6354
7048,3.6351
7049,3.6349
7050,3.6348
7051,3.6346
7052,3.6345
7053,3.6343
7054,3.6341
7055,3.6338
7056,3.6337
7057,3.6335
7058,3.6333
7059,3.6332
7060,3.633
7061,3.6327
7062,3.6326
7063,3.6324
7064,3.6322
7065,3.6321
7066,3.6318
7067,3.6316
7068,3.6314
7069,3.6313
7070,3.6311
7071,3.631
7072,3.6306
7073,3.6305
7074,3.6303
7075,3.6302
7076,3.63
7077,3.6297
7078,3.6295
7079,3.6294
7080,3.6292
7081,3.6291
7082,3.6287
7083,3.6286
7084,3.6284
7085,3.6283
7086,3.628
7087,3.6278
7088,3.6276
7089,3.6275
7090,3.6272
7091,3.627
7092,3.6268
7093,3.6267
7094,3.6265
7095,3.6262
7096,3.626
7097,3.6259
7098,3.6256
7099,3.6254
7100,3.6253
7101,3.6251
7102,3.6248
7103,3.6246
7104,3.6245
7105,3.6243
7106,3.624
7107,3.6238
7108,3.6237
7109,3.6233
7110,3.6232
7111,3.623
7112,3.6229
7113,3.6226
7114,3.6224
7115,3.6222
7116,3.6219
7117,3.6218
7118,3.6216
7119,3.6213
7120,3.6211
7121,3.621
7122,3.6207
7123,3.6205
7124,3.6203
7125,3.62
7126,3.6199
7127,3.6195
7128,3.6194
7129,3.6192
7130,3.6189
7131,3.6187
7132,3.6186
7133,3.6183
7134,3.6181
7135,3.6178
7136,3.6176
7137,3.6175
7138,3.6172
7139,3.617
7140,3.6167
7141,3.6165
7142,3.6162
7143,3.616
7144,3.6159
7145,3.6156
7146,3.6154
7147,3.6151
7148,3.6149
7149,3.6146
7150,3.6145
7151,3.6141
7152,3.614
7153,3.6137
7154,3.6135
7155,3.6132
7156,3.613
7157,3.6127
7158,3.6126
7159,3.6122
7160,3.6121
7161,3.6118
7162,3.6116
7163,3.6113
7164,3.6111
7165,3.6108
7166,3.6105
7167,3.6103
7168,3.61
7169,3.6099
7170,3.6095
7171,3.6092
7172,3.6091
7173,3.6088
7174,3.6086
7175,3.6083
7176,3.608
7177,3.6078
7178,3.6075
7179,3.6072
7180,3.607
7181,3.6067
7182,3.6064
7183,3.6062
7184,3.6059
7185,3.6057
7186,3.6054
7187,3.6051
7188,3.6048
7189,3.6045
7190,3.6043
7191,3.604
7192,3.6037
7193,3.6034
7194,3.6032
7195,3.6029
7196,3.6026
7197,3.6022
7198,3.6019
7199,3.6018
7200,3.6015
7201,3.6011
7202,3.6008
7203,3.6005
7204,3.6002
7205,3.6
7206,3.5997
7207,3.5994
7208,3.5991
7209,3.5988
7210,3.5984
7211,3.5981
7212,3.5978
7213,3.5975
7214,3.5972
7215,3.5968
7216,3.5965
7217,3.5962
7218,3.5959
7219,3.5956
7220,3.5953
7221,3.5949
7222,3.5946
7223,3.5943
7224,3.594
7225,3.5937
7226,3.5934
7227,3.593
7228,3.5927
7229,3.5924
7230,3.5921
7231,3.5916
7232,3.5913
7233,3.591
7234,3.5907
7235,3.5903
7236,3.59
7237,3.5896
7238,3.5892
7239,3.5889
7240,3.5886
7241,3.5883
7242,3.5878
7243,3.5875
7244,3.5872
7245,3.5867
7246,3.5864
7247,3.5861
7248,3.5856
7249,3.5853
7250,3.5849
7251,3.5845
7252,3.5842
7253,3.5837
7254,3.5834
7255,3.583
7256,3.5826
7257,3.5823
7258,3.5818
7259,3.5815
7260,3.581
7261,3.5807
7262,3.5802
7263,3.5799
7264,3.5794
7265,3.5791
7266,3.5786
7267,3.5783
7268,3.5778
7269,3.5773
7270,3.577
7271,3.5765
7272,3.5762
7273,3.5757
7274,3.5753
7275,3.5748
7276,3.5745
7277,3.574
7278,3.5735
7279,3.5732
7280,3.5727
7281,3.5723
7282,3.5718
7283,3.5713
7284,3.571
7285,3.5705
7286,3.57
7287,3.5696
7288,3.5691
7289,3.5686
7290,3.5681
7291,3.5678
7292,3.5673
7293,3.5669
7294,3.5664
7295,3.5659
7296,3.5654
7297,3.565
7298,3.5645
7299,3.564
7300,3.5635
7301,3.5631
7302,3.5626
7303,3.5621
7304,3.5616
7305,3.561
7306,3.5605
7307,3.56
7308,3.5596
7309,3.5591
7310,3.5586
7311,3.5581
7312,3.5575
7313,3.557
7314,3.5565
7315,3.5561
7316,3.5556
7317,3.555
7318,3.5545
7319,3.554
7320,3.5535
7321,3.5529
7322,3.5524
7323,3.5519
7324,3.5513
7325,3.5508
7326,3.5504
7327,3.5497
7328,3.5492
7329,3.5488
7330,3.5481
7331,3.5477
7332,3.547
7333,3.5465
7334,3.5461
7335,3.5454
7336,3.545
7337,3.5443
7338,3.5438
7339,3.5432
7340,3.5427
7341,3.5423
7342,3.5416
7343,3.5412
7344,3.5405
7345,3.54
7346,3.5394
7347,3.5389
7348,3.5383
7349,3.5378
7350,3.5372
7351,3.5367
7352,3.5361
7353,3.5356
7354,3.535
7355,3.5345
7356,3.5339
7357,3.5332
7358,3.5327
7359,3.5321
7360,3.5316
7361,3.531
7362,3.5305
7363,3.5299
7364,3.5293
7365,3.5288
7366,3.5281
7367,3.5277
7368,3.527
7369,3.5264
7370,3.5259
7371,3.5253
7372,3.5246
7373,3.5242
7374,3.5235
7375,3.5229
7376,3.5224
7377,3.5218
7378,3.5212
7379,3.5207
7380,3.52
7381,3.5194
7382,3.5188
7383,3.5183
7384,3.5177
7385,3.517
7386,3.5164
7387,3.5159
7388,3.5153
7389,3.5147
7390,3.514
7391,3.5134
7392,3.5127
7393,3.5121
7394,3.5115
7395,3.5108
7396,3.5104
7397,3.5096
7398,3.5089
7399,3.5083
7400,3.5077
7401,3.507
7402,3.5064
7403,3.5058
7404,3.5051
7405,3.5045
7406,3.5039
7407,3.5031
7408,3.5024
7409,3.5018
7410,3.501
7411,3.5004
7412,3.4997
7413,3.4989
7414,3.4983
7415,3.4975
7416,3.4969
7417,3.4961
7418,3.4953
7419,3.4947
7420,3.4939
7421,3.4931
7422,3.4924
7423,3.4916
7424,3.4909
7425,3.4901
7426,3.4893
7427,3.4885
7428,3.4877
7429,3.4869
7430,3.4861
7431,3.4853
7432,3.4843
7433,3.4836
7434,3.4828
7435,3.4818
7436,3.481
7437,3.4801
7438,3.4793
7439,3.4783
7440,3.4775
7441,3.4766
7442,3.4756
7443,3.4747
7444,3.4737
7445,3.4729
7446,3.472
7447,3.471
7448,3.4699
7449,3.469
7450,3.468
7451,3.4669
7452,3.4659
7453,3.465
7454,3.4639
7455,3.4629
7456,3.4618
7457,3.4607
7458,3.4596
7459,3.4586
7460,3.4575
7461,3.4564
7462,3.4551
7463,3.454
7464,3.4529
7465,3.4518
7466,3.4505
7467,3.4494
7468,3.4482
7469,3.4471
7470,3.4458
7471,3.4445
7472,3.4432
7473,3.442
7474,3.4407
7475,3.4394
7476,3.4382
7477,3.4369
7478,3.4356
7479,3.4342
7480,3.4329
7481,3.4315
7482,3.4301
7483,3.4288
7484,3.4274
7485,3.426
7486,3.4245
7487,3.4231
7488,3.4217
7489,3.4201
7490,3.4187
7491,3.4172
7492,3.4156
7493,3.4142
7494,3.4126
7495,3.411
7496,3.4094
7497,3.4079
7498,3.4063
7499,3.4047
7500,3.4031
7501,3.4015
7502,3.3998
7503,3.3982
7504,3.3964
7505,3.3948
7506,3.3931
7507,3.3914
7508,3.3896
7509,3.3879
7510,3.3861
7511,3.3844
7512,3.3825
7513,3.3807
7514,3.3788
7515,3.3771
7516,3.3752
7517,3.3733
7518,3.3714
7519,3.3695
7520,3.3676
7521,3.3657
7522,3.3637
7523,3.3618
7524,3.3598
7525,3.3577
7526,3.3558
7527,3.3537
7528,3.3517
7529,3.3496
7530,3.3476
7531,3.3453
7532,3.3433
7533,3.3411
7534,3.339
7535,3.3368
7536,3.3345
7537,3.3325
7538,3.3301
7539,3.3281
7540,3.3259
7541,3.3237
7542,3.3213
7543,3.3189
7544,3.3167
7545,3.3143
7546,3.3119
7547,3.3095
7548,3.307
7549,3.3046
7550,3.302
7551,3.2996
7552,3.2971
7553,3.2946
7554,3.292
7555,3.2893
7556,3.2868
7557,3.2841
7558,3.2815
7559,3.2788
7560,3.2761
7561,3.2734
7562,3.2706
7563,3.2679
7564,3.265
7565,3.2623
7566,3.2594
7567,3.2564
7568,3.2536
7569,3.2507
7570,3.2477
7571,3.2446
7572,3.2416
7573,3.2386
7574,3.2356
7575,3.2324
7576,3.2292
7577,3.2262
7578,3.2229
7579,3.2197
7580,3.2165
7581,3.2132
7582,3.2098
7583,3.2065
7584,3.2032
7585,3.1997
7586,3.1963
7587,3.1928
7588,3.1893
7589,3.1857
7590,3.1822
7591,3.1785
7592,3.1749
7593,3.1712
7594,3.1674
7595,3.1636
7596,3.1599
7597,3.156
7598,3.1521
7599,3.1482
7600,3.1442
7601,3.1402
7602,3.1361
7603,3.1321
7604,3.1278
7605,3.1237
7606,3.1195
7607,3.1153
7608,3.111
7609,3.1065
7610,3.1022
7611,3.0976
7612,3.0932
7613,3.0887
7614,3.0841
7615,3.0795
7616,3.0747
7617,3.07
7618,3.0652
7619,3.0603
7620,3.0553
7621,3.0504
7622,3.0455
7623,3.0404
7624,3.0353
7625,3.0301
7626,3.0248
7627,3.0196
7628,3.0142
7629,3.0088
7630,3.0032
7631,2.9976
7632,2.9921
7633,2.9863
7634,2.9806
7635,2.9747
7636,2.9689
7637,2.9628
7638,2.9568
7639,2.9507
7640,2.9445
7641,2.9383
7642,2.932
7643,2.9255
7644,2.9189
7645,2.9124
7646,2.9058
7647,2.8989
7648,2.8921
7649,2.8851
7650,2.8781
7651,2.8709
7652,2.8636
7653,2.8563
7654,2.8488
7655,2.8414
7656,2.8337
7657,2.826
7658,2.8182
7659,2.8102
7660,2.8021
7661,2.794
7662,2.7857
7663,2.7773
7664,2.7687
7665,2.7601
7666,2.7514
7667,2.7425
7668,2.7336
7669,2.7245
7670,2.7153
7671,2.7059
7672,2.6966
7673,2.687
7674,2.6775
7675,2.6676
7676,2.6578
7677,2.6478
7678,2.6377
7679,2.6276
7680,2.6172
7681,2.6068
7682,2.5963
7683,2.5856
7684,2.5748
7685,2.564
7686,2.5529
7687,2.5419
7688,2.5306
7689,2.5192
7690,2.5077
7691,2.4999
7692,2.5131
7693,2.6153
7694,2.7182
7695,2.8199
7696,2.8881
7697,2.9892
7698,3.0693
7699,3.1696
7700,3.1796
7701,3.2569
7702,3.3154
7703,3.3596
7704,3.3925
7705,3.4163
7706,3.4328
7707,3.4444
7708,3.4526
7709,3.4585
7710,3.4631
7711,3.4667
7712,3.4697
7713,3.4721
7714,3.4743
7715,3.4763
7716,3.4778
7717,3.4794
7718,3.4807
7719,3.482
7720,3.4831
7721,3.484
7722,3.4851
7723,3.4859
7724,3.4869
7725,3.4877
7726,3.4883
7727,3.4891
7728,3.4897
7729,3.4904
7730,3.491
7731,3.4915
7732,3.4921
7733,3.4926
7734,3.4931
7735,3.4935
7736,3.494
7737,3.4945
7738,3.495
7739,3.4953
7740,3.4958
7741,3.4961
7742,3.4966
7743,3.4969
7744,3.4972
7745,3.4975
7746,3.4978
7747,3.4983
7748,3.4985
7749,3.4988
7750,3.4991
7751,3.4994
7752,3.4997
7753,3.5001
7754,3.5002
7755,3.5005
7756,3.5008
7757,3.501
7758,3.5013
7759,3.5015
7760,3.5018
7761,3.502
7762,3.5023
7763,3.5024
7764,3.5028
7765,3.5029
7766,3.5031
7767,3.5034
7768,3.5035
7769,3.5037
7770,3.5039
7771,3.5042
7772,3.5043
7773,3.5045
7774,3.5047
7775,3.5048
7776,3.505
7777,3.5051
7778,3.5053
7779,3.5056
7780,3.5058
7781,3.5059
7782,3.5061
7783,3.5062
7784,3.5064
7785,3.5066
7786,3.5067
7787,3.5069
7788,3.507
7789,3.507
7790,3.5072
7791,3.5074
7792,3.5075
7793,3.5077
7794,3.5078
7795,3.508
7796,3.5081
7797,3.5081
7798,3.5083
7799,3.5085
7800,3.5086
7801,3.5086
7802,3.5088
7803,3.5089
7804,3.5091
7805,3.5093
7806,3.5093
7807,3.5094
7808,3.5096
7809,3.5096
7810,3.5097
7811,3.5099
7812,3.5101
7813,3.5101
7814,3.5102
7815,3.5104
7816,3.5104
7817,3.5105
7818,3.5107
7819,3.5107
7820,3.5108
7821,3.5108
7822,3.511
7823,3.5112
7824,3.5112
7825,3.5113
7826,3.5115
7827,3.5115
7828,3.5116
7829,3.5116
7830,3.5118
7831,3.5118
7832,3.512
7833,3.5121
7834,3.5121
7835,3.5123
7836,3.5123
7837,3.5124
7838,3.5124
7839,3.5126
7840,3.5126
7841,3.5127
7842,3.5127
7843,3.5129
7844,3.5129
7845,3.5131
7846,3.5131
7847,3.5132
7848,3.5132
7849,3.5134
7850,3.5134
7851,3.5135
7852,3.5135
7853,3.5137
7854,3.5137
7855,3.5139
7856,3.5139
7857,3.5139
7858,3.514
7859,3.514
7860,3.5142
7861,3.5142
7862,3.5143
7863,3.5143
7864,3.5145
7865,3.5145
7866,3.5147
7867,3.5147
7868,3.5147
7869,3.5148
7870,3.5148
7871,3.515
7872,3.515
7873,3.515
7874,3.5151
7875,3.5151
7876,3.5153
7877,3.5153
7878,3.5227
7879,3.5607
7880,3.5646
7881,3.567
7882,3.5688
7883,3.5702
7884,3.5713
7885,3.5724
7886,3.5732
7887,3.5742
7888,3.5748
7889,3.5756
7890,3.5762
7891,3.5769
7892,3.5774
7893,3.578
7894,3.5785
7895,3.5791
7896,3.5796
7897,3.5801
7898,3.5805
7899,3.5808
7900,3.5813
7901,3.5818
7902,3.5823
7903,3.5826
7904,3.5831
7905,3.5834
7906,3.5839
7907,3.5842
7908,3.5845
7909,3.5848
7910,3.5853
7911,3.5856
7912,3.5859
7913,3.5862
7914,3.5866
7915,3.5869
7916,3.5874
7917,3.5877
7918,3.5878
7919,3.5882
7920,3.5885
7921,3.5888
7922,3.5891
7923,3.5894
7924,3.5897
7925,3.5901
7926,3.5904
7927,3.5905
7928,3.5909
7929,3.5912
7930,3.5915
7931,3.5916
7932,3.592
7933,3.5923
7934,3.5924
7935,3.5928
7936,3.5931
7937,3.5932
7938,3.5936
7939,3.5939
7940,3.594
7941,3.5943
7942,3.5945
7943,3.5948
7944,3.595
7945,3.5953
7946,3.5955
7947,3.5958
7948,3.5959
7949,3.5963
7950,3.5964
7951,3.5967
7952,3.5969
7953,3.5972
7954,3.5974
7955,3.5975
7956,3.5978
7957,3.598
7958,3.5983
7959,3.5985
7960,3.5986
7961,3.599
7962,3.5991
7963,3.5993
7964,3.5994
7965,3.5997
7966,3.5999
7967,3.6001
7968,3.6004
7969,3.6005
7970,3.6007
7971,3.6009
7972,3.6012
7973,3.6013
7974,3.6015
7975,3.6017
7976,3.6018
7977,3.6021
7978,3.6023
7979,3.6025
7980,3.6026
7981,3.6028
7982,3.6031
7983,3.6032
7984,3.6034
7985,3.6036
7986,3.6037
7987,3.6039
7988,3.604
7989,3.6044
7990,3.6045
7991,3.6047
7992,3.6048
7993,3.605
7994,3.6052
7995,3.6053
7996,3.6055
7997,3.6056
7998,3.6058
7999,3.6059
8000,3.6061
8001,3.6064
8002,3.6066
8003,3.6067
8004,3.6069
8005,3.6071
8006,3.6072
8007,3.6074
8008,3.6075
8009,3.6077
8010,3.6079
8011,3.608
8012,3.6082
8013,3.6083
8014,3.6085
8015,3.6086
8016,3.6088
8017,3.609
8018,3.6091
8019,3.6093
8020,3.6094
8021,3.6096
8022,3.6098
8023,3.6099
8024,3.6101
8025,3.6102
8026,3.6102
8027,3.6104
8028,3.6106
8029,3.6107
8030,3.6109
8031,3.611
8032,3.6112
8033,3.6113
8034,3.6115
8035,3.6117
8036,3.6118
8037,3.612
8038,3.6121
8039,3.6123
8040,3.6123
8041,3.6125
8042,3.6126
8043,3.6128
8044,3.6129
8045,3.6131
8046,3.6133
8047,3.6134
8048,3.6136
8049,3.6137
8050,3.6137
8051,3.6139
8052,3.614
8053,3.6142
8054,3.6144
8055,3.6145
8056,3.6147
8057,3.6148
8058,3.6148
8059,3.615
8060,3.6152
8061,3.6153
8062,3.6155
8063,3.6156
8064,3.6158
8065,3.616
8066,3.616
8067,3.6161
8068,3.6163
8069,3.6164
8070,3.6166
8071,3.6167
8072,3.6167
8073,3.6169
8074,3.6171
8075,3.6172
8076,3.6174
8077,3.6175
8078,3.6177
8079,3.6177
8080,3.6179
8081,3.618
8082,3.6182
8083,3.6183
8084,3.6185
8085,3.6185
8086,3.6187
8087,3.6188
8088,3.619
8089,3.6191
8090,3.6191
8091,3.6193
8092,3.6194
8093,3.6196
8094,3.6198
8095,3.6199
8096,3.6201
8097,3.6201
8098,3.6202
8099,3.6204
8100,3.6206
8101,3.6207
8102,3.6207
8103,3.6209
8104,3.621
8105,3.6212
8106,3.6214
8107,3.6214
8108,3.6215
8109,3.6217
8110,3.6218
8111,3.622
8112,3.6221
8113,3.6221
8114,3.6223
8115,3.6225
8116,3.6226
8117,3.6226
8118,3.6228
8119,3.6229
8120,3.6231
8121,3.6233
8122,3.6234
8123,3.6234
8124,3.6236
8125,3.6237
8126,3.6239
8127,3.6241
8128,3.6241
8129,3.6242
8130,3.6244
8131,3.6245
8132,3.6247
8133,3.6247
8134,3.6248
8135,3.625
8136,3.6252
8137,3.6253
8138,3.6253
8139,3.6255
8140,3.6256
8141,3.6258
8142,3.6258
8143,3.626
8144,3.6261
8145,3.6263
8146,3.6264
8147,3.6266
8148,3.6266
8149,3.6268
8150,3.6269
8151,3.6271
8152,3.6271
8153,3.6272
8154,3.6274
8155,3.6275
8156,3.6277
8157,3.6277
8158,3.6279
8159,3.628
8160,3.6282
8161,3.6283
8162,3.6283
8163,3.6285
8164,3.6287
8165,3.6288
8166,3.629
8167,3.629
8168,3.6291
8169,3.6293
8170,3.6295
8171,3.6295
8172,3.6296
8173,3.6298
8174,3.6299
8175,3.6301
8176,3.6301
8177,3.6302
8178,3.6304
8179,3.6306
8180,3.6307
8181,3.6307
8182,3.6309
8183,3.631
8184,3.6312
8185,3.6314
8186,3.6314
8187,3.6315
8188,3.6317
8189,3.6318
8190,3.6318
8191,3.632
8192,3.6322
8193,3.6323
8194,3.6323
8195,3.6325
8196,3.6326
8197,3.6328
8198,3.6329
8199,3.6329
8200,3.6331
8201,3.6333
8202,3.6334
8203,3.6334
8204,3.6336
8205,3.6337
8206,3.6339
8207,3.6341
8208,3.6341
8209,3.6342
8210,3.6344
8211,3.6345
8212,3.6345
8213,3.6347
8214,3.6349
8215,3.635
8216,3.6352
8217,3.6352
8218,3.6353
8219,3.6355
8220,3.6356
8221,3.6356
8222,3.6358
8223,3.636
8224,3.6361
8225,3.6363
8226,3.6363
8227,3.6364
8228,3.6366
8229,3.6368
8230,3.6368
8231,3.6369
8232,3.6371
8233,3.6372
8234,3.6374
8235,3.6374
8236,3.6376
8237,3.6377
8238,3.6379
8239,3.6379
8240,3.638
8241,3.6382
8242,3.6383
8243,3.6383
8244,3.6385
8245,3.6387
8246,3.6388
8247,3.639
8248,3.639
8249,3.6391
8250,3.6393
8251,3.6395
8252,3.6395
8253,3.6396
8254,3.6398
8255,3.6399
8256,3.6399
8257,3.6401
8258,3.6403
8259,3.6404
8260,3.6404
8261,3.6406
8262,3.6407
8263,3.6409
8264,3.6409
8265,3.641
8266,3.6412
8267,3.6414
8268,3.6415
8269,3.6415
8270,3.6417
8271,3.6418
8272,3.642
8273,3.642
8274,3.6422
8275,3.6423
8276,3.6425
8277,3.6425
8278,3.6426
8279,3.6428
8280,3.643
8281,3.643
8282,3.6431
8283,3.6433
8284,3.6434
8285,3.6434
8286,3.6436
8287,3.6437
8288,3.6439
8289,3.6439
8290,3.6441
8291,3.6442
8292,3.6444
8293,3.6444
8294,3.6445
8295,3.6447
8296,3.6449
8297,3.6449
8298,3.645
8299,3.6452
8300,3.6453
8301,3.6453
8302,3.6455
8303,3.6457
8304,3.6458
8305,3.646
8306,3.646
8307,3.6461
8308,3.6463
8309,3.6464
8310,3.6464
8311,3.6466
8312,3.6468
8313,3.6469
8314,3.6469
8315,3.6471
8316,3.6472
8317,3.6474
8318,3.6474
8319,3.6476
8320,3.6477
8321,3.6477
8322,3.6479
8323,3.648
8324,3.6482
8325,3.6482
8326,3.6484
8327,3.6485
8328,3.6487
8329,3.6487
8330,3.6488
8331,3.649
8332,3.6491
8333,3.6491
8334,3.6493
8335,3.6495
8336,3.6496
8337,3.6496
8338,3.6498
8339,3.6499
8340,3.6501
8341,3.6501
8342,3.6503
8343,3.6504
8344,3.6506
8345,3.6506
8346,3.6507
8347,3.6509
8348,3.6511
8349,3.6511
8350,3.6512
8351,3.6514
8352,3.6515
8353,3.6515
8354,3.6517
8355,3.6518
8356,3.652
8357,3.652
8358,3.6522
8359,3.6523
8360,3.6525
8361,3.6525
8362,3.6526
8363,3.6528
8364,3.6528
8365,3.653
8366,3.6531
8367,3.6533
8368,3.6533
8369,3.6534
8370,3.6536
8371,3.6538
8372,3.6538
8373,3.6539
8374,3.6541
8375,3.6542
8376,3.6542
8377,3.6544
8378,3.6545
8379,3.6545
8380,3.6547
8381,3.6549
8382,3.655
8383,3.6552
8384,3.6552
8385,3.6553
8386,3.6555
8387,3.6555
8388,3.6557
8389,3.6558
8390,3.656
8391,3.656
8392,3.6561
8393,3.6563
8394,3.6565
8395,3.6565
8396,3.6566
8397,3.6568
8398,3.6568
8399,3.6569
8400,3.6571
8401,3.6572
8402,3.6572
8403,3.6574
8404,3.6576
8405,3.6577
8406,3.6577
8407,3.6579
8408,3.658
8409,3.6582
8410,3.6582
8411,3.6584
8412,3.6585
8413,3.6585
8414,3.6587
8415,3.6588
8416,3.659
8417,3.659
8418,3.6592
8419,3.6593
8420,3.6595
8421,3.6595
8422,3.6596
8423,3.6598
8424,3.6598
8425,3.6599
8426,3.6601
8427,3.6603
8428,3.6603
8429,3.6604
8430,3.6606
8431,3.6607
8432,3.6607
8433,3.6609
8434,3.6611
8435,3.6612
8436,3.6612
8437,3.6614
8438,3.6615
8439,3.6615
8440,3.6617
8441,3.6619
8442,3.662
8443,3.662
8444,3.6622
8445,3.6623
8446,3.6623
8447,3.6625
8448,3.6626
8449,3.6628
8450,3.6628
8451,3.663
8452,3.6631
8453,3.6633
8454,3.6633
8455,3.6634
8456,3.6636
8457,3.6636
8458,3.6638
8459,3.6639
8460,3.6641
8461,3.6641
8462,3.6642
8463,3.6644
8464,3.6644
8465,3.6646
8466,3.6647
8467,3.6649
8468,3.6649
8469,3.665
8470,3.6652
8471,3.6653
8472,3.6653
8473,3.6655
8474,3.6657
8475,3.6657
8476,3.6658
8477,3.666
8478,3.6661
8479,3.6661
8480,3.6663
8481,3.6665
8482,3.6665
8483,3.6666
8484,3.6668
8485,3.6669
8486,3.6669
8487,3.6671
8488,3.6673
8489,3.6674
8490,3.6674
8491,3.6676
8492,3.6677
8493,3.6677
8494,3.6679
8495,3.668
8496,3.6682
8497,3.6682
8498,3.6684
8499,3.6685
8500,3.6685
8501,3.6687
8502,3.6688
8503,3.669
8504,3.669
8505,3.6692
8506,3.6693
8507,3.6693
8508,3.6695
8509,3.6696
8510,3.6698
8511,3.6698
8512,3.67
8513,3.6701
8514,3.6701
8515,3.6703
8516,3.6704
8517,3.6706
8518,3.6706
8519,3.6707
8520,3.6709
8521,3.6709
8522,3.6711
8523,3.6712
8524,3.6714
8525,3.6714
8526,3.6715
8527,3.6717
8528,3.6719
8529,3.6719
8530,3.672
8531,3.6722
8532,3.6722
8533,3.6723
8534,3.6725
8535,3.6725
8536,3.6727
8537,3.6728
8538,3.673
8539,3.673
8540,3.6731
8541,3.6733
8542,3.6734
8543,3.6734
8544,3.6736
8545,3.6738
8546,3.6739
8547,3.6739
8548,3.6741
8549,3.6742
8550,3.6742
8551,3.6744
8552,3.6746
8553,3.6747
8554,3.6747
8555,3.6749
8556,3.675
8557,3.6752
8558,3.6752
8559,3.6754
8560,3.6755
8561,3.6755
8562,3.6757
8563,3.6758
8564,3.676
8565,3.676
8566,3.6761
8567,3.6763
8568,3.6763
8569,3.6765
8570,3.6766
8571,3.6768
8572,3.6768
8573,3.6769
8574,3.6771
8575,3.6773
8576,3.6773
8577,3.6774
8578,3.6776
8579,3.6777
8580,3.6777
8581,3.6779
8582,3.6781
8583,3.6781
8584,3.6782
8585,3.6784
8586,3.6785
8587,3.6785
8588,3.6787
8589,3.6788
8590,3.679
8591,3.679
8592,3.6792
8593,3.6793
8594,3.6795
8595,3.6795
8596,3.6796
8597,3.6798
8598,3.6798
8599,3.68
8600,3.6801
8601,3.6803
8602,3.6803
8603,3.6804
8604,3.6806
8605,3.6808
8606,3.6808
8607,3.6809
8608,3.6811
8609,3.6812
8610,3.6812
8611,3.6814
8612,3.6815
8613,3.6817
8614,3.6817
8615,3.6819
8616,3.682
8617,3.6822
8618,3.6822
8619,3.6823
8620,3.6825
8621,3.6827
8622,3.6827
8623,3.6828
8624,3.683
8625,3.6831
8626,3.6831
8627,3.6833
8628,3.6835
8629,3.6836
8630,3.6836
8631,3.6838
8632,3.6839
8633,3.6841
8634,3.6843
8635,3.6843
8636,3.6844
8637,3.6846
8638,3.6847
8639,3.6847
8640,3.6849
8641,3.685
8642,3.6852
8643,3.6852
8644,3.6854
8645,3.6855
8646,3.6857
8647,3.6857
8648,3.6858
8649,3.686
8650,3.6862
8651,3.6863
8652,3.6863
8653,3.6865
8654,3.6866
8655,3.6868
8656,3.6868
8657,3.6869
8658,3.6871
8659,3.6873
8660,3.6873
8661,3.6874
8662,3.6876
8663,3.6877
8664,3.6879
8665,3.6879
8666,3.6881
8667,3.6882
8668,3.6884
8669,3.6885
8670,3.6885
8671,3.6887
8672,3.6889
8673,3.689
8674,3.689
8675,3.6892
8676,3.6893
8677,3.6895
8678,3.6896
8679,3.6896
8680,3.6898
8681,3.69
8682,3.6901
8683,3.6903
8684,3.6903
8685,3.6904
8686,3.6906
8687,3.6908
8688,3.6909
8689,3.6911
8690,3.6911
8691,3.6912
8692,3.6914
8693,3.6916
8694,3.6916
8695,3.6917
8696,3.6919
8697,3.692
8698,3.6922
8699,3.6923
8700,3.6923
8701,3.6925
8702,3.6927
8703,3.6928
8704,3.693
8705,3.693
8706,3.6931
8707,3.6933
8708,3.6935
8709,3.6936
8710,3.6938
8711,3.6939
8712,3.6939
8713,3.6941
8714,3.6943
8715,3.6944
8716,3.6946
8717,3.6946
8718,3.6947
8719,3.6949
8720,3.695
8721,3.6952
8722,3.6954
8723,3.6955
8724,3.6955
8725,3.6957
8726,3.6958
8727,3.696
8728,3.6962
8729,3.6963
8730,3.6965
8731,3.6965
8732,3.6966
8733,3.6968
8734,3.697
8735,3.6971
8736,3.6973
8737,3.6974
8738,3.6974
8739,3.6976
8740,3.6978
8741,3.6979
8742,3.6981
8743,3.6982
8744,3.6982
8745,3.6984
8746,3.6985
8747,3.6987
8748,3.6989
8749,3.699
8750,3.6992
8751,3.6993
8752,3.6995
8753,3.6995
8754,3.6997
8755,3.6998
8756,3.7
8757,3.7001
8758,3.7003
8759,3.7005
8760,3.7006
8761,3.7006
8762,3.7008
8763,3.7009
8764,3.7011
8765,3.7012
8766,3.7014
8767,3.7016
8768,3.7017
8769,3.7019
8770,3.7019
8771,3.702
8772,3.7022
8773,3.7024
8774,3.7025
8775,3.7027
8776,3.7028
8777,3.703
8778,3.7032
8779,3.7032
8780,3.7033
8781,3.7035
8782,3.7036
8783,3.7038
8784,3.7039
8785,3.7041
8786,3.7043
8787,3.7044
8788,3.7046
8789,3.7047
8790,3.7047
8791,3.7051
8792,3.7051
8793,3.7052
8794,3.7054
8795,3.7055
8796,3.7057
8797,3.7059
8798,3.706
8799,3.7062
8800,3.7063
8801,3.7065
8802,3.7066
8803,3.7068
8804,3.707
8805,3.7071
8806,3.7073
8807,3.7073
8808,3.7074
8809,3.7076
8810,3.7078
8811,3.7079
8812,3.7081
8813,3.7082
8814,3.7084
8815,3.7086
8816,3.7087
8817,3.7089
8818,3.709
8819,3.7092
8820,3.7093
8821,3.7095
8822,3.7097
8823,3.7098
8824,3.71
8825,3.71
8826,3.7101
8827,3.7103
8828,3.7105
8829,3.7106
8830,3.7108
8831,3.7109
8832,3.7109
8833,3.7113
8834,3.7106
8835,3.7106
8836,3.7106
8837,3.7106
8838,3.7106
8839,3.7106
8840,3.7106
8841,3.7106
8842,3.7106
8843,3.7106
8844,3.7106
8845,3.7106
8846,3.7106
8847,3.7106
8848,3.7106
8849,3.7106
8850,3.7106
8851,3.7106
8852,3.7106
8853,3.7106
8854,3.7106
8855,3.7106
8856,3.7106
8857,3.7106
8858,3.7106
8859,3.7106
8860,3.7106
8861,3.7106
8862,3.7106
8863,3.7106
8864,3.7106
8865,3.7106
8866,3.7089
8867,3.7081
8868,3.7078
8869,3.7075
8870,3.7073
8871,3.7071
8872,3.7071
8873,3.707
8874,3.707
8875,3.7068
8876,3.7068
8877,3.7067
8878,3.7067
8879,3.7065
8880,3.7065
8881,3.7065
8882,3.7065
8883,3.7063
8884,3.7063
8885,3.7063
8886,3.7063
8887,3.7062
8888,3.7062
8889,3.7062
8890,3.7062
8891,3.7062
8892,3.706
8893,3.706
8894,3.706
8895,3.706
8896,3.706
8897,3.706
8898,3.7059
8899,3.7059
8900,3.7059
8901,3.7059
8902,3.7059
8903,3.7059
8904,3.7059
8905,3.7059
8906,3.7059
8907,3.7057
8908,3.7057
8909,3.7057
8910,3.7057
8911,3.7057
8912,3.7057
8913,3.7057
8914,3.7057
8915,3.7055
8916,3.7055
8917,3.7055
8918,3.7055
8919,3.7055
8920,3.7055
8921,3.7055
8922,3.7055
8923,3.7055
8924,3.7055
8925,3.7055
8926,3.7055
8927,3.7055
8928,3.7055
8929,3.7055
8930,3.7055
8931,3.7055
8932,3.7054
8933,3.7054
8934,3.7055
8935,3.7054
8936,3.7054
8937,3.7054
8938,3.7054
8939,3.7054
8940,3.7054
8941,3.7054
8942,3.7054
8943,3.7054
8944,3.7054
8945,3.7054
8946,3.7054
8947,3.7054
8948,3.7054
8949,3.7054
8950,3.7054
8951,3.7054
8952,3.7054
8953,3.7054
8954,3.7054
8955,3.7052
8956,3.7054
8957,3.7052
8958,3.7052
8959,3.7052
8960,3.7052
8961,3.7052
8962,3.7052
8963,3.7052
8964,3.7052
8965,3.7052
8966,3.7052
8967,3.7052
8968,3.7052
8969,3.7052
8970,3.7052
8971,3.7052
8972,3.7052
8973,3.7052
8974,3.7052
8975,3.7052
8976,3.7052
8977,3.7052
8978,3.7052
8979,3.7052
8980,3.7052
8981,3.7052
8982,3.7052
8983,3.7052
8984,3.7052
8985,3.7052
8986,3.7052
8987,3.7052
8988,3.7052
8989,3.7052
8990,3.7052
8991,3.7052
8992,3.7052
8993,3.7052
8994,3.7052
8995,3.7052
8996,3.7051
8997,3.7052
8998,3.7051
8999,3.7051
9000,3.7051
9001,3.7051
9002,3.7051
9003,3.7051
9004,3.7051
9005,3.7051
9006,3.7051
9007,3.7051
9008,3.7051
9009,3.7051
9010,3.7051
9011,3.7051
9012,3.7051
9013,3.7051
9014,3.7051
9015,3.7051
9016,3.7051
9017,3.7051
9018,3.7051
9019,3.7051
9020,3.7051
9021,3.7051
9022,3.7051
9023,3.7051
9024,3.7051
9025,3.7051
9026,3.7051
9027,3.7051
9028,3.7051
9029,3.7051
9030,3.7051
9031,3.7051
9032,3.7051
9033,3.7051
9034,3.7051
9035,3.7051
9036,3.7051
9037,3.7051
9038,3.7051
9039,3.7051
9040,3.7051
9041,3.7051
9042,3.7051
9043,3.7051
9044,3.7051
9045,3.7051
9046,3.7051
