,voltage
0,3.4193
1,3.4193
2,3.4193
3,3.4193
4,3.4193
5,3.4193
6,3.4193
7,3.4193
8,3.4193
9,3.4193
10,3.4193
11,3.4193
12,3.4193
13,3.4193
14,3.4193
15,3.4193
16,3.4193
17,3.4193
18,3.4193
19,3.4193
20,3.4193
21,3.4193
22,3.4193
23,3.4193
24,3.4193
25,3.4193
26,3.4193
27,3.4193
28,3.4193
29,3.4193
30,3.4193
31,3.4193
32,3.4193
33,3.4193
34,3.4193
35,3.4193
36,3.4193
37,3.4193
38,3.4193
39,3.4193
40,3.4193
41,3.4193
42,3.4193
43,3.4193
44,3.4193
45,3.4193
46,3.4193
47,3.4193
48,3.4193
49,3.4193
50,3.4193
51,3.4193
52,3.4193
53,3.4193
54,3.4193
55,3.4193
56,3.4193
57,3.4193
58,3.4193
59,3.4193
60,3.4193
61,3.5278
62,3.6288
63,3.662
64,3.6582
65,3.6549
66,3.6525
67,3.6507
68,3.6493
69,3.6484
70,3.6476
71,3.6468
72,3.6463
73,3.6458
74,3.6455
75,3.6452
76,3.645
77,3.6449
78,3.6447
79,3.6445
80,3.6445
81,3.6444
82,3.6444
83,3.6444
84,3.6444
85,3.6445
86,3.6445
87,3.6445
88,3.6447
89,3.6447
90,3.6449
91,3.6449
92,3.645
93,3.6452
94,3.6452
95,3.6453
96,3.6455
97,3.6457
98,3.6457
99,3.6458
100,3.646
101,3.6461
102,3.6463
103,3.6464
104,3.6466
105,3.6468
106,3.6469
107,3.6471
108,3.6472
109,3.6474
110,3.6476
111,3.6477
112,3.6479
113,3.648
114,3.6482
115,3.6484
116,3.6485
117,3.6487
118,3.6488
119,3.649
120,3.6491
121,3.6493
122,3.6495
123,3.6496
124,3.6498
125,3.6499
126,3.6501
127,3.6503
128,3.6504
129,3.6506
130,3.6507
131,3.6507
132,3.6509
133,3.6511
134,3.6512
135,3.6514
136,3.6515
137,3.6517
138,3.6518
139,3.652
140,3.652
141,3.6522
142,3.6523
143,3.6525
144,3.6526
145,3.6526
146,3.6528
147,3.653
148,3.6531
149,3.6531
150,3.6533
151,3.6534
152,3.6536
153,3.6536
154,3.6538
155,3.6539
156,3.6541
157,3.6541
158,3.6542
159,3.6544
160,3.6544
161,3.6545
162,3.6547
163,3.6547
164,3.6549
165,3.655
166,3.655
167,3.6552
168,3.6553
169,3.6553
170,3.6555
171,3.6555
172,3.6557
173,3.6558
174,3.6558
175,3.656
176,3.656
177,3.6561
178,3.6563
179,3.6563
180,3.6565
181,3.6565
182,3.6566
183,3.6566
184,3.6568
185,3.6569
186,3.6569
187,3.6571
188,3.6571
189,3.6572
190,3.6572
191,3.6574
192,3.6574
193,3.6576
194,3.6576
195,3.6577
196,3.6577
197,3.6579
198,3.658
199,3.658
200,3.658
201,3.6582
202,3.6582
203,3.6584
204,3.6585
205,3.6585
206,3.6585
207,3.6587
208,3.6587
209,3.6588
210,3.6588
211,3.659
212,3.659
213,3.6592
214,3.6592
215,3.6593
216,3.6593
217,3.6593
218,3.6595
219,3.6595
220,3.6596
221,3.6596
222,3.6598
223,3.6598
224,3.6599
225,3.6599
226,3.6601
227,3.6601
228,3.6601
229,3.6603
230,3.6603
231,3.6604
232,3.6604
233,3.6606
234,3.6606
235,3.6607
236,3.6607
237,3.6607
238,3.6609
239,3.6609
240,3.6611
241,3.6611
242,3.6611
243,3.6612
244,3.6612
245,3.6614
246,3.6614
247,3.6615
248,3.6615
249,3.6615
250,3.6617
251,3.6617
252,3.6619
253,3.6619
254,3.6619
255,3.662
256,3.662
257,3.6622
258,3.6622
259,3.6622
260,3.6623
261,3.6623
262,3.6625
263,3.6625
264,3.6625
265,3.6626
266,3.6626
267,3.6628
268,3.6628
269,3.6628
270,3.663
271,3.663
272,3.663
273,3.6631
274,3.6631
275,3.6633
276,3.6633
277,3.6633
278,3.6634
279,3.6634
280,3.6636
281,3.6636
282,3.6636
283,3.6638
284,3.6638
285,3.6638
286,3.6639
287,3.6639
288,3.6641
289,3.6641
290,3.6641
291,3.6642
292,3.6642
293,3.6642
294,3.6644
295,3.6644
296,3.6644
297,3.6646
298,3.6646
299,3.6647
300,3.6647
301,3.6647
302,3.6649
303,3.6649
304,3.6649
305,3.665
306,3.665
307,3.6652
308,3.6652
309,3.6652
310,3.6653
311,3.6653
312,3.6653
313,3.6655
314,3.6655
315,3.6655
316,3.6657
317,3.6657
318,3.6657
319,3.6658
320,3.6658
321,3.666
322,3.666
323,3.666
324,3.6661
325,3.6661
326,3.6661
327,3.6663
328,3.6663
329,3.6663
330,3.6665
331,3.6665
332,3.6665
333,3.6666
334,3.6666
335,3.6666
336,3.6668
337,3.6668
338,3.6669
339,3.6669
340,3.6669
341,3.6671
342,3.6671
343,3.6671
344,3.6673
345,3.6673
346,3.6673
347,3.6674
348,3.6674
349,3.6674
350,3.6676
351,3.6676
352,3.6677
353,3.6677
354,3.6677
355,3.6677
356,3.6679
357,3.6679
358,3.668
359,3.668
360,3.668
361,3.6682
362,3.6682
363,3.6682
364,3.6684
365,3.6684
366,3.6684
367,3.6685
368,3.6685
369,3.6685
370,3.6687
371,3.6687
372,3.6687
373,3.6688
374,3.6688
375,3.6688
376,3.669
377,3.669
378,3.669
379,3.6692
380,3.6692
381,3.6693
382,3.6693
383,3.6693
384,3.6695
385,3.6695
386,3.6695
387,3.6696
388,3.6696
389,3.6696
390,3.6698
391,3.6698
392,3.6698
393,3.67
394,3.67
395,3.67
396,3.6701
397,3.6701
398,3.6701
399,3.6703
400,3.6703
401,3.6703
402,3.6704
403,3.6704
404,3.6704
405,3.6706
406,3.6706
407,3.6706
408,3.6707
409,3.6707
410,3.6707
411,3.6709
412,3.6709
413,3.6711
414,3.6711
415,3.6711
416,3.6711
417,3.6712
418,3.6712
419,3.6714
420,3.6714
421,3.6714
422,3.6714
423,3.6715
424,3.6715
425,3.6717
426,3.6717
427,3.6717
428,3.6719
429,3.6719
430,3.6719
431,3.672
432,3.672
433,3.672
434,3.6722
435,3.6722
436,3.6722
437,3.6723
438,3.6723
439,3.6723
440,3.6725
441,3.6725
442,3.6725
443,3.6727
444,3.6727
445,3.6727
446,3.6728
447,3.6728
448,3.6728
449,3.673
450,3.673
451,3.6731
452,3.6731
453,3.6731
454,3.6731
455,3.6733
456,3.6733
457,3.6734
458,3.6734
459,3.6734
460,3.6736
461,3.6736
462,3.6736
463,3.6738
464,3.6738
465,3.6738
466,3.6739
467,3.6739
468,3.6739
469,3.6741
470,3.6741
471,3.6741
472,3.6742
473,3.6742
474,3.6742
475,3.6744
476,3.6744
477,3.6744
478,3.6746
479,3.6746
480,3.6747
481,3.6747
482,3.6747
483,3.6749
484,3.6749
485,3.6749
486,3.6749
487,3.675
488,3.675
489,3.6752
490,3.6752
491,3.6752
492,3.6754
493,3.6754
494,3.6754
495,3.6755
496,3.6755
497,3.6755
498,3.6757
499,3.6757
500,3.6757
501,3.6758
502,3.6758
503,3.6758
504,3.676
505,3.676
506,3.676
507,3.6761
508,3.6761
509,3.6761
510,3.6763
511,3.6763
512,3.6765
513,3.6765
514,3.6765
515,3.6766
516,3.6766
517,3.6766
518,3.6768
519,3.6768
520,3.6768
521,3.6769
522,3.6769
523,3.6769
524,3.6771
525,3.6771
526,3.6773
527,3.6773
528,3.6773
529,3.6773
530,3.6774
531,3.6774
532,3.6776
533,3.6776
534,3.6776
535,3.6777
536,3.6777
537,3.6777
538,3.6779
539,3.6779
540,3.6779
541,3.6781
542,3.6781
543,3.6781
544,3.6782
545,3.6782
546,3.6784
547,3.6784
548,3.6784
549,3.6784
550,3.6785
551,3.6785
552,3.6787
553,3.6787
554,3.6787
555,3.6788
556,3.6788
557,3.6788
558,3.679
559,3.679
560,3.679
561,3.6792
562,3.6792
563,3.6792
564,3.6793
565,3.6793
566,3.6793
567,3.6795
568,3.6795
569,3.6795
570,3.6796
571,3.6796
572,3.6798
573,3.6798
574,3.6798
575,3.68
576,3.68
577,3.68
578,3.6801
579,3.6801
580,3.6801
581,3.6803
582,3.6803
583,3.6804
584,3.6804
585,3.6804
586,3.6806
587,3.6806
588,3.6806
589,3.6808
590,3.6808
591,3.6808
592,3.6809
593,3.6809
594,3.6809
595,3.6811
596,3.6811
597,3.6811
598,3.6812
599,3.6812
600,3.6814
601,3.6814
602,3.6814
603,3.6815
604,3.6815
605,3.6815
606,3.6817
607,3.6817
608,3.6817
609,3.6819
610,3.6819
611,3.682
612,3.682
613,3.682
614,3.6822
615,3.6822
616,3.6822
617,3.6823
618,3.6823
619,3.6823
620,3.6825
621,3.6825
622,3.6825
623,3.6827
624,3.6827
625,3.6828
626,3.6828
627,3.6828
628,3.683
629,3.683
630,3.683
631,3.6831
632,3.6831
633,3.6831
634,3.6833
635,3.6833
636,3.6833
637,3.6835
638,3.6835
639,3.6835
640,3.6836
641,3.6836
642,3.6838
643,3.6838
644,3.6838
645,3.6839
646,3.6839
647,3.6839
648,3.6841
649,3.6841
650,3.6843
651,3.6843
652,3.6843
653,3.6844
654,3.6844
655,3.6844
656,3.6846
657,3.6846
658,3.6847
659,3.6847
660,3.6847
661,3.6849
662,3.6849
663,3.6849
664,3.685
665,3.685
666,3.685
667,3.6852
668,3.6852
669,3.6854
670,3.6854
671,3.6854
672,3.6855
673,3.6855
674,3.6857
675,3.6857
676,3.6857
677,3.6858
678,3.6858
679,3.6858
680,3.686
681,3.686
682,3.686
683,3.6862
684,3.6862
685,3.6863
686,3.6863
687,3.6863
688,3.6865
689,3.6865
690,3.6866
691,3.6866
692,3.6866
693,3.6868
694,3.6868
695,3.6868
696,3.6869
697,3.6869
698,3.6871
699,3.6871
700,3.6871
701,3.6873
702,3.6873
703,3.6874
704,3.6874
705,3.6874
706,3.6876
707,3.6876
708,3.6876
709,3.6877
710,3.6877
711,3.6879
712,3.6879
713,3.6879
714,3.6881
715,3.6881
716,3.6881
717,3.6882
718,3.6882
719,3.6884
720,3.6884
721,3.6884
722,3.6885
723,3.6885
724,3.6885
725,3.6887
726,3.6887
727,3.6889
728,3.6889
729,3.689
730,3.689
731,3.689
732,3.689
733,3.6892
734,3.6892
735,3.6893
736,3.6893
737,3.6895
738,3.6895
739,3.6895
740,3.6896
741,3.6896
742,3.6896
743,3.6898
744,3.6898
745,3.69
746,3.69
747,3.69
748,3.6901
749,3.6901
750,3.6903
751,3.6903
752,3.6904
753,3.6904
754,3.6904
755,3.6906
756,3.6906
757,3.6908
758,3.6908
759,3.6908
760,3.6909
761,3.6909
762,3.6911
763,3.6911
764,3.6911
765,3.6912
766,3.6912
767,3.6912
768,3.6914
769,3.6914
770,3.6916
771,3.6916
772,3.6916
773,3.6917
774,3.6917
775,3.6919
776,3.6919
777,3.6919
778,3.692
779,3.692
780,3.6922
781,3.6922
782,3.6922
783,3.6923
784,3.6923
785,3.6925
786,3.6925
787,3.6927
788,3.6927
789,3.6927
790,3.6928
791,3.6928
792,3.6928
793,3.693
794,3.693
795,3.6931
796,3.6931
797,3.6933
798,3.6933
799,3.6933
800,3.6935
801,3.6935
802,3.6936
803,3.6936
804,3.6936
805,3.6938
806,3.6938
807,3.6938
808,3.6939
809,3.6939
810,3.6941
811,3.6941
812,3.6943
813,3.6943
814,3.6943
815,3.6944
816,3.6944
817,3.6946
818,3.6946
819,3.6947
820,3.6947
821,3.6947
822,3.6949
823,3.6949
824,3.695
825,3.695
826,3.6952
827,3.6952
828,3.6952
829,3.6954
830,3.6954
831,3.6955
832,3.6955
833,3.6955
834,3.6957
835,3.6957
836,3.6958
837,3.6958
838,3.696
839,3.696
840,3.696
841,3.6962
842,3.6962
843,3.6963
844,3.6963
845,3.6963
846,3.6965
847,3.6965
848,3.6966
849,3.6966
850,3.6968
851,3.6968
852,3.697
853,3.697
854,3.697
855,3.6971
856,3.6971
857,3.6973
858,3.6973
859,3.6974
860,3.6974
861,3.6974
862,3.6976
863,3.6976
864,3.6978
865,3.6978
866,3.6978
867,3.6979
868,3.6979
869,3.6981
870,3.6981
871,3.6982
872,3.6982
873,3.6982
874,3.6984
875,3.6984
876,3.6985
877,3.6985
878,3.6987
879,3.6987
880,3.6989
881,3.6989
882,3.6989
883,3.699
884,3.699
885,3.6992
886,3.6992
887,3.6993
888,3.6993
889,3.6993
890,3.6995
891,3.6995
892,3.6997
893,3.6997
894,3.6998
895,3.6998
896,3.6998
897,3.7
898,3.7
899,3.7001
900,3.7001
901,3.7003
902,3.7003
903,3.7005
904,3.7005
905,3.7005
906,3.7006
907,3.7006
908,3.7008
909,3.7008
910,3.7009
911,3.7009
912,3.7011
913,3.7011
914,3.7011
915,3.7012
916,3.7012
917,3.7014
918,3.7014
919,3.7016
920,3.7016
921,3.7017
922,3.7017
923,3.7017
924,3.7019
925,3.7019
926,3.702
927,3.702
928,3.7022
929,3.7022
930,3.7022
931,3.7024
932,3.7024
933,3.7025
934,3.7025
935,3.7027
936,3.7027
937,3.7028
938,3.7028
939,3.7028
940,3.703
941,3.703
942,3.7032
943,3.7032
944,3.7033
945,3.7033
946,3.7035
947,3.7035
948,3.7036
949,3.7036
950,3.7036
951,3.7038
952,3.7038
953,3.7039
954,3.7039
955,3.7041
956,3.7041
957,3.7043
958,3.7043
959,3.7043
960,3.7044
961,3.7046
962,3.7046
963,3.7046
964,3.7047
965,3.7047
966,3.7049
967,3.7049
968,3.7051
969,3.7051
970,3.7052
971,3.7052
972,3.7052
973,3.7054
974,3.7054
975,3.7055
976,3.7055
977,3.7057
978,3.7057
979,3.7059
980,3.7059
981,3.7059
982,3.706
983,3.7062
984,3.7062
985,3.7062
986,3.7063
987,3.7063
988,3.7065
989,3.7065
990,3.7066
991,3.7066
992,3.7068
993,3.7068
994,3.707
995,3.707
996,3.7071
997,3.7071
998,3.7073
999,3.7073
1000,3.7073
1001,3.7074
1002,3.7074
1003,3.7076
1004,3.7076
1005,3.7078
1006,3.7078
1007,3.7079
1008,3.7079
1009,3.7081
1010,3.7081
1011,3.7082
1012,3.7082
1013,3.7082
1014,3.7084
1015,3.7084
1016,3.7086
1017,3.7086
1018,3.7087
1019,3.7087
1020,3.7089
1021,3.7089
1022,3.709
1023,3.709
1024,3.7092
1025,3.7092
1026,3.7093
1027,3.7093
1028,3.7093
1029,3.7095
1030,3.7095
1031,3.7097
1032,3.7097
1033,3.7098
1034,3.7098
1035,3.7098
1036,3.71
1037,3.7101
1038,3.7101
1039,3.7103
1040,3.7103
1041,3.7103
1042,3.7105
1043,3.7105
1044,3.7106
1045,3.7106
1046,3.7108
1047,3.7108
1048,3.7109
1049,3.7109
1050,3.7111
1051,3.7111
1052,3.7113
1053,3.7113
1054,3.7114
1055,3.7114
1056,3.7116
1057,3.7116
1058,3.7116
1059,3.7117
1060,3.7117
1061,3.7119
1062,3.7119
1063,3.712
1064,3.712
1065,3.7122
1066,3.7122
1067,3.7124
1068,3.7124
1069,3.7125
1070,3.7125
1071,3.7127
1072,3.7127
1073,3.7128
1074,3.7128
1075,3.7128
1076,3.713
1077,3.7132
1078,3.7132
1079,3.7132
1080,3.7133
1081,3.7133
1082,3.7135
1083,3.7135
1084,3.7136
1085,3.7136
1086,3.7138
1087,3.7138
1088,3.714
1089,3.714
1090,3.7141
1091,3.7141
1092,3.7143
1093,3.7143
1094,3.7144
1095,3.7144
1096,3.7144
1097,3.7146
1098,3.7146
1099,3.7147
1100,3.7147
1101,3.7149
1102,3.7149
1103,3.7151
1104,3.7151
1105,3.7152
1106,3.7152
1107,3.7154
1108,3.7154
1109,3.7155
1110,3.7155
1111,3.7157
1112,3.7157
1113,3.7159
1114,3.7159
1115,3.716
1116,3.716
1117,3.7162
1118,3.7162
1119,3.7162
1120,3.7163
1121,3.7163
1122,3.7165
1123,3.7165
1124,3.7167
1125,3.7167
1126,3.7168
1127,3.7168
1128,3.717
1129,3.717
1130,3.7171
1131,3.7171
1132,3.7173
1133,3.7173
1134,3.7174
1135,3.7174
1136,3.7176
1137,3.7176
1138,3.7178
1139,3.7178
1140,3.7179
1141,3.7179
1142,3.7179
1143,3.7181
1144,3.7182
1145,3.7182
1146,3.7184
1147,3.7184
1148,3.7184
1149,3.7186
1150,3.7186
1151,3.7187
1152,3.7187
1153,3.7189
1154,3.7189
1155,3.719
1156,3.719
1157,3.7192
1158,3.7192
1159,3.7194
1160,3.7194
1161,3.7195
1162,3.7195
1163,3.7197
1164,3.7197
1165,3.7198
1166,3.7198
1167,3.72
1168,3.72
1169,3.72
1170,3.7201
1171,3.7203
1172,3.7203
1173,3.7205
1174,3.7205
1175,3.7206
1176,3.7206
1177,3.7208
1178,3.7208
1179,3.7209
1180,3.7209
1181,3.7209
1182,3.7211
1183,3.7211
1184,3.7213
1185,3.7213
1186,3.7214
1187,3.7214
1188,3.7216
1189,3.7216
1190,3.7217
1191,3.7217
1192,3.7219
1193,3.7219
1194,3.7221
1195,3.7221
1196,3.7222
1197,3.7222
1198,3.7224
1199,3.7224
1200,3.7225
1201,3.7225
1202,3.7227
1203,3.7227
1204,3.7228
1205,3.7228
1206,3.723
1207,3.723
1208,3.7232
1209,3.7232
1210,3.7233
1211,3.7233
1212,3.7235
1213,3.7235
1214,3.7236
1215,3.7236
1216,3.7238
1217,3.7238
1218,3.724
1219,3.724
1220,3.7241
1221,3.7241
1222,3.7243
1223,3.7243
1224,3.7244
1225,3.7244
1226,3.7244
1227,3.7246
1228,3.7248
1229,3.7248
1230,3.7249
1231,3.7249
1232,3.7251
1233,3.7251
1234,3.7251
1235,3.7252
1236,3.7254
1237,3.7254
1238,3.7255
1239,3.7255
1240,3.7255
1241,3.7257
1242,3.7259
1243,3.7259
1244,3.726
1245,3.726
1246,3.7262
1247,3.7262
1248,3.7263
1249,3.7263
1250,3.7265
1251,3.7265
1252,3.7267
1253,3.7267
1254,3.7268
1255,3.7268
1256,3.727
1257,3.727
1258,3.7271
1259,3.7271
1260,3.7273
1261,3.7273
1262,3.7275
1263,3.7275
1264,3.7276
1265,3.7276
1266,3.7278
1267,3.7278
1268,3.7279
1269,3.7279
1270,3.7281
1271,3.7281
1272,3.7282
1273,3.7282
1274,3.7284
1275,3.7284
1276,3.7286
1277,3.7286
1278,3.7287
1279,3.7287
1280,3.7289
1281,3.7289
1282,3.729
1283,3.729
1284,3.7292
1285,3.7292
1286,3.7294
1287,3.7294
1288,3.7295
1289,3.7295
1290,3.7297
1291,3.7298
1292,3.7298
1293,3.73
1294,3.73
1295,3.73
1296,3.7302
1297,3.7303
1298,3.7303
1299,3.7305
1300,3.7305
1301,3.7306
1302,3.7306
1303,3.7308
1304,3.7308
1305,3.7309
1306,3.7309
1307,3.7311
1308,3.7311
1309,3.7313
1310,3.7313
1311,3.7314
1312,3.7314
1313,3.7316
1314,3.7316
1315,3.7317
1316,3.7317
1317,3.7319
1318,3.7321
1319,3.7321
1320,3.7322
1321,3.7322
1322,3.7324
1323,3.7324
1324,3.7325
1325,3.7325
1326,3.7327
1327,3.7327
1328,3.7329
1329,3.7329
1330,3.733
1331,3.733
1332,3.7332
1333,3.7332
1334,3.7333
1335,3.7335
1336,3.7335
1337,3.7336
1338,3.7336
1339,3.7338
1340,3.7338
1341,3.734
1342,3.734
1343,3.7341
1344,3.7341
1345,3.7343
1346,3.7343
1347,3.7344
1348,3.7346
1349,3.7346
1350,3.7348
1351,3.7348
1352,3.7349
1353,3.7349
1354,3.7351
1355,3.7351
1356,3.7352
1357,3.7352
1358,3.7354
1359,3.7356
1360,3.7356
1361,3.7357
1362,3.7357
1363,3.7359
1364,3.7359
1365,3.736
1366,3.736
1367,3.7362
1368,3.7362
1369,3.7363
1370,3.7365
1371,3.7365
1372,3.7367
1373,3.7367
1374,3.7368
1375,3.7368
1376,3.737
1377,3.7371
1378,3.7371
1379,3.7373
1380,3.7373
1381,3.7375
1382,3.7375
1383,3.7376
1384,3.7376
1385,3.7378
1386,3.7379
1387,3.7379
1388,3.7381
1389,3.7381
1390,3.7383
1391,3.7383
1392,3.7384
1393,3.7386
1394,3.7386
1395,3.7387
1396,3.7387
1397,3.7389
1398,3.7389
1399,3.739
1400,3.739
1401,3.7392
1402,3.7394
1403,3.7394
1404,3.7395
1405,3.7395
1406,3.7397
1407,3.7398
1408,3.7398
1409,3.74
1410,3.74
1411,3.7402
1412,3.7402
1413,3.7403
1414,3.7405
1415,3.7405
1416,3.7406
1417,3.7406
1418,3.7408
1419,3.7408
1420,3.741
1421,3.7411
1422,3.7411
1423,3.7413
1424,3.7413
1425,3.7414
1426,3.7416
1427,3.7416
1428,3.7417
1429,3.7417
1430,3.7419
1431,3.7421
1432,3.7421
1433,3.7422
1434,3.7422
1435,3.7424
1436,3.7425
1437,3.7425
1438,3.7427
1439,3.7427
1440,3.7429
1441,3.743
1442,3.743
1443,3.7432
1444,3.7432
1445,3.7433
1446,3.7435
1447,3.7435
1448,3.7437
1449,3.7437
1450,3.7438
1451,3.744
1452,3.744
1453,3.7441
1454,3.7441
1455,3.7443
1456,3.7444
1457,3.7444
1458,3.7446
1459,3.7448
1460,3.7448
1461,3.7449
1462,3.7449
1463,3.7451
1464,3.7452
1465,3.7452
1466,3.7454
1467,3.7454
1468,3.7456
1469,3.7457
1470,3.7457
1471,3.7459
1472,3.746
1473,3.746
1474,3.7462
1475,3.7462
1476,3.7464
1477,3.7465
1478,3.7465
1479,3.7467
1480,3.7468
1481,3.7468
1482,3.747
1483,3.7471
1484,3.7471
1485,3.7473
1486,3.7473
1487,3.7475
1488,3.7476
1489,3.7476
1490,3.7478
1491,3.7479
1492,3.7479
1493,3.7481
1494,3.7483
1495,3.7483
1496,3.7484
1497,3.7486
1498,3.7486
1499,3.7487
1500,3.7487
1501,3.7489
1502,3.7491
1503,3.7492
1504,3.7492
1505,3.7494
1506,3.7494
1507,3.7495
1508,3.7497
1509,3.7497
1510,3.7498
1511,3.75
1512,3.75
1513,3.7502
1514,3.7503
1515,3.7503
1516,3.7505
1517,3.7506
1518,3.7506
1519,3.7508
1520,3.751
1521,3.7511
1522,3.7511
1523,3.7513
1524,3.7513
1525,3.7514
1526,3.7516
1527,3.7516
1528,3.7518
1529,3.7519
1530,3.7521
1531,3.7521
1532,3.7522
1533,3.7524
1534,3.7524
1535,3.7525
1536,3.7527
1537,3.7527
1538,3.7529
1539,3.753
1540,3.753
1541,3.7532
1542,3.7533
1543,3.7533
1544,3.7535
1545,3.7537
1546,3.7538
1547,3.7538
1548,3.754
1549,3.7541
1550,3.7541
1551,3.7543
1552,3.7545
1553,3.7545
1554,3.7546
1555,3.7548
1556,3.7549
1557,3.7549
1558,3.7551
1559,3.7552
1560,3.7552
1561,3.7554
1562,3.7556
1563,3.7556
1564,3.7557
1565,3.7559
1566,3.756
1567,3.756
1568,3.7562
1569,3.7564
1570,3.7564
1571,3.7565
1572,3.7567
1573,3.7568
1574,3.7568
1575,3.757
1576,3.7572
1577,3.7573
1578,3.7573
1579,3.7575
1580,3.7576
1581,3.7578
1582,3.7578
1583,3.7579
1584,3.7581
1585,3.7581
1586,3.7583
1587,3.7584
1588,3.7586
1589,3.7586
1590,3.7587
1591,3.7589
1592,3.7591
1593,3.7591
1594,3.7592
1595,3.7594
1596,3.7594
1597,3.7595
1598,3.7597
1599,3.7599
1600,3.76
1601,3.76
1602,3.7602
1603,3.7603
1604,3.7605
1605,3.7605
1606,3.7606
1607,3.7608
1608,3.7608
1609,3.761
1610,3.7611
1611,3.7613
1612,3.7614
1613,3.7614
1614,3.7616
1615,3.7618
1616,3.7619
1617,3.7619
1618,3.7621
1619,3.7622
1620,3.7624
1621,3.7624
1622,3.7626
1623,3.7627
1624,3.7629
1625,3.763
1626,3.763
1627,3.7632
1628,3.7633
1629,3.7635
1630,3.7635
1631,3.7637
1632,3.7638
1633,3.764
1634,3.7641
1635,3.7641
1636,3.7643
1637,3.7645
1638,3.7646
1639,3.7648
1640,3.7648
1641,3.7649
1642,3.7651
1643,3.7653
1644,3.7654
1645,3.7654
1646,3.7656
1647,3.7657
1648,3.7659
1649,3.7659
1650,3.766
1651,3.7662
1652,3.7664
1653,3.7665
1654,3.7665
1655,3.7667
1656,3.7668
1657,3.767
1658,3.7672
1659,3.7673
1660,3.7673
1661,3.7675
1662,3.7676
1663,3.7678
1664,3.768
1665,3.768
1666,3.7681
1667,3.7683
1668,3.7684
1669,3.7686
1670,3.7686
1671,3.7687
1672,3.7689
1673,3.7691
1674,3.7692
1675,3.7694
1676,3.7694
1677,3.7695
1678,3.7697
1679,3.7699
1680,3.77
1681,3.7702
1682,3.7702
1683,3.7703
1684,3.7705
1685,3.7707
1686,3.7708
1687,3.771
1688,3.771
1689,3.7711
1690,3.7713
1691,3.7714
1692,3.7716
1693,3.7716
1694,3.7718
1695,3.7719
1696,3.7721
1697,3.7722
1698,3.7724
1699,3.7726
1700,3.7726
1701,3.7727
1702,3.7729
1703,3.773
1704,3.7732
1705,3.7734
1706,3.7735
1707,3.7735
1708,3.7737
1709,3.7738
1710,3.774
1711,3.7741
1712,3.7743
1713,3.7745
1714,3.7745
1715,3.7746
1716,3.7748
1717,3.7749
1718,3.7751
1719,3.7753
1720,3.7754
1721,3.7756
1722,3.7756
1723,3.7757
1724,3.7759
1725,3.7761
1726,3.7762
1727,3.7764
1728,3.7765
1729,3.7767
1730,3.7767
1731,3.7768
1732,3.777
1733,3.7772
1734,3.7773
1735,3.7775
1736,3.7776
1737,3.7778
1738,3.7778
1739,3.778
1740,3.7781
1741,3.7783
1742,3.7784
1743,3.7786
1744,3.7788
1745,3.7789
1746,3.7791
1747,3.7791
1748,3.7792
1749,3.7794
1750,3.7795
1751,3.7797
1752,3.7799
1753,3.78
1754,3.7802
1755,3.7803
1756,3.7803
1757,3.7805
1758,3.7807
1759,3.7808
1760,3.781
1761,3.7811
1762,3.7813
1763,3.7815
1764,3.7816
1765,3.7818
1766,3.7819
1767,3.7821
1768,3.7821
1769,3.7823
1770,3.7824
1771,3.7826
1772,3.7827
1773,3.7829
1774,3.783
1775,3.7832
1776,3.7834
1777,3.7835
1778,3.7837
1779,3.7838
1780,3.7838
1781,3.784
1782,3.7842
1783,3.7843
1784,3.7845
1785,3.7846
1786,3.7848
1787,3.785
1788,3.7851
1789,3.7853
1790,3.7854
1791,3.7856
1792,3.7857
1793,3.7857
1794,3.7861
1795,3.7861
1796,3.7862
1797,3.7864
1798,3.7865
1799,3.7867
1800,3.7869
1801,3.787
1802,3.7872
1803,3.7873
1804,3.7875
1805,3.7877
1806,3.7878
1807,3.788
1808,3.7881
1809,3.7883
1810,3.7884
1811,3.7886
1812,3.7888
1813,3.7888
1814,3.7891
1815,3.7891
1816,3.7892
1817,3.7894
1818,3.7896
1819,3.7897
1820,3.7899
1821,3.79
1822,3.7902
1823,3.7904
1824,3.7905
1825,3.7907
1826,3.7908
1827,3.791
1828,3.7911
1829,3.7913
1830,3.7915
1831,3.7916
1832,3.7918
1833,3.7919
1834,3.7921
1835,3.7923
1836,3.7924
1837,3.7926
1838,3.7927
1839,3.7929
1840,3.7931
1841,3.7932
1842,3.7934
1843,3.7935
1844,3.7937
1845,3.7938
1846,3.794
1847,3.7942
1848,3.7943
1849,3.7943
1850,3.7945
1851,3.7948
1852,3.795
1853,3.795
1854,3.7951
1855,3.7953
1856,3.7954
1857,3.7956
1858,3.7958
1859,3.7959
1860,3.7962
1861,3.7962
1862,3.7964
1863,3.7967
1864,3.7969
1865,3.797
1866,3.7972
1867,3.7973
1868,3.7975
1869,3.7977
1870,3.7978
1871,3.798
1872,3.7981
1873,3.7983
1874,3.7985
1875,3.7986
1876,3.7988
1877,3.7989
1878,3.7991
1879,3.7992
1880,3.7994
1881,3.7996
1882,3.7997
1883,3.7999
1884,3.8
1885,3.8002
1886,3.8004
1887,3.8005
1888,3.8007
1889,3.8008
1890,3.801
1891,3.8012
1892,3.8013
1893,3.8015
1894,3.8016
1895,3.8018
1896,3.8019
1897,3.8021
1898,3.8023
1899,3.8026
1900,3.8027
1901,3.8029
1902,3.8031
1903,3.8032
1904,3.8034
1905,3.8035
1906,3.8037
1907,3.8039
1908,3.804
1909,3.8042
1910,3.8043
1911,3.8045
1912,3.8046
1913,3.8048
1914,3.805
1915,3.8051
1916,3.8053
1917,3.8054
1918,3.8058
1919,3.8059
1920,3.8061
1921,3.8062
1922,3.8064
1923,3.8066
1924,3.8067
1925,3.8069
1926,3.807
1927,3.8072
1928,3.8073
1929,3.8077
1930,3.8078
1931,3.808
1932,3.8081
1933,3.8083
1934,3.8085
1935,3.8086
1936,3.8088
1937,3.8089
1938,3.8091
1939,3.8093
1940,3.8094
1941,3.8097
1942,3.8099
1943,3.81
1944,3.8102
1945,3.8104
1946,3.8105
1947,3.8107
1948,3.8108
1949,3.811
1950,3.8112
1951,3.8115
1952,3.8116
1953,3.8118
1954,3.812
1955,3.8121
1956,3.8123
1957,3.8124
1958,3.8126
1959,3.8129
1960,3.8131
1961,3.8132
1962,3.8134
1963,3.8135
1964,3.8137
1965,3.8139
1966,3.814
1967,3.8143
1968,3.8145
1969,3.8147
1970,3.8148
1971,3.815
1972,3.8151
1973,3.8153
1974,3.8156
1975,3.8158
1976,3.8159
1977,3.8161
1978,3.8162
1979,3.8164
1980,3.8166
1981,3.8169
1982,3.817
1983,3.8172
1984,3.8174
1985,3.8175
1986,3.8177
1987,3.818
1988,3.8181
1989,3.8183
1990,3.8185
1991,3.8186
1992,3.8189
1993,3.8191
1994,3.8193
1995,3.8194
1996,3.8196
1997,3.8199
1998,3.8201
1999,3.8202
2000,3.8204
2001,3.8205
2002,3.8207
2003,3.821
2004,3.8212
2005,3.8213
2006,3.8215
2007,3.8216
2008,3.822
2009,3.8221
2010,3.8223
2011,3.8224
2012,3.8228
2013,3.8229
2014,3.8231
2015,3.8232
2016,3.8234
2017,3.8237
2018,3.8239
2019,3.824
2020,3.8242
2021,3.8245
2022,3.8247
2023,3.8248
2024,3.825
2025,3.8251
2026,3.8255
2027,3.8256
2028,3.8258
2029,3.8259
2030,3.8262
2031,3.8264
2032,3.8266
2033,3.8267
2034,3.827
2035,3.8272
2036,3.8274
2037,3.8275
2038,3.8278
2039,3.828
2040,3.8282
2041,3.8283
2042,3.8286
2043,3.8288
2044,3.8289
2045,3.8293
2046,3.8294
2047,3.8296
2048,3.8297
2049,3.8301
2050,3.8302
2051,3.8304
2052,3.8307
2053,3.8309
2054,3.831
2055,3.8312
2056,3.8315
2057,3.8316
2058,3.8318
2059,3.8321
2060,3.8323
2061,3.8324
2062,3.8328
2063,3.8329
2064,3.8331
2065,3.8332
2066,3.8336
2067,3.8337
2068,3.8339
2069,3.8342
2070,3.8343
2071,3.8345
2072,3.8348
2073,3.835
2074,3.8351
2075,3.8355
2076,3.8356
2077,3.8358
2078,3.8361
2079,3.8363
2080,3.8364
2081,3.8367
2082,3.8369
2083,3.837
2084,3.8374
2085,3.8375
2086,3.8377
2087,3.838
2088,3.8382
2089,3.8385
2090,3.8386
2091,3.8388
2092,3.8391
2093,3.8393
2094,3.8394
2095,3.8397
2096,3.8399
2097,3.8401
2098,3.8404
2099,3.8405
2100,3.8409
2101,3.841
2102,3.8412
2103,3.8415
2104,3.8417
2105,3.8418
2106,3.8421
2107,3.8423
2108,3.8426
2109,3.8428
2110,3.8429
2111,3.8432
2112,3.8434
2113,3.8437
2114,3.8439
2115,3.844
2116,3.8444
2117,3.8445
2118,3.8448
2119,3.845
2120,3.8451
2121,3.8455
2122,3.8456
2123,3.8459
2124,3.8461
2125,3.8464
2126,3.8466
2127,3.8467
2128,3.8471
2129,3.8472
2130,3.8475
2131,3.8477
2132,3.8478
2133,3.8482
2134,3.8483
2135,3.8486
2136,3.8488
2137,3.8491
2138,3.8493
2139,3.8494
2140,3.8498
2141,3.8499
2142,3.8502
2143,3.8504
2144,3.8507
2145,3.8509
2146,3.8512
2147,3.8513
2148,3.8515
2149,3.8518
2150,3.852
2151,3.8523
2152,3.8525
2153,3.8528
2154,3.8529
2155,3.8532
2156,3.8534
2157,3.8536
2158,3.8539
2159,3.854
2160,3.8544
2161,3.8545
2162,3.8548
2163,3.855
2164,3.8553
2165,3.8555
2166,3.8558
2167,3.8559
2168,3.8563
2169,3.8564
2170,3.8567
2171,3.8569
2172,3.8572
2173,3.8574
2174,3.8577
2175,3.8579
2176,3.858
2177,3.8583
2178,3.8585
2179,3.8588
2180,3.859
2181,3.8593
2182,3.8594
2183,3.8598
2184,3.8599
2185,3.8602
2186,3.8604
2187,3.8607
2188,3.8609
2189,3.8612
2190,3.8613
2191,3.8617
2192,3.8618
2193,3.8621
2194,3.8623
2195,3.8626
2196,3.8628
2197,3.8631
2198,3.8633
2199,3.8636
2200,3.8637
2201,3.864
2202,3.8642
2203,3.8645
2204,3.8647
2205,3.865
2206,3.8652
2207,3.8655
2208,3.8656
2209,3.866
2210,3.8661
2211,3.8664
2212,3.8666
2213,3.8669
2214,3.8671
2215,3.8674
2216,3.8675
2217,3.8679
2218,3.868
2219,3.8683
2220,3.8685
2221,3.8688
2222,3.869
2223,3.8693
2224,3.8695
2225,3.8698
2226,3.8699
2227,3.8702
2228,3.8704
2229,3.8707
2230,3.8709
2231,3.8712
2232,3.8715
2233,3.8717
2234,3.872
2235,3.8722
2236,3.8723
2237,3.8726
2238,3.8728
2239,3.8731
2240,3.8734
2241,3.8736
2242,3.8739
2243,3.8741
2244,3.8742
2245,3.8745
2246,3.8747
2247,3.875
2248,3.8753
2249,3.8755
2250,3.8758
2251,3.876
2252,3.8761
2253,3.8764
2254,3.8768
2255,3.8769
2256,3.8772
2257,3.8774
2258,3.8777
2259,3.8779
2260,3.8782
2261,3.8783
2262,3.8787
2263,3.8788
2264,3.8791
2265,3.8793
2266,3.8795
2267,3.8798
2268,3.8801
2269,3.8803
2270,3.8804
2271,3.8807
2272,3.881
2273,3.8812
2274,3.8814
2275,3.8817
2276,3.8818
2277,3.8822
2278,3.8823
2279,3.8826
2280,3.883
2281,3.8831
2282,3.8833
2283,3.8836
2284,3.8837
2285,3.8841
2286,3.8842
2287,3.8845
2288,3.8847
2289,3.885
2290,3.8852
2291,3.8855
2292,3.8857
2293,3.886
2294,3.8861
2295,3.8864
2296,3.8866
2297,3.8869
2298,3.8871
2299,3.8874
2300,3.8876
2301,3.8879
2302,3.888
2303,3.8884
2304,3.8885
2305,3.8888
2306,3.889
2307,3.8893
2308,3.8895
2309,3.8898
2310,3.8899
2311,3.8901
2312,3.8904
2313,3.8906
2314,3.8909
2315,3.8911
2316,3.8914
2317,3.8915
2318,3.8918
2319,3.892
2320,3.8923
2321,3.8925
2322,3.8928
2323,3.893
2324,3.8931
2325,3.8934
2326,3.8936
2327,3.8939
2328,3.8941
2329,3.8944
2330,3.8945
2331,3.8949
2332,3.895
2333,3.8953
2334,3.8955
2335,3.8958
2336,3.896
2337,3.8961
2338,3.8965
2339,3.8966
2340,3.8969
2341,3.8971
2342,3.8974
2343,3.8976
2344,3.8979
2345,3.898
2346,3.8984
2347,3.8985
2348,3.8987
2349,3.899
2350,3.8992
2351,3.8995
2352,3.8996
2353,3.8999
2354,3.9001
2355,3.9004
2356,3.9006
2357,3.9009
2358,3.9011
2359,3.9012
2360,3.9015
2361,3.9017
2362,3.902
2363,3.9022
2364,3.9025
2365,3.9026
2366,3.903
2367,3.9031
2368,3.9033
2369,3.9036
2370,3.9038
2371,3.9041
2372,3.9042
2373,3.9046
2374,3.9047
2375,3.905
2376,3.9052
2377,3.9053
2378,3.9057
2379,3.9058
2380,3.9061
2381,3.9063
2382,3.9066
2383,3.9068
2384,3.9071
2385,3.9073
2386,3.9076
2387,3.9077
2388,3.9079
2389,3.9082
2390,3.9084
2391,3.9087
2392,3.9088
2393,3.9092
2394,3.9093
2395,3.9096
2396,3.9098
2397,3.91
2398,3.9103
2399,3.9104
2400,3.9107
2401,3.9109
2402,3.9112
2403,3.9114
2404,3.9117
2405,3.9119
2406,3.912
2407,3.9123
2408,3.9125
2409,3.9128
2410,3.913
2411,3.9133
2412,3.9134
2413,3.9138
2414,3.9139
2415,3.9142
2416,3.9144
2417,3.9147
2418,3.9149
2419,3.915
2420,3.9154
2421,3.9155
2422,3.9158
2423,3.916
2424,3.9163
2425,3.9165
2426,3.9168
2427,3.9169
2428,3.9171
2429,3.9174
2430,3.9177
2431,3.9179
2432,3.9181
2433,3.9184
2434,3.9185
2435,3.9188
2436,3.919
2437,3.9193
2438,3.9195
2439,3.9198
2440,3.92
2441,3.9203
2442,3.9204
2443,3.9208
2444,3.9209
2445,3.9212
2446,3.9214
2447,3.9217
2448,3.9219
2449,3.9222
2450,3.9223
2451,3.9227
2452,3.9228
2453,3.9231
2454,3.9233
2455,3.9236
2456,3.9238
2457,3.9241
2458,3.9242
2459,3.9246
2460,3.9247
2461,3.925
2462,3.9252
2463,3.9255
2464,3.9257
2465,3.926
2466,3.9262
2467,3.9265
2468,3.9266
2469,3.9269
2470,3.9271
2471,3.9274
2472,3.9276
2473,3.9279
2474,3.9281
2475,3.9284
2476,3.9285
2477,3.9289
2478,3.929
2479,3.9293
2480,3.9295
2481,3.9298
2482,3.93
2483,3.9303
2484,3.9306
2485,3.9308
2486,3.9311
2487,3.9312
2488,3.9316
2489,3.9317
2490,3.932
2491,3.9322
2492,3.9325
2493,3.9327
2494,3.933
2495,3.9333
2496,3.9335
2497,3.9338
2498,3.9339
2499,3.9343
2500,3.9344
2501,3.9347
2502,3.9349
2503,3.9352
2504,3.9355
2505,3.9357
2506,3.936
2507,3.9362
2508,3.9365
2509,3.9366
2510,3.937
2511,3.9373
2512,3.9374
2513,3.9377
2514,3.9379
2515,3.9382
2516,3.9385
2517,3.9387
2518,3.939
2519,3.9392
2520,3.9395
2521,3.9398
2522,3.94
2523,3.9403
2524,3.9404
2525,3.9408
2526,3.9411
2527,3.9412
2528,3.9416
2529,3.9417
2530,3.942
2531,3.9424
2532,3.9425
2533,3.9428
2534,3.943
2535,3.9433
2536,3.9436
2537,3.9438
2538,3.9441
2539,3.9444
2540,3.9446
2541,3.9449
2542,3.9451
2543,3.9454
2544,3.9457
2545,3.9458
2546,3.9462
2547,3.9465
2548,3.9466
2549,3.947
2550,3.9473
2551,3.9474
2552,3.9478
2553,3.9481
2554,3.9482
2555,3.9485
2556,3.9487
2557,3.949
2558,3.9493
2559,3.9497
2560,3.9498
2561,3.9501
2562,3.9505
2563,3.9506
2564,3.9509
2565,3.9512
2566,3.9514
2567,3.9517
2568,3.952
2569,3.9522
2570,3.9525
2571,3.9528
2572,3.953
2573,3.9533
2574,3.9536
2575,3.9538
2576,3.9541
2577,3.9544
2578,3.9546
2579,3.9549
2580,3.9552
2581,3.9554
2582,3.9557
2583,3.956
2584,3.9562
2585,3.9565
2586,3.9568
2587,3.9571
2588,3.9573
2589,3.9576
2590,3.9579
2591,3.9581
2592,3.9584
2593,3.9587
2594,3.959
2595,3.9592
2596,3.9595
2597,3.9598
2598,3.96
2599,3.9603
2600,3.9606
2601,3.9608
2602,3.9611
2603,3.9614
2604,3.9617
2605,3.9619
2606,3.9622
2607,3.9625
2608,3.9627
2609,3.963
2610,3.9633
2611,3.9636
2612,3.9638
2613,3.9641
2614,3.9644
2615,3.9646
2616,3.9649
2617,3.9652
2618,3.9654
2619,3.9657
2620,3.966
2621,3.9663
2622,3.9665
2623,3.9668
2624,3.9671
2625,3.9673
2626,3.9676
2627,3.9679
2628,3.9682
2629,3.9684
2630,3.9687
2631,3.969
2632,3.9694
2633,3.9695
2634,3.9698
2635,3.9702
2636,3.9703
2637,3.9706
2638,3.9709
2639,3.9711
2640,3.9714
2641,3.9717
2642,3.9719
2643,3.9722
2644,3.9725
2645,3.9729
2646,3.973
2647,3.9733
2648,3.9736
2649,3.9738
2650,3.9741
2651,3.9744
2652,3.9748
2653,3.9749
2654,3.9752
2655,3.9756
2656,3.9757
2657,3.976
2658,3.9763
2659,3.9765
2660,3.9768
2661,3.9771
2662,3.9773
2663,3.9776
2664,3.9779
2665,3.9781
2666,3.9784
2667,3.9787
2668,3.9789
2669,3.9792
2670,3.9795
2671,3.9797
2672,3.98
2673,3.9803
2674,3.9805
2675,3.9808
2676,3.9811
2677,3.9813
2678,3.9816
2679,3.9819
2680,3.9821
2681,3.9824
2682,3.9825
2683,3.9829
2684,3.9832
2685,3.9833
2686,3.9837
2687,3.984
2688,3.9841
2689,3.9844
2690,3.9846
2691,3.9849
2692,3.9852
2693,3.9854
2694,3.9857
2695,3.986
2696,3.9862
2697,3.9865
2698,3.9867
2699,3.987
2700,3.9873
2701,3.9875
2702,3.9878
2703,3.9879
2704,3.9883
2705,3.9886
2706,3.9887
2707,3.9891
2708,3.9892
2709,3.9895
2710,3.9897
2711,3.99
2712,3.9902
2713,3.9905
2714,3.9908
2715,3.991
2716,3.9913
2717,3.9914
2718,3.9918
2719,3.9919
2720,3.9922
2721,3.9924
2722,3.9927
2723,3.9929
2724,3.9932
2725,3.9933
2726,3.9937
2727,3.9938
2728,3.9941
2729,3.9943
2730,3.9946
2731,3.9948
2732,3.9951
2733,3.9952
2734,3.9956
2735,3.9957
2736,3.996
2737,3.9962
2738,3.9965
2739,3.9967
2740,3.9968
2741,3.9972
2742,3.9973
2743,3.9976
2744,3.9978
2745,3.9981
2746,3.9983
2747,3.9984
2748,3.9987
2749,3.9989
2750,3.9992
2751,3.9994
2752,3.9997
2753,3.9999
2754,4.0
2755,4.0003
2756,4.0005
2757,4.0006
2758,4.001
2759,4.0011
2760,4.0014
2761,4.0016
2762,4.0018
2763,4.0021
2764,4.0022
2765,4.0024
2766,4.0027
2767,4.0029
2768,4.003
2769,4.0033
2770,4.0035
2771,4.0037
2772,4.004
2773,4.0041
2774,4.0043
2775,4.0046
2776,4.0048
2777,4.0049
2778,4.0053
2779,4.0054
2780,4.0056
2781,4.0057
2782,4.006
2783,4.0062
2784,4.0064
2785,4.0065
2786,4.0068
2787,4.007
2788,4.0072
2789,4.0075
2790,4.0076
2791,4.0078
2792,4.008
2793,4.0083
2794,4.0084
2795,4.0086
2796,4.0087
2797,4.0089
2798,4.0092
2799,4.0094
2800,4.0095
2801,4.0097
2802,4.01
2803,4.0102
2804,4.0103
2805,4.0105
2806,4.0107
2807,4.011
2808,4.0111
2809,4.0113
2810,4.0114
2811,4.0116
2812,4.0119
2813,4.0121
2814,4.0122
2815,4.0124
2816,4.0126
2817,4.0127
2818,4.0129
2819,4.013
2820,4.0134
2821,4.0135
2822,4.0137
2823,4.0138
2824,4.014
2825,4.0141
2826,4.0143
2827,4.0146
2828,4.0148
2829,4.0149
2830,4.0151
2831,4.0153
2832,4.0154
2833,4.0156
2834,4.0157
2835,4.0159
2836,4.0162
2837,4.0164
2838,4.0165
2839,4.0167
2840,4.0168
2841,4.017
2842,4.0172
2843,4.0173
2844,4.0175
2845,4.0176
2846,4.0178
2847,4.0181
2848,4.0183
2849,4.0184
2850,4.0186
2851,4.0188
2852,4.0189
2853,4.0191
2854,4.0192
2855,4.0194
2856,4.0195
2857,4.0197
2858,4.0199
2859,4.02
2860,4.0202
2861,4.0203
2862,4.0205
2863,4.0207
2864,4.0208
2865,4.021
2866,4.0211
2867,4.0215
2868,4.0216
2869,4.0218
2870,4.0219
2871,4.0221
2872,4.0222
2873,4.0224
2874,4.0226
2875,4.0227
2876,4.0229
2877,4.023
2878,4.0232
2879,4.0234
2880,4.0235
2881,4.0237
2882,4.0238
2883,4.024
2884,4.0242
2885,4.0243
2886,4.0245
2887,4.0246
2888,4.0248
2889,4.0249
2890,4.0251
2891,4.0253
2892,4.0254
2893,4.0256
2894,4.0257
2895,4.0259
2896,4.0261
2897,4.0262
2898,4.0264
2899,4.0265
2900,4.0267
2901,4.0269
2902,4.027
2903,4.0272
2904,4.0273
2905,4.0275
2906,4.0276
2907,4.0278
2908,4.028
2909,4.0281
2910,4.0283
2911,4.0284
2912,4.0286
2913,4.0288
2914,4.0289
2915,4.0291
2916,4.0292
2917,4.0294
2918,4.0296
2919,4.0297
2920,4.0299
2921,4.03
2922,4.0302
2923,4.0303
2924,4.0305
2925,4.0307
2926,4.0308
2927,4.031
2928,4.0311
2929,4.0313
2930,4.0315
2931,4.0316
2932,4.0318
2933,4.0319
2934,4.0321
2935,4.0323
2936,4.0324
2937,4.0326
2938,4.0327
2939,4.0329
2940,4.033
2941,4.0332
2942,4.0334
2943,4.0335
2944,4.0337
2945,4.0338
2946,4.034
2947,4.0342
2948,4.0343
2949,4.0345
2950,4.0346
2951,4.0348
2952,4.0351
2953,4.0351
2954,4.0354
2955,4.0356
2956,4.0357
2957,4.0359
2958,4.0361
2959,4.0362
2960,4.0364
2961,4.0365
2962,4.0367
2963,4.0369
2964,4.037
2965,4.0372
2966,4.0373
2967,4.0377
2968,4.0378
2969,4.038
2970,4.0381
2971,4.0383
2972,4.0384
2973,4.0386
2974,4.0388
2975,4.0389
2976,4.0391
2977,4.0392
2978,4.0396
2979,4.0397
2980,4.0399
2981,4.04
2982,4.0402
2983,4.0404
2984,4.0405
2985,4.0407
2986,4.041
2987,4.0412
2988,4.0413
2989,4.0415
2990,4.0416
2991,4.0419
2992,4.0421
2993,4.0423
2994,4.0424
2995,4.0426
2996,4.0427
2997,4.0431
2998,4.0432
2999,4.0434
3000,4.0435
3001,4.0437
3002,4.044
3003,4.0442
3004,4.0443
3005,4.0445
3006,4.0448
3007,4.045
3008,4.0451
3009,4.0453
3010,4.0456
3011,4.0458
3012,4.0459
3013,4.0461
3014,4.0464
3015,4.0466
3016,4.0467
3017,4.047
3018,4.0472
3019,4.0473
3020,4.0475
3021,4.0478
3022,4.048
3023,4.0481
3024,4.0485
3025,4.0486
3026,4.0488
3027,4.0491
3028,4.0493
3029,4.0494
3030,4.0497
3031,4.0499
3032,4.0502
3033,4.0504
3034,4.0505
3035,4.0508
3036,4.051
3037,4.0513
3038,4.0515
3039,4.0516
3040,4.052
3041,4.0521
3042,4.0524
3043,4.0526
3044,4.0529
3045,4.0531
3046,4.0532
3047,4.0535
3048,4.0537
3049,4.054
3050,4.0542
3051,4.0545
3052,4.0547
3053,4.055
3054,4.0551
3055,4.0554
3056,4.0556
3057,4.0559
3058,4.0561
3059,4.0564
3060,4.0567
3061,4.0569
3062,4.0572
3063,4.0574
3064,4.0577
3065,4.0578
3066,4.0581
3067,4.0583
3068,4.0586
3069,4.0589
3070,4.0591
3071,4.0594
3072,4.0596
3073,4.0599
3074,4.0602
3075,4.0604
3076,4.0607
3077,4.061
3078,4.0612
3079,4.0615
3080,4.0618
3081,4.062
3082,4.0623
3083,4.0626
3084,4.0628
3085,4.0631
3086,4.0634
3087,4.0635
3088,4.0639
3089,4.0642
3090,4.0643
3091,4.0647
3092,4.065
3093,4.0653
3094,4.0655
3095,4.0658
3096,4.0661
3097,4.0664
3098,4.0666
3099,4.0669
3100,4.0672
3101,4.0675
3102,4.0677
3103,4.068
3104,4.0683
3105,4.0686
3106,4.0688
3107,4.0691
3108,4.0694
3109,4.0697
3110,4.0701
3111,4.0704
3112,4.0705
3113,4.0709
3114,4.0712
3115,4.0715
3116,4.0718
3117,4.0721
3118,4.0723
3119,4.0726
3120,4.0729
3121,4.0732
3122,4.0736
3123,4.0739
3124,4.0742
3125,4.0743
3126,4.0747
3127,4.075
3128,4.0753
3129,4.0756
3130,4.0759
3131,4.0763
3132,4.0764
3133,4.0769
3134,4.077
3135,4.0774
3136,4.0777
3137,4.078
3138,4.0783
3139,4.0786
3140,4.079
3141,4.0793
3142,4.0794
3143,4.0797
3144,4.0801
3145,4.0804
3146,4.0807
3147,4.081
3148,4.0813
3149,4.0817
3150,4.082
3151,4.0823
3152,4.0826
3153,4.0829
3154,4.0831
3155,4.0834
3156,4.0837
3157,4.084
3158,4.0844
3159,4.0847
3160,4.085
3161,4.0853
3162,4.0856
3163,4.0859
3164,4.0863
3165,4.0866
3166,4.0869
3167,4.0872
3168,4.0875
3169,4.0878
3170,4.088
3171,4.0883
3172,4.0886
3173,4.089
3174,4.0893
3175,4.0896
3176,4.0899
3177,4.0902
3178,4.0905
3179,4.0909
3180,4.0912
3181,4.0915
3182,4.0918
3183,4.0921
3184,4.0925
3185,4.0928
3186,4.0929
3187,4.0932
3188,4.0936
3189,4.0939
3190,4.0942
3191,4.0945
3192,4.0948
3193,4.0952
3194,4.0955
3195,4.0958
3196,4.0961
3197,4.0964
3198,4.0967
3199,4.0971
3200,4.0974
3201,4.0975
3202,4.0979
3203,4.0982
3204,4.0985
3205,4.0988
3206,4.0991
3207,4.0994
3208,4.0998
3209,4.1001
3210,4.1004
3211,4.1007
3212,4.1009
3213,4.1012
3214,4.1015
3215,4.1018
3216,4.1021
3217,4.1025
3218,4.1028
3219,4.1031
3220,4.1033
3221,4.1036
3222,4.1039
3223,4.1042
3224,4.1045
3225,4.1048
3226,4.1052
3227,4.1053
3228,4.1056
3229,4.106
3230,4.1063
3231,4.1066
3232,4.1069
3233,4.1072
3234,4.1074
3235,4.1077
3236,4.108
3237,4.1083
3238,4.1087
3239,4.109
3240,4.1091
3241,4.1094
3242,4.1098
3243,4.1101
3244,4.1104
3245,4.1106
3246,4.1109
3247,4.1112
3248,4.1115
3249,4.1118
3250,4.112
3251,4.1123
3252,4.1126
3253,4.1129
3254,4.1131
3255,4.1134
3256,4.1137
3257,4.1141
3258,4.1144
3259,4.1145
3260,4.1148
3261,4.1152
3262,4.1153
3263,4.1156
3264,4.116
3265,4.1163
3266,4.1164
3267,4.1168
3268,4.1171
3269,4.1172
3270,4.1175
3271,4.1179
3272,4.1182
3273,4.1183
3274,4.1187
3275,4.119
3276,4.1191
3277,4.1195
3278,4.1198
3279,4.1199
3280,4.1202
3281,4.1206
3282,4.1207
3283,4.121
3284,4.1212
3285,4.1215
3286,4.1218
3287,4.122
3288,4.1223
3289,4.1226
3290,4.1228
3291,4.1231
3292,4.1234
3293,4.1236
3294,4.1239
3295,4.1241
3296,4.1244
3297,4.1245
3298,4.1249
3299,4.1252
3300,4.1253
3301,4.1256
3302,4.1258
3303,4.1261
3304,4.1263
3305,4.1266
3306,4.1268
3307,4.1271
3308,4.1272
3309,4.1276
3310,4.1277
3311,4.128
3312,4.1282
3313,4.1285
3314,4.1287
3315,4.129
3316,4.1291
3317,4.1295
3318,4.1296
3319,4.1299
3320,4.1301
3321,4.1304
3322,4.1306
3323,4.1309
3324,4.1311
3325,4.1314
3326,4.1315
3327,4.1317
3328,4.132
3329,4.1322
3330,4.1325
3331,4.1326
3332,4.1328
3333,4.1331
3334,4.1333
3335,4.1336
3336,4.1338
3337,4.1339
3338,4.1342
3339,4.1344
3340,4.1347
3341,4.1349
3342,4.135
3343,4.1352
3344,4.1355
3345,4.1357
3346,4.136
3347,4.1361
3348,4.1363
3349,4.1365
3350,4.1368
3351,4.1369
3352,4.1371
3353,4.1372
3354,4.1376
3355,4.1377
3356,4.1379
3357,4.1382
3358,4.1384
3359,4.1385
3360,4.1388
3361,4.139
3362,4.1392
3363,4.1393
3364,4.1396
3365,4.1398
3366,4.1399
3367,4.1401
3368,4.1403
3369,4.1406
3370,4.1407
3371,4.1409
3372,4.1411
3373,4.1412
3374,4.1415
3375,4.1417
3376,4.1419
3377,4.142
3378,4.1422
3379,4.1423
3380,4.1426
3381,4.1428
3382,4.143
3383,4.1431
3384,4.1433
3385,4.1434
3386,4.1436
3387,4.1438
3388,4.1441
3389,4.1442
3390,4.1444
3391,4.1446
3392,4.1447
3393,4.1449
3394,4.145
3395,4.1452
3396,4.1453
3397,4.1455
3398,4.1457
3399,4.1458
3400,4.146
3401,4.1463
3402,4.1465
3403,4.1466
3404,4.1468
3405,4.1469
3406,4.1471
3407,4.1473
3408,4.1474
3409,4.1476
3410,4.1477
3411,4.1479
3412,4.148
3413,4.1482
3414,4.1484
3415,4.1485
3416,4.1487
3417,4.1488
3418,4.1488
3419,4.1492
3420,4.1492
3421,4.1493
3422,4.1495
3423,4.1496
3424,4.1498
3425,4.15
3426,4.1501
3427,4.1503
3428,4.1504
3429,4.1506
3430,4.1507
3431,4.1509
3432,4.1509
3433,4.1511
3434,4.1512
3435,4.1514
3436,4.1515
3437,4.1517
3438,4.1519
3439,4.152
3440,4.152
3441,4.1522
3442,4.1523
3443,4.1525
3444,4.1527
3445,4.1528
3446,4.1528
3447,4.153
3448,4.1531
3449,4.1533
3450,4.1534
3451,4.1536
3452,4.1536
3453,4.1538
3454,4.1539
3455,4.1541
3456,4.1542
3457,4.1542
3458,4.1544
3459,4.1546
3460,4.1547
3461,4.1547
3462,4.1549
3463,4.155
3464,4.1552
3465,4.1554
3466,4.1554
3467,4.1555
3468,4.1557
3469,4.1558
3470,4.1558
3471,4.156
3472,4.1561
3473,4.1561
3474,4.1563
3475,4.1565
3476,4.1565
3477,4.1566
3478,4.1568
3479,4.1569
3480,4.1569
3481,4.1571
3482,4.1573
3483,4.1573
3484,4.1574
3485,4.1576
3486,4.1576
3487,4.1577
3488,4.1579
3489,4.1579
3490,4.1581
3491,4.1582
3492,4.1582
3493,4.1584
3494,4.1585
3495,4.1585
3496,4.1587
3497,4.1588
3498,4.1588
3499,4.159
3500,4.159
3501,4.1592
3502,4.1593
3503,4.1593
3504,4.1595
3505,4.1595
3506,4.1596
3507,4.1598
3508,4.1598
3509,4.16
3510,4.16
3511,4.1601
3512,4.1603
3513,4.1603
3514,4.1604
3515,4.1604
3516,4.1606
3517,4.1606
3518,4.1608
3519,4.1609
3520,4.1609
3521,4.1611
3522,4.1611
3523,4.1612
3524,4.1612
3525,4.1614
3526,4.1614
3527,4.1615
3528,4.1617
3529,4.1617
3530,4.1619
3531,4.1619
3532,4.162
3533,4.162
3534,4.1622
3535,4.1622
3536,4.1623
3537,4.1623
3538,4.1625
3539,4.1625
3540,4.1627
3541,4.1628
3542,4.1628
3543,4.163
3544,4.163
3545,4.1631
3546,4.1631
3547,4.1633
3548,4.1633
3549,4.1635
3550,4.1635
3551,4.1636
3552,4.1636
3553,4.1638
3554,4.1638
3555,4.1639
3556,4.1639
3557,4.1641
3558,4.1641
3559,4.1642
3560,4.1642
3561,4.1644
3562,4.1644
3563,4.1646
3564,4.1646
3565,4.1647
3566,4.1647
3567,4.1649
3568,4.1649
3569,4.165
3570,4.165
3571,4.1652
3572,4.1652
3573,4.1654
3574,4.1655
3575,4.1655
3576,4.1655
3577,4.1657
3578,4.1657
3579,4.1658
3580,4.166
3581,4.166
3582,4.166
3583,4.1662
3584,4.1662
3585,4.1663
3586,4.1665
3587,4.1665
3588,4.1666
3589,4.1666
3590,4.1666
3591,4.1668
3592,4.1669
3593,4.1669
3594,4.1671
3595,4.1671
3596,4.1673
3597,4.1673
3598,4.1674
3599,4.1674
3600,4.1676
3601,4.1676
3602,4.1677
3603,4.1677
3604,4.1679
3605,4.1679
3606,4.1681
3607,4.1682
3608,4.1682
3609,4.1684
3610,4.1684
3611,4.1685
3612,4.1685
3613,4.1687
3614,4.1687
3615,4.1689
3616,4.1689
3617,4.169
3618,4.1692
3619,4.1692
3620,4.1693
3621,4.1693
3622,4.1695
3623,4.1695
3624,4.1696
3625,4.1696
3626,4.1698
3627,4.1698
3628,4.17
3629,4.1701
3630,4.1701
3631,4.1703
3632,4.1703
3633,4.1704
3634,4.1704
3635,4.1706
3636,4.1708
3637,4.1708
3638,4.1709
3639,4.1709
3640,4.1711
3641,4.1712
3642,4.1712
3643,4.1714
3644,4.1716
3645,4.1716
3646,4.1717
3647,4.1717
3648,4.1719
3649,4.172
3650,4.172
3651,4.1722
3652,4.1722
3653,4.1723
3654,4.1725
3655,4.1725
3656,4.1727
3657,4.1727
3658,4.1728
3659,4.173
3660,4.173
3661,4.1731
3662,4.1733
3663,4.1733
3664,4.1735
3665,4.1736
3666,4.1736
3667,4.1738
3668,4.1739
3669,4.1739
3670,4.1741
3671,4.1743
3672,4.1744
3673,4.1744
3674,4.1746
3675,4.1747
3676,4.1747
3677,4.1749
3678,4.175
3679,4.175
3680,4.1752
3681,4.1754
3682,4.1755
3683,4.1755
3684,4.1757
3685,4.1758
3686,4.176
3687,4.176
3688,4.1762
3689,4.1763
3690,4.1765
3691,4.1765
3692,4.1766
3693,4.1768
3694,4.177
3695,4.1771
3696,4.1771
3697,4.1773
3698,4.1774
3699,4.1776
3700,4.1777
3701,4.1777
3702,4.1779
3703,4.1781
3704,4.1782
3705,4.1784
3706,4.1785
3707,4.1787
3708,4.1787
3709,4.1789
3710,4.179
3711,4.1792
3712,4.1793
3713,4.1795
3714,4.1797
3715,4.1798
3716,4.18
3717,4.1801
3718,4.1801
3719,4.1803
3720,4.1804
3721,4.1806
3722,4.1808
3723,4.1809
3724,4.1811
3725,4.1812
3726,4.1814
3727,4.1816
3728,4.1817
3729,4.1819
3730,4.182
3731,4.1822
3732,4.1824
3733,4.1825
3734,4.1827
3735,4.1828
3736,4.183
3737,4.1831
3738,4.1833
3739,4.1835
3740,4.1836
3741,4.1838
3742,4.1839
3743,4.1843
3744,4.1844
3745,4.1846
3746,4.1847
3747,4.1849
3748,4.1851
3749,4.1852
3750,4.1855
3751,4.1857
3752,4.1858
3753,4.186
3754,4.1862
3755,4.1865
3756,4.1866
3757,4.1868
3758,4.187
3759,4.1873
3760,4.1874
3761,4.1876
3762,4.1878
3763,4.1881
3764,4.1882
3765,4.1884
3766,4.1885
3767,4.1889
3768,4.189
3769,4.1893
3770,4.1895
3771,4.1897
3772,4.19
3773,4.1901
3774,4.1903
3775,4.1906
3776,4.1908
3777,4.1911
3778,4.1912
3779,4.1916
3780,4.1917
3781,4.192
3782,4.1922
3783,4.1925
3784,4.1927
3785,4.193
3786,4.1932
3787,4.1935
3788,4.1938
3789,4.1939
3790,4.1943
3791,4.1944
3792,4.1947
3793,4.1951
3794,4.1954
3795,4.1955
3796,4.1959
3797,4.1962
3798,4.1963
3799,4.1966
3800,4.197
3801,4.1973
3802,4.1974
3803,4.1978
3804,4.1981
3805,4.1984
3806,4.1987
3807,4.199
3808,4.1993
3809,4.1997
3810,4.2
3811,4.2003
3812,4.2005
3813,4.2009
3814,4.2013
3815,4.2016
3816,4.2019
3817,4.2022
3818,4.2025
3819,4.2028
3820,4.2032
3821,4.2035
3822,4.2038
3823,4.2043
3824,4.2046
3825,4.2049
3826,4.2052
3827,4.2057
3828,4.206
3829,4.2063
3830,4.2068
3831,4.2071
3832,4.2074
3833,4.2079
3834,4.2082
3835,4.2087
3836,4.209
3837,4.2095
3838,4.2098
3839,4.2103
3840,4.2106
3841,4.2111
3842,4.2116
3843,4.2119
3844,4.2124
3845,4.2129
3846,4.2132
3847,4.2136
3848,4.2141
3849,4.2146
3850,4.2151
3851,4.2156
3852,4.2159
3853,4.2163
3854,4.2168
3855,4.2173
3856,4.2178
3857,4.2183
3858,4.2187
3859,4.2194
3860,4.2198
3861,4.2203
3862,4.2208
3863,4.2213
3864,4.2217
3865,4.2224
3866,4.2229
3867,4.2233
3868,4.224
3869,4.2244
3870,4.2249
3871,4.2256
3872,4.2262
3873,4.2267
3874,4.2273
3875,4.2278
3876,4.2284
3877,4.2289
3878,4.2295
3879,4.2302
3880,4.2308
3881,4.2313
3882,4.2319
3883,4.2325
3884,4.2332
3885,4.2338
3886,4.2345
3887,4.2351
3888,4.2357
3889,4.2364
3890,4.237
3891,4.2376
3892,4.2383
3893,4.2389
3894,4.2397
3895,4.2403
3896,4.241
3897,4.2418
3898,4.2424
3899,4.2432
3900,4.2438
3901,4.2446
3902,4.2453
3903,4.246
3904,4.2467
3905,4.2475
3906,4.2483
3907,4.2489
3908,4.2497
3909,4.2505
3910,4.2513
3911,4.2519
3912,4.2527
3913,4.2535
3914,4.2543
3915,4.2551
3916,4.2559
3917,4.2567
3918,4.2576
3919,4.2584
3920,4.2592
3921,4.26
3922,4.2608
3923,4.2618
3924,4.2626
3925,4.2635
3926,4.2643
3927,4.2651
3928,4.2661
3929,4.267
3930,4.2678
3931,4.2688
3932,4.2696
3933,4.2705
3934,4.2715
3935,4.2724
3936,4.2732
3937,4.2742
3938,4.2751
3939,4.2761
3940,4.277
3941,4.278
3942,4.2789
3943,4.2799
3944,4.2808
3945,4.2819
3946,4.2829
3947,4.2838
3948,4.2848
3949,4.2859
3950,4.2869
3951,4.2878
3952,4.2889
3953,4.2899
3954,4.291
3955,4.2919
3956,4.2931
3957,4.294
3958,4.2951
3959,4.2961
3960,4.2972
3961,4.2983
3962,4.2994
3963,4.3004
3964,4.3005
3965,4.3005
3966,4.3005
3967,4.3005
3968,4.3005
3969,4.3005
3970,4.3005
3971,4.3005
3972,4.2976
3973,4.2955
3974,4.2947
3975,4.2943
3976,4.2936
3977,4.2933
3978,4.293
3979,4.2927
3980,4.2924
3981,4.292
3982,4.2919
3983,4.2917
3984,4.2914
3985,4.2912
3986,4.2911
3987,4.2909
3988,4.2908
3989,4.2906
3990,4.2906
3991,4.2904
3992,4.2903
3993,4.2901
3994,4.2901
3995,4.29
3996,4.2898
3997,4.2898
3998,4.2897
3999,4.2895
4000,4.2895
4001,4.2893
4002,4.2893
4003,4.2892
4004,4.2892
4005,4.289
4006,4.289
4007,4.2889
4008,4.2889
4009,4.2887
4010,4.2887
4011,4.2887
4012,4.2885
4013,4.2885
4014,4.2884
4015,4.2884
4016,4.2882
4017,4.2882
4018,4.2882
4019,4.2881
4020,4.2881
4021,4.2881
4022,4.2879
4023,4.2879
4024,4.2877
4025,4.2877
4026,4.2877
4027,4.2876
4028,4.2876
4029,4.2876
4030,4.2874
4031,4.2874
4032,4.2874
4033,4.2873
4034,4.2873
4035,4.2873
4036,4.2873
4037,4.2871
4038,4.2871
4039,4.2871
4040,4.287
4041,4.287
4042,4.287
4043,4.287
4044,4.2868
4045,4.2868
4046,4.2868
4047,4.2866
4048,4.2866
4049,4.2866
4050,4.2866
4051,4.2865
4052,4.2865
4053,4.2865
4054,4.2865
4055,4.2863
4056,4.2863
4057,4.2863
4058,4.2863
4059,4.2862
4060,4.2862
4061,4.2862
4062,4.2862
4063,4.286
4064,4.286
4065,4.286
4066,4.286
4067,4.2858
4068,4.2858
4069,4.2858
4070,4.2858
4071,4.2858
4072,4.2857
4073,4.2857
4074,4.2857
4075,4.2857
4076,4.2855
4077,4.2855
4078,4.2855
4079,4.2855
4080,4.2855
4081,4.2854
4082,4.2854
4083,4.2854
4084,4.2854
4085,4.2852
4086,4.2852
4087,4.2852
4088,4.2852
4089,4.2852
4090,4.2852
4091,4.2851
4092,4.2851
4093,4.2851
4094,4.2851
4095,4.2851
4096,4.2849
4097,4.2849
4098,4.2849
4099,4.2849
4100,4.2849
4101,4.2847
4102,4.2847
4103,4.2847
4104,4.2847
4105,4.2847
4106,4.2847
4107,4.2846
4108,4.2846
4109,4.2846
4110,4.2846
4111,4.2846
4112,4.2844
4113,4.2844
4114,4.2844
4115,4.2844
4116,4.2844
4117,4.2844
4118,4.2843
4119,4.2843
4120,4.2843
4121,4.2843
4122,4.2843
4123,4.2843
4124,4.2843
4125,4.2841
4126,4.2841
4127,4.2841
4128,4.2841
4129,4.2841
4130,4.2841
4131,4.2839
4132,4.2839
4133,4.2839
4134,4.2839
4135,4.2839
4136,4.2839
4137,4.2839
4138,4.2838
4139,4.2838
4140,4.2838
4141,4.2838
4142,4.2838
4143,4.2836
4144,4.2836
4145,4.2836
4146,4.2836
4147,4.2836
4148,4.2836
4149,4.2836
4150,4.2835
4151,4.2835
4152,4.2835
4153,4.2776
4154,4.2731
4155,4.2708
4156,4.2689
4157,4.2671
4158,4.2655
4159,4.2641
4160,4.2627
4161,4.2612
4162,4.26
4163,4.2587
4164,4.2574
4165,4.2562
4166,4.2551
4167,4.2538
4168,4.2527
4169,4.2516
4170,4.2505
4171,4.2492
4172,4.2482
4173,4.2471
4174,4.246
4175,4.2451
4176,4.244
4177,4.243
4178,4.2419
4179,4.2409
4180,4.24
4181,4.2389
4182,4.2379
4183,4.237
4184,4.236
4185,4.2351
4186,4.2341
4187,4.2332
4188,4.2324
4189,4.2314
4190,4.2305
4191,4.2297
4192,4.2287
4193,4.2279
4194,4.227
4195,4.2262
4196,4.2254
4197,4.2244
4198,4.2236
4199,4.2228
4200,4.2221
4201,4.2213
4202,4.2205
4203,4.2197
4204,4.2189
4205,4.2181
4206,4.2173
4207,4.2165
4208,4.2159
4209,4.2151
4210,4.2143
4211,4.2136
4212,4.2129
4213,4.2122
4214,4.2114
4215,4.2108
4216,4.2102
4217,4.2094
4218,4.2087
4219,4.2081
4220,4.2073
4221,4.2067
4222,4.206
4223,4.2054
4224,4.2048
4225,4.2041
4226,4.2035
4227,4.2029
4228,4.2022
4229,4.2016
4230,4.2011
4231,4.2005
4232,4.1998
4233,4.1994
4234,4.1987
4235,4.1981
4236,4.1976
4237,4.197
4238,4.1965
4239,4.1959
4240,4.1954
4241,4.1949
4242,4.1943
4243,4.1938
4244,4.1933
4245,4.1927
4246,4.1922
4247,4.1917
4248,4.1913
4249,4.1908
4250,4.1903
4251,4.1898
4252,4.1894
4253,4.1889
4254,4.1884
4255,4.1879
4256,4.1875
4257,4.187
4258,4.1865
4259,4.1862
4260,4.1857
4261,4.1852
4262,4.1848
4263,4.1844
4264,4.184
4265,4.1835
4266,4.1832
4267,4.1827
4268,4.1824
4269,4.1819
4270,4.1816
4271,4.1811
4272,4.1808
4273,4.1805
4274,4.18
4275,4.1797
4276,4.1794
4277,4.1789
4278,4.1786
4279,4.1783
4280,4.1779
4281,4.1775
4282,4.1771
4283,4.1768
4284,4.1765
4285,4.1762
4286,4.1759
4287,4.1756
4288,4.1752
4289,4.1749
4290,4.1746
4291,4.1743
4292,4.174
4293,4.1737
4294,4.1733
4295,4.173
4296,4.1727
4297,4.1724
4298,4.1721
4299,4.1719
4300,4.1716
4301,4.1713
4302,4.171
4303,4.1706
4304,4.1705
4305,4.1702
4306,4.1698
4307,4.1697
4308,4.1694
4309,4.1691
4310,4.1689
4311,4.1686
4312,4.1684
4313,4.1681
4314,4.1678
4315,4.1676
4316,4.1673
4317,4.1672
4318,4.1668
4319,4.1667
4320,4.1664
4321,4.1662
4322,4.166
4323,4.1657
4324,4.1656
4325,4.1652
4326,4.1651
4327,4.1648
4328,4.1646
4329,4.1645
4330,4.1641
4331,4.164
4332,4.1638
4333,4.1637
4334,4.1633
4335,4.1632
4336,4.163
4337,4.1629
4338,4.1625
4339,4.1624
4340,4.1622
4341,4.1621
4342,4.1619
4343,4.1616
4344,4.1614
4345,4.1613
4346,4.1611
4347,4.161
4348,4.1608
4349,4.1606
4350,4.1603
4351,4.1602
4352,4.16
4353,4.1599
4354,4.1597
4355,4.1595
4356,4.1594
4357,4.1592
4358,4.1591
4359,4.1589
4360,4.1587
4361,4.1586
4362,4.1584
4363,4.1583
4364,4.1581
4365,4.1579
4366,4.1578
4367,4.1576
4368,4.1575
4369,4.1573
4370,4.1572
4371,4.157
4372,4.1568
4373,4.1568
4374,4.1567
4375,4.1565
4376,4.1564
4377,4.1562
4378,4.156
4379,4.1559
4380,4.1557
4381,4.1557
4382,4.1556
4383,4.1554
4384,4.1552
4385,4.1551
4386,4.1549
4387,4.1549
4388,4.1548
4389,4.1546
4390,4.1545
4391,4.1543
4392,4.1543
4393,4.1541
4394,4.154
4395,4.1538
4396,4.1538
4397,4.1537
4398,4.1535
4399,4.1533
4400,4.1533
4401,4.1532
4402,4.153
4403,4.153
4404,4.1529
4405,4.1527
4406,4.1526
4407,4.1526
4408,4.1524
4409,4.1522
4410,4.1522
4411,4.1521
4412,4.1519
4413,4.1519
4414,4.1518
4415,4.1516
4416,4.1516
4417,4.1514
4418,4.1513
4419,4.1513
4420,4.1511
4421,4.151
4422,4.151
4423,4.1508
4424,4.1508
4425,4.1506
4426,4.1505
4427,4.1505
4428,4.1503
4429,4.1502
4430,4.1502
4431,4.15
4432,4.15
4433,4.1499
4434,4.1499
4435,4.1497
4436,4.1495
4437,4.1495
4438,4.1494
4439,4.1494
4440,4.1492
4441,4.1492
4442,4.1491
4443,4.1489
4444,4.1489
4445,4.1487
4446,4.1487
4447,4.1486
4448,4.1486
4449,4.1484
4450,4.1483
4451,4.1483
4452,4.1483
4453,4.1481
4454,4.148
4455,4.148
4456,4.148
4457,4.1478
4458,4.1476
4459,4.1476
4460,4.1475
4461,4.1475
4462,4.1473
4463,4.1473
4464,4.1472
4465,4.1472
4466,4.147
4467,4.147
4468,4.1468
4469,4.1468
4470,4.1467
4471,4.1467
4472,4.1465
4473,4.1465
4474,4.1464
4475,4.1464
4476,4.1462
4477,4.1462
4478,4.146
4479,4.146
4480,4.1459
4481,4.1459
4482,4.1457
4483,4.1457
4484,4.1456
4485,4.1456
4486,4.1454
4487,4.1454
4488,4.1454
4489,4.1453
4490,4.1453
4491,4.1451
4492,4.1451
4493,4.1449
4494,4.1449
4495,4.1448
4496,4.1448
4497,4.1446
4498,4.1446
4499,4.1445
4500,4.1445
4501,4.1443
4502,4.1443
4503,4.1443
4504,4.1441
4505,4.1441
4506,4.144
4507,4.144
4508,4.1438
4509,4.1438
4510,4.1437
4511,4.1437
4512,4.1435
4513,4.1435
4514,4.1435
4515,4.1433
4516,4.1433
4517,4.1432
4518,4.1432
4519,4.143
4520,4.143
4521,4.1429
4522,4.1429
4523,4.1427
4524,4.1427
4525,4.1427
4526,4.1426
4527,4.1426
4528,4.1424
4529,4.1424
4530,4.1422
4531,4.1422
4532,4.1422
4533,4.1421
4534,4.1421
4535,4.1419
4536,4.1419
4537,4.1418
4538,4.1418
4539,4.1416
4540,4.1416
4541,4.1416
4542,4.1414
4543,4.1414
4544,4.1413
4545,4.1413
4546,4.1411
4547,4.1411
4548,4.141
4549,4.141
4550,4.1408
4551,4.1408
4552,4.1407
4553,4.1407
4554,4.1407
4555,4.1405
4556,4.1405
4557,4.1403
4558,4.1403
4559,4.1402
4560,4.1402
4561,4.14
4562,4.14
4563,4.14
4564,4.1399
4565,4.1399
4566,4.1397
4567,4.1397
4568,4.1395
4569,4.1395
4570,4.1394
4571,4.1394
4572,4.1394
4573,4.1392
4574,4.1392
4575,4.1391
4576,4.1391
4577,4.1389
4578,4.1389
4579,4.1387
4580,4.1387
4581,4.1386
4582,4.1386
4583,4.1384
4584,4.1384
4585,4.1383
4586,4.1383
4587,4.1383
4588,4.1381
4589,4.1381
4590,4.138
4591,4.138
4592,4.1378
4593,4.1378
4594,4.1376
4595,4.1376
4596,4.1375
4597,4.1375
4598,4.1373
4599,4.1373
4600,4.1372
4601,4.1372
4602,4.137
4603,4.137
4604,4.1368
4605,4.1368
4606,4.1367
4607,4.1367
4608,4.1365
4609,4.1365
4610,4.1364
4611,4.1364
4612,4.1362
4613,4.1362
4614,4.136
4615,4.136
4616,4.1359
4617,4.1359
4618,4.1357
4619,4.1356
4620,4.1356
4621,4.1354
4622,4.1354
4623,4.1353
4624,4.1353
4625,4.1351
4626,4.1351
4627,4.1349
4628,4.1348
4629,4.1348
4630,4.1346
4631,4.1346
4632,4.1345
4633,4.1345
4634,4.1343
4635,4.1343
4636,4.1341
4637,4.134
4638,4.134
4639,4.1338
4640,4.1338
4641,4.1337
4642,4.1335
4643,4.1335
4644,4.1334
4645,4.1332
4646,4.1332
4647,4.133
4648,4.133
4649,4.1329
4650,4.1327
4651,4.1327
4652,4.1326
4653,4.1324
4654,4.1324
4655,4.1322
4656,4.1321
4657,4.1321
4658,4.1319
4659,4.1318
4660,4.1318
4661,4.1316
4662,4.1314
4663,4.1314
4664,4.1313
4665,4.1311
4666,4.1311
4667,4.131
4668,4.1308
4669,4.1307
4670,4.1307
4671,4.1305
4672,4.1303
4673,4.1303
4674,4.1302
4675,4.13
4676,4.1299
4677,4.1299
4678,4.1297
4679,4.1295
4680,4.1294
4681,4.1292
4682,4.1292
4683,4.1291
4684,4.1289
4685,4.1287
4686,4.1286
4687,4.1286
4688,4.1284
4689,4.1283
4690,4.1281
4691,4.128
4692,4.128
4693,4.1278
4694,4.1276
4695,4.1275
4696,4.1273
4697,4.1272
4698,4.127
4699,4.127
4700,4.1268
4701,4.1267
4702,4.1265
4703,4.1264
4704,4.1262
4705,4.1261
4706,4.1259
4707,4.1257
4708,4.1257
4709,4.1254
4710,4.1254
4711,4.1253
4712,4.1251
4713,4.1249
4714,4.1248
4715,4.1246
4716,4.1245
4717,4.1243
4718,4.1241
4719,4.124
4720,4.1238
4721,4.1237
4722,4.1235
4723,4.1234
4724,4.1232
4725,4.123
4726,4.1229
4727,4.1227
4728,4.1226
4729,4.1224
4730,4.1222
4731,4.1219
4732,4.1218
4733,4.1216
4734,4.1215
4735,4.1213
4736,4.1211
4737,4.121
4738,4.1208
4739,4.1207
4740,4.1205
4741,4.1203
4742,4.12
4743,4.1199
4744,4.1197
4745,4.1195
4746,4.1194
4747,4.1192
4748,4.1189
4749,4.1188
4750,4.1186
4751,4.1184
4752,4.1183
4753,4.118
4754,4.1178
4755,4.1176
4756,4.1175
4757,4.1173
4758,4.117
4759,4.1168
4760,4.1167
4761,4.1165
4762,4.1162
4763,4.1161
4764,4.1159
4765,4.1157
4766,4.1154
4767,4.1153
4768,4.1151
4769,4.1148
4770,4.1146
4771,4.1145
4772,4.1142
4773,4.114
4774,4.1138
4775,4.1135
4776,4.1134
4777,4.1132
4778,4.1129
4779,4.1127
4780,4.1126
4781,4.1122
4782,4.1121
4783,4.1118
4784,4.1116
4785,4.1115
4786,4.1111
4787,4.111
4788,4.1107
4789,4.1105
4790,4.1103
4791,4.11
4792,4.1099
4793,4.1095
4794,4.1094
4795,4.1091
4796,4.1089
4797,4.1086
4798,4.1084
4799,4.1081
4800,4.108
4801,4.1076
4802,4.1075
4803,4.1072
4804,4.107
4805,4.1067
4806,4.1065
4807,4.1062
4808,4.1061
4809,4.1057
4810,4.1056
4811,4.1053
4812,4.1051
4813,4.1048
4814,4.1045
4815,4.1043
4816,4.104
4817,4.1038
4818,4.1035
4819,4.1032
4820,4.103
4821,4.1027
4822,4.1026
4823,4.1023
4824,4.1019
4825,4.1018
4826,4.1015
4827,4.1013
4828,4.101
4829,4.1007
4830,4.1005
4831,4.1002
4832,4.0999
4833,4.0996
4834,4.0994
4835,4.0991
4836,4.0988
4837,4.0986
4838,4.0983
4839,4.098
4840,4.0978
4841,4.0975
4842,4.0972
4843,4.0969
4844,4.0967
4845,4.0964
4846,4.0961
4847,4.0957
4848,4.0956
4849,4.0953
4850,4.095
4851,4.0946
4852,4.0945
4853,4.0942
4854,4.0938
4855,4.0935
4856,4.0934
4857,4.093
4858,4.0927
4859,4.0924
4860,4.0921
4861,4.0919
4862,4.0916
4863,4.0913
4864,4.091
4865,4.0907
4866,4.0903
4867,4.0902
4868,4.0899
4869,4.0896
4870,4.0892
4871,4.0889
4872,4.0886
4873,4.0884
4874,4.0881
4875,4.0878
4876,4.0875
4877,4.0872
4878,4.0869
4879,4.0865
4880,4.0862
4881,4.0861
4882,4.0857
4883,4.0854
4884,4.0851
4885,4.0848
4886,4.0845
4887,4.0842
4888,4.0838
4889,4.0835
4890,4.0832
4891,4.083
4892,4.0827
4893,4.0824
4894,4.0821
4895,4.0818
4896,4.0815
4897,4.0811
4898,4.0808
4899,4.0805
4900,4.0802
4901,4.0799
4902,4.0796
4903,4.0792
4904,4.0791
4905,4.0786
4906,4.0783
4907,4.0781
4908,4.0778
4909,4.0775
4910,4.0772
4911,4.0769
4912,4.0765
4913,4.0762
4914,4.0759
4915,4.0756
4916,4.0753
4917,4.075
4918,4.0746
4919,4.0743
4920,4.074
4921,4.0737
4922,4.0734
4923,4.0731
4924,4.0727
4925,4.0724
4926,4.0721
4927,4.0718
4928,4.0715
4929,4.0711
4930,4.0708
4931,4.0705
4932,4.0702
4933,4.0699
4934,4.0696
4935,4.0692
4936,4.0689
4937,4.0686
4938,4.0683
4939,4.068
4940,4.0677
4941,4.0673
4942,4.067
4943,4.0667
4944,4.0664
4945,4.0661
4946,4.0658
4947,4.0656
4948,4.0651
4949,4.0648
4950,4.0646
4951,4.0643
4952,4.064
4953,4.0637
4954,4.0634
4955,4.0631
4956,4.0627
4957,4.0624
4958,4.0621
4959,4.0618
4960,4.0615
4961,4.0612
4962,4.0608
4963,4.0605
4964,4.0602
4965,4.0599
4966,4.0596
4967,4.0592
4968,4.0589
4969,4.0586
4970,4.0583
4971,4.058
4972,4.0577
4973,4.0573
4974,4.057
4975,4.0567
4976,4.0565
4977,4.0562
4978,4.0559
4979,4.0556
4980,4.0553
4981,4.055
4982,4.0546
4983,4.0543
4984,4.054
4985,4.0537
4986,4.0535
4987,4.0532
4988,4.0529
4989,4.0526
4990,4.0523
4991,4.0519
4992,4.0516
4993,4.0513
4994,4.051
4995,4.0508
4996,4.0505
4997,4.0502
4998,4.0499
4999,4.0496
5000,4.0492
5001,4.0489
5002,4.0486
5003,4.0485
5004,4.0481
5005,4.0478
5006,4.0475
5007,4.0472
5008,4.047
5009,4.0467
5010,4.0464
5011,4.0461
5012,4.0458
5013,4.0456
5014,4.0453
5015,4.045
5016,4.0446
5017,4.0443
5018,4.0442
5019,4.0439
5020,4.0435
5021,4.0432
5022,4.0431
5023,4.0427
5024,4.0424
5025,4.0421
5026,4.042
5027,4.0416
5028,4.0413
5029,4.041
5030,4.0408
5031,4.0405
5032,4.0402
5033,4.0399
5034,4.0397
5035,4.0394
5036,4.0391
5037,4.0389
5038,4.0386
5039,4.0385
5040,4.0381
5041,4.0378
5042,4.0377
5043,4.0373
5044,4.037
5045,4.0369
5046,4.0366
5047,4.0362
5048,4.0361
5049,4.0358
5050,4.0356
5051,4.0353
5052,4.035
5053,4.0348
5054,4.0345
5055,4.0343
5056,4.034
5057,4.0339
5058,4.0335
5059,4.0332
5060,4.0331
5061,4.0327
5062,4.0326
5063,4.0323
5064,4.0321
5065,4.0318
5066,4.0316
5067,4.0313
5068,4.0312
5069,4.0308
5070,4.0307
5071,4.0304
5072,4.0302
5073,4.0299
5074,4.0297
5075,4.0294
5076,4.0293
5077,4.0289
5078,4.0288
5079,4.0286
5080,4.0283
5081,4.0281
5082,4.0278
5083,4.0277
5084,4.0275
5085,4.0272
5086,4.027
5087,4.0267
5088,4.0266
5089,4.0264
5090,4.0261
5091,4.0259
5092,4.0258
5093,4.0254
5094,4.0253
5095,4.025
5096,4.0248
5097,4.0247
5098,4.0243
5099,4.0242
5100,4.024
5101,4.0239
5102,4.0235
5103,4.0234
5104,4.0232
5105,4.0229
5106,4.0228
5107,4.0226
5108,4.0223
5109,4.0221
5110,4.022
5111,4.0218
5112,4.0215
5113,4.0213
5114,4.0212
5115,4.021
5116,4.0207
5117,4.0205
5118,4.0204
5119,4.0204
5120,4.0202
5121,4.0202
5122,4.0201
5123,4.0201
5124,4.0197
5125,4.0197
5126,4.0196
5127,4.0196
5128,4.0194
5129,4.0194
5130,4.0193
5131,4.0193
5132,4.0191
5133,4.0191
5134,4.0188
5135,4.0188
5136,4.0186
5137,4.0186
5138,4.0185
5139,4.0185
5140,4.0183
5141,4.0183
5142,4.0181
5143,4.0181
5144,4.0178
5145,4.0178
5146,4.0177
5147,4.0177
5148,4.0175
5149,4.0175
5150,4.0174
5151,4.0174
5152,4.0172
5153,4.0172
5154,4.017
5155,4.017
5156,4.0167
5157,4.0167
5158,4.0166
5159,4.0166
5160,4.0164
5161,4.0162
5162,4.0161
5163,4.0159
5164,4.0158
5165,4.0156
5166,4.0153
5167,4.0151
5168,4.015
5169,4.0148
5170,4.0147
5171,4.0145
5172,4.0143
5173,4.0142
5174,4.014
5175,4.0139
5176,4.0135
5177,4.0134
5178,4.0132
5179,4.0131
5180,4.0129
5181,4.0128
5182,4.0126
5183,4.0124
5184,4.0123
5185,4.0121
5186,4.012
5187,4.0118
5188,4.0116
5189,4.0115
5190,4.0113
5191,4.011
5192,4.011
5193,4.0107
5194,4.0105
5195,4.0104
5196,4.0102
5197,4.0101
5198,4.0099
5199,4.0097
5200,4.0096
5201,4.0094
5202,4.0093
5203,4.0091
5204,4.0089
5205,4.0088
5206,4.0086
5207,4.0085
5208,4.0083
5209,4.0082
5210,4.008
5211,4.0078
5212,4.0077
5213,4.0075
5214,4.0074
5215,4.0072
5216,4.007
5217,4.0069
5218,4.0067
5219,4.0066
5220,4.0064
5221,4.0062
5222,4.0061
5223,4.0059
5224,4.0058
5225,4.0056
5226,4.0055
5227,4.0053
5228,4.0051
5229,4.005
5230,4.0048
5231,4.0047
5232,4.0045
5233,4.0043
5234,4.0042
5235,4.004
5236,4.0039
5237,4.0037
5238,4.0035
5239,4.0034
5240,4.0032
5241,4.0031
5242,4.0029
5243,4.0028
5244,4.0026
5245,4.0024
5246,4.0023
5247,4.0021
5248,4.002
5249,4.0018
5250,4.0016
5251,4.0015
5252,4.0013
5253,4.0012
5254,4.001
5255,4.0009
5256,4.0007
5257,4.0005
5258,4.0004
5259,4.0002
5260,4.0001
5261,3.9999
5262,3.9997
5263,3.9996
5264,3.9994
5265,3.9991
5266,3.9989
5267,3.9989
5268,3.9986
5269,3.9985
5270,3.9983
5271,3.9982
5272,3.998
5273,3.9978
5274,3.9977
5275,3.9975
5276,3.9974
5277,3.9972
5278,3.997
5279,3.9969
5280,3.9967
5281,3.9966
5282,3.9964
5283,3.9963
5284,3.9961
5285,3.9959
5286,3.9956
5287,3.9955
5288,3.9953
5289,3.9951
5290,3.995
5291,3.9948
5292,3.9947
5293,3.9945
5294,3.9943
5295,3.9942
5296,3.994
5297,3.9939
5298,3.9936
5299,3.9934
5300,3.9932
5301,3.9931
5302,3.9929
5303,3.9928
5304,3.9926
5305,3.9924
5306,3.9923
5307,3.992
5308,3.9918
5309,3.9916
5310,3.9915
5311,3.9913
5312,3.9912
5313,3.991
5314,3.9907
5315,3.9905
5316,3.9904
5317,3.9902
5318,3.9901
5319,3.9899
5320,3.9896
5321,3.9894
5322,3.9893
5323,3.9891
5324,3.989
5325,3.9888
5326,3.9885
5327,3.9883
5328,3.9882
5329,3.988
5330,3.9877
5331,3.9875
5332,3.9874
5333,3.9872
5334,3.987
5335,3.9867
5336,3.9866
5337,3.9864
5338,3.9863
5339,3.9859
5340,3.9858
5341,3.9856
5342,3.9855
5343,3.9851
5344,3.985
5345,3.9848
5346,3.9845
5347,3.9843
5348,3.9842
5349,3.984
5350,3.9837
5351,3.9836
5352,3.9834
5353,3.9832
5354,3.9829
5355,3.9828
5356,3.9826
5357,3.9823
5358,3.9821
5359,3.9818
5360,3.9817
5361,3.9815
5362,3.9812
5363,3.981
5364,3.9809
5365,3.9805
5366,3.9804
5367,3.9802
5368,3.9799
5369,3.9797
5370,3.9794
5371,3.9793
5372,3.9791
5373,3.9788
5374,3.9786
5375,3.9783
5376,3.9782
5377,3.978
5378,3.9777
5379,3.9775
5380,3.9772
5381,3.9771
5382,3.9769
5383,3.9766
5384,3.9764
5385,3.9761
5386,3.9759
5387,3.9756
5388,3.9755
5389,3.9751
5390,3.975
5391,3.9747
5392,3.9745
5393,3.9742
5394,3.974
5395,3.9737
5396,3.9736
5397,3.9734
5398,3.9731
5399,3.9729
5400,3.9726
5401,3.9723
5402,3.9721
5403,3.9718
5404,3.9717
5405,3.9713
5406,3.9712
5407,3.9709
5408,3.9707
5409,3.9704
5410,3.9702
5411,3.9699
5412,3.9696
5413,3.9694
5414,3.9691
5415,3.969
5416,3.9686
5417,3.9685
5418,3.9682
5419,3.9678
5420,3.9677
5421,3.9674
5422,3.9672
5423,3.9669
5424,3.9666
5425,3.9664
5426,3.9661
5427,3.9658
5428,3.9656
5429,3.9653
5430,3.9651
5431,3.9648
5432,3.9645
5433,3.9644
5434,3.964
5435,3.9637
5436,3.9636
5437,3.9632
5438,3.9629
5439,3.9628
5440,3.9625
5441,3.9621
5442,3.962
5443,3.9617
5444,3.9613
5445,3.9612
5446,3.9609
5447,3.9605
5448,3.9604
5449,3.9601
5450,3.9598
5451,3.9596
5452,3.9593
5453,3.959
5454,3.9586
5455,3.9585
5456,3.9582
5457,3.9578
5458,3.9577
5459,3.9574
5460,3.9571
5461,3.9567
5462,3.9566
5463,3.9563
5464,3.9559
5465,3.9556
5466,3.9555
5467,3.9552
5468,3.9548
5469,3.9545
5470,3.9544
5471,3.954
5472,3.9537
5473,3.9534
5474,3.9532
5475,3.9529
5476,3.9526
5477,3.9523
5478,3.9521
5479,3.9518
5480,3.9515
5481,3.9512
5482,3.951
5483,3.9507
5484,3.9504
5485,3.9501
5486,3.9498
5487,3.9496
5488,3.9493
5489,3.949
5490,3.9486
5491,3.9485
5492,3.9482
5493,3.9479
5494,3.9475
5495,3.9474
5496,3.9471
5497,3.9467
5498,3.9464
5499,3.9461
5500,3.9459
5501,3.9456
5502,3.9453
5503,3.945
5504,3.9447
5505,3.9445
5506,3.9442
5507,3.9439
5508,3.9436
5509,3.9434
5510,3.9431
5511,3.9428
5512,3.9425
5513,3.9421
5514,3.942
5515,3.9417
5516,3.9413
5517,3.941
5518,3.9409
5519,3.9406
5520,3.9402
5521,3.9399
5522,3.9396
5523,3.9394
5524,3.9391
5525,3.9388
5526,3.9385
5527,3.9383
5528,3.938
5529,3.9377
5530,3.9374
5531,3.9371
5532,3.9369
5533,3.9366
5534,3.9363
5535,3.936
5536,3.9358
5537,3.9355
5538,3.9352
5539,3.9348
5540,3.9347
5541,3.9344
5542,3.934
5543,3.9337
5544,3.9334
5545,3.9333
5546,3.9329
5547,3.9326
5548,3.9323
5549,3.9321
5550,3.9318
5551,3.9315
5552,3.9313
5553,3.931
5554,3.9307
5555,3.9304
5556,3.9302
5557,3.9299
5558,3.9296
5559,3.9293
5560,3.9291
5561,3.9288
5562,3.9285
5563,3.9282
5564,3.928
5565,3.9277
5566,3.9274
5567,3.9272
5568,3.9269
5569,3.9266
5570,3.9264
5571,3.9261
5572,3.9258
5573,3.9255
5574,3.9253
5575,3.925
5576,3.9247
5577,3.9245
5578,3.9242
5579,3.9239
5580,3.9237
5581,3.9234
5582,3.9231
5583,3.9229
5584,3.9226
5585,3.9223
5586,3.9221
5587,3.9218
5588,3.9215
5589,3.9214
5590,3.921
5591,3.9207
5592,3.9206
5593,3.9202
5594,3.9199
5595,3.9198
5596,3.9194
5597,3.9191
5598,3.919
5599,3.9187
5600,3.9185
5601,3.9182
5602,3.9179
5603,3.9177
5604,3.9174
5605,3.9171
5606,3.9169
5607,3.9166
5608,3.9163
5609,3.9161
5610,3.9158
5611,3.9156
5612,3.9153
5613,3.915
5614,3.9148
5615,3.9145
5616,3.9144
5617,3.9141
5618,3.9137
5619,3.9136
5620,3.9133
5621,3.9131
5622,3.9128
5623,3.9126
5624,3.9123
5625,3.912
5626,3.9118
5627,3.9115
5628,3.9114
5629,3.911
5630,3.9107
5631,3.9106
5632,3.9102
5633,3.9101
5634,3.9098
5635,3.9096
5636,3.9093
5637,3.9091
5638,3.9088
5639,3.9087
5640,3.9083
5641,3.908
5642,3.9079
5643,3.9075
5644,3.9074
5645,3.9071
5646,3.9069
5647,3.9066
5648,3.9064
5649,3.9061
5650,3.906
5651,3.9056
5652,3.9055
5653,3.9052
5654,3.905
5655,3.9047
5656,3.9045
5657,3.9042
5658,3.9041
5659,3.9037
5660,3.9036
5661,3.9033
5662,3.9031
5663,3.9028
5664,3.9026
5665,3.9023
5666,3.9022
5667,3.9018
5668,3.9017
5669,3.9014
5670,3.9012
5671,3.9009
5672,3.9007
5673,3.9004
5674,3.9002
5675,3.8999
5676,3.8998
5677,3.8995
5678,3.8993
5679,3.899
5680,3.8988
5681,3.8985
5682,3.8983
5683,3.898
5684,3.8979
5685,3.8977
5686,3.8974
5687,3.8972
5688,3.8969
5689,3.8968
5690,3.8964
5691,3.8963
5692,3.896
5693,3.8958
5694,3.8955
5695,3.8953
5696,3.895
5697,3.8949
5698,3.8945
5699,3.8944
5700,3.8942
5701,3.8939
5702,3.8937
5703,3.8934
5704,3.8933
5705,3.8929
5706,3.8928
5707,3.8925
5708,3.8923
5709,3.8922
5710,3.8918
5711,3.8917
5712,3.8914
5713,3.8912
5714,3.8909
5715,3.8907
5716,3.8904
5717,3.8903
5718,3.8901
5719,3.8898
5720,3.8896
5721,3.8893
5722,3.8891
5723,3.8888
5724,3.8887
5725,3.8885
5726,3.8882
5727,3.888
5728,3.8877
5729,3.8876
5730,3.8872
5731,3.8871
5732,3.8868
5733,3.8866
5734,3.8864
5735,3.8861
5736,3.886
5737,3.8856
5738,3.8855
5739,3.8852
5740,3.885
5741,3.8849
5742,3.8845
5743,3.8842
5744,3.8841
5745,3.8839
5746,3.8836
5747,3.8834
5748,3.8831
5749,3.883
5750,3.8826
5751,3.8825
5752,3.8823
5753,3.882
5754,3.8818
5755,3.8815
5756,3.8814
5757,3.881
5758,3.8809
5759,3.8806
5760,3.8804
5761,3.8803
5762,3.8799
5763,3.8798
5764,3.8795
5765,3.8793
5766,3.879
5767,3.8788
5768,3.8785
5769,3.8784
5770,3.8782
5771,3.8779
5772,3.8777
5773,3.8774
5774,3.8772
5775,3.8769
5776,3.8768
5777,3.8764
5778,3.8763
5779,3.876
5780,3.8758
5781,3.8755
5782,3.8753
5783,3.8752
5784,3.8749
5785,3.8745
5786,3.8744
5787,3.8742
5788,3.8739
5789,3.8737
5790,3.8734
5791,3.8733
5792,3.873
5793,3.8728
5794,3.8725
5795,3.8723
5796,3.872
5797,3.8718
5798,3.8715
5799,3.8714
5800,3.8711
5801,3.8709
5802,3.8706
5803,3.8704
5804,3.8701
5805,3.8699
5806,3.8696
5807,3.8695
5808,3.8691
5809,3.869
5810,3.8688
5811,3.8685
5812,3.8684
5813,3.868
5814,3.8679
5815,3.8676
5816,3.8672
5817,3.8671
5818,3.8668
5819,3.8666
5820,3.8663
5821,3.8661
5822,3.8658
5823,3.8657
5824,3.8653
5825,3.8652
5826,3.8649
5827,3.8647
5828,3.8644
5829,3.8642
5830,3.8639
5831,3.8638
5832,3.8634
5833,3.8633
5834,3.863
5835,3.8628
5836,3.8625
5837,3.8623
5838,3.862
5839,3.8617
5840,3.8615
5841,3.8612
5842,3.8611
5843,3.8607
5844,3.8606
5845,3.8603
5846,3.8601
5847,3.8598
5848,3.8596
5849,3.8593
5850,3.8592
5851,3.8588
5852,3.8587
5853,3.8584
5854,3.858
5855,3.8579
5856,3.8576
5857,3.8574
5858,3.8571
5859,3.8569
5860,3.8566
5861,3.8563
5862,3.8561
5863,3.8558
5864,3.8557
5865,3.8553
5866,3.8552
5867,3.8549
5868,3.8547
5869,3.8544
5870,3.8541
5871,3.8539
5872,3.8536
5873,3.8534
5874,3.8531
5875,3.853
5876,3.8526
5877,3.8525
5878,3.8522
5879,3.8519
5880,3.8517
5881,3.8514
5882,3.8512
5883,3.8509
5884,3.8506
5885,3.8504
5886,3.8501
5887,3.8499
5888,3.8496
5889,3.8495
5890,3.8492
5891,3.849
5892,3.8487
5893,3.8484
5894,3.8482
5895,3.8479
5896,3.8477
5897,3.8474
5898,3.8472
5899,3.8469
5900,3.8466
5901,3.8465
5902,3.8461
5903,3.846
5904,3.8457
5905,3.8455
5906,3.8452
5907,3.8449
5908,3.8447
5909,3.8444
5910,3.8442
5911,3.8439
5912,3.8438
5913,3.8434
5914,3.8431
5915,3.843
5916,3.8426
5917,3.8425
5918,3.8422
5919,3.842
5920,3.8417
5921,3.8414
5922,3.8412
5923,3.8409
5924,3.8407
5925,3.8404
5926,3.8403
5927,3.8399
5928,3.8396
5929,3.8395
5930,3.8392
5931,3.839
5932,3.8387
5933,3.8385
5934,3.8382
5935,3.8379
5936,3.8377
5937,3.8374
5938,3.8373
5939,3.8369
5940,3.8368
5941,3.8365
5942,3.8363
5943,3.836
5944,3.8357
5945,3.8355
5946,3.8352
5947,3.835
5948,3.8347
5949,3.8346
5950,3.8342
5951,3.8341
5952,3.8338
5953,3.8336
5954,3.8333
5955,3.833
5956,3.8328
5957,3.8325
5958,3.8323
5959,3.832
5960,3.8319
5961,3.8315
5962,3.8314
5963,3.8311
5964,3.8309
5965,3.8306
5966,3.8304
5967,3.8301
5968,3.83
5969,3.8296
5970,3.8293
5971,3.8292
5972,3.829
5973,3.8287
5974,3.8284
5975,3.8282
5976,3.8279
5977,3.8277
5978,3.8274
5979,3.8273
5980,3.8269
5981,3.8268
5982,3.8265
5983,3.8263
5984,3.826
5985,3.8258
5986,3.8255
5987,3.8254
5988,3.825
5989,3.8249
5990,3.8246
5991,3.8244
5992,3.8241
5993,3.8239
5994,3.8236
5995,3.8234
5996,3.8231
5997,3.823
5998,3.8227
5999,3.8225
6000,3.8222
6001,3.822
6002,3.8217
6003,3.8215
6004,3.8212
6005,3.8211
6006,3.8209
6007,3.8206
6008,3.8204
6009,3.8201
6010,3.82
6011,3.8196
6012,3.8195
6013,3.8192
6014,3.819
6015,3.8187
6016,3.8185
6017,3.8182
6018,3.8181
6019,3.8177
6020,3.8176
6021,3.8174
6022,3.8171
6023,3.8169
6024,3.8166
6025,3.8165
6026,3.8161
6027,3.816
6028,3.8158
6029,3.8155
6030,3.8154
6031,3.815
6032,3.8149
6033,3.8146
6034,3.8144
6035,3.8142
6036,3.8139
6037,3.8138
6038,3.8135
6039,3.8133
6040,3.813
6041,3.8128
6042,3.8127
6043,3.8123
6044,3.8122
6045,3.812
6046,3.8117
6047,3.8115
6048,3.8112
6049,3.8111
6050,3.8109
6051,3.8106
6052,3.8104
6053,3.8101
6054,3.81
6055,3.8098
6056,3.8095
6057,3.8093
6058,3.809
6059,3.8088
6060,3.8087
6061,3.8084
6062,3.8082
6063,3.8081
6064,3.8077
6065,3.8076
6066,3.8074
6067,3.8071
6068,3.8069
6069,3.8066
6070,3.8065
6071,3.8063
6072,3.806
6073,3.8058
6074,3.8057
6075,3.8054
6076,3.8052
6077,3.805
6078,3.8047
6079,3.8046
6080,3.8044
6081,3.8041
6082,3.8039
6083,3.8038
6084,3.8035
6085,3.8033
6086,3.803
6087,3.8028
6088,3.8027
6089,3.8025
6090,3.8022
6091,3.802
6092,3.8019
6093,3.8015
6094,3.8014
6095,3.8011
6096,3.8009
6097,3.8008
6098,3.8004
6099,3.8003
6100,3.8001
6101,3.8
6102,3.7996
6103,3.7995
6104,3.7993
6105,3.799
6106,3.7989
6107,3.7987
6108,3.7985
6109,3.7982
6110,3.7981
6111,3.7979
6112,3.7976
6113,3.7974
6114,3.7973
6115,3.7969
6116,3.7968
6117,3.7966
6118,3.7965
6119,3.7962
6120,3.796
6121,3.7958
6122,3.7957
6123,3.7954
6124,3.7952
6125,3.795
6126,3.7947
6127,3.7946
6128,3.7944
6129,3.7942
6130,3.7939
6131,3.7938
6132,3.7936
6133,3.7935
6134,3.7931
6135,3.793
6136,3.7928
6137,3.7927
6138,3.7923
6139,3.7922
6140,3.792
6141,3.7917
6142,3.7916
6143,3.7914
6144,3.7912
6145,3.7911
6146,3.7908
6147,3.7906
6148,3.7904
6149,3.7903
6150,3.79
6151,3.7898
6152,3.7896
6153,3.7895
6154,3.7892
6155,3.789
6156,3.7889
6157,3.7887
6158,3.7884
6159,3.7882
6160,3.7881
6161,3.7879
6162,3.7877
6163,3.7874
6164,3.7873
6165,3.7871
6166,3.7869
6167,3.7866
6168,3.7865
6169,3.7863
6170,3.7862
6171,3.786
6172,3.7857
6173,3.7855
6174,3.7854
6175,3.7852
6176,3.785
6177,3.7847
6178,3.7846
6179,3.7844
6180,3.7843
6181,3.7841
6182,3.7838
6183,3.7836
6184,3.7835
6185,3.7833
6186,3.7831
6187,3.7828
6188,3.7827
6189,3.7825
6190,3.7823
6191,3.7822
6192,3.7819
6193,3.7817
6194,3.7816
6195,3.7814
6196,3.7812
6197,3.7809
6198,3.7808
6199,3.7806
6200,3.7804
6201,3.7803
6202,3.7801
6203,3.7798
6204,3.7797
6205,3.7795
6206,3.7793
6207,3.7792
6208,3.779
6209,3.7787
6210,3.7785
6211,3.7784
6212,3.7782
6213,3.7781
6214,3.7777
6215,3.7776
6216,3.7774
6217,3.7773
6218,3.7771
6219,3.777
6220,3.7768
6221,3.7765
6222,3.7763
6223,3.7762
6224,3.776
6225,3.7758
6226,3.7757
6227,3.7754
6228,3.7752
6229,3.775
6230,3.7749
6231,3.7747
6232,3.7746
6233,3.7743
6234,3.7741
6235,3.7739
6236,3.7738
6237,3.7736
6238,3.7735
6239,3.7733
6240,3.7731
6241,3.7728
6242,3.7727
6243,3.7725
6244,3.7724
6245,3.7722
6246,3.772
6247,3.7717
6248,3.7716
6249,3.7714
6250,3.7712
6251,3.7711
6252,3.7709
6253,3.7708
6254,3.7706
6255,3.7703
6256,3.7701
6257,3.77
6258,3.7698
6259,3.7697
6260,3.7695
6261,3.7692
6262,3.769
6263,3.7689
6264,3.7687
6265,3.7685
6266,3.7684
6267,3.7682
6268,3.7681
6269,3.7679
6270,3.7676
6271,3.7674
6272,3.7673
6273,3.7671
6274,3.767
6275,3.7668
6276,3.7666
6277,3.7665
6278,3.7662
6279,3.766
6280,3.7658
6281,3.7657
6282,3.7655
6283,3.7654
6284,3.7652
6285,3.7651
6286,3.7647
6287,3.7646
6288,3.7644
6289,3.7643
6290,3.7641
6291,3.7639
6292,3.7638
6293,3.7636
6294,3.7633
6295,3.7631
6296,3.763
6297,3.7628
6298,3.7627
6299,3.7625
6300,3.7624
6301,3.7622
6302,3.762
6303,3.7619
6304,3.7616
6305,3.7614
6306,3.7612
6307,3.7611
6308,3.7609
6309,3.7608
6310,3.7606
6311,3.7605
6312,3.7601
6313,3.76
6314,3.7598
6315,3.7597
6316,3.7595
6317,3.7593
6318,3.7592
6319,3.759
6320,3.7589
6321,3.7585
6322,3.7584
6323,3.7582
6324,3.7581
6325,3.7579
6326,3.7578
6327,3.7576
6328,3.7574
6329,3.7573
6330,3.7571
6331,3.7568
6332,3.7566
6333,3.7565
6334,3.7563
6335,3.7562
6336,3.756
6337,3.7558
6338,3.7557
6339,3.7555
6340,3.7554
6341,3.7551
6342,3.7549
6343,3.7547
6344,3.7546
6345,3.7544
6346,3.7543
6347,3.7541
6348,3.7539
6349,3.7538
6350,3.7536
6351,3.7533
6352,3.7532
6353,3.753
6354,3.7528
6355,3.7527
6356,3.7525
6357,3.7524
6358,3.7522
6359,3.752
6360,3.7519
6361,3.7517
6362,3.7514
6363,3.7512
6364,3.7511
6365,3.7509
6366,3.7508
6367,3.7506
6368,3.7505
6369,3.7503
6370,3.7501
6371,3.75
6372,3.7498
6373,3.7495
6374,3.7493
6375,3.7492
6376,3.749
6377,3.7489
6378,3.7487
6379,3.7485
6380,3.7484
6381,3.7482
6382,3.7481
6383,3.7479
6384,3.7476
6385,3.7474
6386,3.7473
6387,3.7471
6388,3.747
6389,3.7468
6390,3.7466
6391,3.7465
6392,3.7463
6393,3.7462
6394,3.746
6395,3.7457
6396,3.7455
6397,3.7454
6398,3.7452
6399,3.7451
6400,3.7449
6401,3.7447
6402,3.7446
6403,3.7444
6404,3.7443
6405,3.7439
6406,3.7438
6407,3.7436
6408,3.7435
6409,3.7433
6410,3.7432
6411,3.743
6412,3.7428
6413,3.7427
6414,3.7425
6415,3.7424
6416,3.7422
6417,3.7419
6418,3.7417
6419,3.7416
6420,3.7414
6421,3.7412
6422,3.7411
6423,3.7409
6424,3.7408
6425,3.7406
6426,3.7405
6427,3.7401
6428,3.74
6429,3.7398
6430,3.7397
6431,3.7395
6432,3.7393
6433,3.7392
6434,3.739
6435,3.7389
6436,3.7387
6437,3.7386
6438,3.7382
6439,3.7381
6440,3.7379
6441,3.7378
6442,3.7376
6443,3.7374
6444,3.7373
6445,3.7371
6446,3.737
6447,3.7368
6448,3.7366
6449,3.7363
6450,3.7362
6451,3.736
6452,3.7359
6453,3.7357
6454,3.7355
6455,3.7354
6456,3.7352
6457,3.7351
6458,3.7349
6459,3.7347
6460,3.7346
6461,3.7343
6462,3.7341
6463,3.734
6464,3.7338
6465,3.7336
6466,3.7335
6467,3.7333
6468,3.7332
6469,3.733
6470,3.7328
6471,3.7325
6472,3.7324
6473,3.7322
6474,3.732
6475,3.7319
6476,3.7317
6477,3.7316
6478,3.7314
6479,3.7313
6480,3.7311
6481,3.7308
6482,3.7306
6483,3.7305
6484,3.7303
6485,3.7301
6486,3.73
6487,3.7298
6488,3.7297
6489,3.7295
6490,3.7293
6491,3.729
6492,3.7289
6493,3.7287
6494,3.7286
6495,3.7284
6496,3.7282
6497,3.7281
6498,3.7279
6499,3.7278
6500,3.7276
6501,3.7273
6502,3.7271
6503,3.727
6504,3.7268
6505,3.7267
6506,3.7265
6507,3.7263
6508,3.7262
6509,3.726
6510,3.7259
6511,3.7255
6512,3.7254
6513,3.7252
6514,3.7251
6515,3.7249
6516,3.7247
6517,3.7246
6518,3.7244
6519,3.7243
6520,3.724
6521,3.7238
6522,3.7236
6523,3.7235
6524,3.7233
6525,3.7232
6526,3.723
6527,3.7228
6528,3.7227
6529,3.7225
6530,3.7222
6531,3.722
6532,3.7219
6533,3.7217
6534,3.7216
6535,3.7214
6536,3.7213
6537,3.7211
6538,3.7209
6539,3.7206
6540,3.7205
6541,3.7203
6542,3.7201
6543,3.72
6544,3.7198
6545,3.7197
6546,3.7195
6547,3.7194
6548,3.719
6549,3.7189
6550,3.7187
6551,3.7186
6552,3.7184
6553,3.7182
6554,3.7181
6555,3.7179
6556,3.7178
6557,3.7174
6558,3.7173
6559,3.7171
6560,3.717
6561,3.7168
6562,3.7167
6563,3.7165
6564,3.7163
6565,3.716
6566,3.7159
6567,3.7157
6568,3.7155
6569,3.7154
6570,3.7152
6571,3.7151
6572,3.7149
6573,3.7148
6574,3.7144
6575,3.7143
6576,3.7141
6577,3.714
6578,3.7138
6579,3.7136
6580,3.7135
6581,3.7133
6582,3.713
6583,3.7128
6584,3.7127
6585,3.7125
6586,3.7124
6587,3.7122
6588,3.7121
6589,3.7119
6590,3.7116
6591,3.7114
6592,3.7113
6593,3.7111
6594,3.7109
6595,3.7108
6596,3.7106
6597,3.7105
6598,3.7101
6599,3.71
6600,3.7098
6601,3.7097
6602,3.7095
6603,3.7094
6604,3.7092
6605,3.709
6606,3.7087
6607,3.7086
6608,3.7084
6609,3.7082
6610,3.7081
6611,3.7079
6612,3.7078
6613,3.7075
6614,3.7073
6615,3.7071
6616,3.707
6617,3.7068
6618,3.7067
6619,3.7065
6620,3.7063
6621,3.706
6622,3.7059
6623,3.7057
6624,3.7055
6625,3.7054
6626,3.7052
6627,3.7051
6628,3.7048
6629,3.7046
6630,3.7044
6631,3.7043
6632,3.7041
6633,3.704
6634,3.7038
6635,3.7035
6636,3.7033
6637,3.7032
6638,3.703
6639,3.7028
6640,3.7027
6641,3.7025
6642,3.7024
6643,3.7021
6644,3.7019
6645,3.7017
6646,3.7016
6647,3.7014
6648,3.7013
6649,3.7011
6650,3.7008
6651,3.7006
6652,3.7005
6653,3.7003
6654,3.7002
6655,3.7
6656,3.6998
6657,3.6997
6658,3.6994
6659,3.6992
6660,3.699
6661,3.6989
6662,3.6987
6663,3.6986
6664,3.6982
6665,3.6981
6666,3.6979
6667,3.6978
6668,3.6976
6669,3.6975
6670,3.6973
6671,3.697
6672,3.6968
6673,3.6967
6674,3.6965
6675,3.6963
6676,3.6962
6677,3.696
6678,3.6957
6679,3.6955
6680,3.6954
6681,3.6952
6682,3.6951
6683,3.6949
6684,3.6946
6685,3.6944
6686,3.6943
6687,3.6941
6688,3.694
6689,3.6938
6690,3.6935
6691,3.6933
6692,3.6932
6693,3.693
6694,3.6929
6695,3.6927
6696,3.6925
6697,3.6922
6698,3.6921
6699,3.6919
6700,3.6917
6701,3.6916
6702,3.6914
6703,3.6913
6704,3.6909
6705,3.6908
6706,3.6906
6707,3.6905
6708,3.6903
6709,3.6902
6710,3.6898
6711,3.6897
6712,3.6895
6713,3.6894
6714,3.6892
6715,3.689
6716,3.6887
6717,3.6886
6718,3.6884
6719,3.6883
6720,3.6881
6721,3.6879
6722,3.6878
6723,3.6875
6724,3.6873
6725,3.6871
6726,3.687
6727,3.6868
6728,3.6867
6729,3.6863
6730,3.6862
6731,3.686
6732,3.6859
6733,3.6857
6734,3.6856
6735,3.6852
6736,3.6851
6737,3.6849
6738,3.6848
6739,3.6846
6740,3.6844
6741,3.6843
6742,3.684
6743,3.6838
6744,3.6836
6745,3.6835
6746,3.6833
6747,3.6832
6748,3.6829
6749,3.6827
6750,3.6825
6751,3.6824
6752,3.6822
6753,3.6821
6754,3.6817
6755,3.6816
6756,3.6814
6757,3.6813
6758,3.6811
6759,3.681
6760,3.6806
6761,3.6805
6762,3.6803
6763,3.6802
6764,3.68
6765,3.6798
6766,3.6795
6767,3.6794
6768,3.6792
6769,3.679
6770,3.6789
6771,3.6787
6772,3.6786
6773,3.6783
6774,3.6781
6775,3.6779
6776,3.6778
6777,3.6776
6778,3.6775
6779,3.6771
6780,3.677
6781,3.6768
6782,3.6767
6783,3.6765
6784,3.6763
6785,3.6762
6786,3.6759
6787,3.6757
6788,3.6756
6789,3.6754
6790,3.6752
6791,3.6751
6792,3.6748
6793,3.6746
6794,3.6744
6795,3.6743
6796,3.6741
6797,3.674
6798,3.6737
6799,3.6735
6800,3.6733
6801,3.6732
6802,3.673
6803,3.6729
6804,3.6727
6805,3.6725
6806,3.6722
6807,3.6721
6808,3.6719
6809,3.6717
6810,3.6716
6811,3.6714
6812,3.6711
6813,3.671
6814,3.6708
6815,3.6706
6816,3.6705
6817,3.6703
6818,3.67
6819,3.6698
6820,3.6697
6821,3.6695
6822,3.6694
6823,3.6692
6824,3.669
6825,3.6689
6826,3.6686
6827,3.6684
6828,3.6683
6829,3.6681
6830,3.6679
6831,3.6678
6832,3.6675
6833,3.6673
6834,3.6671
6835,3.667
6836,3.6668
6837,3.6667
6838,3.6664
6839,3.6662
6840,3.666
6841,3.6659
6842,3.6657
6843,3.6656
6844,3.6654
6845,3.6652
6846,3.6649
6847,3.6648
6848,3.6646
6849,3.6644
6850,3.6643
6851,3.6641
6852,3.664
6853,3.6638
6854,3.6635
6855,3.6633
6856,3.6632
6857,3.663
6858,3.6629
6859,3.6627
6860,3.6625
6861,3.6624
6862,3.6621
6863,3.6619
6864,3.6617
6865,3.6616
6866,3.6614
6867,3.6613
6868,3.6611
6869,3.661
6870,3.6606
6871,3.6605
6872,3.6603
6873,3.6602
6874,3.66
6875,3.6598
6876,3.6597
6877,3.6594
6878,3.6592
6879,3.6591
6880,3.6589
6881,3.6587
6882,3.6586
6883,3.6584
6884,3.6583
6885,3.6579
6886,3.6578
6887,3.6576
6888,3.6575
6889,3.6573
6890,3.6571
6891,3.657
6892,3.6568
6893,3.6565
6894,3.6564
6895,3.6562
6896,3.656
6897,3.6559
6898,3.6557
6899,3.6556
6900,3.6554
6901,3.6552
6902,3.6549
6903,3.6548
6904,3.6546
6905,3.6545
6906,3.6543
6907,3.6541
6908,3.654
6909,3.6538
6910,3.6537
6911,3.6533
6912,3.6532
6913,3.653
6914,3.6529
6915,3.6527
6916,3.6525
6917,3.6524
6918,3.6522
6919,3.6521
6920,3.6519
6921,3.6516
6922,3.6514
6923,3.6513
6924,3.6511
6925,3.651
6926,3.6508
6927,3.6506
6928,3.6505
6929,3.6503
6930,3.65
6931,3.6498
6932,3.6497
6933,3.6495
6934,3.6494
6935,3.6492
6936,3.6491
6937,3.6489
6938,3.6487
6939,3.6484
6940,3.6483
6941,3.6481
6942,3.6479
6943,3.6478
6944,3.6476
6945,3.6475
6946,3.6473
6947,3.6472
6948,3.647
6949,3.6467
6950,3.6465
6951,3.6464
6952,3.6462
6953,3.646
6954,3.6459
6955,3.6457
6956,3.6456
6957,3.6454
6958,3.6451
6959,3.6449
6960,3.6448
6961,3.6446
6962,3.6445
6963,3.6443
6964,3.6441
6965,3.644
6966,3.6437
6967,3.6435
6968,3.6433
6969,3.6432
6970,3.643
6971,3.6429
6972,3.6427
6973,3.6425
6974,3.6422
6975,3.6421
6976,3.6419
6977,3.6418
6978,3.6416
6979,3.6414
6980,3.6413
6981,3.6411
6982,3.6408
6983,3.6406
6984,3.6405
6985,3.6403
6986,3.6402
6987,3.64
6988,3.6399
6989,3.6397
6990,3.6394
6991,3.6392
6992,3.6391
6993,3.6389
6994,3.6387
6995,3.6386
6996,3.6384
6997,3.6381
6998,3.6379
6999,3.6378
7000,3.6376
7001,3.6375
7002,3.6373
7003,3.6372
7004,3.6368
7005,3.6367
7006,3.6365
7007,3.6364
7008,3.6362
7009,3.636
7010,3.6357
7011,3.6356
7012,3.6354
7013,3.6353
7014,3.6351
7015,3.6349
7016,3.6346
7017,3.6345
7018,3.6343
7019,3.6341
7020,3.634
7021,3.6338
7022,3.6335
7023,3.6333
7024,3.6332
7025,3.633
7026,3.6329
7027,3.6326
7028,3.6324
7029,3.6322
7030,3.6321
7031,3.6319
7032,3.6316
7033,3.6314
7034,3.6313
7035,3.6311
7036,3.631
7037,3.6306
7038,3.6305
7039,3.6303
7040,3.6302
7041,3.63
7042,3.6297
7043,3.6295
7044,3.6294
7045,3.6292
7046,3.6289
7047,3.6287
7048,3.6286
7049,3.6284
7050,3.6281
7051,3.628
7052,3.6278
7053,3.6276
7054,3.6275
7055,3.6272
7056,3.627
7057,3.6268
7058,3.6265
7059,3.6264
7060,3.6262
7061,3.626
7062,3.6257
7063,3.6256
7064,3.6254
7065,3.6253
7066,3.6249
7067,3.6248
7068,3.6246
7069,3.6243
7070,3.6241
7071,3.624
7072,3.6237
7073,3.6235
7074,3.6233
7075,3.623
7076,3.6229
7077,3.6227
7078,3.6226
7079,3.6222
7080,3.6221
7081,3.6219
7082,3.6216
7083,3.6214
7084,3.6211
7085,3.621
7086,3.6208
7087,3.6205
7088,3.6203
7089,3.6202
7090,3.6199
7091,3.6197
7092,3.6195
7093,3.6192
7094,3.6191
7095,3.6187
7096,3.6186
7097,3.6183
7098,3.6181
7099,3.618
7100,3.6176
7101,3.6175
7102,3.6173
7103,3.617
7104,3.6168
7105,3.6165
7106,3.6164
7107,3.616
7108,3.6159
7109,3.6156
7110,3.6154
7111,3.6151
7112,3.6149
7113,3.6148
7114,3.6145
7115,3.6141
7116,3.614
7117,3.6137
7118,3.6135
7119,3.6132
7120,3.613
7121,3.6127
7122,3.6126
7123,3.6122
7124,3.6121
7125,3.6118
7126,3.6116
7127,3.6113
7128,3.611
7129,3.6108
7130,3.6105
7131,3.6103
7132,3.61
7133,3.6099
7134,3.6095
7135,3.6092
7136,3.6091
7137,3.6088
7138,3.6084
7139,3.6083
7140,3.608
7141,3.6076
7142,3.6075
7143,3.6072
7144,3.6068
7145,3.6067
7146,3.6064
7147,3.6061
7148,3.6057
7149,3.6056
7150,3.6053
7151,3.6049
7152,3.6048
7153,3.6045
7154,3.6041
7155,3.6038
7156,3.6035
7157,3.6034
7158,3.603
7159,3.6027
7160,3.6024
7161,3.6022
7162,3.6019
7163,3.6016
7164,3.6013
7165,3.601
7166,3.6007
7167,3.6003
7168,3.6002
7169,3.5999
7170,3.5995
7171,3.5992
7172,3.5989
7173,3.5986
7174,3.5983
7175,3.598
7176,3.5976
7177,3.5973
7178,3.597
7179,3.5967
7180,3.5964
7181,3.5961
7182,3.5957
7183,3.5954
7184,3.5951
7185,3.5948
7186,3.5945
7187,3.5942
7188,3.5938
7189,3.5935
7190,3.593
7191,3.5927
7192,3.5924
7193,3.5921
7194,3.5918
7195,3.5915
7196,3.591
7197,3.5907
7198,3.5903
7199,3.59
7200,3.5897
7201,3.5892
7202,3.5889
7203,3.5886
7204,3.5881
7205,3.5878
7206,3.5875
7207,3.5872
7208,3.5867
7209,3.5864
7210,3.5861
7211,3.5856
7212,3.5853
7213,3.5848
7214,3.5845
7215,3.5842
7216,3.5837
7217,3.5834
7218,3.5829
7219,3.5826
7220,3.5821
7221,3.5818
7222,3.5813
7223,3.581
7224,3.5805
7225,3.58
7226,3.5797
7227,3.5792
7228,3.5789
7229,3.5784
7230,3.578
7231,3.5776
7232,3.5772
7233,3.5767
7234,3.5764
7235,3.5759
7236,3.5754
7237,3.575
7238,3.5746
7239,3.5742
7240,3.5737
7241,3.5732
7242,3.5727
7243,3.5723
7244,3.5719
7245,3.5715
7246,3.571
7247,3.5705
7248,3.57
7249,3.5696
7250,3.5691
7251,3.5686
7252,3.5681
7253,3.5677
7254,3.5672
7255,3.5667
7256,3.5662
7257,3.5657
7258,3.5653
7259,3.5648
7260,3.5642
7261,3.5637
7262,3.5632
7263,3.5627
7264,3.5623
7265,3.5618
7266,3.5611
7267,3.5607
7268,3.5602
7269,3.5597
7270,3.5591
7271,3.5586
7272,3.5581
7273,3.5575
7274,3.557
7275,3.5564
7276,3.5559
7277,3.5554
7278,3.5548
7279,3.5543
7280,3.5537
7281,3.5532
7282,3.5526
7283,3.5521
7284,3.5515
7285,3.551
7286,3.5504
7287,3.5499
7288,3.5492
7289,3.5488
7290,3.5481
7291,3.5475
7292,3.547
7293,3.5464
7294,3.5458
7295,3.5453
7296,3.5446
7297,3.544
7298,3.5435
7299,3.5429
7300,3.5423
7301,3.5418
7302,3.5412
7303,3.5405
7304,3.5399
7305,3.5392
7306,3.5388
7307,3.5381
7308,3.5375
7309,3.5369
7310,3.5362
7311,3.5356
7312,3.5351
7313,3.5345
7314,3.5339
7315,3.5332
7316,3.5326
7317,3.5319
7318,3.5313
7319,3.5307
7320,3.53
7321,3.5294
7322,3.5288
7323,3.5281
7324,3.5275
7325,3.5269
7326,3.5262
7327,3.5256
7328,3.525
7329,3.5243
7330,3.5237
7331,3.5231
7332,3.5224
7333,3.5218
7334,3.5212
7335,3.5205
7336,3.5197
7337,3.5191
7338,3.5185
7339,3.5178
7340,3.5172
7341,3.5164
7342,3.5158
7343,3.5151
7344,3.5145
7345,3.5137
7346,3.5131
7347,3.5124
7348,3.5116
7349,3.511
7350,3.5102
7351,3.5096
7352,3.5089
7353,3.5081
7354,3.5075
7355,3.5067
7356,3.5059
7357,3.5053
7358,3.5045
7359,3.5037
7360,3.5031
7361,3.5023
7362,3.5015
7363,3.5007
7364,3.4999
7365,3.4991
7366,3.4983
7367,3.4977
7368,3.4967
7369,3.4959
7370,3.4951
7371,3.4943
7372,3.4935
7373,3.4928
7374,3.4918
7375,3.491
7376,3.4902
7377,3.4893
7378,3.4885
7379,3.4875
7380,3.4867
7381,3.4858
7382,3.4848
7383,3.4839
7384,3.4829
7385,3.482
7386,3.4812
7387,3.4801
7388,3.4791
7389,3.4782
7390,3.4772
7391,3.4763
7392,3.4751
7393,3.4742
7394,3.4731
7395,3.4721
7396,3.471
7397,3.4699
7398,3.469
7399,3.4678
7400,3.4667
7401,3.4656
7402,3.4645
7403,3.4632
7404,3.4621
7405,3.461
7406,3.4599
7407,3.4586
7408,3.4574
7409,3.4563
7410,3.455
7411,3.4537
7412,3.4524
7413,3.4512
7414,3.4499
7415,3.4486
7416,3.4472
7417,3.4459
7418,3.4445
7419,3.4432
7420,3.4418
7421,3.4405
7422,3.4391
7423,3.4377
7424,3.4363
7425,3.4348
7426,3.4332
7427,3.4318
7428,3.4304
7429,3.4288
7430,3.4272
7431,3.4258
7432,3.4242
7433,3.4226
7434,3.421
7435,3.4194
7436,3.4179
7437,3.4161
7438,3.4145
7439,3.4128
7440,3.4112
7441,3.4094
7442,3.4077
7443,3.406
7444,3.4042
7445,3.4025
7446,3.4007
7447,3.3988
7448,3.3971
7449,3.3952
7450,3.3934
7451,3.3915
7452,3.3896
7453,3.3877
7454,3.3858
7455,3.3839
7456,3.382
7457,3.3799
7458,3.378
7459,3.376
7460,3.3739
7461,3.3718
7462,3.3698
7463,3.3677
7464,3.3657
7465,3.3636
7466,3.3614
7467,3.3593
7468,3.3571
7469,3.3549
7470,3.3526
7471,3.3504
7472,3.3482
7473,3.3458
7474,3.3436
7475,3.3412
7476,3.339
7477,3.3366
7478,3.3342
7479,3.3319
7480,3.3297
7481,3.3271
7482,3.3248
7483,3.3222
7484,3.3198
7485,3.3173
7486,3.3147
7487,3.312
7488,3.3095
7489,3.3068
7490,3.3043
7491,3.3016
7492,3.2989
7493,3.2962
7494,3.2934
7495,3.2906
7496,3.2879
7497,3.285
7498,3.2822
7499,3.2793
7500,3.2764
7501,3.2736
7502,3.2706
7503,3.2677
7504,3.2647
7505,3.2617
7506,3.2585
7507,3.2555
7508,3.2523
7509,3.2493
7510,3.2461
7511,3.2429
7512,3.2396
7513,3.2364
7514,3.233
7515,3.2297
7516,3.2264
7517,3.223
7518,3.2195
7519,3.2162
7520,3.2127
7521,3.209
7522,3.2055
7523,3.2019
7524,3.1984
7525,3.1946
7526,3.1909
7527,3.1873
7528,3.1835
7529,3.1796
7530,3.1758
7531,3.1718
7532,3.168
7533,3.1641
7534,3.1601
7535,3.156
7536,3.1518
7537,3.1478
7538,3.1436
7539,3.1394
7540,3.1351
7541,3.1308
7542,3.1265
7543,3.1221
7544,3.1176
7545,3.1132
7546,3.1086
7547,3.104
7548,3.0994
7549,3.0948
7550,3.09
7551,3.0852
7552,3.0804
7553,3.0755
7554,3.0706
7555,3.0657
7556,3.0606
7557,3.0555
7558,3.0504
7559,3.0452
7560,3.0399
7561,3.0345
7562,3.0291
7563,3.0237
7564,3.0183
7565,3.0127
7566,3.007
7567,3.0013
7568,2.9956
7569,2.9897
7570,2.9838
7571,2.9778
7572,2.9717
7573,2.9657
7574,2.9595
7575,2.9531
7576,2.9468
7577,2.9404
7578,2.9339
7579,2.9272
7580,2.9205
7581,2.9137
7582,2.9069
7583,2.8999
7584,2.8929
7585,2.8857
7586,2.8786
7587,2.8713
7588,2.8638
7589,2.8562
7590,2.8485
7591,2.8409
7592,2.8329
7593,2.825
7594,2.8169
7595,2.8086
7596,2.8004
7597,2.7918
7598,2.7832
7599,2.7746
7600,2.7657
7601,2.7568
7602,2.7477
7603,2.7385
7604,2.7291
7605,2.7198
7606,2.7101
7607,2.7004
7608,2.6905
7609,2.6805
7610,2.6705
7611,2.6603
7612,2.6498
7613,2.6395
7614,2.6288
7615,2.618
7616,2.6072
7617,2.5963
7618,2.5853
7619,2.574
7620,2.5626
7621,2.5511
7622,2.5395
7623,2.5277
7624,2.5158
7625,2.5039
7626,2.4999
7627,2.5212
7628,2.6252
7629,2.7285
7630,2.8291
7631,2.9088
7632,3.0102
7633,3.0932
7634,3.1936
7635,3.2036
7636,3.281
7637,3.3382
7638,3.3799
7639,3.4099
7640,3.4309
7641,3.445
7642,3.4547
7643,3.4615
7644,3.4666
7645,3.4705
7646,3.4737
7647,3.4763
7648,3.4785
7649,3.4805
7650,3.4821
7651,3.4837
7652,3.4851
7653,3.4862
7654,3.4875
7655,3.4885
7656,3.4894
7657,3.4904
7658,3.4912
7659,3.492
7660,3.4928
7661,3.4934
7662,3.4942
7663,3.4948
7664,3.4953
7665,3.4959
7666,3.4964
7667,3.497
7668,3.4975
7669,3.498
7670,3.4985
7671,3.4988
7672,3.4993
7673,3.4997
7674,3.5001
7675,3.5004
7676,3.5008
7677,3.5012
7678,3.5015
7679,3.502
7680,3.5023
7681,3.5026
7682,3.5029
7683,3.5032
7684,3.5034
7685,3.5037
7686,3.504
7687,3.5043
7688,3.5045
7689,3.5048
7690,3.5051
7691,3.5053
7692,3.5056
7693,3.5058
7694,3.5061
7695,3.5062
7696,3.5064
7697,3.5067
7698,3.5069
7699,3.5072
7700,3.5074
7701,3.5075
7702,3.5077
7703,3.5078
7704,3.5081
7705,3.5083
7706,3.5085
7707,3.5086
7708,3.5088
7709,3.5089
7710,3.5091
7711,3.5094
7712,3.5096
7713,3.5097
7714,3.5099
7715,3.5101
7716,3.5102
7717,3.5104
7718,3.5105
7719,3.5107
7720,3.5108
7721,3.511
7722,3.511
7723,3.5112
7724,3.5113
7725,3.5115
7726,3.5116
7727,3.5118
7728,3.5118
7729,3.512
7730,3.5121
7731,3.5123
7732,3.5124
7733,3.5126
7734,3.5126
7735,3.5127
7736,3.5129
7737,3.5131
7738,3.5131
7739,3.5132
7740,3.5134
7741,3.5135
7742,3.5135
7743,3.5137
7744,3.5139
7745,3.5139
7746,3.514
7747,3.5142
7748,3.5142
7749,3.5143
7750,3.5145
7751,3.5145
7752,3.5147
7753,3.5147
7754,3.5148
7755,3.515
7756,3.515
7757,3.5151
7758,3.5153
7759,3.5153
7760,3.5154
7761,3.5154
7762,3.5156
7763,3.5156
7764,3.5158
7765,3.5158
7766,3.5159
7767,3.5161
7768,3.5161
7769,3.5162
7770,3.5162
7771,3.5164
7772,3.5164
7773,3.5166
7774,3.5166
7775,3.5167
7776,3.5167
7777,3.5169
7778,3.5169
7779,3.517
7780,3.517
7781,3.5172
7782,3.5172
7783,3.5174
7784,3.5174
7785,3.5175
7786,3.5175
7787,3.5175
7788,3.5177
7789,3.5177
7790,3.5178
7791,3.5178
7792,3.518
7793,3.518
7794,3.5181
7795,3.5181
7796,3.5181
7797,3.5183
7798,3.5183
7799,3.5185
7800,3.5185
7801,3.5185
7802,3.5186
7803,3.5186
7804,3.5188
7805,3.5188
7806,3.5188
7807,3.5189
7808,3.5189
7809,3.5191
7810,3.5191
7811,3.5193
7812,3.5193
7813,3.5278
7814,3.5688
7815,3.5726
7816,3.5748
7817,3.5764
7818,3.5777
7819,3.5788
7820,3.5797
7821,3.5805
7822,3.5813
7823,3.582
7824,3.5828
7825,3.5834
7826,3.5839
7827,3.5845
7828,3.585
7829,3.5855
7830,3.5861
7831,3.5866
7832,3.587
7833,3.5875
7834,3.5878
7835,3.5883
7836,3.5888
7837,3.5891
7838,3.5896
7839,3.5899
7840,3.5904
7841,3.5907
7842,3.591
7843,3.5915
7844,3.5918
7845,3.5921
7846,3.5926
7847,3.5929
7848,3.5932
7849,3.5936
7850,3.5939
7851,3.5942
7852,3.5945
7853,3.5948
7854,3.5951
7855,3.5955
7856,3.5958
7857,3.5961
7858,3.5963
7859,3.5966
7860,3.5969
7861,3.5972
7862,3.5975
7863,3.5977
7864,3.598
7865,3.5983
7866,3.5985
7867,3.5988
7868,3.5991
7869,3.5994
7870,3.5996
7871,3.5999
7872,3.6001
7873,3.6004
7874,3.6005
7875,3.6009
7876,3.6012
7877,3.6013
7878,3.6017
7879,3.6018
7880,3.6021
7881,3.6023
7882,3.6025
7883,3.6028
7884,3.6029
7885,3.6032
7886,3.6034
7887,3.6037
7888,3.6039
7889,3.604
7890,3.6044
7891,3.6045
7892,3.6047
7893,3.605
7894,3.6052
7895,3.6053
7896,3.6056
7897,3.6058
7898,3.6059
7899,3.6063
7900,3.6064
7901,3.6066
7902,3.6067
7903,3.6071
7904,3.6072
7905,3.6074
7906,3.6075
7907,3.6077
7908,3.608
7909,3.6082
7910,3.6083
7911,3.6085
7912,3.6086
7913,3.609
7914,3.6091
7915,3.6093
7916,3.6094
7917,3.6096
7918,3.6098
7919,3.6099
7920,3.6101
7921,3.6102
7922,3.6106
7923,3.6107
7924,3.6109
7925,3.611
7926,3.6112
7927,3.6113
7928,3.6115
7929,3.6117
7930,3.6118
7931,3.612
7932,3.6121
7933,3.6123
7934,3.6125
7935,3.6126
7936,3.6128
7937,3.6129
7938,3.6131
7939,3.6133
7940,3.6134
7941,3.6136
7942,3.6139
7943,3.6139
7944,3.614
7945,3.6142
7946,3.6145
7947,3.6145
7948,3.6147
7949,3.6148
7950,3.615
7951,3.6152
7952,3.6153
7953,3.6155
7954,3.6156
7955,3.6158
7956,3.616
7957,3.6161
7958,3.6163
7959,3.6164
7960,3.6166
7961,3.6167
7962,3.6169
7963,3.6171
7964,3.6172
7965,3.6172
7966,3.6174
7967,3.6175
7968,3.6177
7969,3.6179
7970,3.618
7971,3.6182
7972,3.6183
7973,3.6185
7974,3.6187
7975,3.6188
7976,3.6188
7977,3.6191
7978,3.6191
7979,3.6193
7980,3.6194
7981,3.6196
7982,3.6198
7983,3.6199
7984,3.6201
7985,3.6201
7986,3.6202
7987,3.6204
7988,3.6206
7989,3.6207
7990,3.6209
7991,3.621
7992,3.6212
7993,3.6212
7994,3.6214
7995,3.6215
7996,3.6217
7997,3.6218
7998,3.622
7999,3.6221
8000,3.6221
8001,3.6223
8002,3.6225
8003,3.6226
8004,3.6228
8005,3.6229
8006,3.6231
8007,3.6231
8008,3.6233
8009,3.6234
8010,3.6236
8011,3.6237
8012,3.6239
8013,3.6239
8014,3.6241
8015,3.6242
8016,3.6244
8017,3.6245
8018,3.6245
8019,3.6247
8020,3.6248
8021,3.625
8022,3.6252
8023,3.6253
8024,3.6255
8025,3.6255
8026,3.6256
8027,3.6258
8028,3.626
8029,3.6261
8030,3.6263
8031,3.6263
8032,3.6264
8033,3.6266
8034,3.6268
8035,3.6269
8036,3.6271
8037,3.6271
8038,3.6272
8039,3.6274
8040,3.6275
8041,3.6277
8042,3.6279
8043,3.6279
8044,3.628
8045,3.6282
8046,3.6283
8047,3.6285
8048,3.6285
8049,3.6287
8050,3.6288
8051,3.629
8052,3.6291
8053,3.6293
8054,3.6293
8055,3.6295
8056,3.6296
8057,3.6298
8058,3.6299
8059,3.6299
8060,3.6301
8061,3.6302
8062,3.6304
8063,3.6306
8064,3.6306
8065,3.6307
8066,3.6309
8067,3.631
8068,3.6312
8069,3.6314
8070,3.6314
8071,3.6315
8072,3.6317
8073,3.6318
8074,3.6318
8075,3.632
8076,3.6322
8077,3.6323
8078,3.6325
8079,3.6325
8080,3.6326
8081,3.6328
8082,3.6329
8083,3.6331
8084,3.6333
8085,3.6333
8086,3.6334
8087,3.6336
8088,3.6337
8089,3.6339
8090,3.6339
8091,3.6341
8092,3.6342
8093,3.6344
8094,3.6344
8095,3.6345
8096,3.6347
8097,3.6349
8098,3.635
8099,3.635
8100,3.6352
8101,3.6353
8102,3.6355
8103,3.6356
8104,3.6358
8105,3.6358
8106,3.636
8107,3.6361
8108,3.6363
8109,3.6363
8110,3.6364
8111,3.6366
8112,3.6368
8113,3.6368
8114,3.6369
8115,3.6371
8116,3.6372
8117,3.6374
8118,3.6374
8119,3.6376
8120,3.6377
8121,3.6379
8122,3.638
8123,3.638
8124,3.6382
8125,3.6383
8126,3.6385
8127,3.6387
8128,3.6387
8129,3.6388
8130,3.639
8131,3.6391
8132,3.6391
8133,3.6393
8134,3.6395
8135,3.6396
8136,3.6398
8137,3.6398
8138,3.6399
8139,3.6401
8140,3.6403
8141,3.6403
8142,3.6404
8143,3.6406
8144,3.6407
8145,3.6409
8146,3.6409
8147,3.641
8148,3.6412
8149,3.6414
8150,3.6415
8151,3.6415
8152,3.6417
8153,3.6418
8154,3.642
8155,3.642
8156,3.6422
8157,3.6423
8158,3.6425
8159,3.6426
8160,3.6426
8161,3.6428
8162,3.643
8163,3.643
8164,3.6431
8165,3.6433
8166,3.6434
8167,3.6436
8168,3.6436
8169,3.6437
8170,3.6439
8171,3.6441
8172,3.6442
8173,3.6442
8174,3.6444
8175,3.6445
8176,3.6447
8177,3.6447
8178,3.6449
8179,3.645
8180,3.6452
8181,3.6452
8182,3.6453
8183,3.6455
8184,3.6457
8185,3.6458
8186,3.6458
8187,3.646
8188,3.6461
8189,3.6463
8190,3.6464
8191,3.6464
8192,3.6466
8193,3.6468
8194,3.6469
8195,3.6469
8196,3.6471
8197,3.6472
8198,3.6474
8199,3.6474
8200,3.6476
8201,3.6477
8202,3.6479
8203,3.6479
8204,3.648
8205,3.6482
8206,3.6484
8207,3.6484
8208,3.6485
8209,3.6487
8210,3.6488
8211,3.6488
8212,3.649
8213,3.6491
8214,3.6493
8215,3.6495
8216,3.6495
8217,3.6496
8218,3.6498
8219,3.6499
8220,3.6499
8221,3.6501
8222,3.6503
8223,3.6504
8224,3.6504
8225,3.6506
8226,3.6507
8227,3.6509
8228,3.6511
8229,3.6511
8230,3.6512
8231,3.6514
8232,3.6514
8233,3.6515
8234,3.6517
8235,3.6518
8236,3.6518
8237,3.652
8238,3.6522
8239,3.6523
8240,3.6525
8241,3.6525
8242,3.6526
8243,3.6528
8244,3.6528
8245,3.653
8246,3.6531
8247,3.6533
8248,3.6533
8249,3.6534
8250,3.6536
8251,3.6538
8252,3.6538
8253,3.6539
8254,3.6541
8255,3.6542
8256,3.6542
8257,3.6544
8258,3.6545
8259,3.6547
8260,3.6547
8261,3.6549
8262,3.655
8263,3.6552
8264,3.6552
8265,3.6553
8266,3.6555
8267,3.6557
8268,3.6557
8269,3.6558
8270,3.656
8271,3.6561
8272,3.6561
8273,3.6563
8274,3.6565
8275,3.6565
8276,3.6566
8277,3.6568
8278,3.6569
8279,3.6571
8280,3.6571
8281,3.6572
8282,3.6574
8283,3.6576
8284,3.6576
8285,3.6577
8286,3.6579
8287,3.658
8288,3.658
8289,3.6582
8290,3.6584
8291,3.6585
8292,3.6585
8293,3.6587
8294,3.6588
8295,3.6588
8296,3.659
8297,3.6592
8298,3.6593
8299,3.6593
8300,3.6595
8301,3.6596
8302,3.6598
8303,3.6598
8304,3.6599
8305,3.6601
8306,3.6603
8307,3.6603
8308,3.6604
8309,3.6606
8310,3.6607
8311,3.6607
8312,3.6609
8313,3.6611
8314,3.6611
8315,3.6612
8316,3.6614
8317,3.6615
8318,3.6615
8319,3.6617
8320,3.6619
8321,3.662
8322,3.662
8323,3.6622
8324,3.6623
8325,3.6623
8326,3.6625
8327,3.6626
8328,3.6628
8329,3.663
8330,3.663
8331,3.6631
8332,3.6633
8333,3.6633
8334,3.6634
8335,3.6636
8336,3.6638
8337,3.6638
8338,3.6639
8339,3.6641
8340,3.6641
8341,3.6642
8342,3.6644
8343,3.6646
8344,3.6646
8345,3.6647
8346,3.6649
8347,3.665
8348,3.665
8349,3.6652
8350,3.6653
8351,3.6655
8352,3.6655
8353,3.6657
8354,3.6658
8355,3.6658
8356,3.666
8357,3.6661
8358,3.6663
8359,3.6663
8360,3.6665
8361,3.6666
8362,3.6668
8363,3.6668
8364,3.6669
8365,3.6671
8366,3.6671
8367,3.6673
8368,3.6674
8369,3.6676
8370,3.6676
8371,3.6677
8372,3.6679
8373,3.6679
8374,3.668
8375,3.6682
8376,3.6684
8377,3.6684
8378,3.6685
8379,3.6687
8380,3.6687
8381,3.6688
8382,3.669
8383,3.6692
8384,3.6692
8385,3.6693
8386,3.6695
8387,3.6696
8388,3.6696
8389,3.6698
8390,3.67
8391,3.67
8392,3.6701
8393,3.6703
8394,3.6704
8395,3.6704
8396,3.6706
8397,3.6707
8398,3.6707
8399,3.6709
8400,3.6711
8401,3.6712
8402,3.6712
8403,3.6714
8404,3.6715
8405,3.6715
8406,3.6717
8407,3.6719
8408,3.672
8409,3.672
8410,3.6722
8411,3.6723
8412,3.6725
8413,3.6725
8414,3.6727
8415,3.6728
8416,3.6728
8417,3.673
8418,3.6731
8419,3.6733
8420,3.6733
8421,3.6734
8422,3.6736
8423,3.6736
8424,3.6738
8425,3.6739
8426,3.6741
8427,3.6741
8428,3.6742
8429,3.6744
8430,3.6744
8431,3.6746
8432,3.6747
8433,3.6749
8434,3.6749
8435,3.675
8436,3.6752
8437,3.6752
8438,3.6754
8439,3.6755
8440,3.6757
8441,3.6757
8442,3.6758
8443,3.676
8444,3.676
8445,3.6761
8446,3.6763
8447,3.6765
8448,3.6765
8449,3.6766
8450,3.6768
8451,3.6769
8452,3.6769
8453,3.6771
8454,3.6773
8455,3.6774
8456,3.6774
8457,3.6776
8458,3.6777
8459,3.6777
8460,3.6779
8461,3.6781
8462,3.6782
8463,3.6782
8464,3.6784
8465,3.6785
8466,3.6785
8467,3.6787
8468,3.6788
8469,3.679
8470,3.679
8471,3.6792
8472,3.6793
8473,3.6795
8474,3.6795
8475,3.6796
8476,3.6798
8477,3.6798
8478,3.68
8479,3.6801
8480,3.6803
8481,3.6803
8482,3.6804
8483,3.6806
8484,3.6808
8485,3.6808
8486,3.6809
8487,3.6811
8488,3.6811
8489,3.6812
8490,3.6814
8491,3.6815
8492,3.6815
8493,3.6817
8494,3.6819
8495,3.682
8496,3.682
8497,3.6822
8498,3.6823
8499,3.6825
8500,3.6825
8501,3.6827
8502,3.6828
8503,3.683
8504,3.683
8505,3.6831
8506,3.6833
8507,3.6835
8508,3.6835
8509,3.6836
8510,3.6838
8511,3.6839
8512,3.6839
8513,3.6841
8514,3.6843
8515,3.6843
8516,3.6844
8517,3.6846
8518,3.6847
8519,3.6847
8520,3.6849
8521,3.685
8522,3.6852
8523,3.6852
8524,3.6854
8525,3.6855
8526,3.6857
8527,3.6858
8528,3.6858
8529,3.686
8530,3.6862
8531,3.6862
8532,3.6863
8533,3.6865
8534,3.6866
8535,3.6866
8536,3.6868
8537,3.6869
8538,3.6871
8539,3.6871
8540,3.6873
8541,3.6874
8542,3.6876
8543,3.6876
8544,3.6877
8545,3.6879
8546,3.6881
8547,3.6882
8548,3.6882
8549,3.6884
8550,3.6885
8551,3.6887
8552,3.6887
8553,3.6889
8554,3.689
8555,3.6892
8556,3.6892
8557,3.6893
8558,3.6895
8559,3.6896
8560,3.6898
8561,3.6898
8562,3.69
8563,3.6901
8564,3.6903
8565,3.6904
8566,3.6904
8567,3.6906
8568,3.6908
8569,3.6909
8570,3.6909
8571,3.6911
8572,3.6912
8573,3.6914
8574,3.6916
8575,3.6916
8576,3.6917
8577,3.6919
8578,3.692
8579,3.6922
8580,3.6922
8581,3.6923
8582,3.6925
8583,3.6927
8584,3.6928
8585,3.6928
8586,3.693
8587,3.6931
8588,3.6933
8589,3.6935
8590,3.6935
8591,3.6936
8592,3.6938
8593,3.6939
8594,3.6941
8595,3.6941
8596,3.6943
8597,3.6944
8598,3.6946
8599,3.6947
8600,3.6947
8601,3.6949
8602,3.695
8603,3.6952
8604,3.6954
8605,3.6954
8606,3.6955
8607,3.6957
8608,3.6958
8609,3.696
8610,3.6962
8611,3.6962
8612,3.6963
8613,3.6965
8614,3.6966
8615,3.6968
8616,3.697
8617,3.697
8618,3.6971
8619,3.6973
8620,3.6974
8621,3.6976
8622,3.6978
8623,3.6978
8624,3.6979
8625,3.6981
8626,3.6982
8627,3.6984
8628,3.6985
8629,3.6985
8630,3.6987
8631,3.6989
8632,3.699
8633,3.6992
8634,3.6993
8635,3.6993
8636,3.6995
8637,3.6997
8638,3.6998
8639,3.7
8640,3.7001
8641,3.7003
8642,3.7005
8643,3.7005
8644,3.7006
8645,3.7008
8646,3.7009
8647,3.7011
8648,3.7012
8649,3.7014
8650,3.7014
8651,3.7016
8652,3.7017
8653,3.7019
8654,3.702
8655,3.7022
8656,3.7024
8657,3.7025
8658,3.7025
8659,3.7027
8660,3.7028
8661,3.703
8662,3.7032
8663,3.7033
8664,3.7035
8665,3.7036
8666,3.7038
8667,3.7038
8668,3.7039
8669,3.7041
8670,3.7043
8671,3.7044
8672,3.7046
8673,3.7047
8674,3.7049
8675,3.7051
8676,3.7051
8677,3.7052
8678,3.7054
8679,3.7055
8680,3.7057
8681,3.7059
8682,3.706
8683,3.7062
8684,3.7063
8685,3.7065
8686,3.7065
8687,3.7066
8688,3.7068
8689,3.707
8690,3.7071
8691,3.7073
8692,3.7074
8693,3.7076
8694,3.7078
8695,3.7079
8696,3.7081
8697,3.7082
8698,3.7084
8699,3.7086
8700,3.7086
8701,3.7087
8702,3.7089
8703,3.709
8704,3.7092
8705,3.7093
8706,3.7095
8707,3.7097
8708,3.7098
8709,3.71
8710,3.7101
8711,3.7103
8712,3.7103
8713,3.7105
8714,3.7106
8715,3.7108
8716,3.7109
8717,3.7111
8718,3.7105
8719,3.7105
8720,3.7105
8721,3.7105
8722,3.7105
8723,3.7105
8724,3.7105
8725,3.7105
8726,3.7106
8727,3.7105
8728,3.7105
8729,3.7105
8730,3.7105
8731,3.7105
8732,3.7105
8733,3.7105
8734,3.7105
8735,3.7105
8736,3.7106
8737,3.7105
8738,3.7105
8739,3.7106
8740,3.7105
8741,3.7105
8742,3.7105
8743,3.7105
8744,3.7105
8745,3.7105
8746,3.7105
8747,3.7105
8748,3.7105
8749,3.7105
8750,3.7105
8751,3.7105
8752,3.7106
8753,3.7105
8754,3.7105
8755,3.7105
8756,3.7082
8757,3.7075
8758,3.7071
8759,3.7068
8760,3.7067
8761,3.7067
8762,3.7065
8763,3.7063
8764,3.7063
8765,3.7062
8766,3.7062
8767,3.706
8768,3.706
8769,3.706
8770,3.7059
8771,3.7059
8772,3.7059
8773,3.7057
8774,3.7057
8775,3.7057
8776,3.7057
8777,3.7055
8778,3.7055
8779,3.7055
8780,3.7055
8781,3.7055
8782,3.7054
8783,3.7054
8784,3.7054
8785,3.7054
8786,3.7054
8787,3.7052
8788,3.7052
8789,3.7052
8790,3.7052
8791,3.7052
8792,3.7052
8793,3.7052
8794,3.7051
8795,3.7051
8796,3.7051
8797,3.7051
8798,3.7051
8799,3.7051
8800,3.7051
8801,3.7051
8802,3.7051
8803,3.7049
8804,3.7049
8805,3.7049
8806,3.7049
8807,3.7049
8808,3.7049
8809,3.7049
8810,3.7049
8811,3.7049
8812,3.7049
8813,3.7049
8814,3.7048
8815,3.7048
8816,3.7048
8817,3.7048
8818,3.7048
8819,3.7048
8820,3.7048
8821,3.7048
8822,3.7048
8823,3.7048
8824,3.7048
8825,3.7048
8826,3.7048
8827,3.7048
8828,3.7048
8829,3.7048
8830,3.7048
8831,3.7046
8832,3.7046
8833,3.7046
8834,3.7046
8835,3.7046
8836,3.7046
8837,3.7046
8838,3.7046
8839,3.7046
8840,3.7046
8841,3.7046
8842,3.7046
8843,3.7046
8844,3.7046
8845,3.7046
8846,3.7046
8847,3.7046
8848,3.7046
8849,3.7046
8850,3.7046
8851,3.7046
8852,3.7046
8853,3.7046
8854,3.7046
8855,3.7046
8856,3.7044
8857,3.7044
8858,3.7044
8859,3.7044
8860,3.7044
8861,3.7044
8862,3.7044
8863,3.7044
8864,3.7044
8865,3.7044
8866,3.7044
8867,3.7044
8868,3.7044
8869,3.7044
8870,3.7044
8871,3.7044
8872,3.7044
8873,3.7044
8874,3.7044
8875,3.7044
8876,3.7044
8877,3.7044
8878,3.7044
8879,3.7044
8880,3.7044
8881,3.7044
8882,3.7044
8883,3.7044
8884,3.7044
8885,3.7044
8886,3.7044
8887,3.7044
8888,3.7044
8889,3.7044
8890,3.7044
8891,3.7044
8892,3.7044
8893,3.7044
8894,3.7044
8895,3.7044
8896,3.7043
8897,3.7043
8898,3.7043
8899,3.7044
8900,3.7043
8901,3.7044
8902,3.7043
8903,3.7043
8904,3.7043
8905,3.7043
8906,3.7043
8907,3.7043
8908,3.7043
8909,3.7043
8910,3.7043
8911,3.7043
8912,3.7043
8913,3.7043
8914,3.7043
8915,3.7043
8916,3.7043
8917,3.7043
8918,3.7043
8919,3.7043
8920,3.7043
8921,3.7043
8922,3.7043
8923,3.7043
8924,3.7043
8925,3.7043
8926,3.7043
8927,3.7043
8928,3.7043
8929,3.7043
8930,3.7043
8931,3.7043
8932,3.7043
8933,3.7043
8934,3.7043
8935,3.7043
8936,3.7043
