,voltage
0,3.4204
1,3.4204
2,3.4204
3,3.4204
4,3.4204
5,3.4204
6,3.4204
7,3.4204
8,3.4204
9,3.4206
10,3.4204
11,3.4204
12,3.4204
13,3.4204
14,3.4204
15,3.4206
16,3.4206
17,3.4204
18,3.4206
19,3.4206
20,3.4204
21,3.4206
22,3.4204
23,3.4206
24,3.4204
25,3.4206
26,3.4206
27,3.4206
28,3.4204
29,3.4206
30,3.4204
31,3.4206
32,3.4206
33,3.4206
34,3.4206
35,3.4206
36,3.4206
37,3.4206
38,3.4206
39,3.4206
40,3.4206
41,3.4206
42,3.4206
43,3.4206
44,3.4206
45,3.4206
46,3.4206
47,3.4206
48,3.4206
49,3.4206
50,3.4206
51,3.4206
52,3.4206
53,3.4206
54,3.4206
55,3.4206
56,3.4206
57,3.4206
58,3.4206
59,3.4206
60,3.4206
61,3.5161
62,3.6199
63,3.6731
64,3.6671
65,3.6629
66,3.6599
67,3.6577
68,3.6558
69,3.6544
70,3.6531
71,3.6521
72,3.6512
73,3.6504
74,3.6498
75,3.6491
76,3.6486
77,3.6482
78,3.6478
79,3.6474
80,3.6471
81,3.6469
82,3.6466
83,3.6464
84,3.6463
85,3.6461
86,3.6459
87,3.6458
88,3.6458
89,3.6456
90,3.6456
91,3.6456
92,3.6456
93,3.6456
94,3.6456
95,3.6456
96,3.6456
97,3.6456
98,3.6456
99,3.6458
100,3.6458
101,3.6459
102,3.6459
103,3.6461
104,3.6461
105,3.6463
106,3.6464
107,3.6464
108,3.6466
109,3.6467
110,3.6469
111,3.6469
112,3.6471
113,3.6472
114,3.6474
115,3.6475
116,3.6477
117,3.6478
118,3.648
119,3.648
120,3.6482
121,3.6483
122,3.6485
123,3.6486
124,3.6488
125,3.649
126,3.6491
127,3.6493
128,3.6494
129,3.6496
130,3.6498
131,3.6499
132,3.6501
133,3.6502
134,3.6504
135,3.6505
136,3.6507
137,3.6509
138,3.651
139,3.6512
140,3.6513
141,3.6517
142,3.6517
143,3.6518
144,3.6521
145,3.6523
146,3.6525
147,3.6526
148,3.6528
149,3.6528
150,3.6531
151,3.6531
152,3.6533
153,3.6536
154,3.6536
155,3.6537
156,3.6539
157,3.654
158,3.6542
159,3.6544
160,3.6545
161,3.6547
162,3.6548
163,3.655
164,3.6552
165,3.6553
166,3.6555
167,3.6556
168,3.6558
169,3.6558
170,3.656
171,3.6561
172,3.6563
173,3.6564
174,3.6566
175,3.6567
176,3.6569
177,3.6569
178,3.6571
179,3.6572
180,3.6574
181,3.6575
182,3.6577
183,3.6577
184,3.6579
185,3.658
186,3.6582
187,3.6583
188,3.6583
189,3.6585
190,3.6587
191,3.6588
192,3.6588
193,3.659
194,3.6591
195,3.6593
196,3.6593
197,3.6594
198,3.6596
199,3.6598
200,3.6598
201,3.6599
202,3.6601
203,3.6602
204,3.6602
205,3.6604
206,3.6606
207,3.6606
208,3.6607
209,3.6609
210,3.6609
211,3.661
212,3.6612
213,3.6612
214,3.6614
215,3.6615
216,3.6615
217,3.6617
218,3.6618
219,3.6618
220,3.662
221,3.6622
222,3.6622
223,3.6623
224,3.6623
225,3.6625
226,3.6626
227,3.6626
228,3.6628
229,3.6629
230,3.6629
231,3.6631
232,3.6631
233,3.6633
234,3.6634
235,3.6634
236,3.6636
237,3.6636
238,3.6637
239,3.6637
240,3.6639
241,3.6641
242,3.6641
243,3.6642
244,3.6642
245,3.6644
246,3.6644
247,3.6645
248,3.6645
249,3.6647
250,3.6649
251,3.6649
252,3.665
253,3.665
254,3.6652
255,3.6652
256,3.6653
257,3.6653
258,3.6655
259,3.6655
260,3.6656
261,3.6656
262,3.6658
263,3.6658
264,3.666
265,3.666
266,3.6661
267,3.6661
268,3.6663
269,3.6663
270,3.6664
271,3.6664
272,3.6666
273,3.6666
274,3.6668
275,3.6668
276,3.6669
277,3.6669
278,3.6671
279,3.6671
280,3.6672
281,3.6672
282,3.6672
283,3.6674
284,3.6674
285,3.6676
286,3.6676
287,3.6677
288,3.6677
289,3.6679
290,3.6679
291,3.668
292,3.668
293,3.668
294,3.6682
295,3.6682
296,3.6683
297,3.6683
298,3.6685
299,3.6685
300,3.6687
301,3.6687
302,3.6687
303,3.6688
304,3.6688
305,3.669
306,3.669
307,3.6691
308,3.6691
309,3.6693
310,3.6693
311,3.6693
312,3.6695
313,3.6695
314,3.6696
315,3.6696
316,3.6696
317,3.6698
318,3.6698
319,3.6699
320,3.6699
321,3.6699
322,3.6701
323,3.6701
324,3.6703
325,3.6703
326,3.6704
327,3.6704
328,3.6704
329,3.6706
330,3.6706
331,3.6707
332,3.6707
333,3.6707
334,3.6709
335,3.6709
336,3.6709
337,3.671
338,3.671
339,3.6712
340,3.6712
341,3.6712
342,3.6714
343,3.6714
344,3.6715
345,3.6715
346,3.6715
347,3.6717
348,3.6717
349,3.6718
350,3.6718
351,3.6718
352,3.672
353,3.672
354,3.672
355,3.6722
356,3.6722
357,3.6723
358,3.6723
359,3.6723
360,3.6725
361,3.6725
362,3.6725
363,3.6726
364,3.6726
365,3.6728
366,3.6728
367,3.6728
368,3.673
369,3.673
370,3.673
371,3.6731
372,3.6731
373,3.6733
374,3.6733
375,3.6733
376,3.6734
377,3.6734
378,3.6734
379,3.6736
380,3.6736
381,3.6736
382,3.6738
383,3.6738
384,3.6738
385,3.6739
386,3.6739
387,3.6741
388,3.6741
389,3.6741
390,3.6742
391,3.6742
392,3.6742
393,3.6744
394,3.6744
395,3.6744
396,3.6745
397,3.6745
398,3.6747
399,3.6747
400,3.6747
401,3.6749
402,3.6749
403,3.6749
404,3.675
405,3.675
406,3.675
407,3.6752
408,3.6752
409,3.6753
410,3.6753
411,3.6753
412,3.6755
413,3.6755
414,3.6755
415,3.6757
416,3.6757
417,3.6757
418,3.6758
419,3.6758
420,3.676
421,3.676
422,3.676
423,3.676
424,3.6761
425,3.6761
426,3.6761
427,3.6763
428,3.6763
429,3.6765
430,3.6765
431,3.6765
432,3.6766
433,3.6766
434,3.6766
435,3.6768
436,3.6768
437,3.6768
438,3.6769
439,3.6769
440,3.6769
441,3.6771
442,3.6771
443,3.6772
444,3.6772
445,3.6772
446,3.6774
447,3.6774
448,3.6774
449,3.6776
450,3.6776
451,3.6776
452,3.6777
453,3.6777
454,3.6777
455,3.6779
456,3.6779
457,3.6779
458,3.678
459,3.678
460,3.678
461,3.6782
462,3.6782
463,3.6784
464,3.6784
465,3.6784
466,3.6785
467,3.6785
468,3.6785
469,3.6785
470,3.6787
471,3.6787
472,3.6787
473,3.6788
474,3.6788
475,3.679
476,3.679
477,3.679
478,3.6792
479,3.6792
480,3.6792
481,3.6793
482,3.6793
483,3.6793
484,3.6795
485,3.6795
486,3.6795
487,3.6796
488,3.6796
489,3.6796
490,3.6798
491,3.6798
492,3.6798
493,3.6799
494,3.6799
495,3.6799
496,3.6801
497,3.6801
498,3.6801
499,3.6803
500,3.6803
501,3.6804
502,3.6804
503,3.6804
504,3.6806
505,3.6806
506,3.6806
507,3.6807
508,3.6807
509,3.6807
510,3.6807
511,3.6809
512,3.6809
513,3.6811
514,3.6811
515,3.6811
516,3.6812
517,3.6812
518,3.6812
519,3.6814
520,3.6814
521,3.6814
522,3.6815
523,3.6815
524,3.6815
525,3.6817
526,3.6817
527,3.6817
528,3.6819
529,3.6819
530,3.6819
531,3.682
532,3.682
533,3.682
534,3.6822
535,3.6822
536,3.6823
537,3.6823
538,3.6823
539,3.6823
540,3.6825
541,3.6825
542,3.6825
543,3.6826
544,3.6826
545,3.6826
546,3.6828
547,3.6828
548,3.683
549,3.683
550,3.683
551,3.6831
552,3.6831
553,3.6831
554,3.6831
555,3.6833
556,3.6833
557,3.6834
558,3.6834
559,3.6834
560,3.6836
561,3.6836
562,3.6836
563,3.6838
564,3.6838
565,3.6838
566,3.6839
567,3.6839
568,3.6839
569,3.6841
570,3.6841
571,3.6841
572,3.6842
573,3.6842
574,3.6842
575,3.6844
576,3.6844
577,3.6846
578,3.6846
579,3.6846
580,3.6847
581,3.6847
582,3.6847
583,3.6849
584,3.6849
585,3.6849
586,3.685
587,3.685
588,3.685
589,3.6852
590,3.6852
591,3.6852
592,3.6854
593,3.6854
594,3.6854
595,3.6855
596,3.6855
597,3.6855
598,3.6857
599,3.6857
600,3.6858
601,3.6858
602,3.6858
603,3.686
604,3.686
605,3.686
606,3.6861
607,3.6861
608,3.6861
609,3.6863
610,3.6863
611,3.6863
612,3.6865
613,3.6865
614,3.6866
615,3.6866
616,3.6866
617,3.6866
618,3.6868
619,3.6868
620,3.6869
621,3.6869
622,3.6869
623,3.6871
624,3.6871
625,3.6871
626,3.6873
627,3.6873
628,3.6873
629,3.6874
630,3.6874
631,3.6874
632,3.6876
633,3.6876
634,3.6876
635,3.6877
636,3.6877
637,3.6879
638,3.6879
639,3.6879
640,3.6881
641,3.6881
642,3.6881
643,3.6882
644,3.6882
645,3.6882
646,3.6884
647,3.6884
648,3.6884
649,3.6885
650,3.6885
651,3.6887
652,3.6887
653,3.6887
654,3.6888
655,3.6888
656,3.6888
657,3.689
658,3.689
659,3.689
660,3.6892
661,3.6892
662,3.6892
663,3.6893
664,3.6893
665,3.6895
666,3.6895
667,3.6895
668,3.6895
669,3.6896
670,3.6896
671,3.6898
672,3.6898
673,3.6898
674,3.69
675,3.69
676,3.69
677,3.6901
678,3.6901
679,3.6903
680,3.6903
681,3.6903
682,3.6904
683,3.6904
684,3.6904
685,3.6906
686,3.6906
687,3.6906
688,3.6908
689,3.6908
690,3.6909
691,3.6909
692,3.6909
693,3.6911
694,3.6911
695,3.6911
696,3.6912
697,3.6912
698,3.6912
699,3.6914
700,3.6914
701,3.6915
702,3.6915
703,3.6915
704,3.6917
705,3.6917
706,3.6917
707,3.6919
708,3.6919
709,3.6919
710,3.692
711,3.692
712,3.6922
713,3.6922
714,3.6922
715,3.6923
716,3.6923
717,3.6923
718,3.6925
719,3.6925
720,3.6927
721,3.6927
722,3.6927
723,3.6928
724,3.6928
725,3.6928
726,3.693
727,3.693
728,3.6931
729,3.6931
730,3.6931
731,3.6933
732,3.6933
733,3.6933
734,3.6935
735,3.6935
736,3.6936
737,3.6936
738,3.6936
739,3.6938
740,3.6938
741,3.6938
742,3.6939
743,3.6939
744,3.6941
745,3.6941
746,3.6941
747,3.6943
748,3.6943
749,3.6943
750,3.6944
751,3.6944
752,3.6946
753,3.6946
754,3.6946
755,3.6947
756,3.6947
757,3.6947
758,3.6949
759,3.6949
760,3.6949
761,3.695
762,3.695
763,3.6952
764,3.6952
765,3.6954
766,3.6954
767,3.6954
768,3.6954
769,3.6955
770,3.6955
771,3.6957
772,3.6957
773,3.6958
774,3.6958
775,3.6958
776,3.696
777,3.696
778,3.696
779,3.6962
780,3.6962
781,3.6963
782,3.6963
783,3.6963
784,3.6965
785,3.6965
786,3.6966
787,3.6966
788,3.6966
789,3.6968
790,3.6968
791,3.697
792,3.697
793,3.697
794,3.6971
795,3.6971
796,3.6973
797,3.6973
798,3.6973
799,3.6974
800,3.6974
801,3.6974
802,3.6976
803,3.6976
804,3.6977
805,3.6977
806,3.6977
807,3.6979
808,3.6979
809,3.6981
810,3.6981
811,3.6981
812,3.6982
813,3.6982
814,3.6984
815,3.6984
816,3.6984
817,3.6985
818,3.6985
819,3.6987
820,3.6987
821,3.6987
822,3.6989
823,3.6989
824,3.699
825,3.699
826,3.699
827,3.6992
828,3.6992
829,3.6993
830,3.6993
831,3.6993
832,3.6995
833,3.6995
834,3.6997
835,3.6997
836,3.6997
837,3.6998
838,3.6998
839,3.7
840,3.7
841,3.7001
842,3.7001
843,3.7001
844,3.7003
845,3.7003
846,3.7003
847,3.7004
848,3.7004
849,3.7006
850,3.7006
851,3.7006
852,3.7008
853,3.7008
854,3.7009
855,3.7009
856,3.7011
857,3.7011
858,3.7011
859,3.7012
860,3.7012
861,3.7014
862,3.7014
863,3.7014
864,3.7016
865,3.7016
866,3.7017
867,3.7017
868,3.7019
869,3.7019
870,3.7019
871,3.702
872,3.702
873,3.7022
874,3.7022
875,3.7022
876,3.7024
877,3.7024
878,3.7025
879,3.7025
880,3.7027
881,3.7027
882,3.7027
883,3.7028
884,3.7028
885,3.703
886,3.703
887,3.7031
888,3.7031
889,3.7031
890,3.7033
891,3.7033
892,3.7035
893,3.7035
894,3.7035
895,3.7036
896,3.7036
897,3.7038
898,3.7038
899,3.7038
900,3.7039
901,3.7039
902,3.7041
903,3.7041
904,3.7043
905,3.7043
906,3.7043
907,3.7044
908,3.7044
909,3.7046
910,3.7046
911,3.7047
912,3.7047
913,3.7047
914,3.7049
915,3.7049
916,3.7051
917,3.7051
918,3.7052
919,3.7052
920,3.7052
921,3.7054
922,3.7054
923,3.7055
924,3.7055
925,3.7057
926,3.7057
927,3.7057
928,3.7059
929,3.7059
930,3.706
931,3.706
932,3.7062
933,3.7062
934,3.7062
935,3.7063
936,3.7063
937,3.7065
938,3.7065
939,3.7065
940,3.7066
941,3.7066
942,3.7068
943,3.7068
944,3.707
945,3.707
946,3.707
947,3.7071
948,3.7071
949,3.7073
950,3.7073
951,3.7074
952,3.7074
953,3.7076
954,3.7076
955,3.7076
956,3.7078
957,3.7078
958,3.7079
959,3.7079
960,3.7081
961,3.7081
962,3.7081
963,3.7082
964,3.7082
965,3.7084
966,3.7084
967,3.7086
968,3.7086
969,3.7087
970,3.7087
971,3.7087
972,3.7089
973,3.7089
974,3.709
975,3.709
976,3.7092
977,3.7092
978,3.7093
979,3.7093
980,3.7093
981,3.7095
982,3.7095
983,3.7097
984,3.7097
985,3.7098
986,3.7098
987,3.7098
988,3.71
989,3.71
990,3.7101
991,3.7101
992,3.7103
993,3.7103
994,3.7105
995,3.7105
996,3.7105
997,3.7106
998,3.7106
999,3.7108
1000,3.7108
1001,3.7109
1002,3.7109
1003,3.7111
1004,3.7111
1005,3.7113
1006,3.7113
1007,3.7113
1008,3.7114
1009,3.7114
1010,3.7116
1011,3.7116
1012,3.7117
1013,3.7117
1014,3.7119
1015,3.7119
1016,3.7119
1017,3.712
1018,3.712
1019,3.7122
1020,3.7122
1021,3.7124
1022,3.7124
1023,3.7125
1024,3.7125
1025,3.7125
1026,3.7127
1027,3.7127
1028,3.7128
1029,3.7128
1030,3.713
1031,3.713
1032,3.7132
1033,3.7132
1034,3.7133
1035,3.7133
1036,3.7135
1037,3.7135
1038,3.7135
1039,3.7136
1040,3.7136
1041,3.7138
1042,3.7138
1043,3.714
1044,3.714
1045,3.7141
1046,3.7141
1047,3.7141
1048,3.7143
1049,3.7143
1050,3.7144
1051,3.7144
1052,3.7146
1053,3.7146
1054,3.7148
1055,3.7148
1056,3.7149
1057,3.7149
1058,3.7151
1059,3.7151
1060,3.7151
1061,3.7152
1062,3.7152
1063,3.7154
1064,3.7154
1065,3.7155
1066,3.7155
1067,3.7157
1068,3.7157
1069,3.7159
1070,3.7159
1071,3.716
1072,3.716
1073,3.716
1074,3.7162
1075,3.7162
1076,3.7163
1077,3.7163
1078,3.7165
1079,3.7165
1080,3.7167
1081,3.7167
1082,3.7168
1083,3.7168
1084,3.717
1085,3.717
1086,3.717
1087,3.7171
1088,3.7171
1089,3.7173
1090,3.7173
1091,3.7175
1092,3.7175
1093,3.7176
1094,3.7176
1095,3.7176
1096,3.7178
1097,3.7179
1098,3.7179
1099,3.7179
1100,3.7181
1101,3.7181
1102,3.7182
1103,3.7182
1104,3.7184
1105,3.7184
1106,3.7186
1107,3.7186
1108,3.7186
1109,3.7187
1110,3.7189
1111,3.7189
1112,3.7189
1113,3.719
1114,3.719
1115,3.7192
1116,3.7192
1117,3.7194
1118,3.7194
1119,3.7195
1120,3.7195
1121,3.7195
1122,3.7197
1123,3.7197
1124,3.7198
1125,3.7198
1126,3.72
1127,3.72
1128,3.7202
1129,3.7202
1130,3.7203
1131,3.7203
1132,3.7205
1133,3.7205
1134,3.7206
1135,3.7206
1136,3.7208
1137,3.7208
1138,3.7209
1139,3.7209
1140,3.7209
1141,3.7211
1142,3.7211
1143,3.7213
1144,3.7213
1145,3.7214
1146,3.7214
1147,3.7216
1148,3.7216
1149,3.7217
1150,3.7217
1151,3.7219
1152,3.7219
1153,3.7219
1154,3.7221
1155,3.7221
1156,3.7222
1157,3.7222
1158,3.7224
1159,3.7224
1160,3.7225
1161,3.7225
1162,3.7227
1163,3.7227
1164,3.7229
1165,3.7229
1166,3.723
1167,3.723
1168,3.7232
1169,3.7232
1170,3.7233
1171,3.7233
1172,3.7235
1173,3.7235
1174,3.7235
1175,3.7236
1176,3.7236
1177,3.7238
1178,3.7238
1179,3.724
1180,3.724
1181,3.7241
1182,3.7241
1183,3.7243
1184,3.7243
1185,3.7243
1186,3.7244
1187,3.7246
1188,3.7246
1189,3.7246
1190,3.7248
1191,3.7249
1192,3.7249
1193,3.7249
1194,3.7251
1195,3.7251
1196,3.7252
1197,3.7252
1198,3.7254
1199,3.7254
1200,3.7256
1201,3.7256
1202,3.7257
1203,3.7257
1204,3.7259
1205,3.7259
1206,3.726
1207,3.726
1208,3.726
1209,3.7262
1210,3.7262
1211,3.7264
1212,3.7265
1213,3.7265
1214,3.7265
1215,3.7267
1216,3.7267
1217,3.7268
1218,3.7268
1219,3.727
1220,3.727
1221,3.7271
1222,3.7271
1223,3.7273
1224,3.7273
1225,3.7275
1226,3.7275
1227,3.7276
1228,3.7276
1229,3.7278
1230,3.7278
1231,3.7279
1232,3.7279
1233,3.7281
1234,3.7281
1235,3.7283
1236,3.7283
1237,3.7283
1238,3.7284
1239,3.7284
1240,3.7286
1241,3.7286
1242,3.7287
1243,3.7287
1244,3.7289
1245,3.7289
1246,3.7291
1247,3.7291
1248,3.7292
1249,3.7292
1250,3.7294
1251,3.7294
1252,3.7295
1253,3.7295
1254,3.7297
1255,3.7297
1256,3.7298
1257,3.7298
1258,3.73
1259,3.73
1260,3.7302
1261,3.7302
1262,3.7303
1263,3.7303
1264,3.7305
1265,3.7305
1266,3.7306
1267,3.7306
1268,3.7306
1269,3.7308
1270,3.7308
1271,3.731
1272,3.731
1273,3.7311
1274,3.7311
1275,3.7313
1276,3.7313
1277,3.7314
1278,3.7314
1279,3.7316
1280,3.7316
1281,3.7318
1282,3.7318
1283,3.7319
1284,3.7319
1285,3.7321
1286,3.7321
1287,3.7322
1288,3.7322
1289,3.7324
1290,3.7324
1291,3.7325
1292,3.7325
1293,3.7327
1294,3.7327
1295,3.7329
1296,3.7329
1297,3.733
1298,3.733
1299,3.7332
1300,3.7332
1301,3.7333
1302,3.7333
1303,3.7335
1304,3.7335
1305,3.7337
1306,3.7337
1307,3.7338
1308,3.7338
1309,3.734
1310,3.734
1311,3.7341
1312,3.7341
1313,3.7343
1314,3.7343
1315,3.7345
1316,3.7345
1317,3.7346
1318,3.7346
1319,3.7348
1320,3.7348
1321,3.7349
1322,3.7349
1323,3.7351
1324,3.7351
1325,3.7352
1326,3.7352
1327,3.7354
1328,3.7354
1329,3.7356
1330,3.7356
1331,3.7357
1332,3.7357
1333,3.7359
1334,3.7359
1335,3.736
1336,3.736
1337,3.7362
1338,3.7364
1339,3.7364
1340,3.7364
1341,3.7365
1342,3.7365
1343,3.7367
1344,3.7368
1345,3.7368
1346,3.7368
1347,3.737
1348,3.7372
1349,3.7372
1350,3.7373
1351,3.7373
1352,3.7375
1353,3.7375
1354,3.7376
1355,3.7376
1356,3.7378
1357,3.7378
1358,3.738
1359,3.738
1360,3.7381
1361,3.7383
1362,3.7383
1363,3.7383
1364,3.7384
1365,3.7386
1366,3.7386
1367,3.7387
1368,3.7387
1369,3.7389
1370,3.7389
1371,3.7391
1372,3.7391
1373,3.7392
1374,3.7392
1375,3.7394
1376,3.7394
1377,3.7395
1378,3.7397
1379,3.7397
1380,3.7399
1381,3.7399
1382,3.74
1383,3.74
1384,3.7402
1385,3.7402
1386,3.7403
1387,3.7403
1388,3.7405
1389,3.7407
1390,3.7407
1391,3.7408
1392,3.7408
1393,3.741
1394,3.741
1395,3.7411
1396,3.7411
1397,3.7413
1398,3.7413
1399,3.7414
1400,3.7416
1401,3.7416
1402,3.7418
1403,3.7418
1404,3.7419
1405,3.7419
1406,3.7421
1407,3.7421
1408,3.7422
1409,3.7422
1410,3.7424
1411,3.7424
1412,3.7426
1413,3.7427
1414,3.7427
1415,3.7429
1416,3.7429
1417,3.743
1418,3.743
1419,3.7432
1420,3.7434
1421,3.7434
1422,3.7435
1423,3.7435
1424,3.7437
1425,3.7437
1426,3.7438
1427,3.7438
1428,3.744
1429,3.7441
1430,3.7441
1431,3.7443
1432,3.7443
1433,3.7445
1434,3.7446
1435,3.7446
1436,3.7448
1437,3.7448
1438,3.7449
1439,3.7449
1440,3.7451
1441,3.7453
1442,3.7453
1443,3.7454
1444,3.7454
1445,3.7456
1446,3.7457
1447,3.7457
1448,3.7459
1449,3.7459
1450,3.7461
1451,3.7461
1452,3.7462
1453,3.7464
1454,3.7464
1455,3.7465
1456,3.7465
1457,3.7467
1458,3.7469
1459,3.7469
1460,3.747
1461,3.747
1462,3.7472
1463,3.7473
1464,3.7473
1465,3.7475
1466,3.7475
1467,3.7476
1468,3.7476
1469,3.7478
1470,3.748
1471,3.748
1472,3.7481
1473,3.7483
1474,3.7483
1475,3.7484
1476,3.7484
1477,3.7486
1478,3.7488
1479,3.7488
1480,3.7489
1481,3.7489
1482,3.7491
1483,3.7492
1484,3.7492
1485,3.7494
1486,3.7494
1487,3.7496
1488,3.7497
1489,3.7497
1490,3.7499
1491,3.7499
1492,3.75
1493,3.7502
1494,3.7502
1495,3.7503
1496,3.7503
1497,3.7505
1498,3.7507
1499,3.7507
1500,3.7508
1501,3.751
1502,3.751
1503,3.7511
1504,3.7511
1505,3.7513
1506,3.7515
1507,3.7515
1508,3.7516
1509,3.7518
1510,3.7518
1511,3.7519
1512,3.7521
1513,3.7521
1514,3.7523
1515,3.7523
1516,3.7524
1517,3.7526
1518,3.7526
1519,3.7527
1520,3.7529
1521,3.7529
1522,3.753
1523,3.7532
1524,3.7532
1525,3.7534
1526,3.7534
1527,3.7535
1528,3.7537
1529,3.7537
1530,3.7538
1531,3.754
1532,3.754
1533,3.7542
1534,3.7543
1535,3.7543
1536,3.7545
1537,3.7546
1538,3.7546
1539,3.7548
1540,3.755
1541,3.755
1542,3.7551
1543,3.7553
1544,3.7553
1545,3.7554
1546,3.7556
1547,3.7556
1548,3.7557
1549,3.7559
1550,3.7559
1551,3.7561
1552,3.7562
1553,3.7562
1554,3.7564
1555,3.7565
1556,3.7565
1557,3.7567
1558,3.7569
1559,3.7569
1560,3.757
1561,3.7572
1562,3.7572
1563,3.7573
1564,3.7575
1565,3.7575
1566,3.7577
1567,3.7578
1568,3.7578
1569,3.758
1570,3.7581
1571,3.7581
1572,3.7583
1573,3.7585
1574,3.7585
1575,3.7586
1576,3.7588
1577,3.7589
1578,3.7589
1579,3.7591
1580,3.7592
1581,3.7592
1582,3.7594
1583,3.7596
1584,3.7596
1585,3.7597
1586,3.7599
1587,3.76
1588,3.76
1589,3.7602
1590,3.7604
1591,3.7604
1592,3.7605
1593,3.7607
1594,3.7607
1595,3.7608
1596,3.761
1597,3.7612
1598,3.7612
1599,3.7613
1600,3.7615
1601,3.7616
1602,3.7616
1603,3.7618
1604,3.7619
1605,3.7619
1606,3.7621
1607,3.7623
1608,3.7624
1609,3.7624
1610,3.7626
1611,3.7627
1612,3.7629
1613,3.7629
1614,3.7631
1615,3.7632
1616,3.7634
1617,3.7634
1618,3.7635
1619,3.7637
1620,3.7637
1621,3.7639
1622,3.764
1623,3.7642
1624,3.7642
1625,3.7643
1626,3.7645
1627,3.7646
1628,3.7646
1629,3.7648
1630,3.765
1631,3.765
1632,3.7651
1633,3.7653
1634,3.7654
1635,3.7656
1636,3.7656
1637,3.7658
1638,3.7659
1639,3.7661
1640,3.7661
1641,3.7662
1642,3.7664
1643,3.7664
1644,3.7666
1645,3.7667
1646,3.7669
1647,3.767
1648,3.767
1649,3.7672
1650,3.7673
1651,3.7675
1652,3.7675
1653,3.7677
1654,3.7678
1655,3.768
1656,3.768
1657,3.7681
1658,3.7683
1659,3.7685
1660,3.7686
1661,3.7686
1662,3.7688
1663,3.7689
1664,3.7691
1665,3.7691
1666,3.7693
1667,3.7694
1668,3.7696
1669,3.7697
1670,3.7697
1671,3.7699
1672,3.7701
1673,3.7702
1674,3.7704
1675,3.7704
1676,3.7705
1677,3.7707
1678,3.7708
1679,3.7708
1680,3.771
1681,3.7712
1682,3.7713
1683,3.7715
1684,3.7716
1685,3.7716
1686,3.7718
1687,3.772
1688,3.7721
1689,3.7723
1690,3.7723
1691,3.7724
1692,3.7726
1693,3.7728
1694,3.7729
1695,3.7731
1696,3.7731
1697,3.7732
1698,3.7734
1699,3.7735
1700,3.7737
1701,3.7737
1702,3.7739
1703,3.774
1704,3.7742
1705,3.7743
1706,3.7745
1707,3.7747
1708,3.7747
1709,3.7748
1710,3.775
1711,3.7751
1712,3.7753
1713,3.7753
1714,3.7755
1715,3.7756
1716,3.7758
1717,3.7759
1718,3.7761
1719,3.7762
1720,3.7762
1721,3.7764
1722,3.7766
1723,3.7767
1724,3.7769
1725,3.777
1726,3.777
1727,3.7772
1728,3.7774
1729,3.7775
1730,3.7777
1731,3.7778
1732,3.778
1733,3.778
1734,3.7782
1735,3.7783
1736,3.7785
1737,3.7786
1738,3.7788
1739,3.779
1740,3.7791
1741,3.7791
1742,3.7793
1743,3.7794
1744,3.7796
1745,3.7797
1746,3.7799
1747,3.7801
1748,3.7802
1749,3.7802
1750,3.7804
1751,3.7805
1752,3.7807
1753,3.7809
1754,3.781
1755,3.7812
1756,3.7813
1757,3.7813
1758,3.7815
1759,3.7817
1760,3.7818
1761,3.782
1762,3.7821
1763,3.7823
1764,3.7824
1765,3.7824
1766,3.7826
1767,3.7828
1768,3.7829
1769,3.7831
1770,3.7832
1771,3.7834
1772,3.7836
1773,3.7837
1774,3.7837
1775,3.7839
1776,3.784
1777,3.7842
1778,3.7844
1779,3.7845
1780,3.7847
1781,3.7848
1782,3.785
1783,3.7851
1784,3.7853
1785,3.7853
1786,3.7855
1787,3.7856
1788,3.7858
1789,3.7859
1790,3.7861
1791,3.7863
1792,3.7864
1793,3.7866
1794,3.7867
1795,3.7869
1796,3.7871
1797,3.7871
1798,3.7872
1799,3.7874
1800,3.7875
1801,3.7877
1802,3.7878
1803,3.788
1804,3.7882
1805,3.7883
1806,3.7885
1807,3.7886
1808,3.7888
1809,3.789
1810,3.7891
1811,3.7891
1812,3.7893
1813,3.7894
1814,3.7896
1815,3.7898
1816,3.7899
1817,3.7901
1818,3.7902
1819,3.7904
1820,3.7906
1821,3.7907
1822,3.7909
1823,3.791
1824,3.7912
1825,3.7913
1826,3.7915
1827,3.7917
1828,3.7918
1829,3.792
1830,3.7921
1831,3.7923
1832,3.7925
1833,3.7926
1834,3.7928
1835,3.7929
1836,3.7931
1837,3.7931
1838,3.7933
1839,3.7934
1840,3.7936
1841,3.7937
1842,3.7939
1843,3.794
1844,3.7942
1845,3.7944
1846,3.7945
1847,3.7947
1848,3.7948
1849,3.795
1850,3.7952
1851,3.7953
1852,3.7955
1853,3.7956
1854,3.7958
1855,3.796
1856,3.7961
1857,3.7963
1858,3.7964
1859,3.7966
1860,3.7967
1861,3.7969
1862,3.7971
1863,3.7972
1864,3.7974
1865,3.7975
1866,3.7977
1867,3.7979
1868,3.798
1869,3.7982
1870,3.7983
1871,3.7985
1872,3.7987
1873,3.7988
1874,3.799
1875,3.7991
1876,3.7993
1877,3.7994
1878,3.7996
1879,3.7998
1880,3.7999
1881,3.8001
1882,3.8002
1883,3.8004
1884,3.8006
1885,3.8007
1886,3.8009
1887,3.801
1888,3.8012
1889,3.8014
1890,3.8015
1891,3.8017
1892,3.8018
1893,3.802
1894,3.8022
1895,3.8023
1896,3.8025
1897,3.8028
1898,3.8029
1899,3.8031
1900,3.8031
1901,3.8034
1902,3.8036
1903,3.8037
1904,3.8039
1905,3.8041
1906,3.8042
1907,3.8044
1908,3.8045
1909,3.8047
1910,3.8049
1911,3.805
1912,3.8052
1913,3.8053
1914,3.8055
1915,3.8056
1916,3.806
1917,3.8061
1918,3.8063
1919,3.8064
1920,3.8066
1921,3.8068
1922,3.8069
1923,3.8071
1924,3.8072
1925,3.8074
1926,3.8076
1927,3.8077
1928,3.8079
1929,3.8082
1930,3.8083
1931,3.8085
1932,3.8087
1933,3.8088
1934,3.809
1935,3.8091
1936,3.8093
1937,3.8095
1938,3.8096
1939,3.8098
1940,3.8101
1941,3.8101
1942,3.8104
1943,3.8106
1944,3.8107
1945,3.8109
1946,3.8111
1947,3.8112
1948,3.8114
1949,3.8117
1950,3.8118
1951,3.812
1952,3.8122
1953,3.8123
1954,3.8125
1955,3.8126
1956,3.8128
1957,3.8131
1958,3.8133
1959,3.8134
1960,3.8136
1961,3.8138
1962,3.8139
1963,3.8141
1964,3.8144
1965,3.8145
1966,3.8147
1967,3.8149
1968,3.815
1969,3.8152
1970,3.8153
1971,3.8157
1972,3.8158
1973,3.816
1974,3.8161
1975,3.8163
1976,3.8165
1977,3.8166
1978,3.8169
1979,3.8171
1980,3.8172
1981,3.8174
1982,3.8176
1983,3.8177
1984,3.818
1985,3.8182
1986,3.8184
1987,3.8185
1988,3.8187
1989,3.819
1990,3.8192
1991,3.8193
1992,3.8195
1993,3.8196
1994,3.8198
1995,3.8201
1996,3.8203
1997,3.8204
1998,3.8206
1999,3.8207
2000,3.8211
2001,3.8212
2002,3.8214
2003,3.8215
2004,3.8217
2005,3.822
2006,3.8222
2007,3.8223
2008,3.8225
2009,3.8227
2010,3.823
2011,3.8231
2012,3.8233
2013,3.8234
2014,3.8238
2015,3.8239
2016,3.8241
2017,3.8242
2018,3.8246
2019,3.8247
2020,3.8249
2021,3.825
2022,3.8252
2023,3.8255
2024,3.8257
2025,3.8258
2026,3.826
2027,3.8263
2028,3.8265
2029,3.8266
2030,3.8268
2031,3.8271
2032,3.8273
2033,3.8274
2034,3.8276
2035,3.8279
2036,3.8281
2037,3.8282
2038,3.8284
2039,3.8287
2040,3.8288
2041,3.829
2042,3.8293
2043,3.8295
2044,3.8296
2045,3.8298
2046,3.83
2047,3.8303
2048,3.8304
2049,3.8308
2050,3.8309
2051,3.8311
2052,3.8314
2053,3.8315
2054,3.8317
2055,3.8319
2056,3.8322
2057,3.8323
2058,3.8325
2059,3.8328
2060,3.833
2061,3.8331
2062,3.8333
2063,3.8336
2064,3.8338
2065,3.8339
2066,3.8343
2067,3.8344
2068,3.8346
2069,3.8349
2070,3.835
2071,3.8352
2072,3.8355
2073,3.8357
2074,3.8358
2075,3.8362
2076,3.8363
2077,3.8365
2078,3.8368
2079,3.837
2080,3.8371
2081,3.8374
2082,3.8376
2083,3.8377
2084,3.8381
2085,3.8382
2086,3.8385
2087,3.8387
2088,3.8389
2089,3.8392
2090,3.8393
2091,3.8395
2092,3.8398
2093,3.84
2094,3.8401
2095,3.8404
2096,3.8406
2097,3.8409
2098,3.8411
2099,3.8412
2100,3.8416
2101,3.8417
2102,3.842
2103,3.8422
2104,3.8424
2105,3.8427
2106,3.8428
2107,3.8431
2108,3.8433
2109,3.8435
2110,3.8438
2111,3.8439
2112,3.8443
2113,3.8444
2114,3.8446
2115,3.8449
2116,3.8451
2117,3.8454
2118,3.8455
2119,3.8457
2120,3.846
2121,3.8462
2122,3.8465
2123,3.8466
2124,3.847
2125,3.8471
2126,3.8473
2127,3.8476
2128,3.8478
2129,3.8481
2130,3.8482
2131,3.8486
2132,3.8487
2133,3.849
2134,3.8492
2135,3.8493
2136,3.8497
2137,3.8498
2138,3.8501
2139,3.8503
2140,3.8506
2141,3.8508
2142,3.8511
2143,3.8513
2144,3.8514
2145,3.8517
2146,3.8519
2147,3.8522
2148,3.8524
2149,3.8527
2150,3.8528
2151,3.8532
2152,3.8533
2153,3.8536
2154,3.8538
2155,3.854
2156,3.8543
2157,3.8544
2158,3.8548
2159,3.8549
2160,3.8552
2161,3.8554
2162,3.8557
2163,3.8559
2164,3.8562
2165,3.8563
2166,3.8567
2167,3.8568
2168,3.8571
2169,3.8573
2170,3.8575
2171,3.8578
2172,3.8579
2173,3.8582
2174,3.8584
2175,3.8587
2176,3.859
2177,3.8592
2178,3.8594
2179,3.8597
2180,3.8598
2181,3.8602
2182,3.8603
2183,3.8606
2184,3.8608
2185,3.8611
2186,3.8613
2187,3.8616
2188,3.8617
2189,3.8621
2190,3.8622
2191,3.8625
2192,3.8627
2193,3.863
2194,3.8632
2195,3.8635
2196,3.8638
2197,3.864
2198,3.8641
2199,3.8644
2200,3.8646
2201,3.8649
2202,3.8651
2203,3.8654
2204,3.8656
2205,3.8659
2206,3.866
2207,3.8664
2208,3.8667
2209,3.8668
2210,3.8671
2211,3.8673
2212,3.8675
2213,3.8678
2214,3.8681
2215,3.8683
2216,3.8684
2217,3.8687
2218,3.8691
2219,3.8692
2220,3.8695
2221,3.8697
2222,3.87
2223,3.8702
2224,3.8705
2225,3.8706
2226,3.871
2227,3.8711
2228,3.8714
2229,3.8716
2230,3.8719
2231,3.8721
2232,3.8724
2233,3.8725
2234,3.8729
2235,3.873
2236,3.8733
2237,3.8735
2238,3.8738
2239,3.874
2240,3.8743
2241,3.8745
2242,3.8748
2243,3.8749
2244,3.8753
2245,3.8754
2246,3.8757
2247,3.8759
2248,3.8762
2249,3.8764
2250,3.8767
2251,3.8768
2252,3.8772
2253,3.8773
2254,3.8776
2255,3.8778
2256,3.8781
2257,3.8784
2258,3.8786
2259,3.8787
2260,3.8791
2261,3.8794
2262,3.8795
2263,3.8799
2264,3.88
2265,3.8803
2266,3.8805
2267,3.8807
2268,3.881
2269,3.8811
2270,3.8814
2271,3.8816
2272,3.8819
2273,3.8821
2274,3.8824
2275,3.8826
2276,3.8829
2277,3.883
2278,3.8834
2279,3.8835
2280,3.8838
2281,3.884
2282,3.8843
2283,3.8845
2284,3.8848
2285,3.8849
2286,3.8853
2287,3.8854
2288,3.8857
2289,3.8859
2290,3.8862
2291,3.8864
2292,3.8867
2293,3.8869
2294,3.8872
2295,3.8873
2296,3.8876
2297,3.8878
2298,3.8881
2299,3.8883
2300,3.8886
2301,3.8888
2302,3.8891
2303,3.8892
2304,3.8896
2305,3.8897
2306,3.89
2307,3.8902
2308,3.8903
2309,3.8907
2310,3.891
2311,3.8911
2312,3.8913
2313,3.8916
2314,3.8918
2315,3.8921
2316,3.8923
2317,3.8926
2318,3.8927
2319,3.893
2320,3.8932
2321,3.8935
2322,3.8937
2323,3.894
2324,3.8942
2325,3.8945
2326,3.8946
2327,3.8948
2328,3.8951
2329,3.8953
2330,3.8956
2331,3.8957
2332,3.8961
2333,3.8962
2334,3.8965
2335,3.8967
2336,3.897
2337,3.8972
2338,3.8973
2339,3.8977
2340,3.8978
2341,3.8981
2342,3.8983
2343,3.8986
2344,3.8988
2345,3.8991
2346,3.8992
2347,3.8996
2348,3.8997
2349,3.9
2350,3.9002
2351,3.9004
2352,3.9007
2353,3.9008
2354,3.9012
2355,3.9013
2356,3.9016
2357,3.9018
2358,3.9021
2359,3.9023
2360,3.9026
2361,3.9027
2362,3.9029
2363,3.9032
2364,3.9034
2365,3.9037
2366,3.9039
2367,3.9042
2368,3.9043
2369,3.9046
2370,3.9048
2371,3.9051
2372,3.9053
2373,3.9054
2374,3.9058
2375,3.9059
2376,3.9062
2377,3.9064
2378,3.9067
2379,3.9069
2380,3.9072
2381,3.9073
2382,3.9077
2383,3.9078
2384,3.9081
2385,3.9083
2386,3.9085
2387,3.9088
2388,3.9089
2389,3.9093
2390,3.9094
2391,3.9097
2392,3.9099
2393,3.9101
2394,3.9104
2395,3.9105
2396,3.9108
2397,3.911
2398,3.9113
2399,3.9115
2400,3.9118
2401,3.912
2402,3.9123
2403,3.9124
2404,3.9128
2405,3.9129
2406,3.9131
2407,3.9134
2408,3.9135
2409,3.9139
2410,3.914
2411,3.9143
2412,3.9145
2413,3.9148
2414,3.915
2415,3.9153
2416,3.9155
2417,3.9158
2418,3.9159
2419,3.9161
2420,3.9164
2421,3.9166
2422,3.9169
2423,3.917
2424,3.9174
2425,3.9175
2426,3.9178
2427,3.918
2428,3.9183
2429,3.9185
2430,3.9188
2431,3.919
2432,3.9193
2433,3.9194
2434,3.9197
2435,3.9199
2436,3.9202
2437,3.9204
2438,3.9207
2439,3.9209
2440,3.9212
2441,3.9213
2442,3.9217
2443,3.9218
2444,3.9221
2445,3.9223
2446,3.9226
2447,3.9228
2448,3.9231
2449,3.9232
2450,3.9236
2451,3.9237
2452,3.924
2453,3.9242
2454,3.9245
2455,3.9247
2456,3.925
2457,3.9251
2458,3.9255
2459,3.9256
2460,3.9259
2461,3.9261
2462,3.9264
2463,3.9266
2464,3.9269
2465,3.9271
2466,3.9274
2467,3.9275
2468,3.9278
2469,3.928
2470,3.9283
2471,3.9286
2472,3.9288
2473,3.9291
2474,3.9293
2475,3.9296
2476,3.9298
2477,3.9301
2478,3.9302
2479,3.9306
2480,3.9307
2481,3.931
2482,3.9312
2483,3.9315
2484,3.9318
2485,3.932
2486,3.9323
2487,3.9325
2488,3.9328
2489,3.9329
2490,3.9333
2491,3.9334
2492,3.9337
2493,3.934
2494,3.9342
2495,3.9345
2496,3.9347
2497,3.935
2498,3.9353
2499,3.9355
2500,3.9358
2501,3.936
2502,3.9363
2503,3.9364
2504,3.9367
2505,3.9371
2506,3.9372
2507,3.9375
2508,3.9377
2509,3.938
2510,3.9383
2511,3.9385
2512,3.9388
2513,3.939
2514,3.9393
2515,3.9396
2516,3.9398
2517,3.9401
2518,3.9402
2519,3.9406
2520,3.9409
2521,3.941
2522,3.9414
2523,3.9415
2524,3.9418
2525,3.9422
2526,3.9423
2527,3.9426
2528,3.9429
2529,3.9431
2530,3.9434
2531,3.9437
2532,3.9439
2533,3.9442
2534,3.9444
2535,3.9447
2536,3.945
2537,3.9452
2538,3.9455
2539,3.9458
2540,3.946
2541,3.9463
2542,3.9466
2543,3.9468
2544,3.9471
2545,3.9474
2546,3.9476
2547,3.9479
2548,3.9482
2549,3.9483
2550,3.9487
2551,3.9488
2552,3.9491
2553,3.9495
2554,3.9496
2555,3.9499
2556,3.9503
2557,3.9504
2558,3.9507
2559,3.9511
2560,3.9514
2561,3.9515
2562,3.9518
2563,3.9522
2564,3.9523
2565,3.9526
2566,3.953
2567,3.9531
2568,3.9534
2569,3.9538
2570,3.9539
2571,3.9542
2572,3.9545
2573,3.9549
2574,3.955
2575,3.9553
2576,3.9555
2577,3.9558
2578,3.9561
2579,3.9565
2580,3.9566
2581,3.9569
2582,3.9572
2583,3.9574
2584,3.9577
2585,3.958
2586,3.9584
2587,3.9585
2588,3.9588
2589,3.9592
2590,3.9593
2591,3.9596
2592,3.9599
2593,3.9603
2594,3.9604
2595,3.9607
2596,3.9611
2597,3.9612
2598,3.9615
2599,3.9619
2600,3.9622
2601,3.9623
2602,3.9627
2603,3.963
2604,3.9631
2605,3.9634
2606,3.9638
2607,3.9641
2608,3.9642
2609,3.9646
2610,3.9649
2611,3.965
2612,3.9654
2613,3.9657
2614,3.966
2615,3.9661
2616,3.9665
2617,3.9668
2618,3.9669
2619,3.9673
2620,3.9676
2621,3.9679
2622,3.9681
2623,3.9684
2624,3.9687
2625,3.9688
2626,3.9692
2627,3.9695
2628,3.9696
2629,3.97
2630,3.9703
2631,3.9706
2632,3.9708
2633,3.9711
2634,3.9714
2635,3.9717
2636,3.9719
2637,3.9722
2638,3.9725
2639,3.9727
2640,3.973
2641,3.9733
2642,3.9735
2643,3.9738
2644,3.9741
2645,3.9744
2646,3.9746
2647,3.9749
2648,3.9752
2649,3.9754
2650,3.9757
2651,3.976
2652,3.9762
2653,3.9765
2654,3.9768
2655,3.977
2656,3.9773
2657,3.9776
2658,3.9777
2659,3.9781
2660,3.9784
2661,3.9785
2662,3.9789
2663,3.9792
2664,3.9795
2665,3.9797
2666,3.98
2667,3.9801
2668,3.9804
2669,3.9808
2670,3.9809
2671,3.9812
2672,3.9816
2673,3.9817
2674,3.982
2675,3.9824
2676,3.9825
2677,3.9828
2678,3.9832
2679,3.9833
2680,3.9836
2681,3.9838
2682,3.9841
2683,3.9844
2684,3.9846
2685,3.9849
2686,3.9852
2687,3.9854
2688,3.9857
2689,3.9859
2690,3.9862
2691,3.9863
2692,3.9866
2693,3.987
2694,3.9871
2695,3.9874
2696,3.9876
2697,3.9879
2698,3.9882
2699,3.9884
2700,3.9887
2701,3.9889
2702,3.9892
2703,3.9893
2704,3.9897
2705,3.99
2706,3.9901
2707,3.9905
2708,3.9906
2709,3.9909
2710,3.9911
2711,3.9914
2712,3.9916
2713,3.9919
2714,3.992
2715,3.9924
2716,3.9925
2717,3.9928
2718,3.993
2719,3.9933
2720,3.9935
2721,3.9938
2722,3.994
2723,3.9943
2724,3.9944
2725,3.9948
2726,3.9949
2727,3.9952
2728,3.9954
2729,3.9957
2730,3.9959
2731,3.9962
2732,3.9963
2733,3.9967
2734,3.9968
2735,3.997
2736,3.9973
2737,3.9975
2738,3.9978
2739,3.9979
2740,3.9982
2741,3.9984
2742,3.9986
2743,3.9989
2744,3.999
2745,3.9994
2746,3.9995
2747,3.9997
2748,4.0
2749,4.0002
2750,4.0003
2751,4.0006
2752,4.0008
2753,4.0011
2754,4.0013
2755,4.0014
2756,4.0017
2757,4.0019
2758,4.0021
2759,4.0024
2760,4.0025
2761,4.0029
2762,4.003
2763,4.0032
2764,4.0033
2765,4.0037
2766,4.0038
2767,4.004
2768,4.0043
2769,4.0044
2770,4.0046
2771,4.0049
2772,4.0051
2773,4.0052
2774,4.0054
2775,4.0057
2776,4.0059
2777,4.006
2778,4.0064
2779,4.0065
2780,4.0067
2781,4.0068
2782,4.0071
2783,4.0073
2784,4.0075
2785,4.0076
2786,4.0079
2787,4.0081
2788,4.0083
2789,4.0084
2790,4.0086
2791,4.0089
2792,4.0091
2793,4.0092
2794,4.0094
2795,4.0095
2796,4.0098
2797,4.01
2798,4.0102
2799,4.0103
2800,4.0105
2801,4.0108
2802,4.011
2803,4.0111
2804,4.0113
2805,4.0114
2806,4.0116
2807,4.0119
2808,4.0121
2809,4.0122
2810,4.0124
2811,4.0125
2812,4.0127
2813,4.013
2814,4.0132
2815,4.0133
2816,4.0135
2817,4.0137
2818,4.0138
2819,4.014
2820,4.0143
2821,4.0145
2822,4.0146
2823,4.0148
2824,4.0149
2825,4.0151
2826,4.0153
2827,4.0154
2828,4.0156
2829,4.0157
2830,4.016
2831,4.0162
2832,4.0164
2833,4.0165
2834,4.0167
2835,4.0168
2836,4.017
2837,4.0172
2838,4.0173
2839,4.0175
2840,4.0176
2841,4.0178
2842,4.018
2843,4.0181
2844,4.0183
2845,4.0186
2846,4.0187
2847,4.0189
2848,4.0191
2849,4.0192
2850,4.0194
2851,4.0195
2852,4.0197
2853,4.0199
2854,4.02
2855,4.0202
2856,4.0203
2857,4.0205
2858,4.0207
2859,4.0208
2860,4.021
2861,4.0211
2862,4.0213
2863,4.0214
2864,4.0216
2865,4.0218
2866,4.0219
2867,4.0221
2868,4.0222
2869,4.0224
2870,4.0226
2871,4.0227
2872,4.0229
2873,4.023
2874,4.0232
2875,4.0234
2876,4.0235
2877,4.0237
2878,4.0238
2879,4.024
2880,4.0241
2881,4.0243
2882,4.0245
2883,4.0246
2884,4.0248
2885,4.0249
2886,4.0251
2887,4.0253
2888,4.0254
2889,4.0256
2890,4.0257
2891,4.0259
2892,4.0261
2893,4.0262
2894,4.0264
2895,4.0265
2896,4.0267
2897,4.0269
2898,4.027
2899,4.0272
2900,4.0273
2901,4.0275
2902,4.0276
2903,4.0278
2904,4.028
2905,4.0281
2906,4.0283
2907,4.0284
2908,4.0286
2909,4.0288
2910,4.0289
2911,4.0291
2912,4.0292
2913,4.0294
2914,4.0296
2915,4.0297
2916,4.0299
2917,4.03
2918,4.0302
2919,4.0303
2920,4.0305
2921,4.0307
2922,4.0308
2923,4.031
2924,4.0311
2925,4.0313
2926,4.0315
2927,4.0316
2928,4.0318
2929,4.0319
2930,4.0321
2931,4.0323
2932,4.0324
2933,4.0326
2934,4.0327
2935,4.0329
2936,4.0332
2937,4.0332
2938,4.0335
2939,4.0337
2940,4.0338
2941,4.034
2942,4.0342
2943,4.0343
2944,4.0345
2945,4.0346
2946,4.0348
2947,4.035
2948,4.0351
2949,4.0353
2950,4.0354
2951,4.0356
2952,4.0358
2953,4.0359
2954,4.0361
2955,4.0364
2956,4.0365
2957,4.0367
2958,4.0369
2959,4.037
2960,4.0372
2961,4.0373
2962,4.0375
2963,4.0377
2964,4.0378
2965,4.038
2966,4.0383
2967,4.0385
2968,4.0386
2969,4.0388
2970,4.0389
2971,4.0391
2972,4.0392
2973,4.0394
2974,4.0397
2975,4.0399
2976,4.04
2977,4.0402
2978,4.0404
2979,4.0405
2980,4.0408
2981,4.041
2982,4.0412
2983,4.0413
2984,4.0415
2985,4.0416
2986,4.0419
2987,4.0421
2988,4.0423
2989,4.0424
2990,4.0426
2991,4.0429
2992,4.0431
2993,4.0432
2994,4.0434
2995,4.0437
2996,4.0439
2997,4.044
2998,4.0442
2999,4.0443
3000,4.0446
3001,4.0448
3002,4.045
3003,4.0451
3004,4.0454
3005,4.0456
3006,4.0458
3007,4.0461
3008,4.0462
3009,4.0464
3010,4.0466
3011,4.0469
3012,4.047
3013,4.0472
3014,4.0475
3015,4.0477
3016,4.0478
3017,4.0481
3018,4.0483
3019,4.0485
3020,4.0488
3021,4.0489
3022,4.0493
3023,4.0494
3024,4.0496
3025,4.0499
3026,4.0501
3027,4.0504
3028,4.0505
3029,4.0507
3030,4.051
3031,4.0512
3032,4.0515
3033,4.0516
3034,4.0518
3035,4.0521
3036,4.0523
3037,4.0526
3038,4.0528
3039,4.0531
3040,4.0532
3041,4.0535
3042,4.0537
3043,4.054
3044,4.0542
3045,4.0545
3046,4.0547
3047,4.055
3048,4.0551
3049,4.0555
3050,4.0556
3051,4.0559
3052,4.0561
3053,4.0564
3054,4.0567
3055,4.0569
3056,4.0572
3057,4.0574
3058,4.0577
3059,4.058
3060,4.0582
3061,4.0585
3062,4.0586
3063,4.059
3064,4.0593
3065,4.0594
3066,4.0597
3067,4.0601
3068,4.0602
3069,4.0605
3070,4.0607
3071,4.061
3072,4.0613
3073,4.0617
3074,4.0618
3075,4.0621
3076,4.0623
3077,4.0626
3078,4.0629
3079,4.0632
3080,4.0634
3081,4.0637
3082,4.064
3083,4.0644
3084,4.0645
3085,4.0648
3086,4.0651
3087,4.0655
3088,4.0656
3089,4.0659
3090,4.0663
3091,4.0666
3092,4.0667
3093,4.0671
3094,4.0674
3095,4.0677
3096,4.0679
3097,4.0682
3098,4.0685
3099,4.0688
3100,4.0691
3101,4.0694
3102,4.0696
3103,4.0699
3104,4.0702
3105,4.0706
3106,4.0709
3107,4.0712
3108,4.0713
3109,4.0717
3110,4.072
3111,4.0723
3112,4.0726
3113,4.0729
3114,4.0731
3115,4.0734
3116,4.0737
3117,4.074
3118,4.0744
3119,4.0747
3120,4.075
3121,4.0753
3122,4.0755
3123,4.0758
3124,4.0761
3125,4.0764
3126,4.0767
3127,4.0771
3128,4.0774
3129,4.0777
3130,4.078
3131,4.0783
3132,4.0785
3133,4.0788
3134,4.0791
3135,4.0795
3136,4.0798
3137,4.0801
3138,4.0804
3139,4.0807
3140,4.081
3141,4.0814
3142,4.0817
3143,4.082
3144,4.0823
3145,4.0825
3146,4.0828
3147,4.0831
3148,4.0834
3149,4.0837
3150,4.0841
3151,4.0844
3152,4.0847
3153,4.085
3154,4.0853
3155,4.0856
3156,4.086
3157,4.0863
3158,4.0866
3159,4.0869
3160,4.0872
3161,4.0876
3162,4.0879
3163,4.088
3164,4.0883
3165,4.0887
3166,4.089
3167,4.0893
3168,4.0896
3169,4.0899
3170,4.0903
3171,4.0906
3172,4.0909
3173,4.0912
3174,4.0915
3175,4.0918
3176,4.0922
3177,4.0925
3178,4.0928
3179,4.0931
3180,4.0934
3181,4.0936
3182,4.0939
3183,4.0942
3184,4.0945
3185,4.0949
3186,4.0952
3187,4.0955
3188,4.0958
3189,4.0961
3190,4.0965
3191,4.0968
3192,4.0971
3193,4.0974
3194,4.0976
3195,4.0979
3196,4.0982
3197,4.0985
3198,4.0988
3199,4.0992
3200,4.0995
3201,4.0998
3202,4.1001
3203,4.1004
3204,4.1006
3205,4.1009
3206,4.1012
3207,4.1015
3208,4.1019
3209,4.1022
3210,4.1025
3211,4.1028
3212,4.1031
3213,4.1033
3214,4.1036
3215,4.1039
3216,4.1042
3217,4.1046
3218,4.1049
3219,4.105
3220,4.1054
3221,4.1057
3222,4.106
3223,4.1063
3224,4.1066
3225,4.1068
3226,4.1071
3227,4.1074
3228,4.1077
3229,4.1081
3230,4.1084
3231,4.1085
3232,4.1088
3233,4.1092
3234,4.1095
3235,4.1098
3236,4.11
3237,4.1103
3238,4.1106
3239,4.1109
3240,4.1112
3241,4.1114
3242,4.1117
3243,4.112
3244,4.1123
3245,4.1127
3246,4.1128
3247,4.1131
3248,4.1135
3249,4.1138
3250,4.1139
3251,4.1143
3252,4.1146
3253,4.1149
3254,4.115
3255,4.1154
3256,4.1157
3257,4.1158
3258,4.1162
3259,4.1165
3260,4.1168
3261,4.117
3262,4.1173
3263,4.1176
3264,4.1177
3265,4.1181
3266,4.1184
3267,4.1185
3268,4.1189
3269,4.1192
3270,4.1193
3271,4.1197
3272,4.12
3273,4.1201
3274,4.1204
3275,4.1208
3276,4.1209
3277,4.1212
3278,4.1214
3279,4.1217
3280,4.122
3281,4.1222
3282,4.1225
3283,4.1227
3284,4.123
3285,4.1233
3286,4.1235
3287,4.1238
3288,4.1239
3289,4.1243
3290,4.1244
3291,4.1247
3292,4.1251
3293,4.1252
3294,4.1255
3295,4.1257
3296,4.126
3297,4.1262
3298,4.1265
3299,4.1266
3300,4.127
3301,4.1271
3302,4.1274
3303,4.1276
3304,4.1279
3305,4.1281
3306,4.1284
3307,4.1286
3308,4.1289
3309,4.129
3310,4.1293
3311,4.1295
3312,4.1298
3313,4.13
3314,4.1303
3315,4.1305
3316,4.1308
3317,4.1309
3318,4.1311
3319,4.1314
3320,4.1316
3321,4.1319
3322,4.1321
3323,4.1324
3324,4.1325
3325,4.1327
3326,4.133
3327,4.1332
3328,4.1333
3329,4.1336
3330,4.1338
3331,4.134
3332,4.1343
3333,4.1344
3334,4.1346
3335,4.1349
3336,4.1351
3337,4.1352
3338,4.1355
3339,4.1357
3340,4.1359
3341,4.1362
3342,4.1363
3343,4.1365
3344,4.1368
3345,4.137
3346,4.1371
3347,4.1375
3348,4.1376
3349,4.1378
3350,4.1379
3351,4.1381
3352,4.1384
3353,4.1386
3354,4.1387
3355,4.1389
3356,4.1392
3357,4.1394
3358,4.1395
3359,4.1397
3360,4.1398
3361,4.1402
3362,4.1403
3363,4.1405
3364,4.1406
3365,4.1408
3366,4.1411
3367,4.1413
3368,4.1414
3369,4.1416
3370,4.1417
3371,4.1419
3372,4.1421
3373,4.1422
3374,4.1425
3375,4.1427
3376,4.1429
3377,4.143
3378,4.1432
3379,4.1433
3380,4.1435
3381,4.1437
3382,4.144
3383,4.1441
3384,4.1443
3385,4.1444
3386,4.1446
3387,4.1448
3388,4.1449
3389,4.1451
3390,4.1452
3391,4.1454
3392,4.1456
3393,4.1457
3394,4.1459
3395,4.146
3396,4.1462
3397,4.1464
3398,4.1465
3399,4.1467
3400,4.1468
3401,4.147
3402,4.1471
3403,4.1473
3404,4.1475
3405,4.1476
3406,4.1478
3407,4.1479
3408,4.1481
3409,4.1483
3410,4.1484
3411,4.1486
3412,4.1487
3413,4.1489
3414,4.1491
3415,4.1492
3416,4.1494
3417,4.1495
3418,4.1497
3419,4.1497
3420,4.1498
3421,4.15
3422,4.1502
3423,4.1503
3424,4.1505
3425,4.1506
3426,4.1508
3427,4.1508
3428,4.151
3429,4.1511
3430,4.1513
3431,4.1514
3432,4.1516
3433,4.1518
3434,4.1518
3435,4.1519
3436,4.1521
3437,4.1522
3438,4.1524
3439,4.1525
3440,4.1525
3441,4.1527
3442,4.1529
3443,4.153
3444,4.1532
3445,4.1532
3446,4.1533
3447,4.1535
3448,4.1537
3449,4.1537
3450,4.1538
3451,4.154
3452,4.1541
3453,4.1543
3454,4.1543
3455,4.1545
3456,4.1546
3457,4.1546
3458,4.1548
3459,4.1549
3460,4.1551
3461,4.1551
3462,4.1553
3463,4.1554
3464,4.1556
3465,4.1556
3466,4.1557
3467,4.1559
3468,4.1559
3469,4.156
3470,4.1562
3471,4.1562
3472,4.1564
3473,4.1565
3474,4.1565
3475,4.1567
3476,4.1568
3477,4.1568
3478,4.157
3479,4.1572
3480,4.1572
3481,4.1573
3482,4.1575
3483,4.1575
3484,4.1576
3485,4.1578
3486,4.1578
3487,4.158
3488,4.1581
3489,4.1581
3490,4.1583
3491,4.1583
3492,4.1584
3493,4.1584
3494,4.1586
3495,4.1587
3496,4.1587
3497,4.1589
3498,4.1591
3499,4.1591
3500,4.1592
3501,4.1592
3502,4.1594
3503,4.1594
3504,4.1595
3505,4.1597
3506,4.1597
3507,4.1599
3508,4.1599
3509,4.16
3510,4.16
3511,4.1602
3512,4.1603
3513,4.1603
3514,4.1605
3515,4.1605
3516,4.1607
3517,4.1607
3518,4.1608
3519,4.1608
3520,4.161
3521,4.161
3522,4.1611
3523,4.1613
3524,4.1613
3525,4.1614
3526,4.1614
3527,4.1616
3528,4.1616
3529,4.1618
3530,4.1618
3531,4.1619
3532,4.1619
3533,4.1621
3534,4.1621
3535,4.1622
3536,4.1622
3537,4.1624
3538,4.1624
3539,4.1626
3540,4.1627
3541,4.1627
3542,4.1627
3543,4.1629
3544,4.1629
3545,4.163
3546,4.1632
3547,4.1632
3548,4.1634
3549,4.1634
3550,4.1635
3551,4.1635
3552,4.1637
3553,4.1637
3554,4.1638
3555,4.1638
3556,4.164
3557,4.164
3558,4.1641
3559,4.1641
3560,4.1643
3561,4.1643
3562,4.1645
3563,4.1645
3564,4.1646
3565,4.1646
3566,4.1648
3567,4.1648
3568,4.1649
3569,4.1649
3570,4.1651
3571,4.1651
3572,4.1653
3573,4.1653
3574,4.1654
3575,4.1654
3576,4.1656
3577,4.1656
3578,4.1657
3579,4.1657
3580,4.1659
3581,4.1659
3582,4.1661
3583,4.1661
3584,4.1662
3585,4.1664
3586,4.1664
3587,4.1664
3588,4.1665
3589,4.1665
3590,4.1667
3591,4.1669
3592,4.1669
3593,4.167
3594,4.167
3595,4.1672
3596,4.1672
3597,4.1673
3598,4.1673
3599,4.1675
3600,4.1675
3601,4.1676
3602,4.1676
3603,4.1678
3604,4.168
3605,4.168
3606,4.1681
3607,4.1681
3608,4.1683
3609,4.1683
3610,4.1684
3611,4.1684
3612,4.1686
3613,4.1688
3614,4.1688
3615,4.1689
3616,4.1689
3617,4.1691
3618,4.1691
3619,4.1692
3620,4.1694
3621,4.1694
3622,4.1696
3623,4.1696
3624,4.1697
3625,4.1699
3626,4.1699
3627,4.17
3628,4.17
3629,4.1702
3630,4.1703
3631,4.1703
3632,4.1705
3633,4.1705
3634,4.1707
3635,4.1708
3636,4.1708
3637,4.171
3638,4.1711
3639,4.1711
3640,4.1713
3641,4.1713
3642,4.1715
3643,4.1716
3644,4.1716
3645,4.1718
3646,4.1719
3647,4.1719
3648,4.1721
3649,4.1723
3650,4.1723
3651,4.1724
3652,4.1726
3653,4.1726
3654,4.1727
3655,4.1729
3656,4.1729
3657,4.173
3658,4.1732
3659,4.1732
3660,4.1734
3661,4.1735
3662,4.1737
3663,4.1737
3664,4.1738
3665,4.174
3666,4.174
3667,4.1742
3668,4.1743
3669,4.1745
3670,4.1745
3671,4.1746
3672,4.1748
3673,4.175
3674,4.175
3675,4.1751
3676,4.1753
3677,4.1754
3678,4.1754
3679,4.1756
3680,4.1758
3681,4.1759
3682,4.1761
3683,4.1761
3684,4.1762
3685,4.1764
3686,4.1765
3687,4.1767
3688,4.1767
3689,4.1769
3690,4.177
3691,4.1772
3692,4.1773
3693,4.1775
3694,4.1775
3695,4.1777
3696,4.1778
3697,4.178
3698,4.1781
3699,4.1783
3700,4.1785
3701,4.1786
3702,4.1786
3703,4.1788
3704,4.1789
3705,4.1791
3706,4.1792
3707,4.1794
3708,4.1796
3709,4.1797
3710,4.1799
3711,4.18
3712,4.1802
3713,4.1804
3714,4.1805
3715,4.1807
3716,4.1808
3717,4.181
3718,4.1812
3719,4.1813
3720,4.1815
3721,4.1816
3722,4.1818
3723,4.1819
3724,4.1821
3725,4.1823
3726,4.1824
3727,4.1826
3728,4.1827
3729,4.1829
3730,4.1831
3731,4.1834
3732,4.1835
3733,4.1837
3734,4.1839
3735,4.184
3736,4.1842
3737,4.1845
3738,4.1846
3739,4.1848
3740,4.185
3741,4.1851
3742,4.1853
3743,4.1856
3744,4.1858
3745,4.1859
3746,4.1861
3747,4.1862
3748,4.1866
3749,4.1867
3750,4.1869
3751,4.1872
3752,4.1874
3753,4.1875
3754,4.1878
3755,4.188
3756,4.1881
3757,4.1885
3758,4.1886
3759,4.1888
3760,4.1891
3761,4.1893
3762,4.1896
3763,4.1897
3764,4.1901
3765,4.1902
3766,4.1904
3767,4.1907
3768,4.1908
3769,4.1912
3770,4.1913
3771,4.1916
3772,4.192
3773,4.1921
3774,4.1924
3775,4.1926
3776,4.1929
3777,4.1932
3778,4.1934
3779,4.1937
3780,4.1939
3781,4.1942
3782,4.1945
3783,4.1948
3784,4.195
3785,4.1953
3786,4.1956
3787,4.1959
3788,4.1961
3789,4.1964
3790,4.1967
3791,4.197
3792,4.1974
3793,4.1975
3794,4.1978
3795,4.1982
3796,4.1985
3797,4.1988
3798,4.1991
3799,4.1994
3800,4.1997
3801,4.2001
3802,4.2004
3803,4.2007
3804,4.201
3805,4.2013
3806,4.2017
3807,4.202
3808,4.2024
3809,4.2028
3810,4.2031
3811,4.2034
3812,4.2037
3813,4.2042
3814,4.2045
3815,4.2048
3816,4.2053
3817,4.2056
3818,4.2059
3819,4.2064
3820,4.2067
3821,4.2071
3822,4.2075
3823,4.2079
3824,4.2083
3825,4.2086
3826,4.2091
3827,4.2096
3828,4.2099
3829,4.2104
3830,4.2107
3831,4.2112
3832,4.2117
3833,4.2121
3834,4.2125
3835,4.2129
3836,4.2134
3837,4.2139
3838,4.2142
3839,4.2147
3840,4.2152
3841,4.2156
3842,4.2161
3843,4.2166
3844,4.2171
3845,4.2175
3846,4.218
3847,4.2185
3848,4.219
3849,4.2196
3850,4.2201
3851,4.2206
3852,4.221
3853,4.2217
3854,4.2222
3855,4.2226
3856,4.2233
3857,4.2237
3858,4.2242
3859,4.2249
3860,4.2253
3861,4.226
3862,4.2264
3863,4.2271
3864,4.2277
3865,4.2282
3866,4.2288
3867,4.2295
3868,4.2301
3869,4.2306
3870,4.2312
3871,4.2318
3872,4.2325
3873,4.2331
3874,4.2338
3875,4.2344
3876,4.235
3877,4.2357
3878,4.2363
3879,4.2369
3880,4.2376
3881,4.2384
3882,4.239
3883,4.2396
3884,4.2403
3885,4.2411
3886,4.2417
3887,4.2425
3888,4.2431
3889,4.2439
3890,4.2446
3891,4.2454
3892,4.246
3893,4.2468
3894,4.2476
3895,4.2484
3896,4.249
3897,4.2498
3898,4.2506
3899,4.2514
3900,4.2522
3901,4.2528
3902,4.2538
3903,4.2546
3904,4.2554
3905,4.2562
3906,4.257
3907,4.2577
3908,4.2585
3909,4.2595
3910,4.2603
3911,4.2611
3912,4.262
3913,4.2628
3914,4.2636
3915,4.2646
3916,4.2654
3917,4.2663
3918,4.2673
3919,4.2681
3920,4.269
3921,4.27
3922,4.2708
3923,4.2717
3924,4.2727
3925,4.2736
3926,4.2746
3927,4.2755
3928,4.2765
3929,4.2775
3930,4.2784
3931,4.2794
3932,4.2803
3933,4.2813
3934,4.2822
3935,4.2833
3936,4.2843
3937,4.2852
3938,4.2864
3939,4.2873
3940,4.2883
3941,4.2894
3942,4.2903
3943,4.2914
3944,4.2924
3945,4.2935
3946,4.2946
3947,4.2956
3948,4.2967
3949,4.2978
3950,4.2989
3951,4.2995
3952,4.2995
3953,4.2995
3954,4.2995
3955,4.2995
3956,4.2995
3957,4.2995
3958,4.2995
3959,4.2968
3960,4.2949
3961,4.2941
3962,4.2935
3963,4.293
3964,4.2925
3965,4.2922
3966,4.2919
3967,4.2916
3968,4.2913
3969,4.2911
3970,4.2908
3971,4.2906
3972,4.2905
3973,4.2903
3974,4.2901
3975,4.2898
3976,4.2897
3977,4.2895
3978,4.2894
3979,4.2892
3980,4.2892
3981,4.289
3982,4.2889
3983,4.2887
3984,4.2886
3985,4.2886
3986,4.2884
3987,4.2884
3988,4.2882
3989,4.2881
3990,4.2881
3991,4.2879
3992,4.2879
3993,4.2878
3994,4.2878
3995,4.2876
3996,4.2876
3997,4.2874
3998,4.2874
3999,4.2874
4000,4.2873
4001,4.2873
4002,4.2871
4003,4.2871
4004,4.287
4005,4.287
4006,4.287
4007,4.2868
4008,4.2868
4009,4.2868
4010,4.2867
4011,4.2867
4012,4.2867
4013,4.2865
4014,4.2865
4015,4.2863
4016,4.2863
4017,4.2863
4018,4.2862
4019,4.2862
4020,4.2862
4021,4.286
4022,4.286
4023,4.286
4024,4.286
4025,4.2859
4026,4.2859
4027,4.2859
4028,4.2857
4029,4.2857
4030,4.2857
4031,4.2857
4032,4.2855
4033,4.2855
4034,4.2855
4035,4.2855
4036,4.2854
4037,4.2854
4038,4.2854
4039,4.2854
4040,4.2854
4041,4.2852
4042,4.2852
4043,4.2852
4044,4.2852
4045,4.2852
4046,4.2851
4047,4.2851
4048,4.2851
4049,4.2849
4050,4.2849
4051,4.2849
4052,4.2849
4053,4.2849
4054,4.2847
4055,4.2847
4056,4.2847
4057,4.2847
4058,4.2847
4059,4.2846
4060,4.2846
4061,4.2846
4062,4.2846
4063,4.2846
4064,4.2844
4065,4.2844
4066,4.2844
4067,4.2844
4068,4.2844
4069,4.2843
4070,4.2843
4071,4.2843
4072,4.2843
4073,4.2843
4074,4.2841
4075,4.2841
4076,4.2841
4077,4.2841
4078,4.2841
4079,4.2841
4080,4.284
4081,4.284
4082,4.284
4083,4.284
4084,4.284
4085,4.2838
4086,4.2838
4087,4.2838
4088,4.2838
4089,4.2838
4090,4.2838
4091,4.2836
4092,4.2836
4093,4.2836
4094,4.2836
4095,4.2836
4096,4.2836
4097,4.2835
4098,4.2835
4099,4.2835
4100,4.2835
4101,4.2835
4102,4.2835
4103,4.2833
4104,4.2833
4105,4.2833
4106,4.2833
4107,4.2833
4108,4.2833
4109,4.2832
4110,4.2832
4111,4.2832
4112,4.2832
4113,4.2832
4114,4.2832
4115,4.283
4116,4.283
4117,4.283
4118,4.283
4119,4.283
4120,4.2828
4121,4.283
4122,4.2828
4123,4.2828
4124,4.2828
4125,4.2828
4126,4.2828
4127,4.2828
4128,4.2827
4129,4.2827
4130,4.2827
4131,4.2827
4132,4.2827
4133,4.2827
4134,4.2825
4135,4.2825
4136,4.2825
4137,4.2825
4138,4.2825
4139,4.2825
4140,4.2771
4141,4.2725
4142,4.2703
4143,4.2684
4144,4.2666
4145,4.2649
4146,4.2635
4147,4.262
4148,4.2606
4149,4.2592
4150,4.2579
4151,4.2566
4152,4.2555
4153,4.2542
4154,4.253
4155,4.2519
4156,4.2508
4157,4.2496
4158,4.2485
4159,4.2474
4160,4.2463
4161,4.2452
4162,4.2442
4163,4.2431
4164,4.2422
4165,4.2411
4166,4.2401
4167,4.2392
4168,4.2382
4169,4.2371
4170,4.2361
4171,4.2352
4172,4.2344
4173,4.2334
4174,4.2325
4175,4.2315
4176,4.2306
4177,4.2298
4178,4.2288
4179,4.228
4180,4.2271
4181,4.2263
4182,4.2253
4183,4.2245
4184,4.2237
4185,4.223
4186,4.2222
4187,4.2212
4188,4.2204
4189,4.2196
4190,4.2188
4191,4.2182
4192,4.2174
4193,4.2166
4194,4.2158
4195,4.215
4196,4.2144
4197,4.2136
4198,4.2129
4199,4.2122
4200,4.2115
4201,4.2107
4202,4.2101
4203,4.2093
4204,4.2087
4205,4.208
4206,4.2074
4207,4.2067
4208,4.206
4209,4.2053
4210,4.2047
4211,4.204
4212,4.2034
4213,4.2029
4214,4.2023
4215,4.2017
4216,4.201
4217,4.2004
4218,4.1999
4219,4.1993
4220,4.1986
4221,4.1982
4222,4.1975
4223,4.1971
4224,4.1964
4225,4.1959
4226,4.1953
4227,4.1948
4228,4.1942
4229,4.1937
4230,4.1932
4231,4.1928
4232,4.1921
4233,4.1917
4234,4.1912
4235,4.1907
4236,4.1902
4237,4.1898
4238,4.1893
4239,4.1888
4240,4.1883
4241,4.1878
4242,4.1874
4243,4.1869
4244,4.1866
4245,4.1861
4246,4.1856
4247,4.1851
4248,4.1848
4249,4.1844
4250,4.1839
4251,4.1836
4252,4.1831
4253,4.1828
4254,4.1823
4255,4.1818
4256,4.1815
4257,4.1812
4258,4.1807
4259,4.1804
4260,4.1799
4261,4.1796
4262,4.1793
4263,4.1788
4264,4.1785
4265,4.1782
4266,4.1778
4267,4.1774
4268,4.177
4269,4.1767
4270,4.1764
4271,4.1761
4272,4.1758
4273,4.1755
4274,4.1751
4275,4.1748
4276,4.1745
4277,4.1742
4278,4.1739
4279,4.1735
4280,4.1732
4281,4.1729
4282,4.1726
4283,4.1723
4284,4.1721
4285,4.1718
4286,4.1715
4287,4.1712
4288,4.1708
4289,4.1707
4290,4.1704
4291,4.1701
4292,4.1697
4293,4.1696
4294,4.1693
4295,4.1691
4296,4.1688
4297,4.1685
4298,4.1683
4299,4.168
4300,4.1678
4301,4.1675
4302,4.1674
4303,4.167
4304,4.1669
4305,4.1666
4306,4.1664
4307,4.1661
4308,4.1659
4309,4.1656
4310,4.1654
4311,4.1653
4312,4.165
4313,4.1648
4314,4.1647
4315,4.1643
4316,4.1642
4317,4.164
4318,4.1637
4319,4.1635
4320,4.1634
4321,4.1631
4322,4.1629
4323,4.1627
4324,4.1626
4325,4.1623
4326,4.1621
4327,4.162
4328,4.1618
4329,4.1616
4330,4.1615
4331,4.1612
4332,4.161
4333,4.1608
4334,4.1607
4335,4.1605
4336,4.1604
4337,4.1602
4338,4.16
4339,4.1599
4340,4.1597
4341,4.1596
4342,4.1594
4343,4.1591
4344,4.1589
4345,4.1588
4346,4.1586
4347,4.1585
4348,4.1583
4349,4.1581
4350,4.158
4351,4.1578
4352,4.1577
4353,4.1577
4354,4.1575
4355,4.1573
4356,4.1572
4357,4.157
4358,4.1569
4359,4.1567
4360,4.1566
4361,4.1564
4362,4.1562
4363,4.1562
4364,4.1561
4365,4.1559
4366,4.1558
4367,4.1556
4368,4.1554
4369,4.1553
4370,4.1553
4371,4.1551
4372,4.155
4373,4.1548
4374,4.1546
4375,4.1546
4376,4.1545
4377,4.1543
4378,4.1542
4379,4.1542
4380,4.154
4381,4.1539
4382,4.1537
4383,4.1537
4384,4.1535
4385,4.1534
4386,4.1532
4387,4.1532
4388,4.1531
4389,4.1529
4390,4.1527
4391,4.1527
4392,4.1526
4393,4.1524
4394,4.1524
4395,4.1523
4396,4.1521
4397,4.1521
4398,4.1519
4399,4.1518
4400,4.1518
4401,4.1516
4402,4.1515
4403,4.1515
4404,4.1513
4405,4.1511
4406,4.1511
4407,4.151
4408,4.151
4409,4.1508
4410,4.1507
4411,4.1507
4412,4.1505
4413,4.1505
4414,4.1504
4415,4.1502
4416,4.1502
4417,4.15
4418,4.15
4419,4.1499
4420,4.1497
4421,4.1497
4422,4.1496
4423,4.1496
4424,4.1494
4425,4.1492
4426,4.1492
4427,4.1491
4428,4.1491
4429,4.1489
4430,4.1489
4431,4.1488
4432,4.1488
4433,4.1486
4434,4.1486
4435,4.1484
4436,4.1483
4437,4.1483
4438,4.1481
4439,4.1481
4440,4.148
4441,4.148
4442,4.1478
4443,4.1478
4444,4.1477
4445,4.1477
4446,4.1475
4447,4.1475
4448,4.1473
4449,4.1473
4450,4.1472
4451,4.1472
4452,4.147
4453,4.147
4454,4.1469
4455,4.1469
4456,4.1467
4457,4.1467
4458,4.1465
4459,4.1465
4460,4.1464
4461,4.1464
4462,4.1462
4463,4.1462
4464,4.1461
4465,4.1461
4466,4.1459
4467,4.1459
4468,4.1457
4469,4.1457
4470,4.1456
4471,4.1456
4472,4.1454
4473,4.1454
4474,4.1454
4475,4.1453
4476,4.1453
4477,4.1451
4478,4.1451
4479,4.145
4480,4.145
4481,4.1448
4482,4.1448
4483,4.1446
4484,4.1446
4485,4.1445
4486,4.1445
4487,4.1443
4488,4.1443
4489,4.1442
4490,4.1442
4491,4.1442
4492,4.144
4493,4.144
4494,4.1438
4495,4.1438
4496,4.1437
4497,4.1437
4498,4.1435
4499,4.1435
4500,4.1434
4501,4.1434
4502,4.1432
4503,4.1432
4504,4.1432
4505,4.143
4506,4.143
4507,4.1429
4508,4.1429
4509,4.1427
4510,4.1427
4511,4.1427
4512,4.1426
4513,4.1424
4514,4.1424
4515,4.1424
4516,4.1423
4517,4.1423
4518,4.1421
4519,4.1421
4520,4.1419
4521,4.1419
4522,4.1418
4523,4.1418
4524,4.1418
4525,4.1416
4526,4.1416
4527,4.1415
4528,4.1415
4529,4.1413
4530,4.1413
4531,4.1413
4532,4.1411
4533,4.1411
4534,4.141
4535,4.141
4536,4.1408
4537,4.1408
4538,4.1407
4539,4.1407
4540,4.1407
4541,4.1405
4542,4.1403
4543,4.1403
4544,4.1403
4545,4.1402
4546,4.1402
4547,4.14
4548,4.14
4549,4.1399
4550,4.1399
4551,4.1397
4552,4.1397
4553,4.1397
4554,4.1396
4555,4.1396
4556,4.1394
4557,4.1394
4558,4.1392
4559,4.1392
4560,4.1391
4561,4.1391
4562,4.1389
4563,4.1389
4564,4.1388
4565,4.1388
4566,4.1388
4567,4.1386
4568,4.1386
4569,4.1384
4570,4.1384
4571,4.1383
4572,4.1383
4573,4.1381
4574,4.1381
4575,4.138
4576,4.138
4577,4.1378
4578,4.1378
4579,4.1376
4580,4.1376
4581,4.1375
4582,4.1375
4583,4.1373
4584,4.1373
4585,4.1372
4586,4.1372
4587,4.137
4588,4.137
4589,4.1369
4590,4.1369
4591,4.1367
4592,4.1367
4593,4.1365
4594,4.1365
4595,4.1364
4596,4.1364
4597,4.1362
4598,4.1362
4599,4.1361
4600,4.1361
4601,4.1359
4602,4.1359
4603,4.1357
4604,4.1357
4605,4.1356
4606,4.1356
4607,4.1354
4608,4.1353
4609,4.1353
4610,4.1351
4611,4.1351
4612,4.1349
4613,4.1349
4614,4.1348
4615,4.1348
4616,4.1346
4617,4.1346
4618,4.1345
4619,4.1343
4620,4.1343
4621,4.1342
4622,4.1342
4623,4.134
4624,4.1338
4625,4.1338
4626,4.1337
4627,4.1337
4628,4.1335
4629,4.1334
4630,4.1334
4631,4.1332
4632,4.1332
4633,4.133
4634,4.1329
4635,4.1329
4636,4.1327
4637,4.1327
4638,4.1326
4639,4.1324
4640,4.1324
4641,4.1322
4642,4.1321
4643,4.1321
4644,4.1319
4645,4.1318
4646,4.1318
4647,4.1316
4648,4.1315
4649,4.1315
4650,4.1313
4651,4.1311
4652,4.1311
4653,4.131
4654,4.1308
4655,4.1307
4656,4.1307
4657,4.1305
4658,4.1303
4659,4.1302
4660,4.1302
4661,4.13
4662,4.1299
4663,4.1297
4664,4.1297
4665,4.1295
4666,4.1294
4667,4.1292
4668,4.1292
4669,4.1291
4670,4.1289
4671,4.1288
4672,4.1286
4673,4.1286
4674,4.1284
4675,4.1283
4676,4.1281
4677,4.128
4678,4.128
4679,4.1278
4680,4.1276
4681,4.1275
4682,4.1273
4683,4.1272
4684,4.127
4685,4.127
4686,4.1268
4687,4.1267
4688,4.1265
4689,4.1264
4690,4.1262
4691,4.1261
4692,4.1261
4693,4.1259
4694,4.1257
4695,4.1256
4696,4.1254
4697,4.1253
4698,4.1251
4699,4.1249
4700,4.1248
4701,4.1246
4702,4.1245
4703,4.1243
4704,4.1241
4705,4.124
4706,4.1238
4707,4.1237
4708,4.1235
4709,4.1233
4710,4.1232
4711,4.123
4712,4.1229
4713,4.1227
4714,4.1226
4715,4.1224
4716,4.1222
4717,4.1221
4718,4.1219
4719,4.1218
4720,4.1216
4721,4.1214
4722,4.1213
4723,4.121
4724,4.1208
4725,4.1206
4726,4.1205
4727,4.1203
4728,4.1202
4729,4.12
4730,4.1199
4731,4.1197
4732,4.1194
4733,4.1192
4734,4.1191
4735,4.1189
4736,4.1187
4737,4.1184
4738,4.1183
4739,4.1181
4740,4.1179
4741,4.1178
4742,4.1175
4743,4.1173
4744,4.1172
4745,4.117
4746,4.1167
4747,4.1165
4748,4.1164
4749,4.1162
4750,4.1159
4751,4.1157
4752,4.1156
4753,4.1154
4754,4.1151
4755,4.1149
4756,4.1148
4757,4.1145
4758,4.1143
4759,4.1141
4760,4.1138
4761,4.1137
4762,4.1135
4763,4.1132
4764,4.113
4765,4.1129
4766,4.1125
4767,4.1124
4768,4.1121
4769,4.1119
4770,4.1118
4771,4.1114
4772,4.1113
4773,4.111
4774,4.1108
4775,4.1106
4776,4.1103
4777,4.1102
4778,4.1098
4779,4.1097
4780,4.1094
4781,4.1092
4782,4.1091
4783,4.1087
4784,4.1086
4785,4.1083
4786,4.1081
4787,4.1078
4788,4.1075
4789,4.1073
4790,4.1071
4791,4.1068
4792,4.1065
4793,4.1064
4794,4.106
4795,4.1059
4796,4.1056
4797,4.1054
4798,4.1051
4799,4.1049
4800,4.1046
4801,4.1043
4802,4.1041
4803,4.1038
4804,4.1037
4805,4.1033
4806,4.103
4807,4.1029
4808,4.1025
4809,4.1024
4810,4.1021
4811,4.1017
4812,4.1016
4813,4.1013
4814,4.101
4815,4.1008
4816,4.1005
4817,4.1002
4818,4.1
4819,4.0997
4820,4.0994
4821,4.0992
4822,4.0989
4823,4.0986
4824,4.0984
4825,4.0981
4826,4.0978
4827,4.0975
4828,4.0973
4829,4.097
4830,4.0967
4831,4.0965
4832,4.0962
4833,4.0959
4834,4.0956
4835,4.0954
4836,4.0951
4837,4.0948
4838,4.0944
4839,4.0941
4840,4.094
4841,4.0936
4842,4.0933
4843,4.093
4844,4.0927
4845,4.0925
4846,4.0922
4847,4.0919
4848,4.0916
4849,4.0913
4850,4.0911
4851,4.0908
4852,4.0905
4853,4.0901
4854,4.0898
4855,4.0897
4856,4.0894
4857,4.089
4858,4.0887
4859,4.0884
4860,4.0881
4861,4.0878
4862,4.0876
4863,4.0873
4864,4.087
4865,4.0867
4866,4.0863
4867,4.086
4868,4.0857
4869,4.0854
4870,4.0851
4871,4.0849
4872,4.0846
4873,4.0843
4874,4.084
4875,4.0836
4876,4.0833
4877,4.083
4878,4.0827
4879,4.0824
4880,4.082
4881,4.0817
4882,4.0814
4883,4.0811
4884,4.0808
4885,4.0806
4886,4.0803
4887,4.08
4888,4.0797
4889,4.0793
4890,4.079
4891,4.0787
4892,4.0784
4893,4.0781
4894,4.0778
4895,4.0774
4896,4.0771
4897,4.0768
4898,4.0765
4899,4.0762
4900,4.0759
4901,4.0755
4902,4.0752
4903,4.0749
4904,4.0746
4905,4.0743
4906,4.0739
4907,4.0736
4908,4.0733
4909,4.073
4910,4.0727
4911,4.0724
4912,4.072
4913,4.0717
4914,4.0714
4915,4.0711
4916,4.0708
4917,4.0706
4918,4.0703
4919,4.07
4920,4.0695
4921,4.0693
4922,4.069
4923,4.0687
4924,4.0684
4925,4.0681
4926,4.0677
4927,4.0674
4928,4.0671
4929,4.0668
4930,4.0665
4931,4.0662
4932,4.0658
4933,4.0655
4934,4.0652
4935,4.0649
4936,4.0646
4937,4.0643
4938,4.0639
4939,4.0636
4940,4.0633
4941,4.063
4942,4.0627
4943,4.0623
4944,4.062
4945,4.0617
4946,4.0614
4947,4.0611
4948,4.0608
4949,4.0604
4950,4.0601
4951,4.0598
4952,4.0595
4953,4.0592
4954,4.0589
4955,4.0585
4956,4.0584
4957,4.0581
4958,4.0577
4959,4.0574
4960,4.0571
4961,4.0568
4962,4.0565
4963,4.0562
4964,4.0558
4965,4.0555
4966,4.0552
4967,4.0549
4968,4.0546
4969,4.0542
4970,4.0539
4971,4.0538
4972,4.0535
4973,4.0531
4974,4.0528
4975,4.0525
4976,4.0522
4977,4.0519
4978,4.0515
4979,4.0514
4980,4.0511
4981,4.0508
4982,4.0504
4983,4.0501
4984,4.0498
4985,4.0495
4986,4.0492
4987,4.049
4988,4.0487
4989,4.0484
4990,4.0481
4991,4.0477
4992,4.0474
4993,4.0473
4994,4.0469
4995,4.0466
4996,4.0463
4997,4.046
4998,4.0458
4999,4.0455
5000,4.0452
5001,4.0449
5002,4.0447
5003,4.0444
5004,4.0441
5005,4.0438
5006,4.0434
5007,4.0433
5008,4.043
5009,4.0427
5010,4.0427
5011,4.0423
5012,4.0423
5013,4.0422
5014,4.0422
5015,4.0419
5016,4.0419
5017,4.0415
5018,4.0415
5019,4.0412
5020,4.0412
5021,4.0411
5022,4.0411
5023,4.0407
5024,4.0407
5025,4.0404
5026,4.0404
5027,4.0403
5028,4.0403
5029,4.0399
5030,4.0399
5031,4.0396
5032,4.0396
5033,4.0395
5034,4.0395
5035,4.0392
5036,4.0392
5037,4.0388
5038,4.0388
5039,4.0385
5040,4.0385
5041,4.0384
5042,4.0384
5043,4.038
5044,4.038
5045,4.0377
5046,4.0377
5047,4.0376
5048,4.0376
5049,4.0372
5050,4.0372
5051,4.0371
5052,4.0368
5053,4.0365
5054,4.0363
5055,4.036
5056,4.0358
5057,4.0355
5058,4.0352
5059,4.035
5060,4.0347
5061,4.0345
5062,4.0342
5063,4.0339
5064,4.0338
5065,4.0334
5066,4.0333
5067,4.033
5068,4.0328
5069,4.0325
5070,4.0323
5071,4.032
5072,4.0318
5073,4.0315
5074,4.0314
5075,4.0311
5076,4.0309
5077,4.0306
5078,4.0304
5079,4.0301
5080,4.0299
5081,4.0296
5082,4.0295
5083,4.0293
5084,4.029
5085,4.0287
5086,4.0285
5087,4.0284
5088,4.028
5089,4.0279
5090,4.0276
5091,4.0274
5092,4.0272
5093,4.0269
5094,4.0268
5095,4.0264
5096,4.0263
5097,4.0261
5098,4.0258
5099,4.0257
5100,4.0255
5101,4.0252
5102,4.025
5103,4.0249
5104,4.0245
5105,4.0244
5106,4.0241
5107,4.0239
5108,4.0237
5109,4.0236
5110,4.0233
5111,4.0231
5112,4.023
5113,4.0228
5114,4.0225
5115,4.0223
5116,4.0222
5117,4.0218
5118,4.0217
5119,4.0215
5120,4.0214
5121,4.021
5122,4.0209
5123,4.0207
5124,4.0206
5125,4.0203
5126,4.0201
5127,4.0199
5128,4.0198
5129,4.0196
5130,4.0193
5131,4.0191
5132,4.019
5133,4.0188
5134,4.0187
5135,4.0183
5136,4.0182
5137,4.018
5138,4.0179
5139,4.0177
5140,4.0176
5141,4.0172
5142,4.0171
5143,4.0169
5144,4.0168
5145,4.0166
5146,4.0164
5147,4.0163
5148,4.016
5149,4.0158
5150,4.0156
5151,4.0155
5152,4.0153
5153,4.0152
5154,4.015
5155,4.0149
5156,4.0147
5157,4.0144
5158,4.0142
5159,4.0141
5160,4.0139
5161,4.0137
5162,4.0136
5163,4.0134
5164,4.0133
5165,4.0131
5166,4.0129
5167,4.0128
5168,4.0126
5169,4.0123
5170,4.0122
5171,4.012
5172,4.0118
5173,4.0117
5174,4.0115
5175,4.0114
5176,4.0112
5177,4.011
5178,4.0109
5179,4.0107
5180,4.0106
5181,4.0104
5182,4.0102
5183,4.0101
5184,4.0099
5185,4.0098
5186,4.0096
5187,4.0094
5188,4.0093
5189,4.0091
5190,4.009
5191,4.0088
5192,4.0087
5193,4.0085
5194,4.0083
5195,4.0082
5196,4.008
5197,4.0079
5198,4.0077
5199,4.0075
5200,4.0074
5201,4.0071
5202,4.0071
5203,4.0069
5204,4.0067
5205,4.0066
5206,4.0064
5207,4.0063
5208,4.0061
5209,4.0058
5210,4.0056
5211,4.0055
5212,4.0055
5213,4.0052
5214,4.0052
5215,4.0048
5216,4.0047
5217,4.0047
5218,4.0044
5219,4.0042
5220,4.0042
5221,4.0039
5222,4.0037
5223,4.0036
5224,4.0036
5225,4.0033
5226,4.0031
5227,4.0029
5228,4.0028
5229,4.0026
5230,4.0026
5231,4.0023
5232,4.0021
5233,4.002
5234,4.0018
5235,4.0017
5236,4.0015
5237,4.0013
5238,4.0012
5239,4.001
5240,4.0009
5241,4.0007
5242,4.0006
5243,4.0004
5244,4.0002
5245,4.0001
5246,3.9999
5247,3.9998
5248,3.9996
5249,3.9994
5250,3.9993
5251,3.9991
5252,3.999
5253,3.9988
5254,3.9986
5255,3.9985
5256,3.9983
5257,3.9982
5258,3.998
5259,3.9979
5260,3.9977
5261,3.9975
5262,3.9974
5263,3.9972
5264,3.9971
5265,3.9967
5266,3.9966
5267,3.9964
5268,3.9963
5269,3.9961
5270,3.9959
5271,3.9958
5272,3.9956
5273,3.9955
5274,3.9953
5275,3.9952
5276,3.995
5277,3.9948
5278,3.9947
5279,3.9944
5280,3.9942
5281,3.994
5282,3.9939
5283,3.9937
5284,3.9936
5285,3.9934
5286,3.9932
5287,3.9931
5288,3.9928
5289,3.9926
5290,3.9925
5291,3.9923
5292,3.9921
5293,3.992
5294,3.9918
5295,3.9917
5296,3.9913
5297,3.9912
5298,3.991
5299,3.9909
5300,3.9907
5301,3.9905
5302,3.9904
5303,3.9901
5304,3.9899
5305,3.9898
5306,3.9896
5307,3.9894
5308,3.9891
5309,3.989
5310,3.9888
5311,3.9886
5312,3.9885
5313,3.9882
5314,3.988
5315,3.9878
5316,3.9877
5317,3.9875
5318,3.9872
5319,3.9871
5320,3.9869
5321,3.9867
5322,3.9864
5323,3.9863
5324,3.9861
5325,3.9859
5326,3.9856
5327,3.9855
5328,3.9853
5329,3.9851
5330,3.9848
5331,3.9847
5332,3.9845
5333,3.9844
5334,3.984
5335,3.9839
5336,3.9837
5337,3.9834
5338,3.9832
5339,3.9831
5340,3.9828
5341,3.9826
5342,3.9824
5343,3.9821
5344,3.982
5345,3.9818
5346,3.9815
5347,3.9813
5348,3.9812
5349,3.9809
5350,3.9807
5351,3.9805
5352,3.9802
5353,3.9801
5354,3.9797
5355,3.9796
5356,3.9794
5357,3.9791
5358,3.9789
5359,3.9786
5360,3.9785
5361,3.9783
5362,3.978
5363,3.9778
5364,3.9775
5365,3.9774
5366,3.9772
5367,3.9769
5368,3.9767
5369,3.9764
5370,3.9762
5371,3.9759
5372,3.9758
5373,3.9755
5374,3.9753
5375,3.975
5376,3.9748
5377,3.9745
5378,3.9743
5379,3.974
5380,3.9739
5381,3.9735
5382,3.9734
5383,3.9731
5384,3.9729
5385,3.9726
5386,3.9724
5387,3.9721
5388,3.972
5389,3.9716
5390,3.9715
5391,3.9712
5392,3.971
5393,3.9707
5394,3.9704
5395,3.9702
5396,3.9699
5397,3.9697
5398,3.9694
5399,3.9693
5400,3.9689
5401,3.9686
5402,3.9685
5403,3.9681
5404,3.968
5405,3.9677
5406,3.9674
5407,3.9672
5408,3.9669
5409,3.9667
5410,3.9664
5411,3.9661
5412,3.9659
5413,3.9656
5414,3.9653
5415,3.9651
5416,3.9648
5417,3.9647
5418,3.9643
5419,3.964
5420,3.9637
5421,3.9635
5422,3.9632
5423,3.9629
5424,3.9627
5425,3.9624
5426,3.9621
5427,3.962
5428,3.9616
5429,3.9613
5430,3.9612
5431,3.9608
5432,3.9605
5433,3.9604
5434,3.96
5435,3.9597
5436,3.9596
5437,3.9593
5438,3.9589
5439,3.9586
5440,3.9585
5441,3.9581
5442,3.9578
5443,3.9577
5444,3.9573
5445,3.957
5446,3.9567
5447,3.9566
5448,3.9562
5449,3.9559
5450,3.9556
5451,3.9554
5452,3.9551
5453,3.9548
5454,3.9545
5455,3.9543
5456,3.954
5457,3.9537
5458,3.9534
5459,3.9532
5460,3.9529
5461,3.9526
5462,3.9523
5463,3.9521
5464,3.9518
5465,3.9515
5466,3.9511
5467,3.951
5468,3.9507
5469,3.9504
5470,3.95
5471,3.9497
5472,3.9496
5473,3.9492
5474,3.9489
5475,3.9486
5476,3.9483
5477,3.9481
5478,3.9478
5479,3.9475
5480,3.9472
5481,3.9469
5482,3.9467
5483,3.9464
5484,3.9461
5485,3.9457
5486,3.9456
5487,3.9453
5488,3.945
5489,3.9446
5490,3.9443
5491,3.9442
5492,3.9438
5493,3.9435
5494,3.9432
5495,3.943
5496,3.9427
5497,3.9424
5498,3.9421
5499,3.9418
5500,3.9416
5501,3.9413
5502,3.941
5503,3.9407
5504,3.9403
5505,3.9402
5506,3.9399
5507,3.9396
5508,3.9392
5509,3.9389
5510,3.9388
5511,3.9384
5512,3.9381
5513,3.9378
5514,3.9376
5515,3.9373
5516,3.937
5517,3.9367
5518,3.9364
5519,3.9362
5520,3.9359
5521,3.9356
5522,3.9353
5523,3.9351
5524,3.9348
5525,3.9345
5526,3.9342
5527,3.934
5528,3.9337
5529,3.9334
5530,3.933
5531,3.9329
5532,3.9326
5533,3.9322
5534,3.9319
5535,3.9318
5536,3.9315
5537,3.9311
5538,3.9308
5539,3.9307
5540,3.9303
5541,3.93
5542,3.9297
5543,3.9295
5544,3.9292
5545,3.9289
5546,3.9288
5547,3.9284
5548,3.9281
5549,3.9278
5550,3.9275
5551,3.9273
5552,3.927
5553,3.9267
5554,3.9265
5555,3.9262
5556,3.9259
5557,3.9257
5558,3.9254
5559,3.9251
5560,3.9248
5561,3.9246
5562,3.9243
5563,3.924
5564,3.9238
5565,3.9235
5566,3.9232
5567,3.923
5568,3.9227
5569,3.9224
5570,3.9222
5571,3.9219
5572,3.9216
5573,3.9213
5574,3.9211
5575,3.9208
5576,3.9206
5577,3.9203
5578,3.92
5579,3.9199
5580,3.9195
5581,3.9192
5582,3.9191
5583,3.9187
5584,3.9184
5585,3.9183
5586,3.9179
5587,3.9176
5588,3.9175
5589,3.9172
5590,3.917
5591,3.9167
5592,3.9164
5593,3.9162
5594,3.9159
5595,3.9157
5596,3.9154
5597,3.9151
5598,3.9149
5599,3.9146
5600,3.9143
5601,3.9141
5602,3.9138
5603,3.9137
5604,3.9133
5605,3.913
5606,3.9129
5607,3.9125
5608,3.9124
5609,3.9121
5610,3.9119
5611,3.9116
5612,3.9113
5613,3.9111
5614,3.9108
5615,3.9106
5616,3.9103
5617,3.9102
5618,3.9098
5619,3.9095
5620,3.9094
5621,3.9091
5622,3.9089
5623,3.9086
5624,3.9084
5625,3.9081
5626,3.9079
5627,3.9076
5628,3.9075
5629,3.9071
5630,3.9068
5631,3.9067
5632,3.9064
5633,3.9062
5634,3.9059
5635,3.9057
5636,3.9054
5637,3.9052
5638,3.9049
5639,3.9048
5640,3.9044
5641,3.9043
5642,3.904
5643,3.9038
5644,3.9035
5645,3.9033
5646,3.903
5647,3.9029
5648,3.9025
5649,3.9024
5650,3.9021
5651,3.9019
5652,3.9016
5653,3.9014
5654,3.9011
5655,3.901
5656,3.9006
5657,3.9005
5658,3.9002
5659,3.9
5660,3.8997
5661,3.8995
5662,3.8992
5663,3.899
5664,3.8987
5665,3.8986
5666,3.8983
5667,3.8981
5668,3.8979
5669,3.8976
5670,3.8975
5671,3.8971
5672,3.897
5673,3.8967
5674,3.8965
5675,3.8962
5676,3.896
5677,3.8957
5678,3.8955
5679,3.8952
5680,3.8951
5681,3.8949
5682,3.8946
5683,3.8944
5684,3.8941
5685,3.894
5686,3.8936
5687,3.8935
5688,3.8932
5689,3.893
5690,3.8928
5691,3.8925
5692,3.8924
5693,3.8921
5694,3.8919
5695,3.8916
5696,3.8914
5697,3.8911
5698,3.8909
5699,3.8908
5700,3.8905
5701,3.8903
5702,3.89
5703,3.8898
5704,3.8895
5705,3.8894
5706,3.889
5707,3.8889
5708,3.8887
5709,3.8884
5710,3.8882
5711,3.8879
5712,3.8878
5713,3.8874
5714,3.8873
5715,3.8871
5716,3.8868
5717,3.8867
5718,3.8863
5719,3.8862
5720,3.8859
5721,3.8857
5722,3.8854
5723,3.8852
5724,3.8849
5725,3.8847
5726,3.8846
5727,3.8843
5728,3.8841
5729,3.8838
5730,3.8836
5731,3.8833
5732,3.8832
5733,3.883
5734,3.8827
5735,3.8825
5736,3.8822
5737,3.882
5738,3.8817
5739,3.8816
5740,3.8813
5741,3.8811
5742,3.8808
5743,3.8806
5744,3.8805
5745,3.8801
5746,3.88
5747,3.8797
5748,3.8795
5749,3.8792
5750,3.879
5751,3.8787
5752,3.8786
5753,3.8784
5754,3.8781
5755,3.8779
5756,3.8776
5757,3.8774
5758,3.8771
5759,3.877
5760,3.8766
5761,3.8765
5762,3.8762
5763,3.876
5764,3.8759
5765,3.8755
5766,3.8754
5767,3.8751
5768,3.8749
5769,3.8746
5770,3.8744
5771,3.8741
5772,3.8739
5773,3.8736
5774,3.8735
5775,3.8732
5776,3.873
5777,3.8727
5778,3.8725
5779,3.8722
5780,3.872
5781,3.8717
5782,3.8716
5783,3.8714
5784,3.8711
5785,3.8709
5786,3.8706
5787,3.8705
5788,3.8701
5789,3.87
5790,3.8697
5791,3.8695
5792,3.8692
5793,3.869
5794,3.8687
5795,3.8685
5796,3.8682
5797,3.8681
5798,3.8677
5799,3.8676
5800,3.8673
5801,3.8671
5802,3.8668
5803,3.8666
5804,3.8663
5805,3.8662
5806,3.8658
5807,3.8657
5808,3.8654
5809,3.8652
5810,3.8649
5811,3.8647
5812,3.8644
5813,3.8641
5814,3.8639
5815,3.8636
5816,3.8635
5817,3.8631
5818,3.863
5819,3.8627
5820,3.8625
5821,3.8622
5822,3.862
5823,3.8617
5824,3.8616
5825,3.8612
5826,3.8611
5827,3.8608
5828,3.8606
5829,3.8603
5830,3.8601
5831,3.8598
5832,3.8595
5833,3.8593
5834,3.859
5835,3.8589
5836,3.8585
5837,3.8584
5838,3.8581
5839,3.8579
5840,3.8576
5841,3.8574
5842,3.8571
5843,3.8569
5844,3.8566
5845,3.8563
5846,3.8562
5847,3.8558
5848,3.8557
5849,3.8554
5850,3.8552
5851,3.8549
5852,3.8546
5853,3.8544
5854,3.8541
5855,3.8539
5856,3.8536
5857,3.8535
5858,3.8531
5859,3.853
5860,3.8527
5861,3.8523
5862,3.8522
5863,3.8519
5864,3.8517
5865,3.8514
5866,3.8512
5867,3.8509
5868,3.8506
5869,3.8504
5870,3.8501
5871,3.85
5872,3.8496
5873,3.8495
5874,3.8492
5875,3.8488
5876,3.8487
5877,3.8484
5878,3.8482
5879,3.8479
5880,3.8477
5881,3.8474
5882,3.8473
5883,3.8469
5884,3.8466
5885,3.8465
5886,3.8461
5887,3.846
5888,3.8457
5889,3.8454
5890,3.8452
5891,3.8449
5892,3.8447
5893,3.8444
5894,3.8442
5895,3.8439
5896,3.8438
5897,3.8434
5898,3.8431
5899,3.843
5900,3.8427
5901,3.8425
5902,3.8422
5903,3.8419
5904,3.8417
5905,3.8414
5906,3.8412
5907,3.8409
5908,3.8407
5909,3.8404
5910,3.8401
5911,3.8399
5912,3.8396
5913,3.8395
5914,3.8392
5915,3.839
5916,3.8387
5917,3.8385
5918,3.8382
5919,3.8379
5920,3.8377
5921,3.8374
5922,3.8372
5923,3.8369
5924,3.8368
5925,3.8365
5926,3.8361
5927,3.836
5928,3.8357
5929,3.8355
5930,3.8352
5931,3.835
5932,3.8347
5933,3.8345
5934,3.8342
5935,3.8341
5936,3.8338
5937,3.8334
5938,3.8333
5939,3.833
5940,3.8328
5941,3.8325
5942,3.8323
5943,3.832
5944,3.8318
5945,3.8315
5946,3.8314
5947,3.8311
5948,3.8307
5949,3.8306
5950,3.8303
5951,3.8301
5952,3.8298
5953,3.8296
5954,3.8293
5955,3.8291
5956,3.8288
5957,3.8287
5958,3.8284
5959,3.8282
5960,3.8279
5961,3.8277
5962,3.8274
5963,3.8272
5964,3.8269
5965,3.8268
5966,3.8264
5967,3.8263
5968,3.826
5969,3.8257
5970,3.8255
5971,3.8253
5972,3.825
5973,3.8247
5974,3.8245
5975,3.8244
5976,3.8241
5977,3.8239
5978,3.8236
5979,3.8234
5980,3.8231
5981,3.823
5982,3.8226
5983,3.8225
5984,3.8222
5985,3.822
5986,3.8217
5987,3.8215
5988,3.8212
5989,3.821
5990,3.8207
5991,3.8206
5992,3.8203
5993,3.8201
5994,3.8198
5995,3.8196
5996,3.8195
5997,3.8191
5998,3.819
5999,3.8187
6000,3.8185
6001,3.8182
6002,3.818
6003,3.8177
6004,3.8176
6005,3.8172
6006,3.8171
6007,3.8169
6008,3.8166
6009,3.8164
6010,3.8161
6011,3.816
6012,3.8156
6013,3.8155
6014,3.8152
6015,3.815
6016,3.8149
6017,3.8145
6018,3.8144
6019,3.8141
6020,3.8139
6021,3.8136
6022,3.8134
6023,3.8133
6024,3.8129
6025,3.8128
6026,3.8125
6027,3.8123
6028,3.8122
6029,3.8118
6030,3.8117
6031,3.8114
6032,3.8112
6033,3.811
6034,3.8107
6035,3.8106
6036,3.8102
6037,3.8101
6038,3.8099
6039,3.8096
6040,3.8094
6041,3.8093
6042,3.809
6043,3.8088
6044,3.8085
6045,3.8083
6046,3.8082
6047,3.8079
6048,3.8077
6049,3.8074
6050,3.8072
6051,3.8071
6052,3.8067
6053,3.8066
6054,3.8064
6055,3.8061
6056,3.806
6057,3.8058
6058,3.8055
6059,3.8053
6060,3.805
6061,3.8048
6062,3.8047
6063,3.8044
6064,3.8042
6065,3.804
6066,3.8037
6067,3.8036
6068,3.8034
6069,3.8031
6070,3.8029
6071,3.8028
6072,3.8025
6073,3.8023
6074,3.8021
6075,3.8018
6076,3.8017
6077,3.8015
6078,3.8012
6079,3.801
6080,3.8009
6081,3.8007
6082,3.8004
6083,3.8002
6084,3.8001
6085,3.7998
6086,3.7996
6087,3.7994
6088,3.7991
6089,3.799
6090,3.7988
6091,3.7985
6092,3.7983
6093,3.7982
6094,3.798
6095,3.7977
6096,3.7975
6097,3.7974
6098,3.7971
6099,3.7969
6100,3.7967
6101,3.7966
6102,3.7963
6103,3.7961
6104,3.7959
6105,3.7956
6106,3.7955
6107,3.7953
6108,3.7952
6109,3.7948
6110,3.7947
6111,3.7945
6112,3.7944
6113,3.794
6114,3.7939
6115,3.7937
6116,3.7934
6117,3.7932
6118,3.7931
6119,3.7929
6120,3.7926
6121,3.7925
6122,3.7923
6123,3.7921
6124,3.7918
6125,3.7917
6126,3.7915
6127,3.7913
6128,3.791
6129,3.7909
6130,3.7907
6131,3.7905
6132,3.7902
6133,3.7901
6134,3.7899
6135,3.7898
6136,3.7896
6137,3.7893
6138,3.7891
6139,3.789
6140,3.7886
6141,3.7885
6142,3.7883
6143,3.7882
6144,3.788
6145,3.7877
6146,3.7875
6147,3.7874
6148,3.7872
6149,3.7871
6150,3.7867
6151,3.7866
6152,3.7864
6153,3.7863
6154,3.7859
6155,3.7858
6156,3.7856
6157,3.7855
6158,3.7853
6159,3.785
6160,3.7848
6161,3.7847
6162,3.7845
6163,3.7843
6164,3.784
6165,3.7839
6166,3.7837
6167,3.7836
6168,3.7834
6169,3.7831
6170,3.7829
6171,3.7828
6172,3.7826
6173,3.7824
6174,3.7821
6175,3.782
6176,3.7818
6177,3.7816
6178,3.7815
6179,3.7812
6180,3.781
6181,3.7809
6182,3.7807
6183,3.7805
6184,3.7802
6185,3.7801
6186,3.7799
6187,3.7797
6188,3.7796
6189,3.7794
6190,3.7791
6191,3.7789
6192,3.7788
6193,3.7786
6194,3.7785
6195,3.7783
6196,3.778
6197,3.7778
6198,3.7777
6199,3.7775
6200,3.7774
6201,3.7772
6202,3.7769
6203,3.7767
6204,3.7766
6205,3.7764
6206,3.7762
6207,3.7761
6208,3.7758
6209,3.7756
6210,3.7755
6211,3.7753
6212,3.7751
6213,3.775
6214,3.7748
6215,3.7745
6216,3.7743
6217,3.7742
6218,3.774
6219,3.7739
6220,3.7737
6221,3.7734
6222,3.7732
6223,3.7731
6224,3.7729
6225,3.7728
6226,3.7726
6227,3.7724
6228,3.7721
6229,3.772
6230,3.7718
6231,3.7716
6232,3.7715
6233,3.7713
6234,3.7712
6235,3.771
6236,3.7707
6237,3.7705
6238,3.7704
6239,3.7702
6240,3.7701
6241,3.7699
6242,3.7697
6243,3.7694
6244,3.7693
6245,3.7691
6246,3.7689
6247,3.7688
6248,3.7686
6249,3.7685
6250,3.7683
6251,3.768
6252,3.7678
6253,3.7677
6254,3.7675
6255,3.7674
6256,3.7672
6257,3.767
6258,3.7669
6259,3.7666
6260,3.7664
6261,3.7662
6262,3.7661
6263,3.7659
6264,3.7658
6265,3.7656
6266,3.7653
6267,3.7651
6268,3.765
6269,3.7648
6270,3.7647
6271,3.7645
6272,3.7643
6273,3.7642
6274,3.764
6275,3.7639
6276,3.7635
6277,3.7634
6278,3.7632
6279,3.7631
6280,3.7629
6281,3.7627
6282,3.7626
6283,3.7623
6284,3.7621
6285,3.762
6286,3.7618
6287,3.7616
6288,3.7615
6289,3.7613
6290,3.7612
6291,3.761
6292,3.7608
6293,3.7605
6294,3.7604
6295,3.7602
6296,3.76
6297,3.7599
6298,3.7597
6299,3.7596
6300,3.7594
6301,3.7593
6302,3.7589
6303,3.7588
6304,3.7586
6305,3.7585
6306,3.7583
6307,3.7581
6308,3.758
6309,3.7578
6310,3.7577
6311,3.7575
6312,3.7572
6313,3.757
6314,3.7569
6315,3.7567
6316,3.7566
6317,3.7564
6318,3.7562
6319,3.7561
6320,3.7559
6321,3.7558
6322,3.7554
6323,3.7553
6324,3.7551
6325,3.755
6326,3.7548
6327,3.7546
6328,3.7545
6329,3.7543
6330,3.7542
6331,3.7538
6332,3.7537
6333,3.7535
6334,3.7534
6335,3.7532
6336,3.7531
6337,3.7529
6338,3.7527
6339,3.7526
6340,3.7524
6341,3.7523
6342,3.7521
6343,3.7518
6344,3.7516
6345,3.7515
6346,3.7513
6347,3.7511
6348,3.751
6349,3.7508
6350,3.7507
6351,3.7505
6352,3.7504
6353,3.75
6354,3.7499
6355,3.7497
6356,3.7496
6357,3.7494
6358,3.7492
6359,3.7491
6360,3.7489
6361,3.7488
6362,3.7486
6363,3.7484
6364,3.7481
6365,3.748
6366,3.7478
6367,3.7477
6368,3.7475
6369,3.7473
6370,3.7472
6371,3.747
6372,3.7469
6373,3.7467
6374,3.7465
6375,3.7462
6376,3.7461
6377,3.7459
6378,3.7457
6379,3.7456
6380,3.7454
6381,3.7453
6382,3.7451
6383,3.745
6384,3.7448
6385,3.7445
6386,3.7443
6387,3.7442
6388,3.744
6389,3.7438
6390,3.7437
6391,3.7435
6392,3.7434
6393,3.7432
6394,3.743
6395,3.7427
6396,3.7426
6397,3.7424
6398,3.7423
6399,3.7421
6400,3.7419
6401,3.7418
6402,3.7416
6403,3.7415
6404,3.7413
6405,3.7411
6406,3.741
6407,3.7407
6408,3.7405
6409,3.7403
6410,3.7402
6411,3.74
6412,3.7399
6413,3.7397
6414,3.7396
6415,3.7394
6416,3.7392
6417,3.7391
6418,3.7388
6419,3.7386
6420,3.7384
6421,3.7383
6422,3.7381
6423,3.738
6424,3.7378
6425,3.7376
6426,3.7375
6427,3.7373
6428,3.737
6429,3.7369
6430,3.7367
6431,3.7365
6432,3.7364
6433,3.7362
6434,3.7361
6435,3.7359
6436,3.7357
6437,3.7356
6438,3.7354
6439,3.7351
6440,3.7349
6441,3.7348
6442,3.7346
6443,3.7345
6444,3.7343
6445,3.7342
6446,3.734
6447,3.7338
6448,3.7337
6449,3.7335
6450,3.7332
6451,3.733
6452,3.7329
6453,3.7327
6454,3.7326
6455,3.7324
6456,3.7322
6457,3.7321
6458,3.7319
6459,3.7318
6460,3.7315
6461,3.7313
6462,3.7311
6463,3.731
6464,3.7308
6465,3.7307
6466,3.7305
6467,3.7303
6468,3.7302
6469,3.73
6470,3.7297
6471,3.7295
6472,3.7294
6473,3.7292
6474,3.7291
6475,3.7289
6476,3.7288
6477,3.7286
6478,3.7284
6479,3.7281
6480,3.728
6481,3.7278
6482,3.7276
6483,3.7275
6484,3.7273
6485,3.7272
6486,3.727
6487,3.7268
6488,3.7267
6489,3.7264
6490,3.7262
6491,3.7261
6492,3.7259
6493,3.7257
6494,3.7256
6495,3.7254
6496,3.7253
6497,3.7251
6498,3.7249
6499,3.7246
6500,3.7245
6501,3.7243
6502,3.7241
6503,3.724
6504,3.7238
6505,3.7237
6506,3.7235
6507,3.7233
6508,3.723
6509,3.7229
6510,3.7227
6511,3.7226
6512,3.7224
6513,3.7222
6514,3.7221
6515,3.7219
6516,3.7218
6517,3.7214
6518,3.7213
6519,3.7211
6520,3.721
6521,3.7208
6522,3.7206
6523,3.7205
6524,3.7203
6525,3.7202
6526,3.7199
6527,3.7197
6528,3.7195
6529,3.7194
6530,3.7192
6531,3.7191
6532,3.7189
6533,3.7187
6534,3.7186
6535,3.7183
6536,3.7181
6537,3.7179
6538,3.7178
6539,3.7176
6540,3.7175
6541,3.7173
6542,3.717
6543,3.7168
6544,3.7167
6545,3.7165
6546,3.7164
6547,3.7162
6548,3.716
6549,3.7159
6550,3.7157
6551,3.7154
6552,3.7152
6553,3.7151
6554,3.7149
6555,3.7148
6556,3.7146
6557,3.7145
6558,3.7143
6559,3.714
6560,3.7138
6561,3.7137
6562,3.7135
6563,3.7133
6564,3.7132
6565,3.713
6566,3.7129
6567,3.7125
6568,3.7124
6569,3.7122
6570,3.7121
6571,3.7119
6572,3.7118
6573,3.7116
6574,3.7114
6575,3.7113
6576,3.711
6577,3.7108
6578,3.7106
6579,3.7105
6580,3.7103
6581,3.7102
6582,3.71
6583,3.7098
6584,3.7095
6585,3.7094
6586,3.7092
6587,3.7091
6588,3.7089
6589,3.7087
6590,3.7084
6591,3.7083
6592,3.7081
6593,3.7079
6594,3.7078
6595,3.7076
6596,3.7075
6597,3.7073
6598,3.707
6599,3.7068
6600,3.7067
6601,3.7065
6602,3.7064
6603,3.7062
6604,3.706
6605,3.7057
6606,3.7056
6607,3.7054
6608,3.7052
6609,3.7051
6610,3.7049
6611,3.7048
6612,3.7046
6613,3.7043
6614,3.7041
6615,3.704
6616,3.7038
6617,3.7037
6618,3.7035
6619,3.7032
6620,3.703
6621,3.7029
6622,3.7027
6623,3.7025
6624,3.7024
6625,3.7022
6626,3.7021
6627,3.7017
6628,3.7016
6629,3.7014
6630,3.7013
6631,3.7011
6632,3.701
6633,3.7006
6634,3.7005
6635,3.7003
6636,3.7002
6637,3.7
6638,3.6998
6639,3.6997
6640,3.6994
6641,3.6992
6642,3.699
6643,3.6989
6644,3.6987
6645,3.6986
6646,3.6984
6647,3.6981
6648,3.6979
6649,3.6978
6650,3.6976
6651,3.6975
6652,3.6973
6653,3.6971
6654,3.6968
6655,3.6967
6656,3.6965
6657,3.6963
6658,3.6962
6659,3.696
6660,3.6957
6661,3.6955
6662,3.6954
6663,3.6952
6664,3.6951
6665,3.6949
6666,3.6946
6667,3.6944
6668,3.6943
6669,3.6941
6670,3.694
6671,3.6938
6672,3.6936
6673,3.6933
6674,3.6932
6675,3.693
6676,3.6928
6677,3.6927
6678,3.6925
6679,3.6922
6680,3.6921
6681,3.6919
6682,3.6917
6683,3.6916
6684,3.6914
6685,3.6911
6686,3.6909
6687,3.6908
6688,3.6906
6689,3.6905
6690,3.6903
6691,3.6901
6692,3.6898
6693,3.6897
6694,3.6895
6695,3.6894
6696,3.6892
6697,3.689
6698,3.6887
6699,3.6886
6700,3.6884
6701,3.6882
6702,3.6881
6703,3.6879
6704,3.6876
6705,3.6874
6706,3.6873
6707,3.6871
6708,3.687
6709,3.6868
6710,3.6865
6711,3.6863
6712,3.6862
6713,3.686
6714,3.6859
6715,3.6857
6716,3.6854
6717,3.6852
6718,3.6851
6719,3.6849
6720,3.6847
6721,3.6846
6722,3.6844
6723,3.6841
6724,3.684
6725,3.6838
6726,3.6836
6727,3.6835
6728,3.6833
6729,3.683
6730,3.6828
6731,3.6827
6732,3.6825
6733,3.6824
6734,3.682
6735,3.6819
6736,3.6817
6737,3.6816
6738,3.6814
6739,3.6813
6740,3.6811
6741,3.6808
6742,3.6806
6743,3.6805
6744,3.6803
6745,3.6801
6746,3.68
6747,3.6797
6748,3.6795
6749,3.6793
6750,3.6792
6751,3.679
6752,3.6787
6753,3.6786
6754,3.6784
6755,3.6782
6756,3.6781
6757,3.6779
6758,3.6778
6759,3.6774
6760,3.6773
6761,3.6771
6762,3.677
6763,3.6768
6764,3.6765
6765,3.6763
6766,3.6762
6767,3.676
6768,3.6759
6769,3.6757
6770,3.6755
6771,3.6752
6772,3.6751
6773,3.6749
6774,3.6747
6775,3.6746
6776,3.6744
6777,3.6741
6778,3.6739
6779,3.6738
6780,3.6736
6781,3.6735
6782,3.6733
6783,3.673
6784,3.6728
6785,3.6727
6786,3.6725
6787,3.6724
6788,3.6722
6789,3.6719
6790,3.6717
6791,3.6716
6792,3.6714
6793,3.6712
6794,3.6711
6795,3.6709
6796,3.6706
6797,3.6704
6798,3.6703
6799,3.6701
6800,3.67
6801,3.6698
6802,3.6695
6803,3.6693
6804,3.6692
6805,3.669
6806,3.6689
6807,3.6687
6808,3.6684
6809,3.6682
6810,3.6681
6811,3.6679
6812,3.6677
6813,3.6676
6814,3.6674
6815,3.6671
6816,3.667
6817,3.6668
6818,3.6666
6819,3.6665
6820,3.6663
6821,3.666
6822,3.6658
6823,3.6657
6824,3.6655
6825,3.6654
6826,3.6652
6827,3.665
6828,3.6647
6829,3.6646
6830,3.6644
6831,3.6643
6832,3.6641
6833,3.6639
6834,3.6638
6835,3.6635
6836,3.6633
6837,3.6631
6838,3.663
6839,3.6628
6840,3.6627
6841,3.6625
6842,3.6622
6843,3.662
6844,3.6619
6845,3.6617
6846,3.6616
6847,3.6614
6848,3.6612
6849,3.6611
6850,3.6608
6851,3.6606
6852,3.6604
6853,3.6603
6854,3.6601
6855,3.66
6856,3.6596
6857,3.6596
6858,3.6593
6859,3.6592
6860,3.659
6861,3.6589
6862,3.6587
6863,3.6585
6864,3.6582
6865,3.6581
6866,3.6579
6867,3.6577
6868,3.6576
6869,3.6574
6870,3.6573
6871,3.6571
6872,3.6568
6873,3.6566
6874,3.6565
6875,3.6563
6876,3.6562
6877,3.656
6878,3.6558
6879,3.6557
6880,3.6555
6881,3.6552
6882,3.655
6883,3.6549
6884,3.6547
6885,3.6546
6886,3.6544
6887,3.6542
6888,3.6541
6889,3.6538
6890,3.6536
6891,3.6535
6892,3.6533
6893,3.6531
6894,3.653
6895,3.6528
6896,3.6527
6897,3.6525
6898,3.6522
6899,3.652
6900,3.6519
6901,3.6517
6902,3.6515
6903,3.6514
6904,3.6512
6905,3.6511
6906,3.6509
6907,3.6506
6908,3.6504
6909,3.6503
6910,3.6501
6911,3.65
6912,3.6498
6913,3.6496
6914,3.6495
6915,3.6492
6916,3.649
6917,3.6488
6918,3.6487
6919,3.6485
6920,3.6484
6921,3.6482
6922,3.6481
6923,3.6479
6924,3.6477
6925,3.6474
6926,3.6473
6927,3.6471
6928,3.6469
6929,3.6468
6930,3.6466
6931,3.6465
6932,3.6463
6933,3.6461
6934,3.646
6935,3.6457
6936,3.6455
6937,3.6454
6938,3.6452
6939,3.645
6940,3.6449
6941,3.6447
6942,3.6446
6943,3.6442
6944,3.6441
6945,3.6439
6946,3.6438
6947,3.6436
6948,3.6434
6949,3.6433
6950,3.6431
6951,3.643
6952,3.6426
6953,3.6425
6954,3.6423
6955,3.6422
6956,3.642
6957,3.6419
6958,3.6417
6959,3.6414
6960,3.6412
6961,3.6411
6962,3.6409
6963,3.6407
6964,3.6406
6965,3.6404
6966,3.6403
6967,3.6399
6968,3.6398
6969,3.6396
6970,3.6395
6971,3.6393
6972,3.6392
6973,3.639
6974,3.6388
6975,3.6385
6976,3.6384
6977,3.6382
6978,3.638
6979,3.6379
6980,3.6377
6981,3.6374
6982,3.6372
6983,3.6371
6984,3.6369
6985,3.6368
6986,3.6366
6987,3.6365
6988,3.6361
6989,3.636
6990,3.6358
6991,3.6357
6992,3.6355
6993,3.6353
6994,3.635
6995,3.6349
6996,3.6347
6997,3.6345
6998,3.6344
6999,3.6342
7000,3.6339
7001,3.6338
7002,3.6336
7003,3.6334
7004,3.6333
7005,3.6331
7006,3.6328
7007,3.6326
7008,3.6325
7009,3.6323
7010,3.6322
7011,3.6318
7012,3.6317
7013,3.6315
7014,3.6314
7015,3.6312
7016,3.6309
7017,3.6307
7018,3.6306
7019,3.6304
7020,3.6303
7021,3.6299
7022,3.6298
7023,3.6296
7024,3.6295
7025,3.6291
7026,3.629
7027,3.6288
7028,3.6287
7029,3.6284
7030,3.6282
7031,3.628
7032,3.6279
7033,3.6277
7034,3.6274
7035,3.6272
7036,3.6271
7037,3.6268
7038,3.6266
7039,3.6264
7040,3.6263
7041,3.6261
7042,3.6258
7043,3.6257
7044,3.6255
7045,3.6252
7046,3.625
7047,3.6249
7048,3.6247
7049,3.6244
7050,3.6242
7051,3.6241
7052,3.6237
7053,3.6236
7054,3.6234
7055,3.6231
7056,3.623
7057,3.6228
7058,3.6225
7059,3.6223
7060,3.6222
7061,3.6218
7062,3.6217
7063,3.6215
7064,3.6212
7065,3.621
7066,3.6209
7067,3.6206
7068,3.6204
7069,3.6203
7070,3.6199
7071,3.6198
7072,3.6196
7073,3.6193
7074,3.6191
7075,3.6188
7076,3.6187
7077,3.6183
7078,3.6182
7079,3.618
7080,3.6177
7081,3.6176
7082,3.6172
7083,3.6171
7084,3.6168
7085,3.6166
7086,3.6164
7087,3.6161
7088,3.616
7089,3.6156
7090,3.6155
7091,3.6152
7092,3.615
7093,3.6147
7094,3.6145
7095,3.6142
7096,3.6141
7097,3.6137
7098,3.6136
7099,3.6133
7100,3.6131
7101,3.6128
7102,3.6126
7103,3.6123
7104,3.6121
7105,3.6118
7106,3.6115
7107,3.6114
7108,3.611
7109,3.6109
7110,3.6106
7111,3.6102
7112,3.6101
7113,3.6098
7114,3.6096
7115,3.6093
7116,3.6091
7117,3.6088
7118,3.6085
7119,3.6082
7120,3.608
7121,3.6077
7122,3.6075
7123,3.6072
7124,3.6069
7125,3.6066
7126,3.6064
7127,3.6061
7128,3.6058
7129,3.6056
7130,3.6053
7131,3.605
7132,3.6047
7133,3.6045
7134,3.6042
7135,3.6039
7136,3.6036
7137,3.6033
7138,3.6031
7139,3.6028
7140,3.6025
7141,3.6021
7142,3.6018
7143,3.6015
7144,3.6013
7145,3.601
7146,3.6007
7147,3.6004
7148,3.6001
7149,3.5998
7150,3.5994
7151,3.5991
7152,3.5988
7153,3.5985
7154,3.5983
7155,3.598
7156,3.5977
7157,3.5974
7158,3.5971
7159,3.5967
7160,3.5964
7161,3.5959
7162,3.5958
7163,3.5953
7164,3.595
7165,3.5947
7166,3.5944
7167,3.594
7168,3.5937
7169,3.5934
7170,3.5931
7171,3.5928
7172,3.5923
7173,3.592
7174,3.5917
7175,3.5913
7176,3.591
7177,3.5905
7178,3.5902
7179,3.5899
7180,3.5896
7181,3.5891
7182,3.5888
7183,3.5885
7184,3.588
7185,3.5877
7186,3.5874
7187,3.5869
7188,3.5866
7189,3.5863
7190,3.5858
7191,3.5855
7192,3.5851
7193,3.5847
7194,3.5843
7195,3.5839
7196,3.5836
7197,3.5831
7198,3.5828
7199,3.5823
7200,3.582
7201,3.5815
7202,3.5812
7203,3.5807
7204,3.5802
7205,3.5799
7206,3.5794
7207,3.5789
7208,3.5786
7209,3.5782
7210,3.5777
7211,3.5774
7212,3.5769
7213,3.5764
7214,3.5759
7215,3.5756
7216,3.5751
7217,3.5747
7218,3.5742
7219,3.5737
7220,3.5732
7221,3.5729
7222,3.5724
7223,3.572
7224,3.5715
7225,3.571
7226,3.5705
7227,3.5701
7228,3.5696
7229,3.5691
7230,3.5686
7231,3.5681
7232,3.5677
7233,3.5672
7234,3.5667
7235,3.5662
7236,3.5656
7237,3.5651
7238,3.5647
7239,3.5642
7240,3.5637
7241,3.5631
7242,3.5626
7243,3.5621
7244,3.5616
7245,3.561
7246,3.5605
7247,3.56
7248,3.5594
7249,3.5589
7250,3.5583
7251,3.5578
7252,3.5573
7253,3.5567
7254,3.5562
7255,3.5556
7256,3.5551
7257,3.5545
7258,3.554
7259,3.5534
7260,3.5527
7261,3.5523
7262,3.5516
7263,3.5511
7264,3.5505
7265,3.5499
7266,3.5494
7267,3.5488
7268,3.5481
7269,3.5475
7270,3.547
7271,3.5464
7272,3.5457
7273,3.5451
7274,3.5446
7275,3.544
7276,3.5434
7277,3.5427
7278,3.5421
7279,3.5415
7280,3.5408
7281,3.5402
7282,3.5397
7283,3.5391
7284,3.5384
7285,3.5378
7286,3.5372
7287,3.5364
7288,3.5359
7289,3.5353
7290,3.5345
7291,3.5338
7292,3.5332
7293,3.5326
7294,3.5319
7295,3.5313
7296,3.5307
7297,3.53
7298,3.5292
7299,3.5286
7300,3.528
7301,3.5273
7302,3.5267
7303,3.5259
7304,3.5253
7305,3.5246
7306,3.524
7307,3.5232
7308,3.5226
7309,3.5219
7310,3.5211
7311,3.5205
7312,3.5199
7313,3.5191
7314,3.5184
7315,3.5176
7316,3.517
7317,3.5162
7318,3.5156
7319,3.5148
7320,3.5141
7321,3.5133
7322,3.5125
7323,3.5119
7324,3.5111
7325,3.5105
7326,3.5097
7327,3.5089
7328,3.5081
7329,3.5073
7330,3.5067
7331,3.5059
7332,3.5051
7333,3.5043
7334,3.5035
7335,3.5027
7336,3.5019
7337,3.5011
7338,3.5003
7339,3.4994
7340,3.4986
7341,3.4978
7342,3.497
7343,3.496
7344,3.4952
7345,3.4943
7346,3.4935
7347,3.4925
7348,3.4917
7349,3.4908
7350,3.4898
7351,3.4889
7352,3.4881
7353,3.4871
7354,3.4862
7355,3.4852
7356,3.4843
7357,3.4832
7358,3.4822
7359,3.4813
7360,3.4801
7361,3.4792
7362,3.4781
7363,3.4771
7364,3.476
7365,3.4749
7366,3.4738
7367,3.4728
7368,3.4717
7369,3.4704
7370,3.4693
7371,3.4682
7372,3.4671
7373,3.4658
7374,3.4647
7375,3.4635
7376,3.4623
7377,3.4611
7378,3.4598
7379,3.4585
7380,3.4573
7381,3.456
7382,3.4547
7383,3.4533
7384,3.452
7385,3.4506
7386,3.4492
7387,3.4479
7388,3.4465
7389,3.445
7390,3.4436
7391,3.4422
7392,3.4407
7393,3.4392
7394,3.4377
7395,3.4361
7396,3.4347
7397,3.4331
7398,3.4315
7399,3.4299
7400,3.4284
7401,3.4268
7402,3.425
7403,3.4234
7404,3.4217
7405,3.4201
7406,3.4183
7407,3.4166
7408,3.4149
7409,3.4131
7410,3.4114
7411,3.4094
7412,3.4077
7413,3.4058
7414,3.404
7415,3.4021
7416,3.4002
7417,3.3983
7418,3.3964
7419,3.3945
7420,3.3925
7421,3.3905
7422,3.3886
7423,3.3866
7424,3.3845
7425,3.3824
7426,3.3804
7427,3.3783
7428,3.3762
7429,3.374
7430,3.372
7431,3.3697
7432,3.3675
7433,3.3653
7434,3.3631
7435,3.3608
7436,3.3586
7437,3.3562
7438,3.354
7439,3.3516
7440,3.3494
7441,3.347
7442,3.3446
7443,3.3423
7444,3.3397
7445,3.3373
7446,3.3348
7447,3.3324
7448,3.3299
7449,3.3274
7450,3.3248
7451,3.3223
7452,3.3196
7453,3.317
7454,3.3143
7455,3.3116
7456,3.3091
7457,3.3062
7458,3.3035
7459,3.3008
7460,3.298
7461,3.2953
7462,3.2924
7463,3.2895
7464,3.2867
7465,3.2838
7466,3.2808
7467,3.2779
7468,3.2749
7469,3.2719
7470,3.2689
7471,3.2659
7472,3.2627
7473,3.2597
7474,3.2565
7475,3.2535
7476,3.2503
7477,3.247
7478,3.2438
7479,3.2404
7480,3.2371
7481,3.2339
7482,3.2306
7483,3.2271
7484,3.2238
7485,3.2203
7486,3.2168
7487,3.2133
7488,3.2098
7489,3.2061
7490,3.2026
7491,3.199
7492,3.1953
7493,3.1917
7494,3.1878
7495,3.184
7496,3.1804
7497,3.1764
7498,3.1726
7499,3.1688
7500,3.1648
7501,3.1608
7502,3.1567
7503,3.1527
7504,3.1486
7505,3.1446
7506,3.1403
7507,3.1362
7508,3.1319
7509,3.1276
7510,3.1233
7511,3.119
7512,3.1146
7513,3.1101
7514,3.1057
7515,3.1012
7516,3.0966
7517,3.092
7518,3.0874
7519,3.0826
7520,3.0779
7521,3.0731
7522,3.0683
7523,3.0634
7524,3.0585
7525,3.0536
7526,3.0485
7527,3.0434
7528,3.0383
7529,3.0331
7530,3.028
7531,3.0226
7532,3.0173
7533,3.0119
7534,3.0065
7535,3.001
7536,2.9954
7537,2.9898
7538,2.9841
7539,2.9784
7540,2.9725
7541,2.9668
7542,2.9607
7543,2.9547
7544,2.9487
7545,2.9426
7546,2.9364
7547,2.9301
7548,2.9239
7549,2.9174
7550,2.911
7551,2.9043
7552,2.8978
7553,2.891
7554,2.8843
7555,2.8775
7556,2.8705
7557,2.8633
7558,2.8563
7559,2.849
7560,2.8417
7561,2.8344
7562,2.8269
7563,2.8193
7564,2.8117
7565,2.8039
7566,2.7959
7567,2.788
7568,2.7799
7569,2.7718
7570,2.7634
7571,2.7551
7572,2.7465
7573,2.7379
7574,2.7292
7575,2.7205
7576,2.7114
7577,2.7025
7578,2.6933
7579,2.6841
7580,2.6747
7581,2.6653
7582,2.6558
7583,2.6461
7584,2.6362
7585,2.6264
7586,2.6165
7587,2.6064
7588,2.5962
7589,2.586
7590,2.5755
7591,2.565
7592,2.5545
7593,2.5437
7594,2.5329
7595,2.5221
7596,2.5112
7597,2.5
7598,2.5137
7599,2.6165
7600,2.717
7601,2.8193
7602,2.9034
7603,3.0052
7604,3.088
7605,3.189
7606,3.2001
7607,3.2779
7608,3.3351
7609,3.377
7610,3.4074
7611,3.4288
7612,3.4434
7613,3.4533
7614,3.4604
7615,3.4657
7616,3.4698
7617,3.473
7618,3.4757
7619,3.4779
7620,3.48
7621,3.4817
7622,3.4832
7623,3.4846
7624,3.4857
7625,3.4868
7626,3.4879
7627,3.4889
7628,3.4897
7629,3.4906
7630,3.4914
7631,3.4921
7632,3.4928
7633,3.4935
7634,3.4941
7635,3.4948
7636,3.4952
7637,3.4959
7638,3.4963
7639,3.4968
7640,3.4973
7641,3.4978
7642,3.4981
7643,3.4986
7644,3.499
7645,3.4994
7646,3.4998
7647,3.5002
7648,3.5005
7649,3.501
7650,3.5013
7651,3.5016
7652,3.5019
7653,3.5022
7654,3.5025
7655,3.5029
7656,3.503
7657,3.5033
7658,3.5037
7659,3.504
7660,3.5041
7661,3.5044
7662,3.5046
7663,3.5049
7664,3.5051
7665,3.5054
7666,3.5056
7667,3.5059
7668,3.506
7669,3.5062
7670,3.5065
7671,3.5067
7672,3.5068
7673,3.5071
7674,3.5073
7675,3.5075
7676,3.5076
7677,3.5078
7678,3.5081
7679,3.5083
7680,3.5084
7681,3.5086
7682,3.5087
7683,3.5089
7684,3.5091
7685,3.5092
7686,3.5094
7687,3.5095
7688,3.5097
7689,3.5098
7690,3.51
7691,3.5102
7692,3.5103
7693,3.5105
7694,3.5106
7695,3.5108
7696,3.511
7697,3.5111
7698,3.5113
7699,3.5113
7700,3.5114
7701,3.5116
7702,3.5118
7703,3.5119
7704,3.5121
7705,3.5121
7706,3.5122
7707,3.5124
7708,3.5125
7709,3.5127
7710,3.5127
7711,3.5129
7712,3.513
7713,3.513
7714,3.5132
7715,3.5133
7716,3.5133
7717,3.5135
7718,3.5137
7719,3.5138
7720,3.5138
7721,3.514
7722,3.5141
7723,3.5141
7724,3.5143
7725,3.5145
7726,3.5145
7727,3.5146
7728,3.5146
7729,3.5148
7730,3.5149
7731,3.5149
7732,3.5151
7733,3.5151
7734,3.5152
7735,3.5154
7736,3.5154
7737,3.5156
7738,3.5156
7739,3.5157
7740,3.5157
7741,3.5159
7742,3.516
7743,3.516
7744,3.5162
7745,3.5162
7746,3.5164
7747,3.5164
7748,3.5165
7749,3.5165
7750,3.5167
7751,3.5167
7752,3.5168
7753,3.5168
7754,3.517
7755,3.517
7756,3.517
7757,3.5172
7758,3.5172
7759,3.5173
7760,3.5173
7761,3.5175
7762,3.5175
7763,3.5176
7764,3.5176
7765,3.5178
7766,3.5178
7767,3.5179
7768,3.5179
7769,3.5179
7770,3.5181
7771,3.5181
7772,3.5183
7773,3.5183
7774,3.5183
7775,3.5184
7776,3.5184
7777,3.5186
7778,3.5186
7779,3.5187
7780,3.5187
7781,3.5187
7782,3.5189
7783,3.5189
7784,3.5268
7785,3.5705
7786,3.5743
7787,3.5765
7788,3.5781
7789,3.5795
7790,3.5805
7791,3.5816
7792,3.5824
7793,3.5832
7794,3.5838
7795,3.5844
7796,3.5851
7797,3.5857
7798,3.5863
7799,3.5868
7800,3.5873
7801,3.5878
7802,3.5883
7803,3.5887
7804,3.5892
7805,3.5897
7806,3.5902
7807,3.5905
7808,3.591
7809,3.5913
7810,3.5918
7811,3.5921
7812,3.5924
7813,3.5929
7814,3.5932
7815,3.5935
7816,3.5938
7817,3.5941
7818,3.5946
7819,3.5949
7820,3.5952
7821,3.5956
7822,3.5959
7823,3.5962
7824,3.5965
7825,3.5968
7826,3.5972
7827,3.5975
7828,3.5976
7829,3.598
7830,3.5983
7831,3.5986
7832,3.5989
7833,3.5991
7834,3.5994
7835,3.5997
7836,3.6
7837,3.6002
7838,3.6005
7839,3.6008
7840,3.6011
7841,3.6013
7842,3.6016
7843,3.6018
7844,3.6021
7845,3.6024
7846,3.6026
7847,3.6029
7848,3.603
7849,3.6034
7850,3.6035
7851,3.6038
7852,3.604
7853,3.6043
7854,3.6045
7855,3.6048
7856,3.6049
7857,3.6053
7858,3.6054
7859,3.6056
7860,3.6059
7861,3.6061
7862,3.6064
7863,3.6065
7864,3.6067
7865,3.607
7866,3.6072
7867,3.6073
7868,3.6076
7869,3.6078
7870,3.608
7871,3.6083
7872,3.6084
7873,3.6086
7874,3.6088
7875,3.6091
7876,3.6092
7877,3.6094
7878,3.6096
7879,3.6099
7880,3.61
7881,3.6102
7882,3.6103
7883,3.6107
7884,3.6108
7885,3.611
7886,3.6111
7887,3.6113
7888,3.6115
7889,3.6118
7890,3.6119
7891,3.6121
7892,3.6123
7893,3.6124
7894,3.6126
7895,3.6127
7896,3.6129
7897,3.6132
7898,3.6134
7899,3.6135
7900,3.6137
7901,3.6138
7902,3.614
7903,3.6142
7904,3.6143
7905,3.6145
7906,3.6146
7907,3.6148
7908,3.615
7909,3.6151
7910,3.6153
7911,3.6154
7912,3.6157
7913,3.6157
7914,3.6159
7915,3.6162
7916,3.6164
7917,3.6165
7918,3.6167
7919,3.6169
7920,3.6169
7921,3.6172
7922,3.6173
7923,3.6175
7924,3.6177
7925,3.6177
7926,3.6178
7927,3.618
7928,3.6181
7929,3.6183
7930,3.6184
7931,3.6186
7932,3.6188
7933,3.6189
7934,3.6191
7935,3.6192
7936,3.6194
7937,3.6196
7938,3.6197
7939,3.6199
7940,3.62
7941,3.6202
7942,3.6202
7943,3.6204
7944,3.6205
7945,3.6207
7946,3.6208
7947,3.621
7948,3.6212
7949,3.6213
7950,3.6215
7951,3.6216
7952,3.6218
7953,3.6218
7954,3.6219
7955,3.6221
7956,3.6223
7957,3.6224
7958,3.6226
7959,3.6227
7960,3.6229
7961,3.6231
7962,3.6231
7963,3.6232
7964,3.6234
7965,3.6235
7966,3.6237
7967,3.6239
7968,3.624
7969,3.624
7970,3.6242
7971,3.6243
7972,3.6245
7973,3.6246
7974,3.6248
7975,3.625
7976,3.6251
7977,3.6251
7978,3.6253
7979,3.6254
7980,3.6256
7981,3.6258
7982,3.6259
7983,3.6259
7984,3.6261
7985,3.6262
7986,3.6264
7987,3.6266
7988,3.6267
7989,3.6269
7990,3.6269
7991,3.627
7992,3.6272
7993,3.6273
7994,3.6275
7995,3.6275
7996,3.6277
7997,3.6278
7998,3.628
7999,3.6281
8000,3.6283
8001,3.6283
8002,3.6285
8003,3.6286
8004,3.6288
8005,3.6289
8006,3.6289
8007,3.6291
8008,3.6293
8009,3.6294
8010,3.6296
8011,3.6297
8012,3.6297
8013,3.6299
8014,3.6301
8015,3.6302
8016,3.6304
8017,3.6304
8018,3.6305
8019,3.6307
8020,3.6308
8021,3.631
8022,3.631
8023,3.6312
8024,3.6313
8025,3.6315
8026,3.6316
8027,3.6318
8028,3.6318
8029,3.632
8030,3.6321
8031,3.6323
8032,3.6323
8033,3.6324
8034,3.6326
8035,3.6328
8036,3.6329
8037,3.6329
8038,3.6331
8039,3.6332
8040,3.6334
8041,3.6335
8042,3.6335
8043,3.6337
8044,3.6339
8045,3.634
8046,3.6342
8047,3.6342
8048,3.6343
8049,3.6345
8050,3.6347
8051,3.6348
8052,3.6348
8053,3.635
8054,3.6351
8055,3.6353
8056,3.6355
8057,3.6355
8058,3.6356
8059,3.6358
8060,3.6359
8061,3.6359
8062,3.6361
8063,3.6362
8064,3.6364
8065,3.6366
8066,3.6366
8067,3.6367
8068,3.6369
8069,3.637
8070,3.637
8071,3.6372
8072,3.6374
8073,3.6375
8074,3.6377
8075,3.6377
8076,3.6378
8077,3.638
8078,3.6382
8079,3.6382
8080,3.6383
8081,3.6385
8082,3.6386
8083,3.6388
8084,3.6388
8085,3.6389
8086,3.6391
8087,3.6393
8088,3.6393
8089,3.6394
8090,3.6396
8091,3.6397
8092,3.6399
8093,3.6399
8094,3.6401
8095,3.6402
8096,3.6404
8097,3.6404
8098,3.6405
8099,3.6407
8100,3.6409
8101,3.6409
8102,3.641
8103,3.6412
8104,3.6413
8105,3.6415
8106,3.6415
8107,3.6417
8108,3.6418
8109,3.642
8110,3.642
8111,3.6421
8112,3.6423
8113,3.6424
8114,3.6424
8115,3.6426
8116,3.6428
8117,3.6429
8118,3.6429
8119,3.6431
8120,3.6432
8121,3.6434
8122,3.6436
8123,3.6436
8124,3.6437
8125,3.6439
8126,3.6439
8127,3.644
8128,3.6442
8129,3.6444
8130,3.6444
8131,3.6445
8132,3.6447
8133,3.6448
8134,3.645
8135,3.645
8136,3.6451
8137,3.6453
8138,3.6455
8139,3.6455
8140,3.6456
8141,3.6458
8142,3.6458
8143,3.6459
8144,3.6461
8145,3.6463
8146,3.6464
8147,3.6464
8148,3.6466
8149,3.6467
8150,3.6469
8151,3.6469
8152,3.6471
8153,3.6472
8154,3.6474
8155,3.6474
8156,3.6475
8157,3.6477
8158,3.6478
8159,3.6478
8160,3.648
8161,3.6482
8162,3.6483
8163,3.6483
8164,3.6485
8165,3.6486
8166,3.6488
8167,3.6488
8168,3.649
8169,3.6491
8170,3.6493
8171,3.6493
8172,3.6494
8173,3.6496
8174,3.6498
8175,3.6498
8176,3.6499
8177,3.6501
8178,3.6501
8179,3.6502
8180,3.6504
8181,3.6505
8182,3.6505
8183,3.6507
8184,3.6509
8185,3.651
8186,3.651
8187,3.6512
8188,3.6513
8189,3.6515
8190,3.6515
8191,3.6517
8192,3.6518
8193,3.6518
8194,3.652
8195,3.6521
8196,3.6523
8197,3.6525
8198,3.6525
8199,3.6526
8200,3.6528
8201,3.6528
8202,3.6529
8203,3.6531
8204,3.6533
8205,3.6533
8206,3.6534
8207,3.6536
8208,3.6536
8209,3.6537
8210,3.6539
8211,3.654
8212,3.654
8213,3.6542
8214,3.6544
8215,3.6545
8216,3.6545
8217,3.6547
8218,3.6548
8219,3.655
8220,3.655
8221,3.6552
8222,3.6553
8223,3.6555
8224,3.6555
8225,3.6556
8226,3.6558
8227,3.656
8228,3.656
8229,3.6561
8230,3.6563
8231,3.6563
8232,3.6564
8233,3.6566
8234,3.6567
8235,3.6567
8236,3.6569
8237,3.6571
8238,3.6572
8239,3.6572
8240,3.6574
8241,3.6575
8242,3.6575
8243,3.6577
8244,3.6579
8245,3.658
8246,3.658
8247,3.6582
8248,3.6583
8249,3.6585
8250,3.6585
8251,3.6587
8252,3.6588
8253,3.659
8254,3.659
8255,3.6591
8256,3.6593
8257,3.6593
8258,3.6594
8259,3.6596
8260,3.6598
8261,3.6598
8262,3.6599
8263,3.6601
8264,3.6602
8265,3.6602
8266,3.6604
8267,3.6606
8268,3.6607
8269,3.6607
8270,3.6609
8271,3.661
8272,3.661
8273,3.6612
8274,3.6614
8275,3.6615
8276,3.6615
8277,3.6617
8278,3.6618
8279,3.6618
8280,3.662
8281,3.6622
8282,3.6623
8283,3.6623
8284,3.6625
8285,3.6626
8286,3.6628
8287,3.6628
8288,3.6629
8289,3.6631
8290,3.6631
8291,3.6633
8292,3.6634
8293,3.6636
8294,3.6636
8295,3.6637
8296,3.6639
8297,3.6639
8298,3.6641
8299,3.6642
8300,3.6644
8301,3.6644
8302,3.6645
8303,3.6647
8304,3.6649
8305,3.6649
8306,3.665
8307,3.6652
8308,3.6652
8309,3.6653
8310,3.6655
8311,3.6655
8312,3.6656
8313,3.6658
8314,3.666
8315,3.666
8316,3.6661
8317,3.6663
8318,3.6664
8319,3.6664
8320,3.6666
8321,3.6668
8322,3.6669
8323,3.6669
8324,3.6671
8325,3.6672
8326,3.6672
8327,3.6674
8328,3.6676
8329,3.6677
8330,3.6677
8331,3.6679
8332,3.668
8333,3.668
8334,3.6682
8335,3.6683
8336,3.6685
8337,3.6685
8338,3.6687
8339,3.6688
8340,3.669
8341,3.669
8342,3.6691
8343,3.6693
8344,3.6693
8345,3.6695
8346,3.6696
8347,3.6698
8348,3.6698
8349,3.6699
8350,3.6701
8351,3.6703
8352,3.6703
8353,3.6704
8354,3.6706
8355,3.6706
8356,3.6707
8357,3.6709
8358,3.671
8359,3.671
8360,3.6712
8361,3.6714
8362,3.6714
8363,3.6715
8364,3.6717
8365,3.6718
8366,3.6718
8367,3.672
8368,3.6722
8369,3.6722
8370,3.6723
8371,3.6725
8372,3.6726
8373,3.6726
8374,3.6728
8375,3.673
8376,3.673
8377,3.6731
8378,3.6733
8379,3.6734
8380,3.6734
8381,3.6736
8382,3.6738
8383,3.6738
8384,3.6739
8385,3.6741
8386,3.6742
8387,3.6744
8388,3.6744
8389,3.6745
8390,3.6747
8391,3.6747
8392,3.6749
8393,3.675
8394,3.6752
8395,3.6752
8396,3.6753
8397,3.6755
8398,3.6755
8399,3.6757
8400,3.6758
8401,3.676
8402,3.676
8403,3.6761
8404,3.6763
8405,3.6765
8406,3.6765
8407,3.6766
8408,3.6768
8409,3.6769
8410,3.6769
8411,3.6771
8412,3.6772
8413,3.6774
8414,3.6774
8415,3.6776
8416,3.6777
8417,3.6777
8418,3.6779
8419,3.678
8420,3.6782
8421,3.6782
8422,3.6784
8423,3.6785
8424,3.6787
8425,3.6787
8426,3.6788
8427,3.679
8428,3.6792
8429,3.6792
8430,3.6793
8431,3.6795
8432,3.6795
8433,3.6796
8434,3.6798
8435,3.6799
8436,3.6801
8437,3.6801
8438,3.6803
8439,3.6804
8440,3.6806
8441,3.6806
8442,3.6807
8443,3.6809
8444,3.6809
8445,3.6811
8446,3.6812
8447,3.6814
8448,3.6814
8449,3.6815
8450,3.6817
8451,3.6819
8452,3.6819
8453,3.682
8454,3.6822
8455,3.6823
8456,3.6825
8457,3.6825
8458,3.6826
8459,3.6828
8460,3.683
8461,3.683
8462,3.6831
8463,3.6833
8464,3.6833
8465,3.6834
8466,3.6836
8467,3.6838
8468,3.6838
8469,3.6839
8470,3.6841
8471,3.6842
8472,3.6842
8473,3.6844
8474,3.6846
8475,3.6847
8476,3.6847
8477,3.6849
8478,3.685
8479,3.6852
8480,3.6854
8481,3.6854
8482,3.6855
8483,3.6857
8484,3.6858
8485,3.6858
8486,3.686
8487,3.6861
8488,3.6863
8489,3.6865
8490,3.6865
8491,3.6866
8492,3.6868
8493,3.6869
8494,3.6869
8495,3.6871
8496,3.6873
8497,3.6874
8498,3.6876
8499,3.6876
8500,3.6877
8501,3.6879
8502,3.6881
8503,3.6881
8504,3.6882
8505,3.6884
8506,3.6885
8507,3.6885
8508,3.6887
8509,3.6888
8510,3.689
8511,3.6892
8512,3.6892
8513,3.6893
8514,3.6895
8515,3.6896
8516,3.6896
8517,3.6898
8518,3.69
8519,3.6901
8520,3.6903
8521,3.6903
8522,3.6904
8523,3.6906
8524,3.6908
8525,3.6909
8526,3.6909
8527,3.6911
8528,3.6912
8529,3.6914
8530,3.6914
8531,3.6915
8532,3.6917
8533,3.6919
8534,3.692
8535,3.692
8536,3.6922
8537,3.6923
8538,3.6925
8539,3.6927
8540,3.6928
8541,3.6928
8542,3.693
8543,3.6931
8544,3.6933
8545,3.6933
8546,3.6935
8547,3.6936
8548,3.6938
8549,3.6939
8550,3.6941
8551,3.6941
8552,3.6943
8553,3.6944
8554,3.6946
8555,3.6947
8556,3.6949
8557,3.6949
8558,3.695
8559,3.6952
8560,3.6954
8561,3.6955
8562,3.6957
8563,3.6957
8564,3.6958
8565,3.696
8566,3.6962
8567,3.6963
8568,3.6963
8569,3.6965
8570,3.6966
8571,3.6968
8572,3.697
8573,3.6971
8574,3.6971
8575,3.6973
8576,3.6974
8577,3.6976
8578,3.6977
8579,3.6979
8580,3.6979
8581,3.6981
8582,3.6982
8583,3.6984
8584,3.6985
8585,3.6987
8586,3.6989
8587,3.6989
8588,3.699
8589,3.6992
8590,3.6993
8591,3.6995
8592,3.6997
8593,3.6998
8594,3.6998
8595,3.7
8596,3.7001
8597,3.7003
8598,3.7004
8599,3.7006
8600,3.7008
8601,3.7009
8602,3.7009
8603,3.7011
8604,3.7012
8605,3.7014
8606,3.7016
8607,3.7017
8608,3.7019
8609,3.702
8610,3.702
8611,3.7022
8612,3.7024
8613,3.7025
8614,3.7027
8615,3.7028
8616,3.703
8617,3.7031
8618,3.7033
8619,3.7033
8620,3.7035
8621,3.7036
8622,3.7038
8623,3.7039
8624,3.7041
8625,3.7043
8626,3.7044
8627,3.7044
8628,3.7046
8629,3.7047
8630,3.7049
8631,3.7051
8632,3.7052
8633,3.7054
8634,3.7055
8635,3.7057
8636,3.7059
8637,3.7059
8638,3.706
8639,3.7062
8640,3.7063
8641,3.7065
8642,3.7066
8643,3.7068
8644,3.707
8645,3.7071
8646,3.7073
8647,3.7074
8648,3.7076
8649,3.7078
8650,3.7078
8651,3.7079
8652,3.7081
8653,3.7082
8654,3.7084
8655,3.7086
8656,3.7087
8657,3.7089
8658,3.709
8659,3.7092
8660,3.7093
8661,3.7095
8662,3.7097
8663,3.7097
8664,3.7098
8665,3.71
8666,3.7101
8667,3.7101
8668,3.7101
8669,3.7101
8670,3.7101
8671,3.7101
8672,3.7101
8673,3.7101
8674,3.7101
8675,3.7101
8676,3.7101
8677,3.7101
8678,3.7101
8679,3.7101
8680,3.7101
8681,3.7101
8682,3.7101
8683,3.7101
8684,3.7101
8685,3.7101
8686,3.7101
8687,3.7101
8688,3.7101
8689,3.7101
8690,3.7101
8691,3.7101
8692,3.7101
8693,3.7101
8694,3.7101
8695,3.7101
8696,3.7101
8697,3.7101
8698,3.7101
8699,3.7101
8700,3.7101
8701,3.7101
8702,3.7101
8703,3.7101
8704,3.7101
8705,3.7101
8706,3.7101
8707,3.7101
8708,3.7078
8709,3.707
8710,3.7067
8711,3.7065
8712,3.7064
8713,3.7062
8714,3.706
8715,3.7059
8716,3.7059
8717,3.7057
8718,3.7056
8719,3.7056
8720,3.7054
8721,3.7054
8722,3.7052
8723,3.7052
8724,3.7051
8725,3.7051
8726,3.7051
8727,3.7049
8728,3.7049
8729,3.7049
8730,3.7048
8731,3.7048
8732,3.7048
8733,3.7048
8734,3.7046
8735,3.7046
8736,3.7046
8737,3.7046
8738,3.7046
8739,3.7046
8740,3.7044
8741,3.7044
8742,3.7044
8743,3.7044
8744,3.7044
8745,3.7044
8746,3.7043
8747,3.7043
8748,3.7043
8749,3.7043
8750,3.7043
8751,3.7043
8752,3.7043
8753,3.7043
8754,3.7043
8755,3.7041
8756,3.7041
8757,3.7041
8758,3.7041
8759,3.7041
8760,3.7041
8761,3.7041
8762,3.7041
8763,3.7041
8764,3.7041
8765,3.7041
8766,3.7041
8767,3.7041
8768,3.7041
8769,3.7041
8770,3.7041
8771,3.704
8772,3.704
8773,3.704
8774,3.704
8775,3.704
8776,3.704
8777,3.704
8778,3.704
8779,3.704
8780,3.704
8781,3.704
8782,3.704
8783,3.704
8784,3.704
8785,3.704
8786,3.704
8787,3.704
8788,3.704
8789,3.704
8790,3.704
8791,3.704
8792,3.704
8793,3.704
8794,3.7038
8795,3.704
8796,3.704
8797,3.704
8798,3.7038
8799,3.7038
8800,3.7038
8801,3.7038
8802,3.7038
8803,3.7038
8804,3.7038
8805,3.7038
8806,3.7038
8807,3.7038
8808,3.7038
8809,3.7038
8810,3.7038
8811,3.7038
8812,3.7038
8813,3.7038
8814,3.7038
8815,3.7038
8816,3.7038
8817,3.7038
8818,3.7038
8819,3.7038
8820,3.7038
8821,3.7038
8822,3.7038
8823,3.7038
8824,3.7038
8825,3.7038
8826,3.7038
8827,3.7038
8828,3.7038
8829,3.7038
8830,3.7038
8831,3.7038
8832,3.7038
8833,3.7038
8834,3.7038
8835,3.7038
8836,3.7038
8837,3.7038
8838,3.7038
8839,3.7038
8840,3.7038
8841,3.7038
8842,3.7038
8843,3.7038
8844,3.7038
8845,3.7038
8846,3.7038
8847,3.7038
8848,3.7038
8849,3.7038
8850,3.7038
8851,3.7037
8852,3.7037
8853,3.7037
8854,3.7037
8855,3.7037
8856,3.7038
8857,3.7037
8858,3.7037
8859,3.7037
8860,3.7037
8861,3.7037
8862,3.7037
8863,3.7038
8864,3.7037
8865,3.7037
8866,3.7037
8867,3.7037
8868,3.7037
8869,3.7037
8870,3.7037
8871,3.7037
8872,3.7037
8873,3.7037
8874,3.7037
8875,3.7037
8876,3.7037
8877,3.7037
8878,3.7037
8879,3.7037
8880,3.7037
8881,3.7037
8882,3.7037
8883,3.7037
8884,3.7037
8885,3.7037
8886,3.7037
8887,3.7037
8888,3.7037
