,voltage
0,3.4193
1,3.4194
2,3.4194
3,3.4194
4,3.4194
5,3.4194
6,3.4194
7,3.4194
8,3.4194
9,3.4194
10,3.4194
11,3.4194
12,3.4194
13,3.4194
14,3.4194
15,3.4194
16,3.4194
17,3.4194
18,3.4194
19,3.4194
20,3.4194
21,3.4194
22,3.4194
23,3.4194
24,3.4194
25,3.4194
26,3.4194
27,3.4194
28,3.4194
29,3.4194
30,3.4194
31,3.4194
32,3.4194
33,3.4194
34,3.4194
35,3.4194
36,3.4194
37,3.4194
38,3.4194
39,3.4194
40,3.4194
41,3.4194
42,3.4194
43,3.4194
44,3.4194
45,3.4194
46,3.4194
47,3.4194
48,3.4194
49,3.4194
50,3.4194
51,3.4194
52,3.4194
53,3.4194
54,3.4194
55,3.4194
56,3.4194
57,3.4194
58,3.4194
59,3.4194
60,3.4194
61,3.4194
62,3.4194
63,3.4194
64,3.4194
65,3.4194
66,3.4194
67,3.4194
68,3.4194
69,3.4194
70,3.4194
71,3.4194
72,3.4194
73,3.4194
74,3.4194
75,3.4194
76,3.4194
77,3.4194
78,3.4194
79,3.4194
80,3.4194
81,3.4194
82,3.4194
83,3.4194
84,3.4194
85,3.4194
86,3.4194
87,3.4194
88,3.4194
89,3.4194
90,3.4194
91,3.4194
92,3.4194
93,3.4194
94,3.4194
95,3.4194
96,3.4194
97,3.4194
98,3.4194
99,3.4194
100,3.4194
101,3.4194
102,3.4194
103,3.4194
104,3.4194
105,3.4194
106,3.4194
107,3.4194
108,3.4194
109,3.4194
110,3.4194
111,3.4194
112,3.4194
113,3.4194
114,3.4194
115,3.4194
116,3.4194
117,3.4194
118,3.4194
119,3.4194
120,3.4194
121,3.4196
122,3.4194
123,3.4194
124,3.4196
125,3.4196
126,3.4194
127,3.4196
128,3.4194
129,3.4196
130,3.4194
131,3.4194
132,3.4196
133,3.4194
134,3.4194
135,3.4194
136,3.4196
137,3.4196
138,3.4194
139,3.4194
140,3.4194
141,3.4196
142,3.4196
143,3.4196
144,3.4196
145,3.4194
146,3.4196
147,3.4196
148,3.4196
149,3.4196
150,3.4196
151,3.4196
152,3.4196
153,3.4196
154,3.4196
155,3.4196
156,3.4196
157,3.4196
158,3.4196
159,3.4196
160,3.4196
161,3.4196
162,3.4196
163,3.4196
164,3.4196
165,3.4196
166,3.4196
167,3.4196
168,3.4196
169,3.4196
170,3.4196
171,3.4196
172,3.4196
173,3.4196
174,3.4196
175,3.4196
176,3.4196
177,3.4196
178,3.4196
179,3.4196
180,3.4196
181,3.4958
182,3.5982
183,3.6548
184,3.6527
185,3.6502
186,3.6481
187,3.6467
188,3.6456
189,3.6448
190,3.644
191,3.6435
192,3.643
193,3.6427
194,3.6426
195,3.6423
196,3.6421
197,3.6419
198,3.6419
199,3.6418
200,3.6418
201,3.6418
202,3.6418
203,3.6418
204,3.6418
205,3.6419
206,3.6419
207,3.6419
208,3.6421
209,3.6423
210,3.6423
211,3.6424
212,3.6426
213,3.6427
214,3.6429
215,3.643
216,3.6432
217,3.6434
218,3.6435
219,3.6437
220,3.6438
221,3.644
222,3.6442
223,3.6443
224,3.6445
225,3.6446
226,3.6448
227,3.645
228,3.6453
229,3.6454
230,3.6456
231,3.6458
232,3.6459
233,3.6461
234,3.6464
235,3.6465
236,3.6467
237,3.6469
238,3.647
239,3.6472
240,3.6473
241,3.6477
242,3.6478
243,3.648
244,3.6481
245,3.6483
246,3.6485
247,3.6486
248,3.6488
249,3.6489
250,3.6492
251,3.6494
252,3.6496
253,3.6497
254,3.6499
255,3.65
256,3.6502
257,3.6504
258,3.6505
259,3.6507
260,3.6508
261,3.651
262,3.6512
263,3.6513
264,3.6515
265,3.6516
266,3.6518
267,3.6518
268,3.6519
269,3.6521
270,3.6523
271,3.6524
272,3.6526
273,3.6527
274,3.6529
275,3.6531
276,3.6531
277,3.6532
278,3.6534
279,3.6535
280,3.6537
281,3.6537
282,3.6539
283,3.654
284,3.6542
285,3.6543
286,3.6543
287,3.6545
288,3.6546
289,3.6548
290,3.6548
291,3.655
292,3.6551
293,3.6551
294,3.6553
295,3.6554
296,3.6556
297,3.6556
298,3.6558
299,3.6559
300,3.6559
301,3.6561
302,3.6562
303,3.6562
304,3.6564
305,3.6566
306,3.6566
307,3.6567
308,3.6567
309,3.6569
310,3.657
311,3.657
312,3.6572
313,3.6572
314,3.6573
315,3.6575
316,3.6575
317,3.6577
318,3.6577
319,3.6578
320,3.658
321,3.658
322,3.658
323,3.6581
324,3.6583
325,3.6583
326,3.6585
327,3.6585
328,3.6586
329,3.6586
330,3.6588
331,3.6588
332,3.6589
333,3.6589
334,3.6591
335,3.6591
336,3.6593
337,3.6593
338,3.6594
339,3.6594
340,3.6596
341,3.6596
342,3.6597
343,3.6597
344,3.6597
345,3.6599
346,3.6601
347,3.6601
348,3.6601
349,3.6602
350,3.6602
351,3.6604
352,3.6604
353,3.6605
354,3.6605
355,3.6605
356,3.6607
357,3.6607
358,3.6608
359,3.6608
360,3.661
361,3.661
362,3.661
363,3.6612
364,3.6612
365,3.6613
366,3.6613
367,3.6615
368,3.6615
369,3.6616
370,3.6616
371,3.6616
372,3.6618
373,3.6618
374,3.6618
375,3.662
376,3.662
377,3.6621
378,3.6621
379,3.6621
380,3.6623
381,3.6623
382,3.6624
383,3.6624
384,3.6624
385,3.6626
386,3.6626
387,3.6626
388,3.6628
389,3.6628
390,3.6629
391,3.6629
392,3.6629
393,3.6631
394,3.6631
395,3.6631
396,3.6632
397,3.6632
398,3.6634
399,3.6634
400,3.6634
401,3.6635
402,3.6635
403,3.6637
404,3.6637
405,3.6637
406,3.6639
407,3.6639
408,3.6639
409,3.664
410,3.664
411,3.664
412,3.6642
413,3.6642
414,3.6642
415,3.6643
416,3.6643
417,3.6643
418,3.6645
419,3.6645
420,3.6647
421,3.6647
422,3.6647
423,3.6648
424,3.6648
425,3.6648
426,3.665
427,3.665
428,3.665
429,3.6651
430,3.6651
431,3.6651
432,3.6653
433,3.6653
434,3.6653
435,3.6655
436,3.6655
437,3.6656
438,3.6656
439,3.6656
440,3.6658
441,3.6658
442,3.6658
443,3.6658
444,3.6659
445,3.6659
446,3.6661
447,3.6661
448,3.6661
449,3.6662
450,3.6662
451,3.6662
452,3.6664
453,3.6664
454,3.6664
455,3.6666
456,3.6666
457,3.6666
458,3.6667
459,3.6667
460,3.6667
461,3.6669
462,3.6669
463,3.6669
464,3.667
465,3.667
466,3.667
467,3.6672
468,3.6672
469,3.6672
470,3.6674
471,3.6674
472,3.6674
473,3.6675
474,3.6675
475,3.6675
476,3.6677
477,3.6677
478,3.6678
479,3.6678
480,3.6678
481,3.6678
482,3.668
483,3.668
484,3.668
485,3.6682
486,3.6682
487,3.6683
488,3.6683
489,3.6683
490,3.6683
491,3.6685
492,3.6685
493,3.6685
494,3.6686
495,3.6686
496,3.6686
497,3.6688
498,3.6688
499,3.6688
500,3.6689
501,3.6689
502,3.6691
503,3.6691
504,3.6691
505,3.6693
506,3.6693
507,3.6693
508,3.6694
509,3.6694
510,3.6694
511,3.6694
512,3.6696
513,3.6696
514,3.6697
515,3.6697
516,3.6697
517,3.6699
518,3.6699
519,3.6699
520,3.6699
521,3.6701
522,3.6701
523,3.6701
524,3.6702
525,3.6702
526,3.6702
527,3.6704
528,3.6704
529,3.6704
530,3.6705
531,3.6705
532,3.6705
533,3.6707
534,3.6707
535,3.6707
536,3.6709
537,3.6709
538,3.6709
539,3.671
540,3.671
541,3.671
542,3.6712
543,3.6712
544,3.6712
545,3.6713
546,3.6713
547,3.6713
548,3.6715
549,3.6715
550,3.6715
551,3.6716
552,3.6716
553,3.6716
554,3.6718
555,3.6718
556,3.6718
557,3.6718
558,3.672
559,3.672
560,3.6721
561,3.6721
562,3.6721
563,3.6723
564,3.6723
565,3.6723
566,3.6723
567,3.6724
568,3.6724
569,3.6724
570,3.6726
571,3.6726
572,3.6728
573,3.6728
574,3.6728
575,3.6729
576,3.6729
577,3.6729
578,3.6729
579,3.6731
580,3.6731
581,3.6732
582,3.6732
583,3.6732
584,3.6732
585,3.6734
586,3.6734
587,3.6734
588,3.6736
589,3.6736
590,3.6736
591,3.6737
592,3.6737
593,3.6737
594,3.6739
595,3.6739
596,3.6739
597,3.674
598,3.674
599,3.674
600,3.6742
601,3.6742
602,3.6742
603,3.6744
604,3.6744
605,3.6744
606,3.6745
607,3.6745
608,3.6745
609,3.6747
610,3.6747
611,3.6747
612,3.6748
613,3.6748
614,3.6748
615,3.675
616,3.675
617,3.675
618,3.6751
619,3.6751
620,3.6751
621,3.6753
622,3.6753
623,3.6753
624,3.6755
625,3.6755
626,3.6755
627,3.6756
628,3.6756
629,3.6756
630,3.6758
631,3.6758
632,3.6758
633,3.6759
634,3.6759
635,3.6759
636,3.6761
637,3.6761
638,3.6761
639,3.6763
640,3.6763
641,3.6763
642,3.6764
643,3.6764
644,3.6764
645,3.6766
646,3.6766
647,3.6766
648,3.6767
649,3.6767
650,3.6767
651,3.6769
652,3.6769
653,3.6769
654,3.6771
655,3.6771
656,3.6771
657,3.6772
658,3.6772
659,3.6772
660,3.6774
661,3.6774
662,3.6775
663,3.6775
664,3.6775
665,3.6775
666,3.6777
667,3.6777
668,3.6778
669,3.6778
670,3.6778
671,3.678
672,3.678
673,3.678
674,3.678
675,3.6782
676,3.6782
677,3.6783
678,3.6783
679,3.6783
680,3.6785
681,3.6785
682,3.6785
683,3.6786
684,3.6786
685,3.6786
686,3.6788
687,3.6788
688,3.6788
689,3.679
690,3.679
691,3.679
692,3.6791
693,3.6791
694,3.6791
695,3.6793
696,3.6793
697,3.6793
698,3.6794
699,3.6794
700,3.6794
701,3.6796
702,3.6796
703,3.6796
704,3.6798
705,3.6798
706,3.6798
707,3.6799
708,3.6799
709,3.6801
710,3.6801
711,3.6801
712,3.6801
713,3.6802
714,3.6802
715,3.6804
716,3.6804
717,3.6804
718,3.6805
719,3.6805
720,3.6805
721,3.6807
722,3.6807
723,3.6807
724,3.6809
725,3.6809
726,3.681
727,3.681
728,3.681
729,3.681
730,3.6812
731,3.6812
732,3.6813
733,3.6813
734,3.6813
735,3.6815
736,3.6815
737,3.6817
738,3.6817
739,3.6817
740,3.6818
741,3.6818
742,3.6818
743,3.682
744,3.682
745,3.682
746,3.6821
747,3.6821
748,3.6821
749,3.6823
750,3.6823
751,3.6823
752,3.6825
753,3.6825
754,3.6825
755,3.6826
756,3.6826
757,3.6828
758,3.6828
759,3.6828
760,3.6829
761,3.6829
762,3.6831
763,3.6831
764,3.6831
765,3.6832
766,3.6832
767,3.6832
768,3.6834
769,3.6834
770,3.6834
771,3.6836
772,3.6836
773,3.6836
774,3.6837
775,3.6837
776,3.6837
777,3.6839
778,3.6839
779,3.684
780,3.684
781,3.684
782,3.6842
783,3.6842
784,3.6842
785,3.6844
786,3.6844
787,3.6845
788,3.6845
789,3.6845
790,3.6847
791,3.6847
792,3.6847
793,3.6848
794,3.6848
795,3.6848
796,3.685
797,3.685
798,3.685
799,3.6852
800,3.6852
801,3.6853
802,3.6853
803,3.6853
804,3.6855
805,3.6855
806,3.6856
807,3.6856
808,3.6856
809,3.6858
810,3.6858
811,3.6858
812,3.6859
813,3.6859
814,3.6859
815,3.6861
816,3.6861
817,3.6863
818,3.6863
819,3.6863
820,3.6864
821,3.6864
822,3.6864
823,3.6866
824,3.6866
825,3.6866
826,3.6867
827,3.6867
828,3.6867
829,3.6869
830,3.6869
831,3.6871
832,3.6871
833,3.6871
834,3.6872
835,3.6872
836,3.6874
837,3.6874
838,3.6874
839,3.6875
840,3.6875
841,3.6875
842,3.6877
843,3.6877
844,3.6879
845,3.6879
846,3.6879
847,3.688
848,3.688
849,3.688
850,3.6882
851,3.6882
852,3.6883
853,3.6883
854,3.6883
855,3.6885
856,3.6885
857,3.6887
858,3.6887
859,3.6887
860,3.6888
861,3.6888
862,3.6888
863,3.689
864,3.689
865,3.6891
866,3.6891
867,3.6891
868,3.6893
869,3.6893
870,3.6893
871,3.6894
872,3.6894
873,3.6896
874,3.6896
875,3.6896
876,3.6898
877,3.6898
878,3.6899
879,3.6899
880,3.6899
881,3.6901
882,3.6901
883,3.6901
884,3.6902
885,3.6902
886,3.6904
887,3.6904
888,3.6904
889,3.6906
890,3.6906
891,3.6907
892,3.6907
893,3.6907
894,3.6909
895,3.6909
896,3.691
897,3.691
898,3.691
899,3.6912
900,3.6912
901,3.6912
902,3.6914
903,3.6914
904,3.6915
905,3.6915
906,3.6917
907,3.6917
908,3.6917
909,3.6918
910,3.6918
911,3.692
912,3.692
913,3.692
914,3.6921
915,3.6921
916,3.6923
917,3.6923
918,3.6923
919,3.6925
920,3.6925
921,3.6926
922,3.6926
923,3.6926
924,3.6928
925,3.6928
926,3.6929
927,3.6929
928,3.6931
929,3.6931
930,3.6931
931,3.6933
932,3.6933
933,3.6933
934,3.6934
935,3.6934
936,3.6936
937,3.6936
938,3.6937
939,3.6937
940,3.6937
941,3.6939
942,3.6939
943,3.6941
944,3.6941
945,3.6941
946,3.6942
947,3.6942
948,3.6944
949,3.6944
950,3.6944
951,3.6945
952,3.6945
953,3.6947
954,3.6947
955,3.6947
956,3.6948
957,3.6948
958,3.695
959,3.695
960,3.6952
961,3.6952
962,3.6952
963,3.6953
964,3.6953
965,3.6953
966,3.6955
967,3.6955
968,3.6956
969,3.6956
970,3.6958
971,3.6958
972,3.6958
973,3.696
974,3.696
975,3.6961
976,3.6961
977,3.6963
978,3.6963
979,3.6963
980,3.6964
981,3.6964
982,3.6966
983,3.6966
984,3.6968
985,3.6968
986,3.6969
987,3.6969
988,3.6969
989,3.6971
990,3.6971
991,3.6972
992,3.6972
993,3.6972
994,3.6974
995,3.6974
996,3.6975
997,3.6975
998,3.6975
999,3.6977
1000,3.6977
1001,3.6979
1002,3.6979
1003,3.698
1004,3.698
1005,3.698
1006,3.6982
1007,3.6982
1008,3.6983
1009,3.6983
1010,3.6985
1011,3.6985
1012,3.6985
1013,3.6987
1014,3.6987
1015,3.6988
1016,3.6988
1017,3.699
1018,3.699
1019,3.699
1020,3.6991
1021,3.6991
1022,3.6993
1023,3.6993
1024,3.6995
1025,3.6995
1026,3.6996
1027,3.6996
1028,3.6996
1029,3.6998
1030,3.6998
1031,3.6999
1032,3.6999
1033,3.7001
1034,3.7001
1035,3.7002
1036,3.7002
1037,3.7002
1038,3.7004
1039,3.7004
1040,3.7006
1041,3.7006
1042,3.7006
1043,3.7007
1044,3.7007
1045,3.7009
1046,3.7009
1047,3.701
1048,3.701
1049,3.7012
1050,3.7012
1051,3.7012
1052,3.7014
1053,3.7015
1054,3.7015
1055,3.7015
1056,3.7017
1057,3.7017
1058,3.7018
1059,3.7018
1060,3.702
1061,3.702
1062,3.702
1063,3.7022
1064,3.7022
1065,3.7023
1066,3.7023
1067,3.7025
1068,3.7025
1069,3.7025
1070,3.7026
1071,3.7026
1072,3.7028
1073,3.7028
1074,3.703
1075,3.703
1076,3.7031
1077,3.7031
1078,3.7031
1079,3.7033
1080,3.7033
1081,3.7034
1082,3.7034
1083,3.7036
1084,3.7036
1085,3.7037
1086,3.7037
1087,3.7039
1088,3.7039
1089,3.7039
1090,3.7041
1091,3.7041
1092,3.7042
1093,3.7042
1094,3.7044
1095,3.7044
1096,3.7045
1097,3.7045
1098,3.7047
1099,3.7047
1100,3.7047
1101,3.7049
1102,3.7049
1103,3.705
1104,3.705
1105,3.7052
1106,3.7052
1107,3.7053
1108,3.7053
1109,3.7055
1110,3.7055
1111,3.7055
1112,3.7057
1113,3.7057
1114,3.7058
1115,3.7058
1116,3.706
1117,3.706
1118,3.7061
1119,3.7061
1120,3.7063
1121,3.7063
1122,3.7064
1123,3.7064
1124,3.7066
1125,3.7066
1126,3.7066
1127,3.7068
1128,3.7068
1129,3.7069
1130,3.7069
1131,3.7071
1132,3.7071
1133,3.7072
1134,3.7072
1135,3.7074
1136,3.7074
1137,3.7076
1138,3.7076
1139,3.7076
1140,3.7077
1141,3.7077
1142,3.7079
1143,3.7079
1144,3.708
1145,3.708
1146,3.7082
1147,3.7082
1148,3.7084
1149,3.7084
1150,3.7085
1151,3.7085
1152,3.7085
1153,3.7087
1154,3.7087
1155,3.7088
1156,3.7088
1157,3.709
1158,3.709
1159,3.7091
1160,3.7091
1161,3.7093
1162,3.7093
1163,3.7095
1164,3.7095
1165,3.7096
1166,3.7096
1167,3.7098
1168,3.7098
1169,3.7098
1170,3.7099
1171,3.7099
1172,3.7101
1173,3.7101
1174,3.7103
1175,3.7103
1176,3.7104
1177,3.7104
1178,3.7106
1179,3.7106
1180,3.7107
1181,3.7107
1182,3.7109
1183,3.7109
1184,3.7111
1185,3.7111
1186,3.7111
1187,3.7112
1188,3.7112
1189,3.7114
1190,3.7114
1191,3.7115
1192,3.7115
1193,3.7117
1194,3.7117
1195,3.7118
1196,3.7118
1197,3.712
1198,3.712
1199,3.7122
1200,3.7122
1201,3.7123
1202,3.7123
1203,3.7123
1204,3.7125
1205,3.7126
1206,3.7126
1207,3.7126
1208,3.7128
1209,3.7128
1210,3.713
1211,3.713
1212,3.7131
1213,3.7131
1214,3.7133
1215,3.7133
1216,3.7134
1217,3.7134
1218,3.7136
1219,3.7136
1220,3.7138
1221,3.7138
1222,3.7139
1223,3.7139
1224,3.7139
1225,3.7141
1226,3.7141
1227,3.7142
1228,3.7142
1229,3.7144
1230,3.7144
1231,3.7146
1232,3.7146
1233,3.7147
1234,3.7147
1235,3.7149
1236,3.7149
1237,3.715
1238,3.715
1239,3.7152
1240,3.7152
1241,3.7153
1242,3.7153
1243,3.7155
1244,3.7155
1245,3.7157
1246,3.7157
1247,3.7157
1248,3.7158
1249,3.7158
1250,3.716
1251,3.716
1252,3.7161
1253,3.7161
1254,3.7163
1255,3.7163
1256,3.7165
1257,3.7165
1258,3.7166
1259,3.7166
1260,3.7168
1261,3.7168
1262,3.7169
1263,3.7169
1264,3.7171
1265,3.7171
1266,3.7173
1267,3.7173
1268,3.7174
1269,3.7174
1270,3.7176
1271,3.7176
1272,3.7177
1273,3.7177
1274,3.7177
1275,3.7179
1276,3.7179
1277,3.718
1278,3.718
1279,3.7182
1280,3.7182
1281,3.7184
1282,3.7184
1283,3.7185
1284,3.7185
1285,3.7187
1286,3.7187
1287,3.7188
1288,3.7188
1289,3.719
1290,3.719
1291,3.7192
1292,3.7192
1293,3.7193
1294,3.7193
1295,3.7195
1296,3.7195
1297,3.7196
1298,3.7196
1299,3.7198
1300,3.7198
1301,3.72
1302,3.72
1303,3.7201
1304,3.7201
1305,3.7203
1306,3.7203
1307,3.7204
1308,3.7204
1309,3.7206
1310,3.7206
1311,3.7207
1312,3.7207
1313,3.7209
1314,3.7209
1315,3.7211
1316,3.7211
1317,3.7212
1318,3.7212
1319,3.7214
1320,3.7214
1321,3.7215
1322,3.7215
1323,3.7217
1324,3.7217
1325,3.7219
1326,3.7219
1327,3.7219
1328,3.722
1329,3.722
1330,3.7222
1331,3.7223
1332,3.7223
1333,3.7223
1334,3.7225
1335,3.7227
1336,3.7227
1337,3.7228
1338,3.7228
1339,3.7228
1340,3.723
1341,3.7231
1342,3.7231
1343,3.7233
1344,3.7233
1345,3.7234
1346,3.7234
1347,3.7234
1348,3.7236
1349,3.7238
1350,3.7238
1351,3.7239
1352,3.7239
1353,3.7239
1354,3.7241
1355,3.7241
1356,3.7242
1357,3.7242
1358,3.7244
1359,3.7244
1360,3.7246
1361,3.7247
1362,3.7247
1363,3.7247
1364,3.7249
1365,3.725
1366,3.725
1367,3.725
1368,3.7252
1369,3.7254
1370,3.7254
1371,3.7255
1372,3.7255
1373,3.7257
1374,3.7257
1375,3.7258
1376,3.7258
1377,3.726
1378,3.726
1379,3.7261
1380,3.7261
1381,3.7263
1382,3.7263
1383,3.7265
1384,3.7265
1385,3.7266
1386,3.7266
1387,3.7268
1388,3.7268
1389,3.7269
1390,3.7269
1391,3.7271
1392,3.7271
1393,3.7273
1394,3.7273
1395,3.7274
1396,3.7274
1397,3.7276
1398,3.7276
1399,3.7277
1400,3.7277
1401,3.7279
1402,3.7279
1403,3.7281
1404,3.7281
1405,3.7282
1406,3.7282
1407,3.7284
1408,3.7284
1409,3.7285
1410,3.7285
1411,3.7287
1412,3.7288
1413,3.7288
1414,3.729
1415,3.729
1416,3.7292
1417,3.7292
1418,3.7293
1419,3.7293
1420,3.7295
1421,3.7295
1422,3.7296
1423,3.7296
1424,3.7298
1425,3.7298
1426,3.73
1427,3.73
1428,3.7301
1429,3.7301
1430,3.7303
1431,3.7303
1432,3.7304
1433,3.7304
1434,3.7306
1435,3.7306
1436,3.7308
1437,3.7309
1438,3.7309
1439,3.7311
1440,3.7311
1441,3.7312
1442,3.7312
1443,3.7314
1444,3.7314
1445,3.7316
1446,3.7316
1447,3.7317
1448,3.7317
1449,3.7319
1450,3.7319
1451,3.732
1452,3.7322
1453,3.7322
1454,3.7323
1455,3.7323
1456,3.7325
1457,3.7325
1458,3.7327
1459,3.7327
1460,3.7328
1461,3.733
1462,3.733
1463,3.733
1464,3.7331
1465,3.7333
1466,3.7333
1467,3.7335
1468,3.7335
1469,3.7336
1470,3.7336
1471,3.7338
1472,3.7338
1473,3.7339
1474,3.7339
1475,3.7341
1476,3.7343
1477,3.7343
1478,3.7344
1479,3.7344
1480,3.7346
1481,3.7346
1482,3.7347
1483,3.7347
1484,3.7349
1485,3.735
1486,3.735
1487,3.7352
1488,3.7352
1489,3.7354
1490,3.7354
1491,3.7355
1492,3.7355
1493,3.7357
1494,3.7358
1495,3.7358
1496,3.736
1497,3.736
1498,3.7362
1499,3.7362
1500,3.7363
1501,3.7365
1502,3.7365
1503,3.7366
1504,3.7366
1505,3.7368
1506,3.7368
1507,3.737
1508,3.737
1509,3.7371
1510,3.7373
1511,3.7373
1512,3.7374
1513,3.7374
1514,3.7376
1515,3.7376
1516,3.7377
1517,3.7379
1518,3.7379
1519,3.7381
1520,3.7381
1521,3.7382
1522,3.7382
1523,3.7384
1524,3.7385
1525,3.7385
1526,3.7387
1527,3.7387
1528,3.7389
1529,3.739
1530,3.739
1531,3.7392
1532,3.7392
1533,3.7393
1534,3.7395
1535,3.7395
1536,3.7397
1537,3.7397
1538,3.7398
1539,3.7398
1540,3.74
1541,3.7401
1542,3.7401
1543,3.7403
1544,3.7403
1545,3.7404
1546,3.7406
1547,3.7406
1548,3.7408
1549,3.7408
1550,3.7409
1551,3.7411
1552,3.7411
1553,3.7412
1554,3.7412
1555,3.7414
1556,3.7416
1557,3.7416
1558,3.7417
1559,3.7417
1560,3.7419
1561,3.742
1562,3.742
1563,3.7422
1564,3.7422
1565,3.7424
1566,3.7424
1567,3.7425
1568,3.7427
1569,3.7427
1570,3.7428
1571,3.7428
1572,3.743
1573,3.7432
1574,3.7432
1575,3.7433
1576,3.7435
1577,3.7435
1578,3.7436
1579,3.7436
1580,3.7438
1581,3.7439
1582,3.7439
1583,3.7441
1584,3.7443
1585,3.7443
1586,3.7444
1587,3.7444
1588,3.7446
1589,3.7447
1590,3.7447
1591,3.7449
1592,3.7451
1593,3.7451
1594,3.7452
1595,3.7454
1596,3.7454
1597,3.7455
1598,3.7455
1599,3.7457
1600,3.7459
1601,3.7459
1602,3.746
1603,3.7462
1604,3.7462
1605,3.7463
1606,3.7463
1607,3.7465
1608,3.7466
1609,3.7466
1610,3.7468
1611,3.747
1612,3.747
1613,3.7471
1614,3.7473
1615,3.7473
1616,3.7474
1617,3.7476
1618,3.7476
1619,3.7478
1620,3.7479
1621,3.7479
1622,3.7481
1623,3.7482
1624,3.7482
1625,3.7484
1626,3.7484
1627,3.7486
1628,3.7487
1629,3.7487
1630,3.7489
1631,3.749
1632,3.7492
1633,3.7492
1634,3.7493
1635,3.7493
1636,3.7495
1637,3.7497
1638,3.7498
1639,3.7498
1640,3.75
1641,3.7501
1642,3.7501
1643,3.7503
1644,3.7505
1645,3.7505
1646,3.7506
1647,3.7508
1648,3.7508
1649,3.7509
1650,3.7511
1651,3.7511
1652,3.7513
1653,3.7514
1654,3.7514
1655,3.7516
1656,3.7517
1657,3.7517
1658,3.7519
1659,3.752
1660,3.752
1661,3.7522
1662,3.7524
1663,3.7524
1664,3.7525
1665,3.7527
1666,3.7528
1667,3.7528
1668,3.753
1669,3.7532
1670,3.7532
1671,3.7533
1672,3.7535
1673,3.7535
1674,3.7536
1675,3.7538
1676,3.754
1677,3.754
1678,3.7541
1679,3.7543
1680,3.7543
1681,3.7544
1682,3.7546
1683,3.7546
1684,3.7547
1685,3.7549
1686,3.7551
1687,3.7551
1688,3.7552
1689,3.7554
1690,3.7555
1691,3.7555
1692,3.7557
1693,3.7559
1694,3.7559
1695,3.756
1696,3.7562
1697,3.7563
1698,3.7563
1699,3.7565
1700,3.7567
1701,3.7568
1702,3.7568
1703,3.757
1704,3.7571
1705,3.7571
1706,3.7573
1707,3.7575
1708,3.7576
1709,3.7576
1710,3.7578
1711,3.7579
1712,3.7581
1713,3.7581
1714,3.7582
1715,3.7584
1716,3.7586
1717,3.7587
1718,3.7587
1719,3.7589
1720,3.759
1721,3.759
1722,3.7592
1723,3.7594
1724,3.7595
1725,3.7597
1726,3.7597
1727,3.7598
1728,3.76
1729,3.7602
1730,3.7602
1731,3.7603
1732,3.7605
1733,3.7606
1734,3.7606
1735,3.7608
1736,3.7609
1737,3.7611
1738,3.7611
1739,3.7613
1740,3.7614
1741,3.7616
1742,3.7616
1743,3.7617
1744,3.7619
1745,3.7621
1746,3.7622
1747,3.7622
1748,3.7624
1749,3.7625
1750,3.7627
1751,3.7627
1752,3.7629
1753,3.763
1754,3.7632
1755,3.7633
1756,3.7633
1757,3.7635
1758,3.7636
1759,3.7638
1760,3.764
1761,3.764
1762,3.7641
1763,3.7643
1764,3.7644
1765,3.7646
1766,3.7646
1767,3.7648
1768,3.7649
1769,3.7651
1770,3.7652
1771,3.7652
1772,3.7654
1773,3.7656
1774,3.7657
1775,3.7659
1776,3.7659
1777,3.766
1778,3.7662
1779,3.7663
1780,3.7665
1781,3.7665
1782,3.7667
1783,3.7668
1784,3.767
1785,3.7671
1786,3.7673
1787,3.7673
1788,3.7675
1789,3.7676
1790,3.7678
1791,3.7678
1792,3.7679
1793,3.7681
1794,3.7683
1795,3.7684
1796,3.7686
1797,3.7687
1798,3.7687
1799,3.7689
1800,3.7691
1801,3.7692
1802,3.7694
1803,3.7695
1804,3.7695
1805,3.7697
1806,3.7698
1807,3.77
1808,3.7702
1809,3.7703
1810,3.7703
1811,3.7705
1812,3.7706
1813,3.7708
1814,3.771
1815,3.7711
1816,3.7711
1817,3.7713
1818,3.7714
1819,3.7716
1820,3.7718
1821,3.7719
1822,3.7719
1823,3.7721
1824,3.7722
1825,3.7724
1826,3.7725
1827,3.7727
1828,3.7729
1829,3.7729
1830,3.773
1831,3.7732
1832,3.7733
1833,3.7735
1834,3.7737
1835,3.7738
1836,3.774
1837,3.774
1838,3.7741
1839,3.7743
1840,3.7745
1841,3.7746
1842,3.7748
1843,3.7749
1844,3.7749
1845,3.7751
1846,3.7752
1847,3.7754
1848,3.7756
1849,3.7757
1850,3.7759
1851,3.776
1852,3.776
1853,3.7762
1854,3.7764
1855,3.7765
1856,3.7767
1857,3.7768
1858,3.777
1859,3.7772
1860,3.7773
1861,3.7773
1862,3.7775
1863,3.7776
1864,3.7778
1865,3.7779
1866,3.7781
1867,3.7783
1868,3.7784
1869,3.7786
1870,3.7786
1871,3.7787
1872,3.7789
1873,3.7791
1874,3.7792
1875,3.7794
1876,3.7795
1877,3.7797
1878,3.7799
1879,3.78
1880,3.78
1881,3.7802
1882,3.7803
1883,3.7805
1884,3.7806
1885,3.7808
1886,3.781
1887,3.7811
1888,3.7813
1889,3.7814
1890,3.7816
1891,3.7816
1892,3.7818
1893,3.7819
1894,3.7821
1895,3.7822
1896,3.7824
1897,3.7826
1898,3.7827
1899,3.7829
1900,3.783
1901,3.7832
1902,3.7834
1903,3.7835
1904,3.7835
1905,3.7837
1906,3.7838
1907,3.784
1908,3.7841
1909,3.7843
1910,3.7845
1911,3.7846
1912,3.7848
1913,3.7849
1914,3.7851
1915,3.7853
1916,3.7854
1917,3.7854
1918,3.7856
1919,3.7857
1920,3.7859
1921,3.7861
1922,3.7862
1923,3.7864
1924,3.7865
1925,3.7867
1926,3.7868
1927,3.787
1928,3.7872
1929,3.7873
1930,3.7875
1931,3.7876
1932,3.7878
1933,3.788
1934,3.7881
1935,3.7883
1936,3.7884
1937,3.7886
1938,3.7888
1939,3.7888
1940,3.7889
1941,3.7891
1942,3.7892
1943,3.7894
1944,3.7895
1945,3.7897
1946,3.7899
1947,3.79
1948,3.7902
1949,3.7903
1950,3.7905
1951,3.7907
1952,3.7908
1953,3.791
1954,3.7911
1955,3.7913
1956,3.7915
1957,3.7916
1958,3.7918
1959,3.7919
1960,3.7921
1961,3.7922
1962,3.7924
1963,3.7926
1964,3.7927
1965,3.7929
1966,3.793
1967,3.7932
1968,3.7934
1969,3.7935
1970,3.7937
1971,3.7938
1972,3.7938
1973,3.7942
1974,3.7943
1975,3.7945
1976,3.7946
1977,3.7948
1978,3.7949
1979,3.7951
1980,3.7953
1981,3.7954
1982,3.7956
1983,3.7957
1984,3.7957
1985,3.7961
1986,3.7962
1987,3.7964
1988,3.7964
1989,3.7967
1990,3.7967
1991,3.7969
1992,3.7972
1993,3.7973
1994,3.7975
1995,3.7977
1996,3.7978
1997,3.798
1998,3.7981
1999,3.7983
2000,3.7984
2001,3.7986
2002,3.7988
2003,3.7989
2004,3.7991
2005,3.7992
2006,3.7994
2007,3.7996
2008,3.7997
2009,3.7999
2010,3.8
2011,3.8002
2012,3.8004
2013,3.8005
2014,3.8007
2015,3.8008
2016,3.801
2017,3.8011
2018,3.8013
2019,3.8015
2020,3.8016
2021,3.8018
2022,3.8019
2023,3.8021
2024,3.8024
2025,3.8024
2026,3.8027
2027,3.8029
2028,3.8031
2029,3.8032
2030,3.8034
2031,3.8035
2032,3.8037
2033,3.8038
2034,3.804
2035,3.8042
2036,3.8043
2037,3.8045
2038,3.8046
2039,3.8048
2040,3.805
2041,3.8051
2042,3.8054
2043,3.8056
2044,3.8058
2045,3.8059
2046,3.8061
2047,3.8062
2048,3.8064
2049,3.8065
2050,3.8067
2051,3.8069
2052,3.807
2053,3.8072
2054,3.8075
2055,3.8077
2056,3.8078
2057,3.808
2058,3.8081
2059,3.8083
2060,3.8085
2061,3.8086
2062,3.8088
2063,3.8089
2064,3.8091
2065,3.8092
2066,3.8094
2067,3.8097
2068,3.8099
2069,3.81
2070,3.8102
2071,3.8104
2072,3.8105
2073,3.8107
2074,3.8108
2075,3.811
2076,3.8112
2077,3.8115
2078,3.8116
2079,3.8118
2080,3.812
2081,3.8121
2082,3.8123
2083,3.8124
2084,3.8126
2085,3.8129
2086,3.8131
2087,3.8132
2088,3.8134
2089,3.8135
2090,3.8137
2091,3.8139
2092,3.8142
2093,3.8143
2094,3.8145
2095,3.8147
2096,3.8148
2097,3.815
2098,3.8151
2099,3.8153
2100,3.8156
2101,3.8158
2102,3.8159
2103,3.8161
2104,3.8162
2105,3.8164
2106,3.8167
2107,3.8169
2108,3.817
2109,3.8172
2110,3.8174
2111,3.8175
2112,3.8178
2113,3.818
2114,3.8181
2115,3.8183
2116,3.8185
2117,3.8186
2118,3.8188
2119,3.8191
2120,3.8193
2121,3.8194
2122,3.8196
2123,3.8197
2124,3.8201
2125,3.8202
2126,3.8204
2127,3.8205
2128,3.8207
2129,3.821
2130,3.8212
2131,3.8213
2132,3.8215
2133,3.8216
2134,3.822
2135,3.8221
2136,3.8223
2137,3.8224
2138,3.8226
2139,3.8229
2140,3.8231
2141,3.8232
2142,3.8234
2143,3.8235
2144,3.8239
2145,3.824
2146,3.8242
2147,3.8243
2148,3.8247
2149,3.8248
2150,3.825
2151,3.8251
2152,3.8253
2153,3.8256
2154,3.8258
2155,3.8259
2156,3.8261
2157,3.8264
2158,3.8266
2159,3.8267
2160,3.8269
2161,3.8272
2162,3.8274
2163,3.8275
2164,3.8277
2165,3.828
2166,3.8282
2167,3.8283
2168,3.8285
2169,3.8288
2170,3.829
2171,3.8291
2172,3.8293
2173,3.8296
2174,3.8297
2175,3.8299
2176,3.8301
2177,3.8304
2178,3.8305
2179,3.8307
2180,3.831
2181,3.8312
2182,3.8313
2183,3.8315
2184,3.8318
2185,3.832
2186,3.8321
2187,3.8324
2188,3.8326
2189,3.8328
2190,3.8329
2191,3.8332
2192,3.8334
2193,3.8336
2194,3.8339
2195,3.834
2196,3.8342
2197,3.8345
2198,3.8347
2199,3.8348
2200,3.8351
2201,3.8353
2202,3.8355
2203,3.8356
2204,3.8359
2205,3.8361
2206,3.8364
2207,3.8366
2208,3.8367
2209,3.8371
2210,3.8372
2211,3.8374
2212,3.8377
2213,3.8378
2214,3.838
2215,3.8383
2216,3.8385
2217,3.8386
2218,3.839
2219,3.8391
2220,3.8393
2221,3.8396
2222,3.8398
2223,3.8401
2224,3.8402
2225,3.8404
2226,3.8406
2227,3.8409
2228,3.841
2229,3.8413
2230,3.8415
2231,3.8417
2232,3.842
2233,3.8421
2234,3.8423
2235,3.8426
2236,3.8428
2237,3.8431
2238,3.8433
2239,3.8434
2240,3.8437
2241,3.8439
2242,3.8442
2243,3.8444
2244,3.8445
2245,3.8448
2246,3.845
2247,3.8453
2248,3.8455
2249,3.8456
2250,3.846
2251,3.8461
2252,3.8464
2253,3.8466
2254,3.8467
2255,3.8471
2256,3.8472
2257,3.8475
2258,3.8477
2259,3.848
2260,3.8482
2261,3.8483
2262,3.8487
2263,3.8488
2264,3.8491
2265,3.8493
2266,3.8496
2267,3.8498
2268,3.8499
2269,3.8502
2270,3.8504
2271,3.8507
2272,3.8509
2273,3.8512
2274,3.8514
2275,3.8515
2276,3.8518
2277,3.852
2278,3.8523
2279,3.8525
2280,3.8528
2281,3.8529
2282,3.8533
2283,3.8534
2284,3.8536
2285,3.8539
2286,3.8541
2287,3.8544
2288,3.8545
2289,3.8549
2290,3.855
2291,3.8553
2292,3.8555
2293,3.8558
2294,3.856
2295,3.8563
2296,3.8564
2297,3.8568
2298,3.8569
2299,3.8572
2300,3.8574
2301,3.8576
2302,3.8579
2303,3.858
2304,3.8583
2305,3.8585
2306,3.8588
2307,3.859
2308,3.8593
2309,3.8595
2310,3.8598
2311,3.8599
2312,3.8603
2313,3.8604
2314,3.8607
2315,3.8609
2316,3.8612
2317,3.8614
2318,3.8617
2319,3.8618
2320,3.8622
2321,3.8623
2322,3.8626
2323,3.8628
2324,3.8631
2325,3.8633
2326,3.8636
2327,3.8637
2328,3.8641
2329,3.8642
2330,3.8645
2331,3.8647
2332,3.865
2333,3.8652
2334,3.8655
2335,3.8657
2336,3.866
2337,3.8661
2338,3.8665
2339,3.8666
2340,3.8669
2341,3.8671
2342,3.8674
2343,3.8676
2344,3.8679
2345,3.868
2346,3.8684
2347,3.8685
2348,3.8688
2349,3.869
2350,3.8693
2351,3.8695
2352,3.8698
2353,3.8699
2354,3.8703
2355,3.8704
2356,3.8707
2357,3.8709
2358,3.8712
2359,3.8714
2360,3.8717
2361,3.8719
2362,3.8722
2363,3.8723
2364,3.8726
2365,3.8728
2366,3.8731
2367,3.8733
2368,3.8736
2369,3.8738
2370,3.8741
2371,3.8742
2372,3.8746
2373,3.8747
2374,3.875
2375,3.8752
2376,3.8755
2377,3.8757
2378,3.876
2379,3.8761
2380,3.8765
2381,3.8766
2382,3.8769
2383,3.8771
2384,3.8774
2385,3.8776
2386,3.8779
2387,3.878
2388,3.8784
2389,3.8785
2390,3.8788
2391,3.879
2392,3.8793
2393,3.8795
2394,3.8798
2395,3.88
2396,3.8803
2397,3.8804
2398,3.8806
2399,3.8809
2400,3.8812
2401,3.8814
2402,3.8817
2403,3.8819
2404,3.8822
2405,3.8823
2406,3.8827
2407,3.8828
2408,3.8831
2409,3.8833
2410,3.8836
2411,3.8838
2412,3.8841
2413,3.8842
2414,3.8844
2415,3.8847
2416,3.8849
2417,3.8852
2418,3.8854
2419,3.8857
2420,3.8858
2421,3.8862
2422,3.8863
2423,3.8866
2424,3.8868
2425,3.8871
2426,3.8873
2427,3.8876
2428,3.8877
2429,3.8881
2430,3.8882
2431,3.8885
2432,3.8887
2433,3.889
2434,3.8892
2435,3.8893
2436,3.8896
2437,3.8898
2438,3.8901
2439,3.8903
2440,3.8906
2441,3.8908
2442,3.8911
2443,3.8912
2444,3.8916
2445,3.8917
2446,3.892
2447,3.8922
2448,3.8923
2449,3.8927
2450,3.8928
2451,3.8931
2452,3.8933
2453,3.8936
2454,3.8938
2455,3.8941
2456,3.8943
2457,3.8946
2458,3.8947
2459,3.8949
2460,3.8952
2461,3.8954
2462,3.8957
2463,3.8958
2464,3.8962
2465,3.8963
2466,3.8966
2467,3.8968
2468,3.8971
2469,3.8973
2470,3.8974
2471,3.8978
2472,3.8979
2473,3.8982
2474,3.8984
2475,3.8987
2476,3.8989
2477,3.8992
2478,3.8993
2479,3.8997
2480,3.8998
2481,3.9
2482,3.9003
2483,3.9005
2484,3.9008
2485,3.9009
2486,3.9012
2487,3.9014
2488,3.9016
2489,3.9019
2490,3.902
2491,3.9024
2492,3.9025
2493,3.9028
2494,3.903
2495,3.9033
2496,3.9035
2497,3.9036
2498,3.9039
2499,3.9041
2500,3.9044
2501,3.9046
2502,3.9049
2503,3.9051
2504,3.9052
2505,3.9055
2506,3.9057
2507,3.906
2508,3.9062
2509,3.9065
2510,3.9066
2511,3.907
2512,3.9071
2513,3.9073
2514,3.9076
2515,3.9078
2516,3.9081
2517,3.9082
2518,3.9086
2519,3.9087
2520,3.909
2521,3.9092
2522,3.9094
2523,3.9097
2524,3.9098
2525,3.9101
2526,3.9103
2527,3.9106
2528,3.9108
2529,3.9111
2530,3.9113
2531,3.9116
2532,3.9117
2533,3.9119
2534,3.9122
2535,3.9124
2536,3.9127
2537,3.9128
2538,3.9132
2539,3.9133
2540,3.9136
2541,3.9138
2542,3.914
2543,3.9143
2544,3.9144
2545,3.9148
2546,3.9149
2547,3.9152
2548,3.9154
2549,3.9157
2550,3.9159
2551,3.916
2552,3.9163
2553,3.9165
2554,3.9168
2555,3.917
2556,3.9173
2557,3.9175
2558,3.9178
2559,3.9179
2560,3.9182
2561,3.9184
2562,3.9187
2563,3.9189
2564,3.9192
2565,3.9194
2566,3.9195
2567,3.9198
2568,3.92
2569,3.9203
2570,3.9205
2571,3.9208
2572,3.921
2573,3.9213
2574,3.9214
2575,3.9217
2576,3.9219
2577,3.9222
2578,3.9224
2579,3.9227
2580,3.9229
2581,3.9232
2582,3.9233
2583,3.9237
2584,3.9238
2585,3.9241
2586,3.9243
2587,3.9246
2588,3.9248
2589,3.9251
2590,3.9252
2591,3.9254
2592,3.9257
2593,3.926
2594,3.9262
2595,3.9264
2596,3.9267
2597,3.9268
2598,3.9271
2599,3.9273
2600,3.9276
2601,3.9279
2602,3.9281
2603,3.9284
2604,3.9286
2605,3.9289
2606,3.9291
2607,3.9294
2608,3.9295
2609,3.9298
2610,3.93
2611,3.9303
2612,3.9305
2613,3.9308
2614,3.931
2615,3.9313
2616,3.9314
2617,3.9318
2618,3.9319
2619,3.9322
2620,3.9325
2621,3.9327
2622,3.933
2623,3.9332
2624,3.9335
2625,3.9337
2626,3.934
2627,3.9341
2628,3.9345
2629,3.9348
2630,3.9349
2631,3.9353
2632,3.9354
2633,3.9357
2634,3.9359
2635,3.9362
2636,3.9364
2637,3.9367
2638,3.937
2639,3.9372
2640,3.9375
2641,3.9376
2642,3.938
2643,3.9381
2644,3.9384
2645,3.9387
2646,3.9389
2647,3.9392
2648,3.9394
2649,3.9397
2650,3.9399
2651,3.9402
2652,3.9405
2653,3.9407
2654,3.941
2655,3.9413
2656,3.9414
2657,3.9418
2658,3.9419
2659,3.9422
2660,3.9424
2661,3.9427
2662,3.943
2663,3.9432
2664,3.9435
2665,3.9438
2666,3.944
2667,3.9443
2668,3.9445
2669,3.9448
2670,3.9451
2671,3.9453
2672,3.9456
2673,3.9459
2674,3.9461
2675,3.9464
2676,3.9467
2677,3.9468
2678,3.9472
2679,3.9473
2680,3.9476
2681,3.948
2682,3.9481
2683,3.9484
2684,3.9488
2685,3.9489
2686,3.9492
2687,3.9496
2688,3.9497
2689,3.95
2690,3.9503
2691,3.9505
2692,3.9508
2693,3.951
2694,3.9513
2695,3.9516
2696,3.9518
2697,3.9521
2698,3.9524
2699,3.9526
2700,3.9529
2701,3.9532
2702,3.9534
2703,3.9537
2704,3.954
2705,3.9542
2706,3.9545
2707,3.9548
2708,3.9551
2709,3.9553
2710,3.9556
2711,3.9559
2712,3.9561
2713,3.9564
2714,3.9567
2715,3.9569
2716,3.9572
2717,3.9575
2718,3.9577
2719,3.958
2720,3.9583
2721,3.9584
2722,3.9588
2723,3.9591
2724,3.9594
2725,3.9596
2726,3.9599
2727,3.96
2728,3.9604
2729,3.9607
2730,3.961
2731,3.9611
2732,3.9615
2733,3.9618
2734,3.9619
2735,3.9623
2736,3.9626
2737,3.9629
2738,3.9631
2739,3.9634
2740,3.9637
2741,3.9639
2742,3.9642
2743,3.9645
2744,3.9648
2745,3.965
2746,3.9653
2747,3.9656
2748,3.9658
2749,3.9661
2750,3.9664
2751,3.9666
2752,3.9669
2753,3.9672
2754,3.9675
2755,3.9677
2756,3.968
2757,3.9683
2758,3.9685
2759,3.9688
2760,3.9691
2761,3.9693
2762,3.9696
2763,3.9699
2764,3.9702
2765,3.9704
2766,3.9707
2767,3.971
2768,3.9712
2769,3.9715
2770,3.9718
2771,3.972
2772,3.9723
2773,3.9726
2774,3.9727
2775,3.9731
2776,3.9734
2777,3.9737
2778,3.9739
2779,3.9742
2780,3.9745
2781,3.9747
2782,3.975
2783,3.9753
2784,3.9754
2785,3.9758
2786,3.9761
2787,3.9762
2788,3.9766
2789,3.9769
2790,3.977
2791,3.9774
2792,3.9777
2793,3.9778
2794,3.9782
2795,3.9785
2796,3.9786
2797,3.9789
2798,3.9793
2799,3.9794
2800,3.9797
2801,3.9801
2802,3.9802
2803,3.9805
2804,3.9809
2805,3.981
2806,3.9813
2807,3.9816
2808,3.9818
2809,3.9821
2810,3.9823
2811,3.9826
2812,3.9829
2813,3.9831
2814,3.9834
2815,3.9837
2816,3.9839
2817,3.9842
2818,3.9843
2819,3.9847
2820,3.985
2821,3.9851
2822,3.9855
2823,3.9856
2824,3.9859
2825,3.9863
2826,3.9864
2827,3.9867
2828,3.9869
2829,3.9872
2830,3.9875
2831,3.9877
2832,3.988
2833,3.9882
2834,3.9885
2835,3.9886
2836,3.989
2837,3.9893
2838,3.9894
2839,3.9897
2840,3.9899
2841,3.9902
2842,3.9904
2843,3.9907
2844,3.9909
2845,3.9912
2846,3.9913
2847,3.9917
2848,3.992
2849,3.9921
2850,3.9925
2851,3.9926
2852,3.9929
2853,3.9931
2854,3.9934
2855,3.9936
2856,3.9939
2857,3.994
2858,3.9942
2859,3.9945
2860,3.9947
2861,3.995
2862,3.9952
2863,3.9955
2864,3.9956
2865,3.9959
2866,3.9961
2867,3.9964
2868,3.9966
2869,3.9969
2870,3.9971
2871,3.9972
2872,3.9975
2873,3.9977
2874,3.998
2875,3.9982
2876,3.9985
2877,3.9986
2878,3.9988
2879,3.9991
2880,3.9993
2881,3.9996
2882,3.9998
2883,3.9999
2884,4.0002
2885,4.0004
2886,4.0007
2887,4.0009
2888,4.001
2889,4.0013
2890,4.0015
2891,4.0017
2892,4.002
2893,4.0021
2894,4.0023
2895,4.0026
2896,4.0028
2897,4.0029
2898,4.0033
2899,4.0034
2900,4.0037
2901,4.0039
2902,4.0041
2903,4.0042
2904,4.0045
2905,4.0047
2906,4.0048
2907,4.0052
2908,4.0053
2909,4.0055
2910,4.0058
2911,4.006
2912,4.0061
2913,4.0063
2914,4.0066
2915,4.0068
2916,4.0069
2917,4.0071
2918,4.0074
2919,4.0075
2920,4.0077
2921,4.0079
2922,4.0082
2923,4.0083
2924,4.0085
2925,4.0087
2926,4.009
2927,4.0091
2928,4.0093
2929,4.0095
2930,4.0096
2931,4.0099
2932,4.0101
2933,4.0102
2934,4.0104
2935,4.0106
2936,4.0109
2937,4.011
2938,4.0112
2939,4.0114
2940,4.0115
2941,4.0117
2942,4.012
2943,4.0122
2944,4.0123
2945,4.0125
2946,4.0126
2947,4.0128
2948,4.0131
2949,4.0133
2950,4.0134
2951,4.0136
2952,4.0137
2953,4.0139
2954,4.0141
2955,4.0142
2956,4.0145
2957,4.0147
2958,4.0149
2959,4.015
2960,4.0152
2961,4.0153
2962,4.0155
2963,4.0156
2964,4.0158
2965,4.0161
2966,4.0161
2967,4.0164
2968,4.0166
2969,4.0168
2970,4.0169
2971,4.0171
2972,4.0172
2973,4.0174
2974,4.0176
2975,4.0177
2976,4.0179
2977,4.018
2978,4.0182
2979,4.0185
2980,4.0187
2981,4.0188
2982,4.019
2983,4.0191
2984,4.0193
2985,4.0195
2986,4.0196
2987,4.0198
2988,4.0199
2989,4.0201
2990,4.0203
2991,4.0204
2992,4.0206
2993,4.0207
2994,4.0209
2995,4.0211
2996,4.0212
2997,4.0214
2998,4.0215
2999,4.0217
3000,4.0218
3001,4.022
3002,4.0222
3003,4.0223
3004,4.0226
3005,4.0226
3006,4.0228
3007,4.0231
3008,4.0233
3009,4.0233
3010,4.0236
3011,4.0238
3012,4.0239
3013,4.0239
3014,4.0242
3015,4.0242
3016,4.0244
3017,4.0247
3018,4.0249
3019,4.025
3020,4.0252
3021,4.0253
3022,4.0253
3023,4.0257
3024,4.0258
3025,4.0258
3026,4.026
3027,4.0261
3028,4.0263
3029,4.0265
3030,4.0266
3031,4.0268
3032,4.0269
3033,4.0271
3034,4.0272
3035,4.0274
3036,4.0276
3037,4.0277
3038,4.0279
3039,4.028
3040,4.0282
3041,4.0284
3042,4.0285
3043,4.0287
3044,4.0288
3045,4.029
3046,4.0292
3047,4.0293
3048,4.0295
3049,4.0296
3050,4.0298
3051,4.0299
3052,4.0301
3053,4.0303
3054,4.0304
3055,4.0306
3056,4.0307
3057,4.0309
3058,4.0311
3059,4.0312
3060,4.0314
3061,4.0315
3062,4.0317
3063,4.0319
3064,4.032
3065,4.0322
3066,4.0323
3067,4.0325
3068,4.0326
3069,4.0328
3070,4.033
3071,4.0331
3072,4.0334
3073,4.0334
3074,4.0336
3075,4.0339
3076,4.0341
3077,4.0342
3078,4.0344
3079,4.0346
3080,4.0347
3081,4.0349
3082,4.035
3083,4.0352
3084,4.0354
3085,4.0355
3086,4.0357
3087,4.0358
3088,4.036
3089,4.0361
3090,4.0363
3091,4.0365
3092,4.0366
3093,4.0368
3094,4.0369
3095,4.0373
3096,4.0374
3097,4.0376
3098,4.0377
3099,4.0379
3100,4.0381
3101,4.0382
3102,4.0384
3103,4.0385
3104,4.0387
3105,4.039
3106,4.0392
3107,4.0393
3108,4.0395
3109,4.0396
3110,4.0398
3111,4.04
3112,4.0401
3113,4.0404
3114,4.0406
3115,4.0408
3116,4.0409
3117,4.0411
3118,4.0412
3119,4.0414
3120,4.0417
3121,4.0419
3122,4.042
3123,4.0422
3124,4.0423
3125,4.0425
3126,4.0428
3127,4.043
3128,4.0431
3129,4.0433
3130,4.0435
3131,4.0438
3132,4.0439
3133,4.0441
3134,4.0442
3135,4.0444
3136,4.0447
3137,4.0449
3138,4.045
3139,4.0452
3140,4.0455
3141,4.0457
3142,4.0458
3143,4.046
3144,4.0463
3145,4.0465
3146,4.0466
3147,4.0468
3148,4.0471
3149,4.0473
3150,4.0474
3151,4.0477
3152,4.0479
3153,4.0481
3154,4.0484
3155,4.0485
3156,4.0487
3157,4.049
3158,4.0492
3159,4.0493
3160,4.0497
3161,4.0498
3162,4.05
3163,4.0503
3164,4.0504
3165,4.0508
3166,4.0509
3167,4.0511
3168,4.0514
3169,4.0516
3170,4.0519
3171,4.052
3172,4.0522
3173,4.0525
3174,4.0527
3175,4.053
3176,4.0531
3177,4.0535
3178,4.0536
3179,4.0539
3180,4.0541
3181,4.0543
3182,4.0546
3183,4.0547
3184,4.0551
3185,4.0552
3186,4.0555
3187,4.0558
3188,4.056
3189,4.0563
3190,4.0565
3191,4.0568
3192,4.057
3193,4.0573
3194,4.0574
3195,4.0578
3196,4.0579
3197,4.0582
3198,4.0585
3199,4.0587
3200,4.059
3201,4.0592
3202,4.0595
3203,4.0598
3204,4.06
3205,4.0603
3206,4.0605
3207,4.0608
3208,4.0611
3209,4.0613
3210,4.0616
3211,4.0619
3212,4.062
3213,4.0624
3214,4.0627
3215,4.0628
3216,4.0632
3217,4.0635
3218,4.0636
3219,4.064
3220,4.0643
3221,4.0644
3222,4.0647
3223,4.0651
3224,4.0652
3225,4.0655
3226,4.0659
3227,4.0662
3228,4.0663
3229,4.0667
3230,4.067
3231,4.0673
3232,4.0674
3233,4.0678
3234,4.0681
3235,4.0684
3236,4.0687
3237,4.0689
3238,4.0692
3239,4.0695
3240,4.0698
3241,4.0701
3242,4.0703
3243,4.0706
3244,4.0709
3245,4.0713
3246,4.0716
3247,4.0717
3248,4.0721
3249,4.0724
3250,4.0727
3251,4.073
3252,4.0733
3253,4.0735
3254,4.0738
3255,4.0741
3256,4.0744
3257,4.0748
3258,4.0751
3259,4.0754
3260,4.0756
3261,4.0759
3262,4.0762
3263,4.0765
3264,4.0768
3265,4.0771
3266,4.0775
3267,4.0776
3268,4.0779
3269,4.0783
3270,4.0786
3271,4.0789
3272,4.0792
3273,4.0795
3274,4.0798
3275,4.0802
3276,4.0805
3277,4.0808
3278,4.081
3279,4.0813
3280,4.0816
3281,4.0819
3282,4.0822
3283,4.0825
3284,4.0829
3285,4.0832
3286,4.0835
3287,4.0838
3288,4.0841
3289,4.0844
3290,4.0846
3291,4.0851
3292,4.0852
3293,4.0856
3294,4.0859
3295,4.0862
3296,4.0865
3297,4.0868
3298,4.0872
3299,4.0875
3300,4.0878
3301,4.0881
3302,4.0884
3303,4.0887
3304,4.0891
3305,4.0892
3306,4.0895
3307,4.0899
3308,4.0902
3309,4.0905
3310,4.0908
3311,4.0911
3312,4.0914
3313,4.0918
3314,4.0921
3315,4.0924
3316,4.0927
3317,4.093
3318,4.0933
3319,4.0937
3320,4.094
3321,4.0941
3322,4.0945
3323,4.0948
3324,4.0951
3325,4.0954
3326,4.0957
3327,4.096
3328,4.0964
3329,4.0967
3330,4.097
3331,4.0973
3332,4.0976
3333,4.0978
3334,4.0981
3335,4.0984
3336,4.0987
3337,4.0991
3338,4.0994
3339,4.0997
3340,4.1
3341,4.1003
3342,4.1007
3343,4.1008
3344,4.1011
3345,4.1015
3346,4.1018
3347,4.1021
3348,4.1024
3349,4.1027
3350,4.1029
3351,4.1032
3352,4.1035
3353,4.1038
3354,4.1042
3355,4.1045
3356,4.1048
3357,4.1051
3358,4.1053
3359,4.1056
3360,4.1059
3361,4.1062
3362,4.1065
3363,4.1069
3364,4.107
3365,4.1073
3366,4.1076
3367,4.108
3368,4.1083
3369,4.1086
3370,4.1088
3371,4.1091
3372,4.1094
3373,4.1097
3374,4.11
3375,4.1102
3376,4.1105
3377,4.1108
3378,4.1111
3379,4.1115
3380,4.1116
3381,4.1119
3382,4.1123
3383,4.1126
3384,4.1129
3385,4.113
3386,4.1134
3387,4.1137
3388,4.114
3389,4.1142
3390,4.1145
3391,4.1148
3392,4.1151
3393,4.1153
3394,4.1156
3395,4.1159
3396,4.1161
3397,4.1164
3398,4.1167
3399,4.117
3400,4.1172
3401,4.1175
3402,4.1178
3403,4.118
3404,4.1183
3405,4.1186
3406,4.1188
3407,4.1191
3408,4.1194
3409,4.1196
3410,4.1199
3411,4.1202
3412,4.1204
3413,4.1207
3414,4.121
3415,4.1212
3416,4.1215
3417,4.1218
3418,4.1219
3419,4.1223
3420,4.1224
3421,4.1227
3422,4.1231
3423,4.1232
3424,4.1235
3425,4.1237
3426,4.124
3427,4.1243
3428,4.1245
3429,4.1248
3430,4.125
3431,4.1253
3432,4.1256
3433,4.1258
3434,4.1259
3435,4.1262
3436,4.1266
3437,4.1267
3438,4.127
3439,4.1272
3440,4.1275
3441,4.1277
3442,4.128
3443,4.1281
3444,4.1285
3445,4.1286
3446,4.1289
3447,4.1291
3448,4.1294
3449,4.1296
3450,4.1299
3451,4.1301
3452,4.1304
3453,4.1305
3454,4.1307
3455,4.131
3456,4.1312
3457,4.1315
3458,4.1316
3459,4.132
3460,4.1321
3461,4.1324
3462,4.1326
3463,4.1328
3464,4.1331
3465,4.1332
3466,4.1335
3467,4.1337
3468,4.1339
3469,4.1342
3470,4.1343
3471,4.1345
3472,4.1348
3473,4.135
3474,4.1353
3475,4.1355
3476,4.1356
3477,4.1358
3478,4.1359
3479,4.1362
3480,4.1366
3481,4.1367
3482,4.1369
3483,4.137
3484,4.1374
3485,4.1375
3486,4.1377
3487,4.1378
3488,4.1382
3489,4.1383
3490,4.1385
3491,4.1386
3492,4.1389
3493,4.1391
3494,4.1393
3495,4.1394
3496,4.1397
3497,4.1399
3498,4.1401
3499,4.1402
3500,4.1404
3501,4.1407
3502,4.1409
3503,4.141
3504,4.1412
3505,4.1413
3506,4.1416
3507,4.1418
3508,4.142
3509,4.1421
3510,4.1423
3511,4.1426
3512,4.1428
3513,4.1429
3514,4.1431
3515,4.1432
3516,4.1434
3517,4.1436
3518,4.1437
3519,4.144
3520,4.1442
3521,4.1444
3522,4.1445
3523,4.1447
3524,4.1448
3525,4.145
3526,4.1451
3527,4.1453
3528,4.1455
3529,4.1456
3530,4.1458
3531,4.1459
3532,4.1461
3533,4.1463
3534,4.1466
3535,4.1467
3536,4.1469
3537,4.1471
3538,4.1472
3539,4.1474
3540,4.1475
3541,4.1477
3542,4.1478
3543,4.148
3544,4.1482
3545,4.1483
3546,4.1485
3547,4.1486
3548,4.1488
3549,4.1488
3550,4.149
3551,4.1491
3552,4.1493
3553,4.1494
3554,4.1496
3555,4.1498
3556,4.1499
3557,4.1501
3558,4.1502
3559,4.1504
3560,4.1505
3561,4.1507
3562,4.1509
3563,4.151
3564,4.151
3565,4.1512
3566,4.1513
3567,4.1515
3568,4.1517
3569,4.1518
3570,4.152
3571,4.152
3572,4.1521
3573,4.1523
3574,4.1525
3575,4.1526
3576,4.1528
3577,4.1529
3578,4.1529
3579,4.1531
3580,4.1532
3581,4.1534
3582,4.1536
3583,4.1536
3584,4.1537
3585,4.1539
3586,4.154
3587,4.1542
3588,4.1542
3589,4.1544
3590,4.1545
3591,4.1547
3592,4.1548
3593,4.1548
3594,4.155
3595,4.1552
3596,4.1552
3597,4.1553
3598,4.1555
3599,4.1556
3600,4.1558
3601,4.1558
3602,4.156
3603,4.1561
3604,4.1561
3605,4.1563
3606,4.1564
3607,4.1566
3608,4.1566
3609,4.1567
3610,4.1569
3611,4.1569
3612,4.1571
3613,4.1572
3614,4.1572
3615,4.1574
3616,4.1575
3617,4.1575
3618,4.1577
3619,4.1579
3620,4.1579
3621,4.158
3622,4.1582
3623,4.1582
3624,4.1583
3625,4.1585
3626,4.1585
3627,4.1587
3628,4.1588
3629,4.1588
3630,4.159
3631,4.159
3632,4.1591
3633,4.1593
3634,4.1593
3635,4.1594
3636,4.1596
3637,4.1596
3638,4.1598
3639,4.1598
3640,4.1599
3641,4.1599
3642,4.1601
3643,4.1602
3644,4.1602
3645,4.1604
3646,4.1604
3647,4.1606
3648,4.1607
3649,4.1607
3650,4.1609
3651,4.1609
3652,4.161
3653,4.161
3654,4.1612
3655,4.1614
3656,4.1614
3657,4.1615
3658,4.1615
3659,4.1617
3660,4.1617
3661,4.1618
3662,4.1618
3663,4.162
3664,4.162
3665,4.1621
3666,4.1621
3667,4.1623
3668,4.1625
3669,4.1625
3670,4.1626
3671,4.1626
3672,4.1628
3673,4.1628
3674,4.1629
3675,4.1629
3676,4.1631
3677,4.1631
3678,4.1633
3679,4.1633
3680,4.1634
3681,4.1634
3682,4.1636
3683,4.1636
3684,4.1637
3685,4.1637
3686,4.1639
3687,4.1639
3688,4.1641
3689,4.1641
3690,4.1642
3691,4.1642
3692,4.1644
3693,4.1644
3694,4.1645
3695,4.1645
3696,4.1647
3697,4.1647
3698,4.1648
3699,4.1648
3700,4.165
3701,4.165
3702,4.1652
3703,4.1652
3704,4.1653
3705,4.1655
3706,4.1655
3707,4.1655
3708,4.1656
3709,4.1656
3710,4.1658
3711,4.166
3712,4.166
3713,4.166
3714,4.1661
3715,4.1661
3716,4.1663
3717,4.1663
3718,4.1664
3719,4.1664
3720,4.1666
3721,4.1666
3722,4.1668
3723,4.1669
3724,4.1669
3725,4.1669
3726,4.1671
3727,4.1672
3728,4.1672
3729,4.1672
3730,4.1674
3731,4.1675
3732,4.1675
3733,4.1677
3734,4.1677
3735,4.1679
3736,4.1679
3737,4.168
3738,4.168
3739,4.1682
3740,4.1682
3741,4.1683
3742,4.1683
3743,4.1685
3744,4.1685
3745,4.1687
3746,4.1687
3747,4.1688
3748,4.169
3749,4.169
3750,4.1691
3751,4.1691
3752,4.1693
3753,4.1693
3754,4.1695
3755,4.1695
3756,4.1696
3757,4.1696
3758,4.1698
3759,4.1699
3760,4.1699
3761,4.1701
3762,4.1701
3763,4.1702
3764,4.1702
3765,4.1704
3766,4.1706
3767,4.1706
3768,4.1707
3769,4.1707
3770,4.1709
3771,4.1709
3772,4.171
3773,4.171
3774,4.1712
3775,4.1714
3776,4.1714
3777,4.1715
3778,4.1717
3779,4.1717
3780,4.1718
3781,4.1718
3782,4.172
3783,4.1722
3784,4.1722
3785,4.1723
3786,4.1723
3787,4.1725
3788,4.1726
3789,4.1726
3790,4.1728
3791,4.173
3792,4.173
3793,4.1731
3794,4.1733
3795,4.1733
3796,4.1734
3797,4.1736
3798,4.1736
3799,4.1737
3800,4.1739
3801,4.1739
3802,4.1741
3803,4.1742
3804,4.1742
3805,4.1744
3806,4.1745
3807,4.1745
3808,4.1747
3809,4.1749
3810,4.1749
3811,4.175
3812,4.1752
3813,4.1753
3814,4.1753
3815,4.1755
3816,4.1757
3817,4.1757
3818,4.1758
3819,4.176
3820,4.1761
3821,4.1761
3822,4.1763
3823,4.1764
3824,4.1766
3825,4.1766
3826,4.1768
3827,4.1769
3828,4.1771
3829,4.1772
3830,4.1772
3831,4.1774
3832,4.1776
3833,4.1777
3834,4.1779
3835,4.1779
3836,4.178
3837,4.1782
3838,4.1784
3839,4.1785
3840,4.1787
3841,4.1787
3842,4.1788
3843,4.179
3844,4.1791
3845,4.1793
3846,4.1795
3847,4.1796
3848,4.1798
3849,4.1798
3850,4.1799
3851,4.1801
3852,4.1803
3853,4.1804
3854,4.1806
3855,4.1807
3856,4.1809
3857,4.1811
3858,4.1812
3859,4.1814
3860,4.1815
3861,4.1817
3862,4.1818
3863,4.1818
3864,4.1822
3865,4.1823
3866,4.1825
3867,4.1826
3868,4.1828
3869,4.183
3870,4.1831
3871,4.1833
3872,4.1834
3873,4.1836
3874,4.1838
3875,4.1839
3876,4.1841
3877,4.1842
3878,4.1844
3879,4.1846
3880,4.1849
3881,4.185
3882,4.1852
3883,4.1853
3884,4.1855
3885,4.1857
3886,4.1858
3887,4.1861
3888,4.1863
3889,4.1865
3890,4.1866
3891,4.1868
3892,4.1871
3893,4.1873
3894,4.1874
3895,4.1876
3896,4.1879
3897,4.188
3898,4.1882
3899,4.1885
3900,4.1887
3901,4.1888
3902,4.189
3903,4.1893
3904,4.1895
3905,4.1896
3906,4.19
3907,4.1901
3908,4.1904
3909,4.1906
3910,4.1909
3911,4.1911
3912,4.1912
3913,4.1915
3914,4.1917
3915,4.192
3916,4.1922
3917,4.1925
3918,4.1927
3919,4.193
3920,4.1933
3921,4.1934
3922,4.1938
3923,4.1939
3924,4.1942
3925,4.1946
3926,4.1947
3927,4.195
3928,4.1954
3929,4.1955
3930,4.1958
3931,4.1961
3932,4.1963
3933,4.1966
3934,4.1969
3935,4.1973
3936,4.1976
3937,4.1977
3938,4.1981
3939,4.1984
3940,4.1987
3941,4.199
3942,4.1993
3943,4.1996
3944,4.2
3945,4.2001
3946,4.2004
3947,4.2008
3948,4.2011
3949,4.2014
3950,4.2019
3951,4.2022
3952,4.2025
3953,4.2028
3954,4.2031
3955,4.2035
3956,4.2038
3957,4.2041
3958,4.2046
3959,4.2049
3960,4.2052
3961,4.2055
3962,4.206
3963,4.2063
3964,4.2066
3965,4.2071
3966,4.2074
3967,4.2077
3968,4.2082
3969,4.2085
3970,4.209
3971,4.2093
3972,4.2098
3973,4.2101
3974,4.2106
3975,4.2109
3976,4.2114
3977,4.2119
3978,4.2122
3979,4.2127
3980,4.2132
3981,4.2136
3982,4.2139
3983,4.2144
3984,4.2149
3985,4.2154
3986,4.2159
3987,4.2162
3988,4.2168
3989,4.2171
3990,4.2178
3991,4.2181
3992,4.2187
3993,4.2192
3994,4.2197
3995,4.2201
3996,4.2206
3997,4.2211
3998,4.2216
3999,4.2222
4000,4.2227
4001,4.2232
4002,4.2238
4003,4.2243
4004,4.2248
4005,4.2254
4006,4.2259
4007,4.2265
4008,4.227
4009,4.2276
4010,4.2282
4011,4.2287
4012,4.2294
4013,4.23
4014,4.2305
4015,4.2311
4016,4.2317
4017,4.2322
4018,4.2329
4019,4.2335
4020,4.2341
4021,4.2348
4022,4.2354
4023,4.236
4024,4.2367
4025,4.2375
4026,4.2381
4027,4.2387
4028,4.2394
4029,4.24
4030,4.2406
4031,4.2414
4032,4.2421
4033,4.2427
4034,4.2435
4035,4.2441
4036,4.2449
4037,4.2456
4038,4.2464
4039,4.2472
4040,4.2478
4041,4.2486
4042,4.2494
4043,4.25
4044,4.2508
4045,4.2516
4046,4.2524
4047,4.2532
4048,4.254
4049,4.2548
4050,4.2556
4051,4.2564
4052,4.2572
4053,4.258
4054,4.2588
4055,4.2595
4056,4.2605
4057,4.2613
4058,4.2621
4059,4.263
4060,4.2638
4061,4.2646
4062,4.2656
4063,4.2664
4064,4.2673
4065,4.2681
4066,4.2691
4067,4.27
4068,4.2708
4069,4.2718
4070,4.2727
4071,4.2737
4072,4.2746
4073,4.2756
4074,4.2764
4075,4.2773
4076,4.2783
4077,4.2792
4078,4.2802
4079,4.2812
4080,4.2823
4081,4.2832
4082,4.2842
4083,4.2851
4084,4.2861
4085,4.2872
4086,4.2881
4087,4.2891
4088,4.2902
4089,4.2912
4090,4.2923
4091,4.2932
4092,4.2943
4093,4.2955
4094,4.2964
4095,4.2975
4096,4.2986
4097,4.2996
4098,4.2999
4099,4.2997
4100,4.2999
4101,4.2999
4102,4.2999
4103,4.2999
4104,4.2999
4105,4.2999
4106,4.2972
4107,4.2953
4108,4.2945
4109,4.294
4110,4.2935
4111,4.293
4112,4.2927
4113,4.2924
4114,4.2923
4115,4.2919
4116,4.2918
4117,4.2915
4118,4.2913
4119,4.2911
4120,4.291
4121,4.2908
4122,4.2907
4123,4.2905
4124,4.2905
4125,4.2903
4126,4.2902
4127,4.2902
4128,4.29
4129,4.2899
4130,4.2899
4131,4.2897
4132,4.2895
4133,4.2895
4134,4.2894
4135,4.2894
4136,4.2892
4137,4.2892
4138,4.2891
4139,4.2891
4140,4.2889
4141,4.2889
4142,4.2888
4143,4.2888
4144,4.2886
4145,4.2886
4146,4.2884
4147,4.2884
4148,4.2883
4149,4.2883
4150,4.2883
4151,4.2881
4152,4.2881
4153,4.288
4154,4.288
4155,4.288
4156,4.2878
4157,4.2878
4158,4.2878
4159,4.2876
4160,4.2876
4161,4.2876
4162,4.2875
4163,4.2875
4164,4.2875
4165,4.2873
4166,4.2873
4167,4.2873
4168,4.2873
4169,4.2872
4170,4.2872
4171,4.287
4172,4.287
4173,4.287
4174,4.287
4175,4.2868
4176,4.2868
4177,4.2868
4178,4.2868
4179,4.2867
4180,4.2867
4181,4.2867
4182,4.2865
4183,4.2865
4184,4.2865
4185,4.2865
4186,4.2864
4187,4.2864
4188,4.2864
4189,4.2864
4190,4.2862
4191,4.2862
4192,4.2862
4193,4.2862
4194,4.2861
4195,4.2861
4196,4.2861
4197,4.2861
4198,4.2861
4199,4.2859
4200,4.2859
4201,4.2859
4202,4.2859
4203,4.2857
4204,4.2857
4205,4.2857
4206,4.2857
4207,4.2856
4208,4.2856
4209,4.2856
4210,4.2856
4211,4.2856
4212,4.2854
4213,4.2854
4214,4.2854
4215,4.2854
4216,4.2853
4217,4.2853
4218,4.2853
4219,4.2853
4220,4.2853
4221,4.2853
4222,4.2851
4223,4.2851
4224,4.2851
4225,4.2851
4226,4.2849
4227,4.2849
4228,4.2849
4229,4.2849
4230,4.2849
4231,4.2849
4232,4.2848
4233,4.2848
4234,4.2848
4235,4.2848
4236,4.2848
4237,4.2848
4238,4.2846
4239,4.2846
4240,4.2846
4241,4.2846
4242,4.2846
4243,4.2845
4244,4.2845
4245,4.2845
4246,4.2845
4247,4.2845
4248,4.2843
4249,4.2843
4250,4.2843
4251,4.2843
4252,4.2843
4253,4.2843
4254,4.2841
4255,4.2841
4256,4.2841
4257,4.2841
4258,4.2841
4259,4.2841
4260,4.284
4261,4.284
4262,4.284
4263,4.284
4264,4.284
4265,4.284
4266,4.284
4267,4.2838
4268,4.2838
4269,4.2838
4270,4.2838
4271,4.2838
4272,4.2838
4273,4.2838
4274,4.2838
4275,4.2837
4276,4.2837
4277,4.2837
4278,4.2837
4279,4.2837
4280,4.2837
4281,4.2835
4282,4.2835
4283,4.2835
4284,4.2835
4285,4.2835
4286,4.2835
4287,4.2776
4288,4.273
4289,4.2708
4290,4.2689
4291,4.2673
4292,4.2657
4293,4.2643
4294,4.2629
4295,4.2614
4296,4.2602
4297,4.2589
4298,4.2576
4299,4.2565
4300,4.2552
4301,4.2541
4302,4.2528
4303,4.2517
4304,4.2506
4305,4.2495
4306,4.2486
4307,4.2474
4308,4.2463
4309,4.2452
4310,4.2443
4311,4.2433
4312,4.2422
4313,4.2412
4314,4.2403
4315,4.2393
4316,4.2382
4317,4.2373
4318,4.2365
4319,4.2355
4320,4.2346
4321,4.2336
4322,4.2327
4323,4.2319
4324,4.2309
4325,4.23
4326,4.2292
4327,4.2282
4328,4.2274
4329,4.2266
4330,4.2257
4331,4.2249
4332,4.2241
4333,4.2233
4334,4.2225
4335,4.2217
4336,4.2209
4337,4.2201
4338,4.2193
4339,4.2185
4340,4.2177
4341,4.2169
4342,4.2163
4343,4.2155
4344,4.2147
4345,4.2141
4346,4.2133
4347,4.2126
4348,4.212
4349,4.2112
4350,4.2106
4351,4.2098
4352,4.2091
4353,4.2085
4354,4.2079
4355,4.2072
4356,4.2066
4357,4.206
4358,4.2053
4359,4.2047
4360,4.2039
4361,4.2034
4362,4.2028
4363,4.2022
4364,4.2015
4365,4.201
4366,4.2004
4367,4.1998
4368,4.1993
4369,4.1987
4370,4.198
4371,4.1975
4372,4.1969
4373,4.1964
4374,4.196
4375,4.1953
4376,4.1948
4377,4.1944
4378,4.1937
4379,4.1933
4380,4.1928
4381,4.1923
4382,4.1918
4383,4.1914
4384,4.1909
4385,4.1904
4386,4.1898
4387,4.1894
4388,4.189
4389,4.1885
4390,4.188
4391,4.1875
4392,4.1871
4393,4.1866
4394,4.1863
4395,4.1858
4396,4.1853
4397,4.1848
4398,4.1845
4399,4.184
4400,4.1837
4401,4.1832
4402,4.1829
4403,4.1825
4404,4.1821
4405,4.1817
4406,4.1813
4407,4.1809
4408,4.1805
4409,4.1802
4410,4.1798
4411,4.1794
4412,4.1791
4413,4.1788
4414,4.1783
4415,4.178
4416,4.1777
4417,4.1774
4418,4.1771
4419,4.1767
4420,4.1764
4421,4.1761
4422,4.1756
4423,4.1753
4424,4.175
4425,4.1747
4426,4.1744
4427,4.1742
4428,4.1739
4429,4.1736
4430,4.1732
4431,4.1729
4432,4.1726
4433,4.1723
4434,4.1721
4435,4.1718
4436,4.1715
4437,4.1712
4438,4.171
4439,4.1707
4440,4.1704
4441,4.1702
4442,4.1699
4443,4.1696
4444,4.1694
4445,4.1691
4446,4.1689
4447,4.1686
4448,4.1683
4449,4.1682
4450,4.1678
4451,4.1677
4452,4.1674
4453,4.1672
4454,4.1669
4455,4.1667
4456,4.1664
4457,4.1662
4458,4.1661
4459,4.1658
4460,4.1656
4461,4.1653
4462,4.1651
4463,4.165
4464,4.1647
4465,4.1645
4466,4.1643
4467,4.164
4468,4.1639
4469,4.1637
4470,4.1635
4471,4.1632
4472,4.1631
4473,4.1629
4474,4.1628
4475,4.1626
4476,4.1623
4477,4.1621
4478,4.162
4479,4.1618
4480,4.1616
4481,4.1615
4482,4.1612
4483,4.161
4484,4.1608
4485,4.1607
4486,4.1605
4487,4.1604
4488,4.1602
4489,4.16
4490,4.1599
4491,4.1597
4492,4.1596
4493,4.1594
4494,4.1593
4495,4.1591
4496,4.1589
4497,4.1588
4498,4.1586
4499,4.1585
4500,4.1583
4501,4.1581
4502,4.158
4503,4.1578
4504,4.1577
4505,4.1575
4506,4.1573
4507,4.1572
4508,4.157
4509,4.1569
4510,4.1569
4511,4.1567
4512,4.1566
4513,4.1564
4514,4.1562
4515,4.1561
4516,4.1559
4517,4.1559
4518,4.1558
4519,4.1556
4520,4.1554
4521,4.1553
4522,4.1553
4523,4.1551
4524,4.155
4525,4.1548
4526,4.1546
4527,4.1546
4528,4.1545
4529,4.1543
4530,4.1542
4531,4.1542
4532,4.154
4533,4.1539
4534,4.1537
4535,4.1537
4536,4.1535
4537,4.1534
4538,4.1534
4539,4.1532
4540,4.1531
4541,4.1529
4542,4.1529
4543,4.1527
4544,4.1526
4545,4.1526
4546,4.1524
4547,4.1523
4548,4.1523
4549,4.1521
4550,4.1519
4551,4.1519
4552,4.1518
4553,4.1516
4554,4.1516
4555,4.1515
4556,4.1513
4557,4.1513
4558,4.1512
4559,4.1512
4560,4.151
4561,4.1508
4562,4.1508
4563,4.1507
4564,4.1507
4565,4.1505
4566,4.1504
4567,4.1504
4568,4.1502
4569,4.1502
4570,4.15
4571,4.1499
4572,4.1499
4573,4.1497
4574,4.1497
4575,4.1496
4576,4.1496
4577,4.1494
4578,4.1494
4579,4.1492
4580,4.1491
4581,4.1491
4582,4.1489
4583,4.1489
4584,4.1488
4585,4.1488
4586,4.1486
4587,4.1486
4588,4.1484
4589,4.1484
4590,4.1483
4591,4.1483
4592,4.1481
4593,4.1481
4594,4.148
4595,4.1478
4596,4.1478
4597,4.1477
4598,4.1477
4599,4.1477
4600,4.1475
4601,4.1473
4602,4.1473
4603,4.1473
4604,4.1472
4605,4.147
4606,4.147
4607,4.147
4608,4.1469
4609,4.1467
4610,4.1467
4611,4.1467
4612,4.1465
4613,4.1465
4614,4.1464
4615,4.1464
4616,4.1462
4617,4.1462
4618,4.1461
4619,4.1461
4620,4.1459
4621,4.1459
4622,4.1457
4623,4.1457
4624,4.1456
4625,4.1456
4626,4.1454
4627,4.1454
4628,4.1453
4629,4.1453
4630,4.1451
4631,4.1451
4632,4.1451
4633,4.145
4634,4.145
4635,4.1448
4636,4.1448
4637,4.1446
4638,4.1446
4639,4.1445
4640,4.1445
4641,4.1445
4642,4.1443
4643,4.1442
4644,4.1442
4645,4.1442
4646,4.144
4647,4.144
4648,4.1438
4649,4.1438
4650,4.1437
4651,4.1437
4652,4.1437
4653,4.1435
4654,4.1435
4655,4.1434
4656,4.1434
4657,4.1432
4658,4.1432
4659,4.143
4660,4.143
4661,4.143
4662,4.1429
4663,4.1429
4664,4.1427
4665,4.1427
4666,4.1426
4667,4.1426
4668,4.1424
4669,4.1424
4670,4.1423
4671,4.1423
4672,4.1423
4673,4.1421
4674,4.1421
4675,4.1419
4676,4.1419
4677,4.1418
4678,4.1418
4679,4.1418
4680,4.1416
4681,4.1416
4682,4.1415
4683,4.1415
4684,4.1413
4685,4.1413
4686,4.1411
4687,4.1411
4688,4.141
4689,4.141
4690,4.141
4691,4.1408
4692,4.1408
4693,4.1407
4694,4.1407
4695,4.1405
4696,4.1405
4697,4.1403
4698,4.1403
4699,4.1402
4700,4.1402
4701,4.14
4702,4.14
4703,4.14
4704,4.1399
4705,4.1399
4706,4.1397
4707,4.1397
4708,4.1396
4709,4.1396
4710,4.1396
4711,4.1394
4712,4.1394
4713,4.1392
4714,4.1392
4715,4.1391
4716,4.1391
4717,4.1389
4718,4.1389
4719,4.1388
4720,4.1388
4721,4.1386
4722,4.1386
4723,4.1384
4724,4.1384
4725,4.1383
4726,4.1383
4727,4.1381
4728,4.1381
4729,4.138
4730,4.138
4731,4.1378
4732,4.1378
4733,4.1376
4734,4.1376
4735,4.1376
4736,4.1375
4737,4.1373
4738,4.1373
4739,4.1373
4740,4.1372
4741,4.137
4742,4.137
4743,4.137
4744,4.1369
4745,4.1367
4746,4.1367
4747,4.1367
4748,4.1365
4749,4.1365
4750,4.1364
4751,4.1362
4752,4.1362
4753,4.1361
4754,4.1361
4755,4.1359
4756,4.1359
4757,4.1357
4758,4.1356
4759,4.1356
4760,4.1354
4761,4.1354
4762,4.1353
4763,4.1353
4764,4.1351
4765,4.1349
4766,4.1349
4767,4.1348
4768,4.1348
4769,4.1346
4770,4.1346
4771,4.1345
4772,4.1343
4773,4.1343
4774,4.1341
4775,4.1341
4776,4.134
4777,4.1338
4778,4.1338
4779,4.1337
4780,4.1337
4781,4.1335
4782,4.1334
4783,4.1334
4784,4.1332
4785,4.1332
4786,4.133
4787,4.1329
4788,4.1327
4789,4.1327
4790,4.1326
4791,4.1326
4792,4.1324
4793,4.1322
4794,4.1322
4795,4.1321
4796,4.1319
4797,4.1319
4798,4.1318
4799,4.1316
4800,4.1314
4801,4.1314
4802,4.1313
4803,4.1311
4804,4.1311
4805,4.131
4806,4.1308
4807,4.1308
4808,4.1307
4809,4.1305
4810,4.1303
4811,4.1302
4812,4.1302
4813,4.13
4814,4.1299
4815,4.1297
4816,4.1297
4817,4.1295
4818,4.1294
4819,4.1292
4820,4.1292
4821,4.1291
4822,4.1289
4823,4.1287
4824,4.1286
4825,4.1284
4826,4.1283
4827,4.1283
4828,4.1281
4829,4.128
4830,4.1278
4831,4.1276
4832,4.1276
4833,4.1275
4834,4.1273
4835,4.1272
4836,4.127
4837,4.1268
4838,4.1267
4839,4.1265
4840,4.1264
4841,4.1262
4842,4.1262
4843,4.126
4844,4.1259
4845,4.1257
4846,4.1256
4847,4.1254
4848,4.1253
4849,4.1251
4850,4.1249
4851,4.1248
4852,4.1246
4853,4.1245
4854,4.1243
4855,4.1241
4856,4.124
4857,4.1238
4858,4.1237
4859,4.1235
4860,4.1233
4861,4.1232
4862,4.123
4863,4.1229
4864,4.1227
4865,4.1225
4866,4.1224
4867,4.1222
4868,4.1221
4869,4.1219
4870,4.1216
4871,4.1214
4872,4.1213
4873,4.1211
4874,4.121
4875,4.1208
4876,4.1206
4877,4.1205
4878,4.1203
4879,4.1202
4880,4.1198
4881,4.1197
4882,4.1195
4883,4.1194
4884,4.1192
4885,4.1189
4886,4.1187
4887,4.1186
4888,4.1184
4889,4.1183
4890,4.1179
4891,4.1178
4892,4.1176
4893,4.1175
4894,4.1173
4895,4.117
4896,4.1168
4897,4.1167
4898,4.1165
4899,4.1162
4900,4.116
4901,4.1159
4902,4.1156
4903,4.1154
4904,4.1152
4905,4.1151
4906,4.1148
4907,4.1146
4908,4.1144
4909,4.1141
4910,4.114
4911,4.1138
4912,4.1135
4913,4.1133
4914,4.1132
4915,4.1129
4916,4.1127
4917,4.1125
4918,4.1122
4919,4.1121
4920,4.1117
4921,4.1116
4922,4.1114
4923,4.1111
4924,4.111
4925,4.1106
4926,4.1105
4927,4.1102
4928,4.11
4929,4.1098
4930,4.1095
4931,4.1094
4932,4.109
4933,4.1089
4934,4.1086
4935,4.1084
4936,4.1081
4937,4.1079
4938,4.1076
4939,4.1075
4940,4.1071
4941,4.107
4942,4.1067
4943,4.1065
4944,4.1062
4945,4.106
4946,4.1057
4947,4.1054
4948,4.1052
4949,4.1049
4950,4.1048
4951,4.1044
4952,4.1043
4953,4.104
4954,4.1036
4955,4.1035
4956,4.1032
4957,4.103
4958,4.1027
4959,4.1024
4960,4.1022
4961,4.1019
4962,4.1016
4963,4.1014
4964,4.1011
4965,4.1009
4966,4.1006
4967,4.1003
4968,4.1
4969,4.0998
4970,4.0995
4971,4.0992
4972,4.099
4973,4.0987
4974,4.0984
4975,4.0982
4976,4.0979
4977,4.0976
4978,4.0974
4979,4.0971
4980,4.0968
4981,4.0965
4982,4.0963
4983,4.096
4984,4.0957
4985,4.0954
4986,4.0952
4987,4.0949
4988,4.0946
4989,4.0943
4990,4.0941
4991,4.0938
4992,4.0935
4993,4.0932
4994,4.093
4995,4.0927
4996,4.0924
4997,4.092
4998,4.0917
4999,4.0914
5000,4.0912
5001,4.0909
5002,4.0906
5003,4.0903
5004,4.09
5005,4.0898
5006,4.0895
5007,4.0892
5008,4.0889
5009,4.0885
5010,4.0882
5011,4.0879
5012,4.0876
5013,4.0874
5014,4.0871
5015,4.0868
5016,4.0865
5017,4.0862
5018,4.0858
5019,4.0855
5020,4.0852
5021,4.085
5022,4.0847
5023,4.0844
5024,4.0841
5025,4.0838
5026,4.0835
5027,4.0831
5028,4.0828
5029,4.0825
5030,4.0822
5031,4.0819
5032,4.0817
5033,4.0814
5034,4.0811
5035,4.0808
5036,4.0804
5037,4.0801
5038,4.0798
5039,4.0795
5040,4.0792
5041,4.0789
5042,4.0785
5043,4.0782
5044,4.0779
5045,4.0776
5046,4.0774
5047,4.0769
5048,4.0768
5049,4.0765
5050,4.0762
5051,4.0758
5052,4.0755
5053,4.0752
5054,4.0749
5055,4.0746
5056,4.0742
5057,4.0739
5058,4.0736
5059,4.0733
5060,4.073
5061,4.0727
5062,4.0723
5063,4.072
5064,4.0717
5065,4.0714
5066,4.0711
5067,4.0707
5068,4.0704
5069,4.0701
5070,4.0698
5071,4.0695
5072,4.0692
5073,4.0688
5074,4.0685
5075,4.0682
5076,4.0679
5077,4.0676
5078,4.0673
5079,4.0669
5080,4.0666
5081,4.0663
5082,4.066
5083,4.0657
5084,4.0653
5085,4.065
5086,4.0647
5087,4.0644
5088,4.0642
5089,4.0639
5090,4.0636
5091,4.0633
5092,4.063
5093,4.0626
5094,4.0623
5095,4.062
5096,4.0617
5097,4.0614
5098,4.0611
5099,4.0607
5100,4.0604
5101,4.0601
5102,4.0598
5103,4.0595
5104,4.0591
5105,4.0588
5106,4.0585
5107,4.0582
5108,4.0579
5109,4.0576
5110,4.0574
5111,4.0571
5112,4.0568
5113,4.0564
5114,4.0561
5115,4.0558
5116,4.0555
5117,4.0552
5118,4.0549
5119,4.0545
5120,4.0542
5121,4.0539
5122,4.0537
5123,4.0534
5124,4.0531
5125,4.0528
5126,4.0525
5127,4.0522
5128,4.0518
5129,4.0515
5130,4.0514
5131,4.051
5132,4.0507
5133,4.0504
5134,4.0501
5135,4.0498
5136,4.0495
5137,4.0493
5138,4.049
5139,4.0487
5140,4.0483
5141,4.048
5142,4.0477
5143,4.0476
5144,4.0472
5145,4.0469
5146,4.0466
5147,4.0463
5148,4.0461
5149,4.0458
5150,4.0455
5151,4.0452
5152,4.0448
5153,4.0447
5154,4.0444
5155,4.0441
5156,4.0437
5157,4.0436
5158,4.0433
5159,4.0429
5160,4.0426
5161,4.0425
5162,4.0421
5163,4.0418
5164,4.0415
5165,4.0414
5166,4.041
5167,4.0407
5168,4.0406
5169,4.0402
5170,4.0399
5171,4.0396
5172,4.0394
5173,4.0391
5174,4.039
5175,4.0387
5176,4.0383
5177,4.038
5178,4.0379
5179,4.0375
5180,4.0374
5181,4.0371
5182,4.0367
5183,4.0366
5184,4.0363
5185,4.036
5186,4.0358
5187,4.0355
5188,4.0353
5189,4.035
5190,4.0348
5191,4.0345
5192,4.0342
5193,4.034
5194,4.0337
5195,4.0336
5196,4.0333
5197,4.0331
5198,4.0328
5199,4.0326
5200,4.0323
5201,4.032
5202,4.0318
5203,4.0315
5204,4.0313
5205,4.031
5206,4.0309
5207,4.0307
5208,4.0304
5209,4.0302
5210,4.0299
5211,4.0298
5212,4.0294
5213,4.0293
5214,4.029
5215,4.0288
5216,4.0285
5217,4.0283
5218,4.0282
5219,4.0278
5220,4.0277
5221,4.0274
5222,4.0272
5223,4.0271
5224,4.0267
5225,4.0266
5226,4.0264
5227,4.0261
5228,4.0259
5229,4.0256
5230,4.0255
5231,4.0253
5232,4.025
5233,4.0248
5234,4.0247
5235,4.0244
5236,4.0242
5237,4.024
5238,4.0237
5239,4.0236
5240,4.0234
5241,4.0232
5242,4.0229
5243,4.0228
5244,4.0226
5245,4.0223
5246,4.0221
5247,4.022
5248,4.0218
5249,4.0215
5250,4.0213
5251,4.0212
5252,4.021
5253,4.0207
5254,4.0205
5255,4.0204
5256,4.0202
5257,4.0201
5258,4.0197
5259,4.0196
5260,4.0194
5261,4.0193
5262,4.0191
5263,4.0188
5264,4.0186
5265,4.0185
5266,4.0183
5267,4.0182
5268,4.0178
5269,4.0177
5270,4.0175
5271,4.0174
5272,4.0172
5273,4.017
5274,4.0167
5275,4.0166
5276,4.0164
5277,4.0162
5278,4.0161
5279,4.0159
5280,4.0158
5281,4.0156
5282,4.0155
5283,4.0151
5284,4.015
5285,4.0148
5286,4.0147
5287,4.0145
5288,4.0143
5289,4.0142
5290,4.014
5291,4.0139
5292,4.0135
5293,4.0134
5294,4.0132
5295,4.0131
5296,4.0129
5297,4.0128
5298,4.0126
5299,4.0124
5300,4.0123
5301,4.0121
5302,4.012
5303,4.0118
5304,4.0116
5305,4.0115
5306,4.0113
5307,4.0112
5308,4.011
5309,4.0107
5310,4.0105
5311,4.0104
5312,4.0102
5313,4.0102
5314,4.0099
5315,4.0097
5316,4.0096
5317,4.0094
5318,4.0093
5319,4.0091
5320,4.0089
5321,4.0088
5322,4.0086
5323,4.0085
5324,4.0083
5325,4.0081
5326,4.008
5327,4.0078
5328,4.0077
5329,4.0075
5330,4.0074
5331,4.0072
5332,4.007
5333,4.0069
5334,4.0067
5335,4.0066
5336,4.0064
5337,4.0062
5338,4.0061
5339,4.0059
5340,4.0058
5341,4.0056
5342,4.0054
5343,4.0053
5344,4.0051
5345,4.005
5346,4.0048
5347,4.0048
5348,4.0046
5349,4.0046
5350,4.0045
5351,4.0045
5352,4.0043
5353,4.0043
5354,4.0042
5355,4.0042
5356,4.004
5357,4.004
5358,4.0039
5359,4.0039
5360,4.0037
5361,4.0037
5362,4.0035
5363,4.0035
5364,4.0034
5365,4.0034
5366,4.0032
5367,4.0032
5368,4.0031
5369,4.0031
5370,4.0029
5371,4.0029
5372,4.0027
5373,4.0027
5374,4.0026
5375,4.0026
5376,4.0024
5377,4.0024
5378,4.0023
5379,4.0023
5380,4.0021
5381,4.0021
5382,4.0019
5383,4.0019
5384,4.0018
5385,4.0018
5386,4.0016
5387,4.0016
5388,4.0015
5389,4.0013
5390,4.0012
5391,4.001
5392,4.0008
5393,4.0007
5394,4.0005
5395,4.0004
5396,4.0002
5397,4.0
5398,3.9999
5399,3.9997
5400,3.9996
5401,3.9994
5402,3.9992
5403,3.9991
5404,3.9989
5405,3.9988
5406,3.9986
5407,3.9985
5408,3.9983
5409,3.9981
5410,3.998
5411,3.9978
5412,3.9977
5413,3.9973
5414,3.9972
5415,3.997
5416,3.9969
5417,3.9967
5418,3.9965
5419,3.9964
5420,3.9962
5421,3.9961
5422,3.9959
5423,3.9958
5424,3.9956
5425,3.9954
5426,3.9953
5427,3.9951
5428,3.995
5429,3.9946
5430,3.9945
5431,3.9943
5432,3.9942
5433,3.994
5434,3.9938
5435,3.9937
5436,3.9935
5437,3.9934
5438,3.9932
5439,3.993
5440,3.9927
5441,3.9926
5442,3.9924
5443,3.9923
5444,3.9921
5445,3.9919
5446,3.9918
5447,3.9916
5448,3.9915
5449,3.9911
5450,3.991
5451,3.9908
5452,3.9907
5453,3.9905
5454,3.9903
5455,3.99
5456,3.9899
5457,3.9897
5458,3.9896
5459,3.9894
5460,3.9892
5461,3.9889
5462,3.9888
5463,3.9886
5464,3.9884
5465,3.9883
5466,3.9881
5467,3.9878
5468,3.9876
5469,3.9875
5470,3.9873
5471,3.987
5472,3.9869
5473,3.9867
5474,3.9865
5475,3.9864
5476,3.9861
5477,3.9859
5478,3.9857
5479,3.9856
5480,3.9853
5481,3.9851
5482,3.9849
5483,3.9846
5484,3.9845
5485,3.9843
5486,3.9842
5487,3.9838
5488,3.9837
5489,3.9835
5490,3.9832
5491,3.983
5492,3.9829
5493,3.9827
5494,3.9824
5495,3.9822
5496,3.9821
5497,3.9818
5498,3.9816
5499,3.9815
5500,3.9811
5501,3.981
5502,3.9808
5503,3.9805
5504,3.9803
5505,3.98
5506,3.9799
5507,3.9797
5508,3.9794
5509,3.9792
5510,3.9791
5511,3.9787
5512,3.9786
5513,3.9783
5514,3.9781
5515,3.978
5516,3.9776
5517,3.9775
5518,3.9772
5519,3.977
5520,3.9767
5521,3.9765
5522,3.9764
5523,3.976
5524,3.9759
5525,3.9756
5526,3.9754
5527,3.9751
5528,3.9749
5529,3.9746
5530,3.9745
5531,3.9743
5532,3.974
5533,3.9738
5534,3.9735
5535,3.9733
5536,3.973
5537,3.9727
5538,3.9726
5539,3.9722
5540,3.9721
5541,3.9719
5542,3.9716
5543,3.9713
5544,3.9711
5545,3.9708
5546,3.9706
5547,3.9703
5548,3.9702
5549,3.9699
5550,3.9697
5551,3.9694
5552,3.9691
5553,3.9689
5554,3.9686
5555,3.9684
5556,3.9681
5557,3.9679
5558,3.9676
5559,3.9673
5560,3.9671
5561,3.9668
5562,3.9667
5563,3.9664
5564,3.966
5565,3.9659
5566,3.9656
5567,3.9654
5568,3.9651
5569,3.9648
5570,3.9646
5571,3.9643
5572,3.964
5573,3.9638
5574,3.9635
5575,3.9632
5576,3.963
5577,3.9627
5578,3.9624
5579,3.9622
5580,3.9619
5581,3.9616
5582,3.9614
5583,3.9611
5584,3.9608
5585,3.9606
5586,3.9603
5587,3.96
5588,3.9598
5589,3.9595
5590,3.9592
5591,3.9589
5592,3.9587
5593,3.9584
5594,3.9581
5595,3.9579
5596,3.9576
5597,3.9573
5598,3.9571
5599,3.9568
5600,3.9565
5601,3.9562
5602,3.956
5603,3.9557
5604,3.9554
5605,3.9551
5606,3.9549
5607,3.9546
5608,3.9543
5609,3.954
5610,3.9538
5611,3.9535
5612,3.9532
5613,3.953
5614,3.9527
5615,3.9524
5616,3.9521
5617,3.9519
5618,3.9516
5619,3.9513
5620,3.9509
5621,3.9508
5622,3.9505
5623,3.9501
5624,3.9498
5625,3.9495
5626,3.9494
5627,3.949
5628,3.9487
5629,3.9484
5630,3.9482
5631,3.9479
5632,3.9476
5633,3.9473
5634,3.947
5635,3.9468
5636,3.9465
5637,3.9462
5638,3.9459
5639,3.9457
5640,3.9454
5641,3.9451
5642,3.9447
5643,3.9446
5644,3.9443
5645,3.944
5646,3.9436
5647,3.9433
5648,3.9432
5649,3.9428
5650,3.9425
5651,3.9422
5652,3.942
5653,3.9417
5654,3.9414
5655,3.9411
5656,3.9409
5657,3.9406
5658,3.9403
5659,3.94
5660,3.9397
5661,3.9395
5662,3.9392
5663,3.9389
5664,3.9385
5665,3.9384
5666,3.9381
5667,3.9378
5668,3.9374
5669,3.9371
5670,3.937
5671,3.9366
5672,3.9363
5673,3.936
5674,3.9358
5675,3.9355
5676,3.9352
5677,3.9349
5678,3.9347
5679,3.9344
5680,3.9341
5681,3.9338
5682,3.9336
5683,3.9333
5684,3.933
5685,3.9327
5686,3.9325
5687,3.9322
5688,3.9319
5689,3.9316
5690,3.9314
5691,3.9311
5692,3.9308
5693,3.9306
5694,3.9303
5695,3.93
5696,3.9296
5697,3.9295
5698,3.9292
5699,3.9289
5700,3.9287
5701,3.9284
5702,3.9281
5703,3.9277
5704,3.9276
5705,3.9273
5706,3.9269
5707,3.9268
5708,3.9265
5709,3.9262
5710,3.9258
5711,3.9257
5712,3.9254
5713,3.925
5714,3.9249
5715,3.9246
5716,3.9242
5717,3.9241
5718,3.9238
5719,3.9235
5720,3.9233
5721,3.923
5722,3.9227
5723,3.9225
5724,3.9222
5725,3.9219
5726,3.9217
5727,3.9214
5728,3.9211
5729,3.9209
5730,3.9206
5731,3.9203
5732,3.9201
5733,3.9198
5734,3.9195
5735,3.9193
5736,3.919
5737,3.9188
5738,3.9185
5739,3.9182
5740,3.9181
5741,3.9177
5742,3.9174
5743,3.9173
5744,3.9169
5745,3.9168
5746,3.9165
5747,3.9161
5748,3.916
5749,3.9157
5750,3.9155
5751,3.9152
5752,3.9149
5753,3.9147
5754,3.9144
5755,3.9142
5756,3.9139
5757,3.9136
5758,3.9134
5759,3.9131
5760,3.913
5761,3.9126
5762,3.9125
5763,3.9122
5764,3.9119
5765,3.9117
5766,3.9114
5767,3.9112
5768,3.9109
5769,3.9107
5770,3.9104
5771,3.9101
5772,3.9099
5773,3.9096
5774,3.9095
5775,3.9092
5776,3.909
5777,3.9087
5778,3.9085
5779,3.9082
5780,3.908
5781,3.9077
5782,3.9074
5783,3.9072
5784,3.9069
5785,3.9068
5786,3.9065
5787,3.9063
5788,3.906
5789,3.9058
5790,3.9055
5791,3.9053
5792,3.905
5793,3.9049
5794,3.9045
5795,3.9044
5796,3.9041
5797,3.9039
5798,3.9036
5799,3.9034
5800,3.9031
5801,3.903
5802,3.9026
5803,3.9025
5804,3.9022
5805,3.902
5806,3.9017
5807,3.9015
5808,3.9012
5809,3.901
5810,3.9007
5811,3.9006
5812,3.9004
5813,3.9001
5814,3.8999
5815,3.8996
5816,3.8995
5817,3.8991
5818,3.899
5819,3.8987
5820,3.8985
5821,3.8982
5822,3.898
5823,3.8977
5824,3.8976
5825,3.8972
5826,3.8971
5827,3.8969
5828,3.8966
5829,3.8964
5830,3.8961
5831,3.896
5832,3.8956
5833,3.8955
5834,3.8952
5835,3.895
5836,3.8947
5837,3.8945
5838,3.8944
5839,3.8941
5840,3.8939
5841,3.8936
5842,3.8934
5843,3.8931
5844,3.8929
5845,3.8926
5846,3.8925
5847,3.8923
5848,3.892
5849,3.8918
5850,3.8915
5851,3.8914
5852,3.891
5853,3.8909
5854,3.8906
5855,3.8904
5856,3.8902
5857,3.8899
5858,3.8898
5859,3.8894
5860,3.8893
5861,3.889
5862,3.8888
5863,3.8887
5864,3.8883
5865,3.8882
5866,3.8879
5867,3.8877
5868,3.8874
5869,3.8872
5870,3.8871
5871,3.8867
5872,3.8866
5873,3.8863
5874,3.8861
5875,3.8858
5876,3.8856
5877,3.8855
5878,3.8852
5879,3.885
5880,3.8847
5881,3.8845
5882,3.8842
5883,3.884
5884,3.8837
5885,3.8836
5886,3.8834
5887,3.8831
5888,3.8829
5889,3.8826
5890,3.8825
5891,3.8821
5892,3.882
5893,3.8818
5894,3.8815
5895,3.8813
5896,3.881
5897,3.8809
5898,3.8806
5899,3.8804
5900,3.8801
5901,3.8799
5902,3.8798
5903,3.8794
5904,3.8793
5905,3.879
5906,3.8788
5907,3.8785
5908,3.8783
5909,3.878
5910,3.8778
5911,3.8777
5912,3.8774
5913,3.8772
5914,3.8769
5915,3.8767
5916,3.8764
5917,3.8763
5918,3.8759
5919,3.8758
5920,3.8755
5921,3.8753
5922,3.875
5923,3.8748
5924,3.8747
5925,3.8744
5926,3.8742
5927,3.8739
5928,3.8737
5929,3.8734
5930,3.8732
5931,3.8729
5932,3.8728
5933,3.8724
5934,3.8723
5935,3.872
5936,3.8718
5937,3.8715
5938,3.8713
5939,3.871
5940,3.8709
5941,3.8705
5942,3.8704
5943,3.8701
5944,3.8699
5945,3.8697
5946,3.8694
5947,3.8693
5948,3.869
5949,3.8688
5950,3.8685
5951,3.8683
5952,3.868
5953,3.8678
5954,3.8675
5955,3.8674
5956,3.867
5957,3.8669
5958,3.8666
5959,3.8664
5960,3.8661
5961,3.8659
5962,3.8656
5963,3.8655
5964,3.8651
5965,3.865
5966,3.8647
5967,3.8645
5968,3.8642
5969,3.864
5970,3.8637
5971,3.8634
5972,3.8632
5973,3.8629
5974,3.8628
5975,3.8624
5976,3.8623
5977,3.862
5978,3.8618
5979,3.8615
5980,3.8613
5981,3.861
5982,3.8608
5983,3.8605
5984,3.8604
5985,3.8601
5986,3.8599
5987,3.8596
5988,3.8593
5989,3.8591
5990,3.8588
5991,3.8586
5992,3.8583
5993,3.8581
5994,3.8578
5995,3.8577
5996,3.8574
5997,3.8572
5998,3.8569
5999,3.8566
6000,3.8564
6001,3.8561
6002,3.8559
6003,3.8556
6004,3.8554
6005,3.8551
6006,3.855
6007,3.8547
6008,3.8545
6009,3.8542
6010,3.8539
6011,3.8537
6012,3.8534
6013,3.8532
6014,3.8529
6015,3.8527
6016,3.8524
6017,3.8523
6018,3.8519
6019,3.8516
6020,3.8515
6021,3.8512
6022,3.851
6023,3.8507
6024,3.8505
6025,3.8502
6026,3.8499
6027,3.8497
6028,3.8494
6029,3.8492
6030,3.8489
6031,3.8488
6032,3.8485
6033,3.8481
6034,3.848
6035,3.8477
6036,3.8475
6037,3.8472
6038,3.847
6039,3.8467
6040,3.8465
6041,3.8462
6042,3.8459
6043,3.8458
6044,3.8454
6045,3.8453
6046,3.845
6047,3.8448
6048,3.8445
6049,3.8442
6050,3.844
6051,3.8437
6052,3.8435
6053,3.8432
6054,3.8431
6055,3.8427
6056,3.8424
6057,3.8423
6058,3.8419
6059,3.8418
6060,3.8415
6061,3.8413
6062,3.841
6063,3.8407
6064,3.8405
6065,3.8402
6066,3.84
6067,3.8397
6068,3.8396
6069,3.8392
6070,3.8391
6071,3.8388
6072,3.8384
6073,3.8383
6074,3.838
6075,3.8378
6076,3.8375
6077,3.8373
6078,3.837
6079,3.8367
6080,3.8365
6081,3.8362
6082,3.8361
6083,3.8357
6084,3.8356
6085,3.8353
6086,3.8351
6087,3.8348
6088,3.8346
6089,3.8343
6090,3.8342
6091,3.8338
6092,3.8335
6093,3.8334
6094,3.833
6095,3.8329
6096,3.8326
6097,3.8324
6098,3.8321
6099,3.8319
6100,3.8316
6101,3.8315
6102,3.8311
6103,3.831
6104,3.8307
6105,3.8305
6106,3.8302
6107,3.8299
6108,3.8297
6109,3.8294
6110,3.8292
6111,3.8289
6112,3.8288
6113,3.8284
6114,3.8283
6115,3.828
6116,3.8278
6117,3.8275
6118,3.8273
6119,3.827
6120,3.8268
6121,3.8265
6122,3.8264
6123,3.826
6124,3.8259
6125,3.8256
6126,3.8254
6127,3.8251
6128,3.8249
6129,3.8246
6130,3.8245
6131,3.8241
6132,3.824
6133,3.8237
6134,3.8235
6135,3.8232
6136,3.823
6137,3.8227
6138,3.8226
6139,3.8222
6140,3.8221
6141,3.8219
6142,3.8216
6143,3.8213
6144,3.8211
6145,3.821
6146,3.8206
6147,3.8205
6148,3.8202
6149,3.82
6150,3.8197
6151,3.8195
6152,3.8194
6153,3.8191
6154,3.8189
6155,3.8186
6156,3.8184
6157,3.8181
6158,3.8179
6159,3.8176
6160,3.8175
6161,3.8172
6162,3.817
6163,3.8168
6164,3.8165
6165,3.8164
6166,3.816
6167,3.8159
6168,3.8156
6169,3.8154
6170,3.8152
6171,3.8149
6172,3.8148
6173,3.8144
6174,3.8143
6175,3.814
6176,3.8138
6177,3.8137
6178,3.8133
6179,3.8132
6180,3.8129
6181,3.8127
6182,3.8125
6183,3.8122
6184,3.8121
6185,3.8117
6186,3.8116
6187,3.8114
6188,3.8111
6189,3.811
6190,3.8106
6191,3.8105
6192,3.8103
6193,3.81
6194,3.8098
6195,3.8095
6196,3.8094
6197,3.8092
6198,3.8089
6199,3.8087
6200,3.8086
6201,3.8083
6202,3.8081
6203,3.8079
6204,3.8076
6205,3.8075
6206,3.8071
6207,3.807
6208,3.8068
6209,3.8065
6210,3.8063
6211,3.8062
6212,3.8059
6213,3.8057
6214,3.8056
6215,3.8052
6216,3.8051
6217,3.8049
6218,3.8046
6219,3.8044
6220,3.8043
6221,3.804
6222,3.8038
6223,3.8036
6224,3.8033
6225,3.8032
6226,3.803
6227,3.8027
6228,3.8025
6229,3.8024
6230,3.8021
6231,3.8019
6232,3.8017
6233,3.8014
6234,3.8013
6235,3.8011
6236,3.8008
6237,3.8006
6238,3.8005
6239,3.8001
6240,3.8
6241,3.7998
6242,3.7995
6243,3.7994
6244,3.7992
6245,3.799
6246,3.7987
6247,3.7986
6248,3.7984
6249,3.7981
6250,3.7979
6251,3.7978
6252,3.7976
6253,3.7973
6254,3.7971
6255,3.797
6256,3.7967
6257,3.7965
6258,3.7963
6259,3.7962
6260,3.7959
6261,3.7957
6262,3.7955
6263,3.7952
6264,3.7951
6265,3.7949
6266,3.7947
6267,3.7944
6268,3.7943
6269,3.7941
6270,3.794
6271,3.7936
6272,3.7935
6273,3.7933
6274,3.7932
6275,3.7928
6276,3.7927
6277,3.7925
6278,3.7922
6279,3.792
6280,3.7919
6281,3.7917
6282,3.7916
6283,3.7913
6284,3.7911
6285,3.7909
6286,3.7906
6287,3.7905
6288,3.7903
6289,3.7901
6290,3.7898
6291,3.7897
6292,3.7895
6293,3.7893
6294,3.7892
6295,3.789
6296,3.7887
6297,3.7885
6298,3.7884
6299,3.7882
6300,3.7879
6301,3.7878
6302,3.7876
6303,3.7874
6304,3.7871
6305,3.787
6306,3.7868
6307,3.7866
6308,3.7865
6309,3.7862
6310,3.786
6311,3.7858
6312,3.7857
6313,3.7854
6314,3.7852
6315,3.7851
6316,3.7849
6317,3.7847
6318,3.7844
6319,3.7843
6320,3.7841
6321,3.7839
6322,3.7838
6323,3.7836
6324,3.7833
6325,3.7831
6326,3.783
6327,3.7828
6328,3.7827
6329,3.7824
6330,3.7822
6331,3.782
6332,3.7819
6333,3.7817
6334,3.7816
6335,3.7812
6336,3.7811
6337,3.7809
6338,3.7808
6339,3.7804
6340,3.7803
6341,3.7801
6342,3.78
6343,3.7798
6344,3.7797
6345,3.7793
6346,3.7792
6347,3.779
6348,3.7789
6349,3.7787
6350,3.7785
6351,3.7782
6352,3.7781
6353,3.7779
6354,3.7777
6355,3.7776
6356,3.7774
6357,3.7773
6358,3.7769
6359,3.7768
6360,3.7766
6361,3.7765
6362,3.7763
6363,3.776
6364,3.7758
6365,3.7757
6366,3.7755
6367,3.7754
6368,3.7752
6369,3.775
6370,3.7747
6371,3.7746
6372,3.7744
6373,3.7742
6374,3.7741
6375,3.7739
6376,3.7738
6377,3.7735
6378,3.7733
6379,3.7731
6380,3.773
6381,3.7728
6382,3.7727
6383,3.7725
6384,3.7722
6385,3.772
6386,3.7719
6387,3.7717
6388,3.7715
6389,3.7714
6390,3.7712
6391,3.7709
6392,3.7708
6393,3.7706
6394,3.7704
6395,3.7703
6396,3.7701
6397,3.77
6398,3.7698
6399,3.7695
6400,3.7693
6401,3.7692
6402,3.769
6403,3.7688
6404,3.7687
6405,3.7685
6406,3.7682
6407,3.7681
6408,3.7679
6409,3.7677
6410,3.7676
6411,3.7674
6412,3.7673
6413,3.7671
6414,3.7668
6415,3.7666
6416,3.7665
6417,3.7663
6418,3.7661
6419,3.766
6420,3.7658
6421,3.7657
6422,3.7655
6423,3.7652
6424,3.765
6425,3.7649
6426,3.7647
6427,3.7646
6428,3.7644
6429,3.7642
6430,3.7641
6431,3.7638
6432,3.7636
6433,3.7634
6434,3.7633
6435,3.7631
6436,3.763
6437,3.7628
6438,3.7626
6439,3.7625
6440,3.7622
6441,3.762
6442,3.7619
6443,3.7617
6444,3.7615
6445,3.7614
6446,3.7612
6447,3.7611
6448,3.7609
6449,3.7606
6450,3.7604
6451,3.7603
6452,3.7601
6453,3.7599
6454,3.7598
6455,3.7596
6456,3.7595
6457,3.7593
6458,3.7592
6459,3.759
6460,3.7587
6461,3.7585
6462,3.7584
6463,3.7582
6464,3.758
6465,3.7579
6466,3.7577
6467,3.7576
6468,3.7574
6469,3.7572
6470,3.7569
6471,3.7568
6472,3.7566
6473,3.7565
6474,3.7563
6475,3.7561
6476,3.756
6477,3.7558
6478,3.7557
6479,3.7555
6480,3.7553
6481,3.755
6482,3.7549
6483,3.7547
6484,3.7545
6485,3.7544
6486,3.7542
6487,3.7541
6488,3.7539
6489,3.7538
6490,3.7536
6491,3.7533
6492,3.7531
6493,3.753
6494,3.7528
6495,3.7526
6496,3.7525
6497,3.7523
6498,3.7522
6499,3.752
6500,3.7518
6501,3.7517
6502,3.7514
6503,3.7512
6504,3.751
6505,3.7509
6506,3.7507
6507,3.7506
6508,3.7504
6509,3.7503
6510,3.7501
6511,3.7499
6512,3.7496
6513,3.7495
6514,3.7493
6515,3.7491
6516,3.749
6517,3.7488
6518,3.7487
6519,3.7485
6520,3.7483
6521,3.7482
6522,3.748
6523,3.7477
6524,3.7477
6525,3.7474
6526,3.7472
6527,3.7471
6528,3.7469
6529,3.7468
6530,3.7466
6531,3.7464
6532,3.7463
6533,3.7461
6534,3.7458
6535,3.7458
6536,3.7455
6537,3.7453
6538,3.7452
6539,3.745
6540,3.7449
6541,3.7447
6542,3.7445
6543,3.7444
6544,3.7442
6545,3.7441
6546,3.7437
6547,3.7436
6548,3.7434
6549,3.7433
6550,3.7431
6551,3.7429
6552,3.7428
6553,3.7426
6554,3.7425
6555,3.7423
6556,3.7422
6557,3.742
6558,3.7417
6559,3.7415
6560,3.7414
6561,3.7412
6562,3.741
6563,3.7409
6564,3.7407
6565,3.7406
6566,3.7404
6567,3.7402
6568,3.7401
6569,3.7399
6570,3.7396
6571,3.7394
6572,3.7393
6573,3.7391
6574,3.739
6575,3.7388
6576,3.7387
6577,3.7385
6578,3.7383
6579,3.7382
6580,3.738
6581,3.7377
6582,3.7375
6583,3.7374
6584,3.7372
6585,3.7371
6586,3.7369
6587,3.7367
6588,3.7366
6589,3.7364
6590,3.7363
6591,3.7361
6592,3.736
6593,3.7356
6594,3.7355
6595,3.7353
6596,3.7352
6597,3.735
6598,3.7348
6599,3.7347
6600,3.7345
6601,3.7344
6602,3.7342
6603,3.7339
6604,3.7337
6605,3.7336
6606,3.7334
6607,3.7333
6608,3.7331
6609,3.7329
6610,3.7328
6611,3.7326
6612,3.7325
6613,3.7321
6614,3.7321
6615,3.7318
6616,3.7317
6617,3.7315
6618,3.7313
6619,3.7312
6620,3.731
6621,3.7309
6622,3.7307
6623,3.7306
6624,3.7304
6625,3.7301
6626,3.7299
6627,3.7298
6628,3.7296
6629,3.7294
6630,3.7293
6631,3.7291
6632,3.729
6633,3.7288
6634,3.7286
6635,3.7285
6636,3.7282
6637,3.728
6638,3.7279
6639,3.7277
6640,3.7275
6641,3.7274
6642,3.7272
6643,3.7271
6644,3.7269
6645,3.7267
6646,3.7264
6647,3.7263
6648,3.7261
6649,3.7259
6650,3.7258
6651,3.7256
6652,3.7255
6653,3.7253
6654,3.7251
6655,3.725
6656,3.7247
6657,3.7245
6658,3.7244
6659,3.7242
6660,3.724
6661,3.7239
6662,3.7237
6663,3.7236
6664,3.7234
6665,3.7231
6666,3.7229
6667,3.7228
6668,3.7226
6669,3.7224
6670,3.7223
6671,3.7221
6672,3.722
6673,3.7218
6674,3.7217
6675,3.7213
6676,3.7212
6677,3.721
6678,3.7209
6679,3.7207
6680,3.7205
6681,3.7204
6682,3.7202
6683,3.7201
6684,3.7197
6685,3.7196
6686,3.7194
6687,3.7193
6688,3.7191
6689,3.719
6690,3.7188
6691,3.7186
6692,3.7185
6693,3.7183
6694,3.718
6695,3.7178
6696,3.7177
6697,3.7175
6698,3.7174
6699,3.7172
6700,3.717
6701,3.7169
6702,3.7167
6703,3.7166
6704,3.7163
6705,3.7161
6706,3.7159
6707,3.7158
6708,3.7156
6709,3.7155
6710,3.7153
6711,3.7151
6712,3.7148
6713,3.7147
6714,3.7145
6715,3.7143
6716,3.7142
6717,3.714
6718,3.7139
6719,3.7137
6720,3.7135
6721,3.7132
6722,3.7131
6723,3.7129
6724,3.7128
6725,3.7126
6726,3.7124
6727,3.7123
6728,3.7121
6729,3.712
6730,3.7116
6731,3.7115
6732,3.7113
6733,3.7112
6734,3.711
6735,3.7108
6736,3.7107
6737,3.7105
6738,3.7102
6739,3.7101
6740,3.7099
6741,3.7097
6742,3.7096
6743,3.7094
6744,3.7093
6745,3.7091
6746,3.7088
6747,3.7086
6748,3.7085
6749,3.7083
6750,3.7081
6751,3.708
6752,3.7078
6753,3.7077
6754,3.7074
6755,3.7072
6756,3.707
6757,3.7069
6758,3.7067
6759,3.7066
6760,3.7064
6761,3.7062
6762,3.7061
6763,3.7058
6764,3.7056
6765,3.7054
6766,3.7053
6767,3.7051
6768,3.705
6769,3.7048
6770,3.7045
6771,3.7043
6772,3.7042
6773,3.704
6774,3.7039
6775,3.7037
6776,3.7035
6777,3.7032
6778,3.7031
6779,3.7029
6780,3.7027
6781,3.7026
6782,3.7024
6783,3.7023
6784,3.702
6785,3.7018
6786,3.7016
6787,3.7015
6788,3.7013
6789,3.7012
6790,3.701
6791,3.7008
6792,3.7005
6793,3.7004
6794,3.7002
6795,3.7
6796,3.6999
6797,3.6997
6798,3.6996
6799,3.6992
6800,3.6991
6801,3.6989
6802,3.6988
6803,3.6986
6804,3.6985
6805,3.6983
6806,3.6981
6807,3.6978
6808,3.6977
6809,3.6975
6810,3.6973
6811,3.6972
6812,3.697
6813,3.6969
6814,3.6965
6815,3.6964
6816,3.6962
6817,3.6961
6818,3.6959
6819,3.6958
6820,3.6956
6821,3.6953
6822,3.6951
6823,3.695
6824,3.6948
6825,3.6946
6826,3.6945
6827,3.6942
6828,3.694
6829,3.6938
6830,3.6937
6831,3.6935
6832,3.6934
6833,3.6932
6834,3.6929
6835,3.6927
6836,3.6926
6837,3.6924
6838,3.6923
6839,3.6921
6840,3.6919
6841,3.6916
6842,3.6915
6843,3.6913
6844,3.6911
6845,3.691
6846,3.6908
6847,3.6907
6848,3.6905
6849,3.6902
6850,3.69
6851,3.6899
6852,3.6897
6853,3.6896
6854,3.6892
6855,3.6891
6856,3.6889
6857,3.6888
6858,3.6886
6859,3.6884
6860,3.6883
6861,3.688
6862,3.6878
6863,3.6876
6864,3.6875
6865,3.6873
6866,3.6872
6867,3.687
6868,3.6867
6869,3.6865
6870,3.6864
6871,3.6862
6872,3.6861
6873,3.6859
6874,3.6856
6875,3.6854
6876,3.6853
6877,3.6851
6878,3.6849
6879,3.6848
6880,3.6846
6881,3.6843
6882,3.6842
6883,3.684
6884,3.6838
6885,3.6837
6886,3.6835
6887,3.6834
6888,3.683
6889,3.6829
6890,3.6827
6891,3.6826
6892,3.6824
6893,3.6822
6894,3.6819
6895,3.6818
6896,3.6816
6897,3.6815
6898,3.6813
6899,3.6811
6900,3.681
6901,3.6807
6902,3.6805
6903,3.6803
6904,3.6802
6905,3.68
6906,3.6799
6907,3.6795
6908,3.6794
6909,3.6792
6910,3.6791
6911,3.6789
6912,3.6788
6913,3.6786
6914,3.6784
6915,3.6781
6916,3.678
6917,3.6778
6918,3.6776
6919,3.6775
6920,3.6773
6921,3.677
6922,3.6768
6923,3.6767
6924,3.6765
6925,3.6764
6926,3.6762
6927,3.6759
6928,3.6757
6929,3.6756
6930,3.6754
6931,3.6753
6932,3.6751
6933,3.6749
6934,3.6746
6935,3.6745
6936,3.6743
6937,3.6741
6938,3.674
6939,3.6738
6940,3.6737
6941,3.6733
6942,3.6732
6943,3.673
6944,3.6729
6945,3.6727
6946,3.6726
6947,3.6724
6948,3.6721
6949,3.6719
6950,3.6718
6951,3.6716
6952,3.6714
6953,3.6713
6954,3.6711
6955,3.6708
6956,3.6706
6957,3.6705
6958,3.6703
6959,3.6702
6960,3.67
6961,3.6699
6962,3.6695
6963,3.6694
6964,3.6692
6965,3.6691
6966,3.6689
6967,3.6687
6968,3.6686
6969,3.6683
6970,3.6681
6971,3.6679
6972,3.6678
6973,3.6676
6974,3.6675
6975,3.6673
6976,3.6672
6977,3.6668
6978,3.6667
6979,3.6665
6980,3.6664
6981,3.6662
6982,3.666
6983,3.6657
6984,3.6656
6985,3.6654
6986,3.6652
6987,3.6651
6988,3.6649
6989,3.6648
6990,3.6646
6991,3.6643
6992,3.6641
6993,3.664
6994,3.6638
6995,3.6637
6996,3.6635
6997,3.6633
6998,3.6632
6999,3.6629
7000,3.6627
7001,3.6625
7002,3.6624
7003,3.6622
7004,3.6621
7005,3.6619
7006,3.6617
7007,3.6614
7008,3.6613
7009,3.6611
7010,3.661
7011,3.6608
7012,3.6606
7013,3.6605
7014,3.6603
7015,3.6602
7016,3.6598
7017,3.6597
7018,3.6595
7019,3.6594
7020,3.6592
7021,3.659
7022,3.6589
7023,3.6587
7024,3.6584
7025,3.6583
7026,3.6581
7027,3.6579
7028,3.6578
7029,3.6576
7030,3.6575
7031,3.6573
7032,3.6571
7033,3.657
7034,3.6567
7035,3.6565
7036,3.6563
7037,3.6562
7038,3.656
7039,3.6559
7040,3.6557
7041,3.6556
7042,3.6554
7043,3.6551
7044,3.6549
7045,3.6548
7046,3.6546
7047,3.6544
7048,3.6543
7049,3.6541
7050,3.654
7051,3.6538
7052,3.6535
7053,3.6533
7054,3.6532
7055,3.653
7056,3.6529
7057,3.6527
7058,3.6525
7059,3.6524
7060,3.6522
7061,3.6521
7062,3.6517
7063,3.6516
7064,3.6514
7065,3.6513
7066,3.6511
7067,3.6509
7068,3.6508
7069,3.6506
7070,3.6505
7071,3.6503
7072,3.65
7073,3.6498
7074,3.6497
7075,3.6495
7076,3.6494
7077,3.6492
7078,3.649
7079,3.6489
7080,3.6487
7081,3.6486
7082,3.6482
7083,3.6481
7084,3.6479
7085,3.6478
7086,3.6476
7087,3.6474
7088,3.6473
7089,3.6471
7090,3.647
7091,3.6468
7092,3.6467
7093,3.6463
7094,3.6462
7095,3.646
7096,3.6459
7097,3.6457
7098,3.6455
7099,3.6454
7100,3.6452
7101,3.6451
7102,3.6447
7103,3.6446
7104,3.6444
7105,3.6443
7106,3.6441
7107,3.644
7108,3.6438
7109,3.6436
7110,3.6435
7111,3.6433
7112,3.643
7113,3.6428
7114,3.6427
7115,3.6425
7116,3.6424
7117,3.6422
7118,3.642
7119,3.6419
7120,3.6416
7121,3.6416
7122,3.6413
7123,3.6411
7124,3.6409
7125,3.6408
7126,3.6406
7127,3.6405
7128,3.6403
7129,3.64
7130,3.6398
7131,3.6397
7132,3.6395
7133,3.6393
7134,3.6392
7135,3.639
7136,3.6389
7137,3.6386
7138,3.6384
7139,3.6382
7140,3.6381
7141,3.6379
7142,3.6378
7143,3.6376
7144,3.6374
7145,3.6371
7146,3.637
7147,3.6368
7148,3.6366
7149,3.6365
7150,3.6363
7151,3.6362
7152,3.6358
7153,3.6357
7154,3.6355
7155,3.6354
7156,3.6352
7157,3.6351
7158,3.6347
7159,3.6346
7160,3.6344
7161,3.6343
7162,3.6341
7163,3.6339
7164,3.6336
7165,3.6335
7166,3.6333
7167,3.6331
7168,3.633
7169,3.6328
7170,3.6325
7171,3.6324
7172,3.6322
7173,3.632
7174,3.6319
7175,3.6316
7176,3.6314
7177,3.6312
7178,3.6311
7179,3.6309
7180,3.6306
7181,3.6304
7182,3.6303
7183,3.6301
7184,3.63
7185,3.6298
7186,3.6295
7187,3.6293
7188,3.6292
7189,3.629
7190,3.6287
7191,3.6285
7192,3.6284
7193,3.6282
7194,3.6279
7195,3.6277
7196,3.6276
7197,3.6274
7198,3.6273
7199,3.627
7200,3.6268
7201,3.6266
7202,3.6265
7203,3.6262
7204,3.626
7205,3.6258
7206,3.6257
7207,3.6254
7208,3.6252
7209,3.625
7210,3.6249
7211,3.6246
7212,3.6244
7213,3.6243
7214,3.6239
7215,3.6238
7216,3.6236
7217,3.6235
7218,3.6231
7219,3.623
7220,3.6228
7221,3.6225
7222,3.6223
7223,3.6222
7224,3.6219
7225,3.6217
7226,3.6215
7227,3.6212
7228,3.6211
7229,3.6209
7230,3.6206
7231,3.6204
7232,3.6203
7233,3.62
7234,3.6198
7235,3.6196
7236,3.6193
7237,3.6192
7238,3.619
7239,3.6187
7240,3.6185
7241,3.6182
7242,3.6181
7243,3.6179
7244,3.6176
7245,3.6174
7246,3.6171
7247,3.6169
7248,3.6168
7249,3.6165
7250,3.6163
7251,3.616
7252,3.6158
7253,3.6155
7254,3.6154
7255,3.6152
7256,3.6149
7257,3.6147
7258,3.6144
7259,3.6142
7260,3.6139
7261,3.6138
7262,3.6134
7263,3.6133
7264,3.613
7265,3.6128
7266,3.6125
7267,3.6123
7268,3.612
7269,3.6119
7270,3.6115
7271,3.6114
7272,3.6111
7273,3.6109
7274,3.6106
7275,3.6104
7276,3.6101
7277,3.6098
7278,3.6096
7279,3.6093
7280,3.6092
7281,3.6088
7282,3.6085
7283,3.6084
7284,3.608
7285,3.6079
7286,3.6076
7287,3.6072
7288,3.6071
7289,3.6068
7290,3.6065
7291,3.6063
7292,3.606
7293,3.6057
7294,3.6055
7295,3.6052
7296,3.6049
7297,3.6045
7298,3.6044
7299,3.6041
7300,3.6038
7301,3.6036
7302,3.6033
7303,3.603
7304,3.6026
7305,3.6025
7306,3.6022
7307,3.6018
7308,3.6015
7309,3.6012
7310,3.6009
7311,3.6007
7312,3.6004
7313,3.6001
7314,3.5998
7315,3.5995
7316,3.5991
7317,3.599
7318,3.5987
7319,3.5984
7320,3.598
7321,3.5977
7322,3.5974
7323,3.5971
7324,3.5968
7325,3.5964
7326,3.5961
7327,3.5958
7328,3.5955
7329,3.5952
7330,3.5949
7331,3.5945
7332,3.5942
7333,3.5939
7334,3.5936
7335,3.5933
7336,3.5929
7337,3.5926
7338,3.5923
7339,3.5918
7340,3.5917
7341,3.5912
7342,3.5909
7343,3.5906
7344,3.5902
7345,3.5899
7346,3.5896
7347,3.5891
7348,3.5888
7349,3.5885
7350,3.5882
7351,3.5877
7352,3.5874
7353,3.5871
7354,3.5868
7355,3.5863
7356,3.586
7357,3.5856
7358,3.5852
7359,3.5848
7360,3.5845
7361,3.584
7362,3.5837
7363,3.5833
7364,3.5829
7365,3.5826
7366,3.5821
7367,3.5818
7368,3.5813
7369,3.581
7370,3.5806
7371,3.5802
7372,3.5798
7373,3.5794
7374,3.579
7375,3.5785
7376,3.5782
7377,3.5777
7378,3.5774
7379,3.5769
7380,3.5764
7381,3.5761
7382,3.5756
7383,3.5753
7384,3.5748
7385,3.5744
7386,3.5739
7387,3.5736
7388,3.5731
7389,3.5726
7390,3.5721
7391,3.5717
7392,3.5713
7393,3.5709
7394,3.5704
7395,3.5699
7396,3.5694
7397,3.569
7398,3.5685
7399,3.568
7400,3.5677
7401,3.5672
7402,3.5667
7403,3.5663
7404,3.5658
7405,3.5653
7406,3.5648
7407,3.5643
7408,3.5637
7409,3.5632
7410,3.5628
7411,3.5623
7412,3.5618
7413,3.5613
7414,3.5609
7415,3.5604
7416,3.5597
7417,3.5593
7418,3.5588
7419,3.5583
7420,3.5577
7421,3.5572
7422,3.5567
7423,3.5562
7424,3.5556
7425,3.5551
7426,3.5547
7427,3.554
7428,3.5535
7429,3.5531
7430,3.5524
7431,3.552
7432,3.5513
7433,3.5508
7434,3.5504
7435,3.5497
7436,3.5493
7437,3.5486
7438,3.5481
7439,3.5475
7440,3.547
7441,3.5464
7442,3.5459
7443,3.5453
7444,3.5448
7445,3.5442
7446,3.5435
7447,3.5431
7448,3.5424
7449,3.5419
7450,3.5413
7451,3.5407
7452,3.5402
7453,3.5396
7454,3.5389
7455,3.5384
7456,3.5378
7457,3.5372
7458,3.5367
7459,3.5361
7460,3.5354
7461,3.535
7462,3.5343
7463,3.5337
7464,3.533
7465,3.5326
7466,3.5319
7467,3.5313
7468,3.5307
7469,3.53
7470,3.5295
7471,3.5289
7472,3.5283
7473,3.5276
7474,3.527
7475,3.5264
7476,3.5259
7477,3.5253
7478,3.5246
7479,3.524
7480,3.5234
7481,3.5227
7482,3.5221
7483,3.5214
7484,3.5208
7485,3.5202
7486,3.5197
7487,3.5189
7488,3.5184
7489,3.5178
7490,3.5172
7491,3.5164
7492,3.5157
7493,3.5151
7494,3.5145
7495,3.5138
7496,3.5132
7497,3.5125
7498,3.5119
7499,3.5113
7500,3.5105
7501,3.5098
7502,3.5092
7503,3.5086
7504,3.5078
7505,3.5071
7506,3.5065
7507,3.5059
7508,3.5051
7509,3.5044
7510,3.5036
7511,3.503
7512,3.5022
7513,3.5016
7514,3.5008
7515,3.5
7516,3.4994
7517,3.4986
7518,3.4978
7519,3.4971
7520,3.4963
7521,3.4955
7522,3.4947
7523,3.494
7524,3.4932
7525,3.4924
7526,3.4916
7527,3.4908
7528,3.49
7529,3.4892
7530,3.4884
7531,3.4874
7532,3.4866
7533,3.4859
7534,3.4849
7535,3.4841
7536,3.4832
7537,3.4824
7538,3.4814
7539,3.4804
7540,3.4797
7541,3.4787
7542,3.4777
7543,3.4768
7544,3.4758
7545,3.4749
7546,3.4739
7547,3.473
7548,3.4719
7549,3.4709
7550,3.47
7551,3.4688
7552,3.4679
7553,3.4668
7554,3.4657
7555,3.4647
7556,3.4636
7557,3.4625
7558,3.4614
7559,3.4603
7560,3.4592
7561,3.4579
7562,3.4568
7563,3.4557
7564,3.4544
7565,3.4533
7566,3.452
7567,3.4507
7568,3.4496
7569,3.4484
7570,3.4471
7571,3.4458
7572,3.4444
7573,3.4431
7574,3.4418
7575,3.4406
7576,3.4391
7577,3.4379
7578,3.4364
7579,3.435
7580,3.4336
7581,3.4323
7582,3.4307
7583,3.4293
7584,3.4279
7585,3.4264
7586,3.4248
7587,3.4234
7588,3.4218
7589,3.4204
7590,3.4188
7591,3.4172
7592,3.4156
7593,3.414
7594,3.4124
7595,3.4109
7596,3.4091
7597,3.4075
7598,3.4058
7599,3.4042
7600,3.4024
7601,3.4007
7602,3.3989
7603,3.3972
7604,3.3954
7605,3.3937
7606,3.3918
7607,3.39
7608,3.3881
7609,3.3862
7610,3.3845
7611,3.3826
7612,3.3807
7613,3.3788
7614,3.3768
7615,3.3748
7616,3.3729
7617,3.3708
7618,3.3689
7619,3.3668
7620,3.3648
7621,3.3627
7622,3.3606
7623,3.3586
7624,3.3564
7625,3.3543
7626,3.3521
7627,3.35
7628,3.3478
7629,3.3455
7630,3.3433
7631,3.3411
7632,3.3387
7633,3.3365
7634,3.3343
7635,3.3319
7636,3.3295
7637,3.3271
7638,3.3247
7639,3.3224
7640,3.3198
7641,3.3174
7642,3.3149
7643,3.3125
7644,3.31
7645,3.3074
7646,3.3049
7647,3.3022
7648,3.2996
7649,3.2969
7650,3.2942
7651,3.2915
7652,3.2888
7653,3.2861
7654,3.2834
7655,3.2806
7656,3.2779
7657,3.275
7658,3.272
7659,3.2691
7660,3.2663
7661,3.2632
7662,3.2604
7663,3.2574
7664,3.2543
7665,3.2512
7666,3.2481
7667,3.245
7668,3.2418
7669,3.2386
7670,3.2354
7671,3.2323
7672,3.2289
7673,3.2256
7674,3.2222
7675,3.2189
7676,3.2156
7677,3.2121
7678,3.2086
7679,3.2051
7680,3.2016
7681,3.1979
7682,3.1943
7683,3.1906
7684,3.187
7685,3.1833
7686,3.1795
7687,3.1757
7688,3.1719
7689,3.1679
7690,3.1641
7691,3.1601
7692,3.1561
7693,3.152
7694,3.148
7695,3.1437
7696,3.1396
7697,3.1355
7698,3.1312
7699,3.1267
7700,3.1224
7701,3.118
7702,3.1136
7703,3.1091
7704,3.1047
7705,3.1
7706,3.0953
7707,3.0907
7708,3.0859
7709,3.0811
7710,3.0762
7711,3.0713
7712,3.0664
7713,3.0613
7714,3.0562
7715,3.0511
7716,3.0459
7717,3.0406
7718,3.0354
7719,3.03
7720,3.0246
7721,3.019
7722,3.0134
7723,3.0079
7724,3.0022
7725,2.9963
7726,2.9906
7727,2.9845
7728,2.9786
7729,2.9724
7730,2.9664
7731,2.9602
7732,2.9538
7733,2.9475
7734,2.941
7735,2.9345
7736,2.9279
7737,2.9211
7738,2.9144
7739,2.9074
7740,2.9004
7741,2.8933
7742,2.8861
7743,2.879
7744,2.8715
7745,2.8641
7746,2.8564
7747,2.8488
7748,2.8409
7749,2.8329
7750,2.825
7751,2.8169
7752,2.8086
7753,2.8002
7754,2.7916
7755,2.783
7756,2.7741
7757,2.7652
7758,2.7563
7759,2.7471
7760,2.7379
7761,2.7283
7762,2.7188
7763,2.7091
7764,2.6993
7765,2.6894
7766,2.6794
7767,2.6692
7768,2.6589
7769,2.6484
7770,2.6378
7771,2.6271
7772,2.6163
7773,2.6053
7774,2.5942
7775,2.5831
7776,2.5718
7777,2.5602
7778,2.5486
7779,2.537
7780,2.5251
7781,2.513
7782,2.5009
7783,2.5
7784,2.5149
7785,2.619
7786,2.7221
7787,2.825
7788,2.9033
7789,3.0042
7790,3.0867
7791,3.1873
7792,3.1965
7793,3.2737
7794,3.3312
7795,3.3737
7796,3.4045
7797,3.4263
7798,3.4412
7799,3.4514
7800,3.4585
7801,3.4638
7802,3.4679
7803,3.4712
7804,3.4739
7805,3.4762
7806,3.4782
7807,3.48
7808,3.4814
7809,3.4828
7810,3.4841
7811,3.4852
7812,3.4863
7813,3.4873
7814,3.4882
7815,3.4892
7816,3.49
7817,3.4906
7818,3.4914
7819,3.492
7820,3.4927
7821,3.4933
7822,3.494
7823,3.4944
7824,3.4949
7825,3.4955
7826,3.496
7827,3.4965
7828,3.4968
7829,3.4973
7830,3.4978
7831,3.4981
7832,3.4986
7833,3.4989
7834,3.4992
7835,3.4997
7836,3.5
7837,3.5003
7838,3.5006
7839,3.5009
7840,3.5013
7841,3.5016
7842,3.5019
7843,3.5022
7844,3.5024
7845,3.5027
7846,3.503
7847,3.5032
7848,3.5035
7849,3.5036
7850,3.504
7851,3.5041
7852,3.5044
7853,3.5046
7854,3.5049
7855,3.5051
7856,3.5054
7857,3.5056
7858,3.5057
7859,3.506
7860,3.5062
7861,3.5063
7862,3.5065
7863,3.5067
7864,3.507
7865,3.5071
7866,3.5073
7867,3.5075
7868,3.5076
7869,3.5078
7870,3.5079
7871,3.5081
7872,3.5083
7873,3.5084
7874,3.5086
7875,3.5087
7876,3.5089
7877,3.5091
7878,3.5092
7879,3.5094
7880,3.5095
7881,3.5097
7882,3.5098
7883,3.51
7884,3.5102
7885,3.5103
7886,3.5103
7887,3.5105
7888,3.5106
7889,3.5108
7890,3.511
7891,3.5111
7892,3.5111
7893,3.5113
7894,3.5114
7895,3.5116
7896,3.5116
7897,3.5118
7898,3.5119
7899,3.5121
7900,3.5121
7901,3.5122
7902,3.5124
7903,3.5124
7904,3.5125
7905,3.5127
7906,3.5127
7907,3.5129
7908,3.513
7909,3.513
7910,3.5132
7911,3.5133
7912,3.5133
7913,3.5135
7914,3.5135
7915,3.5137
7916,3.5138
7917,3.5138
7918,3.514
7919,3.514
7920,3.5141
7921,3.5141
7922,3.5143
7923,3.5145
7924,3.5145
7925,3.5146
7926,3.5146
7927,3.5148
7928,3.5148
7929,3.5149
7930,3.5149
7931,3.5151
7932,3.5152
7933,3.5152
7934,3.5154
7935,3.5154
7936,3.5156
7937,3.5156
7938,3.5156
7939,3.5157
7940,3.5157
7941,3.5159
7942,3.516
7943,3.516
7944,3.516
7945,3.5162
7946,3.5162
7947,3.5164
7948,3.5164
7949,3.5165
7950,3.5165
7951,3.5167
7952,3.5167
7953,3.5167
7954,3.5168
7955,3.5168
7956,3.5168
7957,3.517
7958,3.517
7959,3.5172
7960,3.5172
7961,3.5173
7962,3.5173
7963,3.5173
7964,3.5175
7965,3.5175
7966,3.5176
7967,3.5176
7968,3.5176
7969,3.5178
7970,3.5274
7971,3.5676
7972,3.5711
7973,3.5731
7974,3.5747
7975,3.576
7976,3.5771
7977,3.5779
7978,3.5789
7979,3.5795
7980,3.5803
7981,3.5809
7982,3.5816
7983,3.5822
7984,3.5827
7985,3.5831
7986,3.5838
7987,3.5843
7988,3.5847
7989,3.5852
7990,3.5855
7991,3.586
7992,3.5865
7993,3.587
7994,3.5873
7995,3.5878
7996,3.5881
7997,3.5885
7998,3.5889
7999,3.5892
8000,3.5897
8001,3.59
8002,3.5903
8003,3.5906
8004,3.5909
8005,3.5913
8006,3.5916
8007,3.5919
8008,3.5924
8009,3.5927
8010,3.5928
8011,3.5932
8012,3.5935
8013,3.5938
8014,3.5941
8015,3.5944
8016,3.5947
8017,3.5949
8018,3.5952
8019,3.5955
8020,3.5959
8021,3.596
8022,3.5963
8023,3.5967
8024,3.5968
8025,3.5971
8026,3.5974
8027,3.5976
8028,3.5979
8029,3.5982
8030,3.5984
8031,3.5987
8032,3.5989
8033,3.5992
8034,3.5994
8035,3.5997
8036,3.5998
8037,3.6001
8038,3.6003
8039,3.6006
8040,3.6008
8041,3.6009
8042,3.6013
8043,3.6014
8044,3.6017
8045,3.6019
8046,3.6021
8047,3.6024
8048,3.6025
8049,3.6028
8050,3.603
8051,3.6032
8052,3.6033
8053,3.6036
8054,3.6038
8055,3.604
8056,3.6043
8057,3.6044
8058,3.6046
8059,3.6048
8060,3.6049
8061,3.6052
8062,3.6054
8063,3.6056
8064,3.6057
8065,3.606
8066,3.6062
8067,3.6063
8068,3.6065
8069,3.6067
8070,3.6068
8071,3.6071
8072,3.6073
8073,3.6075
8074,3.6076
8075,3.6078
8076,3.6079
8077,3.6081
8078,3.6083
8079,3.6086
8080,3.6087
8081,3.6089
8082,3.609
8083,3.6092
8084,3.6094
8085,3.6095
8086,3.6097
8087,3.6098
8088,3.61
8089,3.6102
8090,3.6103
8091,3.6105
8092,3.6106
8093,3.6108
8094,3.611
8095,3.6111
8096,3.6113
8097,3.6114
8098,3.6116
8099,3.6117
8100,3.6119
8101,3.6121
8102,3.6122
8103,3.6124
8104,3.6125
8105,3.6127
8106,3.6129
8107,3.613
8108,3.6132
8109,3.6133
8110,3.6135
8111,3.6137
8112,3.6138
8113,3.614
8114,3.6141
8115,3.6143
8116,3.6144
8117,3.6146
8118,3.6148
8119,3.6148
8120,3.6149
8121,3.6151
8122,3.6152
8123,3.6154
8124,3.6156
8125,3.6157
8126,3.6159
8127,3.616
8128,3.6162
8129,3.6162
8130,3.6164
8131,3.6165
8132,3.6167
8133,3.6168
8134,3.617
8135,3.6171
8136,3.6173
8137,3.6175
8138,3.6176
8139,3.6176
8140,3.6178
8141,3.6179
8142,3.6181
8143,3.6183
8144,3.6184
8145,3.6186
8146,3.6187
8147,3.6187
8148,3.6189
8149,3.6191
8150,3.6192
8151,3.6194
8152,3.6195
8153,3.6197
8154,3.6197
8155,3.6199
8156,3.62
8157,3.6202
8158,3.6203
8159,3.6205
8160,3.6205
8161,3.6206
8162,3.6208
8163,3.621
8164,3.6211
8165,3.6213
8166,3.6214
8167,3.6214
8168,3.6216
8169,3.6218
8170,3.6219
8171,3.6221
8172,3.6222
8173,3.6222
8174,3.6224
8175,3.6226
8176,3.6227
8177,3.6229
8178,3.623
8179,3.623
8180,3.6232
8181,3.6233
8182,3.6235
8183,3.6237
8184,3.6238
8185,3.6238
8186,3.624
8187,3.6241
8188,3.6243
8189,3.6245
8190,3.6245
8191,3.6246
8192,3.6248
8193,3.6249
8194,3.6251
8195,3.6253
8196,3.6253
8197,3.6254
8198,3.6256
8199,3.6257
8200,3.6259
8201,3.6259
8202,3.626
8203,3.6262
8204,3.6264
8205,3.6265
8206,3.6267
8207,3.6267
8208,3.6268
8209,3.627
8210,3.6272
8211,3.6273
8212,3.6273
8213,3.6275
8214,3.6276
8215,3.6278
8216,3.628
8217,3.628
8218,3.6281
8219,3.6283
8220,3.6284
8221,3.6286
8222,3.6286
8223,3.6287
8224,3.6289
8225,3.6291
8226,3.6292
8227,3.6294
8228,3.6294
8229,3.6295
8230,3.6297
8231,3.6299
8232,3.6299
8233,3.63
8234,3.6302
8235,3.6303
8236,3.6305
8237,3.6305
8238,3.6307
8239,3.6308
8240,3.631
8241,3.6311
8242,3.6311
8243,3.6313
8244,3.6315
8245,3.6316
8246,3.6316
8247,3.6318
8248,3.6319
8249,3.6321
8250,3.6322
8251,3.6324
8252,3.6324
8253,3.6326
8254,3.6327
8255,3.6329
8256,3.633
8257,3.633
8258,3.6332
8259,3.6334
8260,3.6335
8261,3.6337
8262,3.6337
8263,3.6338
8264,3.634
8265,3.6342
8266,3.6342
8267,3.6343
8268,3.6345
8269,3.6346
8270,3.6348
8271,3.6349
8272,3.6349
8273,3.6351
8274,3.6353
8275,3.6354
8276,3.6356
8277,3.6356
8278,3.6357
8279,3.6359
8280,3.6361
8281,3.6361
8282,3.6362
8283,3.6364
8284,3.6365
8285,3.6367
8286,3.6367
8287,3.6369
8288,3.637
8289,3.6372
8290,3.6373
8291,3.6373
8292,3.6375
8293,3.6376
8294,3.6378
8295,3.6378
8296,3.638
8297,3.6381
8298,3.6383
8299,3.6384
8300,3.6384
8301,3.6386
8302,3.6388
8303,3.6389
8304,3.6389
8305,3.6391
8306,3.6392
8307,3.6394
8308,3.6396
8309,3.6396
8310,3.6397
8311,3.6399
8312,3.64
8313,3.64
8314,3.6402
8315,3.6403
8316,3.6405
8317,3.6407
8318,3.6407
8319,3.6408
8320,3.641
8321,3.6411
8322,3.6411
8323,3.6413
8324,3.6415
8325,3.6416
8326,3.6418
8327,3.6418
8328,3.6419
8329,3.6421
8330,3.6423
8331,3.6423
8332,3.6424
8333,3.6426
8334,3.6427
8335,3.6427
8336,3.6429
8337,3.643
8338,3.6432
8339,3.6434
8340,3.6434
8341,3.6435
8342,3.6437
8343,3.6438
8344,3.6438
8345,3.644
8346,3.6442
8347,3.6443
8348,3.6443
8349,3.6445
8350,3.6446
8351,3.6448
8352,3.645
8353,3.645
8354,3.6451
8355,3.6453
8356,3.6454
8357,3.6454
8358,3.6456
8359,3.6458
8360,3.6459
8361,3.6459
8362,3.6461
8363,3.6462
8364,3.6464
8365,3.6464
8366,3.6465
8367,3.6467
8368,3.6469
8369,3.647
8370,3.647
8371,3.6472
8372,3.6473
8373,3.6475
8374,3.6475
8375,3.6477
8376,3.6478
8377,3.648
8378,3.648
8379,3.6481
8380,3.6483
8381,3.6485
8382,3.6485
8383,3.6486
8384,3.6488
8385,3.6489
8386,3.6491
8387,3.6491
8388,3.6492
8389,3.6494
8390,3.6496
8391,3.6496
8392,3.6497
8393,3.6499
8394,3.65
8395,3.65
8396,3.6502
8397,3.6504
8398,3.6505
8399,3.6505
8400,3.6507
8401,3.6508
8402,3.651
8403,3.651
8404,3.6512
8405,3.6513
8406,3.6515
8407,3.6515
8408,3.6516
8409,3.6518
8410,3.6519
8411,3.6519
8412,3.6521
8413,3.6523
8414,3.6524
8415,3.6524
8416,3.6526
8417,3.6527
8418,3.6529
8419,3.6529
8420,3.6531
8421,3.6532
8422,3.6534
8423,3.6534
8424,3.6535
8425,3.6537
8426,3.6539
8427,3.6539
8428,3.654
8429,3.6542
8430,3.6543
8431,3.6543
8432,3.6545
8433,3.6546
8434,3.6548
8435,3.6548
8436,3.655
8437,3.6551
8438,3.6553
8439,3.6553
8440,3.6554
8441,3.6556
8442,3.6558
8443,3.6558
8444,3.6559
8445,3.6561
8446,3.6562
8447,3.6562
8448,3.6564
8449,3.6566
8450,3.6567
8451,3.6567
8452,3.6569
8453,3.657
8454,3.6572
8455,3.6572
8456,3.6573
8457,3.6575
8458,3.6577
8459,3.6577
8460,3.6578
8461,3.658
8462,3.658
8463,3.6581
8464,3.6583
8465,3.6585
8466,3.6585
8467,3.6586
8468,3.6588
8469,3.6589
8470,3.6589
8471,3.6591
8472,3.6593
8473,3.6594
8474,3.6594
8475,3.6596
8476,3.6597
8477,3.6597
8478,3.6599
8479,3.6601
8480,3.6602
8481,3.6602
8482,3.6604
8483,3.6605
8484,3.6607
8485,3.6607
8486,3.6608
8487,3.661
8488,3.6612
8489,3.6612
8490,3.6613
8491,3.6615
8492,3.6615
8493,3.6616
8494,3.6618
8495,3.662
8496,3.662
8497,3.6621
8498,3.6623
8499,3.6624
8500,3.6624
8501,3.6626
8502,3.6628
8503,3.6628
8504,3.6629
8505,3.6631
8506,3.6632
8507,3.6632
8508,3.6634
8509,3.6635
8510,3.6637
8511,3.6637
8512,3.6639
8513,3.664
8514,3.664
8515,3.6642
8516,3.6643
8517,3.6645
8518,3.6645
8519,3.6647
8520,3.6648
8521,3.6648
8522,3.665
8523,3.6651
8524,3.6653
8525,3.6653
8526,3.6655
8527,3.6656
8528,3.6658
8529,3.6658
8530,3.6659
8531,3.6661
8532,3.6661
8533,3.6662
8534,3.6664
8535,3.6666
8536,3.6666
8537,3.6667
8538,3.6669
8539,3.667
8540,3.667
8541,3.6672
8542,3.6674
8543,3.6674
8544,3.6675
8545,3.6677
8546,3.6677
8547,3.6678
8548,3.668
8549,3.6682
8550,3.6683
8551,3.6683
8552,3.6685
8553,3.6686
8554,3.6686
8555,3.6688
8556,3.6689
8557,3.6689
8558,3.6691
8559,3.6693
8560,3.6694
8561,3.6694
8562,3.6696
8563,3.6697
8564,3.6697
8565,3.6699
8566,3.6701
8567,3.6702
8568,3.6702
8569,3.6704
8570,3.6705
8571,3.6707
8572,3.6707
8573,3.6709
8574,3.671
8575,3.6712
8576,3.6712
8577,3.6713
8578,3.6715
8579,3.6715
8580,3.6716
8581,3.6718
8582,3.672
8583,3.672
8584,3.6721
8585,3.6723
8586,3.6723
8587,3.6724
8588,3.6726
8589,3.6726
8590,3.6728
8591,3.6729
8592,3.6731
8593,3.6731
8594,3.6732
8595,3.6734
8596,3.6736
8597,3.6736
8598,3.6737
8599,3.6739
8600,3.674
8601,3.674
8602,3.6742
8603,3.6744
8604,3.6744
8605,3.6745
8606,3.6747
8607,3.6748
8608,3.6748
8609,3.675
8610,3.6751
8611,3.6751
8612,3.6753
8613,3.6755
8614,3.6755
8615,3.6756
8616,3.6758
8617,3.6759
8618,3.6759
8619,3.6761
8620,3.6763
8621,3.6764
8622,3.6764
8623,3.6766
8624,3.6767
8625,3.6767
8626,3.6769
8627,3.6771
8628,3.6772
8629,3.6772
8630,3.6774
8631,3.6775
8632,3.6775
8633,3.6777
8634,3.6778
8635,3.678
8636,3.678
8637,3.6782
8638,3.6783
8639,3.6783
8640,3.6785
8641,3.6786
8642,3.6788
8643,3.6788
8644,3.679
8645,3.6791
8646,3.6793
8647,3.6793
8648,3.6794
8649,3.6796
8650,3.6796
8651,3.6798
8652,3.6799
8653,3.6801
8654,3.6801
8655,3.6802
8656,3.6804
8657,3.6805
8658,3.6805
8659,3.6807
8660,3.6809
8661,3.6809
8662,3.681
8663,3.6812
8664,3.6813
8665,3.6813
8666,3.6815
8667,3.6817
8668,3.6818
8669,3.6818
8670,3.682
8671,3.6821
8672,3.6823
8673,3.6823
8674,3.6825
8675,3.6826
8676,3.6826
8677,3.6828
8678,3.6829
8679,3.6831
8680,3.6832
8681,3.6832
8682,3.6834
8683,3.6836
8684,3.6837
8685,3.6837
8686,3.6839
8687,3.684
8688,3.6842
8689,3.6842
8690,3.6844
8691,3.6845
8692,3.6847
8693,3.6847
8694,3.6848
8695,3.685
8696,3.685
8697,3.6852
8698,3.6853
8699,3.6855
8700,3.6855
8701,3.6856
8702,3.6858
8703,3.6859
8704,3.6859
8705,3.6861
8706,3.6863
8707,3.6864
8708,3.6866
8709,3.6866
8710,3.6867
8711,3.6869
8712,3.6871
8713,3.6871
8714,3.6872
8715,3.6874
8716,3.6875
8717,3.6875
8718,3.6877
8719,3.6879
8720,3.688
8721,3.688
8722,3.6882
8723,3.6883
8724,3.6885
8725,3.6885
8726,3.6887
8727,3.6888
8728,3.689
8729,3.6891
8730,3.6891
8731,3.6893
8732,3.6894
8733,3.6896
8734,3.6898
8735,3.6898
8736,3.6899
8737,3.6901
8738,3.6902
8739,3.6902
8740,3.6904
8741,3.6906
8742,3.6907
8743,3.6909
8744,3.6909
8745,3.691
8746,3.6912
8747,3.6914
8748,3.6915
8749,3.6915
8750,3.6917
8751,3.6918
8752,3.692
8753,3.6921
8754,3.6921
8755,3.6923
8756,3.6925
8757,3.6926
8758,3.6928
8759,3.6928
8760,3.6929
8761,3.6931
8762,3.6933
8763,3.6934
8764,3.6934
8765,3.6936
8766,3.6937
8767,3.6939
8768,3.6939
8769,3.6941
8770,3.6942
8771,3.6944
8772,3.6945
8773,3.6947
8774,3.6947
8775,3.6948
8776,3.695
8777,3.6952
8778,3.6953
8779,3.6953
8780,3.6955
8781,3.6956
8782,3.6958
8783,3.696
8784,3.6961
8785,3.6963
8786,3.6963
8787,3.6964
8788,3.6966
8789,3.6968
8790,3.6969
8791,3.6971
8792,3.6971
8793,3.6972
8794,3.6974
8795,3.6975
8796,3.6977
8797,3.6979
8798,3.6979
8799,3.698
8800,3.6982
8801,3.6983
8802,3.6985
8803,3.6987
8804,3.6988
8805,3.6988
8806,3.699
8807,3.6991
8808,3.6993
8809,3.6995
8810,3.6996
8811,3.6998
8812,3.6998
8813,3.6999
8814,3.7001
8815,3.7002
8816,3.7004
8817,3.7006
8818,3.7006
8819,3.7007
8820,3.7009
8821,3.701
8822,3.7012
8823,3.7014
8824,3.7015
8825,3.7017
8826,3.7018
8827,3.7018
8828,3.702
8829,3.7022
8830,3.7023
8831,3.7025
8832,3.7026
8833,3.7028
8834,3.703
8835,3.703
8836,3.7031
8837,3.7033
8838,3.7034
8839,3.7036
8840,3.7037
8841,3.7039
8842,3.7041
8843,3.7042
8844,3.7042
8845,3.7044
8846,3.7045
8847,3.7047
8848,3.7049
8849,3.705
8850,3.7052
8851,3.7053
8852,3.7055
8853,3.7057
8854,3.7058
8855,3.706
8856,3.706
8857,3.7061
8858,3.7063
8859,3.7064
8860,3.7066
8861,3.7068
8862,3.7069
8863,3.7071
8864,3.7072
8865,3.7074
8866,3.7076
8867,3.7076
8868,3.7079
8869,3.708
8870,3.708
8871,3.7082
8872,3.7084
8873,3.7085
8874,3.7087
8875,3.7088
8876,3.709
8877,3.7091
8878,3.7093
8879,3.7095
8880,3.7096
8881,3.7098
8882,3.7098
8883,3.7099
8884,3.7101
8885,3.7098
8886,3.7098
8887,3.7098
8888,3.7098
8889,3.7098
8890,3.7098
8891,3.7098
8892,3.7098
8893,3.7099
8894,3.7098
8895,3.7098
8896,3.7098
8897,3.7098
8898,3.7098
8899,3.7098
8900,3.7098
8901,3.7098
8902,3.7098
8903,3.7098
8904,3.7098
8905,3.7098
8906,3.7098
8907,3.7098
8908,3.7098
8909,3.7098
8910,3.7098
8911,3.7098
8912,3.7098
8913,3.7098
8914,3.7098
8915,3.7098
8916,3.7098
8917,3.7098
8918,3.7098
8919,3.7098
8920,3.7098
8921,3.7098
8922,3.7098
8923,3.7098
8924,3.7074
8925,3.7064
8926,3.7061
8927,3.7059
8928,3.7058
8929,3.7056
8930,3.7054
8931,3.7054
8932,3.7053
8933,3.7053
8934,3.7051
8935,3.7051
8936,3.705
8937,3.705
8938,3.705
8939,3.705
8940,3.7048
8941,3.7048
8942,3.7048
8943,3.7047
8944,3.7047
8945,3.7047
8946,3.7047
8947,3.7045
8948,3.7045
8949,3.7045
8950,3.7045
8951,3.7045
8952,3.7045
8953,3.7043
8954,3.7043
8955,3.7043
8956,3.7043
8957,3.7043
8958,3.7043
8959,3.7043
8960,3.7042
8961,3.7042
8962,3.7042
8963,3.7042
8964,3.7042
8965,3.7042
8966,3.7042
8967,3.704
8968,3.704
8969,3.704
8970,3.704
8971,3.704
8972,3.704
8973,3.704
8974,3.704
8975,3.704
8976,3.704
8977,3.704
8978,3.704
8979,3.7039
8980,3.7039
8981,3.7039
8982,3.7039
8983,3.7039
8984,3.7039
8985,3.7039
8986,3.7039
8987,3.7039
8988,3.7039
8989,3.7039
8990,3.7039
8991,3.7039
8992,3.7039
8993,3.7039
8994,3.7039
8995,3.7037
8996,3.7037
8997,3.7037
8998,3.7037
8999,3.7037
9000,3.7037
9001,3.7037
9002,3.7037
9003,3.7037
9004,3.7037
9005,3.7037
9006,3.7037
9007,3.7037
9008,3.7037
9009,3.7037
9010,3.7037
9011,3.7037
9012,3.7037
9013,3.7035
9014,3.7037
9015,3.7037
9016,3.7037
9017,3.7035
9018,3.7035
9019,3.7035
9020,3.7035
9021,3.7035
9022,3.7035
9023,3.7035
9024,3.7035
9025,3.7035
9026,3.7035
9027,3.7035
9028,3.7035
9029,3.7035
9030,3.7035
9031,3.7035
9032,3.7035
9033,3.7035
9034,3.7035
9035,3.7035
9036,3.7035
9037,3.7035
9038,3.7035
9039,3.7035
9040,3.7035
9041,3.7035
9042,3.7035
9043,3.7035
9044,3.7035
9045,3.7035
9046,3.7035
9047,3.7035
9048,3.7035
9049,3.7034
9050,3.7034
9051,3.7034
9052,3.7035
9053,3.7035
9054,3.7034
9055,3.7034
9056,3.7034
9057,3.7034
9058,3.7034
9059,3.7034
9060,3.7034
9061,3.7034
9062,3.7034
9063,3.7034
9064,3.7034
9065,3.7034
9066,3.7034
9067,3.7034
9068,3.7034
9069,3.7034
9070,3.7034
9071,3.7034
9072,3.7034
9073,3.7034
9074,3.7034
9075,3.7034
9076,3.7034
9077,3.7034
9078,3.7034
9079,3.7034
9080,3.7034
9081,3.7034
9082,3.7034
9083,3.7034
9084,3.7034
9085,3.7034
9086,3.7034
9087,3.7034
9088,3.7034
9089,3.7034
9090,3.7034
9091,3.7034
9092,3.7034
9093,3.7034
9094,3.7034
9095,3.7034
9096,3.7034
9097,3.7034
9098,3.7034
9099,3.7034
9100,3.7034
9101,3.7034
9102,3.7034
9103,3.7034
9104,3.7034
