,voltage
0,3.4171
1,3.4171
2,3.3943
3,3.3943
4,3.3943
5,3.3943
6,3.3943
7,3.3943
8,3.3943
9,3.3943
10,3.3943
11,3.3943
12,3.3943
13,3.3943
14,3.3943
15,3.3943
16,3.3943
17,3.3943
18,3.3943
19,3.3943
20,3.3943
21,3.3943
22,3.3943
23,3.3943
24,3.3943
25,3.3942
26,3.3943
27,3.3943
28,3.3943
29,3.3942
30,3.3943
31,3.3943
32,3.3943
33,3.3943
34,3.3943
35,3.3943
36,3.3943
37,3.3943
38,3.3942
39,3.3943
40,3.3943
41,3.3943
42,3.3943
43,3.3943
44,3.3943
45,3.3943
46,3.3943
47,3.3943
48,3.3943
49,3.3943
50,3.3943
51,3.3942
52,3.3942
53,3.3942
54,3.3943
55,3.3942
56,3.3942
57,3.3942
58,3.3942
59,3.3942
60,3.3942
61,3.3942
62,3.3942
63,3.4592
64,3.5619
65,3.6148
66,3.6185
67,3.6201
68,3.6209
69,3.6213
70,3.6218
71,3.6221
72,3.6225
73,3.6226
74,3.6229
75,3.6231
76,3.6234
77,3.6237
78,3.6239
79,3.6241
80,3.6244
81,3.6245
82,3.6248
83,3.625
84,3.6252
85,3.6255
86,3.6256
87,3.626
88,3.6261
89,3.6264
90,3.6266
91,3.6269
92,3.6271
93,3.6274
94,3.6275
95,3.6279
96,3.628
97,3.6283
98,3.6285
99,3.6288
100,3.6291
101,3.6293
102,3.6296
103,3.6298
104,3.6301
105,3.6302
106,3.6306
107,3.6309
108,3.631
109,3.6314
110,3.6315
111,3.6318
112,3.6322
113,3.6323
114,3.6326
115,3.6328
116,3.6331
117,3.6333
118,3.6336
119,3.6337
120,3.6341
121,3.6342
122,3.6345
123,3.6347
124,3.635
125,3.6352
126,3.6355
127,3.6356
128,3.636
129,3.6361
130,3.6364
131,3.6366
132,3.6368
133,3.6371
134,3.6372
135,3.6374
136,3.6377
137,3.6379
138,3.638
139,3.6383
140,3.6385
141,3.6387
142,3.639
143,3.6391
144,3.6393
145,3.6395
146,3.6398
147,3.6399
148,3.6401
149,3.6403
150,3.6404
151,3.6407
152,3.6409
153,3.641
154,3.6412
155,3.6414
156,3.6415
157,3.6417
158,3.6418
159,3.6422
160,3.6423
161,3.6425
162,3.6426
163,3.6428
164,3.643
165,3.6431
166,3.6433
167,3.6434
168,3.6436
169,3.6437
170,3.6439
171,3.6441
172,3.6442
173,3.6444
174,3.6445
175,3.6445
176,3.6447
177,3.6449
178,3.645
179,3.6452
180,3.6453
181,3.6455
182,3.6457
183,3.6458
184,3.646
185,3.646
186,3.6461
187,3.6463
188,3.6464
189,3.6466
190,3.6468
191,3.6468
192,3.6469
193,3.6471
194,3.6472
195,3.6474
196,3.6474
197,3.6476
198,3.6477
199,3.6479
200,3.648
201,3.648
202,3.6482
203,3.6484
204,3.6485
205,3.6485
206,3.6487
207,3.6488
208,3.649
209,3.649
210,3.6491
211,3.6493
212,3.6495
213,3.6495
214,3.6496
215,3.6498
216,3.6498
217,3.6499
218,3.6501
219,3.6503
220,3.6503
221,3.6504
222,3.6506
223,3.6506
224,3.6507
225,3.6509
226,3.6509
227,3.6511
228,3.6511
229,3.6512
230,3.6514
231,3.6514
232,3.6515
233,3.6517
234,3.6517
235,3.6518
236,3.652
237,3.652
238,3.6522
239,3.6523
240,3.6523
241,3.6525
242,3.6525
243,3.6526
244,3.6528
245,3.6528
246,3.653
247,3.653
248,3.6531
249,3.6533
250,3.6533
251,3.6534
252,3.6534
253,3.6536
254,3.6538
255,3.6538
256,3.6539
257,3.6539
258,3.6541
259,3.6541
260,3.6542
261,3.6542
262,3.6544
263,3.6545
264,3.6545
265,3.6547
266,3.6547
267,3.6549
268,3.6549
269,3.655
270,3.655
271,3.6552
272,3.6553
273,3.6553
274,3.6555
275,3.6555
276,3.6557
277,3.6557
278,3.6558
279,3.6558
280,3.656
281,3.656
282,3.6561
283,3.6563
284,3.6563
285,3.6565
286,3.6565
287,3.6566
288,3.6566
289,3.6568
290,3.6568
291,3.6569
292,3.6569
293,3.6571
294,3.6571
295,3.6572
296,3.6572
297,3.6574
298,3.6574
299,3.6576
300,3.6576
301,3.6577
302,3.6577
303,3.6579
304,3.6579
305,3.658
306,3.658
307,3.6582
308,3.6582
309,3.6584
310,3.6584
311,3.6585
312,3.6585
313,3.6587
314,3.6587
315,3.6588
316,3.6588
317,3.659
318,3.659
319,3.6592
320,3.6592
321,3.6593
322,3.6593
323,3.6593
324,3.6595
325,3.6595
326,3.6596
327,3.6596
328,3.6598
329,3.6598
330,3.6599
331,3.6599
332,3.6601
333,3.6601
334,3.6603
335,3.6603
336,3.6604
337,3.6604
338,3.6604
339,3.6606
340,3.6606
341,3.6607
342,3.6607
343,3.6609
344,3.6609
345,3.6611
346,3.6611
347,3.6612
348,3.6612
349,3.6614
350,3.6614
351,3.6615
352,3.6615
353,3.6615
354,3.6617
355,3.6617
356,3.6619
357,3.6619
358,3.662
359,3.662
360,3.6622
361,3.6622
362,3.6623
363,3.6623
364,3.6625
365,3.6625
366,3.6625
367,3.6626
368,3.6626
369,3.6628
370,3.6628
371,3.663
372,3.663
373,3.663
374,3.6631
375,3.6631
376,3.6633
377,3.6633
378,3.6634
379,3.6634
380,3.6636
381,3.6636
382,3.6636
383,3.6638
384,3.6638
385,3.6639
386,3.6639
387,3.6641
388,3.6641
389,3.6642
390,3.6642
391,3.6642
392,3.6644
393,3.6644
394,3.6646
395,3.6646
396,3.6647
397,3.6647
398,3.6647
399,3.6649
400,3.6649
401,3.665
402,3.665
403,3.665
404,3.6652
405,3.6652
406,3.6653
407,3.6653
408,3.6655
409,3.6655
410,3.6655
411,3.6657
412,3.6657
413,3.6658
414,3.6658
415,3.666
416,3.666
417,3.6661
418,3.6661
419,3.6661
420,3.6663
421,3.6663
422,3.6665
423,3.6665
424,3.6666
425,3.6666
426,3.6666
427,3.6668
428,3.6668
429,3.6669
430,3.6669
431,3.6669
432,3.6671
433,3.6671
434,3.6673
435,3.6673
436,3.6673
437,3.6674
438,3.6674
439,3.6676
440,3.6676
441,3.6676
442,3.6677
443,3.6677
444,3.6679
445,3.6679
446,3.6681
447,3.6681
448,3.6681
449,3.6682
450,3.6682
451,3.6684
452,3.6684
453,3.6684
454,3.6685
455,3.6685
456,3.6687
457,3.6687
458,3.6688
459,3.6688
460,3.6688
461,3.669
462,3.669
463,3.6692
464,3.6692
465,3.6692
466,3.6693
467,3.6693
468,3.6695
469,3.6695
470,3.6695
471,3.6696
472,3.6696
473,3.6698
474,3.6698
475,3.67
476,3.67
477,3.67
478,3.6701
479,3.6701
480,3.6701
481,3.6703
482,3.6703
483,3.6704
484,3.6704
485,3.6704
486,3.6706
487,3.6706
488,3.6708
489,3.6708
490,3.6709
491,3.6709
492,3.6709
493,3.6711
494,3.6711
495,3.6712
496,3.6712
497,3.6712
498,3.6714
499,3.6714
500,3.6715
501,3.6715
502,3.6715
503,3.6717
504,3.6717
505,3.6717
506,3.6719
507,3.6719
508,3.672
509,3.672
510,3.6722
511,3.6722
512,3.6722
513,3.6723
514,3.6723
515,3.6725
516,3.6725
517,3.6725
518,3.6727
519,3.6727
520,3.6728
521,3.6728
522,3.6728
523,3.673
524,3.673
525,3.6731
526,3.6731
527,3.6731
528,3.6733
529,3.6733
530,3.6735
531,3.6735
532,3.6735
533,3.6736
534,3.6736
535,3.6736
536,3.6738
537,3.6738
538,3.6739
539,3.6739
540,3.6739
541,3.6741
542,3.6741
543,3.6742
544,3.6742
545,3.6742
546,3.6744
547,3.6744
548,3.6746
549,3.6746
550,3.6746
551,3.6747
552,3.6747
553,3.6749
554,3.6749
555,3.6749
556,3.675
557,3.675
558,3.675
559,3.6752
560,3.6752
561,3.6754
562,3.6754
563,3.6754
564,3.6755
565,3.6755
566,3.6757
567,3.6757
568,3.6757
569,3.6758
570,3.6758
571,3.676
572,3.676
573,3.676
574,3.6762
575,3.6762
576,3.6763
577,3.6763
578,3.6763
579,3.6765
580,3.6765
581,3.6766
582,3.6766
583,3.6766
584,3.6768
585,3.6768
586,3.6769
587,3.6769
588,3.6769
589,3.6771
590,3.6771
591,3.6773
592,3.6773
593,3.6773
594,3.6774
595,3.6774
596,3.6774
597,3.6776
598,3.6776
599,3.6777
600,3.6777
601,3.6777
602,3.6779
603,3.6779
604,3.6781
605,3.6781
606,3.6781
607,3.6782
608,3.6782
609,3.6784
610,3.6784
611,3.6784
612,3.6785
613,3.6785
614,3.6785
615,3.6787
616,3.6787
617,3.6789
618,3.6789
619,3.6789
620,3.679
621,3.679
622,3.6792
623,3.6792
624,3.6792
625,3.6793
626,3.6793
627,3.6795
628,3.6795
629,3.6795
630,3.6796
631,3.6796
632,3.6796
633,3.6798
634,3.6798
635,3.68
636,3.68
637,3.68
638,3.6801
639,3.6801
640,3.6803
641,3.6803
642,3.6803
643,3.6804
644,3.6804
645,3.6806
646,3.6806
647,3.6806
648,3.6808
649,3.6808
650,3.6809
651,3.6809
652,3.6809
653,3.6811
654,3.6811
655,3.6812
656,3.6812
657,3.6812
658,3.6814
659,3.6814
660,3.6814
661,3.6816
662,3.6816
663,3.6817
664,3.6817
665,3.6819
666,3.6819
667,3.6819
668,3.682
669,3.682
670,3.682
671,3.6822
672,3.6822
673,3.6823
674,3.6823
675,3.6823
676,3.6825
677,3.6825
678,3.6825
679,3.6827
680,3.6827
681,3.6828
682,3.6828
683,3.683
684,3.683
685,3.683
686,3.6831
687,3.6831
688,3.6831
689,3.6833
690,3.6833
691,3.6835
692,3.6835
693,3.6835
694,3.6836
695,3.6836
696,3.6838
697,3.6838
698,3.6838
699,3.6839
700,3.6839
701,3.6841
702,3.6841
703,3.6841
704,3.6843
705,3.6843
706,3.6844
707,3.6844
708,3.6844
709,3.6846
710,3.6846
711,3.6847
712,3.6847
713,3.6849
714,3.6849
715,3.6849
716,3.685
717,3.685
718,3.685
719,3.6852
720,3.6852
721,3.6854
722,3.6854
723,3.6854
724,3.6855
725,3.6855
726,3.6857
727,3.6857
728,3.6857
729,3.6858
730,3.6858
731,3.6858
732,3.686
733,3.686
734,3.6862
735,3.6862
736,3.6862
737,3.6863
738,3.6863
739,3.6865
740,3.6865
741,3.6865
742,3.6866
743,3.6866
744,3.6868
745,3.6868
746,3.687
747,3.687
748,3.687
749,3.6871
750,3.6871
751,3.6873
752,3.6873
753,3.6874
754,3.6874
755,3.6874
756,3.6876
757,3.6876
758,3.6876
759,3.6877
760,3.6877
761,3.6879
762,3.6879
763,3.6879
764,3.6881
765,3.6881
766,3.6882
767,3.6882
768,3.6884
769,3.6884
770,3.6884
771,3.6885
772,3.6885
773,3.6887
774,3.6887
775,3.6887
776,3.6889
777,3.6889
778,3.689
779,3.689
780,3.689
781,3.6892
782,3.6892
783,3.6893
784,3.6893
785,3.6895
786,3.6895
787,3.6895
788,3.6897
789,3.6897
790,3.6897
791,3.6898
792,3.6898
793,3.69
794,3.69
795,3.6901
796,3.6901
797,3.6901
798,3.6903
799,3.6903
800,3.6904
801,3.6904
802,3.6906
803,3.6906
804,3.6906
805,3.6908
806,3.6908
807,3.6909
808,3.6909
809,3.6909
810,3.6911
811,3.6911
812,3.6912
813,3.6912
814,3.6914
815,3.6914
816,3.6914
817,3.6916
818,3.6916
819,3.6917
820,3.6917
821,3.6917
822,3.6919
823,3.6919
824,3.692
825,3.692
826,3.6922
827,3.6922
828,3.6922
829,3.6924
830,3.6924
831,3.6925
832,3.6925
833,3.6927
834,3.6927
835,3.6927
836,3.6928
837,3.6928
838,3.693
839,3.693
840,3.693
841,3.6931
842,3.6931
843,3.6933
844,3.6933
845,3.6933
846,3.6935
847,3.6935
848,3.6936
849,3.6936
850,3.6938
851,3.6938
852,3.6938
853,3.6939
854,3.6939
855,3.6941
856,3.6941
857,3.6943
858,3.6943
859,3.6943
860,3.6944
861,3.6944
862,3.6946
863,3.6946
864,3.6947
865,3.6947
866,3.6947
867,3.6949
868,3.6949
869,3.6951
870,3.6951
871,3.6952
872,3.6952
873,3.6952
874,3.6954
875,3.6954
876,3.6955
877,3.6955
878,3.6957
879,3.6957
880,3.6957
881,3.6958
882,3.6958
883,3.696
884,3.696
885,3.696
886,3.6962
887,3.6962
888,3.6963
889,3.6963
890,3.6965
891,3.6965
892,3.6966
893,3.6966
894,3.6966
895,3.6968
896,3.6968
897,3.697
898,3.697
899,3.697
900,3.6971
901,3.6971
902,3.6973
903,3.6973
904,3.6974
905,3.6974
906,3.6974
907,3.6976
908,3.6976
909,3.6978
910,3.6978
911,3.6979
912,3.6979
913,3.6981
914,3.6981
915,3.6982
916,3.6982
917,3.6982
918,3.6984
919,3.6984
920,3.6985
921,3.6985
922,3.6985
923,3.6987
924,3.6987
925,3.6989
926,3.6989
927,3.699
928,3.699
929,3.699
930,3.6992
931,3.6992
932,3.6993
933,3.6993
934,3.6995
935,3.6995
936,3.6997
937,3.6997
938,3.6997
939,3.6998
940,3.6998
941,3.7
942,3.7
943,3.7001
944,3.7001
945,3.7001
946,3.7003
947,3.7003
948,3.7005
949,3.7005
950,3.7006
951,3.7006
952,3.7008
953,3.7008
954,3.7008
955,3.7009
956,3.7009
957,3.7011
958,3.7011
959,3.7012
960,3.7012
961,3.7012
962,3.7014
963,3.7016
964,3.7016
965,3.7016
966,3.7017
967,3.7017
968,3.7019
969,3.7019
970,3.702
971,3.702
972,3.702
973,3.7022
974,3.7022
975,3.7024
976,3.7024
977,3.7025
978,3.7025
979,3.7027
980,3.7027
981,3.7028
982,3.7028
983,3.7028
984,3.703
985,3.703
986,3.7032
987,3.7032
988,3.7033
989,3.7033
990,3.7035
991,3.7035
992,3.7036
993,3.7036
994,3.7036
995,3.7038
996,3.7038
997,3.7039
998,3.7039
999,3.7041
1000,3.7041
1001,3.7043
1002,3.7043
1003,3.7043
1004,3.7044
1005,3.7044
1006,3.7046
1007,3.7046
1008,3.7047
1009,3.7047
1010,3.7049
1011,3.7049
1012,3.7051
1013,3.7051
1014,3.7051
1015,3.7052
1016,3.7052
1017,3.7054
1018,3.7054
1019,3.7055
1020,3.7055
1021,3.7057
1022,3.7057
1023,3.7059
1024,3.7059
1025,3.706
1026,3.706
1027,3.706
1028,3.7062
1029,3.7062
1030,3.7063
1031,3.7063
1032,3.7065
1033,3.7065
1034,3.7066
1035,3.7066
1036,3.7068
1037,3.7068
1038,3.707
1039,3.707
1040,3.7071
1041,3.7071
1042,3.7071
1043,3.7073
1044,3.7073
1045,3.7074
1046,3.7074
1047,3.7076
1048,3.7076
1049,3.7078
1050,3.7078
1051,3.7078
1052,3.7079
1053,3.7079
1054,3.7081
1055,3.7081
1056,3.7082
1057,3.7082
1058,3.7084
1059,3.7084
1060,3.7086
1061,3.7086
1062,3.7087
1063,3.7087
1064,3.7087
1065,3.7089
1066,3.7089
1067,3.709
1068,3.709
1069,3.7092
1070,3.7092
1071,3.7094
1072,3.7094
1073,3.7095
1074,3.7095
1075,3.7097
1076,3.7097
1077,3.7098
1078,3.7098
1079,3.71
1080,3.71
1081,3.71
1082,3.7101
1083,3.7101
1084,3.7103
1085,3.7103
1086,3.7105
1087,3.7105
1088,3.7106
1089,3.7106
1090,3.7108
1091,3.7108
1092,3.7109
1093,3.7109
1094,3.7111
1095,3.7111
1096,3.7111
1097,3.7113
1098,3.7113
1099,3.7114
1100,3.7114
1101,3.7116
1102,3.7116
1103,3.7117
1104,3.7117
1105,3.7119
1106,3.7119
1107,3.7121
1108,3.7121
1109,3.7122
1110,3.7122
1111,3.7122
1112,3.7124
1113,3.7125
1114,3.7125
1115,3.7125
1116,3.7127
1117,3.7127
1118,3.7128
1119,3.7128
1120,3.713
1121,3.713
1122,3.7132
1123,3.7132
1124,3.7132
1125,3.7133
1126,3.7135
1127,3.7135
1128,3.7136
1129,3.7136
1130,3.7138
1131,3.7138
1132,3.7138
1133,3.714
1134,3.714
1135,3.7141
1136,3.7141
1137,3.7143
1138,3.7143
1139,3.7144
1140,3.7144
1141,3.7146
1142,3.7146
1143,3.7148
1144,3.7148
1145,3.7149
1146,3.7149
1147,3.7151
1148,3.7151
1149,3.7151
1150,3.7152
1151,3.7154
1152,3.7154
1153,3.7155
1154,3.7155
1155,3.7155
1156,3.7157
1157,3.7157
1158,3.7159
1159,3.7159
1160,3.716
1161,3.716
1162,3.7162
1163,3.7162
1164,3.7163
1165,3.7163
1166,3.7165
1167,3.7165
1168,3.7167
1169,3.7167
1170,3.7168
1171,3.7168
1172,3.717
1173,3.717
1174,3.7171
1175,3.7171
1176,3.7173
1177,3.7173
1178,3.7175
1179,3.7175
1180,3.7176
1181,3.7176
1182,3.7178
1183,3.7178
1184,3.7178
1185,3.7179
1186,3.7179
1187,3.7181
1188,3.7182
1189,3.7182
1190,3.7182
1191,3.7184
1192,3.7184
1193,3.7186
1194,3.7186
1195,3.7187
1196,3.7187
1197,3.7189
1198,3.7189
1199,3.719
1200,3.719
1201,3.7192
1202,3.7192
1203,3.7194
1204,3.7194
1205,3.7195
1206,3.7195
1207,3.7197
1208,3.7197
1209,3.7198
1210,3.7198
1211,3.72
1212,3.72
1213,3.7202
1214,3.7202
1215,3.7203
1216,3.7203
1217,3.7205
1218,3.7205
1219,3.7206
1220,3.7206
1221,3.7208
1222,3.7208
1223,3.7209
1224,3.7209
1225,3.7211
1226,3.7211
1227,3.7213
1228,3.7213
1229,3.7214
1230,3.7214
1231,3.7216
1232,3.7216
1233,3.7217
1234,3.7217
1235,3.7219
1236,3.7219
1237,3.7221
1238,3.7221
1239,3.7222
1240,3.7222
1241,3.7224
1242,3.7224
1243,3.7225
1244,3.7225
1245,3.7227
1246,3.7227
1247,3.7229
1248,3.7229
1249,3.723
1250,3.723
1251,3.7232
1252,3.7232
1253,3.7233
1254,3.7233
1255,3.7235
1256,3.7235
1257,3.7236
1258,3.7236
1259,3.7238
1260,3.7238
1261,3.724
1262,3.724
1263,3.7241
1264,3.7241
1265,3.7243
1266,3.7243
1267,3.7244
1268,3.7244
1269,3.7246
1270,3.7246
1271,3.7248
1272,3.7248
1273,3.7249
1274,3.7249
1275,3.7251
1276,3.7251
1277,3.7252
1278,3.7252
1279,3.7254
1280,3.7256
1281,3.7256
1282,3.7257
1283,3.7257
1284,3.7259
1285,3.7259
1286,3.726
1287,3.726
1288,3.7262
1289,3.7262
1290,3.7263
1291,3.7263
1292,3.7265
1293,3.7265
1294,3.7267
1295,3.7267
1296,3.7268
1297,3.7268
1298,3.727
1299,3.727
1300,3.7271
1301,3.7273
1302,3.7273
1303,3.7275
1304,3.7275
1305,3.7276
1306,3.7276
1307,3.7278
1308,3.7278
1309,3.7279
1310,3.7279
1311,3.7281
1312,3.7281
1313,3.7283
1314,3.7283
1315,3.7284
1316,3.7286
1317,3.7286
1318,3.7287
1319,3.7287
1320,3.7289
1321,3.7289
1322,3.729
1323,3.729
1324,3.7292
1325,3.7292
1326,3.7294
1327,3.7294
1328,3.7295
1329,3.7295
1330,3.7297
1331,3.7297
1332,3.7298
1333,3.7298
1334,3.73
1335,3.7302
1336,3.7302
1337,3.7303
1338,3.7303
1339,3.7305
1340,3.7305
1341,3.7306
1342,3.7306
1343,3.7308
1344,3.731
1345,3.731
1346,3.7311
1347,3.7311
1348,3.7313
1349,3.7313
1350,3.7314
1351,3.7316
1352,3.7316
1353,3.7317
1354,3.7317
1355,3.7319
1356,3.7319
1357,3.7321
1358,3.7321
1359,3.7322
1360,3.7322
1361,3.7324
1362,3.7325
1363,3.7325
1364,3.7327
1365,3.7327
1366,3.7329
1367,3.7329
1368,3.733
1369,3.7332
1370,3.7332
1371,3.7333
1372,3.7333
1373,3.7335
1374,3.7335
1375,3.7337
1376,3.7337
1377,3.7338
1378,3.734
1379,3.734
1380,3.7341
1381,3.7341
1382,3.7343
1383,3.7343
1384,3.7344
1385,3.7346
1386,3.7346
1387,3.7348
1388,3.7348
1389,3.7349
1390,3.7349
1391,3.7351
1392,3.7352
1393,3.7352
1394,3.7354
1395,3.7354
1396,3.7356
1397,3.7356
1398,3.7357
1399,3.7359
1400,3.7359
1401,3.736
1402,3.736
1403,3.7362
1404,3.7364
1405,3.7364
1406,3.7365
1407,3.7365
1408,3.7367
1409,3.7368
1410,3.7368
1411,3.737
1412,3.737
1413,3.7371
1414,3.7371
1415,3.7373
1416,3.7375
1417,3.7375
1418,3.7376
1419,3.7376
1420,3.7378
1421,3.7379
1422,3.7379
1423,3.7381
1424,3.7381
1425,3.7383
1426,3.7384
1427,3.7384
1428,3.7386
1429,3.7386
1430,3.7387
1431,3.7387
1432,3.7389
1433,3.7391
1434,3.7391
1435,3.7392
1436,3.7394
1437,3.7394
1438,3.7395
1439,3.7395
1440,3.7397
1441,3.7398
1442,3.7398
1443,3.74
1444,3.74
1445,3.7402
1446,3.7403
1447,3.7403
1448,3.7405
1449,3.7406
1450,3.7406
1451,3.7408
1452,3.7408
1453,3.741
1454,3.7411
1455,3.7411
1456,3.7413
1457,3.7414
1458,3.7414
1459,3.7416
1460,3.7416
1461,3.7418
1462,3.7419
1463,3.7419
1464,3.7421
1465,3.7422
1466,3.7422
1467,3.7424
1468,3.7424
1469,3.7425
1470,3.7427
1471,3.7427
1472,3.7429
1473,3.743
1474,3.743
1475,3.7432
1476,3.7433
1477,3.7433
1478,3.7435
1479,3.7435
1480,3.7437
1481,3.7438
1482,3.7438
1483,3.744
1484,3.7441
1485,3.7441
1486,3.7443
1487,3.7445
1488,3.7445
1489,3.7446
1490,3.7446
1491,3.7448
1492,3.7449
1493,3.7449
1494,3.7451
1495,3.7452
1496,3.7452
1497,3.7454
1498,3.7456
1499,3.7456
1500,3.7457
1501,3.7459
1502,3.7459
1503,3.746
1504,3.7462
1505,3.7462
1506,3.7464
1507,3.7465
1508,3.7465
1509,3.7467
1510,3.7468
1511,3.7468
1512,3.747
1513,3.7472
1514,3.7472
1515,3.7473
1516,3.7475
1517,3.7475
1518,3.7476
1519,3.7478
1520,3.7478
1521,3.7479
1522,3.7481
1523,3.7481
1524,3.7483
1525,3.7484
1526,3.7484
1527,3.7486
1528,3.7487
1529,3.7487
1530,3.7489
1531,3.7491
1532,3.7492
1533,3.7492
1534,3.7494
1535,3.7495
1536,3.7495
1537,3.7497
1538,3.7499
1539,3.7499
1540,3.75
1541,3.7502
1542,3.7502
1543,3.7503
1544,3.7505
1545,3.7506
1546,3.7506
1547,3.7508
1548,3.751
1549,3.751
1550,3.7511
1551,3.7513
1552,3.7513
1553,3.7514
1554,3.7516
1555,3.7518
1556,3.7518
1557,3.7519
1558,3.7521
1559,3.7521
1560,3.7522
1561,3.7524
1562,3.7526
1563,3.7526
1564,3.7527
1565,3.7529
1566,3.7529
1567,3.753
1568,3.7532
1569,3.7532
1570,3.7533
1571,3.7535
1572,3.7537
1573,3.7537
1574,3.7538
1575,3.754
1576,3.7541
1577,3.7541
1578,3.7543
1579,3.7545
1580,3.7545
1581,3.7546
1582,3.7548
1583,3.7549
1584,3.7549
1585,3.7551
1586,3.7553
1587,3.7554
1588,3.7554
1589,3.7556
1590,3.7557
1591,3.7559
1592,3.7559
1593,3.756
1594,3.7562
1595,3.7564
1596,3.7564
1597,3.7565
1598,3.7567
1599,3.7568
1600,3.7568
1601,3.757
1602,3.7572
1603,3.7573
1604,3.7573
1605,3.7575
1606,3.7576
1607,3.7578
1608,3.7578
1609,3.758
1610,3.7581
1611,3.7583
1612,3.7583
1613,3.7584
1614,3.7586
1615,3.7588
1616,3.7588
1617,3.7589
1618,3.7591
1619,3.7592
1620,3.7594
1621,3.7594
1622,3.7595
1623,3.7597
1624,3.7599
1625,3.7599
1626,3.76
1627,3.7602
1628,3.7603
1629,3.7605
1630,3.7605
1631,3.7607
1632,3.7608
1633,3.761
1634,3.761
1635,3.7611
1636,3.7613
1637,3.7615
1638,3.7616
1639,3.7616
1640,3.7618
1641,3.7619
1642,3.7621
1643,3.7622
1644,3.7622
1645,3.7624
1646,3.7626
1647,3.7627
1648,3.7629
1649,3.7629
1650,3.763
1651,3.7632
1652,3.7634
1653,3.7634
1654,3.7635
1655,3.7637
1656,3.7638
1657,3.764
1658,3.764
1659,3.7642
1660,3.7643
1661,3.7645
1662,3.7646
1663,3.7648
1664,3.7648
1665,3.7649
1666,3.7651
1667,3.7653
1668,3.7654
1669,3.7654
1670,3.7656
1671,3.7657
1672,3.7659
1673,3.7661
1674,3.7662
1675,3.7662
1676,3.7664
1677,3.7665
1678,3.7667
1679,3.7669
1680,3.7669
1681,3.767
1682,3.7672
1683,3.7673
1684,3.7675
1685,3.7676
1686,3.7676
1687,3.7678
1688,3.768
1689,3.7681
1690,3.7683
1691,3.7684
1692,3.7684
1693,3.7686
1694,3.7688
1695,3.7689
1696,3.7691
1697,3.7692
1698,3.7692
1699,3.7694
1700,3.7696
1701,3.7697
1702,3.7699
1703,3.77
1704,3.77
1705,3.7702
1706,3.7703
1707,3.7705
1708,3.7707
1709,3.7708
1710,3.771
1711,3.7711
1712,3.7713
1713,3.7713
1714,3.7715
1715,3.7716
1716,3.7718
1717,3.7719
1718,3.7721
1719,3.7723
1720,3.7723
1721,3.7724
1722,3.7726
1723,3.7727
1724,3.7729
1725,3.773
1726,3.7732
1727,3.7734
1728,3.7734
1729,3.7735
1730,3.7737
1731,3.7738
1732,3.774
1733,3.7742
1734,3.7743
1735,3.7745
1736,3.7745
1737,3.7746
1738,3.7748
1739,3.775
1740,3.7751
1741,3.7753
1742,3.7754
1743,3.7756
1744,3.7756
1745,3.7757
1746,3.7759
1747,3.7761
1748,3.7762
1749,3.7764
1750,3.7765
1751,3.7767
1752,3.7769
1753,3.7769
1754,3.777
1755,3.7772
1756,3.7773
1757,3.7775
1758,3.7777
1759,3.7778
1760,3.778
1761,3.7781
1762,3.7783
1763,3.7784
1764,3.7784
1765,3.7786
1766,3.7788
1767,3.7789
1768,3.7791
1769,3.7792
1770,3.7794
1771,3.7796
1772,3.7797
1773,3.7799
1774,3.78
1775,3.78
1776,3.7802
1777,3.7804
1778,3.7805
1779,3.7807
1780,3.7808
1781,3.781
1782,3.7811
1783,3.7813
1784,3.7815
1785,3.7816
1786,3.7818
1787,3.7818
1788,3.7819
1789,3.7821
1790,3.7823
1791,3.7824
1792,3.7826
1793,3.7827
1794,3.7829
1795,3.7831
1796,3.7832
1797,3.7834
1798,3.7835
1799,3.7837
1800,3.7837
1801,3.7838
1802,3.784
1803,3.7842
1804,3.7843
1805,3.7845
1806,3.7846
1807,3.7848
1808,3.785
1809,3.7851
1810,3.7853
1811,3.7854
1812,3.7856
1813,3.7858
1814,3.7859
1815,3.7861
1816,3.7862
1817,3.7864
1818,3.7864
1819,3.7867
1820,3.7869
1821,3.7869
1822,3.787
1823,3.7872
1824,3.7873
1825,3.7875
1826,3.7877
1827,3.7878
1828,3.788
1829,3.7881
1830,3.7883
1831,3.7885
1832,3.7886
1833,3.7888
1834,3.7889
1835,3.7891
1836,3.7892
1837,3.7894
1838,3.7896
1839,3.7897
1840,3.7899
1841,3.79
1842,3.7902
1843,3.7904
1844,3.7905
1845,3.7907
1846,3.7908
1847,3.791
1848,3.7912
1849,3.7913
1850,3.7915
1851,3.7916
1852,3.7918
1853,3.7919
1854,3.7921
1855,3.7923
1856,3.7924
1857,3.7926
1858,3.7926
1859,3.7929
1860,3.7931
1861,3.7932
1862,3.7934
1863,3.7935
1864,3.7935
1865,3.7937
1866,3.794
1867,3.7942
1868,3.7943
1869,3.7945
1870,3.7946
1871,3.7948
1872,3.795
1873,3.7951
1874,3.7953
1875,3.7954
1876,3.7956
1877,3.7958
1878,3.7959
1879,3.7961
1880,3.7962
1881,3.7964
1882,3.7966
1883,3.7967
1884,3.7969
1885,3.797
1886,3.7972
1887,3.7973
1888,3.7975
1889,3.7977
1890,3.7978
1891,3.798
1892,3.7981
1893,3.7983
1894,3.7985
1895,3.7986
1896,3.7988
1897,3.7989
1898,3.7991
1899,3.7993
1900,3.7994
1901,3.7996
1902,3.7997
1903,3.7999
1904,3.8
1905,3.8002
1906,3.8004
1907,3.8005
1908,3.8007
1909,3.8008
1910,3.801
1911,3.8013
1912,3.8015
1913,3.8016
1914,3.8018
1915,3.802
1916,3.8021
1917,3.8023
1918,3.8024
1919,3.8026
1920,3.8028
1921,3.8029
1922,3.8031
1923,3.8032
1924,3.8034
1925,3.8035
1926,3.8037
1927,3.8039
1928,3.8042
1929,3.8043
1930,3.8045
1931,3.8047
1932,3.8048
1933,3.805
1934,3.8051
1935,3.8053
1936,3.8055
1937,3.8056
1938,3.8058
1939,3.8059
1940,3.8061
1941,3.8064
1942,3.8066
1943,3.8067
1944,3.8069
1945,3.807
1946,3.8072
1947,3.8074
1948,3.8075
1949,3.8077
1950,3.8078
1951,3.808
1952,3.8082
1953,3.8085
1954,3.8086
1955,3.8088
1956,3.8089
1957,3.8091
1958,3.8093
1959,3.8094
1960,3.8096
1961,3.8099
1962,3.8101
1963,3.8102
1964,3.8104
1965,3.8105
1966,3.8107
1967,3.8109
1968,3.811
1969,3.8112
1970,3.8113
1971,3.8116
1972,3.8118
1973,3.812
1974,3.8121
1975,3.8123
1976,3.8124
1977,3.8126
1978,3.8129
1979,3.8131
1980,3.8132
1981,3.8134
1982,3.8136
1983,3.8137
1984,3.814
1985,3.8142
1986,3.8143
1987,3.8145
1988,3.8147
1989,3.8148
1990,3.815
1991,3.8153
1992,3.8155
1993,3.8156
1994,3.8158
1995,3.8159
1996,3.8161
1997,3.8163
1998,3.8166
1999,3.8167
2000,3.8169
2001,3.817
2002,3.8172
2003,3.8174
2004,3.8177
2005,3.8178
2006,3.818
2007,3.8182
2008,3.8183
2009,3.8186
2010,3.8188
2011,3.819
2012,3.8191
2013,3.8193
2014,3.8196
2015,3.8197
2016,3.8199
2017,3.8201
2018,3.8202
2019,3.8205
2020,3.8207
2021,3.8209
2022,3.821
2023,3.8212
2024,3.8215
2025,3.8217
2026,3.8218
2027,3.822
2028,3.8223
2029,3.8224
2030,3.8226
2031,3.8228
2032,3.8229
2033,3.8232
2034,3.8234
2035,3.8236
2036,3.8237
2037,3.824
2038,3.8242
2039,3.8244
2040,3.8245
2041,3.8247
2042,3.825
2043,3.8251
2044,3.8253
2045,3.8256
2046,3.8258
2047,3.8259
2048,3.8261
2049,3.8264
2050,3.8266
2051,3.8267
2052,3.8269
2053,3.8271
2054,3.8274
2055,3.8275
2056,3.8277
2057,3.828
2058,3.8282
2059,3.8283
2060,3.8285
2061,3.8288
2062,3.829
2063,3.8291
2064,3.8294
2065,3.8296
2066,3.8298
2067,3.8299
2068,3.8302
2069,3.8304
2070,3.8305
2071,3.8309
2072,3.831
2073,3.8312
2074,3.8315
2075,3.8317
2076,3.8318
2077,3.832
2078,3.8323
2079,3.8325
2080,3.8326
2081,3.8329
2082,3.8331
2083,3.8332
2084,3.8336
2085,3.8337
2086,3.8339
2087,3.8342
2088,3.8344
2089,3.8345
2090,3.8348
2091,3.835
2092,3.8352
2093,3.8353
2094,3.8356
2095,3.8358
2096,3.8359
2097,3.8363
2098,3.8364
2099,3.8367
2100,3.8369
2101,3.8371
2102,3.8374
2103,3.8375
2104,3.8377
2105,3.838
2106,3.8382
2107,3.8383
2108,3.8386
2109,3.8388
2110,3.8391
2111,3.8393
2112,3.8394
2113,3.8396
2114,3.8399
2115,3.8401
2116,3.8404
2117,3.8406
2118,3.8407
2119,3.841
2120,3.8412
2121,3.8415
2122,3.8417
2123,3.8418
2124,3.8421
2125,3.8423
2126,3.8426
2127,3.8428
2128,3.8429
2129,3.8433
2130,3.8434
2131,3.8437
2132,3.8439
2133,3.844
2134,3.8444
2135,3.8445
2136,3.8448
2137,3.845
2138,3.8452
2139,3.8455
2140,3.8456
2141,3.846
2142,3.8461
2143,3.8463
2144,3.8466
2145,3.8468
2146,3.8471
2147,3.8472
2148,3.8475
2149,3.8477
2150,3.8479
2151,3.8482
2152,3.8483
2153,3.8487
2154,3.8488
2155,3.8491
2156,3.8493
2157,3.8495
2158,3.8498
2159,3.8499
2160,3.8502
2161,3.8504
2162,3.8507
2163,3.8509
2164,3.8512
2165,3.8514
2166,3.8515
2167,3.8518
2168,3.852
2169,3.8523
2170,3.8525
2171,3.8528
2172,3.8529
2173,3.8533
2174,3.8534
2175,3.8537
2176,3.8539
2177,3.8542
2178,3.8544
2179,3.8545
2180,3.8549
2181,3.855
2182,3.8553
2183,3.8555
2184,3.8558
2185,3.856
2186,3.8563
2187,3.8564
2188,3.8568
2189,3.8569
2190,3.8572
2191,3.8574
2192,3.8577
2193,3.8579
2194,3.8582
2195,3.8583
2196,3.8587
2197,3.8588
2198,3.8591
2199,3.8593
2200,3.8595
2201,3.8598
2202,3.8599
2203,3.8603
2204,3.8604
2205,3.8607
2206,3.8609
2207,3.8612
2208,3.8614
2209,3.8617
2210,3.8618
2211,3.8622
2212,3.8623
2213,3.8626
2214,3.8628
2215,3.8631
2216,3.8633
2217,3.8636
2218,3.8637
2219,3.8641
2220,3.8642
2221,3.8645
2222,3.8647
2223,3.865
2224,3.8652
2225,3.8655
2226,3.8657
2227,3.866
2228,3.8661
2229,3.8664
2230,3.8666
2231,3.8669
2232,3.8671
2233,3.8674
2234,3.8676
2235,3.8679
2236,3.868
2237,3.8684
2238,3.8685
2239,3.8688
2240,3.869
2241,3.8693
2242,3.8695
2243,3.8698
2244,3.8699
2245,3.8703
2246,3.8704
2247,3.8707
2248,3.8709
2249,3.8712
2250,3.8714
2251,3.8717
2252,3.8718
2253,3.8722
2254,3.8723
2255,3.8726
2256,3.8728
2257,3.8731
2258,3.8733
2259,3.8736
2260,3.8738
2261,3.8741
2262,3.8742
2263,3.8745
2264,3.8747
2265,3.875
2266,3.8752
2267,3.8755
2268,3.8757
2269,3.876
2270,3.8761
2271,3.8765
2272,3.8766
2273,3.8769
2274,3.8771
2275,3.8774
2276,3.8776
2277,3.8779
2278,3.878
2279,3.8784
2280,3.8785
2281,3.8788
2282,3.879
2283,3.8793
2284,3.8795
2285,3.8798
2286,3.8799
2287,3.8803
2288,3.8804
2289,3.8807
2290,3.8809
2291,3.8812
2292,3.8814
2293,3.8817
2294,3.8819
2295,3.8822
2296,3.8823
2297,3.8826
2298,3.8828
2299,3.8831
2300,3.8833
2301,3.8836
2302,3.8838
2303,3.8839
2304,3.8842
2305,3.8844
2306,3.8847
2307,3.8849
2308,3.8852
2309,3.8853
2310,3.8857
2311,3.8858
2312,3.8861
2313,3.8863
2314,3.8866
2315,3.8868
2316,3.8871
2317,3.8873
2318,3.8876
2319,3.8877
2320,3.888
2321,3.8882
2322,3.8885
2323,3.8887
2324,3.8888
2325,3.8892
2326,3.8895
2327,3.8896
2328,3.8898
2329,3.8901
2330,3.8903
2331,3.8906
2332,3.8907
2333,3.8911
2334,3.8912
2335,3.8915
2336,3.8917
2337,3.892
2338,3.8922
2339,3.8925
2340,3.8927
2341,3.8928
2342,3.8931
2343,3.8933
2344,3.8936
2345,3.8938
2346,3.8941
2347,3.8942
2348,3.8946
2349,3.8947
2350,3.895
2351,3.8952
2352,3.8954
2353,3.8957
2354,3.8958
2355,3.8962
2356,3.8963
2357,3.8966
2358,3.8968
2359,3.8971
2360,3.8973
2361,3.8974
2362,3.8977
2363,3.8979
2364,3.8982
2365,3.8984
2366,3.8987
2367,3.8989
2368,3.899
2369,3.8993
2370,3.8995
2371,3.8998
2372,3.9
2373,3.9003
2374,3.9004
2375,3.9008
2376,3.9009
2377,3.9012
2378,3.9014
2379,3.9016
2380,3.9019
2381,3.902
2382,3.9023
2383,3.9025
2384,3.9028
2385,3.903
2386,3.9033
2387,3.9035
2388,3.9038
2389,3.9039
2390,3.9041
2391,3.9044
2392,3.9046
2393,3.9049
2394,3.905
2395,3.9054
2396,3.9055
2397,3.9057
2398,3.906
2399,3.9062
2400,3.9065
2401,3.9066
2402,3.907
2403,3.9071
2404,3.9074
2405,3.9076
2406,3.9079
2407,3.9081
2408,3.9082
2409,3.9085
2410,3.9087
2411,3.909
2412,3.9092
2413,3.9095
2414,3.9097
2415,3.9098
2416,3.9101
2417,3.9103
2418,3.9106
2419,3.9108
2420,3.9111
2421,3.9112
2422,3.9116
2423,3.9117
2424,3.9119
2425,3.9122
2426,3.9124
2427,3.9127
2428,3.9128
2429,3.9131
2430,3.9133
2431,3.9136
2432,3.9138
2433,3.9139
2434,3.9143
2435,3.9144
2436,3.9147
2437,3.9149
2438,3.9152
2439,3.9154
2440,3.9157
2441,3.9158
2442,3.9162
2443,3.9163
2444,3.9166
2445,3.9168
2446,3.9171
2447,3.9173
2448,3.9174
2449,3.9178
2450,3.9179
2451,3.9182
2452,3.9184
2453,3.9187
2454,3.9189
2455,3.9192
2456,3.9193
2457,3.9197
2458,3.9198
2459,3.9201
2460,3.9203
2461,3.9206
2462,3.9208
2463,3.9209
2464,3.9212
2465,3.9216
2466,3.9217
2467,3.922
2468,3.9222
2469,3.9225
2470,3.9227
2471,3.923
2472,3.9232
2473,3.9233
2474,3.9236
2475,3.9239
2476,3.9241
2477,3.9244
2478,3.9246
2479,3.9247
2480,3.9251
2481,3.9252
2482,3.9255
2483,3.9259
2484,3.926
2485,3.9263
2486,3.9265
2487,3.9268
2488,3.927
2489,3.9273
2490,3.9274
2491,3.9278
2492,3.9279
2493,3.9282
2494,3.9284
2495,3.9287
2496,3.9289
2497,3.9292
2498,3.9293
2499,3.9297
2500,3.9298
2501,3.9301
2502,3.9303
2503,3.9306
2504,3.9309
2505,3.9311
2506,3.9314
2507,3.9316
2508,3.9319
2509,3.932
2510,3.9324
2511,3.9325
2512,3.9328
2513,3.933
2514,3.9333
2515,3.9336
2516,3.9338
2517,3.9341
2518,3.9343
2519,3.9346
2520,3.9347
2521,3.9351
2522,3.9354
2523,3.9355
2524,3.9359
2525,3.936
2526,3.9363
2527,3.9365
2528,3.9368
2529,3.937
2530,3.9373
2531,3.9376
2532,3.9378
2533,3.9381
2534,3.9382
2535,3.9386
2536,3.9389
2537,3.939
2538,3.9394
2539,3.9395
2540,3.9398
2541,3.9402
2542,3.9403
2543,3.9406
2544,3.9408
2545,3.9411
2546,3.9414
2547,3.9416
2548,3.9419
2549,3.9421
2550,3.9424
2551,3.9427
2552,3.9429
2553,3.9432
2554,3.9433
2555,3.9436
2556,3.944
2557,3.9441
2558,3.9444
2559,3.9448
2560,3.9449
2561,3.9452
2562,3.9454
2563,3.9457
2564,3.946
2565,3.9462
2566,3.9465
2567,3.9468
2568,3.947
2569,3.9473
2570,3.9476
2571,3.9478
2572,3.9481
2573,3.9484
2574,3.9486
2575,3.9489
2576,3.9492
2577,3.9494
2578,3.9497
2579,3.95
2580,3.9502
2581,3.9505
2582,3.9506
2583,3.951
2584,3.9513
2585,3.9514
2586,3.9517
2587,3.9521
2588,3.9522
2589,3.9525
2590,3.9529
2591,3.953
2592,3.9533
2593,3.9537
2594,3.954
2595,3.9541
2596,3.9544
2597,3.9548
2598,3.9549
2599,3.9552
2600,3.9556
2601,3.9557
2602,3.956
2603,3.9564
2604,3.9565
2605,3.9568
2606,3.9571
2607,3.9573
2608,3.9576
2609,3.9579
2610,3.9581
2611,3.9584
2612,3.9587
2613,3.9589
2614,3.9592
2615,3.9595
2616,3.9598
2617,3.96
2618,3.9603
2619,3.9606
2620,3.9608
2621,3.9611
2622,3.9614
2623,3.9618
2624,3.9619
2625,3.9622
2626,3.9625
2627,3.9627
2628,3.963
2629,3.9633
2630,3.9635
2631,3.9638
2632,3.9641
2633,3.9645
2634,3.9646
2635,3.9649
2636,3.9652
2637,3.9654
2638,3.9657
2639,3.966
2640,3.9662
2641,3.9665
2642,3.9668
2643,3.967
2644,3.9673
2645,3.9676
2646,3.9679
2647,3.9681
2648,3.9684
2649,3.9687
2650,3.9689
2651,3.9692
2652,3.9695
2653,3.9697
2654,3.97
2655,3.9703
2656,3.9706
2657,3.9708
2658,3.9711
2659,3.9714
2660,3.9716
2661,3.9719
2662,3.9722
2663,3.9724
2664,3.9727
2665,3.973
2666,3.9732
2667,3.9735
2668,3.9738
2669,3.974
2670,3.9743
2671,3.9746
2672,3.9748
2673,3.9751
2674,3.9754
2675,3.9757
2676,3.9759
2677,3.9762
2678,3.9765
2679,3.9767
2680,3.977
2681,3.9772
2682,3.9775
2683,3.9778
2684,3.9781
2685,3.9783
2686,3.9786
2687,3.9787
2688,3.9791
2689,3.9794
2690,3.9795
2691,3.9799
2692,3.9802
2693,3.9803
2694,3.9807
2695,3.981
2696,3.9811
2697,3.9814
2698,3.9816
2699,3.9819
2700,3.9822
2701,3.9824
2702,3.9827
2703,3.983
2704,3.9832
2705,3.9835
2706,3.9837
2707,3.984
2708,3.9843
2709,3.9845
2710,3.9848
2711,3.9849
2712,3.9853
2713,3.9856
2714,3.9857
2715,3.9861
2716,3.9862
2717,3.9865
2718,3.9867
2719,3.987
2720,3.9872
2721,3.9875
2722,3.9878
2723,3.988
2724,3.9883
2725,3.9884
2726,3.9888
2727,3.9889
2728,3.9892
2729,3.9894
2730,3.9897
2731,3.99
2732,3.9902
2733,3.9905
2734,3.9907
2735,3.991
2736,3.9911
2737,3.9915
2738,3.9916
2739,3.9919
2740,3.9921
2741,3.9924
2742,3.9926
2743,3.9929
2744,3.993
2745,3.9934
2746,3.9935
2747,3.9937
2748,3.994
2749,3.9943
2750,3.9945
2751,3.9946
2752,3.995
2753,3.9951
2754,3.9954
2755,3.9956
2756,3.9959
2757,3.9961
2758,3.9962
2759,3.9965
2760,3.9967
2761,3.997
2762,3.9972
2763,3.9973
2764,3.9977
2765,3.9978
2766,3.9981
2767,3.9983
2768,3.9986
2769,3.9988
2770,3.9989
2771,3.9992
2772,3.9994
2773,3.9996
2774,3.9999
2775,4.0
2776,4.0004
2777,4.0005
2778,4.0007
2779,4.001
2780,4.0011
2781,4.0013
2782,4.0016
2783,4.0018
2784,4.0019
2785,4.0023
2786,4.0024
2787,4.0026
2788,4.0029
2789,4.0031
2790,4.0032
2791,4.0034
2792,4.0037
2793,4.0038
2794,4.004
2795,4.0043
2796,4.0045
2797,4.0046
2798,4.0048
2799,4.0051
2800,4.0053
2801,4.0054
2802,4.0058
2803,4.0059
2804,4.0061
2805,4.0062
2806,4.0064
2807,4.0067
2808,4.0069
2809,4.007
2810,4.0072
2811,4.0075
2812,4.0077
2813,4.0078
2814,4.008
2815,4.0083
2816,4.0085
2817,4.0086
2818,4.0088
2819,4.0089
2820,4.0091
2821,4.0094
2822,4.0096
2823,4.0097
2824,4.0099
2825,4.01
2826,4.0104
2827,4.0105
2828,4.0107
2829,4.0108
2830,4.011
2831,4.0112
2832,4.0113
2833,4.0116
2834,4.0118
2835,4.0119
2836,4.0121
2837,4.0123
2838,4.0124
2839,4.0126
2840,4.0129
2841,4.0131
2842,4.0132
2843,4.0134
2844,4.0135
2845,4.0137
2846,4.0139
2847,4.014
2848,4.0142
2849,4.0143
2850,4.0146
2851,4.0148
2852,4.015
2853,4.0151
2854,4.0153
2855,4.0154
2856,4.0156
2857,4.0158
2858,4.0159
2859,4.0161
2860,4.0162
2861,4.0164
2862,4.0167
2863,4.0169
2864,4.017
2865,4.0172
2866,4.0173
2867,4.0175
2868,4.0177
2869,4.0178
2870,4.018
2871,4.0181
2872,4.0183
2873,4.0185
2874,4.0186
2875,4.0188
2876,4.0189
2877,4.0191
2878,4.0193
2879,4.0194
2880,4.0196
2881,4.0197
2882,4.0199
2883,4.02
2884,4.0202
2885,4.0204
2886,4.0205
2887,4.0207
2888,4.0208
2889,4.021
2890,4.0213
2891,4.0213
2892,4.0216
2893,4.0216
2894,4.0218
2895,4.0221
2896,4.0223
2897,4.0223
2898,4.0226
2899,4.0227
2900,4.0229
2901,4.0231
2902,4.0232
2903,4.0234
2904,4.0235
2905,4.0237
2906,4.0239
2907,4.024
2908,4.0242
2909,4.0243
2910,4.0245
2911,4.0245
2912,4.0248
2913,4.025
2914,4.025
2915,4.0253
2916,4.0254
2917,4.0254
2918,4.0258
2919,4.0258
2920,4.0259
2921,4.0261
2922,4.0262
2923,4.0264
2924,4.0266
2925,4.0267
2926,4.0269
2927,4.027
2928,4.0272
2929,4.0274
2930,4.0275
2931,4.0277
2932,4.0278
2933,4.028
2934,4.0281
2935,4.0283
2936,4.0285
2937,4.0286
2938,4.0288
2939,4.0289
2940,4.0291
2941,4.0293
2942,4.0294
2943,4.0296
2944,4.0297
2945,4.0299
2946,4.0301
2947,4.0302
2948,4.0304
2949,4.0305
2950,4.0307
2951,4.0309
2952,4.031
2953,4.0312
2954,4.0313
2955,4.0315
2956,4.0316
2957,4.032
2958,4.032
2959,4.0321
2960,4.0323
2961,4.0326
2962,4.0328
2963,4.0329
2964,4.0331
2965,4.0332
2966,4.0334
2967,4.0336
2968,4.0337
2969,4.0339
2970,4.034
2971,4.0342
2972,4.0343
2973,4.0345
2974,4.0347
2975,4.0348
2976,4.035
2977,4.0351
2978,4.0353
2979,4.0355
2980,4.0358
2981,4.0359
2982,4.0361
2983,4.0363
2984,4.0364
2985,4.0366
2986,4.0367
2987,4.0369
2988,4.037
2989,4.0372
2990,4.0374
2991,4.0375
2992,4.0377
2993,4.038
2994,4.0382
2995,4.0383
2996,4.0385
2997,4.0386
2998,4.0388
2999,4.039
3000,4.0393
3001,4.0394
3002,4.0396
3003,4.0397
3004,4.0399
3005,4.0401
3006,4.0404
3007,4.0405
3008,4.0407
3009,4.0409
3010,4.041
3011,4.0412
3012,4.0413
3013,4.0417
3014,4.0418
3015,4.042
3016,4.0421
3017,4.0424
3018,4.0426
3019,4.0428
3020,4.0429
3021,4.0431
3022,4.0434
3023,4.0436
3024,4.0437
3025,4.0439
3026,4.0442
3027,4.0444
3028,4.0445
3029,4.0447
3030,4.045
3031,4.0451
3032,4.0453
3033,4.0455
3034,4.0458
3035,4.0459
3036,4.0461
3037,4.0464
3038,4.0466
3039,4.0467
3040,4.0471
3041,4.0472
3042,4.0474
3043,4.0477
3044,4.0478
3045,4.048
3046,4.0483
3047,4.0485
3048,4.0488
3049,4.049
3050,4.0491
3051,4.0494
3052,4.0496
3053,4.0498
3054,4.0501
3055,4.0502
3056,4.0505
3057,4.0507
3058,4.0509
3059,4.0512
3060,4.0513
3061,4.0517
3062,4.0518
3063,4.0521
3064,4.0523
3065,4.0526
3066,4.0528
3067,4.0529
3068,4.0532
3069,4.0536
3070,4.0537
3071,4.054
3072,4.0542
3073,4.0545
3074,4.0547
3075,4.055
3076,4.0552
3077,4.0555
3078,4.0556
3079,4.0559
3080,4.0561
3081,4.0564
3082,4.0566
3083,4.0569
3084,4.0572
3085,4.0574
3086,4.0577
3087,4.0579
3088,4.0582
3089,4.0585
3090,4.0586
3091,4.059
3092,4.0591
3093,4.0594
3094,4.0598
3095,4.0599
3096,4.0602
3097,4.0606
3098,4.0607
3099,4.061
3100,4.0613
3101,4.0615
3102,4.0618
3103,4.0621
3104,4.0625
3105,4.0626
3106,4.0629
3107,4.0633
3108,4.0634
3109,4.0637
3110,4.064
3111,4.0644
3112,4.0645
3113,4.0648
3114,4.0652
3115,4.0655
3116,4.0656
3117,4.066
3118,4.0663
3119,4.0666
3120,4.0667
3121,4.0671
3122,4.0674
3123,4.0677
3124,4.068
3125,4.0682
3126,4.0685
3127,4.0688
3128,4.0691
3129,4.0694
3130,4.0696
3131,4.0699
3132,4.0702
3133,4.0706
3134,4.0709
3135,4.0712
3136,4.0714
3137,4.0717
3138,4.072
3139,4.0723
3140,4.0726
3141,4.0729
3142,4.0731
3143,4.0734
3144,4.0737
3145,4.0741
3146,4.0744
3147,4.0747
3148,4.075
3149,4.0752
3150,4.0755
3151,4.0758
3152,4.0761
3153,4.0764
3154,4.0768
3155,4.0771
3156,4.0774
3157,4.0777
3158,4.078
3159,4.0782
3160,4.0785
3161,4.0788
3162,4.0791
3163,4.0795
3164,4.0798
3165,4.0801
3166,4.0804
3167,4.0807
3168,4.081
3169,4.0814
3170,4.0817
3171,4.082
3172,4.0822
3173,4.0825
3174,4.0828
3175,4.0831
3176,4.0834
3177,4.0837
3178,4.0841
3179,4.0844
3180,4.0847
3181,4.085
3182,4.0853
3183,4.0857
3184,4.086
3185,4.0863
3186,4.0866
3187,4.0868
3188,4.0871
3189,4.0874
3190,4.0877
3191,4.088
3192,4.0884
3193,4.0887
3194,4.089
3195,4.0893
3196,4.0896
3197,4.0899
3198,4.0903
3199,4.0906
3200,4.0909
3201,4.0912
3202,4.0915
3203,4.0917
3204,4.092
3205,4.0923
3206,4.0926
3207,4.093
3208,4.0933
3209,4.0936
3210,4.0939
3211,4.0942
3212,4.0945
3213,4.0949
3214,4.0952
3215,4.0955
3216,4.0958
3217,4.096
3218,4.0963
3219,4.0966
3220,4.0969
3221,4.0972
3222,4.0976
3223,4.0979
3224,4.0982
3225,4.0985
3226,4.0988
3227,4.0992
3228,4.0993
3229,4.0996
3230,4.0999
3231,4.1003
3232,4.1006
3233,4.1009
3234,4.1012
3235,4.1015
3236,4.1017
3237,4.1022
3238,4.1023
3239,4.1026
3240,4.103
3241,4.1033
3242,4.1036
3243,4.1039
3244,4.1041
3245,4.1044
3246,4.1047
3247,4.105
3248,4.1053
3249,4.1057
3250,4.1058
3251,4.1061
3252,4.1065
3253,4.1068
3254,4.1071
3255,4.1074
3256,4.1077
3257,4.108
3258,4.1082
3259,4.1085
3260,4.1088
3261,4.1092
3262,4.1095
3263,4.1096
3264,4.11
3265,4.1103
3266,4.1106
3267,4.1107
3268,4.1111
3269,4.1114
3270,4.1117
3271,4.112
3272,4.1122
3273,4.1125
3274,4.1128
3275,4.1131
3276,4.1133
3277,4.1136
3278,4.1139
3279,4.1142
3280,4.1144
3281,4.1147
3282,4.115
3283,4.1152
3284,4.1155
3285,4.1158
3286,4.1161
3287,4.1163
3288,4.1166
3289,4.1169
3290,4.1171
3291,4.1174
3292,4.1177
3293,4.1179
3294,4.1182
3295,4.1185
3296,4.1188
3297,4.119
3298,4.1193
3299,4.1196
3300,4.1198
3301,4.1201
3302,4.1204
3303,4.1206
3304,4.1209
3305,4.1211
3306,4.1214
3307,4.1217
3308,4.1219
3309,4.1222
3310,4.1223
3311,4.1227
3312,4.123
3313,4.1231
3314,4.1235
3315,4.1236
3316,4.1239
3317,4.1242
3318,4.1244
3319,4.1247
3320,4.1249
3321,4.1252
3322,4.1254
3323,4.1257
3324,4.1258
3325,4.1262
3326,4.1263
3327,4.1266
3328,4.1268
3329,4.1271
3330,4.1273
3331,4.1276
3332,4.1277
3333,4.1281
3334,4.1282
3335,4.1285
3336,4.1287
3337,4.129
3338,4.1292
3339,4.1295
3340,4.1297
3341,4.13
3342,4.1301
3343,4.1304
3344,4.1306
3345,4.1308
3346,4.1311
3347,4.1312
3348,4.1316
3349,4.1317
3350,4.1319
3351,4.1322
3352,4.1324
3353,4.1327
3354,4.1328
3355,4.133
3356,4.1333
3357,4.1335
3358,4.1336
3359,4.1339
3360,4.1341
3361,4.1344
3362,4.1346
3363,4.1347
3364,4.1349
3365,4.1352
3366,4.1354
3367,4.1355
3368,4.1358
3369,4.136
3370,4.1362
3371,4.1365
3372,4.1366
3373,4.1368
3374,4.137
3375,4.1373
3376,4.1374
3377,4.1376
3378,4.1378
3379,4.1381
3380,4.1382
3381,4.1384
3382,4.1387
3383,4.1389
3384,4.139
3385,4.1392
3386,4.1393
3387,4.1397
3388,4.1398
3389,4.14
3390,4.1401
3391,4.1403
3392,4.1406
3393,4.1408
3394,4.1409
3395,4.1411
3396,4.1412
3397,4.1414
3398,4.1417
3399,4.1419
3400,4.142
3401,4.1422
3402,4.1424
3403,4.1425
3404,4.1427
3405,4.1428
3406,4.1432
3407,4.1433
3408,4.1435
3409,4.1436
3410,4.1438
3411,4.1439
3412,4.1441
3413,4.1443
3414,4.1444
3415,4.1446
3416,4.1447
3417,4.1451
3418,4.1452
3419,4.1454
3420,4.1455
3421,4.1457
3422,4.1459
3423,4.146
3424,4.1462
3425,4.1463
3426,4.1465
3427,4.1466
3428,4.1468
3429,4.147
3430,4.1471
3431,4.1473
3432,4.1474
3433,4.1476
3434,4.1478
3435,4.1479
3436,4.1479
3437,4.1482
3438,4.1482
3439,4.1484
3440,4.1486
3441,4.1487
3442,4.1489
3443,4.149
3444,4.1492
3445,4.1493
3446,4.1495
3447,4.1497
3448,4.1498
3449,4.15
3450,4.15
3451,4.1501
3452,4.1503
3453,4.1505
3454,4.1506
3455,4.1508
3456,4.1509
3457,4.1509
3458,4.1511
3459,4.1513
3460,4.1514
3461,4.1516
3462,4.1517
3463,4.1517
3464,4.1519
3465,4.152
3466,4.1522
3467,4.1524
3468,4.1525
3469,4.1527
3470,4.1527
3471,4.1528
3472,4.153
3473,4.1532
3474,4.1532
3475,4.1533
3476,4.1535
3477,4.1536
3478,4.1538
3479,4.1538
3480,4.154
3481,4.1541
3482,4.1543
3483,4.1543
3484,4.1544
3485,4.1546
3486,4.1547
3487,4.1547
3488,4.1549
3489,4.1551
3490,4.1551
3491,4.1552
3492,4.1554
3493,4.1555
3494,4.1555
3495,4.1557
3496,4.1559
3497,4.1559
3498,4.156
3499,4.1562
3500,4.1562
3501,4.1563
3502,4.1565
3503,4.1565
3504,4.1567
3505,4.1568
3506,4.1568
3507,4.157
3508,4.1571
3509,4.1571
3510,4.1573
3511,4.1574
3512,4.1574
3513,4.1576
3514,4.1578
3515,4.1578
3516,4.1579
3517,4.1579
3518,4.1581
3519,4.1582
3520,4.1582
3521,4.1584
3522,4.1584
3523,4.1586
3524,4.1587
3525,4.1587
3526,4.1589
3527,4.1589
3528,4.159
3529,4.1592
3530,4.1592
3531,4.1594
3532,4.1594
3533,4.1595
3534,4.1595
3535,4.1597
3536,4.1598
3537,4.1598
3538,4.16
3539,4.16
3540,4.1601
3541,4.1601
3542,4.1603
3543,4.1603
3544,4.1605
3545,4.1605
3546,4.1606
3547,4.1608
3548,4.1608
3549,4.1609
3550,4.1609
3551,4.1609
3552,4.1611
3553,4.1613
3554,4.1613
3555,4.1614
3556,4.1614
3557,4.1616
3558,4.1616
3559,4.1617
3560,4.1617
3561,4.1619
3562,4.1619
3563,4.1621
3564,4.1621
3565,4.1622
3566,4.1622
3567,4.1624
3568,4.1624
3569,4.1625
3570,4.1625
3571,4.1627
3572,4.1627
3573,4.1628
3574,4.1628
3575,4.163
3576,4.163
3577,4.1632
3578,4.1632
3579,4.1633
3580,4.1633
3581,4.1635
3582,4.1635
3583,4.1636
3584,4.1636
3585,4.1638
3586,4.1638
3587,4.164
3588,4.164
3589,4.1641
3590,4.1641
3591,4.1643
3592,4.1643
3593,4.1644
3594,4.1644
3595,4.1646
3596,4.1646
3597,4.1648
3598,4.1648
3599,4.1649
3600,4.1649
3601,4.1651
3602,4.1651
3603,4.1652
3604,4.1652
3605,4.1654
3606,4.1654
3607,4.1655
3608,4.1655
3609,4.1657
3610,4.1657
3611,4.1659
3612,4.1659
3613,4.166
3614,4.166
3615,4.1662
3616,4.1662
3617,4.1663
3618,4.1663
3619,4.1665
3620,4.1665
3621,4.1667
3622,4.1668
3623,4.1668
3624,4.167
3625,4.167
3626,4.1671
3627,4.1671
3628,4.1673
3629,4.1673
3630,4.1675
3631,4.1675
3632,4.1676
3633,4.1676
3634,4.1678
3635,4.1678
3636,4.1679
3637,4.1679
3638,4.1681
3639,4.1683
3640,4.1683
3641,4.1684
3642,4.1684
3643,4.1686
3644,4.1686
3645,4.1687
3646,4.1687
3647,4.1689
3648,4.169
3649,4.169
3650,4.1692
3651,4.1692
3652,4.1694
3653,4.1694
3654,4.1695
3655,4.1695
3656,4.1697
3657,4.1698
3658,4.1698
3659,4.17
3660,4.17
3661,4.1702
3662,4.1703
3663,4.1703
3664,4.1705
3665,4.1705
3666,4.1706
3667,4.1708
3668,4.1708
3669,4.171
3670,4.171
3671,4.1711
3672,4.1713
3673,4.1713
3674,4.1714
3675,4.1714
3676,4.1716
3677,4.1717
3678,4.1717
3679,4.1719
3680,4.1721
3681,4.1721
3682,4.1722
3683,4.1724
3684,4.1724
3685,4.1725
3686,4.1727
3687,4.1727
3688,4.1729
3689,4.173
3690,4.173
3691,4.1732
3692,4.1733
3693,4.1733
3694,4.1735
3695,4.1737
3696,4.1737
3697,4.1738
3698,4.174
3699,4.1741
3700,4.1741
3701,4.1743
3702,4.1744
3703,4.1744
3704,4.1746
3705,4.1748
3706,4.1749
3707,4.1749
3708,4.1751
3709,4.1752
3710,4.1754
3711,4.1754
3712,4.1756
3713,4.1757
3714,4.1759
3715,4.176
3716,4.176
3717,4.1762
3718,4.1764
3719,4.1765
3720,4.1765
3721,4.1767
3722,4.1768
3723,4.177
3724,4.1771
3725,4.1773
3726,4.1773
3727,4.1775
3728,4.1776
3729,4.1778
3730,4.1779
3731,4.1781
3732,4.1783
3733,4.1783
3734,4.1784
3735,4.1786
3736,4.1787
3737,4.1789
3738,4.1791
3739,4.1792
3740,4.1794
3741,4.1795
3742,4.1797
3743,4.1798
3744,4.18
3745,4.1802
3746,4.1803
3747,4.1805
3748,4.1805
3749,4.1806
3750,4.1808
3751,4.181
3752,4.1811
3753,4.1813
3754,4.1814
3755,4.1816
3756,4.1819
3757,4.1821
3758,4.1822
3759,4.1824
3760,4.1825
3761,4.1827
3762,4.1829
3763,4.183
3764,4.1832
3765,4.1833
3766,4.1835
3767,4.1837
3768,4.184
3769,4.1841
3770,4.1843
3771,4.1845
3772,4.1846
3773,4.1848
3774,4.1851
3775,4.1852
3776,4.1854
3777,4.1856
3778,4.1857
3779,4.186
3780,4.1862
3781,4.1864
3782,4.1865
3783,4.1868
3784,4.187
3785,4.1872
3786,4.1875
3787,4.1876
3788,4.1878
3789,4.1879
3790,4.1883
3791,4.1884
3792,4.1887
3793,4.1889
3794,4.1891
3795,4.1894
3796,4.1895
3797,4.1899
3798,4.19
3799,4.1903
3800,4.1905
3801,4.1906
3802,4.191
3803,4.1911
3804,4.1914
3805,4.1918
3806,4.1919
3807,4.1922
3808,4.1924
3809,4.1927
3810,4.1929
3811,4.1932
3812,4.1935
3813,4.1937
3814,4.194
3815,4.1943
3816,4.1945
3817,4.1948
3818,4.1951
3819,4.1954
3820,4.1956
3821,4.1959
3822,4.1962
3823,4.1965
3824,4.1967
3825,4.197
3826,4.1973
3827,4.1976
3828,4.198
3829,4.1983
3830,4.1986
3831,4.1989
3832,4.1992
3833,4.1995
3834,4.1999
3835,4.2002
3836,4.2005
3837,4.2008
3838,4.2011
3839,4.2014
3840,4.2018
3841,4.2021
3842,4.2024
3843,4.2027
3844,4.2032
3845,4.2035
3846,4.2038
3847,4.2041
3848,4.2046
3849,4.2049
3850,4.2053
3851,4.2057
3852,4.2061
3853,4.2064
3854,4.2068
3855,4.2072
3856,4.2076
3857,4.208
3858,4.2084
3859,4.2088
3860,4.2092
3861,4.2095
3862,4.21
3863,4.2105
3864,4.2108
3865,4.2113
3866,4.2118
3867,4.2121
3868,4.2126
3869,4.213
3870,4.2135
3871,4.2138
3872,4.2143
3873,4.2148
3874,4.2153
3875,4.2157
3876,4.2162
3877,4.2167
3878,4.2172
3879,4.2177
3880,4.2181
3881,4.2186
3882,4.2191
3883,4.2197
3884,4.2202
3885,4.2207
3886,4.2211
3887,4.2216
3888,4.2223
3889,4.2227
3890,4.2234
3891,4.2238
3892,4.2243
3893,4.225
3894,4.2254
3895,4.2261
3896,4.2267
3897,4.2272
3898,4.2278
3899,4.2283
3900,4.2289
3901,4.2296
3902,4.2302
3903,4.2307
3904,4.2313
3905,4.2319
3906,4.2326
3907,4.2332
3908,4.2339
3909,4.2345
3910,4.2351
3911,4.2358
3912,4.2364
3913,4.237
3914,4.2378
3915,4.2385
3916,4.2391
3917,4.2397
3918,4.2404
3919,4.2412
3920,4.2418
3921,4.2426
3922,4.2432
3923,4.244
3924,4.2447
3925,4.2454
3926,4.2461
3927,4.2469
3928,4.2477
3929,4.2483
3930,4.2491
3931,4.2499
3932,4.2507
3933,4.2515
3934,4.2523
3935,4.2529
3936,4.2537
3937,4.2545
3938,4.2553
3939,4.2562
3940,4.257
3941,4.2578
3942,4.2586
3943,4.2594
3944,4.2602
3945,4.2612
3946,4.262
3947,4.2628
3948,4.2637
3949,4.2645
3950,4.2655
3951,4.2663
3952,4.2672
3953,4.268
3954,4.269
3955,4.2699
3956,4.2707
3957,4.2717
3958,4.2726
3959,4.2736
3960,4.2745
3961,4.2755
3962,4.2763
3963,4.2774
3964,4.2783
3965,4.2793
3966,4.2801
3967,4.2812
3968,4.2821
3969,4.2831
3970,4.284
3971,4.2852
3972,4.2861
3973,4.2871
3974,4.288
3975,4.2891
3976,4.2901
3977,4.2912
3978,4.2921
3979,4.2933
3980,4.2942
3981,4.2953
3982,4.2964
3983,4.2974
3984,4.2985
3985,4.2995
3986,4.2998
3987,4.2998
3988,4.2998
3989,4.2998
3990,4.2998
3991,4.2998
3992,4.2998
3993,4.298
3994,4.2963
3995,4.2955
3996,4.2949
3997,4.2944
3998,4.2941
3999,4.2937
4000,4.2934
4001,4.2931
4002,4.2928
4003,4.2926
4004,4.2925
4005,4.2922
4006,4.292
4007,4.2918
4008,4.2917
4009,4.2915
4010,4.2914
4011,4.2912
4012,4.291
4013,4.2909
4014,4.2909
4015,4.2907
4016,4.2906
4017,4.2906
4018,4.2904
4019,4.2903
4020,4.2903
4021,4.2901
4022,4.2901
4023,4.2899
4024,4.2899
4025,4.2898
4026,4.2896
4027,4.2896
4028,4.2896
4029,4.2895
4030,4.2895
4031,4.2893
4032,4.2893
4033,4.2891
4034,4.2891
4035,4.289
4036,4.289
4037,4.289
4038,4.2888
4039,4.2888
4040,4.2887
4041,4.2887
4042,4.2887
4043,4.2885
4044,4.2885
4045,4.2885
4046,4.2883
4047,4.2883
4048,4.2883
4049,4.2882
4050,4.2882
4051,4.2882
4052,4.2882
4053,4.288
4054,4.288
4055,4.288
4056,4.2879
4057,4.2879
4058,4.2879
4059,4.2877
4060,4.2877
4061,4.2877
4062,4.2877
4063,4.2876
4064,4.2876
4065,4.2876
4066,4.2876
4067,4.2874
4068,4.2874
4069,4.2874
4070,4.2872
4071,4.2872
4072,4.2872
4073,4.2872
4074,4.2872
4075,4.2871
4076,4.2871
4077,4.2871
4078,4.2869
4079,4.2869
4080,4.2869
4081,4.2869
4082,4.2868
4083,4.2868
4084,4.2868
4085,4.2868
4086,4.2866
4087,4.2866
4088,4.2866
4089,4.2866
4090,4.2866
4091,4.2864
4092,4.2864
4093,4.2864
4094,4.2864
4095,4.2863
4096,4.2863
4097,4.2863
4098,4.2863
4099,4.2863
4100,4.2861
4101,4.2861
4102,4.2861
4103,4.2861
4104,4.2861
4105,4.286
4106,4.286
4107,4.286
4108,4.286
4109,4.2858
4110,4.2858
4111,4.2858
4112,4.2858
4113,4.2858
4114,4.2856
4115,4.2856
4116,4.2856
4117,4.2856
4118,4.2856
4119,4.2855
4120,4.2855
4121,4.2855
4122,4.2855
4123,4.2855
4124,4.2853
4125,4.2853
4126,4.2853
4127,4.2853
4128,4.2853
4129,4.2852
4130,4.2852
4131,4.2852
4132,4.2852
4133,4.2852
4134,4.2852
4135,4.285
4136,4.285
4137,4.285
4138,4.285
4139,4.285
4140,4.2848
4141,4.2848
4142,4.2848
4143,4.2848
4144,4.2848
4145,4.2848
4146,4.2847
4147,4.2847
4148,4.2847
4149,4.2847
4150,4.2847
4151,4.2847
4152,4.2845
4153,4.2845
4154,4.2845
4155,4.2845
4156,4.2845
4157,4.2845
4158,4.2845
4159,4.2844
4160,4.2844
4161,4.2844
4162,4.2844
4163,4.2844
4164,4.2844
4165,4.2842
4166,4.2842
4167,4.2842
4168,4.2842
4169,4.2842
4170,4.2842
4171,4.2841
4172,4.2841
4173,4.2841
4174,4.2787
4175,4.2747
4176,4.2725
4177,4.2705
4178,4.2688
4179,4.2672
4180,4.2658
4181,4.2643
4182,4.2629
4183,4.2616
4184,4.2604
4185,4.2591
4186,4.258
4187,4.2567
4188,4.2556
4189,4.2545
4190,4.2532
4191,4.2521
4192,4.2512
4193,4.25
4194,4.2489
4195,4.2478
4196,4.2469
4197,4.2457
4198,4.2448
4199,4.2437
4200,4.2427
4201,4.2418
4202,4.2408
4203,4.2397
4204,4.2388
4205,4.2378
4206,4.237
4207,4.2361
4208,4.2351
4209,4.2341
4210,4.2332
4211,4.2324
4212,4.2314
4213,4.2307
4214,4.2297
4215,4.2289
4216,4.2281
4217,4.2272
4218,4.2264
4219,4.2256
4220,4.2248
4221,4.224
4222,4.2232
4223,4.2222
4224,4.2214
4225,4.2206
4226,4.22
4227,4.2192
4228,4.2184
4229,4.2176
4230,4.217
4231,4.2162
4232,4.2154
4233,4.2148
4234,4.214
4235,4.2133
4236,4.2127
4237,4.2119
4238,4.2113
4239,4.2106
4240,4.21
4241,4.2092
4242,4.2086
4243,4.2079
4244,4.2073
4245,4.2067
4246,4.206
4247,4.2054
4248,4.2047
4249,4.2041
4250,4.2035
4251,4.203
4252,4.2024
4253,4.2017
4254,4.2011
4255,4.2006
4256,4.2
4257,4.1995
4258,4.1989
4259,4.1982
4260,4.1978
4261,4.1973
4262,4.1966
4263,4.1962
4264,4.1957
4265,4.195
4266,4.1946
4267,4.1941
4268,4.1936
4269,4.1931
4270,4.1925
4271,4.192
4272,4.1916
4273,4.1911
4274,4.1906
4275,4.1901
4276,4.1898
4277,4.1893
4278,4.1888
4279,4.1884
4280,4.1879
4281,4.1874
4282,4.1871
4283,4.1866
4284,4.1861
4285,4.1858
4286,4.1854
4287,4.1849
4288,4.1846
4289,4.1841
4290,4.1838
4291,4.1833
4292,4.183
4293,4.1825
4294,4.1822
4295,4.1819
4296,4.1814
4297,4.1811
4298,4.1807
4299,4.1803
4300,4.1799
4301,4.1796
4302,4.1793
4303,4.1788
4304,4.1785
4305,4.1782
4306,4.1779
4307,4.1776
4308,4.1772
4309,4.1769
4310,4.1766
4311,4.1763
4312,4.176
4313,4.1757
4314,4.1753
4315,4.175
4316,4.1747
4317,4.1744
4318,4.1741
4319,4.1738
4320,4.1736
4321,4.1733
4322,4.173
4323,4.1726
4324,4.1723
4325,4.1722
4326,4.1718
4327,4.1715
4328,4.1714
4329,4.171
4330,4.1707
4331,4.1706
4332,4.1703
4333,4.1701
4334,4.1698
4335,4.1695
4336,4.1693
4337,4.169
4338,4.1688
4339,4.1685
4340,4.1683
4341,4.168
4342,4.1679
4343,4.1676
4344,4.1674
4345,4.1672
4346,4.1669
4347,4.1668
4348,4.1664
4349,4.1663
4350,4.1661
4351,4.1658
4352,4.1656
4353,4.1655
4354,4.1652
4355,4.165
4356,4.1648
4357,4.1647
4358,4.1644
4359,4.1642
4360,4.1641
4361,4.1639
4362,4.1636
4363,4.1634
4364,4.1633
4365,4.1631
4366,4.1629
4367,4.1628
4368,4.1626
4369,4.1623
4370,4.1621
4371,4.162
4372,4.1618
4373,4.1617
4374,4.1615
4375,4.1614
4376,4.1612
4377,4.161
4378,4.1609
4379,4.1607
4380,4.1606
4381,4.1604
4382,4.1602
4383,4.1601
4384,4.1598
4385,4.1598
4386,4.1596
4387,4.1594
4388,4.1593
4389,4.1591
4390,4.159
4391,4.1588
4392,4.1587
4393,4.1585
4394,4.1583
4395,4.1582
4396,4.158
4397,4.158
4398,4.1579
4399,4.1577
4400,4.1575
4401,4.1574
4402,4.1572
4403,4.1571
4404,4.1571
4405,4.1569
4406,4.1567
4407,4.1566
4408,4.1564
4409,4.1563
4410,4.1563
4411,4.1561
4412,4.1559
4413,4.1558
4414,4.1556
4415,4.1556
4416,4.1555
4417,4.1553
4418,4.1552
4419,4.1552
4420,4.155
4421,4.1548
4422,4.1547
4423,4.1547
4424,4.1545
4425,4.1544
4426,4.1544
4427,4.1542
4428,4.154
4429,4.1539
4430,4.1539
4431,4.1537
4432,4.1536
4433,4.1536
4434,4.1534
4435,4.1532
4436,4.1532
4437,4.1531
4438,4.1529
4439,4.1529
4440,4.1528
4441,4.1528
4442,4.1526
4443,4.1525
4444,4.1525
4445,4.1523
4446,4.1521
4447,4.1521
4448,4.152
4449,4.152
4450,4.1518
4451,4.1517
4452,4.1517
4453,4.1515
4454,4.1515
4455,4.1513
4456,4.1513
4457,4.1512
4458,4.151
4459,4.151
4460,4.1509
4461,4.1509
4462,4.1507
4463,4.1507
4464,4.1505
4465,4.1504
4466,4.1504
4467,4.1502
4468,4.1502
4469,4.1501
4470,4.1501
4471,4.1499
4472,4.1499
4473,4.1498
4474,4.1498
4475,4.1496
4476,4.1496
4477,4.1494
4478,4.1494
4479,4.1493
4480,4.1491
4481,4.1491
4482,4.1491
4483,4.149
4484,4.1488
4485,4.1488
4486,4.1486
4487,4.1486
4488,4.1485
4489,4.1485
4490,4.1483
4491,4.1483
4492,4.1482
4493,4.1482
4494,4.148
4495,4.148
4496,4.1478
4497,4.1478
4498,4.1477
4499,4.1477
4500,4.1477
4501,4.1475
4502,4.1475
4503,4.1474
4504,4.1474
4505,4.1472
4506,4.1472
4507,4.147
4508,4.147
4509,4.1469
4510,4.1469
4511,4.1467
4512,4.1467
4513,4.1467
4514,4.1466
4515,4.1464
4516,4.1464
4517,4.1464
4518,4.1463
4519,4.1463
4520,4.1461
4521,4.1461
4522,4.1459
4523,4.1459
4524,4.1458
4525,4.1458
4526,4.1458
4527,4.1456
4528,4.1456
4529,4.1455
4530,4.1455
4531,4.1453
4532,4.1453
4533,4.1451
4534,4.1451
4535,4.145
4536,4.145
4537,4.145
4538,4.1448
4539,4.1448
4540,4.1447
4541,4.1447
4542,4.1445
4543,4.1445
4544,4.1445
4545,4.1443
4546,4.1443
4547,4.1442
4548,4.1442
4549,4.144
4550,4.144
4551,4.1439
4552,4.1439
4553,4.1439
4554,4.1437
4555,4.1437
4556,4.1436
4557,4.1436
4558,4.1434
4559,4.1434
4560,4.1432
4561,4.1432
4562,4.1432
4563,4.1431
4564,4.1431
4565,4.1429
4566,4.1429
4567,4.1428
4568,4.1428
4569,4.1428
4570,4.1426
4571,4.1426
4572,4.1424
4573,4.1424
4574,4.1423
4575,4.1423
4576,4.1421
4577,4.1421
4578,4.142
4579,4.142
4580,4.142
4581,4.1418
4582,4.1418
4583,4.1416
4584,4.1416
4585,4.1416
4586,4.1415
4587,4.1413
4588,4.1413
4589,4.1413
4590,4.1412
4591,4.1412
4592,4.141
4593,4.141
4594,4.1408
4595,4.1408
4596,4.1408
4597,4.1407
4598,4.1405
4599,4.1405
4600,4.1405
4601,4.1404
4602,4.1404
4603,4.1402
4604,4.1402
4605,4.1401
4606,4.1401
4607,4.1399
4608,4.1399
4609,4.1397
4610,4.1397
4611,4.1397
4612,4.1396
4613,4.1394
4614,4.1394
4615,4.1394
4616,4.1393
4617,4.1393
4618,4.1391
4619,4.1391
4620,4.1389
4621,4.1389
4622,4.1388
4623,4.1388
4624,4.1386
4625,4.1386
4626,4.1385
4627,4.1385
4628,4.1383
4629,4.1383
4630,4.1381
4631,4.1381
4632,4.138
4633,4.138
4634,4.1378
4635,4.1378
4636,4.1377
4637,4.1377
4638,4.1375
4639,4.1375
4640,4.1374
4641,4.1374
4642,4.1372
4643,4.137
4644,4.137
4645,4.1369
4646,4.1369
4647,4.1367
4648,4.1367
4649,4.1366
4650,4.1366
4651,4.1366
4652,4.1366
4653,4.1364
4654,4.1364
4655,4.1362
4656,4.1362
4657,4.1362
4658,4.1362
4659,4.1361
4660,4.1361
4661,4.1361
4662,4.1361
4663,4.1359
4664,4.1359
4665,4.1359
4666,4.1359
4667,4.1358
4668,4.1358
4669,4.1356
4670,4.1356
4671,4.1356
4672,4.1356
4673,4.1354
4674,4.1354
4675,4.1354
4676,4.1354
4677,4.1353
4678,4.1353
4679,4.1351
4680,4.1351
4681,4.1351
4682,4.1351
4683,4.135
4684,4.135
4685,4.135
4686,4.135
4687,4.1348
4688,4.1348
4689,4.1347
4690,4.1347
4691,4.1347
4692,4.1345
4693,4.1345
4694,4.1343
4695,4.1342
4696,4.1342
4697,4.134
4698,4.1339
4699,4.1339
4700,4.1337
4701,4.1335
4702,4.1335
4703,4.1334
4704,4.1332
4705,4.1332
4706,4.1331
4707,4.1329
4708,4.1327
4709,4.1327
4710,4.1326
4711,4.1324
4712,4.1324
4713,4.1323
4714,4.1321
4715,4.1321
4716,4.1319
4717,4.1318
4718,4.1316
4719,4.1316
4720,4.1315
4721,4.1313
4722,4.1312
4723,4.131
4724,4.131
4725,4.1308
4726,4.1307
4727,4.1305
4728,4.1305
4729,4.1304
4730,4.1302
4731,4.13
4732,4.1299
4733,4.1299
4734,4.1297
4735,4.1296
4736,4.1294
4737,4.1292
4738,4.1291
4739,4.1291
4740,4.1289
4741,4.1288
4742,4.1286
4743,4.1285
4744,4.1283
4745,4.1281
4746,4.128
4747,4.128
4748,4.1278
4749,4.1277
4750,4.1275
4751,4.1273
4752,4.1272
4753,4.127
4754,4.1269
4755,4.1267
4756,4.1265
4757,4.1264
4758,4.1262
4759,4.1261
4760,4.1259
4761,4.1258
4762,4.1256
4763,4.1254
4764,4.1253
4765,4.1251
4766,4.125
4767,4.1248
4768,4.1246
4769,4.1245
4770,4.1243
4771,4.1242
4772,4.124
4773,4.1238
4774,4.1237
4775,4.1235
4776,4.1234
4777,4.1232
4778,4.123
4779,4.1229
4780,4.1226
4781,4.1224
4782,4.1223
4783,4.1221
4784,4.1219
4785,4.1218
4786,4.1216
4787,4.1215
4788,4.1211
4789,4.121
4790,4.1208
4791,4.1207
4792,4.1205
4793,4.1203
4794,4.12
4795,4.1199
4796,4.1197
4797,4.1196
4798,4.1194
4799,4.1191
4800,4.1189
4801,4.1188
4802,4.1186
4803,4.1183
4804,4.1181
4805,4.118
4806,4.1178
4807,4.1175
4808,4.1173
4809,4.1172
4810,4.117
4811,4.1167
4812,4.1165
4813,4.1164
4814,4.1161
4815,4.1159
4816,4.1157
4817,4.1154
4818,4.1153
4819,4.1151
4820,4.1148
4821,4.1146
4822,4.1143
4823,4.1141
4824,4.114
4825,4.1137
4826,4.1135
4827,4.1134
4828,4.113
4829,4.1129
4830,4.1126
4831,4.1124
4832,4.1122
4833,4.1119
4834,4.1118
4835,4.1114
4836,4.1113
4837,4.111
4838,4.1108
4839,4.1105
4840,4.1103
4841,4.11
4842,4.1099
4843,4.1095
4844,4.1094
4845,4.1091
4846,4.1089
4847,4.1086
4848,4.1084
4849,4.1081
4850,4.1079
4851,4.1076
4852,4.1075
4853,4.1072
4854,4.107
4855,4.1067
4856,4.1065
4857,4.1062
4858,4.1059
4859,4.1057
4860,4.1054
4861,4.1052
4862,4.1049
4863,4.1046
4864,4.1045
4865,4.1041
4866,4.104
4867,4.1037
4868,4.1033
4869,4.1032
4870,4.1029
4871,4.1027
4872,4.1024
4873,4.1021
4874,4.1018
4875,4.1016
4876,4.1013
4877,4.101
4878,4.1008
4879,4.1005
4880,4.1002
4881,4.1
4882,4.0997
4883,4.0994
4884,4.099
4885,4.0989
4886,4.0986
4887,4.0983
4888,4.0981
4889,4.0978
4890,4.0975
4891,4.0971
4892,4.0968
4893,4.0967
4894,4.0963
4895,4.096
4896,4.0957
4897,4.0956
4898,4.0952
4899,4.0949
4900,4.0946
4901,4.0943
4902,4.0941
4903,4.0938
4904,4.0935
4905,4.0932
4906,4.0929
4907,4.0927
4908,4.0924
4909,4.0921
4910,4.0917
4911,4.0914
4912,4.0911
4913,4.0909
4914,4.0906
4915,4.0903
4916,4.09
4917,4.0897
4918,4.0894
4919,4.089
4920,4.0889
4921,4.0886
4922,4.0882
4923,4.0879
4924,4.0876
4925,4.0873
4926,4.087
4927,4.0867
4928,4.0863
4929,4.086
4930,4.0859
4931,4.0855
4932,4.0852
4933,4.0849
4934,4.0846
4935,4.0843
4936,4.0839
4937,4.0836
4938,4.0833
4939,4.083
4940,4.0827
4941,4.0824
4942,4.0822
4943,4.0819
4944,4.0816
4945,4.0812
4946,4.0809
4947,4.0806
4948,4.0803
4949,4.08
4950,4.0797
4951,4.0793
4952,4.079
4953,4.0787
4954,4.0784
4955,4.0781
4956,4.0778
4957,4.0774
4958,4.0771
4959,4.0768
4960,4.0765
4961,4.0762
4962,4.0758
4963,4.0755
4964,4.0752
4965,4.0749
4966,4.0746
4967,4.0743
4968,4.0739
4969,4.0736
4970,4.0733
4971,4.073
4972,4.0727
4973,4.0723
4974,4.072
4975,4.0719
4976,4.0714
4977,4.0711
4978,4.0709
4979,4.0706
4980,4.0703
4981,4.07
4982,4.0696
4983,4.0693
4984,4.069
4985,4.0687
4986,4.0684
4987,4.0681
4988,4.0677
4989,4.0674
4990,4.0671
4991,4.0668
4992,4.0665
4993,4.0661
4994,4.0658
4995,4.0655
4996,4.0652
4997,4.0649
4998,4.0646
4999,4.0642
5000,4.0639
5001,4.0636
5002,4.0633
5003,4.063
5004,4.0627
5005,4.0623
5006,4.062
5007,4.0617
5008,4.0614
5009,4.0611
5010,4.0607
5011,4.0604
5012,4.0601
5013,4.0598
5014,4.0595
5015,4.0592
5016,4.0588
5017,4.0587
5018,4.0584
5019,4.058
5020,4.0577
5021,4.0574
5022,4.0571
5023,4.0568
5024,4.0565
5025,4.0561
5026,4.0558
5027,4.0555
5028,4.0552
5029,4.0549
5030,4.0547
5031,4.0544
5032,4.0541
5033,4.0538
5034,4.0534
5035,4.0531
5036,4.0528
5037,4.0525
5038,4.0522
5039,4.0518
5040,4.0517
5041,4.0514
5042,4.051
5043,4.0507
5044,4.0504
5045,4.0501
5046,4.0498
5047,4.0496
5048,4.0493
5049,4.049
5050,4.0487
5051,4.0483
5052,4.048
5053,4.0479
5054,4.0476
5055,4.0472
5056,4.0469
5057,4.0466
5058,4.0463
5059,4.0461
5060,4.0458
5061,4.0455
5062,4.0452
5063,4.045
5064,4.0447
5065,4.0444
5066,4.0441
5067,4.0439
5068,4.0436
5069,4.0433
5070,4.0429
5071,4.0428
5072,4.0425
5073,4.0421
5074,4.0418
5075,4.0417
5076,4.0414
5077,4.041
5078,4.0409
5079,4.0406
5080,4.0402
5081,4.0401
5082,4.0398
5083,4.0394
5084,4.0393
5085,4.039
5086,4.0387
5087,4.0385
5088,4.0382
5089,4.0379
5090,4.0377
5091,4.0374
5092,4.0372
5093,4.0369
5094,4.0366
5095,4.0364
5096,4.0361
5097,4.0358
5098,4.0356
5099,4.0353
5100,4.0352
5101,4.0348
5102,4.0347
5103,4.0344
5104,4.034
5105,4.0339
5106,4.0336
5107,4.0334
5108,4.0331
5109,4.0329
5110,4.0326
5111,4.0325
5112,4.0321
5113,4.032
5114,4.0317
5115,4.0315
5116,4.0312
5117,4.031
5118,4.0307
5119,4.0305
5120,4.0302
5121,4.0301
5122,4.0299
5123,4.0296
5124,4.0294
5125,4.0291
5126,4.029
5127,4.0286
5128,4.0285
5129,4.0283
5130,4.028
5131,4.0278
5132,4.0275
5133,4.0274
5134,4.0272
5135,4.0269
5136,4.0267
5137,4.0266
5138,4.0263
5139,4.0261
5140,4.0258
5141,4.0256
5142,4.0255
5143,4.0253
5144,4.025
5145,4.0248
5146,4.0247
5147,4.0243
5148,4.0242
5149,4.024
5150,4.0237
5151,4.0236
5152,4.0234
5153,4.0232
5154,4.0229
5155,4.0228
5156,4.0226
5157,4.0223
5158,4.0221
5159,4.022
5160,4.0218
5161,4.0216
5162,4.0213
5163,4.0212
5164,4.021
5165,4.0209
5166,4.0205
5167,4.0204
5168,4.0202
5169,4.0201
5170,4.0197
5171,4.0196
5172,4.0194
5173,4.0193
5174,4.0191
5175,4.0189
5176,4.0186
5177,4.0185
5178,4.0183
5179,4.0181
5180,4.018
5181,4.0178
5182,4.0177
5183,4.0174
5184,4.0172
5185,4.017
5186,4.0169
5187,4.0167
5188,4.0166
5189,4.0164
5190,4.0162
5191,4.0159
5192,4.0158
5193,4.0156
5194,4.0154
5195,4.0153
5196,4.0151
5197,4.015
5198,4.0148
5199,4.0147
5200,4.0145
5201,4.0143
5202,4.014
5203,4.0139
5204,4.0137
5205,4.0135
5206,4.0134
5207,4.0132
5208,4.0131
5209,4.0129
5210,4.0127
5211,4.0126
5212,4.0124
5213,4.0123
5214,4.0121
5215,4.012
5216,4.0118
5217,4.0116
5218,4.0115
5219,4.0112
5220,4.011
5221,4.0108
5222,4.0107
5223,4.0105
5224,4.0104
5225,4.0102
5226,4.01
5227,4.0099
5228,4.0097
5229,4.0096
5230,4.0094
5231,4.0092
5232,4.0091
5233,4.0089
5234,4.0088
5235,4.0086
5236,4.0085
5237,4.0083
5238,4.0081
5239,4.008
5240,4.0078
5241,4.0077
5242,4.0075
5243,4.0073
5244,4.0072
5245,4.007
5246,4.0069
5247,4.0067
5248,4.0065
5249,4.0064
5250,4.0062
5251,4.0061
5252,4.0059
5253,4.0058
5254,4.0056
5255,4.0054
5256,4.0053
5257,4.0051
5258,4.005
5259,4.0048
5260,4.0046
5261,4.0045
5262,4.0043
5263,4.0042
5264,4.004
5265,4.0038
5266,4.0037
5267,4.0035
5268,4.0034
5269,4.0032
5270,4.003
5271,4.0029
5272,4.0027
5273,4.0026
5274,4.0024
5275,4.0023
5276,4.0021
5277,4.0019
5278,4.0018
5279,4.0016
5280,4.0015
5281,4.0013
5282,4.0011
5283,4.001
5284,4.0008
5285,4.0007
5286,4.0005
5287,4.0003
5288,4.0002
5289,4.0
5290,3.9999
5291,3.9997
5292,3.9996
5293,3.9994
5294,3.9992
5295,3.9991
5296,3.9989
5297,3.9988
5298,3.9986
5299,3.9984
5300,3.9983
5301,3.9981
5302,3.998
5303,3.9976
5304,3.9975
5305,3.9973
5306,3.9972
5307,3.997
5308,3.9969
5309,3.9967
5310,3.9965
5311,3.9964
5312,3.9962
5313,3.9961
5314,3.9959
5315,3.9957
5316,3.9956
5317,3.9954
5318,3.9951
5319,3.9949
5320,3.9948
5321,3.9946
5322,3.9945
5323,3.9943
5324,3.9941
5325,3.994
5326,3.9938
5327,3.9937
5328,3.9935
5329,3.9932
5330,3.993
5331,3.9929
5332,3.9927
5333,3.9926
5334,3.9924
5335,3.9922
5336,3.9919
5337,3.9918
5338,3.9916
5339,3.9914
5340,3.9913
5341,3.9911
5342,3.991
5343,3.9907
5344,3.9905
5345,3.9903
5346,3.9902
5347,3.99
5348,3.9899
5349,3.9895
5350,3.9894
5351,3.9892
5352,3.9891
5353,3.9889
5354,3.9886
5355,3.9884
5356,3.9883
5357,3.9881
5358,3.988
5359,3.9876
5360,3.9875
5361,3.9873
5362,3.9872
5363,3.9868
5364,3.9867
5365,3.9865
5366,3.9864
5367,3.986
5368,3.9859
5369,3.9857
5370,3.9856
5371,3.9852
5372,3.9851
5373,3.9849
5374,3.9846
5375,3.9845
5376,3.9843
5377,3.984
5378,3.9838
5379,3.9837
5380,3.9835
5381,3.9832
5382,3.983
5383,3.9829
5384,3.9825
5385,3.9824
5386,3.9822
5387,3.9819
5388,3.9818
5389,3.9816
5390,3.9813
5391,3.9811
5392,3.9808
5393,3.9806
5394,3.9805
5395,3.9802
5396,3.98
5397,3.9798
5398,3.9795
5399,3.9794
5400,3.979
5401,3.9789
5402,3.9786
5403,3.9784
5404,3.9783
5405,3.9779
5406,3.9778
5407,3.9775
5408,3.9773
5409,3.977
5410,3.9768
5411,3.9767
5412,3.9763
5413,3.9762
5414,3.9759
5415,3.9757
5416,3.9754
5417,3.9752
5418,3.9749
5419,3.9748
5420,3.9744
5421,3.9743
5422,3.974
5423,3.9738
5424,3.9735
5425,3.9733
5426,3.973
5427,3.9729
5428,3.9725
5429,3.9724
5430,3.9721
5431,3.9719
5432,3.9716
5433,3.9714
5434,3.9711
5435,3.9708
5436,3.9706
5437,3.9703
5438,3.9701
5439,3.9698
5440,3.9697
5441,3.9694
5442,3.969
5443,3.9689
5444,3.9686
5445,3.9684
5446,3.9681
5447,3.9678
5448,3.9676
5449,3.9673
5450,3.9671
5451,3.9668
5452,3.9665
5453,3.9663
5454,3.966
5455,3.9659
5456,3.9655
5457,3.9652
5458,3.9651
5459,3.9647
5460,3.9644
5461,3.9643
5462,3.964
5463,3.9636
5464,3.9635
5465,3.9632
5466,3.9628
5467,3.9627
5468,3.9624
5469,3.962
5470,3.9619
5471,3.9616
5472,3.9612
5473,3.9611
5474,3.9608
5475,3.9605
5476,3.9603
5477,3.96
5478,3.9597
5479,3.9593
5480,3.9592
5481,3.9589
5482,3.9585
5483,3.9582
5484,3.9581
5485,3.9578
5486,3.9574
5487,3.9573
5488,3.957
5489,3.9566
5490,3.9563
5491,3.9562
5492,3.9558
5493,3.9555
5494,3.9554
5495,3.955
5496,3.9547
5497,3.9544
5498,3.9543
5499,3.9539
5500,3.9536
5501,3.9533
5502,3.953
5503,3.9528
5504,3.9525
5505,3.9522
5506,3.952
5507,3.9517
5508,3.9514
5509,3.9511
5510,3.9508
5511,3.9506
5512,3.9503
5513,3.95
5514,3.9496
5515,3.9495
5516,3.9492
5517,3.9489
5518,3.9485
5519,3.9484
5520,3.9481
5521,3.9477
5522,3.9474
5523,3.9471
5524,3.9469
5525,3.9466
5526,3.9463
5527,3.946
5528,3.9458
5529,3.9455
5530,3.9452
5531,3.9449
5532,3.9447
5533,3.9444
5534,3.9441
5535,3.9438
5536,3.9434
5537,3.9433
5538,3.943
5539,3.9427
5540,3.9423
5541,3.942
5542,3.9419
5543,3.9415
5544,3.9412
5545,3.9409
5546,3.9407
5547,3.9404
5548,3.9401
5549,3.9398
5550,3.9395
5551,3.9393
5552,3.939
5553,3.9387
5554,3.9384
5555,3.9382
5556,3.9379
5557,3.9376
5558,3.9372
5559,3.9369
5560,3.9368
5561,3.9365
5562,3.9361
5563,3.9358
5564,3.9357
5565,3.9353
5566,3.935
5567,3.9347
5568,3.9345
5569,3.9342
5570,3.9339
5571,3.9338
5572,3.9334
5573,3.9331
5574,3.9328
5575,3.9326
5576,3.9323
5577,3.932
5578,3.9317
5579,3.9315
5580,3.9312
5581,3.9309
5582,3.9306
5583,3.9304
5584,3.9301
5585,3.9298
5586,3.9295
5587,3.9293
5588,3.929
5589,3.9287
5590,3.9285
5591,3.9282
5592,3.9279
5593,3.9276
5594,3.9274
5595,3.9271
5596,3.9268
5597,3.9266
5598,3.9263
5599,3.926
5600,3.9258
5601,3.9255
5602,3.9252
5603,3.925
5604,3.9247
5605,3.9244
5606,3.9241
5607,3.9239
5608,3.9236
5609,3.9233
5610,3.9231
5611,3.9228
5612,3.9225
5613,3.9223
5614,3.922
5615,3.9217
5616,3.9215
5617,3.9212
5618,3.9209
5619,3.9207
5620,3.9204
5621,3.9202
5622,3.9199
5623,3.9196
5624,3.9194
5625,3.9191
5626,3.9188
5627,3.9187
5628,3.9183
5629,3.918
5630,3.9179
5631,3.9175
5632,3.9174
5633,3.9171
5634,3.9167
5635,3.9166
5636,3.9163
5637,3.9161
5638,3.9158
5639,3.9155
5640,3.9153
5641,3.915
5642,3.9148
5643,3.9145
5644,3.9142
5645,3.914
5646,3.9137
5647,3.9136
5648,3.9132
5649,3.9131
5650,3.9128
5651,3.9125
5652,3.9123
5653,3.912
5654,3.9118
5655,3.9115
5656,3.9113
5657,3.911
5658,3.9109
5659,3.9105
5660,3.9102
5661,3.9101
5662,3.9098
5663,3.9096
5664,3.9093
5665,3.9091
5666,3.9088
5667,3.9086
5668,3.9083
5669,3.9082
5670,3.9078
5671,3.9077
5672,3.9074
5673,3.9071
5674,3.9069
5675,3.9066
5676,3.9064
5677,3.9061
5678,3.9059
5679,3.9056
5680,3.9055
5681,3.9051
5682,3.905
5683,3.9047
5684,3.9045
5685,3.9042
5686,3.904
5687,3.9037
5688,3.9036
5689,3.9032
5690,3.9031
5691,3.9028
5692,3.9026
5693,3.9023
5694,3.9021
5695,3.9018
5696,3.9016
5697,3.9013
5698,3.9012
5699,3.9009
5700,3.9007
5701,3.9004
5702,3.9002
5703,3.9001
5704,3.8997
5705,3.8996
5706,3.8993
5707,3.8991
5708,3.8988
5709,3.8986
5710,3.8983
5711,3.8981
5712,3.8978
5713,3.8977
5714,3.8975
5715,3.8972
5716,3.897
5717,3.8967
5718,3.8966
5719,3.8962
5720,3.8961
5721,3.8958
5722,3.8956
5723,3.8953
5724,3.8951
5725,3.8948
5726,3.8947
5727,3.8945
5728,3.8942
5729,3.894
5730,3.8937
5731,3.8935
5732,3.8932
5733,3.8931
5734,3.8927
5735,3.8926
5736,3.8923
5737,3.8921
5738,3.892
5739,3.8916
5740,3.8915
5741,3.8912
5742,3.891
5743,3.8907
5744,3.8905
5745,3.8902
5746,3.89
5747,3.8897
5748,3.8896
5749,3.8894
5750,3.8891
5751,3.8889
5752,3.8886
5753,3.8885
5754,3.8881
5755,3.888
5756,3.8877
5757,3.8875
5758,3.8873
5759,3.887
5760,3.8869
5761,3.8865
5762,3.8864
5763,3.8861
5764,3.8859
5765,3.8858
5766,3.8854
5767,3.8853
5768,3.885
5769,3.8848
5770,3.8846
5771,3.8843
5772,3.8842
5773,3.8838
5774,3.8837
5775,3.8834
5776,3.8832
5777,3.8829
5778,3.8827
5779,3.8826
5780,3.8823
5781,3.8821
5782,3.8818
5783,3.8816
5784,3.8813
5785,3.8811
5786,3.881
5787,3.8807
5788,3.8805
5789,3.8802
5790,3.88
5791,3.8797
5792,3.8796
5793,3.8792
5794,3.8791
5795,3.8788
5796,3.8786
5797,3.8783
5798,3.8781
5799,3.878
5800,3.8776
5801,3.8775
5802,3.8772
5803,3.877
5804,3.8767
5805,3.8765
5806,3.8762
5807,3.8761
5808,3.8757
5809,3.8756
5810,3.8754
5811,3.8751
5812,3.8749
5813,3.8746
5814,3.8745
5815,3.8741
5816,3.874
5817,3.8737
5818,3.8735
5819,3.8732
5820,3.873
5821,3.8727
5822,3.8726
5823,3.8722
5824,3.8721
5825,3.8718
5826,3.8716
5827,3.8713
5828,3.8711
5829,3.8708
5830,3.8707
5831,3.8703
5832,3.8702
5833,3.8699
5834,3.8697
5835,3.8694
5836,3.8692
5837,3.8689
5838,3.8687
5839,3.8684
5840,3.8683
5841,3.868
5842,3.8678
5843,3.8675
5844,3.8673
5845,3.867
5846,3.8668
5847,3.8665
5848,3.8664
5849,3.866
5850,3.8659
5851,3.8656
5852,3.8654
5853,3.8651
5854,3.8649
5855,3.8646
5856,3.8645
5857,3.8641
5858,3.864
5859,3.8637
5860,3.8635
5861,3.8632
5862,3.863
5863,3.8627
5864,3.8625
5865,3.8622
5866,3.8619
5867,3.8618
5868,3.8614
5869,3.8613
5870,3.861
5871,3.8608
5872,3.8605
5873,3.8603
5874,3.86
5875,3.8598
5876,3.8595
5877,3.8594
5878,3.8591
5879,3.8587
5880,3.8586
5881,3.8583
5882,3.8581
5883,3.8578
5884,3.8576
5885,3.8573
5886,3.8571
5887,3.8568
5888,3.8565
5889,3.8563
5890,3.856
5891,3.8559
5892,3.8556
5893,3.8554
5894,3.8551
5895,3.8549
5896,3.8546
5897,3.8543
5898,3.8541
5899,3.8538
5900,3.8536
5901,3.8533
5902,3.8532
5903,3.8529
5904,3.8525
5905,3.8524
5906,3.8521
5907,3.8519
5908,3.8516
5909,3.8514
5910,3.8511
5911,3.8509
5912,3.8506
5913,3.8503
5914,3.8501
5915,3.8498
5916,3.8497
5917,3.8494
5918,3.849
5919,3.8489
5920,3.8486
5921,3.8484
5922,3.8481
5923,3.8479
5924,3.8476
5925,3.8474
5926,3.8471
5927,3.8468
5928,3.8467
5929,3.8463
5930,3.8462
5931,3.8459
5932,3.8455
5933,3.8454
5934,3.8451
5935,3.8449
5936,3.8446
5937,3.8444
5938,3.8441
5939,3.8438
5940,3.8436
5941,3.8433
5942,3.8432
5943,3.8428
5944,3.8427
5945,3.8424
5946,3.8422
5947,3.8419
5948,3.8416
5949,3.8414
5950,3.8411
5951,3.8409
5952,3.8406
5953,3.8403
5954,3.8401
5955,3.8398
5956,3.8397
5957,3.8393
5958,3.8392
5959,3.8389
5960,3.8387
5961,3.8384
5962,3.8381
5963,3.8379
5964,3.8376
5965,3.8374
5966,3.8371
5967,3.837
5968,3.8366
5969,3.8365
5970,3.8362
5971,3.836
5972,3.8357
5973,3.8354
5974,3.8352
5975,3.8349
5976,3.8347
5977,3.8344
5978,3.8343
5979,3.8339
5980,3.8338
5981,3.8335
5982,3.8331
5983,3.833
5984,3.8327
5985,3.8325
5986,3.8322
5987,3.832
5988,3.8317
5989,3.8316
5990,3.8312
5991,3.8311
5992,3.8308
5993,3.8306
5994,3.8303
5995,3.8301
5996,3.8298
5997,3.8296
5998,3.8293
5999,3.829
6000,3.8289
6001,3.8285
6002,3.8284
6003,3.8281
6004,3.8279
6005,3.8276
6006,3.8274
6007,3.8273
6008,3.8269
6009,3.8266
6010,3.8265
6011,3.8262
6012,3.826
6013,3.8257
6014,3.8255
6015,3.8252
6016,3.825
6017,3.8247
6018,3.8246
6019,3.8242
6020,3.8241
6021,3.8238
6022,3.8236
6023,3.8233
6024,3.8231
6025,3.823
6026,3.8227
6027,3.8223
6028,3.8222
6029,3.822
6030,3.8217
6031,3.8215
6032,3.8212
6033,3.8211
6034,3.8207
6035,3.8206
6036,3.8203
6037,3.8201
6038,3.8198
6039,3.8196
6040,3.8193
6041,3.8192
6042,3.819
6043,3.8187
6044,3.8185
6045,3.8182
6046,3.818
6047,3.8177
6048,3.8176
6049,3.8172
6050,3.8171
6051,3.8169
6052,3.8166
6053,3.8165
6054,3.8161
6055,3.816
6056,3.8157
6057,3.8155
6058,3.8153
6059,3.815
6060,3.8149
6061,3.8145
6062,3.8144
6063,3.8142
6064,3.8139
6065,3.8138
6066,3.8134
6067,3.8133
6068,3.813
6069,3.8128
6070,3.8126
6071,3.8123
6072,3.8122
6073,3.8118
6074,3.8117
6075,3.8115
6076,3.8112
6077,3.8111
6078,3.8107
6079,3.8106
6080,3.8104
6081,3.8101
6082,3.8099
6083,3.8098
6084,3.8095
6085,3.8093
6086,3.809
6087,3.8088
6088,3.8087
6089,3.8083
6090,3.8082
6091,3.8079
6092,3.8077
6093,3.8076
6094,3.8072
6095,3.8071
6096,3.8069
6097,3.8066
6098,3.8064
6099,3.8063
6100,3.806
6101,3.8058
6102,3.8056
6103,3.8053
6104,3.8052
6105,3.805
6106,3.8047
6107,3.8045
6108,3.8042
6109,3.8041
6110,3.8039
6111,3.8036
6112,3.8034
6113,3.8033
6114,3.8031
6115,3.8028
6116,3.8026
6117,3.8023
6118,3.8022
6119,3.802
6120,3.8018
6121,3.8015
6122,3.8014
6123,3.8012
6124,3.8009
6125,3.8007
6126,3.8006
6127,3.8002
6128,3.8001
6129,3.7999
6130,3.7998
6131,3.7994
6132,3.7993
6133,3.7991
6134,3.7988
6135,3.7987
6136,3.7985
6137,3.7982
6138,3.798
6139,3.7979
6140,3.7975
6141,3.7974
6142,3.7972
6143,3.7971
6144,3.7967
6145,3.7966
6146,3.7964
6147,3.7963
6148,3.796
6149,3.7958
6150,3.7956
6151,3.7953
6152,3.7952
6153,3.795
6154,3.7948
6155,3.7945
6156,3.7944
6157,3.7942
6158,3.794
6159,3.7937
6160,3.7936
6161,3.7934
6162,3.7931
6163,3.7929
6164,3.7928
6165,3.7926
6166,3.7923
6167,3.7921
6168,3.792
6169,3.7918
6170,3.7915
6171,3.7913
6172,3.7912
6173,3.791
6174,3.7909
6175,3.7905
6176,3.7904
6177,3.7902
6178,3.7901
6179,3.7898
6180,3.7896
6181,3.7894
6182,3.7893
6183,3.789
6184,3.7888
6185,3.7886
6186,3.7885
6187,3.7883
6188,3.788
6189,3.7878
6190,3.7877
6191,3.7875
6192,3.7872
6193,3.7871
6194,3.7869
6195,3.7867
6196,3.7866
6197,3.7863
6198,3.7861
6199,3.7859
6200,3.7858
6201,3.7856
6202,3.7853
6203,3.7851
6204,3.785
6205,3.7848
6206,3.7847
6207,3.7843
6208,3.7842
6209,3.784
6210,3.7839
6211,3.7836
6212,3.7834
6213,3.7832
6214,3.7831
6215,3.7829
6216,3.7828
6217,3.7824
6218,3.7823
6219,3.7821
6220,3.782
6221,3.7818
6222,3.7815
6223,3.7813
6224,3.7812
6225,3.781
6226,3.7809
6227,3.7807
6228,3.7804
6229,3.7802
6230,3.7801
6231,3.7799
6232,3.7797
6233,3.7794
6234,3.7793
6235,3.7791
6236,3.7789
6237,3.7788
6238,3.7786
6239,3.7783
6240,3.7782
6241,3.778
6242,3.7778
6243,3.7777
6244,3.7775
6245,3.7772
6246,3.777
6247,3.7769
6248,3.7767
6249,3.7766
6250,3.7764
6251,3.7761
6252,3.7759
6253,3.7758
6254,3.7756
6255,3.7754
6256,3.7753
6257,3.775
6258,3.7748
6259,3.7747
6260,3.7745
6261,3.7743
6262,3.7742
6263,3.774
6264,3.7737
6265,3.7735
6266,3.7734
6267,3.7732
6268,3.7731
6269,3.7729
6270,3.7727
6271,3.7724
6272,3.7723
6273,3.7721
6274,3.772
6275,3.7718
6276,3.7716
6277,3.7715
6278,3.7712
6279,3.771
6280,3.7708
6281,3.7707
6282,3.7705
6283,3.7704
6284,3.7702
6285,3.77
6286,3.7697
6287,3.7696
6288,3.7694
6289,3.7692
6290,3.7691
6291,3.7689
6292,3.7688
6293,3.7685
6294,3.7683
6295,3.7681
6296,3.768
6297,3.7678
6298,3.7677
6299,3.7675
6300,3.7673
6301,3.767
6302,3.7669
6303,3.7667
6304,3.7665
6305,3.7664
6306,3.7662
6307,3.7661
6308,3.7659
6309,3.7656
6310,3.7654
6311,3.7653
6312,3.7651
6313,3.765
6314,3.7648
6315,3.7646
6316,3.7645
6317,3.7642
6318,3.764
6319,3.7638
6320,3.7637
6321,3.7635
6322,3.7634
6323,3.7632
6324,3.7631
6325,3.7629
6326,3.7626
6327,3.7624
6328,3.7623
6329,3.7621
6330,3.7619
6331,3.7618
6332,3.7616
6333,3.7615
6334,3.7613
6335,3.7611
6336,3.7608
6337,3.7607
6338,3.7605
6339,3.7603
6340,3.7602
6341,3.76
6342,3.7599
6343,3.7597
6344,3.7596
6345,3.7592
6346,3.7591
6347,3.7589
6348,3.7588
6349,3.7586
6350,3.7584
6351,3.7583
6352,3.7581
6353,3.758
6354,3.7578
6355,3.7575
6356,3.7573
6357,3.7572
6358,3.757
6359,3.7569
6360,3.7567
6361,3.7565
6362,3.7564
6363,3.7562
6364,3.7561
6365,3.7559
6366,3.7556
6367,3.7554
6368,3.7553
6369,3.7551
6370,3.7549
6371,3.7548
6372,3.7546
6373,3.7545
6374,3.7543
6375,3.7542
6376,3.7538
6377,3.7537
6378,3.7535
6379,3.7534
6380,3.7532
6381,3.753
6382,3.7529
6383,3.7527
6384,3.7526
6385,3.7524
6386,3.7521
6387,3.7519
6388,3.7518
6389,3.7516
6390,3.7514
6391,3.7513
6392,3.7511
6393,3.751
6394,3.7508
6395,3.7507
6396,3.7505
6397,3.7503
6398,3.75
6399,3.7499
6400,3.7497
6401,3.7495
6402,3.7494
6403,3.7492
6404,3.7491
6405,3.7489
6406,3.7487
6407,3.7486
6408,3.7483
6409,3.7481
6410,3.748
6411,3.7478
6412,3.7476
6413,3.7475
6414,3.7473
6415,3.7472
6416,3.747
6417,3.7468
6418,3.7467
6419,3.7464
6420,3.7462
6421,3.746
6422,3.7459
6423,3.7457
6424,3.7456
6425,3.7454
6426,3.7452
6427,3.7451
6428,3.7449
6429,3.7448
6430,3.7446
6431,3.7443
6432,3.7441
6433,3.744
6434,3.7438
6435,3.7437
6436,3.7435
6437,3.7433
6438,3.7432
6439,3.743
6440,3.7429
6441,3.7425
6442,3.7424
6443,3.7422
6444,3.7421
6445,3.7419
6446,3.7418
6447,3.7416
6448,3.7414
6449,3.7413
6450,3.7411
6451,3.741
6452,3.7408
6453,3.7405
6454,3.7403
6455,3.7402
6456,3.74
6457,3.7398
6458,3.7397
6459,3.7395
6460,3.7394
6461,3.7392
6462,3.7391
6463,3.7389
6464,3.7387
6465,3.7384
6466,3.7383
6467,3.7381
6468,3.7379
6469,3.7378
6470,3.7376
6471,3.7375
6472,3.7373
6473,3.7371
6474,3.737
6475,3.7368
6476,3.7365
6477,3.7363
6478,3.7362
6479,3.736
6480,3.7359
6481,3.7357
6482,3.7356
6483,3.7354
6484,3.7352
6485,3.7351
6486,3.7349
6487,3.7346
6488,3.7344
6489,3.7343
6490,3.7341
6491,3.734
6492,3.7338
6493,3.7336
6494,3.7335
6495,3.7333
6496,3.7332
6497,3.733
6498,3.7327
6499,3.7325
6500,3.7324
6501,3.7322
6502,3.7321
6503,3.7319
6504,3.7317
6505,3.7316
6506,3.7314
6507,3.7313
6508,3.7311
6509,3.7308
6510,3.7306
6511,3.7305
6512,3.7303
6513,3.7302
6514,3.73
6515,3.7298
6516,3.7297
6517,3.7295
6518,3.7294
6519,3.7292
6520,3.7289
6521,3.7287
6522,3.7286
6523,3.7284
6524,3.7282
6525,3.7281
6526,3.7279
6527,3.7278
6528,3.7276
6529,3.7273
6530,3.7271
6531,3.727
6532,3.7268
6533,3.7267
6534,3.7265
6535,3.7263
6536,3.7262
6537,3.726
6538,3.7259
6539,3.7257
6540,3.7254
6541,3.7252
6542,3.7251
6543,3.7249
6544,3.7247
6545,3.7246
6546,3.7244
6547,3.7243
6548,3.7241
6549,3.7238
6550,3.7236
6551,3.7235
6552,3.7233
6553,3.7232
6554,3.723
6555,3.7228
6556,3.7227
6557,3.7225
6558,3.7224
6559,3.722
6560,3.7219
6561,3.7217
6562,3.7216
6563,3.7214
6564,3.7213
6565,3.7211
6566,3.7209
6567,3.7208
6568,3.7206
6569,3.7203
6570,3.7201
6571,3.72
6572,3.7198
6573,3.7197
6574,3.7195
6575,3.7193
6576,3.7192
6577,3.719
6578,3.7189
6579,3.7185
6580,3.7184
6581,3.7182
6582,3.7181
6583,3.7179
6584,3.7178
6585,3.7176
6586,3.7174
6587,3.7173
6588,3.717
6589,3.7168
6590,3.7166
6591,3.7165
6592,3.7163
6593,3.7162
6594,3.716
6595,3.7158
6596,3.7155
6597,3.7154
6598,3.7152
6599,3.7151
6600,3.7149
6601,3.7147
6602,3.7146
6603,3.7144
6604,3.7143
6605,3.7139
6606,3.7138
6607,3.7136
6608,3.7135
6609,3.7133
6610,3.7131
6611,3.713
6612,3.7128
6613,3.7127
6614,3.7123
6615,3.7122
6616,3.712
6617,3.7119
6618,3.7117
6619,3.7116
6620,3.7114
6621,3.7112
6622,3.7109
6623,3.7108
6624,3.7106
6625,3.7104
6626,3.7103
6627,3.7101
6628,3.71
6629,3.7098
6630,3.7096
6631,3.7093
6632,3.7092
6633,3.709
6634,3.7089
6635,3.7087
6636,3.7085
6637,3.7084
6638,3.7082
6639,3.7079
6640,3.7077
6641,3.7076
6642,3.7074
6643,3.7073
6644,3.7071
6645,3.7069
6646,3.7068
6647,3.7065
6648,3.7063
6649,3.7062
6650,3.706
6651,3.7058
6652,3.7057
6653,3.7055
6654,3.7054
6655,3.705
6656,3.7049
6657,3.7047
6658,3.7046
6659,3.7044
6660,3.7042
6661,3.7041
6662,3.7039
6663,3.7036
6664,3.7034
6665,3.7033
6666,3.7031
6667,3.703
6668,3.7028
6669,3.7027
6670,3.7023
6671,3.7022
6672,3.702
6673,3.7019
6674,3.7017
6675,3.7015
6676,3.7014
6677,3.7012
6678,3.7009
6679,3.7007
6680,3.7006
6681,3.7004
6682,3.7003
6683,3.7001
6684,3.7
6685,3.6998
6686,3.6995
6687,3.6993
6688,3.6992
6689,3.699
6690,3.6988
6691,3.6987
6692,3.6984
6693,3.6982
6694,3.698
6695,3.6979
6696,3.6977
6697,3.6976
6698,3.6974
6699,3.6973
6700,3.6969
6701,3.6968
6702,3.6966
6703,3.6965
6704,3.6963
6705,3.6961
6706,3.696
6707,3.6957
6708,3.6955
6709,3.6953
6710,3.6952
6711,3.695
6712,3.6949
6713,3.6947
6714,3.6945
6715,3.6942
6716,3.6941
6717,3.6939
6718,3.6938
6719,3.6936
6720,3.6934
6721,3.6933
6722,3.693
6723,3.6928
6724,3.6926
6725,3.6925
6726,3.6923
6727,3.6922
6728,3.6918
6729,3.6917
6730,3.6915
6731,3.6914
6732,3.6912
6733,3.6911
6734,3.6909
6735,3.6907
6736,3.6904
6737,3.6903
6738,3.6901
6739,3.6899
6740,3.6898
6741,3.6896
6742,3.6893
6743,3.6891
6744,3.689
6745,3.6888
6746,3.6887
6747,3.6885
6748,3.6883
6749,3.688
6750,3.6879
6751,3.6877
6752,3.6876
6753,3.6874
6754,3.6872
6755,3.6871
6756,3.6868
6757,3.6866
6758,3.6864
6759,3.6863
6760,3.6861
6761,3.686
6762,3.6858
6763,3.6855
6764,3.6853
6765,3.6852
6766,3.685
6767,3.6849
6768,3.6847
6769,3.6845
6770,3.6842
6771,3.6841
6772,3.6839
6773,3.6837
6774,3.6836
6775,3.6834
6776,3.6833
6777,3.6829
6778,3.6828
6779,3.6826
6780,3.6825
6781,3.6823
6782,3.6822
6783,3.682
6784,3.6817
6785,3.6815
6786,3.6814
6787,3.6812
6788,3.681
6789,3.6809
6790,3.6806
6791,3.6804
6792,3.6802
6793,3.6801
6794,3.6799
6795,3.6798
6796,3.6796
6797,3.6793
6798,3.6791
6799,3.679
6800,3.6788
6801,3.6787
6802,3.6785
6803,3.6783
6804,3.678
6805,3.6779
6806,3.6777
6807,3.6775
6808,3.6774
6809,3.6772
6810,3.6771
6811,3.6767
6812,3.6766
6813,3.6764
6814,3.6763
6815,3.6761
6816,3.676
6817,3.6758
6818,3.6755
6819,3.6753
6820,3.6752
6821,3.675
6822,3.6748
6823,3.6747
6824,3.6745
6825,3.6742
6826,3.674
6827,3.6739
6828,3.6737
6829,3.6736
6830,3.6734
6831,3.6733
6832,3.6731
6833,3.6728
6834,3.6726
6835,3.6725
6836,3.6723
6837,3.6721
6838,3.672
6839,3.6718
6840,3.6717
6841,3.6713
6842,3.6712
6843,3.671
6844,3.6709
6845,3.6707
6846,3.6705
6847,3.6702
6848,3.6701
6849,3.6699
6850,3.6698
6851,3.6696
6852,3.6694
6853,3.6693
6854,3.6691
6855,3.6688
6856,3.6686
6857,3.6685
6858,3.6683
6859,3.6682
6860,3.668
6861,3.6678
6862,3.6677
6863,3.6675
6864,3.6672
6865,3.6671
6866,3.6669
6867,3.6667
6868,3.6666
6869,3.6664
6870,3.6663
6871,3.6661
6872,3.6658
6873,3.6656
6874,3.6655
6875,3.6653
6876,3.6651
6877,3.665
6878,3.6648
6879,3.6647
6880,3.6643
6881,3.6642
6882,3.664
6883,3.6639
6884,3.6637
6885,3.6636
6886,3.6634
6887,3.6632
6888,3.6631
6889,3.6629
6890,3.6626
6891,3.6624
6892,3.6623
6893,3.6621
6894,3.662
6895,3.6618
6896,3.6616
6897,3.6615
6898,3.6612
6899,3.661
6900,3.6609
6901,3.6607
6902,3.6605
6903,3.6604
6904,3.6602
6905,3.6601
6906,3.6599
6907,3.6596
6908,3.6594
6909,3.6593
6910,3.6591
6911,3.6589
6912,3.6588
6913,3.6586
6914,3.6585
6915,3.6583
6916,3.6582
6917,3.658
6918,3.6577
6919,3.6575
6920,3.6574
6921,3.6572
6922,3.657
6923,3.6569
6924,3.6567
6925,3.6566
6926,3.6564
6927,3.6561
6928,3.6559
6929,3.6558
6930,3.6556
6931,3.6554
6932,3.6553
6933,3.6551
6934,3.655
6935,3.6548
6936,3.6547
6937,3.6545
6938,3.6543
6939,3.654
6940,3.6539
6941,3.6537
6942,3.6535
6943,3.6534
6944,3.6532
6945,3.6531
6946,3.6529
6947,3.6527
6948,3.6526
6949,3.6524
6950,3.6523
6951,3.652
6952,3.6518
6953,3.6516
6954,3.6515
6955,3.6513
6956,3.6512
6957,3.651
6958,3.6508
6959,3.6507
6960,3.6505
6961,3.6504
6962,3.65
6963,3.6499
6964,3.6497
6965,3.6496
6966,3.6494
6967,3.6493
6968,3.6491
6969,3.6489
6970,3.6488
6971,3.6486
6972,3.6485
6973,3.6483
6974,3.648
6975,3.6478
6976,3.6477
6977,3.6475
6978,3.6473
6979,3.6472
6980,3.647
6981,3.6469
6982,3.6467
6983,3.6465
6984,3.6464
6985,3.6462
6986,3.6459
6987,3.6458
6988,3.6456
6989,3.6454
6990,3.6453
6991,3.6451
6992,3.645
6993,3.6448
6994,3.6446
6995,3.6445
6996,3.6443
6997,3.644
6998,3.6438
6999,3.6437
7000,3.6435
7001,3.6434
7002,3.6432
7003,3.6431
7004,3.6429
7005,3.6427
7006,3.6426
7007,3.6424
7008,3.6421
7009,3.6419
7010,3.6418
7011,3.6416
7012,3.6415
7013,3.6413
7014,3.6411
7015,3.641
7016,3.6408
7017,3.6407
7018,3.6403
7019,3.6402
7020,3.64
7021,3.6399
7022,3.6397
7023,3.6396
7024,3.6394
7025,3.6392
7026,3.6391
7027,3.6388
7028,3.6386
7029,3.6384
7030,3.6383
7031,3.6381
7032,3.638
7033,3.6378
7034,3.6376
7035,3.6375
7036,3.6372
7037,3.637
7038,3.6369
7039,3.6367
7040,3.6365
7041,3.6364
7042,3.6361
7043,3.6359
7044,3.6357
7045,3.6356
7046,3.6354
7047,3.6353
7048,3.6351
7049,3.6349
7050,3.6346
7051,3.6345
7052,3.6343
7053,3.6342
7054,3.634
7055,3.6338
7056,3.6337
7057,3.6334
7058,3.6332
7059,3.633
7060,3.6329
7061,3.6327
7062,3.6326
7063,3.6322
7064,3.6321
7065,3.6319
7066,3.6318
7067,3.6316
7068,3.6314
7069,3.6311
7070,3.631
7071,3.6308
7072,3.6307
7073,3.6305
7074,3.6303
7075,3.63
7076,3.6299
7077,3.6297
7078,3.6295
7079,3.6294
7080,3.6291
7081,3.6289
7082,3.6287
7083,3.6286
7084,3.6284
7085,3.6281
7086,3.628
7087,3.6278
7088,3.6276
7089,3.6273
7090,3.6272
7091,3.627
7092,3.6268
7093,3.6265
7094,3.6264
7095,3.6262
7096,3.626
7097,3.6257
7098,3.6256
7099,3.6254
7100,3.6253
7101,3.6251
7102,3.6248
7103,3.6246
7104,3.6245
7105,3.6241
7106,3.624
7107,3.6238
7108,3.6237
7109,3.6233
7110,3.6232
7111,3.623
7112,3.6229
7113,3.6225
7114,3.6224
7115,3.6222
7116,3.6219
7117,3.6218
7118,3.6216
7119,3.6213
7120,3.6211
7121,3.621
7122,3.6208
7123,3.6205
7124,3.6203
7125,3.62
7126,3.6198
7127,3.6197
7128,3.6194
7129,3.6192
7130,3.6191
7131,3.6187
7132,3.6186
7133,3.6184
7134,3.6181
7135,3.6179
7136,3.6178
7137,3.6175
7138,3.6173
7139,3.617
7140,3.6168
7141,3.6167
7142,3.6163
7143,3.6162
7144,3.6159
7145,3.6157
7146,3.6154
7147,3.6152
7148,3.6151
7149,3.6148
7150,3.6146
7151,3.6143
7152,3.6141
7153,3.6138
7154,3.6136
7155,3.6133
7156,3.6132
7157,3.613
7158,3.6127
7159,3.6124
7160,3.6122
7161,3.6119
7162,3.6117
7163,3.6114
7164,3.6113
7165,3.6109
7166,3.6108
7167,3.6105
7168,3.6103
7169,3.61
7170,3.6098
7171,3.6095
7172,3.6094
7173,3.609
7174,3.6087
7175,3.6086
7176,3.6082
7177,3.6081
7178,3.6078
7179,3.6074
7180,3.6073
7181,3.607
7182,3.6068
7183,3.6065
7184,3.6062
7185,3.606
7186,3.6057
7187,3.6054
7188,3.6052
7189,3.6049
7190,3.6046
7191,3.6043
7192,3.6041
7193,3.6038
7194,3.6035
7195,3.6033
7196,3.603
7197,3.6027
7198,3.6024
7199,3.6022
7200,3.6019
7201,3.6016
7202,3.6013
7203,3.6009
7204,3.6008
7205,3.6005
7206,3.6001
7207,3.5998
7208,3.5995
7209,3.5992
7210,3.599
7211,3.5987
7212,3.5984
7213,3.5981
7214,3.5978
7215,3.5974
7216,3.5971
7217,3.5968
7218,3.5966
7219,3.5962
7220,3.596
7221,3.5957
7222,3.5954
7223,3.5951
7224,3.5947
7225,3.5944
7226,3.5941
7227,3.5938
7228,3.5935
7229,3.5931
7230,3.5928
7231,3.5924
7232,3.592
7233,3.5917
7234,3.5914
7235,3.5911
7236,3.5908
7237,3.5904
7238,3.5901
7239,3.5898
7240,3.5893
7241,3.589
7242,3.5887
7243,3.5884
7244,3.5881
7245,3.5876
7246,3.5873
7247,3.5869
7248,3.5866
7249,3.5862
7250,3.5858
7251,3.5855
7252,3.5852
7253,3.5847
7254,3.5844
7255,3.5841
7256,3.5836
7257,3.5833
7258,3.5828
7259,3.5825
7260,3.5822
7261,3.5817
7262,3.5814
7263,3.5809
7264,3.5806
7265,3.5803
7266,3.5798
7267,3.5793
7268,3.579
7269,3.5787
7270,3.5782
7271,3.5779
7272,3.5774
7273,3.5769
7274,3.5766
7275,3.5761
7276,3.5758
7277,3.5753
7278,3.5749
7279,3.5745
7280,3.5741
7281,3.5736
7282,3.5733
7283,3.5728
7284,3.5723
7285,3.572
7286,3.5715
7287,3.5711
7288,3.5706
7289,3.5703
7290,3.5698
7291,3.5693
7292,3.5688
7293,3.5684
7294,3.5679
7295,3.5676
7296,3.5671
7297,3.5666
7298,3.5661
7299,3.5656
7300,3.5652
7301,3.5647
7302,3.5642
7303,3.5637
7304,3.5633
7305,3.5629
7306,3.5625
7307,3.562
7308,3.5615
7309,3.5609
7310,3.5604
7311,3.5599
7312,3.5594
7313,3.559
7314,3.5585
7315,3.558
7316,3.5575
7317,3.5571
7318,3.5564
7319,3.556
7320,3.5555
7321,3.555
7322,3.5545
7323,3.554
7324,3.5536
7325,3.5529
7326,3.5525
7327,3.552
7328,3.5513
7329,3.5509
7330,3.5504
7331,3.5499
7332,3.5493
7333,3.5488
7334,3.5483
7335,3.5477
7336,3.5472
7337,3.5467
7338,3.5461
7339,3.5456
7340,3.5451
7341,3.5445
7342,3.544
7343,3.5436
7344,3.5429
7345,3.5424
7346,3.5418
7347,3.5413
7348,3.5409
7349,3.5402
7350,3.5397
7351,3.5391
7352,3.5386
7353,3.538
7354,3.5375
7355,3.537
7356,3.5364
7357,3.5359
7358,3.5353
7359,3.5348
7360,3.5342
7361,3.5337
7362,3.5331
7363,3.5326
7364,3.532
7365,3.5315
7366,3.5308
7367,3.5304
7368,3.5297
7369,3.5293
7370,3.5286
7371,3.5281
7372,3.5275
7373,3.527
7374,3.5264
7375,3.5259
7376,3.5253
7377,3.5248
7378,3.5242
7379,3.5235
7380,3.5231
7381,3.5224
7382,3.5219
7383,3.5213
7384,3.5208
7385,3.5202
7386,3.5196
7387,3.5191
7388,3.5184
7389,3.5178
7390,3.5173
7391,3.5167
7392,3.5161
7393,3.5156
7394,3.5149
7395,3.5143
7396,3.5137
7397,3.5132
7398,3.5126
7399,3.5119
7400,3.5113
7401,3.5108
7402,3.5102
7403,3.5095
7404,3.5089
7405,3.5083
7406,3.5076
7407,3.507
7408,3.5064
7409,3.5057
7410,3.5051
7411,3.5045
7412,3.5038
7413,3.5032
7414,3.5025
7415,3.5019
7416,3.5013
7417,3.5005
7418,3.4998
7419,3.4992
7420,3.4986
7421,3.4978
7422,3.4971
7423,3.4965
7424,3.4957
7425,3.4951
7426,3.4943
7427,3.4936
7428,3.4929
7429,3.4922
7430,3.4914
7431,3.4906
7432,3.49
7433,3.4892
7434,3.4884
7435,3.4876
7436,3.4868
7437,3.4862
7438,3.4852
7439,3.4846
7440,3.4836
7441,3.4828
7442,3.482
7443,3.4813
7444,3.4805
7445,3.4795
7446,3.4787
7447,3.4779
7448,3.477
7449,3.4762
7450,3.4752
7451,3.4744
7452,3.4735
7453,3.4725
7454,3.4716
7455,3.4708
7456,3.4698
7457,3.4689
7458,3.4677
7459,3.4668
7460,3.4658
7461,3.4649
7462,3.4639
7463,3.463
7464,3.4619
7465,3.4609
7466,3.4598
7467,3.4587
7468,3.4577
7469,3.4566
7470,3.4555
7471,3.4544
7472,3.4533
7473,3.4522
7474,3.4511
7475,3.4499
7476,3.4488
7477,3.4476
7478,3.4464
7479,3.4453
7480,3.4441
7481,3.4429
7482,3.4417
7483,3.4404
7484,3.4391
7485,3.4379
7486,3.4366
7487,3.4353
7488,3.434
7489,3.4328
7490,3.4315
7491,3.4301
7492,3.4288
7493,3.4274
7494,3.4261
7495,3.4247
7496,3.4232
7497,3.4218
7498,3.4204
7499,3.4189
7500,3.4175
7501,3.4161
7502,3.4147
7503,3.4131
7504,3.4116
7505,3.4102
7506,3.4086
7507,3.407
7508,3.4054
7509,3.404
7510,3.4024
7511,3.4008
7512,3.3992
7513,3.3975
7514,3.3959
7515,3.3943
7516,3.3926
7517,3.391
7518,3.3892
7519,3.3875
7520,3.3857
7521,3.384
7522,3.3824
7523,3.3805
7524,3.3787
7525,3.377
7526,3.3751
7527,3.3733
7528,3.3714
7529,3.3697
7530,3.3678
7531,3.3659
7532,3.364
7533,3.362
7534,3.3601
7535,3.3581
7536,3.3562
7537,3.3541
7538,3.3522
7539,3.3501
7540,3.3481
7541,3.346
7542,3.3439
7543,3.3419
7544,3.3398
7545,3.3377
7546,3.3355
7547,3.3334
7548,3.3312
7549,3.329
7550,3.3266
7551,3.3244
7552,3.3221
7553,3.3198
7554,3.3175
7555,3.3153
7556,3.3129
7557,3.3106
7558,3.3082
7559,3.3058
7560,3.3034
7561,3.3009
7562,3.2985
7563,3.296
7564,3.2936
7565,3.291
7566,3.2885
7567,3.2858
7568,3.2833
7569,3.2807
7570,3.278
7571,3.2753
7572,3.2726
7573,3.2699
7574,3.2672
7575,3.2644
7576,3.2617
7577,3.2588
7578,3.256
7579,3.2531
7580,3.2502
7581,3.2472
7582,3.2444
7583,3.2414
7584,3.2383
7585,3.2353
7586,3.2321
7587,3.2291
7588,3.226
7589,3.2229
7590,3.2196
7591,3.2164
7592,3.2133
7593,3.2099
7594,3.2066
7595,3.2033
7596,3.1999
7597,3.1964
7598,3.1929
7599,3.1894
7600,3.186
7601,3.1825
7602,3.1788
7603,3.1752
7604,3.1715
7605,3.1679
7606,3.164
7607,3.1602
7608,3.1564
7609,3.1526
7610,3.1486
7611,3.1448
7612,3.1407
7613,3.1367
7614,3.1326
7615,3.1286
7616,3.1245
7617,3.1202
7618,3.1159
7619,3.1117
7620,3.1074
7621,3.1029
7622,3.0985
7623,3.094
7624,3.0896
7625,3.085
7626,3.0804
7627,3.0756
7628,3.071
7629,3.0661
7630,3.0613
7631,3.0564
7632,3.0515
7633,3.0464
7634,3.0415
7635,3.0363
7636,3.0312
7637,3.0259
7638,3.0205
7639,3.0153
7640,3.0099
7641,3.0044
7642,2.9988
7643,2.9932
7644,2.9875
7645,2.9817
7646,2.9759
7647,2.9699
7648,2.964
7649,2.958
7650,2.9518
7651,2.9456
7652,2.9393
7653,2.9329
7654,2.9264
7655,2.9199
7656,2.9134
7657,2.9066
7658,2.8999
7659,2.8929
7660,2.8859
7661,2.879
7662,2.8718
7663,2.8645
7664,2.857
7665,2.8496
7666,2.8421
7667,2.8344
7668,2.8266
7669,2.8186
7670,2.8107
7671,2.8026
7672,2.7943
7673,2.7859
7674,2.7775
7675,2.769
7676,2.7602
7677,2.7513
7678,2.7424
7679,2.7334
7680,2.7242
7681,2.715
7682,2.7055
7683,2.6961
7684,2.6864
7685,2.6766
7686,2.6667
7687,2.6567
7688,2.6466
7689,2.6364
7690,2.6261
7691,2.6156
7692,2.605
7693,2.5943
7694,2.5835
7695,2.5726
7696,2.5615
7697,2.5504
7698,2.5391
7699,2.5277
7700,2.5161
7701,2.5043
7702,2.4999
7703,2.5132
7704,2.6143
7705,2.7174
7706,2.8178
7707,2.8853
7708,2.9859
7709,3.0664
7710,3.1672
7711,3.1761
7712,3.2533
7713,3.3121
7714,3.357
7715,3.39
7716,3.414
7717,3.4307
7718,3.4423
7719,3.4504
7720,3.4565
7721,3.4609
7722,3.4646
7723,3.4676
7724,3.4701
7725,3.4722
7726,3.4741
7727,3.4758
7728,3.4773
7729,3.4785
7730,3.4798
7731,3.4809
7732,3.482
7733,3.483
7734,3.484
7735,3.4847
7736,3.4855
7737,3.4863
7738,3.487
7739,3.4876
7740,3.4884
7741,3.4889
7742,3.4895
7743,3.49
7744,3.4906
7745,3.4911
7746,3.4916
7747,3.4921
7748,3.4925
7749,3.493
7750,3.4933
7751,3.4938
7752,3.4941
7753,3.4946
7754,3.4949
7755,3.4952
7756,3.4957
7757,3.496
7758,3.4964
7759,3.4967
7760,3.497
7761,3.4973
7762,3.4976
7763,3.4978
7764,3.4981
7765,3.4984
7766,3.4987
7767,3.4989
7768,3.4992
7769,3.4995
7770,3.4997
7771,3.5
7772,3.5002
7773,3.5005
7774,3.5006
7775,3.501
7776,3.5011
7777,3.5013
7778,3.5016
7779,3.5018
7780,3.5019
7781,3.5021
7782,3.5024
7783,3.5025
7784,3.5027
7785,3.5029
7786,3.503
7787,3.5033
7788,3.5035
7789,3.5037
7790,3.5038
7791,3.504
7792,3.5041
7793,3.5043
7794,3.5045
7795,3.5046
7796,3.5048
7797,3.5049
7798,3.5051
7799,3.5053
7800,3.5054
7801,3.5056
7802,3.5057
7803,3.5059
7804,3.5059
7805,3.506
7806,3.5062
7807,3.5064
7808,3.5065
7809,3.5067
7810,3.5068
7811,3.5068
7812,3.507
7813,3.5072
7814,3.5073
7815,3.5075
7816,3.5075
7817,3.5076
7818,3.5078
7819,3.508
7820,3.508
7821,3.5081
7822,3.5083
7823,3.5083
7824,3.5084
7825,3.5086
7826,3.5086
7827,3.5087
7828,3.5089
7829,3.5089
7830,3.5091
7831,3.5092
7832,3.5092
7833,3.5094
7834,3.5095
7835,3.5095
7836,3.5097
7837,3.5097
7838,3.5099
7839,3.51
7840,3.51
7841,3.5102
7842,3.5102
7843,3.5103
7844,3.5103
7845,3.5105
7846,3.5107
7847,3.5107
7848,3.5108
7849,3.5108
7850,3.511
7851,3.511
7852,3.5111
7853,3.5111
7854,3.5113
7855,3.5113
7856,3.5114
7857,3.5114
7858,3.5116
7859,3.5116
7860,3.5118
7861,3.5118
7862,3.5119
7863,3.5119
7864,3.5121
7865,3.5121
7866,3.5122
7867,3.5122
7868,3.5124
7869,3.5124
7870,3.5126
7871,3.5126
7872,3.5127
7873,3.5127
7874,3.5127
7875,3.5129
7876,3.5129
7877,3.513
7878,3.513
7879,3.5132
7880,3.5132
7881,3.5132
7882,3.5134
7883,3.5134
7884,3.5135
7885,3.5135
7886,3.5135
7887,3.5137
7888,3.5137
7889,3.5214
7890,3.5592
7891,3.5634
7892,3.5658
7893,3.5675
7894,3.5689
7895,3.57
7896,3.571
7897,3.5719
7898,3.5727
7899,3.5735
7900,3.5742
7901,3.5748
7902,3.5754
7903,3.5759
7904,3.5766
7905,3.577
7906,3.5775
7907,3.578
7908,3.5785
7909,3.5789
7910,3.5794
7911,3.5799
7912,3.5802
7913,3.5807
7914,3.581
7915,3.5815
7916,3.5818
7917,3.5823
7918,3.5826
7919,3.5829
7920,3.5834
7921,3.5837
7922,3.584
7923,3.5843
7924,3.5847
7925,3.585
7926,3.5853
7927,3.5856
7928,3.5859
7929,3.5862
7930,3.5866
7931,3.5869
7932,3.5872
7933,3.5875
7934,3.5878
7935,3.5882
7936,3.5885
7937,3.5886
7938,3.5889
7939,3.5893
7940,3.5896
7941,3.5897
7942,3.5901
7943,3.5904
7944,3.5907
7945,3.5909
7946,3.5912
7947,3.5913
7948,3.5916
7949,3.592
7950,3.5921
7951,3.5924
7952,3.5926
7953,3.5929
7954,3.5931
7955,3.5934
7956,3.5936
7957,3.5939
7958,3.594
7959,3.5943
7960,3.5945
7961,3.5948
7962,3.595
7963,3.5953
7964,3.5955
7965,3.5956
7966,3.5959
7967,3.5961
7968,3.5964
7969,3.5966
7970,3.5967
7971,3.597
7972,3.5972
7973,3.5974
7974,3.5977
7975,3.5978
7976,3.598
7977,3.5983
7978,3.5985
7979,3.5986
7980,3.5988
7981,3.5991
7982,3.5993
7983,3.5994
7984,3.5996
7985,3.5999
7986,3.6001
7987,3.6002
7988,3.6004
7989,3.6005
7990,3.6009
7991,3.601
7992,3.6012
7993,3.6013
7994,3.6015
7995,3.6017
7996,3.602
7997,3.6021
7998,3.6023
7999,3.6024
8000,3.6026
8001,3.6028
8002,3.6029
8003,3.6032
8004,3.6034
8005,3.6036
8006,3.6037
8007,3.6039
8008,3.604
8009,3.6042
8010,3.6044
8011,3.6045
8012,3.6047
8013,3.6048
8014,3.605
8015,3.6051
8016,3.6053
8017,3.6055
8018,3.6056
8019,3.6058
8020,3.6059
8021,3.6061
8022,3.6063
8023,3.6066
8024,3.6066
8025,3.6069
8026,3.6069
8027,3.6072
8028,3.6072
8029,3.6074
8030,3.6075
8031,3.6077
8032,3.6078
8033,3.608
8034,3.6082
8035,3.6083
8036,3.6085
8037,3.6086
8038,3.6088
8039,3.609
8040,3.6091
8041,3.6093
8042,3.6094
8043,3.6096
8044,3.6098
8045,3.6099
8046,3.6101
8047,3.6102
8048,3.6104
8049,3.6104
8050,3.6105
8051,3.6107
8052,3.6109
8053,3.611
8054,3.6112
8055,3.6113
8056,3.6115
8057,3.6117
8058,3.6118
8059,3.612
8060,3.6121
8061,3.6121
8062,3.6123
8063,3.6125
8064,3.6126
8065,3.6128
8066,3.6129
8067,3.6131
8068,3.6131
8069,3.6132
8070,3.6134
8071,3.6136
8072,3.6137
8073,3.6139
8074,3.614
8075,3.6142
8076,3.6144
8077,3.6144
8078,3.6145
8079,3.6147
8080,3.6148
8081,3.615
8082,3.6152
8083,3.6152
8084,3.6153
8085,3.6155
8086,3.6156
8087,3.6158
8088,3.6159
8089,3.6161
8090,3.6163
8091,3.6163
8092,3.6164
8093,3.6166
8094,3.6167
8095,3.6169
8096,3.6171
8097,3.6172
8098,3.6172
8099,3.6174
8100,3.6175
8101,3.6177
8102,3.6179
8103,3.618
8104,3.618
8105,3.6182
8106,3.6183
8107,3.6185
8108,3.6186
8109,3.6188
8110,3.6188
8111,3.619
8112,3.6191
8113,3.6193
8114,3.6194
8115,3.6196
8116,3.6196
8117,3.6198
8118,3.6199
8119,3.6201
8120,3.6202
8121,3.6202
8122,3.6204
8123,3.6206
8124,3.6207
8125,3.6209
8126,3.621
8127,3.621
8128,3.6212
8129,3.6213
8130,3.6215
8131,3.6217
8132,3.6217
8133,3.6218
8134,3.622
8135,3.6221
8136,3.6223
8137,3.6223
8138,3.6225
8139,3.6226
8140,3.6228
8141,3.6229
8142,3.6229
8143,3.6231
8144,3.6233
8145,3.6234
8146,3.6236
8147,3.6237
8148,3.6237
8149,3.6239
8150,3.6241
8151,3.6242
8152,3.6244
8153,3.6244
8154,3.6245
8155,3.6247
8156,3.6248
8157,3.6248
8158,3.625
8159,3.6252
8160,3.6253
8161,3.6255
8162,3.6256
8163,3.6256
8164,3.6258
8165,3.626
8166,3.6261
8167,3.6263
8168,3.6263
8169,3.6264
8170,3.6266
8171,3.6268
8172,3.6269
8173,3.6269
8174,3.6271
8175,3.6272
8176,3.6274
8177,3.6274
8178,3.6275
8179,3.6277
8180,3.6279
8181,3.628
8182,3.6282
8183,3.6282
8184,3.6283
8185,3.6285
8186,3.6287
8187,3.6287
8188,3.6288
8189,3.629
8190,3.6291
8191,3.6291
8192,3.6293
8193,3.6295
8194,3.6296
8195,3.6298
8196,3.6299
8197,3.6299
8198,3.6301
8199,3.6302
8200,3.6304
8201,3.6304
8202,3.6306
8203,3.6307
8204,3.6309
8205,3.631
8206,3.631
8207,3.6312
8208,3.6314
8209,3.6315
8210,3.6317
8211,3.6317
8212,3.6318
8213,3.632
8214,3.6322
8215,3.6323
8216,3.6323
8217,3.6325
8218,3.6326
8219,3.6328
8220,3.6328
8221,3.6329
8222,3.6331
8223,3.6333
8224,3.6334
8225,3.6334
8226,3.6336
8227,3.6337
8228,3.6339
8229,3.6339
8230,3.6341
8231,3.6342
8232,3.6344
8233,3.6345
8234,3.6345
8235,3.6347
8236,3.6349
8237,3.635
8238,3.635
8239,3.6352
8240,3.6353
8241,3.6355
8242,3.6355
8243,3.6356
8244,3.6358
8245,3.636
8246,3.6361
8247,3.6361
8248,3.6363
8249,3.6364
8250,3.6366
8251,3.6366
8252,3.6368
8253,3.6369
8254,3.6371
8255,3.6371
8256,3.6372
8257,3.6374
8258,3.6376
8259,3.6377
8260,3.6377
8261,3.6379
8262,3.638
8263,3.6382
8264,3.6382
8265,3.6383
8266,3.6385
8267,3.6387
8268,3.6387
8269,3.6388
8270,3.639
8271,3.6391
8272,3.6393
8273,3.6393
8274,3.6395
8275,3.6396
8276,3.6398
8277,3.6398
8278,3.6399
8279,3.6401
8280,3.6403
8281,3.6403
8282,3.6404
8283,3.6406
8284,3.6407
8285,3.6407
8286,3.6409
8287,3.641
8288,3.6412
8289,3.6412
8290,3.6414
8291,3.6415
8292,3.6417
8293,3.6417
8294,3.6418
8295,3.642
8296,3.6422
8297,3.6422
8298,3.6423
8299,3.6425
8300,3.6426
8301,3.6426
8302,3.6428
8303,3.643
8304,3.6431
8305,3.6431
8306,3.6433
8307,3.6434
8308,3.6436
8309,3.6436
8310,3.6437
8311,3.6439
8312,3.6441
8313,3.6441
8314,3.6442
8315,3.6444
8316,3.6445
8317,3.6447
8318,3.6447
8319,3.6449
8320,3.645
8321,3.6452
8322,3.6452
8323,3.6453
8324,3.6455
8325,3.6455
8326,3.6457
8327,3.6458
8328,3.646
8329,3.646
8330,3.6461
8331,3.6463
8332,3.6464
8333,3.6464
8334,3.6466
8335,3.6468
8336,3.6469
8337,3.6469
8338,3.6471
8339,3.6472
8340,3.6474
8341,3.6474
8342,3.6476
8343,3.6477
8344,3.6479
8345,3.6479
8346,3.648
8347,3.6482
8348,3.6484
8349,3.6484
8350,3.6485
8351,3.6487
8352,3.6488
8353,3.6488
8354,3.649
8355,3.6491
8356,3.6493
8357,3.6493
8358,3.6495
8359,3.6496
8360,3.6498
8361,3.6498
8362,3.6499
8363,3.6501
8364,3.6503
8365,3.6503
8366,3.6504
8367,3.6506
8368,3.6507
8369,3.6507
8370,3.6509
8371,3.6511
8372,3.6511
8373,3.6512
8374,3.6514
8375,3.6515
8376,3.6515
8377,3.6517
8378,3.6518
8379,3.652
8380,3.652
8381,3.6522
8382,3.6523
8383,3.6525
8384,3.6525
8385,3.6526
8386,3.6528
8387,3.6528
8388,3.653
8389,3.6531
8390,3.6533
8391,3.6533
8392,3.6534
8393,3.6536
8394,3.6538
8395,3.6538
8396,3.6539
8397,3.6541
8398,3.6541
8399,3.6542
8400,3.6544
8401,3.6545
8402,3.6545
8403,3.6547
8404,3.6549
8405,3.655
8406,3.655
8407,3.6552
8408,3.6553
8409,3.6555
8410,3.6555
8411,3.6557
8412,3.6558
8413,3.656
8414,3.656
8415,3.6561
8416,3.6563
8417,3.6563
8418,3.6565
8419,3.6566
8420,3.6568
8421,3.6568
8422,3.6569
8423,3.6571
8424,3.6572
8425,3.6572
8426,3.6574
8427,3.6576
8428,3.6576
8429,3.6577
8430,3.6579
8431,3.658
8432,3.658
8433,3.6582
8434,3.6584
8435,3.6584
8436,3.6585
8437,3.6587
8438,3.6588
8439,3.6588
8440,3.659
8441,3.6592
8442,3.6593
8443,3.6593
8444,3.6595
8445,3.6596
8446,3.6596
8447,3.6598
8448,3.6599
8449,3.6601
8450,3.6601
8451,3.6603
8452,3.6604
8453,3.6606
8454,3.6606
8455,3.6607
8456,3.6609
8457,3.6609
8458,3.6611
8459,3.6612
8460,3.6614
8461,3.6614
8462,3.6615
8463,3.6617
8464,3.6619
8465,3.6619
8466,3.662
8467,3.6622
8468,3.6623
8469,3.6623
8470,3.6625
8471,3.6626
8472,3.6626
8473,3.6628
8474,3.663
8475,3.663
8476,3.6631
8477,3.6633
8478,3.6634
8479,3.6634
8480,3.6636
8481,3.6638
8482,3.6639
8483,3.6639
8484,3.6641
8485,3.6642
8486,3.6642
8487,3.6644
8488,3.6646
8489,3.6647
8490,3.6647
8491,3.6649
8492,3.665
8493,3.665
8494,3.6652
8495,3.6653
8496,3.6655
8497,3.6655
8498,3.6657
8499,3.6658
8500,3.6658
8501,3.666
8502,3.6661
8503,3.6663
8504,3.6663
8505,3.6665
8506,3.6666
8507,3.6668
8508,3.6668
8509,3.6669
8510,3.6671
8511,3.6671
8512,3.6673
8513,3.6674
8514,3.6674
8515,3.6676
8516,3.6677
8517,3.6679
8518,3.6679
8519,3.6681
8520,3.6682
8521,3.6684
8522,3.6684
8523,3.6685
8524,3.6687
8525,3.6687
8526,3.6688
8527,3.669
8528,3.6692
8529,3.6692
8530,3.6693
8531,3.6695
8532,3.6695
8533,3.6696
8534,3.6698
8535,3.67
8536,3.67
8537,3.6701
8538,3.6703
8539,3.6703
8540,3.6704
8541,3.6706
8542,3.6708
8543,3.6708
8544,3.6709
8545,3.6711
8546,3.6711
8547,3.6712
8548,3.6714
8549,3.6715
8550,3.6715
8551,3.6717
8552,3.6719
8553,3.6719
8554,3.672
8555,3.6722
8556,3.6723
8557,3.6723
8558,3.6725
8559,3.6727
8560,3.6728
8561,3.6728
8562,3.673
8563,3.6731
8564,3.6731
8565,3.6733
8566,3.6735
8567,3.6736
8568,3.6736
8569,3.6738
8570,3.6739
8571,3.6741
8572,3.6741
8573,3.6742
8574,3.6744
8575,3.6744
8576,3.6746
8577,3.6747
8578,3.6749
8579,3.6749
8580,3.675
8581,3.6752
8582,3.6752
8583,3.6754
8584,3.6755
8585,3.6757
8586,3.6757
8587,3.6758
8588,3.676
8589,3.6762
8590,3.6762
8591,3.6763
8592,3.6765
8593,3.6765
8594,3.6766
8595,3.6768
8596,3.6769
8597,3.6769
8598,3.6771
8599,3.6773
8600,3.6774
8601,3.6774
8602,3.6776
8603,3.6777
8604,3.6779
8605,3.6779
8606,3.6781
8607,3.6782
8608,3.6784
8609,3.6784
8610,3.6785
8611,3.6787
8612,3.6787
8613,3.6789
8614,3.679
8615,3.6792
8616,3.6792
8617,3.6793
8618,3.6795
8619,3.6796
8620,3.6796
8621,3.6798
8622,3.68
8623,3.6801
8624,3.6801
8625,3.6803
8626,3.6804
8627,3.6806
8628,3.6806
8629,3.6808
8630,3.6809
8631,3.6811
8632,3.6811
8633,3.6812
8634,3.6814
8635,3.6816
8636,3.6816
8637,3.6817
8638,3.6819
8639,3.682
8640,3.682
8641,3.6822
8642,3.6823
8643,3.6825
8644,3.6825
8645,3.6827
8646,3.6828
8647,3.683
8648,3.683
8649,3.6831
8650,3.6833
8651,3.6835
8652,3.6835
8653,3.6836
8654,3.6838
8655,3.6839
8656,3.6841
8657,3.6841
8658,3.6843
8659,3.6844
8660,3.6844
8661,3.6846
8662,3.6847
8663,3.6849
8664,3.685
8665,3.685
8666,3.6852
8667,3.6854
8668,3.6855
8669,3.6857
8670,3.6857
8671,3.6858
8672,3.686
8673,3.6862
8674,3.6862
8675,3.6863
8676,3.6865
8677,3.6866
8678,3.6868
8679,3.6868
8680,3.687
8681,3.6871
8682,3.6873
8683,3.6873
8684,3.6874
8685,3.6876
8686,3.6877
8687,3.6879
8688,3.6879
8689,3.6881
8690,3.6882
8691,3.6884
8692,3.6885
8693,3.6885
8694,3.6887
8695,3.6889
8696,3.689
8697,3.6892
8698,3.6892
8699,3.6893
8700,3.6895
8701,3.6897
8702,3.6898
8703,3.6898
8704,3.69
8705,3.6901
8706,3.6903
8707,3.6904
8708,3.6904
8709,3.6906
8710,3.6908
8711,3.6909
8712,3.6911
8713,3.6911
8714,3.6912
8715,3.6914
8716,3.6916
8717,3.6917
8718,3.6917
8719,3.6919
8720,3.692
8721,3.6922
8722,3.6924
8723,3.6925
8724,3.6927
8725,3.6927
8726,3.6928
8727,3.693
8728,3.6931
8729,3.6933
8730,3.6935
8731,3.6935
8732,3.6936
8733,3.6938
8734,3.6939
8735,3.6941
8736,3.6943
8737,3.6943
8738,3.6944
8739,3.6946
8740,3.6947
8741,3.6949
8742,3.6951
8743,3.6951
8744,3.6952
8745,3.6954
8746,3.6955
8747,3.6957
8748,3.6958
8749,3.696
8750,3.696
8751,3.6962
8752,3.6963
8753,3.6965
8754,3.6966
8755,3.6968
8756,3.697
8757,3.697
8758,3.6971
8759,3.6973
8760,3.6974
8761,3.6976
8762,3.6978
8763,3.6979
8764,3.6981
8765,3.6982
8766,3.6982
8767,3.6984
8768,3.6985
8769,3.6987
8770,3.6989
8771,3.699
8772,3.6992
8773,3.6993
8774,3.6993
8775,3.6995
8776,3.6997
8777,3.6998
8778,3.7
8779,3.7001
8780,3.7003
8781,3.7005
8782,3.7006
8783,3.7006
8784,3.7008
8785,3.7009
8786,3.7011
8787,3.7012
8788,3.7014
8789,3.7016
8790,3.7017
8791,3.7019
8792,3.702
8793,3.7022
8794,3.7022
8795,3.7024
8796,3.7025
8797,3.7027
8798,3.7028
8799,3.703
8800,3.7032
8801,3.7033
8802,3.7035
8803,3.7036
8804,3.7038
8805,3.7039
8806,3.7041
8807,3.7041
8808,3.7043
8809,3.7044
8810,3.7046
8811,3.7047
8812,3.7049
8813,3.7051
8814,3.7052
8815,3.7054
8816,3.7055
8817,3.7057
8818,3.7059
8819,3.706
8820,3.7062
8821,3.7063
8822,3.7063
8823,3.7065
8824,3.7066
8825,3.7068
8826,3.707
8827,3.7071
8828,3.7073
8829,3.7074
8830,3.7076
8831,3.7078
8832,3.7079
8833,3.7081
8834,3.7082
8835,3.7084
8836,3.7086
8837,3.7087
8838,3.7089
8839,3.709
8840,3.7092
8841,3.7092
8842,3.7095
8843,3.7095
8844,3.7097
8845,3.7098
8846,3.71
8847,3.7101
8848,3.7103
8849,3.7103
8850,3.7098
8851,3.7098
8852,3.7098
8853,3.7098
8854,3.7098
8855,3.7098
8856,3.7098
8857,3.7098
8858,3.7098
8859,3.7098
8860,3.7098
8861,3.7098
8862,3.7098
8863,3.7098
8864,3.7098
8865,3.7098
8866,3.7098
8867,3.7098
8868,3.7098
8869,3.7098
8870,3.7098
8871,3.7098
8872,3.7098
8873,3.7098
8874,3.7098
8875,3.7098
8876,3.7098
8877,3.7098
8878,3.7098
8879,3.7098
8880,3.7098
8881,3.7098
8882,3.7079
8883,3.7071
8884,3.7068
8885,3.7066
8886,3.7065
8887,3.7063
8888,3.7062
8889,3.7062
8890,3.706
8891,3.706
8892,3.7058
8893,3.7058
8894,3.7058
8895,3.7057
8896,3.7057
8897,3.7057
8898,3.7055
8899,3.7055
8900,3.7055
8901,3.7055
8902,3.7054
8903,3.7054
8904,3.7054
8905,3.7054
8906,3.7054
8907,3.7052
8908,3.7052
8909,3.7052
8910,3.7052
8911,3.7052
8912,3.7052
8913,3.7052
8914,3.705
8915,3.705
8916,3.705
8917,3.705
8918,3.705
8919,3.705
8920,3.705
8921,3.705
8922,3.705
8923,3.7049
8924,3.7049
8925,3.7049
8926,3.7049
8927,3.7049
8928,3.7049
8929,3.7049
8930,3.7049
8931,3.7049
8932,3.7049
8933,3.7049
8934,3.7049
8935,3.7049
8936,3.7047
8937,3.7047
8938,3.7047
8939,3.7047
8940,3.7047
8941,3.7047
8942,3.7047
8943,3.7047
8944,3.7047
8945,3.7047
8946,3.7047
8947,3.7047
8948,3.7047
8949,3.7047
8950,3.7047
8951,3.7047
8952,3.7046
8953,3.7047
8954,3.7047
8955,3.7047
8956,3.7046
8957,3.7046
8958,3.7046
8959,3.7046
8960,3.7046
8961,3.7046
8962,3.7046
8963,3.7046
8964,3.7046
8965,3.7046
8966,3.7046
8967,3.7046
8968,3.7046
8969,3.7046
8970,3.7046
8971,3.7046
8972,3.7046
8973,3.7046
8974,3.7046
8975,3.7046
8976,3.7046
8977,3.7046
8978,3.7046
8979,3.7046
8980,3.7044
8981,3.7044
8982,3.7046
8983,3.7044
8984,3.7044
8985,3.7044
8986,3.7044
8987,3.7044
8988,3.7044
8989,3.7044
8990,3.7044
8991,3.7044
8992,3.7044
8993,3.7044
8994,3.7044
8995,3.7044
8996,3.7044
8997,3.7044
8998,3.7044
8999,3.7044
9000,3.7044
9001,3.7044
9002,3.7044
9003,3.7044
9004,3.7044
9005,3.7044
9006,3.7044
9007,3.7044
9008,3.7044
9009,3.7044
9010,3.7044
9011,3.7044
9012,3.7044
9013,3.7044
9014,3.7044
9015,3.7044
9016,3.7044
9017,3.7044
9018,3.7044
9019,3.7044
9020,3.7044
9021,3.7044
9022,3.7044
9023,3.7044
9024,3.7044
9025,3.7044
9026,3.7044
9027,3.7044
9028,3.7042
9029,3.7044
9030,3.7044
9031,3.7044
9032,3.7044
9033,3.7044
9034,3.7044
9035,3.7044
9036,3.7044
9037,3.7042
9038,3.7042
9039,3.7042
9040,3.7042
9041,3.7042
9042,3.7042
9043,3.7042
9044,3.7042
9045,3.7042
9046,3.7042
9047,3.7042
9048,3.7042
9049,3.7042
9050,3.7042
9051,3.7042
9052,3.7042
9053,3.7042
9054,3.7042
9055,3.7042
9056,3.7042
9057,3.7042
9058,3.7042
9059,3.7042
9060,3.7042
9061,3.7042
9062,3.7042
