,voltage
0,3.4184
1,3.4184
2,3.4185
3,3.4184
4,3.4184
5,3.4184
6,3.4184
7,3.4184
8,3.4184
9,3.4184
10,3.4185
11,3.4185
12,3.4185
13,3.4185
14,3.4184
15,3.4185
16,3.4185
17,3.4185
18,3.4185
19,3.4185
20,3.4185
21,3.4185
22,3.4185
23,3.4185
24,3.4185
25,3.4185
26,3.4185
27,3.4185
28,3.4185
29,3.4185
30,3.4185
31,3.4185
32,3.4185
33,3.4185
34,3.4185
35,3.4185
36,3.4185
37,3.4185
38,3.4185
39,3.4185
40,3.4185
41,3.4185
42,3.4185
43,3.4185
44,3.4185
45,3.4185
46,3.4185
47,3.4185
48,3.4185
49,3.4185
50,3.4185
51,3.4185
52,3.4185
53,3.4185
54,3.4185
55,3.4185
56,3.4185
57,3.4185
58,3.4185
59,3.4185
60,3.4185
61,3.4945
62,3.596
63,3.6363
64,3.6387
65,3.6392
66,3.639
67,3.6387
68,3.6382
69,3.6379
70,3.6376
71,3.6373
72,3.6371
73,3.637
74,3.6368
75,3.6368
76,3.6366
77,3.6366
78,3.6365
79,3.6365
80,3.6365
81,3.6365
82,3.6365
83,3.6365
84,3.6366
85,3.6366
86,3.6368
87,3.6368
88,3.6368
89,3.637
90,3.6371
91,3.6371
92,3.6373
93,3.6374
94,3.6374
95,3.6376
96,3.6378
97,3.6379
98,3.6381
99,3.6382
100,3.6384
101,3.6384
102,3.6385
103,3.6387
104,3.6389
105,3.639
106,3.6392
107,3.6393
108,3.6395
109,3.6397
110,3.6398
111,3.64
112,3.6401
113,3.6403
114,3.6405
115,3.6406
116,3.6408
117,3.6409
118,3.6411
119,3.6413
120,3.6414
121,3.6416
122,3.6417
123,3.6419
124,3.642
125,3.6422
126,3.6424
127,3.6425
128,3.6427
129,3.6428
130,3.643
131,3.6432
132,3.6433
133,3.6435
134,3.6436
135,3.6438
136,3.644
137,3.6441
138,3.6443
139,3.6444
140,3.6446
141,3.6447
142,3.6449
143,3.6451
144,3.6452
145,3.6454
146,3.6454
147,3.6455
148,3.6457
149,3.6459
150,3.646
151,3.6462
152,3.6463
153,3.6465
154,3.6467
155,3.6468
156,3.647
157,3.647
158,3.6471
159,3.6473
160,3.6474
161,3.6476
162,3.6478
163,3.6478
164,3.6479
165,3.6481
166,3.6482
167,3.6484
168,3.6484
169,3.6486
170,3.6487
171,3.6489
172,3.649
173,3.6492
174,3.6492
175,3.6494
176,3.6495
177,3.6497
178,3.6497
179,3.6498
180,3.65
181,3.6501
182,3.6501
183,3.6503
184,3.6505
185,3.6506
186,3.6506
187,3.6508
188,3.6509
189,3.6509
190,3.6511
191,3.6513
192,3.6514
193,3.6514
194,3.6516
195,3.6517
196,3.6517
197,3.6519
198,3.6521
199,3.6521
200,3.6522
201,3.6524
202,3.6524
203,3.6525
204,3.6527
205,3.6527
206,3.6528
207,3.653
208,3.653
209,3.6532
210,3.6532
211,3.6533
212,3.6535
213,3.6535
214,3.6536
215,3.6538
216,3.6538
217,3.654
218,3.654
219,3.6541
220,3.6543
221,3.6543
222,3.6544
223,3.6544
224,3.6546
225,3.6546
226,3.6548
227,3.6549
228,3.6549
229,3.6551
230,3.6551
231,3.6552
232,3.6554
233,3.6554
234,3.6555
235,3.6555
236,3.6557
237,3.6557
238,3.6559
239,3.6559
240,3.656
241,3.6562
242,3.6562
243,3.6562
244,3.6563
245,3.6563
246,3.6565
247,3.6567
248,3.6567
249,3.6568
250,3.6568
251,3.657
252,3.657
253,3.6571
254,3.6571
255,3.6573
256,3.6573
257,3.6575
258,3.6575
259,3.6576
260,3.6576
261,3.6578
262,3.6578
263,3.6579
264,3.6579
265,3.6581
266,3.6581
267,3.6582
268,3.6582
269,3.6584
270,3.6584
271,3.6586
272,3.6586
273,3.6587
274,3.6587
275,3.6589
276,3.6589
277,3.6589
278,3.659
279,3.659
280,3.6592
281,3.6592
282,3.6594
283,3.6594
284,3.6595
285,3.6595
286,3.6597
287,3.6597
288,3.6598
289,3.6598
290,3.66
291,3.66
292,3.6602
293,3.6602
294,3.6602
295,3.6603
296,3.6603
297,3.6605
298,3.6605
299,3.6606
300,3.6606
301,3.6608
302,3.6608
303,3.6608
304,3.6609
305,3.6609
306,3.6611
307,3.6611
308,3.6613
309,3.6613
310,3.6614
311,3.6614
312,3.6614
313,3.6616
314,3.6616
315,3.6617
316,3.6617
317,3.6617
318,3.6619
319,3.6619
320,3.6621
321,3.6621
322,3.6622
323,3.6622
324,3.6624
325,3.6624
326,3.6624
327,3.6625
328,3.6625
329,3.6627
330,3.6627
331,3.6627
332,3.6629
333,3.6629
334,3.663
335,3.663
336,3.6632
337,3.6632
338,3.6632
339,3.6633
340,3.6633
341,3.6635
342,3.6635
343,3.6635
344,3.6637
345,3.6637
346,3.6638
347,3.6638
348,3.6638
349,3.664
350,3.664
351,3.6641
352,3.6641
353,3.6643
354,3.6643
355,3.6643
356,3.6644
357,3.6644
358,3.6644
359,3.6646
360,3.6646
361,3.6648
362,3.6648
363,3.6648
364,3.6649
365,3.6649
366,3.6651
367,3.6651
368,3.6652
369,3.6652
370,3.6652
371,3.6654
372,3.6654
373,3.6654
374,3.6656
375,3.6656
376,3.6657
377,3.6657
378,3.6657
379,3.6659
380,3.6659
381,3.6659
382,3.666
383,3.666
384,3.6662
385,3.6662
386,3.6664
387,3.6664
388,3.6664
389,3.6665
390,3.6665
391,3.6667
392,3.6667
393,3.6667
394,3.6668
395,3.6668
396,3.6668
397,3.667
398,3.667
399,3.6671
400,3.6671
401,3.6671
402,3.6673
403,3.6673
404,3.6675
405,3.6675
406,3.6675
407,3.6676
408,3.6676
409,3.6676
410,3.6678
411,3.6678
412,3.6679
413,3.6679
414,3.6679
415,3.6681
416,3.6681
417,3.6683
418,3.6683
419,3.6683
420,3.6684
421,3.6684
422,3.6684
423,3.6686
424,3.6686
425,3.6687
426,3.6687
427,3.6687
428,3.6689
429,3.6689
430,3.6689
431,3.6691
432,3.6691
433,3.6692
434,3.6692
435,3.6692
436,3.6694
437,3.6694
438,3.6694
439,3.6695
440,3.6695
441,3.6697
442,3.6697
443,3.6697
444,3.6698
445,3.6698
446,3.67
447,3.67
448,3.67
449,3.6702
450,3.6702
451,3.6702
452,3.6703
453,3.6703
454,3.6705
455,3.6705
456,3.6705
457,3.6706
458,3.6706
459,3.6708
460,3.6708
461,3.6708
462,3.671
463,3.671
464,3.671
465,3.6711
466,3.6711
467,3.6711
468,3.6713
469,3.6713
470,3.6714
471,3.6714
472,3.6714
473,3.6716
474,3.6716
475,3.6716
476,3.6718
477,3.6718
478,3.6718
479,3.6719
480,3.6719
481,3.6721
482,3.6721
483,3.6722
484,3.6722
485,3.6722
486,3.6724
487,3.6724
488,3.6724
489,3.6725
490,3.6725
491,3.6725
492,3.6727
493,3.6727
494,3.6729
495,3.6729
496,3.6729
497,3.673
498,3.673
499,3.673
500,3.6732
501,3.6732
502,3.6733
503,3.6733
504,3.6733
505,3.6735
506,3.6735
507,3.6735
508,3.6737
509,3.6737
510,3.6737
511,3.6738
512,3.6738
513,3.674
514,3.674
515,3.674
516,3.6741
517,3.6741
518,3.6741
519,3.6743
520,3.6743
521,3.6745
522,3.6745
523,3.6745
524,3.6746
525,3.6746
526,3.6746
527,3.6748
528,3.6748
529,3.6749
530,3.6749
531,3.6749
532,3.6751
533,3.6751
534,3.6751
535,3.6752
536,3.6752
537,3.6754
538,3.6754
539,3.6754
540,3.6756
541,3.6756
542,3.6756
543,3.6757
544,3.6757
545,3.6757
546,3.6759
547,3.6759
548,3.676
549,3.676
550,3.676
551,3.6762
552,3.6762
553,3.6762
554,3.6764
555,3.6764
556,3.6765
557,3.6765
558,3.6765
559,3.6767
560,3.6767
561,3.6767
562,3.6768
563,3.6768
564,3.6768
565,3.677
566,3.677
567,3.6772
568,3.6772
569,3.6772
570,3.6773
571,3.6773
572,3.6773
573,3.6775
574,3.6775
575,3.6776
576,3.6776
577,3.6776
578,3.6778
579,3.6778
580,3.6778
581,3.6779
582,3.6779
583,3.6781
584,3.6781
585,3.6781
586,3.6783
587,3.6783
588,3.6783
589,3.6784
590,3.6784
591,3.6784
592,3.6786
593,3.6786
594,3.6787
595,3.6787
596,3.6787
597,3.6789
598,3.6789
599,3.6789
600,3.6791
601,3.6791
602,3.6792
603,3.6792
604,3.6792
605,3.6794
606,3.6794
607,3.6795
608,3.6795
609,3.6795
610,3.6797
611,3.6797
612,3.6797
613,3.6799
614,3.6799
615,3.68
616,3.68
617,3.68
618,3.6802
619,3.6802
620,3.6802
621,3.6803
622,3.6803
623,3.6805
624,3.6805
625,3.6805
626,3.6806
627,3.6806
628,3.6806
629,3.6808
630,3.6808
631,3.681
632,3.681
633,3.681
634,3.6811
635,3.6811
636,3.6811
637,3.6813
638,3.6813
639,3.6814
640,3.6814
641,3.6814
642,3.6816
643,3.6816
644,3.6818
645,3.6818
646,3.6818
647,3.6819
648,3.6819
649,3.6821
650,3.6821
651,3.6821
652,3.6822
653,3.6822
654,3.6824
655,3.6824
656,3.6824
657,3.6826
658,3.6826
659,3.6826
660,3.6827
661,3.6827
662,3.6829
663,3.6829
664,3.683
665,3.683
666,3.683
667,3.6832
668,3.6832
669,3.6833
670,3.6833
671,3.6833
672,3.6835
673,3.6835
674,3.6835
675,3.6837
676,3.6837
677,3.6838
678,3.6838
679,3.6838
680,3.684
681,3.684
682,3.6841
683,3.6841
684,3.6841
685,3.6843
686,3.6843
687,3.6845
688,3.6845
689,3.6845
690,3.6846
691,3.6846
692,3.6846
693,3.6848
694,3.6848
695,3.6849
696,3.6849
697,3.6849
698,3.6851
699,3.6851
700,3.6851
701,3.6853
702,3.6853
703,3.6854
704,3.6854
705,3.6856
706,3.6856
707,3.6856
708,3.6857
709,3.6857
710,3.6859
711,3.6859
712,3.6859
713,3.686
714,3.686
715,3.686
716,3.6862
717,3.6862
718,3.6864
719,3.6864
720,3.6865
721,3.6865
722,3.6865
723,3.6867
724,3.6867
725,3.6867
726,3.6868
727,3.6868
728,3.687
729,3.687
730,3.687
731,3.6872
732,3.6872
733,3.6873
734,3.6873
735,3.6875
736,3.6875
737,3.6875
738,3.6876
739,3.6876
740,3.6876
741,3.6878
742,3.688
743,3.688
744,3.688
745,3.6881
746,3.6881
747,3.6881
748,3.6883
749,3.6883
750,3.6884
751,3.6884
752,3.6884
753,3.6886
754,3.6886
755,3.6888
756,3.6888
757,3.6889
758,3.6889
759,3.6889
760,3.6891
761,3.6891
762,3.6892
763,3.6892
764,3.6892
765,3.6894
766,3.6894
767,3.6895
768,3.6895
769,3.6895
770,3.6897
771,3.6897
772,3.6899
773,3.6899
774,3.6899
775,3.69
776,3.69
777,3.6902
778,3.6902
779,3.6902
780,3.6903
781,3.6903
782,3.6905
783,3.6905
784,3.6907
785,3.6907
786,3.6907
787,3.6908
788,3.6908
789,3.691
790,3.691
791,3.6911
792,3.6911
793,3.6911
794,3.6913
795,3.6913
796,3.6915
797,3.6915
798,3.6916
799,3.6916
800,3.6916
801,3.6918
802,3.6918
803,3.6919
804,3.6919
805,3.6921
806,3.6921
807,3.6921
808,3.6922
809,3.6922
810,3.6924
811,3.6924
812,3.6924
813,3.6926
814,3.6926
815,3.6927
816,3.6927
817,3.6929
818,3.6929
819,3.6929
820,3.693
821,3.693
822,3.6932
823,3.6932
824,3.6934
825,3.6934
826,3.6934
827,3.6935
828,3.6935
829,3.6937
830,3.6937
831,3.6937
832,3.6938
833,3.694
834,3.694
835,3.694
836,3.6942
837,3.6942
838,3.6943
839,3.6943
840,3.6943
841,3.6945
842,3.6945
843,3.6946
844,3.6946
845,3.6948
846,3.6948
847,3.6948
848,3.6949
849,3.6949
850,3.6951
851,3.6951
852,3.6951
853,3.6953
854,3.6953
855,3.6954
856,3.6954
857,3.6956
858,3.6956
859,3.6957
860,3.6957
861,3.6957
862,3.6959
863,3.6959
864,3.6961
865,3.6961
866,3.6962
867,3.6962
868,3.6964
869,3.6964
870,3.6964
871,3.6965
872,3.6965
873,3.6967
874,3.6967
875,3.6969
876,3.6969
877,3.697
878,3.697
879,3.697
880,3.6972
881,3.6972
882,3.6973
883,3.6973
884,3.6975
885,3.6975
886,3.6975
887,3.6976
888,3.6976
889,3.6978
890,3.6978
891,3.698
892,3.698
893,3.698
894,3.6981
895,3.6981
896,3.6983
897,3.6983
898,3.6984
899,3.6984
900,3.6986
901,3.6986
902,3.6986
903,3.6988
904,3.6988
905,3.6989
906,3.6989
907,3.6991
908,3.6991
909,3.6992
910,3.6992
911,3.6992
912,3.6994
913,3.6994
914,3.6996
915,3.6996
916,3.6997
917,3.6997
918,3.6997
919,3.6999
920,3.6999
921,3.7
922,3.7
923,3.7002
924,3.7002
925,3.7003
926,3.7003
927,3.7003
928,3.7005
929,3.7005
930,3.7007
931,3.7007
932,3.7008
933,3.7008
934,3.701
935,3.701
936,3.7011
937,3.7011
938,3.7011
939,3.7013
940,3.7013
941,3.7015
942,3.7015
943,3.7016
944,3.7016
945,3.7018
946,3.7018
947,3.7019
948,3.7019
949,3.7021
950,3.7021
951,3.7021
952,3.7023
953,3.7023
954,3.7024
955,3.7024
956,3.7026
957,3.7026
958,3.7027
959,3.7027
960,3.7029
961,3.7029
962,3.7029
963,3.703
964,3.703
965,3.7032
966,3.7032
967,3.7034
968,3.7034
969,3.7035
970,3.7035
971,3.7037
972,3.7037
973,3.7038
974,3.7038
975,3.7038
976,3.704
977,3.704
978,3.7042
979,3.7042
980,3.7043
981,3.7043
982,3.7045
983,3.7045
984,3.7046
985,3.7046
986,3.7046
987,3.7048
988,3.7048
989,3.705
990,3.705
991,3.7051
992,3.7051
993,3.7053
994,3.7053
995,3.7054
996,3.7054
997,3.7054
998,3.7056
999,3.7056
1000,3.7057
1001,3.7057
1002,3.7059
1003,3.7059
1004,3.7061
1005,3.7061
1006,3.7062
1007,3.7062
1008,3.7064
1009,3.7064
1010,3.7064
1011,3.7065
1012,3.7065
1013,3.7067
1014,3.7067
1015,3.7069
1016,3.7069
1017,3.707
1018,3.707
1019,3.7072
1020,3.7072
1021,3.7073
1022,3.7073
1023,3.7073
1024,3.7075
1025,3.7075
1026,3.7077
1027,3.7077
1028,3.7078
1029,3.7078
1030,3.708
1031,3.708
1032,3.7081
1033,3.7081
1034,3.7081
1035,3.7083
1036,3.7084
1037,3.7084
1038,3.7084
1039,3.7086
1040,3.7086
1041,3.7088
1042,3.7088
1043,3.7089
1044,3.7089
1045,3.7091
1046,3.7091
1047,3.7092
1048,3.7092
1049,3.7092
1050,3.7094
1051,3.7094
1052,3.7096
1053,3.7096
1054,3.7097
1055,3.7097
1056,3.7099
1057,3.7099
1058,3.71
1059,3.71
1060,3.7102
1061,3.7102
1062,3.7104
1063,3.7104
1064,3.7105
1065,3.7105
1066,3.7107
1067,3.7107
1068,3.7107
1069,3.7108
1070,3.7108
1071,3.711
1072,3.711
1073,3.7111
1074,3.7111
1075,3.7113
1076,3.7113
1077,3.7115
1078,3.7115
1079,3.7116
1080,3.7116
1081,3.7118
1082,3.7118
1083,3.7119
1084,3.7119
1085,3.7119
1086,3.7121
1087,3.7121
1088,3.7123
1089,3.7123
1090,3.7124
1091,3.7124
1092,3.7126
1093,3.7126
1094,3.7127
1095,3.7127
1096,3.7129
1097,3.7129
1098,3.7131
1099,3.7131
1100,3.7132
1101,3.7132
1102,3.7134
1103,3.7134
1104,3.7134
1105,3.7135
1106,3.7135
1107,3.7137
1108,3.7137
1109,3.7138
1110,3.7138
1111,3.714
1112,3.714
1113,3.7142
1114,3.7142
1115,3.7143
1116,3.7143
1117,3.7145
1118,3.7145
1119,3.7145
1120,3.7146
1121,3.7146
1122,3.7148
1123,3.7148
1124,3.715
1125,3.715
1126,3.7151
1127,3.7151
1128,3.7153
1129,3.7153
1130,3.7154
1131,3.7154
1132,3.7156
1133,3.7156
1134,3.7158
1135,3.7158
1136,3.7159
1137,3.7159
1138,3.7161
1139,3.7161
1140,3.7162
1141,3.7162
1142,3.7162
1143,3.7164
1144,3.7164
1145,3.7166
1146,3.7166
1147,3.7167
1148,3.7167
1149,3.7169
1150,3.7169
1151,3.717
1152,3.717
1153,3.7172
1154,3.7172
1155,3.7173
1156,3.7173
1157,3.7175
1158,3.7175
1159,3.7175
1160,3.7177
1161,3.7178
1162,3.7178
1163,3.7178
1164,3.718
1165,3.718
1166,3.7181
1167,3.7181
1168,3.7183
1169,3.7183
1170,3.7185
1171,3.7185
1172,3.7186
1173,3.7186
1174,3.7188
1175,3.7188
1176,3.7189
1177,3.7189
1178,3.7191
1179,3.7191
1180,3.7193
1181,3.7193
1182,3.7194
1183,3.7194
1184,3.7196
1185,3.7196
1186,3.7197
1187,3.7197
1188,3.7199
1189,3.7199
1190,3.72
1191,3.72
1192,3.72
1193,3.7202
1194,3.7202
1195,3.7204
1196,3.7204
1197,3.7205
1198,3.7205
1199,3.7207
1200,3.7207
1201,3.7208
1202,3.7208
1203,3.721
1204,3.721
1205,3.7212
1206,3.7212
1207,3.7213
1208,3.7213
1209,3.7215
1210,3.7215
1211,3.7216
1212,3.7216
1213,3.7218
1214,3.7218
1215,3.722
1216,3.722
1217,3.7221
1218,3.7221
1219,3.7221
1220,3.7223
1221,3.7223
1222,3.7224
1223,3.7224
1224,3.7226
1225,3.7226
1226,3.7227
1227,3.7227
1228,3.7229
1229,3.7229
1230,3.7231
1231,3.7231
1232,3.7232
1233,3.7232
1234,3.7234
1235,3.7234
1236,3.7235
1237,3.7235
1238,3.7237
1239,3.7237
1240,3.7239
1241,3.7239
1242,3.724
1243,3.724
1244,3.7242
1245,3.7242
1246,3.7243
1247,3.7243
1248,3.7245
1249,3.7245
1250,3.7247
1251,3.7247
1252,3.7248
1253,3.7248
1254,3.725
1255,3.725
1256,3.7251
1257,3.7251
1258,3.7253
1259,3.7253
1260,3.7254
1261,3.7254
1262,3.7256
1263,3.7256
1264,3.7258
1265,3.7258
1266,3.7259
1267,3.7259
1268,3.7261
1269,3.7261
1270,3.7262
1271,3.7262
1272,3.7264
1273,3.7264
1274,3.7266
1275,3.7266
1276,3.7267
1277,3.7269
1278,3.7269
1279,3.727
1280,3.727
1281,3.7272
1282,3.7272
1283,3.7274
1284,3.7274
1285,3.7275
1286,3.7275
1287,3.7277
1288,3.7277
1289,3.7278
1290,3.7278
1291,3.728
1292,3.728
1293,3.7281
1294,3.7281
1295,3.7283
1296,3.7283
1297,3.7285
1298,3.7286
1299,3.7286
1300,3.7288
1301,3.7288
1302,3.7289
1303,3.7289
1304,3.7291
1305,3.7291
1306,3.7293
1307,3.7293
1308,3.7294
1309,3.7294
1310,3.7296
1311,3.7296
1312,3.7297
1313,3.7299
1314,3.7299
1315,3.7301
1316,3.7301
1317,3.7302
1318,3.7302
1319,3.7304
1320,3.7304
1321,3.7305
1322,3.7305
1323,3.7307
1324,3.7307
1325,3.7308
1326,3.7308
1327,3.731
1328,3.731
1329,3.7312
1330,3.7313
1331,3.7313
1332,3.7315
1333,3.7315
1334,3.7316
1335,3.7316
1336,3.7318
1337,3.7318
1338,3.732
1339,3.7321
1340,3.7321
1341,3.7323
1342,3.7323
1343,3.7324
1344,3.7324
1345,3.7326
1346,3.7326
1347,3.7328
1348,3.7328
1349,3.7329
1350,3.7331
1351,3.7331
1352,3.7332
1353,3.7332
1354,3.7334
1355,3.7334
1356,3.7335
1357,3.7337
1358,3.7337
1359,3.7339
1360,3.7339
1361,3.734
1362,3.734
1363,3.7342
1364,3.7342
1365,3.7343
1366,3.7345
1367,3.7345
1368,3.7347
1369,3.7347
1370,3.7348
1371,3.7348
1372,3.735
1373,3.735
1374,3.7351
1375,3.7353
1376,3.7353
1377,3.7355
1378,3.7355
1379,3.7356
1380,3.7358
1381,3.7358
1382,3.7359
1383,3.7359
1384,3.7361
1385,3.7361
1386,3.7362
1387,3.7362
1388,3.7364
1389,3.7366
1390,3.7366
1391,3.7367
1392,3.7367
1393,3.7369
1394,3.7369
1395,3.737
1396,3.7372
1397,3.7372
1398,3.7374
1399,3.7374
1400,3.7375
1401,3.7375
1402,3.7377
1403,3.7378
1404,3.7378
1405,3.738
1406,3.7382
1407,3.7382
1408,3.7383
1409,3.7383
1410,3.7385
1411,3.7385
1412,3.7386
1413,3.7388
1414,3.7388
1415,3.7389
1416,3.7389
1417,3.7391
1418,3.7393
1419,3.7393
1420,3.7394
1421,3.7396
1422,3.7396
1423,3.7397
1424,3.7397
1425,3.7399
1426,3.7401
1427,3.7401
1428,3.7402
1429,3.7402
1430,3.7404
1431,3.7405
1432,3.7405
1433,3.7407
1434,3.7409
1435,3.7409
1436,3.741
1437,3.741
1438,3.7412
1439,3.7413
1440,3.7413
1441,3.7415
1442,3.7417
1443,3.7417
1444,3.7418
1445,3.7418
1446,3.742
1447,3.7421
1448,3.7421
1449,3.7423
1450,3.7423
1451,3.7424
1452,3.7426
1453,3.7426
1454,3.7428
1455,3.7429
1456,3.7429
1457,3.7431
1458,3.7432
1459,3.7432
1460,3.7434
1461,3.7434
1462,3.7436
1463,3.7437
1464,3.7437
1465,3.7439
1466,3.744
1467,3.744
1468,3.7442
1469,3.7444
1470,3.7444
1471,3.7445
1472,3.7447
1473,3.7447
1474,3.7448
1475,3.745
1476,3.745
1477,3.7451
1478,3.7453
1479,3.7453
1480,3.7455
1481,3.7456
1482,3.7456
1483,3.7458
1484,3.7458
1485,3.7459
1486,3.7461
1487,3.7463
1488,3.7463
1489,3.7464
1490,3.7466
1491,3.7466
1492,3.7467
1493,3.7469
1494,3.7469
1495,3.7471
1496,3.7472
1497,3.7472
1498,3.7474
1499,3.7475
1500,3.7477
1501,3.7477
1502,3.7478
1503,3.7478
1504,3.748
1505,3.7482
1506,3.7483
1507,3.7483
1508,3.7485
1509,3.7485
1510,3.7486
1511,3.7488
1512,3.749
1513,3.749
1514,3.7491
1515,3.7493
1516,3.7493
1517,3.7494
1518,3.7496
1519,3.7496
1520,3.7498
1521,3.7499
1522,3.7501
1523,3.7501
1524,3.7502
1525,3.7504
1526,3.7504
1527,3.7505
1528,3.7507
1529,3.7509
1530,3.7509
1531,3.751
1532,3.7512
1533,3.7512
1534,3.7513
1535,3.7515
1536,3.7517
1537,3.7517
1538,3.7518
1539,3.752
1540,3.752
1541,3.7521
1542,3.7523
1543,3.7525
1544,3.7525
1545,3.7526
1546,3.7528
1547,3.7529
1548,3.7529
1549,3.7531
1550,3.7532
1551,3.7534
1552,3.7534
1553,3.7536
1554,3.7537
1555,3.7539
1556,3.7539
1557,3.754
1558,3.7542
1559,3.7544
1560,3.7544
1561,3.7545
1562,3.7547
1563,3.7547
1564,3.7548
1565,3.755
1566,3.7552
1567,3.7552
1568,3.7553
1569,3.7555
1570,3.7556
1571,3.7558
1572,3.7558
1573,3.7559
1574,3.7561
1575,3.7563
1576,3.7563
1577,3.7564
1578,3.7566
1579,3.7567
1580,3.7567
1581,3.7569
1582,3.7571
1583,3.7572
1584,3.7574
1585,3.7574
1586,3.7575
1587,3.7577
1588,3.7579
1589,3.758
1590,3.758
1591,3.7582
1592,3.7583
1593,3.7585
1594,3.7585
1595,3.7586
1596,3.7588
1597,3.759
1598,3.7591
1599,3.7591
1600,3.7593
1601,3.7594
1602,3.7596
1603,3.7598
1604,3.7598
1605,3.7599
1606,3.7601
1607,3.7602
1608,3.7604
1609,3.7604
1610,3.7606
1611,3.7607
1612,3.7609
1613,3.761
1614,3.761
1615,3.7612
1616,3.7613
1617,3.7615
1618,3.7617
1619,3.7617
1620,3.7618
1621,3.762
1622,3.7621
1623,3.7623
1624,3.7625
1625,3.7625
1626,3.7626
1627,3.7628
1628,3.7629
1629,3.7631
1630,3.7631
1631,3.7633
1632,3.7634
1633,3.7636
1634,3.7637
1635,3.7639
1636,3.764
1637,3.764
1638,3.7642
1639,3.7644
1640,3.7645
1641,3.7647
1642,3.7647
1643,3.7648
1644,3.765
1645,3.7652
1646,3.7653
1647,3.7655
1648,3.7655
1649,3.7656
1650,3.7658
1651,3.766
1652,3.7661
1653,3.7663
1654,3.7664
1655,3.7664
1656,3.7666
1657,3.7668
1658,3.7669
1659,3.7671
1660,3.7672
1661,3.7674
1662,3.7674
1663,3.7675
1664,3.7677
1665,3.7679
1666,3.768
1667,3.7682
1668,3.7683
1669,3.7685
1670,3.7685
1671,3.7687
1672,3.7688
1673,3.769
1674,3.7691
1675,3.7693
1676,3.7695
1677,3.7695
1678,3.7696
1679,3.7698
1680,3.7699
1681,3.7701
1682,3.7702
1683,3.7704
1684,3.7706
1685,3.7706
1686,3.7707
1687,3.7709
1688,3.771
1689,3.7712
1690,3.7714
1691,3.7715
1692,3.7717
1693,3.7718
1694,3.7718
1695,3.772
1696,3.7722
1697,3.7723
1698,3.7725
1699,3.7726
1700,3.7728
1701,3.7729
1702,3.7731
1703,3.7731
1704,3.7733
1705,3.7734
1706,3.7736
1707,3.7737
1708,3.7739
1709,3.7741
1710,3.7742
1711,3.7744
1712,3.7745
1713,3.7745
1714,3.7747
1715,3.7749
1716,3.775
1717,3.7752
1718,3.7753
1719,3.7755
1720,3.7756
1721,3.7758
1722,3.776
1723,3.776
1724,3.7761
1725,3.7763
1726,3.7764
1727,3.7766
1728,3.7768
1729,3.7769
1730,3.7771
1731,3.7772
1732,3.7774
1733,3.7776
1734,3.7777
1735,3.7777
1736,3.7779
1737,3.778
1738,3.7782
1739,3.7783
1740,3.7785
1741,3.7787
1742,3.7788
1743,3.779
1744,3.7791
1745,3.7793
1746,3.7795
1747,3.7796
1748,3.7798
1749,3.7798
1750,3.7801
1751,3.7801
1752,3.7803
1753,3.7804
1754,3.7806
1755,3.7807
1756,3.7809
1757,3.781
1758,3.7812
1759,3.7814
1760,3.7815
1761,3.7817
1762,3.7818
1763,3.782
1764,3.7822
1765,3.7822
1766,3.7823
1767,3.7825
1768,3.7826
1769,3.7828
1770,3.783
1771,3.7831
1772,3.7833
1773,3.7834
1774,3.7836
1775,3.7837
1776,3.7839
1777,3.7841
1778,3.7842
1779,3.7844
1780,3.7845
1781,3.7847
1782,3.7849
1783,3.785
1784,3.7852
1785,3.7853
1786,3.7855
1787,3.7857
1788,3.7858
1789,3.786
1790,3.7861
1791,3.7863
1792,3.7864
1793,3.7866
1794,3.7868
1795,3.7868
1796,3.7871
1797,3.7871
1798,3.7874
1799,3.7874
1800,3.7876
1801,3.7877
1802,3.7879
1803,3.788
1804,3.7882
1805,3.7884
1806,3.7885
1807,3.7887
1808,3.7888
1809,3.789
1810,3.7891
1811,3.7893
1812,3.7895
1813,3.7896
1814,3.7898
1815,3.7899
1816,3.7901
1817,3.7903
1818,3.7904
1819,3.7906
1820,3.7907
1821,3.7909
1822,3.7911
1823,3.7912
1824,3.7914
1825,3.7915
1826,3.7917
1827,3.7919
1828,3.792
1829,3.7922
1830,3.7923
1831,3.7925
1832,3.7926
1833,3.7928
1834,3.793
1835,3.7931
1836,3.7933
1837,3.7934
1838,3.7936
1839,3.7938
1840,3.7941
1841,3.7941
1842,3.7942
1843,3.7944
1844,3.7947
1845,3.7949
1846,3.795
1847,3.7952
1848,3.7953
1849,3.7955
1850,3.7957
1851,3.7958
1852,3.796
1853,3.7961
1854,3.7963
1855,3.7965
1856,3.7966
1857,3.7968
1858,3.7969
1859,3.7971
1860,3.7973
1861,3.7974
1862,3.7976
1863,3.7977
1864,3.7979
1865,3.798
1866,3.7982
1867,3.7984
1868,3.7985
1869,3.7987
1870,3.7988
1871,3.799
1872,3.7993
1873,3.7995
1874,3.7996
1875,3.7998
1876,3.8
1877,3.8001
1878,3.8003
1879,3.8004
1880,3.8006
1881,3.8007
1882,3.8009
1883,3.8011
1884,3.8012
1885,3.8014
1886,3.8015
1887,3.8019
1888,3.802
1889,3.8022
1890,3.8023
1891,3.8025
1892,3.8027
1893,3.8028
1894,3.803
1895,3.8031
1896,3.8033
1897,3.8034
1898,3.8036
1899,3.8038
1900,3.8041
1901,3.8041
1902,3.8044
1903,3.8046
1904,3.8047
1905,3.8049
1906,3.805
1907,3.8052
1908,3.8054
1909,3.8055
1910,3.8058
1911,3.806
1912,3.8061
1913,3.8063
1914,3.8065
1915,3.8066
1916,3.8068
1917,3.8069
1918,3.8071
1919,3.8073
1920,3.8076
1921,3.8077
1922,3.8079
1923,3.8081
1924,3.8082
1925,3.8084
1926,3.8085
1927,3.8087
1928,3.809
1929,3.8092
1930,3.8093
1931,3.8095
1932,3.8096
1933,3.8098
1934,3.81
1935,3.8101
1936,3.8104
1937,3.8106
1938,3.8108
1939,3.8109
1940,3.8111
1941,3.8112
1942,3.8114
1943,3.8117
1944,3.8119
1945,3.812
1946,3.8122
1947,3.8123
1948,3.8125
1949,3.8127
1950,3.813
1951,3.8131
1952,3.8133
1953,3.8135
1954,3.8136
1955,3.8138
1956,3.8141
1957,3.8143
1958,3.8144
1959,3.8146
1960,3.8147
1961,3.8149
1962,3.8152
1963,3.8154
1964,3.8155
1965,3.8157
1966,3.8158
1967,3.816
1968,3.8163
1969,3.8165
1970,3.8166
1971,3.8168
1972,3.817
1973,3.8173
1974,3.8174
1975,3.8176
1976,3.8177
1977,3.8179
1978,3.8182
1979,3.8184
1980,3.8185
1981,3.8187
1982,3.8189
1983,3.8192
1984,3.8193
1985,3.8195
1986,3.8197
1987,3.8198
1988,3.8201
1989,3.8203
1990,3.8204
1991,3.8206
1992,3.8209
1993,3.8211
1994,3.8212
1995,3.8214
1996,3.8216
1997,3.8219
1998,3.822
1999,3.8222
2000,3.8224
2001,3.8227
2002,3.8228
2003,3.823
2004,3.8231
2005,3.8233
2006,3.8236
2007,3.8238
2008,3.8239
2009,3.8243
2010,3.8244
2011,3.8246
2012,3.8247
2013,3.8251
2014,3.8252
2015,3.8254
2016,3.8255
2017,3.8258
2018,3.826
2019,3.8262
2020,3.8263
2021,3.8266
2022,3.8268
2023,3.827
2024,3.8273
2025,3.8274
2026,3.8276
2027,3.8278
2028,3.8281
2029,3.8282
2030,3.8284
2031,3.8287
2032,3.8289
2033,3.829
2034,3.8293
2035,3.8295
2036,3.8297
2037,3.8298
2038,3.8301
2039,3.8303
2040,3.8305
2041,3.8308
2042,3.8309
2043,3.8311
2044,3.8314
2045,3.8316
2046,3.8317
2047,3.8319
2048,3.8322
2049,3.8324
2050,3.8325
2051,3.8328
2052,3.833
2053,3.8332
2054,3.8335
2055,3.8336
2056,3.8338
2057,3.8341
2058,3.8343
2059,3.8344
2060,3.8347
2061,3.8349
2062,3.8352
2063,3.8354
2064,3.8355
2065,3.8359
2066,3.836
2067,3.8362
2068,3.8365
2069,3.8366
2070,3.8368
2071,3.8371
2072,3.8373
2073,3.8374
2074,3.8378
2075,3.8379
2076,3.8382
2077,3.8384
2078,3.8386
2079,3.8389
2080,3.839
2081,3.8392
2082,3.8395
2083,3.8397
2084,3.8398
2085,3.8401
2086,3.8403
2087,3.8406
2088,3.8408
2089,3.8411
2090,3.8413
2091,3.8414
2092,3.8417
2093,3.8419
2094,3.8421
2095,3.8424
2096,3.8425
2097,3.8428
2098,3.843
2099,3.8433
2100,3.8435
2101,3.8436
2102,3.844
2103,3.8441
2104,3.8444
2105,3.8446
2106,3.8449
2107,3.8451
2108,3.8454
2109,3.8455
2110,3.8457
2111,3.846
2112,3.8462
2113,3.8465
2114,3.8467
2115,3.8468
2116,3.8471
2117,3.8473
2118,3.8476
2119,3.8478
2120,3.8481
2121,3.8482
2122,3.8486
2123,3.8487
2124,3.8489
2125,3.8492
2126,3.8494
2127,3.8497
2128,3.8498
2129,3.8502
2130,3.8503
2131,3.8506
2132,3.8508
2133,3.8511
2134,3.8513
2135,3.8516
2136,3.8517
2137,3.8519
2138,3.8522
2139,3.8524
2140,3.8527
2141,3.8529
2142,3.8532
2143,3.8533
2144,3.8536
2145,3.8538
2146,3.8541
2147,3.8543
2148,3.8546
2149,3.8548
2150,3.8551
2151,3.8552
2152,3.8556
2153,3.8557
2154,3.856
2155,3.8562
2156,3.8565
2157,3.8567
2158,3.857
2159,3.8571
2160,3.8575
2161,3.8576
2162,3.8579
2163,3.8581
2164,3.8584
2165,3.8586
2166,3.8589
2167,3.859
2168,3.8594
2169,3.8595
2170,3.8598
2171,3.86
2172,3.8603
2173,3.8605
2174,3.8608
2175,3.861
2176,3.8613
2177,3.8614
2178,3.8617
2179,3.8619
2180,3.8622
2181,3.8624
2182,3.8627
2183,3.8629
2184,3.8632
2185,3.8633
2186,3.8637
2187,3.8638
2188,3.8641
2189,3.8643
2190,3.8646
2191,3.8648
2192,3.8651
2193,3.8652
2194,3.8656
2195,3.8657
2196,3.866
2197,3.8662
2198,3.8665
2199,3.8668
2200,3.867
2201,3.8673
2202,3.8675
2203,3.8678
2204,3.8679
2205,3.8683
2206,3.8684
2207,3.8687
2208,3.8689
2209,3.8692
2210,3.8694
2211,3.8697
2212,3.8699
2213,3.8702
2214,3.8703
2215,3.8706
2216,3.8708
2217,3.8711
2218,3.8713
2219,3.8716
2220,3.8718
2221,3.8721
2222,3.8722
2223,3.8726
2224,3.8729
2225,3.873
2226,3.8733
2227,3.8735
2228,3.8738
2229,3.874
2230,3.8743
2231,3.8745
2232,3.8748
2233,3.8749
2234,3.8753
2235,3.8754
2236,3.8757
2237,3.8759
2238,3.8762
2239,3.8764
2240,3.8767
2241,3.8768
2242,3.8772
2243,3.8773
2244,3.8776
2245,3.8778
2246,3.8781
2247,3.8783
2248,3.8786
2249,3.8787
2250,3.8791
2251,3.8792
2252,3.8795
2253,3.8797
2254,3.88
2255,3.8803
2256,3.8805
2257,3.8807
2258,3.881
2259,3.8813
2260,3.8814
2261,3.8816
2262,3.8819
2263,3.8822
2264,3.8824
2265,3.8827
2266,3.8829
2267,3.8832
2268,3.8834
2269,3.8837
2270,3.8838
2271,3.8841
2272,3.8843
2273,3.8846
2274,3.8848
2275,3.8851
2276,3.8853
2277,3.8856
2278,3.8857
2279,3.8861
2280,3.8862
2281,3.8864
2282,3.8867
2283,3.8868
2284,3.8872
2285,3.8875
2286,3.8876
2287,3.8878
2288,3.8881
2289,3.8883
2290,3.8886
2291,3.8888
2292,3.8891
2293,3.8892
2294,3.8895
2295,3.8897
2296,3.89
2297,3.8902
2298,3.8905
2299,3.8907
2300,3.891
2301,3.8911
2302,3.8915
2303,3.8916
2304,3.8919
2305,3.8921
2306,3.8924
2307,3.8926
2308,3.8929
2309,3.893
2310,3.8934
2311,3.8935
2312,3.8938
2313,3.894
2314,3.8943
2315,3.8945
2316,3.8946
2317,3.895
2318,3.8953
2319,3.8954
2320,3.8956
2321,3.8959
2322,3.8961
2323,3.8964
2324,3.8965
2325,3.8969
2326,3.897
2327,3.8973
2328,3.8975
2329,3.8978
2330,3.898
2331,3.8981
2332,3.8984
2333,3.8988
2334,3.8989
2335,3.8991
2336,3.8994
2337,3.8996
2338,3.8999
2339,3.9
2340,3.9004
2341,3.9005
2342,3.9008
2343,3.901
2344,3.9013
2345,3.9015
2346,3.9016
2347,3.9019
2348,3.9021
2349,3.9024
2350,3.9026
2351,3.9029
2352,3.9031
2353,3.9034
2354,3.9035
2355,3.9038
2356,3.904
2357,3.9042
2358,3.9045
2359,3.9046
2360,3.905
2361,3.9051
2362,3.9054
2363,3.9056
2364,3.9059
2365,3.9061
2366,3.9064
2367,3.9065
2368,3.9069
2369,3.907
2370,3.9073
2371,3.9075
2372,3.9077
2373,3.908
2374,3.9081
2375,3.9085
2376,3.9086
2377,3.9089
2378,3.9091
2379,3.9094
2380,3.9096
2381,3.9099
2382,3.91
2383,3.9102
2384,3.9105
2385,3.9107
2386,3.911
2387,3.9112
2388,3.9115
2389,3.9116
2390,3.9119
2391,3.9121
2392,3.9124
2393,3.9126
2394,3.9129
2395,3.9131
2396,3.9134
2397,3.9135
2398,3.9139
2399,3.914
2400,3.9143
2401,3.9145
2402,3.9148
2403,3.915
2404,3.9153
2405,3.9154
2406,3.9156
2407,3.9159
2408,3.9161
2409,3.9164
2410,3.9166
2411,3.9169
2412,3.917
2413,3.9174
2414,3.9175
2415,3.9178
2416,3.918
2417,3.9183
2418,3.9185
2419,3.9188
2420,3.9189
2421,3.9193
2422,3.9194
2423,3.9197
2424,3.9199
2425,3.9202
2426,3.9204
2427,3.9207
2428,3.9208
2429,3.9212
2430,3.9213
2431,3.9215
2432,3.9218
2433,3.9221
2434,3.9223
2435,3.9226
2436,3.9228
2437,3.9231
2438,3.9232
2439,3.9235
2440,3.9237
2441,3.924
2442,3.9242
2443,3.9245
2444,3.9247
2445,3.925
2446,3.9251
2447,3.9255
2448,3.9256
2449,3.9259
2450,3.9261
2451,3.9264
2452,3.9266
2453,3.9269
2454,3.9272
2455,3.9274
2456,3.9275
2457,3.9278
2458,3.9282
2459,3.9283
2460,3.9286
2461,3.9288
2462,3.9291
2463,3.9293
2464,3.9296
2465,3.9297
2466,3.9301
2467,3.9304
2468,3.9305
2469,3.9309
2470,3.931
2471,3.9313
2472,3.9315
2473,3.9318
2474,3.932
2475,3.9323
2476,3.9326
2477,3.9328
2478,3.9331
2479,3.9332
2480,3.9336
2481,3.9339
2482,3.934
2483,3.9343
2484,3.9345
2485,3.9348
2486,3.935
2487,3.9353
2488,3.9356
2489,3.9358
2490,3.9361
2491,3.9363
2492,3.9366
2493,3.9369
2494,3.937
2495,3.9374
2496,3.9375
2497,3.9378
2498,3.938
2499,3.9383
2500,3.9386
2501,3.9388
2502,3.9391
2503,3.9394
2504,3.9396
2505,3.9399
2506,3.9401
2507,3.9404
2508,3.9407
2509,3.9409
2510,3.9412
2511,3.9415
2512,3.9417
2513,3.942
2514,3.9421
2515,3.9424
2516,3.9428
2517,3.9429
2518,3.9432
2519,3.9436
2520,3.9437
2521,3.944
2522,3.9444
2523,3.9445
2524,3.9448
2525,3.945
2526,3.9453
2527,3.9456
2528,3.9458
2529,3.9461
2530,3.9463
2531,3.9466
2532,3.9469
2533,3.9472
2534,3.9474
2535,3.9477
2536,3.948
2537,3.9482
2538,3.9485
2539,3.9488
2540,3.949
2541,3.9493
2542,3.9496
2543,3.9498
2544,3.9501
2545,3.9504
2546,3.9506
2547,3.9509
2548,3.9512
2549,3.9513
2550,3.9517
2551,3.952
2552,3.9521
2553,3.9525
2554,3.9528
2555,3.9531
2556,3.9533
2557,3.9536
2558,3.9539
2559,3.954
2560,3.9544
2561,3.9547
2562,3.9548
2563,3.9552
2564,3.9555
2565,3.9556
2566,3.956
2567,3.9563
2568,3.9566
2569,3.9567
2570,3.9571
2571,3.9574
2572,3.9575
2573,3.9579
2574,3.9582
2575,3.9583
2576,3.9587
2577,3.959
2578,3.9593
2579,3.9594
2580,3.9598
2581,3.9601
2582,3.9604
2583,3.9606
2584,3.9609
2585,3.9612
2586,3.9614
2587,3.9617
2588,3.962
2589,3.9623
2590,3.9625
2591,3.9628
2592,3.9631
2593,3.9633
2594,3.9636
2595,3.9639
2596,3.9642
2597,3.9644
2598,3.9647
2599,3.965
2600,3.9653
2601,3.9655
2602,3.9658
2603,3.9661
2604,3.9663
2605,3.9666
2606,3.9669
2607,3.9672
2608,3.9674
2609,3.9677
2610,3.968
2611,3.9682
2612,3.9685
2613,3.9688
2614,3.9691
2615,3.9693
2616,3.9696
2617,3.9699
2618,3.9703
2619,3.9704
2620,3.9707
2621,3.971
2622,3.9712
2623,3.9715
2624,3.9718
2625,3.972
2626,3.9723
2627,3.9726
2628,3.973
2629,3.9731
2630,3.9734
2631,3.9737
2632,3.9739
2633,3.9742
2634,3.9745
2635,3.9747
2636,3.975
2637,3.9753
2638,3.9757
2639,3.9758
2640,3.9761
2641,3.9764
2642,3.9766
2643,3.9769
2644,3.9772
2645,3.9774
2646,3.9777
2647,3.978
2648,3.9782
2649,3.9785
2650,3.9788
2651,3.979
2652,3.9793
2653,3.9796
2654,3.9798
2655,3.9801
2656,3.9804
2657,3.9806
2658,3.9809
2659,3.9812
2660,3.9814
2661,3.9817
2662,3.982
2663,3.9822
2664,3.9825
2665,3.9828
2666,3.983
2667,3.9833
2668,3.9834
2669,3.9838
2670,3.9841
2671,3.9842
2672,3.9845
2673,3.9847
2674,3.985
2675,3.9853
2676,3.9855
2677,3.9858
2678,3.986
2679,3.9863
2680,3.9866
2681,3.9868
2682,3.9871
2683,3.9872
2684,3.9876
2685,3.9879
2686,3.988
2687,3.9884
2688,3.9885
2689,3.9888
2690,3.989
2691,3.9893
2692,3.9896
2693,3.9898
2694,3.9901
2695,3.9903
2696,3.9906
2697,3.9907
2698,3.9911
2699,3.9912
2700,3.9915
2701,3.9917
2702,3.992
2703,3.9922
2704,3.9925
2705,3.9927
2706,3.993
2707,3.9931
2708,3.9934
2709,3.9936
2710,3.9939
2711,3.9941
2712,3.9944
2713,3.9946
2714,3.9949
2715,3.995
2716,3.9954
2717,3.9955
2718,3.9958
2719,3.996
2720,3.9963
2721,3.9965
2722,3.9968
2723,3.9969
2724,3.9971
2725,3.9974
2726,3.9976
2727,3.9979
2728,3.9981
2729,3.9982
2730,3.9985
2731,3.9987
2732,3.999
2733,3.9992
2734,3.9995
2735,3.9996
2736,3.9998
2737,4.0001
2738,4.0003
2739,4.0004
2740,4.0008
2741,4.0009
2742,4.0012
2743,4.0014
2744,4.0015
2745,4.0017
2746,4.002
2747,4.0022
2748,4.0025
2749,4.0027
2750,4.0028
2751,4.0031
2752,4.0033
2753,4.0035
2754,4.0038
2755,4.0039
2756,4.0041
2757,4.0042
2758,4.0046
2759,4.0047
2760,4.0049
2761,4.0052
2762,4.0054
2763,4.0055
2764,4.0057
2765,4.006
2766,4.0062
2767,4.0063
2768,4.0065
2769,4.0068
2770,4.0069
2771,4.0071
2772,4.0074
2773,4.0076
2774,4.0077
2775,4.0079
2776,4.0081
2777,4.0084
2778,4.0085
2779,4.0087
2780,4.0089
2781,4.009
2782,4.0093
2783,4.0095
2784,4.0096
2785,4.0098
2786,4.01
2787,4.0103
2788,4.0104
2789,4.0106
2790,4.0108
2791,4.0109
2792,4.0112
2793,4.0114
2794,4.0116
2795,4.0117
2796,4.0119
2797,4.012
2798,4.0123
2799,4.0125
2800,4.0127
2801,4.0128
2802,4.013
2803,4.0131
2804,4.0133
2805,4.0135
2806,4.0138
2807,4.0139
2808,4.0141
2809,4.0143
2810,4.0144
2811,4.0146
2812,4.0147
2813,4.0149
2814,4.0152
2815,4.0154
2816,4.0155
2817,4.0157
2818,4.0158
2819,4.016
2820,4.0162
2821,4.0163
2822,4.0165
2823,4.0166
2824,4.0168
2825,4.017
2826,4.0173
2827,4.0174
2828,4.0176
2829,4.0178
2830,4.0179
2831,4.0181
2832,4.0182
2833,4.0184
2834,4.0185
2835,4.0187
2836,4.0189
2837,4.019
2838,4.0192
2839,4.0193
2840,4.0195
2841,4.0197
2842,4.0198
2843,4.02
2844,4.0201
2845,4.0203
2846,4.0206
2847,4.0208
2848,4.0209
2849,4.0211
2850,4.0212
2851,4.0214
2852,4.0216
2853,4.0217
2854,4.0219
2855,4.022
2856,4.0222
2857,4.0224
2858,4.0225
2859,4.0227
2860,4.0228
2861,4.023
2862,4.0232
2863,4.0233
2864,4.0235
2865,4.0236
2866,4.0238
2867,4.0239
2868,4.0241
2869,4.0243
2870,4.0244
2871,4.0246
2872,4.0247
2873,4.0249
2874,4.0251
2875,4.0252
2876,4.0254
2877,4.0255
2878,4.0257
2879,4.0259
2880,4.026
2881,4.0262
2882,4.0263
2883,4.0265
2884,4.0266
2885,4.0268
2886,4.027
2887,4.0271
2888,4.0273
2889,4.0274
2890,4.0276
2891,4.0278
2892,4.0279
2893,4.0281
2894,4.0282
2895,4.0284
2896,4.0286
2897,4.0287
2898,4.0289
2899,4.029
2900,4.0292
2901,4.0293
2902,4.0295
2903,4.0297
2904,4.0298
2905,4.03
2906,4.0301
2907,4.0303
2908,4.0305
2909,4.0306
2910,4.0308
2911,4.0309
2912,4.0311
2913,4.0313
2914,4.0316
2915,4.0316
2916,4.0319
2917,4.032
2918,4.0322
2919,4.0324
2920,4.0325
2921,4.0327
2922,4.0328
2923,4.033
2924,4.0332
2925,4.0333
2926,4.0335
2927,4.0336
2928,4.0338
2929,4.034
2930,4.0341
2931,4.0343
2932,4.0344
2933,4.0346
2934,4.0347
2935,4.0351
2936,4.0352
2937,4.0354
2938,4.0355
2939,4.0357
2940,4.0359
2941,4.036
2942,4.0362
2943,4.0363
2944,4.0365
2945,4.0367
2946,4.0368
2947,4.0371
2948,4.0373
2949,4.0374
2950,4.0376
2951,4.0378
2952,4.0379
2953,4.0381
2954,4.0382
2955,4.0386
2956,4.0387
2957,4.0389
2958,4.039
2959,4.0392
2960,4.0394
2961,4.0395
2962,4.0398
2963,4.04
2964,4.0401
2965,4.0403
2966,4.0405
2967,4.0406
2968,4.0409
2969,4.0411
2970,4.0413
2971,4.0414
2972,4.0416
2973,4.0419
2974,4.0421
2975,4.0422
2976,4.0424
2977,4.0425
2978,4.0429
2979,4.043
2980,4.0432
2981,4.0433
2982,4.0436
2983,4.0438
2984,4.044
2985,4.0441
2986,4.0444
2987,4.0446
2988,4.0448
2989,4.0449
2990,4.0452
2991,4.0454
2992,4.0456
2993,4.0459
2994,4.046
2995,4.0462
2996,4.0465
2997,4.0467
2998,4.0468
2999,4.0471
3000,4.0473
3001,4.0475
3002,4.0478
3003,4.0479
3004,4.0481
3005,4.0484
3006,4.0486
3007,4.0487
3008,4.049
3009,4.0492
3010,4.0495
3011,4.0497
3012,4.0498
3013,4.0502
3014,4.0503
3015,4.0506
3016,4.0508
3017,4.051
3018,4.0513
3019,4.0514
3020,4.0517
3021,4.0519
3022,4.0522
3023,4.0524
3024,4.0527
3025,4.0529
3026,4.0532
3027,4.0533
3028,4.0537
3029,4.0538
3030,4.0541
3031,4.0543
3032,4.0546
3033,4.0548
3034,4.0551
3035,4.0554
3036,4.0556
3037,4.0559
3038,4.056
3039,4.0564
3040,4.0565
3041,4.0568
3042,4.057
3043,4.0573
3044,4.0576
3045,4.0578
3046,4.0581
3047,4.0584
3048,4.0586
3049,4.0589
3050,4.0592
3051,4.0594
3052,4.0597
3053,4.0598
3054,4.0602
3055,4.0605
3056,4.0608
3057,4.061
3058,4.0613
3059,4.0616
3060,4.0618
3061,4.0621
3062,4.0624
3063,4.0625
3064,4.0629
3065,4.0632
3066,4.0635
3067,4.0637
3068,4.064
3069,4.0643
3070,4.0646
3071,4.0648
3072,4.0651
3073,4.0654
3074,4.0657
3075,4.0659
3076,4.0662
3077,4.0665
3078,4.0668
3079,4.0672
3080,4.0673
3081,4.0676
3082,4.0679
3083,4.0683
3084,4.0686
3085,4.0687
3086,4.0691
3087,4.0694
3088,4.0697
3089,4.07
3090,4.0703
3091,4.0705
3092,4.0708
3093,4.0711
3094,4.0714
3095,4.0718
3096,4.0721
3097,4.0724
3098,4.0726
3099,4.0729
3100,4.0732
3101,4.0735
3102,4.0738
3103,4.0741
3104,4.0745
3105,4.0748
3106,4.0751
3107,4.0754
3108,4.0756
3109,4.0759
3110,4.0762
3111,4.0765
3112,4.0768
3113,4.0772
3114,4.0775
3115,4.0778
3116,4.0781
3117,4.0784
3118,4.0788
3119,4.0791
3120,4.0792
3121,4.0795
3122,4.0799
3123,4.0802
3124,4.0805
3125,4.0808
3126,4.0811
3127,4.0815
3128,4.0818
3129,4.0821
3130,4.0824
3131,4.0827
3132,4.083
3133,4.0834
3134,4.0837
3135,4.084
3136,4.0843
3137,4.0846
3138,4.0848
3139,4.0851
3140,4.0854
3141,4.0857
3142,4.0861
3143,4.0864
3144,4.0867
3145,4.087
3146,4.0873
3147,4.0876
3148,4.088
3149,4.0883
3150,4.0886
3151,4.0889
3152,4.0892
3153,4.0896
3154,4.0899
3155,4.0902
3156,4.0905
3157,4.0908
3158,4.0911
3159,4.0915
3160,4.0918
3161,4.0921
3162,4.0923
3163,4.0927
3164,4.0929
3165,4.0932
3166,4.0935
3167,4.0938
3168,4.0942
3169,4.0945
3170,4.0948
3171,4.0951
3172,4.0954
3173,4.0958
3174,4.0961
3175,4.0964
3176,4.0967
3177,4.097
3178,4.0973
3179,4.0977
3180,4.0978
3181,4.0981
3182,4.0985
3183,4.0988
3184,4.0991
3185,4.0994
3186,4.0997
3187,4.1
3188,4.1004
3189,4.1007
3190,4.101
3191,4.1013
3192,4.1016
3193,4.1018
3194,4.1021
3195,4.1024
3196,4.1027
3197,4.1031
3198,4.1034
3199,4.1037
3200,4.104
3201,4.1043
3202,4.1045
3203,4.1048
3204,4.1051
3205,4.1054
3206,4.1058
3207,4.1061
3208,4.1064
3209,4.1066
3210,4.1069
3211,4.1072
3212,4.1075
3213,4.1078
3214,4.1081
3215,4.1085
3216,4.1086
3217,4.1089
3218,4.1093
3219,4.1096
3220,4.1099
3221,4.11
3222,4.1104
3223,4.1107
3224,4.111
3225,4.1113
3226,4.1115
3227,4.1118
3228,4.1121
3229,4.1124
3230,4.1127
3231,4.1129
3232,4.1132
3233,4.1135
3234,4.1139
3235,4.114
3236,4.1143
3237,4.1147
3238,4.115
3239,4.1151
3240,4.1154
3241,4.1158
3242,4.1161
3243,4.1162
3244,4.1166
3245,4.1169
3246,4.1172
3247,4.1174
3248,4.1177
3249,4.118
3250,4.1182
3251,4.1185
3252,4.1188
3253,4.1189
3254,4.1193
3255,4.1196
3256,4.1197
3257,4.1201
3258,4.1204
3259,4.1205
3260,4.1209
3261,4.1212
3262,4.1213
3263,4.1216
3264,4.122
3265,4.1221
3266,4.1224
3267,4.1226
3268,4.1229
3269,4.1232
3270,4.1234
3271,4.1237
3272,4.124
3273,4.1242
3274,4.1245
3275,4.1247
3276,4.125
3277,4.1251
3278,4.1255
3279,4.1256
3280,4.1259
3281,4.1263
3282,4.1264
3283,4.1267
3284,4.1269
3285,4.1272
3286,4.1274
3287,4.1277
3288,4.1278
3289,4.1282
3290,4.1283
3291,4.1286
3292,4.1288
3293,4.1291
3294,4.1293
3295,4.1296
3296,4.1297
3297,4.1301
3298,4.1302
3299,4.1304
3300,4.1307
3301,4.1309
3302,4.1312
3303,4.1313
3304,4.1317
3305,4.1318
3306,4.132
3307,4.1323
3308,4.1324
3309,4.1328
3310,4.1329
3311,4.1331
3312,4.1334
3313,4.1336
3314,4.1339
3315,4.134
3316,4.1342
3317,4.1345
3318,4.1347
3319,4.1348
3320,4.1351
3321,4.1353
3322,4.1355
3323,4.1358
3324,4.1359
3325,4.1361
3326,4.1364
3327,4.1366
3328,4.1367
3329,4.1371
3330,4.1372
3331,4.1374
3332,4.1375
3333,4.1378
3334,4.138
3335,4.1382
3336,4.1385
3337,4.1386
3338,4.1388
3339,4.139
3340,4.1393
3341,4.1394
3342,4.1396
3343,4.1398
3344,4.1399
3345,4.1402
3346,4.1404
3347,4.1405
3348,4.1407
3349,4.1409
3350,4.141
3351,4.1413
3352,4.1415
3353,4.1417
3354,4.1418
3355,4.142
3356,4.1423
3357,4.1425
3358,4.1426
3359,4.1428
3360,4.1429
3361,4.1431
3362,4.1433
3363,4.1434
3364,4.1437
3365,4.1439
3366,4.144
3367,4.1442
3368,4.1444
3369,4.1445
3370,4.1447
3371,4.1448
3372,4.145
3373,4.1452
3374,4.1453
3375,4.1455
3376,4.1456
3377,4.146
3378,4.1461
3379,4.1463
3380,4.1464
3381,4.1466
3382,4.1467
3383,4.1469
3384,4.1471
3385,4.1471
3386,4.1474
3387,4.1474
3388,4.1477
3389,4.1479
3390,4.1479
3391,4.1482
3392,4.1482
3393,4.1483
3394,4.1485
3395,4.1487
3396,4.1488
3397,4.149
3398,4.1491
3399,4.1493
3400,4.1494
3401,4.1496
3402,4.1498
3403,4.1499
3404,4.1501
3405,4.1502
3406,4.1502
3407,4.1504
3408,4.1506
3409,4.1507
3410,4.1509
3411,4.151
3412,4.1512
3413,4.1514
3414,4.1515
3415,4.1515
3416,4.1517
3417,4.1518
3418,4.152
3419,4.1521
3420,4.1523
3421,4.1523
3422,4.1525
3423,4.1526
3424,4.1528
3425,4.1529
3426,4.1529
3427,4.1531
3428,4.1533
3429,4.1534
3430,4.1536
3431,4.1536
3432,4.1537
3433,4.1539
3434,4.1541
3435,4.1542
3436,4.1542
3437,4.1544
3438,4.1545
3439,4.1547
3440,4.1547
3441,4.1548
3442,4.155
3443,4.155
3444,4.1552
3445,4.1553
3446,4.1555
3447,4.1555
3448,4.1556
3449,4.1558
3450,4.156
3451,4.156
3452,4.1561
3453,4.1563
3454,4.1563
3455,4.1564
3456,4.1566
3457,4.1566
3458,4.1568
3459,4.1569
3460,4.1569
3461,4.1571
3462,4.1572
3463,4.1572
3464,4.1574
3465,4.1575
3466,4.1575
3467,4.1577
3468,4.1579
3469,4.1579
3470,4.158
3471,4.158
3472,4.1582
3473,4.1583
3474,4.1583
3475,4.1585
3476,4.1585
3477,4.1587
3478,4.1588
3479,4.1588
3480,4.159
3481,4.1591
3482,4.1591
3483,4.1593
3484,4.1593
3485,4.1595
3486,4.1595
3487,4.1596
3488,4.1598
3489,4.1598
3490,4.1599
3491,4.1599
3492,4.1601
3493,4.1601
3494,4.1602
3495,4.1604
3496,4.1604
3497,4.1606
3498,4.1606
3499,4.1607
3500,4.1607
3501,4.1609
3502,4.1609
3503,4.161
3504,4.1612
3505,4.1612
3506,4.1614
3507,4.1614
3508,4.1615
3509,4.1615
3510,4.1617
3511,4.1617
3512,4.1618
3513,4.1618
3514,4.162
3515,4.162
3516,4.1622
3517,4.1622
3518,4.1623
3519,4.1623
3520,4.1625
3521,4.1625
3522,4.1626
3523,4.1626
3524,4.1628
3525,4.1628
3526,4.1629
3527,4.1631
3528,4.1631
3529,4.1631
3530,4.1633
3531,4.1633
3532,4.1634
3533,4.1634
3534,4.1636
3535,4.1637
3536,4.1637
3537,4.1639
3538,4.1639
3539,4.1641
3540,4.1641
3541,4.1642
3542,4.1642
3543,4.1644
3544,4.1644
3545,4.1645
3546,4.1645
3547,4.1647
3548,4.1647
3549,4.1649
3550,4.1649
3551,4.165
3552,4.165
3553,4.1652
3554,4.1652
3555,4.1653
3556,4.1653
3557,4.1655
3558,4.1655
3559,4.1656
3560,4.1656
3561,4.1658
3562,4.1658
3563,4.166
3564,4.166
3565,4.1661
3566,4.1661
3567,4.1663
3568,4.1663
3569,4.1664
3570,4.1664
3571,4.1666
3572,4.1666
3573,4.1668
3574,4.1668
3575,4.1669
3576,4.1669
3577,4.1671
3578,4.1672
3579,4.1672
3580,4.1674
3581,4.1674
3582,4.1676
3583,4.1676
3584,4.1677
3585,4.1677
3586,4.1679
3587,4.1679
3588,4.168
3589,4.1682
3590,4.1682
3591,4.1684
3592,4.1684
3593,4.1685
3594,4.1685
3595,4.1687
3596,4.1687
3597,4.1688
3598,4.169
3599,4.169
3600,4.1691
3601,4.1691
3602,4.1693
3603,4.1693
3604,4.1695
3605,4.1696
3606,4.1696
3607,4.1698
3608,4.1698
3609,4.1699
3610,4.1699
3611,4.1701
3612,4.1703
3613,4.1703
3614,4.1704
3615,4.1704
3616,4.1706
3617,4.1707
3618,4.1707
3619,4.1709
3620,4.1709
3621,4.1711
3622,4.1712
3623,4.1712
3624,4.1714
3625,4.1715
3626,4.1715
3627,4.1717
3628,4.1717
3629,4.1718
3630,4.172
3631,4.172
3632,4.1722
3633,4.1723
3634,4.1723
3635,4.1725
3636,4.1726
3637,4.1726
3638,4.1728
3639,4.173
3640,4.173
3641,4.1731
3642,4.1733
3643,4.1733
3644,4.1734
3645,4.1736
3646,4.1738
3647,4.1738
3648,4.1739
3649,4.1741
3650,4.1741
3651,4.1742
3652,4.1744
3653,4.1745
3654,4.1745
3655,4.1747
3656,4.1749
3657,4.175
3658,4.175
3659,4.1752
3660,4.1753
3661,4.1755
3662,4.1755
3663,4.1757
3664,4.1758
3665,4.176
3666,4.176
3667,4.1761
3668,4.1763
3669,4.1765
3670,4.1766
3671,4.1766
3672,4.1768
3673,4.1769
3674,4.1771
3675,4.1772
3676,4.1774
3677,4.1774
3678,4.1776
3679,4.1777
3680,4.1779
3681,4.178
3682,4.1782
3683,4.1784
3684,4.1784
3685,4.1787
3686,4.1787
3687,4.1788
3688,4.179
3689,4.1792
3690,4.1793
3691,4.1795
3692,4.1796
3693,4.1798
3694,4.1799
3695,4.1801
3696,4.1803
3697,4.1804
3698,4.1806
3699,4.1807
3700,4.1809
3701,4.1811
3702,4.1812
3703,4.1814
3704,4.1815
3705,4.1817
3706,4.1819
3707,4.182
3708,4.1822
3709,4.1823
3710,4.1825
3711,4.1826
3712,4.1828
3713,4.183
3714,4.1831
3715,4.1833
3716,4.1834
3717,4.1838
3718,4.1839
3719,4.1841
3720,4.1842
3721,4.1844
3722,4.1846
3723,4.1849
3724,4.185
3725,4.1852
3726,4.1853
3727,4.1855
3728,4.1858
3729,4.186
3730,4.1861
3731,4.1865
3732,4.1866
3733,4.1868
3734,4.1869
3735,4.1873
3736,4.1874
3737,4.1876
3738,4.1879
3739,4.188
3740,4.1882
3741,4.1885
3742,4.1887
3743,4.1888
3744,4.1892
3745,4.1893
3746,4.1896
3747,4.1898
3748,4.1901
3749,4.1903
3750,4.1906
3751,4.1907
3752,4.1911
3753,4.1912
3754,4.1915
3755,4.1917
3756,4.192
3757,4.1922
3758,4.1925
3759,4.1927
3760,4.193
3761,4.1933
3762,4.1934
3763,4.1938
3764,4.1941
3765,4.1942
3766,4.1946
3767,4.1949
3768,4.1952
3769,4.1954
3770,4.1957
3771,4.196
3772,4.1963
3773,4.1966
3774,4.1968
3775,4.1971
3776,4.1974
3777,4.1977
3778,4.1981
3779,4.1984
3780,4.1987
3781,4.199
3782,4.1993
3783,4.1996
3784,4.2
3785,4.2003
3786,4.2006
3787,4.2009
3788,4.2012
3789,4.2016
3790,4.202
3791,4.2023
3792,4.2027
3793,4.203
3794,4.2033
3795,4.2036
3796,4.2041
3797,4.2044
3798,4.2047
3799,4.2052
3800,4.2055
3801,4.2058
3802,4.2063
3803,4.2066
3804,4.2071
3805,4.2074
3806,4.2079
3807,4.2082
3808,4.2087
3809,4.209
3810,4.2095
3811,4.2098
3812,4.2103
3813,4.2108
3814,4.2112
3815,4.2116
3816,4.212
3817,4.2125
3818,4.213
3819,4.2133
3820,4.2138
3821,4.2143
3822,4.2147
3823,4.2152
3824,4.2157
3825,4.2162
3826,4.2166
3827,4.2171
3828,4.2176
3829,4.2181
3830,4.2187
3831,4.2192
3832,4.2197
3833,4.2201
3834,4.2206
3835,4.2213
3836,4.2217
3837,4.2222
3838,4.2227
3839,4.2233
3840,4.2238
3841,4.2244
3842,4.2249
3843,4.2255
3844,4.2262
3845,4.2267
3846,4.2273
3847,4.2278
3848,4.2284
3849,4.229
3850,4.2297
3851,4.2303
3852,4.2308
3853,4.2314
3854,4.2321
3855,4.2327
3856,4.2333
3857,4.234
3858,4.2346
3859,4.2352
3860,4.2359
3861,4.2367
3862,4.2373
3863,4.2379
3864,4.2386
3865,4.2394
3866,4.24
3867,4.2406
3868,4.2414
3869,4.2421
3870,4.2429
3871,4.2435
3872,4.2443
3873,4.2449
3874,4.2457
3875,4.2465
3876,4.2471
3877,4.2479
3878,4.2487
3879,4.2495
3880,4.2503
3881,4.2511
3882,4.2519
3883,4.2527
3884,4.2535
3885,4.2543
3886,4.2551
3887,4.2559
3888,4.2567
3889,4.2575
3890,4.2584
3891,4.2592
3892,4.26
3893,4.2608
3894,4.2618
3895,4.2626
3896,4.2635
3897,4.2643
3898,4.2653
3899,4.266
3900,4.267
3901,4.268
3902,4.2688
3903,4.2697
3904,4.2707
3905,4.2716
3906,4.2726
3907,4.2735
3908,4.2745
3909,4.2754
3910,4.2764
3911,4.2773
3912,4.2783
3913,4.2792
3914,4.2802
3915,4.2811
3916,4.2821
3917,4.2832
3918,4.2842
3919,4.2851
3920,4.2862
3921,4.2872
3922,4.2883
3923,4.2892
3924,4.2904
3925,4.2913
3926,4.2924
3927,4.2934
3928,4.2945
3929,4.2956
3930,4.2967
3931,4.2977
3932,4.2988
3933,4.2999
3934,4.3
3935,4.3002
3936,4.3
3937,4.3002
3938,4.3
3939,4.3
3940,4.3
3941,4.2977
3942,4.2958
3943,4.295
3944,4.2944
3945,4.2939
3946,4.2936
3947,4.2933
3948,4.293
3949,4.2926
3950,4.2925
3951,4.2922
3952,4.292
3953,4.2918
3954,4.2917
3955,4.2915
3956,4.2914
3957,4.2912
3958,4.291
3959,4.2909
3960,4.2907
3961,4.2907
3962,4.2906
3963,4.2904
3964,4.2903
3965,4.2903
3966,4.2901
3967,4.2901
3968,4.2899
3969,4.2899
3970,4.2898
3971,4.2896
3972,4.2896
3973,4.2895
3974,4.2895
3975,4.2895
3976,4.2893
3977,4.2891
3978,4.2891
3979,4.289
3980,4.289
3981,4.289
3982,4.2888
3983,4.2888
3984,4.2888
3985,4.2887
3986,4.2887
3987,4.2885
3988,4.2885
3989,4.2883
3990,4.2883
3991,4.2883
3992,4.2882
3993,4.2882
3994,4.2882
3995,4.288
3996,4.288
3997,4.288
3998,4.2879
3999,4.2879
4000,4.2879
4001,4.2877
4002,4.2877
4003,4.2877
4004,4.2876
4005,4.2876
4006,4.2876
4007,4.2874
4008,4.2874
4009,4.2874
4010,4.2872
4011,4.2872
4012,4.2872
4013,4.2872
4014,4.2871
4015,4.2871
4016,4.2871
4017,4.2871
4018,4.2869
4019,4.2869
4020,4.2869
4021,4.2868
4022,4.2868
4023,4.2868
4024,4.2868
4025,4.2866
4026,4.2866
4027,4.2866
4028,4.2864
4029,4.2864
4030,4.2864
4031,4.2864
4032,4.2864
4033,4.2863
4034,4.2863
4035,4.2863
4036,4.2863
4037,4.2861
4038,4.2861
4039,4.2861
4040,4.2861
4041,4.286
4042,4.286
4043,4.286
4044,4.286
4045,4.286
4046,4.2858
4047,4.2858
4048,4.2858
4049,4.2858
4050,4.2858
4051,4.2856
4052,4.2856
4053,4.2856
4054,4.2856
4055,4.2855
4056,4.2855
4057,4.2855
4058,4.2855
4059,4.2855
4060,4.2853
4061,4.2853
4062,4.2853
4063,4.2853
4064,4.2853
4065,4.2852
4066,4.2852
4067,4.2852
4068,4.2852
4069,4.2852
4070,4.285
4071,4.285
4072,4.285
4073,4.285
4074,4.285
4075,4.285
4076,4.285
4077,4.2849
4078,4.2849
4079,4.2849
4080,4.2849
4081,4.2849
4082,4.2847
4083,4.2847
4084,4.2847
4085,4.2847
4086,4.2847
4087,4.2847
4088,4.2845
4089,4.2845
4090,4.2845
4091,4.2845
4092,4.2845
4093,4.2845
4094,4.2844
4095,4.2844
4096,4.2844
4097,4.2844
4098,4.2844
4099,4.2842
4100,4.2842
4101,4.2842
4102,4.2842
4103,4.2842
4104,4.2842
4105,4.2842
4106,4.2841
4107,4.2841
4108,4.2841
4109,4.2841
4110,4.2841
4111,4.2839
4112,4.2839
4113,4.2839
4114,4.2839
4115,4.2839
4116,4.2839
4117,4.2839
4118,4.2837
4119,4.2837
4120,4.2837
4121,4.2837
4122,4.2785
4123,4.2742
4124,4.272
4125,4.2701
4126,4.2683
4127,4.2668
4128,4.2653
4129,4.2639
4130,4.2625
4131,4.2612
4132,4.2599
4133,4.2587
4134,4.2574
4135,4.2561
4136,4.255
4137,4.2539
4138,4.2526
4139,4.2515
4140,4.2504
4141,4.2493
4142,4.2483
4143,4.2472
4144,4.2461
4145,4.2452
4146,4.244
4147,4.2431
4148,4.242
4149,4.241
4150,4.2401
4151,4.2391
4152,4.2382
4153,4.2372
4154,4.2363
4155,4.2353
4156,4.2344
4157,4.2334
4158,4.2324
4159,4.2317
4160,4.2307
4161,4.2299
4162,4.229
4163,4.2282
4164,4.2272
4165,4.2264
4166,4.2256
4167,4.2247
4168,4.2239
4169,4.2231
4170,4.2223
4171,4.2215
4172,4.2207
4173,4.2199
4174,4.2191
4175,4.2183
4176,4.2175
4177,4.2169
4178,4.2161
4179,4.2153
4180,4.2147
4181,4.2139
4182,4.2132
4183,4.2124
4184,4.2118
4185,4.211
4186,4.2104
4187,4.2097
4188,4.2089
4189,4.2083
4190,4.2077
4191,4.207
4192,4.2064
4193,4.2058
4194,4.2051
4195,4.2045
4196,4.2039
4197,4.2032
4198,4.2026
4199,4.202
4200,4.2015
4201,4.2008
4202,4.2002
4203,4.1997
4204,4.1991
4205,4.1985
4206,4.198
4207,4.1974
4208,4.1969
4209,4.1964
4210,4.1958
4211,4.1953
4212,4.1948
4213,4.1942
4214,4.1937
4215,4.1932
4216,4.1927
4217,4.1923
4218,4.1916
4219,4.1912
4220,4.1907
4221,4.1902
4222,4.1897
4223,4.1893
4224,4.1888
4225,4.1883
4226,4.188
4227,4.1875
4228,4.187
4229,4.1866
4230,4.1862
4231,4.1858
4232,4.1853
4233,4.185
4234,4.1845
4235,4.184
4236,4.1837
4237,4.1832
4238,4.1829
4239,4.1824
4240,4.1821
4241,4.1816
4242,4.1813
4243,4.181
4244,4.1805
4245,4.1802
4246,4.1799
4247,4.1794
4248,4.1791
4249,4.1788
4250,4.1785
4251,4.1781
4252,4.1777
4253,4.1773
4254,4.177
4255,4.1767
4256,4.1764
4257,4.1761
4258,4.1758
4259,4.1754
4260,4.1751
4261,4.1748
4262,4.1745
4263,4.1742
4264,4.1738
4265,4.1735
4266,4.1734
4267,4.1731
4268,4.1727
4269,4.1724
4270,4.1721
4271,4.1719
4272,4.1716
4273,4.1713
4274,4.1711
4275,4.1708
4276,4.1705
4277,4.1702
4278,4.17
4279,4.1697
4280,4.1696
4281,4.1692
4282,4.1689
4283,4.1688
4284,4.1684
4285,4.1683
4286,4.168
4287,4.1678
4288,4.1675
4289,4.1673
4290,4.167
4291,4.1669
4292,4.1667
4293,4.1664
4294,4.1662
4295,4.1659
4296,4.1657
4297,4.1656
4298,4.1653
4299,4.1651
4300,4.165
4301,4.1648
4302,4.1645
4303,4.1643
4304,4.1642
4305,4.1638
4306,4.1637
4307,4.1635
4308,4.1634
4309,4.163
4310,4.1629
4311,4.1627
4312,4.1626
4313,4.1624
4314,4.1623
4315,4.1619
4316,4.1618
4317,4.1616
4318,4.1615
4319,4.1613
4320,4.1611
4321,4.161
4322,4.1608
4323,4.1607
4324,4.1605
4325,4.1603
4326,4.1602
4327,4.16
4328,4.1599
4329,4.1596
4330,4.1594
4331,4.1594
4332,4.1592
4333,4.1591
4334,4.1589
4335,4.1588
4336,4.1586
4337,4.1584
4338,4.1583
4339,4.1581
4340,4.158
4341,4.1578
4342,4.1576
4343,4.1575
4344,4.1573
4345,4.1573
4346,4.1572
4347,4.157
4348,4.1569
4349,4.1567
4350,4.1565
4351,4.1565
4352,4.1564
4353,4.1562
4354,4.1561
4355,4.1559
4356,4.1557
4357,4.1557
4358,4.1556
4359,4.1554
4360,4.1553
4361,4.1551
4362,4.1551
4363,4.1549
4364,4.1548
4365,4.1546
4366,4.1546
4367,4.1545
4368,4.1543
4369,4.1542
4370,4.1542
4371,4.154
4372,4.1538
4373,4.1537
4374,4.1537
4375,4.1535
4376,4.1534
4377,4.1534
4378,4.1532
4379,4.153
4380,4.153
4381,4.1529
4382,4.1527
4383,4.1527
4384,4.1526
4385,4.1524
4386,4.1524
4387,4.1522
4388,4.1521
4389,4.1521
4390,4.1519
4391,4.1519
4392,4.1518
4393,4.1516
4394,4.1516
4395,4.1515
4396,4.1513
4397,4.1513
4398,4.1511
4399,4.1511
4400,4.151
4401,4.151
4402,4.1508
4403,4.1507
4404,4.1507
4405,4.1505
4406,4.1505
4407,4.1503
4408,4.1503
4409,4.1502
4410,4.1502
4411,4.15
4412,4.1499
4413,4.1499
4414,4.1497
4415,4.1497
4416,4.1495
4417,4.1495
4418,4.1494
4419,4.1494
4420,4.1492
4421,4.1492
4422,4.1491
4423,4.1491
4424,4.1489
4425,4.1488
4426,4.1488
4427,4.1486
4428,4.1486
4429,4.1484
4430,4.1484
4431,4.1483
4432,4.1483
4433,4.1481
4434,4.1481
4435,4.148
4436,4.148
4437,4.1478
4438,4.1478
4439,4.1478
4440,4.1476
4441,4.1475
4442,4.1475
4443,4.1473
4444,4.1473
4445,4.1472
4446,4.1472
4447,4.1472
4448,4.147
4449,4.147
4450,4.1468
4451,4.1468
4452,4.1467
4453,4.1467
4454,4.1465
4455,4.1465
4456,4.1464
4457,4.1464
4458,4.1462
4459,4.1462
4460,4.1461
4461,4.1461
4462,4.1459
4463,4.1459
4464,4.1459
4465,4.1457
4466,4.1457
4467,4.1456
4468,4.1456
4469,4.1454
4470,4.1454
4471,4.1453
4472,4.1453
4473,4.1451
4474,4.1451
4475,4.1451
4476,4.1449
4477,4.1449
4478,4.1448
4479,4.1448
4480,4.1446
4481,4.1446
4482,4.1446
4483,4.1445
4484,4.1443
4485,4.1443
4486,4.1443
4487,4.1441
4488,4.1441
4489,4.144
4490,4.144
4491,4.1438
4492,4.1438
4493,4.1438
4494,4.1437
4495,4.1437
4496,4.1435
4497,4.1435
4498,4.1434
4499,4.1434
4500,4.1432
4501,4.1432
4502,4.1432
4503,4.143
4504,4.143
4505,4.1429
4506,4.1429
4507,4.1427
4508,4.1427
4509,4.1426
4510,4.1426
4511,4.1426
4512,4.1424
4513,4.1424
4514,4.1422
4515,4.1422
4516,4.1421
4517,4.1421
4518,4.1421
4519,4.1419
4520,4.1419
4521,4.1418
4522,4.1418
4523,4.1416
4524,4.1416
4525,4.1414
4526,4.1414
4527,4.1414
4528,4.1413
4529,4.1413
4530,4.1411
4531,4.1411
4532,4.141
4533,4.141
4534,4.1408
4535,4.1408
4536,4.1407
4537,4.1407
4538,4.1407
4539,4.1405
4540,4.1405
4541,4.1403
4542,4.1403
4543,4.1402
4544,4.1402
4545,4.14
4546,4.14
4547,4.14
4548,4.1399
4549,4.1397
4550,4.1397
4551,4.1397
4552,4.1395
4553,4.1395
4554,4.1394
4555,4.1394
4556,4.1392
4557,4.1392
4558,4.1391
4559,4.1391
4560,4.1389
4561,4.1389
4562,4.1387
4563,4.1387
4564,4.1386
4565,4.1386
4566,4.1384
4567,4.1384
4568,4.1383
4569,4.1383
4570,4.1381
4571,4.1381
4572,4.138
4573,4.138
4574,4.1378
4575,4.1378
4576,4.1376
4577,4.1376
4578,4.1375
4579,4.1375
4580,4.1373
4581,4.1373
4582,4.1372
4583,4.1372
4584,4.137
4585,4.137
4586,4.1368
4587,4.1367
4588,4.1367
4589,4.1365
4590,4.1365
4591,4.1364
4592,4.1364
4593,4.1362
4594,4.136
4595,4.136
4596,4.1359
4597,4.1359
4598,4.1357
4599,4.1356
4600,4.1356
4601,4.1354
4602,4.1354
4603,4.1353
4604,4.1353
4605,4.1351
4606,4.1349
4607,4.1349
4608,4.1348
4609,4.1346
4610,4.1346
4611,4.1345
4612,4.1345
4613,4.1343
4614,4.1341
4615,4.1341
4616,4.134
4617,4.1338
4618,4.1338
4619,4.1337
4620,4.1335
4621,4.1335
4622,4.1334
4623,4.1332
4624,4.1332
4625,4.133
4626,4.1329
4627,4.1329
4628,4.1327
4629,4.1326
4630,4.1326
4631,4.1324
4632,4.1322
4633,4.1321
4634,4.1321
4635,4.1319
4636,4.1318
4637,4.1316
4638,4.1316
4639,4.1314
4640,4.1313
4641,4.1313
4642,4.1311
4643,4.131
4644,4.1308
4645,4.1307
4646,4.1307
4647,4.1305
4648,4.1303
4649,4.1302
4650,4.13
4651,4.13
4652,4.1299
4653,4.1297
4654,4.1295
4655,4.1294
4656,4.1292
4657,4.1292
4658,4.1291
4659,4.1289
4660,4.1287
4661,4.1286
4662,4.1284
4663,4.1284
4664,4.1283
4665,4.1281
4666,4.128
4667,4.1278
4668,4.1276
4669,4.1275
4670,4.1273
4671,4.1272
4672,4.127
4673,4.1268
4674,4.1267
4675,4.1265
4676,4.1265
4677,4.1264
4678,4.1262
4679,4.126
4680,4.1259
4681,4.1257
4682,4.1256
4683,4.1254
4684,4.1253
4685,4.1251
4686,4.1249
4687,4.1248
4688,4.1246
4689,4.1245
4690,4.1241
4691,4.124
4692,4.1238
4693,4.1237
4694,4.1235
4695,4.1233
4696,4.1232
4697,4.123
4698,4.1229
4699,4.1227
4700,4.1226
4701,4.1224
4702,4.1221
4703,4.1219
4704,4.1218
4705,4.1216
4706,4.1214
4707,4.1213
4708,4.1211
4709,4.121
4710,4.1206
4711,4.1205
4712,4.1203
4713,4.1202
4714,4.12
4715,4.1197
4716,4.1195
4717,4.1194
4718,4.1192
4719,4.1191
4720,4.1187
4721,4.1186
4722,4.1184
4723,4.1183
4724,4.1179
4725,4.1178
4726,4.1176
4727,4.1173
4728,4.1172
4729,4.117
4730,4.1168
4731,4.1165
4732,4.1164
4733,4.1162
4734,4.1159
4735,4.1157
4736,4.1156
4737,4.1152
4738,4.1151
4739,4.1149
4740,4.1146
4741,4.1145
4742,4.1143
4743,4.114
4744,4.1138
4745,4.1135
4746,4.1133
4747,4.1132
4748,4.1129
4749,4.1127
4750,4.1124
4751,4.1122
4752,4.1121
4753,4.1118
4754,4.1116
4755,4.1113
4756,4.1111
4757,4.1108
4758,4.1106
4759,4.1103
4760,4.1102
4761,4.1098
4762,4.1097
4763,4.1095
4764,4.1092
4765,4.1091
4766,4.1087
4767,4.1084
4768,4.1083
4769,4.1079
4770,4.1078
4771,4.1075
4772,4.1073
4773,4.107
4774,4.1068
4775,4.1065
4776,4.1062
4777,4.106
4778,4.1057
4779,4.1056
4780,4.1052
4781,4.1049
4782,4.1048
4783,4.1044
4784,4.1043
4785,4.104
4786,4.1037
4787,4.1035
4788,4.1032
4789,4.1029
4790,4.1027
4791,4.1024
4792,4.1022
4793,4.1019
4794,4.1016
4795,4.1014
4796,4.1011
4797,4.1008
4798,4.1006
4799,4.1003
4800,4.1
4801,4.0997
4802,4.0995
4803,4.0992
4804,4.0989
4805,4.0987
4806,4.0984
4807,4.0981
4808,4.0978
4809,4.0975
4810,4.0973
4811,4.097
4812,4.0967
4813,4.0963
4814,4.0962
4815,4.0959
4816,4.0956
4817,4.0952
4818,4.0951
4819,4.0948
4820,4.0944
4821,4.0941
4822,4.0938
4823,4.0936
4824,4.0933
4825,4.093
4826,4.0927
4827,4.0924
4828,4.0921
4829,4.0917
4830,4.0916
4831,4.0913
4832,4.0909
4833,4.0906
4834,4.0903
4835,4.09
4836,4.0897
4837,4.0895
4838,4.0892
4839,4.0889
4840,4.0886
4841,4.0882
4842,4.0879
4843,4.0876
4844,4.0873
4845,4.087
4846,4.0868
4847,4.0865
4848,4.0862
4849,4.0859
4850,4.0855
4851,4.0852
4852,4.0849
4853,4.0846
4854,4.0843
4855,4.084
4856,4.0836
4857,4.0833
4858,4.083
4859,4.0827
4860,4.0825
4861,4.0822
4862,4.0819
4863,4.0816
4864,4.0813
4865,4.0809
4866,4.0806
4867,4.0803
4868,4.08
4869,4.0797
4870,4.0794
4871,4.079
4872,4.0787
4873,4.0784
4874,4.0781
4875,4.0778
4876,4.0774
4877,4.0771
4878,4.0768
4879,4.0765
4880,4.0762
4881,4.0759
4882,4.0755
4883,4.0752
4884,4.0749
4885,4.0746
4886,4.0743
4887,4.074
4888,4.0736
4889,4.0733
4890,4.073
4891,4.0727
4892,4.0724
4893,4.072
4894,4.0717
4895,4.0714
4896,4.0711
4897,4.0708
4898,4.0705
4899,4.0701
4900,4.0698
4901,4.0695
4902,4.0692
4903,4.0689
4904,4.0686
4905,4.0682
4906,4.0679
4907,4.0676
4908,4.0673
4909,4.067
4910,4.0666
4911,4.0663
4912,4.066
4913,4.0657
4914,4.0654
4915,4.0651
4916,4.0647
4917,4.0644
4918,4.0641
4919,4.0638
4920,4.0635
4921,4.0632
4922,4.0628
4923,4.0625
4924,4.0622
4925,4.0619
4926,4.0616
4927,4.0612
4928,4.0609
4929,4.0606
4930,4.0603
4931,4.06
4932,4.0597
4933,4.0593
4934,4.0592
4935,4.0587
4936,4.0584
4937,4.0582
4938,4.0579
4939,4.0576
4940,4.0573
4941,4.057
4942,4.0566
4943,4.0563
4944,4.056
4945,4.0557
4946,4.0554
4947,4.0551
4948,4.0547
4949,4.0544
4950,4.0541
4951,4.0538
4952,4.0536
4953,4.0533
4954,4.053
4955,4.0527
4956,4.0524
4957,4.052
4958,4.0517
4959,4.0514
4960,4.0511
4961,4.0508
4962,4.0506
4963,4.0503
4964,4.05
4965,4.0497
4966,4.0493
4967,4.049
4968,4.0487
4969,4.0485
4970,4.0482
4971,4.0479
4972,4.0476
4973,4.0473
4974,4.047
4975,4.0468
4976,4.0465
4977,4.0462
4978,4.0458
4979,4.0455
4980,4.0452
4981,4.0451
4982,4.0447
4983,4.0444
4984,4.0441
4985,4.0439
4986,4.0436
4987,4.0433
4988,4.043
4989,4.0428
4990,4.0425
4991,4.0422
4992,4.0419
4993,4.0417
4994,4.0414
4995,4.0411
4996,4.0408
4997,4.0406
4998,4.0403
4999,4.04
5000,4.0398
5001,4.0395
5002,4.0392
5003,4.039
5004,4.0387
5005,4.0384
5006,4.0382
5007,4.0379
5008,4.0376
5009,4.0374
5010,4.0371
5011,4.0368
5012,4.0366
5013,4.0363
5014,4.036
5015,4.0358
5016,4.0355
5017,4.0354
5018,4.035
5019,4.0347
5020,4.0346
5021,4.0343
5022,4.0341
5023,4.0338
5024,4.0336
5025,4.0333
5026,4.0331
5027,4.0328
5028,4.0325
5029,4.0323
5030,4.032
5031,4.0319
5032,4.0316
5033,4.0314
5034,4.0311
5035,4.0309
5036,4.0306
5037,4.0304
5038,4.0301
5039,4.03
5040,4.0298
5041,4.0295
5042,4.0293
5043,4.029
5044,4.0289
5045,4.0285
5046,4.0284
5047,4.0281
5048,4.0279
5049,4.0277
5050,4.0274
5051,4.0273
5052,4.0269
5053,4.0268
5054,4.0266
5055,4.0263
5056,4.0262
5057,4.026
5058,4.0257
5059,4.0255
5060,4.0254
5061,4.025
5062,4.0249
5063,4.0247
5064,4.0244
5065,4.0242
5066,4.0241
5067,4.0238
5068,4.0236
5069,4.0235
5070,4.0231
5071,4.023
5072,4.0228
5073,4.0227
5074,4.0223
5075,4.0222
5076,4.022
5077,4.0217
5078,4.0215
5079,4.0214
5080,4.0212
5081,4.0209
5082,4.0208
5083,4.0206
5084,4.0204
5085,4.0203
5086,4.02
5087,4.0198
5088,4.0196
5089,4.0195
5090,4.0193
5091,4.019
5092,4.0188
5093,4.0187
5094,4.0185
5095,4.0184
5096,4.0181
5097,4.0179
5098,4.0177
5099,4.0177
5100,4.0176
5101,4.0176
5102,4.0174
5103,4.0174
5104,4.0173
5105,4.0173
5106,4.0169
5107,4.0169
5108,4.0168
5109,4.0168
5110,4.0166
5111,4.0166
5112,4.0165
5113,4.0165
5114,4.0163
5115,4.0163
5116,4.0161
5117,4.0161
5118,4.016
5119,4.016
5120,4.0158
5121,4.0158
5122,4.0155
5123,4.0155
5124,4.0154
5125,4.0154
5126,4.0152
5127,4.0152
5128,4.015
5129,4.015
5130,4.0149
5131,4.0149
5132,4.0147
5133,4.0147
5134,4.0146
5135,4.0146
5136,4.0144
5137,4.0144
5138,4.0141
5139,4.0141
5140,4.0139
5141,4.0138
5142,4.0136
5143,4.0134
5144,4.0133
5145,4.0131
5146,4.013
5147,4.0128
5148,4.0127
5149,4.0125
5150,4.0123
5151,4.0122
5152,4.012
5153,4.0119
5154,4.0117
5155,4.0115
5156,4.0112
5157,4.0111
5158,4.0109
5159,4.0107
5160,4.0106
5161,4.0104
5162,4.0103
5163,4.0101
5164,4.01
5165,4.0098
5166,4.0096
5167,4.0095
5168,4.0093
5169,4.0092
5170,4.009
5171,4.0088
5172,4.0087
5173,4.0085
5174,4.0084
5175,4.0082
5176,4.008
5177,4.0079
5178,4.0077
5179,4.0076
5180,4.0074
5181,4.0073
5182,4.0071
5183,4.0069
5184,4.0068
5185,4.0066
5186,4.0065
5187,4.0063
5188,4.0061
5189,4.006
5190,4.0058
5191,4.0057
5192,4.0055
5193,4.0053
5194,4.0052
5195,4.005
5196,4.0047
5197,4.0047
5198,4.0044
5199,4.0042
5200,4.0041
5201,4.0039
5202,4.0038
5203,4.0036
5204,4.0034
5205,4.0033
5206,4.0031
5207,4.003
5208,4.0028
5209,4.0026
5210,4.0025
5211,4.0023
5212,4.0022
5213,4.002
5214,4.0019
5215,4.0017
5216,4.0015
5217,4.0014
5218,4.0012
5219,4.0011
5220,4.0009
5221,4.0007
5222,4.0006
5223,4.0004
5224,4.0003
5225,4.0001
5226,3.9999
5227,3.9998
5228,3.9996
5229,3.9995
5230,3.9993
5231,3.9992
5232,3.999
5233,3.9988
5234,3.9987
5235,3.9985
5236,3.9982
5237,3.998
5238,3.9979
5239,3.9977
5240,3.9976
5241,3.9974
5242,3.9972
5243,3.9971
5244,3.9969
5245,3.9968
5246,3.9966
5247,3.9965
5248,3.9963
5249,3.9961
5250,3.996
5251,3.9957
5252,3.9957
5253,3.9953
5254,3.9952
5255,3.995
5256,3.9949
5257,3.9947
5258,3.9945
5259,3.9944
5260,3.9942
5261,3.9941
5262,3.9938
5263,3.9936
5264,3.9934
5265,3.9933
5266,3.9931
5267,3.993
5268,3.9928
5269,3.9926
5270,3.9923
5271,3.9922
5272,3.992
5273,3.9918
5274,3.9917
5275,3.9915
5276,3.9914
5277,3.9911
5278,3.9909
5279,3.9907
5280,3.9906
5281,3.9904
5282,3.9901
5283,3.9899
5284,3.9898
5285,3.9896
5286,3.9895
5287,3.9893
5288,3.989
5289,3.9888
5290,3.9887
5291,3.9885
5292,3.9884
5293,3.988
5294,3.9879
5295,3.9877
5296,3.9876
5297,3.9872
5298,3.9871
5299,3.9869
5300,3.9868
5301,3.9865
5302,3.9863
5303,3.9861
5304,3.9858
5305,3.9857
5306,3.9855
5307,3.9853
5308,3.985
5309,3.9849
5310,3.9847
5311,3.9845
5312,3.9842
5313,3.9841
5314,3.9839
5315,3.9836
5316,3.9834
5317,3.9833
5318,3.983
5319,3.9828
5320,3.9826
5321,3.9823
5322,3.9822
5323,3.982
5324,3.9817
5325,3.9815
5326,3.9812
5327,3.9811
5328,3.9809
5329,3.9806
5330,3.9804
5331,3.9803
5332,3.9799
5333,3.9798
5334,3.9795
5335,3.9793
5336,3.9791
5337,3.9788
5338,3.9787
5339,3.9784
5340,3.9782
5341,3.9779
5342,3.9777
5343,3.9776
5344,3.9772
5345,3.9771
5346,3.9768
5347,3.9766
5348,3.9763
5349,3.9761
5350,3.9758
5351,3.9757
5352,3.9753
5353,3.9752
5354,3.975
5355,3.9747
5356,3.9745
5357,3.9742
5358,3.9739
5359,3.9737
5360,3.9734
5361,3.9733
5362,3.973
5363,3.9728
5364,3.9725
5365,3.9723
5366,3.972
5367,3.9718
5368,3.9715
5369,3.9714
5370,3.971
5371,3.9707
5372,3.9706
5373,3.9703
5374,3.9701
5375,3.9698
5376,3.9696
5377,3.9693
5378,3.969
5379,3.9688
5380,3.9685
5381,3.9683
5382,3.968
5383,3.9677
5384,3.9676
5385,3.9672
5386,3.9669
5387,3.9668
5388,3.9664
5389,3.9661
5390,3.966
5391,3.9656
5392,3.9655
5393,3.9652
5394,3.9649
5395,3.9647
5396,3.9644
5397,3.9641
5398,3.9639
5399,3.9636
5400,3.9633
5401,3.9631
5402,3.9628
5403,3.9625
5404,3.9623
5405,3.962
5406,3.9617
5407,3.9615
5408,3.9612
5409,3.9609
5410,3.9606
5411,3.9604
5412,3.9601
5413,3.9598
5414,3.9595
5415,3.9593
5416,3.959
5417,3.9587
5418,3.9585
5419,3.9582
5420,3.9579
5421,3.9575
5422,3.9574
5423,3.9571
5424,3.9568
5425,3.9564
5426,3.9563
5427,3.956
5428,3.9556
5429,3.9553
5430,3.9552
5431,3.9548
5432,3.9545
5433,3.9542
5434,3.9541
5435,3.9537
5436,3.9534
5437,3.9531
5438,3.9529
5439,3.9526
5440,3.9523
5441,3.952
5442,3.9517
5443,3.9515
5444,3.9512
5445,3.9509
5446,3.9506
5447,3.9504
5448,3.9501
5449,3.9498
5450,3.9494
5451,3.9491
5452,3.949
5453,3.9487
5454,3.9483
5455,3.948
5456,3.9479
5457,3.9475
5458,3.9472
5459,3.9469
5460,3.9466
5461,3.9464
5462,3.9461
5463,3.9458
5464,3.9455
5465,3.9452
5466,3.945
5467,3.9447
5468,3.9444
5469,3.944
5470,3.9437
5471,3.9436
5472,3.9433
5473,3.9429
5474,3.9426
5475,3.9423
5476,3.9421
5477,3.9418
5478,3.9415
5479,3.9412
5480,3.9409
5481,3.9407
5482,3.9404
5483,3.9401
5484,3.9398
5485,3.9396
5486,3.9393
5487,3.939
5488,3.9386
5489,3.9383
5490,3.9382
5491,3.9379
5492,3.9375
5493,3.9372
5494,3.9371
5495,3.9367
5496,3.9364
5497,3.9361
5498,3.9358
5499,3.9355
5500,3.9353
5501,3.935
5502,3.9347
5503,3.9345
5504,3.9342
5505,3.9339
5506,3.9336
5507,3.9332
5508,3.9331
5509,3.9328
5510,3.9325
5511,3.9321
5512,3.932
5513,3.9317
5514,3.9313
5515,3.931
5516,3.9309
5517,3.9305
5518,3.9302
5519,3.9299
5520,3.9298
5521,3.9294
5522,3.9291
5523,3.9288
5524,3.9286
5525,3.9283
5526,3.928
5527,3.9278
5528,3.9275
5529,3.9272
5530,3.9269
5531,3.9267
5532,3.9264
5533,3.9261
5534,3.9259
5535,3.9256
5536,3.9253
5537,3.9251
5538,3.9248
5539,3.9245
5540,3.9242
5541,3.924
5542,3.9237
5543,3.9234
5544,3.9232
5545,3.9229
5546,3.9226
5547,3.9224
5548,3.9221
5549,3.9218
5550,3.9217
5551,3.9213
5552,3.921
5553,3.9207
5554,3.9205
5555,3.9202
5556,3.9201
5557,3.9198
5558,3.9194
5559,3.9193
5560,3.919
5561,3.9186
5562,3.9185
5563,3.9182
5564,3.9178
5565,3.9177
5566,3.9174
5567,3.9172
5568,3.9169
5569,3.9166
5570,3.9164
5571,3.9161
5572,3.9158
5573,3.9156
5574,3.9153
5575,3.9151
5576,3.9148
5577,3.9145
5578,3.9144
5579,3.914
5580,3.9139
5581,3.9136
5582,3.9132
5583,3.9131
5584,3.9128
5585,3.9126
5586,3.9123
5587,3.912
5588,3.9118
5589,3.9115
5590,3.9113
5591,3.911
5592,3.9107
5593,3.9105
5594,3.9102
5595,3.9101
5596,3.9097
5597,3.9096
5598,3.9093
5599,3.9091
5600,3.9088
5601,3.9085
5602,3.9083
5603,3.908
5604,3.9078
5605,3.9075
5606,3.9074
5607,3.907
5608,3.9069
5609,3.9066
5610,3.9064
5611,3.9061
5612,3.9059
5613,3.9056
5614,3.9055
5615,3.9051
5616,3.9048
5617,3.9047
5618,3.9043
5619,3.9042
5620,3.9039
5621,3.9037
5622,3.9034
5623,3.9032
5624,3.9029
5625,3.9028
5626,3.9024
5627,3.9023
5628,3.902
5629,3.9018
5630,3.9015
5631,3.9013
5632,3.901
5633,3.9009
5634,3.9005
5635,3.9004
5636,3.9001
5637,3.8999
5638,3.8996
5639,3.8994
5640,3.8991
5641,3.8989
5642,3.8988
5643,3.8985
5644,3.8982
5645,3.898
5646,3.8978
5647,3.8975
5648,3.8974
5649,3.897
5650,3.8969
5651,3.8966
5652,3.8964
5653,3.8961
5654,3.8959
5655,3.8956
5656,3.8955
5657,3.8951
5658,3.895
5659,3.8947
5660,3.8945
5661,3.8943
5662,3.894
5663,3.8939
5664,3.8935
5665,3.8934
5666,3.8931
5667,3.8929
5668,3.8926
5669,3.8924
5670,3.8921
5671,3.892
5672,3.8918
5673,3.8915
5674,3.8913
5675,3.891
5676,3.8908
5677,3.8905
5678,3.8904
5679,3.8901
5680,3.8899
5681,3.8896
5682,3.8894
5683,3.8891
5684,3.8889
5685,3.8888
5686,3.8885
5687,3.8883
5688,3.888
5689,3.8878
5690,3.8875
5691,3.8874
5692,3.887
5693,3.8869
5694,3.8867
5695,3.8864
5696,3.8862
5697,3.8859
5698,3.8858
5699,3.8854
5700,3.8853
5701,3.885
5702,3.8848
5703,3.8847
5704,3.8843
5705,3.8842
5706,3.8839
5707,3.8837
5708,3.8834
5709,3.8832
5710,3.8829
5711,3.8827
5712,3.8824
5713,3.8823
5714,3.882
5715,3.8818
5716,3.8816
5717,3.8813
5718,3.8812
5719,3.8808
5720,3.8807
5721,3.8804
5722,3.8802
5723,3.8799
5724,3.8797
5725,3.8794
5726,3.8793
5727,3.8791
5728,3.8788
5729,3.8786
5730,3.8783
5731,3.8781
5732,3.8778
5733,3.8777
5734,3.8773
5735,3.8772
5736,3.8769
5737,3.8767
5738,3.8764
5739,3.8762
5740,3.8759
5741,3.8758
5742,3.8754
5743,3.8753
5744,3.875
5745,3.8748
5746,3.8745
5747,3.8743
5748,3.874
5749,3.8739
5750,3.8735
5751,3.8734
5752,3.8732
5753,3.8729
5754,3.8727
5755,3.8724
5756,3.8721
5757,3.8719
5758,3.8718
5759,3.8715
5760,3.8713
5761,3.871
5762,3.8707
5763,3.8705
5764,3.8702
5765,3.87
5766,3.8697
5767,3.8696
5768,3.8692
5769,3.8691
5770,3.8689
5771,3.8686
5772,3.8683
5773,3.8681
5774,3.8678
5775,3.8677
5776,3.8673
5777,3.8672
5778,3.8669
5779,3.8667
5780,3.8664
5781,3.8662
5782,3.8659
5783,3.8658
5784,3.8654
5785,3.8653
5786,3.865
5787,3.8648
5788,3.8645
5789,3.8642
5790,3.864
5791,3.8637
5792,3.8635
5793,3.8632
5794,3.8631
5795,3.8627
5796,3.8626
5797,3.8623
5798,3.8621
5799,3.8618
5800,3.8616
5801,3.8613
5802,3.8611
5803,3.8608
5804,3.8605
5805,3.8604
5806,3.86
5807,3.8599
5808,3.8596
5809,3.8594
5810,3.8591
5811,3.8588
5812,3.8586
5813,3.8583
5814,3.8581
5815,3.8578
5816,3.8577
5817,3.8573
5818,3.857
5819,3.8569
5820,3.8565
5821,3.8564
5822,3.8561
5823,3.8559
5824,3.8556
5825,3.8554
5826,3.8551
5827,3.8548
5828,3.8546
5829,3.8543
5830,3.8542
5831,3.8538
5832,3.8535
5833,3.8534
5834,3.853
5835,3.8529
5836,3.8526
5837,3.8524
5838,3.8521
5839,3.8518
5840,3.8516
5841,3.8513
5842,3.8511
5843,3.8508
5844,3.8505
5845,3.8503
5846,3.85
5847,3.8499
5848,3.8496
5849,3.8494
5850,3.8491
5851,3.8488
5852,3.8486
5853,3.8483
5854,3.8481
5855,3.8478
5856,3.8475
5857,3.8473
5858,3.847
5859,3.8469
5860,3.8465
5861,3.8464
5862,3.8461
5863,3.8457
5864,3.8456
5865,3.8453
5866,3.8451
5867,3.8448
5868,3.8445
5869,3.8443
5870,3.844
5871,3.8438
5872,3.8435
5873,3.8434
5874,3.843
5875,3.8427
5876,3.8426
5877,3.8423
5878,3.8421
5879,3.8418
5880,3.8416
5881,3.8413
5882,3.841
5883,3.8408
5884,3.8405
5885,3.8403
5886,3.84
5887,3.8397
5888,3.8396
5889,3.8392
5890,3.8391
5891,3.8388
5892,3.8386
5893,3.8383
5894,3.838
5895,3.8378
5896,3.8375
5897,3.8373
5898,3.837
5899,3.8369
5900,3.8365
5901,3.8362
5902,3.8361
5903,3.8357
5904,3.8356
5905,3.8353
5906,3.8351
5907,3.8348
5908,3.8346
5909,3.8343
5910,3.834
5911,3.8338
5912,3.8335
5913,3.8334
5914,3.833
5915,3.8329
5916,3.8326
5917,3.8324
5918,3.8321
5919,3.8318
5920,3.8316
5921,3.8313
5922,3.8311
5923,3.8308
5924,3.8307
5925,3.8303
5926,3.8302
5927,3.8299
5928,3.8297
5929,3.8294
5930,3.8291
5931,3.8289
5932,3.8286
5933,3.8284
5934,3.8281
5935,3.828
5936,3.8276
5937,3.8275
5938,3.8272
5939,3.827
5940,3.8267
5941,3.8265
5942,3.8262
5943,3.8261
5944,3.8257
5945,3.8256
5946,3.8253
5947,3.8251
5948,3.8248
5949,3.8246
5950,3.8243
5951,3.8241
5952,3.8238
5953,3.8237
5954,3.8234
5955,3.8232
5956,3.8229
5957,3.8227
5958,3.8224
5959,3.8222
5960,3.8219
5961,3.8218
5962,3.8214
5963,3.8213
5964,3.821
5965,3.8208
5966,3.8205
5967,3.8203
5968,3.82
5969,3.8199
5970,3.8195
5971,3.8194
5972,3.8191
5973,3.8189
5974,3.8186
5975,3.8184
5976,3.8181
5977,3.818
5978,3.8178
5979,3.8175
5980,3.8173
5981,3.817
5982,3.8168
5983,3.8165
5984,3.8164
5985,3.816
5986,3.8159
5987,3.8157
5988,3.8154
5989,3.8153
5990,3.8149
5991,3.8148
5992,3.8145
5993,3.8143
5994,3.8141
5995,3.8138
5996,3.8137
5997,3.8133
5998,3.8132
5999,3.8129
6000,3.8127
6001,3.8126
6002,3.8122
6003,3.8121
6004,3.8118
6005,3.8116
6006,3.8114
6007,3.8111
6008,3.811
6009,3.8106
6010,3.8105
6011,3.8103
6012,3.81
6013,3.8099
6014,3.8095
6015,3.8094
6016,3.8092
6017,3.8089
6018,3.8087
6019,3.8084
6020,3.8083
6021,3.8081
6022,3.8078
6023,3.8076
6024,3.8073
6025,3.8072
6026,3.807
6027,3.8067
6028,3.8065
6029,3.8064
6030,3.806
6031,3.8059
6032,3.8057
6033,3.8054
6034,3.8052
6035,3.8049
6036,3.8048
6037,3.8046
6038,3.8043
6039,3.8041
6040,3.804
6041,3.8037
6042,3.8035
6043,3.8033
6044,3.803
6045,3.8029
6046,3.8027
6047,3.8024
6048,3.8022
6049,3.8021
6050,3.8018
6051,3.8016
6052,3.8014
6053,3.8011
6054,3.801
6055,3.8008
6056,3.8005
6057,3.8003
6058,3.8002
6059,3.7998
6060,3.7997
6061,3.7995
6062,3.7992
6063,3.7991
6064,3.7989
6065,3.7987
6066,3.7984
6067,3.7983
6068,3.7981
6069,3.7978
6070,3.7976
6071,3.7975
6072,3.7971
6073,3.797
6074,3.7968
6075,3.7967
6076,3.7964
6077,3.7962
6078,3.796
6079,3.7959
6080,3.7956
6081,3.7954
6082,3.7952
6083,3.7949
6084,3.7948
6085,3.7946
6086,3.7943
6087,3.7941
6088,3.794
6089,3.7938
6090,3.7935
6091,3.7933
6092,3.7932
6093,3.7929
6094,3.7927
6095,3.7925
6096,3.7924
6097,3.7922
6098,3.7919
6099,3.7917
6100,3.7916
6101,3.7913
6102,3.7911
6103,3.791
6104,3.7908
6105,3.7906
6106,3.7903
6107,3.7902
6108,3.79
6109,3.7898
6110,3.7895
6111,3.7894
6112,3.7892
6113,3.789
6114,3.7887
6115,3.7886
6116,3.7884
6117,3.7883
6118,3.7879
6119,3.7878
6120,3.7876
6121,3.7875
6122,3.7871
6123,3.787
6124,3.7868
6125,3.7867
6126,3.7865
6127,3.7862
6128,3.786
6129,3.7859
6130,3.7857
6131,3.7854
6132,3.7852
6133,3.7851
6134,3.7849
6135,3.7848
6136,3.7844
6137,3.7843
6138,3.7841
6139,3.784
6140,3.7837
6141,3.7835
6142,3.7833
6143,3.7832
6144,3.783
6145,3.7827
6146,3.7825
6147,3.7824
6148,3.7822
6149,3.7821
6150,3.7817
6151,3.7816
6152,3.7814
6153,3.7813
6154,3.7811
6155,3.781
6156,3.7806
6157,3.7805
6158,3.7803
6159,3.7802
6160,3.78
6161,3.7797
6162,3.7795
6163,3.7794
6164,3.7792
6165,3.779
6166,3.7789
6167,3.7786
6168,3.7784
6169,3.7783
6170,3.7781
6171,3.7779
6172,3.7776
6173,3.7775
6174,3.7773
6175,3.7771
6176,3.777
6177,3.7768
6178,3.7765
6179,3.7763
6180,3.7762
6181,3.776
6182,3.7759
6183,3.7757
6184,3.7754
6185,3.7752
6186,3.7751
6187,3.7749
6188,3.7748
6189,3.7746
6190,3.7743
6191,3.7741
6192,3.774
6193,3.7738
6194,3.7736
6195,3.7735
6196,3.7733
6197,3.773
6198,3.7729
6199,3.7727
6200,3.7725
6201,3.7724
6202,3.7722
6203,3.7719
6204,3.7717
6205,3.7716
6206,3.7714
6207,3.7713
6208,3.7711
6209,3.7709
6210,3.7708
6211,3.7705
6212,3.7703
6213,3.7702
6214,3.77
6215,3.7698
6216,3.7697
6217,3.7694
6218,3.7692
6219,3.769
6220,3.7689
6221,3.7687
6222,3.7686
6223,3.7684
6224,3.7681
6225,3.7679
6226,3.7678
6227,3.7676
6228,3.7675
6229,3.7673
6230,3.7671
6231,3.767
6232,3.7667
6233,3.7665
6234,3.7663
6235,3.7662
6236,3.766
6237,3.7659
6238,3.7657
6239,3.7654
6240,3.7652
6241,3.7651
6242,3.7649
6243,3.7648
6244,3.7646
6245,3.7644
6246,3.7643
6247,3.764
6248,3.7638
6249,3.7636
6250,3.7635
6251,3.7633
6252,3.7632
6253,3.763
6254,3.7628
6255,3.7625
6256,3.7624
6257,3.7622
6258,3.7621
6259,3.7619
6260,3.7617
6261,3.7616
6262,3.7614
6263,3.7611
6264,3.7609
6265,3.7608
6266,3.7606
6267,3.7605
6268,3.7603
6269,3.7601
6270,3.76
6271,3.7598
6272,3.7597
6273,3.7594
6274,3.7592
6275,3.759
6276,3.7589
6277,3.7587
6278,3.7586
6279,3.7584
6280,3.7582
6281,3.7581
6282,3.7578
6283,3.7576
6284,3.7574
6285,3.7573
6286,3.7571
6287,3.757
6288,3.7568
6289,3.7567
6290,3.7563
6291,3.7562
6292,3.756
6293,3.7559
6294,3.7557
6295,3.7555
6296,3.7554
6297,3.7552
6298,3.7551
6299,3.7549
6300,3.7546
6301,3.7544
6302,3.7543
6303,3.7541
6304,3.754
6305,3.7538
6306,3.7536
6307,3.7535
6308,3.7533
6309,3.753
6310,3.7528
6311,3.7527
6312,3.7525
6313,3.7524
6314,3.7522
6315,3.752
6316,3.7519
6317,3.7517
6318,3.7516
6319,3.7513
6320,3.7511
6321,3.7509
6322,3.7508
6323,3.7506
6324,3.7505
6325,3.7503
6326,3.7501
6327,3.75
6328,3.7498
6329,3.7495
6330,3.7493
6331,3.7492
6332,3.749
6333,3.7489
6334,3.7487
6335,3.7486
6336,3.7484
6337,3.7482
6338,3.7481
6339,3.7478
6340,3.7476
6341,3.7474
6342,3.7473
6343,3.7471
6344,3.747
6345,3.7468
6346,3.7466
6347,3.7465
6348,3.7463
6349,3.7462
6350,3.7459
6351,3.7457
6352,3.7455
6353,3.7454
6354,3.7452
6355,3.7451
6356,3.7449
6357,3.7447
6358,3.7446
6359,3.7444
6360,3.7441
6361,3.7439
6362,3.7438
6363,3.7436
6364,3.7435
6365,3.7433
6366,3.7432
6367,3.743
6368,3.7428
6369,3.7427
6370,3.7425
6371,3.7422
6372,3.742
6373,3.7419
6374,3.7417
6375,3.7416
6376,3.7414
6377,3.7412
6378,3.7411
6379,3.7409
6380,3.7406
6381,3.7405
6382,3.7403
6383,3.7401
6384,3.74
6385,3.7398
6386,3.7397
6387,3.7395
6388,3.7392
6389,3.7392
6390,3.7389
6391,3.7387
6392,3.7385
6393,3.7384
6394,3.7382
6395,3.7381
6396,3.7379
6397,3.7378
6398,3.7374
6399,3.7374
6400,3.7371
6401,3.7371
6402,3.7368
6403,3.7366
6404,3.7365
6405,3.7363
6406,3.7362
6407,3.736
6408,3.7358
6409,3.7355
6410,3.7355
6411,3.7354
6412,3.7351
6413,3.7349
6414,3.7347
6415,3.7346
6416,3.7344
6417,3.7343
6418,3.7341
6419,3.7339
6420,3.7336
6421,3.7336
6422,3.7333
6423,3.7331
6424,3.733
6425,3.7328
6426,3.7327
6427,3.7325
6428,3.7324
6429,3.7322
6430,3.732
6431,3.7319
6432,3.7316
6433,3.7314
6434,3.7312
6435,3.7311
6436,3.7309
6437,3.7308
6438,3.7306
6439,3.7304
6440,3.7301
6441,3.73
6442,3.7298
6443,3.7297
6444,3.7295
6445,3.7293
6446,3.7292
6447,3.729
6448,3.7289
6449,3.7287
6450,3.7284
6451,3.7282
6452,3.7281
6453,3.7279
6454,3.7277
6455,3.7276
6456,3.7274
6457,3.7273
6458,3.7271
6459,3.7268
6460,3.7268
6461,3.7265
6462,3.7263
6463,3.7262
6464,3.726
6465,3.7258
6466,3.7257
6467,3.7255
6468,3.7254
6469,3.725
6470,3.7249
6471,3.7247
6472,3.7246
6473,3.7244
6474,3.7243
6475,3.7241
6476,3.7239
6477,3.7236
6478,3.7235
6479,3.7233
6480,3.7231
6481,3.723
6482,3.7228
6483,3.7227
6484,3.7225
6485,3.7223
6486,3.7222
6487,3.7219
6488,3.7217
6489,3.7216
6490,3.7214
6491,3.7212
6492,3.7211
6493,3.7209
6494,3.7208
6495,3.7204
6496,3.7203
6497,3.7201
6498,3.72
6499,3.7198
6500,3.7196
6501,3.7195
6502,3.7193
6503,3.7192
6504,3.7189
6505,3.7187
6506,3.7185
6507,3.7184
6508,3.7182
6509,3.7181
6510,3.7179
6511,3.7177
6512,3.7174
6513,3.7173
6514,3.7171
6515,3.7169
6516,3.7168
6517,3.7166
6518,3.7165
6519,3.7163
6520,3.7162
6521,3.7158
6522,3.7157
6523,3.7155
6524,3.7154
6525,3.7152
6526,3.715
6527,3.7149
6528,3.7147
6529,3.7144
6530,3.7142
6531,3.7141
6532,3.7139
6533,3.7138
6534,3.7136
6535,3.7135
6536,3.7131
6537,3.713
6538,3.7128
6539,3.7127
6540,3.7125
6541,3.7123
6542,3.7122
6543,3.712
6544,3.7117
6545,3.7115
6546,3.7114
6547,3.7112
6548,3.7111
6549,3.7109
6550,3.7108
6551,3.7104
6552,3.7103
6553,3.7101
6554,3.71
6555,3.7098
6556,3.7096
6557,3.7095
6558,3.7093
6559,3.709
6560,3.7089
6561,3.7087
6562,3.7085
6563,3.7084
6564,3.7082
6565,3.7081
6566,3.7077
6567,3.7076
6568,3.7074
6569,3.7073
6570,3.7071
6571,3.7069
6572,3.7068
6573,3.7066
6574,3.7063
6575,3.7062
6576,3.706
6577,3.7058
6578,3.7057
6579,3.7055
6580,3.7054
6581,3.705
6582,3.7049
6583,3.7047
6584,3.7046
6585,3.7044
6586,3.7042
6587,3.7041
6588,3.7038
6589,3.7036
6590,3.7035
6591,3.7033
6592,3.7031
6593,3.703
6594,3.7027
6595,3.7025
6596,3.7023
6597,3.7022
6598,3.702
6599,3.7019
6600,3.7017
6601,3.7015
6602,3.7012
6603,3.7011
6604,3.7009
6605,3.7008
6606,3.7006
6607,3.7004
6608,3.7003
6609,3.7
6610,3.6998
6611,3.6996
6612,3.6995
6613,3.6993
6614,3.6992
6615,3.699
6616,3.6987
6617,3.6985
6618,3.6984
6619,3.6982
6620,3.6981
6621,3.6979
6622,3.6976
6623,3.6974
6624,3.6973
6625,3.6971
6626,3.6969
6627,3.6968
6628,3.6966
6629,3.6963
6630,3.6961
6631,3.696
6632,3.6958
6633,3.6957
6634,3.6955
6635,3.6954
6636,3.695
6637,3.6949
6638,3.6947
6639,3.6946
6640,3.6944
6641,3.6942
6642,3.6939
6643,3.6938
6644,3.6936
6645,3.6934
6646,3.6933
6647,3.6931
6648,3.6928
6649,3.6927
6650,3.6925
6651,3.6923
6652,3.6922
6653,3.692
6654,3.6919
6655,3.6915
6656,3.6914
6657,3.6912
6658,3.6911
6659,3.6909
6660,3.6907
6661,3.6904
6662,3.6903
6663,3.6901
6664,3.69
6665,3.6898
6666,3.6896
6667,3.6893
6668,3.6892
6669,3.689
6670,3.6888
6671,3.6887
6672,3.6885
6673,3.6884
6674,3.688
6675,3.6879
6676,3.6877
6677,3.6876
6678,3.6874
6679,3.6873
6680,3.6869
6681,3.6868
6682,3.6866
6683,3.6865
6684,3.6863
6685,3.686
6686,3.6858
6687,3.6857
6688,3.6855
6689,3.6853
6690,3.6852
6691,3.685
6692,3.6847
6693,3.6846
6694,3.6844
6695,3.6842
6696,3.6841
6697,3.6839
6698,3.6836
6699,3.6834
6700,3.6833
6701,3.6831
6702,3.683
6703,3.6828
6704,3.6825
6705,3.6823
6706,3.6822
6707,3.682
6708,3.6819
6709,3.6817
6710,3.6814
6711,3.6812
6712,3.6811
6713,3.6809
6714,3.6807
6715,3.6806
6716,3.6804
6717,3.6801
6718,3.6799
6719,3.6798
6720,3.6796
6721,3.6795
6722,3.6793
6723,3.679
6724,3.6788
6725,3.6787
6726,3.6785
6727,3.6784
6728,3.678
6729,3.6779
6730,3.6777
6731,3.6776
6732,3.6774
6733,3.6772
6734,3.6771
6735,3.6769
6736,3.6766
6737,3.6765
6738,3.6763
6739,3.6761
6740,3.676
6741,3.6758
6742,3.6755
6743,3.6753
6744,3.6752
6745,3.675
6746,3.6749
6747,3.6747
6748,3.6744
6749,3.6742
6750,3.6741
6751,3.6739
6752,3.6738
6753,3.6734
6754,3.6733
6755,3.6731
6756,3.673
6757,3.6728
6758,3.6726
6759,3.6725
6760,3.6722
6761,3.672
6762,3.6718
6763,3.6717
6764,3.6715
6765,3.6714
6766,3.6712
6767,3.6709
6768,3.6707
6769,3.6706
6770,3.6704
6771,3.6703
6772,3.6701
6773,3.6698
6774,3.6696
6775,3.6695
6776,3.6693
6777,3.6691
6778,3.669
6779,3.6688
6780,3.6685
6781,3.6684
6782,3.6682
6783,3.668
6784,3.6679
6785,3.6677
6786,3.6676
6787,3.6672
6788,3.6671
6789,3.6669
6790,3.6668
6791,3.6666
6792,3.6664
6793,3.6663
6794,3.666
6795,3.6658
6796,3.6657
6797,3.6655
6798,3.6653
6799,3.6652
6800,3.665
6801,3.6647
6802,3.6645
6803,3.6644
6804,3.6642
6805,3.6641
6806,3.6639
6807,3.6637
6808,3.6636
6809,3.6633
6810,3.6631
6811,3.663
6812,3.6628
6813,3.6626
6814,3.6625
6815,3.6623
6816,3.662
6817,3.6618
6818,3.6617
6819,3.6615
6820,3.6614
6821,3.6612
6822,3.661
6823,3.6609
6824,3.6606
6825,3.6604
6826,3.6603
6827,3.6601
6828,3.6599
6829,3.6598
6830,3.6596
6831,3.6595
6832,3.6591
6833,3.659
6834,3.6588
6835,3.6587
6836,3.6585
6837,3.6583
6838,3.6582
6839,3.658
6840,3.6577
6841,3.6576
6842,3.6574
6843,3.6572
6844,3.6571
6845,3.6569
6846,3.6568
6847,3.6566
6848,3.6564
6849,3.6561
6850,3.656
6851,3.6558
6852,3.6556
6853,3.6555
6854,3.6553
6855,3.6552
6856,3.655
6857,3.6549
6858,3.6545
6859,3.6544
6860,3.6542
6861,3.6541
6862,3.6539
6863,3.6537
6864,3.6536
6865,3.6534
6866,3.6533
6867,3.6529
6868,3.6528
6869,3.6526
6870,3.6525
6871,3.6523
6872,3.6522
6873,3.652
6874,3.6518
6875,3.6517
6876,3.6515
6877,3.6512
6878,3.651
6879,3.6509
6880,3.6507
6881,3.6506
6882,3.6504
6883,3.6502
6884,3.6501
6885,3.6499
6886,3.6498
6887,3.6495
6888,3.6493
6889,3.6491
6890,3.649
6891,3.6488
6892,3.6487
6893,3.6485
6894,3.6483
6895,3.6482
6896,3.648
6897,3.6477
6898,3.6475
6899,3.6474
6900,3.6472
6901,3.6471
6902,3.6469
6903,3.6468
6904,3.6466
6905,3.6464
6906,3.6461
6907,3.646
6908,3.6458
6909,3.6456
6910,3.6455
6911,3.6453
6912,3.6452
6913,3.645
6914,3.6448
6915,3.6445
6916,3.6444
6917,3.6442
6918,3.6441
6919,3.6439
6920,3.6437
6921,3.6436
6922,3.6434
6923,3.6433
6924,3.6429
6925,3.6428
6926,3.6426
6927,3.6425
6928,3.6423
6929,3.6421
6930,3.642
6931,3.6417
6932,3.6415
6933,3.6414
6934,3.6412
6935,3.641
6936,3.6409
6937,3.6407
6938,3.6406
6939,3.6404
6940,3.6401
6941,3.6399
6942,3.6398
6943,3.6396
6944,3.6395
6945,3.6393
6946,3.6391
6947,3.639
6948,3.6387
6949,3.6385
6950,3.6383
6951,3.6382
6952,3.638
6953,3.6379
6954,3.6377
6955,3.6374
6956,3.6372
6957,3.6371
6958,3.6369
6959,3.6368
6960,3.6366
6961,3.6364
6962,3.6361
6963,3.636
6964,3.6358
6965,3.6356
6966,3.6355
6967,3.6352
6968,3.635
6969,3.6348
6970,3.6347
6971,3.6345
6972,3.6344
6973,3.6341
6974,3.6339
6975,3.6337
6976,3.6336
6977,3.6334
6978,3.6333
6979,3.6329
6980,3.6328
6981,3.6326
6982,3.6325
6983,3.6323
6984,3.632
6985,3.6318
6986,3.6317
6987,3.6315
6988,3.6314
6989,3.631
6990,3.6309
6991,3.6307
6992,3.6306
6993,3.6304
6994,3.6301
6995,3.6299
6996,3.6298
6997,3.6296
6998,3.6293
6999,3.6291
7000,3.629
7001,3.6288
7002,3.6287
7003,3.6283
7004,3.6282
7005,3.628
7006,3.6279
7007,3.6275
7008,3.6274
7009,3.6272
7010,3.6271
7011,3.6267
7012,3.6266
7013,3.6264
7014,3.6263
7015,3.626
7016,3.6258
7017,3.6256
7018,3.6253
7019,3.6252
7020,3.625
7021,3.6248
7022,3.6245
7023,3.6244
7024,3.6242
7025,3.6239
7026,3.6237
7027,3.6236
7028,3.6234
7029,3.6231
7030,3.6229
7031,3.6228
7032,3.6225
7033,3.6223
7034,3.6221
7035,3.6218
7036,3.6217
7037,3.6215
7038,3.6212
7039,3.621
7040,3.6209
7041,3.6206
7042,3.6204
7043,3.6201
7044,3.6199
7045,3.6198
7046,3.6194
7047,3.6193
7048,3.6191
7049,3.6188
7050,3.6186
7051,3.6183
7052,3.6182
7053,3.6179
7054,3.6177
7055,3.6175
7056,3.6172
7057,3.6171
7058,3.6167
7059,3.6166
7060,3.6163
7061,3.6161
7062,3.6158
7063,3.6156
7064,3.6155
7065,3.6152
7066,3.615
7067,3.6147
7068,3.6145
7069,3.6142
7070,3.614
7071,3.6137
7072,3.6136
7073,3.6132
7074,3.6131
7075,3.6128
7076,3.6126
7077,3.6123
7078,3.6121
7079,3.6118
7080,3.6115
7081,3.6113
7082,3.611
7083,3.6109
7084,3.6105
7085,3.6104
7086,3.6101
7087,3.6098
7088,3.6096
7089,3.6093
7090,3.6091
7091,3.6088
7092,3.6085
7093,3.6083
7094,3.608
7095,3.6077
7096,3.6075
7097,3.6072
7098,3.6069
7099,3.6067
7100,3.6064
7101,3.6061
7102,3.6059
7103,3.6056
7104,3.6053
7105,3.605
7106,3.6048
7107,3.6045
7108,3.6042
7109,3.6039
7110,3.6037
7111,3.6034
7112,3.6031
7113,3.6028
7114,3.6026
7115,3.6023
7116,3.602
7117,3.6017
7118,3.6013
7119,3.601
7120,3.6007
7121,3.6005
7122,3.6002
7123,3.5999
7124,3.5996
7125,3.5993
7126,3.599
7127,3.5986
7128,3.5983
7129,3.598
7130,3.5977
7131,3.5974
7132,3.597
7133,3.5967
7134,3.5964
7135,3.5961
7136,3.5958
7137,3.5955
7138,3.5951
7139,3.5948
7140,3.5945
7141,3.5942
7142,3.5939
7143,3.5936
7144,3.5932
7145,3.5929
7146,3.5924
7147,3.5921
7148,3.5918
7149,3.5915
7150,3.5912
7151,3.5909
7152,3.5904
7153,3.5901
7154,3.5897
7155,3.5894
7156,3.5889
7157,3.5886
7158,3.5883
7159,3.588
7160,3.5875
7161,3.5872
7162,3.5869
7163,3.5864
7164,3.5861
7165,3.5858
7166,3.5853
7167,3.585
7168,3.5847
7169,3.5842
7170,3.5839
7171,3.5834
7172,3.5831
7173,3.5826
7174,3.5823
7175,3.5818
7176,3.5815
7177,3.581
7178,3.5807
7179,3.5802
7180,3.5799
7181,3.5794
7182,3.5789
7183,3.5786
7184,3.5781
7185,3.5777
7186,3.5774
7187,3.5769
7188,3.5764
7189,3.5761
7190,3.5756
7191,3.5751
7192,3.5747
7193,3.5742
7194,3.5739
7195,3.5734
7196,3.5729
7197,3.5724
7198,3.572
7199,3.5715
7200,3.5712
7201,3.5707
7202,3.5702
7203,3.5697
7204,3.5693
7205,3.5688
7206,3.5683
7207,3.5678
7208,3.5674
7209,3.5669
7210,3.5664
7211,3.5659
7212,3.5654
7213,3.565
7214,3.5645
7215,3.5639
7216,3.5634
7217,3.5629
7218,3.5624
7219,3.562
7220,3.5613
7221,3.5608
7222,3.5604
7223,3.5599
7224,3.5594
7225,3.5588
7226,3.5583
7227,3.5577
7228,3.5572
7229,3.5567
7230,3.5561
7231,3.5556
7232,3.5551
7233,3.5545
7234,3.554
7235,3.5534
7236,3.5529
7237,3.5524
7238,3.5518
7239,3.5513
7240,3.5507
7241,3.55
7242,3.5496
7243,3.5489
7244,3.5485
7245,3.5478
7246,3.5473
7247,3.5467
7248,3.5461
7249,3.5456
7250,3.545
7251,3.5443
7252,3.5438
7253,3.5432
7254,3.5426
7255,3.5419
7256,3.5415
7257,3.5408
7258,3.5402
7259,3.5397
7260,3.5391
7261,3.5384
7262,3.5378
7263,3.5373
7264,3.5367
7265,3.5361
7266,3.5354
7267,3.5348
7268,3.5342
7269,3.5337
7270,3.533
7271,3.5324
7272,3.5318
7273,3.5311
7274,3.5305
7275,3.5299
7276,3.5292
7277,3.5286
7278,3.528
7279,3.5275
7280,3.5267
7281,3.5262
7282,3.5256
7283,3.5248
7284,3.5243
7285,3.5237
7286,3.523
7287,3.5222
7288,3.5216
7289,3.521
7290,3.5203
7291,3.5197
7292,3.5191
7293,3.5184
7294,3.5178
7295,3.5172
7296,3.5164
7297,3.5157
7298,3.5151
7299,3.5145
7300,3.5137
7301,3.513
7302,3.5124
7303,3.5116
7304,3.511
7305,3.5103
7306,3.5095
7307,3.5089
7308,3.5083
7309,3.5075
7310,3.5068
7311,3.506
7312,3.5053
7313,3.5046
7314,3.5038
7315,3.5032
7316,3.5024
7317,3.5016
7318,3.5008
7319,3.5002
7320,3.4994
7321,3.4986
7322,3.4978
7323,3.497
7324,3.4962
7325,3.4954
7326,3.4946
7327,3.4938
7328,3.493
7329,3.4922
7330,3.4913
7331,3.4905
7332,3.4897
7333,3.4887
7334,3.4879
7335,3.487
7336,3.4862
7337,3.4852
7338,3.4845
7339,3.4835
7340,3.4825
7341,3.4816
7342,3.4806
7343,3.4797
7344,3.4787
7345,3.4778
7346,3.4768
7347,3.4759
7348,3.4749
7349,3.4738
7350,3.4729
7351,3.4719
7352,3.4708
7353,3.4697
7354,3.4686
7355,3.4676
7356,3.4665
7357,3.4654
7358,3.4643
7359,3.4632
7360,3.4621
7361,3.4609
7362,3.4597
7363,3.4586
7364,3.4573
7365,3.4562
7366,3.4549
7367,3.4536
7368,3.4525
7369,3.4513
7370,3.45
7371,3.4487
7372,3.4474
7373,3.4462
7374,3.4447
7375,3.4435
7376,3.442
7377,3.4408
7378,3.4393
7379,3.4379
7380,3.4365
7381,3.4351
7382,3.4336
7383,3.4322
7384,3.4308
7385,3.4293
7386,3.4278
7387,3.4263
7388,3.4247
7389,3.4232
7390,3.4216
7391,3.4201
7392,3.4184
7393,3.4168
7394,3.4152
7395,3.4136
7396,3.4119
7397,3.4103
7398,3.4085
7399,3.407
7400,3.4052
7401,3.4035
7402,3.4017
7403,3.4
7404,3.3982
7405,3.3963
7406,3.3946
7407,3.3927
7408,3.3909
7409,3.389
7410,3.3871
7411,3.3852
7412,3.3833
7413,3.3814
7414,3.3795
7415,3.3774
7416,3.3755
7417,3.3734
7418,3.3714
7419,3.3695
7420,3.3674
7421,3.3653
7422,3.3633
7423,3.3611
7424,3.359
7425,3.3568
7426,3.3547
7427,3.3525
7428,3.3503
7429,3.348
7430,3.3458
7431,3.3436
7432,3.3412
7433,3.339
7434,3.3366
7435,3.3342
7436,3.3318
7437,3.3296
7438,3.3271
7439,3.3247
7440,3.3223
7441,3.3198
7442,3.3173
7443,3.3149
7444,3.3123
7445,3.3096
7446,3.3071
7447,3.3046
7448,3.3019
7449,3.2993
7450,3.2966
7451,3.2939
7452,3.2912
7453,3.2884
7454,3.2857
7455,3.2828
7456,3.2801
7457,3.2772
7458,3.2744
7459,3.2714
7460,3.2685
7461,3.2655
7462,3.2625
7463,3.2596
7464,3.2566
7465,3.2534
7466,3.2504
7467,3.2472
7468,3.244
7469,3.2409
7470,3.2377
7471,3.2343
7472,3.2312
7473,3.2278
7474,3.2245
7475,3.2212
7476,3.2178
7477,3.2143
7478,3.2108
7479,3.2073
7480,3.2038
7481,3.2002
7482,3.1967
7483,3.193
7484,3.1894
7485,3.1857
7486,3.1819
7487,3.1781
7488,3.1743
7489,3.1705
7490,3.1665
7491,3.1627
7492,3.1586
7493,3.1546
7494,3.1506
7495,3.1465
7496,3.1424
7497,3.1382
7498,3.1339
7499,3.1297
7500,3.1254
7501,3.1211
7502,3.1166
7503,3.1122
7504,3.1077
7505,3.1031
7506,3.0985
7507,3.0939
7508,3.0893
7509,3.0845
7510,3.0798
7511,3.0748
7512,3.0701
7513,3.0652
7514,3.0601
7515,3.055
7516,3.0499
7517,3.0448
7518,3.0396
7519,3.0343
7520,3.0289
7521,3.0235
7522,3.0181
7523,3.0126
7524,3.007
7525,3.0015
7526,2.9957
7527,2.99
7528,2.9841
7529,2.9783
7530,2.9722
7531,2.9662
7532,2.96
7533,2.954
7534,2.9476
7535,2.9412
7536,2.9349
7537,2.9284
7538,2.9217
7539,2.915
7540,2.9084
7541,2.9015
7542,2.8945
7543,2.8874
7544,2.8804
7545,2.8731
7546,2.8658
7547,2.8585
7548,2.8509
7549,2.8432
7550,2.8356
7551,2.8278
7552,2.8199
7553,2.8118
7554,2.8037
7555,2.7953
7556,2.787
7557,2.7784
7558,2.7698
7559,2.7611
7560,2.7522
7561,2.7431
7562,2.7341
7563,2.7249
7564,2.7155
7565,2.706
7566,2.6964
7567,2.6868
7568,2.6769
7569,2.6669
7570,2.6569
7571,2.6467
7572,2.6364
7573,2.6259
7574,2.6154
7575,2.6048
7576,2.5941
7577,2.5832
7578,2.5722
7579,2.5611
7580,2.55
7581,2.5385
7582,2.5271
7583,2.5155
7584,2.5037
7585,2.4999
7586,2.5141
7587,2.6173
7588,2.7184
7589,2.8186
7590,2.9072
7591,3.0089
7592,3.0918
7593,3.1921
7594,3.2021
7595,3.2795
7596,3.3368
7597,3.3782
7598,3.4082
7599,3.429
7600,3.443
7601,3.4525
7602,3.4594
7603,3.4644
7604,3.4683
7605,3.4714
7606,3.474
7607,3.4762
7608,3.4781
7609,3.4798
7610,3.4813
7611,3.4827
7612,3.484
7613,3.4851
7614,3.486
7615,3.487
7616,3.4879
7617,3.4887
7618,3.4895
7619,3.4903
7620,3.491
7621,3.4916
7622,3.4922
7623,3.4929
7624,3.4935
7625,3.494
7626,3.4945
7627,3.4949
7628,3.4954
7629,3.4959
7630,3.4964
7631,3.4968
7632,3.4972
7633,3.4976
7634,3.498
7635,3.4983
7636,3.4987
7637,3.4991
7638,3.4994
7639,3.4997
7640,3.5
7641,3.5003
7642,3.5006
7643,3.501
7644,3.5013
7645,3.5014
7646,3.5018
7647,3.5021
7648,3.5022
7649,3.5026
7650,3.5029
7651,3.503
7652,3.5033
7653,3.5035
7654,3.5038
7655,3.504
7656,3.5043
7657,3.5045
7658,3.5046
7659,3.5049
7660,3.5051
7661,3.5053
7662,3.5056
7663,3.5057
7664,3.5059
7665,3.506
7666,3.5062
7667,3.5065
7668,3.5067
7669,3.5068
7670,3.507
7671,3.5072
7672,3.5073
7673,3.5075
7674,3.5076
7675,3.5078
7676,3.508
7677,3.5081
7678,3.5083
7679,3.5084
7680,3.5086
7681,3.5087
7682,3.5089
7683,3.5091
7684,3.5092
7685,3.5094
7686,3.5094
7687,3.5095
7688,3.5097
7689,3.5099
7690,3.51
7691,3.5102
7692,3.5103
7693,3.5103
7694,3.5105
7695,3.5107
7696,3.5108
7697,3.5108
7698,3.511
7699,3.5111
7700,3.5113
7701,3.5113
7702,3.5114
7703,3.5116
7704,3.5116
7705,3.5118
7706,3.5119
7707,3.5121
7708,3.5121
7709,3.5122
7710,3.5124
7711,3.5124
7712,3.5126
7713,3.5126
7714,3.5127
7715,3.5129
7716,3.5129
7717,3.513
7718,3.513
7719,3.5132
7720,3.5134
7721,3.5134
7722,3.5135
7723,3.5135
7724,3.5137
7725,3.5137
7726,3.5138
7727,3.514
7728,3.514
7729,3.514
7730,3.5141
7731,3.5143
7732,3.5143
7733,3.5145
7734,3.5145
7735,3.5146
7736,3.5146
7737,3.5148
7738,3.5148
7739,3.5149
7740,3.5149
7741,3.5151
7742,3.5151
7743,3.5151
7744,3.5153
7745,3.5153
7746,3.5154
7747,3.5154
7748,3.5156
7749,3.5156
7750,3.5157
7751,3.5157
7752,3.5159
7753,3.5159
7754,3.5159
7755,3.5161
7756,3.5161
7757,3.5162
7758,3.5162
7759,3.5164
7760,3.5164
7761,3.5164
7762,3.5165
7763,3.5165
7764,3.5167
7765,3.5167
7766,3.5167
7767,3.5168
7768,3.5168
7769,3.517
7770,3.517
7771,3.517
7772,3.5324
7773,3.5669
7774,3.5706
7775,3.5729
7776,3.5745
7777,3.5758
7778,3.5768
7779,3.5779
7780,3.5787
7781,3.5795
7782,3.5801
7783,3.5807
7784,3.5814
7785,3.582
7786,3.5825
7787,3.5831
7788,3.5836
7789,3.5841
7790,3.5845
7791,3.585
7792,3.5855
7793,3.586
7794,3.5863
7795,3.5868
7796,3.5872
7797,3.5876
7798,3.5879
7799,3.5883
7800,3.5887
7801,3.5891
7802,3.5895
7803,3.5898
7804,3.5901
7805,3.5904
7806,3.5909
7807,3.5912
7808,3.5915
7809,3.5918
7810,3.5922
7811,3.5925
7812,3.5928
7813,3.5931
7814,3.5934
7815,3.5936
7816,3.5939
7817,3.5942
7818,3.5945
7819,3.5949
7820,3.595
7821,3.5953
7822,3.5957
7823,3.596
7824,3.5961
7825,3.5965
7826,3.5968
7827,3.5969
7828,3.5972
7829,3.5976
7830,3.5977
7831,3.598
7832,3.5982
7833,3.5985
7834,3.5987
7835,3.599
7836,3.5993
7837,3.5995
7838,3.5998
7839,3.5999
7840,3.6001
7841,3.6004
7842,3.6006
7843,3.6009
7844,3.6011
7845,3.6014
7846,3.6015
7847,3.6017
7848,3.602
7849,3.6022
7850,3.6023
7851,3.6026
7852,3.6028
7853,3.603
7854,3.6033
7855,3.6034
7856,3.6036
7857,3.6039
7858,3.6041
7859,3.6042
7860,3.6044
7861,3.6047
7862,3.6049
7863,3.605
7864,3.6052
7865,3.6055
7866,3.6057
7867,3.6058
7868,3.606
7869,3.6061
7870,3.6065
7871,3.6066
7872,3.6068
7873,3.6069
7874,3.6071
7875,3.6073
7876,3.6074
7877,3.6077
7878,3.6079
7879,3.608
7880,3.6082
7881,3.6084
7882,3.6085
7883,3.6087
7884,3.6088
7885,3.609
7886,3.6092
7887,3.6095
7888,3.6096
7889,3.6098
7890,3.61
7891,3.6101
7892,3.6103
7893,3.6104
7894,3.6106
7895,3.6107
7896,3.6109
7897,3.6111
7898,3.6112
7899,3.6114
7900,3.6115
7901,3.6117
7902,3.6119
7903,3.612
7904,3.6122
7905,3.6123
7906,3.6125
7907,3.6127
7908,3.6128
7909,3.613
7910,3.6131
7911,3.6133
7912,3.6134
7913,3.6136
7914,3.6138
7915,3.6139
7916,3.6139
7917,3.6141
7918,3.6142
7919,3.6144
7920,3.6146
7921,3.6147
7922,3.6149
7923,3.615
7924,3.6152
7925,3.6154
7926,3.6155
7927,3.6157
7928,3.6158
7929,3.6158
7930,3.616
7931,3.6162
7932,3.6163
7933,3.6165
7934,3.6166
7935,3.6168
7936,3.6169
7937,3.6171
7938,3.6173
7939,3.6173
7940,3.6174
7941,3.6176
7942,3.6177
7943,3.6179
7944,3.6181
7945,3.6182
7946,3.6184
7947,3.6184
7948,3.6185
7949,3.6187
7950,3.6189
7951,3.619
7952,3.6192
7953,3.6193
7954,3.6195
7955,3.6195
7956,3.6196
7957,3.6198
7958,3.62
7959,3.6201
7960,3.6203
7961,3.6204
7962,3.6204
7963,3.6206
7964,3.6208
7965,3.6209
7966,3.6211
7967,3.6212
7968,3.6212
7969,3.6214
7970,3.6216
7971,3.6217
7972,3.6219
7973,3.622
7974,3.622
7975,3.6222
7976,3.6223
7977,3.6225
7978,3.6227
7979,3.6228
7980,3.6228
7981,3.623
7982,3.6231
7983,3.6233
7984,3.6235
7985,3.6236
7986,3.6236
7987,3.6238
7988,3.6239
7989,3.6241
7990,3.6243
7991,3.6244
7992,3.6244
7993,3.6246
7994,3.6247
7995,3.6249
7996,3.625
7997,3.6252
7998,3.6252
7999,3.6254
8000,3.6255
8001,3.6257
8002,3.6258
8003,3.626
8004,3.626
8005,3.6262
8006,3.6263
8007,3.6265
8008,3.6265
8009,3.6266
8010,3.6268
8011,3.627
8012,3.6271
8013,3.6273
8014,3.6273
8015,3.6274
8016,3.6276
8017,3.6277
8018,3.6279
8019,3.6279
8020,3.6281
8021,3.6282
8022,3.6284
8023,3.6285
8024,3.6287
8025,3.6287
8026,3.6289
8027,3.629
8028,3.6292
8029,3.6293
8030,3.6293
8031,3.6295
8032,3.6297
8033,3.6298
8034,3.63
8035,3.63
8036,3.6301
8037,3.6303
8038,3.6304
8039,3.6306
8040,3.6306
8041,3.6308
8042,3.6309
8043,3.6311
8044,3.6312
8045,3.6312
8046,3.6314
8047,3.6316
8048,3.6317
8049,3.6319
8050,3.6319
8051,3.632
8052,3.6322
8053,3.6324
8054,3.6325
8055,3.6325
8056,3.6327
8057,3.6328
8058,3.633
8059,3.6331
8060,3.6333
8061,3.6333
8062,3.6335
8063,3.6336
8064,3.6338
8065,3.6338
8066,3.6339
8067,3.6341
8068,3.6343
8069,3.6344
8070,3.6344
8071,3.6346
8072,3.6347
8073,3.6349
8074,3.6351
8075,3.6351
8076,3.6352
8077,3.6354
8078,3.6355
8079,3.6355
8080,3.6357
8081,3.6358
8082,3.636
8083,3.6362
8084,3.6362
8085,3.6363
8086,3.6365
8087,3.6366
8088,3.6368
8089,3.6368
8090,3.637
8091,3.6371
8092,3.6373
8093,3.6374
8094,3.6374
8095,3.6376
8096,3.6378
8097,3.6379
8098,3.6379
8099,3.6381
8100,3.6382
8101,3.6384
8102,3.6385
8103,3.6385
8104,3.6387
8105,3.6389
8106,3.639
8107,3.639
8108,3.6392
8109,3.6393
8110,3.6395
8111,3.6397
8112,3.6397
8113,3.6398
8114,3.64
8115,3.6401
8116,3.6403
8117,3.6403
8118,3.6405
8119,3.6406
8120,3.6408
8121,3.6408
8122,3.6409
8123,3.6411
8124,3.6413
8125,3.6414
8126,3.6414
8127,3.6416
8128,3.6417
8129,3.6419
8130,3.6419
8131,3.642
8132,3.6422
8133,3.6424
8134,3.6424
8135,3.6425
8136,3.6427
8137,3.6428
8138,3.643
8139,3.643
8140,3.6432
8141,3.6433
8142,3.6435
8143,3.6435
8144,3.6436
8145,3.6438
8146,3.644
8147,3.644
8148,3.6441
8149,3.6443
8150,3.6444
8151,3.6446
8152,3.6446
8153,3.6447
8154,3.6449
8155,3.6451
8156,3.6451
8157,3.6452
8158,3.6454
8159,3.6455
8160,3.6455
8161,3.6457
8162,3.6459
8163,3.646
8164,3.6462
8165,3.6462
8166,3.6463
8167,3.6465
8168,3.6467
8169,3.6467
8170,3.6468
8171,3.647
8172,3.6471
8173,3.6471
8174,3.6473
8175,3.6474
8176,3.6476
8177,3.6478
8178,3.6478
8179,3.6479
8180,3.6481
8181,3.6482
8182,3.6482
8183,3.6484
8184,3.6486
8185,3.6487
8186,3.6487
8187,3.6489
8188,3.649
8189,3.6492
8190,3.6492
8191,3.6494
8192,3.6495
8193,3.6497
8194,3.6497
8195,3.6498
8196,3.65
8197,3.6501
8198,3.6501
8199,3.6503
8200,3.6505
8201,3.6506
8202,3.6508
8203,3.6508
8204,3.6509
8205,3.6511
8206,3.6513
8207,3.6513
8208,3.6514
8209,3.6516
8210,3.6517
8211,3.6517
8212,3.6519
8213,3.6521
8214,3.6522
8215,3.6522
8216,3.6524
8217,3.6525
8218,3.6527
8219,3.6527
8220,3.6528
8221,3.653
8222,3.6532
8223,3.6532
8224,3.6533
8225,3.6535
8226,3.6536
8227,3.6536
8228,3.6538
8229,3.654
8230,3.6541
8231,3.6541
8232,3.6543
8233,3.6544
8234,3.6546
8235,3.6546
8236,3.6548
8237,3.6549
8238,3.6551
8239,3.6551
8240,3.6552
8241,3.6554
8242,3.6554
8243,3.6555
8244,3.6557
8245,3.6559
8246,3.656
8247,3.656
8248,3.6562
8249,3.6563
8250,3.6563
8251,3.6565
8252,3.6567
8253,3.6568
8254,3.6568
8255,3.657
8256,3.6571
8257,3.6573
8258,3.6573
8259,3.6575
8260,3.6576
8261,3.6578
8262,3.6578
8263,3.6579
8264,3.6581
8265,3.6582
8266,3.6582
8267,3.6584
8268,3.6586
8269,3.6587
8270,3.6587
8271,3.6589
8272,3.659
8273,3.659
8274,3.6592
8275,3.6594
8276,3.6595
8277,3.6595
8278,3.6597
8279,3.6598
8280,3.66
8281,3.66
8282,3.6602
8283,3.6603
8284,3.6603
8285,3.6605
8286,3.6606
8287,3.6608
8288,3.6608
8289,3.6609
8290,3.6611
8291,3.6613
8292,3.6613
8293,3.6614
8294,3.6616
8295,3.6617
8296,3.6617
8297,3.6619
8298,3.6621
8299,3.6621
8300,3.6622
8301,3.6624
8302,3.6625
8303,3.6625
8304,3.6627
8305,3.6629
8306,3.663
8307,3.663
8308,3.6632
8309,3.6633
8310,3.6633
8311,3.6635
8312,3.6637
8313,3.6638
8314,3.6638
8315,3.664
8316,3.6641
8317,3.6643
8318,3.6643
8319,3.6644
8320,3.6646
8321,3.6648
8322,3.6648
8323,3.6649
8324,3.6651
8325,3.6651
8326,3.6652
8327,3.6654
8328,3.6656
8329,3.6656
8330,3.6657
8331,3.6659
8332,3.6659
8333,3.666
8334,3.6662
8335,3.6664
8336,3.6664
8337,3.6665
8338,3.6667
8339,3.6668
8340,3.6668
8341,3.667
8342,3.6671
8343,3.6673
8344,3.6673
8345,3.6675
8346,3.6676
8347,3.6678
8348,3.6678
8349,3.6679
8350,3.6681
8351,3.6681
8352,3.6683
8353,3.6684
8354,3.6686
8355,3.6686
8356,3.6687
8357,3.6689
8358,3.6689
8359,3.6691
8360,3.6692
8361,3.6694
8362,3.6694
8363,3.6695
8364,3.6697
8365,3.6698
8366,3.6698
8367,3.67
8368,3.6702
8369,3.6702
8370,3.6703
8371,3.6705
8372,3.6706
8373,3.6706
8374,3.6708
8375,3.671
8376,3.6711
8377,3.6711
8378,3.6713
8379,3.6714
8380,3.6714
8381,3.6716
8382,3.6718
8383,3.6719
8384,3.6719
8385,3.6721
8386,3.6722
8387,3.6722
8388,3.6724
8389,3.6725
8390,3.6727
8391,3.6727
8392,3.6729
8393,3.673
8394,3.6732
8395,3.6732
8396,3.6733
8397,3.6735
8398,3.6737
8399,3.6737
8400,3.6738
8401,3.674
8402,3.674
8403,3.6741
8404,3.6743
8405,3.6745
8406,3.6745
8407,3.6746
8408,3.6748
8409,3.6749
8410,3.6749
8411,3.6751
8412,3.6752
8413,3.6752
8414,3.6754
8415,3.6756
8416,3.6757
8417,3.6757
8418,3.6759
8419,3.676
8420,3.6762
8421,3.6762
8422,3.6764
8423,3.6765
8424,3.6767
8425,3.6767
8426,3.6768
8427,3.677
8428,3.677
8429,3.6772
8430,3.6773
8431,3.6775
8432,3.6775
8433,3.6776
8434,3.6778
8435,3.6778
8436,3.6779
8437,3.6781
8438,3.6783
8439,3.6784
8440,3.6784
8441,3.6786
8442,3.6787
8443,3.6789
8444,3.6789
8445,3.6791
8446,3.6792
8447,3.6794
8448,3.6794
8449,3.6795
8450,3.6797
8451,3.6799
8452,3.6799
8453,3.68
8454,3.6802
8455,3.6802
8456,3.6803
8457,3.6805
8458,3.6806
8459,3.6806
8460,3.6808
8461,3.681
8462,3.6811
8463,3.6811
8464,3.6813
8465,3.6814
8466,3.6816
8467,3.6816
8468,3.6818
8469,3.6819
8470,3.6821
8471,3.6821
8472,3.6822
8473,3.6824
8474,3.6826
8475,3.6826
8476,3.6827
8477,3.6829
8478,3.683
8479,3.6832
8480,3.6832
8481,3.6833
8482,3.6835
8483,3.6837
8484,3.6837
8485,3.6838
8486,3.684
8487,3.6841
8488,3.6841
8489,3.6843
8490,3.6845
8491,3.6846
8492,3.6846
8493,3.6848
8494,3.6849
8495,3.6851
8496,3.6851
8497,3.6853
8498,3.6854
8499,3.6856
8500,3.6857
8501,3.6857
8502,3.6859
8503,3.686
8504,3.686
8505,3.6862
8506,3.6864
8507,3.6865
8508,3.6867
8509,3.6867
8510,3.6868
8511,3.687
8512,3.6872
8513,3.6873
8514,3.6873
8515,3.6875
8516,3.6876
8517,3.6878
8518,3.688
8519,3.688
8520,3.6881
8521,3.6883
8522,3.6884
8523,3.6884
8524,3.6886
8525,3.6888
8526,3.6889
8527,3.6891
8528,3.6891
8529,3.6892
8530,3.6894
8531,3.6895
8532,3.6897
8533,3.6897
8534,3.6899
8535,3.69
8536,3.6902
8537,3.6903
8538,3.6903
8539,3.6905
8540,3.6907
8541,3.6908
8542,3.691
8543,3.691
8544,3.6911
8545,3.6913
8546,3.6915
8547,3.6916
8548,3.6918
8549,3.6918
8550,3.6919
8551,3.6921
8552,3.6922
8553,3.6924
8554,3.6926
8555,3.6926
8556,3.6927
8557,3.6929
8558,3.693
8559,3.6932
8560,3.6934
8561,3.6934
8562,3.6935
8563,3.6937
8564,3.6938
8565,3.694
8566,3.6942
8567,3.6942
8568,3.6943
8569,3.6945
8570,3.6946
8571,3.6948
8572,3.6949
8573,3.6949
8574,3.6951
8575,3.6953
8576,3.6954
8577,3.6956
8578,3.6957
8579,3.6957
8580,3.6959
8581,3.6961
8582,3.6962
8583,3.6964
8584,3.6965
8585,3.6967
8586,3.6967
8587,3.6969
8588,3.697
8589,3.6972
8590,3.6973
8591,3.6975
8592,3.6976
8593,3.6978
8594,3.6978
8595,3.698
8596,3.6981
8597,3.6983
8598,3.6984
8599,3.6986
8600,3.6988
8601,3.6989
8602,3.6989
8603,3.6991
8604,3.6992
8605,3.6994
8606,3.6996
8607,3.6997
8608,3.6999
8609,3.7
8610,3.7
8611,3.7002
8612,3.7003
8613,3.7005
8614,3.7007
8615,3.7008
8616,3.701
8617,3.7011
8618,3.7013
8619,3.7013
8620,3.7015
8621,3.7016
8622,3.7018
8623,3.7019
8624,3.7021
8625,3.7023
8626,3.7024
8627,3.7026
8628,3.7027
8629,3.7029
8630,3.7029
8631,3.703
8632,3.7032
8633,3.7034
8634,3.7035
8635,3.7037
8636,3.7038
8637,3.704
8638,3.7042
8639,3.7043
8640,3.7045
8641,3.7046
8642,3.7046
8643,3.7048
8644,3.705
8645,3.7051
8646,3.7053
8647,3.7054
8648,3.7056
8649,3.7057
8650,3.7059
8651,3.7061
8652,3.7062
8653,3.7064
8654,3.7065
8655,3.7067
8656,3.7067
8657,3.7069
8658,3.7072
8659,3.7072
8660,3.7073
8661,3.7075
8662,3.7077
8663,3.7078
8664,3.708
8665,3.7081
8666,3.7083
8667,3.7084
8668,3.7086
8669,3.7088
8670,3.7089
8671,3.7091
8672,3.7092
8673,3.7094
8674,3.7096
8675,3.7097
8676,3.7099
8677,3.71
8678,3.7102
8679,3.7102
8680,3.7104
8681,3.7104
8682,3.7104
8683,3.7104
8684,3.7104
8685,3.7104
8686,3.7104
8687,3.7104
8688,3.7104
8689,3.7104
8690,3.7104
8691,3.7104
8692,3.7104
8693,3.7104
8694,3.7104
8695,3.7104
8696,3.7104
8697,3.7104
8698,3.7104
8699,3.7104
8700,3.7104
8701,3.7104
8702,3.7104
8703,3.7104
8704,3.7104
8705,3.7104
8706,3.7104
8707,3.7104
8708,3.7104
8709,3.7104
8710,3.7104
8711,3.7104
8712,3.7104
8713,3.7104
8714,3.7104
8715,3.7104
8716,3.7104
8717,3.7104
8718,3.7082
8719,3.7074
8720,3.7071
8721,3.7069
8722,3.7068
8723,3.7066
8724,3.7065
8725,3.7063
8726,3.7063
8727,3.7063
8728,3.7062
8729,3.7062
8730,3.706
8731,3.706
8732,3.706
8733,3.7058
8734,3.7058
8735,3.7058
8736,3.7057
8737,3.7057
8738,3.7057
8739,3.7057
8740,3.7055
8741,3.7055
8742,3.7055
8743,3.7055
8744,3.7055
8745,3.7055
8746,3.7054
8747,3.7054
8748,3.7054
8749,3.7054
8750,3.7054
8751,3.7054
8752,3.7054
8753,3.7052
8754,3.7052
8755,3.7052
8756,3.7052
8757,3.7052
8758,3.7052
8759,3.7052
8760,3.7052
8761,3.705
8762,3.705
8763,3.705
8764,3.705
8765,3.705
8766,3.705
8767,3.705
8768,3.705
8769,3.705
8770,3.705
8771,3.705
8772,3.705
8773,3.705
8774,3.705
8775,3.7049
8776,3.7049
8777,3.7049
8778,3.7049
8779,3.7049
8780,3.7049
8781,3.7049
8782,3.7049
8783,3.7049
8784,3.7049
8785,3.7049
8786,3.7049
8787,3.7049
8788,3.7049
8789,3.7049
8790,3.7049
8791,3.7047
8792,3.7049
8793,3.7047
8794,3.7047
8795,3.7047
8796,3.7047
8797,3.7047
8798,3.7047
8799,3.7047
8800,3.7047
8801,3.7047
8802,3.7047
8803,3.7047
8804,3.7047
8805,3.7047
8806,3.7047
8807,3.7047
8808,3.7047
8809,3.7047
8810,3.7047
8811,3.7047
8812,3.7047
8813,3.7047
8814,3.7047
8815,3.7047
8816,3.7047
8817,3.7047
8818,3.7047
8819,3.7047
8820,3.7047
8821,3.7047
8822,3.7047
8823,3.7047
8824,3.7047
8825,3.7047
8826,3.7047
8827,3.7046
8828,3.7046
8829,3.7047
8830,3.7046
8831,3.7046
8832,3.7046
8833,3.7046
8834,3.7046
8835,3.7046
8836,3.7046
8837,3.7046
8838,3.7046
8839,3.7046
8840,3.7046
8841,3.7046
8842,3.7046
8843,3.7046
8844,3.7046
8845,3.7046
8846,3.7046
8847,3.7046
8848,3.7046
8849,3.7046
8850,3.7046
8851,3.7046
8852,3.7046
8853,3.7046
8854,3.7046
8855,3.7046
8856,3.7046
8857,3.7046
8858,3.7046
8859,3.7046
8860,3.7046
8861,3.7046
8862,3.7046
8863,3.7046
8864,3.7046
8865,3.7046
8866,3.7046
8867,3.7046
8868,3.7046
8869,3.7046
8870,3.7046
8871,3.7046
8872,3.7046
8873,3.7046
8874,3.7046
8875,3.7046
8876,3.7046
8877,3.7046
8878,3.7046
8879,3.7046
8880,3.7046
8881,3.7046
8882,3.7046
8883,3.7046
8884,3.7046
8885,3.7046
8886,3.7046
8887,3.7046
8888,3.7046
8889,3.7046
8890,3.7046
8891,3.7046
8892,3.7046
8893,3.7046
8894,3.7046
8895,3.7046
8896,3.7046
8897,3.7046
8898,3.7046
