,voltage
0,3.4067
1,3.4067
2,3.4067
3,3.4067
4,3.4067
5,3.4067
6,3.4067
7,3.4067
8,3.4067
9,3.4067
10,3.4067
11,3.4067
12,3.4067
13,3.4067
14,3.4067
15,3.4067
16,3.4067
17,3.4067
18,3.4067
19,3.4067
20,3.4067
21,3.4067
22,3.4067
23,3.4067
24,3.4067
25,3.4067
26,3.4067
27,3.4067
28,3.4067
29,3.4067
30,3.4067
31,3.4067
32,3.4067
33,3.4067
34,3.4067
35,3.4067
36,3.4067
37,3.4067
38,3.4067
39,3.4067
40,3.4067
41,3.4067
42,3.4067
43,3.4067
44,3.4067
45,3.4067
46,3.4067
47,3.4067
48,3.4067
49,3.4067
50,3.4067
51,3.4067
52,3.4067
53,3.4067
54,3.4067
55,3.4067
56,3.4067
57,3.4067
58,3.4067
59,3.4067
60,3.4067
61,3.5011
62,3.6019
63,3.6444
64,3.6429
65,3.6402
66,3.6382
67,3.6366
68,3.6353
69,3.6344
70,3.6336
71,3.6329
72,3.6324
73,3.6321
74,3.6318
75,3.6315
76,3.6313
77,3.6312
78,3.6312
79,3.631
80,3.6309
81,3.6309
82,3.6309
83,3.6309
84,3.6309
85,3.6309
86,3.631
87,3.631
88,3.6312
89,3.6312
90,3.6313
91,3.6315
92,3.6315
93,3.6316
94,3.6318
95,3.632
96,3.6321
97,3.6321
98,3.6323
99,3.6326
100,3.6326
101,3.6328
102,3.6331
103,3.6332
104,3.6334
105,3.6336
106,3.6337
107,3.6339
108,3.634
109,3.6342
110,3.6345
111,3.6347
112,3.6348
113,3.635
114,3.6351
115,3.6355
116,3.6356
117,3.6358
118,3.6359
119,3.6363
120,3.6364
121,3.6366
122,3.6367
123,3.6371
124,3.6372
125,3.6374
126,3.6375
127,3.6378
128,3.638
129,3.6382
130,3.6383
131,3.6386
132,3.6388
133,3.639
134,3.6391
135,3.6394
136,3.6396
137,3.6398
138,3.6399
139,3.6401
140,3.6404
141,3.6405
142,3.6407
143,3.6409
144,3.641
145,3.6412
146,3.6415
147,3.6417
148,3.6418
149,3.642
150,3.6421
151,3.6423
152,3.6425
153,3.6428
154,3.6429
155,3.6431
156,3.6432
157,3.6434
158,3.6436
159,3.6437
160,3.6439
161,3.644
162,3.6442
163,3.6444
164,3.6445
165,3.6447
166,3.6448
167,3.645
168,3.6452
169,3.6453
170,3.6455
171,3.6456
172,3.6458
173,3.6459
174,3.6461
175,3.6463
176,3.6464
177,3.6466
178,3.6467
179,3.6469
180,3.6471
181,3.6472
182,3.6474
183,3.6475
184,3.6475
185,3.6477
186,3.6479
187,3.648
188,3.6482
189,3.6483
190,3.6485
191,3.6485
192,3.6486
193,3.6488
194,3.649
195,3.6491
196,3.6493
197,3.6493
198,3.6494
199,3.6496
200,3.6498
201,3.6498
202,3.6499
203,3.6501
204,3.6502
205,3.6502
206,3.6504
207,3.6506
208,3.6507
209,3.6507
210,3.6509
211,3.651
212,3.6512
213,3.6513
214,3.6513
215,3.6515
216,3.6517
217,3.6517
218,3.6518
219,3.652
220,3.652
221,3.6521
222,3.6523
223,3.6523
224,3.6525
225,3.6526
226,3.6526
227,3.6528
228,3.6529
229,3.6529
230,3.6531
231,3.6533
232,3.6533
233,3.6534
234,3.6536
235,3.6536
236,3.6537
237,3.6537
238,3.6539
239,3.654
240,3.654
241,3.6542
242,3.6544
243,3.6544
244,3.6545
245,3.6545
246,3.6547
247,3.6548
248,3.6548
249,3.655
250,3.655
251,3.6552
252,3.6552
253,3.6553
254,3.6553
255,3.6555
256,3.6556
257,3.6556
258,3.6558
259,3.6558
260,3.656
261,3.656
262,3.6561
263,3.6563
264,3.6563
265,3.6564
266,3.6564
267,3.6566
268,3.6566
269,3.6568
270,3.6569
271,3.6569
272,3.6571
273,3.6571
274,3.6572
275,3.6572
276,3.6574
277,3.6574
278,3.6575
279,3.6575
280,3.6577
281,3.6577
282,3.6579
283,3.6579
284,3.658
285,3.658
286,3.6582
287,3.6582
288,3.6583
289,3.6583
290,3.6585
291,3.6585
292,3.6587
293,3.6587
294,3.6588
295,3.6588
296,3.659
297,3.659
298,3.6591
299,3.6591
300,3.6593
301,3.6593
302,3.6595
303,3.6595
304,3.6596
305,3.6596
306,3.6596
307,3.6598
308,3.6598
309,3.6599
310,3.6599
311,3.6601
312,3.6601
313,3.6602
314,3.6602
315,3.6604
316,3.6604
317,3.6606
318,3.6606
319,3.6606
320,3.6607
321,3.6607
322,3.6609
323,3.6609
324,3.661
325,3.661
326,3.6612
327,3.6612
328,3.6614
329,3.6614
330,3.6615
331,3.6615
332,3.6615
333,3.6617
334,3.6617
335,3.6618
336,3.6618
337,3.662
338,3.662
339,3.662
340,3.6622
341,3.6622
342,3.6623
343,3.6623
344,3.6625
345,3.6625
346,3.6625
347,3.6626
348,3.6626
349,3.6628
350,3.6628
351,3.6629
352,3.6629
353,3.6631
354,3.6631
355,3.6631
356,3.6633
357,3.6633
358,3.6634
359,3.6634
360,3.6636
361,3.6636
362,3.6636
363,3.6637
364,3.6637
365,3.6637
366,3.6639
367,3.6639
368,3.6641
369,3.6641
370,3.6642
371,3.6642
372,3.6642
373,3.6644
374,3.6644
375,3.6645
376,3.6645
377,3.6647
378,3.6647
379,3.6647
380,3.6649
381,3.6649
382,3.665
383,3.665
384,3.665
385,3.6652
386,3.6652
387,3.6653
388,3.6653
389,3.6653
390,3.6655
391,3.6655
392,3.6656
393,3.6656
394,3.6656
395,3.6658
396,3.6658
397,3.6658
398,3.666
399,3.666
400,3.6661
401,3.6661
402,3.6663
403,3.6663
404,3.6663
405,3.6664
406,3.6664
407,3.6666
408,3.6666
409,3.6666
410,3.6668
411,3.6668
412,3.6669
413,3.6669
414,3.6669
415,3.6671
416,3.6671
417,3.6672
418,3.6672
419,3.6672
420,3.6674
421,3.6674
422,3.6674
423,3.6676
424,3.6676
425,3.6677
426,3.6677
427,3.6677
428,3.6679
429,3.6679
430,3.668
431,3.668
432,3.668
433,3.6682
434,3.6682
435,3.6683
436,3.6683
437,3.6683
438,3.6685
439,3.6685
440,3.6685
441,3.6687
442,3.6687
443,3.6688
444,3.6688
445,3.6688
446,3.669
447,3.669
448,3.6691
449,3.6691
450,3.6691
451,3.6693
452,3.6693
453,3.6693
454,3.6695
455,3.6695
456,3.6696
457,3.6696
458,3.6696
459,3.6698
460,3.6698
461,3.6699
462,3.6699
463,3.6699
464,3.6701
465,3.6701
466,3.6701
467,3.6703
468,3.6703
469,3.6704
470,3.6704
471,3.6704
472,3.6706
473,3.6706
474,3.6706
475,3.6707
476,3.6707
477,3.6709
478,3.6709
479,3.6709
480,3.671
481,3.671
482,3.6712
483,3.6712
484,3.6712
485,3.6714
486,3.6714
487,3.6715
488,3.6715
489,3.6715
490,3.6717
491,3.6717
492,3.6717
493,3.6718
494,3.6718
495,3.672
496,3.672
497,3.672
498,3.6722
499,3.6722
500,3.6722
501,3.6723
502,3.6723
503,3.6725
504,3.6725
505,3.6725
506,3.6726
507,3.6726
508,3.6728
509,3.6728
510,3.6728
511,3.673
512,3.673
513,3.673
514,3.6731
515,3.6731
516,3.6733
517,3.6733
518,3.6733
519,3.6734
520,3.6734
521,3.6734
522,3.6736
523,3.6736
524,3.6738
525,3.6738
526,3.6738
527,3.6739
528,3.6739
529,3.6739
530,3.6741
531,3.6741
532,3.6742
533,3.6742
534,3.6742
535,3.6744
536,3.6744
537,3.6744
538,3.6745
539,3.6745
540,3.6747
541,3.6747
542,3.6747
543,3.6749
544,3.6749
545,3.675
546,3.675
547,3.675
548,3.675
549,3.6752
550,3.6752
551,3.6753
552,3.6753
553,3.6753
554,3.6755
555,3.6755
556,3.6757
557,3.6757
558,3.6757
559,3.6758
560,3.6758
561,3.6758
562,3.676
563,3.676
564,3.6761
565,3.6761
566,3.6763
567,3.6763
568,3.6763
569,3.6765
570,3.6765
571,3.6765
572,3.6766
573,3.6766
574,3.6766
575,3.6768
576,3.6768
577,3.6769
578,3.6769
579,3.6769
580,3.6771
581,3.6771
582,3.6771
583,3.6772
584,3.6772
585,3.6774
586,3.6774
587,3.6774
588,3.6776
589,3.6776
590,3.6776
591,3.6777
592,3.6777
593,3.6779
594,3.6779
595,3.6779
596,3.678
597,3.678
598,3.678
599,3.6782
600,3.6782
601,3.6784
602,3.6784
603,3.6785
604,3.6785
605,3.6785
606,3.6787
607,3.6787
608,3.6787
609,3.6788
610,3.6788
611,3.6788
612,3.679
613,3.679
614,3.6792
615,3.6792
616,3.6792
617,3.6793
618,3.6793
619,3.6795
620,3.6795
621,3.6795
622,3.6796
623,3.6796
624,3.6796
625,3.6798
626,3.6798
627,3.6799
628,3.6799
629,3.6799
630,3.6801
631,3.6801
632,3.6801
633,3.6803
634,3.6803
635,3.6804
636,3.6804
637,3.6804
638,3.6806
639,3.6806
640,3.6806
641,3.6807
642,3.6807
643,3.6809
644,3.6809
645,3.6811
646,3.6811
647,3.6811
648,3.6812
649,3.6812
650,3.6812
651,3.6814
652,3.6814
653,3.6815
654,3.6815
655,3.6815
656,3.6817
657,3.6817
658,3.6817
659,3.6819
660,3.6819
661,3.682
662,3.682
663,3.682
664,3.6822
665,3.6822
666,3.6823
667,3.6823
668,3.6823
669,3.6825
670,3.6825
671,3.6826
672,3.6826
673,3.6826
674,3.6828
675,3.6828
676,3.683
677,3.683
678,3.683
679,3.6831
680,3.6831
681,3.6833
682,3.6833
683,3.6833
684,3.6834
685,3.6834
686,3.6836
687,3.6836
688,3.6836
689,3.6838
690,3.6838
691,3.6838
692,3.6839
693,3.6839
694,3.6841
695,3.6841
696,3.6842
697,3.6842
698,3.6842
699,3.6844
700,3.6844
701,3.6844
702,3.6846
703,3.6846
704,3.6847
705,3.6847
706,3.6847
707,3.6849
708,3.6849
709,3.685
710,3.685
711,3.685
712,3.6852
713,3.6852
714,3.6853
715,3.6853
716,3.6853
717,3.6855
718,3.6855
719,3.6857
720,3.6857
721,3.6857
722,3.6858
723,3.6858
724,3.6858
725,3.686
726,3.686
727,3.6861
728,3.6861
729,3.6863
730,3.6863
731,3.6863
732,3.6865
733,3.6865
734,3.6866
735,3.6866
736,3.6866
737,3.6868
738,3.6868
739,3.6869
740,3.6869
741,3.6869
742,3.6871
743,3.6871
744,3.6873
745,3.6873
746,3.6873
747,3.6874
748,3.6874
749,3.6876
750,3.6876
751,3.6876
752,3.6877
753,3.6877
754,3.6879
755,3.6879
756,3.6879
757,3.688
758,3.688
759,3.6882
760,3.6882
761,3.6882
762,3.6884
763,3.6884
764,3.6885
765,3.6885
766,3.6887
767,3.6887
768,3.6887
769,3.6888
770,3.6888
771,3.689
772,3.689
773,3.689
774,3.6892
775,3.6892
776,3.6893
777,3.6893
778,3.6895
779,3.6895
780,3.6896
781,3.6896
782,3.6896
783,3.6898
784,3.6898
785,3.6898
786,3.69
787,3.69
788,3.6901
789,3.6901
790,3.6903
791,3.6903
792,3.6903
793,3.6904
794,3.6904
795,3.6906
796,3.6906
797,3.6907
798,3.6907
799,3.6907
800,3.6909
801,3.6909
802,3.6911
803,3.6911
804,3.6911
805,3.6912
806,3.6912
807,3.6914
808,3.6914
809,3.6914
810,3.6915
811,3.6915
812,3.6917
813,3.6917
814,3.6919
815,3.6919
816,3.6919
817,3.692
818,3.692
819,3.6922
820,3.6922
821,3.6923
822,3.6923
823,3.6923
824,3.6925
825,3.6925
826,3.6927
827,3.6927
828,3.6927
829,3.6928
830,3.6928
831,3.693
832,3.693
833,3.6931
834,3.6931
835,3.6933
836,3.6933
837,3.6933
838,3.6935
839,3.6935
840,3.6935
841,3.6936
842,3.6936
843,3.6938
844,3.6938
845,3.6939
846,3.6939
847,3.6941
848,3.6941
849,3.6941
850,3.6942
851,3.6942
852,3.6944
853,3.6944
854,3.6946
855,3.6946
856,3.6946
857,3.6947
858,3.6947
859,3.6949
860,3.6949
861,3.695
862,3.695
863,3.695
864,3.6952
865,3.6952
866,3.6954
867,3.6954
868,3.6955
869,3.6955
870,3.6957
871,3.6957
872,3.6957
873,3.6958
874,3.6958
875,3.696
876,3.696
877,3.6962
878,3.6962
879,3.6962
880,3.6963
881,3.6963
882,3.6965
883,3.6965
884,3.6966
885,3.6966
886,3.6966
887,3.6968
888,3.6968
889,3.6969
890,3.6969
891,3.6971
892,3.6971
893,3.6973
894,3.6973
895,3.6974
896,3.6974
897,3.6974
898,3.6976
899,3.6976
900,3.6977
901,3.6977
902,3.6979
903,3.6979
904,3.6979
905,3.6981
906,3.6981
907,3.6982
908,3.6982
909,3.6984
910,3.6984
911,3.6985
912,3.6985
913,3.6987
914,3.6987
915,3.6987
916,3.6989
917,3.6989
918,3.699
919,3.699
920,3.6992
921,3.6992
922,3.6992
923,3.6993
924,3.6993
925,3.6995
926,3.6995
927,3.6996
928,3.6996
929,3.6998
930,3.6998
931,3.7
932,3.7
933,3.7001
934,3.7001
935,3.7001
936,3.7003
937,3.7003
938,3.7004
939,3.7004
940,3.7004
941,3.7006
942,3.7006
943,3.7008
944,3.7008
945,3.7009
946,3.7009
947,3.7011
948,3.7011
949,3.7012
950,3.7012
951,3.7014
952,3.7014
953,3.7016
954,3.7016
955,3.7016
956,3.7017
957,3.7017
958,3.7019
959,3.7019
960,3.702
961,3.702
962,3.7022
963,3.7022
964,3.7022
965,3.7023
966,3.7023
967,3.7025
968,3.7025
969,3.7027
970,3.7027
971,3.7028
972,3.7028
973,3.703
974,3.703
975,3.7031
976,3.7031
977,3.7031
978,3.7033
979,3.7033
980,3.7035
981,3.7035
982,3.7036
983,3.7036
984,3.7038
985,3.7038
986,3.7038
987,3.7039
988,3.7041
989,3.7041
990,3.7041
991,3.7043
992,3.7043
993,3.7044
994,3.7044
995,3.7046
996,3.7046
997,3.7047
998,3.7047
999,3.7049
1000,3.7049
1001,3.705
1002,3.705
1003,3.705
1004,3.7052
1005,3.7052
1006,3.7054
1007,3.7054
1008,3.7055
1009,3.7055
1010,3.7057
1011,3.7057
1012,3.7058
1013,3.7058
1014,3.706
1015,3.706
1016,3.7062
1017,3.7062
1018,3.7062
1019,3.7063
1020,3.7063
1021,3.7065
1022,3.7065
1023,3.7066
1024,3.7066
1025,3.7068
1026,3.7068
1027,3.707
1028,3.707
1029,3.7071
1030,3.7071
1031,3.7073
1032,3.7073
1033,3.7073
1034,3.7074
1035,3.7074
1036,3.7076
1037,3.7076
1038,3.7077
1039,3.7077
1040,3.7079
1041,3.7079
1042,3.7081
1043,3.7081
1044,3.7082
1045,3.7082
1046,3.7084
1047,3.7084
1048,3.7085
1049,3.7085
1050,3.7087
1051,3.7087
1052,3.7089
1053,3.7089
1054,3.7089
1055,3.709
1056,3.7092
1057,3.7092
1058,3.7092
1059,3.7093
1060,3.7093
1061,3.7095
1062,3.7095
1063,3.7097
1064,3.7097
1065,3.7098
1066,3.7098
1067,3.71
1068,3.71
1069,3.7101
1070,3.7101
1071,3.7103
1072,3.7103
1073,3.7103
1074,3.7104
1075,3.7104
1076,3.7106
1077,3.7106
1078,3.7108
1079,3.7108
1080,3.7109
1081,3.7109
1082,3.7111
1083,3.7111
1084,3.7112
1085,3.7112
1086,3.7114
1087,3.7114
1088,3.7116
1089,3.7116
1090,3.7116
1091,3.7117
1092,3.7119
1093,3.7119
1094,3.712
1095,3.712
1096,3.7122
1097,3.7122
1098,3.7124
1099,3.7124
1100,3.7124
1101,3.7125
1102,3.7125
1103,3.7127
1104,3.7127
1105,3.7128
1106,3.7128
1107,3.713
1108,3.713
1109,3.7132
1110,3.7132
1111,3.7133
1112,3.7133
1113,3.7135
1114,3.7135
1115,3.7136
1116,3.7136
1117,3.7138
1118,3.7138
1119,3.7139
1120,3.7139
1121,3.7141
1122,3.7141
1123,3.7141
1124,3.7143
1125,3.7144
1126,3.7144
1127,3.7146
1128,3.7146
1129,3.7146
1130,3.7147
1131,3.7149
1132,3.7149
1133,3.7149
1134,3.7151
1135,3.7152
1136,3.7152
1137,3.7152
1138,3.7154
1139,3.7154
1140,3.7155
1141,3.7155
1142,3.7157
1143,3.7157
1144,3.7159
1145,3.7159
1146,3.716
1147,3.716
1148,3.7162
1149,3.7162
1150,3.7163
1151,3.7163
1152,3.7165
1153,3.7165
1154,3.7166
1155,3.7166
1156,3.7168
1157,3.7168
1158,3.717
1159,3.717
1160,3.7171
1161,3.7171
1162,3.7173
1163,3.7173
1164,3.7174
1165,3.7174
1166,3.7176
1167,3.7176
1168,3.7178
1169,3.7178
1170,3.7179
1171,3.7179
1172,3.7181
1173,3.7181
1174,3.7182
1175,3.7182
1176,3.7184
1177,3.7184
1178,3.7186
1179,3.7186
1180,3.7187
1181,3.7187
1182,3.7189
1183,3.7189
1184,3.719
1185,3.719
1186,3.7192
1187,3.7192
1188,3.7193
1189,3.7193
1190,3.7195
1191,3.7195
1192,3.7197
1193,3.7197
1194,3.7198
1195,3.7198
1196,3.72
1197,3.72
1198,3.7201
1199,3.7201
1200,3.7203
1201,3.7203
1202,3.7205
1203,3.7205
1204,3.7206
1205,3.7206
1206,3.7208
1207,3.7208
1208,3.7209
1209,3.7209
1210,3.7211
1211,3.7211
1212,3.7213
1213,3.7213
1214,3.7214
1215,3.7214
1216,3.7216
1217,3.7216
1218,3.7217
1219,3.7217
1220,3.7219
1221,3.7219
1222,3.722
1223,3.722
1224,3.7222
1225,3.7222
1226,3.7224
1227,3.7225
1228,3.7225
1229,3.7227
1230,3.7227
1231,3.7228
1232,3.7228
1233,3.7228
1234,3.723
1235,3.7232
1236,3.7232
1237,3.7233
1238,3.7233
1239,3.7235
1240,3.7235
1241,3.7236
1242,3.7236
1243,3.7238
1244,3.7238
1245,3.724
1246,3.724
1247,3.7241
1248,3.7241
1249,3.7243
1250,3.7243
1251,3.7244
1252,3.7244
1253,3.7246
1254,3.7246
1255,3.7247
1256,3.7247
1257,3.7249
1258,3.7249
1259,3.7251
1260,3.7252
1261,3.7252
1262,3.7252
1263,3.7254
1264,3.7255
1265,3.7255
1266,3.7257
1267,3.7257
1268,3.7259
1269,3.7259
1270,3.726
1271,3.726
1272,3.7262
1273,3.7262
1274,3.7263
1275,3.7263
1276,3.7265
1277,3.7265
1278,3.7267
1279,3.7267
1280,3.7268
1281,3.7268
1282,3.727
1283,3.7271
1284,3.7271
1285,3.7273
1286,3.7273
1287,3.7274
1288,3.7274
1289,3.7276
1290,3.7276
1291,3.7278
1292,3.7278
1293,3.7279
1294,3.7279
1295,3.7281
1296,3.7282
1297,3.7282
1298,3.7284
1299,3.7284
1300,3.7284
1301,3.7286
1302,3.7287
1303,3.7287
1304,3.7289
1305,3.7289
1306,3.729
1307,3.729
1308,3.7292
1309,3.7292
1310,3.7294
1311,3.7295
1312,3.7295
1313,3.7297
1314,3.7297
1315,3.7298
1316,3.7298
1317,3.73
1318,3.73
1319,3.7301
1320,3.7301
1321,3.7303
1322,3.7305
1323,3.7305
1324,3.7306
1325,3.7306
1326,3.7308
1327,3.7308
1328,3.7309
1329,3.7309
1330,3.7311
1331,3.7313
1332,3.7313
1333,3.7314
1334,3.7314
1335,3.7316
1336,3.7316
1337,3.7317
1338,3.7317
1339,3.7319
1340,3.7319
1341,3.7321
1342,3.7321
1343,3.7322
1344,3.7324
1345,3.7324
1346,3.7325
1347,3.7325
1348,3.7327
1349,3.7327
1350,3.7329
1351,3.7329
1352,3.733
1353,3.7332
1354,3.7332
1355,3.7333
1356,3.7333
1357,3.7335
1358,3.7335
1359,3.7336
1360,3.7336
1361,3.7338
1362,3.734
1363,3.734
1364,3.7341
1365,3.7341
1366,3.7343
1367,3.7344
1368,3.7344
1369,3.7346
1370,3.7346
1371,3.7348
1372,3.7348
1373,3.7349
1374,3.7351
1375,3.7351
1376,3.7352
1377,3.7352
1378,3.7354
1379,3.7354
1380,3.7356
1381,3.7357
1382,3.7357
1383,3.7359
1384,3.7359
1385,3.736
1386,3.736
1387,3.7362
1388,3.7363
1389,3.7363
1390,3.7365
1391,3.7365
1392,3.7367
1393,3.7368
1394,3.7368
1395,3.737
1396,3.737
1397,3.7371
1398,3.7371
1399,3.7373
1400,3.7375
1401,3.7375
1402,3.7376
1403,3.7376
1404,3.7378
1405,3.7379
1406,3.7379
1407,3.7381
1408,3.7381
1409,3.7383
1410,3.7384
1411,3.7384
1412,3.7386
1413,3.7386
1414,3.7387
1415,3.7389
1416,3.7389
1417,3.739
1418,3.739
1419,3.7392
1420,3.7394
1421,3.7394
1422,3.7395
1423,3.7395
1424,3.7397
1425,3.7398
1426,3.7398
1427,3.74
1428,3.74
1429,3.7402
1430,3.7403
1431,3.7403
1432,3.7405
1433,3.7406
1434,3.7406
1435,3.7408
1436,3.7408
1437,3.741
1438,3.7411
1439,3.7411
1440,3.7413
1441,3.7413
1442,3.7414
1443,3.7416
1444,3.7416
1445,3.7417
1446,3.7419
1447,3.7419
1448,3.7421
1449,3.7421
1450,3.7422
1451,3.7424
1452,3.7424
1453,3.7425
1454,3.7427
1455,3.7427
1456,3.7429
1457,3.7429
1458,3.743
1459,3.7432
1460,3.7432
1461,3.7433
1462,3.7433
1463,3.7435
1464,3.7437
1465,3.7437
1466,3.7438
1467,3.744
1468,3.744
1469,3.7441
1470,3.7443
1471,3.7443
1472,3.7444
1473,3.7446
1474,3.7446
1475,3.7448
1476,3.7449
1477,3.7449
1478,3.7451
1479,3.7452
1480,3.7452
1481,3.7454
1482,3.7454
1483,3.7456
1484,3.7457
1485,3.7457
1486,3.7459
1487,3.746
1488,3.746
1489,3.7462
1490,3.7464
1491,3.7464
1492,3.7465
1493,3.7467
1494,3.7467
1495,3.7468
1496,3.747
1497,3.747
1498,3.7471
1499,3.7473
1500,3.7473
1501,3.7475
1502,3.7476
1503,3.7476
1504,3.7478
1505,3.7479
1506,3.7479
1507,3.7481
1508,3.7483
1509,3.7483
1510,3.7484
1511,3.7486
1512,3.7487
1513,3.7487
1514,3.7489
1515,3.7489
1516,3.7491
1517,3.7492
1518,3.7494
1519,3.7494
1520,3.7495
1521,3.7495
1522,3.7497
1523,3.7499
1524,3.75
1525,3.75
1526,3.7502
1527,3.7503
1528,3.7503
1529,3.7505
1530,3.7506
1531,3.7508
1532,3.7508
1533,3.751
1534,3.7511
1535,3.7511
1536,3.7513
1537,3.7514
1538,3.7514
1539,3.7516
1540,3.7518
1541,3.7518
1542,3.7519
1543,3.7521
1544,3.7522
1545,3.7522
1546,3.7524
1547,3.7526
1548,3.7526
1549,3.7527
1550,3.7529
1551,3.753
1552,3.753
1553,3.7532
1554,3.7533
1555,3.7535
1556,3.7535
1557,3.7537
1558,3.7537
1559,3.7538
1560,3.754
1561,3.7541
1562,3.7543
1563,3.7543
1564,3.7545
1565,3.7546
1566,3.7546
1567,3.7548
1568,3.7549
1569,3.7551
1570,3.7551
1571,3.7553
1572,3.7554
1573,3.7556
1574,3.7556
1575,3.7557
1576,3.7559
1577,3.756
1578,3.756
1579,3.7562
1580,3.7564
1581,3.7565
1582,3.7565
1583,3.7567
1584,3.7568
1585,3.757
1586,3.757
1587,3.7572
1588,3.7573
1589,3.7575
1590,3.7575
1591,3.7576
1592,3.7578
1593,3.758
1594,3.758
1595,3.7581
1596,3.7583
1597,3.7584
1598,3.7584
1599,3.7586
1600,3.7587
1601,3.7589
1602,3.7589
1603,3.7591
1604,3.7592
1605,3.7594
1606,3.7595
1607,3.7595
1608,3.7597
1609,3.7599
1610,3.76
1611,3.76
1612,3.7602
1613,3.7603
1614,3.7605
1615,3.7607
1616,3.7607
1617,3.7608
1618,3.761
1619,3.761
1620,3.7611
1621,3.7613
1622,3.7614
1623,3.7616
1624,3.7618
1625,3.7618
1626,3.7619
1627,3.7621
1628,3.7622
1629,3.7624
1630,3.7624
1631,3.7626
1632,3.7627
1633,3.7629
1634,3.7629
1635,3.763
1636,3.7632
1637,3.7634
1638,3.7635
1639,3.7637
1640,3.7637
1641,3.7638
1642,3.764
1643,3.7641
1644,3.7641
1645,3.7643
1646,3.7645
1647,3.7646
1648,3.7648
1649,3.7649
1650,3.7649
1651,3.7651
1652,3.7653
1653,3.7654
1654,3.7656
1655,3.7656
1656,3.7657
1657,3.7659
1658,3.7661
1659,3.7662
1660,3.7664
1661,3.7664
1662,3.7665
1663,3.7667
1664,3.7668
1665,3.767
1666,3.7672
1667,3.7672
1668,3.7673
1669,3.7675
1670,3.7676
1671,3.7678
1672,3.768
1673,3.768
1674,3.7681
1675,3.7683
1676,3.7684
1677,3.7686
1678,3.7688
1679,3.7689
1680,3.7689
1681,3.7691
1682,3.7692
1683,3.7694
1684,3.7695
1685,3.7695
1686,3.7697
1687,3.7699
1688,3.77
1689,3.7702
1690,3.7703
1691,3.7705
1692,3.7705
1693,3.7707
1694,3.7708
1695,3.771
1696,3.7711
1697,3.7713
1698,3.7715
1699,3.7715
1700,3.7716
1701,3.7718
1702,3.7719
1703,3.7721
1704,3.7723
1705,3.7724
1706,3.7724
1707,3.7726
1708,3.7727
1709,3.7729
1710,3.773
1711,3.7732
1712,3.7734
1713,3.7735
1714,3.7735
1715,3.7737
1716,3.7738
1717,3.774
1718,3.7742
1719,3.7743
1720,3.7745
1721,3.7746
1722,3.7746
1723,3.7748
1724,3.775
1725,3.7751
1726,3.7753
1727,3.7754
1728,3.7756
1729,3.7757
1730,3.7757
1731,3.7759
1732,3.7761
1733,3.7762
1734,3.7764
1735,3.7765
1736,3.7767
1737,3.7769
1738,3.777
1739,3.777
1740,3.7772
1741,3.7773
1742,3.7775
1743,3.7777
1744,3.7778
1745,3.778
1746,3.7781
1747,3.7783
1748,3.7784
1749,3.7786
1750,3.7786
1751,3.7788
1752,3.7789
1753,3.7791
1754,3.7792
1755,3.7794
1756,3.7796
1757,3.7797
1758,3.7799
1759,3.78
1760,3.7802
1761,3.7802
1762,3.7804
1763,3.7805
1764,3.7807
1765,3.7808
1766,3.781
1767,3.7811
1768,3.7813
1769,3.7815
1770,3.7816
1771,3.7818
1772,3.7819
1773,3.7821
1774,3.7823
1775,3.7824
1776,3.7824
1777,3.7826
1778,3.7827
1779,3.7829
1780,3.7831
1781,3.7832
1782,3.7834
1783,3.7835
1784,3.7837
1785,3.7838
1786,3.784
1787,3.7842
1788,3.7843
1789,3.7845
1790,3.7846
1791,3.7848
1792,3.785
1793,3.7851
1794,3.7853
1795,3.7853
1796,3.7854
1797,3.7856
1798,3.7858
1799,3.7859
1800,3.7861
1801,3.7862
1802,3.7864
1803,3.7865
1804,3.7867
1805,3.7869
1806,3.787
1807,3.7872
1808,3.7873
1809,3.7875
1810,3.7877
1811,3.7878
1812,3.788
1813,3.7881
1814,3.7883
1815,3.7885
1816,3.7886
1817,3.7886
1818,3.7889
1819,3.7889
1820,3.7891
1821,3.7893
1822,3.7894
1823,3.7896
1824,3.7897
1825,3.7899
1826,3.79
1827,3.7902
1828,3.7904
1829,3.7905
1830,3.7907
1831,3.7908
1832,3.791
1833,3.7912
1834,3.7913
1835,3.7915
1836,3.7916
1837,3.7918
1838,3.792
1839,3.7921
1840,3.7923
1841,3.7924
1842,3.7926
1843,3.7927
1844,3.7929
1845,3.7931
1846,3.7932
1847,3.7934
1848,3.7935
1849,3.7937
1850,3.7939
1851,3.794
1852,3.7942
1853,3.7943
1854,3.7945
1855,3.7947
1856,3.7948
1857,3.795
1858,3.7951
1859,3.7953
1860,3.7954
1861,3.7956
1862,3.7958
1863,3.7959
1864,3.7961
1865,3.7962
1866,3.7964
1867,3.7966
1868,3.7967
1869,3.7969
1870,3.797
1871,3.7972
1872,3.7974
1873,3.7975
1874,3.7977
1875,3.7978
1876,3.7981
1877,3.7983
1878,3.7983
1879,3.7986
1880,3.7988
1881,3.7989
1882,3.7991
1883,3.7993
1884,3.7994
1885,3.7996
1886,3.7997
1887,3.7999
1888,3.8001
1889,3.8002
1890,3.8004
1891,3.8005
1892,3.8007
1893,3.8008
1894,3.801
1895,3.8012
1896,3.8013
1897,3.8015
1898,3.8016
1899,3.802
1900,3.802
1901,3.8023
1902,3.8024
1903,3.8026
1904,3.8028
1905,3.8029
1906,3.8031
1907,3.8032
1908,3.8034
1909,3.8035
1910,3.8037
1911,3.8039
1912,3.804
1913,3.8042
1914,3.8045
1915,3.8045
1916,3.8048
1917,3.805
1918,3.8051
1919,3.8053
1920,3.8055
1921,3.8056
1922,3.8058
1923,3.8059
1924,3.8061
1925,3.8062
1926,3.8066
1927,3.8067
1928,3.8069
1929,3.807
1930,3.8072
1931,3.8074
1932,3.8075
1933,3.8077
1934,3.8078
1935,3.808
1936,3.8082
1937,3.8083
1938,3.8086
1939,3.8088
1940,3.809
1941,3.8091
1942,3.8093
1943,3.8094
1944,3.8096
1945,3.8097
1946,3.8099
1947,3.8101
1948,3.8104
1949,3.8105
1950,3.8107
1951,3.8109
1952,3.811
1953,3.8112
1954,3.8113
1955,3.8115
1956,3.8117
1957,3.812
1958,3.8121
1959,3.8123
1960,3.8124
1961,3.8126
1962,3.8128
1963,3.8131
1964,3.8132
1965,3.8134
1966,3.8136
1967,3.8137
1968,3.8139
1969,3.814
1970,3.8142
1971,3.8144
1972,3.8147
1973,3.8148
1974,3.815
1975,3.8151
1976,3.8153
1977,3.8156
1978,3.8158
1979,3.8159
1980,3.8161
1981,3.8163
1982,3.8164
1983,3.8166
1984,3.8169
1985,3.8171
1986,3.8172
1987,3.8174
1988,3.8175
1989,3.8178
1990,3.818
1991,3.8182
1992,3.8183
1993,3.8185
1994,3.8186
1995,3.819
1996,3.8191
1997,3.8193
1998,3.8194
1999,3.8196
2000,3.8199
2001,3.8201
2002,3.8202
2003,3.8204
2004,3.8205
2005,3.8209
2006,3.821
2007,3.8212
2008,3.8213
2009,3.8215
2010,3.8218
2011,3.822
2012,3.8221
2013,3.8223
2014,3.8226
2015,3.8228
2016,3.8229
2017,3.8231
2018,3.8232
2019,3.8236
2020,3.8237
2021,3.8239
2022,3.824
2023,3.8244
2024,3.8245
2025,3.8247
2026,3.8248
2027,3.8252
2028,3.8253
2029,3.8255
2030,3.8256
2031,3.8259
2032,3.8261
2033,3.8263
2034,3.8264
2035,3.8267
2036,3.8269
2037,3.8271
2038,3.8272
2039,3.8275
2040,3.8277
2041,3.8279
2042,3.828
2043,3.8283
2044,3.8285
2045,3.8287
2046,3.829
2047,3.8291
2048,3.8293
2049,3.8294
2050,3.8296
2051,3.8299
2052,3.8301
2053,3.8302
2054,3.8306
2055,3.8307
2056,3.8309
2057,3.8312
2058,3.8314
2059,3.8315
2060,3.8317
2061,3.832
2062,3.8321
2063,3.8323
2064,3.8326
2065,3.8328
2066,3.8329
2067,3.8333
2068,3.8334
2069,3.8336
2070,3.8339
2071,3.8341
2072,3.8342
2073,3.8344
2074,3.8347
2075,3.8348
2076,3.8352
2077,3.8353
2078,3.8355
2079,3.8358
2080,3.836
2081,3.8361
2082,3.8363
2083,3.8366
2084,3.8368
2085,3.8371
2086,3.8372
2087,3.8374
2088,3.8377
2089,3.8379
2090,3.838
2091,3.8383
2092,3.8385
2093,3.8387
2094,3.839
2095,3.8391
2096,3.8393
2097,3.8396
2098,3.8398
2099,3.8401
2100,3.8402
2101,3.8404
2102,3.8407
2103,3.8409
2104,3.841
2105,3.8414
2106,3.8415
2107,3.8418
2108,3.842
2109,3.8422
2110,3.8425
2111,3.8426
2112,3.8429
2113,3.8431
2114,3.8434
2115,3.8436
2116,3.8437
2117,3.8441
2118,3.8442
2119,3.8444
2120,3.8447
2121,3.8449
2122,3.8452
2123,3.8453
2124,3.8455
2125,3.8458
2126,3.846
2127,3.8463
2128,3.8464
2129,3.8468
2130,3.8469
2131,3.8471
2132,3.8474
2133,3.8476
2134,3.8479
2135,3.848
2136,3.8484
2137,3.8485
2138,3.8488
2139,3.849
2140,3.8491
2141,3.8495
2142,3.8496
2143,3.8499
2144,3.8501
2145,3.8504
2146,3.8506
2147,3.8507
2148,3.8511
2149,3.8512
2150,3.8515
2151,3.8517
2152,3.852
2153,3.8522
2154,3.8525
2155,3.8526
2156,3.853
2157,3.8531
2158,3.8534
2159,3.8536
2160,3.8538
2161,3.8541
2162,3.8542
2163,3.8545
2164,3.8547
2165,3.855
2166,3.8552
2167,3.8555
2168,3.8557
2169,3.856
2170,3.8561
2171,3.8565
2172,3.8566
2173,3.8569
2174,3.8571
2175,3.8572
2176,3.8576
2177,3.8577
2178,3.858
2179,3.8582
2180,3.8585
2181,3.8587
2182,3.859
2183,3.8592
2184,3.8595
2185,3.8596
2186,3.8599
2187,3.8601
2188,3.8604
2189,3.8606
2190,3.8609
2191,3.8611
2192,3.8614
2193,3.8615
2194,3.8619
2195,3.862
2196,3.8623
2197,3.8625
2198,3.8628
2199,3.863
2200,3.8633
2201,3.8634
2202,3.8638
2203,3.8639
2204,3.8642
2205,3.8644
2206,3.8647
2207,3.8649
2208,3.8652
2209,3.8654
2210,3.8657
2211,3.8658
2212,3.8661
2213,3.8663
2214,3.8666
2215,3.8668
2216,3.8671
2217,3.8673
2218,3.8676
2219,3.8677
2220,3.8681
2221,3.8682
2222,3.8685
2223,3.8687
2224,3.869
2225,3.8692
2226,3.8695
2227,3.8696
2228,3.87
2229,3.8701
2230,3.8704
2231,3.8708
2232,3.8709
2233,3.8712
2234,3.8714
2235,3.8715
2236,3.8719
2237,3.8722
2238,3.8723
2239,3.8727
2240,3.8728
2241,3.8731
2242,3.8733
2243,3.8736
2244,3.8738
2245,3.8741
2246,3.8742
2247,3.8746
2248,3.8747
2249,3.875
2250,3.8752
2251,3.8754
2252,3.8757
2253,3.876
2254,3.8762
2255,3.8765
2256,3.8766
2257,3.8769
2258,3.8771
2259,3.8773
2260,3.8776
2261,3.8779
2262,3.8781
2263,3.8784
2264,3.8785
2265,3.8789
2266,3.879
2267,3.8793
2268,3.8795
2269,3.8798
2270,3.88
2271,3.8803
2272,3.8804
2273,3.8806
2274,3.8809
2275,3.8812
2276,3.8814
2277,3.8816
2278,3.8819
2279,3.8822
2280,3.8823
2281,3.8827
2282,3.8828
2283,3.883
2284,3.8833
2285,3.8836
2286,3.8838
2287,3.8839
2288,3.8843
2289,3.8844
2290,3.8847
2291,3.8849
2292,3.8852
2293,3.8854
2294,3.8857
2295,3.8858
2296,3.8862
2297,3.8863
2298,3.8866
2299,3.8868
2300,3.8871
2301,3.8873
2302,3.8876
2303,3.8878
2304,3.8881
2305,3.8882
2306,3.8885
2307,3.8887
2308,3.8889
2309,3.8892
2310,3.8895
2311,3.8897
2312,3.8898
2313,3.8901
2314,3.8903
2315,3.8906
2316,3.8908
2317,3.8911
2318,3.8912
2319,3.8916
2320,3.8917
2321,3.892
2322,3.8922
2323,3.8925
2324,3.8927
2325,3.8928
2326,3.8932
2327,3.8933
2328,3.8936
2329,3.8938
2330,3.8941
2331,3.8943
2332,3.8946
2333,3.8947
2334,3.8951
2335,3.8952
2336,3.8955
2337,3.8957
2338,3.896
2339,3.8962
2340,3.8963
2341,3.8966
2342,3.8968
2343,3.8971
2344,3.8973
2345,3.8976
2346,3.8978
2347,3.8981
2348,3.8982
2349,3.8984
2350,3.8987
2351,3.8989
2352,3.8992
2353,3.8993
2354,3.8997
2355,3.8998
2356,3.9001
2357,3.9003
2358,3.9006
2359,3.9008
2360,3.9011
2361,3.9013
2362,3.9014
2363,3.9017
2364,3.9019
2365,3.9022
2366,3.9024
2367,3.9027
2368,3.9028
2369,3.9032
2370,3.9033
2371,3.9036
2372,3.9038
2373,3.904
2374,3.9043
2375,3.9044
2376,3.9048
2377,3.9049
2378,3.9052
2379,3.9054
2380,3.9057
2381,3.9059
2382,3.906
2383,3.9063
2384,3.9065
2385,3.9068
2386,3.907
2387,3.9073
2388,3.9075
2389,3.9078
2390,3.9079
2391,3.9082
2392,3.9084
2393,3.9086
2394,3.9089
2395,3.909
2396,3.9094
2397,3.9095
2398,3.9098
2399,3.91
2400,3.9103
2401,3.9105
2402,3.9108
2403,3.9109
2404,3.9111
2405,3.9114
2406,3.9116
2407,3.9119
2408,3.9121
2409,3.9124
2410,3.9125
2411,3.9129
2412,3.913
2413,3.9132
2414,3.9135
2415,3.9136
2416,3.914
2417,3.9141
2418,3.9144
2419,3.9146
2420,3.9149
2421,3.9151
2422,3.9154
2423,3.9156
2424,3.9159
2425,3.916
2426,3.9163
2427,3.9165
2428,3.9168
2429,3.917
2430,3.9171
2431,3.9175
2432,3.9176
2433,3.9179
2434,3.9181
2435,3.9184
2436,3.9186
2437,3.9189
2438,3.919
2439,3.9194
2440,3.9195
2441,3.9198
2442,3.92
2443,3.9203
2444,3.9205
2445,3.9208
2446,3.921
2447,3.9213
2448,3.9214
2449,3.9218
2450,3.9219
2451,3.9222
2452,3.9224
2453,3.9225
2454,3.9229
2455,3.9232
2456,3.9233
2457,3.9235
2458,3.9238
2459,3.9241
2460,3.9243
2461,3.9245
2462,3.9248
2463,3.9249
2464,3.9252
2465,3.9254
2466,3.9257
2467,3.9259
2468,3.9262
2469,3.9265
2470,3.9267
2471,3.9268
2472,3.9272
2473,3.9275
2474,3.9276
2475,3.9279
2476,3.9281
2477,3.9284
2478,3.9286
2479,3.9289
2480,3.9291
2481,3.9294
2482,3.9295
2483,3.9299
2484,3.93
2485,3.9303
2486,3.9305
2487,3.9308
2488,3.9311
2489,3.9313
2490,3.9316
2491,3.9318
2492,3.9321
2493,3.9322
2494,3.9326
2495,3.9327
2496,3.933
2497,3.9333
2498,3.9335
2499,3.9338
2500,3.934
2501,3.9343
2502,3.9345
2503,3.9348
2504,3.9351
2505,3.9353
2506,3.9356
2507,3.9357
2508,3.936
2509,3.9362
2510,3.9365
2511,3.9367
2512,3.937
2513,3.9373
2514,3.9375
2515,3.9378
2516,3.9381
2517,3.9383
2518,3.9386
2519,3.9387
2520,3.9391
2521,3.9392
2522,3.9395
2523,3.9399
2524,3.94
2525,3.9403
2526,3.9407
2527,3.9408
2528,3.9411
2529,3.9413
2530,3.9416
2531,3.9418
2532,3.9421
2533,3.9424
2534,3.9426
2535,3.9429
2536,3.9432
2537,3.9434
2538,3.9437
2539,3.9438
2540,3.9442
2541,3.9445
2542,3.9446
2543,3.9449
2544,3.9453
2545,3.9454
2546,3.9457
2547,3.9459
2548,3.9462
2549,3.9465
2550,3.9467
2551,3.947
2552,3.9473
2553,3.9475
2554,3.9478
2555,3.9481
2556,3.9483
2557,3.9486
2558,3.9489
2559,3.9491
2560,3.9494
2561,3.9497
2562,3.9499
2563,3.9502
2564,3.9505
2565,3.9507
2566,3.951
2567,3.9513
2568,3.9515
2569,3.9518
2570,3.9521
2571,3.9523
2572,3.9526
2573,3.9529
2574,3.953
2575,3.9534
2576,3.9537
2577,3.9538
2578,3.9542
2579,3.9545
2580,3.9548
2581,3.955
2582,3.9553
2583,3.9556
2584,3.9557
2585,3.9561
2586,3.9564
2587,3.9565
2588,3.9569
2589,3.9572
2590,3.9573
2591,3.9577
2592,3.958
2593,3.9581
2594,3.9584
2595,3.9588
2596,3.9591
2597,3.9592
2598,3.9596
2599,3.9599
2600,3.96
2601,3.9604
2602,3.9607
2603,3.961
2604,3.9612
2605,3.9615
2606,3.9618
2607,3.9619
2608,3.9623
2609,3.9626
2610,3.9627
2611,3.9631
2612,3.9634
2613,3.9637
2614,3.9639
2615,3.9642
2616,3.9645
2617,3.9646
2618,3.965
2619,3.9653
2620,3.9656
2621,3.9658
2622,3.9661
2623,3.9664
2624,3.9666
2625,3.9669
2626,3.9672
2627,3.9675
2628,3.9677
2629,3.968
2630,3.9683
2631,3.9685
2632,3.9688
2633,3.9691
2634,3.9694
2635,3.9696
2636,3.9699
2637,3.9702
2638,3.9704
2639,3.9707
2640,3.971
2641,3.9713
2642,3.9715
2643,3.9718
2644,3.9721
2645,3.9723
2646,3.9726
2647,3.9729
2648,3.9731
2649,3.9734
2650,3.9737
2651,3.9739
2652,3.9742
2653,3.9745
2654,3.9747
2655,3.975
2656,3.9753
2657,3.9754
2658,3.9758
2659,3.9761
2660,3.9764
2661,3.9766
2662,3.9769
2663,3.9772
2664,3.9774
2665,3.9777
2666,3.978
2667,3.9781
2668,3.9785
2669,3.9788
2670,3.9789
2671,3.9793
2672,3.9796
2673,3.9797
2674,3.9801
2675,3.9804
2676,3.9805
2677,3.9808
2678,3.9812
2679,3.9813
2680,3.9816
2681,3.9818
2682,3.9821
2683,3.9824
2684,3.9826
2685,3.9829
2686,3.9832
2687,3.9834
2688,3.9837
2689,3.984
2690,3.9842
2691,3.9845
2692,3.9847
2693,3.985
2694,3.9853
2695,3.9855
2696,3.9858
2697,3.9859
2698,3.9863
2699,3.9866
2700,3.9867
2701,3.987
2702,3.9872
2703,3.9875
2704,3.9878
2705,3.988
2706,3.9883
2707,3.9885
2708,3.9888
2709,3.989
2710,3.9893
2711,3.9894
2712,3.9897
2713,3.9899
2714,3.9902
2715,3.9905
2716,3.9907
2717,3.991
2718,3.9912
2719,3.9915
2720,3.9917
2721,3.992
2722,3.9921
2723,3.9924
2724,3.9926
2725,3.9929
2726,3.9931
2727,3.9934
2728,3.9936
2729,3.9939
2730,3.994
2731,3.9944
2732,3.9945
2733,3.9948
2734,3.995
2735,3.9953
2736,3.9955
2737,3.9958
2738,3.9959
2739,3.9961
2740,3.9964
2741,3.9966
2742,3.9969
2743,3.9971
2744,3.9974
2745,3.9975
2746,3.9978
2747,3.998
2748,3.9982
2749,3.9985
2750,3.9986
2751,3.9988
2752,3.9991
2753,3.9993
2754,3.9996
2755,3.9998
2756,4.0001
2757,4.0002
2758,4.0004
2759,4.0007
2760,4.0009
2761,4.0012
2762,4.0013
2763,4.0015
2764,4.0018
2765,4.002
2766,4.0021
2767,4.0025
2768,4.0026
2769,4.0028
2770,4.0029
2771,4.0033
2772,4.0034
2773,4.0037
2774,4.0039
2775,4.004
2776,4.0044
2777,4.0045
2778,4.0047
2779,4.0048
2780,4.0052
2781,4.0053
2782,4.0055
2783,4.0058
2784,4.006
2785,4.0061
2786,4.0063
2787,4.0066
2788,4.0067
2789,4.0069
2790,4.0071
2791,4.0074
2792,4.0075
2793,4.0077
2794,4.0079
2795,4.0082
2796,4.0083
2797,4.0085
2798,4.0087
2799,4.0088
2800,4.0091
2801,4.0093
2802,4.0094
2803,4.0096
2804,4.0098
2805,4.0101
2806,4.0102
2807,4.0104
2808,4.0106
2809,4.0107
2810,4.011
2811,4.0112
2812,4.0114
2813,4.0115
2814,4.0117
2815,4.0118
2816,4.0121
2817,4.0123
2818,4.0125
2819,4.0126
2820,4.0128
2821,4.0129
2822,4.0133
2823,4.0134
2824,4.0136
2825,4.0137
2826,4.0139
2827,4.0141
2828,4.0142
2829,4.0144
2830,4.0147
2831,4.0148
2832,4.015
2833,4.0152
2834,4.0153
2835,4.0155
2836,4.0156
2837,4.0158
2838,4.016
2839,4.0161
2840,4.0163
2841,4.0166
2842,4.0168
2843,4.0169
2844,4.0171
2845,4.0172
2846,4.0174
2847,4.0175
2848,4.0177
2849,4.0179
2850,4.018
2851,4.0182
2852,4.0183
2853,4.0185
2854,4.0187
2855,4.0188
2856,4.0191
2857,4.0191
2858,4.0195
2859,4.0196
2860,4.0198
2861,4.0199
2862,4.0201
2863,4.0203
2864,4.0204
2865,4.0206
2866,4.0207
2867,4.0209
2868,4.021
2869,4.0212
2870,4.0214
2871,4.0215
2872,4.0217
2873,4.0218
2874,4.022
2875,4.0222
2876,4.0223
2877,4.0225
2878,4.0226
2879,4.0228
2880,4.023
2881,4.0231
2882,4.0233
2883,4.0234
2884,4.0236
2885,4.0237
2886,4.0239
2887,4.0241
2888,4.0242
2889,4.0244
2890,4.0245
2891,4.0247
2892,4.0249
2893,4.025
2894,4.0252
2895,4.0253
2896,4.0255
2897,4.0257
2898,4.0258
2899,4.026
2900,4.0261
2901,4.0263
2902,4.0264
2903,4.0266
2904,4.0268
2905,4.0269
2906,4.0271
2907,4.0272
2908,4.0274
2909,4.0276
2910,4.0277
2911,4.0279
2912,4.028
2913,4.0282
2914,4.0284
2915,4.0285
2916,4.0287
2917,4.0288
2918,4.029
2919,4.0291
2920,4.0293
2921,4.0295
2922,4.0296
2923,4.0298
2924,4.0299
2925,4.0301
2926,4.0303
2927,4.0304
2928,4.0306
2929,4.0307
2930,4.0309
2931,4.0311
2932,4.0312
2933,4.0314
2934,4.0315
2935,4.0317
2936,4.0318
2937,4.032
2938,4.0322
2939,4.0323
2940,4.0325
2941,4.0326
2942,4.033
2943,4.0331
2944,4.0333
2945,4.0334
2946,4.0336
2947,4.0338
2948,4.0339
2949,4.0341
2950,4.0342
2951,4.0344
2952,4.0345
2953,4.0347
2954,4.0349
2955,4.035
2956,4.0352
2957,4.0353
2958,4.0355
2959,4.0357
2960,4.0358
2961,4.036
2962,4.0361
2963,4.0365
2964,4.0366
2965,4.0368
2966,4.0369
2967,4.0371
2968,4.0372
2969,4.0374
2970,4.0376
2971,4.0377
2972,4.0379
2973,4.038
2974,4.0384
2975,4.0385
2976,4.0387
2977,4.0388
2978,4.039
2979,4.0392
2980,4.0393
2981,4.0395
2982,4.0398
2983,4.04
2984,4.0401
2985,4.0403
2986,4.0404
2987,4.0406
2988,4.0407
2989,4.0411
2990,4.0412
2991,4.0414
2992,4.0415
2993,4.0417
2994,4.0419
2995,4.0422
2996,4.0423
2997,4.0425
2998,4.0427
2999,4.0428
3000,4.0431
3001,4.0433
3002,4.0434
3003,4.0436
3004,4.0439
3005,4.0441
3006,4.0442
3007,4.0444
3008,4.0446
3009,4.0449
3010,4.045
3011,4.0452
3012,4.0455
3013,4.0457
3014,4.0458
3015,4.046
3016,4.0463
3017,4.0465
3018,4.0466
3019,4.0469
3020,4.0471
3021,4.0473
3022,4.0476
3023,4.0477
3024,4.0479
3025,4.0481
3026,4.0484
3027,4.0485
3028,4.0487
3029,4.049
3030,4.0492
3031,4.0495
3032,4.0496
3033,4.0498
3034,4.0501
3035,4.0503
3036,4.0506
3037,4.0508
3038,4.0509
3039,4.0512
3040,4.0514
3041,4.0517
3042,4.0519
3043,4.0522
3044,4.0523
3045,4.0525
3046,4.0528
3047,4.053
3048,4.0533
3049,4.0535
3050,4.0538
3051,4.0539
3052,4.0542
3053,4.0544
3054,4.0547
3055,4.0549
3056,4.0552
3057,4.0554
3058,4.0557
3059,4.0558
3060,4.0562
3061,4.0563
3062,4.0566
3063,4.0569
3064,4.0571
3065,4.0574
3066,4.0576
3067,4.0579
3068,4.0581
3069,4.0584
3070,4.0587
3071,4.0589
3072,4.0592
3073,4.0593
3074,4.0597
3075,4.06
3076,4.0601
3077,4.0604
3078,4.0608
3079,4.0609
3080,4.0612
3081,4.0616
3082,4.0617
3083,4.062
3084,4.0624
3085,4.0625
3086,4.0628
3087,4.0631
3088,4.0633
3089,4.0636
3090,4.0639
3091,4.0643
3092,4.0644
3093,4.0647
3094,4.0651
3095,4.0652
3096,4.0655
3097,4.0658
3098,4.0662
3099,4.0663
3100,4.0666
3101,4.067
3102,4.0673
3103,4.0676
3104,4.0678
3105,4.0681
3106,4.0684
3107,4.0687
3108,4.069
3109,4.0692
3110,4.0695
3111,4.0698
3112,4.0701
3113,4.0705
3114,4.0706
3115,4.0709
3116,4.0712
3117,4.0716
3118,4.0719
3119,4.0722
3120,4.0724
3121,4.0727
3122,4.073
3123,4.0733
3124,4.0736
3125,4.0739
3126,4.0743
3127,4.0744
3128,4.0747
3129,4.0751
3130,4.0754
3131,4.0757
3132,4.076
3133,4.0763
3134,4.0767
3135,4.077
3136,4.0771
3137,4.0774
3138,4.0778
3139,4.0781
3140,4.0784
3141,4.0787
3142,4.079
3143,4.0794
3144,4.0797
3145,4.08
3146,4.0803
3147,4.0805
3148,4.0808
3149,4.0811
3150,4.0814
3151,4.0817
3152,4.0821
3153,4.0824
3154,4.0827
3155,4.083
3156,4.0833
3157,4.0836
3158,4.084
3159,4.0843
3160,4.0846
3161,4.0848
3162,4.0851
3163,4.0854
3164,4.0857
3165,4.086
3166,4.0863
3167,4.0867
3168,4.087
3169,4.0873
3170,4.0876
3171,4.0879
3172,4.0882
3173,4.0886
3174,4.0889
3175,4.0892
3176,4.0894
3177,4.0897
3178,4.09
3179,4.0903
3180,4.0906
3181,4.0909
3182,4.0913
3183,4.0916
3184,4.0919
3185,4.0922
3186,4.0925
3187,4.0929
3188,4.0932
3189,4.0935
3190,4.0938
3191,4.0941
3192,4.0944
3193,4.0948
3194,4.0949
3195,4.0952
3196,4.0956
3197,4.0959
3198,4.0962
3199,4.0965
3200,4.0968
3201,4.0971
3202,4.0975
3203,4.0978
3204,4.0981
3205,4.0984
3206,4.0986
3207,4.0989
3208,4.0992
3209,4.0995
3210,4.0998
3211,4.1002
3212,4.1005
3213,4.1008
3214,4.1011
3215,4.1014
3216,4.1016
3217,4.1019
3218,4.1022
3219,4.1025
3220,4.1029
3221,4.1032
3222,4.1035
3223,4.1038
3224,4.1041
3225,4.1043
3226,4.1046
3227,4.1049
3228,4.1052
3229,4.1056
3230,4.1057
3231,4.106
3232,4.1064
3233,4.1067
3234,4.107
3235,4.1073
3236,4.1076
3237,4.1079
3238,4.1081
3239,4.1084
3240,4.1087
3241,4.1091
3242,4.1094
3243,4.1097
3244,4.1099
3245,4.1102
3246,4.1105
3247,4.1108
3248,4.111
3249,4.1113
3250,4.1116
3251,4.1119
3252,4.1121
3253,4.1124
3254,4.1127
3255,4.113
3256,4.1133
3257,4.1135
3258,4.1138
3259,4.1141
3260,4.1145
3261,4.1146
3262,4.1149
3263,4.1153
3264,4.1154
3265,4.1157
3266,4.1161
3267,4.1164
3268,4.1165
3269,4.1168
3270,4.1172
3271,4.1173
3272,4.1176
3273,4.118
3274,4.1183
3275,4.1184
3276,4.1188
3277,4.1191
3278,4.1192
3279,4.1195
3280,4.1199
3281,4.12
3282,4.1203
3283,4.1207
3284,4.1208
3285,4.1211
3286,4.1215
3287,4.1216
3288,4.1219
3289,4.1221
3290,4.1224
3291,4.1227
3292,4.1229
3293,4.1232
3294,4.1234
3295,4.1237
3296,4.124
3297,4.1242
3298,4.1245
3299,4.1246
3300,4.1249
3301,4.1251
3302,4.1254
3303,4.1256
3304,4.1259
3305,4.1262
3306,4.1264
3307,4.1267
3308,4.1269
3309,4.1272
3310,4.1273
3311,4.1276
3312,4.1278
3313,4.1281
3314,4.1283
3315,4.1286
3316,4.1288
3317,4.1291
3318,4.1292
3319,4.1296
3320,4.1297
3321,4.1299
3322,4.1302
3323,4.1303
3324,4.1307
3325,4.1308
3326,4.1311
3327,4.1313
3328,4.1316
3329,4.1318
3330,4.1319
3331,4.1323
3332,4.1324
3333,4.1327
3334,4.1329
3335,4.1331
3336,4.1334
3337,4.1335
3338,4.1338
3339,4.134
3340,4.1342
3341,4.1345
3342,4.1346
3343,4.1348
3344,4.1351
3345,4.1353
3346,4.1354
3347,4.1358
3348,4.1359
3349,4.1361
3350,4.1364
3351,4.1365
3352,4.1367
3353,4.137
3354,4.1372
3355,4.1373
3356,4.1375
3357,4.1378
3358,4.138
3359,4.1381
3360,4.1383
3361,4.1386
3362,4.1388
3363,4.1389
3364,4.1391
3365,4.1394
3366,4.1396
3367,4.1397
3368,4.1399
3369,4.14
3370,4.1404
3371,4.1405
3372,4.1407
3373,4.1408
3374,4.141
3375,4.1413
3376,4.1415
3377,4.1416
3378,4.1418
3379,4.1419
3380,4.1421
3381,4.1423
3382,4.1426
3383,4.1427
3384,4.1429
3385,4.1431
3386,4.1432
3387,4.1434
3388,4.1435
3389,4.1437
3390,4.144
3391,4.1442
3392,4.1443
3393,4.1445
3394,4.1446
3395,4.1448
3396,4.145
3397,4.1451
3398,4.1453
3399,4.1454
3400,4.1456
3401,4.1458
3402,4.1459
3403,4.1461
3404,4.1462
3405,4.1464
3406,4.1467
3407,4.1467
3408,4.1469
3409,4.147
3410,4.1473
3411,4.1473
3412,4.1477
3413,4.1477
3414,4.1478
3415,4.148
3416,4.1481
3417,4.1483
3418,4.1485
3419,4.1486
3420,4.1488
3421,4.1489
3422,4.1491
3423,4.1493
3424,4.1494
3425,4.1496
3426,4.1497
3427,4.1499
3428,4.1499
3429,4.1502
3430,4.1502
3431,4.1504
3432,4.1505
3433,4.1507
3434,4.1508
3435,4.151
3436,4.1512
3437,4.1513
3438,4.1513
3439,4.1515
3440,4.1516
3441,4.1518
3442,4.152
3443,4.1521
3444,4.1521
3445,4.1523
3446,4.1524
3447,4.1526
3448,4.1527
3449,4.1529
3450,4.1531
3451,4.1531
3452,4.1532
3453,4.1534
3454,4.1535
3455,4.1535
3456,4.1537
3457,4.1539
3458,4.154
3459,4.1542
3460,4.1542
3461,4.1543
3462,4.1545
3463,4.1547
3464,4.1547
3465,4.1548
3466,4.155
3467,4.1551
3468,4.1551
3469,4.1553
3470,4.1555
3471,4.1556
3472,4.1556
3473,4.1558
3474,4.1559
3475,4.1559
3476,4.1561
3477,4.1562
3478,4.1564
3479,4.1564
3480,4.1566
3481,4.1567
3482,4.1567
3483,4.1569
3484,4.157
3485,4.157
3486,4.1572
3487,4.1574
3488,4.1574
3489,4.1575
3490,4.1577
3491,4.1577
3492,4.1578
3493,4.158
3494,4.158
3495,4.1582
3496,4.1582
3497,4.1583
3498,4.1585
3499,4.1585
3500,4.1586
3501,4.1586
3502,4.1588
3503,4.1589
3504,4.1589
3505,4.1591
3506,4.1593
3507,4.1593
3508,4.1594
3509,4.1594
3510,4.1596
3511,4.1597
3512,4.1597
3513,4.1599
3514,4.1599
3515,4.1601
3516,4.1601
3517,4.1602
3518,4.1604
3519,4.1604
3520,4.1605
3521,4.1605
3522,4.1607
3523,4.1607
3524,4.1609
3525,4.1609
3526,4.161
3527,4.161
3528,4.1612
3529,4.1613
3530,4.1613
3531,4.1615
3532,4.1615
3533,4.1616
3534,4.1616
3535,4.1618
3536,4.1618
3537,4.162
3538,4.162
3539,4.1621
3540,4.1621
3541,4.1623
3542,4.1623
3543,4.1624
3544,4.1624
3545,4.1626
3546,4.1626
3547,4.1628
3548,4.1628
3549,4.1629
3550,4.1631
3551,4.1631
3552,4.1631
3553,4.1632
3554,4.1632
3555,4.1634
3556,4.1634
3557,4.1636
3558,4.1636
3559,4.1637
3560,4.1637
3561,4.1639
3562,4.1639
3563,4.164
3564,4.164
3565,4.1642
3566,4.1642
3567,4.1643
3568,4.1643
3569,4.1645
3570,4.1645
3571,4.1647
3572,4.1647
3573,4.1648
3574,4.1648
3575,4.165
3576,4.165
3577,4.1651
3578,4.1651
3579,4.1653
3580,4.1653
3581,4.1655
3582,4.1655
3583,4.1656
3584,4.1656
3585,4.1658
3586,4.1658
3587,4.1659
3588,4.1659
3589,4.1661
3590,4.1661
3591,4.1663
3592,4.1663
3593,4.1664
3594,4.1664
3595,4.1666
3596,4.1666
3597,4.1667
3598,4.1667
3599,4.1669
3600,4.1669
3601,4.167
3602,4.1672
3603,4.1672
3604,4.1674
3605,4.1674
3606,4.1675
3607,4.1675
3608,4.1677
3609,4.1677
3610,4.1678
3611,4.1678
3612,4.168
3613,4.168
3614,4.1682
3615,4.1682
3616,4.1683
3617,4.1683
3618,4.1685
3619,4.1685
3620,4.1686
3621,4.1688
3622,4.1688
3623,4.169
3624,4.169
3625,4.1691
3626,4.1691
3627,4.1693
3628,4.1693
3629,4.1694
3630,4.1694
3631,4.1696
3632,4.1697
3633,4.1697
3634,4.1699
3635,4.1699
3636,4.1701
3637,4.1701
3638,4.1702
3639,4.1704
3640,4.1704
3641,4.1705
3642,4.1705
3643,4.1707
3644,4.1709
3645,4.1709
3646,4.171
3647,4.171
3648,4.1712
3649,4.1713
3650,4.1713
3651,4.1715
3652,4.1715
3653,4.1717
3654,4.1718
3655,4.1718
3656,4.172
3657,4.1721
3658,4.1721
3659,4.1723
3660,4.1725
3661,4.1725
3662,4.1726
3663,4.1726
3664,4.1728
3665,4.1729
3666,4.1729
3667,4.1731
3668,4.1732
3669,4.1732
3670,4.1734
3671,4.1736
3672,4.1736
3673,4.1737
3674,4.1739
3675,4.1739
3676,4.174
3677,4.1742
3678,4.1744
3679,4.1744
3680,4.1745
3681,4.1747
3682,4.1747
3683,4.1748
3684,4.175
3685,4.1752
3686,4.1752
3687,4.1753
3688,4.1755
3689,4.1756
3690,4.1756
3691,4.1758
3692,4.1759
3693,4.1761
3694,4.1761
3695,4.1763
3696,4.1764
3697,4.1766
3698,4.1767
3699,4.1767
3700,4.1769
3701,4.1771
3702,4.1772
3703,4.1774
3704,4.1775
3705,4.1775
3706,4.1777
3707,4.1779
3708,4.178
3709,4.1782
3710,4.1783
3711,4.1783
3712,4.1785
3713,4.1786
3714,4.1788
3715,4.179
3716,4.1791
3717,4.1793
3718,4.1794
3719,4.1796
3720,4.1798
3721,4.1798
3722,4.1801
3723,4.1801
3724,4.1802
3725,4.1804
3726,4.1806
3727,4.1807
3728,4.1809
3729,4.181
3730,4.1812
3731,4.1813
3732,4.1815
3733,4.1817
3734,4.1818
3735,4.182
3736,4.1821
3737,4.1823
3738,4.1825
3739,4.1826
3740,4.1828
3741,4.1831
3742,4.1833
3743,4.1834
3744,4.1836
3745,4.1837
3746,4.1839
3747,4.184
3748,4.1842
3749,4.1844
3750,4.1847
3751,4.1848
3752,4.185
3753,4.1852
3754,4.1853
3755,4.1855
3756,4.1858
3757,4.186
3758,4.1861
3759,4.1863
3760,4.1866
3761,4.1867
3762,4.1869
3763,4.1871
3764,4.1874
3765,4.1875
3766,4.1877
3767,4.188
3768,4.1882
3769,4.1883
3770,4.1887
3771,4.1888
3772,4.189
3773,4.1893
3774,4.1894
3775,4.1898
3776,4.1899
3777,4.1901
3778,4.1904
3779,4.1906
3780,4.1909
3781,4.191
3782,4.1914
3783,4.1915
3784,4.1918
3785,4.192
3786,4.1923
3787,4.1926
3788,4.1928
3789,4.1931
3790,4.1933
3791,4.1936
3792,4.1939
3793,4.1941
3794,4.1944
3795,4.1947
3796,4.1949
3797,4.1952
3798,4.1955
3799,4.1958
3800,4.196
3801,4.1963
3802,4.1966
3803,4.1969
3804,4.1972
3805,4.1974
3806,4.1977
3807,4.198
3808,4.1983
3809,4.1987
3810,4.199
3811,4.1993
3812,4.1996
3813,4.1999
3814,4.2003
3815,4.2006
3816,4.2009
3817,4.2012
3818,4.2015
3819,4.2018
3820,4.2022
3821,4.2025
3822,4.203
3823,4.2033
3824,4.2036
3825,4.2039
3826,4.2042
3827,4.2047
3828,4.205
3829,4.2053
3830,4.2058
3831,4.2061
3832,4.2064
3833,4.2069
3834,4.2072
3835,4.2077
3836,4.208
3837,4.2085
3838,4.2088
3839,4.2093
3840,4.2096
3841,4.2101
3842,4.2106
3843,4.2109
3844,4.2114
3845,4.2119
3846,4.2122
3847,4.2126
3848,4.2131
3849,4.2136
3850,4.2141
3851,4.2144
3852,4.2149
3853,4.2153
3854,4.2158
3855,4.2163
3856,4.2168
3857,4.2173
3858,4.2177
3859,4.2182
3860,4.2187
3861,4.2192
3862,4.2198
3863,4.2203
3864,4.2207
3865,4.2212
3866,4.2219
3867,4.2223
3868,4.2228
3869,4.2234
3870,4.2239
3871,4.2246
3872,4.225
3873,4.2257
3874,4.2261
3875,4.2268
3876,4.2273
3877,4.2279
3878,4.2285
3879,4.229
3880,4.2296
3881,4.2303
3882,4.2309
3883,4.2314
3884,4.232
3885,4.2327
3886,4.2333
3887,4.2339
3888,4.2346
3889,4.2352
3890,4.2358
3891,4.2365
3892,4.2373
3893,4.2379
3894,4.2385
3895,4.2392
3896,4.24
3897,4.2406
3898,4.2412
3899,4.242
3900,4.2427
3901,4.2433
3902,4.2441
3903,4.2449
3904,4.2455
3905,4.2463
3906,4.247
3907,4.2478
3908,4.2486
3909,4.2493
3910,4.2501
3911,4.2508
3912,4.2516
3913,4.2524
3914,4.2532
3915,4.254
3916,4.2547
3917,4.2555
3918,4.2565
3919,4.2573
3920,4.2581
3921,4.2589
3922,4.2597
3923,4.2606
3924,4.2614
3925,4.2622
3926,4.2632
3927,4.264
3928,4.2649
3929,4.2657
3930,4.2667
3931,4.2675
3932,4.2684
3933,4.2694
3934,4.2702
3935,4.2711
3936,4.2721
3937,4.273
3938,4.274
3939,4.2748
3940,4.2759
3941,4.2768
3942,4.2778
3943,4.2786
3944,4.2797
3945,4.2806
3946,4.2816
3947,4.2825
3948,4.2835
3949,4.2846
3950,4.2856
3951,4.2865
3952,4.2876
3953,4.2886
3954,4.2897
3955,4.2907
3956,4.2918
3957,4.2927
3958,4.2938
3959,4.2948
3960,4.2959
3961,4.297
3962,4.298
3963,4.2991
3964,4.3002
3965,4.3005
3966,4.3005
3967,4.3005
3968,4.3005
3969,4.3005
3970,4.3005
3971,4.3005
3972,4.2984
3973,4.2967
3974,4.2959
3975,4.2953
3976,4.2948
3977,4.2945
3978,4.2942
3979,4.2938
3980,4.2935
3981,4.2934
3982,4.293
3983,4.2929
3984,4.2926
3985,4.2924
3986,4.2922
3987,4.2921
3988,4.2919
3989,4.2918
3990,4.2916
3991,4.2914
3992,4.2914
3993,4.2913
3994,4.2911
3995,4.291
3996,4.291
3997,4.2908
3998,4.2908
3999,4.2907
4000,4.2907
4001,4.2905
4002,4.2905
4003,4.2903
4004,4.2902
4005,4.2902
4006,4.29
4007,4.29
4008,4.29
4009,4.2899
4010,4.2899
4011,4.2897
4012,4.2897
4013,4.2895
4014,4.2895
4015,4.2895
4016,4.2894
4017,4.2894
4018,4.2892
4019,4.2892
4020,4.2892
4021,4.2891
4022,4.2891
4023,4.2891
4024,4.2889
4025,4.2889
4026,4.2887
4027,4.2887
4028,4.2887
4029,4.2887
4030,4.2886
4031,4.2886
4032,4.2886
4033,4.2884
4034,4.2884
4035,4.2884
4036,4.2883
4037,4.2883
4038,4.2883
4039,4.2883
4040,4.2881
4041,4.2881
4042,4.2881
4043,4.2881
4044,4.288
4045,4.288
4046,4.288
4047,4.2878
4048,4.2878
4049,4.2878
4050,4.2878
4051,4.2876
4052,4.2876
4053,4.2876
4054,4.2876
4055,4.2876
4056,4.2875
4057,4.2875
4058,4.2875
4059,4.2875
4060,4.2873
4061,4.2873
4062,4.2873
4063,4.2873
4064,4.2872
4065,4.2872
4066,4.2872
4067,4.2872
4068,4.2872
4069,4.287
4070,4.287
4071,4.287
4072,4.287
4073,4.2868
4074,4.2868
4075,4.2868
4076,4.2868
4077,4.2868
4078,4.2867
4079,4.2867
4080,4.2867
4081,4.2867
4082,4.2867
4083,4.2865
4084,4.2865
4085,4.2865
4086,4.2865
4087,4.2864
4088,4.2864
4089,4.2864
4090,4.2864
4091,4.2864
4092,4.2864
4093,4.2862
4094,4.2862
4095,4.2862
4096,4.2862
4097,4.2862
4098,4.286
4099,4.286
4100,4.286
4101,4.286
4102,4.286
4103,4.2859
4104,4.2859
4105,4.2859
4106,4.2859
4107,4.2859
4108,4.2859
4109,4.2859
4110,4.2857
4111,4.2857
4112,4.2857
4113,4.2857
4114,4.2857
4115,4.2856
4116,4.2856
4117,4.2856
4118,4.2856
4119,4.2856
4120,4.2856
4121,4.2854
4122,4.2854
4123,4.2854
4124,4.2854
4125,4.2854
4126,4.2854
4127,4.2853
4128,4.2853
4129,4.2853
4130,4.2853
4131,4.2853
4132,4.2853
4133,4.2853
4134,4.2851
4135,4.2851
4136,4.2851
4137,4.2851
4138,4.2851
4139,4.2851
4140,4.2849
4141,4.2849
4142,4.2849
4143,4.2849
4144,4.2849
4145,4.2849
4146,4.2848
4147,4.2848
4148,4.2848
4149,4.2848
4150,4.2848
4151,4.2848
4152,4.2848
4153,4.2795
4154,4.2752
4155,4.273
4156,4.2711
4157,4.2695
4158,4.2679
4159,4.2663
4160,4.2649
4161,4.2636
4162,4.2624
4163,4.2609
4164,4.2598
4165,4.2586
4166,4.2573
4167,4.2562
4168,4.2551
4169,4.2538
4170,4.2527
4171,4.2517
4172,4.2506
4173,4.2495
4174,4.2484
4175,4.2473
4176,4.2463
4177,4.2452
4178,4.2443
4179,4.2431
4180,4.2422
4181,4.2412
4182,4.2403
4183,4.2393
4184,4.2384
4185,4.2374
4186,4.2365
4187,4.2355
4188,4.2346
4189,4.2338
4190,4.2328
4191,4.2319
4192,4.2311
4193,4.2301
4194,4.2293
4195,4.2284
4196,4.2276
4197,4.2268
4198,4.226
4199,4.225
4200,4.2242
4201,4.2234
4202,4.2226
4203,4.2219
4204,4.2211
4205,4.2203
4206,4.2195
4207,4.2188
4208,4.218
4209,4.2172
4210,4.2166
4211,4.2158
4212,4.215
4213,4.2144
4214,4.2136
4215,4.213
4216,4.2123
4217,4.2115
4218,4.2109
4219,4.2103
4220,4.2095
4221,4.2088
4222,4.2082
4223,4.2076
4224,4.2069
4225,4.2063
4226,4.2056
4227,4.205
4228,4.2044
4229,4.2037
4230,4.2033
4231,4.2026
4232,4.202
4233,4.2014
4234,4.2009
4235,4.2002
4236,4.1998
4237,4.1991
4238,4.1985
4239,4.198
4240,4.1974
4241,4.1969
4242,4.1964
4243,4.1958
4244,4.1953
4245,4.1948
4246,4.1944
4247,4.1937
4248,4.1932
4249,4.1928
4250,4.1923
4251,4.1918
4252,4.1913
4253,4.1909
4254,4.1904
4255,4.1899
4256,4.1894
4257,4.189
4258,4.1886
4259,4.1882
4260,4.1877
4261,4.1872
4262,4.1869
4263,4.1864
4264,4.1859
4265,4.1856
4266,4.1851
4267,4.1847
4268,4.1844
4269,4.1839
4270,4.1836
4271,4.1831
4272,4.1828
4273,4.1824
4274,4.182
4275,4.1816
4276,4.1812
4277,4.1809
4278,4.1805
4279,4.1802
4280,4.1797
4281,4.1794
4282,4.1791
4283,4.1788
4284,4.1785
4285,4.1782
4286,4.1777
4287,4.1774
4288,4.177
4289,4.1767
4290,4.1764
4291,4.1761
4292,4.1758
4293,4.1755
4294,4.1751
4295,4.1748
4296,4.1747
4297,4.1743
4298,4.174
4299,4.1737
4300,4.1734
4301,4.1731
4302,4.1729
4303,4.1726
4304,4.1723
4305,4.172
4306,4.1718
4307,4.1715
4308,4.1713
4309,4.171
4310,4.1707
4311,4.1705
4312,4.1702
4313,4.1699
4314,4.1697
4315,4.1694
4316,4.1693
4317,4.1689
4318,4.1688
4319,4.1685
4320,4.1683
4321,4.168
4322,4.1678
4323,4.1675
4324,4.1673
4325,4.1672
4326,4.1669
4327,4.1667
4328,4.1664
4329,4.1662
4330,4.1661
4331,4.1658
4332,4.1656
4333,4.1654
4334,4.1653
4335,4.165
4336,4.1648
4337,4.1646
4338,4.1645
4339,4.1642
4340,4.164
4341,4.1639
4342,4.1637
4343,4.1635
4344,4.1632
4345,4.1631
4346,4.1629
4347,4.1627
4348,4.1626
4349,4.1624
4350,4.1623
4351,4.1619
4352,4.1618
4353,4.1616
4354,4.1615
4355,4.1613
4356,4.1612
4357,4.161
4358,4.1608
4359,4.1607
4360,4.1605
4361,4.1604
4362,4.1602
4363,4.16
4364,4.1599
4365,4.1597
4366,4.1596
4367,4.1594
4368,4.1592
4369,4.1591
4370,4.1589
4371,4.1589
4372,4.1588
4373,4.1586
4374,4.1584
4375,4.1583
4376,4.1581
4377,4.158
4378,4.1578
4379,4.1577
4380,4.1575
4381,4.1575
4382,4.1573
4383,4.1572
4384,4.157
4385,4.1569
4386,4.1567
4387,4.1567
4388,4.1565
4389,4.1564
4390,4.1562
4391,4.1562
4392,4.1561
4393,4.1559
4394,4.1557
4395,4.1556
4396,4.1556
4397,4.1554
4398,4.1553
4399,4.1551
4400,4.1551
4401,4.155
4402,4.1548
4403,4.1546
4404,4.1546
4405,4.1545
4406,4.1543
4407,4.1543
4408,4.1542
4409,4.154
4410,4.154
4411,4.1538
4412,4.1537
4413,4.1537
4414,4.1535
4415,4.1534
4416,4.1534
4417,4.1532
4418,4.153
4419,4.153
4420,4.1529
4421,4.1527
4422,4.1527
4423,4.1526
4424,4.1524
4425,4.1524
4426,4.1523
4427,4.1523
4428,4.1521
4429,4.1521
4430,4.1519
4431,4.1518
4432,4.1518
4433,4.1516
4434,4.1516
4435,4.1515
4436,4.1515
4437,4.1513
4438,4.1511
4439,4.1511
4440,4.151
4441,4.151
4442,4.1508
4443,4.1508
4444,4.1507
4445,4.1505
4446,4.1505
4447,4.1503
4448,4.1503
4449,4.1502
4450,4.1502
4451,4.15
4452,4.15
4453,4.1499
4454,4.1499
4455,4.1497
4456,4.1496
4457,4.1496
4458,4.1494
4459,4.1494
4460,4.1492
4461,4.1492
4462,4.1491
4463,4.1491
4464,4.1489
4465,4.1489
4466,4.1488
4467,4.1488
4468,4.1486
4469,4.1486
4470,4.1484
4471,4.1484
4472,4.1483
4473,4.1483
4474,4.1481
4475,4.1481
4476,4.148
4477,4.148
4478,4.148
4479,4.1478
4480,4.1478
4481,4.1476
4482,4.1475
4483,4.1475
4484,4.1475
4485,4.1473
4486,4.1473
4487,4.1472
4488,4.1472
4489,4.147
4490,4.147
4491,4.1468
4492,4.1468
4493,4.1467
4494,4.1467
4495,4.1465
4496,4.1465
4497,4.1464
4498,4.1464
4499,4.1464
4500,4.1462
4501,4.1462
4502,4.1461
4503,4.1461
4504,4.1459
4505,4.1459
4506,4.1457
4507,4.1457
4508,4.1456
4509,4.1456
4510,4.1454
4511,4.1454
4512,4.1454
4513,4.1453
4514,4.1453
4515,4.1451
4516,4.1451
4517,4.1449
4518,4.1449
4519,4.1448
4520,4.1448
4521,4.1448
4522,4.1446
4523,4.1446
4524,4.1445
4525,4.1445
4526,4.1443
4527,4.1443
4528,4.1443
4529,4.1441
4530,4.1441
4531,4.144
4532,4.144
4533,4.1438
4534,4.1438
4535,4.1437
4536,4.1437
4537,4.1437
4538,4.1435
4539,4.1435
4540,4.1434
4541,4.1434
4542,4.1432
4543,4.1432
4544,4.143
4545,4.143
4546,4.143
4547,4.1429
4548,4.1429
4549,4.1427
4550,4.1427
4551,4.1426
4552,4.1426
4553,4.1424
4554,4.1424
4555,4.1422
4556,4.1422
4557,4.1422
4558,4.1421
4559,4.1421
4560,4.1419
4561,4.1419
4562,4.1418
4563,4.1418
4564,4.1416
4565,4.1416
4566,4.1416
4567,4.1414
4568,4.1413
4569,4.1413
4570,4.1413
4571,4.1411
4572,4.1411
4573,4.141
4574,4.141
4575,4.1408
4576,4.1408
4577,4.1407
4578,4.1407
4579,4.1405
4580,4.1405
4581,4.1405
4582,4.1403
4583,4.1403
4584,4.1402
4585,4.1402
4586,4.14
4587,4.14
4588,4.1399
4589,4.1399
4590,4.1397
4591,4.1397
4592,4.1395
4593,4.1395
4594,4.1394
4595,4.1394
4596,4.1392
4597,4.1392
4598,4.1391
4599,4.1391
4600,4.1389
4601,4.1389
4602,4.1387
4603,4.1387
4604,4.1386
4605,4.1386
4606,4.1384
4607,4.1384
4608,4.1383
4609,4.1383
4610,4.1381
4611,4.1381
4612,4.138
4613,4.1378
4614,4.1378
4615,4.1376
4616,4.1376
4617,4.1375
4618,4.1375
4619,4.1373
4620,4.1373
4621,4.1372
4622,4.1372
4623,4.137
4624,4.137
4625,4.1368
4626,4.1367
4627,4.1367
4628,4.1365
4629,4.1365
4630,4.1364
4631,4.1364
4632,4.1362
4633,4.1362
4634,4.136
4635,4.1359
4636,4.1359
4637,4.1357
4638,4.1356
4639,4.1356
4640,4.1354
4641,4.1354
4642,4.1353
4643,4.1351
4644,4.1351
4645,4.1349
4646,4.1349
4647,4.1348
4648,4.1346
4649,4.1346
4650,4.1345
4651,4.1343
4652,4.1343
4653,4.1341
4654,4.134
4655,4.134
4656,4.1338
4657,4.1337
4658,4.1337
4659,4.1335
4660,4.1333
4661,4.1333
4662,4.1332
4663,4.133
4664,4.133
4665,4.1329
4666,4.1327
4667,4.1325
4668,4.1325
4669,4.1324
4670,4.1322
4671,4.1321
4672,4.1321
4673,4.1319
4674,4.1318
4675,4.1316
4676,4.1316
4677,4.1314
4678,4.1313
4679,4.1311
4680,4.1311
4681,4.131
4682,4.1308
4683,4.1306
4684,4.1305
4685,4.1305
4686,4.1303
4687,4.1302
4688,4.13
4689,4.1298
4690,4.1298
4691,4.1297
4692,4.1295
4693,4.1294
4694,4.1292
4695,4.1291
4696,4.1289
4697,4.1289
4698,4.1287
4699,4.1286
4700,4.1284
4701,4.1283
4702,4.1281
4703,4.1279
4704,4.1278
4705,4.1276
4706,4.1275
4707,4.1273
4708,4.1273
4709,4.1271
4710,4.127
4711,4.1268
4712,4.1267
4713,4.1265
4714,4.1264
4715,4.1262
4716,4.126
4717,4.1259
4718,4.1257
4719,4.1256
4720,4.1254
4721,4.1252
4722,4.1251
4723,4.1249
4724,4.1248
4725,4.1246
4726,4.1244
4727,4.1243
4728,4.1241
4729,4.1238
4730,4.1237
4731,4.1235
4732,4.1233
4733,4.1232
4734,4.123
4735,4.1229
4736,4.1227
4737,4.1225
4738,4.1224
4739,4.1222
4740,4.1219
4741,4.1217
4742,4.1216
4743,4.1214
4744,4.1213
4745,4.1211
4746,4.1208
4747,4.1206
4748,4.1205
4749,4.1203
4750,4.1202
4751,4.1198
4752,4.1197
4753,4.1195
4754,4.1194
4755,4.1192
4756,4.1189
4757,4.1187
4758,4.1186
4759,4.1184
4760,4.1181
4761,4.1179
4762,4.1178
4763,4.1176
4764,4.1173
4765,4.1171
4766,4.117
4767,4.1167
4768,4.1165
4769,4.1163
4770,4.116
4771,4.1159
4772,4.1157
4773,4.1154
4774,4.1152
4775,4.1151
4776,4.1148
4777,4.1146
4778,4.1144
4779,4.1141
4780,4.114
4781,4.1136
4782,4.1135
4783,4.1133
4784,4.113
4785,4.1128
4786,4.1125
4787,4.1124
4788,4.1121
4789,4.1119
4790,4.1117
4791,4.1114
4792,4.1113
4793,4.1109
4794,4.1108
4795,4.1105
4796,4.1103
4797,4.11
4798,4.1098
4799,4.1095
4800,4.1093
4801,4.109
4802,4.1089
4803,4.1087
4804,4.1084
4805,4.1081
4806,4.1079
4807,4.1076
4808,4.1074
4809,4.1071
4810,4.107
4811,4.1066
4812,4.1063
4813,4.1062
4814,4.1059
4815,4.1057
4816,4.1054
4817,4.1052
4818,4.1049
4819,4.1046
4820,4.1044
4821,4.1041
4822,4.1039
4823,4.1036
4824,4.1033
4825,4.1032
4826,4.1028
4827,4.1025
4828,4.1024
4829,4.102
4830,4.1017
4831,4.1016
4832,4.1012
4833,4.1009
4834,4.1008
4835,4.1005
4836,4.1001
4837,4.1
4838,4.0997
4839,4.0993
4840,4.099
4841,4.0989
4842,4.0985
4843,4.0982
4844,4.0979
4845,4.0977
4846,4.0974
4847,4.0971
4848,4.097
4849,4.0966
4850,4.0963
4851,4.096
4852,4.0957
4853,4.0955
4854,4.0952
4855,4.0949
4856,4.0946
4857,4.0943
4858,4.0941
4859,4.0938
4860,4.0935
4861,4.0931
4862,4.0928
4863,4.0927
4864,4.0923
4865,4.092
4866,4.0917
4867,4.0914
4868,4.0911
4869,4.0909
4870,4.0906
4871,4.0903
4872,4.09
4873,4.0896
4874,4.0893
4875,4.089
4876,4.0889
4877,4.0885
4878,4.0882
4879,4.0879
4880,4.0876
4881,4.0873
4882,4.0869
4883,4.0866
4884,4.0863
4885,4.086
4886,4.0857
4887,4.0854
4888,4.0852
4889,4.0849
4890,4.0846
4891,4.0842
4892,4.0839
4893,4.0836
4894,4.0833
4895,4.083
4896,4.0827
4897,4.0823
4898,4.082
4899,4.0817
4900,4.0814
4901,4.0812
4902,4.0809
4903,4.0806
4904,4.0803
4905,4.08
4906,4.0796
4907,4.0793
4908,4.079
4909,4.0787
4910,4.0784
4911,4.078
4912,4.0777
4913,4.0774
4914,4.0771
4915,4.0768
4916,4.0765
4917,4.0761
4918,4.0758
4919,4.0755
4920,4.0755
4921,4.0752
4922,4.0752
4923,4.0749
4924,4.0749
4925,4.0745
4926,4.0745
4927,4.0742
4928,4.0742
4929,4.0739
4930,4.0739
4931,4.0736
4932,4.0736
4933,4.0733
4934,4.0733
4935,4.073
4936,4.073
4937,4.0726
4938,4.0726
4939,4.0723
4940,4.0723
4941,4.072
4942,4.072
4943,4.0717
4944,4.0717
4945,4.0714
4946,4.0714
4947,4.0711
4948,4.0711
4949,4.0707
4950,4.0707
4951,4.0704
4952,4.0704
4953,4.0701
4954,4.0701
4955,4.0698
4956,4.0698
4957,4.0695
4958,4.0695
4959,4.0691
4960,4.0691
4961,4.0688
4962,4.0685
4963,4.0682
4964,4.0679
4965,4.0676
4966,4.0672
4967,4.0669
4968,4.0666
4969,4.0664
4970,4.0661
4971,4.0658
4972,4.0655
4973,4.0652
4974,4.0649
4975,4.0645
4976,4.0642
4977,4.0639
4978,4.0636
4979,4.0633
4980,4.0629
4981,4.0626
4982,4.0623
4983,4.062
4984,4.0617
4985,4.0614
4986,4.061
4987,4.0607
4988,4.0604
4989,4.0601
4990,4.0598
4991,4.0595
4992,4.0591
4993,4.0588
4994,4.0585
4995,4.0582
4996,4.0579
4997,4.0575
4998,4.0574
4999,4.0571
5000,4.0568
5001,4.0564
5002,4.0561
5003,4.0558
5004,4.0555
5005,4.0552
5006,4.0548
5007,4.0545
5008,4.0542
5009,4.0539
5010,4.0537
5011,4.0534
5012,4.0531
5013,4.0528
5014,4.0525
5015,4.0521
5016,4.0518
5017,4.0517
5018,4.0513
5019,4.051
5020,4.0507
5021,4.0504
5022,4.0501
5023,4.0498
5024,4.0496
5025,4.0493
5026,4.049
5027,4.0486
5028,4.0483
5029,4.048
5030,4.0479
5031,4.0475
5032,4.0472
5033,4.0469
5034,4.0466
5035,4.0463
5036,4.0461
5037,4.0458
5038,4.0455
5039,4.0452
5040,4.045
5041,4.0447
5042,4.0444
5043,4.044
5044,4.0437
5045,4.0436
5046,4.0432
5047,4.0429
5048,4.0428
5049,4.0425
5050,4.0421
5051,4.042
5052,4.0417
5053,4.0413
5054,4.041
5055,4.0409
5056,4.0405
5057,4.0402
5058,4.0399
5059,4.0398
5060,4.0394
5061,4.0393
5062,4.039
5063,4.0386
5064,4.0385
5065,4.0382
5066,4.0378
5067,4.0377
5068,4.0374
5069,4.0372
5070,4.0369
5071,4.0366
5072,4.0364
5073,4.0361
5074,4.0359
5075,4.0356
5076,4.0353
5077,4.0351
5078,4.0348
5079,4.0347
5080,4.0343
5081,4.0342
5082,4.0339
5083,4.0337
5084,4.0334
5085,4.0332
5086,4.0329
5087,4.0326
5088,4.0324
5089,4.0323
5090,4.032
5091,4.0318
5092,4.0315
5093,4.0313
5094,4.031
5095,4.0309
5096,4.0305
5097,4.0304
5098,4.0301
5099,4.0299
5100,4.0296
5101,4.0294
5102,4.0293
5103,4.0289
5104,4.0288
5105,4.0285
5106,4.0283
5107,4.028
5108,4.0278
5109,4.0277
5110,4.0274
5111,4.0272
5112,4.027
5113,4.0267
5114,4.0266
5115,4.0264
5116,4.0261
5117,4.0259
5118,4.0258
5119,4.0254
5120,4.0253
5121,4.0251
5122,4.0248
5123,4.0247
5124,4.0245
5125,4.0242
5126,4.024
5127,4.0239
5128,4.0237
5129,4.0234
5130,4.0232
5131,4.0231
5132,4.0229
5133,4.0226
5134,4.0224
5135,4.0223
5136,4.022
5137,4.0218
5138,4.0216
5139,4.0215
5140,4.0213
5141,4.021
5142,4.0208
5143,4.0207
5144,4.0205
5145,4.0204
5146,4.02
5147,4.0199
5148,4.0197
5149,4.0196
5150,4.0194
5151,4.0193
5152,4.0189
5153,4.0188
5154,4.0186
5155,4.0185
5156,4.0183
5157,4.0181
5158,4.0178
5159,4.0177
5160,4.0175
5161,4.0173
5162,4.0172
5163,4.017
5164,4.0169
5165,4.0166
5166,4.0164
5167,4.0162
5168,4.0161
5169,4.0159
5170,4.0158
5171,4.0156
5172,4.0154
5173,4.0153
5174,4.015
5175,4.0148
5176,4.0146
5177,4.0145
5178,4.0143
5179,4.0142
5180,4.014
5181,4.0138
5182,4.0137
5183,4.0135
5184,4.0134
5185,4.0132
5186,4.0131
5187,4.0127
5188,4.0126
5189,4.0126
5190,4.0123
5191,4.0121
5192,4.0119
5193,4.0118
5194,4.0116
5195,4.0115
5196,4.0113
5197,4.0111
5198,4.011
5199,4.0108
5200,4.0107
5201,4.0105
5202,4.0104
5203,4.0102
5204,4.01
5205,4.0099
5206,4.0097
5207,4.0096
5208,4.0094
5209,4.0092
5210,4.0091
5211,4.0089
5212,4.0088
5213,4.0086
5214,4.0084
5215,4.0083
5216,4.0081
5217,4.008
5218,4.0078
5219,4.0077
5220,4.0075
5221,4.0073
5222,4.0072
5223,4.007
5224,4.0069
5225,4.0067
5226,4.0065
5227,4.0064
5228,4.0062
5229,4.0061
5230,4.0059
5231,4.0057
5232,4.0056
5233,4.0054
5234,4.0053
5235,4.0051
5236,4.005
5237,4.0048
5238,4.0046
5239,4.0045
5240,4.0043
5241,4.0042
5242,4.004
5243,4.0038
5244,4.0035
5245,4.0035
5246,4.0034
5247,4.0032
5248,4.003
5249,4.0029
5250,4.0026
5251,4.0026
5252,4.0024
5253,4.0021
5254,4.0019
5255,4.0019
5256,4.0018
5257,4.0015
5258,4.0013
5259,4.0011
5260,4.001
5261,4.0008
5262,4.0007
5263,4.0005
5264,4.0003
5265,4.0002
5266,4.0
5267,3.9999
5268,3.9997
5269,3.9995
5270,3.9994
5271,3.9992
5272,3.9991
5273,3.9989
5274,3.9988
5275,3.9986
5276,3.9984
5277,3.9983
5278,3.9981
5279,3.998
5280,3.9978
5281,3.9976
5282,3.9973
5283,3.9972
5284,3.997
5285,3.9968
5286,3.9967
5287,3.9965
5288,3.9964
5289,3.9962
5290,3.9961
5291,3.9959
5292,3.9957
5293,3.9956
5294,3.9953
5295,3.9951
5296,3.9949
5297,3.9948
5298,3.9946
5299,3.9945
5300,3.9943
5301,3.9941
5302,3.994
5303,3.9937
5304,3.9935
5305,3.9934
5306,3.9932
5307,3.993
5308,3.9929
5309,3.9927
5310,3.9926
5311,3.9922
5312,3.9921
5313,3.9919
5314,3.9918
5315,3.9916
5316,3.9914
5317,3.9911
5318,3.991
5319,3.9908
5320,3.9906
5321,3.9905
5322,3.9902
5323,3.99
5324,3.9899
5325,3.9897
5326,3.9895
5327,3.9892
5328,3.9891
5329,3.9889
5330,3.9887
5331,3.9886
5332,3.9883
5333,3.9881
5334,3.9879
5335,3.9878
5336,3.9875
5337,3.9873
5338,3.9872
5339,3.987
5340,3.9867
5341,3.9865
5342,3.9864
5343,3.9862
5344,3.9859
5345,3.9857
5346,3.9856
5347,3.9854
5348,3.9851
5349,3.9849
5350,3.9848
5351,3.9845
5352,3.9843
5353,3.9841
5354,3.9838
5355,3.9837
5356,3.9835
5357,3.9832
5358,3.983
5359,3.9829
5360,3.9825
5361,3.9824
5362,3.9822
5363,3.9819
5364,3.9818
5365,3.9816
5366,3.9813
5367,3.9811
5368,3.9808
5369,3.9806
5370,3.9805
5371,3.9802
5372,3.98
5373,3.9797
5374,3.9795
5375,3.9794
5376,3.9791
5377,3.9789
5378,3.9786
5379,3.9784
5380,3.9781
5381,3.9779
5382,3.9778
5383,3.9775
5384,3.9773
5385,3.977
5386,3.9768
5387,3.9765
5388,3.9763
5389,3.976
5390,3.9759
5391,3.9756
5392,3.9754
5393,3.9751
5394,3.9749
5395,3.9746
5396,3.9744
5397,3.9741
5398,3.974
5399,3.9736
5400,3.9735
5401,3.9732
5402,3.973
5403,3.9727
5404,3.9725
5405,3.9722
5406,3.9721
5407,3.9717
5408,3.9716
5409,3.9713
5410,3.9709
5411,3.9708
5412,3.9705
5413,3.9703
5414,3.97
5415,3.9697
5416,3.9695
5417,3.9692
5418,3.969
5419,3.9687
5420,3.9686
5421,3.9682
5422,3.9679
5423,3.9678
5424,3.9675
5425,3.9671
5426,3.967
5427,3.9667
5428,3.9665
5429,3.9662
5430,3.9659
5431,3.9657
5432,3.9654
5433,3.9651
5434,3.9649
5435,3.9646
5436,3.9643
5437,3.9641
5438,3.9638
5439,3.9635
5440,3.9633
5441,3.963
5442,3.9627
5443,3.9625
5444,3.9622
5445,3.9619
5446,3.9616
5447,3.9614
5448,3.9611
5449,3.9608
5450,3.9606
5451,3.9603
5452,3.96
5453,3.9598
5454,3.9595
5455,3.9592
5456,3.9589
5457,3.9587
5458,3.9584
5459,3.9581
5460,3.9579
5461,3.9576
5462,3.9573
5463,3.957
5464,3.9568
5465,3.9565
5466,3.9562
5467,3.9559
5468,3.9557
5469,3.9554
5470,3.9551
5471,3.9547
5472,3.9546
5473,3.9543
5474,3.9539
5475,3.9536
5476,3.9535
5477,3.9531
5478,3.9528
5479,3.9525
5480,3.9524
5481,3.952
5482,3.9517
5483,3.9514
5484,3.9511
5485,3.9509
5486,3.9506
5487,3.9503
5488,3.95
5489,3.9497
5490,3.9495
5491,3.9492
5492,3.9489
5493,3.9485
5494,3.9484
5495,3.9481
5496,3.9477
5497,3.9474
5498,3.9473
5499,3.947
5500,3.9466
5501,3.9463
5502,3.946
5503,3.9458
5504,3.9455
5505,3.9452
5506,3.9449
5507,3.9446
5508,3.9444
5509,3.9441
5510,3.9438
5511,3.9435
5512,3.9433
5513,3.943
5514,3.9427
5515,3.9423
5516,3.942
5517,3.9419
5518,3.9415
5519,3.9412
5520,3.9409
5521,3.9408
5522,3.9404
5523,3.9401
5524,3.9398
5525,3.9395
5526,3.9393
5527,3.939
5528,3.9387
5529,3.9384
5530,3.9382
5531,3.9379
5532,3.9376
5533,3.9373
5534,3.9369
5535,3.9368
5536,3.9365
5537,3.9361
5538,3.9358
5539,3.9357
5540,3.9354
5541,3.935
5542,3.9347
5543,3.9346
5544,3.9342
5545,3.9339
5546,3.9336
5547,3.9334
5548,3.9331
5549,3.9328
5550,3.9325
5551,3.9322
5552,3.932
5553,3.9317
5554,3.9314
5555,3.9312
5556,3.9309
5557,3.9306
5558,3.9303
5559,3.9301
5560,3.9298
5561,3.9295
5562,3.9292
5563,3.929
5564,3.9287
5565,3.9284
5566,3.9282
5567,3.9279
5568,3.9276
5569,3.9274
5570,3.9271
5571,3.9268
5572,3.9265
5573,3.9263
5574,3.926
5575,3.9257
5576,3.9255
5577,3.9252
5578,3.9249
5579,3.9247
5580,3.9244
5581,3.9241
5582,3.9239
5583,3.9236
5584,3.9233
5585,3.9231
5586,3.9228
5587,3.9225
5588,3.9223
5589,3.922
5590,3.9217
5591,3.9215
5592,3.9212
5593,3.9209
5594,3.9207
5595,3.9204
5596,3.9201
5597,3.9199
5598,3.9196
5599,3.9193
5600,3.9191
5601,3.9188
5602,3.9187
5603,3.9184
5604,3.918
5605,3.9179
5606,3.9176
5607,3.9172
5608,3.9171
5609,3.9168
5610,3.9166
5611,3.9163
5612,3.916
5613,3.9158
5614,3.9155
5615,3.9153
5616,3.915
5617,3.9147
5618,3.9145
5619,3.9142
5620,3.9141
5621,3.9137
5622,3.9134
5623,3.9133
5624,3.9129
5625,3.9128
5626,3.9125
5627,3.9123
5628,3.912
5629,3.9117
5630,3.9115
5631,3.9112
5632,3.911
5633,3.9107
5634,3.9106
5635,3.9102
5636,3.9101
5637,3.9098
5638,3.9095
5639,3.9093
5640,3.909
5641,3.9088
5642,3.9085
5643,3.9083
5644,3.908
5645,3.9079
5646,3.9075
5647,3.9074
5648,3.9071
5649,3.9069
5650,3.9066
5651,3.9064
5652,3.9061
5653,3.9058
5654,3.9056
5655,3.9055
5656,3.9052
5657,3.9048
5658,3.9047
5659,3.9044
5660,3.9042
5661,3.9039
5662,3.9037
5663,3.9036
5664,3.9033
5665,3.9031
5666,3.9028
5667,3.9025
5668,3.9023
5669,3.9021
5670,3.9018
5671,3.9015
5672,3.9013
5673,3.9012
5674,3.9009
5675,3.9007
5676,3.9004
5677,3.9002
5678,3.8999
5679,3.8998
5680,3.8994
5681,3.8993
5682,3.899
5683,3.8988
5684,3.8985
5685,3.8983
5686,3.898
5687,3.8979
5688,3.8975
5689,3.8974
5690,3.8971
5691,3.8969
5692,3.8967
5693,3.8964
5694,3.8963
5695,3.8959
5696,3.8958
5697,3.8955
5698,3.8953
5699,3.895
5700,3.8948
5701,3.8945
5702,3.8944
5703,3.894
5704,3.8939
5705,3.8937
5706,3.8934
5707,3.8932
5708,3.8929
5709,3.8928
5710,3.8924
5711,3.8923
5712,3.8921
5713,3.8918
5714,3.8917
5715,3.8913
5716,3.8912
5717,3.8909
5718,3.8907
5719,3.8905
5720,3.8902
5721,3.8901
5722,3.8897
5723,3.8896
5724,3.8893
5725,3.8891
5726,3.8888
5727,3.8886
5728,3.8883
5729,3.8882
5730,3.888
5731,3.8877
5732,3.8875
5733,3.8872
5734,3.887
5735,3.8867
5736,3.8866
5737,3.8863
5738,3.8861
5739,3.8858
5740,3.8856
5741,3.8855
5742,3.8851
5743,3.885
5744,3.8847
5745,3.8845
5746,3.8843
5747,3.884
5748,3.8839
5749,3.8836
5750,3.8834
5751,3.8831
5752,3.8829
5753,3.8826
5754,3.8824
5755,3.8821
5756,3.882
5757,3.8816
5758,3.8815
5759,3.8813
5760,3.881
5761,3.8808
5762,3.8805
5763,3.8804
5764,3.8801
5765,3.8799
5766,3.8796
5767,3.8794
5768,3.8793
5769,3.8789
5770,3.8788
5771,3.8785
5772,3.8783
5773,3.878
5774,3.8778
5775,3.8775
5776,3.8774
5777,3.877
5778,3.8769
5779,3.8766
5780,3.8764
5781,3.8761
5782,3.8759
5783,3.8756
5784,3.8754
5785,3.8753
5786,3.875
5787,3.8748
5788,3.8745
5789,3.8743
5790,3.874
5791,3.8739
5792,3.8735
5793,3.8734
5794,3.8731
5795,3.8729
5796,3.8726
5797,3.8724
5798,3.8721
5799,3.872
5800,3.8716
5801,3.8715
5802,3.8712
5803,3.871
5804,3.8707
5805,3.8705
5806,3.8702
5807,3.87
5808,3.8697
5809,3.8696
5810,3.8692
5811,3.8691
5812,3.8688
5813,3.8686
5814,3.8683
5815,3.8681
5816,3.8678
5817,3.8677
5818,3.8673
5819,3.8672
5820,3.8669
5821,3.8667
5822,3.8664
5823,3.8662
5824,3.8659
5825,3.8658
5826,3.8654
5827,3.8653
5828,3.865
5829,3.8648
5830,3.8645
5831,3.8642
5832,3.864
5833,3.8637
5834,3.8635
5835,3.8632
5836,3.8631
5837,3.8627
5838,3.8626
5839,3.8623
5840,3.8621
5841,3.8618
5842,3.8616
5843,3.8613
5844,3.861
5845,3.8608
5846,3.8605
5847,3.8604
5848,3.86
5849,3.8599
5850,3.8596
5851,3.8594
5852,3.8591
5853,3.8589
5854,3.8586
5855,3.8583
5856,3.8581
5857,3.8578
5858,3.8576
5859,3.8573
5860,3.857
5861,3.8569
5862,3.8567
5863,3.8564
5864,3.8561
5865,3.8559
5866,3.8556
5867,3.8554
5868,3.8551
5869,3.8549
5870,3.8546
5871,3.8543
5872,3.8542
5873,3.8538
5874,3.8537
5875,3.8534
5876,3.8532
5877,3.8529
5878,3.8527
5879,3.8524
5880,3.8521
5881,3.8519
5882,3.8516
5883,3.8515
5884,3.8511
5885,3.8508
5886,3.8507
5887,3.8503
5888,3.8502
5889,3.8499
5890,3.8497
5891,3.8494
5892,3.8492
5893,3.8489
5894,3.8486
5895,3.8484
5896,3.8481
5897,3.848
5898,3.8476
5899,3.8473
5900,3.8472
5901,3.8468
5902,3.8467
5903,3.8464
5904,3.846
5905,3.8459
5906,3.8456
5907,3.8454
5908,3.8451
5909,3.8449
5910,3.8446
5911,3.8443
5912,3.8441
5913,3.8438
5914,3.8437
5915,3.8433
5916,3.8432
5917,3.8429
5918,3.8427
5919,3.8424
5920,3.8421
5921,3.8419
5922,3.8416
5923,3.8414
5924,3.8411
5925,3.8408
5926,3.8406
5927,3.8403
5928,3.8402
5929,3.8399
5930,3.8397
5931,3.8394
5932,3.8392
5933,3.8389
5934,3.8386
5935,3.8384
5936,3.8381
5937,3.8379
5938,3.8376
5939,3.8373
5940,3.8372
5941,3.8368
5942,3.8367
5943,3.8364
5944,3.8362
5945,3.8359
5946,3.8357
5947,3.8354
5948,3.8352
5949,3.8349
5950,3.8348
5951,3.8344
5952,3.8341
5953,3.834
5954,3.8337
5955,3.8335
5956,3.8332
5957,3.833
5958,3.8327
5959,3.8325
5960,3.8322
5961,3.8321
5962,3.8317
5963,3.8316
5964,3.8313
5965,3.8311
5966,3.8308
5967,3.8305
5968,3.8303
5969,3.83
5970,3.8298
5971,3.8295
5972,3.8294
5973,3.829
5974,3.8289
5975,3.8286
5976,3.8284
5977,3.8281
5978,3.8279
5979,3.8276
5980,3.8275
5981,3.8271
5982,3.827
5983,3.8267
5984,3.8265
5985,3.8262
5986,3.826
5987,3.8257
5988,3.8256
5989,3.8252
5990,3.8251
5991,3.8248
5992,3.8246
5993,3.8243
5994,3.8241
5995,3.8238
5996,3.8236
5997,3.8233
5998,3.8232
5999,3.8229
6000,3.8227
6001,3.8224
6002,3.8222
6003,3.8219
6004,3.8217
6005,3.8214
6006,3.8213
6007,3.8209
6008,3.8208
6009,3.8206
6010,3.8203
6011,3.8201
6012,3.8198
6013,3.8197
6014,3.8194
6015,3.8192
6016,3.8189
6017,3.8187
6018,3.8184
6019,3.8182
6020,3.8179
6021,3.8178
6022,3.8176
6023,3.8173
6024,3.8171
6025,3.8168
6026,3.8167
6027,3.8163
6028,3.8162
6029,3.816
6030,3.8157
6031,3.8155
6032,3.8152
6033,3.8151
6034,3.8147
6035,3.8146
6036,3.8144
6037,3.8141
6038,3.814
6039,3.8136
6040,3.8135
6041,3.8133
6042,3.813
6043,3.8128
6044,3.8125
6045,3.8124
6046,3.8122
6047,3.8119
6048,3.8117
6049,3.8114
6050,3.8113
6051,3.8111
6052,3.8108
6053,3.8106
6054,3.8103
6055,3.8101
6056,3.81
6057,3.8097
6058,3.8095
6059,3.8092
6060,3.809
6061,3.8089
6062,3.8085
6063,3.8084
6064,3.8082
6065,3.8079
6066,3.8078
6067,3.8076
6068,3.8073
6069,3.8071
6070,3.8068
6071,3.8066
6072,3.8065
6073,3.8062
6074,3.806
6075,3.8058
6076,3.8055
6077,3.8054
6078,3.8052
6079,3.8049
6080,3.8047
6081,3.8046
6082,3.8043
6083,3.8041
6084,3.8039
6085,3.8036
6086,3.8035
6087,3.8033
6088,3.803
6089,3.8028
6090,3.8027
6091,3.8024
6092,3.8022
6093,3.802
6094,3.8017
6095,3.8016
6096,3.8014
6097,3.8011
6098,3.8009
6099,3.8008
6100,3.8004
6101,3.8003
6102,3.8001
6103,3.7998
6104,3.7997
6105,3.7995
6106,3.7993
6107,3.799
6108,3.7989
6109,3.7987
6110,3.7984
6111,3.7982
6112,3.7981
6113,3.7979
6114,3.7976
6115,3.7974
6116,3.7973
6117,3.7969
6118,3.7968
6119,3.7966
6120,3.7963
6121,3.7962
6122,3.796
6123,3.7958
6124,3.7955
6125,3.7954
6126,3.7952
6127,3.795
6128,3.7947
6129,3.7946
6130,3.7944
6131,3.7941
6132,3.7939
6133,3.7938
6134,3.7936
6135,3.7935
6136,3.7931
6137,3.793
6138,3.7928
6139,3.7927
6140,3.7923
6141,3.7922
6142,3.792
6143,3.7917
6144,3.7915
6145,3.7914
6146,3.7912
6147,3.7911
6148,3.7908
6149,3.7906
6150,3.7904
6151,3.7901
6152,3.79
6153,3.7898
6154,3.7896
6155,3.7895
6156,3.7892
6157,3.789
6158,3.7888
6159,3.7887
6160,3.7884
6161,3.7882
6162,3.7881
6163,3.7879
6164,3.7877
6165,3.7874
6166,3.7873
6167,3.7871
6168,3.7869
6169,3.7868
6170,3.7865
6171,3.7863
6172,3.7861
6173,3.786
6174,3.7858
6175,3.7855
6176,3.7853
6177,3.7852
6178,3.785
6179,3.7847
6180,3.7846
6181,3.7844
6182,3.7842
6183,3.7841
6184,3.7838
6185,3.7836
6186,3.7834
6187,3.7833
6188,3.7831
6189,3.783
6190,3.7826
6191,3.7825
6192,3.7823
6193,3.7822
6194,3.782
6195,3.7817
6196,3.7815
6197,3.7814
6198,3.7812
6199,3.7811
6200,3.7807
6201,3.7806
6202,3.7804
6203,3.7803
6204,3.7801
6205,3.7799
6206,3.7796
6207,3.7795
6208,3.7793
6209,3.7792
6210,3.779
6211,3.7787
6212,3.7785
6213,3.7784
6214,3.7782
6215,3.778
6216,3.7779
6217,3.7776
6218,3.7774
6219,3.7772
6220,3.7771
6221,3.7769
6222,3.7768
6223,3.7766
6224,3.7763
6225,3.7761
6226,3.776
6227,3.7758
6228,3.7757
6229,3.7755
6230,3.7752
6231,3.775
6232,3.7749
6233,3.7747
6234,3.7745
6235,3.7744
6236,3.7741
6237,3.7739
6238,3.7737
6239,3.7736
6240,3.7734
6241,3.7733
6242,3.7731
6243,3.7728
6244,3.7726
6245,3.7725
6246,3.7723
6247,3.7722
6248,3.772
6249,3.7718
6250,3.7717
6251,3.7714
6252,3.7712
6253,3.771
6254,3.7709
6255,3.7707
6256,3.7706
6257,3.7704
6258,3.7701
6259,3.7699
6260,3.7698
6261,3.7696
6262,3.7695
6263,3.7693
6264,3.7691
6265,3.769
6266,3.7687
6267,3.7685
6268,3.7683
6269,3.7682
6270,3.768
6271,3.7679
6272,3.7677
6273,3.7674
6274,3.7672
6275,3.7671
6276,3.7669
6277,3.7668
6278,3.7666
6279,3.7664
6280,3.7663
6281,3.766
6282,3.7658
6283,3.7656
6284,3.7655
6285,3.7653
6286,3.7652
6287,3.765
6288,3.7649
6289,3.7647
6290,3.7644
6291,3.7642
6292,3.7641
6293,3.7639
6294,3.7637
6295,3.7636
6296,3.7634
6297,3.7633
6298,3.7631
6299,3.7628
6300,3.7626
6301,3.7625
6302,3.7623
6303,3.7621
6304,3.762
6305,3.7618
6306,3.7617
6307,3.7615
6308,3.7612
6309,3.761
6310,3.7609
6311,3.7607
6312,3.7606
6313,3.7604
6314,3.7602
6315,3.7601
6316,3.7598
6317,3.7596
6318,3.7594
6319,3.7593
6320,3.7591
6321,3.759
6322,3.7588
6323,3.7587
6324,3.7585
6325,3.7583
6326,3.7582
6327,3.7579
6328,3.7577
6329,3.7575
6330,3.7574
6331,3.7572
6332,3.7571
6333,3.7569
6334,3.7567
6335,3.7566
6336,3.7563
6337,3.7561
6338,3.756
6339,3.7558
6340,3.7556
6341,3.7555
6342,3.7553
6343,3.7552
6344,3.755
6345,3.7548
6346,3.7545
6347,3.7544
6348,3.7542
6349,3.754
6350,3.7539
6351,3.7537
6352,3.7536
6353,3.7534
6354,3.7533
6355,3.7531
6356,3.7529
6357,3.7526
6358,3.7525
6359,3.7523
6360,3.7521
6361,3.752
6362,3.7518
6363,3.7517
6364,3.7515
6365,3.7513
6366,3.751
6367,3.7509
6368,3.7507
6369,3.7506
6370,3.7504
6371,3.7502
6372,3.7501
6373,3.7499
6374,3.7498
6375,3.7496
6376,3.7494
6377,3.7491
6378,3.749
6379,3.7488
6380,3.7486
6381,3.7485
6382,3.7483
6383,3.7482
6384,3.748
6385,3.7478
6386,3.7477
6387,3.7474
6388,3.7472
6389,3.7471
6390,3.7469
6391,3.7467
6392,3.7466
6393,3.7464
6394,3.7463
6395,3.7461
6396,3.7459
6397,3.7458
6398,3.7456
6399,3.7453
6400,3.7451
6401,3.745
6402,3.7448
6403,3.7447
6404,3.7445
6405,3.7444
6406,3.7442
6407,3.744
6408,3.7439
6409,3.7437
6410,3.7434
6411,3.7432
6412,3.7431
6413,3.7429
6414,3.7428
6415,3.7426
6416,3.7424
6417,3.7423
6418,3.7421
6419,3.742
6420,3.7418
6421,3.7415
6422,3.7413
6423,3.7412
6424,3.741
6425,3.7409
6426,3.7407
6427,3.7405
6428,3.7404
6429,3.7402
6430,3.7401
6431,3.7397
6432,3.7396
6433,3.7394
6434,3.7393
6435,3.7391
6436,3.739
6437,3.7388
6438,3.7386
6439,3.7385
6440,3.7383
6441,3.7382
6442,3.7378
6443,3.7377
6444,3.7375
6445,3.7374
6446,3.7372
6447,3.737
6448,3.7369
6449,3.7367
6450,3.7366
6451,3.7364
6452,3.7362
6453,3.7361
6454,3.7358
6455,3.7356
6456,3.7355
6457,3.7353
6458,3.7351
6459,3.735
6460,3.7348
6461,3.7347
6462,3.7345
6463,3.7343
6464,3.734
6465,3.7339
6466,3.7337
6467,3.7335
6468,3.7334
6469,3.7332
6470,3.7331
6471,3.7329
6472,3.7328
6473,3.7326
6474,3.7324
6475,3.7321
6476,3.732
6477,3.7318
6478,3.7316
6479,3.7315
6480,3.7313
6481,3.7312
6482,3.731
6483,3.7308
6484,3.7307
6485,3.7304
6486,3.7302
6487,3.7301
6488,3.7299
6489,3.7297
6490,3.7296
6491,3.7294
6492,3.7293
6493,3.7291
6494,3.7289
6495,3.7286
6496,3.7285
6497,3.7283
6498,3.7281
6499,3.728
6500,3.7278
6501,3.7277
6502,3.7275
6503,3.7274
6504,3.7272
6505,3.7269
6506,3.7267
6507,3.7266
6508,3.7264
6509,3.7262
6510,3.7261
6511,3.7259
6512,3.7258
6513,3.7256
6514,3.7253
6515,3.7251
6516,3.725
6517,3.7248
6518,3.7246
6519,3.7245
6520,3.7243
6521,3.7242
6522,3.724
6523,3.7239
6524,3.7235
6525,3.7234
6526,3.7232
6527,3.7231
6528,3.7229
6529,3.7227
6530,3.7226
6531,3.7224
6532,3.7223
6533,3.7221
6534,3.7218
6535,3.7216
6536,3.7215
6537,3.7213
6538,3.7212
6539,3.721
6540,3.7208
6541,3.7207
6542,3.7205
6543,3.7202
6544,3.72
6545,3.7199
6546,3.7197
6547,3.7196
6548,3.7194
6549,3.7192
6550,3.7191
6551,3.7189
6552,3.7186
6553,3.7185
6554,3.7183
6555,3.7181
6556,3.718
6557,3.7178
6558,3.7177
6559,3.7175
6560,3.7172
6561,3.717
6562,3.7169
6563,3.7167
6564,3.7165
6565,3.7164
6566,3.7162
6567,3.7161
6568,3.7158
6569,3.7156
6570,3.7154
6571,3.7153
6572,3.7151
6573,3.715
6574,3.7148
6575,3.7146
6576,3.7145
6577,3.7142
6578,3.714
6579,3.7138
6580,3.7137
6581,3.7135
6582,3.7134
6583,3.7132
6584,3.713
6585,3.7127
6586,3.7126
6587,3.7124
6588,3.7123
6589,3.7121
6590,3.7119
6591,3.7118
6592,3.7116
6593,3.7115
6594,3.7111
6595,3.711
6596,3.7108
6597,3.7107
6598,3.7105
6599,3.7103
6600,3.7102
6601,3.71
6602,3.7097
6603,3.7096
6604,3.7094
6605,3.7092
6606,3.7091
6607,3.7089
6608,3.7088
6609,3.7084
6610,3.7083
6611,3.7081
6612,3.708
6613,3.7078
6614,3.7076
6615,3.7075
6616,3.7073
6617,3.707
6618,3.7069
6619,3.7067
6620,3.7065
6621,3.7064
6622,3.7062
6623,3.7061
6624,3.7059
6625,3.7056
6626,3.7054
6627,3.7053
6628,3.7051
6629,3.7049
6630,3.7048
6631,3.7046
6632,3.7043
6633,3.7042
6634,3.704
6635,3.7038
6636,3.7037
6637,3.7035
6638,3.7034
6639,3.7032
6640,3.7029
6641,3.7027
6642,3.7026
6643,3.7024
6644,3.7022
6645,3.7021
6646,3.7019
6647,3.7016
6648,3.7015
6649,3.7013
6650,3.7011
6651,3.701
6652,3.7008
6653,3.7005
6654,3.7003
6655,3.7002
6656,3.7
6657,3.6999
6658,3.6997
6659,3.6995
6660,3.6992
6661,3.6991
6662,3.6989
6663,3.6987
6664,3.6986
6665,3.6984
6666,3.6983
6667,3.6981
6668,3.6978
6669,3.6976
6670,3.6975
6671,3.6973
6672,3.6972
6673,3.697
6674,3.6968
6675,3.6965
6676,3.6964
6677,3.6962
6678,3.696
6679,3.6959
6680,3.6957
6681,3.6956
6682,3.6953
6683,3.6951
6684,3.6949
6685,3.6948
6686,3.6946
6687,3.6945
6688,3.6941
6689,3.694
6690,3.6938
6691,3.6937
6692,3.6935
6693,3.6933
6694,3.693
6695,3.693
6696,3.6927
6697,3.6926
6698,3.6924
6699,3.6922
6700,3.6921
6701,3.6918
6702,3.6916
6703,3.6914
6704,3.6913
6705,3.6911
6706,3.691
6707,3.6908
6708,3.6905
6709,3.6903
6710,3.6902
6711,3.69
6712,3.6898
6713,3.6897
6714,3.6894
6715,3.6892
6716,3.6891
6717,3.6889
6718,3.6887
6719,3.6886
6720,3.6883
6721,3.6881
6722,3.6879
6723,3.6878
6724,3.6876
6725,3.6875
6726,3.6873
6727,3.6871
6728,3.6868
6729,3.6867
6730,3.6865
6731,3.6864
6732,3.6862
6733,3.686
6734,3.6859
6735,3.6856
6736,3.6854
6737,3.6852
6738,3.6851
6739,3.6849
6740,3.6848
6741,3.6844
6742,3.6843
6743,3.6841
6744,3.684
6745,3.6838
6746,3.6837
6747,3.6833
6748,3.6832
6749,3.683
6750,3.6829
6751,3.6827
6752,3.6825
6753,3.6824
6754,3.6821
6755,3.6819
6756,3.6817
6757,3.6816
6758,3.6814
6759,3.6813
6760,3.681
6761,3.6808
6762,3.6806
6763,3.6805
6764,3.6803
6765,3.6802
6766,3.68
6767,3.6797
6768,3.6795
6769,3.6794
6770,3.6792
6771,3.679
6772,3.6789
6773,3.6786
6774,3.6784
6775,3.6783
6776,3.6781
6777,3.6779
6778,3.6778
6779,3.6776
6780,3.6773
6781,3.6771
6782,3.677
6783,3.6768
6784,3.6767
6785,3.6765
6786,3.6762
6787,3.676
6788,3.6759
6789,3.6757
6790,3.6755
6791,3.6754
6792,3.6752
6793,3.6751
6794,3.6748
6795,3.6746
6796,3.6744
6797,3.6743
6798,3.6741
6799,3.674
6800,3.6736
6801,3.6735
6802,3.6733
6803,3.6732
6804,3.673
6805,3.6728
6806,3.6727
6807,3.6724
6808,3.6722
6809,3.6721
6810,3.6719
6811,3.6717
6812,3.6716
6813,3.6714
6814,3.6711
6815,3.6709
6816,3.6708
6817,3.6706
6818,3.6705
6819,3.6703
6820,3.6701
6821,3.6698
6822,3.6697
6823,3.6695
6824,3.6694
6825,3.6692
6826,3.669
6827,3.6689
6828,3.6687
6829,3.6684
6830,3.6682
6831,3.6681
6832,3.6679
6833,3.6678
6834,3.6676
6835,3.6674
6836,3.6673
6837,3.667
6838,3.6668
6839,3.6667
6840,3.6665
6841,3.6663
6842,3.6662
6843,3.6659
6844,3.6657
6845,3.6655
6846,3.6654
6847,3.6652
6848,3.6651
6849,3.6649
6850,3.6647
6851,3.6646
6852,3.6643
6853,3.6641
6854,3.6639
6855,3.6638
6856,3.6636
6857,3.6635
6858,3.6633
6859,3.6632
6860,3.663
6861,3.6627
6862,3.6625
6863,3.6624
6864,3.6622
6865,3.662
6866,3.6619
6867,3.6617
6868,3.6614
6869,3.6612
6870,3.6611
6871,3.6609
6872,3.6608
6873,3.6606
6874,3.6605
6875,3.6603
6876,3.6601
6877,3.6598
6878,3.6597
6879,3.6595
6880,3.6593
6881,3.6592
6882,3.659
6883,3.6589
6884,3.6587
6885,3.6585
6886,3.6584
6887,3.6581
6888,3.6579
6889,3.6578
6890,3.6576
6891,3.6574
6892,3.6573
6893,3.6571
6894,3.657
6895,3.6568
6896,3.6565
6897,3.6563
6898,3.6562
6899,3.656
6900,3.6558
6901,3.6557
6902,3.6555
6903,3.6554
6904,3.6552
6905,3.6551
6906,3.6547
6907,3.6546
6908,3.6544
6909,3.6543
6910,3.6541
6911,3.6539
6912,3.6538
6913,3.6536
6914,3.6535
6915,3.6533
6916,3.653
6917,3.6528
6918,3.6527
6919,3.6525
6920,3.6523
6921,3.6522
6922,3.652
6923,3.6519
6924,3.6517
6925,3.6516
6926,3.6514
6927,3.6511
6928,3.6509
6929,3.6508
6930,3.6506
6931,3.6504
6932,3.6503
6933,3.6501
6934,3.65
6935,3.6498
6936,3.6496
6937,3.6493
6938,3.6492
6939,3.649
6940,3.6489
6941,3.6487
6942,3.6485
6943,3.6484
6944,3.6482
6945,3.6481
6946,3.6479
6947,3.6476
6948,3.6474
6949,3.6473
6950,3.6471
6951,3.6469
6952,3.6468
6953,3.6466
6954,3.6465
6955,3.6463
6956,3.6462
6957,3.6458
6958,3.6457
6959,3.6455
6960,3.6454
6961,3.6452
6962,3.645
6963,3.6449
6964,3.6447
6965,3.6446
6966,3.6442
6967,3.6441
6968,3.6439
6969,3.6438
6970,3.6436
6971,3.6435
6972,3.6433
6973,3.6431
6974,3.643
6975,3.6428
6976,3.6425
6977,3.6425
6978,3.6422
6979,3.642
6980,3.6419
6981,3.6417
6982,3.6415
6983,3.6414
6984,3.6412
6985,3.6409
6986,3.6407
6987,3.6406
6988,3.6404
6989,3.6403
6990,3.6401
6991,3.64
6992,3.6398
6993,3.6395
6994,3.6393
6995,3.6392
6996,3.639
6997,3.6388
6998,3.6387
6999,3.6385
7000,3.6382
7001,3.638
7002,3.6379
7003,3.6377
7004,3.6376
7005,3.6374
7006,3.6373
7007,3.6371
7008,3.6369
7009,3.6366
7010,3.6365
7011,3.6363
7012,3.6361
7013,3.636
7014,3.6358
7015,3.6355
7016,3.6353
7017,3.6352
7018,3.635
7019,3.6349
7020,3.6347
7021,3.6344
7022,3.6342
7023,3.6341
7024,3.6339
7025,3.6338
7026,3.6336
7027,3.6333
7028,3.6331
7029,3.633
7030,3.6328
7031,3.6326
7032,3.6323
7033,3.6322
7034,3.632
7035,3.6319
7036,3.6317
7037,3.6315
7038,3.6312
7039,3.6311
7040,3.6309
7041,3.6307
7042,3.6306
7043,3.6303
7044,3.6301
7045,3.6299
7046,3.6298
7047,3.6296
7048,3.6293
7049,3.6291
7050,3.629
7051,3.6288
7052,3.6285
7053,3.6284
7054,3.6282
7055,3.628
7056,3.6277
7057,3.6276
7058,3.6274
7059,3.6272
7060,3.6269
7061,3.6268
7062,3.6266
7063,3.6264
7064,3.6261
7065,3.626
7066,3.6258
7067,3.6257
7068,3.6253
7069,3.6252
7070,3.625
7071,3.6249
7072,3.6245
7073,3.6244
7074,3.6242
7075,3.6239
7076,3.6237
7077,3.6236
7078,3.6233
7079,3.6231
7080,3.623
7081,3.6226
7082,3.6225
7083,3.6223
7084,3.622
7085,3.6218
7086,3.6217
7087,3.6214
7088,3.6212
7089,3.621
7090,3.6207
7091,3.6206
7092,3.6204
7093,3.6201
7094,3.6199
7095,3.6198
7096,3.6195
7097,3.6193
7098,3.619
7099,3.6188
7100,3.6187
7101,3.6183
7102,3.6182
7103,3.618
7104,3.6177
7105,3.6175
7106,3.6172
7107,3.6171
7108,3.6168
7109,3.6166
7110,3.6164
7111,3.6161
7112,3.616
7113,3.6156
7114,3.6155
7115,3.6152
7116,3.615
7117,3.6147
7118,3.6145
7119,3.6142
7120,3.6141
7121,3.6137
7122,3.6136
7123,3.6133
7124,3.6131
7125,3.6128
7126,3.6126
7127,3.6123
7128,3.6121
7129,3.6118
7130,3.6115
7131,3.6114
7132,3.611
7133,3.6109
7134,3.6106
7135,3.6104
7136,3.6101
7137,3.6098
7138,3.6096
7139,3.6093
7140,3.6091
7141,3.6088
7142,3.6085
7143,3.6083
7144,3.608
7145,3.6079
7146,3.6075
7147,3.6072
7148,3.6069
7149,3.6067
7150,3.6064
7151,3.6061
7152,3.606
7153,3.6056
7154,3.6053
7155,3.605
7156,3.6048
7157,3.6045
7158,3.6042
7159,3.6039
7160,3.6037
7161,3.6034
7162,3.6031
7163,3.6028
7164,3.6026
7165,3.6023
7166,3.602
7167,3.6017
7168,3.6013
7169,3.601
7170,3.6007
7171,3.6005
7172,3.6002
7173,3.5999
7174,3.5996
7175,3.5993
7176,3.599
7177,3.5986
7178,3.5983
7179,3.598
7180,3.5978
7181,3.5975
7182,3.5972
7183,3.5969
7184,3.5964
7185,3.5963
7186,3.5958
7187,3.5956
7188,3.5951
7189,3.5948
7190,3.5945
7191,3.5942
7192,3.5939
7193,3.5936
7194,3.5932
7195,3.5929
7196,3.5926
7197,3.5923
7198,3.5918
7199,3.5915
7200,3.5912
7201,3.5909
7202,3.5905
7203,3.5902
7204,3.5897
7205,3.5894
7206,3.5891
7207,3.5888
7208,3.5883
7209,3.588
7210,3.5877
7211,3.5872
7212,3.5869
7213,3.5866
7214,3.5861
7215,3.5858
7216,3.5855
7217,3.585
7218,3.5847
7219,3.5843
7220,3.5839
7221,3.5835
7222,3.5831
7223,3.5828
7224,3.5823
7225,3.582
7226,3.5815
7227,3.5812
7228,3.5807
7229,3.5804
7230,3.5799
7231,3.5796
7232,3.5791
7233,3.5788
7234,3.5783
7235,3.5778
7236,3.5775
7237,3.577
7238,3.5766
7239,3.5762
7240,3.5758
7241,3.5753
7242,3.5748
7243,3.5745
7244,3.574
7245,3.5735
7246,3.5731
7247,3.5727
7248,3.5723
7249,3.5718
7250,3.5713
7251,3.5708
7252,3.5704
7253,3.5699
7254,3.5696
7255,3.5691
7256,3.5686
7257,3.5681
7258,3.5677
7259,3.5672
7260,3.5667
7261,3.5662
7262,3.5657
7263,3.5653
7264,3.5648
7265,3.5643
7266,3.5638
7267,3.5632
7268,3.5627
7269,3.5623
7270,3.5618
7271,3.5613
7272,3.5608
7273,3.5602
7274,3.5597
7275,3.5592
7276,3.5588
7277,3.5583
7278,3.5576
7279,3.5572
7280,3.5567
7281,3.5562
7282,3.5556
7283,3.5551
7284,3.5546
7285,3.554
7286,3.5535
7287,3.553
7288,3.5524
7289,3.5519
7290,3.5513
7291,3.5508
7292,3.5502
7293,3.5497
7294,3.5492
7295,3.5486
7296,3.5481
7297,3.5475
7298,3.547
7299,3.5464
7300,3.5459
7301,3.5452
7302,3.5448
7303,3.5441
7304,3.5437
7305,3.543
7306,3.5424
7307,3.5419
7308,3.5413
7309,3.5408
7310,3.5402
7311,3.5397
7312,3.5391
7313,3.5384
7314,3.5379
7315,3.5373
7316,3.5367
7317,3.5362
7318,3.5356
7319,3.5349
7320,3.5344
7321,3.5338
7322,3.5332
7323,3.5327
7324,3.5321
7325,3.5314
7326,3.5308
7327,3.5303
7328,3.5297
7329,3.529
7330,3.5286
7331,3.5279
7332,3.5273
7333,3.5267
7334,3.5262
7335,3.5255
7336,3.5249
7337,3.5243
7338,3.5236
7339,3.5232
7340,3.5225
7341,3.5219
7342,3.5213
7343,3.5206
7344,3.52
7345,3.5193
7346,3.5187
7347,3.5182
7348,3.5176
7349,3.517
7350,3.5163
7351,3.5157
7352,3.5151
7353,3.5144
7354,3.5138
7355,3.5132
7356,3.5125
7357,3.5119
7358,3.5111
7359,3.5105
7360,3.5098
7361,3.5092
7362,3.5085
7363,3.5079
7364,3.5071
7365,3.5065
7366,3.5058
7367,3.5052
7368,3.5044
7369,3.5038
7370,3.503
7371,3.5023
7372,3.5016
7373,3.5009
7374,3.5001
7375,3.4995
7376,3.4987
7377,3.4981
7378,3.4973
7379,3.4965
7380,3.4957
7381,3.495
7382,3.4942
7383,3.4934
7384,3.4927
7385,3.4919
7386,3.4911
7387,3.4903
7388,3.4895
7389,3.4887
7390,3.4877
7391,3.4869
7392,3.4861
7393,3.4852
7394,3.4844
7395,3.4834
7396,3.4826
7397,3.4817
7398,3.4809
7399,3.4799
7400,3.479
7401,3.478
7402,3.4771
7403,3.4763
7404,3.4753
7405,3.4742
7406,3.4733
7407,3.4723
7408,3.4714
7409,3.4702
7410,3.4693
7411,3.4683
7412,3.4672
7413,3.4661
7414,3.4652
7415,3.4641
7416,3.4629
7417,3.4618
7418,3.4607
7419,3.4596
7420,3.4585
7421,3.4574
7422,3.4561
7423,3.455
7424,3.4539
7425,3.4526
7426,3.4513
7427,3.4502
7428,3.449
7429,3.4477
7430,3.4464
7431,3.4451
7432,3.4439
7433,3.4426
7434,3.4413
7435,3.4399
7436,3.4386
7437,3.4372
7438,3.4359
7439,3.4345
7440,3.4331
7441,3.4316
7442,3.4302
7443,3.4288
7444,3.4273
7445,3.4259
7446,3.4243
7447,3.4229
7448,3.4215
7449,3.4199
7450,3.4183
7451,3.4169
7452,3.4153
7453,3.4137
7454,3.4121
7455,3.4105
7456,3.4088
7457,3.4072
7458,3.4054
7459,3.4038
7460,3.4021
7461,3.4005
7462,3.3987
7463,3.397
7464,3.3952
7465,3.3935
7466,3.3918
7467,3.39
7468,3.3881
7469,3.3863
7470,3.3844
7471,3.3825
7472,3.3808
7473,3.3789
7474,3.377
7475,3.3751
7476,3.373
7477,3.3711
7478,3.3692
7479,3.3671
7480,3.3652
7481,3.3631
7482,3.3611
7483,3.359
7484,3.357
7485,3.3549
7486,3.3528
7487,3.3508
7488,3.3485
7489,3.3465
7490,3.3442
7491,3.342
7492,3.3398
7493,3.3376
7494,3.3353
7495,3.3331
7496,3.3307
7497,3.3285
7498,3.3261
7499,3.3239
7500,3.3215
7501,3.3191
7502,3.3165
7503,3.3142
7504,3.3118
7505,3.3092
7506,3.3069
7507,3.3043
7508,3.3018
7509,3.2992
7510,3.2967
7511,3.294
7512,3.2915
7513,3.2888
7514,3.2862
7515,3.2835
7516,3.2807
7517,3.2779
7518,3.2752
7519,3.2724
7520,3.2697
7521,3.2668
7522,3.264
7523,3.2611
7524,3.2581
7525,3.2552
7526,3.2522
7527,3.2492
7528,3.2462
7529,3.2432
7530,3.2401
7531,3.237
7532,3.2338
7533,3.2308
7534,3.2276
7535,3.2243
7536,3.2211
7537,3.2177
7538,3.2144
7539,3.2111
7540,3.2077
7541,3.2044
7542,3.2009
7543,3.1974
7544,3.1939
7545,3.1903
7546,3.1868
7547,3.1831
7548,3.1795
7549,3.1758
7550,3.172
7551,3.1683
7552,3.1645
7553,3.1607
7554,3.1567
7555,3.1529
7556,3.149
7557,3.145
7558,3.1409
7559,3.1369
7560,3.1328
7561,3.1286
7562,3.1245
7563,3.1202
7564,3.1159
7565,3.1116
7566,3.1072
7567,3.1027
7568,3.0984
7569,3.0938
7570,3.0894
7571,3.0848
7572,3.08
7573,3.0754
7574,3.0707
7575,3.0659
7576,3.061
7577,3.056
7578,3.0511
7579,3.046
7580,3.0411
7581,3.0359
7582,3.0308
7583,3.0255
7584,3.0201
7585,3.0149
7586,3.0095
7587,3.0039
7588,2.9985
7589,2.9928
7590,2.9873
7591,2.9815
7592,2.9757
7593,2.9698
7594,2.9639
7595,2.9579
7596,2.9518
7597,2.9456
7598,2.9394
7599,2.9331
7600,2.9267
7601,2.9204
7602,2.9137
7603,2.907
7604,2.9004
7605,2.8935
7606,2.8867
7607,2.8797
7608,2.8727
7609,2.8656
7610,2.8583
7611,2.851
7612,2.8435
7613,2.8359
7614,2.8282
7615,2.8205
7616,2.8127
7617,2.8046
7618,2.7965
7619,2.7884
7620,2.7801
7621,2.7717
7622,2.7631
7623,2.7545
7624,2.7456
7625,2.7369
7626,2.7279
7627,2.7188
7628,2.7096
7629,2.7002
7630,2.6908
7631,2.6813
7632,2.6716
7633,2.6619
7634,2.6519
7635,2.6421
7636,2.6319
7637,2.6217
7638,2.6114
7639,2.6011
7640,2.5904
7641,2.5798
7642,2.5692
7643,2.5582
7644,2.5472
7645,2.5361
7646,2.5248
7647,2.5136
7648,2.5021
7649,2.4999
7650,2.5198
7651,2.6238
7652,2.7256
7653,2.827
7654,2.8915
7655,2.9923
7656,3.0738
7657,3.1742
7658,3.1842
7659,3.2616
7660,3.3202
7661,3.3643
7662,3.3965
7663,3.4199
7664,3.4359
7665,3.4469
7666,3.4547
7667,3.4604
7668,3.4648
7669,3.4682
7670,3.471
7671,3.4734
7672,3.4755
7673,3.4774
7674,3.479
7675,3.4804
7676,3.4817
7677,3.483
7678,3.4841
7679,3.485
7680,3.486
7681,3.4869
7682,3.4877
7683,3.4885
7684,3.4892
7685,3.49
7686,3.4906
7687,3.4912
7688,3.4917
7689,3.4923
7690,3.4928
7691,3.4933
7692,3.4939
7693,3.4944
7694,3.4947
7695,3.4952
7696,3.4957
7697,3.4961
7698,3.4965
7699,3.4969
7700,3.4973
7701,3.4976
7702,3.4979
7703,3.4982
7704,3.4987
7705,3.499
7706,3.4992
7707,3.4996
7708,3.4998
7709,3.5001
7710,3.5004
7711,3.5008
7712,3.5009
7713,3.5012
7714,3.5016
7715,3.5017
7716,3.502
7717,3.5022
7718,3.5025
7719,3.5027
7720,3.503
7721,3.5031
7722,3.5033
7723,3.5036
7724,3.5038
7725,3.5039
7726,3.5043
7727,3.5044
7728,3.5046
7729,3.5047
7730,3.505
7731,3.5052
7732,3.5054
7733,3.5055
7734,3.5057
7735,3.5058
7736,3.506
7737,3.5062
7738,3.5063
7739,3.5065
7740,3.5066
7741,3.5068
7742,3.507
7743,3.5071
7744,3.5073
7745,3.5074
7746,3.5076
7747,3.5077
7748,3.5079
7749,3.5081
7750,3.5082
7751,3.5084
7752,3.5085
7753,3.5087
7754,3.5087
7755,3.5089
7756,3.509
7757,3.5092
7758,3.5093
7759,3.5093
7760,3.5095
7761,3.5097
7762,3.5098
7763,3.5098
7764,3.51
7765,3.5101
7766,3.5103
7767,3.5103
7768,3.5105
7769,3.5106
7770,3.5106
7771,3.5108
7772,3.5109
7773,3.5109
7774,3.5111
7775,3.5112
7776,3.5112
7777,3.5114
7778,3.5116
7779,3.5116
7780,3.5117
7781,3.5117
7782,3.5119
7783,3.512
7784,3.512
7785,3.5122
7786,3.5124
7787,3.5124
7788,3.5125
7789,3.5125
7790,3.5127
7791,3.5127
7792,3.5128
7793,3.5128
7794,3.513
7795,3.513
7796,3.5132
7797,3.5133
7798,3.5133
7799,3.5135
7800,3.5135
7801,3.5136
7802,3.5136
7803,3.5138
7804,3.5138
7805,3.5139
7806,3.5139
7807,3.5141
7808,3.5141
7809,3.5143
7810,3.5143
7811,3.5143
7812,3.5144
7813,3.5144
7814,3.5146
7815,3.5146
7816,3.5147
7817,3.5147
7818,3.5149
7819,3.5149
7820,3.5151
7821,3.5151
7822,3.5151
7823,3.5152
7824,3.5152
7825,3.5154
7826,3.5154
7827,3.5154
7828,3.5155
7829,3.5155
7830,3.5157
7831,3.5157
7832,3.5157
7833,3.5159
7834,3.5159
7835,3.516
7836,3.5244
7837,3.5624
7838,3.5664
7839,3.5689
7840,3.5706
7841,3.5719
7842,3.5732
7843,3.5741
7844,3.5751
7845,3.5759
7846,3.5767
7847,3.5773
7848,3.5781
7849,3.5787
7850,3.5792
7851,3.5799
7852,3.5803
7853,3.581
7854,3.5814
7855,3.5819
7856,3.5824
7857,3.5829
7858,3.5832
7859,3.5837
7860,3.5841
7861,3.5845
7862,3.5849
7863,3.5853
7864,3.5857
7865,3.5861
7866,3.5864
7867,3.5868
7868,3.5872
7869,3.5875
7870,3.5878
7871,3.5883
7872,3.5886
7873,3.5889
7874,3.5892
7875,3.5895
7876,3.5899
7877,3.5902
7878,3.5905
7879,3.5908
7880,3.5911
7881,3.5913
7882,3.5916
7883,3.5919
7884,3.5922
7885,3.5926
7886,3.5929
7887,3.593
7888,3.5934
7889,3.5937
7890,3.594
7891,3.5942
7892,3.5945
7893,3.5948
7894,3.5949
7895,3.5953
7896,3.5956
7897,3.5957
7898,3.5961
7899,3.5962
7900,3.5965
7901,3.5967
7902,3.597
7903,3.5972
7904,3.5975
7905,3.5977
7906,3.598
7907,3.5981
7908,3.5984
7909,3.5986
7910,3.5989
7911,3.5991
7912,3.5994
7913,3.5996
7914,3.5997
7915,3.6
7916,3.6002
7917,3.6005
7918,3.6007
7919,3.6008
7920,3.6011
7921,3.6013
7922,3.6015
7923,3.6016
7924,3.6019
7925,3.6021
7926,3.6023
7927,3.6024
7928,3.6027
7929,3.6029
7930,3.6031
7931,3.6032
7932,3.6035
7933,3.6037
7934,3.6038
7935,3.604
7936,3.6043
7937,3.6045
7938,3.6046
7939,3.6048
7940,3.605
7941,3.6053
7942,3.6054
7943,3.6056
7944,3.6058
7945,3.6059
7946,3.6061
7947,3.6062
7948,3.6064
7949,3.6067
7950,3.6069
7951,3.607
7952,3.6072
7953,3.6073
7954,3.6075
7955,3.6077
7956,3.6078
7957,3.608
7958,3.6081
7959,3.6083
7960,3.6085
7961,3.6086
7962,3.6089
7963,3.6089
7964,3.6092
7965,3.6092
7966,3.6096
7967,3.6097
7968,3.6099
7969,3.61
7970,3.6102
7971,3.6104
7972,3.6105
7973,3.6107
7974,3.6108
7975,3.611
7976,3.6112
7977,3.6113
7978,3.6113
7979,3.6116
7980,3.6118
7981,3.6118
7982,3.6119
7983,3.6121
7984,3.6123
7985,3.6124
7986,3.6126
7987,3.6127
7988,3.6129
7989,3.6131
7990,3.6132
7991,3.6134
7992,3.6135
7993,3.6137
7994,3.6139
7995,3.614
7996,3.6142
7997,3.6142
7998,3.6143
7999,3.6145
8000,3.6146
8001,3.6148
8002,3.615
8003,3.6151
8004,3.6153
8005,3.6154
8006,3.6156
8007,3.6158
8008,3.6158
8009,3.6159
8010,3.6161
8011,3.6162
8012,3.6164
8013,3.6166
8014,3.6167
8015,3.6169
8016,3.617
8017,3.617
8018,3.6172
8019,3.6174
8020,3.6175
8021,3.6177
8022,3.6178
8023,3.618
8024,3.618
8025,3.6181
8026,3.6183
8027,3.6185
8028,3.6186
8029,3.6188
8030,3.6189
8031,3.6189
8032,3.6191
8033,3.6193
8034,3.6194
8035,3.6196
8036,3.6197
8037,3.6199
8038,3.6199
8039,3.6201
8040,3.6202
8041,3.6204
8042,3.6205
8043,3.6207
8044,3.6207
8045,3.6208
8046,3.621
8047,3.6212
8048,3.6213
8049,3.6215
8050,3.6215
8051,3.6216
8052,3.6218
8053,3.622
8054,3.6221
8055,3.6223
8056,3.6223
8057,3.6224
8058,3.6226
8059,3.6228
8060,3.6229
8061,3.6231
8062,3.6231
8063,3.6232
8064,3.6234
8065,3.6235
8066,3.6237
8067,3.6239
8068,3.6239
8069,3.624
8070,3.6242
8071,3.6243
8072,3.6245
8073,3.6245
8074,3.6247
8075,3.6248
8076,3.625
8077,3.6251
8078,3.6251
8079,3.6253
8080,3.6255
8081,3.6256
8082,3.6258
8083,3.6259
8084,3.6259
8085,3.6261
8086,3.6262
8087,3.6264
8088,3.6266
8089,3.6266
8090,3.6267
8091,3.6269
8092,3.627
8093,3.6272
8094,3.6272
8095,3.6274
8096,3.6275
8097,3.6277
8098,3.6278
8099,3.6278
8100,3.628
8101,3.6282
8102,3.6283
8103,3.6285
8104,3.6285
8105,3.6286
8106,3.6288
8107,3.6289
8108,3.6291
8109,3.6293
8110,3.6293
8111,3.6294
8112,3.6296
8113,3.6297
8114,3.6297
8115,3.6299
8116,3.6301
8117,3.6302
8118,3.6304
8119,3.6305
8120,3.6305
8121,3.6307
8122,3.6309
8123,3.631
8124,3.631
8125,3.6312
8126,3.6313
8127,3.6315
8128,3.6316
8129,3.6316
8130,3.6318
8131,3.632
8132,3.6321
8133,3.6323
8134,3.6323
8135,3.6324
8136,3.6326
8137,3.6328
8138,3.6328
8139,3.6329
8140,3.6331
8141,3.6332
8142,3.6334
8143,3.6334
8144,3.6336
8145,3.6337
8146,3.6339
8147,3.634
8148,3.6342
8149,3.6342
8150,3.6344
8151,3.6345
8152,3.6347
8153,3.6347
8154,3.6348
8155,3.635
8156,3.6351
8157,3.6353
8158,3.6353
8159,3.6355
8160,3.6356
8161,3.6358
8162,3.6359
8163,3.6359
8164,3.6361
8165,3.6363
8166,3.6364
8167,3.6364
8168,3.6366
8169,3.6367
8170,3.6369
8171,3.6371
8172,3.6371
8173,3.6372
8174,3.6374
8175,3.6375
8176,3.6377
8177,3.6377
8178,3.6378
8179,3.638
8180,3.6382
8181,3.6383
8182,3.6383
8183,3.6385
8184,3.6386
8185,3.6388
8186,3.6388
8187,3.639
8188,3.6391
8189,3.6393
8190,3.6394
8191,3.6394
8192,3.6396
8193,3.6398
8194,3.6399
8195,3.6399
8196,3.6401
8197,3.6402
8198,3.6404
8199,3.6405
8200,3.6405
8201,3.6407
8202,3.6409
8203,3.641
8204,3.641
8205,3.6412
8206,3.6413
8207,3.6415
8208,3.6415
8209,3.6417
8210,3.6418
8211,3.642
8212,3.642
8213,3.6421
8214,3.6423
8215,3.6425
8216,3.6426
8217,3.6426
8218,3.6428
8219,3.6429
8220,3.6431
8221,3.6431
8222,3.6432
8223,3.6434
8224,3.6436
8225,3.6436
8226,3.6437
8227,3.6439
8228,3.644
8229,3.6442
8230,3.6442
8231,3.6444
8232,3.6445
8233,3.6447
8234,3.6447
8235,3.6448
8236,3.645
8237,3.6452
8238,3.6452
8239,3.6453
8240,3.6455
8241,3.6456
8242,3.6456
8243,3.6458
8244,3.6459
8245,3.6461
8246,3.6463
8247,3.6463
8248,3.6464
8249,3.6466
8250,3.6466
8251,3.6467
8252,3.6469
8253,3.6471
8254,3.6471
8255,3.6472
8256,3.6474
8257,3.6475
8258,3.6477
8259,3.6477
8260,3.6479
8261,3.648
8262,3.6482
8263,3.6482
8264,3.6483
8265,3.6485
8266,3.6486
8267,3.6486
8268,3.6488
8269,3.649
8270,3.6491
8271,3.6491
8272,3.6493
8273,3.6494
8274,3.6496
8275,3.6496
8276,3.6498
8277,3.6499
8278,3.6501
8279,3.6501
8280,3.6502
8281,3.6504
8282,3.6506
8283,3.6506
8284,3.6507
8285,3.6509
8286,3.651
8287,3.651
8288,3.6512
8289,3.6513
8290,3.6515
8291,3.6515
8292,3.6517
8293,3.6518
8294,3.652
8295,3.652
8296,3.6521
8297,3.6523
8298,3.6525
8299,3.6525
8300,3.6526
8301,3.6528
8302,3.6529
8303,3.6529
8304,3.6531
8305,3.6533
8306,3.6534
8307,3.6534
8308,3.6536
8309,3.6537
8310,3.6537
8311,3.6539
8312,3.654
8313,3.6542
8314,3.6544
8315,3.6544
8316,3.6545
8317,3.6547
8318,3.6547
8319,3.6548
8320,3.655
8321,3.6552
8322,3.6552
8323,3.6553
8324,3.6555
8325,3.6556
8326,3.6556
8327,3.6558
8328,3.656
8329,3.656
8330,3.6561
8331,3.6563
8332,3.6564
8333,3.6564
8334,3.6566
8335,3.6568
8336,3.6569
8337,3.6569
8338,3.6571
8339,3.6572
8340,3.6574
8341,3.6574
8342,3.6575
8343,3.6577
8344,3.6579
8345,3.6579
8346,3.658
8347,3.6582
8348,3.6583
8349,3.6583
8350,3.6585
8351,3.6587
8352,3.6587
8353,3.6588
8354,3.659
8355,3.6591
8356,3.6591
8357,3.6593
8358,3.6595
8359,3.6596
8360,3.6596
8361,3.6598
8362,3.6599
8363,3.6599
8364,3.6601
8365,3.6602
8366,3.6604
8367,3.6604
8368,3.6606
8369,3.6607
8370,3.6609
8371,3.6609
8372,3.661
8373,3.6612
8374,3.6612
8375,3.6614
8376,3.6615
8377,3.6617
8378,3.6617
8379,3.6618
8380,3.662
8381,3.6622
8382,3.6622
8383,3.6623
8384,3.6625
8385,3.6626
8386,3.6626
8387,3.6628
8388,3.6629
8389,3.6629
8390,3.6631
8391,3.6633
8392,3.6634
8393,3.6634
8394,3.6636
8395,3.6637
8396,3.6637
8397,3.6639
8398,3.6641
8399,3.6642
8400,3.6642
8401,3.6644
8402,3.6645
8403,3.6647
8404,3.6647
8405,3.6649
8406,3.665
8407,3.6652
8408,3.6652
8409,3.6653
8410,3.6655
8411,3.6655
8412,3.6656
8413,3.6658
8414,3.666
8415,3.666
8416,3.6661
8417,3.6663
8418,3.6663
8419,3.6664
8420,3.6666
8421,3.6668
8422,3.6668
8423,3.6669
8424,3.6671
8425,3.6672
8426,3.6672
8427,3.6674
8428,3.6676
8429,3.6676
8430,3.6677
8431,3.6679
8432,3.668
8433,3.668
8434,3.6682
8435,3.6683
8436,3.6683
8437,3.6685
8438,3.6687
8439,3.6688
8440,3.6688
8441,3.669
8442,3.6691
8443,3.6693
8444,3.6693
8445,3.6695
8446,3.6696
8447,3.6696
8448,3.6698
8449,3.6699
8450,3.6701
8451,3.6701
8452,3.6703
8453,3.6704
8454,3.6704
8455,3.6706
8456,3.6707
8457,3.6709
8458,3.6709
8459,3.671
8460,3.6712
8461,3.6714
8462,3.6714
8463,3.6715
8464,3.6717
8465,3.6717
8466,3.6718
8467,3.672
8468,3.6722
8469,3.6722
8470,3.6723
8471,3.6725
8472,3.6725
8473,3.6726
8474,3.6728
8475,3.673
8476,3.673
8477,3.6731
8478,3.6733
8479,3.6733
8480,3.6734
8481,3.6736
8482,3.6738
8483,3.6738
8484,3.6739
8485,3.6741
8486,3.6742
8487,3.6742
8488,3.6744
8489,3.6745
8490,3.6745
8491,3.6747
8492,3.6749
8493,3.675
8494,3.675
8495,3.6752
8496,3.6753
8497,3.6753
8498,3.6755
8499,3.6757
8500,3.6758
8501,3.6758
8502,3.676
8503,3.6761
8504,3.6763
8505,3.6763
8506,3.6765
8507,3.6766
8508,3.6766
8509,3.6768
8510,3.6769
8511,3.6771
8512,3.6771
8513,3.6772
8514,3.6774
8515,3.6776
8516,3.6776
8517,3.6777
8518,3.6779
8519,3.678
8520,3.678
8521,3.6782
8522,3.6784
8523,3.6784
8524,3.6785
8525,3.6787
8526,3.6788
8527,3.6788
8528,3.679
8529,3.6792
8530,3.6793
8531,3.6793
8532,3.6795
8533,3.6796
8534,3.6796
8535,3.6798
8536,3.6799
8537,3.6801
8538,3.6801
8539,3.6803
8540,3.6804
8541,3.6806
8542,3.6806
8543,3.6807
8544,3.6809
8545,3.6811
8546,3.6811
8547,3.6812
8548,3.6814
8549,3.6815
8550,3.6815
8551,3.6817
8552,3.6819
8553,3.682
8554,3.682
8555,3.6822
8556,3.6823
8557,3.6825
8558,3.6825
8559,3.6826
8560,3.6828
8561,3.683
8562,3.683
8563,3.6831
8564,3.6833
8565,3.6834
8566,3.6834
8567,3.6836
8568,3.6838
8569,3.6839
8570,3.6841
8571,3.6841
8572,3.6842
8573,3.6844
8574,3.6846
8575,3.6846
8576,3.6847
8577,3.6849
8578,3.685
8579,3.685
8580,3.6852
8581,3.6853
8582,3.6855
8583,3.6855
8584,3.6857
8585,3.6858
8586,3.686
8587,3.686
8588,3.6861
8589,3.6863
8590,3.6865
8591,3.6865
8592,3.6866
8593,3.6868
8594,3.6869
8595,3.6871
8596,3.6871
8597,3.6873
8598,3.6874
8599,3.6876
8600,3.6876
8601,3.6877
8602,3.6879
8603,3.688
8604,3.6882
8605,3.6882
8606,3.6884
8607,3.6885
8608,3.6887
8609,3.6887
8610,3.6888
8611,3.689
8612,3.6892
8613,3.6893
8614,3.6893
8615,3.6895
8616,3.6896
8617,3.6898
8618,3.69
8619,3.69
8620,3.6901
8621,3.6903
8622,3.6904
8623,3.6906
8624,3.6906
8625,3.6907
8626,3.6909
8627,3.6911
8628,3.6911
8629,3.6912
8630,3.6914
8631,3.6915
8632,3.6917
8633,3.6919
8634,3.6919
8635,3.692
8636,3.6922
8637,3.6923
8638,3.6923
8639,3.6925
8640,3.6927
8641,3.6928
8642,3.693
8643,3.6931
8644,3.6931
8645,3.6933
8646,3.6935
8647,3.6936
8648,3.6938
8649,3.6939
8650,3.6939
8651,3.6941
8652,3.6942
8653,3.6944
8654,3.6946
8655,3.6947
8656,3.6947
8657,3.6949
8658,3.695
8659,3.6952
8660,3.6954
8661,3.6955
8662,3.6955
8663,3.6957
8664,3.6958
8665,3.696
8666,3.6962
8667,3.6963
8668,3.6963
8669,3.6965
8670,3.6966
8671,3.6968
8672,3.6969
8673,3.6971
8674,3.6973
8675,3.6973
8676,3.6974
8677,3.6976
8678,3.6977
8679,3.6979
8680,3.6981
8681,3.6982
8682,3.6982
8683,3.6984
8684,3.6985
8685,3.6987
8686,3.6989
8687,3.699
8688,3.6992
8689,3.6993
8690,3.6993
8691,3.6995
8692,3.6996
8693,3.6998
8694,3.7
8695,3.7001
8696,3.7003
8697,3.7004
8698,3.7004
8699,3.7006
8700,3.7008
8701,3.7009
8702,3.7011
8703,3.7012
8704,3.7014
8705,3.7014
8706,3.7017
8707,3.7017
8708,3.7019
8709,3.702
8710,3.7022
8711,3.7023
8712,3.7025
8713,3.7027
8714,3.7028
8715,3.703
8716,3.703
8717,3.7031
8718,3.7033
8719,3.7035
8720,3.7036
8721,3.7038
8722,3.7039
8723,3.7041
8724,3.7043
8725,3.7044
8726,3.7046
8727,3.7046
8728,3.7047
8729,3.7049
8730,3.705
8731,3.7052
8732,3.7054
8733,3.7055
8734,3.7057
8735,3.7058
8736,3.706
8737,3.7062
8738,3.7063
8739,3.7065
8740,3.7065
8741,3.7066
8742,3.7068
8743,3.707
8744,3.7071
8745,3.7073
8746,3.7074
8747,3.7076
8748,3.7077
8749,3.7079
8750,3.7081
8751,3.7082
8752,3.7084
8753,3.7085
8754,3.7087
8755,3.7089
8756,3.7089
8757,3.709
8758,3.7092
8759,3.7093
8760,3.7095
8761,3.7097
8762,3.7098
8763,3.71
8764,3.7101
8765,3.7103
8766,3.7104
8767,3.7104
8768,3.7104
8769,3.7104
8770,3.7104
8771,3.7104
8772,3.7104
8773,3.7104
8774,3.7104
8775,3.7104
8776,3.7104
8777,3.7104
8778,3.7104
8779,3.7104
8780,3.7104
8781,3.7104
8782,3.7104
8783,3.7104
8784,3.7104
8785,3.7104
8786,3.7104
8787,3.7104
8788,3.7104
8789,3.7104
8790,3.7104
8791,3.7104
8792,3.7104
8793,3.7104
8794,3.7104
8795,3.7104
8796,3.7104
8797,3.7104
8798,3.7104
8799,3.7104
8800,3.7106
8801,3.7104
8802,3.7104
8803,3.7104
8804,3.7104
8805,3.7104
8806,3.7084
8807,3.7076
8808,3.7073
8809,3.707
8810,3.7069
8811,3.7067
8812,3.7065
8813,3.7065
8814,3.7064
8815,3.7062
8816,3.7062
8817,3.7062
8818,3.7061
8819,3.7061
8820,3.7059
8821,3.7059
8822,3.7059
8823,3.7057
8824,3.7057
8825,3.7057
8826,3.7057
8827,3.7057
8828,3.7056
8829,3.7056
8830,3.7056
8831,3.7056
8832,3.7054
8833,3.7054
8834,3.7054
8835,3.7054
8836,3.7054
8837,3.7054
8838,3.7053
8839,3.7053
8840,3.7053
8841,3.7053
8842,3.7053
8843,3.7053
8844,3.7053
8845,3.7053
8846,3.7053
8847,3.7053
8848,3.7051
8849,3.7051
8850,3.7051
8851,3.7051
8852,3.7051
8853,3.7051
8854,3.7051
8855,3.7051
8856,3.7051
8857,3.7051
8858,3.7051
8859,3.7051
8860,3.7051
8861,3.7051
8862,3.7051
8863,3.7049
8864,3.7049
8865,3.7049
8866,3.7049
8867,3.7049
8868,3.7049
8869,3.7049
8870,3.7049
8871,3.7049
8872,3.7049
8873,3.7049
8874,3.7049
8875,3.7049
8876,3.7049
8877,3.7049
8878,3.7049
8879,3.7049
8880,3.7049
8881,3.7049
8882,3.7049
8883,3.7049
8884,3.7049
8885,3.7048
8886,3.7048
8887,3.7048
8888,3.7048
8889,3.7048
8890,3.7048
8891,3.7048
8892,3.7048
8893,3.7048
8894,3.7048
8895,3.7048
8896,3.7048
8897,3.7048
8898,3.7048
8899,3.7048
8900,3.7048
8901,3.7048
8902,3.7048
8903,3.7048
8904,3.7048
8905,3.7048
8906,3.7048
8907,3.7048
8908,3.7048
8909,3.7048
8910,3.7048
8911,3.7048
8912,3.7048
8913,3.7048
8914,3.7048
8915,3.7048
8916,3.7048
8917,3.7048
8918,3.7048
8919,3.7048
8920,3.7048
8921,3.7048
8922,3.7048
8923,3.7048
8924,3.7048
8925,3.7048
8926,3.7048
8927,3.7048
8928,3.7048
8929,3.7048
8930,3.7048
8931,3.7048
8932,3.7048
8933,3.7048
8934,3.7048
8935,3.7048
8936,3.7048
8937,3.7048
8938,3.7046
8939,3.7048
8940,3.7048
8941,3.7048
8942,3.7046
8943,3.7046
8944,3.7046
8945,3.7048
8946,3.7046
8947,3.7046
8948,3.7046
8949,3.7046
8950,3.7046
8951,3.7046
8952,3.7046
8953,3.7046
8954,3.7046
8955,3.7046
8956,3.7046
8957,3.7046
8958,3.7046
8959,3.7046
8960,3.7046
8961,3.7046
8962,3.7046
8963,3.7046
8964,3.7046
8965,3.7046
8966,3.7046
8967,3.7046
8968,3.7046
8969,3.7046
8970,3.7046
8971,3.7046
8972,3.7046
8973,3.7046
8974,3.7046
8975,3.7046
8976,3.7046
8977,3.7046
8978,3.7046
8979,3.7046
8980,3.7046
8981,3.7046
8982,3.7046
8983,3.7046
8984,3.7046
8985,3.7046
8986,3.7046
