,voltage
0,3.4165
1,3.4165
2,3.4165
3,3.4165
4,3.4165
5,3.4165
6,3.4165
7,3.4165
8,3.4165
9,3.4165
10,3.4165
11,3.4165
12,3.4165
13,3.4165
14,3.4165
15,3.4165
16,3.4165
17,3.4165
18,3.4165
19,3.4165
20,3.4165
21,3.4165
22,3.4165
23,3.4165
24,3.4165
25,3.4165
26,3.4165
27,3.4165
28,3.4165
29,3.4165
30,3.4165
31,3.4165
32,3.4165
33,3.4165
34,3.4165
35,3.4165
36,3.4165
37,3.4165
38,3.4165
39,3.4165
40,3.4165
41,3.4165
42,3.4165
43,3.4165
44,3.4165
45,3.4165
46,3.4165
47,3.4165
48,3.4165
49,3.4165
50,3.4165
51,3.4165
52,3.4165
53,3.4165
54,3.4165
55,3.4165
56,3.4165
57,3.4165
58,3.4165
59,3.4165
60,3.4165
61,3.493
62,3.5935
63,3.6204
64,3.6228
65,3.6231
66,3.6228
67,3.6224
68,3.6221
69,3.6218
70,3.6217
71,3.6215
72,3.6213
73,3.6212
74,3.6212
75,3.621
76,3.621
77,3.621
78,3.621
79,3.6212
80,3.6212
81,3.6212
82,3.6213
83,3.6215
84,3.6215
85,3.6217
86,3.6218
87,3.6218
88,3.622
89,3.6221
90,3.6223
91,3.6224
92,3.6226
93,3.6228
94,3.6229
95,3.6231
96,3.6232
97,3.6234
98,3.6236
99,3.6239
100,3.624
101,3.6242
102,3.6244
103,3.6245
104,3.6247
105,3.625
106,3.6251
107,3.6253
108,3.6255
109,3.6256
110,3.6259
111,3.6261
112,3.6263
113,3.6264
114,3.6266
115,3.6269
116,3.6271
117,3.6272
118,3.6274
119,3.6275
120,3.6277
121,3.628
122,3.6282
123,3.6283
124,3.6285
125,3.6286
126,3.629
127,3.6291
128,3.6293
129,3.6294
130,3.6296
131,3.6298
132,3.6301
133,3.6302
134,3.6304
135,3.6305
136,3.6307
137,3.6309
138,3.631
139,3.6313
140,3.6315
141,3.6317
142,3.6318
143,3.632
144,3.6321
145,3.6323
146,3.6325
147,3.6326
148,3.6328
149,3.6329
150,3.6332
151,3.6334
152,3.6336
153,3.6337
154,3.6339
155,3.634
156,3.6342
157,3.6344
158,3.6345
159,3.6347
160,3.6348
161,3.635
162,3.6352
163,3.6353
164,3.6355
165,3.6356
166,3.6358
167,3.636
168,3.6361
169,3.6361
170,3.6363
171,3.6364
172,3.6366
173,3.6367
174,3.6369
175,3.6371
176,3.6372
177,3.6374
178,3.6375
179,3.6375
180,3.6377
181,3.6379
182,3.638
183,3.6382
184,3.6383
185,3.6385
186,3.6387
187,3.6388
188,3.6388
189,3.639
190,3.6391
191,3.6393
192,3.6394
193,3.6394
194,3.6396
195,3.6398
196,3.6399
197,3.6401
198,3.6401
199,3.6402
200,3.6404
201,3.6406
202,3.6406
203,3.6407
204,3.6409
205,3.641
206,3.641
207,3.6412
208,3.6414
209,3.6415
210,3.6415
211,3.6417
212,3.6418
213,3.6418
214,3.642
215,3.6421
216,3.6423
217,3.6423
218,3.6425
219,3.6426
220,3.6426
221,3.6428
222,3.6429
223,3.6429
224,3.6431
225,3.6433
226,3.6433
227,3.6434
228,3.6436
229,3.6436
230,3.6437
231,3.6439
232,3.6439
233,3.6441
234,3.6442
235,3.6442
236,3.6444
237,3.6445
238,3.6445
239,3.6447
240,3.6447
241,3.6448
242,3.645
243,3.645
244,3.6452
245,3.6452
246,3.6453
247,3.6455
248,3.6455
249,3.6456
250,3.6456
251,3.6458
252,3.646
253,3.646
254,3.6461
255,3.6461
256,3.6463
257,3.6464
258,3.6464
259,3.6466
260,3.6466
261,3.6468
262,3.6468
263,3.6469
264,3.6469
265,3.6471
266,3.6472
267,3.6472
268,3.6474
269,3.6474
270,3.6475
271,3.6475
272,3.6477
273,3.6477
274,3.6479
275,3.648
276,3.648
277,3.6482
278,3.6482
279,3.6483
280,3.6483
281,3.6485
282,3.6485
283,3.6487
284,3.6487
285,3.6488
286,3.6488
287,3.649
288,3.649
289,3.6491
290,3.6491
291,3.6493
292,3.6493
293,3.6495
294,3.6495
295,3.6496
296,3.6496
297,3.6498
298,3.6498
299,3.6499
300,3.6501
301,3.6501
302,3.6502
303,3.6502
304,3.6502
305,3.6504
306,3.6504
307,3.6506
308,3.6506
309,3.6507
310,3.6507
311,3.6509
312,3.6509
313,3.651
314,3.651
315,3.6512
316,3.6512
317,3.6514
318,3.6514
319,3.6515
320,3.6515
321,3.6517
322,3.6517
323,3.6518
324,3.6518
325,3.652
326,3.652
327,3.6522
328,3.6522
329,3.6523
330,3.6523
331,3.6523
332,3.6525
333,3.6525
334,3.6526
335,3.6526
336,3.6528
337,3.6528
338,3.6529
339,3.6529
340,3.6529
341,3.6531
342,3.6531
343,3.6533
344,3.6533
345,3.6534
346,3.6534
347,3.6536
348,3.6536
349,3.6537
350,3.6537
351,3.6539
352,3.6539
353,3.6539
354,3.6541
355,3.6541
356,3.6542
357,3.6542
358,3.6544
359,3.6544
360,3.6545
361,3.6545
362,3.6547
363,3.6547
364,3.6547
365,3.6549
366,3.6549
367,3.655
368,3.655
369,3.6552
370,3.6552
371,3.6553
372,3.6553
373,3.6553
374,3.6555
375,3.6555
376,3.6557
377,3.6557
378,3.6558
379,3.6558
380,3.6558
381,3.656
382,3.656
383,3.6561
384,3.6561
385,3.6563
386,3.6563
387,3.6564
388,3.6564
389,3.6564
390,3.6566
391,3.6566
392,3.6568
393,3.6568
394,3.6569
395,3.6569
396,3.6569
397,3.6571
398,3.6571
399,3.6572
400,3.6572
401,3.6574
402,3.6574
403,3.6574
404,3.6576
405,3.6576
406,3.6577
407,3.6577
408,3.6577
409,3.6579
410,3.6579
411,3.658
412,3.658
413,3.6582
414,3.6582
415,3.6584
416,3.6584
417,3.6584
418,3.6585
419,3.6585
420,3.6587
421,3.6587
422,3.6588
423,3.6588
424,3.6588
425,3.659
426,3.659
427,3.6591
428,3.6591
429,3.6591
430,3.6593
431,3.6593
432,3.6595
433,3.6595
434,3.6596
435,3.6596
436,3.6596
437,3.6598
438,3.6598
439,3.6599
440,3.6599
441,3.6599
442,3.6601
443,3.6601
444,3.6603
445,3.6603
446,3.6604
447,3.6604
448,3.6604
449,3.6606
450,3.6606
451,3.6606
452,3.6607
453,3.6607
454,3.6609
455,3.6609
456,3.6611
457,3.6611
458,3.6612
459,3.6612
460,3.6612
461,3.6614
462,3.6614
463,3.6615
464,3.6615
465,3.6615
466,3.6617
467,3.6617
468,3.6617
469,3.6618
470,3.662
471,3.662
472,3.662
473,3.6622
474,3.6622
475,3.6622
476,3.6623
477,3.6623
478,3.6625
479,3.6625
480,3.6626
481,3.6626
482,3.6626
483,3.6628
484,3.6628
485,3.663
486,3.663
487,3.663
488,3.6631
489,3.6631
490,3.6633
491,3.6633
492,3.6633
493,3.6634
494,3.6634
495,3.6636
496,3.6636
497,3.6638
498,3.6638
499,3.6638
500,3.6639
501,3.6639
502,3.6641
503,3.6641
504,3.6641
505,3.6642
506,3.6642
507,3.6644
508,3.6644
509,3.6644
510,3.6645
511,3.6645
512,3.6647
513,3.6647
514,3.6647
515,3.6649
516,3.6649
517,3.665
518,3.665
519,3.665
520,3.6652
521,3.6652
522,3.6653
523,3.6653
524,3.6653
525,3.6655
526,3.6655
527,3.6657
528,3.6657
529,3.6658
530,3.6658
531,3.6658
532,3.666
533,3.666
534,3.6661
535,3.6661
536,3.6661
537,3.6663
538,3.6663
539,3.6665
540,3.6665
541,3.6666
542,3.6666
543,3.6666
544,3.6668
545,3.6668
546,3.6668
547,3.6669
548,3.6669
549,3.6671
550,3.6671
551,3.6672
552,3.6672
553,3.6672
554,3.6674
555,3.6674
556,3.6674
557,3.6676
558,3.6676
559,3.6677
560,3.6677
561,3.6677
562,3.6679
563,3.6679
564,3.668
565,3.668
566,3.668
567,3.6682
568,3.6682
569,3.6684
570,3.6684
571,3.6685
572,3.6685
573,3.6685
574,3.6687
575,3.6687
576,3.6688
577,3.6688
578,3.6688
579,3.669
580,3.669
581,3.6692
582,3.6692
583,3.6693
584,3.6693
585,3.6693
586,3.6695
587,3.6695
588,3.6696
589,3.6696
590,3.6696
591,3.6698
592,3.6698
593,3.6699
594,3.6699
595,3.6699
596,3.6701
597,3.6701
598,3.6703
599,3.6703
600,3.6703
601,3.6704
602,3.6704
603,3.6706
604,3.6706
605,3.6707
606,3.6707
607,3.6707
608,3.6709
609,3.6709
610,3.6709
611,3.6711
612,3.6711
613,3.6712
614,3.6712
615,3.6714
616,3.6714
617,3.6714
618,3.6715
619,3.6715
620,3.6717
621,3.6717
622,3.6717
623,3.6719
624,3.6719
625,3.672
626,3.672
627,3.6722
628,3.6722
629,3.6722
630,3.6723
631,3.6723
632,3.6725
633,3.6725
634,3.6725
635,3.6726
636,3.6726
637,3.6728
638,3.6728
639,3.6728
640,3.673
641,3.673
642,3.6731
643,3.6731
644,3.6733
645,3.6733
646,3.6733
647,3.6734
648,3.6734
649,3.6736
650,3.6736
651,3.6736
652,3.6738
653,3.6738
654,3.6739
655,3.6739
656,3.6739
657,3.6741
658,3.6741
659,3.6742
660,3.6742
661,3.6744
662,3.6744
663,3.6744
664,3.6746
665,3.6746
666,3.6747
667,3.6747
668,3.6747
669,3.6749
670,3.6749
671,3.675
672,3.675
673,3.675
674,3.6752
675,3.6752
676,3.6754
677,3.6754
678,3.6755
679,3.6755
680,3.6755
681,3.6757
682,3.6757
683,3.6758
684,3.6758
685,3.676
686,3.676
687,3.676
688,3.6761
689,3.6761
690,3.6763
691,3.6763
692,3.6763
693,3.6765
694,3.6765
695,3.6766
696,3.6766
697,3.6766
698,3.6768
699,3.6768
700,3.6769
701,3.6769
702,3.6769
703,3.6771
704,3.6773
705,3.6773
706,3.6773
707,3.6774
708,3.6774
709,3.6776
710,3.6776
711,3.6776
712,3.6777
713,3.6777
714,3.6779
715,3.6779
716,3.6781
717,3.6781
718,3.6781
719,3.6782
720,3.6782
721,3.6784
722,3.6784
723,3.6785
724,3.6785
725,3.6785
726,3.6787
727,3.6787
728,3.6787
729,3.6788
730,3.6788
731,3.679
732,3.679
733,3.6792
734,3.6792
735,3.6793
736,3.6793
737,3.6793
738,3.6795
739,3.6795
740,3.6796
741,3.6796
742,3.6798
743,3.6798
744,3.6798
745,3.68
746,3.68
747,3.6801
748,3.6801
749,3.6803
750,3.6803
751,3.6804
752,3.6804
753,3.6804
754,3.6806
755,3.6806
756,3.6808
757,3.6808
758,3.6808
759,3.6809
760,3.6809
761,3.6811
762,3.6811
763,3.6812
764,3.6812
765,3.6814
766,3.6814
767,3.6814
768,3.6815
769,3.6815
770,3.6817
771,3.6817
772,3.6819
773,3.6819
774,3.6819
775,3.682
776,3.682
777,3.6822
778,3.6822
779,3.6823
780,3.6823
781,3.6823
782,3.6825
783,3.6825
784,3.6827
785,3.6827
786,3.6828
787,3.6828
788,3.683
789,3.683
790,3.6831
791,3.6831
792,3.6831
793,3.6833
794,3.6833
795,3.6835
796,3.6835
797,3.6836
798,3.6836
799,3.6836
800,3.6838
801,3.6838
802,3.6839
803,3.6839
804,3.6841
805,3.6841
806,3.6841
807,3.6842
808,3.6842
809,3.6844
810,3.6844
811,3.6846
812,3.6846
813,3.6847
814,3.6847
815,3.6847
816,3.6849
817,3.6849
818,3.685
819,3.685
820,3.6852
821,3.6852
822,3.6854
823,3.6854
824,3.6854
825,3.6855
826,3.6855
827,3.6857
828,3.6857
829,3.6858
830,3.6858
831,3.686
832,3.686
833,3.6862
834,3.6862
835,3.6862
836,3.6863
837,3.6863
838,3.6865
839,3.6865
840,3.6866
841,3.6866
842,3.6868
843,3.6868
844,3.6868
845,3.6869
846,3.6871
847,3.6871
848,3.6871
849,3.6873
850,3.6873
851,3.6874
852,3.6874
853,3.6876
854,3.6876
855,3.6877
856,3.6877
857,3.6877
858,3.6879
859,3.6879
860,3.6881
861,3.6881
862,3.6882
863,3.6882
864,3.6884
865,3.6884
866,3.6884
867,3.6885
868,3.6885
869,3.6887
870,3.6887
871,3.6889
872,3.6889
873,3.689
874,3.689
875,3.6892
876,3.6892
877,3.6893
878,3.6893
879,3.6893
880,3.6895
881,3.6895
882,3.6896
883,3.6896
884,3.6898
885,3.6898
886,3.69
887,3.69
888,3.6901
889,3.6901
890,3.6903
891,3.6903
892,3.6903
893,3.6904
894,3.6904
895,3.6906
896,3.6906
897,3.6908
898,3.6908
899,3.6909
900,3.6909
901,3.6911
902,3.6911
903,3.6912
904,3.6912
905,3.6914
906,3.6914
907,3.6914
908,3.6916
909,3.6916
910,3.6917
911,3.6917
912,3.6919
913,3.6919
914,3.692
915,3.692
916,3.6922
917,3.6922
918,3.6923
919,3.6923
920,3.6925
921,3.6925
922,3.6925
923,3.6927
924,3.6927
925,3.6928
926,3.6928
927,3.693
928,3.693
929,3.6931
930,3.6931
931,3.6933
932,3.6933
933,3.6935
934,3.6935
935,3.6936
936,3.6936
937,3.6938
938,3.6938
939,3.6939
940,3.6939
941,3.6941
942,3.6941
943,3.6941
944,3.6943
945,3.6944
946,3.6944
947,3.6944
948,3.6946
949,3.6946
950,3.6947
951,3.6947
952,3.6949
953,3.6949
954,3.695
955,3.695
956,3.6952
957,3.6952
958,3.6954
959,3.6954
960,3.6955
961,3.6955
962,3.6957
963,3.6957
964,3.6957
965,3.6958
966,3.6958
967,3.696
968,3.696
969,3.6962
970,3.6962
971,3.6963
972,3.6963
973,3.6965
974,3.6965
975,3.6966
976,3.6966
977,3.6968
978,3.6968
979,3.697
980,3.697
981,3.6971
982,3.6971
983,3.6973
984,3.6973
985,3.6974
986,3.6974
987,3.6976
988,3.6976
989,3.6976
990,3.6978
991,3.6979
992,3.6979
993,3.6979
994,3.6981
995,3.6982
996,3.6982
997,3.6982
998,3.6984
999,3.6985
1000,3.6985
1001,3.6985
1002,3.6987
1003,3.6987
1004,3.6989
1005,3.6989
1006,3.699
1007,3.699
1008,3.6992
1009,3.6992
1010,3.6993
1011,3.6993
1012,3.6995
1013,3.6995
1014,3.6997
1015,3.6997
1016,3.6998
1017,3.6998
1018,3.7
1019,3.7
1020,3.7001
1021,3.7001
1022,3.7003
1023,3.7003
1024,3.7005
1025,3.7005
1026,3.7006
1027,3.7006
1028,3.7008
1029,3.7008
1030,3.7009
1031,3.7009
1032,3.7011
1033,3.7011
1034,3.7012
1035,3.7012
1036,3.7012
1037,3.7014
1038,3.7016
1039,3.7016
1040,3.7017
1041,3.7017
1042,3.7019
1043,3.7019
1044,3.702
1045,3.702
1046,3.7022
1047,3.7022
1048,3.7024
1049,3.7024
1050,3.7025
1051,3.7025
1052,3.7027
1053,3.7027
1054,3.7028
1055,3.7028
1056,3.703
1057,3.703
1058,3.7032
1059,3.7032
1060,3.7033
1061,3.7033
1062,3.7035
1063,3.7035
1064,3.7036
1065,3.7036
1066,3.7038
1067,3.7038
1068,3.7039
1069,3.7039
1070,3.7041
1071,3.7041
1072,3.7043
1073,3.7043
1074,3.7044
1075,3.7044
1076,3.7046
1077,3.7046
1078,3.7047
1079,3.7047
1080,3.7049
1081,3.7049
1082,3.7051
1083,3.7051
1084,3.7052
1085,3.7052
1086,3.7054
1087,3.7054
1088,3.7055
1089,3.7055
1090,3.7057
1091,3.7057
1092,3.7059
1093,3.7059
1094,3.706
1095,3.706
1096,3.7062
1097,3.7062
1098,3.7063
1099,3.7063
1100,3.7065
1101,3.7065
1102,3.7066
1103,3.7066
1104,3.7068
1105,3.7068
1106,3.707
1107,3.707
1108,3.7071
1109,3.7071
1110,3.7073
1111,3.7073
1112,3.7074
1113,3.7074
1114,3.7076
1115,3.7076
1116,3.7078
1117,3.7078
1118,3.7079
1119,3.7079
1120,3.7081
1121,3.7081
1122,3.7082
1123,3.7082
1124,3.7084
1125,3.7086
1126,3.7086
1127,3.7087
1128,3.7087
1129,3.7089
1130,3.7089
1131,3.709
1132,3.709
1133,3.7092
1134,3.7092
1135,3.7093
1136,3.7093
1137,3.7095
1138,3.7095
1139,3.7097
1140,3.7097
1141,3.7098
1142,3.7098
1143,3.71
1144,3.71
1145,3.7101
1146,3.7101
1147,3.7103
1148,3.7103
1149,3.7105
1150,3.7105
1151,3.7106
1152,3.7106
1153,3.7108
1154,3.7108
1155,3.7109
1156,3.7111
1157,3.7111
1158,3.7113
1159,3.7113
1160,3.7114
1161,3.7114
1162,3.7116
1163,3.7116
1164,3.7117
1165,3.7117
1166,3.7119
1167,3.7119
1168,3.712
1169,3.712
1170,3.7122
1171,3.7122
1172,3.7124
1173,3.7124
1174,3.7125
1175,3.7125
1176,3.7127
1177,3.7127
1178,3.7128
1179,3.7128
1180,3.713
1181,3.713
1182,3.7132
1183,3.7133
1184,3.7133
1185,3.7135
1186,3.7135
1187,3.7136
1188,3.7136
1189,3.7138
1190,3.7138
1191,3.714
1192,3.714
1193,3.7141
1194,3.7141
1195,3.7143
1196,3.7143
1197,3.7144
1198,3.7144
1199,3.7146
1200,3.7146
1201,3.7148
1202,3.7149
1203,3.7149
1204,3.7151
1205,3.7151
1206,3.7152
1207,3.7152
1208,3.7154
1209,3.7154
1210,3.7155
1211,3.7155
1212,3.7157
1213,3.7157
1214,3.7159
1215,3.7159
1216,3.716
1217,3.716
1218,3.7162
1219,3.7163
1220,3.7163
1221,3.7165
1222,3.7165
1223,3.7167
1224,3.7167
1225,3.7168
1226,3.7168
1227,3.717
1228,3.717
1229,3.7171
1230,3.7171
1231,3.7173
1232,3.7175
1233,3.7175
1234,3.7176
1235,3.7176
1236,3.7178
1237,3.7178
1238,3.7179
1239,3.7179
1240,3.7181
1241,3.7181
1242,3.7182
1243,3.7182
1244,3.7184
1245,3.7186
1246,3.7186
1247,3.7187
1248,3.7187
1249,3.7189
1250,3.7189
1251,3.719
1252,3.719
1253,3.7192
1254,3.7192
1255,3.7194
1256,3.7194
1257,3.7195
1258,3.7197
1259,3.7197
1260,3.7198
1261,3.7198
1262,3.72
1263,3.72
1264,3.7202
1265,3.7203
1266,3.7203
1267,3.7203
1268,3.7205
1269,3.7206
1270,3.7206
1271,3.7208
1272,3.7208
1273,3.7209
1274,3.7209
1275,3.7211
1276,3.7213
1277,3.7213
1278,3.7214
1279,3.7214
1280,3.7216
1281,3.7216
1282,3.7217
1283,3.7217
1284,3.7219
1285,3.7221
1286,3.7221
1287,3.7222
1288,3.7222
1289,3.7224
1290,3.7224
1291,3.7225
1292,3.7227
1293,3.7227
1294,3.7229
1295,3.7229
1296,3.723
1297,3.723
1298,3.7232
1299,3.7232
1300,3.7233
1301,3.7235
1302,3.7235
1303,3.7236
1304,3.7236
1305,3.7238
1306,3.7238
1307,3.724
1308,3.724
1309,3.7241
1310,3.7243
1311,3.7243
1312,3.7244
1313,3.7244
1314,3.7246
1315,3.7248
1316,3.7248
1317,3.7249
1318,3.7249
1319,3.7251
1320,3.7251
1321,3.7252
1322,3.7254
1323,3.7254
1324,3.7256
1325,3.7256
1326,3.7257
1327,3.7257
1328,3.7259
1329,3.726
1330,3.726
1331,3.7262
1332,3.7262
1333,3.7263
1334,3.7265
1335,3.7265
1336,3.7267
1337,3.7267
1338,3.7268
1339,3.7268
1340,3.727
1341,3.7271
1342,3.7271
1343,3.7273
1344,3.7273
1345,3.7275
1346,3.7275
1347,3.7276
1348,3.7278
1349,3.7278
1350,3.7279
1351,3.7279
1352,3.7281
1353,3.7283
1354,3.7283
1355,3.7284
1356,3.7284
1357,3.7286
1358,3.7287
1359,3.7287
1360,3.7289
1361,3.7289
1362,3.729
1363,3.729
1364,3.7292
1365,3.7294
1366,3.7294
1367,3.7295
1368,3.7297
1369,3.7297
1370,3.7298
1371,3.7298
1372,3.73
1373,3.7302
1374,3.7302
1375,3.7303
1376,3.7303
1377,3.7305
1378,3.7306
1379,3.7306
1380,3.7308
1381,3.7308
1382,3.731
1383,3.7311
1384,3.7311
1385,3.7313
1386,3.7314
1387,3.7314
1388,3.7316
1389,3.7316
1390,3.7317
1391,3.7319
1392,3.7319
1393,3.7321
1394,3.7321
1395,3.7322
1396,3.7324
1397,3.7324
1398,3.7325
1399,3.7327
1400,3.7327
1401,3.7329
1402,3.733
1403,3.733
1404,3.7332
1405,3.7332
1406,3.7333
1407,3.7335
1408,3.7335
1409,3.7337
1410,3.7337
1411,3.7338
1412,3.734
1413,3.734
1414,3.7341
1415,3.7343
1416,3.7343
1417,3.7345
1418,3.7346
1419,3.7346
1420,3.7348
1421,3.7349
1422,3.7349
1423,3.7351
1424,3.7351
1425,3.7352
1426,3.7354
1427,3.7354
1428,3.7356
1429,3.7357
1430,3.7357
1431,3.7359
1432,3.736
1433,3.736
1434,3.7362
1435,3.7362
1436,3.7364
1437,3.7365
1438,3.7367
1439,3.7367
1440,3.7368
1441,3.737
1442,3.737
1443,3.7372
1444,3.7373
1445,3.7373
1446,3.7375
1447,3.7375
1448,3.7376
1449,3.7378
1450,3.7378
1451,3.7379
1452,3.7381
1453,3.7381
1454,3.7383
1455,3.7384
1456,3.7386
1457,3.7386
1458,3.7387
1459,3.7389
1460,3.7389
1461,3.7391
1462,3.7392
1463,3.7392
1464,3.7394
1465,3.7395
1466,3.7395
1467,3.7397
1468,3.7397
1469,3.7399
1470,3.74
1471,3.7402
1472,3.7402
1473,3.7403
1474,3.7405
1475,3.7406
1476,3.7406
1477,3.7408
1478,3.7408
1479,3.741
1480,3.7411
1481,3.7413
1482,3.7413
1483,3.7414
1484,3.7416
1485,3.7416
1486,3.7418
1487,3.7419
1488,3.7419
1489,3.7421
1490,3.7422
1491,3.7422
1492,3.7424
1493,3.7426
1494,3.7427
1495,3.7427
1496,3.7429
1497,3.743
1498,3.7432
1499,3.7432
1500,3.7433
1501,3.7435
1502,3.7435
1503,3.7437
1504,3.7438
1505,3.7438
1506,3.744
1507,3.7441
1508,3.7443
1509,3.7443
1510,3.7445
1511,3.7446
1512,3.7448
1513,3.7448
1514,3.7449
1515,3.7451
1516,3.7453
1517,3.7453
1518,3.7454
1519,3.7456
1520,3.7456
1521,3.7457
1522,3.7459
1523,3.7459
1524,3.746
1525,3.7462
1526,3.7464
1527,3.7464
1528,3.7465
1529,3.7467
1530,3.7468
1531,3.7468
1532,3.747
1533,3.7472
1534,3.7473
1535,3.7473
1536,3.7475
1537,3.7476
1538,3.7478
1539,3.7478
1540,3.748
1541,3.7481
1542,3.7483
1543,3.7483
1544,3.7484
1545,3.7486
1546,3.7487
1547,3.7487
1548,3.7489
1549,3.7491
1550,3.7492
1551,3.7492
1552,3.7494
1553,3.7495
1554,3.7497
1555,3.7497
1556,3.7499
1557,3.75
1558,3.7502
1559,3.7502
1560,3.7503
1561,3.7505
1562,3.7507
1563,3.7507
1564,3.7508
1565,3.751
1566,3.7511
1567,3.7513
1568,3.7513
1569,3.7514
1570,3.7516
1571,3.7518
1572,3.7519
1573,3.7519
1574,3.7521
1575,3.7522
1576,3.7524
1577,3.7524
1578,3.7526
1579,3.7527
1580,3.7529
1581,3.753
1582,3.753
1583,3.7532
1584,3.7534
1585,3.7535
1586,3.7537
1587,3.7537
1588,3.7538
1589,3.754
1590,3.7541
1591,3.7543
1592,3.7543
1593,3.7545
1594,3.7546
1595,3.7548
1596,3.7548
1597,3.7549
1598,3.7551
1599,3.7553
1600,3.7554
1601,3.7556
1602,3.7556
1603,3.7557
1604,3.7559
1605,3.7561
1606,3.7562
1607,3.7562
1608,3.7564
1609,3.7565
1610,3.7567
1611,3.7569
1612,3.7569
1613,3.757
1614,3.7572
1615,3.7573
1616,3.7575
1617,3.7576
1618,3.7576
1619,3.7578
1620,3.758
1621,3.7581
1622,3.7583
1623,3.7583
1624,3.7584
1625,3.7586
1626,3.7588
1627,3.7589
1628,3.7591
1629,3.7591
1630,3.7592
1631,3.7594
1632,3.7596
1633,3.7597
1634,3.7599
1635,3.76
1636,3.76
1637,3.7602
1638,3.7603
1639,3.7605
1640,3.7607
1641,3.7608
1642,3.761
1643,3.761
1644,3.7611
1645,3.7613
1646,3.7615
1647,3.7616
1648,3.7618
1649,3.7618
1650,3.7619
1651,3.7621
1652,3.7623
1653,3.7624
1654,3.7626
1655,3.7627
1656,3.7627
1657,3.7629
1658,3.763
1659,3.7632
1660,3.7634
1661,3.7635
1662,3.7637
1663,3.7638
1664,3.7638
1665,3.764
1666,3.7642
1667,3.7643
1668,3.7645
1669,3.7646
1670,3.7648
1671,3.7648
1672,3.765
1673,3.7651
1674,3.7653
1675,3.7654
1676,3.7656
1677,3.7657
1678,3.7657
1679,3.7659
1680,3.7661
1681,3.7662
1682,3.7664
1683,3.7665
1684,3.7667
1685,3.7669
1686,3.767
1687,3.767
1688,3.7672
1689,3.7673
1690,3.7675
1691,3.7677
1692,3.7678
1693,3.768
1694,3.7681
1695,3.7681
1696,3.7683
1697,3.7684
1698,3.7686
1699,3.7688
1700,3.7689
1701,3.7691
1702,3.7692
1703,3.7694
1704,3.7696
1705,3.7696
1706,3.7697
1707,3.7699
1708,3.77
1709,3.7702
1710,3.7704
1711,3.7705
1712,3.7707
1713,3.7708
1714,3.771
1715,3.7711
1716,3.7711
1717,3.7713
1718,3.7715
1719,3.7716
1720,3.7718
1721,3.7719
1722,3.7721
1723,3.7723
1724,3.7724
1725,3.7726
1726,3.7727
1727,3.7729
1728,3.7731
1729,3.7731
1730,3.7732
1731,3.7734
1732,3.7735
1733,3.7737
1734,3.7738
1735,3.774
1736,3.7742
1737,3.7743
1738,3.7745
1739,3.7746
1740,3.7748
1741,3.7748
1742,3.775
1743,3.7751
1744,3.7753
1745,3.7754
1746,3.7756
1747,3.7758
1748,3.7759
1749,3.7761
1750,3.7762
1751,3.7764
1752,3.7765
1753,3.7767
1754,3.7769
1755,3.777
1756,3.7772
1757,3.7772
1758,3.7773
1759,3.7775
1760,3.7777
1761,3.7778
1762,3.778
1763,3.7781
1764,3.7783
1765,3.7785
1766,3.7786
1767,3.7788
1768,3.7789
1769,3.7791
1770,3.7793
1771,3.7794
1772,3.7796
1773,3.7797
1774,3.7799
1775,3.78
1776,3.78
1777,3.7802
1778,3.7804
1779,3.7805
1780,3.7807
1781,3.7808
1782,3.781
1783,3.7812
1784,3.7813
1785,3.7815
1786,3.7816
1787,3.7818
1788,3.782
1789,3.7821
1790,3.7823
1791,3.7824
1792,3.7826
1793,3.7827
1794,3.7829
1795,3.7831
1796,3.7832
1797,3.7834
1798,3.7835
1799,3.7837
1800,3.7839
1801,3.784
1802,3.784
1803,3.7843
1804,3.7845
1805,3.7847
1806,3.7848
1807,3.785
1808,3.785
1809,3.7851
1810,3.7853
1811,3.7854
1812,3.7856
1813,3.7858
1814,3.7859
1815,3.7861
1816,3.7862
1817,3.7864
1818,3.7866
1819,3.7867
1820,3.7869
1821,3.787
1822,3.7872
1823,3.7874
1824,3.7875
1825,3.7877
1826,3.7878
1827,3.788
1828,3.7881
1829,3.7883
1830,3.7885
1831,3.7886
1832,3.7888
1833,3.7889
1834,3.7891
1835,3.7893
1836,3.7894
1837,3.7896
1838,3.7897
1839,3.7899
1840,3.7901
1841,3.7902
1842,3.7904
1843,3.7905
1844,3.7907
1845,3.7908
1846,3.791
1847,3.7912
1848,3.7913
1849,3.7915
1850,3.7916
1851,3.7918
1852,3.7921
1853,3.7921
1854,3.7923
1855,3.7924
1856,3.7928
1857,3.7929
1858,3.7931
1859,3.7932
1860,3.7934
1861,3.7935
1862,3.7937
1863,3.7939
1864,3.794
1865,3.7942
1866,3.7943
1867,3.7945
1868,3.7947
1869,3.7948
1870,3.795
1871,3.7951
1872,3.7953
1873,3.7955
1874,3.7956
1875,3.7958
1876,3.7959
1877,3.7961
1878,3.7963
1879,3.7964
1880,3.7966
1881,3.7967
1882,3.7969
1883,3.797
1884,3.7974
1885,3.7974
1886,3.7977
1887,3.7978
1888,3.798
1889,3.7982
1890,3.7983
1891,3.7985
1892,3.7986
1893,3.7988
1894,3.799
1895,3.7991
1896,3.7993
1897,3.7994
1898,3.7996
1899,3.7997
1900,3.7999
1901,3.8002
1902,3.8002
1903,3.8005
1904,3.8005
1905,3.8009
1906,3.801
1907,3.8012
1908,3.8013
1909,3.8015
1910,3.8017
1911,3.8018
1912,3.802
1913,3.8021
1914,3.8023
1915,3.8024
1916,3.8028
1917,3.8029
1918,3.8031
1919,3.8032
1920,3.8034
1921,3.8036
1922,3.8037
1923,3.8039
1924,3.804
1925,3.8042
1926,3.8045
1927,3.8047
1928,3.8048
1929,3.805
1930,3.8051
1931,3.8053
1932,3.8055
1933,3.8056
1934,3.8058
1935,3.8059
1936,3.8061
1937,3.8064
1938,3.8066
1939,3.8067
1940,3.8069
1941,3.8071
1942,3.8072
1943,3.8074
1944,3.8075
1945,3.8077
1946,3.808
1947,3.8082
1948,3.8083
1949,3.8085
1950,3.8086
1951,3.8088
1952,3.809
1953,3.8091
1954,3.8093
1955,3.8096
1956,3.8098
1957,3.8099
1958,3.8101
1959,3.8102
1960,3.8104
1961,3.8107
1962,3.8109
1963,3.811
1964,3.8112
1965,3.8113
1966,3.8115
1967,3.8117
1968,3.812
1969,3.8121
1970,3.8123
1971,3.8125
1972,3.8126
1973,3.8128
1974,3.8129
1975,3.8132
1976,3.8134
1977,3.8136
1978,3.8137
1979,3.8139
1980,3.814
1981,3.8144
1982,3.8145
1983,3.8147
1984,3.8148
1985,3.815
1986,3.8153
1987,3.8155
1988,3.8156
1989,3.8158
1990,3.8159
1991,3.8161
1992,3.8164
1993,3.8166
1994,3.8167
1995,3.8169
1996,3.8171
1997,3.8174
1998,3.8175
1999,3.8177
2000,3.8179
2001,3.818
2002,3.8183
2003,3.8185
2004,3.8187
2005,3.8188
2006,3.819
2007,3.8193
2008,3.8194
2009,3.8196
2010,3.8198
2011,3.8199
2012,3.8202
2013,3.8204
2014,3.8206
2015,3.8207
2016,3.8209
2017,3.8212
2018,3.8214
2019,3.8215
2020,3.8217
2021,3.822
2022,3.8221
2023,3.8223
2024,3.8225
2025,3.8228
2026,3.8229
2027,3.8231
2028,3.8233
2029,3.8236
2030,3.8237
2031,3.8239
2032,3.8241
2033,3.8244
2034,3.8245
2035,3.8247
2036,3.8248
2037,3.8252
2038,3.8253
2039,3.8255
2040,3.8256
2041,3.826
2042,3.8261
2043,3.8263
2044,3.8264
2045,3.8268
2046,3.8269
2047,3.8271
2048,3.8274
2049,3.8275
2050,3.8277
2051,3.8279
2052,3.8282
2053,3.8283
2054,3.8285
2055,3.8287
2056,3.829
2057,3.8291
2058,3.8293
2059,3.8296
2060,3.8298
2061,3.8299
2062,3.8302
2063,3.8304
2064,3.8306
2065,3.8307
2066,3.831
2067,3.8312
2068,3.8314
2069,3.8317
2070,3.8318
2071,3.832
2072,3.8323
2073,3.8325
2074,3.8326
2075,3.8329
2076,3.8331
2077,3.8333
2078,3.8336
2079,3.8337
2080,3.8339
2081,3.8342
2082,3.8344
2083,3.8345
2084,3.8349
2085,3.835
2086,3.8352
2087,3.8355
2088,3.8356
2089,3.8358
2090,3.8361
2091,3.8363
2092,3.8364
2093,3.8368
2094,3.8369
2095,3.8372
2096,3.8374
2097,3.8376
2098,3.8379
2099,3.838
2100,3.8382
2101,3.8385
2102,3.8387
2103,3.8388
2104,3.8391
2105,3.8393
2106,3.8396
2107,3.8398
2108,3.8399
2109,3.8403
2110,3.8404
2111,3.8407
2112,3.8409
2113,3.8411
2114,3.8414
2115,3.8415
2116,3.8418
2117,3.842
2118,3.8422
2119,3.8425
2120,3.8426
2121,3.843
2122,3.8431
2123,3.8433
2124,3.8436
2125,3.8438
2126,3.8441
2127,3.8442
2128,3.8444
2129,3.8447
2130,3.8449
2131,3.8452
2132,3.8453
2133,3.8457
2134,3.8458
2135,3.846
2136,3.8463
2137,3.8465
2138,3.8468
2139,3.8469
2140,3.8471
2141,3.8474
2142,3.8476
2143,3.8479
2144,3.848
2145,3.8484
2146,3.8485
2147,3.8487
2148,3.849
2149,3.8492
2150,3.8495
2151,3.8496
2152,3.8499
2153,3.8501
2154,3.8504
2155,3.8506
2156,3.8509
2157,3.8511
2158,3.8514
2159,3.8515
2160,3.8517
2161,3.852
2162,3.8522
2163,3.8525
2164,3.8526
2165,3.853
2166,3.8531
2167,3.8534
2168,3.8536
2169,3.8539
2170,3.8541
2171,3.8544
2172,3.8546
2173,3.8549
2174,3.855
2175,3.8553
2176,3.8555
2177,3.8557
2178,3.856
2179,3.8561
2180,3.8565
2181,3.8566
2182,3.8569
2183,3.8571
2184,3.8574
2185,3.8576
2186,3.8579
2187,3.8581
2188,3.8584
2189,3.8585
2190,3.8588
2191,3.859
2192,3.8593
2193,3.8595
2194,3.8598
2195,3.86
2196,3.8603
2197,3.8604
2198,3.8608
2199,3.8609
2200,3.8612
2201,3.8614
2202,3.8617
2203,3.8619
2204,3.8622
2205,3.8623
2206,3.8627
2207,3.8628
2208,3.8631
2209,3.8633
2210,3.8636
2211,3.8638
2212,3.8641
2213,3.8642
2214,3.8646
2215,3.8647
2216,3.865
2217,3.8652
2218,3.8655
2219,3.8657
2220,3.866
2221,3.8662
2222,3.8665
2223,3.8666
2224,3.8669
2225,3.8671
2226,3.8674
2227,3.8676
2228,3.8679
2229,3.8681
2230,3.8684
2231,3.8687
2232,3.8689
2233,3.8692
2234,3.8693
2235,3.8695
2236,3.8698
2237,3.8701
2238,3.8703
2239,3.8706
2240,3.8708
2241,3.8711
2242,3.8712
2243,3.8716
2244,3.8717
2245,3.872
2246,3.8722
2247,3.8725
2248,3.8727
2249,3.873
2250,3.8731
2251,3.8735
2252,3.8736
2253,3.8739
2254,3.8741
2255,3.8744
2256,3.8746
2257,3.8749
2258,3.875
2259,3.8754
2260,3.8755
2261,3.8758
2262,3.876
2263,3.8763
2264,3.8765
2265,3.8768
2266,3.877
2267,3.8773
2268,3.8774
2269,3.8778
2270,3.8779
2271,3.8782
2272,3.8784
2273,3.8787
2274,3.8789
2275,3.8792
2276,3.8793
2277,3.8797
2278,3.8798
2279,3.8801
2280,3.8803
2281,3.8806
2282,3.8808
2283,3.8811
2284,3.8812
2285,3.8816
2286,3.8817
2287,3.882
2288,3.8822
2289,3.8825
2290,3.8827
2291,3.883
2292,3.8832
2293,3.8835
2294,3.8836
2295,3.8838
2296,3.8841
2297,3.8844
2298,3.8846
2299,3.8847
2300,3.8851
2301,3.8852
2302,3.8855
2303,3.8857
2304,3.886
2305,3.8862
2306,3.8865
2307,3.8866
2308,3.887
2309,3.8871
2310,3.8874
2311,3.8876
2312,3.8879
2313,3.8881
2314,3.8884
2315,3.8886
2316,3.8889
2317,3.889
2318,3.8893
2319,3.8895
2320,3.8898
2321,3.89
2322,3.8903
2323,3.8905
2324,3.8908
2325,3.8909
2326,3.8911
2327,3.8914
2328,3.8916
2329,3.8919
2330,3.892
2331,3.8924
2332,3.8925
2333,3.8928
2334,3.893
2335,3.8933
2336,3.8935
2337,3.8936
2338,3.894
2339,3.8941
2340,3.8944
2341,3.8946
2342,3.8949
2343,3.8951
2344,3.8954
2345,3.8955
2346,3.8959
2347,3.896
2348,3.8963
2349,3.8965
2350,3.8967
2351,3.897
2352,3.8971
2353,3.8975
2354,3.8976
2355,3.8979
2356,3.8981
2357,3.8984
2358,3.8986
2359,3.8987
2360,3.899
2361,3.8992
2362,3.8995
2363,3.8997
2364,3.9
2365,3.9002
2366,3.9005
2367,3.9006
2368,3.9009
2369,3.9011
2370,3.9014
2371,3.9016
2372,3.9017
2373,3.9021
2374,3.9022
2375,3.9025
2376,3.9027
2377,3.903
2378,3.9032
2379,3.9033
2380,3.9036
2381,3.9038
2382,3.9041
2383,3.9043
2384,3.9046
2385,3.9048
2386,3.9051
2387,3.9052
2388,3.9054
2389,3.9057
2390,3.9059
2391,3.9062
2392,3.9063
2393,3.9067
2394,3.9068
2395,3.9071
2396,3.9073
2397,3.9076
2398,3.9078
2399,3.9079
2400,3.9083
2401,3.9084
2402,3.9087
2403,3.9089
2404,3.9092
2405,3.9094
2406,3.9097
2407,3.9098
2408,3.91
2409,3.9103
2410,3.9105
2411,3.9108
2412,3.911
2413,3.9113
2414,3.9114
2415,3.9117
2416,3.9119
2417,3.9122
2418,3.9124
2419,3.9125
2420,3.9129
2421,3.913
2422,3.9133
2423,3.9135
2424,3.9138
2425,3.914
2426,3.9143
2427,3.9144
2428,3.9146
2429,3.9149
2430,3.9151
2431,3.9154
2432,3.9156
2433,3.9159
2434,3.916
2435,3.9164
2436,3.9165
2437,3.9168
2438,3.917
2439,3.9173
2440,3.9175
2441,3.9178
2442,3.9179
2443,3.9183
2444,3.9184
2445,3.9187
2446,3.9189
2447,3.9192
2448,3.9194
2449,3.9197
2450,3.9199
2451,3.92
2452,3.9203
2453,3.9205
2454,3.9208
2455,3.921
2456,3.9213
2457,3.9214
2458,3.9218
2459,3.9219
2460,3.9222
2461,3.9224
2462,3.9227
2463,3.9229
2464,3.9232
2465,3.9233
2466,3.9237
2467,3.9238
2468,3.9241
2469,3.9243
2470,3.9246
2471,3.9248
2472,3.9251
2473,3.9253
2474,3.9256
2475,3.9257
2476,3.926
2477,3.9264
2478,3.9265
2479,3.9267
2480,3.927
2481,3.9273
2482,3.9275
2483,3.9276
2484,3.928
2485,3.9283
2486,3.9284
2487,3.9287
2488,3.9289
2489,3.9292
2490,3.9294
2491,3.9297
2492,3.9299
2493,3.9302
2494,3.9305
2495,3.9307
2496,3.931
2497,3.9311
2498,3.9314
2499,3.9316
2500,3.9319
2501,3.9321
2502,3.9324
2503,3.9326
2504,3.9329
2505,3.9332
2506,3.9334
2507,3.9337
2508,3.9338
2509,3.9341
2510,3.9343
2511,3.9346
2512,3.9348
2513,3.9351
2514,3.9354
2515,3.9356
2516,3.9359
2517,3.9361
2518,3.9364
2519,3.9365
2520,3.9368
2521,3.9372
2522,3.9373
2523,3.9376
2524,3.9378
2525,3.9381
2526,3.9384
2527,3.9386
2528,3.9389
2529,3.9391
2530,3.9394
2531,3.9397
2532,3.9399
2533,3.9402
2534,3.9403
2535,3.9407
2536,3.941
2537,3.9411
2538,3.9415
2539,3.9418
2540,3.9419
2541,3.9423
2542,3.9424
2543,3.9427
2544,3.943
2545,3.9432
2546,3.9435
2547,3.9437
2548,3.944
2549,3.9443
2550,3.9445
2551,3.9448
2552,3.9451
2553,3.9453
2554,3.9456
2555,3.9459
2556,3.9461
2557,3.9464
2558,3.9467
2559,3.9469
2560,3.9472
2561,3.9473
2562,3.9477
2563,3.948
2564,3.9481
2565,3.9484
2566,3.9488
2567,3.9489
2568,3.9492
2569,3.9496
2570,3.9497
2571,3.95
2572,3.9504
2573,3.9505
2574,3.9508
2575,3.9511
2576,3.9513
2577,3.9516
2578,3.9519
2579,3.9521
2580,3.9524
2581,3.9527
2582,3.9529
2583,3.9532
2584,3.9535
2585,3.9538
2586,3.954
2587,3.9543
2588,3.9546
2589,3.9548
2590,3.9551
2591,3.9554
2592,3.9556
2593,3.9559
2594,3.9562
2595,3.9564
2596,3.9567
2597,3.957
2598,3.9572
2599,3.9575
2600,3.9578
2601,3.9581
2602,3.9583
2603,3.9586
2604,3.9589
2605,3.9591
2606,3.9594
2607,3.9597
2608,3.9599
2609,3.9602
2610,3.9605
2611,3.9608
2612,3.961
2613,3.9613
2614,3.9616
2615,3.9618
2616,3.9621
2617,3.9624
2618,3.9626
2619,3.9629
2620,3.9632
2621,3.9635
2622,3.9637
2623,3.964
2624,3.9643
2625,3.9645
2626,3.9648
2627,3.9651
2628,3.9653
2629,3.9656
2630,3.9659
2631,3.9662
2632,3.9664
2633,3.9667
2634,3.967
2635,3.9672
2636,3.9675
2637,3.9678
2638,3.968
2639,3.9683
2640,3.9686
2641,3.9689
2642,3.9691
2643,3.9694
2644,3.9697
2645,3.9699
2646,3.9702
2647,3.9705
2648,3.9708
2649,3.971
2650,3.9713
2651,3.9715
2652,3.9718
2653,3.9721
2654,3.9724
2655,3.9726
2656,3.9729
2657,3.9732
2658,3.9734
2659,3.9737
2660,3.974
2661,3.9742
2662,3.9745
2663,3.9748
2664,3.9751
2665,3.9753
2666,3.9756
2667,3.9758
2668,3.9761
2669,3.9764
2670,3.9766
2671,3.9769
2672,3.9772
2673,3.9774
2674,3.9777
2675,3.978
2676,3.9782
2677,3.9785
2678,3.9788
2679,3.9789
2680,3.9793
2681,3.9796
2682,3.9797
2683,3.9801
2684,3.9804
2685,3.9805
2686,3.9809
2687,3.9812
2688,3.9813
2689,3.9817
2690,3.9818
2691,3.9821
2692,3.9824
2693,3.9826
2694,3.9829
2695,3.9831
2696,3.9834
2697,3.9837
2698,3.9839
2699,3.9842
2700,3.9844
2701,3.9847
2702,3.985
2703,3.9851
2704,3.9855
2705,3.9856
2706,3.9859
2707,3.9863
2708,3.9864
2709,3.9867
2710,3.9869
2711,3.9872
2712,3.9874
2713,3.9877
2714,3.9878
2715,3.9882
2716,3.9885
2717,3.9886
2718,3.989
2719,3.9891
2720,3.9894
2721,3.9896
2722,3.9899
2723,3.9901
2724,3.9904
2725,3.9905
2726,3.9909
2727,3.991
2728,3.9913
2729,3.9915
2730,3.9918
2731,3.992
2732,3.9923
2733,3.9925
2734,3.9928
2735,3.9929
2736,3.9932
2737,3.9934
2738,3.9937
2739,3.9939
2740,3.9942
2741,3.9944
2742,3.9947
2743,3.9948
2744,3.995
2745,3.9953
2746,3.9955
2747,3.9958
2748,3.9959
2749,3.9963
2750,3.9964
2751,3.9967
2752,3.9969
2753,3.9971
2754,3.9974
2755,3.9975
2756,3.9979
2757,3.998
2758,3.9982
2759,3.9985
2760,3.9987
2761,3.9988
2762,3.9991
2763,3.9993
2764,3.9996
2765,3.9998
2766,3.9999
2767,4.0002
2768,4.0004
2769,4.0006
2770,4.0009
2771,4.001
2772,4.0014
2773,4.0015
2774,4.0017
2775,4.0018
2776,4.0021
2777,4.0023
2778,4.0025
2779,4.0028
2780,4.0029
2781,4.0031
2782,4.0034
2783,4.0036
2784,4.0037
2785,4.0039
2786,4.0042
2787,4.0044
2788,4.0045
2789,4.0048
2790,4.005
2791,4.0052
2792,4.0053
2793,4.0056
2794,4.0058
2795,4.006
2796,4.0061
2797,4.0064
2798,4.0066
2799,4.0068
2800,4.0069
2801,4.0071
2802,4.0074
2803,4.0075
2804,4.0077
2805,4.0079
2806,4.0082
2807,4.0083
2808,4.0085
2809,4.0087
2810,4.0088
2811,4.0091
2812,4.0093
2813,4.0095
2814,4.0096
2815,4.0098
2816,4.0099
2817,4.0101
2818,4.0104
2819,4.0106
2820,4.0107
2821,4.0109
2822,4.011
2823,4.0112
2824,4.0115
2825,4.0117
2826,4.0118
2827,4.012
2828,4.0122
2829,4.0123
2830,4.0125
2831,4.0128
2832,4.0129
2833,4.0131
2834,4.0133
2835,4.0134
2836,4.0136
2837,4.0137
2838,4.0139
2839,4.0141
2840,4.0144
2841,4.0145
2842,4.0147
2843,4.0149
2844,4.015
2845,4.0152
2846,4.0153
2847,4.0155
2848,4.0156
2849,4.0158
2850,4.016
2851,4.0161
2852,4.0163
2853,4.0164
2854,4.0168
2855,4.0169
2856,4.0171
2857,4.0172
2858,4.0174
2859,4.0176
2860,4.0177
2861,4.0179
2862,4.018
2863,4.0182
2864,4.0183
2865,4.0185
2866,4.0187
2867,4.0188
2868,4.019
2869,4.0191
2870,4.0193
2871,4.0195
2872,4.0196
2873,4.0198
2874,4.0199
2875,4.0203
2876,4.0204
2877,4.0204
2878,4.0207
2879,4.0209
2880,4.0211
2881,4.0211
2882,4.0214
2883,4.0215
2884,4.0217
2885,4.0218
2886,4.022
2887,4.0222
2888,4.0223
2889,4.0225
2890,4.0226
2891,4.0228
2892,4.023
2893,4.0231
2894,4.0231
2895,4.0234
2896,4.0236
2897,4.0236
2898,4.0239
2899,4.0241
2900,4.0242
2901,4.0244
2902,4.0245
2903,4.0247
2904,4.0249
2905,4.025
2906,4.0252
2907,4.0253
2908,4.0255
2909,4.0255
2910,4.0258
2911,4.026
2912,4.0261
2913,4.0263
2914,4.0265
2915,4.0266
2916,4.0268
2917,4.0269
2918,4.0269
2919,4.0271
2920,4.0274
2921,4.0274
2922,4.0276
2923,4.0277
2924,4.0279
2925,4.028
2926,4.0282
2927,4.0284
2928,4.0285
2929,4.0287
2930,4.0288
2931,4.029
2932,4.0292
2933,4.0295
2934,4.0296
2935,4.0296
2936,4.0298
2937,4.0301
2938,4.0303
2939,4.0304
2940,4.0306
2941,4.0307
2942,4.0309
2943,4.0311
2944,4.0312
2945,4.0314
2946,4.0315
2947,4.0317
2948,4.0319
2949,4.032
2950,4.0322
2951,4.0323
2952,4.0325
2953,4.0326
2954,4.0328
2955,4.033
2956,4.0331
2957,4.0333
2958,4.0334
2959,4.0336
2960,4.0338
2961,4.0339
2962,4.0341
2963,4.0342
2964,4.0344
2965,4.0346
2966,4.0347
2967,4.0349
2968,4.0352
2969,4.0353
2970,4.0355
2971,4.0357
2972,4.0358
2973,4.036
2974,4.0361
2975,4.0363
2976,4.0365
2977,4.0366
2978,4.0368
2979,4.0371
2980,4.0373
2981,4.0374
2982,4.0376
2983,4.0377
2984,4.0379
2985,4.038
2986,4.0382
2987,4.0384
2988,4.0387
2989,4.0388
2990,4.039
2991,4.0392
2992,4.0393
2993,4.0395
2994,4.0398
2995,4.04
2996,4.0401
2997,4.0403
2998,4.0404
2999,4.0406
3000,4.0409
3001,4.0411
3002,4.0412
3003,4.0414
3004,4.0415
3005,4.0419
3006,4.042
3007,4.0422
3008,4.0423
3009,4.0425
3010,4.0428
3011,4.043
3012,4.0431
3013,4.0433
3014,4.0436
3015,4.0438
3016,4.0439
3017,4.0441
3018,4.0444
3019,4.0446
3020,4.0447
3021,4.045
3022,4.0452
3023,4.0454
3024,4.0455
3025,4.0458
3026,4.046
3027,4.0462
3028,4.0465
3029,4.0466
3030,4.0468
3031,4.0471
3032,4.0473
3033,4.0474
3034,4.0477
3035,4.0479
3036,4.0481
3037,4.0484
3038,4.0485
3039,4.0487
3040,4.049
3041,4.0492
3042,4.0495
3043,4.0496
3044,4.0498
3045,4.0501
3046,4.0503
3047,4.0506
3048,4.0508
3049,4.0511
3050,4.0512
3051,4.0516
3052,4.0517
3053,4.0519
3054,4.0522
3055,4.0523
3056,4.0527
3057,4.0528
3058,4.0531
3059,4.0533
3060,4.0536
3061,4.0538
3062,4.0541
3063,4.0543
3064,4.0546
3065,4.0547
3066,4.055
3067,4.0554
3068,4.0555
3069,4.0558
3070,4.056
3071,4.0563
3072,4.0565
3073,4.0568
3074,4.0571
3075,4.0573
3076,4.0576
3077,4.0578
3078,4.0581
3079,4.0584
3080,4.0585
3081,4.0589
3082,4.059
3083,4.0593
3084,4.0597
3085,4.06
3086,4.0601
3087,4.0605
3088,4.0608
3089,4.0609
3090,4.0612
3091,4.0616
3092,4.0617
3093,4.062
3094,4.0624
3095,4.0625
3096,4.0628
3097,4.0632
3098,4.0633
3099,4.0636
3100,4.0639
3101,4.0643
3102,4.0644
3103,4.0647
3104,4.0651
3105,4.0654
3106,4.0657
3107,4.0659
3108,4.0662
3109,4.0665
3110,4.0668
3111,4.067
3112,4.0673
3113,4.0676
3114,4.0679
3115,4.0682
3116,4.0684
3117,4.0687
3118,4.069
3119,4.0693
3120,4.0697
3121,4.0698
3122,4.0701
3123,4.0705
3124,4.0708
3125,4.0711
3126,4.0714
3127,4.0716
3128,4.0719
3129,4.0722
3130,4.0725
3131,4.0728
3132,4.0732
3133,4.0735
3134,4.0738
3135,4.074
3136,4.0743
3137,4.0746
3138,4.0749
3139,4.0752
3140,4.0755
3141,4.0759
3142,4.0762
3143,4.0765
3144,4.0768
3145,4.077
3146,4.0773
3147,4.0776
3148,4.0779
3149,4.0782
3150,4.0786
3151,4.0789
3152,4.0792
3153,4.0795
3154,4.0798
3155,4.0802
3156,4.0803
3157,4.0806
3158,4.0809
3159,4.0813
3160,4.0816
3161,4.0819
3162,4.0822
3163,4.0825
3164,4.0829
3165,4.0832
3166,4.0835
3167,4.0838
3168,4.0841
3169,4.0844
3170,4.0846
3171,4.0851
3172,4.0852
3173,4.0856
3174,4.0859
3175,4.0862
3176,4.0865
3177,4.0868
3178,4.0871
3179,4.0875
3180,4.0878
3181,4.0881
3182,4.0884
3183,4.0887
3184,4.089
3185,4.0894
3186,4.0897
3187,4.0898
3188,4.0902
3189,4.0905
3190,4.0908
3191,4.0911
3192,4.0914
3193,4.0917
3194,4.0921
3195,4.0924
3196,4.0927
3197,4.093
3198,4.0933
3199,4.0937
3200,4.094
3201,4.0943
3202,4.0946
3203,4.0949
3204,4.0952
3205,4.0954
3206,4.0957
3207,4.096
3208,4.0964
3209,4.0967
3210,4.097
3211,4.0973
3212,4.0976
3213,4.0979
3214,4.0983
3215,4.0986
3216,4.0989
3217,4.0991
3218,4.0994
3219,4.0997
3220,4.1
3221,4.1003
3222,4.1006
3223,4.101
3224,4.1011
3225,4.1016
3226,4.1018
3227,4.1021
3228,4.1024
3229,4.1027
3230,4.103
3231,4.1033
3232,4.1037
3233,4.1038
3234,4.1041
3235,4.1045
3236,4.1048
3237,4.1051
3238,4.1054
3239,4.1056
3240,4.1059
3241,4.1062
3242,4.1065
3243,4.1068
3244,4.1072
3245,4.1075
3246,4.1076
3247,4.108
3248,4.1083
3249,4.1086
3250,4.1089
3251,4.1091
3252,4.1094
3253,4.1097
3254,4.11
3255,4.1103
3256,4.1105
3257,4.1108
3258,4.1111
3259,4.1114
3260,4.1118
3261,4.1119
3262,4.1122
3263,4.1126
3264,4.1129
3265,4.113
3266,4.1134
3267,4.1137
3268,4.114
3269,4.1141
3270,4.1145
3271,4.1148
3272,4.1151
3273,4.1153
3274,4.1156
3275,4.1159
3276,4.1161
3277,4.1164
3278,4.1167
3279,4.1168
3280,4.1172
3281,4.1175
3282,4.1176
3283,4.118
3284,4.1183
3285,4.1184
3286,4.1188
3287,4.1191
3288,4.1194
3289,4.1195
3290,4.1199
3291,4.1202
3292,4.1203
3293,4.1207
3294,4.1208
3295,4.1211
3296,4.1215
3297,4.1216
3298,4.1219
3299,4.1221
3300,4.1224
3301,4.1227
3302,4.1229
3303,4.1232
3304,4.1234
3305,4.1237
3306,4.1238
3307,4.1242
3308,4.1245
3309,4.1246
3310,4.125
3311,4.1251
3312,4.1254
3313,4.1256
3314,4.1259
3315,4.1261
3316,4.1264
3317,4.1265
3318,4.1269
3319,4.1272
3320,4.1273
3321,4.1275
3322,4.1278
3323,4.128
3324,4.1283
3325,4.1284
3326,4.1288
3327,4.1289
3328,4.1292
3329,4.1294
3330,4.1297
3331,4.1299
3332,4.1302
3333,4.1304
3334,4.1305
3335,4.1308
3336,4.131
3337,4.1313
3338,4.1315
3339,4.1318
3340,4.1319
3341,4.1321
3342,4.1324
3343,4.1326
3344,4.1327
3345,4.1331
3346,4.1332
3347,4.1334
3348,4.1337
3349,4.1338
3350,4.1342
3351,4.1343
3352,4.1345
3353,4.1348
3354,4.135
3355,4.1351
3356,4.1354
3357,4.1356
3358,4.1358
3359,4.1359
3360,4.1362
3361,4.1364
3362,4.1365
3363,4.1367
3364,4.137
3365,4.1372
3366,4.1373
3367,4.1377
3368,4.1378
3369,4.138
3370,4.1381
3371,4.1385
3372,4.1386
3373,4.1388
3374,4.1389
3375,4.1391
3376,4.1394
3377,4.1396
3378,4.1397
3379,4.1399
3380,4.14
3381,4.1404
3382,4.1405
3383,4.1407
3384,4.1408
3385,4.141
3386,4.1412
3387,4.1415
3388,4.1416
3389,4.1418
3390,4.142
3391,4.1421
3392,4.1423
3393,4.1424
3394,4.1427
3395,4.1429
3396,4.1431
3397,4.1432
3398,4.1434
3399,4.1435
3400,4.1437
3401,4.1439
3402,4.144
3403,4.1442
3404,4.1443
3405,4.1445
3406,4.1447
3407,4.1448
3408,4.1451
3409,4.1453
3410,4.1454
3411,4.1456
3412,4.1458
3413,4.1459
3414,4.1461
3415,4.1462
3416,4.1464
3417,4.1466
3418,4.1467
3419,4.1469
3420,4.1469
3421,4.1472
3422,4.1474
3423,4.1474
3424,4.1475
3425,4.1477
3426,4.1478
3427,4.148
3428,4.1481
3429,4.1483
3430,4.1485
3431,4.1486
3432,4.1488
3433,4.1489
3434,4.1491
3435,4.1493
3436,4.1494
3437,4.1494
3438,4.1496
3439,4.1497
3440,4.1499
3441,4.1501
3442,4.1502
3443,4.1504
3444,4.1505
3445,4.1507
3446,4.1507
3447,4.1508
3448,4.151
3449,4.1512
3450,4.1513
3451,4.1515
3452,4.1515
3453,4.1516
3454,4.1518
3455,4.152
3456,4.1521
3457,4.1523
3458,4.1523
3459,4.1523
3460,4.1524
3461,4.1524
3462,4.1526
3463,4.1526
3464,4.1528
3465,4.1528
3466,4.1529
3467,4.1529
3468,4.1529
3469,4.1529
3470,4.1531
3471,4.1531
3472,4.1532
3473,4.1532
3474,4.1534
3475,4.1534
3476,4.1534
3477,4.1534
3478,4.1535
3479,4.1535
3480,4.1537
3481,4.1537
3482,4.1539
3483,4.1539
3484,4.1539
3485,4.1539
3486,4.154
3487,4.154
3488,4.1542
3489,4.1542
3490,4.1543
3491,4.1543
3492,4.1543
3493,4.1543
3494,4.1545
3495,4.1545
3496,4.1547
3497,4.1547
3498,4.1548
3499,4.1548
3500,4.1548
3501,4.155
3502,4.1551
3503,4.1551
3504,4.1553
3505,4.1555
3506,4.1555
3507,4.1556
3508,4.1558
3509,4.1559
3510,4.1559
3511,4.1561
3512,4.1562
3513,4.1562
3514,4.1564
3515,4.1566
3516,4.1566
3517,4.1567
3518,4.1567
3519,4.1569
3520,4.157
3521,4.157
3522,4.1572
3523,4.1574
3524,4.1574
3525,4.1575
3526,4.1577
3527,4.1577
3528,4.1578
3529,4.1578
3530,4.158
3531,4.158
3532,4.1582
3533,4.1583
3534,4.1583
3535,4.1585
3536,4.1586
3537,4.1586
3538,4.1588
3539,4.1588
3540,4.1589
3541,4.1589
3542,4.1591
3543,4.1593
3544,4.1593
3545,4.1594
3546,4.1594
3547,4.1596
3548,4.1596
3549,4.1597
3550,4.1597
3551,4.1599
3552,4.1601
3553,4.1601
3554,4.1602
3555,4.1602
3556,4.1604
3557,4.1604
3558,4.1605
3559,4.1605
3560,4.1607
3561,4.1607
3562,4.1609
3563,4.1609
3564,4.161
3565,4.161
3566,4.1612
3567,4.1612
3568,4.1613
3569,4.1613
3570,4.1615
3571,4.1617
3572,4.1617
3573,4.1618
3574,4.1618
3575,4.162
3576,4.162
3577,4.1621
3578,4.1621
3579,4.1623
3580,4.1623
3581,4.1624
3582,4.1624
3583,4.1626
3584,4.1626
3585,4.1628
3586,4.1628
3587,4.1628
3588,4.1629
3589,4.1629
3590,4.1631
3591,4.1632
3592,4.1632
3593,4.1634
3594,4.1634
3595,4.1634
3596,4.1636
3597,4.1636
3598,4.1637
3599,4.1639
3600,4.1639
3601,4.1639
3602,4.164
3603,4.164
3604,4.1642
3605,4.1642
3606,4.1644
3607,4.1644
3608,4.1645
3609,4.1645
3610,4.1647
3611,4.1647
3612,4.1648
3613,4.1648
3614,4.165
3615,4.165
3616,4.1651
3617,4.1651
3618,4.1653
3619,4.1653
3620,4.1655
3621,4.1655
3622,4.1656
3623,4.1656
3624,4.1658
3625,4.1658
3626,4.1659
3627,4.1659
3628,4.1661
3629,4.1663
3630,4.1663
3631,4.1664
3632,4.1664
3633,4.1666
3634,4.1666
3635,4.1667
3636,4.1667
3637,4.1669
3638,4.1669
3639,4.1671
3640,4.1671
3641,4.1672
3642,4.1672
3643,4.1674
3644,4.1674
3645,4.1675
3646,4.1675
3647,4.1677
3648,4.1677
3649,4.1678
3650,4.1678
3651,4.168
3652,4.1682
3653,4.1682
3654,4.1683
3655,4.1683
3656,4.1685
3657,4.1685
3658,4.1686
3659,4.1688
3660,4.1688
3661,4.169
3662,4.169
3663,4.1691
3664,4.1691
3665,4.1693
3666,4.1693
3667,4.1694
3668,4.1696
3669,4.1696
3670,4.1698
3671,4.1698
3672,4.1699
3673,4.1699
3674,4.1701
3675,4.1702
3676,4.1702
3677,4.1704
3678,4.1705
3679,4.1705
3680,4.1707
3681,4.1707
3682,4.1709
3683,4.171
3684,4.171
3685,4.1712
3686,4.1712
3687,4.1713
3688,4.1715
3689,4.1715
3690,4.1717
3691,4.1718
3692,4.1718
3693,4.172
3694,4.1721
3695,4.1721
3696,4.1723
3697,4.1725
3698,4.1725
3699,4.1726
3700,4.1728
3701,4.1728
3702,4.1729
3703,4.1731
3704,4.1731
3705,4.1732
3706,4.1734
3707,4.1736
3708,4.1736
3709,4.1737
3710,4.1737
3711,4.1739
3712,4.174
3713,4.1742
3714,4.1742
3715,4.1744
3716,4.1745
3717,4.1747
3718,4.1747
3719,4.1748
3720,4.175
3721,4.1752
3722,4.1753
3723,4.1753
3724,4.1755
3725,4.1756
3726,4.1758
3727,4.1759
3728,4.1759
3729,4.1761
3730,4.1763
3731,4.1764
3732,4.1766
3733,4.1766
3734,4.1767
3735,4.1769
3736,4.1771
3737,4.1772
3738,4.1774
3739,4.1774
3740,4.1775
3741,4.1777
3742,4.1779
3743,4.178
3744,4.1782
3745,4.1783
3746,4.1783
3747,4.1785
3748,4.1786
3749,4.1788
3750,4.179
3751,4.1791
3752,4.1793
3753,4.1794
3754,4.1796
3755,4.1798
3756,4.1799
3757,4.1801
3758,4.1802
3759,4.1804
3760,4.1806
3761,4.1807
3762,4.1809
3763,4.181
3764,4.1812
3765,4.1813
3766,4.1815
3767,4.1817
3768,4.1818
3769,4.182
3770,4.1821
3771,4.1823
3772,4.1825
3773,4.1826
3774,4.1829
3775,4.1831
3776,4.1833
3777,4.1834
3778,4.1836
3779,4.1837
3780,4.1839
3781,4.1842
3782,4.1844
3783,4.1845
3784,4.1847
3785,4.1848
3786,4.185
3787,4.1853
3788,4.1855
3789,4.1856
3790,4.1858
3791,4.1861
3792,4.1863
3793,4.1864
3794,4.1868
3795,4.1869
3796,4.1871
3797,4.1874
3798,4.1875
3799,4.1877
3800,4.188
3801,4.1882
3802,4.1883
3803,4.1887
3804,4.1888
3805,4.1891
3806,4.1893
3807,4.1895
3808,4.1898
3809,4.1899
3810,4.1902
3811,4.1904
3812,4.1907
3813,4.1909
3814,4.1912
3815,4.1914
3816,4.1917
3817,4.192
3818,4.1922
3819,4.1925
3820,4.1926
3821,4.1929
3822,4.1933
3823,4.1934
3824,4.1937
3825,4.1941
3826,4.1942
3827,4.1945
3828,4.1949
3829,4.1952
3830,4.1953
3831,4.1956
3832,4.196
3833,4.1963
3834,4.1966
3835,4.1968
3836,4.1971
3837,4.1974
3838,4.1977
3839,4.198
3840,4.1983
3841,4.1987
3842,4.199
3843,4.1993
3844,4.1996
3845,4.1999
3846,4.2003
3847,4.2006
3848,4.2009
3849,4.2012
3850,4.2017
3851,4.202
3852,4.2023
3853,4.2026
3854,4.203
3855,4.2033
3856,4.2038
3857,4.2041
3858,4.2044
3859,4.2049
3860,4.2052
3861,4.2055
3862,4.206
3863,4.2063
3864,4.2068
3865,4.2071
3866,4.2076
3867,4.2079
3868,4.2084
3869,4.2087
3870,4.2092
3871,4.2095
3872,4.2099
3873,4.2104
3874,4.2107
3875,4.2112
3876,4.2117
3877,4.2122
3878,4.2125
3879,4.213
3880,4.2134
3881,4.2139
3882,4.2144
3883,4.2149
3884,4.2153
3885,4.2158
3886,4.2163
3887,4.2168
3888,4.2173
3889,4.2177
3890,4.2182
3891,4.2187
3892,4.2192
3893,4.2196
3894,4.2203
3895,4.2208
3896,4.2212
3897,4.2219
3898,4.2223
3899,4.2228
3900,4.2235
3901,4.2239
3902,4.2246
3903,4.225
3904,4.2257
3905,4.2262
3906,4.2268
3907,4.2274
3908,4.2279
3909,4.2285
3910,4.2292
3911,4.2298
3912,4.2303
3913,4.2309
3914,4.2316
3915,4.2322
3916,4.2328
3917,4.2335
3918,4.2341
3919,4.2347
3920,4.2354
3921,4.236
3922,4.2366
3923,4.2373
3924,4.2381
3925,4.2387
3926,4.2393
3927,4.2401
3928,4.2408
3929,4.2414
3930,4.2422
3931,4.2428
3932,4.2436
3933,4.2443
3934,4.2451
3935,4.2459
3936,4.2465
3937,4.2473
3938,4.2481
3939,4.2487
3940,4.2495
3941,4.2503
3942,4.2511
3943,4.2519
3944,4.2527
3945,4.2535
3946,4.2543
3947,4.2551
3948,4.2559
3949,4.2567
3950,4.2574
3951,4.2584
3952,4.2592
3953,4.26
3954,4.2608
3955,4.2617
3956,4.2625
3957,4.2635
3958,4.2643
3959,4.2652
3960,4.266
3961,4.267
3962,4.2678
3963,4.2687
3964,4.2697
3965,4.2706
3966,4.2714
3967,4.2724
3968,4.2733
3969,4.2743
3970,4.2752
3971,4.2762
3972,4.2771
3973,4.2781
3974,4.2791
3975,4.28
3976,4.281
3977,4.2819
3978,4.283
3979,4.284
3980,4.2849
3981,4.2859
3982,4.287
3983,4.288
3984,4.2891
3985,4.29
3986,4.2911
3987,4.2921
3988,4.2932
3989,4.2941
3990,4.2953
3991,4.2962
3992,4.2973
3993,4.2984
3994,4.2994
3995,4.2992
3996,4.2991
3997,4.2991
3998,4.2991
3999,4.2992
4000,4.2992
4001,4.2992
4002,4.2972
4003,4.2953
4004,4.2945
4005,4.294
4006,4.2935
4007,4.2932
4008,4.2927
4009,4.2926
4010,4.2922
4011,4.2919
4012,4.2918
4013,4.2916
4014,4.2915
4015,4.2913
4016,4.2911
4017,4.291
4018,4.2908
4019,4.2907
4020,4.2905
4021,4.2905
4022,4.2903
4023,4.2902
4024,4.29
4025,4.29
4026,4.2899
4027,4.2899
4028,4.2897
4029,4.2895
4030,4.2895
4031,4.2894
4032,4.2894
4033,4.2892
4034,4.2892
4035,4.2891
4036,4.2891
4037,4.2889
4038,4.2889
4039,4.2888
4040,4.2888
4041,4.2886
4042,4.2886
4043,4.2884
4044,4.2884
4045,4.2884
4046,4.2883
4047,4.2883
4048,4.2883
4049,4.2881
4050,4.2881
4051,4.2881
4052,4.288
4053,4.288
4054,4.2878
4055,4.2878
4056,4.2878
4057,4.2876
4058,4.2876
4059,4.2875
4060,4.2875
4061,4.2875
4062,4.2873
4063,4.2873
4064,4.2873
4065,4.2873
4066,4.2872
4067,4.2872
4068,4.2872
4069,4.287
4070,4.287
4071,4.287
4072,4.2868
4073,4.2868
4074,4.2868
4075,4.2868
4076,4.2867
4077,4.2867
4078,4.2867
4079,4.2865
4080,4.2865
4081,4.2865
4082,4.2865
4083,4.2864
4084,4.2864
4085,4.2864
4086,4.2864
4087,4.2862
4088,4.2862
4089,4.2862
4090,4.2862
4091,4.2861
4092,4.2861
4093,4.2861
4094,4.2859
4095,4.2859
4096,4.2859
4097,4.2859
4098,4.2859
4099,4.2857
4100,4.2857
4101,4.2857
4102,4.2857
4103,4.2856
4104,4.2856
4105,4.2856
4106,4.2856
4107,4.2854
4108,4.2854
4109,4.2854
4110,4.2854
4111,4.2854
4112,4.2853
4113,4.2853
4114,4.2853
4115,4.2853
4116,4.2853
4117,4.2851
4118,4.2851
4119,4.2851
4120,4.2851
4121,4.2849
4122,4.2851
4123,4.2849
4124,4.2849
4125,4.2849
4126,4.2849
4127,4.2848
4128,4.2848
4129,4.2848
4130,4.2848
4131,4.2848
4132,4.2846
4133,4.2846
4134,4.2846
4135,4.2846
4136,4.2846
4137,4.2846
4138,4.2845
4139,4.2845
4140,4.2845
4141,4.2845
4142,4.2845
4143,4.2843
4144,4.2843
4145,4.2843
4146,4.2843
4147,4.2843
4148,4.2843
4149,4.2841
4150,4.2841
4151,4.2841
4152,4.2841
4153,4.2841
4154,4.284
4155,4.284
4156,4.284
4157,4.284
4158,4.284
4159,4.2838
4160,4.284
4161,4.2838
4162,4.2838
4163,4.2838
4164,4.2838
4165,4.2838
4166,4.2837
4167,4.2837
4168,4.2837
4169,4.2837
4170,4.2837
4171,4.2837
4172,4.2835
4173,4.2837
4174,4.2835
4175,4.2835
4176,4.2835
4177,4.2835
4178,4.2835
4179,4.2834
4180,4.2834
4181,4.2834
4182,4.2834
4183,4.2783
4184,4.274
4185,4.2717
4186,4.2698
4187,4.2683
4188,4.2667
4189,4.2652
4190,4.2638
4191,4.2624
4192,4.2611
4193,4.2598
4194,4.2586
4195,4.2574
4196,4.2562
4197,4.2551
4198,4.254
4199,4.2527
4200,4.2516
4201,4.2505
4202,4.2495
4203,4.2484
4204,4.2473
4205,4.2463
4206,4.2452
4207,4.2443
4208,4.2431
4209,4.2422
4210,4.2412
4211,4.2403
4212,4.2393
4213,4.2384
4214,4.2374
4215,4.2365
4216,4.2355
4217,4.2346
4218,4.2336
4219,4.2327
4220,4.2319
4221,4.2309
4222,4.2301
4223,4.2292
4224,4.2284
4225,4.2276
4226,4.2266
4227,4.2258
4228,4.225
4229,4.2242
4230,4.2234
4231,4.2226
4232,4.2218
4233,4.2211
4234,4.2203
4235,4.2195
4236,4.2187
4237,4.2179
4238,4.2171
4239,4.2164
4240,4.2157
4241,4.215
4242,4.2142
4243,4.2136
4244,4.2128
4245,4.2122
4246,4.2114
4247,4.2107
4248,4.2101
4249,4.2095
4250,4.2087
4251,4.208
4252,4.2074
4253,4.2068
4254,4.2061
4255,4.2055
4256,4.2048
4257,4.2042
4258,4.2036
4259,4.2029
4260,4.2025
4261,4.2018
4262,4.2012
4263,4.2007
4264,4.2001
4265,4.1994
4266,4.199
4267,4.1983
4268,4.1979
4269,4.1972
4270,4.1967
4271,4.1963
4272,4.1956
4273,4.1952
4274,4.1947
4275,4.194
4276,4.1936
4277,4.1931
4278,4.1926
4279,4.1921
4280,4.1917
4281,4.191
4282,4.1905
4283,4.1902
4284,4.1897
4285,4.1893
4286,4.1888
4287,4.1883
4288,4.1878
4289,4.1874
4290,4.187
4291,4.1866
4292,4.1861
4293,4.1856
4294,4.1853
4295,4.1848
4296,4.1845
4297,4.184
4298,4.1836
4299,4.1832
4300,4.1829
4301,4.1824
4302,4.1821
4303,4.1816
4304,4.1813
4305,4.1808
4306,4.1805
4307,4.1802
4308,4.1799
4309,4.1794
4310,4.1791
4311,4.1788
4312,4.1785
4313,4.1781
4314,4.1777
4315,4.1774
4316,4.177
4317,4.1767
4318,4.1764
4319,4.1761
4320,4.1758
4321,4.1754
4322,4.1751
4323,4.1748
4324,4.1745
4325,4.1742
4326,4.1739
4327,4.1737
4328,4.1734
4329,4.1731
4330,4.1727
4331,4.1724
4332,4.1723
4333,4.1719
4334,4.1716
4335,4.1713
4336,4.1712
4337,4.1708
4338,4.1705
4339,4.1704
4340,4.17
4341,4.1697
4342,4.1696
4343,4.1692
4344,4.1691
4345,4.1688
4346,4.1686
4347,4.1683
4348,4.1681
4349,4.1678
4350,4.1677
4351,4.1673
4352,4.1672
4353,4.1669
4354,4.1667
4355,4.1664
4356,4.1662
4357,4.1661
4358,4.1658
4359,4.1656
4360,4.1654
4361,4.1651
4362,4.165
4363,4.1648
4364,4.1646
4365,4.1643
4366,4.1642
4367,4.164
4368,4.1637
4369,4.1635
4370,4.1634
4371,4.1632
4372,4.1631
4373,4.1629
4374,4.1626
4375,4.1624
4376,4.1623
4377,4.1621
4378,4.1619
4379,4.1618
4380,4.1615
4381,4.1615
4382,4.1611
4383,4.161
4384,4.1608
4385,4.1607
4386,4.1605
4387,4.1603
4388,4.1602
4389,4.16
4390,4.1599
4391,4.1597
4392,4.1596
4393,4.1594
4394,4.1592
4395,4.1591
4396,4.1589
4397,4.1588
4398,4.1586
4399,4.1584
4400,4.1583
4401,4.1581
4402,4.1581
4403,4.158
4404,4.1578
4405,4.1576
4406,4.1575
4407,4.1573
4408,4.1572
4409,4.157
4410,4.1569
4411,4.1569
4412,4.1567
4413,4.1565
4414,4.1564
4415,4.1562
4416,4.1561
4417,4.1561
4418,4.1559
4419,4.1557
4420,4.1556
4421,4.1556
4422,4.1554
4423,4.1553
4424,4.1551
4425,4.1549
4426,4.1549
4427,4.1548
4428,4.1546
4429,4.1546
4430,4.1545
4431,4.1543
4432,4.1542
4433,4.1542
4434,4.154
4435,4.1538
4436,4.1537
4437,4.1537
4438,4.1535
4439,4.1534
4440,4.1534
4441,4.1532
4442,4.153
4443,4.153
4444,4.1529
4445,4.1527
4446,4.1527
4447,4.1526
4448,4.1526
4449,4.1524
4450,4.1522
4451,4.1522
4452,4.1521
4453,4.1519
4454,4.1519
4455,4.1518
4456,4.1516
4457,4.1516
4458,4.1514
4459,4.1514
4460,4.1513
4461,4.1511
4462,4.1511
4463,4.151
4464,4.151
4465,4.1508
4466,4.1507
4467,4.1507
4468,4.1505
4469,4.1505
4470,4.1503
4471,4.1503
4472,4.1502
4473,4.1502
4474,4.15
4475,4.15
4476,4.1499
4477,4.1499
4478,4.1497
4479,4.1495
4480,4.1495
4481,4.1494
4482,4.1494
4483,4.1492
4484,4.1492
4485,4.1491
4486,4.1491
4487,4.1489
4488,4.1489
4489,4.1487
4490,4.1487
4491,4.1486
4492,4.1484
4493,4.1484
4494,4.1484
4495,4.1483
4496,4.1483
4497,4.1481
4498,4.1481
4499,4.148
4500,4.148
4501,4.1478
4502,4.1478
4503,4.1476
4504,4.1476
4505,4.1475
4506,4.1475
4507,4.1473
4508,4.1473
4509,4.1472
4510,4.1472
4511,4.147
4512,4.147
4513,4.1468
4514,4.1468
4515,4.1468
4516,4.1467
4517,4.1465
4518,4.1465
4519,4.1465
4520,4.1464
4521,4.1464
4522,4.1462
4523,4.1462
4524,4.146
4525,4.146
4526,4.1459
4527,4.1459
4528,4.1457
4529,4.1457
4530,4.1456
4531,4.1456
4532,4.1454
4533,4.1454
4534,4.1454
4535,4.1453
4536,4.1453
4537,4.1451
4538,4.1451
4539,4.1449
4540,4.1449
4541,4.1449
4542,4.1448
4543,4.1448
4544,4.1446
4545,4.1446
4546,4.1445
4547,4.1445
4548,4.1443
4549,4.1443
4550,4.1443
4551,4.1441
4552,4.1441
4553,4.144
4554,4.144
4555,4.1438
4556,4.1438
4557,4.1437
4558,4.1437
4559,4.1437
4560,4.1435
4561,4.1435
4562,4.1433
4563,4.1433
4564,4.1432
4565,4.1432
4566,4.143
4567,4.143
4568,4.1429
4569,4.1429
4570,4.1429
4571,4.1427
4572,4.1427
4573,4.1426
4574,4.1426
4575,4.1424
4576,4.1424
4577,4.1424
4578,4.1422
4579,4.1422
4580,4.1421
4581,4.1421
4582,4.1419
4583,4.1419
4584,4.1419
4585,4.1418
4586,4.1418
4587,4.1416
4588,4.1416
4589,4.1414
4590,4.1414
4591,4.1413
4592,4.1413
4593,4.1413
4594,4.1411
4595,4.1411
4596,4.141
4597,4.141
4598,4.1408
4599,4.1408
4600,4.1406
4601,4.1406
4602,4.1406
4603,4.1405
4604,4.1403
4605,4.1403
4606,4.1402
4607,4.1402
4608,4.1402
4609,4.14
4610,4.14
4611,4.1398
4612,4.1398
4613,4.1397
4614,4.1397
4615,4.1395
4616,4.1395
4617,4.1394
4618,4.1394
4619,4.1394
4620,4.1392
4621,4.1392
4622,4.1391
4623,4.1391
4624,4.1389
4625,4.1389
4626,4.1387
4627,4.1387
4628,4.1386
4629,4.1386
4630,4.1384
4631,4.1384
4632,4.1383
4633,4.1383
4634,4.1381
4635,4.1381
4636,4.1379
4637,4.1379
4638,4.1378
4639,4.1378
4640,4.1376
4641,4.1376
4642,4.1375
4643,4.1375
4644,4.1373
4645,4.1373
4646,4.1371
4647,4.1371
4648,4.137
4649,4.1368
4650,4.1368
4651,4.1367
4652,4.1367
4653,4.1365
4654,4.1365
4655,4.1364
4656,4.1364
4657,4.1362
4658,4.1362
4659,4.136
4660,4.136
4661,4.1359
4662,4.1357
4663,4.1357
4664,4.1356
4665,4.1356
4666,4.1354
4667,4.1352
4668,4.1352
4669,4.1351
4670,4.1351
4671,4.1349
4672,4.1348
4673,4.1348
4674,4.1346
4675,4.1344
4676,4.1344
4677,4.1343
4678,4.1343
4679,4.1341
4680,4.134
4681,4.134
4682,4.1338
4683,4.1337
4684,4.1337
4685,4.1335
4686,4.1335
4687,4.1333
4688,4.1332
4689,4.133
4690,4.133
4691,4.1329
4692,4.1327
4693,4.1327
4694,4.1325
4695,4.1324
4696,4.1324
4697,4.1322
4698,4.1321
4699,4.1319
4700,4.1319
4701,4.1317
4702,4.1316
4703,4.1316
4704,4.1314
4705,4.1313
4706,4.1313
4707,4.1311
4708,4.1309
4709,4.1308
4710,4.1306
4711,4.1306
4712,4.1305
4713,4.1303
4714,4.1302
4715,4.13
4716,4.13
4717,4.1298
4718,4.1297
4719,4.1295
4720,4.1294
4721,4.1292
4722,4.1292
4723,4.129
4724,4.1289
4725,4.1287
4726,4.1286
4727,4.1284
4728,4.1284
4729,4.1282
4730,4.1281
4731,4.1279
4732,4.1278
4733,4.1276
4734,4.1275
4735,4.1273
4736,4.1271
4737,4.127
4738,4.127
4739,4.1268
4740,4.1267
4741,4.1265
4742,4.1263
4743,4.1262
4744,4.126
4745,4.1259
4746,4.1257
4747,4.1255
4748,4.1254
4749,4.1252
4750,4.1251
4751,4.1249
4752,4.1248
4753,4.1246
4754,4.1244
4755,4.1243
4756,4.1241
4757,4.124
4758,4.1238
4759,4.1236
4760,4.1235
4761,4.1233
4762,4.123
4763,4.1228
4764,4.1228
4765,4.1225
4766,4.1224
4767,4.1222
4768,4.122
4769,4.1219
4770,4.1217
4771,4.1216
4772,4.1214
4773,4.1211
4774,4.1209
4775,4.1208
4776,4.1206
4777,4.1205
4778,4.1203
4779,4.12
4780,4.1198
4781,4.1197
4782,4.1195
4783,4.1193
4784,4.119
4785,4.1189
4786,4.1187
4787,4.1186
4788,4.1182
4789,4.1181
4790,4.1179
4791,4.1178
4792,4.1176
4793,4.1173
4794,4.1171
4795,4.117
4796,4.1166
4797,4.1165
4798,4.1163
4799,4.1162
4800,4.1159
4801,4.1157
4802,4.1155
4803,4.1152
4804,4.1151
4805,4.1149
4806,4.1146
4807,4.1144
4808,4.1141
4809,4.1139
4810,4.1138
4811,4.1135
4812,4.1133
4813,4.1132
4814,4.1128
4815,4.1127
4816,4.1124
4817,4.1122
4818,4.1119
4819,4.1117
4820,4.1116
4821,4.1112
4822,4.1111
4823,4.1108
4824,4.1106
4825,4.1103
4826,4.1101
4827,4.1098
4828,4.1097
4829,4.1093
4830,4.1092
4831,4.1089
4832,4.1087
4833,4.1084
4834,4.1082
4835,4.1079
4836,4.1077
4837,4.1074
4838,4.1073
4839,4.107
4840,4.1068
4841,4.1065
4842,4.1063
4843,4.106
4844,4.1057
4845,4.1055
4846,4.1052
4847,4.105
4848,4.1047
4849,4.1044
4850,4.1043
4851,4.1039
4852,4.1038
4853,4.1035
4854,4.1031
4855,4.103
4856,4.1027
4857,4.1023
4858,4.1022
4859,4.1019
4860,4.1017
4861,4.1014
4862,4.1011
4863,4.1008
4864,4.1006
4865,4.1003
4866,4.1
4867,4.0998
4868,4.0995
4869,4.0992
4870,4.099
4871,4.0987
4872,4.0984
4873,4.0981
4874,4.0979
4875,4.0976
4876,4.0973
4877,4.0969
4878,4.0968
4879,4.0965
4880,4.0961
4881,4.0958
4882,4.0957
4883,4.0954
4884,4.095
4885,4.0947
4886,4.0946
4887,4.0942
4888,4.0939
4889,4.0936
4890,4.0933
4891,4.0931
4892,4.0928
4893,4.0925
4894,4.0922
4895,4.0919
4896,4.0915
4897,4.0914
4898,4.0911
4899,4.0907
4900,4.0904
4901,4.0901
4902,4.0898
4903,4.0895
4904,4.0893
4905,4.089
4906,4.0887
4907,4.0884
4908,4.088
4909,4.0877
4910,4.0874
4911,4.0871
4912,4.0869
4913,4.0866
4914,4.0863
4915,4.086
4916,4.0857
4917,4.0853
4918,4.085
4919,4.0847
4920,4.0844
4921,4.0841
4922,4.0838
4923,4.0836
4924,4.0833
4925,4.083
4926,4.0826
4927,4.0823
4928,4.082
4929,4.0817
4930,4.0814
4931,4.081
4932,4.0807
4933,4.0804
4934,4.0801
4935,4.0798
4936,4.0795
4937,4.0791
4938,4.0788
4939,4.0787
4940,4.0782
4941,4.078
4942,4.0776
4943,4.0774
4944,4.0771
4945,4.0768
4946,4.0764
4947,4.0761
4948,4.0758
4949,4.0755
4950,4.0752
4951,4.0749
4952,4.0745
4953,4.0742
4954,4.0739
4955,4.0736
4956,4.0733
4957,4.0729
4958,4.0726
4959,4.0723
4960,4.072
4961,4.0717
4962,4.0714
4963,4.071
4964,4.0707
4965,4.0704
4966,4.0701
4967,4.0698
4968,4.0694
4969,4.0691
4970,4.0688
4971,4.0685
4972,4.0682
4973,4.0679
4974,4.0675
4975,4.0672
4976,4.0669
4977,4.0666
4978,4.0663
4979,4.066
4980,4.0656
4981,4.0653
4982,4.065
4983,4.0647
4984,4.0644
4985,4.064
4986,4.0637
4987,4.0634
4988,4.0631
4989,4.0628
4990,4.0625
4991,4.0621
4992,4.0618
4993,4.0615
4994,4.0612
4995,4.0609
4996,4.0605
4997,4.0604
4998,4.0601
4999,4.0598
5000,4.0594
5001,4.0591
5002,4.0588
5003,4.0585
5004,4.0582
5005,4.0578
5006,4.0575
5007,4.0572
5008,4.0569
5009,4.0566
5010,4.0563
5011,4.0559
5012,4.0556
5013,4.0553
5014,4.0551
5015,4.0548
5016,4.0545
5017,4.0542
5018,4.0539
5019,4.0536
5020,4.0532
5021,4.0529
5022,4.0526
5023,4.0523
5024,4.0521
5025,4.0518
5026,4.0515
5027,4.0512
5028,4.0509
5029,4.0505
5030,4.0502
5031,4.0499
5032,4.0497
5033,4.0494
5034,4.0491
5035,4.0488
5036,4.0485
5037,4.0482
5038,4.048
5039,4.0477
5040,4.0474
5041,4.047
5042,4.0467
5043,4.0466
5044,4.0462
5045,4.0459
5046,4.0456
5047,4.0453
5048,4.0451
5049,4.0448
5050,4.0445
5051,4.0442
5052,4.0439
5053,4.0437
5054,4.0434
5055,4.0431
5056,4.0428
5057,4.0426
5058,4.0423
5059,4.042
5060,4.0416
5061,4.0415
5062,4.0412
5063,4.0408
5064,4.0407
5065,4.0404
5066,4.04
5067,4.0399
5068,4.0396
5069,4.0393
5070,4.0391
5071,4.0388
5072,4.0385
5073,4.0383
5074,4.038
5075,4.0377
5076,4.0375
5077,4.0372
5078,4.0369
5079,4.0367
5080,4.0364
5081,4.0362
5082,4.0359
5083,4.0356
5084,4.0354
5085,4.0351
5086,4.035
5087,4.0346
5088,4.0343
5089,4.0342
5090,4.0339
5091,4.0337
5092,4.0334
5093,4.0332
5094,4.0329
5095,4.0327
5096,4.0324
5097,4.0323
5098,4.0319
5099,4.0318
5100,4.0315
5101,4.0311
5102,4.031
5103,4.0308
5104,4.0305
5105,4.0304
5106,4.03
5107,4.0299
5108,4.0296
5109,4.0294
5110,4.0291
5111,4.0289
5112,4.0286
5113,4.0284
5114,4.0283
5115,4.028
5116,4.0278
5117,4.0275
5118,4.0273
5119,4.0272
5120,4.0269
5121,4.0267
5122,4.0264
5123,4.0262
5124,4.0261
5125,4.0257
5126,4.0256
5127,4.0254
5128,4.0251
5129,4.025
5130,4.0248
5131,4.0245
5132,4.0243
5133,4.0242
5134,4.0238
5135,4.0237
5136,4.0235
5137,4.0232
5138,4.023
5139,4.0229
5140,4.0227
5141,4.0224
5142,4.0222
5143,4.0221
5144,4.0219
5145,4.0216
5146,4.0215
5147,4.0213
5148,4.0211
5149,4.0208
5150,4.0207
5151,4.0205
5152,4.0203
5153,4.02
5154,4.0199
5155,4.0197
5156,4.0195
5157,4.0194
5158,4.0191
5159,4.0189
5160,4.0188
5161,4.0186
5162,4.0184
5163,4.0183
5164,4.018
5165,4.0178
5166,4.0176
5167,4.0175
5168,4.0173
5169,4.0172
5170,4.0168
5171,4.0167
5172,4.0165
5173,4.0164
5174,4.0162
5175,4.0161
5176,4.0159
5177,4.0157
5178,4.0154
5179,4.0153
5180,4.0151
5181,4.0149
5182,4.0148
5183,4.0146
5184,4.0145
5185,4.0143
5186,4.0141
5187,4.014
5188,4.0138
5189,4.0135
5190,4.0134
5191,4.0132
5192,4.013
5193,4.0129
5194,4.0127
5195,4.0126
5196,4.0124
5197,4.0122
5198,4.0121
5199,4.0119
5200,4.0118
5201,4.0116
5202,4.0114
5203,4.0113
5204,4.0111
5205,4.011
5206,4.0106
5207,4.0105
5208,4.0103
5209,4.0102
5210,4.01
5211,4.0099
5212,4.0097
5213,4.0095
5214,4.0094
5215,4.0092
5216,4.0091
5217,4.0089
5218,4.0087
5219,4.0086
5220,4.0084
5221,4.0083
5222,4.0081
5223,4.0079
5224,4.0078
5225,4.0076
5226,4.0075
5227,4.0073
5228,4.0072
5229,4.007
5230,4.0068
5231,4.0067
5232,4.0065
5233,4.0064
5234,4.0062
5235,4.006
5236,4.0059
5237,4.0057
5238,4.0056
5239,4.0054
5240,4.0052
5241,4.0051
5242,4.0049
5243,4.0048
5244,4.0046
5245,4.0045
5246,4.0043
5247,4.0041
5248,4.004
5249,4.0038
5250,4.0037
5251,4.0035
5252,4.0033
5253,4.0032
5254,4.003
5255,4.0029
5256,4.0027
5257,4.0025
5258,4.0024
5259,4.0022
5260,4.0021
5261,4.0019
5262,4.0017
5263,4.0016
5264,4.0014
5265,4.0013
5266,4.0011
5267,4.001
5268,4.0008
5269,4.0006
5270,4.0005
5271,4.0003
5272,4.0002
5273,4.0
5274,3.9998
5275,3.9997
5276,3.9995
5277,3.9994
5278,3.9992
5279,3.999
5280,3.9989
5281,3.9987
5282,3.9986
5283,3.9984
5284,3.9983
5285,3.9981
5286,3.9979
5287,3.9978
5288,3.9976
5289,3.9975
5290,3.9973
5291,3.997
5292,3.9968
5293,3.9967
5294,3.9965
5295,3.9963
5296,3.9962
5297,3.996
5298,3.9959
5299,3.9957
5300,3.9956
5301,3.9954
5302,3.9952
5303,3.9951
5304,3.9949
5305,3.9946
5306,3.9944
5307,3.9943
5308,3.9941
5309,3.994
5310,3.9938
5311,3.9936
5312,3.9935
5313,3.9933
5314,3.9932
5315,3.9929
5316,3.9927
5317,3.9925
5318,3.9924
5319,3.9922
5320,3.9921
5321,3.9919
5322,3.9916
5323,3.9914
5324,3.9913
5325,3.9911
5326,3.9909
5327,3.9908
5328,3.9906
5329,3.9905
5330,3.9901
5331,3.99
5332,3.9898
5333,3.9897
5334,3.9895
5335,3.9892
5336,3.989
5337,3.9889
5338,3.9887
5339,3.9886
5340,3.9884
5341,3.9881
5342,3.9879
5343,3.9878
5344,3.9876
5345,3.9874
5346,3.9871
5347,3.987
5348,3.9868
5349,3.9865
5350,3.9863
5351,3.9862
5352,3.986
5353,3.9859
5354,3.9855
5355,3.9854
5356,3.9852
5357,3.9849
5358,3.9847
5359,3.9846
5360,3.9844
5361,3.9841
5362,3.984
5363,3.9838
5364,3.9835
5365,3.9833
5366,3.9832
5367,3.9828
5368,3.9827
5369,3.9825
5370,3.9824
5371,3.982
5372,3.9819
5373,3.9817
5374,3.9814
5375,3.9812
5376,3.9809
5377,3.9808
5378,3.9806
5379,3.9803
5380,3.9801
5381,3.98
5382,3.9797
5383,3.9795
5384,3.9792
5385,3.979
5386,3.9789
5387,3.9785
5388,3.9784
5389,3.9781
5390,3.9779
5391,3.9778
5392,3.9774
5393,3.9773
5394,3.977
5395,3.9768
5396,3.9765
5397,3.9763
5398,3.976
5399,3.9758
5400,3.9757
5401,3.9754
5402,3.9752
5403,3.9749
5404,3.9747
5405,3.9744
5406,3.9743
5407,3.9739
5408,3.9738
5409,3.9735
5410,3.9733
5411,3.973
5412,3.9728
5413,3.9725
5414,3.9723
5415,3.972
5416,3.9719
5417,3.9716
5418,3.9714
5419,3.9711
5420,3.9709
5421,3.9706
5422,3.9703
5423,3.9701
5424,3.9698
5425,3.9696
5426,3.9693
5427,3.9692
5428,3.9689
5429,3.9685
5430,3.9684
5431,3.9681
5432,3.9679
5433,3.9676
5434,3.9673
5435,3.9671
5436,3.9668
5437,3.9665
5438,3.9663
5439,3.966
5440,3.9658
5441,3.9655
5442,3.9654
5443,3.965
5444,3.9647
5445,3.9644
5446,3.9642
5447,3.9639
5448,3.9638
5449,3.9635
5450,3.9631
5451,3.963
5452,3.9627
5453,3.9623
5454,3.9622
5455,3.9619
5456,3.9615
5457,3.9614
5458,3.9611
5459,3.9607
5460,3.9604
5461,3.9603
5462,3.96
5463,3.9596
5464,3.9595
5465,3.9592
5466,3.9588
5467,3.9587
5468,3.9584
5469,3.958
5470,3.9577
5471,3.9576
5472,3.9573
5473,3.9569
5474,3.9566
5475,3.9565
5476,3.9561
5477,3.9558
5478,3.9557
5479,3.9553
5480,3.955
5481,3.9547
5482,3.9546
5483,3.9542
5484,3.9539
5485,3.9536
5486,3.9534
5487,3.9531
5488,3.9528
5489,3.9525
5490,3.9523
5491,3.952
5492,3.9517
5493,3.9514
5494,3.9512
5495,3.9509
5496,3.9506
5497,3.9503
5498,3.9501
5499,3.9498
5500,3.9495
5501,3.9491
5502,3.9488
5503,3.9487
5504,3.9484
5505,3.948
5506,3.9477
5507,3.9474
5508,3.9472
5509,3.9469
5510,3.9466
5511,3.9463
5512,3.9461
5513,3.9458
5514,3.9455
5515,3.9452
5516,3.9449
5517,3.9447
5518,3.9444
5519,3.9441
5520,3.9437
5521,3.9436
5522,3.9433
5523,3.943
5524,3.9426
5525,3.9425
5526,3.9422
5527,3.9418
5528,3.9415
5529,3.9412
5530,3.941
5531,3.9407
5532,3.9404
5533,3.9401
5534,3.9399
5535,3.9396
5536,3.9393
5537,3.939
5538,3.9387
5539,3.9385
5540,3.9382
5541,3.9379
5542,3.9375
5543,3.9374
5544,3.9371
5545,3.9368
5546,3.9364
5547,3.9363
5548,3.936
5549,3.9356
5550,3.9353
5551,3.9352
5552,3.9348
5553,3.9345
5554,3.9342
5555,3.9341
5556,3.9337
5557,3.9334
5558,3.9331
5559,3.9329
5560,3.9326
5561,3.9323
5562,3.932
5563,3.9318
5564,3.9315
5565,3.9312
5566,3.9309
5567,3.9307
5568,3.9304
5569,3.9301
5570,3.9299
5571,3.9296
5572,3.9293
5573,3.929
5574,3.9288
5575,3.9285
5576,3.9282
5577,3.9279
5578,3.9277
5579,3.9274
5580,3.9271
5581,3.9269
5582,3.9266
5583,3.9263
5584,3.9259
5585,3.9258
5586,3.9255
5587,3.9252
5588,3.925
5589,3.9247
5590,3.9244
5591,3.9242
5592,3.9239
5593,3.9236
5594,3.9234
5595,3.9231
5596,3.9228
5597,3.9226
5598,3.9223
5599,3.922
5600,3.9218
5601,3.9215
5602,3.9212
5603,3.921
5604,3.9207
5605,3.9204
5606,3.9202
5607,3.9199
5608,3.9196
5609,3.9194
5610,3.9191
5611,3.9188
5612,3.9186
5613,3.9183
5614,3.9182
5615,3.9178
5616,3.9175
5617,3.9174
5618,3.917
5619,3.9167
5620,3.9166
5621,3.9163
5622,3.9161
5623,3.9158
5624,3.9156
5625,3.9153
5626,3.915
5627,3.9148
5628,3.9145
5629,3.9142
5630,3.914
5631,3.9137
5632,3.9136
5633,3.9132
5634,3.9131
5635,3.9128
5636,3.9124
5637,3.9123
5638,3.912
5639,3.9118
5640,3.9115
5641,3.9113
5642,3.911
5643,3.9108
5644,3.9105
5645,3.9102
5646,3.9101
5647,3.9097
5648,3.9096
5649,3.9093
5650,3.9091
5651,3.9088
5652,3.9085
5653,3.9083
5654,3.908
5655,3.9078
5656,3.9075
5657,3.9074
5658,3.907
5659,3.9069
5660,3.9066
5661,3.9064
5662,3.9061
5663,3.9059
5664,3.9056
5665,3.9054
5666,3.9051
5667,3.905
5668,3.9047
5669,3.9045
5670,3.9042
5671,3.904
5672,3.9037
5673,3.9035
5674,3.9032
5675,3.9031
5676,3.9027
5677,3.9026
5678,3.9023
5679,3.9021
5680,3.9018
5681,3.9016
5682,3.9013
5683,3.9012
5684,3.9008
5685,3.9007
5686,3.9004
5687,3.9002
5688,3.8999
5689,3.8997
5690,3.8994
5691,3.8992
5692,3.8989
5693,3.8988
5694,3.8985
5695,3.8983
5696,3.8981
5697,3.8978
5698,3.8977
5699,3.8973
5700,3.8972
5701,3.8969
5702,3.8967
5703,3.8964
5704,3.8962
5705,3.8959
5706,3.8958
5707,3.8956
5708,3.8953
5709,3.8951
5710,3.8948
5711,3.8946
5712,3.8943
5713,3.8942
5714,3.8938
5715,3.8937
5716,3.8934
5717,3.8932
5718,3.8931
5719,3.8927
5720,3.8926
5721,3.8923
5722,3.8921
5723,3.8918
5724,3.8916
5725,3.8913
5726,3.8911
5727,3.891
5728,3.8907
5729,3.8905
5730,3.8902
5731,3.89
5732,3.8897
5733,3.8896
5734,3.8892
5735,3.8891
5736,3.8889
5737,3.8886
5738,3.8884
5739,3.8881
5740,3.888
5741,3.8876
5742,3.8875
5743,3.8873
5744,3.887
5745,3.8869
5746,3.8865
5747,3.8864
5748,3.8861
5749,3.8859
5750,3.8856
5751,3.8854
5752,3.8853
5753,3.8849
5754,3.8848
5755,3.8845
5756,3.8843
5757,3.884
5758,3.8838
5759,3.8835
5760,3.8834
5761,3.8832
5762,3.8829
5763,3.8827
5764,3.8824
5765,3.8822
5766,3.8819
5767,3.8818
5768,3.8816
5769,3.8813
5770,3.8811
5771,3.8808
5772,3.8807
5773,3.8803
5774,3.8802
5775,3.8799
5776,3.8797
5777,3.8794
5778,3.8792
5779,3.8791
5780,3.8787
5781,3.8786
5782,3.8783
5783,3.8781
5784,3.8778
5785,3.8776
5786,3.8773
5787,3.8772
5788,3.877
5789,3.8767
5790,3.8764
5791,3.8762
5792,3.876
5793,3.8757
5794,3.8756
5795,3.8753
5796,3.8751
5797,3.8748
5798,3.8746
5799,3.8743
5800,3.8741
5801,3.8738
5802,3.8737
5803,3.8733
5804,3.8732
5805,3.8729
5806,3.8727
5807,3.8724
5808,3.8722
5809,3.8721
5810,3.8718
5811,3.8716
5812,3.8713
5813,3.8711
5814,3.8708
5815,3.8706
5816,3.8703
5817,3.8702
5818,3.8698
5819,3.8697
5820,3.8694
5821,3.8692
5822,3.8689
5823,3.8687
5824,3.8684
5825,3.8683
5826,3.8679
5827,3.8678
5828,3.8675
5829,3.8673
5830,3.867
5831,3.8668
5832,3.8665
5833,3.8664
5834,3.866
5835,3.8657
5836,3.8656
5837,3.8654
5838,3.8651
5839,3.8648
5840,3.8646
5841,3.8643
5842,3.8641
5843,3.8638
5844,3.8637
5845,3.8633
5846,3.8632
5847,3.8629
5848,3.8627
5849,3.8624
5850,3.8622
5851,3.8619
5852,3.8617
5853,3.8614
5854,3.8613
5855,3.8609
5856,3.8606
5857,3.8605
5858,3.8602
5859,3.86
5860,3.8597
5861,3.8595
5862,3.8592
5863,3.859
5864,3.8587
5865,3.8586
5866,3.8582
5867,3.8581
5868,3.8578
5869,3.8576
5870,3.8573
5871,3.857
5872,3.8568
5873,3.8565
5874,3.8563
5875,3.856
5876,3.8559
5877,3.8555
5878,3.8554
5879,3.8551
5880,3.8548
5881,3.8546
5882,3.8543
5883,3.8541
5884,3.8538
5885,3.8536
5886,3.8533
5887,3.853
5888,3.8528
5889,3.8525
5890,3.8524
5891,3.8521
5892,3.8519
5893,3.8516
5894,3.8514
5895,3.8511
5896,3.8508
5897,3.8506
5898,3.8503
5899,3.8501
5900,3.8498
5901,3.8497
5902,3.8493
5903,3.849
5904,3.8489
5905,3.8486
5906,3.8484
5907,3.8481
5908,3.8479
5909,3.8476
5910,3.8473
5911,3.8471
5912,3.8468
5913,3.8466
5914,3.8463
5915,3.8462
5916,3.8459
5917,3.8455
5918,3.8454
5919,3.8451
5920,3.8449
5921,3.8446
5922,3.8443
5923,3.8441
5924,3.8438
5925,3.8436
5926,3.8433
5927,3.8432
5928,3.8428
5929,3.8425
5930,3.8424
5931,3.842
5932,3.8419
5933,3.8416
5934,3.8414
5935,3.8411
5936,3.8409
5937,3.8406
5938,3.8403
5939,3.8401
5940,3.8398
5941,3.8397
5942,3.8393
5943,3.8392
5944,3.8389
5945,3.8385
5946,3.8384
5947,3.8381
5948,3.8379
5949,3.8376
5950,3.8374
5951,3.8371
5952,3.837
5953,3.8366
5954,3.8363
5955,3.8362
5956,3.8358
5957,3.8357
5958,3.8354
5959,3.8352
5960,3.8349
5961,3.8347
5962,3.8344
5963,3.8343
5964,3.8339
5965,3.8336
5966,3.8335
5967,3.8331
5968,3.833
5969,3.8327
5970,3.8325
5971,3.8322
5972,3.832
5973,3.8317
5974,3.8315
5975,3.8312
5976,3.8311
5977,3.8308
5978,3.8304
5979,3.8303
5980,3.83
5981,3.8298
5982,3.8295
5983,3.8293
5984,3.829
5985,3.8288
5986,3.8285
5987,3.8284
5988,3.8281
5989,3.8279
5990,3.8276
5991,3.8274
5992,3.8271
5993,3.8269
5994,3.8266
5995,3.8265
5996,3.8261
5997,3.826
5998,3.8257
5999,3.8255
6000,3.8252
6001,3.825
6002,3.8247
6003,3.8246
6004,3.8242
6005,3.8241
6006,3.8238
6007,3.8236
6008,3.8233
6009,3.8231
6010,3.8228
6011,3.8226
6012,3.8223
6013,3.8222
6014,3.8219
6015,3.8217
6016,3.8214
6017,3.8212
6018,3.8209
6019,3.8207
6020,3.8206
6021,3.8203
6022,3.8199
6023,3.8198
6024,3.8196
6025,3.8193
6026,3.8192
6027,3.8188
6028,3.8187
6029,3.8184
6030,3.8182
6031,3.8179
6032,3.8177
6033,3.8176
6034,3.8172
6035,3.8171
6036,3.8168
6037,3.8166
6038,3.8163
6039,3.8161
6040,3.8158
6041,3.8157
6042,3.8155
6043,3.8152
6044,3.815
6045,3.8147
6046,3.8145
6047,3.8144
6048,3.8141
6049,3.8139
6050,3.8136
6051,3.8134
6052,3.8131
6053,3.813
6054,3.8128
6055,3.8125
6056,3.8123
6057,3.812
6058,3.8118
6059,3.8117
6060,3.8114
6061,3.8112
6062,3.8109
6063,3.8107
6064,3.8106
6065,3.8103
6066,3.8101
6067,3.8098
6068,3.8096
6069,3.8095
6070,3.8091
6071,3.809
6072,3.8087
6073,3.8085
6074,3.8083
6075,3.808
6076,3.8079
6077,3.8077
6078,3.8074
6079,3.8072
6080,3.8071
6081,3.8068
6082,3.8066
6083,3.8064
6084,3.8061
6085,3.806
6086,3.8056
6087,3.8055
6088,3.8053
6089,3.805
6090,3.8049
6091,3.8047
6092,3.8044
6093,3.8042
6094,3.8041
6095,3.8037
6096,3.8036
6097,3.8034
6098,3.8031
6099,3.8029
6100,3.8028
6101,3.8025
6102,3.8023
6103,3.8022
6104,3.8018
6105,3.8017
6106,3.8015
6107,3.8012
6108,3.801
6109,3.8009
6110,3.8006
6111,3.8004
6112,3.8002
6113,3.8001
6114,3.7998
6115,3.7996
6116,3.7994
6117,3.7991
6118,3.799
6119,3.7988
6120,3.7985
6121,3.7983
6122,3.7982
6123,3.7979
6124,3.7977
6125,3.7975
6126,3.7974
6127,3.7971
6128,3.7969
6129,3.7967
6130,3.7966
6131,3.7963
6132,3.7961
6133,3.796
6134,3.7958
6135,3.7955
6136,3.7953
6137,3.7952
6138,3.7948
6139,3.7947
6140,3.7945
6141,3.7944
6142,3.794
6143,3.7939
6144,3.7937
6145,3.7934
6146,3.7933
6147,3.7931
6148,3.7929
6149,3.7926
6150,3.7925
6151,3.7923
6152,3.7921
6153,3.7918
6154,3.7917
6155,3.7915
6156,3.7913
6157,3.791
6158,3.7909
6159,3.7907
6160,3.7905
6161,3.7902
6162,3.7901
6163,3.7899
6164,3.7898
6165,3.7894
6166,3.7893
6167,3.7891
6168,3.789
6169,3.7886
6170,3.7885
6171,3.7883
6172,3.7882
6173,3.788
6174,3.7877
6175,3.7875
6176,3.7874
6177,3.7872
6178,3.7871
6179,3.7867
6180,3.7866
6181,3.7864
6182,3.7863
6183,3.7861
6184,3.7858
6185,3.7856
6186,3.7855
6187,3.7853
6188,3.785
6189,3.7848
6190,3.7847
6191,3.7845
6192,3.7844
6193,3.784
6194,3.7839
6195,3.7837
6196,3.7836
6197,3.7834
6198,3.7831
6199,3.7829
6200,3.7828
6201,3.7826
6202,3.7824
6203,3.7821
6204,3.782
6205,3.7818
6206,3.7816
6207,3.7815
6208,3.7813
6209,3.781
6210,3.7809
6211,3.7807
6212,3.7805
6213,3.7804
6214,3.7801
6215,3.7799
6216,3.7797
6217,3.7796
6218,3.7794
6219,3.7793
6220,3.7789
6221,3.7788
6222,3.7786
6223,3.7785
6224,3.7783
6225,3.7782
6226,3.7778
6227,3.7777
6228,3.7775
6229,3.7774
6230,3.7772
6231,3.7769
6232,3.7767
6233,3.7766
6234,3.7764
6235,3.7762
6236,3.7761
6237,3.7759
6238,3.7756
6239,3.7755
6240,3.7753
6241,3.7751
6242,3.775
6243,3.7748
6244,3.7745
6245,3.7745
6246,3.7742
6247,3.774
6248,3.7739
6249,3.7737
6250,3.7735
6251,3.7732
6252,3.7731
6253,3.7729
6254,3.7728
6255,3.7726
6256,3.7724
6257,3.7723
6258,3.7721
6259,3.7718
6260,3.7716
6261,3.7715
6262,3.7713
6263,3.7712
6264,3.771
6265,3.7707
6266,3.7705
6267,3.7704
6268,3.7702
6269,3.77
6270,3.7699
6271,3.7697
6272,3.7696
6273,3.7693
6274,3.7691
6275,3.7689
6276,3.7688
6277,3.7686
6278,3.7685
6279,3.7683
6280,3.768
6281,3.7678
6282,3.7677
6283,3.7675
6284,3.7673
6285,3.7672
6286,3.767
6287,3.7669
6288,3.7666
6289,3.7664
6290,3.7662
6291,3.7661
6292,3.7659
6293,3.7658
6294,3.7656
6295,3.7654
6296,3.7653
6297,3.765
6298,3.7648
6299,3.7646
6300,3.7645
6301,3.7643
6302,3.7642
6303,3.764
6304,3.7639
6305,3.7635
6306,3.7634
6307,3.7632
6308,3.7631
6309,3.7629
6310,3.7627
6311,3.7626
6312,3.7624
6313,3.7623
6314,3.7621
6315,3.7618
6316,3.7616
6317,3.7615
6318,3.7613
6319,3.7611
6320,3.761
6321,3.7608
6322,3.7607
6323,3.7605
6324,3.7602
6325,3.76
6326,3.7599
6327,3.7597
6328,3.7596
6329,3.7594
6330,3.7592
6331,3.7591
6332,3.7589
6333,3.7586
6334,3.7584
6335,3.7583
6336,3.7581
6337,3.758
6338,3.7578
6339,3.7577
6340,3.7575
6341,3.7573
6342,3.7572
6343,3.7569
6344,3.7567
6345,3.7565
6346,3.7564
6347,3.7562
6348,3.7561
6349,3.7559
6350,3.7557
6351,3.7556
6352,3.7554
6353,3.7553
6354,3.755
6355,3.7548
6356,3.7546
6357,3.7545
6358,3.7543
6359,3.7542
6360,3.754
6361,3.7538
6362,3.7537
6363,3.7535
6364,3.7532
6365,3.753
6366,3.7529
6367,3.7527
6368,3.7526
6369,3.7524
6370,3.7523
6371,3.7521
6372,3.7519
6373,3.7518
6374,3.7515
6375,3.7513
6376,3.7511
6377,3.751
6378,3.7508
6379,3.7507
6380,3.7505
6381,3.7503
6382,3.7502
6383,3.75
6384,3.7499
6385,3.7495
6386,3.7494
6387,3.7492
6388,3.7491
6389,3.7489
6390,3.7488
6391,3.7486
6392,3.7484
6393,3.7483
6394,3.7481
6395,3.748
6396,3.7478
6397,3.7475
6398,3.7473
6399,3.7472
6400,3.747
6401,3.7468
6402,3.7467
6403,3.7465
6404,3.7464
6405,3.7462
6406,3.7461
6407,3.7459
6408,3.7457
6409,3.7454
6410,3.7453
6411,3.7451
6412,3.7449
6413,3.7448
6414,3.7446
6415,3.7445
6416,3.7443
6417,3.7441
6418,3.744
6419,3.7437
6420,3.7435
6421,3.7434
6422,3.7432
6423,3.743
6424,3.7429
6425,3.7427
6426,3.7426
6427,3.7424
6428,3.7422
6429,3.7419
6430,3.7418
6431,3.7416
6432,3.7414
6433,3.7413
6434,3.7411
6435,3.741
6436,3.7408
6437,3.7406
6438,3.7405
6439,3.7403
6440,3.7402
6441,3.7399
6442,3.7397
6443,3.7395
6444,3.7394
6445,3.7392
6446,3.7391
6447,3.7389
6448,3.7387
6449,3.7386
6450,3.7384
6451,3.7383
6452,3.7379
6453,3.7378
6454,3.7376
6455,3.7375
6456,3.7373
6457,3.7372
6458,3.737
6459,3.7368
6460,3.7367
6461,3.7365
6462,3.7364
6463,3.7362
6464,3.7359
6465,3.7357
6466,3.7356
6467,3.7354
6468,3.7352
6469,3.7351
6470,3.7349
6471,3.7348
6472,3.7346
6473,3.7345
6474,3.7341
6475,3.734
6476,3.7338
6477,3.7337
6478,3.7335
6479,3.7333
6480,3.7332
6481,3.733
6482,3.7329
6483,3.7327
6484,3.7324
6485,3.7322
6486,3.7321
6487,3.7319
6488,3.7317
6489,3.7316
6490,3.7314
6491,3.7313
6492,3.7311
6493,3.731
6494,3.7308
6495,3.7306
6496,3.7303
6497,3.7302
6498,3.73
6499,3.7298
6500,3.7297
6501,3.7295
6502,3.7294
6503,3.7292
6504,3.729
6505,3.7289
6506,3.7286
6507,3.7284
6508,3.7283
6509,3.7281
6510,3.7279
6511,3.7278
6512,3.7276
6513,3.7275
6514,3.7273
6515,3.7271
6516,3.727
6517,3.7267
6518,3.7265
6519,3.7263
6520,3.7262
6521,3.726
6522,3.7259
6523,3.7257
6524,3.7256
6525,3.7254
6526,3.7252
6527,3.7249
6528,3.7248
6529,3.7246
6530,3.7244
6531,3.7243
6532,3.7241
6533,3.724
6534,3.7238
6535,3.7236
6536,3.7235
6537,3.7233
6538,3.723
6539,3.7229
6540,3.7227
6541,3.7225
6542,3.7224
6543,3.7222
6544,3.7221
6545,3.7219
6546,3.7217
6547,3.7216
6548,3.7213
6549,3.7211
6550,3.7209
6551,3.7208
6552,3.7206
6553,3.7205
6554,3.7203
6555,3.7201
6556,3.72
6557,3.7197
6558,3.7195
6559,3.7194
6560,3.7192
6561,3.719
6562,3.7189
6563,3.7187
6564,3.7186
6565,3.7184
6566,3.7181
6567,3.7179
6568,3.7178
6569,3.7176
6570,3.7174
6571,3.7173
6572,3.7171
6573,3.717
6574,3.7168
6575,3.7167
6576,3.7163
6577,3.7162
6578,3.716
6579,3.7159
6580,3.7157
6581,3.7155
6582,3.7154
6583,3.7152
6584,3.7149
6585,3.7147
6586,3.7146
6587,3.7144
6588,3.7143
6589,3.7141
6590,3.714
6591,3.7138
6592,3.7136
6593,3.7133
6594,3.7132
6595,3.713
6596,3.7128
6597,3.7127
6598,3.7125
6599,3.7124
6600,3.7122
6601,3.712
6602,3.7117
6603,3.7116
6604,3.7114
6605,3.7112
6606,3.7111
6607,3.7109
6608,3.7108
6609,3.7106
6610,3.7105
6611,3.7101
6612,3.71
6613,3.7098
6614,3.7097
6615,3.7095
6616,3.7093
6617,3.7092
6618,3.709
6619,3.7089
6620,3.7085
6621,3.7084
6622,3.7082
6623,3.7081
6624,3.7079
6625,3.7078
6626,3.7076
6627,3.7074
6628,3.7071
6629,3.707
6630,3.7068
6631,3.7066
6632,3.7065
6633,3.7063
6634,3.7062
6635,3.706
6636,3.7057
6637,3.7055
6638,3.7054
6639,3.7052
6640,3.7051
6641,3.7049
6642,3.7047
6643,3.7046
6644,3.7043
6645,3.7041
6646,3.7039
6647,3.7038
6648,3.7036
6649,3.7035
6650,3.7033
6651,3.7031
6652,3.7028
6653,3.7027
6654,3.7025
6655,3.7023
6656,3.7022
6657,3.702
6658,3.7019
6659,3.7017
6660,3.7016
6661,3.7012
6662,3.7011
6663,3.7009
6664,3.7008
6665,3.7006
6666,3.7003
6667,3.7003
6668,3.7
6669,3.6998
6670,3.6996
6671,3.6995
6672,3.6993
6673,3.6992
6674,3.699
6675,3.6987
6676,3.6985
6677,3.6984
6678,3.6982
6679,3.6981
6680,3.6979
6681,3.6977
6682,3.6974
6683,3.6973
6684,3.6971
6685,3.6969
6686,3.6968
6687,3.6966
6688,3.6965
6689,3.6962
6690,3.696
6691,3.6958
6692,3.6957
6693,3.6955
6694,3.6954
6695,3.6952
6696,3.695
6697,3.6947
6698,3.6946
6699,3.6944
6700,3.6942
6701,3.6941
6702,3.6939
6703,3.6938
6704,3.6935
6705,3.6933
6706,3.6931
6707,3.693
6708,3.6928
6709,3.6927
6710,3.6925
6711,3.6923
6712,3.692
6713,3.6919
6714,3.6917
6715,3.6915
6716,3.6914
6717,3.6912
6718,3.6911
6719,3.6907
6720,3.6906
6721,3.6904
6722,3.6903
6723,3.6901
6724,3.69
6725,3.6898
6726,3.6895
6727,3.6893
6728,3.6892
6729,3.689
6730,3.6888
6731,3.6887
6732,3.6885
6733,3.6882
6734,3.688
6735,3.6879
6736,3.6877
6737,3.6876
6738,3.6874
6739,3.6873
6740,3.6869
6741,3.6868
6742,3.6866
6743,3.6865
6744,3.6863
6745,3.6861
6746,3.686
6747,3.6857
6748,3.6855
6749,3.6853
6750,3.6852
6751,3.685
6752,3.6849
6753,3.6847
6754,3.6846
6755,3.6842
6756,3.6841
6757,3.6839
6758,3.6838
6759,3.6836
6760,3.6834
6761,3.6831
6762,3.683
6763,3.6828
6764,3.6826
6765,3.6825
6766,3.6823
6767,3.6822
6768,3.6818
6769,3.6817
6770,3.6815
6771,3.6814
6772,3.6812
6773,3.6811
6774,3.6807
6775,3.6806
6776,3.6804
6777,3.6803
6778,3.6801
6779,3.6799
6780,3.6798
6781,3.6795
6782,3.6795
6783,3.6791
6784,3.679
6785,3.6788
6786,3.6787
6787,3.6785
6788,3.6784
6789,3.6782
6790,3.6779
6791,3.6777
6792,3.6776
6793,3.6774
6794,3.6772
6795,3.6771
6796,3.6768
6797,3.6766
6798,3.6764
6799,3.6763
6800,3.6761
6801,3.676
6802,3.6758
6803,3.6757
6804,3.6753
6805,3.6752
6806,3.675
6807,3.6749
6808,3.6747
6809,3.6745
6810,3.6744
6811,3.6741
6812,3.6739
6813,3.6737
6814,3.6736
6815,3.6734
6816,3.6733
6817,3.6731
6818,3.673
6819,3.6726
6820,3.6725
6821,3.6723
6822,3.6722
6823,3.672
6824,3.6718
6825,3.6717
6826,3.6714
6827,3.6712
6828,3.671
6829,3.6709
6830,3.6707
6831,3.6706
6832,3.6704
6833,3.6702
6834,3.6699
6835,3.6698
6836,3.6696
6837,3.6695
6838,3.6693
6839,3.6691
6840,3.669
6841,3.6688
6842,3.6687
6843,3.6683
6844,3.6682
6845,3.668
6846,3.6679
6847,3.6677
6848,3.6675
6849,3.6674
6850,3.6672
6851,3.6671
6852,3.6668
6853,3.6666
6854,3.6664
6855,3.6663
6856,3.6661
6857,3.666
6858,3.6658
6859,3.6656
6860,3.6653
6861,3.6652
6862,3.665
6863,3.6648
6864,3.6647
6865,3.6645
6866,3.6644
6867,3.6642
6868,3.6639
6869,3.6637
6870,3.6636
6871,3.6634
6872,3.6633
6873,3.6631
6874,3.6629
6875,3.6628
6876,3.6626
6877,3.6625
6878,3.6621
6879,3.662
6880,3.6618
6881,3.6617
6882,3.6615
6883,3.6613
6884,3.6612
6885,3.661
6886,3.6609
6887,3.6607
6888,3.6604
6889,3.6602
6890,3.6601
6891,3.6599
6892,3.6598
6893,3.6596
6894,3.6594
6895,3.6593
6896,3.6591
6897,3.659
6898,3.6588
6899,3.6585
6900,3.6583
6901,3.6582
6902,3.658
6903,3.6579
6904,3.6577
6905,3.6575
6906,3.6574
6907,3.6572
6908,3.6569
6909,3.6567
6910,3.6566
6911,3.6564
6912,3.6563
6913,3.6561
6914,3.6559
6915,3.6558
6916,3.6556
6917,3.6555
6918,3.6553
6919,3.655
6920,3.6548
6921,3.6547
6922,3.6545
6923,3.6544
6924,3.6542
6925,3.654
6926,3.6539
6927,3.6537
6928,3.6536
6929,3.6534
6930,3.6532
6931,3.6531
6932,3.6529
6933,3.6526
6934,3.6524
6935,3.6523
6936,3.6521
6937,3.652
6938,3.6518
6939,3.6517
6940,3.6515
6941,3.6513
6942,3.6512
6943,3.651
6944,3.6509
6945,3.6507
6946,3.6504
6947,3.6502
6948,3.6501
6949,3.6499
6950,3.6497
6951,3.6496
6952,3.6494
6953,3.6493
6954,3.6491
6955,3.649
6956,3.6488
6957,3.6486
6958,3.6485
6959,3.6482
6960,3.648
6961,3.6478
6962,3.6477
6963,3.6475
6964,3.6474
6965,3.6472
6966,3.647
6967,3.6469
6968,3.6467
6969,3.6466
6970,3.6464
6971,3.6463
6972,3.6459
6973,3.6458
6974,3.6456
6975,3.6455
6976,3.6453
6977,3.6451
6978,3.645
6979,3.6448
6980,3.6447
6981,3.6445
6982,3.6443
6983,3.6442
6984,3.644
6985,3.6437
6986,3.6436
6987,3.6434
6988,3.6432
6989,3.6431
6990,3.6429
6991,3.6428
6992,3.6426
6993,3.6424
6994,3.6423
6995,3.642
6996,3.642
6997,3.6416
6998,3.6415
6999,3.6413
7000,3.6412
7001,3.641
7002,3.6408
7003,3.6407
7004,3.6405
7005,3.6404
7006,3.6401
7007,3.6399
7008,3.6397
7009,3.6396
7010,3.6394
7011,3.6393
7012,3.6391
7013,3.6389
7014,3.6388
7015,3.6385
7016,3.6383
7017,3.6381
7018,3.638
7019,3.6378
7020,3.6377
7021,3.6375
7022,3.6374
7023,3.6372
7024,3.6369
7025,3.6367
7026,3.6366
7027,3.6364
7028,3.6362
7029,3.6361
7030,3.6359
7031,3.6358
7032,3.6354
7033,3.6353
7034,3.6351
7035,3.635
7036,3.6348
7037,3.6347
7038,3.6345
7039,3.6342
7040,3.634
7041,3.6339
7042,3.6337
7043,3.6335
7044,3.6334
7045,3.6332
7046,3.6331
7047,3.6327
7048,3.6326
7049,3.6324
7050,3.6323
7051,3.6321
7052,3.632
7053,3.6316
7054,3.6315
7055,3.6313
7056,3.6312
7057,3.631
7058,3.6308
7059,3.6305
7060,3.6304
7061,3.6302
7062,3.63
7063,3.6299
7064,3.6297
7065,3.6294
7066,3.6292
7067,3.6291
7068,3.6289
7069,3.6286
7070,3.6285
7071,3.6283
7072,3.6281
7073,3.628
7074,3.6277
7075,3.6275
7076,3.6273
7077,3.6272
7078,3.627
7079,3.6267
7080,3.6265
7081,3.6264
7082,3.6262
7083,3.6261
7084,3.6258
7085,3.6256
7086,3.6254
7087,3.6253
7088,3.625
7089,3.6248
7090,3.6246
7091,3.6245
7092,3.6242
7093,3.624
7094,3.6238
7095,3.6237
7096,3.6234
7097,3.6232
7098,3.6231
7099,3.6229
7100,3.6226
7101,3.6224
7102,3.6223
7103,3.6219
7104,3.6218
7105,3.6216
7106,3.6213
7107,3.6211
7108,3.621
7109,3.6208
7110,3.6205
7111,3.6203
7112,3.62
7113,3.6199
7114,3.6197
7115,3.6194
7116,3.6192
7117,3.6191
7118,3.6189
7119,3.6186
7120,3.6184
7121,3.6183
7122,3.618
7123,3.6178
7124,3.6175
7125,3.6173
7126,3.6172
7127,3.6169
7128,3.6167
7129,3.6164
7130,3.6162
7131,3.6161
7132,3.6157
7133,3.6156
7134,3.6153
7135,3.6151
7136,3.6149
7137,3.6146
7138,3.6145
7139,3.6142
7140,3.614
7141,3.6137
7142,3.6135
7143,3.6134
7144,3.613
7145,3.6127
7146,3.6126
7147,3.6122
7148,3.6121
7149,3.6119
7150,3.6116
7151,3.6114
7152,3.6111
7153,3.6108
7154,3.6107
7155,3.6105
7156,3.6102
7157,3.6099
7158,3.6097
7159,3.6094
7160,3.6092
7161,3.6089
7162,3.6087
7163,3.6084
7164,3.6081
7165,3.608
7166,3.6076
7167,3.6075
7168,3.6072
7169,3.6068
7170,3.6067
7171,3.6064
7172,3.606
7173,3.6059
7174,3.6056
7175,3.6054
7176,3.6051
7177,3.6048
7178,3.6046
7179,3.6043
7180,3.604
7181,3.6038
7182,3.6035
7183,3.6032
7184,3.6029
7185,3.6027
7186,3.6024
7187,3.6021
7188,3.6018
7189,3.6016
7190,3.6013
7191,3.601
7192,3.6006
7193,3.6003
7194,3.6002
7195,3.5998
7196,3.5995
7197,3.5992
7198,3.5989
7199,3.5986
7200,3.5984
7201,3.5981
7202,3.5978
7203,3.5975
7204,3.5971
7205,3.5968
7206,3.5965
7207,3.5962
7208,3.5959
7209,3.5956
7210,3.5952
7211,3.5949
7212,3.5946
7213,3.5943
7214,3.594
7215,3.5937
7216,3.5933
7217,3.593
7218,3.5927
7219,3.5924
7220,3.5921
7221,3.5917
7222,3.5914
7223,3.5911
7224,3.5908
7225,3.5905
7226,3.5902
7227,3.5898
7228,3.5894
7229,3.589
7230,3.5887
7231,3.5884
7232,3.5881
7233,3.5876
7234,3.5873
7235,3.587
7236,3.5867
7237,3.5863
7238,3.586
7239,3.5855
7240,3.5852
7241,3.5849
7242,3.5844
7243,3.5841
7244,3.5838
7245,3.5833
7246,3.583
7247,3.5827
7248,3.5822
7249,3.5819
7250,3.5816
7251,3.5811
7252,3.5808
7253,3.5803
7254,3.58
7255,3.5795
7256,3.5792
7257,3.5787
7258,3.5784
7259,3.5779
7260,3.5776
7261,3.5771
7262,3.5768
7263,3.5763
7264,3.576
7265,3.5755
7266,3.5751
7267,3.5747
7268,3.5743
7269,3.5739
7270,3.5735
7271,3.573
7272,3.5727
7273,3.5722
7274,3.5717
7275,3.5712
7276,3.5709
7277,3.5704
7278,3.57
7279,3.5695
7280,3.5692
7281,3.5687
7282,3.5682
7283,3.5677
7284,3.5673
7285,3.5668
7286,3.5665
7287,3.566
7288,3.5655
7289,3.565
7290,3.5646
7291,3.5641
7292,3.5636
7293,3.5631
7294,3.5627
7295,3.5622
7296,3.5617
7297,3.5612
7298,3.5608
7299,3.5603
7300,3.5598
7301,3.5593
7302,3.5588
7303,3.5584
7304,3.5579
7305,3.5574
7306,3.5569
7307,3.5565
7308,3.556
7309,3.5555
7310,3.555
7311,3.5544
7312,3.5539
7313,3.5534
7314,3.553
7315,3.5525
7316,3.5519
7317,3.5514
7318,3.5509
7319,3.5504
7320,3.5499
7321,3.5493
7322,3.5488
7323,3.5484
7324,3.5479
7325,3.5472
7326,3.5468
7327,3.5463
7328,3.5457
7329,3.5452
7330,3.5447
7331,3.5442
7332,3.5436
7333,3.5431
7334,3.5426
7335,3.542
7336,3.5415
7337,3.5409
7338,3.5404
7339,3.5399
7340,3.5393
7341,3.5388
7342,3.5383
7343,3.5377
7344,3.5372
7345,3.5368
7346,3.5361
7347,3.5356
7348,3.5352
7349,3.5345
7350,3.5341
7351,3.5334
7352,3.5329
7353,3.5325
7354,3.5318
7355,3.5314
7356,3.5307
7357,3.5302
7358,3.5296
7359,3.5291
7360,3.5287
7361,3.528
7362,3.5275
7363,3.5269
7364,3.5264
7365,3.5258
7366,3.5253
7367,3.5248
7368,3.5242
7369,3.5237
7370,3.5231
7371,3.5226
7372,3.522
7373,3.5215
7374,3.5209
7375,3.5204
7376,3.5198
7377,3.5191
7378,3.5186
7379,3.518
7380,3.5175
7381,3.5169
7382,3.5164
7383,3.5158
7384,3.5153
7385,3.5147
7386,3.514
7387,3.5136
7388,3.5129
7389,3.5123
7390,3.5118
7391,3.5112
7392,3.5105
7393,3.5099
7394,3.5094
7395,3.5088
7396,3.5082
7397,3.5075
7398,3.5069
7399,3.5064
7400,3.5058
7401,3.5051
7402,3.5045
7403,3.5039
7404,3.5032
7405,3.5026
7406,3.502
7407,3.5013
7408,3.5007
7409,3.5
7410,3.4994
7411,3.4988
7412,3.498
7413,3.4973
7414,3.4967
7415,3.4961
7416,3.4953
7417,3.4946
7418,3.494
7419,3.4932
7420,3.4926
7421,3.4918
7422,3.4911
7423,3.4904
7424,3.4896
7425,3.4889
7426,3.4881
7427,3.4873
7428,3.4867
7429,3.4859
7430,3.4851
7431,3.4843
7432,3.4835
7433,3.4827
7434,3.4819
7435,3.4811
7436,3.4803
7437,3.4795
7438,3.4786
7439,3.4778
7440,3.477
7441,3.4761
7442,3.4753
7443,3.4743
7444,3.4735
7445,3.4726
7446,3.4718
7447,3.4708
7448,3.4699
7449,3.4689
7450,3.4679
7451,3.467
7452,3.466
7453,3.4651
7454,3.4641
7455,3.4632
7456,3.4621
7457,3.4611
7458,3.4602
7459,3.459
7460,3.4581
7461,3.457
7462,3.4559
7463,3.4549
7464,3.4538
7465,3.4527
7466,3.4516
7467,3.4505
7468,3.4494
7469,3.4481
7470,3.447
7471,3.4459
7472,3.4447
7473,3.4435
7474,3.4424
7475,3.4411
7476,3.4398
7477,3.4385
7478,3.4374
7479,3.4362
7480,3.4349
7481,3.4336
7482,3.4324
7483,3.4309
7484,3.4296
7485,3.4282
7486,3.4269
7487,3.4257
7488,3.4242
7489,3.4228
7490,3.4214
7491,3.42
7492,3.4185
7493,3.4171
7494,3.4157
7495,3.4142
7496,3.4128
7497,3.4112
7498,3.4098
7499,3.4082
7500,3.4066
7501,3.4052
7502,3.4036
7503,3.402
7504,3.4004
7505,3.3988
7506,3.3972
7507,3.3955
7508,3.3939
7509,3.3923
7510,3.3906
7511,3.389
7512,3.3872
7513,3.3855
7514,3.3837
7515,3.382
7516,3.3802
7517,3.3785
7518,3.3766
7519,3.3748
7520,3.3731
7521,3.3712
7522,3.3693
7523,3.3674
7524,3.3654
7525,3.3637
7526,3.3618
7527,3.3597
7528,3.3578
7529,3.3559
7530,3.3538
7531,3.3519
7532,3.3499
7533,3.3478
7534,3.3457
7535,3.3437
7536,3.3416
7537,3.3395
7538,3.3373
7539,3.3353
7540,3.333
7541,3.3308
7542,3.3287
7543,3.3264
7544,3.3241
7545,3.3219
7546,3.3197
7547,3.3173
7548,3.3151
7549,3.3127
7550,3.3103
7551,3.3079
7552,3.3055
7553,3.303
7554,3.3006
7555,3.2981
7556,3.2957
7557,3.2931
7558,3.2906
7559,3.2881
7560,3.2854
7561,3.2828
7562,3.2801
7563,3.2776
7564,3.2749
7565,3.2722
7566,3.2693
7567,3.2666
7568,3.2637
7569,3.261
7570,3.2582
7571,3.2553
7572,3.2523
7573,3.2494
7574,3.2464
7575,3.2434
7576,3.2404
7577,3.2374
7578,3.2343
7579,3.2312
7580,3.228
7581,3.2248
7582,3.2216
7583,3.2184
7584,3.2151
7585,3.2118
7586,3.2084
7587,3.2051
7588,3.2018
7589,3.1983
7590,3.1948
7591,3.1913
7592,3.1878
7593,3.1841
7594,3.1805
7595,3.1768
7596,3.1732
7597,3.1693
7598,3.1655
7599,3.1617
7600,3.1579
7601,3.1541
7602,3.1501
7603,3.146
7604,3.142
7605,3.1379
7606,3.1339
7607,3.1296
7608,3.1255
7609,3.1212
7610,3.1169
7611,3.1126
7612,3.1082
7613,3.1037
7614,3.0991
7615,3.0947
7616,3.09
7617,3.0853
7618,3.0807
7619,3.0759
7620,3.0711
7621,3.0662
7622,3.0613
7623,3.0564
7624,3.0513
7625,3.0462
7626,3.0409
7627,3.0357
7628,3.0304
7629,3.025
7630,3.0196
7631,3.0142
7632,3.0087
7633,3.003
7634,2.9974
7635,2.9917
7636,2.9858
7637,2.9799
7638,2.9739
7639,2.9678
7640,2.9618
7641,2.9554
7642,2.9492
7643,2.9429
7644,2.9364
7645,2.9299
7646,2.9233
7647,2.9165
7648,2.9098
7649,2.9028
7650,2.8958
7651,2.8887
7652,2.8817
7653,2.8744
7654,2.8669
7655,2.8595
7656,2.8518
7657,2.8442
7658,2.8364
7659,2.8285
7660,2.8205
7661,2.8123
7662,2.804
7663,2.7957
7664,2.7871
7665,2.7786
7666,2.7698
7667,2.7611
7668,2.752
7669,2.743
7670,2.7337
7671,2.7244
7672,2.715
7673,2.7055
7674,2.6958
7675,2.6859
7676,2.6761
7677,2.666
7678,2.6559
7679,2.6455
7680,2.6352
7681,2.6247
7682,2.6141
7683,2.6034
7684,2.5926
7685,2.5817
7686,2.5705
7687,2.5593
7688,2.548
7689,2.5365
7690,2.5249
7691,2.5133
7692,2.5014
7693,2.5
7694,2.5132
7695,2.6149
7696,2.7172
7697,2.8184
7698,2.8861
7699,2.9866
7700,3.0664
7701,3.1668
7702,3.1757
7703,3.2526
7704,3.3114
7705,3.3558
7706,3.3888
7707,3.4128
7708,3.4296
7709,3.4413
7710,3.4494
7711,3.4554
7712,3.46
7713,3.4637
7714,3.4667
7715,3.4692
7716,3.4713
7717,3.4732
7718,3.4749
7719,3.4765
7720,3.4778
7721,3.4791
7722,3.4802
7723,3.4813
7724,3.4823
7725,3.4832
7726,3.484
7727,3.4848
7728,3.4856
7729,3.4862
7730,3.4869
7731,3.4875
7732,3.4881
7733,3.4888
7734,3.4892
7735,3.4899
7736,3.4904
7737,3.4908
7738,3.4913
7739,3.4918
7740,3.4921
7741,3.4926
7742,3.4931
7743,3.4934
7744,3.4939
7745,3.4942
7746,3.4945
7747,3.4948
7748,3.4951
7749,3.4954
7750,3.4959
7751,3.4962
7752,3.4964
7753,3.4967
7754,3.497
7755,3.4973
7756,3.4977
7757,3.4978
7758,3.4981
7759,3.4985
7760,3.4986
7761,3.4989
7762,3.4991
7763,3.4994
7764,3.4996
7765,3.4999
7766,3.5
7767,3.5002
7768,3.5005
7769,3.5007
7770,3.5008
7771,3.5012
7772,3.5013
7773,3.5015
7774,3.5016
7775,3.5018
7776,3.5021
7777,3.5023
7778,3.5024
7779,3.5026
7780,3.5028
7781,3.5029
7782,3.5031
7783,3.5032
7784,3.5034
7785,3.5035
7786,3.5037
7787,3.5039
7788,3.504
7789,3.5042
7790,3.5043
7791,3.5045
7792,3.5047
7793,3.5048
7794,3.505
7795,3.5051
7796,3.5051
7797,3.5053
7798,3.5055
7799,3.5056
7800,3.5058
7801,3.5059
7802,3.5059
7803,3.5061
7804,3.5062
7805,3.5064
7806,3.5066
7807,3.5066
7808,3.5067
7809,3.5069
7810,3.5069
7811,3.507
7812,3.5072
7813,3.5074
7814,3.5074
7815,3.5075
7816,3.5077
7817,3.5077
7818,3.5078
7819,3.508
7820,3.5082
7821,3.5082
7822,3.5083
7823,3.5083
7824,3.5085
7825,3.5086
7826,3.5086
7827,3.5088
7828,3.5088
7829,3.5089
7830,3.5091
7831,3.5091
7832,3.5093
7833,3.5093
7834,3.5094
7835,3.5096
7836,3.5096
7837,3.5097
7838,3.5097
7839,3.5099
7840,3.5099
7841,3.5101
7842,3.5101
7843,3.5102
7844,3.5102
7845,3.5104
7846,3.5104
7847,3.5105
7848,3.5105
7849,3.5107
7850,3.5109
7851,3.5109
7852,3.5109
7853,3.511
7854,3.511
7855,3.5112
7856,3.5112
7857,3.5113
7858,3.5113
7859,3.5115
7860,3.5115
7861,3.5116
7862,3.5116
7863,3.5118
7864,3.5118
7865,3.5118
7866,3.512
7867,3.512
7868,3.5121
7869,3.5121
7870,3.5123
7871,3.5123
7872,3.5123
7873,3.5124
7874,3.5124
7875,3.5126
7876,3.5126
7877,3.5128
7878,3.5128
7879,3.5128
7880,3.5206
7881,3.5573
7882,3.5613
7883,3.5637
7884,3.5654
7885,3.5668
7886,3.568
7887,3.5691
7888,3.5699
7889,3.5708
7890,3.5714
7891,3.5722
7892,3.5729
7893,3.5735
7894,3.574
7895,3.5746
7896,3.5751
7897,3.5756
7898,3.5762
7899,3.5767
7900,3.5772
7901,3.5775
7902,3.578
7903,3.5784
7904,3.5789
7905,3.5792
7906,3.5797
7907,3.58
7908,3.5803
7909,3.5808
7910,3.5811
7911,3.5815
7912,3.5819
7913,3.5823
7914,3.5826
7915,3.5829
7916,3.5832
7917,3.5835
7918,3.5838
7919,3.5843
7920,3.5845
7921,3.5848
7922,3.5851
7923,3.5854
7924,3.5857
7925,3.5861
7926,3.5864
7927,3.5867
7928,3.587
7929,3.5872
7930,3.5875
7931,3.5878
7932,3.5881
7933,3.5883
7934,3.5886
7935,3.5889
7936,3.5891
7937,3.5894
7938,3.5897
7939,3.5899
7940,3.5902
7941,3.5905
7942,3.5907
7943,3.591
7944,3.5911
7945,3.5915
7946,3.5916
7947,3.5919
7948,3.5921
7949,3.5924
7950,3.5926
7951,3.5929
7952,3.5931
7953,3.5934
7954,3.5935
7955,3.5938
7956,3.594
7957,3.5942
7958,3.5945
7959,3.5946
7960,3.595
7961,3.5951
7962,3.5953
7963,3.5954
7964,3.5958
7965,3.5959
7966,3.5962
7967,3.5964
7968,3.5966
7969,3.5967
7970,3.597
7971,3.5972
7972,3.5973
7973,3.5975
7974,3.5978
7975,3.598
7976,3.5981
7977,3.5983
7978,3.5985
7979,3.5988
7980,3.5989
7981,3.5991
7982,3.5993
7983,3.5994
7984,3.5997
7985,3.5999
7986,3.6
7987,3.6002
7988,3.6004
7989,3.6005
7990,3.6008
7991,3.601
7992,3.6012
7993,3.6013
7994,3.6015
7995,3.6016
7996,3.6018
7997,3.602
7998,3.6021
7999,3.6023
8000,3.6024
8001,3.6026
8002,3.6029
8003,3.6031
8004,3.6032
8005,3.6034
8006,3.6035
8007,3.6037
8008,3.6039
8009,3.604
8010,3.6042
8011,3.6043
8012,3.6045
8013,3.6047
8014,3.6048
8015,3.605
8016,3.6051
8017,3.6053
8018,3.6054
8019,3.6056
8020,3.6058
8021,3.6059
8022,3.6061
8023,3.6062
8024,3.6064
8025,3.6066
8026,3.6067
8027,3.6069
8028,3.607
8029,3.6072
8030,3.6074
8031,3.6075
8032,3.6077
8033,3.6078
8034,3.6078
8035,3.608
8036,3.6081
8037,3.6083
8038,3.6085
8039,3.6086
8040,3.6088
8041,3.6089
8042,3.6091
8043,3.6093
8044,3.6093
8045,3.6096
8046,3.6096
8047,3.6097
8048,3.6099
8049,3.6101
8050,3.6102
8051,3.6104
8052,3.6105
8053,3.6107
8054,3.6108
8055,3.611
8056,3.611
8057,3.6112
8058,3.6113
8059,3.6115
8060,3.6116
8061,3.6118
8062,3.612
8063,3.612
8064,3.6121
8065,3.6123
8066,3.6124
8067,3.6126
8068,3.6128
8069,3.6129
8070,3.6131
8071,3.6131
8072,3.6132
8073,3.6134
8074,3.6135
8075,3.6137
8076,3.6139
8077,3.6139
8078,3.614
8079,3.6142
8080,3.6143
8081,3.6145
8082,3.6147
8083,3.6148
8084,3.6148
8085,3.615
8086,3.6151
8087,3.6153
8088,3.6155
8089,3.6156
8090,3.6156
8091,3.6158
8092,3.6159
8093,3.6161
8094,3.6163
8095,3.6164
8096,3.6164
8097,3.6166
8098,3.6167
8099,3.6169
8100,3.617
8101,3.6172
8102,3.6172
8103,3.6174
8104,3.6175
8105,3.6177
8106,3.6178
8107,3.6178
8108,3.618
8109,3.6182
8110,3.6183
8111,3.6185
8112,3.6186
8113,3.6186
8114,3.6188
8115,3.619
8116,3.6191
8117,3.6193
8118,3.6193
8119,3.6194
8120,3.6196
8121,3.6197
8122,3.6199
8123,3.6199
8124,3.6201
8125,3.6202
8126,3.6204
8127,3.6205
8128,3.6207
8129,3.6207
8130,3.6209
8131,3.621
8132,3.6212
8133,3.6213
8134,3.6215
8135,3.6215
8136,3.6217
8137,3.6218
8138,3.622
8139,3.622
8140,3.6221
8141,3.6223
8142,3.6224
8143,3.6226
8144,3.6226
8145,3.6228
8146,3.6229
8147,3.6231
8148,3.6232
8149,3.6232
8150,3.6234
8151,3.6236
8152,3.6237
8153,3.6239
8154,3.6239
8155,3.624
8156,3.6242
8157,3.6244
8158,3.6245
8159,3.6245
8160,3.6247
8161,3.6248
8162,3.625
8163,3.6251
8164,3.6251
8165,3.6253
8166,3.6255
8167,3.6256
8168,3.6256
8169,3.6258
8170,3.6259
8171,3.6261
8172,3.6263
8173,3.6263
8174,3.6264
8175,3.6266
8176,3.6267
8177,3.6269
8178,3.6269
8179,3.6271
8180,3.6272
8181,3.6274
8182,3.6275
8183,3.6275
8184,3.6277
8185,3.6278
8186,3.628
8187,3.6282
8188,3.6282
8189,3.6283
8190,3.6285
8191,3.6286
8192,3.6286
8193,3.6288
8194,3.629
8195,3.6291
8196,3.6293
8197,3.6293
8198,3.6294
8199,3.6296
8200,3.6298
8201,3.6299
8202,3.6299
8203,3.6301
8204,3.6302
8205,3.6304
8206,3.6304
8207,3.6305
8208,3.6307
8209,3.6309
8210,3.631
8211,3.631
8212,3.6312
8213,3.6313
8214,3.6315
8215,3.6317
8216,3.6317
8217,3.6318
8218,3.632
8219,3.6321
8220,3.6321
8221,3.6323
8222,3.6325
8223,3.6326
8224,3.6328
8225,3.6328
8226,3.6329
8227,3.6331
8228,3.6332
8229,3.6332
8230,3.6334
8231,3.6336
8232,3.6337
8233,3.6339
8234,3.6339
8235,3.634
8236,3.6342
8237,3.6344
8238,3.6344
8239,3.6345
8240,3.6347
8241,3.6348
8242,3.635
8243,3.635
8244,3.6352
8245,3.6353
8246,3.6355
8247,3.6355
8248,3.6356
8249,3.6358
8250,3.636
8251,3.636
8252,3.6361
8253,3.6363
8254,3.6364
8255,3.6366
8256,3.6366
8257,3.6367
8258,3.6369
8259,3.6371
8260,3.6371
8261,3.6372
8262,3.6374
8263,3.6375
8264,3.6375
8265,3.6377
8266,3.6379
8267,3.638
8268,3.6382
8269,3.6382
8270,3.6383
8271,3.6385
8272,3.6387
8273,3.6387
8274,3.6388
8275,3.639
8276,3.6391
8277,3.6393
8278,3.6393
8279,3.6394
8280,3.6396
8281,3.6398
8282,3.6398
8283,3.6399
8284,3.6401
8285,3.6402
8286,3.6404
8287,3.6404
8288,3.6406
8289,3.6407
8290,3.6409
8291,3.6409
8292,3.641
8293,3.6412
8294,3.6414
8295,3.6414
8296,3.6415
8297,3.6417
8298,3.6418
8299,3.6418
8300,3.642
8301,3.6421
8302,3.6423
8303,3.6423
8304,3.6425
8305,3.6426
8306,3.6428
8307,3.6428
8308,3.6429
8309,3.6431
8310,3.6433
8311,3.6433
8312,3.6434
8313,3.6436
8314,3.6437
8315,3.6437
8316,3.6439
8317,3.6441
8318,3.6442
8319,3.6442
8320,3.6444
8321,3.6445
8322,3.6447
8323,3.6447
8324,3.6448
8325,3.645
8326,3.6452
8327,3.6453
8328,3.6453
8329,3.6455
8330,3.6456
8331,3.6458
8332,3.6458
8333,3.646
8334,3.6461
8335,3.6461
8336,3.6463
8337,3.6464
8338,3.6466
8339,3.6468
8340,3.6468
8341,3.6469
8342,3.6471
8343,3.6472
8344,3.6472
8345,3.6474
8346,3.6475
8347,3.6477
8348,3.6477
8349,3.6479
8350,3.648
8351,3.6482
8352,3.6482
8353,3.6483
8354,3.6485
8355,3.6487
8356,3.6487
8357,3.6488
8358,3.649
8359,3.6491
8360,3.6491
8361,3.6493
8362,3.6495
8363,3.6496
8364,3.6496
8365,3.6498
8366,3.6499
8367,3.6501
8368,3.6501
8369,3.6502
8370,3.6504
8371,3.6504
8372,3.6506
8373,3.6507
8374,3.6509
8375,3.6509
8376,3.651
8377,3.6512
8378,3.6514
8379,3.6514
8380,3.6515
8381,3.6517
8382,3.6518
8383,3.6518
8384,3.652
8385,3.6522
8386,3.6523
8387,3.6523
8388,3.6525
8389,3.6526
8390,3.6528
8391,3.6528
8392,3.6529
8393,3.6531
8394,3.6533
8395,3.6533
8396,3.6534
8397,3.6536
8398,3.6537
8399,3.6537
8400,3.6539
8401,3.6541
8402,3.6542
8403,3.6542
8404,3.6544
8405,3.6545
8406,3.6545
8407,3.6547
8408,3.6549
8409,3.655
8410,3.655
8411,3.6552
8412,3.6553
8413,3.6555
8414,3.6555
8415,3.6557
8416,3.6558
8417,3.656
8418,3.656
8419,3.6561
8420,3.6563
8421,3.6563
8422,3.6564
8423,3.6566
8424,3.6568
8425,3.6568
8426,3.6569
8427,3.6571
8428,3.6572
8429,3.6572
8430,3.6574
8431,3.6576
8432,3.6576
8433,3.6577
8434,3.6579
8435,3.658
8436,3.658
8437,3.6582
8438,3.6584
8439,3.6585
8440,3.6585
8441,3.6587
8442,3.6588
8443,3.659
8444,3.659
8445,3.6591
8446,3.6593
8447,3.6595
8448,3.6595
8449,3.6596
8450,3.6598
8451,3.6599
8452,3.6599
8453,3.6601
8454,3.6603
8455,3.6603
8456,3.6604
8457,3.6606
8458,3.6606
8459,3.6607
8460,3.6609
8461,3.6611
8462,3.6612
8463,3.6612
8464,3.6614
8465,3.6615
8466,3.6615
8467,3.6617
8468,3.6618
8469,3.662
8470,3.662
8471,3.6622
8472,3.6623
8473,3.6623
8474,3.6625
8475,3.6626
8476,3.6628
8477,3.663
8478,3.663
8479,3.6631
8480,3.6633
8481,3.6633
8482,3.6634
8483,3.6636
8484,3.6636
8485,3.6638
8486,3.6639
8487,3.6641
8488,3.6641
8489,3.6642
8490,3.6644
8491,3.6645
8492,3.6645
8493,3.6647
8494,3.6649
8495,3.6649
8496,3.665
8497,3.6652
8498,3.6653
8499,3.6653
8500,3.6655
8501,3.6657
8502,3.6657
8503,3.6658
8504,3.666
8505,3.6661
8506,3.6661
8507,3.6663
8508,3.6665
8509,3.6666
8510,3.6666
8511,3.6668
8512,3.6669
8513,3.6669
8514,3.6671
8515,3.6672
8516,3.6672
8517,3.6674
8518,3.6676
8519,3.6677
8520,3.6679
8521,3.6679
8522,3.668
8523,3.6682
8524,3.6682
8525,3.6684
8526,3.6685
8527,3.6687
8528,3.6687
8529,3.6688
8530,3.669
8531,3.6692
8532,3.6692
8533,3.6693
8534,3.6695
8535,3.6695
8536,3.6696
8537,3.6698
8538,3.6698
8539,3.6699
8540,3.6701
8541,3.6703
8542,3.6703
8543,3.6704
8544,3.6706
8545,3.6707
8546,3.6707
8547,3.6709
8548,3.6711
8549,3.6711
8550,3.6712
8551,3.6714
8552,3.6715
8553,3.6715
8554,3.6717
8555,3.6719
8556,3.672
8557,3.672
8558,3.6722
8559,3.6723
8560,3.6723
8561,3.6725
8562,3.6726
8563,3.6728
8564,3.6728
8565,3.673
8566,3.6731
8567,3.6731
8568,3.6733
8569,3.6734
8570,3.6736
8571,3.6736
8572,3.6738
8573,3.6739
8574,3.6741
8575,3.6741
8576,3.6742
8577,3.6744
8578,3.6746
8579,3.6746
8580,3.6747
8581,3.6749
8582,3.6749
8583,3.675
8584,3.6752
8585,3.6754
8586,3.6754
8587,3.6755
8588,3.6757
8589,3.6758
8590,3.6758
8591,3.676
8592,3.6761
8593,3.6763
8594,3.6763
8595,3.6765
8596,3.6766
8597,3.6766
8598,3.6768
8599,3.6769
8600,3.6771
8601,3.6771
8602,3.6773
8603,3.6774
8604,3.6776
8605,3.6776
8606,3.6777
8607,3.6779
8608,3.6781
8609,3.6781
8610,3.6782
8611,3.6784
8612,3.6785
8613,3.6785
8614,3.6787
8615,3.6788
8616,3.679
8617,3.679
8618,3.6792
8619,3.6793
8620,3.6795
8621,3.6795
8622,3.6796
8623,3.6798
8624,3.68
8625,3.68
8626,3.6801
8627,3.6803
8628,3.6804
8629,3.6804
8630,3.6806
8631,3.6808
8632,3.6809
8633,3.6809
8634,3.6811
8635,3.6812
8636,3.6814
8637,3.6814
8638,3.6815
8639,3.6817
8640,3.6819
8641,3.6819
8642,3.682
8643,3.6822
8644,3.6823
8645,3.6825
8646,3.6825
8647,3.6827
8648,3.6828
8649,3.6828
8650,3.683
8651,3.6831
8652,3.6833
8653,3.6835
8654,3.6835
8655,3.6836
8656,3.6838
8657,3.6839
8658,3.6839
8659,3.6841
8660,3.6842
8661,3.6844
8662,3.6846
8663,3.6846
8664,3.6847
8665,3.6849
8666,3.685
8667,3.685
8668,3.6852
8669,3.6854
8670,3.6855
8671,3.6857
8672,3.6857
8673,3.6858
8674,3.686
8675,3.6862
8676,3.6863
8677,3.6863
8678,3.6865
8679,3.6866
8680,3.6868
8681,3.6869
8682,3.6869
8683,3.6871
8684,3.6873
8685,3.6874
8686,3.6874
8687,3.6876
8688,3.6877
8689,3.6879
8690,3.6881
8691,3.6882
8692,3.6882
8693,3.6884
8694,3.6885
8695,3.6887
8696,3.6887
8697,3.6889
8698,3.689
8699,3.6892
8700,3.6893
8701,3.6895
8702,3.6895
8703,3.6896
8704,3.6898
8705,3.69
8706,3.6901
8707,3.6903
8708,3.6903
8709,3.6904
8710,3.6906
8711,3.6908
8712,3.6909
8713,3.6909
8714,3.6911
8715,3.6912
8716,3.6914
8717,3.6916
8718,3.6917
8719,3.6917
8720,3.6919
8721,3.692
8722,3.6922
8723,3.6923
8724,3.6925
8725,3.6925
8726,3.6927
8727,3.6928
8728,3.693
8729,3.6931
8730,3.6933
8731,3.6935
8732,3.6935
8733,3.6936
8734,3.6938
8735,3.6939
8736,3.6941
8737,3.6943
8738,3.6944
8739,3.6944
8740,3.6946
8741,3.6947
8742,3.6949
8743,3.695
8744,3.6952
8745,3.6952
8746,3.6954
8747,3.6955
8748,3.6957
8749,3.6958
8750,3.696
8751,3.6962
8752,3.6963
8753,3.6963
8754,3.6965
8755,3.6966
8756,3.6968
8757,3.697
8758,3.6971
8759,3.6973
8760,3.6974
8761,3.6974
8762,3.6976
8763,3.6978
8764,3.6979
8765,3.6981
8766,3.6982
8767,3.6984
8768,3.6985
8769,3.6987
8770,3.6987
8771,3.6989
8772,3.699
8773,3.6992
8774,3.6993
8775,3.6995
8776,3.6997
8777,3.6998
8778,3.7
8779,3.7001
8780,3.7001
8781,3.7003
8782,3.7005
8783,3.7006
8784,3.7008
8785,3.7009
8786,3.7011
8787,3.7012
8788,3.7014
8789,3.7016
8790,3.7017
8791,3.7019
8792,3.7019
8793,3.702
8794,3.7022
8795,3.7024
8796,3.7025
8797,3.7027
8798,3.7028
8799,3.703
8800,3.7032
8801,3.7033
8802,3.7035
8803,3.7036
8804,3.7038
8805,3.7038
8806,3.7039
8807,3.7041
8808,3.7043
8809,3.7044
8810,3.7046
8811,3.7047
8812,3.7049
8813,3.7051
8814,3.7052
8815,3.7054
8816,3.7055
8817,3.7057
8818,3.7059
8819,3.706
8820,3.7062
8821,3.7062
8822,3.7065
8823,3.7065
8824,3.7066
8825,3.7068
8826,3.707
8827,3.7071
8828,3.7073
8829,3.7074
8830,3.7076
8831,3.7078
8832,3.7079
8833,3.7081
8834,3.7082
8835,3.7084
8836,3.7086
8837,3.7087
8838,3.7089
8839,3.709
8840,3.7092
8841,3.7092
8842,3.7093
8843,3.7095
8844,3.7093
8845,3.7093
8846,3.7093
8847,3.7092
8848,3.7093
8849,3.7093
8850,3.7093
8851,3.7093
8852,3.7092
8853,3.7092
8854,3.7093
8855,3.7093
8856,3.7093
8857,3.7093
8858,3.7093
8859,3.7093
8860,3.7093
8861,3.7093
8862,3.7092
8863,3.7092
8864,3.7092
8865,3.7093
8866,3.7093
8867,3.7093
8868,3.7093
8869,3.7093
8870,3.7093
8871,3.7093
8872,3.7093
8873,3.7092
8874,3.7092
8875,3.7093
8876,3.7092
8877,3.7073
8878,3.7063
8879,3.7062
8880,3.7058
8881,3.7057
8882,3.7057
8883,3.7055
8884,3.7054
8885,3.7054
8886,3.7052
8887,3.7052
8888,3.7052
8889,3.7051
8890,3.7051
8891,3.7051
8892,3.7049
8893,3.7049
8894,3.7049
8895,3.7047
8896,3.7047
8897,3.7047
8898,3.7047
8899,3.7047
8900,3.7046
8901,3.7046
8902,3.7046
8903,3.7046
8904,3.7046
8905,3.7046
8906,3.7046
8907,3.7046
8908,3.7044
8909,3.7044
8910,3.7044
8911,3.7044
8912,3.7044
8913,3.7044
8914,3.7043
8915,3.7043
8916,3.7043
8917,3.7043
8918,3.7043
8919,3.7043
8920,3.7043
8921,3.7043
8922,3.7043
8923,3.7043
8924,3.7043
8925,3.7043
8926,3.7041
8927,3.7041
8928,3.7041
8929,3.7041
8930,3.7041
8931,3.7041
8932,3.7041
8933,3.7041
8934,3.7041
8935,3.7041
8936,3.7041
8937,3.7041
8938,3.7041
8939,3.7041
8940,3.7041
8941,3.7041
8942,3.7039
8943,3.7039
8944,3.7039
8945,3.7039
8946,3.7039
8947,3.7039
8948,3.7039
8949,3.7039
8950,3.7039
8951,3.7039
8952,3.7039
8953,3.7039
8954,3.7039
8955,3.7039
8956,3.7039
8957,3.7039
8958,3.7039
8959,3.7039
8960,3.7039
8961,3.7039
8962,3.7039
8963,3.7039
8964,3.7039
8965,3.7039
8966,3.7038
8967,3.7038
8968,3.7038
8969,3.7038
8970,3.7038
8971,3.7038
8972,3.7038
8973,3.7038
8974,3.7038
8975,3.7038
8976,3.7038
8977,3.7038
8978,3.7038
8979,3.7038
8980,3.7038
8981,3.7038
8982,3.7038
8983,3.7038
8984,3.7038
8985,3.7038
8986,3.7038
8987,3.7038
8988,3.7038
8989,3.7038
8990,3.7038
8991,3.7038
8992,3.7038
8993,3.7038
8994,3.7038
8995,3.7038
8996,3.7038
8997,3.7038
8998,3.7038
8999,3.7038
9000,3.7038
9001,3.7038
9002,3.7038
9003,3.7038
9004,3.7038
9005,3.7038
9006,3.7038
9007,3.7038
9008,3.7036
9009,3.7036
9010,3.7036
9011,3.7036
9012,3.7038
9013,3.7038
9014,3.7036
9015,3.7038
9016,3.7036
9017,3.7036
9018,3.7036
9019,3.7036
9020,3.7036
9021,3.7036
9022,3.7036
9023,3.7036
9024,3.7036
9025,3.7036
9026,3.7036
9027,3.7036
9028,3.7036
9029,3.7036
9030,3.7036
9031,3.7036
9032,3.7036
9033,3.7036
9034,3.7036
9035,3.7036
9036,3.7036
9037,3.7036
9038,3.7036
9039,3.7036
9040,3.7036
9041,3.7036
9042,3.7036
9043,3.7036
9044,3.7036
9045,3.7036
9046,3.7036
9047,3.7036
9048,3.7036
9049,3.7036
9050,3.7036
9051,3.7036
9052,3.7036
9053,3.7036
9054,3.7036
9055,3.7036
9056,3.7036
9057,3.7036
