,voltage
0,3.4211
1,3.4211
2,3.4211
3,3.4211
4,3.4211
5,3.4211
6,3.4211
7,3.4211
8,3.4211
9,3.4211
10,3.4211
11,3.4211
12,3.4211
13,3.4211
14,3.4211
15,3.4211
16,3.4211
17,3.4211
18,3.4211
19,3.4211
20,3.4211
21,3.4211
22,3.4211
23,3.4211
24,3.4211
25,3.4211
26,3.4211
27,3.4211
28,3.4211
29,3.4211
30,3.4211
31,3.4211
32,3.4211
33,3.4211
34,3.4211
35,3.4211
36,3.4211
37,3.4211
38,3.4211
39,3.4211
40,3.4211
41,3.4211
42,3.4211
43,3.4211
44,3.4211
45,3.4211
46,3.4211
47,3.4211
48,3.4211
49,3.4211
50,3.4211
51,3.4211
52,3.4211
53,3.4211
54,3.4211
55,3.4211
56,3.4211
57,3.4211
58,3.4211
59,3.4211
60,3.4211
61,3.53
62,3.6318
63,3.6662
64,3.6623
65,3.6592
66,3.6565
67,3.6546
68,3.6528
69,3.6515
70,3.6504
71,3.6496
72,3.6487
73,3.648
74,3.6474
75,3.6469
76,3.6465
77,3.6461
78,3.6458
79,3.6455
80,3.6452
81,3.645
82,3.6447
83,3.6446
84,3.6444
85,3.6442
86,3.6442
87,3.6441
88,3.6441
89,3.6439
90,3.6439
91,3.6439
92,3.6439
93,3.6439
94,3.6439
95,3.6439
96,3.6439
97,3.6441
98,3.6441
99,3.6441
100,3.6442
101,3.6442
102,3.6444
103,3.6444
104,3.6446
105,3.6446
106,3.6447
107,3.6449
108,3.6449
109,3.645
110,3.6452
111,3.6452
112,3.6453
113,3.6455
114,3.6457
115,3.6457
116,3.6458
117,3.646
118,3.6461
119,3.6463
120,3.6465
121,3.6465
122,3.6466
123,3.6468
124,3.6469
125,3.6471
126,3.6473
127,3.6474
128,3.6476
129,3.6477
130,3.6479
131,3.6479
132,3.648
133,3.6482
134,3.6484
135,3.6485
136,3.6487
137,3.6488
138,3.649
139,3.6492
140,3.6493
141,3.6495
142,3.6495
143,3.6496
144,3.6498
145,3.65
146,3.6501
147,3.6503
148,3.6504
149,3.6506
150,3.6508
151,3.6509
152,3.6509
153,3.6511
154,3.6512
155,3.6514
156,3.6515
157,3.6517
158,3.6519
159,3.652
160,3.652
161,3.6522
162,3.6523
163,3.6525
164,3.6527
165,3.6528
166,3.6528
167,3.653
168,3.6531
169,3.6533
170,3.6535
171,3.6536
172,3.6536
173,3.6538
174,3.6539
175,3.6541
176,3.6541
177,3.6542
178,3.6544
179,3.6546
180,3.6547
181,3.6547
182,3.6549
183,3.655
184,3.6552
185,3.6552
186,3.6554
187,3.6555
188,3.6557
189,3.6557
190,3.6558
191,3.656
192,3.656
193,3.6562
194,3.6563
195,3.6565
196,3.6565
197,3.6566
198,3.6568
199,3.6568
200,3.6569
201,3.6571
202,3.6571
203,3.6573
204,3.6574
205,3.6574
206,3.6576
207,3.6577
208,3.6577
209,3.6579
210,3.6581
211,3.6581
212,3.6582
213,3.6584
214,3.6584
215,3.6585
216,3.6585
217,3.6587
218,3.6589
219,3.6589
220,3.659
221,3.659
222,3.6592
223,3.6592
224,3.6593
225,3.6595
226,3.6595
227,3.6596
228,3.6596
229,3.6598
230,3.66
231,3.66
232,3.6601
233,3.6601
234,3.6603
235,3.6603
236,3.6604
237,3.6606
238,3.6606
239,3.6608
240,3.6608
241,3.6609
242,3.6609
243,3.6611
244,3.6611
245,3.6612
246,3.6612
247,3.6614
248,3.6616
249,3.6616
250,3.6617
251,3.6617
252,3.6619
253,3.6619
254,3.662
255,3.662
256,3.6622
257,3.6622
258,3.6623
259,3.6623
260,3.6625
261,3.6625
262,3.6627
263,3.6627
264,3.6628
265,3.6628
266,3.663
267,3.663
268,3.6631
269,3.6631
270,3.6631
271,3.6633
272,3.6635
273,3.6635
274,3.6635
275,3.6636
276,3.6636
277,3.6638
278,3.6638
279,3.6639
280,3.6639
281,3.6641
282,3.6641
283,3.6643
284,3.6643
285,3.6644
286,3.6644
287,3.6644
288,3.6646
289,3.6646
290,3.6647
291,3.6647
292,3.6649
293,3.6649
294,3.665
295,3.665
296,3.665
297,3.6652
298,3.6652
299,3.6654
300,3.6654
301,3.6655
302,3.6655
303,3.6657
304,3.6657
305,3.6657
306,3.6658
307,3.6658
308,3.666
309,3.666
310,3.6662
311,3.6662
312,3.6662
313,3.6663
314,3.6663
315,3.6665
316,3.6665
317,3.6666
318,3.6666
319,3.6666
320,3.6668
321,3.6668
322,3.6668
323,3.667
324,3.667
325,3.6671
326,3.6671
327,3.6673
328,3.6673
329,3.6673
330,3.6674
331,3.6674
332,3.6676
333,3.6676
334,3.6678
335,3.6678
336,3.6678
337,3.6679
338,3.6679
339,3.6679
340,3.6681
341,3.6681
342,3.6682
343,3.6682
344,3.6682
345,3.6684
346,3.6684
347,3.6685
348,3.6685
349,3.6685
350,3.6687
351,3.6687
352,3.6689
353,3.6689
354,3.6689
355,3.669
356,3.669
357,3.6692
358,3.6692
359,3.6692
360,3.6693
361,3.6693
362,3.6695
363,3.6695
364,3.6695
365,3.6697
366,3.6697
367,3.6698
368,3.6698
369,3.6698
370,3.67
371,3.67
372,3.6701
373,3.6701
374,3.6701
375,3.6703
376,3.6703
377,3.6703
378,3.6705
379,3.6705
380,3.6706
381,3.6706
382,3.6706
383,3.6708
384,3.6708
385,3.6708
386,3.6709
387,3.6709
388,3.6711
389,3.6711
390,3.6711
391,3.6712
392,3.6712
393,3.6714
394,3.6714
395,3.6714
396,3.6716
397,3.6716
398,3.6717
399,3.6717
400,3.6717
401,3.6719
402,3.6719
403,3.672
404,3.672
405,3.672
406,3.672
407,3.6722
408,3.6722
409,3.6724
410,3.6724
411,3.6724
412,3.6725
413,3.6725
414,3.6725
415,3.6727
416,3.6727
417,3.6728
418,3.6728
419,3.6728
420,3.673
421,3.673
422,3.6732
423,3.6732
424,3.6732
425,3.6733
426,3.6733
427,3.6733
428,3.6735
429,3.6735
430,3.6736
431,3.6736
432,3.6736
433,3.6738
434,3.6738
435,3.6738
436,3.6739
437,3.6739
438,3.6741
439,3.6741
440,3.6741
441,3.6743
442,3.6743
443,3.6743
444,3.6744
445,3.6744
446,3.6746
447,3.6746
448,3.6746
449,3.6747
450,3.6747
451,3.6747
452,3.6749
453,3.6749
454,3.6751
455,3.6751
456,3.6751
457,3.6752
458,3.6752
459,3.6752
460,3.6754
461,3.6754
462,3.6754
463,3.6755
464,3.6755
465,3.6757
466,3.6757
467,3.6757
468,3.6759
469,3.6759
470,3.6759
471,3.676
472,3.676
473,3.6762
474,3.6762
475,3.6762
476,3.6763
477,3.6763
478,3.6763
479,3.6765
480,3.6765
481,3.6765
482,3.6766
483,3.6766
484,3.6768
485,3.6768
486,3.6768
487,3.677
488,3.677
489,3.677
490,3.6771
491,3.6771
492,3.6771
493,3.6773
494,3.6773
495,3.6773
496,3.6774
497,3.6774
498,3.6776
499,3.6776
500,3.6776
501,3.6778
502,3.6778
503,3.6778
504,3.6779
505,3.6779
506,3.6781
507,3.6781
508,3.6781
509,3.6782
510,3.6782
511,3.6782
512,3.6784
513,3.6784
514,3.6784
515,3.6786
516,3.6786
517,3.6787
518,3.6787
519,3.6787
520,3.6789
521,3.6789
522,3.6789
523,3.679
524,3.679
525,3.6792
526,3.6792
527,3.6792
528,3.6793
529,3.6793
530,3.6793
531,3.6795
532,3.6795
533,3.6795
534,3.6797
535,3.6797
536,3.6798
537,3.6798
538,3.6798
539,3.68
540,3.68
541,3.68
542,3.6801
543,3.6801
544,3.6801
545,3.6803
546,3.6803
547,3.6803
548,3.6805
549,3.6805
550,3.6806
551,3.6806
552,3.6806
553,3.6808
554,3.6808
555,3.6808
556,3.6809
557,3.6809
558,3.6811
559,3.6811
560,3.6811
561,3.6813
562,3.6813
563,3.6813
564,3.6814
565,3.6814
566,3.6814
567,3.6816
568,3.6816
569,3.6816
570,3.6817
571,3.6817
572,3.6819
573,3.6819
574,3.6819
575,3.682
576,3.682
577,3.6822
578,3.6822
579,3.6822
580,3.6824
581,3.6824
582,3.6824
583,3.6825
584,3.6825
585,3.6827
586,3.6827
587,3.6827
588,3.6828
589,3.6828
590,3.6828
591,3.683
592,3.683
593,3.6832
594,3.6832
595,3.6832
596,3.6833
597,3.6833
598,3.6833
599,3.6835
600,3.6835
601,3.6835
602,3.6836
603,3.6836
604,3.6838
605,3.6838
606,3.6838
607,3.684
608,3.684
609,3.684
610,3.6841
611,3.6841
612,3.6843
613,3.6843
614,3.6843
615,3.6844
616,3.6844
617,3.6844
618,3.6846
619,3.6846
620,3.6848
621,3.6848
622,3.6848
623,3.6849
624,3.6849
625,3.6849
626,3.6851
627,3.6851
628,3.6851
629,3.6852
630,3.6852
631,3.6852
632,3.6854
633,3.6854
634,3.6855
635,3.6855
636,3.6855
637,3.6857
638,3.6857
639,3.6857
640,3.6859
641,3.6859
642,3.686
643,3.686
644,3.686
645,3.6862
646,3.6862
647,3.6863
648,3.6863
649,3.6863
650,3.6865
651,3.6865
652,3.6865
653,3.6867
654,3.6867
655,3.6867
656,3.6868
657,3.6868
658,3.687
659,3.687
660,3.687
661,3.6871
662,3.6871
663,3.6873
664,3.6873
665,3.6873
666,3.6875
667,3.6875
668,3.6875
669,3.6876
670,3.6876
671,3.6878
672,3.6878
673,3.6878
674,3.6879
675,3.6879
676,3.6879
677,3.6881
678,3.6881
679,3.6882
680,3.6882
681,3.6882
682,3.6884
683,3.6884
684,3.6886
685,3.6886
686,3.6886
687,3.6887
688,3.6887
689,3.6887
690,3.6889
691,3.6889
692,3.689
693,3.689
694,3.689
695,3.6892
696,3.6892
697,3.6894
698,3.6894
699,3.6894
700,3.6895
701,3.6895
702,3.6897
703,3.6897
704,3.6897
705,3.6898
706,3.6898
707,3.6898
708,3.69
709,3.69
710,3.6902
711,3.6902
712,3.6902
713,3.6903
714,3.6903
715,3.6905
716,3.6905
717,3.6905
718,3.6906
719,3.6906
720,3.6908
721,3.6908
722,3.6908
723,3.6909
724,3.6909
725,3.6911
726,3.6911
727,3.6911
728,3.6913
729,3.6913
730,3.6914
731,3.6914
732,3.6914
733,3.6916
734,3.6916
735,3.6917
736,3.6917
737,3.6917
738,3.6919
739,3.6919
740,3.6919
741,3.6921
742,3.6921
743,3.6922
744,3.6922
745,3.6922
746,3.6924
747,3.6924
748,3.6925
749,3.6925
750,3.6927
751,3.6927
752,3.6927
753,3.6929
754,3.6929
755,3.693
756,3.693
757,3.693
758,3.6932
759,3.6932
760,3.6933
761,3.6933
762,3.6933
763,3.6935
764,3.6935
765,3.6936
766,3.6936
767,3.6938
768,3.6938
769,3.6938
770,3.694
771,3.694
772,3.694
773,3.6941
774,3.6941
775,3.6943
776,3.6943
777,3.6944
778,3.6944
779,3.6944
780,3.6946
781,3.6946
782,3.6946
783,3.6948
784,3.6948
785,3.6949
786,3.6949
787,3.6949
788,3.6951
789,3.6952
790,3.6952
791,3.6952
792,3.6954
793,3.6954
794,3.6956
795,3.6956
796,3.6956
797,3.6957
798,3.6957
799,3.6959
800,3.6959
801,3.696
802,3.696
803,3.696
804,3.6962
805,3.6962
806,3.6962
807,3.6963
808,3.6963
809,3.6965
810,3.6965
811,3.6967
812,3.6967
813,3.6968
814,3.6968
815,3.6968
816,3.697
817,3.697
818,3.6971
819,3.6971
820,3.6971
821,3.6973
822,3.6973
823,3.6975
824,3.6975
825,3.6976
826,3.6976
827,3.6976
828,3.6978
829,3.6978
830,3.6979
831,3.6979
832,3.6979
833,3.6981
834,3.6981
835,3.6983
836,3.6983
837,3.6984
838,3.6984
839,3.6986
840,3.6986
841,3.6986
842,3.6987
843,3.6987
844,3.6989
845,3.6989
846,3.6989
847,3.6991
848,3.6991
849,3.6992
850,3.6992
851,3.6994
852,3.6994
853,3.6995
854,3.6995
855,3.6995
856,3.6997
857,3.6997
858,3.6997
859,3.6998
860,3.7
861,3.7
862,3.7
863,3.7002
864,3.7002
865,3.7002
866,3.7003
867,3.7005
868,3.7005
869,3.7006
870,3.7006
871,3.7006
872,3.7008
873,3.7008
874,3.701
875,3.701
876,3.701
877,3.7011
878,3.7011
879,3.7013
880,3.7013
881,3.7014
882,3.7014
883,3.7014
884,3.7016
885,3.7016
886,3.7018
887,3.7018
888,3.7019
889,3.7019
890,3.7021
891,3.7021
892,3.7022
893,3.7022
894,3.7022
895,3.7024
896,3.7024
897,3.7025
898,3.7025
899,3.7027
900,3.7027
901,3.7027
902,3.7029
903,3.7029
904,3.703
905,3.703
906,3.7032
907,3.7032
908,3.7032
909,3.7033
910,3.7033
911,3.7035
912,3.7035
913,3.7037
914,3.7037
915,3.7038
916,3.7038
917,3.704
918,3.704
919,3.704
920,3.7041
921,3.7041
922,3.7043
923,3.7043
924,3.7045
925,3.7045
926,3.7045
927,3.7046
928,3.7046
929,3.7048
930,3.7048
931,3.7049
932,3.7049
933,3.7051
934,3.7051
935,3.7052
936,3.7052
937,3.7052
938,3.7054
939,3.7054
940,3.7056
941,3.7056
942,3.7056
943,3.7057
944,3.7057
945,3.7059
946,3.7059
947,3.706
948,3.706
949,3.7062
950,3.7062
951,3.7064
952,3.7064
953,3.7065
954,3.7065
955,3.7065
956,3.7067
957,3.7067
958,3.7068
959,3.7068
960,3.707
961,3.707
962,3.7072
963,3.7072
964,3.7072
965,3.7073
966,3.7073
967,3.7075
968,3.7075
969,3.7076
970,3.7076
971,3.7078
972,3.7078
973,3.7078
974,3.7079
975,3.7081
976,3.7081
977,3.7081
978,3.7083
979,3.7083
980,3.7084
981,3.7084
982,3.7086
983,3.7086
984,3.7087
985,3.7087
986,3.7089
987,3.7089
988,3.7089
989,3.7091
990,3.7091
991,3.7092
992,3.7092
993,3.7094
994,3.7094
995,3.7095
996,3.7095
997,3.7097
998,3.7097
999,3.7099
1000,3.7099
1001,3.71
1002,3.71
1003,3.71
1004,3.7102
1005,3.7102
1006,3.7103
1007,3.7103
1008,3.7105
1009,3.7105
1010,3.7106
1011,3.7106
1012,3.7106
1013,3.7108
1014,3.7108
1015,3.711
1016,3.711
1017,3.7111
1018,3.7111
1019,3.7113
1020,3.7113
1021,3.7114
1022,3.7114
1023,3.7116
1024,3.7116
1025,3.7116
1026,3.7118
1027,3.7118
1028,3.7119
1029,3.7119
1030,3.7121
1031,3.7121
1032,3.7122
1033,3.7122
1034,3.7124
1035,3.7124
1036,3.7126
1037,3.7126
1038,3.7126
1039,3.7127
1040,3.7127
1041,3.7129
1042,3.7129
1043,3.713
1044,3.713
1045,3.7132
1046,3.7132
1047,3.7133
1048,3.7133
1049,3.7133
1050,3.7135
1051,3.7135
1052,3.7137
1053,3.7137
1054,3.7138
1055,3.7138
1056,3.714
1057,3.714
1058,3.7141
1059,3.7141
1060,3.7143
1061,3.7143
1062,3.7145
1063,3.7145
1064,3.7146
1065,3.7146
1066,3.7146
1067,3.7148
1068,3.7148
1069,3.7149
1070,3.7149
1071,3.7151
1072,3.7151
1073,3.7153
1074,3.7153
1075,3.7153
1076,3.7154
1077,3.7156
1078,3.7156
1079,3.7156
1080,3.7157
1081,3.7157
1082,3.7159
1083,3.7159
1084,3.7161
1085,3.7161
1086,3.7162
1087,3.7162
1088,3.7164
1089,3.7164
1090,3.7165
1091,3.7165
1092,3.7167
1093,3.7167
1094,3.7168
1095,3.7168
1096,3.7168
1097,3.717
1098,3.717
1099,3.7172
1100,3.7172
1101,3.7173
1102,3.7173
1103,3.7175
1104,3.7175
1105,3.7176
1106,3.7176
1107,3.7178
1108,3.7178
1109,3.718
1110,3.718
1111,3.718
1112,3.7181
1113,3.7181
1114,3.7183
1115,3.7183
1116,3.7184
1117,3.7184
1118,3.7186
1119,3.7186
1120,3.7188
1121,3.7188
1122,3.7189
1123,3.7189
1124,3.7189
1125,3.7191
1126,3.7191
1127,3.7192
1128,3.7194
1129,3.7194
1130,3.7194
1131,3.7195
1132,3.7197
1133,3.7197
1134,3.7197
1135,3.7199
1136,3.7199
1137,3.72
1138,3.72
1139,3.7202
1140,3.7202
1141,3.7203
1142,3.7203
1143,3.7205
1144,3.7205
1145,3.7207
1146,3.7207
1147,3.7208
1148,3.7208
1149,3.7208
1150,3.721
1151,3.7211
1152,3.7211
1153,3.7211
1154,3.7213
1155,3.7213
1156,3.7215
1157,3.7215
1158,3.7216
1159,3.7216
1160,3.7218
1161,3.7218
1162,3.7219
1163,3.7219
1164,3.7221
1165,3.7221
1166,3.7222
1167,3.7222
1168,3.7224
1169,3.7224
1170,3.7226
1171,3.7226
1172,3.7227
1173,3.7227
1174,3.7227
1175,3.7229
1176,3.7229
1177,3.723
1178,3.723
1179,3.7232
1180,3.7232
1181,3.7234
1182,3.7234
1183,3.7235
1184,3.7235
1185,3.7237
1186,3.7237
1187,3.7238
1188,3.7238
1189,3.7238
1190,3.724
1191,3.7242
1192,3.7242
1193,3.7243
1194,3.7243
1195,3.7245
1196,3.7245
1197,3.7245
1198,3.7246
1199,3.7246
1200,3.7248
1201,3.7248
1202,3.7249
1203,3.7249
1204,3.7251
1205,3.7251
1206,3.7253
1207,3.7253
1208,3.7254
1209,3.7254
1210,3.7256
1211,3.7256
1212,3.7257
1213,3.7257
1214,3.7259
1215,3.7259
1216,3.7261
1217,3.7261
1218,3.7262
1219,3.7262
1220,3.7264
1221,3.7264
1222,3.7265
1223,3.7265
1224,3.7267
1225,3.7267
1226,3.7267
1227,3.7269
1228,3.7269
1229,3.727
1230,3.727
1231,3.7272
1232,3.7272
1233,3.7273
1234,3.7273
1235,3.7275
1236,3.7275
1237,3.7276
1238,3.7276
1239,3.7278
1240,3.7278
1241,3.728
1242,3.728
1243,3.7281
1244,3.7281
1245,3.7283
1246,3.7283
1247,3.7284
1248,3.7284
1249,3.7286
1250,3.7286
1251,3.7288
1252,3.7288
1253,3.7289
1254,3.7289
1255,3.7291
1256,3.7291
1257,3.7292
1258,3.7292
1259,3.7294
1260,3.7294
1261,3.7296
1262,3.7296
1263,3.7297
1264,3.7297
1265,3.7299
1266,3.7299
1267,3.73
1268,3.73
1269,3.7302
1270,3.7302
1271,3.7303
1272,3.7303
1273,3.7305
1274,3.7305
1275,3.7307
1276,3.7307
1277,3.7308
1278,3.7308
1279,3.731
1280,3.731
1281,3.7311
1282,3.7311
1283,3.7313
1284,3.7313
1285,3.7315
1286,3.7315
1287,3.7316
1288,3.7316
1289,3.7318
1290,3.7318
1291,3.7319
1292,3.7319
1293,3.7319
1294,3.7321
1295,3.7321
1296,3.7323
1297,3.7324
1298,3.7324
1299,3.7326
1300,3.7326
1301,3.7327
1302,3.7327
1303,3.7329
1304,3.7329
1305,3.733
1306,3.733
1307,3.7332
1308,3.7332
1309,3.7334
1310,3.7334
1311,3.7335
1312,3.7335
1313,3.7337
1314,3.7337
1315,3.7338
1316,3.7338
1317,3.734
1318,3.734
1319,3.7342
1320,3.7342
1321,3.7343
1322,3.7343
1323,3.7345
1324,3.7345
1325,3.7346
1326,3.7346
1327,3.7348
1328,3.735
1329,3.735
1330,3.7351
1331,3.7351
1332,3.7353
1333,3.7353
1334,3.7354
1335,3.7354
1336,3.7356
1337,3.7356
1338,3.7358
1339,3.7358
1340,3.7359
1341,3.7359
1342,3.7361
1343,3.7361
1344,3.7362
1345,3.7362
1346,3.7364
1347,3.7365
1348,3.7365
1349,3.7365
1350,3.7367
1351,3.7369
1352,3.7369
1353,3.737
1354,3.737
1355,3.7372
1356,3.7372
1357,3.7373
1358,3.7373
1359,3.7375
1360,3.7375
1361,3.7377
1362,3.7377
1363,3.7378
1364,3.738
1365,3.738
1366,3.7381
1367,3.7381
1368,3.7383
1369,3.7383
1370,3.7385
1371,3.7385
1372,3.7386
1373,3.7386
1374,3.7388
1375,3.7389
1376,3.7389
1377,3.7391
1378,3.7391
1379,3.7392
1380,3.7392
1381,3.7394
1382,3.7394
1383,3.7396
1384,3.7396
1385,3.7397
1386,3.7399
1387,3.7399
1388,3.74
1389,3.74
1390,3.7402
1391,3.7402
1392,3.7404
1393,3.7404
1394,3.7405
1395,3.7407
1396,3.7407
1397,3.7407
1398,3.7408
1399,3.741
1400,3.741
1401,3.7412
1402,3.7412
1403,3.7413
1404,3.7415
1405,3.7415
1406,3.7416
1407,3.7416
1408,3.7418
1409,3.7418
1410,3.7419
1411,3.7421
1412,3.7421
1413,3.7423
1414,3.7423
1415,3.7424
1416,3.7424
1417,3.7426
1418,3.7427
1419,3.7427
1420,3.7429
1421,3.7429
1422,3.7431
1423,3.7431
1424,3.7432
1425,3.7434
1426,3.7434
1427,3.7435
1428,3.7435
1429,3.7437
1430,3.7437
1431,3.7439
1432,3.744
1433,3.744
1434,3.7442
1435,3.7442
1436,3.7443
1437,3.7445
1438,3.7445
1439,3.7446
1440,3.7446
1441,3.7448
1442,3.745
1443,3.745
1444,3.7451
1445,3.7451
1446,3.7453
1447,3.7453
1448,3.7454
1449,3.7456
1450,3.7456
1451,3.7458
1452,3.7458
1453,3.7459
1454,3.7461
1455,3.7461
1456,3.7462
1457,3.7464
1458,3.7464
1459,3.7466
1460,3.7466
1461,3.7467
1462,3.7467
1463,3.7469
1464,3.747
1465,3.747
1466,3.7472
1467,3.7472
1468,3.7473
1469,3.7475
1470,3.7475
1471,3.7477
1472,3.7478
1473,3.7478
1474,3.748
1475,3.748
1476,3.7481
1477,3.7483
1478,3.7483
1479,3.7485
1480,3.7486
1481,3.7486
1482,3.7488
1483,3.7489
1484,3.7489
1485,3.7491
1486,3.7491
1487,3.7493
1488,3.7494
1489,3.7494
1490,3.7496
1491,3.7496
1492,3.7497
1493,3.7499
1494,3.7499
1495,3.75
1496,3.7502
1497,3.7502
1498,3.7504
1499,3.7505
1500,3.7505
1501,3.7507
1502,3.7507
1503,3.7508
1504,3.751
1505,3.751
1506,3.7512
1507,3.7513
1508,3.7513
1509,3.7515
1510,3.7516
1511,3.7516
1512,3.7518
1513,3.752
1514,3.752
1515,3.7521
1516,3.7523
1517,3.7523
1518,3.7524
1519,3.7526
1520,3.7526
1521,3.7528
1522,3.7528
1523,3.7529
1524,3.7531
1525,3.7531
1526,3.7532
1527,3.7534
1528,3.7535
1529,3.7535
1530,3.7537
1531,3.7537
1532,3.7539
1533,3.754
1534,3.754
1535,3.7542
1536,3.7543
1537,3.7543
1538,3.7545
1539,3.7547
1540,3.7548
1541,3.7548
1542,3.755
1543,3.7551
1544,3.7551
1545,3.7553
1546,3.7553
1547,3.7555
1548,3.7556
1549,3.7558
1550,3.7558
1551,3.7559
1552,3.7561
1553,3.7561
1554,3.7562
1555,3.7564
1556,3.7566
1557,3.7566
1558,3.7567
1559,3.7569
1560,3.7569
1561,3.757
1562,3.7572
1563,3.7572
1564,3.7574
1565,3.7575
1566,3.7577
1567,3.7577
1568,3.7578
1569,3.758
1570,3.758
1571,3.7582
1572,3.7583
1573,3.7583
1574,3.7585
1575,3.7586
1576,3.7588
1577,3.7588
1578,3.7589
1579,3.7591
1580,3.7593
1581,3.7593
1582,3.7594
1583,3.7596
1584,3.7596
1585,3.7597
1586,3.7599
1587,3.7601
1588,3.7601
1589,3.7602
1590,3.7604
1591,3.7604
1592,3.7605
1593,3.7607
1594,3.7609
1595,3.7609
1596,3.761
1597,3.7612
1598,3.7613
1599,3.7613
1600,3.7615
1601,3.7616
1602,3.7618
1603,3.7618
1604,3.762
1605,3.7621
1606,3.7623
1607,3.7623
1608,3.7624
1609,3.7626
1610,3.7628
1611,3.7628
1612,3.7629
1613,3.7631
1614,3.7632
1615,3.7632
1616,3.7634
1617,3.7636
1618,3.7637
1619,3.7637
1620,3.7639
1621,3.764
1622,3.7642
1623,3.7642
1624,3.7643
1625,3.7645
1626,3.7645
1627,3.7647
1628,3.7648
1629,3.765
1630,3.7651
1631,3.7651
1632,3.7653
1633,3.7655
1634,3.7656
1635,3.7656
1636,3.7658
1637,3.7659
1638,3.7661
1639,3.7663
1640,3.7663
1641,3.7664
1642,3.7666
1643,3.7667
1644,3.7669
1645,3.7669
1646,3.7671
1647,3.7672
1648,3.7674
1649,3.7675
1650,3.7675
1651,3.7677
1652,3.7678
1653,3.768
1654,3.768
1655,3.7682
1656,3.7683
1657,3.7685
1658,3.7686
1659,3.7686
1660,3.7688
1661,3.769
1662,3.7691
1663,3.7693
1664,3.7693
1665,3.7694
1666,3.7696
1667,3.7698
1668,3.7699
1669,3.7699
1670,3.7701
1671,3.7702
1672,3.7704
1673,3.7705
1674,3.7707
1675,3.7707
1676,3.7709
1677,3.771
1678,3.7712
1679,3.7713
1680,3.7713
1681,3.7715
1682,3.7717
1683,3.7718
1684,3.772
1685,3.7721
1686,3.7721
1687,3.7723
1688,3.7725
1689,3.7726
1690,3.7728
1691,3.7729
1692,3.7729
1693,3.7731
1694,3.7732
1695,3.7734
1696,3.7736
1697,3.7737
1698,3.7737
1699,3.7739
1700,3.774
1701,3.7742
1702,3.7744
1703,3.7745
1704,3.7745
1705,3.7747
1706,3.7748
1707,3.775
1708,3.7752
1709,3.7753
1710,3.7753
1711,3.7755
1712,3.7756
1713,3.7758
1714,3.7759
1715,3.7761
1716,3.7763
1717,3.7764
1718,3.7764
1719,3.7766
1720,3.7767
1721,3.7769
1722,3.7771
1723,3.7771
1724,3.7772
1725,3.7774
1726,3.7775
1727,3.7777
1728,3.7779
1729,3.778
1730,3.7782
1731,3.7783
1732,3.7783
1733,3.7785
1734,3.7786
1735,3.7788
1736,3.779
1737,3.7791
1738,3.7793
1739,3.7794
1740,3.7794
1741,3.7796
1742,3.7798
1743,3.7799
1744,3.7801
1745,3.7802
1746,3.7804
1747,3.7806
1748,3.7807
1749,3.7809
1750,3.7809
1751,3.781
1752,3.7812
1753,3.7813
1754,3.7815
1755,3.7817
1756,3.7818
1757,3.782
1758,3.782
1759,3.7821
1760,3.7823
1761,3.7825
1762,3.7826
1763,3.7828
1764,3.7829
1765,3.7831
1766,3.7833
1767,3.7834
1768,3.7836
1769,3.7836
1770,3.7837
1771,3.7839
1772,3.784
1773,3.7842
1774,3.7844
1775,3.7845
1776,3.7847
1777,3.7848
1778,3.785
1779,3.7852
1780,3.7852
1781,3.7853
1782,3.7855
1783,3.7856
1784,3.7858
1785,3.786
1786,3.7861
1787,3.7863
1788,3.7864
1789,3.7866
1790,3.7868
1791,3.7869
1792,3.7871
1793,3.7871
1794,3.7872
1795,3.7874
1796,3.7875
1797,3.7877
1798,3.7879
1799,3.788
1800,3.7882
1801,3.7883
1802,3.7885
1803,3.7887
1804,3.7888
1805,3.789
1806,3.7891
1807,3.7893
1808,3.7895
1809,3.7896
1810,3.7896
1811,3.7898
1812,3.7899
1813,3.7901
1814,3.7902
1815,3.7904
1816,3.7906
1817,3.7907
1818,3.7909
1819,3.791
1820,3.7912
1821,3.7914
1822,3.7915
1823,3.7917
1824,3.7918
1825,3.792
1826,3.7922
1827,3.7923
1828,3.7925
1829,3.7926
1830,3.7928
1831,3.7929
1832,3.7931
1833,3.7933
1834,3.7934
1835,3.7936
1836,3.7937
1837,3.7939
1838,3.7939
1839,3.7941
1840,3.7942
1841,3.7944
1842,3.7945
1843,3.7947
1844,3.7949
1845,3.795
1846,3.7952
1847,3.7953
1848,3.7955
1849,3.7956
1850,3.7958
1851,3.796
1852,3.7961
1853,3.7963
1854,3.7964
1855,3.7966
1856,3.7968
1857,3.7969
1858,3.7971
1859,3.7972
1860,3.7974
1861,3.7976
1862,3.7977
1863,3.7979
1864,3.798
1865,3.7982
1866,3.7983
1867,3.7985
1868,3.7987
1869,3.7988
1870,3.799
1871,3.7991
1872,3.7995
1873,3.7996
1874,3.7998
1875,3.7998
1876,3.8001
1877,3.8003
1878,3.8004
1879,3.8006
1880,3.8007
1881,3.8009
1882,3.801
1883,3.8012
1884,3.8014
1885,3.8015
1886,3.8017
1887,3.8018
1888,3.802
1889,3.8022
1890,3.8023
1891,3.8025
1892,3.8026
1893,3.8028
1894,3.803
1895,3.8031
1896,3.8033
1897,3.8034
1898,3.8038
1899,3.8038
1900,3.8039
1901,3.8042
1902,3.8044
1903,3.8045
1904,3.8047
1905,3.8049
1906,3.805
1907,3.8052
1908,3.8053
1909,3.8055
1910,3.8057
1911,3.8058
1912,3.806
1913,3.8061
1914,3.8063
1915,3.8065
1916,3.8068
1917,3.8069
1918,3.8071
1919,3.8072
1920,3.8074
1921,3.8076
1922,3.8077
1923,3.8079
1924,3.808
1925,3.8082
1926,3.8084
1927,3.8087
1928,3.8087
1929,3.809
1930,3.8092
1931,3.8093
1932,3.8095
1933,3.8096
1934,3.8098
1935,3.8099
1936,3.8101
1937,3.8104
1938,3.8106
1939,3.8107
1940,3.8109
1941,3.8111
1942,3.8112
1943,3.8114
1944,3.8115
1945,3.8119
1946,3.812
1947,3.8122
1948,3.8123
1949,3.8125
1950,3.8126
1951,3.8128
1952,3.813
1953,3.8133
1954,3.8134
1955,3.8136
1956,3.8138
1957,3.8139
1958,3.8141
1959,3.8142
1960,3.8144
1961,3.8147
1962,3.8149
1963,3.815
1964,3.8152
1965,3.8153
1966,3.8155
1967,3.8157
1968,3.816
1969,3.8161
1970,3.8163
1971,3.8165
1972,3.8166
1973,3.8168
1974,3.8169
1975,3.8173
1976,3.8174
1977,3.8176
1978,3.8177
1979,3.8179
1980,3.8182
1981,3.8184
1982,3.8185
1983,3.8187
1984,3.8188
1985,3.8192
1986,3.8193
1987,3.8195
1988,3.8196
1989,3.8198
1990,3.82
1991,3.8203
1992,3.8204
1993,3.8206
1994,3.8208
1995,3.8209
1996,3.8212
1997,3.8214
1998,3.8215
1999,3.8217
2000,3.822
2001,3.8222
2002,3.8223
2003,3.8225
2004,3.8227
2005,3.823
2006,3.8231
2007,3.8233
2008,3.8235
2009,3.8238
2010,3.8239
2011,3.8241
2012,3.8242
2013,3.8244
2014,3.8247
2015,3.8249
2016,3.825
2017,3.8252
2018,3.8255
2019,3.8257
2020,3.8258
2021,3.826
2022,3.8262
2023,3.8265
2024,3.8266
2025,3.8268
2026,3.8271
2027,3.8273
2028,3.8274
2029,3.8276
2030,3.8279
2031,3.8281
2032,3.8282
2033,3.8284
2034,3.8287
2035,3.8289
2036,3.829
2037,3.8292
2038,3.8295
2039,3.8296
2040,3.8298
2041,3.8301
2042,3.8303
2043,3.8304
2044,3.8306
2045,3.8309
2046,3.8311
2047,3.8312
2048,3.8316
2049,3.8317
2050,3.8319
2051,3.8322
2052,3.8323
2053,3.8325
2054,3.8327
2055,3.833
2056,3.8331
2057,3.8333
2058,3.8336
2059,3.8338
2060,3.8339
2061,3.8343
2062,3.8344
2063,3.8346
2064,3.8349
2065,3.835
2066,3.8352
2067,3.8355
2068,3.8357
2069,3.8358
2070,3.8362
2071,3.8363
2072,3.8365
2073,3.8368
2074,3.837
2075,3.8371
2076,3.8374
2077,3.8376
2078,3.8378
2079,3.8381
2080,3.8382
2081,3.8385
2082,3.8387
2083,3.8389
2084,3.8392
2085,3.8393
2086,3.8395
2087,3.8398
2088,3.84
2089,3.8401
2090,3.8405
2091,3.8406
2092,3.8408
2093,3.8411
2094,3.8412
2095,3.8416
2096,3.8417
2097,3.842
2098,3.8422
2099,3.8424
2100,3.8427
2101,3.8428
2102,3.843
2103,3.8433
2104,3.8435
2105,3.8438
2106,3.8439
2107,3.8443
2108,3.8444
2109,3.8446
2110,3.8449
2111,3.8451
2112,3.8454
2113,3.8455
2114,3.8457
2115,3.846
2116,3.8462
2117,3.8465
2118,3.8466
2119,3.8468
2120,3.8471
2121,3.8473
2122,3.8476
2123,3.8478
2124,3.8481
2125,3.8482
2126,3.8484
2127,3.8487
2128,3.8489
2129,3.8492
2130,3.8493
2131,3.8497
2132,3.8498
2133,3.8501
2134,3.8503
2135,3.8505
2136,3.8508
2137,3.8509
2138,3.8513
2139,3.8514
2140,3.8517
2141,3.8519
2142,3.8522
2143,3.8524
2144,3.8527
2145,3.8528
2146,3.853
2147,3.8533
2148,3.8535
2149,3.8538
2150,3.854
2151,3.8543
2152,3.8544
2153,3.8548
2154,3.8549
2155,3.8552
2156,3.8554
2157,3.8557
2158,3.8559
2159,3.8562
2160,3.8563
2161,3.8565
2162,3.8568
2163,3.857
2164,3.8573
2165,3.8575
2166,3.8578
2167,3.8579
2168,3.8582
2169,3.8584
2170,3.8587
2171,3.8589
2172,3.8592
2173,3.8594
2174,3.8597
2175,3.8598
2176,3.8602
2177,3.8603
2178,3.8606
2179,3.8608
2180,3.8611
2181,3.8613
2182,3.8616
2183,3.8617
2184,3.8621
2185,3.8622
2186,3.8625
2187,3.8627
2188,3.863
2189,3.8632
2190,3.8635
2191,3.8636
2192,3.864
2193,3.8641
2194,3.8644
2195,3.8646
2196,3.8649
2197,3.8651
2198,3.8654
2199,3.8656
2200,3.8659
2201,3.866
2202,3.8663
2203,3.8665
2204,3.8668
2205,3.8671
2206,3.8673
2207,3.8675
2208,3.8678
2209,3.8679
2210,3.8683
2211,3.8686
2212,3.8687
2213,3.869
2214,3.8692
2215,3.8695
2216,3.8697
2217,3.87
2218,3.8702
2219,3.8705
2220,3.8706
2221,3.871
2222,3.8711
2223,3.8714
2224,3.8716
2225,3.8719
2226,3.8721
2227,3.8724
2228,3.8725
2229,3.8729
2230,3.873
2231,3.8733
2232,3.8735
2233,3.8738
2234,3.874
2235,3.8743
2236,3.8745
2237,3.8748
2238,3.8749
2239,3.8752
2240,3.8754
2241,3.8757
2242,3.8759
2243,3.8762
2244,3.8764
2245,3.8767
2246,3.8768
2247,3.8772
2248,3.8773
2249,3.8776
2250,3.8778
2251,3.8781
2252,3.8783
2253,3.8786
2254,3.8787
2255,3.8791
2256,3.8792
2257,3.8795
2258,3.8799
2259,3.88
2260,3.8803
2261,3.8805
2262,3.8808
2263,3.881
2264,3.8813
2265,3.8814
2266,3.8816
2267,3.8819
2268,3.8822
2269,3.8824
2270,3.8827
2271,3.8829
2272,3.8832
2273,3.8833
2274,3.8835
2275,3.8838
2276,3.8841
2277,3.8843
2278,3.8845
2279,3.8848
2280,3.8851
2281,3.8853
2282,3.8854
2283,3.8857
2284,3.8859
2285,3.8862
2286,3.8864
2287,3.8867
2288,3.8868
2289,3.8872
2290,3.8873
2291,3.8876
2292,3.8878
2293,3.8881
2294,3.8883
2295,3.8886
2296,3.8888
2297,3.8891
2298,3.8892
2299,3.8895
2300,3.8897
2301,3.89
2302,3.8902
2303,3.8905
2304,3.8907
2305,3.891
2306,3.8911
2307,3.8915
2308,3.8916
2309,3.8918
2310,3.8921
2311,3.8922
2312,3.8926
2313,3.8927
2314,3.893
2315,3.8932
2316,3.8935
2317,3.8937
2318,3.894
2319,3.8942
2320,3.8945
2321,3.8946
2322,3.8948
2323,3.8951
2324,3.8953
2325,3.8956
2326,3.8957
2327,3.8961
2328,3.8962
2329,3.8965
2330,3.8967
2331,3.897
2332,3.8972
2333,3.8975
2334,3.8976
2335,3.8978
2336,3.8981
2337,3.8983
2338,3.8986
2339,3.8988
2340,3.8991
2341,3.8992
2342,3.8996
2343,3.8997
2344,3.9
2345,3.9002
2346,3.9005
2347,3.9007
2348,3.901
2349,3.9011
2350,3.9013
2351,3.9016
2352,3.9018
2353,3.9021
2354,3.9023
2355,3.9026
2356,3.9027
2357,3.9031
2358,3.9032
2359,3.9035
2360,3.9037
2361,3.9038
2362,3.9042
2363,3.9043
2364,3.9046
2365,3.9048
2366,3.9051
2367,3.9053
2368,3.9056
2369,3.9058
2370,3.9061
2371,3.9062
2372,3.9064
2373,3.9067
2374,3.9069
2375,3.9072
2376,3.9073
2377,3.9077
2378,3.9078
2379,3.9081
2380,3.9083
2381,3.9086
2382,3.9088
2383,3.9089
2384,3.9092
2385,3.9094
2386,3.9097
2387,3.9099
2388,3.9102
2389,3.9104
2390,3.9105
2391,3.9108
2392,3.911
2393,3.9113
2394,3.9115
2395,3.9118
2396,3.9119
2397,3.9123
2398,3.9124
2399,3.9127
2400,3.9129
2401,3.9132
2402,3.9134
2403,3.9137
2404,3.9139
2405,3.914
2406,3.9143
2407,3.9145
2408,3.9148
2409,3.915
2410,3.9153
2411,3.9154
2412,3.9158
2413,3.9159
2414,3.9162
2415,3.9164
2416,3.9167
2417,3.9169
2418,3.9172
2419,3.9173
2420,3.9177
2421,3.9178
2422,3.918
2423,3.9183
2424,3.9186
2425,3.9188
2426,3.9189
2427,3.9193
2428,3.9194
2429,3.9197
2430,3.9199
2431,3.9202
2432,3.9204
2433,3.9207
2434,3.9208
2435,3.9212
2436,3.9213
2437,3.9216
2438,3.9218
2439,3.9221
2440,3.9223
2441,3.9226
2442,3.9228
2443,3.9231
2444,3.9232
2445,3.9235
2446,3.9237
2447,3.924
2448,3.9242
2449,3.9245
2450,3.9247
2451,3.925
2452,3.9251
2453,3.9255
2454,3.9256
2455,3.9259
2456,3.9261
2457,3.9264
2458,3.9267
2459,3.9269
2460,3.9272
2461,3.9274
2462,3.9277
2463,3.9278
2464,3.9282
2465,3.9283
2466,3.9286
2467,3.9288
2468,3.9291
2469,3.9293
2470,3.9296
2471,3.9297
2472,3.9301
2473,3.9304
2474,3.9305
2475,3.9309
2476,3.931
2477,3.9313
2478,3.9315
2479,3.9318
2480,3.932
2481,3.9323
2482,3.9326
2483,3.9328
2484,3.9329
2485,3.9332
2486,3.9336
2487,3.9337
2488,3.934
2489,3.9342
2490,3.9345
2491,3.9348
2492,3.935
2493,3.9353
2494,3.9355
2495,3.9358
2496,3.9359
2497,3.9363
2498,3.9366
2499,3.9367
2500,3.9371
2501,3.9374
2502,3.9375
2503,3.9378
2504,3.938
2505,3.9383
2506,3.9385
2507,3.9388
2508,3.9391
2509,3.9393
2510,3.9396
2511,3.9399
2512,3.9401
2513,3.9404
2514,3.9405
2515,3.9409
2516,3.9412
2517,3.9413
2518,3.9417
2519,3.9418
2520,3.9421
2521,3.9425
2522,3.9426
2523,3.9429
2524,3.9431
2525,3.9434
2526,3.9437
2527,3.944
2528,3.9442
2529,3.9445
2530,3.9447
2531,3.945
2532,3.9453
2533,3.9455
2534,3.9458
2535,3.9461
2536,3.9463
2537,3.9466
2538,3.9469
2539,3.9471
2540,3.9474
2541,3.9477
2542,3.9479
2543,3.9482
2544,3.9485
2545,3.9486
2546,3.949
2547,3.9493
2548,3.9494
2549,3.9498
2550,3.9501
2551,3.9502
2552,3.9506
2553,3.9509
2554,3.951
2555,3.9513
2556,3.9517
2557,3.9518
2558,3.9521
2559,3.9525
2560,3.9526
2561,3.9529
2562,3.9533
2563,3.9536
2564,3.9537
2565,3.954
2566,3.9542
2567,3.9545
2568,3.9548
2569,3.9552
2570,3.9553
2571,3.9556
2572,3.956
2573,3.9561
2574,3.9564
2575,3.9568
2576,3.9571
2577,3.9572
2578,3.9575
2579,3.9579
2580,3.958
2581,3.9583
2582,3.9587
2583,3.959
2584,3.9591
2585,3.9595
2586,3.9598
2587,3.9599
2588,3.9602
2589,3.9606
2590,3.9607
2591,3.961
2592,3.9614
2593,3.9617
2594,3.9618
2595,3.9622
2596,3.9625
2597,3.9626
2598,3.9629
2599,3.9633
2600,3.9636
2601,3.9637
2602,3.9641
2603,3.9644
2604,3.9647
2605,3.9649
2606,3.9652
2607,3.9655
2608,3.9656
2609,3.966
2610,3.9663
2611,3.9666
2612,3.9668
2613,3.9671
2614,3.9674
2615,3.9677
2616,3.9679
2617,3.9682
2618,3.9685
2619,3.9687
2620,3.969
2621,3.9693
2622,3.9696
2623,3.9698
2624,3.9701
2625,3.9704
2626,3.9706
2627,3.9709
2628,3.9712
2629,3.9715
2630,3.9717
2631,3.972
2632,3.9723
2633,3.9725
2634,3.9728
2635,3.9731
2636,3.9733
2637,3.9736
2638,3.9739
2639,3.9742
2640,3.9744
2641,3.9747
2642,3.975
2643,3.9752
2644,3.9755
2645,3.9758
2646,3.9761
2647,3.9763
2648,3.9766
2649,3.9769
2650,3.9771
2651,3.9774
2652,3.9777
2653,3.9779
2654,3.9782
2655,3.9785
2656,3.9787
2657,3.979
2658,3.9793
2659,3.9795
2660,3.9798
2661,3.9801
2662,3.9803
2663,3.9806
2664,3.9809
2665,3.9811
2666,3.9814
2667,3.9817
2668,3.9819
2669,3.9822
2670,3.9825
2671,3.9826
2672,3.983
2673,3.9833
2674,3.9834
2675,3.9838
2676,3.9839
2677,3.9842
2678,3.9846
2679,3.9847
2680,3.985
2681,3.9853
2682,3.9855
2683,3.9858
2684,3.986
2685,3.9863
2686,3.9866
2687,3.9868
2688,3.9871
2689,3.9873
2690,3.9876
2691,3.9879
2692,3.9881
2693,3.9884
2694,3.9885
2695,3.9888
2696,3.989
2697,3.9893
2698,3.9896
2699,3.9898
2700,3.9901
2701,3.9903
2702,3.9906
2703,3.9908
2704,3.9911
2705,3.9914
2706,3.9915
2707,3.9919
2708,3.992
2709,3.9923
2710,3.9925
2711,3.9928
2712,3.993
2713,3.9933
2714,3.9935
2715,3.9938
2716,3.9939
2717,3.9942
2718,3.9944
2719,3.9947
2720,3.9949
2721,3.9952
2722,3.9954
2723,3.9957
2724,3.9958
2725,3.9962
2726,3.9963
2727,3.9966
2728,3.9968
2729,3.9969
2730,3.9973
2731,3.9974
2732,3.9977
2733,3.9979
2734,3.9982
2735,3.9984
2736,3.9985
2737,3.9989
2738,3.999
2739,3.9993
2740,3.9995
2741,3.9998
2742,4.0
2743,4.0001
2744,4.0004
2745,4.0006
2746,4.0009
2747,4.0011
2748,4.0012
2749,4.0016
2750,4.0017
2751,4.0019
2752,4.0022
2753,4.0023
2754,4.0025
2755,4.0028
2756,4.003
2757,4.0033
2758,4.0035
2759,4.0036
2760,4.0038
2761,4.0041
2762,4.0043
2763,4.0046
2764,4.0047
2765,4.0049
2766,4.005
2767,4.0054
2768,4.0055
2769,4.0057
2770,4.006
2771,4.0062
2772,4.0063
2773,4.0065
2774,4.0068
2775,4.007
2776,4.0071
2777,4.0073
2778,4.0076
2779,4.0078
2780,4.0079
2781,4.0081
2782,4.0084
2783,4.0085
2784,4.0087
2785,4.0089
2786,4.0092
2787,4.0093
2788,4.0095
2789,4.0097
2790,4.0098
2791,4.0101
2792,4.0103
2793,4.0105
2794,4.0106
2795,4.0108
2796,4.0111
2797,4.0112
2798,4.0114
2799,4.0116
2800,4.0117
2801,4.012
2802,4.0122
2803,4.0124
2804,4.0125
2805,4.0127
2806,4.0128
2807,4.0132
2808,4.0133
2809,4.0135
2810,4.0136
2811,4.0138
2812,4.0139
2813,4.0141
2814,4.0143
2815,4.0146
2816,4.0147
2817,4.0149
2818,4.0151
2819,4.0152
2820,4.0154
2821,4.0155
2822,4.0157
2823,4.016
2824,4.0162
2825,4.0163
2826,4.0165
2827,4.0166
2828,4.0168
2829,4.017
2830,4.0171
2831,4.0173
2832,4.0174
2833,4.0176
2834,4.0179
2835,4.0181
2836,4.0182
2837,4.0184
2838,4.0186
2839,4.0187
2840,4.0189
2841,4.019
2842,4.0192
2843,4.0193
2844,4.0195
2845,4.0197
2846,4.0198
2847,4.02
2848,4.0201
2849,4.0203
2850,4.0205
2851,4.0206
2852,4.0208
2853,4.0209
2854,4.0213
2855,4.0213
2856,4.0216
2857,4.0217
2858,4.0219
2859,4.022
2860,4.0222
2861,4.0224
2862,4.0225
2863,4.0227
2864,4.0228
2865,4.023
2866,4.0232
2867,4.0233
2868,4.0235
2869,4.0236
2870,4.0238
2871,4.024
2872,4.0241
2873,4.0243
2874,4.0244
2875,4.0246
2876,4.0248
2877,4.0249
2878,4.0251
2879,4.0252
2880,4.0254
2881,4.0255
2882,4.0257
2883,4.0259
2884,4.026
2885,4.0262
2886,4.0263
2887,4.0265
2888,4.0267
2889,4.0268
2890,4.027
2891,4.0271
2892,4.0273
2893,4.0275
2894,4.0276
2895,4.0278
2896,4.0279
2897,4.0281
2898,4.0282
2899,4.0284
2900,4.0286
2901,4.0287
2902,4.0289
2903,4.029
2904,4.0292
2905,4.0294
2906,4.0295
2907,4.0297
2908,4.0298
2909,4.03
2910,4.0302
2911,4.0303
2912,4.0305
2913,4.0306
2914,4.0308
2915,4.0309
2916,4.0311
2917,4.0313
2918,4.0314
2919,4.0316
2920,4.0317
2921,4.0319
2922,4.0321
2923,4.0322
2924,4.0324
2925,4.0325
2926,4.0327
2927,4.0329
2928,4.033
2929,4.0332
2930,4.0333
2931,4.0335
2932,4.0336
2933,4.0338
2934,4.034
2935,4.0341
2936,4.0343
2937,4.0344
2938,4.0346
2939,4.0348
2940,4.0351
2941,4.0352
2942,4.0354
2943,4.0356
2944,4.0357
2945,4.0359
2946,4.036
2947,4.0362
2948,4.0363
2949,4.0365
2950,4.0367
2951,4.0368
2952,4.037
2953,4.0371
2954,4.0375
2955,4.0376
2956,4.0378
2957,4.0379
2958,4.0381
2959,4.0383
2960,4.0384
2961,4.0386
2962,4.0387
2963,4.0389
2964,4.0392
2965,4.0394
2966,4.0395
2967,4.0397
2968,4.0398
2969,4.04
2970,4.0402
2971,4.0405
2972,4.0406
2973,4.0408
2974,4.041
2975,4.0411
2976,4.0413
2977,4.0414
2978,4.0418
2979,4.0419
2980,4.0421
2981,4.0422
2982,4.0424
2983,4.0427
2984,4.0429
2985,4.043
2986,4.0432
2987,4.0433
2988,4.0437
2989,4.0438
2990,4.044
2991,4.0441
2992,4.0443
2993,4.0446
2994,4.0448
2995,4.0449
2996,4.0451
2997,4.0454
2998,4.0456
2999,4.0457
3000,4.046
3001,4.0462
3002,4.0464
3003,4.0465
3004,4.0468
3005,4.047
3006,4.0472
3007,4.0475
3008,4.0476
3009,4.0478
3010,4.0481
3011,4.0483
3012,4.0484
3013,4.0487
3014,4.0489
3015,4.0491
3016,4.0494
3017,4.0495
3018,4.0497
3019,4.05
3020,4.0502
3021,4.0503
3022,4.0506
3023,4.0508
3024,4.0511
3025,4.0513
3026,4.0514
3027,4.0518
3028,4.0519
3029,4.0522
3030,4.0524
3031,4.0527
3032,4.0529
3033,4.0532
3034,4.0533
3035,4.0537
3036,4.0538
3037,4.0541
3038,4.0543
3039,4.0546
3040,4.0548
3041,4.0551
3042,4.0553
3043,4.0556
3044,4.0557
3045,4.056
3046,4.0562
3047,4.0565
3048,4.0567
3049,4.057
3050,4.0573
3051,4.0575
3052,4.0578
3053,4.058
3054,4.0583
3055,4.0584
3056,4.0588
3057,4.0591
3058,4.0592
3059,4.0595
3060,4.0599
3061,4.06
3062,4.0603
3063,4.0605
3064,4.0608
3065,4.0611
3066,4.0613
3067,4.0616
3068,4.0619
3069,4.0621
3070,4.0624
3071,4.0627
3072,4.063
3073,4.0632
3074,4.0635
3075,4.0638
3076,4.064
3077,4.0643
3078,4.0646
3079,4.0649
3080,4.0651
3081,4.0654
3082,4.0657
3083,4.0659
3084,4.0662
3085,4.0665
3086,4.0669
3087,4.067
3088,4.0673
3089,4.0676
3090,4.068
3091,4.0683
3092,4.0684
3093,4.0688
3094,4.0691
3095,4.0694
3096,4.0697
3097,4.0699
3098,4.0702
3099,4.0705
3100,4.0708
3101,4.0711
3102,4.0715
3103,4.0716
3104,4.0719
3105,4.0723
3106,4.0726
3107,4.0729
3108,4.0732
3109,4.0735
3110,4.0737
3111,4.074
3112,4.0743
3113,4.0746
3114,4.075
3115,4.0753
3116,4.0756
3117,4.0759
3118,4.0761
3119,4.0764
3120,4.0767
3121,4.077
3122,4.0773
3123,4.0777
3124,4.078
3125,4.0783
3126,4.0786
3127,4.0789
3128,4.0792
3129,4.0794
3130,4.0797
3131,4.08
3132,4.0804
3133,4.0807
3134,4.081
3135,4.0813
3136,4.0816
3137,4.0819
3138,4.0823
3139,4.0826
3140,4.0829
3141,4.0832
3142,4.0835
3143,4.0837
3144,4.084
3145,4.0843
3146,4.0846
3147,4.085
3148,4.0853
3149,4.0856
3150,4.0859
3151,4.0862
3152,4.0866
3153,4.0869
3154,4.0872
3155,4.0875
3156,4.0878
3157,4.0881
3158,4.0885
3159,4.0888
3160,4.0891
3161,4.0894
3162,4.0896
3163,4.0899
3164,4.0902
3165,4.0905
3166,4.0908
3167,4.0912
3168,4.0915
3169,4.0918
3170,4.0921
3171,4.0924
3172,4.0928
3173,4.0931
3174,4.0934
3175,4.0937
3176,4.094
3177,4.0943
3178,4.0947
3179,4.095
3180,4.0951
3181,4.0955
3182,4.0958
3183,4.0961
3184,4.0964
3185,4.0967
3186,4.097
3187,4.0974
3188,4.0977
3189,4.098
3190,4.0983
3191,4.0986
3192,4.0988
3193,4.0991
3194,4.0994
3195,4.0997
3196,4.1001
3197,4.1004
3198,4.1007
3199,4.101
3200,4.1013
3201,4.1016
3202,4.102
3203,4.1023
3204,4.1024
3205,4.1028
3206,4.1031
3207,4.1034
3208,4.1037
3209,4.104
3210,4.1043
3211,4.1045
3212,4.1048
3213,4.1051
3214,4.1055
3215,4.1058
3216,4.1061
3217,4.1064
3218,4.1067
3219,4.1069
3220,4.1072
3221,4.1075
3222,4.1078
3223,4.1082
3224,4.1085
3225,4.1086
3226,4.109
3227,4.1093
3228,4.1096
3229,4.1099
3230,4.1101
3231,4.1104
3232,4.1107
3233,4.111
3234,4.1113
3235,4.1115
3236,4.1118
3237,4.1121
3238,4.1125
3239,4.1128
3240,4.1129
3241,4.1132
3242,4.1136
3243,4.1139
3244,4.114
3245,4.1144
3246,4.1147
3247,4.115
3248,4.1152
3249,4.1155
3250,4.1158
3251,4.1161
3252,4.1163
3253,4.1166
3254,4.1169
3255,4.1171
3256,4.1174
3257,4.1177
3258,4.1179
3259,4.1182
3260,4.1185
3261,4.1188
3262,4.119
3263,4.1193
3264,4.1196
3265,4.1198
3266,4.1201
3267,4.1204
3268,4.1206
3269,4.1209
3270,4.1212
3271,4.1213
3272,4.1217
3273,4.1218
3274,4.1221
3275,4.1225
3276,4.1226
3277,4.1229
3278,4.1233
3279,4.1234
3280,4.1237
3281,4.1239
3282,4.1242
3283,4.1244
3284,4.1247
3285,4.125
3286,4.1252
3287,4.1255
3288,4.1256
3289,4.126
3290,4.1261
3291,4.1264
3292,4.1268
3293,4.1269
3294,4.1272
3295,4.1274
3296,4.1277
3297,4.1279
3298,4.1282
3299,4.1283
3300,4.1287
3301,4.1288
3302,4.1291
3303,4.1293
3304,4.1296
3305,4.1298
3306,4.1301
3307,4.1302
3308,4.1304
3309,4.1307
3310,4.1309
3311,4.1312
3312,4.1314
3313,4.1315
3314,4.1318
3315,4.132
3316,4.1323
3317,4.1325
3318,4.1328
3319,4.1329
3320,4.1331
3321,4.1334
3322,4.1336
3323,4.1339
3324,4.1341
3325,4.1342
3326,4.1345
3327,4.1347
3328,4.1349
3329,4.1352
3330,4.1353
3331,4.1355
3332,4.1358
3333,4.136
3334,4.1361
3335,4.1364
3336,4.1366
3337,4.1368
3338,4.1371
3339,4.1372
3340,4.1374
3341,4.1376
3342,4.1379
3343,4.138
3344,4.1382
3345,4.1385
3346,4.1387
3347,4.1388
3348,4.139
3349,4.1393
3350,4.1395
3351,4.1396
3352,4.1398
3353,4.1399
3354,4.1403
3355,4.1404
3356,4.1406
3357,4.1407
3358,4.1409
3359,4.1412
3360,4.1414
3361,4.1415
3362,4.1417
3363,4.1418
3364,4.1422
3365,4.1423
3366,4.1425
3367,4.1426
3368,4.1428
3369,4.143
3370,4.1431
3371,4.1434
3372,4.1436
3373,4.1438
3374,4.1439
3375,4.1441
3376,4.1442
3377,4.1444
3378,4.1445
3379,4.1447
3380,4.1449
3381,4.1452
3382,4.1453
3383,4.1455
3384,4.1457
3385,4.1458
3386,4.146
3387,4.1461
3388,4.1463
3389,4.1465
3390,4.1466
3391,4.1468
3392,4.1469
3393,4.1471
3394,4.1472
3395,4.1474
3396,4.1476
3397,4.1477
3398,4.1479
3399,4.148
3400,4.1482
3401,4.1484
3402,4.1485
3403,4.1487
3404,4.1488
3405,4.149
3406,4.1492
3407,4.1493
3408,4.1495
3409,4.1495
3410,4.1496
3411,4.1498
3412,4.1499
3413,4.1501
3414,4.1503
3415,4.1504
3416,4.1506
3417,4.1507
3418,4.1509
3419,4.1511
3420,4.1512
3421,4.1512
3422,4.1514
3423,4.1515
3424,4.1517
3425,4.1519
3426,4.152
3427,4.1522
3428,4.1522
3429,4.1523
3430,4.1525
3431,4.1526
3432,4.1528
3433,4.153
3434,4.1531
3435,4.1531
3436,4.1533
3437,4.1534
3438,4.1536
3439,4.1538
3440,4.1538
3441,4.1539
3442,4.1541
3443,4.1542
3444,4.1542
3445,4.1544
3446,4.1546
3447,4.1547
3448,4.1549
3449,4.1549
3450,4.155
3451,4.1552
3452,4.1552
3453,4.1553
3454,4.1555
3455,4.1557
3456,4.1557
3457,4.1558
3458,4.156
3459,4.1561
3460,4.1561
3461,4.1563
3462,4.1565
3463,4.1565
3464,4.1566
3465,4.1568
3466,4.1568
3467,4.1569
3468,4.1571
3469,4.1573
3470,4.1573
3471,4.1574
3472,4.1574
3473,4.1576
3474,4.1577
3475,4.1579
3476,4.1579
3477,4.158
3478,4.158
3479,4.1582
3480,4.1584
3481,4.1584
3482,4.1585
3483,4.1587
3484,4.1587
3485,4.1588
3486,4.1588
3487,4.159
3488,4.1592
3489,4.1592
3490,4.1593
3491,4.1595
3492,4.1595
3493,4.1596
3494,4.1596
3495,4.1598
3496,4.16
3497,4.16
3498,4.1601
3499,4.1601
3500,4.1603
3501,4.1603
3502,4.1604
3503,4.1606
3504,4.1606
3505,4.1608
3506,4.1608
3507,4.1609
3508,4.1609
3509,4.1611
3510,4.1611
3511,4.1612
3512,4.1614
3513,4.1614
3514,4.1615
3515,4.1615
3516,4.1617
3517,4.1617
3518,4.1619
3519,4.1619
3520,4.162
3521,4.1622
3522,4.1622
3523,4.1623
3524,4.1623
3525,4.1625
3526,4.1625
3527,4.1627
3528,4.1627
3529,4.1628
3530,4.1628
3531,4.163
3532,4.163
3533,4.1631
3534,4.1631
3535,4.1633
3536,4.1633
3537,4.1635
3538,4.1635
3539,4.1636
3540,4.1636
3541,4.1638
3542,4.1639
3543,4.1639
3544,4.1641
3545,4.1641
3546,4.1642
3547,4.1642
3548,4.1644
3549,4.1644
3550,4.1646
3551,4.1646
3552,4.1647
3553,4.1647
3554,4.1649
3555,4.1649
3556,4.165
3557,4.165
3558,4.1652
3559,4.1652
3560,4.1654
3561,4.1654
3562,4.1655
3563,4.1655
3564,4.1657
3565,4.1657
3566,4.1658
3567,4.1658
3568,4.166
3569,4.166
3570,4.1662
3571,4.1662
3572,4.1663
3573,4.1665
3574,4.1665
3575,4.1666
3576,4.1666
3577,4.1666
3578,4.1668
3579,4.1669
3580,4.1669
3581,4.1671
3582,4.1671
3583,4.1673
3584,4.1673
3585,4.1674
3586,4.1674
3587,4.1676
3588,4.1676
3589,4.1677
3590,4.1679
3591,4.1679
3592,4.1681
3593,4.1681
3594,4.1682
3595,4.1682
3596,4.1684
3597,4.1684
3598,4.1685
3599,4.1685
3600,4.1687
3601,4.1689
3602,4.1689
3603,4.169
3604,4.169
3605,4.1692
3606,4.1692
3607,4.1693
3608,4.1693
3609,4.1695
3610,4.1696
3611,4.1696
3612,4.1698
3613,4.1698
3614,4.17
3615,4.1701
3616,4.1701
3617,4.1703
3618,4.1703
3619,4.1704
3620,4.1706
3621,4.1706
3622,4.1708
3623,4.1708
3624,4.1709
3625,4.1709
3626,4.1711
3627,4.1712
3628,4.1712
3629,4.1714
3630,4.1716
3631,4.1716
3632,4.1717
3633,4.1717
3634,4.1719
3635,4.172
3636,4.172
3637,4.1722
3638,4.1723
3639,4.1723
3640,4.1725
3641,4.1727
3642,4.1727
3643,4.1728
3644,4.173
3645,4.173
3646,4.1731
3647,4.1733
3648,4.1733
3649,4.1735
3650,4.1736
3651,4.1736
3652,4.1738
3653,4.1739
3654,4.1739
3655,4.1741
3656,4.1743
3657,4.1743
3658,4.1744
3659,4.1746
3660,4.1747
3661,4.1747
3662,4.1749
3663,4.1751
3664,4.1752
3665,4.1752
3666,4.1754
3667,4.1755
3668,4.1757
3669,4.1757
3670,4.1758
3671,4.176
3672,4.1762
3673,4.1763
3674,4.1763
3675,4.1765
3676,4.1766
3677,4.1768
3678,4.1768
3679,4.177
3680,4.1771
3681,4.1773
3682,4.1774
3683,4.1776
3684,4.1776
3685,4.1778
3686,4.1779
3687,4.1781
3688,4.1782
3689,4.1784
3690,4.1785
3691,4.1787
3692,4.1787
3693,4.1789
3694,4.179
3695,4.1792
3696,4.1793
3697,4.1795
3698,4.1797
3699,4.1798
3700,4.18
3701,4.1801
3702,4.1801
3703,4.1803
3704,4.1805
3705,4.1806
3706,4.1808
3707,4.1809
3708,4.1811
3709,4.1812
3710,4.1814
3711,4.1816
3712,4.1817
3713,4.1819
3714,4.182
3715,4.1822
3716,4.1824
3717,4.1825
3718,4.1827
3719,4.1828
3720,4.1832
3721,4.1833
3722,4.1835
3723,4.1836
3724,4.1838
3725,4.1839
3726,4.1841
3727,4.1843
3728,4.1844
3729,4.1847
3730,4.1849
3731,4.1851
3732,4.1852
3733,4.1854
3734,4.1855
3735,4.1859
3736,4.186
3737,4.1862
3738,4.1863
3739,4.1865
3740,4.1868
3741,4.187
3742,4.1871
3743,4.1874
3744,4.1876
3745,4.1878
3746,4.1879
3747,4.1882
3748,4.1884
3749,4.1886
3750,4.1889
3751,4.189
3752,4.1892
3753,4.1895
3754,4.1897
3755,4.19
3756,4.1901
3757,4.1903
3758,4.1906
3759,4.1908
3760,4.1911
3761,4.1913
3762,4.1916
3763,4.1917
3764,4.192
3765,4.1922
3766,4.1925
3767,4.1927
3768,4.193
3769,4.1933
3770,4.1935
3771,4.1938
3772,4.194
3773,4.1943
3774,4.1946
3775,4.1948
3776,4.1951
3777,4.1954
3778,4.1957
3779,4.1959
3780,4.1962
3781,4.1965
3782,4.1968
3783,4.197
3784,4.1973
3785,4.1976
3786,4.1979
3787,4.1982
3788,4.1986
3789,4.1989
3790,4.199
3791,4.1994
3792,4.1997
3793,4.2
3794,4.2003
3795,4.2006
3796,4.2009
3797,4.2013
3798,4.2016
3799,4.2019
3800,4.2024
3801,4.2027
3802,4.203
3803,4.2033
3804,4.2036
3805,4.204
3806,4.2044
3807,4.2048
3808,4.2051
3809,4.2054
3810,4.2059
3811,4.2062
3812,4.2065
3813,4.207
3814,4.2073
3815,4.2076
3816,4.2081
3817,4.2084
3818,4.2089
3819,4.2092
3820,4.2097
3821,4.2102
3822,4.2105
3823,4.211
3824,4.2113
3825,4.2118
3826,4.2122
3827,4.2125
3828,4.213
3829,4.2135
3830,4.214
3831,4.2143
3832,4.2148
3833,4.2152
3834,4.2157
3835,4.2162
3836,4.2167
3837,4.2172
3838,4.2176
3839,4.2181
3840,4.2186
3841,4.2191
3842,4.2195
3843,4.22
3844,4.2206
3845,4.2211
3846,4.2216
3847,4.2221
3848,4.2227
3849,4.2232
3850,4.2237
3851,4.2243
3852,4.2248
3853,4.2254
3854,4.2259
3855,4.2264
3856,4.227
3857,4.2276
3858,4.2281
3859,4.2288
3860,4.2294
3861,4.2299
3862,4.2305
3863,4.2311
3864,4.2318
3865,4.2324
3866,4.2329
3867,4.2335
3868,4.2342
3869,4.2348
3870,4.2354
3871,4.2361
3872,4.2367
3873,4.2375
3874,4.2381
3875,4.2388
3876,4.2394
3877,4.24
3878,4.2408
3879,4.2415
3880,4.2423
3881,4.2429
3882,4.2435
3883,4.2443
3884,4.2451
3885,4.2458
3886,4.2465
3887,4.2472
3888,4.248
3889,4.2488
3890,4.2494
3891,4.2502
3892,4.251
3893,4.2518
3894,4.2526
3895,4.2534
3896,4.2542
3897,4.255
3898,4.2558
3899,4.2566
3900,4.2573
3901,4.2581
3902,4.2589
3903,4.2599
3904,4.2607
3905,4.2615
3906,4.2624
3907,4.2632
3908,4.2642
3909,4.265
3910,4.2658
3911,4.2667
3912,4.2677
3913,4.2685
3914,4.2694
3915,4.2704
3916,4.2712
3917,4.2721
3918,4.2731
3919,4.274
3920,4.275
3921,4.2759
3922,4.2769
3923,4.2778
3924,4.2788
3925,4.2798
3926,4.2807
3927,4.2817
3928,4.2826
3929,4.2836
3930,4.2847
3931,4.2856
3932,4.2866
3933,4.2877
3934,4.2886
3935,4.2898
3936,4.2907
3937,4.2918
3938,4.2928
3939,4.2939
3940,4.295
3941,4.296
3942,4.2971
3943,4.2982
3944,4.2993
3945,4.3002
3946,4.3002
3947,4.3002
3948,4.3002
3949,4.3002
3950,4.3002
3951,4.3002
3952,4.3002
3953,4.3002
3954,4.2979
3955,4.2958
3956,4.295
3957,4.2944
3958,4.2938
3959,4.2934
3960,4.293
3961,4.2926
3962,4.2923
3963,4.2922
3964,4.2918
3965,4.2917
3966,4.2914
3967,4.2912
3968,4.2911
3969,4.2909
3970,4.2907
3971,4.2906
3972,4.2904
3973,4.2904
3974,4.2903
3975,4.2901
3976,4.2899
3977,4.2898
3978,4.2898
3979,4.2896
3980,4.2895
3981,4.2895
3982,4.2893
3983,4.2893
3984,4.2891
3985,4.2891
3986,4.289
3987,4.289
3988,4.2888
3989,4.2888
3990,4.2887
3991,4.2887
3992,4.2885
3993,4.2885
3994,4.2884
3995,4.2884
3996,4.2882
3997,4.2882
3998,4.2882
3999,4.288
4000,4.288
4001,4.2879
4002,4.2879
4003,4.2879
4004,4.2877
4005,4.2877
4006,4.2876
4007,4.2876
4008,4.2876
4009,4.2874
4010,4.2874
4011,4.2874
4012,4.2874
4013,4.2872
4014,4.2872
4015,4.2872
4016,4.2871
4017,4.2871
4018,4.2869
4019,4.2869
4020,4.2869
4021,4.2869
4022,4.2868
4023,4.2868
4024,4.2868
4025,4.2866
4026,4.2866
4027,4.2866
4028,4.2866
4029,4.2864
4030,4.2864
4031,4.2864
4032,4.2864
4033,4.2863
4034,4.2863
4035,4.2863
4036,4.2861
4037,4.2861
4038,4.2861
4039,4.2861
4040,4.286
4041,4.286
4042,4.286
4043,4.286
4044,4.286
4045,4.2858
4046,4.2858
4047,4.2858
4048,4.2858
4049,4.2857
4050,4.2857
4051,4.2857
4052,4.2857
4053,4.2857
4054,4.2855
4055,4.2855
4056,4.2855
4057,4.2855
4058,4.2853
4059,4.2853
4060,4.2853
4061,4.2853
4062,4.2853
4063,4.2852
4064,4.2852
4065,4.2852
4066,4.2852
4067,4.285
4068,4.285
4069,4.285
4070,4.285
4071,4.285
4072,4.285
4073,4.2849
4074,4.2849
4075,4.2849
4076,4.2849
4077,4.2849
4078,4.2847
4079,4.2847
4080,4.2847
4081,4.2847
4082,4.2847
4083,4.2845
4084,4.2845
4085,4.2845
4086,4.2845
4087,4.2845
4088,4.2844
4089,4.2844
4090,4.2844
4091,4.2844
4092,4.2844
4093,4.2844
4094,4.2844
4095,4.2842
4096,4.2842
4097,4.2842
4098,4.2842
4099,4.2842
4100,4.2842
4101,4.2841
4102,4.2841
4103,4.2841
4104,4.2841
4105,4.2841
4106,4.2839
4107,4.2839
4108,4.2839
4109,4.2839
4110,4.2839
4111,4.2839
4112,4.2837
4113,4.2837
4114,4.2837
4115,4.2837
4116,4.2837
4117,4.2837
4118,4.2837
4119,4.2836
4120,4.2837
4121,4.2836
4122,4.2836
4123,4.2836
4124,4.2836
4125,4.2836
4126,4.2834
4127,4.2834
4128,4.2834
4129,4.2834
4130,4.2834
4131,4.2834
4132,4.2834
4133,4.2833
4134,4.2833
4135,4.2779
4136,4.2734
4137,4.271
4138,4.269
4139,4.2672
4140,4.2656
4141,4.264
4142,4.2626
4143,4.2612
4144,4.2599
4145,4.2586
4146,4.2574
4147,4.2561
4148,4.2548
4149,4.2537
4150,4.2525
4151,4.2513
4152,4.2502
4153,4.2491
4154,4.248
4155,4.2469
4156,4.2458
4157,4.2448
4158,4.2437
4159,4.2428
4160,4.2416
4161,4.2407
4162,4.2397
4163,4.2386
4164,4.2377
4165,4.2367
4166,4.2358
4167,4.2348
4168,4.2339
4169,4.2331
4170,4.2321
4171,4.2312
4172,4.2304
4173,4.2294
4174,4.2286
4175,4.2277
4176,4.2269
4177,4.2259
4178,4.2251
4179,4.2243
4180,4.2235
4181,4.2226
4182,4.2218
4183,4.221
4184,4.2202
4185,4.2194
4186,4.2186
4187,4.218
4188,4.2172
4189,4.2164
4190,4.2156
4191,4.215
4192,4.2142
4193,4.2135
4194,4.2127
4195,4.2121
4196,4.2113
4197,4.2107
4198,4.21
4199,4.2092
4200,4.2086
4201,4.208
4202,4.2073
4203,4.2065
4204,4.2059
4205,4.2053
4206,4.2046
4207,4.204
4208,4.2034
4209,4.2029
4210,4.2023
4211,4.2016
4212,4.201
4213,4.2003
4214,4.1999
4215,4.1992
4216,4.1988
4217,4.1981
4218,4.1975
4219,4.197
4220,4.1964
4221,4.1959
4222,4.1954
4223,4.1948
4224,4.1943
4225,4.1938
4226,4.1934
4227,4.1927
4228,4.1922
4229,4.1918
4230,4.1913
4231,4.1908
4232,4.1903
4233,4.1899
4234,4.1894
4235,4.1889
4236,4.1884
4237,4.188
4238,4.1875
4239,4.1872
4240,4.1867
4241,4.1862
4242,4.1857
4243,4.1854
4244,4.1849
4245,4.1845
4246,4.1841
4247,4.1837
4248,4.1833
4249,4.1829
4250,4.1826
4251,4.1821
4252,4.1818
4253,4.1813
4254,4.181
4255,4.1806
4256,4.1802
4257,4.1799
4258,4.1795
4259,4.1791
4260,4.1787
4261,4.1784
4262,4.1781
4263,4.1778
4264,4.1775
4265,4.177
4266,4.1767
4267,4.1764
4268,4.176
4269,4.1757
4270,4.1754
4271,4.1751
4272,4.1748
4273,4.1745
4274,4.1741
4275,4.1738
4276,4.1735
4277,4.1733
4278,4.173
4279,4.1727
4280,4.1724
4281,4.1721
4282,4.1719
4283,4.1716
4284,4.1713
4285,4.171
4286,4.1708
4287,4.1705
4288,4.1702
4289,4.17
4290,4.1697
4291,4.1694
4292,4.1692
4293,4.1689
4294,4.1687
4295,4.1684
4296,4.1683
4297,4.1679
4298,4.1678
4299,4.1675
4300,4.1673
4301,4.167
4302,4.1668
4303,4.1665
4304,4.1663
4305,4.1662
4306,4.1659
4307,4.1657
4308,4.1654
4309,4.1652
4310,4.1651
4311,4.1649
4312,4.1646
4313,4.1644
4314,4.1643
4315,4.164
4316,4.1638
4317,4.1636
4318,4.1635
4319,4.1632
4320,4.163
4321,4.1629
4322,4.1627
4323,4.1625
4324,4.1622
4325,4.1621
4326,4.1619
4327,4.1617
4328,4.1616
4329,4.1614
4330,4.1613
4331,4.1611
4332,4.1608
4333,4.1606
4334,4.1605
4335,4.1603
4336,4.1602
4337,4.16
4338,4.1598
4339,4.1597
4340,4.1595
4341,4.1594
4342,4.1592
4343,4.159
4344,4.1589
4345,4.1587
4346,4.1586
4347,4.1584
4348,4.1582
4349,4.1581
4350,4.1581
4351,4.1579
4352,4.1578
4353,4.1576
4354,4.1575
4355,4.1573
4356,4.1571
4357,4.157
4358,4.1568
4359,4.1568
4360,4.1567
4361,4.1565
4362,4.1563
4363,4.1562
4364,4.156
4365,4.156
4366,4.1559
4367,4.1557
4368,4.1555
4369,4.1554
4370,4.1552
4371,4.1552
4372,4.1551
4373,4.1549
4374,4.1548
4375,4.1548
4376,4.1546
4377,4.1544
4378,4.1543
4379,4.1543
4380,4.1541
4381,4.154
4382,4.154
4383,4.1538
4384,4.1536
4385,4.1536
4386,4.1535
4387,4.1533
4388,4.1532
4389,4.1532
4390,4.153
4391,4.1528
4392,4.1528
4393,4.1527
4394,4.1525
4395,4.1525
4396,4.1524
4397,4.1522
4398,4.1522
4399,4.1521
4400,4.1519
4401,4.1519
4402,4.1517
4403,4.1516
4404,4.1516
4405,4.1514
4406,4.1514
4407,4.1513
4408,4.1511
4409,4.1511
4410,4.1509
4411,4.1509
4412,4.1508
4413,4.1506
4414,4.1506
4415,4.1505
4416,4.1505
4417,4.1503
4418,4.1503
4419,4.1501
4420,4.15
4421,4.15
4422,4.1498
4423,4.1498
4424,4.1497
4425,4.1497
4426,4.1495
4427,4.1494
4428,4.1494
4429,4.1492
4430,4.1492
4431,4.149
4432,4.149
4433,4.1489
4434,4.1489
4435,4.1487
4436,4.1487
4437,4.1486
4438,4.1486
4439,4.1484
4440,4.1484
4441,4.1482
4442,4.1482
4443,4.1481
4444,4.1481
4445,4.1479
4446,4.1479
4447,4.1478
4448,4.1478
4449,4.1476
4450,4.1476
4451,4.1474
4452,4.1474
4453,4.1473
4454,4.1473
4455,4.1471
4456,4.1471
4457,4.147
4458,4.147
4459,4.1468
4460,4.1468
4461,4.1466
4462,4.1466
4463,4.1465
4464,4.1465
4465,4.1463
4466,4.1463
4467,4.1462
4468,4.1462
4469,4.146
4470,4.146
4471,4.1459
4472,4.1459
4473,4.1457
4474,4.1457
4475,4.1457
4476,4.1455
4477,4.1455
4478,4.1454
4479,4.1454
4480,4.1452
4481,4.1452
4482,4.1451
4483,4.1451
4484,4.1449
4485,4.1449
4486,4.1447
4487,4.1447
4488,4.1447
4489,4.1446
4490,4.1446
4491,4.1444
4492,4.1444
4493,4.1443
4494,4.1443
4495,4.1441
4496,4.1441
4497,4.1441
4498,4.1439
4499,4.1439
4500,4.1438
4501,4.1438
4502,4.1436
4503,4.1436
4504,4.1435
4505,4.1435
4506,4.1433
4507,4.1433
4508,4.1433
4509,4.1432
4510,4.1432
4511,4.143
4512,4.143
4513,4.1428
4514,4.1428
4515,4.1428
4516,4.1427
4517,4.1427
4518,4.1425
4519,4.1425
4520,4.1424
4521,4.1424
4522,4.1422
4523,4.1422
4524,4.142
4525,4.142
4526,4.142
4527,4.1419
4528,4.1419
4529,4.1417
4530,4.1417
4531,4.1417
4532,4.1417
4533,4.1416
4534,4.1416
4535,4.1416
4536,4.1416
4537,4.1416
4538,4.1416
4539,4.1414
4540,4.1414
4541,4.1414
4542,4.1414
4543,4.1412
4544,4.1412
4545,4.1412
4546,4.1412
4547,4.1411
4548,4.1411
4549,4.1411
4550,4.1411
4551,4.1409
4552,4.1409
4553,4.1409
4554,4.1409
4555,4.1408
4556,4.1408
4557,4.1408
4558,4.1408
4559,4.1408
4560,4.1408
4561,4.1406
4562,4.1406
4563,4.1406
4564,4.1406
4565,4.1405
4566,4.1405
4567,4.1405
4568,4.1405
4569,4.1403
4570,4.1403
4571,4.1403
4572,4.1401
4573,4.1401
4574,4.14
4575,4.14
4576,4.14
4577,4.1398
4578,4.1398
4579,4.1397
4580,4.1397
4581,4.1395
4582,4.1395
4583,4.1393
4584,4.1393
4585,4.1392
4586,4.1392
4587,4.139
4588,4.139
4589,4.1389
4590,4.1389
4591,4.1387
4592,4.1387
4593,4.1387
4594,4.1385
4595,4.1385
4596,4.1384
4597,4.1384
4598,4.1382
4599,4.1382
4600,4.1381
4601,4.1381
4602,4.1379
4603,4.1379
4604,4.1378
4605,4.1378
4606,4.1376
4607,4.1376
4608,4.1374
4609,4.1374
4610,4.1373
4611,4.1373
4612,4.1371
4613,4.1371
4614,4.137
4615,4.137
4616,4.1368
4617,4.1368
4618,4.1366
4619,4.1366
4620,4.1365
4621,4.1363
4622,4.1363
4623,4.1362
4624,4.1362
4625,4.136
4626,4.136
4627,4.1358
4628,4.1358
4629,4.1357
4630,4.1357
4631,4.1355
4632,4.1355
4633,4.1354
4634,4.1352
4635,4.1352
4636,4.1351
4637,4.1351
4638,4.1349
4639,4.1347
4640,4.1347
4641,4.1346
4642,4.1346
4643,4.1344
4644,4.1343
4645,4.1343
4646,4.1341
4647,4.1341
4648,4.1339
4649,4.1338
4650,4.1338
4651,4.1336
4652,4.1336
4653,4.1335
4654,4.1333
4655,4.1333
4656,4.1331
4657,4.133
4658,4.133
4659,4.1328
4660,4.1327
4661,4.1327
4662,4.1325
4663,4.1324
4664,4.1324
4665,4.1322
4666,4.132
4667,4.132
4668,4.1319
4669,4.1317
4670,4.1316
4671,4.1316
4672,4.1314
4673,4.1312
4674,4.1311
4675,4.1311
4676,4.1309
4677,4.1308
4678,4.1308
4679,4.1306
4680,4.1304
4681,4.1303
4682,4.1303
4683,4.1301
4684,4.13
4685,4.1298
4686,4.1297
4687,4.1297
4688,4.1295
4689,4.1293
4690,4.1292
4691,4.129
4692,4.129
4693,4.1289
4694,4.1287
4695,4.1285
4696,4.1284
4697,4.1282
4698,4.1282
4699,4.1281
4700,4.1279
4701,4.1277
4702,4.1276
4703,4.1274
4704,4.1273
4705,4.1273
4706,4.1271
4707,4.127
4708,4.1268
4709,4.1266
4710,4.1265
4711,4.1263
4712,4.1262
4713,4.126
4714,4.1258
4715,4.1257
4716,4.1255
4717,4.1254
4718,4.1252
4719,4.1252
4720,4.1249
4721,4.1247
4722,4.1246
4723,4.1244
4724,4.1242
4725,4.1241
4726,4.1239
4727,4.1238
4728,4.1236
4729,4.1235
4730,4.1233
4731,4.1231
4732,4.123
4733,4.1228
4734,4.1227
4735,4.1225
4736,4.1223
4737,4.1222
4738,4.122
4739,4.1219
4740,4.1215
4741,4.1214
4742,4.1212
4743,4.1211
4744,4.1209
4745,4.1208
4746,4.1206
4747,4.1204
4748,4.1201
4749,4.12
4750,4.1198
4751,4.1196
4752,4.1195
4753,4.1192
4754,4.119
4755,4.1188
4756,4.1187
4757,4.1185
4758,4.1182
4759,4.1181
4760,4.1179
4761,4.1177
4762,4.1174
4763,4.1173
4764,4.1171
4765,4.1169
4766,4.1166
4767,4.1165
4768,4.1163
4769,4.116
4770,4.1158
4771,4.1157
4772,4.1155
4773,4.1152
4774,4.115
4775,4.1149
4776,4.1146
4777,4.1144
4778,4.1142
4779,4.1139
4780,4.1138
4781,4.1134
4782,4.1133
4783,4.1131
4784,4.1128
4785,4.1127
4786,4.1125
4787,4.1122
4788,4.112
4789,4.1117
4790,4.1115
4791,4.1112
4792,4.1111
4793,4.1109
4794,4.1106
4795,4.1104
4796,4.1101
4797,4.11
4798,4.1096
4799,4.1095
4800,4.1092
4801,4.109
4802,4.1087
4803,4.1085
4804,4.1082
4805,4.108
4806,4.1077
4807,4.1076
4808,4.1073
4809,4.1071
4810,4.1068
4811,4.1066
4812,4.1063
4813,4.106
4814,4.1058
4815,4.1055
4816,4.1053
4817,4.105
4818,4.1047
4819,4.1046
4820,4.1042
4821,4.1041
4822,4.1038
4823,4.1034
4824,4.1033
4825,4.103
4826,4.1026
4827,4.1025
4828,4.1022
4829,4.102
4830,4.1017
4831,4.1014
4832,4.1012
4833,4.1009
4834,4.1006
4835,4.1004
4836,4.1001
4837,4.0998
4838,4.0996
4839,4.0993
4840,4.099
4841,4.0987
4842,4.0985
4843,4.0982
4844,4.0979
4845,4.0976
4846,4.0974
4847,4.0971
4848,4.0968
4849,4.0964
4850,4.0963
4851,4.096
4852,4.0957
4853,4.0953
4854,4.0952
4855,4.0949
4856,4.0945
4857,4.0942
4858,4.0939
4859,4.0937
4860,4.0934
4861,4.0931
4862,4.0928
4863,4.0925
4864,4.0922
4865,4.092
4866,4.0917
4867,4.0914
4868,4.091
4869,4.0907
4870,4.0904
4871,4.0903
4872,4.0899
4873,4.0896
4874,4.0893
4875,4.089
4876,4.0887
4877,4.0883
4878,4.0882
4879,4.0879
4880,4.0876
4881,4.0872
4882,4.0869
4883,4.0866
4884,4.0863
4885,4.086
4886,4.0856
4887,4.0855
4888,4.0852
4889,4.0849
4890,4.0845
4891,4.0842
4892,4.0839
4893,4.0836
4894,4.0833
4895,4.0829
4896,4.0826
4897,4.0823
4898,4.082
4899,4.0818
4900,4.0814
4901,4.0812
4902,4.0809
4903,4.0806
4904,4.0802
4905,4.0799
4906,4.0796
4907,4.0793
4908,4.079
4909,4.0787
4910,4.0783
4911,4.078
4912,4.0777
4913,4.0774
4914,4.0771
4915,4.0768
4916,4.0764
4917,4.0761
4918,4.0758
4919,4.0755
4920,4.0752
4921,4.0748
4922,4.0745
4923,4.0742
4924,4.0739
4925,4.0736
4926,4.0733
4927,4.0729
4928,4.0726
4929,4.0723
4930,4.072
4931,4.0717
4932,4.0713
4933,4.071
4934,4.0707
4935,4.0704
4936,4.0702
4937,4.0698
4938,4.0694
4939,4.0691
4940,4.0688
4941,4.0685
4942,4.0683
4943,4.0679
4944,4.0675
4945,4.0672
4946,4.0669
4947,4.0667
4948,4.0663
4949,4.0661
4950,4.0658
4951,4.0655
4952,4.0652
4953,4.0648
4954,4.0645
4955,4.0642
4956,4.0639
4957,4.0636
4958,4.0632
4959,4.0629
4960,4.0626
4961,4.0623
4962,4.062
4963,4.0617
4964,4.0613
4965,4.061
4966,4.0607
4967,4.0604
4968,4.0601
4969,4.0598
4970,4.0594
4971,4.0591
4972,4.0588
4973,4.0585
4974,4.0582
4975,4.0578
4976,4.0577
4977,4.0574
4978,4.0571
4979,4.0567
4980,4.0564
4981,4.0561
4982,4.0558
4983,4.0555
4984,4.0551
4985,4.0548
4986,4.0545
4987,4.0542
4988,4.054
4989,4.0537
4990,4.0534
4991,4.0531
4992,4.0528
4993,4.0524
4994,4.0521
4995,4.0518
4996,4.0515
4997,4.0513
4998,4.051
4999,4.0507
5000,4.0504
5001,4.0501
5002,4.0497
5003,4.0496
5004,4.0493
5005,4.049
5006,4.0486
5007,4.0483
5008,4.048
5009,4.0477
5010,4.0475
5011,4.0472
5012,4.0469
5013,4.0466
5014,4.0462
5015,4.0461
5016,4.0458
5017,4.0455
5018,4.0451
5019,4.045
5020,4.0447
5021,4.0443
5022,4.044
5023,4.0439
5024,4.0435
5025,4.0432
5026,4.0429
5027,4.0426
5028,4.0424
5029,4.0421
5030,4.0418
5031,4.0416
5032,4.0413
5033,4.041
5034,4.0408
5035,4.0405
5036,4.0402
5037,4.0399
5038,4.0397
5039,4.0394
5040,4.0391
5041,4.0389
5042,4.0386
5043,4.0385
5044,4.0381
5045,4.0378
5046,4.0377
5047,4.0374
5048,4.037
5049,4.0369
5050,4.0366
5051,4.0364
5052,4.0361
5053,4.0358
5054,4.0356
5055,4.0353
5056,4.0351
5057,4.0348
5058,4.0345
5059,4.0343
5060,4.034
5061,4.0339
5062,4.0335
5063,4.0334
5064,4.0331
5065,4.0329
5066,4.0326
5067,4.0324
5068,4.0321
5069,4.032
5070,4.0316
5071,4.0315
5072,4.0312
5073,4.031
5074,4.0307
5075,4.0305
5076,4.0302
5077,4.03
5078,4.0299
5079,4.0296
5080,4.0294
5081,4.0291
5082,4.0289
5083,4.0286
5084,4.0285
5085,4.0283
5086,4.028
5087,4.0278
5088,4.0275
5089,4.0273
5090,4.0272
5091,4.0269
5092,4.0267
5093,4.0266
5094,4.0262
5095,4.0261
5096,4.0259
5097,4.0256
5098,4.0254
5099,4.0253
5100,4.025
5101,4.0248
5102,4.0246
5103,4.0243
5104,4.0242
5105,4.024
5106,4.0237
5107,4.0235
5108,4.0234
5109,4.0232
5110,4.0229
5111,4.0227
5112,4.0226
5113,4.0224
5114,4.0221
5115,4.0219
5116,4.0218
5117,4.0216
5118,4.0213
5119,4.0211
5120,4.021
5121,4.0208
5122,4.0207
5123,4.0204
5124,4.0202
5125,4.02
5126,4.0199
5127,4.0197
5128,4.0194
5129,4.0192
5130,4.0191
5131,4.0189
5132,4.0188
5133,4.0186
5134,4.0183
5135,4.0181
5136,4.018
5137,4.0178
5138,4.0177
5139,4.0175
5140,4.0173
5141,4.017
5142,4.0169
5143,4.0167
5144,4.0165
5145,4.0164
5146,4.0162
5147,4.0161
5148,4.0157
5149,4.0157
5150,4.0154
5151,4.0153
5152,4.0151
5153,4.015
5154,4.0148
5155,4.0146
5156,4.0145
5157,4.0143
5158,4.0142
5159,4.014
5160,4.0137
5161,4.0135
5162,4.0134
5163,4.0132
5164,4.013
5165,4.0129
5166,4.0127
5167,4.0126
5168,4.0124
5169,4.0123
5170,4.0121
5171,4.0119
5172,4.0118
5173,4.0116
5174,4.0115
5175,4.0113
5176,4.0111
5177,4.011
5178,4.0108
5179,4.0107
5180,4.0105
5181,4.0102
5182,4.0102
5183,4.0099
5184,4.0097
5185,4.0096
5186,4.0094
5187,4.0092
5188,4.0091
5189,4.0089
5190,4.0088
5191,4.0086
5192,4.0084
5193,4.0083
5194,4.0081
5195,4.008
5196,4.0078
5197,4.0076
5198,4.0075
5199,4.0073
5200,4.0072
5201,4.007
5202,4.0069
5203,4.0067
5204,4.0065
5205,4.0064
5206,4.0062
5207,4.0061
5208,4.0059
5209,4.0057
5210,4.0056
5211,4.0054
5212,4.0053
5213,4.0051
5214,4.0049
5215,4.0048
5216,4.0046
5217,4.0045
5218,4.0043
5219,4.0042
5220,4.004
5221,4.0038
5222,4.0037
5223,4.0035
5224,4.0034
5225,4.0032
5226,4.003
5227,4.0029
5228,4.0027
5229,4.0026
5230,4.0024
5231,4.0022
5232,4.0021
5233,4.0019
5234,4.0018
5235,4.0016
5236,4.0015
5237,4.0013
5238,4.0011
5239,4.001
5240,4.0008
5241,4.0007
5242,4.0005
5243,4.0003
5244,4.0002
5245,4.0
5246,3.9999
5247,3.9997
5248,3.9995
5249,3.9994
5250,3.9992
5251,3.9991
5252,3.9988
5253,3.9986
5254,3.9984
5255,3.9983
5256,3.9981
5257,3.998
5258,3.9978
5259,3.9976
5260,3.9975
5261,3.9973
5262,3.9972
5263,3.997
5264,3.9968
5265,3.9967
5266,3.9965
5267,3.9964
5268,3.996
5269,3.9959
5270,3.9957
5271,3.9956
5272,3.9954
5273,3.9953
5274,3.9951
5275,3.9949
5276,3.9948
5277,3.9945
5278,3.9943
5279,3.9941
5280,3.994
5281,3.9938
5282,3.9937
5283,3.9935
5284,3.9933
5285,3.9932
5286,3.9929
5287,3.9927
5288,3.9926
5289,3.9924
5290,3.9922
5291,3.9921
5292,3.9919
5293,3.9916
5294,3.9914
5295,3.9913
5296,3.9911
5297,3.991
5298,3.9908
5299,3.9905
5300,3.9903
5301,3.9902
5302,3.99
5303,3.9899
5304,3.9895
5305,3.9894
5306,3.9892
5307,3.9891
5308,3.9889
5309,3.9886
5310,3.9884
5311,3.9883
5312,3.9881
5313,3.9878
5314,3.9876
5315,3.9875
5316,3.9873
5317,3.987
5318,3.9868
5319,3.9867
5320,3.9865
5321,3.9864
5322,3.986
5323,3.9859
5324,3.9857
5325,3.9854
5326,3.9852
5327,3.9851
5328,3.9848
5329,3.9846
5330,3.9845
5331,3.9843
5332,3.984
5333,3.9838
5334,3.9837
5335,3.9833
5336,3.9832
5337,3.983
5338,3.9827
5339,3.9825
5340,3.9822
5341,3.9821
5342,3.9819
5343,3.9816
5344,3.9814
5345,3.9813
5346,3.981
5347,3.9808
5348,3.9806
5349,3.9803
5350,3.9802
5351,3.9798
5352,3.9797
5353,3.9794
5354,3.9792
5355,3.9791
5356,3.9787
5357,3.9786
5358,3.9783
5359,3.9781
5360,3.9778
5361,3.9776
5362,3.9773
5363,3.9771
5364,3.977
5365,3.9767
5366,3.9765
5367,3.9762
5368,3.976
5369,3.9757
5370,3.9756
5371,3.9752
5372,3.9751
5373,3.9748
5374,3.9746
5375,3.9743
5376,3.9741
5377,3.9738
5378,3.9736
5379,3.9733
5380,3.9732
5381,3.9729
5382,3.9727
5383,3.9724
5384,3.9721
5385,3.9719
5386,3.9716
5387,3.9714
5388,3.9711
5389,3.9709
5390,3.9706
5391,3.9703
5392,3.9702
5393,3.9698
5394,3.9697
5395,3.9694
5396,3.9692
5397,3.9689
5398,3.9686
5399,3.9684
5400,3.9681
5401,3.9678
5402,3.9676
5403,3.9673
5404,3.9671
5405,3.9668
5406,3.9665
5407,3.9663
5408,3.966
5409,3.9657
5410,3.9655
5411,3.9652
5412,3.9649
5413,3.9648
5414,3.9644
5415,3.9641
5416,3.964
5417,3.9636
5418,3.9633
5419,3.9632
5420,3.9628
5421,3.9625
5422,3.9624
5423,3.9621
5424,3.9617
5425,3.9616
5426,3.9613
5427,3.9609
5428,3.9606
5429,3.9605
5430,3.9601
5431,3.9598
5432,3.9597
5433,3.9594
5434,3.959
5435,3.9587
5436,3.9586
5437,3.9582
5438,3.9579
5439,3.9576
5440,3.9574
5441,3.9571
5442,3.9568
5443,3.9567
5444,3.9563
5445,3.956
5446,3.9557
5447,3.9554
5448,3.9552
5449,3.9549
5450,3.9546
5451,3.9543
5452,3.9541
5453,3.9538
5454,3.9535
5455,3.9532
5456,3.953
5457,3.9527
5458,3.9524
5459,3.952
5460,3.9519
5461,3.9516
5462,3.9513
5463,3.9509
5464,3.9506
5465,3.9505
5466,3.9501
5467,3.9498
5468,3.9495
5469,3.9493
5470,3.949
5471,3.9487
5472,3.9484
5473,3.9481
5474,3.9479
5475,3.9476
5476,3.9473
5477,3.947
5478,3.9466
5479,3.9465
5480,3.9462
5481,3.9458
5482,3.9455
5483,3.9452
5484,3.9451
5485,3.9447
5486,3.9444
5487,3.9441
5488,3.9438
5489,3.9436
5490,3.9433
5491,3.943
5492,3.9427
5493,3.9424
5494,3.9422
5495,3.9419
5496,3.9416
5497,3.9412
5498,3.9409
5499,3.9408
5500,3.9404
5501,3.9401
5502,3.9398
5503,3.9397
5504,3.9393
5505,3.939
5506,3.9387
5507,3.9384
5508,3.9382
5509,3.9379
5510,3.9376
5511,3.9373
5512,3.9371
5513,3.9368
5514,3.9365
5515,3.9362
5516,3.9358
5517,3.9357
5518,3.9354
5519,3.935
5520,3.9347
5521,3.9346
5522,3.9343
5523,3.9339
5524,3.9336
5525,3.9335
5526,3.9331
5527,3.9328
5528,3.9325
5529,3.9323
5530,3.932
5531,3.9317
5532,3.9314
5533,3.9312
5534,3.9309
5535,3.9306
5536,3.9303
5537,3.9301
5538,3.9298
5539,3.9295
5540,3.9292
5541,3.929
5542,3.9287
5543,3.9284
5544,3.9281
5545,3.9279
5546,3.9276
5547,3.9273
5548,3.9271
5549,3.9268
5550,3.9265
5551,3.9262
5552,3.926
5553,3.9257
5554,3.9254
5555,3.9252
5556,3.9249
5557,3.9246
5558,3.9244
5559,3.9241
5560,3.9238
5561,3.9236
5562,3.9233
5563,3.923
5564,3.9227
5565,3.9225
5566,3.9222
5567,3.922
5568,3.9217
5569,3.9214
5570,3.9211
5571,3.9209
5572,3.9206
5573,3.9204
5574,3.9201
5575,3.9198
5576,3.9196
5577,3.9193
5578,3.919
5579,3.9188
5580,3.9185
5581,3.9182
5582,3.918
5583,3.9177
5584,3.9176
5585,3.9173
5586,3.9169
5587,3.9168
5588,3.9165
5589,3.9161
5590,3.916
5591,3.9157
5592,3.9155
5593,3.9152
5594,3.9149
5595,3.9147
5596,3.9144
5597,3.9142
5598,3.9139
5599,3.9136
5600,3.9134
5601,3.9131
5602,3.913
5603,3.9126
5604,3.9123
5605,3.9122
5606,3.9119
5607,3.9117
5608,3.9114
5609,3.9112
5610,3.9109
5611,3.9106
5612,3.9104
5613,3.9101
5614,3.9099
5615,3.9096
5616,3.9095
5617,3.9092
5618,3.909
5619,3.9087
5620,3.9085
5621,3.9082
5622,3.9079
5623,3.9077
5624,3.9074
5625,3.9072
5626,3.9069
5627,3.9068
5628,3.9065
5629,3.9063
5630,3.906
5631,3.9058
5632,3.9055
5633,3.9053
5634,3.905
5635,3.9049
5636,3.9045
5637,3.9044
5638,3.9041
5639,3.9039
5640,3.9036
5641,3.9034
5642,3.9031
5643,3.903
5644,3.9026
5645,3.9025
5646,3.9022
5647,3.902
5648,3.9017
5649,3.9015
5650,3.9012
5651,3.9011
5652,3.9007
5653,3.9006
5654,3.9003
5655,3.9001
5656,3.8998
5657,3.8996
5658,3.8993
5659,3.8991
5660,3.8988
5661,3.8987
5662,3.8984
5663,3.8982
5664,3.8979
5665,3.8977
5666,3.8976
5667,3.8972
5668,3.8971
5669,3.8968
5670,3.8966
5671,3.8963
5672,3.8961
5673,3.8958
5674,3.8956
5675,3.8953
5676,3.8952
5677,3.8949
5678,3.8947
5679,3.8945
5680,3.8942
5681,3.8941
5682,3.8937
5683,3.8936
5684,3.8933
5685,3.8931
5686,3.8928
5687,3.8926
5688,3.8923
5689,3.8922
5690,3.892
5691,3.8917
5692,3.8915
5693,3.8912
5694,3.891
5695,3.8907
5696,3.8906
5697,3.8902
5698,3.8901
5699,3.8899
5700,3.8896
5701,3.8895
5702,3.8891
5703,3.889
5704,3.8887
5705,3.8885
5706,3.8882
5707,3.888
5708,3.8879
5709,3.8875
5710,3.8874
5711,3.8871
5712,3.8869
5713,3.8866
5714,3.8864
5715,3.8863
5716,3.886
5717,3.8858
5718,3.8855
5719,3.8853
5720,3.885
5721,3.8848
5722,3.8845
5723,3.8844
5724,3.8842
5725,3.8839
5726,3.8837
5727,3.8834
5728,3.8833
5729,3.8829
5730,3.8828
5731,3.8825
5732,3.8823
5733,3.882
5734,3.8818
5735,3.8817
5736,3.8814
5737,3.8812
5738,3.8809
5739,3.8807
5740,3.8804
5741,3.8802
5742,3.8799
5743,3.8798
5744,3.8796
5745,3.8793
5746,3.8791
5747,3.8788
5748,3.8787
5749,3.8783
5750,3.8782
5751,3.8779
5752,3.8777
5753,3.8774
5754,3.8772
5755,3.8769
5756,3.8767
5757,3.8766
5758,3.8763
5759,3.8761
5760,3.8758
5761,3.8756
5762,3.8753
5763,3.8752
5764,3.8748
5765,3.8747
5766,3.8744
5767,3.8742
5768,3.874
5769,3.8737
5770,3.8734
5771,3.8733
5772,3.8729
5773,3.8728
5774,3.8725
5775,3.8723
5776,3.872
5777,3.8718
5778,3.8715
5779,3.8713
5780,3.8712
5781,3.8709
5782,3.8705
5783,3.8704
5784,3.8702
5785,3.8699
5786,3.8698
5787,3.8694
5788,3.8691
5789,3.869
5790,3.8688
5791,3.8685
5792,3.8683
5793,3.868
5794,3.8678
5795,3.8675
5796,3.8674
5797,3.8671
5798,3.8667
5799,3.8666
5800,3.8663
5801,3.8661
5802,3.8658
5803,3.8656
5804,3.8653
5805,3.8651
5806,3.8648
5807,3.8647
5808,3.8644
5809,3.8642
5810,3.8639
5811,3.8637
5812,3.8634
5813,3.8632
5814,3.8629
5815,3.8628
5816,3.8624
5817,3.8621
5818,3.862
5819,3.8617
5820,3.8615
5821,3.8612
5822,3.861
5823,3.8607
5824,3.8605
5825,3.8602
5826,3.8599
5827,3.8597
5828,3.8594
5829,3.8593
5830,3.859
5831,3.8588
5832,3.8585
5833,3.8583
5834,3.858
5835,3.8577
5836,3.8575
5837,3.8572
5838,3.857
5839,3.8567
5840,3.8566
5841,3.8563
5842,3.8561
5843,3.8558
5844,3.8556
5845,3.8553
5846,3.855
5847,3.8548
5848,3.8545
5849,3.8543
5850,3.854
5851,3.8539
5852,3.8536
5853,3.8532
5854,3.8531
5855,3.8528
5856,3.8526
5857,3.8523
5858,3.8521
5859,3.8518
5860,3.8515
5861,3.8513
5862,3.851
5863,3.8509
5864,3.8505
5865,3.8504
5866,3.8501
5867,3.8497
5868,3.8496
5869,3.8493
5870,3.8491
5871,3.8488
5872,3.8485
5873,3.8483
5874,3.848
5875,3.8478
5876,3.8475
5877,3.8474
5878,3.847
5879,3.8467
5880,3.8466
5881,3.8462
5882,3.8461
5883,3.8458
5884,3.8456
5885,3.8453
5886,3.845
5887,3.8448
5888,3.8445
5889,3.8443
5890,3.844
5891,3.8437
5892,3.8435
5893,3.8432
5894,3.8431
5895,3.8427
5896,3.8426
5897,3.8423
5898,3.8421
5899,3.8418
5900,3.8415
5901,3.8413
5902,3.841
5903,3.8408
5904,3.8405
5905,3.8402
5906,3.84
5907,3.8397
5908,3.8396
5909,3.8393
5910,3.8391
5911,3.8388
5912,3.8385
5913,3.8383
5914,3.838
5915,3.8378
5916,3.8375
5917,3.8373
5918,3.837
5919,3.8369
5920,3.8366
5921,3.8362
5922,3.8361
5923,3.8358
5924,3.8356
5925,3.8353
5926,3.8351
5927,3.8348
5928,3.8346
5929,3.8343
5930,3.834
5931,3.8339
5932,3.8335
5933,3.8334
5934,3.8331
5935,3.8329
5936,3.8326
5937,3.8324
5938,3.8321
5939,3.8319
5940,3.8316
5941,3.8315
5942,3.8312
5943,3.831
5944,3.8307
5945,3.8304
5946,3.8302
5947,3.8299
5948,3.8297
5949,3.8294
5950,3.8292
5951,3.8289
5952,3.8288
5953,3.8285
5954,3.8283
5955,3.828
5956,3.8278
5957,3.8275
5958,3.8273
5959,3.827
5960,3.8269
5961,3.8265
5962,3.8264
5963,3.8261
5964,3.8259
5965,3.8256
5966,3.8253
5967,3.8251
5968,3.825
5969,3.8246
5970,3.8243
5971,3.8242
5972,3.824
5973,3.8237
5974,3.8234
5975,3.8232
5976,3.823
5977,3.8227
5978,3.8226
5979,3.8223
5980,3.8221
5981,3.8218
5982,3.8216
5983,3.8213
5984,3.8211
5985,3.8208
5986,3.8207
5987,3.8203
5988,3.8202
5989,3.8199
5990,3.8197
5991,3.8194
5992,3.8192
5993,3.8191
5994,3.8188
5995,3.8186
5996,3.8183
5997,3.8181
5998,3.8178
5999,3.8176
6000,3.8173
6001,3.8172
6002,3.8169
6003,3.8167
6004,3.8165
6005,3.8162
6006,3.8161
6007,3.8157
6008,3.8156
6009,3.8153
6010,3.8151
6011,3.8149
6012,3.8146
6013,3.8145
6014,3.8142
6015,3.814
6016,3.8138
6017,3.8135
6018,3.8134
6019,3.813
6020,3.8129
6021,3.8126
6022,3.8124
6023,3.8122
6024,3.8119
6025,3.8118
6026,3.8116
6027,3.8113
6028,3.8111
6029,3.8108
6030,3.8107
6031,3.8105
6032,3.8102
6033,3.81
6034,3.8097
6035,3.8095
6036,3.8094
6037,3.8091
6038,3.8089
6039,3.8086
6040,3.8084
6041,3.8083
6042,3.808
6043,3.8078
6044,3.8076
6045,3.8073
6046,3.8072
6047,3.8068
6048,3.8067
6049,3.8065
6050,3.8062
6051,3.8061
6052,3.8059
6053,3.8056
6054,3.8054
6055,3.8053
6056,3.8049
6057,3.8048
6058,3.8046
6059,3.8043
6060,3.8041
6061,3.804
6062,3.8037
6063,3.8035
6064,3.8034
6065,3.803
6066,3.8029
6067,3.8027
6068,3.8024
6069,3.8022
6070,3.8021
6071,3.8018
6072,3.8016
6073,3.8014
6074,3.8011
6075,3.801
6076,3.8008
6077,3.8005
6078,3.8003
6079,3.8002
6080,3.8
6081,3.7997
6082,3.7995
6083,3.7994
6084,3.7991
6085,3.7989
6086,3.7987
6087,3.7984
6088,3.7983
6089,3.7981
6090,3.7978
6091,3.7976
6092,3.7975
6093,3.7973
6094,3.797
6095,3.7968
6096,3.7967
6097,3.7965
6098,3.7962
6099,3.796
6100,3.7957
6101,3.7957
6102,3.7954
6103,3.7952
6104,3.7951
6105,3.7948
6106,3.7946
6107,3.7945
6108,3.7943
6109,3.7941
6110,3.7938
6111,3.7937
6112,3.7935
6113,3.7932
6114,3.793
6115,3.7929
6116,3.7927
6117,3.7925
6118,3.7922
6119,3.7921
6120,3.7919
6121,3.7916
6122,3.7914
6123,3.7913
6124,3.7911
6125,3.7908
6126,3.7906
6127,3.7905
6128,3.7903
6129,3.79
6130,3.7898
6131,3.7897
6132,3.7895
6133,3.7892
6134,3.7891
6135,3.7889
6136,3.7887
6137,3.7884
6138,3.7883
6139,3.7881
6140,3.7879
6141,3.7876
6142,3.7875
6143,3.7873
6144,3.7871
6145,3.787
6146,3.7867
6147,3.7865
6148,3.7864
6149,3.7862
6150,3.786
6151,3.7857
6152,3.7856
6153,3.7854
6154,3.7852
6155,3.7849
6156,3.7848
6157,3.7846
6158,3.7844
6159,3.7843
6160,3.784
6161,3.7838
6162,3.7837
6163,3.7835
6164,3.7833
6165,3.783
6166,3.7829
6167,3.7827
6168,3.7825
6169,3.7824
6170,3.7821
6171,3.7819
6172,3.7817
6173,3.7816
6174,3.7814
6175,3.7813
6176,3.781
6177,3.7808
6178,3.7806
6179,3.7805
6180,3.7803
6181,3.78
6182,3.7798
6183,3.7797
6184,3.7795
6185,3.7794
6186,3.7792
6187,3.7789
6188,3.7787
6189,3.7786
6190,3.7784
6191,3.7783
6192,3.7779
6193,3.7778
6194,3.7776
6195,3.7775
6196,3.7773
6197,3.777
6198,3.7768
6199,3.7767
6200,3.7765
6201,3.7763
6202,3.7762
6203,3.776
6204,3.7757
6205,3.7756
6206,3.7754
6207,3.7752
6208,3.7751
6209,3.7749
6210,3.7746
6211,3.7744
6212,3.7743
6213,3.7741
6214,3.774
6215,3.7738
6216,3.7736
6217,3.7733
6218,3.7732
6219,3.773
6220,3.7729
6221,3.7727
6222,3.7725
6223,3.7722
6224,3.7721
6225,3.7719
6226,3.7717
6227,3.7716
6228,3.7714
6229,3.7713
6230,3.7711
6231,3.7708
6232,3.7706
6233,3.7705
6234,3.7703
6235,3.7701
6236,3.77
6237,3.7697
6238,3.7695
6239,3.7694
6240,3.7692
6241,3.769
6242,3.7689
6243,3.7687
6244,3.7686
6245,3.7682
6246,3.7681
6247,3.7679
6248,3.7678
6249,3.7676
6250,3.7674
6251,3.7673
6252,3.767
6253,3.7668
6254,3.7667
6255,3.7665
6256,3.7663
6257,3.7662
6258,3.766
6259,3.7659
6260,3.7655
6261,3.7654
6262,3.7652
6263,3.7651
6264,3.7649
6265,3.7647
6266,3.7646
6267,3.7644
6268,3.7641
6269,3.764
6270,3.7638
6271,3.7636
6272,3.7635
6273,3.7633
6274,3.7632
6275,3.763
6276,3.7628
6277,3.7625
6278,3.7624
6279,3.7622
6280,3.762
6281,3.7619
6282,3.7617
6283,3.7616
6284,3.7614
6285,3.7613
6286,3.7609
6287,3.7608
6288,3.7606
6289,3.7605
6290,3.7603
6291,3.7601
6292,3.76
6293,3.7598
6294,3.7597
6295,3.7595
6296,3.7592
6297,3.759
6298,3.7589
6299,3.7587
6300,3.7586
6301,3.7584
6302,3.7582
6303,3.7581
6304,3.7579
6305,3.7578
6306,3.7574
6307,3.7573
6308,3.7571
6309,3.757
6310,3.7568
6311,3.7566
6312,3.7565
6313,3.7563
6314,3.756
6315,3.7559
6316,3.7557
6317,3.7555
6318,3.7554
6319,3.7552
6320,3.7551
6321,3.7549
6322,3.7547
6323,3.7546
6324,3.7543
6325,3.7541
6326,3.7539
6327,3.7538
6328,3.7536
6329,3.7535
6330,3.7533
6331,3.7532
6332,3.753
6333,3.7527
6334,3.7525
6335,3.7524
6336,3.7522
6337,3.752
6338,3.7519
6339,3.7517
6340,3.7516
6341,3.7514
6342,3.7512
6343,3.7511
6344,3.7508
6345,3.7506
6346,3.7505
6347,3.7503
6348,3.7501
6349,3.75
6350,3.7498
6351,3.7497
6352,3.7495
6353,3.7492
6354,3.749
6355,3.7489
6356,3.7487
6357,3.7485
6358,3.7484
6359,3.7482
6360,3.7481
6361,3.7479
6362,3.7478
6363,3.7476
6364,3.7473
6365,3.7471
6366,3.747
6367,3.7468
6368,3.7466
6369,3.7465
6370,3.7463
6371,3.7462
6372,3.746
6373,3.7458
6374,3.7455
6375,3.7454
6376,3.7452
6377,3.745
6378,3.7449
6379,3.7447
6380,3.7446
6381,3.7444
6382,3.7443
6383,3.7441
6384,3.7438
6385,3.7436
6386,3.7435
6387,3.7433
6388,3.7431
6389,3.743
6390,3.7428
6391,3.7427
6392,3.7425
6393,3.7423
6394,3.742
6395,3.7419
6396,3.7417
6397,3.7416
6398,3.7414
6399,3.7412
6400,3.7411
6401,3.7409
6402,3.7408
6403,3.7406
6404,3.7404
6405,3.7401
6406,3.74
6407,3.7398
6408,3.7396
6409,3.7395
6410,3.7393
6411,3.7392
6412,3.739
6413,3.7389
6414,3.7387
6415,3.7384
6416,3.7382
6417,3.7381
6418,3.7379
6419,3.7377
6420,3.7376
6421,3.7374
6422,3.7373
6423,3.7371
6424,3.7369
6425,3.7368
6426,3.7365
6427,3.7363
6428,3.7362
6429,3.736
6430,3.7358
6431,3.7357
6432,3.7355
6433,3.7354
6434,3.7352
6435,3.7349
6436,3.7347
6437,3.7346
6438,3.7344
6439,3.7342
6440,3.7341
6441,3.7339
6442,3.7338
6443,3.7336
6444,3.7335
6445,3.7331
6446,3.733
6447,3.7328
6448,3.7327
6449,3.7325
6450,3.7323
6451,3.7322
6452,3.732
6453,3.7319
6454,3.7317
6455,3.7315
6456,3.7312
6457,3.7311
6458,3.7309
6459,3.7308
6460,3.7306
6461,3.7304
6462,3.7303
6463,3.7301
6464,3.73
6465,3.7298
6466,3.7296
6467,3.7293
6468,3.7292
6469,3.729
6470,3.7288
6471,3.7287
6472,3.7285
6473,3.7284
6474,3.7282
6475,3.7281
6476,3.7277
6477,3.7277
6478,3.7274
6479,3.7273
6480,3.7271
6481,3.7269
6482,3.7268
6483,3.7266
6484,3.7265
6485,3.7263
6486,3.7261
6487,3.726
6488,3.7258
6489,3.7255
6490,3.7254
6491,3.7252
6492,3.725
6493,3.7249
6494,3.7247
6495,3.7246
6496,3.7244
6497,3.7242
6498,3.7241
6499,3.7238
6500,3.7236
6501,3.7234
6502,3.7233
6503,3.7231
6504,3.723
6505,3.7228
6506,3.7227
6507,3.7225
6508,3.7223
6509,3.722
6510,3.7219
6511,3.7217
6512,3.7215
6513,3.7214
6514,3.7212
6515,3.7211
6516,3.7209
6517,3.7206
6518,3.7204
6519,3.7203
6520,3.7199
6521,3.7199
6522,3.7196
6523,3.7195
6524,3.7193
6525,3.7192
6526,3.719
6527,3.7188
6528,3.7185
6529,3.7184
6530,3.7182
6531,3.718
6532,3.7179
6533,3.7177
6534,3.7176
6535,3.7174
6536,3.7171
6537,3.7169
6538,3.7168
6539,3.7166
6540,3.7165
6541,3.7163
6542,3.7161
6543,3.716
6544,3.7157
6545,3.7155
6546,3.7153
6547,3.7152
6548,3.715
6549,3.7149
6550,3.7147
6551,3.7145
6552,3.7142
6553,3.7141
6554,3.7139
6555,3.7138
6556,3.7136
6557,3.7134
6558,3.7133
6559,3.7131
6560,3.7128
6561,3.7126
6562,3.7125
6563,3.7123
6564,3.7122
6565,3.712
6566,3.7118
6567,3.7117
6568,3.7114
6569,3.7112
6570,3.7111
6571,3.7109
6572,3.7107
6573,3.7106
6574,3.7104
6575,3.7101
6576,3.7099
6577,3.7098
6578,3.7096
6579,3.7095
6580,3.7093
6581,3.7091
6582,3.7088
6583,3.7087
6584,3.7085
6585,3.7084
6586,3.7082
6587,3.708
6588,3.7079
6589,3.7076
6590,3.7074
6591,3.7072
6592,3.7071
6593,3.7069
6594,3.7068
6595,3.7066
6596,3.7063
6597,3.7061
6598,3.706
6599,3.7058
6600,3.7057
6601,3.7055
6602,3.7052
6603,3.705
6604,3.7049
6605,3.7047
6606,3.7045
6607,3.7044
6608,3.7042
6609,3.7041
6610,3.7037
6611,3.7036
6612,3.7034
6613,3.7033
6614,3.7031
6615,3.703
6616,3.7026
6617,3.7025
6618,3.7023
6619,3.7022
6620,3.702
6621,3.7018
6622,3.7017
6623,3.7015
6624,3.7012
6625,3.701
6626,3.7009
6627,3.7007
6628,3.7006
6629,3.7004
6630,3.7001
6631,3.6999
6632,3.6998
6633,3.6996
6634,3.6995
6635,3.6993
6636,3.699
6637,3.6988
6638,3.6987
6639,3.6985
6640,3.6983
6641,3.6982
6642,3.6979
6643,3.6977
6644,3.6975
6645,3.6974
6646,3.6972
6647,3.6971
6648,3.6969
6649,3.6966
6650,3.6964
6651,3.6963
6652,3.6961
6653,3.696
6654,3.6958
6655,3.6955
6656,3.6953
6657,3.6952
6658,3.695
6659,3.6948
6660,3.6947
6661,3.6944
6662,3.6942
6663,3.6941
6664,3.6939
6665,3.6937
6666,3.6936
6667,3.6933
6668,3.6931
6669,3.6929
6670,3.6928
6671,3.6926
6672,3.6925
6673,3.6923
6674,3.692
6675,3.6918
6676,3.6917
6677,3.6915
6678,3.6914
6679,3.6912
6680,3.6909
6681,3.6907
6682,3.6906
6683,3.6904
6684,3.6902
6685,3.6899
6686,3.6898
6687,3.6896
6688,3.6894
6689,3.6893
6690,3.6891
6691,3.6888
6692,3.6887
6693,3.6885
6694,3.6883
6695,3.6882
6696,3.688
6697,3.6877
6698,3.6875
6699,3.6874
6700,3.6872
6701,3.6871
6702,3.6869
6703,3.6866
6704,3.6864
6705,3.6863
6706,3.6861
6707,3.686
6708,3.6858
6709,3.6855
6710,3.6853
6711,3.6852
6712,3.685
6713,3.6848
6714,3.6847
6715,3.6844
6716,3.6842
6717,3.684
6718,3.6839
6719,3.6837
6720,3.6834
6721,3.6833
6722,3.6831
6723,3.6829
6724,3.6828
6725,3.6826
6726,3.6823
6727,3.6821
6728,3.682
6729,3.6818
6730,3.6817
6731,3.6815
6732,3.6812
6733,3.681
6734,3.6809
6735,3.6807
6736,3.6806
6737,3.6804
6738,3.6801
6739,3.6799
6740,3.6798
6741,3.6796
6742,3.6794
6743,3.6791
6744,3.679
6745,3.6788
6746,3.6786
6747,3.6785
6748,3.6783
6749,3.6782
6750,3.6779
6751,3.6777
6752,3.6775
6753,3.6774
6754,3.6772
6755,3.6769
6756,3.6767
6757,3.6766
6758,3.6764
6759,3.6763
6760,3.6761
6761,3.6758
6762,3.6756
6763,3.6755
6764,3.6753
6765,3.6752
6766,3.675
6767,3.6748
6768,3.6745
6769,3.6744
6770,3.6742
6771,3.674
6772,3.6739
6773,3.6736
6774,3.6734
6775,3.6732
6776,3.6731
6777,3.6729
6778,3.6728
6779,3.6726
6780,3.6723
6781,3.6721
6782,3.672
6783,3.6718
6784,3.6717
6785,3.6715
6786,3.6712
6787,3.671
6788,3.6709
6789,3.6707
6790,3.6705
6791,3.6704
6792,3.6701
6793,3.6699
6794,3.6697
6795,3.6696
6796,3.6694
6797,3.6693
6798,3.6691
6799,3.6688
6800,3.6686
6801,3.6685
6802,3.6683
6803,3.6682
6804,3.668
6805,3.6677
6806,3.6675
6807,3.6674
6808,3.6672
6809,3.667
6810,3.6667
6811,3.6666
6812,3.6664
6813,3.6663
6814,3.6661
6815,3.6659
6816,3.6658
6817,3.6655
6818,3.6653
6819,3.6651
6820,3.665
6821,3.6648
6822,3.6647
6823,3.6645
6824,3.6642
6825,3.664
6826,3.6639
6827,3.6637
6828,3.6636
6829,3.6634
6830,3.6631
6831,3.6629
6832,3.6628
6833,3.6626
6834,3.6624
6835,3.6623
6836,3.6621
6837,3.662
6838,3.6616
6839,3.6615
6840,3.6613
6841,3.6612
6842,3.661
6843,3.6609
6844,3.6605
6845,3.6604
6846,3.6602
6847,3.6601
6848,3.6599
6849,3.6597
6850,3.6596
6851,3.6594
6852,3.6591
6853,3.6589
6854,3.6588
6855,3.6586
6856,3.6585
6857,3.6583
6858,3.6582
6859,3.6578
6860,3.6577
6861,3.6575
6862,3.6574
6863,3.6572
6864,3.657
6865,3.6569
6866,3.6566
6867,3.6564
6868,3.6562
6869,3.6561
6870,3.6559
6871,3.6558
6872,3.6556
6873,3.6555
6874,3.6551
6875,3.655
6876,3.6548
6877,3.6547
6878,3.6545
6879,3.6543
6880,3.6542
6881,3.654
6882,3.6537
6883,3.6535
6884,3.6534
6885,3.6532
6886,3.6531
6887,3.6529
6888,3.6528
6889,3.6526
6890,3.6523
6891,3.6521
6892,3.652
6893,3.6518
6894,3.6516
6895,3.6515
6896,3.6513
6897,3.6512
6898,3.6508
6899,3.6507
6900,3.6505
6901,3.6504
6902,3.6502
6903,3.6501
6904,3.6499
6905,3.6497
6906,3.6494
6907,3.6494
6908,3.6491
6909,3.6489
6910,3.6488
6911,3.6486
6912,3.6485
6913,3.6483
6914,3.648
6915,3.6478
6916,3.6477
6917,3.6475
6918,3.6473
6919,3.6472
6920,3.647
6921,3.6469
6922,3.6467
6923,3.6466
6924,3.6462
6925,3.6461
6926,3.6459
6927,3.6458
6928,3.6456
6929,3.6454
6930,3.6453
6931,3.645
6932,3.6448
6933,3.6446
6934,3.6445
6935,3.6443
6936,3.6442
6937,3.644
6938,3.6439
6939,3.6435
6940,3.6434
6941,3.6432
6942,3.6431
6943,3.6429
6944,3.6427
6945,3.6426
6946,3.6423
6947,3.6421
6948,3.6419
6949,3.6418
6950,3.6416
6951,3.6415
6952,3.6413
6953,3.641
6954,3.6408
6955,3.6407
6956,3.6405
6957,3.6404
6958,3.6402
6959,3.64
6960,3.6399
6961,3.6396
6962,3.6394
6963,3.6392
6964,3.6391
6965,3.6389
6966,3.6388
6967,3.6386
6968,3.6383
6969,3.6381
6970,3.638
6971,3.6378
6972,3.6377
6973,3.6373
6974,3.6372
6975,3.637
6976,3.6369
6977,3.6367
6978,3.6365
6979,3.6362
6980,3.6361
6981,3.6359
6982,3.6358
6983,3.6356
6984,3.6353
6985,3.6351
6986,3.635
6987,3.6348
6988,3.6346
6989,3.6345
6990,3.6342
6991,3.634
6992,3.6338
6993,3.6337
6994,3.6335
6995,3.6332
6996,3.6331
6997,3.6329
6998,3.6327
6999,3.6326
7000,3.6323
7001,3.6321
7002,3.6319
7003,3.6318
7004,3.6316
7005,3.6313
7006,3.6311
7007,3.631
7008,3.6308
7009,3.6305
7010,3.6304
7011,3.6302
7012,3.63
7013,3.6297
7014,3.6296
7015,3.6294
7016,3.6292
7017,3.6291
7018,3.6288
7019,3.6286
7020,3.6284
7021,3.6281
7022,3.628
7023,3.6278
7024,3.6277
7025,3.6273
7026,3.6272
7027,3.627
7028,3.6269
7029,3.6265
7030,3.6264
7031,3.6262
7032,3.6261
7033,3.6257
7034,3.6256
7035,3.6254
7036,3.6251
7037,3.625
7038,3.6248
7039,3.6245
7040,3.6243
7041,3.6242
7042,3.6238
7043,3.6237
7044,3.6235
7045,3.6232
7046,3.623
7047,3.6229
7048,3.6226
7049,3.6224
7050,3.6223
7051,3.6219
7052,3.6218
7053,3.6215
7054,3.6213
7055,3.6211
7056,3.6208
7057,3.6207
7058,3.6205
7059,3.6202
7060,3.62
7061,3.6197
7062,3.6195
7063,3.6194
7064,3.6191
7065,3.6189
7066,3.6186
7067,3.6184
7068,3.6181
7069,3.618
7070,3.6178
7071,3.6175
7072,3.6173
7073,3.617
7074,3.6168
7075,3.6165
7076,3.6164
7077,3.6161
7078,3.6159
7079,3.6156
7080,3.6154
7081,3.6151
7082,3.6149
7083,3.6146
7084,3.6145
7085,3.6141
7086,3.614
7087,3.6137
7088,3.6135
7089,3.6132
7090,3.6129
7091,3.6127
7092,3.6124
7093,3.6122
7094,3.6119
7095,3.6118
7096,3.6114
7097,3.6111
7098,3.611
7099,3.6107
7100,3.6105
7101,3.6102
7102,3.6099
7103,3.6097
7104,3.6094
7105,3.6091
7106,3.6089
7107,3.6086
7108,3.6083
7109,3.6081
7110,3.6078
7111,3.6075
7112,3.6073
7113,3.607
7114,3.6067
7115,3.6064
7116,3.6062
7117,3.6059
7118,3.6056
7119,3.6053
7120,3.6049
7121,3.6048
7122,3.6045
7123,3.6041
7124,3.6038
7125,3.6037
7126,3.6033
7127,3.603
7128,3.6027
7129,3.6024
7130,3.6021
7131,3.6018
7132,3.6014
7133,3.6013
7134,3.601
7135,3.6006
7136,3.6003
7137,3.6
7138,3.5997
7139,3.5994
7140,3.5991
7141,3.5987
7142,3.5984
7143,3.5981
7144,3.5978
7145,3.5975
7146,3.5972
7147,3.5968
7148,3.5965
7149,3.5962
7150,3.5959
7151,3.5956
7152,3.5952
7153,3.5948
7154,3.5944
7155,3.5941
7156,3.5938
7157,3.5935
7158,3.5932
7159,3.5927
7160,3.5924
7161,3.5921
7162,3.5917
7163,3.5913
7164,3.591
7165,3.5906
7166,3.5903
7167,3.59
7168,3.5895
7169,3.5892
7170,3.5889
7171,3.5884
7172,3.5881
7173,3.5876
7174,3.5873
7175,3.587
7176,3.5865
7177,3.5862
7178,3.5857
7179,3.5854
7180,3.5851
7181,3.5846
7182,3.5841
7183,3.5838
7184,3.5833
7185,3.583
7186,3.5825
7187,3.5822
7188,3.5817
7189,3.5814
7190,3.5809
7191,3.5805
7192,3.5802
7193,3.5797
7194,3.5792
7195,3.5789
7196,3.5784
7197,3.5779
7198,3.5775
7199,3.577
7200,3.5767
7201,3.5762
7202,3.5757
7203,3.5752
7204,3.5748
7205,3.5744
7206,3.574
7207,3.5735
7208,3.573
7209,3.5725
7210,3.5721
7211,3.5716
7212,3.5711
7213,3.5706
7214,3.5701
7215,3.5697
7216,3.5692
7217,3.5686
7218,3.5681
7219,3.5676
7220,3.5671
7221,3.5666
7222,3.5662
7223,3.5657
7224,3.5651
7225,3.5646
7226,3.5641
7227,3.5636
7228,3.563
7229,3.5625
7230,3.5619
7231,3.5614
7232,3.5609
7233,3.5603
7234,3.5598
7235,3.5592
7236,3.5587
7237,3.5582
7238,3.5576
7239,3.5571
7240,3.5565
7241,3.5558
7242,3.5554
7243,3.5547
7244,3.5543
7245,3.5536
7246,3.553
7247,3.5525
7248,3.5519
7249,3.5512
7250,3.5508
7251,3.5501
7252,3.5495
7253,3.5489
7254,3.5482
7255,3.5477
7256,3.5471
7257,3.5465
7258,3.5458
7259,3.5452
7260,3.5446
7261,3.5439
7262,3.5433
7263,3.5427
7264,3.542
7265,3.5414
7266,3.5408
7267,3.5401
7268,3.5395
7269,3.5388
7270,3.5382
7271,3.5376
7272,3.5369
7273,3.5363
7274,3.5357
7275,3.5349
7276,3.5342
7277,3.5336
7278,3.533
7279,3.5323
7280,3.5315
7281,3.5309
7282,3.5303
7283,3.5295
7284,3.5288
7285,3.5282
7286,3.5274
7287,3.5268
7288,3.5261
7289,3.5253
7290,3.5247
7291,3.5239
7292,3.5233
7293,3.5226
7294,3.5218
7295,3.5212
7296,3.5204
7297,3.5196
7298,3.519
7299,3.5182
7300,3.5176
7301,3.5168
7302,3.516
7303,3.5153
7304,3.5145
7305,3.5137
7306,3.513
7307,3.5123
7308,3.5115
7309,3.5107
7310,3.5099
7311,3.5091
7312,3.5083
7313,3.5076
7314,3.5068
7315,3.506
7316,3.5052
7317,3.5044
7318,3.5036
7319,3.5026
7320,3.5018
7321,3.501
7322,3.5001
7323,3.4993
7324,3.4983
7325,3.4975
7326,3.4966
7327,3.4958
7328,3.4948
7329,3.4939
7330,3.4931
7331,3.4921
7332,3.4912
7333,3.4902
7334,3.4893
7335,3.4883
7336,3.4874
7337,3.4864
7338,3.4853
7339,3.4844
7340,3.4834
7341,3.4823
7342,3.4813
7343,3.4802
7344,3.4791
7345,3.478
7346,3.4771
7347,3.4759
7348,3.4748
7349,3.4737
7350,3.4726
7351,3.4713
7352,3.4702
7353,3.4691
7354,3.4678
7355,3.4666
7356,3.4655
7357,3.4642
7358,3.4629
7359,3.4616
7360,3.4604
7361,3.4591
7362,3.4578
7363,3.4566
7364,3.4551
7365,3.4537
7366,3.4524
7367,3.451
7368,3.4496
7369,3.4481
7370,3.4467
7371,3.4453
7372,3.4438
7373,3.4423
7374,3.4408
7375,3.4392
7376,3.4378
7377,3.4362
7378,3.4346
7379,3.433
7380,3.4315
7381,3.4297
7382,3.4281
7383,3.4265
7384,3.4248
7385,3.4232
7386,3.4215
7387,3.4197
7388,3.418
7389,3.4162
7390,3.4143
7391,3.4126
7392,3.4106
7393,3.4089
7394,3.407
7395,3.4051
7396,3.4032
7397,3.4013
7398,3.3994
7399,3.3975
7400,3.3954
7401,3.3935
7402,3.3914
7403,3.3895
7404,3.3875
7405,3.3854
7406,3.3832
7407,3.3811
7408,3.379
7409,3.3768
7410,3.3747
7411,3.3725
7412,3.3703
7413,3.3681
7414,3.3658
7415,3.3636
7416,3.3612
7417,3.359
7418,3.3566
7419,3.3544
7420,3.352
7421,3.3495
7422,3.3471
7423,3.3447
7424,3.3423
7425,3.3398
7426,3.3373
7427,3.3349
7428,3.3323
7429,3.3298
7430,3.3271
7431,3.3246
7432,3.322
7433,3.3193
7434,3.3166
7435,3.3139
7436,3.3112
7437,3.3085
7438,3.3057
7439,3.303
7440,3.3001
7441,3.2972
7442,3.2944
7443,3.2915
7444,3.2887
7445,3.2856
7446,3.2828
7447,3.2798
7448,3.2767
7449,3.2737
7450,3.2705
7451,3.2675
7452,3.2643
7453,3.2613
7454,3.2582
7455,3.2548
7456,3.2516
7457,3.2485
7458,3.2451
7459,3.2418
7460,3.2384
7461,3.2351
7462,3.2316
7463,3.2283
7464,3.2248
7465,3.2213
7466,3.2178
7467,3.2143
7468,3.2106
7469,3.207
7470,3.2033
7471,3.1997
7472,3.196
7473,3.1922
7474,3.1884
7475,3.1846
7476,3.1808
7477,3.1768
7478,3.1728
7479,3.169
7480,3.165
7481,3.1609
7482,3.1569
7483,3.1528
7484,3.1487
7485,3.1444
7486,3.1403
7487,3.136
7488,3.1317
7489,3.1272
7490,3.1229
7491,3.1185
7492,3.114
7493,3.1096
7494,3.105
7495,3.1004
7496,3.0958
7497,3.091
7498,3.0864
7499,3.0816
7500,3.0767
7501,3.0719
7502,3.067
7503,3.0619
7504,3.057
7505,3.0519
7506,3.0468
7507,3.0416
7508,3.0363
7509,3.0311
7510,3.0259
7511,3.0205
7512,3.0151
7513,3.0095
7514,3.0039
7515,2.9984
7516,2.9928
7517,2.9871
7518,2.9812
7519,2.9753
7520,2.9694
7521,2.9636
7522,2.9575
7523,2.9513
7524,2.9451
7525,2.9389
7526,2.9326
7527,2.9262
7528,2.9199
7529,2.9134
7530,2.9067
7531,2.9
7532,2.8932
7533,2.8864
7534,2.8794
7535,2.8724
7536,2.8654
7537,2.8581
7538,2.8509
7539,2.8435
7540,2.836
7541,2.8285
7542,2.8207
7543,2.8129
7544,2.8052
7545,2.7972
7546,2.7891
7547,2.781
7548,2.7727
7549,2.7643
7550,2.7557
7551,2.7472
7552,2.7384
7553,2.7295
7554,2.7206
7555,2.7116
7556,2.7025
7557,2.6931
7558,2.6838
7559,2.6742
7560,2.6647
7561,2.655
7562,2.6452
7563,2.6353
7564,2.6251
7565,2.615
7566,2.6048
7567,2.5945
7568,2.584
7569,2.5733
7570,2.5627
7571,2.5519
7572,2.5409
7573,2.53
7574,2.5188
7575,2.5076
7576,2.4999
7577,2.5207
7578,2.6262
7579,2.7267
7580,2.8279
7581,2.9138
7582,3.0143
7583,3.1001
7584,3.2005
7585,3.2118
7586,3.2893
7587,3.3457
7588,3.3863
7589,3.4153
7590,3.4353
7591,3.4486
7592,3.4578
7593,3.4642
7594,3.4691
7595,3.4729
7596,3.4759
7597,3.4785
7598,3.4807
7599,3.4826
7600,3.4842
7601,3.4856
7602,3.4871
7603,3.4882
7604,3.4893
7605,3.4904
7606,3.4913
7607,3.4921
7608,3.4929
7609,3.4937
7610,3.4945
7611,3.4952
7612,3.4958
7613,3.4964
7614,3.4971
7615,3.4975
7616,3.498
7617,3.4987
7618,3.4991
7619,3.4996
7620,3.4999
7621,3.5004
7622,3.5009
7623,3.5012
7624,3.5017
7625,3.502
7626,3.5023
7627,3.5028
7628,3.5031
7629,3.5034
7630,3.5037
7631,3.5041
7632,3.5044
7633,3.5047
7634,3.5049
7635,3.5052
7636,3.5055
7637,3.5058
7638,3.506
7639,3.5063
7640,3.5064
7641,3.5068
7642,3.5069
7643,3.5072
7644,3.5074
7645,3.5077
7646,3.5079
7647,3.508
7648,3.5083
7649,3.5085
7650,3.5087
7651,3.509
7652,3.5091
7653,3.5093
7654,3.5095
7655,3.5096
7656,3.5099
7657,3.5101
7658,3.5103
7659,3.5104
7660,3.5106
7661,3.5107
7662,3.5109
7663,3.511
7664,3.5112
7665,3.5114
7666,3.5115
7667,3.5117
7668,3.5118
7669,3.512
7670,3.5122
7671,3.5123
7672,3.5125
7673,3.5126
7674,3.5126
7675,3.5128
7676,3.513
7677,3.5131
7678,3.5133
7679,3.5134
7680,3.5134
7681,3.5136
7682,3.5137
7683,3.5139
7684,3.5141
7685,3.5141
7686,3.5142
7687,3.5144
7688,3.5145
7689,3.5145
7690,3.5147
7691,3.5149
7692,3.5149
7693,3.515
7694,3.5152
7695,3.5152
7696,3.5153
7697,3.5155
7698,3.5155
7699,3.5157
7700,3.5158
7701,3.5158
7702,3.516
7703,3.5161
7704,3.5161
7705,3.5163
7706,3.5163
7707,3.5164
7708,3.5166
7709,3.5166
7710,3.5168
7711,3.5168
7712,3.5169
7713,3.5171
7714,3.5171
7715,3.5172
7716,3.5172
7717,3.5174
7718,3.5174
7719,3.5176
7720,3.5176
7721,3.5177
7722,3.5177
7723,3.5179
7724,3.5179
7725,3.518
7726,3.518
7727,3.5182
7728,3.5182
7729,3.5184
7730,3.5184
7731,3.5185
7732,3.5185
7733,3.5187
7734,3.5187
7735,3.5188
7736,3.5188
7737,3.519
7738,3.519
7739,3.519
7740,3.5191
7741,3.5191
7742,3.5193
7743,3.5193
7744,3.5195
7745,3.5195
7746,3.5196
7747,3.5196
7748,3.5196
7749,3.5198
7750,3.5198
7751,3.5199
7752,3.5199
7753,3.5201
7754,3.5201
7755,3.5201
7756,3.5203
7757,3.5203
7758,3.5204
7759,3.5204
7760,3.5204
7761,3.5206
7762,3.5206
7763,3.5292
7764,3.5735
7765,3.5772
7766,3.5794
7767,3.581
7768,3.5824
7769,3.5835
7770,3.5843
7771,3.5853
7772,3.5859
7773,3.5867
7774,3.5874
7775,3.588
7776,3.5885
7777,3.5891
7778,3.5896
7779,3.5901
7780,3.5907
7781,3.5912
7782,3.5916
7783,3.592
7784,3.5924
7785,3.5929
7786,3.5932
7787,3.5937
7788,3.594
7789,3.5945
7790,3.5948
7791,3.5951
7792,3.5956
7793,3.5959
7794,3.5963
7795,3.5966
7796,3.597
7797,3.5974
7798,3.5977
7799,3.598
7800,3.5983
7801,3.5986
7802,3.599
7803,3.5993
7804,3.5996
7805,3.5999
7806,3.6002
7807,3.6004
7808,3.6007
7809,3.601
7810,3.6013
7811,3.6017
7812,3.6018
7813,3.6021
7814,3.6025
7815,3.6028
7816,3.6029
7817,3.6032
7818,3.6036
7819,3.6037
7820,3.604
7821,3.6044
7822,3.6045
7823,3.6048
7824,3.605
7825,3.6053
7826,3.6055
7827,3.6058
7828,3.6059
7829,3.6063
7830,3.6064
7831,3.6067
7832,3.6069
7833,3.6071
7834,3.6074
7835,3.6075
7836,3.6079
7837,3.608
7838,3.6083
7839,3.6085
7840,3.6088
7841,3.609
7842,3.6091
7843,3.6094
7844,3.6096
7845,3.6098
7846,3.6099
7847,3.6102
7848,3.6104
7849,3.6106
7850,3.6109
7851,3.611
7852,3.6112
7853,3.6113
7854,3.6115
7855,3.6118
7856,3.612
7857,3.6121
7858,3.6123
7859,3.6125
7860,3.6128
7861,3.6129
7862,3.6131
7863,3.6133
7864,3.6134
7865,3.6136
7866,3.6137
7867,3.614
7868,3.6142
7869,3.6144
7870,3.6145
7871,3.6147
7872,3.6148
7873,3.615
7874,3.6152
7875,3.6153
7876,3.6155
7877,3.6158
7878,3.616
7879,3.6161
7880,3.6163
7881,3.6164
7882,3.6166
7883,3.6168
7884,3.6169
7885,3.6171
7886,3.6172
7887,3.6174
7888,3.6175
7889,3.6177
7890,3.6179
7891,3.618
7892,3.6182
7893,3.6183
7894,3.6185
7895,3.6187
7896,3.6188
7897,3.619
7898,3.6191
7899,3.6193
7900,3.6195
7901,3.6196
7902,3.6198
7903,3.6199
7904,3.6201
7905,3.6202
7906,3.6204
7907,3.6206
7908,3.6206
7909,3.6207
7910,3.6209
7911,3.621
7912,3.6212
7913,3.6214
7914,3.6215
7915,3.6217
7916,3.6218
7917,3.622
7918,3.6222
7919,3.6223
7920,3.6225
7921,3.6225
7922,3.6226
7923,3.6228
7924,3.6229
7925,3.6231
7926,3.6233
7927,3.6234
7928,3.6236
7929,3.6237
7930,3.6237
7931,3.6239
7932,3.6241
7933,3.6242
7934,3.6244
7935,3.6245
7936,3.6247
7937,3.6249
7938,3.6249
7939,3.625
7940,3.6252
7941,3.6253
7942,3.6255
7943,3.6256
7944,3.6258
7945,3.6258
7946,3.626
7947,3.6261
7948,3.6263
7949,3.6264
7950,3.6266
7951,3.6266
7952,3.6268
7953,3.6269
7954,3.6271
7955,3.6272
7956,3.6274
7957,3.6276
7958,3.6276
7959,3.6277
7960,3.6279
7961,3.628
7962,3.6282
7963,3.6283
7964,3.6283
7965,3.6285
7966,3.6287
7967,3.6288
7968,3.629
7969,3.6291
7970,3.6291
7971,3.6293
7972,3.6295
7973,3.6296
7974,3.6298
7975,3.6298
7976,3.6299
7977,3.6301
7978,3.6303
7979,3.6304
7980,3.6306
7981,3.6306
7982,3.6307
7983,3.6309
7984,3.6311
7985,3.6312
7986,3.6312
7987,3.6314
7988,3.6315
7989,3.6317
7990,3.6318
7991,3.6318
7992,3.632
7993,3.6322
7994,3.6323
7995,3.6325
7996,3.6325
7997,3.6326
7998,3.6328
7999,3.633
8000,3.6331
8001,3.6331
8002,3.6333
8003,3.6334
8004,3.6336
8005,3.6338
8006,3.6338
8007,3.6339
8008,3.6341
8009,3.6342
8010,3.6344
8011,3.6344
8012,3.6345
8013,3.6347
8014,3.6349
8015,3.6349
8016,3.635
8017,3.6352
8018,3.6353
8019,3.6355
8020,3.6355
8021,3.6357
8022,3.6358
8023,3.636
8024,3.6361
8025,3.6361
8026,3.6363
8027,3.6365
8028,3.6366
8029,3.6366
8030,3.6368
8031,3.6369
8032,3.6371
8033,3.6372
8034,3.6372
8035,3.6374
8036,3.6376
8037,3.6377
8038,3.6377
8039,3.6379
8040,3.638
8041,3.6382
8042,3.6384
8043,3.6384
8044,3.6385
8045,3.6387
8046,3.6388
8047,3.6388
8048,3.639
8049,3.6392
8050,3.6393
8051,3.6395
8052,3.6395
8053,3.6396
8054,3.6398
8055,3.6399
8056,3.6399
8057,3.6401
8058,3.6403
8059,3.6404
8060,3.6406
8061,3.6406
8062,3.6407
8063,3.6409
8064,3.6411
8065,3.6411
8066,3.6412
8067,3.6414
8068,3.6415
8069,3.6417
8070,3.6417
8071,3.6419
8072,3.642
8073,3.6422
8074,3.6422
8075,3.6423
8076,3.6425
8077,3.6426
8078,3.6426
8079,3.6428
8080,3.643
8081,3.6431
8082,3.6431
8083,3.6433
8084,3.6434
8085,3.6436
8086,3.6438
8087,3.6438
8088,3.6439
8089,3.6441
8090,3.6442
8091,3.6442
8092,3.6444
8093,3.6446
8094,3.6447
8095,3.6447
8096,3.6449
8097,3.645
8098,3.6452
8099,3.6452
8100,3.6453
8101,3.6455
8102,3.6457
8103,3.6457
8104,3.6458
8105,3.646
8106,3.6461
8107,3.6461
8108,3.6463
8109,3.6465
8110,3.6466
8111,3.6468
8112,3.6468
8113,3.6469
8114,3.6471
8115,3.6471
8116,3.6473
8117,3.6474
8118,3.6476
8119,3.6476
8120,3.6477
8121,3.6479
8122,3.648
8123,3.648
8124,3.6482
8125,3.6484
8126,3.6485
8127,3.6485
8128,3.6487
8129,3.6488
8130,3.649
8131,3.649
8132,3.6492
8133,3.6493
8134,3.6495
8135,3.6495
8136,3.6496
8137,3.6498
8138,3.65
8139,3.65
8140,3.6501
8141,3.6503
8142,3.6504
8143,3.6504
8144,3.6506
8145,3.6508
8146,3.6509
8147,3.6509
8148,3.6511
8149,3.6512
8150,3.6514
8151,3.6514
8152,3.6515
8153,3.6517
8154,3.6517
8155,3.6519
8156,3.652
8157,3.6522
8158,3.6522
8159,3.6523
8160,3.6525
8161,3.6527
8162,3.6527
8163,3.6528
8164,3.653
8165,3.6531
8166,3.6531
8167,3.6533
8168,3.6535
8169,3.6535
8170,3.6536
8171,3.6538
8172,3.6539
8173,3.6541
8174,3.6541
8175,3.6542
8176,3.6544
8177,3.6544
8178,3.6546
8179,3.6547
8180,3.6549
8181,3.6549
8182,3.655
8183,3.6552
8184,3.6554
8185,3.6554
8186,3.6555
8187,3.6557
8188,3.6558
8189,3.6558
8190,3.656
8191,3.6562
8192,3.6562
8193,3.6563
8194,3.6565
8195,3.6566
8196,3.6566
8197,3.6568
8198,3.6569
8199,3.6569
8200,3.6571
8201,3.6573
8202,3.6574
8203,3.6576
8204,3.6576
8205,3.6577
8206,3.6579
8207,3.6579
8208,3.6581
8209,3.6582
8210,3.6584
8211,3.6584
8212,3.6585
8213,3.6587
8214,3.6589
8215,3.6589
8216,3.659
8217,3.6592
8218,3.6592
8219,3.6593
8220,3.6595
8221,3.6596
8222,3.6596
8223,3.6598
8224,3.66
8225,3.6601
8226,3.6601
8227,3.6603
8228,3.6604
8229,3.6606
8230,3.6606
8231,3.6608
8232,3.6609
8233,3.6609
8234,3.6611
8235,3.6612
8236,3.6612
8237,3.6614
8238,3.6616
8239,3.6617
8240,3.6617
8241,3.6619
8242,3.662
8243,3.662
8244,3.6622
8245,3.6623
8246,3.6625
8247,3.6625
8248,3.6627
8249,3.6628
8250,3.663
8251,3.663
8252,3.6631
8253,3.6633
8254,3.6633
8255,3.6635
8256,3.6636
8257,3.6638
8258,3.6638
8259,3.6639
8260,3.6641
8261,3.6643
8262,3.6643
8263,3.6644
8264,3.6646
8265,3.6646
8266,3.6647
8267,3.6649
8268,3.665
8269,3.665
8270,3.6652
8271,3.6654
8272,3.6654
8273,3.6655
8274,3.6657
8275,3.6658
8276,3.6658
8277,3.666
8278,3.6662
8279,3.6662
8280,3.6663
8281,3.6665
8282,3.6666
8283,3.6666
8284,3.6668
8285,3.667
8286,3.6671
8287,3.6671
8288,3.6673
8289,3.6674
8290,3.6674
8291,3.6676
8292,3.6678
8293,3.6679
8294,3.6679
8295,3.6681
8296,3.6682
8297,3.6682
8298,3.6684
8299,3.6685
8300,3.6687
8301,3.6687
8302,3.6689
8303,3.669
8304,3.669
8305,3.6692
8306,3.6693
8307,3.6695
8308,3.6695
8309,3.6697
8310,3.6698
8311,3.6698
8312,3.67
8313,3.6701
8314,3.6703
8315,3.6703
8316,3.6705
8317,3.6706
8318,3.6706
8319,3.6708
8320,3.6709
8321,3.6711
8322,3.6711
8323,3.6712
8324,3.6714
8325,3.6714
8326,3.6716
8327,3.6717
8328,3.6719
8329,3.6719
8330,3.672
8331,3.6722
8332,3.6722
8333,3.6724
8334,3.6725
8335,3.6727
8336,3.6727
8337,3.6728
8338,3.673
8339,3.673
8340,3.6732
8341,3.6733
8342,3.6733
8343,3.6735
8344,3.6736
8345,3.6738
8346,3.6738
8347,3.6739
8348,3.6741
8349,3.6743
8350,3.6743
8351,3.6744
8352,3.6746
8353,3.6746
8354,3.6747
8355,3.6749
8356,3.6751
8357,3.6751
8358,3.6752
8359,3.6754
8360,3.6754
8361,3.6755
8362,3.6757
8363,3.6759
8364,3.6759
8365,3.676
8366,3.6762
8367,3.6762
8368,3.6763
8369,3.6765
8370,3.6766
8371,3.6766
8372,3.6768
8373,3.677
8374,3.677
8375,3.6771
8376,3.6773
8377,3.6773
8378,3.6774
8379,3.6776
8380,3.6778
8381,3.6778
8382,3.6779
8383,3.6781
8384,3.6782
8385,3.6782
8386,3.6784
8387,3.6786
8388,3.6786
8389,3.6787
8390,3.6789
8391,3.679
8392,3.679
8393,3.6792
8394,3.6793
8395,3.6793
8396,3.6795
8397,3.6797
8398,3.6798
8399,3.6798
8400,3.68
8401,3.6801
8402,3.6803
8403,3.6803
8404,3.6805
8405,3.6806
8406,3.6806
8407,3.6808
8408,3.6809
8409,3.6811
8410,3.6811
8411,3.6813
8412,3.6814
8413,3.6814
8414,3.6816
8415,3.6817
8416,3.6819
8417,3.6819
8418,3.682
8419,3.6822
8420,3.6824
8421,3.6824
8422,3.6825
8423,3.6827
8424,3.6828
8425,3.6828
8426,3.683
8427,3.6832
8428,3.6832
8429,3.6833
8430,3.6835
8431,3.6836
8432,3.6836
8433,3.6838
8434,3.684
8435,3.684
8436,3.6841
8437,3.6843
8438,3.6844
8439,3.6844
8440,3.6846
8441,3.6848
8442,3.6849
8443,3.6851
8444,3.6851
8445,3.6852
8446,3.6854
8447,3.6854
8448,3.6855
8449,3.6857
8450,3.6859
8451,3.6859
8452,3.686
8453,3.6862
8454,3.6863
8455,3.6863
8456,3.6865
8457,3.6867
8458,3.6868
8459,3.6868
8460,3.687
8461,3.6871
8462,3.6873
8463,3.6873
8464,3.6875
8465,3.6876
8466,3.6878
8467,3.6879
8468,3.6879
8469,3.6881
8470,3.6882
8471,3.6882
8472,3.6884
8473,3.6886
8474,3.6887
8475,3.6887
8476,3.6889
8477,3.689
8478,3.6892
8479,3.6894
8480,3.6894
8481,3.6895
8482,3.6897
8483,3.6898
8484,3.6898
8485,3.69
8486,3.6902
8487,3.6903
8488,3.6905
8489,3.6905
8490,3.6906
8491,3.6908
8492,3.6909
8493,3.6909
8494,3.6911
8495,3.6913
8496,3.6914
8497,3.6914
8498,3.6916
8499,3.6917
8500,3.6919
8501,3.6921
8502,3.6921
8503,3.6922
8504,3.6924
8505,3.6925
8506,3.6925
8507,3.6927
8508,3.6929
8509,3.693
8510,3.6932
8511,3.6932
8512,3.6933
8513,3.6935
8514,3.6936
8515,3.6938
8516,3.694
8517,3.694
8518,3.6941
8519,3.6943
8520,3.6944
8521,3.6944
8522,3.6946
8523,3.6948
8524,3.6949
8525,3.6951
8526,3.6951
8527,3.6952
8528,3.6954
8529,3.6956
8530,3.6957
8531,3.6959
8532,3.6959
8533,3.696
8534,3.6962
8535,3.6963
8536,3.6965
8537,3.6965
8538,3.6967
8539,3.6968
8540,3.697
8541,3.6971
8542,3.6973
8543,3.6973
8544,3.6975
8545,3.6976
8546,3.6978
8547,3.6979
8548,3.6981
8549,3.6981
8550,3.6983
8551,3.6984
8552,3.6986
8553,3.6987
8554,3.6989
8555,3.6989
8556,3.6991
8557,3.6992
8558,3.6994
8559,3.6995
8560,3.6997
8561,3.6997
8562,3.6998
8563,3.7
8564,3.7002
8565,3.7003
8566,3.7005
8567,3.7006
8568,3.7006
8569,3.7008
8570,3.701
8571,3.7011
8572,3.7013
8573,3.7014
8574,3.7016
8575,3.7016
8576,3.7018
8577,3.7019
8578,3.7021
8579,3.7022
8580,3.7024
8581,3.7025
8582,3.7027
8583,3.7027
8584,3.7029
8585,3.703
8586,3.7032
8587,3.7033
8588,3.7035
8589,3.7035
8590,3.7038
8591,3.7038
8592,3.704
8593,3.7041
8594,3.7043
8595,3.7045
8596,3.7046
8597,3.7048
8598,3.7049
8599,3.7051
8600,3.7051
8601,3.7052
8602,3.7054
8603,3.7056
8604,3.7057
8605,3.7059
8606,3.706
8607,3.7062
8608,3.7062
8609,3.7064
8610,3.7065
8611,3.7067
8612,3.7068
8613,3.707
8614,3.7072
8615,3.7073
8616,3.7075
8617,3.7076
8618,3.7078
8619,3.7078
8620,3.7079
8621,3.7081
8622,3.7083
8623,3.7084
8624,3.7086
8625,3.7087
8626,3.7089
8627,3.7091
8628,3.7092
8629,3.7094
8630,3.7095
8631,3.7095
8632,3.7097
8633,3.7099
8634,3.71
8635,3.7102
8636,3.7103
8637,3.7105
8638,3.7106
8639,3.7108
8640,3.7108
8641,3.711
8642,3.7103
8643,3.7103
8644,3.7103
8645,3.7103
8646,3.7103
8647,3.7103
8648,3.7103
8649,3.7103
8650,3.7103
8651,3.7103
8652,3.7103
8653,3.7103
8654,3.7103
8655,3.7103
8656,3.7103
8657,3.7103
8658,3.7103
8659,3.7103
8660,3.7103
8661,3.7103
8662,3.7103
8663,3.7103
8664,3.7103
8665,3.7103
8666,3.7103
8667,3.7103
8668,3.7103
8669,3.7103
8670,3.7103
8671,3.7103
8672,3.7103
8673,3.7103
8674,3.7103
8675,3.7103
8676,3.7103
8677,3.7082
8678,3.7072
8679,3.7069
8680,3.7068
8681,3.7066
8682,3.7064
8683,3.7063
8684,3.7061
8685,3.7061
8686,3.706
8687,3.706
8688,3.706
8689,3.7058
8690,3.7058
8691,3.7057
8692,3.7057
8693,3.7057
8694,3.7055
8695,3.7055
8696,3.7055
8697,3.7053
8698,3.7053
8699,3.7053
8700,3.7053
8701,3.7052
8702,3.7052
8703,3.7052
8704,3.7052
8705,3.7052
8706,3.705
8707,3.705
8708,3.705
8709,3.705
8710,3.705
8711,3.705
8712,3.7049
8713,3.7049
8714,3.7049
8715,3.7049
8716,3.7049
8717,3.7049
8718,3.7049
8719,3.7047
8720,3.7047
8721,3.7047
8722,3.7047
8723,3.7047
8724,3.7047
8725,3.7047
8726,3.7047
8727,3.7045
8728,3.7045
8729,3.7045
8730,3.7045
8731,3.7045
8732,3.7045
8733,3.7045
8734,3.7045
8735,3.7045
8736,3.7045
8737,3.7045
8738,3.7045
8739,3.7045
8740,3.7044
8741,3.7044
8742,3.7044
8743,3.7044
8744,3.7044
8745,3.7044
8746,3.7044
8747,3.7044
8748,3.7044
8749,3.7044
8750,3.7044
8751,3.7044
8752,3.7044
8753,3.7044
8754,3.7044
8755,3.7044
8756,3.7044
8757,3.7044
8758,3.7042
8759,3.7042
8760,3.7042
8761,3.7042
8762,3.7042
8763,3.7042
8764,3.7042
8765,3.7042
8766,3.7042
8767,3.7042
8768,3.7042
8769,3.7042
8770,3.7042
8771,3.7042
8772,3.7042
8773,3.7042
8774,3.7042
8775,3.7042
8776,3.7042
8777,3.7042
8778,3.7042
8779,3.7042
8780,3.7041
8781,3.7041
8782,3.7041
8783,3.7041
8784,3.7041
8785,3.7041
8786,3.7041
8787,3.7041
8788,3.7041
8789,3.7041
8790,3.7041
8791,3.7041
8792,3.7041
8793,3.7041
8794,3.7041
8795,3.7041
8796,3.7041
8797,3.7041
8798,3.7041
8799,3.7041
8800,3.7041
8801,3.7041
8802,3.7041
8803,3.7041
8804,3.7041
8805,3.7041
8806,3.7041
8807,3.7041
8808,3.7041
8809,3.7041
8810,3.7041
8811,3.7041
8812,3.7041
8813,3.7041
8814,3.7041
8815,3.7041
8816,3.7041
8817,3.7039
8818,3.7039
8819,3.7041
8820,3.7039
8821,3.7039
8822,3.7039
8823,3.7039
8824,3.7039
8825,3.7039
8826,3.7039
8827,3.7039
8828,3.7039
8829,3.7039
8830,3.7039
8831,3.7039
8832,3.7039
8833,3.7039
8834,3.7039
8835,3.7039
8836,3.7039
8837,3.7039
8838,3.7039
8839,3.7039
8840,3.7039
8841,3.7039
8842,3.7039
8843,3.7039
8844,3.7039
8845,3.7039
8846,3.7039
8847,3.7039
8848,3.7039
8849,3.7039
8850,3.7039
8851,3.7039
8852,3.7039
8853,3.7039
8854,3.7039
8855,3.7039
8856,3.7039
8857,3.7039
