,voltage
0,3.4211
1,3.4211
2,3.4211
3,3.4211
4,3.421
5,3.4211
6,3.421
7,3.421
8,3.421
9,3.421
10,3.421
11,3.421
12,3.421
13,3.421
14,3.421
15,3.421
16,3.421
17,3.421
18,3.421
19,3.421
20,3.421
21,3.421
22,3.421
23,3.421
24,3.421
25,3.421
26,3.421
27,3.421
28,3.421
29,3.421
30,3.421
31,3.421
32,3.421
33,3.421
34,3.421
35,3.421
36,3.421
37,3.421
38,3.421
39,3.421
40,3.421
41,3.421
42,3.421
43,3.421
44,3.421
45,3.421
46,3.421
47,3.421
48,3.421
49,3.421
50,3.421
51,3.421
52,3.421
53,3.421
54,3.421
55,3.421
56,3.421
57,3.421
58,3.421
59,3.421
60,3.421
61,3.5051
62,3.6059
63,3.643
64,3.6434
65,3.6425
66,3.6415
67,3.6406
68,3.6399
69,3.6392
70,3.6387
71,3.6382
72,3.6379
73,3.6374
74,3.6371
75,3.6369
76,3.6368
77,3.6365
78,3.6365
79,3.6363
80,3.6361
81,3.6361
82,3.636
83,3.636
84,3.636
85,3.6358
86,3.636
87,3.636
88,3.636
89,3.636
90,3.6361
91,3.6361
92,3.6361
93,3.6363
94,3.6363
95,3.6365
96,3.6365
97,3.6366
98,3.6368
99,3.6368
100,3.6369
101,3.6371
102,3.6372
103,3.6372
104,3.6374
105,3.6376
106,3.6377
107,3.6379
108,3.638
109,3.6382
110,3.6384
111,3.6385
112,3.6387
113,3.6387
114,3.6388
115,3.6392
116,3.6392
117,3.6393
118,3.6395
119,3.6398
120,3.6398
121,3.6399
122,3.6401
123,3.6403
124,3.6404
125,3.6406
126,3.6407
127,3.6409
128,3.6411
129,3.6412
130,3.6414
131,3.6415
132,3.6417
133,3.6419
134,3.642
135,3.6422
136,3.6423
137,3.6425
138,3.6426
139,3.6428
140,3.643
141,3.6431
142,3.6433
143,3.6434
144,3.6436
145,3.6438
146,3.6439
147,3.6439
148,3.6441
149,3.6442
150,3.6444
151,3.6446
152,3.6447
153,3.6449
154,3.645
155,3.6452
156,3.6452
157,3.6453
158,3.6455
159,3.6457
160,3.6458
161,3.646
162,3.6461
163,3.6461
164,3.6463
165,3.6465
166,3.6466
167,3.6468
168,3.6468
169,3.6469
170,3.6471
171,3.6473
172,3.6474
173,3.6474
174,3.6476
175,3.6477
176,3.6479
177,3.6479
178,3.648
179,3.6482
180,3.6484
181,3.6484
182,3.6485
183,3.6487
184,3.6488
185,3.6488
186,3.649
187,3.6492
188,3.6492
189,3.6493
190,3.6495
191,3.6495
192,3.6496
193,3.6498
194,3.6498
195,3.65
196,3.6501
197,3.6503
198,3.6503
199,3.6504
200,3.6506
201,3.6506
202,3.6508
203,3.6509
204,3.6509
205,3.6511
206,3.6511
207,3.6512
208,3.6514
209,3.6514
210,3.6515
211,3.6517
212,3.6517
213,3.6519
214,3.6519
215,3.652
216,3.6522
217,3.6522
218,3.6523
219,3.6523
220,3.6525
221,3.6527
222,3.6527
223,3.6528
224,3.6528
225,3.653
226,3.653
227,3.6531
228,3.6533
229,3.6533
230,3.6535
231,3.6535
232,3.6536
233,3.6536
234,3.6538
235,3.6538
236,3.6539
237,3.6541
238,3.6541
239,3.6541
240,3.6542
241,3.6544
242,3.6544
243,3.6546
244,3.6546
245,3.6547
246,3.6547
247,3.6549
248,3.6549
249,3.655
250,3.655
251,3.6552
252,3.6552
253,3.6554
254,3.6554
255,3.6555
256,3.6555
257,3.6557
258,3.6557
259,3.6558
260,3.6558
261,3.656
262,3.656
263,3.6562
264,3.6562
265,3.6563
266,3.6563
267,3.6565
268,3.6565
269,3.6566
270,3.6566
271,3.6568
272,3.6568
273,3.6569
274,3.6569
275,3.6569
276,3.6571
277,3.6571
278,3.6573
279,3.6573
280,3.6574
281,3.6574
282,3.6576
283,3.6576
284,3.6577
285,3.6577
286,3.6579
287,3.6579
288,3.6581
289,3.6581
290,3.6581
291,3.6582
292,3.6582
293,3.6584
294,3.6584
295,3.6585
296,3.6585
297,3.6587
298,3.6587
299,3.6587
300,3.6589
301,3.6589
302,3.659
303,3.659
304,3.6592
305,3.6592
306,3.6593
307,3.6593
308,3.6593
309,3.6595
310,3.6595
311,3.6596
312,3.6596
313,3.6598
314,3.6598
315,3.6598
316,3.66
317,3.66
318,3.6601
319,3.6601
320,3.6601
321,3.6603
322,3.6603
323,3.6604
324,3.6604
325,3.6606
326,3.6606
327,3.6606
328,3.6608
329,3.6608
330,3.6609
331,3.6609
332,3.6609
333,3.6611
334,3.6611
335,3.6612
336,3.6612
337,3.6612
338,3.6614
339,3.6614
340,3.6616
341,3.6616
342,3.6616
343,3.6617
344,3.6617
345,3.6619
346,3.6619
347,3.662
348,3.662
349,3.662
350,3.6622
351,3.6622
352,3.6623
353,3.6623
354,3.6623
355,3.6625
356,3.6625
357,3.6625
358,3.6627
359,3.6627
360,3.6628
361,3.6628
362,3.663
363,3.663
364,3.663
365,3.6631
366,3.6631
367,3.6633
368,3.6633
369,3.6633
370,3.6635
371,3.6635
372,3.6635
373,3.6636
374,3.6636
375,3.6638
376,3.6638
377,3.6638
378,3.6639
379,3.6639
380,3.6641
381,3.6641
382,3.6641
383,3.6643
384,3.6643
385,3.6643
386,3.6644
387,3.6644
388,3.6646
389,3.6646
390,3.6646
391,3.6647
392,3.6647
393,3.6649
394,3.6649
395,3.6649
396,3.665
397,3.665
398,3.665
399,3.6652
400,3.6652
401,3.6654
402,3.6654
403,3.6655
404,3.6655
405,3.6655
406,3.6657
407,3.6657
408,3.6657
409,3.6658
410,3.6658
411,3.666
412,3.666
413,3.666
414,3.6662
415,3.6662
416,3.6662
417,3.6663
418,3.6663
419,3.6665
420,3.6665
421,3.6665
422,3.6666
423,3.6666
424,3.6668
425,3.6668
426,3.6668
427,3.667
428,3.667
429,3.667
430,3.6671
431,3.6671
432,3.6673
433,3.6673
434,3.6673
435,3.6674
436,3.6674
437,3.6676
438,3.6676
439,3.6676
440,3.6678
441,3.6678
442,3.6678
443,3.6679
444,3.6679
445,3.6681
446,3.6681
447,3.6681
448,3.6682
449,3.6682
450,3.6682
451,3.6684
452,3.6684
453,3.6685
454,3.6685
455,3.6685
456,3.6687
457,3.6687
458,3.6687
459,3.6689
460,3.6689
461,3.669
462,3.669
463,3.669
464,3.6692
465,3.6692
466,3.6692
467,3.6693
468,3.6693
469,3.6695
470,3.6695
471,3.6695
472,3.6697
473,3.6697
474,3.6698
475,3.6698
476,3.6698
477,3.67
478,3.67
479,3.67
480,3.6701
481,3.6701
482,3.6703
483,3.6703
484,3.6703
485,3.6705
486,3.6705
487,3.6705
488,3.6706
489,3.6706
490,3.6708
491,3.6708
492,3.6708
493,3.6709
494,3.6709
495,3.6709
496,3.6711
497,3.6711
498,3.6711
499,3.6712
500,3.6712
501,3.6714
502,3.6714
503,3.6714
504,3.6716
505,3.6716
506,3.6717
507,3.6717
508,3.6717
509,3.6719
510,3.6719
511,3.672
512,3.672
513,3.672
514,3.6722
515,3.6722
516,3.6722
517,3.6724
518,3.6724
519,3.6724
520,3.6725
521,3.6725
522,3.6725
523,3.6727
524,3.6727
525,3.6728
526,3.6728
527,3.6728
528,3.673
529,3.673
530,3.6732
531,3.6732
532,3.6732
533,3.6733
534,3.6733
535,3.6733
536,3.6735
537,3.6735
538,3.6736
539,3.6736
540,3.6736
541,3.6738
542,3.6738
543,3.6738
544,3.6739
545,3.6739
546,3.6741
547,3.6741
548,3.6741
549,3.6743
550,3.6743
551,3.6743
552,3.6744
553,3.6744
554,3.6746
555,3.6746
556,3.6746
557,3.6747
558,3.6747
559,3.6749
560,3.6749
561,3.6749
562,3.6751
563,3.6751
564,3.6751
565,3.6752
566,3.6752
567,3.6754
568,3.6754
569,3.6754
570,3.6755
571,3.6755
572,3.6755
573,3.6757
574,3.6757
575,3.6759
576,3.6759
577,3.6759
578,3.676
579,3.676
580,3.6762
581,3.6762
582,3.6762
583,3.6763
584,3.6763
585,3.6763
586,3.6765
587,3.6765
588,3.6766
589,3.6766
590,3.6766
591,3.6768
592,3.6768
593,3.6768
594,3.677
595,3.677
596,3.6771
597,3.6771
598,3.6771
599,3.6773
600,3.6773
601,3.6774
602,3.6774
603,3.6774
604,3.6776
605,3.6776
606,3.6778
607,3.6778
608,3.6778
609,3.6779
610,3.6779
611,3.6779
612,3.6781
613,3.6781
614,3.6782
615,3.6782
616,3.6782
617,3.6784
618,3.6784
619,3.6784
620,3.6786
621,3.6786
622,3.6787
623,3.6787
624,3.6787
625,3.6789
626,3.6789
627,3.679
628,3.679
629,3.679
630,3.6792
631,3.6792
632,3.6793
633,3.6793
634,3.6793
635,3.6795
636,3.6795
637,3.6795
638,3.6797
639,3.6797
640,3.6798
641,3.6798
642,3.6798
643,3.68
644,3.68
645,3.6801
646,3.6801
647,3.6801
648,3.6803
649,3.6803
650,3.6803
651,3.6805
652,3.6805
653,3.6806
654,3.6806
655,3.6808
656,3.6808
657,3.6808
658,3.6809
659,3.6809
660,3.6809
661,3.6811
662,3.6811
663,3.6813
664,3.6813
665,3.6813
666,3.6814
667,3.6814
668,3.6816
669,3.6816
670,3.6816
671,3.6817
672,3.6817
673,3.6819
674,3.6819
675,3.6819
676,3.682
677,3.682
678,3.6822
679,3.6822
680,3.6824
681,3.6824
682,3.6824
683,3.6825
684,3.6825
685,3.6827
686,3.6827
687,3.6827
688,3.6828
689,3.6828
690,3.6828
691,3.683
692,3.683
693,3.6832
694,3.6832
695,3.6832
696,3.6833
697,3.6833
698,3.6835
699,3.6835
700,3.6835
701,3.6836
702,3.6836
703,3.6838
704,3.6838
705,3.684
706,3.684
707,3.684
708,3.6841
709,3.6841
710,3.6843
711,3.6843
712,3.6843
713,3.6843
714,3.6844
715,3.6846
716,3.6846
717,3.6846
718,3.6848
719,3.6848
720,3.6848
721,3.6849
722,3.6849
723,3.6851
724,3.6851
725,3.6852
726,3.6852
727,3.6854
728,3.6854
729,3.6854
730,3.6855
731,3.6855
732,3.6857
733,3.6857
734,3.6857
735,3.6859
736,3.6859
737,3.686
738,3.686
739,3.686
740,3.6862
741,3.6862
742,3.6863
743,3.6863
744,3.6865
745,3.6865
746,3.6865
747,3.6867
748,3.6867
749,3.6868
750,3.6868
751,3.6868
752,3.687
753,3.687
754,3.6871
755,3.6871
756,3.6871
757,3.6873
758,3.6873
759,3.6875
760,3.6875
761,3.6875
762,3.6876
763,3.6876
764,3.6878
765,3.6878
766,3.6879
767,3.6879
768,3.6879
769,3.6881
770,3.6881
771,3.6882
772,3.6882
773,3.6882
774,3.6884
775,3.6884
776,3.6886
777,3.6886
778,3.6887
779,3.6887
780,3.6889
781,3.6889
782,3.6889
783,3.689
784,3.689
785,3.689
786,3.6892
787,3.6892
788,3.6894
789,3.6894
790,3.6895
791,3.6895
792,3.6895
793,3.6897
794,3.6897
795,3.6898
796,3.6898
797,3.69
798,3.69
799,3.69
800,3.6902
801,3.6902
802,3.6903
803,3.6903
804,3.6905
805,3.6905
806,3.6905
807,3.6906
808,3.6906
809,3.6908
810,3.6908
811,3.6908
812,3.6909
813,3.6909
814,3.6911
815,3.6911
816,3.6913
817,3.6913
818,3.6914
819,3.6914
820,3.6914
821,3.6916
822,3.6916
823,3.6917
824,3.6917
825,3.6919
826,3.6919
827,3.6919
828,3.6921
829,3.6921
830,3.6922
831,3.6922
832,3.6924
833,3.6924
834,3.6925
835,3.6925
836,3.6925
837,3.6927
838,3.6927
839,3.6929
840,3.6929
841,3.693
842,3.693
843,3.693
844,3.6932
845,3.6932
846,3.6933
847,3.6933
848,3.6935
849,3.6935
850,3.6935
851,3.6936
852,3.6936
853,3.6938
854,3.6938
855,3.694
856,3.694
857,3.6941
858,3.6941
859,3.6941
860,3.6943
861,3.6943
862,3.6944
863,3.6944
864,3.6946
865,3.6946
866,3.6948
867,3.6948
868,3.6949
869,3.6949
870,3.6949
871,3.6951
872,3.6951
873,3.6952
874,3.6952
875,3.6954
876,3.6954
877,3.6954
878,3.6956
879,3.6956
880,3.6957
881,3.6957
882,3.6959
883,3.6959
884,3.696
885,3.696
886,3.696
887,3.6962
888,3.6962
889,3.6963
890,3.6963
891,3.6965
892,3.6965
893,3.6967
894,3.6967
895,3.6968
896,3.6968
897,3.6968
898,3.697
899,3.697
900,3.6971
901,3.6971
902,3.6973
903,3.6973
904,3.6975
905,3.6975
906,3.6975
907,3.6976
908,3.6976
909,3.6978
910,3.6978
911,3.6979
912,3.6979
913,3.6981
914,3.6981
915,3.6981
916,3.6983
917,3.6983
918,3.6984
919,3.6984
920,3.6986
921,3.6986
922,3.6987
923,3.6987
924,3.6989
925,3.6989
926,3.6991
927,3.6991
928,3.6991
929,3.6992
930,3.6992
931,3.6994
932,3.6994
933,3.6995
934,3.6995
935,3.6995
936,3.6997
937,3.6997
938,3.6998
939,3.6998
940,3.7
941,3.7
942,3.7002
943,3.7002
944,3.7003
945,3.7003
946,3.7005
947,3.7005
948,3.7006
949,3.7006
950,3.7006
951,3.7008
952,3.7008
953,3.701
954,3.701
955,3.7011
956,3.7011
957,3.7013
958,3.7013
959,3.7014
960,3.7014
961,3.7016
962,3.7016
963,3.7016
964,3.7018
965,3.7018
966,3.7019
967,3.7019
968,3.7021
969,3.7021
970,3.7022
971,3.7022
972,3.7024
973,3.7024
974,3.7024
975,3.7025
976,3.7025
977,3.7027
978,3.7027
979,3.7029
980,3.7029
981,3.703
982,3.703
983,3.7032
984,3.7032
985,3.7033
986,3.7033
987,3.7033
988,3.7035
989,3.7035
990,3.7037
991,3.7037
992,3.7038
993,3.7038
994,3.704
995,3.704
996,3.7041
997,3.7041
998,3.7043
999,3.7043
1000,3.7043
1001,3.7045
1002,3.7045
1003,3.7046
1004,3.7046
1005,3.7048
1006,3.7048
1007,3.7049
1008,3.7049
1009,3.7051
1010,3.7051
1011,3.7052
1012,3.7052
1013,3.7052
1014,3.7054
1015,3.7054
1016,3.7056
1017,3.7056
1018,3.7057
1019,3.7057
1020,3.7059
1021,3.7059
1022,3.706
1023,3.706
1024,3.7062
1025,3.7062
1026,3.7064
1027,3.7064
1028,3.7065
1029,3.7065
1030,3.7067
1031,3.7067
1032,3.7068
1033,3.7068
1034,3.7068
1035,3.707
1036,3.707
1037,3.7072
1038,3.7072
1039,3.7073
1040,3.7073
1041,3.7075
1042,3.7075
1043,3.7076
1044,3.7076
1045,3.7078
1046,3.7078
1047,3.7079
1048,3.7079
1049,3.7079
1050,3.7081
1051,3.7081
1052,3.7083
1053,3.7083
1054,3.7084
1055,3.7084
1056,3.7086
1057,3.7086
1058,3.7087
1059,3.7087
1060,3.7089
1061,3.7089
1062,3.7091
1063,3.7091
1064,3.7091
1065,3.7092
1066,3.7092
1067,3.7094
1068,3.7094
1069,3.7095
1070,3.7095
1071,3.7097
1072,3.7097
1073,3.7099
1074,3.7099
1075,3.71
1076,3.71
1077,3.7102
1078,3.7102
1079,3.7103
1080,3.7103
1081,3.7103
1082,3.7105
1083,3.7105
1084,3.7106
1085,3.7106
1086,3.7108
1087,3.7108
1088,3.711
1089,3.711
1090,3.7111
1091,3.7111
1092,3.7113
1093,3.7113
1094,3.7114
1095,3.7114
1096,3.7116
1097,3.7116
1098,3.7116
1099,3.7118
1100,3.7118
1101,3.7119
1102,3.7119
1103,3.7121
1104,3.7121
1105,3.7122
1106,3.7122
1107,3.7124
1108,3.7124
1109,3.7126
1110,3.7126
1111,3.7127
1112,3.7127
1113,3.7129
1114,3.7129
1115,3.713
1116,3.713
1117,3.7132
1118,3.7132
1119,3.7133
1120,3.7133
1121,3.7135
1122,3.7135
1123,3.7135
1124,3.7137
1125,3.7137
1126,3.7138
1127,3.7138
1128,3.714
1129,3.714
1130,3.7141
1131,3.7141
1132,3.7143
1133,3.7143
1134,3.7145
1135,3.7145
1136,3.7146
1137,3.7146
1138,3.7148
1139,3.7148
1140,3.7149
1141,3.7149
1142,3.7151
1143,3.7151
1144,3.7153
1145,3.7153
1146,3.7153
1147,3.7154
1148,3.7156
1149,3.7156
1150,3.7156
1151,3.7157
1152,3.7157
1153,3.7159
1154,3.7159
1155,3.7161
1156,3.7161
1157,3.7162
1158,3.7162
1159,3.7164
1160,3.7164
1161,3.7165
1162,3.7165
1163,3.7167
1164,3.7167
1165,3.7168
1166,3.7168
1167,3.717
1168,3.717
1169,3.7172
1170,3.7172
1171,3.7173
1172,3.7173
1173,3.7175
1174,3.7175
1175,3.7176
1176,3.7176
1177,3.7178
1178,3.7178
1179,3.718
1180,3.718
1181,3.7181
1182,3.7181
1183,3.7183
1184,3.7183
1185,3.7184
1186,3.7184
1187,3.7186
1188,3.7186
1189,3.7186
1190,3.7188
1191,3.7188
1192,3.7189
1193,3.7189
1194,3.7191
1195,3.7191
1196,3.7192
1197,3.7192
1198,3.7194
1199,3.7194
1200,3.7195
1201,3.7195
1202,3.7197
1203,3.7197
1204,3.7199
1205,3.7199
1206,3.72
1207,3.72
1208,3.7202
1209,3.7202
1210,3.7203
1211,3.7203
1212,3.7205
1213,3.7205
1214,3.7207
1215,3.7207
1216,3.7208
1217,3.7208
1218,3.721
1219,3.721
1220,3.7211
1221,3.7211
1222,3.7213
1223,3.7213
1224,3.7215
1225,3.7215
1226,3.7216
1227,3.7216
1228,3.7218
1229,3.7218
1230,3.7219
1231,3.7219
1232,3.7221
1233,3.7221
1234,3.7222
1235,3.7222
1236,3.7224
1237,3.7224
1238,3.7226
1239,3.7226
1240,3.7227
1241,3.7227
1242,3.7229
1243,3.7229
1244,3.723
1245,3.723
1246,3.7232
1247,3.7232
1248,3.7234
1249,3.7234
1250,3.7235
1251,3.7237
1252,3.7237
1253,3.7237
1254,3.7238
1255,3.724
1256,3.724
1257,3.7242
1258,3.7242
1259,3.7243
1260,3.7243
1261,3.7245
1262,3.7245
1263,3.7246
1264,3.7246
1265,3.7248
1266,3.7248
1267,3.7249
1268,3.7249
1269,3.7251
1270,3.7251
1271,3.7253
1272,3.7253
1273,3.7254
1274,3.7254
1275,3.7256
1276,3.7256
1277,3.7257
1278,3.7257
1279,3.7259
1280,3.7261
1281,3.7261
1282,3.7262
1283,3.7262
1284,3.7264
1285,3.7264
1286,3.7265
1287,3.7265
1288,3.7267
1289,3.7267
1290,3.7269
1291,3.7269
1292,3.727
1293,3.727
1294,3.7272
1295,3.7273
1296,3.7273
1297,3.7275
1298,3.7275
1299,3.7276
1300,3.7276
1301,3.7278
1302,3.7278
1303,3.728
1304,3.728
1305,3.7281
1306,3.7281
1307,3.7283
1308,3.7283
1309,3.7284
1310,3.7284
1311,3.7286
1312,3.7288
1313,3.7288
1314,3.7289
1315,3.7289
1316,3.7291
1317,3.7291
1318,3.7292
1319,3.7292
1320,3.7294
1321,3.7294
1322,3.7296
1323,3.7297
1324,3.7297
1325,3.7299
1326,3.7299
1327,3.73
1328,3.73
1329,3.7302
1330,3.7302
1331,3.7303
1332,3.7305
1333,3.7305
1334,3.7307
1335,3.7307
1336,3.7308
1337,3.7308
1338,3.731
1339,3.731
1340,3.7311
1341,3.7313
1342,3.7313
1343,3.7315
1344,3.7315
1345,3.7316
1346,3.7316
1347,3.7318
1348,3.7318
1349,3.7319
1350,3.7321
1351,3.7321
1352,3.7323
1353,3.7323
1354,3.7324
1355,3.7326
1356,3.7326
1357,3.7326
1358,3.7327
1359,3.7329
1360,3.7329
1361,3.733
1362,3.733
1363,3.7332
1364,3.7334
1365,3.7334
1366,3.7335
1367,3.7335
1368,3.7337
1369,3.7337
1370,3.7338
1371,3.734
1372,3.734
1373,3.7342
1374,3.7342
1375,3.7343
1376,3.7345
1377,3.7345
1378,3.7346
1379,3.7346
1380,3.7348
1381,3.7348
1382,3.735
1383,3.7351
1384,3.7351
1385,3.7353
1386,3.7354
1387,3.7354
1388,3.7356
1389,3.7356
1390,3.7358
1391,3.7358
1392,3.7359
1393,3.7361
1394,3.7361
1395,3.7362
1396,3.7362
1397,3.7364
1398,3.7365
1399,3.7365
1400,3.7367
1401,3.7367
1402,3.7369
1403,3.737
1404,3.737
1405,3.7372
1406,3.7372
1407,3.7373
1408,3.7375
1409,3.7375
1410,3.7377
1411,3.7378
1412,3.7378
1413,3.738
1414,3.738
1415,3.7381
1416,3.7381
1417,3.7383
1418,3.7385
1419,3.7385
1420,3.7386
1421,3.7388
1422,3.7388
1423,3.7389
1424,3.7391
1425,3.7391
1426,3.7392
1427,3.7392
1428,3.7394
1429,3.7396
1430,3.7396
1431,3.7397
1432,3.7399
1433,3.7399
1434,3.74
1435,3.7402
1436,3.7402
1437,3.7404
1438,3.7404
1439,3.7405
1440,3.7407
1441,3.7407
1442,3.7408
1443,3.741
1444,3.741
1445,3.7412
1446,3.7412
1447,3.7413
1448,3.7415
1449,3.7415
1450,3.7416
1451,3.7418
1452,3.7418
1453,3.7419
1454,3.7421
1455,3.7421
1456,3.7423
1457,3.7424
1458,3.7424
1459,3.7426
1460,3.7427
1461,3.7427
1462,3.7429
1463,3.7429
1464,3.7431
1465,3.7432
1466,3.7434
1467,3.7434
1468,3.7435
1469,3.7437
1470,3.7437
1471,3.7439
1472,3.744
1473,3.744
1474,3.7442
1475,3.7442
1476,3.7443
1477,3.7445
1478,3.7446
1479,3.7446
1480,3.7448
1481,3.7448
1482,3.745
1483,3.7451
1484,3.7453
1485,3.7453
1486,3.7454
1487,3.7456
1488,3.7456
1489,3.7458
1490,3.7459
1491,3.7459
1492,3.7461
1493,3.7462
1494,3.7462
1495,3.7464
1496,3.7466
1497,3.7466
1498,3.7467
1499,3.7469
1500,3.747
1501,3.747
1502,3.7472
1503,3.7473
1504,3.7473
1505,3.7475
1506,3.7477
1507,3.7477
1508,3.7478
1509,3.748
1510,3.7481
1511,3.7481
1512,3.7483
1513,3.7485
1514,3.7486
1515,3.7486
1516,3.7488
1517,3.7489
1518,3.7489
1519,3.7491
1520,3.7493
1521,3.7493
1522,3.7494
1523,3.7496
1524,3.7496
1525,3.7497
1526,3.7499
1527,3.75
1528,3.75
1529,3.7502
1530,3.7504
1531,3.7505
1532,3.7505
1533,3.7507
1534,3.7508
1535,3.751
1536,3.751
1537,3.7512
1538,3.7513
1539,3.7513
1540,3.7515
1541,3.7516
1542,3.7518
1543,3.7518
1544,3.752
1545,3.7521
1546,3.7523
1547,3.7523
1548,3.7524
1549,3.7526
1550,3.7528
1551,3.7528
1552,3.7529
1553,3.7531
1554,3.7532
1555,3.7532
1556,3.7534
1557,3.7535
1558,3.7537
1559,3.7537
1560,3.7539
1561,3.754
1562,3.7542
1563,3.7542
1564,3.7543
1565,3.7545
1566,3.7547
1567,3.7547
1568,3.7548
1569,3.755
1570,3.7551
1571,3.7551
1572,3.7553
1573,3.7555
1574,3.7556
1575,3.7558
1576,3.7558
1577,3.7559
1578,3.7561
1579,3.7562
1580,3.7562
1581,3.7564
1582,3.7566
1583,3.7567
1584,3.7569
1585,3.7569
1586,3.757
1587,3.7572
1588,3.7574
1589,3.7575
1590,3.7575
1591,3.7577
1592,3.7578
1593,3.758
1594,3.758
1595,3.7582
1596,3.7583
1597,3.7585
1598,3.7586
1599,3.7586
1600,3.7588
1601,3.7589
1602,3.7591
1603,3.7593
1604,3.7594
1605,3.7594
1606,3.7596
1607,3.7597
1608,3.7599
1609,3.7599
1610,3.7601
1611,3.7602
1612,3.7604
1613,3.7605
1614,3.7607
1615,3.7607
1616,3.7609
1617,3.761
1618,3.7612
1619,3.7613
1620,3.7613
1621,3.7615
1622,3.7616
1623,3.7618
1624,3.762
1625,3.7621
1626,3.7621
1627,3.7623
1628,3.7624
1629,3.7626
1630,3.7628
1631,3.7628
1632,3.7629
1633,3.7631
1634,3.7632
1635,3.7634
1636,3.7636
1637,3.7636
1638,3.7637
1639,3.7639
1640,3.764
1641,3.7642
1642,3.7643
1643,3.7643
1644,3.7645
1645,3.7647
1646,3.7648
1647,3.765
1648,3.7651
1649,3.7653
1650,3.7653
1651,3.7655
1652,3.7656
1653,3.7658
1654,3.7659
1655,3.7661
1656,3.7663
1657,3.7663
1658,3.7664
1659,3.7666
1660,3.7667
1661,3.7669
1662,3.7671
1663,3.7672
1664,3.7672
1665,3.7674
1666,3.7675
1667,3.7677
1668,3.7678
1669,3.768
1670,3.7682
1671,3.7683
1672,3.7683
1673,3.7685
1674,3.7686
1675,3.7688
1676,3.769
1677,3.7691
1678,3.7693
1679,3.7693
1680,3.7694
1681,3.7696
1682,3.7698
1683,3.7699
1684,3.7701
1685,3.7702
1686,3.7704
1687,3.7704
1688,3.7705
1689,3.7707
1690,3.7709
1691,3.771
1692,3.7712
1693,3.7713
1694,3.7715
1695,3.7715
1696,3.7717
1697,3.7718
1698,3.772
1699,3.7721
1700,3.7723
1701,3.7725
1702,3.7726
1703,3.7728
1704,3.7729
1705,3.7729
1706,3.7731
1707,3.7732
1708,3.7734
1709,3.7736
1710,3.7737
1711,3.7739
1712,3.774
1713,3.7742
1714,3.7744
1715,3.7745
1716,3.7745
1717,3.7747
1718,3.7748
1719,3.775
1720,3.7752
1721,3.7753
1722,3.7755
1723,3.7756
1724,3.7758
1725,3.7759
1726,3.7761
1727,3.7761
1728,3.7763
1729,3.7764
1730,3.7766
1731,3.7767
1732,3.7769
1733,3.7771
1734,3.7772
1735,3.7774
1736,3.7775
1737,3.7777
1738,3.7779
1739,3.778
1740,3.778
1741,3.7782
1742,3.7783
1743,3.7785
1744,3.7786
1745,3.7788
1746,3.779
1747,3.7791
1748,3.7793
1749,3.7794
1750,3.7796
1751,3.7798
1752,3.7799
1753,3.7801
1754,3.7801
1755,3.7802
1756,3.7804
1757,3.7806
1758,3.7807
1759,3.7809
1760,3.781
1761,3.7812
1762,3.7813
1763,3.7815
1764,3.7817
1765,3.7818
1766,3.782
1767,3.7821
1768,3.7823
1769,3.7825
1770,3.7826
1771,3.7828
1772,3.7829
1773,3.7829
1774,3.7833
1775,3.7833
1776,3.7834
1777,3.7836
1778,3.7839
1779,3.7839
1780,3.784
1781,3.7842
1782,3.7844
1783,3.7845
1784,3.7847
1785,3.7848
1786,3.785
1787,3.7852
1788,3.7853
1789,3.7855
1790,3.7856
1791,3.7858
1792,3.786
1793,3.7861
1794,3.7863
1795,3.7864
1796,3.7866
1797,3.7868
1798,3.7869
1799,3.7871
1800,3.7872
1801,3.7874
1802,3.7875
1803,3.7877
1804,3.7879
1805,3.788
1806,3.7882
1807,3.7883
1808,3.7885
1809,3.7887
1810,3.7887
1811,3.789
1812,3.7891
1813,3.7893
1814,3.7893
1815,3.7896
1816,3.7898
1817,3.7899
1818,3.7899
1819,3.7901
1820,3.7904
1821,3.7904
1822,3.7907
1823,3.7907
1824,3.791
1825,3.7912
1826,3.7912
1827,3.7914
1828,3.7915
1829,3.7917
1830,3.7918
1831,3.7922
1832,3.7922
1833,3.7925
1834,3.7926
1835,3.7928
1836,3.7929
1837,3.7931
1838,3.7933
1839,3.7934
1840,3.7936
1841,3.7937
1842,3.7939
1843,3.7939
1844,3.7942
1845,3.7944
1846,3.7945
1847,3.7947
1848,3.7949
1849,3.795
1850,3.7952
1851,3.7953
1852,3.7955
1853,3.7956
1854,3.7958
1855,3.796
1856,3.7961
1857,3.7963
1858,3.7964
1859,3.7966
1860,3.7968
1861,3.7969
1862,3.7971
1863,3.7972
1864,3.7974
1865,3.7976
1866,3.7977
1867,3.798
1868,3.798
1869,3.7983
1870,3.7985
1871,3.7987
1872,3.7988
1873,3.799
1874,3.7991
1875,3.7993
1876,3.7995
1877,3.7996
1878,3.7998
1879,3.7999
1880,3.8001
1881,3.8003
1882,3.8004
1883,3.8006
1884,3.8007
1885,3.8009
1886,3.8012
1887,3.8014
1888,3.8015
1889,3.8017
1890,3.8018
1891,3.802
1892,3.8022
1893,3.8023
1894,3.8025
1895,3.8026
1896,3.8028
1897,3.803
1898,3.8031
1899,3.8033
1900,3.8034
1901,3.8038
1902,3.8039
1903,3.8041
1904,3.8042
1905,3.8044
1906,3.8045
1907,3.8047
1908,3.8049
1909,3.805
1910,3.8052
1911,3.8053
1912,3.8057
1913,3.8058
1914,3.806
1915,3.8061
1916,3.8063
1917,3.8065
1918,3.8066
1919,3.8068
1920,3.8069
1921,3.8072
1922,3.8074
1923,3.8076
1924,3.8077
1925,3.8079
1926,3.808
1927,3.8082
1928,3.8084
1929,3.8085
1930,3.8087
1931,3.809
1932,3.8092
1933,3.8093
1934,3.8095
1935,3.8096
1936,3.8098
1937,3.8099
1938,3.8101
1939,3.8104
1940,3.8106
1941,3.8107
1942,3.8109
1943,3.8111
1944,3.8112
1945,3.8114
1946,3.8117
1947,3.8119
1948,3.812
1949,3.8122
1950,3.8123
1951,3.8125
1952,3.8126
1953,3.813
1954,3.8131
1955,3.8133
1956,3.8134
1957,3.8136
1958,3.8138
1959,3.8139
1960,3.8142
1961,3.8144
1962,3.8146
1963,3.8147
1964,3.8149
1965,3.815
1966,3.8153
1967,3.8155
1968,3.8157
1969,3.8158
1970,3.816
1971,3.8163
1972,3.8165
1973,3.8166
1974,3.8168
1975,3.8169
1976,3.8171
1977,3.8174
1978,3.8176
1979,3.8177
1980,3.8179
1981,3.818
1982,3.8184
1983,3.8185
1984,3.8187
1985,3.8188
1986,3.819
1987,3.8193
1988,3.8195
1989,3.8196
1990,3.8198
1991,3.82
1992,3.8203
1993,3.8204
1994,3.8206
1995,3.8208
1996,3.8209
1997,3.8212
1998,3.8214
1999,3.8215
2000,3.8217
2001,3.822
2002,3.8222
2003,3.8223
2004,3.8225
2005,3.8228
2006,3.823
2007,3.8231
2008,3.8233
2009,3.8235
2010,3.8238
2011,3.8239
2012,3.8241
2013,3.8244
2014,3.8246
2015,3.8247
2016,3.8249
2017,3.8252
2018,3.8254
2019,3.8255
2020,3.8257
2021,3.826
2022,3.8262
2023,3.8263
2024,3.8265
2025,3.8268
2026,3.8269
2027,3.8271
2028,3.8274
2029,3.8276
2030,3.8277
2031,3.8279
2032,3.8282
2033,3.8284
2034,3.8285
2035,3.8287
2036,3.829
2037,3.8292
2038,3.8293
2039,3.8296
2040,3.8298
2041,3.83
2042,3.8303
2043,3.8304
2044,3.8306
2045,3.8309
2046,3.8311
2047,3.8312
2048,3.8314
2049,3.8317
2050,3.8319
2051,3.832
2052,3.8323
2053,3.8325
2054,3.8327
2055,3.833
2056,3.8331
2057,3.8333
2058,3.8336
2059,3.8338
2060,3.8339
2061,3.8343
2062,3.8344
2063,3.8346
2064,3.8347
2065,3.835
2066,3.8352
2067,3.8355
2068,3.8357
2069,3.8358
2070,3.8362
2071,3.8363
2072,3.8365
2073,3.8368
2074,3.837
2075,3.8371
2076,3.8374
2077,3.8376
2078,3.8378
2079,3.8381
2080,3.8382
2081,3.8385
2082,3.8387
2083,3.8389
2084,3.8392
2085,3.8393
2086,3.8395
2087,3.8398
2088,3.84
2089,3.8403
2090,3.8405
2091,3.8406
2092,3.8409
2093,3.8411
2094,3.8414
2095,3.8416
2096,3.8417
2097,3.842
2098,3.8422
2099,3.8425
2100,3.8427
2101,3.8428
2102,3.8432
2103,3.8433
2104,3.8436
2105,3.8438
2106,3.8441
2107,3.8443
2108,3.8444
2109,3.8447
2110,3.8449
2111,3.8452
2112,3.8454
2113,3.8455
2114,3.8459
2115,3.846
2116,3.8463
2117,3.8465
2118,3.8468
2119,3.847
2120,3.8471
2121,3.8474
2122,3.8476
2123,3.8479
2124,3.8481
2125,3.8484
2126,3.8486
2127,3.8489
2128,3.849
2129,3.8492
2130,3.8495
2131,3.8497
2132,3.85
2133,3.8501
2134,3.8505
2135,3.8506
2136,3.8509
2137,3.8511
2138,3.8514
2139,3.8516
2140,3.8519
2141,3.8521
2142,3.8522
2143,3.8525
2144,3.8527
2145,3.853
2146,3.8532
2147,3.8535
2148,3.8536
2149,3.854
2150,3.8541
2151,3.8544
2152,3.8546
2153,3.8549
2154,3.8551
2155,3.8554
2156,3.8555
2157,3.8559
2158,3.856
2159,3.8563
2160,3.8565
2161,3.8568
2162,3.857
2163,3.8573
2164,3.8575
2165,3.8578
2166,3.8579
2167,3.8582
2168,3.8584
2169,3.8586
2170,3.8589
2171,3.8592
2172,3.8594
2173,3.8597
2174,3.8598
2175,3.8602
2176,3.8603
2177,3.8606
2178,3.8608
2179,3.8611
2180,3.8613
2181,3.8616
2182,3.8617
2183,3.8621
2184,3.8622
2185,3.8625
2186,3.8627
2187,3.863
2188,3.8632
2189,3.8635
2190,3.8636
2191,3.864
2192,3.8641
2193,3.8644
2194,3.8646
2195,3.8649
2196,3.8651
2197,3.8654
2198,3.8656
2199,3.8659
2200,3.866
2201,3.8663
2202,3.8665
2203,3.8668
2204,3.867
2205,3.8673
2206,3.8675
2207,3.8678
2208,3.8679
2209,3.8683
2210,3.8684
2211,3.8687
2212,3.8689
2213,3.8692
2214,3.8695
2215,3.8697
2216,3.87
2217,3.8702
2218,3.8705
2219,3.8706
2220,3.871
2221,3.8711
2222,3.8714
2223,3.8716
2224,3.8719
2225,3.8721
2226,3.8724
2227,3.8725
2228,3.8729
2229,3.873
2230,3.8733
2231,3.8735
2232,3.8738
2233,3.874
2234,3.8743
2235,3.8745
2236,3.8748
2237,3.8749
2238,3.8752
2239,3.8754
2240,3.8757
2241,3.876
2242,3.8762
2243,3.8765
2244,3.8767
2245,3.877
2246,3.8772
2247,3.8775
2248,3.8776
2249,3.8779
2250,3.8781
2251,3.8784
2252,3.8786
2253,3.8789
2254,3.8791
2255,3.8794
2256,3.8795
2257,3.8799
2258,3.88
2259,3.8803
2260,3.8805
2261,3.8808
2262,3.881
2263,3.8813
2264,3.8814
2265,3.8818
2266,3.8819
2267,3.8822
2268,3.8824
2269,3.8827
2270,3.8829
2271,3.8832
2272,3.8833
2273,3.8837
2274,3.8838
2275,3.8841
2276,3.8843
2277,3.8846
2278,3.8848
2279,3.8851
2280,3.8853
2281,3.8856
2282,3.8857
2283,3.886
2284,3.8862
2285,3.8865
2286,3.8867
2287,3.887
2288,3.8872
2289,3.8875
2290,3.8876
2291,3.888
2292,3.8881
2293,3.8884
2294,3.8886
2295,3.8889
2296,3.8891
2297,3.8894
2298,3.8895
2299,3.8899
2300,3.89
2301,3.8903
2302,3.8905
2303,3.8907
2304,3.891
2305,3.8913
2306,3.8915
2307,3.8916
2308,3.8919
2309,3.8921
2310,3.8924
2311,3.8926
2312,3.8929
2313,3.893
2314,3.8934
2315,3.8935
2316,3.8938
2317,3.894
2318,3.8943
2319,3.8945
2320,3.8948
2321,3.8949
2322,3.8951
2323,3.8954
2324,3.8956
2325,3.8959
2326,3.8961
2327,3.8964
2328,3.8965
2329,3.8969
2330,3.897
2331,3.8973
2332,3.8975
2333,3.8978
2334,3.898
2335,3.8983
2336,3.8984
2337,3.8986
2338,3.8989
2339,3.8991
2340,3.8994
2341,3.8996
2342,3.8999
2343,3.9
2344,3.9003
2345,3.9005
2346,3.9008
2347,3.901
2348,3.9013
2349,3.9015
2350,3.9016
2351,3.9019
2352,3.9021
2353,3.9024
2354,3.9026
2355,3.9029
2356,3.9031
2357,3.9034
2358,3.9035
2359,3.9038
2360,3.904
2361,3.9043
2362,3.9045
2363,3.9046
2364,3.905
2365,3.9051
2366,3.9054
2367,3.9056
2368,3.9059
2369,3.9061
2370,3.9064
2371,3.9065
2372,3.9069
2373,3.907
2374,3.9072
2375,3.9075
2376,3.9077
2377,3.908
2378,3.9081
2379,3.9085
2380,3.9086
2381,3.9089
2382,3.9091
2383,3.9094
2384,3.9096
2385,3.9099
2386,3.91
2387,3.9102
2388,3.9105
2389,3.9107
2390,3.911
2391,3.9112
2392,3.9115
2393,3.9116
2394,3.9119
2395,3.9121
2396,3.9124
2397,3.9126
2398,3.9129
2399,3.9131
2400,3.9132
2401,3.9135
2402,3.9137
2403,3.914
2404,3.9142
2405,3.9145
2406,3.9146
2407,3.915
2408,3.9151
2409,3.9154
2410,3.9156
2411,3.9159
2412,3.9161
2413,3.9162
2414,3.9166
2415,3.9167
2416,3.917
2417,3.9172
2418,3.9175
2419,3.9177
2420,3.918
2421,3.9181
2422,3.9185
2423,3.9186
2424,3.9189
2425,3.9191
2426,3.9194
2427,3.9196
2428,3.9199
2429,3.92
2430,3.9204
2431,3.9205
2432,3.9208
2433,3.921
2434,3.9213
2435,3.9215
2436,3.9218
2437,3.922
2438,3.9223
2439,3.9224
2440,3.9228
2441,3.9229
2442,3.9232
2443,3.9234
2444,3.9237
2445,3.9239
2446,3.9242
2447,3.9243
2448,3.9247
2449,3.9248
2450,3.9251
2451,3.9253
2452,3.9256
2453,3.9258
2454,3.9261
2455,3.9262
2456,3.9266
2457,3.9267
2458,3.927
2459,3.9274
2460,3.9275
2461,3.9278
2462,3.928
2463,3.9283
2464,3.9285
2465,3.9288
2466,3.9289
2467,3.9293
2468,3.9294
2469,3.9297
2470,3.9299
2471,3.9302
2472,3.9305
2473,3.9307
2474,3.931
2475,3.9312
2476,3.9315
2477,3.9316
2478,3.932
2479,3.9323
2480,3.9324
2481,3.9328
2482,3.9329
2483,3.9332
2484,3.9334
2485,3.9337
2486,3.9339
2487,3.9342
2488,3.9345
2489,3.9347
2490,3.935
2491,3.9351
2492,3.9355
2493,3.9356
2494,3.9359
2495,3.9363
2496,3.9364
2497,3.9367
2498,3.9369
2499,3.9372
2500,3.9375
2501,3.9377
2502,3.938
2503,3.9382
2504,3.9385
2505,3.9388
2506,3.939
2507,3.9393
2508,3.9394
2509,3.9398
2510,3.9401
2511,3.9402
2512,3.9405
2513,3.9407
2514,3.941
2515,3.9413
2516,3.9415
2517,3.9418
2518,3.9421
2519,3.9423
2520,3.9426
2521,3.9429
2522,3.9431
2523,3.9434
2524,3.9436
2525,3.9439
2526,3.9442
2527,3.9444
2528,3.9447
2529,3.945
2530,3.9452
2531,3.9455
2532,3.9458
2533,3.9459
2534,3.9463
2535,3.9464
2536,3.9467
2537,3.9471
2538,3.9472
2539,3.9475
2540,3.9479
2541,3.948
2542,3.9483
2543,3.9486
2544,3.9488
2545,3.9491
2546,3.9494
2547,3.9496
2548,3.9499
2549,3.9502
2550,3.9506
2551,3.9507
2552,3.951
2553,3.9513
2554,3.9515
2555,3.9518
2556,3.9521
2557,3.9523
2558,3.9526
2559,3.9529
2560,3.9531
2561,3.9534
2562,3.9537
2563,3.9539
2564,3.9542
2565,3.9545
2566,3.9547
2567,3.955
2568,3.9553
2569,3.9556
2570,3.9558
2571,3.9561
2572,3.9564
2573,3.9566
2574,3.9569
2575,3.9572
2576,3.9575
2577,3.9577
2578,3.958
2579,3.9583
2580,3.9585
2581,3.9588
2582,3.9591
2583,3.9595
2584,3.9596
2585,3.9599
2586,3.9602
2587,3.9604
2588,3.9607
2589,3.961
2590,3.9614
2591,3.9615
2592,3.9618
2593,3.9622
2594,3.9623
2595,3.9626
2596,3.9629
2597,3.9633
2598,3.9634
2599,3.9637
2600,3.9641
2601,3.9642
2602,3.9645
2603,3.9649
2604,3.9652
2605,3.9653
2606,3.9656
2607,3.966
2608,3.9661
2609,3.9664
2610,3.9668
2611,3.9671
2612,3.9672
2613,3.9676
2614,3.9679
2615,3.968
2616,3.9683
2617,3.9687
2618,3.969
2619,3.9691
2620,3.9695
2621,3.9698
2622,3.9699
2623,3.9703
2624,3.9706
2625,3.9709
2626,3.971
2627,3.9714
2628,3.9717
2629,3.9718
2630,3.9722
2631,3.9725
2632,3.9728
2633,3.973
2634,3.9733
2635,3.9736
2636,3.9738
2637,3.9741
2638,3.9744
2639,3.9745
2640,3.9749
2641,3.9752
2642,3.9753
2643,3.9757
2644,3.976
2645,3.9763
2646,3.9765
2647,3.9768
2648,3.9771
2649,3.9772
2650,3.9776
2651,3.9779
2652,3.978
2653,3.9784
2654,3.9787
2655,3.9788
2656,3.9792
2657,3.9795
2658,3.9796
2659,3.9799
2660,3.9803
2661,3.9804
2662,3.9807
2663,3.9811
2664,3.9812
2665,3.9815
2666,3.9819
2667,3.982
2668,3.9823
2669,3.9825
2670,3.9828
2671,3.9831
2672,3.9833
2673,3.9836
2674,3.9839
2675,3.9841
2676,3.9844
2677,3.9846
2678,3.9849
2679,3.9852
2680,3.9853
2681,3.9857
2682,3.986
2683,3.9861
2684,3.9865
2685,3.9866
2686,3.9869
2687,3.9873
2688,3.9874
2689,3.9877
2690,3.9879
2691,3.9882
2692,3.9884
2693,3.9887
2694,3.989
2695,3.9892
2696,3.9895
2697,3.9896
2698,3.99
2699,3.9901
2700,3.9904
2701,3.9906
2702,3.9909
2703,3.9911
2704,3.9914
2705,3.9917
2706,3.9919
2707,3.9922
2708,3.9923
2709,3.9927
2710,3.9928
2711,3.9931
2712,3.9933
2713,3.9936
2714,3.9938
2715,3.9941
2716,3.9942
2717,3.9946
2718,3.9947
2719,3.995
2720,3.9952
2721,3.9955
2722,3.9957
2723,3.9958
2724,3.9962
2725,3.9963
2726,3.9966
2727,3.9968
2728,3.9971
2729,3.9973
2730,3.9976
2731,3.9977
2732,3.9979
2733,3.9982
2734,3.9984
2735,3.9987
2736,3.9989
2737,3.999
2738,3.9993
2739,3.9995
2740,3.9998
2741,4.0
2742,4.0001
2743,4.0004
2744,4.0006
2745,4.0009
2746,4.0011
2747,4.0012
2748,4.0016
2749,4.0017
2750,4.0019
2751,4.0022
2752,4.0023
2753,4.0025
2754,4.0028
2755,4.003
2756,4.0031
2757,4.0035
2758,4.0036
2759,4.0038
2760,4.0041
2761,4.0043
2762,4.0044
2763,4.0047
2764,4.0049
2765,4.005
2766,4.0052
2767,4.0055
2768,4.0057
2769,4.0058
2770,4.0062
2771,4.0063
2772,4.0065
2773,4.0066
2774,4.007
2775,4.0071
2776,4.0073
2777,4.0074
2778,4.0078
2779,4.0079
2780,4.0081
2781,4.0082
2782,4.0085
2783,4.0087
2784,4.0089
2785,4.009
2786,4.0092
2787,4.0095
2788,4.0097
2789,4.0098
2790,4.01
2791,4.0101
2792,4.0103
2793,4.0106
2794,4.0108
2795,4.0109
2796,4.0111
2797,4.0112
2798,4.0116
2799,4.0117
2800,4.0119
2801,4.012
2802,4.0122
2803,4.0124
2804,4.0127
2805,4.0128
2806,4.013
2807,4.0132
2808,4.0133
2809,4.0135
2810,4.0136
2811,4.0139
2812,4.0141
2813,4.0143
2814,4.0144
2815,4.0146
2816,4.0147
2817,4.0149
2818,4.0152
2819,4.0154
2820,4.0155
2821,4.0157
2822,4.0159
2823,4.016
2824,4.0162
2825,4.0163
2826,4.0165
2827,4.0166
2828,4.0168
2829,4.017
2830,4.0173
2831,4.0174
2832,4.0176
2833,4.0178
2834,4.0179
2835,4.0181
2836,4.0182
2837,4.0184
2838,4.0186
2839,4.0187
2840,4.0189
2841,4.019
2842,4.0192
2843,4.0193
2844,4.0195
2845,4.0197
2846,4.0198
2847,4.02
2848,4.0203
2849,4.0205
2850,4.0206
2851,4.0208
2852,4.0209
2853,4.0211
2854,4.0213
2855,4.0214
2856,4.0216
2857,4.0217
2858,4.0219
2859,4.022
2860,4.0222
2861,4.0224
2862,4.0225
2863,4.0227
2864,4.0228
2865,4.023
2866,4.0232
2867,4.0233
2868,4.0235
2869,4.0236
2870,4.0238
2871,4.024
2872,4.0241
2873,4.0243
2874,4.0244
2875,4.0246
2876,4.0248
2877,4.0249
2878,4.0251
2879,4.0252
2880,4.0254
2881,4.0255
2882,4.0257
2883,4.0259
2884,4.026
2885,4.0262
2886,4.0263
2887,4.0265
2888,4.0267
2889,4.0268
2890,4.027
2891,4.0271
2892,4.0273
2893,4.0275
2894,4.0276
2895,4.0278
2896,4.0279
2897,4.0281
2898,4.0282
2899,4.0284
2900,4.0286
2901,4.0287
2902,4.0289
2903,4.029
2904,4.0292
2905,4.0294
2906,4.0295
2907,4.0297
2908,4.0298
2909,4.03
2910,4.0302
2911,4.0303
2912,4.0305
2913,4.0306
2914,4.0308
2915,4.0309
2916,4.0311
2917,4.0313
2918,4.0314
2919,4.0316
2920,4.0317
2921,4.0319
2922,4.0321
2923,4.0322
2924,4.0324
2925,4.0325
2926,4.0327
2927,4.0329
2928,4.033
2929,4.0333
2930,4.0333
2931,4.0335
2932,4.0338
2933,4.034
2934,4.0341
2935,4.0343
2936,4.0344
2937,4.0346
2938,4.0348
2939,4.0349
2940,4.0351
2941,4.0352
2942,4.0354
2943,4.0356
2944,4.0357
2945,4.0359
2946,4.036
2947,4.0362
2948,4.0365
2949,4.0367
2950,4.0368
2951,4.037
2952,4.0371
2953,4.0373
2954,4.0375
2955,4.0376
2956,4.0378
2957,4.0379
2958,4.0383
2959,4.0384
2960,4.0386
2961,4.0387
2962,4.0389
2963,4.0391
2964,4.0392
2965,4.0394
2966,4.0397
2967,4.0398
2968,4.04
2969,4.0402
2970,4.0403
2971,4.0405
2972,4.0406
2973,4.041
2974,4.0411
2975,4.0413
2976,4.0414
2977,4.0416
2978,4.0419
2979,4.0421
2980,4.0422
2981,4.0424
2982,4.0425
2983,4.0429
2984,4.043
2985,4.0432
2986,4.0433
2987,4.0437
2988,4.0438
2989,4.044
2990,4.0441
2991,4.0443
2992,4.0446
2993,4.0448
2994,4.0449
2995,4.0451
2996,4.0454
2997,4.0456
2998,4.0457
2999,4.046
3000,4.0462
3001,4.0464
3002,4.0467
3003,4.0468
3004,4.047
3005,4.0473
3006,4.0475
3007,4.0476
3008,4.0479
3009,4.0481
3010,4.0483
3011,4.0486
3012,4.0487
3013,4.0489
3014,4.0492
3015,4.0494
3016,4.0495
3017,4.0499
3018,4.05
3019,4.0503
3020,4.0505
3021,4.0506
3022,4.051
3023,4.0511
3024,4.0514
3025,4.0516
3026,4.0519
3027,4.0521
3028,4.0524
3029,4.0526
3030,4.0527
3031,4.053
3032,4.0532
3033,4.0535
3034,4.0537
3035,4.054
3036,4.0541
3037,4.0545
3038,4.0546
3039,4.0549
3040,4.0553
3041,4.0554
3042,4.0557
3043,4.0559
3044,4.0562
3045,4.0564
3046,4.0567
3047,4.0568
3048,4.0572
3049,4.0575
3050,4.0576
3051,4.058
3052,4.0581
3053,4.0584
3054,4.0588
3055,4.0589
3056,4.0592
3057,4.0594
3058,4.0597
3059,4.06
3060,4.0602
3061,4.0605
3062,4.0608
3063,4.061
3064,4.0613
3065,4.0616
3066,4.0619
3067,4.0621
3068,4.0624
3069,4.0627
3070,4.0629
3071,4.0632
3072,4.0635
3073,4.0637
3074,4.064
3075,4.0643
3076,4.0646
3077,4.0648
3078,4.0651
3079,4.0654
3080,4.0657
3081,4.0659
3082,4.0662
3083,4.0665
3084,4.0669
3085,4.0672
3086,4.0673
3087,4.0676
3088,4.068
3089,4.0683
3090,4.0686
3091,4.0688
3092,4.0691
3093,4.0694
3094,4.0697
3095,4.07
3096,4.0702
3097,4.0705
3098,4.0708
3099,4.0711
3100,4.0715
3101,4.0718
3102,4.0721
3103,4.0723
3104,4.0726
3105,4.0729
3106,4.0732
3107,4.0735
3108,4.0738
3109,4.0742
3110,4.0745
3111,4.0746
3112,4.075
3113,4.0753
3114,4.0756
3115,4.0759
3116,4.0762
3117,4.0765
3118,4.0769
3119,4.0772
3120,4.0775
3121,4.0777
3122,4.078
3123,4.0783
3124,4.0786
3125,4.0789
3126,4.0792
3127,4.0796
3128,4.0799
3129,4.0802
3130,4.0805
3131,4.0808
3132,4.0812
3133,4.0815
3134,4.0816
3135,4.0819
3136,4.0823
3137,4.0826
3138,4.0829
3139,4.0832
3140,4.0835
3141,4.0839
3142,4.0842
3143,4.0845
3144,4.0848
3145,4.0851
3146,4.0854
3147,4.0858
3148,4.0861
3149,4.0864
3150,4.0867
3151,4.087
3152,4.0873
3153,4.0877
3154,4.088
3155,4.0881
3156,4.0886
3157,4.0888
3158,4.0891
3159,4.0894
3160,4.0897
3161,4.09
3162,4.0904
3163,4.0907
3164,4.091
3165,4.0913
3166,4.0916
3167,4.092
3168,4.0923
3169,4.0926
3170,4.0929
3171,4.0932
3172,4.0935
3173,4.0939
3174,4.0942
3175,4.0943
3176,4.0947
3177,4.095
3178,4.0953
3179,4.0956
3180,4.0959
3181,4.0962
3182,4.0966
3183,4.0969
3184,4.0972
3185,4.0975
3186,4.0978
3187,4.0982
3188,4.0985
3189,4.0988
3190,4.0991
3191,4.0993
3192,4.0996
3193,4.0999
3194,4.1002
3195,4.1005
3196,4.1009
3197,4.1012
3198,4.1015
3199,4.1018
3200,4.1021
3201,4.1024
3202,4.1026
3203,4.1029
3204,4.1032
3205,4.1036
3206,4.1039
3207,4.1042
3208,4.1045
3209,4.1047
3210,4.105
3211,4.1053
3212,4.1056
3213,4.1059
3214,4.1063
3215,4.1066
3216,4.1067
3217,4.107
3218,4.1074
3219,4.1077
3220,4.108
3221,4.1083
3222,4.1086
3223,4.1088
3224,4.1091
3225,4.1094
3226,4.1098
3227,4.1101
3228,4.1104
3229,4.1105
3230,4.1109
3231,4.1112
3232,4.1115
3233,4.1118
3234,4.112
3235,4.1123
3236,4.1126
3237,4.1129
3238,4.1131
3239,4.1134
3240,4.1137
3241,4.114
3242,4.1142
3243,4.1145
3244,4.1148
3245,4.1152
3246,4.1153
3247,4.1156
3248,4.1159
3249,4.1163
3250,4.1164
3251,4.1167
3252,4.1171
3253,4.1172
3254,4.1175
3255,4.1179
3256,4.1182
3257,4.1183
3258,4.1186
3259,4.119
3260,4.1191
3261,4.1194
3262,4.1198
3263,4.1199
3264,4.1202
3265,4.1206
3266,4.1207
3267,4.121
3268,4.1213
3269,4.1215
3270,4.1218
3271,4.122
3272,4.1223
3273,4.1226
3274,4.1228
3275,4.1231
3276,4.1234
3277,4.1236
3278,4.1239
3279,4.1241
3280,4.1244
3281,4.1247
3282,4.1248
3283,4.1252
3284,4.1253
3285,4.1256
3286,4.1258
3287,4.1261
3288,4.1263
3289,4.1266
3290,4.1268
3291,4.1271
3292,4.1274
3293,4.1275
3294,4.1279
3295,4.128
3296,4.1283
3297,4.1285
3298,4.1288
3299,4.129
3300,4.1293
3301,4.1295
3302,4.1298
3303,4.1299
3304,4.1301
3305,4.1304
3306,4.1306
3307,4.1309
3308,4.131
3309,4.1314
3310,4.1315
3311,4.1318
3312,4.132
3313,4.1322
3314,4.1325
3315,4.1326
3316,4.1328
3317,4.1331
3318,4.1333
3319,4.1336
3320,4.1337
3321,4.1339
3322,4.1342
3323,4.1344
3324,4.1345
3325,4.1349
3326,4.135
3327,4.1353
3328,4.1355
3329,4.1356
3330,4.136
3331,4.1361
3332,4.1363
3333,4.1366
3334,4.1368
3335,4.1369
3336,4.1371
3337,4.1374
3338,4.1376
3339,4.1377
3340,4.1379
3341,4.1382
3342,4.1383
3343,4.1385
3344,4.1388
3345,4.139
3346,4.1391
3347,4.1393
3348,4.1396
3349,4.1398
3350,4.1399
3351,4.1401
3352,4.1403
3353,4.1406
3354,4.1407
3355,4.1409
3356,4.141
3357,4.1412
3358,4.1414
3359,4.1417
3360,4.1418
3361,4.142
3362,4.1422
3363,4.1423
3364,4.1425
3365,4.1428
3366,4.143
3367,4.1431
3368,4.1433
3369,4.1434
3370,4.1436
3371,4.1438
3372,4.1439
3373,4.1442
3374,4.1444
3375,4.1445
3376,4.1447
3377,4.1449
3378,4.145
3379,4.1452
3380,4.1453
3381,4.1455
3382,4.1457
3383,4.1458
3384,4.146
3385,4.1461
3386,4.1463
3387,4.1465
3388,4.1466
3389,4.1468
3390,4.1469
3391,4.1471
3392,4.1472
3393,4.1474
3394,4.1476
3395,4.1477
3396,4.1479
3397,4.148
3398,4.1482
3399,4.1484
3400,4.1485
3401,4.1487
3402,4.1488
3403,4.149
3404,4.1492
3405,4.1493
3406,4.1495
3407,4.1496
3408,4.1498
3409,4.1499
3410,4.1499
3411,4.1501
3412,4.1503
3413,4.1504
3414,4.1506
3415,4.1507
3416,4.1509
3417,4.1511
3418,4.1512
3419,4.1514
3420,4.1514
3421,4.1515
3422,4.1517
3423,4.1519
3424,4.152
3425,4.1522
3426,4.1522
3427,4.1523
3428,4.1525
3429,4.1526
3430,4.1528
3431,4.153
3432,4.153
3433,4.1531
3434,4.1533
3435,4.1534
3436,4.1536
3437,4.1536
3438,4.1538
3439,4.1539
3440,4.1541
3441,4.1542
3442,4.1542
3443,4.1544
3444,4.1546
3445,4.1547
3446,4.1547
3447,4.1549
3448,4.155
3449,4.1552
3450,4.1552
3451,4.1553
3452,4.1555
3453,4.1555
3454,4.1557
3455,4.1558
3456,4.156
3457,4.156
3458,4.1561
3459,4.1563
3460,4.1565
3461,4.1565
3462,4.1566
3463,4.1568
3464,4.1568
3465,4.1569
3466,4.1571
3467,4.1571
3468,4.1573
3469,4.1574
3470,4.1574
3471,4.1576
3472,4.1577
3473,4.1577
3474,4.1579
3475,4.158
3476,4.158
3477,4.1582
3478,4.1582
3479,4.1584
3480,4.1585
3481,4.1585
3482,4.1587
3483,4.1588
3484,4.1588
3485,4.159
3486,4.159
3487,4.1592
3488,4.1593
3489,4.1593
3490,4.1595
3491,4.1595
3492,4.1596
3493,4.1596
3494,4.1598
3495,4.16
3496,4.16
3497,4.1601
3498,4.1601
3499,4.1603
3500,4.1604
3501,4.1604
3502,4.1606
3503,4.1606
3504,4.1608
3505,4.1608
3506,4.1609
3507,4.1609
3508,4.1611
3509,4.1611
3510,4.1612
3511,4.1614
3512,4.1614
3513,4.1615
3514,4.1615
3515,4.1617
3516,4.1617
3517,4.1619
3518,4.1619
3519,4.162
3520,4.162
3521,4.1622
3522,4.1622
3523,4.1623
3524,4.1623
3525,4.1625
3526,4.1625
3527,4.1627
3528,4.1628
3529,4.1628
3530,4.163
3531,4.163
3532,4.1631
3533,4.1631
3534,4.1633
3535,4.1633
3536,4.1635
3537,4.1635
3538,4.1636
3539,4.1636
3540,4.1638
3541,4.1638
3542,4.1639
3543,4.1639
3544,4.1641
3545,4.1641
3546,4.1642
3547,4.1642
3548,4.1644
3549,4.1644
3550,4.1646
3551,4.1646
3552,4.1647
3553,4.1647
3554,4.1649
3555,4.1649
3556,4.165
3557,4.165
3558,4.1652
3559,4.1652
3560,4.1654
3561,4.1654
3562,4.1655
3563,4.1655
3564,4.1657
3565,4.1657
3566,4.1658
3567,4.1658
3568,4.166
3569,4.1662
3570,4.1662
3571,4.1662
3572,4.1663
3573,4.1665
3574,4.1665
3575,4.1666
3576,4.1666
3577,4.1668
3578,4.1668
3579,4.1669
3580,4.1669
3581,4.1671
3582,4.1671
3583,4.1673
3584,4.1673
3585,4.1674
3586,4.1674
3587,4.1676
3588,4.1676
3589,4.1677
3590,4.1677
3591,4.1679
3592,4.1681
3593,4.1681
3594,4.1682
3595,4.1682
3596,4.1684
3597,4.1684
3598,4.1685
3599,4.1685
3600,4.1687
3601,4.1687
3602,4.1689
3603,4.169
3604,4.169
3605,4.1692
3606,4.1692
3607,4.1693
3608,4.1693
3609,4.1695
3610,4.1695
3611,4.1696
3612,4.1698
3613,4.1698
3614,4.17
3615,4.17
3616,4.1701
3617,4.1703
3618,4.1703
3619,4.1704
3620,4.1704
3621,4.1706
3622,4.1708
3623,4.1708
3624,4.1709
3625,4.1709
3626,4.1711
3627,4.1712
3628,4.1712
3629,4.1714
3630,4.1714
3631,4.1716
3632,4.1717
3633,4.1717
3634,4.1719
3635,4.172
3636,4.172
3637,4.1722
3638,4.1723
3639,4.1723
3640,4.1725
3641,4.1727
3642,4.1727
3643,4.1728
3644,4.173
3645,4.173
3646,4.1731
3647,4.1733
3648,4.1733
3649,4.1735
3650,4.1736
3651,4.1736
3652,4.1738
3653,4.1739
3654,4.1739
3655,4.1741
3656,4.1743
3657,4.1744
3658,4.1744
3659,4.1746
3660,4.1747
3661,4.1749
3662,4.1749
3663,4.1751
3664,4.1752
3665,4.1752
3666,4.1754
3667,4.1755
3668,4.1757
3669,4.1757
3670,4.1758
3671,4.176
3672,4.1762
3673,4.1763
3674,4.1763
3675,4.1765
3676,4.1766
3677,4.1768
3678,4.177
3679,4.1771
3680,4.1771
3681,4.1773
3682,4.1774
3683,4.1776
3684,4.1778
3685,4.1779
3686,4.1779
3687,4.1781
3688,4.1782
3689,4.1784
3690,4.1785
3691,4.1787
3692,4.1789
3693,4.179
3694,4.179
3695,4.1792
3696,4.1793
3697,4.1795
3698,4.1797
3699,4.1798
3700,4.18
3701,4.1801
3702,4.1803
3703,4.1805
3704,4.1806
3705,4.1808
3706,4.1809
3707,4.1811
3708,4.1812
3709,4.1814
3710,4.1816
3711,4.1817
3712,4.1819
3713,4.182
3714,4.1822
3715,4.1824
3716,4.1825
3717,4.1827
3718,4.1828
3719,4.183
3720,4.1832
3721,4.1833
3722,4.1836
3723,4.1838
3724,4.1839
3725,4.1841
3726,4.1843
3727,4.1844
3728,4.1846
3729,4.1849
3730,4.1851
3731,4.1852
3732,4.1854
3733,4.1855
3734,4.1859
3735,4.186
3736,4.1862
3737,4.1863
3738,4.1866
3739,4.1868
3740,4.187
3741,4.1871
3742,4.1874
3743,4.1876
3744,4.1878
3745,4.1881
3746,4.1882
3747,4.1884
3748,4.1887
3749,4.1889
3750,4.189
3751,4.1893
3752,4.1895
3753,4.1897
3754,4.19
3755,4.1901
3756,4.1905
3757,4.1906
3758,4.1909
3759,4.1911
3760,4.1914
3761,4.1916
3762,4.1919
3763,4.192
3764,4.1924
3765,4.1927
3766,4.1928
3767,4.1932
3768,4.1933
3769,4.1936
3770,4.194
3771,4.1941
3772,4.1944
3773,4.1948
3774,4.1949
3775,4.1952
3776,4.1955
3777,4.1959
3778,4.196
3779,4.1963
3780,4.1967
3781,4.197
3782,4.1973
3783,4.1975
3784,4.1978
3785,4.1981
3786,4.1984
3787,4.1987
3788,4.199
3789,4.1994
3790,4.1997
3791,4.2
3792,4.2003
3793,4.2006
3794,4.2009
3795,4.2013
3796,4.2016
3797,4.2019
3798,4.2022
3799,4.2025
3800,4.203
3801,4.2033
3802,4.2036
3803,4.204
3804,4.2043
3805,4.2048
3806,4.2051
3807,4.2056
3808,4.2059
3809,4.2062
3810,4.2067
3811,4.207
3812,4.2073
3813,4.2078
3814,4.2081
3815,4.2086
3816,4.2089
3817,4.2094
3818,4.2098
3819,4.2102
3820,4.2106
3821,4.211
3822,4.2114
3823,4.2119
3824,4.2122
3825,4.2127
3826,4.2132
3827,4.2137
3828,4.2141
3829,4.2145
3830,4.2149
3831,4.2154
3832,4.2159
3833,4.2164
3834,4.2168
3835,4.2173
3836,4.2178
3837,4.2183
3838,4.2187
3839,4.2194
3840,4.2199
3841,4.2203
3842,4.2208
3843,4.2213
3844,4.2219
3845,4.2224
3846,4.2229
3847,4.2235
3848,4.224
3849,4.2246
3850,4.2251
3851,4.2257
3852,4.2262
3853,4.2268
3854,4.2273
3855,4.228
3856,4.2286
3857,4.2291
3858,4.2297
3859,4.2303
3860,4.231
3861,4.2316
3862,4.2321
3863,4.2327
3864,4.2334
3865,4.234
3866,4.2346
3867,4.2353
3868,4.2359
3869,4.2367
3870,4.2373
3871,4.238
3872,4.2386
3873,4.2386
3874,4.2392
3875,4.2392
3876,4.24
3877,4.24
3878,4.2407
3879,4.2407
3880,4.2413
3881,4.2413
3882,4.2421
3883,4.2421
3884,4.2427
3885,4.2427
3886,4.2435
3887,4.2435
3888,4.2442
3889,4.2442
3890,4.245
3891,4.245
3892,4.2456
3893,4.2456
3894,4.2464
3895,4.2464
3896,4.2472
3897,4.2472
3898,4.2478
3899,4.2478
3900,4.2486
3901,4.2486
3902,4.2494
3903,4.2494
3904,4.2502
3905,4.2502
3906,4.251
3907,4.251
3908,4.2516
3909,4.2516
3910,4.2524
3911,4.2524
3912,4.2532
3913,4.2532
3914,4.254
3915,4.2548
3916,4.2558
3917,4.2566
3918,4.2573
3919,4.2581
3920,4.2589
3921,4.2599
3922,4.2607
3923,4.2615
3924,4.2623
3925,4.2632
3926,4.264
3927,4.265
3928,4.2658
3929,4.2667
3930,4.2677
3931,4.2685
3932,4.2694
3933,4.2704
3934,4.2712
3935,4.2721
3936,4.2731
3937,4.274
3938,4.275
3939,4.2759
3940,4.2769
3941,4.2778
3942,4.2788
3943,4.2798
3944,4.2807
3945,4.2818
3946,4.2828
3947,4.2837
3948,4.2847
3949,4.2858
3950,4.2867
3951,4.2877
3952,4.2888
3953,4.2898
3954,4.2909
3955,4.2918
3956,4.2929
3957,4.294
3958,4.295
3959,4.2961
3960,4.2972
3961,4.2982
3962,4.2993
3963,4.3004
3964,4.3002
3965,4.3002
3966,4.3002
3967,4.3002
3968,4.3002
3969,4.3002
3970,4.3002
3971,4.2979
3972,4.296
3973,4.2952
3974,4.2945
3975,4.2941
3976,4.2936
3977,4.2933
3978,4.293
3979,4.2926
3980,4.2923
3981,4.2922
3982,4.292
3983,4.2918
3984,4.2915
3985,4.2914
3986,4.2912
3987,4.2911
3988,4.2909
3989,4.2909
3990,4.2907
3991,4.2906
3992,4.2904
3993,4.2904
3994,4.2903
3995,4.2901
3996,4.2901
3997,4.2899
3998,4.2898
3999,4.2898
4000,4.2896
4001,4.2896
4002,4.2895
4003,4.2895
4004,4.2893
4005,4.2893
4006,4.2891
4007,4.2891
4008,4.289
4009,4.289
4010,4.2888
4011,4.2888
4012,4.2887
4013,4.2887
4014,4.2887
4015,4.2885
4016,4.2885
4017,4.2884
4018,4.2884
4019,4.2884
4020,4.2882
4021,4.2882
4022,4.288
4023,4.288
4024,4.288
4025,4.2879
4026,4.2879
4027,4.2879
4028,4.2877
4029,4.2877
4030,4.2877
4031,4.2877
4032,4.2876
4033,4.2876
4034,4.2874
4035,4.2874
4036,4.2874
4037,4.2874
4038,4.2872
4039,4.2872
4040,4.2872
4041,4.2871
4042,4.2871
4043,4.2871
4044,4.2869
4045,4.2869
4046,4.2869
4047,4.2869
4048,4.2869
4049,4.2868
4050,4.2868
4051,4.2868
4052,4.2866
4053,4.2866
4054,4.2866
4055,4.2866
4056,4.2864
4057,4.2864
4058,4.2864
4059,4.2864
4060,4.2863
4061,4.2863
4062,4.2863
4063,4.2863
4064,4.2861
4065,4.2861
4066,4.2861
4067,4.2861
4068,4.286
4069,4.286
4070,4.286
4071,4.286
4072,4.286
4073,4.2858
4074,4.2858
4075,4.2858
4076,4.2858
4077,4.2858
4078,4.2857
4079,4.2857
4080,4.2857
4081,4.2857
4082,4.2855
4083,4.2855
4084,4.2855
4085,4.2855
4086,4.2855
4087,4.2853
4088,4.2853
4089,4.2853
4090,4.2853
4091,4.2853
4092,4.2852
4093,4.2852
4094,4.2852
4095,4.2852
4096,4.2852
4097,4.2852
4098,4.285
4099,4.285
4100,4.285
4101,4.285
4102,4.2849
4103,4.2849
4104,4.2849
4105,4.2849
4106,4.2849
4107,4.2849
4108,4.2847
4109,4.2847
4110,4.2847
4111,4.2847
4112,4.2847
4113,4.2847
4114,4.2845
4115,4.2845
4116,4.2845
4117,4.2845
4118,4.2845
4119,4.2845
4120,4.2844
4121,4.2844
4122,4.2844
4123,4.2844
4124,4.2844
4125,4.2842
4126,4.2842
4127,4.2842
4128,4.2842
4129,4.2842
4130,4.2842
4131,4.2842
4132,4.2841
4133,4.2841
4134,4.2841
4135,4.2841
4136,4.2841
4137,4.2841
4138,4.2839
4139,4.2839
4140,4.2839
4141,4.2839
4142,4.2839
4143,4.2839
4144,4.2837
4145,4.2837
4146,4.2837
4147,4.2837
4148,4.2837
4149,4.2837
4150,4.2837
4151,4.2836
4152,4.2783
4153,4.2739
4154,4.2717
4155,4.2698
4156,4.268
4157,4.2664
4158,4.2648
4159,4.2634
4160,4.262
4161,4.2607
4162,4.2593
4163,4.2582
4164,4.2569
4165,4.2556
4166,4.2545
4167,4.2534
4168,4.2521
4169,4.251
4170,4.2499
4171,4.2488
4172,4.2478
4173,4.2467
4174,4.2456
4175,4.2447
4176,4.2436
4177,4.2426
4178,4.2415
4179,4.2405
4180,4.2396
4181,4.2386
4182,4.2377
4183,4.2367
4184,4.2358
4185,4.2348
4186,4.2339
4187,4.2329
4188,4.2321
4189,4.2312
4190,4.2302
4191,4.2294
4192,4.2285
4193,4.2277
4194,4.2269
4195,4.2259
4196,4.2251
4197,4.2243
4198,4.2235
4199,4.2227
4200,4.2219
4201,4.2212
4202,4.2204
4203,4.2196
4204,4.2188
4205,4.218
4206,4.2172
4207,4.2165
4208,4.2158
4209,4.215
4210,4.2143
4211,4.2135
4212,4.2129
4213,4.2121
4214,4.2115
4215,4.2108
4216,4.21
4217,4.2094
4218,4.2088
4219,4.208
4220,4.2073
4221,4.2067
4222,4.2061
4223,4.2054
4224,4.2048
4225,4.2042
4226,4.2035
4227,4.203
4228,4.2024
4229,4.2018
4230,4.2011
4231,4.2005
4232,4.2
4233,4.1994
4234,4.1989
4235,4.1983
4236,4.1978
4237,4.1972
4238,4.1967
4239,4.1961
4240,4.1956
4241,4.1951
4242,4.1945
4243,4.194
4244,4.1935
4245,4.193
4246,4.1924
4247,4.1919
4248,4.1914
4249,4.191
4250,4.1905
4251,4.19
4252,4.1895
4253,4.1891
4254,4.1887
4255,4.1883
4256,4.1878
4257,4.1873
4258,4.1868
4259,4.1864
4260,4.186
4261,4.1856
4262,4.1853
4263,4.1848
4264,4.1843
4265,4.184
4266,4.1835
4267,4.1832
4268,4.1827
4269,4.1824
4270,4.1819
4271,4.1816
4272,4.1811
4273,4.1808
4274,4.1805
4275,4.1802
4276,4.1797
4277,4.1794
4278,4.1791
4279,4.1787
4280,4.1783
4281,4.1779
4282,4.1776
4283,4.1773
4284,4.177
4285,4.1767
4286,4.1764
4287,4.176
4288,4.1757
4289,4.1754
4290,4.1751
4291,4.1748
4292,4.1745
4293,4.1741
4294,4.1738
4295,4.1735
4296,4.1732
4297,4.173
4298,4.1727
4299,4.1724
4300,4.1721
4301,4.1719
4302,4.1716
4303,4.1713
4304,4.171
4305,4.1708
4306,4.1705
4307,4.1702
4308,4.17
4309,4.1697
4310,4.1695
4311,4.1692
4312,4.1689
4313,4.1687
4314,4.1684
4315,4.1683
4316,4.1679
4317,4.1678
4318,4.1675
4319,4.1673
4320,4.1671
4321,4.1668
4322,4.1667
4323,4.1663
4324,4.1662
4325,4.166
4326,4.1657
4327,4.1656
4328,4.1654
4329,4.1651
4330,4.1649
4331,4.1648
4332,4.1644
4333,4.1643
4334,4.1641
4335,4.164
4336,4.1636
4337,4.1635
4338,4.1633
4339,4.1632
4340,4.163
4341,4.1627
4342,4.1625
4343,4.1624
4344,4.1622
4345,4.1621
4346,4.1619
4347,4.1617
4348,4.1616
4349,4.1613
4350,4.1611
4351,4.1609
4352,4.1608
4353,4.1606
4354,4.1605
4355,4.1603
4356,4.1602
4357,4.16
4358,4.1598
4359,4.1597
4360,4.1595
4361,4.1594
4362,4.1592
4363,4.159
4364,4.1589
4365,4.1587
4366,4.1586
4367,4.1584
4368,4.1582
4369,4.1581
4370,4.1581
4371,4.1579
4372,4.1578
4373,4.1576
4374,4.1575
4375,4.1573
4376,4.1571
4377,4.157
4378,4.1568
4379,4.1568
4380,4.1567
4381,4.1565
4382,4.1563
4383,4.1562
4384,4.1562
4385,4.156
4386,4.1559
4387,4.1557
4388,4.1555
4389,4.1555
4390,4.1554
4391,4.1552
4392,4.1551
4393,4.1551
4394,4.1549
4395,4.1548
4396,4.1546
4397,4.1544
4398,4.1544
4399,4.1543
4400,4.1541
4401,4.1541
4402,4.154
4403,4.1538
4404,4.1538
4405,4.1536
4406,4.1535
4407,4.1533
4408,4.1533
4409,4.1532
4410,4.153
4411,4.153
4412,4.1528
4413,4.1527
4414,4.1527
4415,4.1525
4416,4.1524
4417,4.1524
4418,4.1522
4419,4.1522
4420,4.1521
4421,4.1519
4422,4.1519
4423,4.1517
4424,4.1516
4425,4.1516
4426,4.1514
4427,4.1514
4428,4.1513
4429,4.1513
4430,4.1511
4431,4.1509
4432,4.1509
4433,4.1508
4434,4.1508
4435,4.1506
4436,4.1506
4437,4.1505
4438,4.1503
4439,4.1503
4440,4.1501
4441,4.1501
4442,4.15
4443,4.15
4444,4.1498
4445,4.1498
4446,4.1497
4447,4.1495
4448,4.1495
4449,4.1494
4450,4.1494
4451,4.1492
4452,4.1492
4453,4.149
4454,4.149
4455,4.1489
4456,4.1489
4457,4.1487
4458,4.1487
4459,4.1486
4460,4.1486
4461,4.1484
4462,4.1484
4463,4.1482
4464,4.1482
4465,4.1481
4466,4.1481
4467,4.1479
4468,4.1479
4469,4.1478
4470,4.1478
4471,4.1476
4472,4.1476
4473,4.1474
4474,4.1474
4475,4.1473
4476,4.1473
4477,4.1471
4478,4.1471
4479,4.147
4480,4.147
4481,4.1468
4482,4.1468
4483,4.1466
4484,4.1466
4485,4.1465
4486,4.1465
4487,4.1465
4488,4.1463
4489,4.1463
4490,4.1462
4491,4.1462
4492,4.146
4493,4.146
4494,4.1459
4495,4.1459
4496,4.1459
4497,4.1457
4498,4.1457
4499,4.1455
4500,4.1454
4501,4.1454
4502,4.1454
4503,4.1452
4504,4.1452
4505,4.1451
4506,4.1451
4507,4.1449
4508,4.1449
4509,4.1447
4510,4.1447
4511,4.1447
4512,4.1446
4513,4.1446
4514,4.1444
4515,4.1444
4516,4.1443
4517,4.1443
4518,4.1443
4519,4.1441
4520,4.1441
4521,4.1439
4522,4.1439
4523,4.1438
4524,4.1438
4525,4.1436
4526,4.1436
4527,4.1436
4528,4.1435
4529,4.1435
4530,4.1433
4531,4.1433
4532,4.1432
4533,4.1432
4534,4.143
4535,4.143
4536,4.143
4537,4.1428
4538,4.1428
4539,4.1427
4540,4.1427
4541,4.1425
4542,4.1425
4543,4.1424
4544,4.1424
4545,4.1424
4546,4.1422
4547,4.1422
4548,4.142
4549,4.142
4550,4.1419
4551,4.1419
4552,4.1417
4553,4.1417
4554,4.1417
4555,4.1416
4556,4.1416
4557,4.1416
4558,4.1414
4559,4.1412
4560,4.1412
4561,4.1412
4562,4.1411
4563,4.1411
4564,4.1409
4565,4.1409
4566,4.1408
4567,4.1408
4568,4.1406
4569,4.1406
4570,4.1406
4571,4.1405
4572,4.1403
4573,4.1403
4574,4.1403
4575,4.1401
4576,4.1401
4577,4.14
4578,4.14
4579,4.14
4580,4.14
4581,4.1398
4582,4.1398
4583,4.1397
4584,4.1395
4585,4.1395
4586,4.1395
4587,4.1393
4588,4.1393
4589,4.1392
4590,4.1392
4591,4.139
4592,4.139
4593,4.1389
4594,4.1387
4595,4.1387
4596,4.1385
4597,4.1385
4598,4.1385
4599,4.1384
4600,4.1384
4601,4.1382
4602,4.1381
4603,4.1381
4604,4.1379
4605,4.1379
4606,4.1378
4607,4.1378
4608,4.1376
4609,4.1376
4610,4.1374
4611,4.1374
4612,4.1373
4613,4.1373
4614,4.1373
4615,4.1371
4616,4.1371
4617,4.137
4618,4.137
4619,4.1368
4620,4.1368
4621,4.1366
4622,4.1365
4623,4.1365
4624,4.1363
4625,4.1362
4626,4.1362
4627,4.136
4628,4.136
4629,4.1358
4630,4.1358
4631,4.1357
4632,4.1357
4633,4.1355
4634,4.1355
4635,4.1354
4636,4.1352
4637,4.1352
4638,4.1351
4639,4.1351
4640,4.1349
4641,4.1349
4642,4.1347
4643,4.1346
4644,4.1346
4645,4.1344
4646,4.1343
4647,4.1343
4648,4.1341
4649,4.1339
4650,4.1339
4651,4.1338
4652,4.1336
4653,4.1336
4654,4.1335
4655,4.1333
4656,4.1333
4657,4.1331
4658,4.133
4659,4.133
4660,4.1328
4661,4.1327
4662,4.1325
4663,4.1325
4664,4.1324
4665,4.1324
4666,4.1322
4667,4.132
4668,4.1319
4669,4.1319
4670,4.1317
4671,4.1316
4672,4.1314
4673,4.1312
4674,4.1312
4675,4.1311
4676,4.1309
4677,4.1308
4678,4.1308
4679,4.1306
4680,4.1304
4681,4.1303
4682,4.1303
4683,4.1301
4684,4.13
4685,4.1298
4686,4.1297
4687,4.1295
4688,4.1293
4689,4.1293
4690,4.1292
4691,4.129
4692,4.1289
4693,4.1287
4694,4.1287
4695,4.1284
4696,4.1282
4697,4.1282
4698,4.1281
4699,4.1279
4700,4.1277
4701,4.1276
4702,4.1276
4703,4.1273
4704,4.1271
4705,4.1271
4706,4.127
4707,4.1268
4708,4.1266
4709,4.1265
4710,4.1263
4711,4.1262
4712,4.126
4713,4.1258
4714,4.1257
4715,4.1255
4716,4.1254
4717,4.1252
4718,4.125
4719,4.1249
4720,4.1247
4721,4.1246
4722,4.1244
4723,4.1242
4724,4.1241
4725,4.1239
4726,4.1238
4727,4.1236
4728,4.1235
4729,4.1233
4730,4.1231
4731,4.123
4732,4.1227
4733,4.1225
4734,4.1223
4735,4.1222
4736,4.122
4737,4.1219
4738,4.1217
4739,4.1214
4740,4.1212
4741,4.1211
4742,4.1209
4743,4.1208
4744,4.1206
4745,4.1204
4746,4.1201
4747,4.12
4748,4.1198
4749,4.1196
4750,4.1195
4751,4.1192
4752,4.119
4753,4.1188
4754,4.1187
4755,4.1184
4756,4.1182
4757,4.1181
4758,4.1179
4759,4.1176
4760,4.1174
4761,4.1173
4762,4.1169
4763,4.1168
4764,4.1166
4765,4.1165
4766,4.1161
4767,4.116
4768,4.1158
4769,4.1155
4770,4.1154
4771,4.1152
4772,4.1149
4773,4.1147
4774,4.1144
4775,4.1142
4776,4.1141
4777,4.1138
4778,4.1136
4779,4.1134
4780,4.1133
4781,4.113
4782,4.1127
4783,4.1125
4784,4.1123
4785,4.112
4786,4.1119
4787,4.1115
4788,4.1114
4789,4.1111
4790,4.1109
4791,4.1106
4792,4.1104
4793,4.1103
4794,4.11
4795,4.1096
4796,4.1095
4797,4.1092
4798,4.109
4799,4.1087
4800,4.1085
4801,4.1082
4802,4.108
4803,4.1077
4804,4.1076
4805,4.1073
4806,4.1069
4807,4.1068
4808,4.1065
4809,4.1063
4810,4.106
4811,4.1058
4812,4.1055
4813,4.1052
4814,4.105
4815,4.1047
4816,4.1044
4817,4.1042
4818,4.1039
4819,4.1038
4820,4.1034
4821,4.1031
4822,4.1028
4823,4.1026
4824,4.1023
4825,4.1022
4826,4.1019
4827,4.1017
4828,4.1014
4829,4.1011
4830,4.1007
4831,4.1006
4832,4.1003
4833,4.0999
4834,4.0998
4835,4.0995
4836,4.0992
4837,4.0988
4838,4.0987
4839,4.0984
4840,4.098
4841,4.0977
4842,4.0976
4843,4.0972
4844,4.0969
4845,4.0966
4846,4.0964
4847,4.096
4848,4.0958
4849,4.0957
4850,4.0952
4851,4.095
4852,4.0945
4853,4.0944
4854,4.0941
4855,4.0937
4856,4.0936
4857,4.0931
4858,4.093
4859,4.0926
4860,4.0923
4861,4.092
4862,4.0917
4863,4.0914
4864,4.0912
4865,4.0909
4866,4.0906
4867,4.0903
4868,4.0899
4869,4.0896
4870,4.0893
4871,4.089
4872,4.0887
4873,4.0885
4874,4.0882
4875,4.0879
4876,4.0876
4877,4.0872
4878,4.0869
4879,4.0866
4880,4.0863
4881,4.086
4882,4.0856
4883,4.0853
4884,4.0852
4885,4.0849
4886,4.0845
4887,4.0842
4888,4.0839
4889,4.0836
4890,4.0833
4891,4.0829
4892,4.0826
4893,4.0823
4894,4.082
4895,4.0817
4896,4.0814
4897,4.081
4898,4.0807
4899,4.0804
4900,4.0802
4901,4.0799
4902,4.0796
4903,4.0793
4904,4.079
4905,4.0787
4906,4.0783
4907,4.078
4908,4.0777
4909,4.0774
4910,4.0771
4911,4.0768
4912,4.0764
4913,4.0761
4914,4.0758
4915,4.0755
4916,4.0752
4917,4.0748
4918,4.0745
4919,4.0742
4920,4.0739
4921,4.0736
4922,4.0733
4923,4.0729
4924,4.0726
4925,4.0723
4926,4.072
4927,4.0717
4928,4.0713
4929,4.071
4930,4.0707
4931,4.0704
4932,4.0701
4933,4.0698
4934,4.0694
4935,4.0691
4936,4.0688
4937,4.0685
4938,4.0682
4939,4.0679
4940,4.0675
4941,4.0672
4942,4.0669
4943,4.0666
4944,4.0663
4945,4.0659
4946,4.0656
4947,4.0653
4948,4.065
4949,4.0647
4950,4.0644
4951,4.064
4952,4.0637
4953,4.0634
4954,4.0631
4955,4.0628
4956,4.0625
4957,4.0621
4958,4.0618
4959,4.0615
4960,4.0612
4961,4.0609
4962,4.0605
4963,4.0602
4964,4.0599
4965,4.0596
4966,4.0594
4967,4.0591
4968,4.0588
4969,4.0585
4970,4.0582
4971,4.0578
4972,4.0575
4973,4.0572
4974,4.0569
4975,4.0566
4976,4.0563
4977,4.0559
4978,4.0556
4979,4.0553
4980,4.055
4981,4.0547
4982,4.0545
4983,4.0542
4984,4.0539
4985,4.0536
4986,4.0532
4987,4.0529
4988,4.0526
4989,4.0523
4990,4.052
4991,4.0518
4992,4.0515
4993,4.0512
4994,4.0509
4995,4.0505
4996,4.0502
4997,4.0499
4998,4.0496
4999,4.0494
5000,4.0491
5001,4.0488
5002,4.0485
5003,4.0482
5004,4.0478
5005,4.0477
5006,4.0474
5007,4.047
5008,4.0467
5009,4.0464
5010,4.0461
5011,4.0459
5012,4.0456
5013,4.0453
5014,4.045
5015,4.0448
5016,4.0445
5017,4.0442
5018,4.0439
5019,4.0435
5020,4.0434
5021,4.0431
5022,4.0428
5023,4.0426
5024,4.0423
5025,4.042
5026,4.0416
5027,4.0415
5028,4.0412
5029,4.0408
5030,4.0407
5031,4.0404
5032,4.0401
5033,4.0399
5034,4.0396
5035,4.0393
5036,4.0391
5037,4.0388
5038,4.0385
5039,4.0383
5040,4.038
5041,4.0377
5042,4.0375
5043,4.0372
5044,4.0369
5045,4.0367
5046,4.0364
5047,4.0362
5048,4.0359
5049,4.0356
5050,4.0354
5051,4.0351
5052,4.035
5053,4.0347
5054,4.0345
5055,4.0342
5056,4.0339
5057,4.0337
5058,4.0334
5059,4.0332
5060,4.0329
5061,4.0327
5062,4.0324
5063,4.0323
5064,4.032
5065,4.0318
5066,4.0315
5067,4.0313
5068,4.031
5069,4.0308
5070,4.0305
5071,4.0304
5072,4.03
5073,4.0299
5074,4.0297
5075,4.0294
5076,4.0293
5077,4.0289
5078,4.0288
5079,4.0285
5080,4.0283
5081,4.028
5082,4.0278
5083,4.0277
5084,4.0273
5085,4.0272
5086,4.027
5087,4.0267
5088,4.0266
5089,4.0264
5090,4.0261
5091,4.0259
5092,4.0258
5093,4.0254
5094,4.0253
5095,4.0251
5096,4.0248
5097,4.0246
5098,4.0245
5099,4.0242
5100,4.024
5101,4.0239
5102,4.0235
5103,4.0234
5104,4.0232
5105,4.0231
5106,4.0227
5107,4.0226
5108,4.0224
5109,4.0223
5110,4.0219
5111,4.0218
5112,4.0216
5113,4.0213
5114,4.0211
5115,4.021
5116,4.0208
5117,4.0207
5118,4.0204
5119,4.0202
5120,4.02
5121,4.0199
5122,4.0197
5123,4.0194
5124,4.0192
5125,4.0191
5126,4.0189
5127,4.0188
5128,4.0186
5129,4.0183
5130,4.0181
5131,4.018
5132,4.0178
5133,4.0177
5134,4.0175
5135,4.0173
5136,4.0172
5137,4.0169
5138,4.0167
5139,4.0165
5140,4.0164
5141,4.0162
5142,4.0161
5143,4.0159
5144,4.0156
5145,4.0154
5146,4.0153
5147,4.0151
5148,4.015
5149,4.0148
5150,4.0146
5151,4.0145
5152,4.0143
5153,4.0142
5154,4.0138
5155,4.0137
5156,4.0135
5157,4.0134
5158,4.0132
5159,4.013
5160,4.0129
5161,4.0127
5162,4.0126
5163,4.0124
5164,4.0123
5165,4.0121
5166,4.0119
5167,4.0118
5168,4.0116
5169,4.0115
5170,4.0113
5171,4.0111
5172,4.011
5173,4.0107
5174,4.0107
5175,4.0103
5176,4.0102
5177,4.01
5178,4.0099
5179,4.0097
5180,4.0096
5181,4.0094
5182,4.0092
5183,4.0091
5184,4.0089
5185,4.0088
5186,4.0086
5187,4.0084
5188,4.0083
5189,4.0081
5190,4.008
5191,4.0078
5192,4.0076
5193,4.0075
5194,4.0073
5195,4.0072
5196,4.007
5197,4.0069
5198,4.0067
5199,4.0065
5200,4.0064
5201,4.0062
5202,4.0061
5203,4.0059
5204,4.0057
5205,4.0056
5206,4.0054
5207,4.0053
5208,4.0051
5209,4.0049
5210,4.0048
5211,4.0046
5212,4.0045
5213,4.0043
5214,4.0042
5215,4.004
5216,4.0038
5217,4.0037
5218,4.0035
5219,4.0034
5220,4.0032
5221,4.003
5222,4.0029
5223,4.0027
5224,4.0026
5225,4.0024
5226,4.0022
5227,4.0021
5228,4.0019
5229,4.0018
5230,4.0016
5231,4.0015
5232,4.0013
5233,4.0011
5234,4.001
5235,4.0008
5236,4.0007
5237,4.0005
5238,4.0003
5239,4.0002
5240,4.0
5241,3.9999
5242,3.9997
5243,3.9994
5244,3.9992
5245,3.9992
5246,3.9989
5247,3.9988
5248,3.9986
5249,3.9984
5250,3.9983
5251,3.9981
5252,3.998
5253,3.9978
5254,3.9976
5255,3.9975
5256,3.9973
5257,3.9972
5258,3.997
5259,3.9968
5260,3.9967
5261,3.9965
5262,3.9962
5263,3.996
5264,3.9959
5265,3.9957
5266,3.9956
5267,3.9954
5268,3.9953
5269,3.9951
5270,3.9949
5271,3.9948
5272,3.9945
5273,3.9943
5274,3.9941
5275,3.994
5276,3.9938
5277,3.9937
5278,3.9935
5279,3.9933
5280,3.993
5281,3.9929
5282,3.9927
5283,3.9926
5284,3.9924
5285,3.9922
5286,3.9921
5287,3.9919
5288,3.9916
5289,3.9914
5290,3.9913
5291,3.9911
5292,3.991
5293,3.9908
5294,3.9905
5295,3.9903
5296,3.9902
5297,3.99
5298,3.9897
5299,3.9895
5300,3.9894
5301,3.9892
5302,3.9891
5303,3.9889
5304,3.9886
5305,3.9884
5306,3.9883
5307,3.9881
5308,3.9878
5309,3.9876
5310,3.9875
5311,3.9873
5312,3.987
5313,3.9868
5314,3.9867
5315,3.9865
5316,3.9862
5317,3.986
5318,3.9859
5319,3.9857
5320,3.9854
5321,3.9852
5322,3.9851
5323,3.9848
5324,3.9846
5325,3.9845
5326,3.9843
5327,3.984
5328,3.9838
5329,3.9837
5330,3.9833
5331,3.9832
5332,3.9829
5333,3.9827
5334,3.9825
5335,3.9822
5336,3.9821
5337,3.9819
5338,3.9816
5339,3.9814
5340,3.9813
5341,3.981
5342,3.9808
5343,3.9805
5344,3.9803
5345,3.9802
5346,3.9798
5347,3.9797
5348,3.9794
5349,3.9792
5350,3.9791
5351,3.9787
5352,3.9786
5353,3.9783
5354,3.9781
5355,3.9778
5356,3.9776
5357,3.9775
5358,3.9771
5359,3.977
5360,3.9767
5361,3.9765
5362,3.9762
5363,3.976
5364,3.9757
5365,3.9756
5366,3.9752
5367,3.9751
5368,3.9748
5369,3.9746
5370,3.9743
5371,3.9741
5372,3.9738
5373,3.9736
5374,3.9733
5375,3.9732
5376,3.9729
5377,3.9727
5378,3.9724
5379,3.9722
5380,3.9719
5381,3.9716
5382,3.9714
5383,3.9711
5384,3.9709
5385,3.9706
5386,3.9705
5387,3.9702
5388,3.9698
5389,3.9697
5390,3.9694
5391,3.9692
5392,3.9689
5393,3.9687
5394,3.9684
5395,3.9681
5396,3.9679
5397,3.9676
5398,3.9673
5399,3.9671
5400,3.9668
5401,3.9665
5402,3.9663
5403,3.966
5404,3.9657
5405,3.9655
5406,3.9652
5407,3.9651
5408,3.9648
5409,3.9644
5410,3.9643
5411,3.964
5412,3.9636
5413,3.9635
5414,3.9632
5415,3.9628
5416,3.9627
5417,3.9624
5418,3.9621
5419,3.9619
5420,3.9616
5421,3.9613
5422,3.9609
5423,3.9608
5424,3.9605
5425,3.9601
5426,3.96
5427,3.9597
5428,3.9594
5429,3.959
5430,3.9589
5431,3.9586
5432,3.9582
5433,3.9579
5434,3.9578
5435,3.9574
5436,3.9571
5437,3.9568
5438,3.9567
5439,3.9563
5440,3.956
5441,3.9557
5442,3.9555
5443,3.9552
5444,3.9549
5445,3.9546
5446,3.9544
5447,3.9541
5448,3.9538
5449,3.9535
5450,3.9533
5451,3.953
5452,3.9527
5453,3.9524
5454,3.952
5455,3.9519
5456,3.9516
5457,3.9513
5458,3.9509
5459,3.9508
5460,3.9505
5461,3.9501
5462,3.9498
5463,3.9495
5464,3.9493
5465,3.949
5466,3.9487
5467,3.9484
5468,3.9482
5469,3.9479
5470,3.9476
5471,3.9473
5472,3.947
5473,3.9468
5474,3.9465
5475,3.9462
5476,3.9458
5477,3.9455
5478,3.9454
5479,3.9451
5480,3.9447
5481,3.9444
5482,3.9443
5483,3.9439
5484,3.9436
5485,3.9433
5486,3.943
5487,3.9428
5488,3.9425
5489,3.9422
5490,3.9419
5491,3.9416
5492,3.9414
5493,3.9411
5494,3.9408
5495,3.9404
5496,3.9401
5497,3.94
5498,3.9397
5499,3.9393
5500,3.939
5501,3.9387
5502,3.9385
5503,3.9382
5504,3.9379
5505,3.9376
5506,3.9374
5507,3.9371
5508,3.9368
5509,3.9365
5510,3.9363
5511,3.936
5512,3.9357
5513,3.9354
5514,3.935
5515,3.9349
5516,3.9346
5517,3.9343
5518,3.9339
5519,3.9338
5520,3.9335
5521,3.9331
5522,3.9328
5523,3.9327
5524,3.9323
5525,3.932
5526,3.9317
5527,3.9316
5528,3.9312
5529,3.9309
5530,3.9306
5531,3.9303
5532,3.9301
5533,3.9298
5534,3.9295
5535,3.9293
5536,3.929
5537,3.9287
5538,3.9285
5539,3.9282
5540,3.9279
5541,3.9276
5542,3.9274
5543,3.9271
5544,3.9268
5545,3.9265
5546,3.9263
5547,3.926
5548,3.9257
5549,3.9255
5550,3.9252
5551,3.9249
5552,3.9247
5553,3.9244
5554,3.9241
5555,3.9239
5556,3.9236
5557,3.9233
5558,3.923
5559,3.9228
5560,3.9225
5561,3.9222
5562,3.922
5563,3.9217
5564,3.9214
5565,3.9212
5566,3.9209
5567,3.9206
5568,3.9204
5569,3.9201
5570,3.9198
5571,3.9196
5572,3.9193
5573,3.9192
5574,3.9188
5575,3.9185
5576,3.9184
5577,3.918
5578,3.9177
5579,3.9176
5580,3.9173
5581,3.9169
5582,3.9168
5583,3.9165
5584,3.9163
5585,3.916
5586,3.9157
5587,3.9155
5588,3.9152
5589,3.915
5590,3.9147
5591,3.9144
5592,3.9142
5593,3.9139
5594,3.9138
5595,3.9134
5596,3.9131
5597,3.913
5598,3.9126
5599,3.9125
5600,3.9122
5601,3.912
5602,3.9117
5603,3.9114
5604,3.9112
5605,3.9109
5606,3.9107
5607,3.9104
5608,3.9103
5609,3.9099
5610,3.9098
5611,3.9095
5612,3.9092
5613,3.909
5614,3.9087
5615,3.9085
5616,3.9082
5617,3.908
5618,3.9077
5619,3.9076
5620,3.9072
5621,3.9071
5622,3.9068
5623,3.9065
5624,3.9063
5625,3.906
5626,3.9058
5627,3.9055
5628,3.9053
5629,3.905
5630,3.9049
5631,3.9045
5632,3.9044
5633,3.9041
5634,3.9039
5635,3.9036
5636,3.9034
5637,3.9031
5638,3.903
5639,3.9026
5640,3.9025
5641,3.9022
5642,3.902
5643,3.9017
5644,3.9015
5645,3.9012
5646,3.9011
5647,3.9007
5648,3.9006
5649,3.9004
5650,3.9001
5651,3.8998
5652,3.8996
5653,3.8993
5654,3.8991
5655,3.8988
5656,3.8987
5657,3.8985
5658,3.8982
5659,3.898
5660,3.8977
5661,3.8976
5662,3.8972
5663,3.8971
5664,3.8968
5665,3.8966
5666,3.8963
5667,3.8961
5668,3.8958
5669,3.8956
5670,3.8953
5671,3.8952
5672,3.8949
5673,3.8947
5674,3.8944
5675,3.8942
5676,3.8941
5677,3.8937
5678,3.8936
5679,3.8933
5680,3.8931
5681,3.8928
5682,3.8926
5683,3.8925
5684,3.8922
5685,3.892
5686,3.8917
5687,3.8915
5688,3.8912
5689,3.891
5690,3.8907
5691,3.8906
5692,3.8904
5693,3.8901
5694,3.8899
5695,3.8896
5696,3.8895
5697,3.8891
5698,3.889
5699,3.8887
5700,3.8885
5701,3.8883
5702,3.888
5703,3.8879
5704,3.8875
5705,3.8874
5706,3.8871
5707,3.8869
5708,3.8866
5709,3.8864
5710,3.8861
5711,3.886
5712,3.8858
5713,3.8855
5714,3.8853
5715,3.885
5716,3.8848
5717,3.8845
5718,3.8844
5719,3.8841
5720,3.8839
5721,3.8837
5722,3.8834
5723,3.8833
5724,3.8829
5725,3.8828
5726,3.8825
5727,3.8823
5728,3.882
5729,3.8818
5730,3.8815
5731,3.8814
5732,3.8812
5733,3.8809
5734,3.8807
5735,3.8804
5736,3.8802
5737,3.8799
5738,3.8798
5739,3.8794
5740,3.8793
5741,3.879
5742,3.8788
5743,3.8787
5744,3.8783
5745,3.8782
5746,3.8779
5747,3.8777
5748,3.8774
5749,3.8772
5750,3.8769
5751,3.8767
5752,3.8764
5753,3.8763
5754,3.876
5755,3.8758
5756,3.8755
5757,3.8753
5758,3.875
5759,3.8748
5760,3.8745
5761,3.8744
5762,3.8742
5763,3.8739
5764,3.8737
5765,3.8734
5766,3.8733
5767,3.8729
5768,3.8728
5769,3.8725
5770,3.8723
5771,3.872
5772,3.8718
5773,3.8715
5774,3.8713
5775,3.871
5776,3.8709
5777,3.8705
5778,3.8704
5779,3.8701
5780,3.8699
5781,3.8696
5782,3.8694
5783,3.8691
5784,3.869
5785,3.8686
5786,3.8685
5787,3.8682
5788,3.868
5789,3.8677
5790,3.8675
5791,3.8672
5792,3.8671
5793,3.8667
5794,3.8666
5795,3.8663
5796,3.8661
5797,3.8658
5798,3.8655
5799,3.8653
5800,3.865
5801,3.8648
5802,3.8645
5803,3.8644
5804,3.864
5805,3.8639
5806,3.8636
5807,3.8634
5808,3.8631
5809,3.8629
5810,3.8626
5811,3.8624
5812,3.8621
5813,3.8618
5814,3.8617
5815,3.8613
5816,3.8612
5817,3.8609
5818,3.8607
5819,3.8604
5820,3.8602
5821,3.8599
5822,3.8596
5823,3.8594
5824,3.8591
5825,3.859
5826,3.8586
5827,3.8585
5828,3.8582
5829,3.858
5830,3.8577
5831,3.8574
5832,3.8572
5833,3.8569
5834,3.8567
5835,3.8564
5836,3.8563
5837,3.8559
5838,3.8558
5839,3.8555
5840,3.8553
5841,3.855
5842,3.8547
5843,3.8545
5844,3.8542
5845,3.8539
5846,3.8537
5847,3.8534
5848,3.8532
5849,3.8529
5850,3.8528
5851,3.8524
5852,3.8523
5853,3.852
5854,3.8516
5855,3.8515
5856,3.8512
5857,3.851
5858,3.8507
5859,3.8505
5860,3.8502
5861,3.8501
5862,3.8497
5863,3.8494
5864,3.8493
5865,3.8489
5866,3.8486
5867,3.8485
5868,3.8481
5869,3.848
5870,3.8477
5871,3.8475
5872,3.8472
5873,3.8469
5874,3.8467
5875,3.8464
5876,3.8462
5877,3.8459
5878,3.8458
5879,3.8454
5880,3.8451
5881,3.845
5882,3.8447
5883,3.8445
5884,3.8442
5885,3.844
5886,3.8437
5887,3.8434
5888,3.8432
5889,3.8429
5890,3.8427
5891,3.8424
5892,3.8421
5893,3.842
5894,3.8416
5895,3.8415
5896,3.8412
5897,3.841
5898,3.8407
5899,3.8404
5900,3.8402
5901,3.8399
5902,3.8397
5903,3.8394
5904,3.8393
5905,3.8389
5906,3.8386
5907,3.8385
5908,3.8381
5909,3.838
5910,3.8377
5911,3.8375
5912,3.8372
5913,3.8369
5914,3.8367
5915,3.8364
5916,3.8362
5917,3.8359
5918,3.8358
5919,3.8354
5920,3.8353
5921,3.835
5922,3.8348
5923,3.8345
5924,3.8342
5925,3.834
5926,3.8337
5927,3.8335
5928,3.8332
5929,3.8331
5930,3.8327
5931,3.8326
5932,3.8323
5933,3.8319
5934,3.8318
5935,3.8315
5936,3.8313
5937,3.831
5938,3.8308
5939,3.8305
5940,3.8304
5941,3.83
5942,3.8299
5943,3.8296
5944,3.8294
5945,3.8291
5946,3.8289
5947,3.8286
5948,3.8285
5949,3.8281
5950,3.8278
5951,3.8277
5952,3.8273
5953,3.8272
5954,3.8269
5955,3.8267
5956,3.8264
5957,3.8262
5958,3.8259
5959,3.8258
5960,3.8254
5961,3.8253
5962,3.825
5963,3.8248
5964,3.8245
5965,3.8243
5966,3.824
5967,3.8238
5968,3.8235
5969,3.8234
5970,3.823
5971,3.8229
5972,3.8226
5973,3.8224
5974,3.8221
5975,3.8219
5976,3.8218
5977,3.8215
5978,3.8211
5979,3.821
5980,3.8208
5981,3.8205
5982,3.8203
5983,3.82
5984,3.8199
5985,3.8196
5986,3.8194
5987,3.8191
5988,3.8189
5989,3.8186
5990,3.8184
5991,3.8183
5992,3.818
5993,3.8178
5994,3.8175
5995,3.8173
5996,3.817
5997,3.8169
5998,3.8165
5999,3.8164
6000,3.8162
6001,3.8159
6002,3.8157
6003,3.8154
6004,3.8153
6005,3.8149
6006,3.8148
6007,3.8145
6008,3.8143
6009,3.8142
6010,3.8138
6011,3.8137
6012,3.8134
6013,3.8132
6014,3.8129
6015,3.8127
6016,3.8126
6017,3.8122
6018,3.8121
6019,3.8118
6020,3.8116
6021,3.8115
6022,3.8111
6023,3.811
6024,3.8108
6025,3.8105
6026,3.8103
6027,3.81
6028,3.8099
6029,3.8097
6030,3.8094
6031,3.8092
6032,3.8089
6033,3.8088
6034,3.8086
6035,3.8083
6036,3.8081
6037,3.808
6038,3.8076
6039,3.8075
6040,3.8072
6041,3.807
6042,3.8068
6043,3.8065
6044,3.8064
6045,3.8062
6046,3.8059
6047,3.8057
6048,3.8056
6049,3.8053
6050,3.8051
6051,3.8049
6052,3.8046
6053,3.8045
6054,3.8043
6055,3.804
6056,3.8038
6057,3.8037
6058,3.8034
6059,3.8032
6060,3.803
6061,3.8027
6062,3.8026
6063,3.8024
6064,3.8021
6065,3.8019
6066,3.8018
6067,3.8014
6068,3.8013
6069,3.8011
6070,3.8008
6071,3.8007
6072,3.8005
6073,3.8002
6074,3.8
6075,3.7999
6076,3.7995
6077,3.7994
6078,3.7992
6079,3.7989
6080,3.7987
6081,3.7986
6082,3.7984
6083,3.7981
6084,3.7979
6085,3.7978
6086,3.7976
6087,3.7973
6088,3.7972
6089,3.797
6090,3.7967
6091,3.7965
6092,3.7964
6093,3.796
6094,3.7959
6095,3.7957
6096,3.7956
6097,3.7952
6098,3.7951
6099,3.7949
6100,3.7948
6101,3.7945
6102,3.7943
6103,3.7941
6104,3.7938
6105,3.7937
6106,3.7935
6107,3.7933
6108,3.793
6109,3.7929
6110,3.7927
6111,3.7925
6112,3.7922
6113,3.7921
6114,3.7919
6115,3.7918
6116,3.7914
6117,3.7913
6118,3.7911
6119,3.791
6120,3.7906
6121,3.7905
6122,3.7903
6123,3.7902
6124,3.7898
6125,3.7897
6126,3.7895
6127,3.7894
6128,3.7891
6129,3.7889
6130,3.7887
6131,3.7886
6132,3.7884
6133,3.7881
6134,3.7879
6135,3.7878
6136,3.7876
6137,3.7875
6138,3.7871
6139,3.787
6140,3.7868
6141,3.7867
6142,3.7864
6143,3.7862
6144,3.786
6145,3.7859
6146,3.7857
6147,3.7854
6148,3.7852
6149,3.7851
6150,3.7849
6151,3.7848
6152,3.7844
6153,3.7843
6154,3.7841
6155,3.784
6156,3.7838
6157,3.7835
6158,3.7833
6159,3.7832
6160,3.783
6161,3.7829
6162,3.7825
6163,3.7824
6164,3.7822
6165,3.7821
6166,3.7819
6167,3.7816
6168,3.7814
6169,3.7813
6170,3.7811
6171,3.781
6172,3.7808
6173,3.7805
6174,3.7803
6175,3.7802
6176,3.78
6177,3.7798
6178,3.7797
6179,3.7794
6180,3.7792
6181,3.7792
6182,3.7789
6183,3.7787
6184,3.7786
6185,3.7784
6186,3.7783
6187,3.7781
6188,3.7779
6189,3.7776
6190,3.7775
6191,3.7773
6192,3.7771
6193,3.777
6194,3.7768
6195,3.7765
6196,3.7763
6197,3.7762
6198,3.776
6199,3.7759
6200,3.7756
6201,3.7754
6202,3.7752
6203,3.7751
6204,3.7749
6205,3.7748
6206,3.7746
6207,3.7743
6208,3.7741
6209,3.774
6210,3.7738
6211,3.7736
6212,3.7735
6213,3.7732
6214,3.7732
6215,3.7729
6216,3.7727
6217,3.7725
6218,3.7724
6219,3.7722
6220,3.7719
6221,3.7717
6222,3.7716
6223,3.7714
6224,3.7713
6225,3.7711
6226,3.7709
6227,3.7708
6228,3.7705
6229,3.7703
6230,3.7701
6231,3.7698
6232,3.7697
6233,3.7695
6234,3.7694
6235,3.7692
6236,3.769
6237,3.7687
6238,3.7686
6239,3.7684
6240,3.7682
6241,3.7681
6242,3.7679
6243,3.7678
6244,3.7676
6245,3.7673
6246,3.7671
6247,3.767
6248,3.7668
6249,3.7667
6250,3.7665
6251,3.7663
6252,3.7662
6253,3.7659
6254,3.7657
6255,3.7655
6256,3.7654
6257,3.7652
6258,3.7651
6259,3.7649
6260,3.7647
6261,3.7644
6262,3.7643
6263,3.7641
6264,3.764
6265,3.7638
6266,3.7636
6267,3.7635
6268,3.7633
6269,3.7632
6270,3.7628
6271,3.7627
6272,3.7625
6273,3.7624
6274,3.7622
6275,3.762
6276,3.7619
6277,3.7617
6278,3.7614
6279,3.7613
6280,3.7611
6281,3.7609
6282,3.7608
6283,3.7606
6284,3.7605
6285,3.7603
6286,3.7601
6287,3.7598
6288,3.7597
6289,3.7595
6290,3.7593
6291,3.7592
6292,3.759
6293,3.7589
6294,3.7587
6295,3.7586
6296,3.7582
6297,3.7581
6298,3.7579
6299,3.7578
6300,3.7576
6301,3.7574
6302,3.7573
6303,3.7571
6304,3.757
6305,3.7568
6306,3.7565
6307,3.7563
6308,3.7562
6309,3.756
6310,3.7559
6311,3.7557
6312,3.7555
6313,3.7554
6314,3.7552
6315,3.7551
6316,3.7547
6317,3.7546
6318,3.7544
6319,3.7543
6320,3.7541
6321,3.7539
6322,3.7538
6323,3.7536
6324,3.7535
6325,3.7533
6326,3.753
6327,3.7528
6328,3.7527
6329,3.7525
6330,3.7524
6331,3.7522
6332,3.752
6333,3.7519
6334,3.7517
6335,3.7516
6336,3.7514
6337,3.7511
6338,3.7509
6339,3.7508
6340,3.7506
6341,3.7505
6342,3.7503
6343,3.7501
6344,3.75
6345,3.7498
6346,3.7495
6347,3.7493
6348,3.7492
6349,3.749
6350,3.7489
6351,3.7487
6352,3.7485
6353,3.7484
6354,3.7482
6355,3.7481
6356,3.7479
6357,3.7476
6358,3.7474
6359,3.7473
6360,3.7471
6361,3.747
6362,3.7468
6363,3.7466
6364,3.7465
6365,3.7463
6366,3.7462
6367,3.7458
6368,3.7457
6369,3.7455
6370,3.7454
6371,3.7452
6372,3.745
6373,3.7449
6374,3.7447
6375,3.7446
6376,3.7444
6377,3.7441
6378,3.7439
6379,3.7438
6380,3.7436
6381,3.7435
6382,3.7433
6383,3.7431
6384,3.743
6385,3.7428
6386,3.7427
6387,3.7425
6388,3.7422
6389,3.742
6390,3.7419
6391,3.7417
6392,3.7416
6393,3.7414
6394,3.7412
6395,3.7411
6396,3.7409
6397,3.7408
6398,3.7404
6399,3.7403
6400,3.7401
6401,3.74
6402,3.7398
6403,3.7396
6404,3.7395
6405,3.7393
6406,3.7392
6407,3.739
6408,3.7389
6409,3.7385
6410,3.7384
6411,3.7382
6412,3.7381
6413,3.7379
6414,3.7377
6415,3.7376
6416,3.7374
6417,3.7373
6418,3.7371
6419,3.7368
6420,3.7366
6421,3.7365
6422,3.7363
6423,3.7362
6424,3.736
6425,3.7358
6426,3.7357
6427,3.7355
6428,3.7354
6429,3.735
6430,3.7349
6431,3.7347
6432,3.7346
6433,3.7344
6434,3.7342
6435,3.7341
6436,3.7339
6437,3.7338
6438,3.7336
6439,3.7335
6440,3.7333
6441,3.733
6442,3.7328
6443,3.7327
6444,3.7325
6445,3.7323
6446,3.7322
6447,3.732
6448,3.7319
6449,3.7317
6450,3.7315
6451,3.7312
6452,3.7311
6453,3.7309
6454,3.7308
6455,3.7306
6456,3.7304
6457,3.7303
6458,3.7301
6459,3.73
6460,3.7298
6461,3.7296
6462,3.7293
6463,3.7292
6464,3.729
6465,3.7288
6466,3.7287
6467,3.7285
6468,3.7284
6469,3.7282
6470,3.7279
6471,3.7277
6472,3.7276
6473,3.7274
6474,3.7273
6475,3.7271
6476,3.7269
6477,3.7268
6478,3.7266
6479,3.7265
6480,3.7261
6481,3.726
6482,3.7258
6483,3.7257
6484,3.7255
6485,3.7254
6486,3.7252
6487,3.725
6488,3.7249
6489,3.7247
6490,3.7244
6491,3.7242
6492,3.7241
6493,3.7239
6494,3.7238
6495,3.7236
6496,3.7234
6497,3.7233
6498,3.7231
6499,3.7228
6500,3.7227
6501,3.7225
6502,3.7223
6503,3.7222
6504,3.722
6505,3.7219
6506,3.7217
6507,3.7215
6508,3.7212
6509,3.7211
6510,3.7209
6511,3.7207
6512,3.7206
6513,3.7204
6514,3.7203
6515,3.7201
6516,3.7199
6517,3.7196
6518,3.7195
6519,3.7193
6520,3.7192
6521,3.719
6522,3.7188
6523,3.7187
6524,3.7185
6525,3.7184
6526,3.718
6527,3.7179
6528,3.7177
6529,3.7176
6530,3.7174
6531,3.7172
6532,3.7171
6533,3.7168
6534,3.7166
6535,3.7165
6536,3.7163
6537,3.7161
6538,3.716
6539,3.7158
6540,3.7157
6541,3.7155
6542,3.7152
6543,3.715
6544,3.7149
6545,3.7147
6546,3.7145
6547,3.7144
6548,3.7142
6549,3.7141
6550,3.7138
6551,3.7136
6552,3.7134
6553,3.7133
6554,3.7131
6555,3.713
6556,3.7128
6557,3.7126
6558,3.7125
6559,3.7122
6560,3.712
6561,3.7118
6562,3.7117
6563,3.7115
6564,3.7114
6565,3.7112
6566,3.7109
6567,3.7107
6568,3.7106
6569,3.7104
6570,3.7103
6571,3.7101
6572,3.7099
6573,3.7098
6574,3.7095
6575,3.7093
6576,3.7091
6577,3.709
6578,3.7088
6579,3.7087
6580,3.7085
6581,3.7084
6582,3.708
6583,3.7079
6584,3.7077
6585,3.7076
6586,3.7074
6587,3.7072
6588,3.7071
6589,3.7068
6590,3.7066
6591,3.7064
6592,3.7063
6593,3.7061
6594,3.706
6595,3.7057
6596,3.7055
6597,3.7053
6598,3.7052
6599,3.705
6600,3.7049
6601,3.7047
6602,3.7045
6603,3.7044
6604,3.7041
6605,3.7039
6606,3.7037
6607,3.7036
6608,3.7034
6609,3.7033
6610,3.7031
6611,3.7028
6612,3.7026
6613,3.7025
6614,3.7023
6615,3.7022
6616,3.702
6617,3.7018
6618,3.7015
6619,3.7014
6620,3.7012
6621,3.701
6622,3.7009
6623,3.7007
6624,3.7004
6625,3.7003
6626,3.7001
6627,3.6999
6628,3.6998
6629,3.6996
6630,3.6995
6631,3.6993
6632,3.699
6633,3.6988
6634,3.6987
6635,3.6985
6636,3.6983
6637,3.6982
6638,3.6979
6639,3.6977
6640,3.6975
6641,3.6974
6642,3.6972
6643,3.6971
6644,3.6968
6645,3.6966
6646,3.6964
6647,3.6963
6648,3.6961
6649,3.696
6650,3.6958
6651,3.6955
6652,3.6953
6653,3.6952
6654,3.695
6655,3.6948
6656,3.6947
6657,3.6944
6658,3.6944
6659,3.6941
6660,3.6939
6661,3.6937
6662,3.6936
6663,3.6934
6664,3.6931
6665,3.6929
6666,3.6928
6667,3.6926
6668,3.6925
6669,3.6923
6670,3.692
6671,3.6918
6672,3.6917
6673,3.6915
6674,3.6914
6675,3.6912
6676,3.691
6677,3.6907
6678,3.6906
6679,3.6904
6680,3.6902
6681,3.6901
6682,3.6899
6683,3.6898
6684,3.6894
6685,3.6893
6686,3.6891
6687,3.689
6688,3.6888
6689,3.6887
6690,3.6883
6691,3.6882
6692,3.688
6693,3.6879
6694,3.6877
6695,3.6875
6696,3.6872
6697,3.6871
6698,3.6869
6699,3.6867
6700,3.6866
6701,3.6864
6702,3.6863
6703,3.686
6704,3.6858
6705,3.6856
6706,3.6855
6707,3.6853
6708,3.6852
6709,3.6848
6710,3.6847
6711,3.6845
6712,3.6844
6713,3.6842
6714,3.684
6715,3.6837
6716,3.6836
6717,3.6834
6718,3.6833
6719,3.6831
6720,3.6829
6721,3.6826
6722,3.6825
6723,3.6823
6724,3.6821
6725,3.682
6726,3.6818
6727,3.6815
6728,3.6813
6729,3.6812
6730,3.681
6731,3.6809
6732,3.6807
6733,3.6806
6734,3.6802
6735,3.6801
6736,3.6799
6737,3.6798
6738,3.6796
6739,3.6794
6740,3.6791
6741,3.679
6742,3.6788
6743,3.6786
6744,3.6785
6745,3.6783
6746,3.6782
6747,3.6779
6748,3.6777
6749,3.6775
6750,3.6774
6751,3.6772
6752,3.6769
6753,3.6767
6754,3.6766
6755,3.6764
6756,3.6763
6757,3.6761
6758,3.6759
6759,3.6756
6760,3.6755
6761,3.6753
6762,3.6752
6763,3.675
6764,3.6748
6765,3.6747
6766,3.6744
6767,3.6742
6768,3.674
6769,3.6739
6770,3.6737
6771,3.6736
6772,3.6732
6773,3.6731
6774,3.6729
6775,3.6728
6776,3.6726
6777,3.6724
6778,3.6723
6779,3.672
6780,3.6718
6781,3.6717
6782,3.6715
6783,3.6713
6784,3.6712
6785,3.671
6786,3.6707
6787,3.6705
6788,3.6704
6789,3.6702
6790,3.6701
6791,3.6699
6792,3.6696
6793,3.6694
6794,3.6693
6795,3.6691
6796,3.669
6797,3.6688
6798,3.6686
6799,3.6683
6800,3.6682
6801,3.668
6802,3.6678
6803,3.6677
6804,3.6675
6805,3.6674
6806,3.6672
6807,3.6669
6808,3.6667
6809,3.6666
6810,3.6664
6811,3.6663
6812,3.6661
6813,3.6659
6814,3.6656
6815,3.6655
6816,3.6653
6817,3.6651
6818,3.665
6819,3.6648
6820,3.6647
6821,3.6643
6822,3.6642
6823,3.664
6824,3.6639
6825,3.6637
6826,3.6636
6827,3.6634
6828,3.6632
6829,3.6629
6830,3.6628
6831,3.6626
6832,3.6624
6833,3.6623
6834,3.6621
6835,3.662
6836,3.6616
6837,3.6615
6838,3.6613
6839,3.6612
6840,3.661
6841,3.6609
6842,3.6607
6843,3.6605
6844,3.6604
6845,3.6601
6846,3.6599
6847,3.6597
6848,3.6596
6849,3.6594
6850,3.6593
6851,3.6591
6852,3.6589
6853,3.6586
6854,3.6585
6855,3.6583
6856,3.6582
6857,3.658
6858,3.6578
6859,3.6577
6860,3.6575
6861,3.6574
6862,3.657
6863,3.6569
6864,3.6567
6865,3.6566
6866,3.6564
6867,3.6562
6868,3.6561
6869,3.6559
6870,3.6556
6871,3.6555
6872,3.6553
6873,3.6551
6874,3.655
6875,3.6548
6876,3.6547
6877,3.6545
6878,3.6543
6879,3.654
6880,3.6539
6881,3.6537
6882,3.6535
6883,3.6534
6884,3.6532
6885,3.6531
6886,3.6529
6887,3.6528
6888,3.6526
6889,3.6523
6890,3.6521
6891,3.652
6892,3.6518
6893,3.6516
6894,3.6515
6895,3.6513
6896,3.6512
6897,3.651
6898,3.6508
6899,3.6507
6900,3.6504
6901,3.6502
6902,3.6501
6903,3.6499
6904,3.6497
6905,3.6496
6906,3.6494
6907,3.6493
6908,3.6491
6909,3.6489
6910,3.6488
6911,3.6485
6912,3.6483
6913,3.6481
6914,3.648
6915,3.6478
6916,3.6477
6917,3.6475
6918,3.6473
6919,3.6472
6920,3.647
6921,3.6469
6922,3.6466
6923,3.6464
6924,3.6462
6925,3.6461
6926,3.6459
6927,3.6458
6928,3.6456
6929,3.6454
6930,3.6453
6931,3.645
6932,3.6448
6933,3.6446
6934,3.6445
6935,3.6443
6936,3.6442
6937,3.644
6938,3.6439
6939,3.6437
6940,3.6435
6941,3.6432
6942,3.6431
6943,3.6429
6944,3.6427
6945,3.6426
6946,3.6424
6947,3.6423
6948,3.6419
6949,3.6418
6950,3.6416
6951,3.6415
6952,3.6413
6953,3.6412
6954,3.641
6955,3.6408
6956,3.6407
6957,3.6404
6958,3.6402
6959,3.64
6960,3.6399
6961,3.6397
6962,3.6396
6963,3.6394
6964,3.6391
6965,3.6389
6966,3.6388
6967,3.6386
6968,3.6385
6969,3.6383
6970,3.6381
6971,3.6378
6972,3.6377
6973,3.6375
6974,3.6373
6975,3.6372
6976,3.637
6977,3.6369
6978,3.6367
6979,3.6364
6980,3.6362
6981,3.6361
6982,3.6359
6983,3.6358
6984,3.6354
6985,3.6353
6986,3.6351
6987,3.635
6988,3.6348
6989,3.6346
6990,3.6343
6991,3.6342
6992,3.634
6993,3.6338
6994,3.6337
6995,3.6335
6996,3.6332
6997,3.6331
6998,3.6329
6999,3.6327
7000,3.6326
7001,3.6323
7002,3.6321
7003,3.6319
7004,3.6318
7005,3.6316
7006,3.6313
7007,3.6311
7008,3.631
7009,3.6308
7010,3.6307
7011,3.6304
7012,3.6302
7013,3.63
7014,3.6299
7015,3.6296
7016,3.6294
7017,3.6292
7018,3.6291
7019,3.6288
7020,3.6286
7021,3.6284
7022,3.6283
7023,3.628
7024,3.6278
7025,3.6277
7026,3.6275
7027,3.6272
7028,3.627
7029,3.6269
7030,3.6267
7031,3.6264
7032,3.6262
7033,3.6261
7034,3.6257
7035,3.6256
7036,3.6254
7037,3.6253
7038,3.625
7039,3.6248
7040,3.6246
7041,3.6243
7042,3.6242
7043,3.624
7044,3.6237
7045,3.6235
7046,3.6234
7047,3.623
7048,3.6229
7049,3.6227
7050,3.6224
7051,3.6223
7052,3.6221
7053,3.6218
7054,3.6216
7055,3.6215
7056,3.6211
7057,3.621
7058,3.6208
7059,3.6205
7060,3.6203
7061,3.62
7062,3.6199
7063,3.6197
7064,3.6194
7065,3.6192
7066,3.6189
7067,3.6188
7068,3.6186
7069,3.6183
7070,3.6181
7071,3.6178
7072,3.6176
7073,3.6175
7074,3.6172
7075,3.617
7076,3.6167
7077,3.6165
7078,3.6162
7079,3.6161
7080,3.6157
7081,3.6156
7082,3.6153
7083,3.6151
7084,3.6148
7085,3.6146
7086,3.6143
7087,3.6141
7088,3.6138
7089,3.6137
7090,3.6134
7091,3.6132
7092,3.6129
7093,3.6127
7094,3.6124
7095,3.6122
7096,3.6119
7097,3.6116
7098,3.6114
7099,3.6111
7100,3.611
7101,3.6107
7102,3.6103
7103,3.6102
7104,3.6099
7105,3.6097
7106,3.6094
7107,3.6091
7108,3.6089
7109,3.6086
7110,3.6083
7111,3.6081
7112,3.6078
7113,3.6075
7114,3.6073
7115,3.607
7116,3.6067
7117,3.6064
7118,3.6062
7119,3.6059
7120,3.6056
7121,3.6053
7122,3.6051
7123,3.6048
7124,3.6045
7125,3.6041
7126,3.6038
7127,3.6037
7128,3.6033
7129,3.603
7130,3.6027
7131,3.6024
7132,3.6022
7133,3.6019
7134,3.6016
7135,3.6013
7136,3.601
7137,3.6006
7138,3.6003
7139,3.6
7140,3.5997
7141,3.5995
7142,3.5992
7143,3.5989
7144,3.5986
7145,3.5983
7146,3.5979
7147,3.5976
7148,3.5973
7149,3.597
7150,3.5967
7151,3.5964
7152,3.596
7153,3.5956
7154,3.5952
7155,3.5949
7156,3.5946
7157,3.5943
7158,3.594
7159,3.5937
7160,3.5933
7161,3.5929
7162,3.5927
7163,3.5922
7164,3.5919
7165,3.5916
7166,3.5913
7167,3.5908
7168,3.5905
7169,3.5902
7170,3.5898
7171,3.5894
7172,3.589
7173,3.5887
7174,3.5883
7175,3.5879
7176,3.5876
7177,3.5871
7178,3.5868
7179,3.5865
7180,3.586
7181,3.5857
7182,3.5852
7183,3.5849
7184,3.5844
7185,3.5841
7186,3.5838
7187,3.5833
7188,3.583
7189,3.5825
7190,3.5821
7191,3.5817
7192,3.5813
7193,3.5809
7194,3.5805
7195,3.5802
7196,3.5797
7197,3.5792
7198,3.5789
7199,3.5784
7200,3.5779
7201,3.5776
7202,3.5771
7203,3.5767
7204,3.5762
7205,3.5759
7206,3.5754
7207,3.5749
7208,3.5744
7209,3.574
7210,3.5735
7211,3.573
7212,3.5727
7213,3.5722
7214,3.5717
7215,3.5713
7216,3.5708
7217,3.5703
7218,3.5698
7219,3.5693
7220,3.5689
7221,3.5684
7222,3.5679
7223,3.5674
7224,3.567
7225,3.5665
7226,3.5659
7227,3.5654
7228,3.5649
7229,3.5644
7230,3.5639
7231,3.5635
7232,3.5628
7233,3.5624
7234,3.5619
7235,3.5614
7236,3.5608
7237,3.5603
7238,3.5598
7239,3.5592
7240,3.5587
7241,3.5582
7242,3.5576
7243,3.5571
7244,3.5565
7245,3.556
7246,3.5554
7247,3.5549
7248,3.5543
7249,3.5538
7250,3.5531
7251,3.5527
7252,3.552
7253,3.5516
7254,3.5509
7255,3.5504
7256,3.5498
7257,3.5492
7258,3.5487
7259,3.5481
7260,3.5474
7261,3.5469
7262,3.5463
7263,3.5457
7264,3.5452
7265,3.5446
7266,3.5439
7267,3.5433
7268,3.5427
7269,3.5422
7270,3.5415
7271,3.5409
7272,3.5403
7273,3.5396
7274,3.539
7275,3.5385
7276,3.5379
7277,3.5373
7278,3.5366
7279,3.536
7280,3.5354
7281,3.5347
7282,3.5341
7283,3.5334
7284,3.5328
7285,3.5322
7286,3.5315
7287,3.5309
7288,3.5303
7289,3.5296
7290,3.529
7291,3.5284
7292,3.5277
7293,3.5271
7294,3.5265
7295,3.5258
7296,3.525
7297,3.5244
7298,3.5238
7299,3.5231
7300,3.5225
7301,3.5218
7302,3.5212
7303,3.5204
7304,3.5198
7305,3.5191
7306,3.5185
7307,3.5177
7308,3.5171
7309,3.5164
7310,3.5157
7311,3.515
7312,3.5144
7313,3.5136
7314,3.513
7315,3.5122
7316,3.5115
7317,3.5107
7318,3.5101
7319,3.5093
7320,3.5087
7321,3.5079
7322,3.5071
7323,3.5064
7324,3.5056
7325,3.5049
7326,3.5041
7327,3.5034
7328,3.5026
7329,3.5018
7330,3.501
7331,3.5002
7332,3.4995
7333,3.4987
7334,3.4979
7335,3.4971
7336,3.4963
7337,3.4953
7338,3.4945
7339,3.4937
7340,3.4928
7341,3.492
7342,3.4912
7343,3.4902
7344,3.4894
7345,3.4885
7346,3.4875
7347,3.4867
7348,3.4858
7349,3.4848
7350,3.4839
7351,3.4829
7352,3.482
7353,3.481
7354,3.4801
7355,3.4791
7356,3.478
7357,3.4771
7358,3.4761
7359,3.475
7360,3.474
7361,3.4729
7362,3.4718
7363,3.4709
7364,3.4697
7365,3.4686
7366,3.4675
7367,3.4664
7368,3.4653
7369,3.464
7370,3.4629
7371,3.4618
7372,3.4605
7373,3.4593
7374,3.4581
7375,3.4569
7376,3.4556
7377,3.4543
7378,3.4531
7379,3.4518
7380,3.4505
7381,3.4493
7382,3.4478
7383,3.4466
7384,3.4451
7385,3.4438
7386,3.4424
7387,3.441
7388,3.4396
7389,3.4381
7390,3.4367
7391,3.4353
7392,3.4338
7393,3.4323
7394,3.4308
7395,3.4292
7396,3.4276
7397,3.4262
7398,3.4246
7399,3.423
7400,3.4215
7401,3.4197
7402,3.4181
7403,3.4165
7404,3.4148
7405,3.413
7406,3.4114
7407,3.4097
7408,3.4079
7409,3.4062
7410,3.4045
7411,3.4025
7412,3.4008
7413,3.3989
7414,3.3971
7415,3.3952
7416,3.3933
7417,3.3914
7418,3.3895
7419,3.3876
7420,3.3857
7421,3.3836
7422,3.3817
7423,3.3797
7424,3.3778
7425,3.3757
7426,3.3736
7427,3.3716
7428,3.3695
7429,3.3674
7430,3.3652
7431,3.363
7432,3.3609
7433,3.3587
7434,3.3565
7435,3.3543
7436,3.352
7437,3.3498
7438,3.3474
7439,3.3452
7440,3.3428
7441,3.3404
7442,3.338
7443,3.3357
7444,3.3333
7445,3.3309
7446,3.3284
7447,3.326
7448,3.3235
7449,3.3209
7450,3.3184
7451,3.3158
7452,3.3133
7453,3.3106
7454,3.308
7455,3.3053
7456,3.3026
7457,3.2999
7458,3.2972
7459,3.2944
7460,3.2917
7461,3.2888
7462,3.2861
7463,3.2831
7464,3.2802
7465,3.2774
7466,3.2744
7467,3.2715
7468,3.2685
7469,3.2655
7470,3.2624
7471,3.2594
7472,3.2562
7473,3.2531
7474,3.25
7475,3.2469
7476,3.2435
7477,3.2404
7478,3.237
7479,3.2337
7480,3.2303
7481,3.227
7482,3.2235
7483,3.2202
7484,3.2167
7485,3.2132
7486,3.2097
7487,3.206
7488,3.2025
7489,3.1989
7490,3.1952
7491,3.1914
7492,3.1878
7493,3.184
7494,3.1801
7495,3.1763
7496,3.1724
7497,3.1684
7498,3.1644
7499,3.1604
7500,3.1565
7501,3.1523
7502,3.1482
7503,3.1439
7504,3.1398
7505,3.1355
7506,3.1312
7507,3.1269
7508,3.1225
7509,3.118
7510,3.1136
7511,3.109
7512,3.1045
7513,3.0997
7514,3.0951
7515,3.0904
7516,3.0856
7517,3.0808
7518,3.0759
7519,3.071
7520,3.0661
7521,3.061
7522,3.0559
7523,3.0508
7524,3.0456
7525,3.0403
7526,3.0351
7527,3.0297
7528,3.0243
7529,3.0187
7530,3.0131
7531,3.0076
7532,3.0019
7533,2.9961
7534,2.9904
7535,2.9845
7536,2.9785
7537,2.9725
7538,2.9664
7539,2.9602
7540,2.954
7541,2.9477
7542,2.9413
7543,2.935
7544,2.9283
7545,2.9218
7546,2.915
7547,2.9083
7548,2.9013
7549,2.8945
7550,2.8873
7551,2.8802
7552,2.873
7553,2.8655
7554,2.8581
7555,2.8506
7556,2.843
7557,2.8352
7558,2.8274
7559,2.8195
7560,2.8114
7561,2.8031
7562,2.7948
7563,2.7864
7564,2.7778
7565,2.7692
7566,2.7605
7567,2.7516
7568,2.7426
7569,2.7335
7570,2.7241
7571,2.7147
7572,2.7054
7573,2.6957
7574,2.686
7575,2.6761
7576,2.6661
7577,2.6561
7578,2.646
7579,2.6356
7580,2.6251
7581,2.6146
7582,2.604
7583,2.5932
7584,2.5824
7585,2.5714
7586,2.5603
7587,2.549
7588,2.5377
7589,2.5261
7590,2.5145
7591,2.5029
7592,2.4999
7593,2.5139
7594,2.6193
7595,2.7216
7596,2.8247
7597,2.9108
7598,3.0111
7599,3.0966
7600,3.1973
7601,3.2073
7602,3.285
7603,3.3417
7604,3.3827
7605,3.4121
7606,3.4324
7607,3.4459
7608,3.4553
7609,3.4618
7610,3.4667
7611,3.4705
7612,3.4737
7613,3.4763
7614,3.4785
7615,3.4804
7616,3.482
7617,3.4836
7618,3.4848
7619,3.4861
7620,3.4872
7621,3.4882
7622,3.4891
7623,3.4901
7624,3.4909
7625,3.4917
7626,3.4925
7627,3.4931
7628,3.4937
7629,3.4944
7630,3.495
7631,3.4955
7632,3.4961
7633,3.4966
7634,3.4971
7635,3.4975
7636,3.498
7637,3.4985
7638,3.4988
7639,3.4993
7640,3.4996
7641,3.5001
7642,3.5004
7643,3.5007
7644,3.501
7645,3.5015
7646,3.5018
7647,3.5022
7648,3.5023
7649,3.5026
7650,3.5029
7651,3.5033
7652,3.5036
7653,3.5037
7654,3.5041
7655,3.5044
7656,3.5045
7657,3.5049
7658,3.505
7659,3.5053
7660,3.5055
7661,3.5058
7662,3.506
7663,3.5063
7664,3.5064
7665,3.5066
7666,3.5069
7667,3.5071
7668,3.5072
7669,3.5074
7670,3.5077
7671,3.5079
7672,3.508
7673,3.5082
7674,3.5083
7675,3.5085
7676,3.5087
7677,3.5088
7678,3.5091
7679,3.5093
7680,3.5095
7681,3.5096
7682,3.5098
7683,3.5099
7684,3.5101
7685,3.5103
7686,3.5103
7687,3.5104
7688,3.5106
7689,3.5107
7690,3.5109
7691,3.511
7692,3.5112
7693,3.5114
7694,3.5115
7695,3.5115
7696,3.5117
7697,3.5118
7698,3.512
7699,3.5122
7700,3.5122
7701,3.5123
7702,3.5125
7703,3.5126
7704,3.5126
7705,3.5128
7706,3.513
7707,3.5131
7708,3.5131
7709,3.5133
7710,3.5134
7711,3.5134
7712,3.5136
7713,3.5137
7714,3.5137
7715,3.5139
7716,3.5141
7717,3.5141
7718,3.5142
7719,3.5144
7720,3.5144
7721,3.5145
7722,3.5147
7723,3.5147
7724,3.5149
7725,3.5149
7726,3.515
7727,3.5152
7728,3.5152
7729,3.5153
7730,3.5153
7731,3.5155
7732,3.5155
7733,3.5157
7734,3.5157
7735,3.5158
7736,3.5158
7737,3.516
7738,3.5161
7739,3.5161
7740,3.5163
7741,3.5163
7742,3.5164
7743,3.5164
7744,3.5166
7745,3.5166
7746,3.5168
7747,3.5168
7748,3.5169
7749,3.5169
7750,3.5171
7751,3.5171
7752,3.5172
7753,3.5172
7754,3.5172
7755,3.5174
7756,3.5174
7757,3.5176
7758,3.5176
7759,3.5177
7760,3.5177
7761,3.5179
7762,3.5179
7763,3.5179
7764,3.518
7765,3.518
7766,3.5182
7767,3.5182
7768,3.5184
7769,3.5184
7770,3.5184
7771,3.5185
7772,3.5185
7773,3.5187
7774,3.5187
7775,3.5187
7776,3.5188
7777,3.5188
7778,3.519
7779,3.5275
7780,3.5697
7781,3.5732
7782,3.5753
7783,3.5769
7784,3.5781
7785,3.5793
7786,3.5801
7787,3.581
7788,3.5816
7789,3.5824
7790,3.5831
7791,3.5835
7792,3.5842
7793,3.5847
7794,3.5853
7795,3.5858
7796,3.5862
7797,3.5867
7798,3.5872
7799,3.5877
7800,3.588
7801,3.5885
7802,3.5888
7803,3.5893
7804,3.5897
7805,3.5901
7806,3.5904
7807,3.5907
7808,3.5912
7809,3.5915
7810,3.5918
7811,3.5921
7812,3.5926
7813,3.5929
7814,3.5932
7815,3.5936
7816,3.5939
7817,3.5942
7818,3.5945
7819,3.5948
7820,3.5951
7821,3.5953
7822,3.5956
7823,3.5959
7824,3.5963
7825,3.5966
7826,3.5969
7827,3.597
7828,3.5974
7829,3.5977
7830,3.598
7831,3.5982
7832,3.5985
7833,3.5988
7834,3.599
7835,3.5993
7836,3.5994
7837,3.5998
7838,3.5999
7839,3.6002
7840,3.6005
7841,3.6007
7842,3.601
7843,3.6012
7844,3.6015
7845,3.6017
7846,3.602
7847,3.6021
7848,3.6025
7849,3.6026
7850,3.6028
7851,3.6031
7852,3.6032
7853,3.6036
7854,3.6037
7855,3.6039
7856,3.6042
7857,3.6044
7858,3.6045
7859,3.6048
7860,3.605
7861,3.6052
7862,3.6055
7863,3.6056
7864,3.6058
7865,3.6059
7866,3.6063
7867,3.6064
7868,3.6066
7869,3.6067
7870,3.6071
7871,3.6072
7872,3.6074
7873,3.6075
7874,3.6077
7875,3.608
7876,3.6082
7877,3.6083
7878,3.6085
7879,3.6086
7880,3.6088
7881,3.609
7882,3.6093
7883,3.6094
7884,3.6096
7885,3.6098
7886,3.6099
7887,3.6101
7888,3.6102
7889,3.6104
7890,3.6106
7891,3.6107
7892,3.611
7893,3.6112
7894,3.6113
7895,3.6115
7896,3.6117
7897,3.6118
7898,3.612
7899,3.6121
7900,3.6123
7901,3.6125
7902,3.6126
7903,3.6128
7904,3.6129
7905,3.6131
7906,3.6133
7907,3.6134
7908,3.6136
7909,3.6137
7910,3.6139
7911,3.614
7912,3.6142
7913,3.6144
7914,3.6145
7915,3.6147
7916,3.6148
7917,3.615
7918,3.6152
7919,3.6153
7920,3.6155
7921,3.6156
7922,3.6158
7923,3.616
7924,3.616
7925,3.6161
7926,3.6163
7927,3.6164
7928,3.6166
7929,3.6168
7930,3.6169
7931,3.6171
7932,3.6172
7933,3.6174
7934,3.6175
7935,3.6177
7936,3.6179
7937,3.618
7938,3.618
7939,3.6182
7940,3.6183
7941,3.6185
7942,3.6187
7943,3.6188
7944,3.619
7945,3.6191
7946,3.6193
7947,3.6195
7948,3.6195
7949,3.6196
7950,3.6198
7951,3.6199
7952,3.6201
7953,3.6202
7954,3.6204
7955,3.6206
7956,3.6206
7957,3.6207
7958,3.6209
7959,3.621
7960,3.6212
7961,3.6214
7962,3.6215
7963,3.6215
7964,3.6217
7965,3.6218
7966,3.622
7967,3.6222
7968,3.6223
7969,3.6225
7970,3.6225
7971,3.6226
7972,3.6228
7973,3.6229
7974,3.6231
7975,3.6233
7976,3.6233
7977,3.6234
7978,3.6236
7979,3.6237
7980,3.6239
7981,3.6241
7982,3.6241
7983,3.6242
7984,3.6244
7985,3.6245
7986,3.6247
7987,3.6249
7988,3.625
7989,3.625
7990,3.6252
7991,3.6253
7992,3.6255
7993,3.6256
7994,3.6256
7995,3.6258
7996,3.626
7997,3.6261
7998,3.6263
7999,3.6263
8000,3.6264
8001,3.6266
8002,3.6268
8003,3.6269
8004,3.6271
8005,3.6272
8006,3.6272
8007,3.6274
8008,3.6276
8009,3.6277
8010,3.6277
8011,3.628
8012,3.628
8013,3.6282
8014,3.6283
8015,3.6285
8016,3.6287
8017,3.6287
8018,3.6288
8019,3.629
8020,3.6291
8021,3.6293
8022,3.6293
8023,3.6295
8024,3.6296
8025,3.6298
8026,3.6298
8027,3.6299
8028,3.6301
8029,3.6303
8030,3.6304
8031,3.6306
8032,3.6306
8033,3.6307
8034,3.6309
8035,3.6311
8036,3.6312
8037,3.6312
8038,3.6314
8039,3.6315
8040,3.6317
8041,3.6318
8042,3.632
8043,3.632
8044,3.6322
8045,3.6323
8046,3.6325
8047,3.6326
8048,3.6326
8049,3.6328
8050,3.633
8051,3.6331
8052,3.6333
8053,3.6333
8054,3.6334
8055,3.6336
8056,3.6338
8057,3.6338
8058,3.6339
8059,3.6341
8060,3.6342
8061,3.6344
8062,3.6344
8063,3.6345
8064,3.6347
8065,3.6349
8066,3.635
8067,3.635
8068,3.6352
8069,3.6353
8070,3.6355
8071,3.6357
8072,3.6357
8073,3.6358
8074,3.636
8075,3.6361
8076,3.6363
8077,3.6363
8078,3.6365
8079,3.6366
8080,3.6368
8081,3.6368
8082,3.6369
8083,3.6371
8084,3.6372
8085,3.6374
8086,3.6374
8087,3.6376
8088,3.6377
8089,3.6379
8090,3.638
8091,3.638
8092,3.6382
8093,3.6384
8094,3.6385
8095,3.6387
8096,3.6387
8097,3.6388
8098,3.639
8099,3.639
8100,3.6392
8101,3.6393
8102,3.6395
8103,3.6396
8104,3.6396
8105,3.6398
8106,3.6399
8107,3.6401
8108,3.6403
8109,3.6403
8110,3.6404
8111,3.6406
8112,3.6407
8113,3.6407
8114,3.6409
8115,3.6411
8116,3.6412
8117,3.6414
8118,3.6414
8119,3.6415
8120,3.6417
8121,3.6419
8122,3.642
8123,3.642
8124,3.6422
8125,3.6423
8126,3.6425
8127,3.6425
8128,3.6426
8129,3.6428
8130,3.643
8131,3.6431
8132,3.6431
8133,3.6433
8134,3.6434
8135,3.6436
8136,3.6436
8137,3.6438
8138,3.6439
8139,3.6441
8140,3.6442
8141,3.6442
8142,3.6444
8143,3.6446
8144,3.6447
8145,3.6447
8146,3.6449
8147,3.645
8148,3.6452
8149,3.6452
8150,3.6453
8151,3.6455
8152,3.6457
8153,3.6458
8154,3.6458
8155,3.646
8156,3.6461
8157,3.6463
8158,3.6463
8159,3.6465
8160,3.6466
8161,3.6468
8162,3.6468
8163,3.6469
8164,3.6471
8165,3.6473
8166,3.6473
8167,3.6474
8168,3.6476
8169,3.6477
8170,3.6477
8171,3.6479
8172,3.648
8173,3.6482
8174,3.6482
8175,3.6484
8176,3.6485
8177,3.6487
8178,3.6487
8179,3.6488
8180,3.649
8181,3.6492
8182,3.6492
8183,3.6493
8184,3.6495
8185,3.6496
8186,3.6498
8187,3.6498
8188,3.65
8189,3.6501
8190,3.6503
8191,3.6503
8192,3.6504
8193,3.6506
8194,3.6508
8195,3.6508
8196,3.6509
8197,3.6511
8198,3.6512
8199,3.6514
8200,3.6514
8201,3.6515
8202,3.6517
8203,3.6517
8204,3.6519
8205,3.652
8206,3.6522
8207,3.6523
8208,3.6523
8209,3.6525
8210,3.6527
8211,3.6528
8212,3.6528
8213,3.653
8214,3.6531
8215,3.6531
8216,3.6533
8217,3.6535
8218,3.6536
8219,3.6536
8220,3.6538
8221,3.6539
8222,3.6541
8223,3.6541
8224,3.6542
8225,3.6544
8226,3.6546
8227,3.6546
8228,3.6547
8229,3.6549
8230,3.655
8231,3.655
8232,3.6552
8233,3.6554
8234,3.6555
8235,3.6555
8236,3.6557
8237,3.6558
8238,3.656
8239,3.656
8240,3.6562
8241,3.6563
8242,3.6565
8243,3.6565
8244,3.6566
8245,3.6568
8246,3.6569
8247,3.6569
8248,3.6571
8249,3.6573
8250,3.6574
8251,3.6574
8252,3.6576
8253,3.6577
8254,3.6579
8255,3.6579
8256,3.6581
8257,3.6582
8258,3.6584
8259,3.6584
8260,3.6585
8261,3.6587
8262,3.6587
8263,3.6589
8264,3.659
8265,3.6592
8266,3.6592
8267,3.6593
8268,3.6595
8269,3.6596
8270,3.6596
8271,3.6598
8272,3.66
8273,3.6601
8274,3.6601
8275,3.6603
8276,3.6604
8277,3.6606
8278,3.6606
8279,3.6608
8280,3.6609
8281,3.6611
8282,3.6611
8283,3.6612
8284,3.6614
8285,3.6614
8286,3.6616
8287,3.6617
8288,3.6619
8289,3.6619
8290,3.662
8291,3.6622
8292,3.6622
8293,3.6623
8294,3.6625
8295,3.6627
8296,3.6627
8297,3.6628
8298,3.663
8299,3.6631
8300,3.6631
8301,3.6633
8302,3.6635
8303,3.6636
8304,3.6636
8305,3.6638
8306,3.6639
8307,3.6639
8308,3.6641
8309,3.6643
8310,3.6644
8311,3.6644
8312,3.6646
8313,3.6647
8314,3.6647
8315,3.6649
8316,3.665
8317,3.6652
8318,3.6652
8319,3.6654
8320,3.6655
8321,3.6655
8322,3.6657
8323,3.6658
8324,3.666
8325,3.666
8326,3.6662
8327,3.6663
8328,3.6665
8329,3.6665
8330,3.6666
8331,3.6668
8332,3.6668
8333,3.667
8334,3.6671
8335,3.6673
8336,3.6673
8337,3.6674
8338,3.6676
8339,3.6676
8340,3.6678
8341,3.6679
8342,3.6681
8343,3.6681
8344,3.6682
8345,3.6684
8346,3.6685
8347,3.6685
8348,3.6687
8349,3.6689
8350,3.6689
8351,3.669
8352,3.6692
8353,3.6693
8354,3.6693
8355,3.6695
8356,3.6697
8357,3.6697
8358,3.6698
8359,3.67
8360,3.67
8361,3.6701
8362,3.6703
8363,3.6705
8364,3.6705
8365,3.6706
8366,3.6708
8367,3.6709
8368,3.6709
8369,3.6711
8370,3.6712
8371,3.6712
8372,3.6714
8373,3.6716
8374,3.6717
8375,3.6717
8376,3.6719
8377,3.672
8378,3.672
8379,3.6722
8380,3.6724
8381,3.6725
8382,3.6725
8383,3.6727
8384,3.6727
8385,3.6728
8386,3.673
8387,3.6732
8388,3.6733
8389,3.6733
8390,3.6735
8391,3.6736
8392,3.6736
8393,3.6738
8394,3.6739
8395,3.6741
8396,3.6741
8397,3.6743
8398,3.6744
8399,3.6744
8400,3.6746
8401,3.6747
8402,3.6747
8403,3.6749
8404,3.6751
8405,3.6752
8406,3.6752
8407,3.6754
8408,3.6755
8409,3.6757
8410,3.6757
8411,3.6759
8412,3.676
8413,3.6762
8414,3.6762
8415,3.6763
8416,3.6765
8417,3.6765
8418,3.6766
8419,3.6768
8420,3.6768
8421,3.677
8422,3.6771
8423,3.6773
8424,3.6773
8425,3.6774
8426,3.6776
8427,3.6778
8428,3.6778
8429,3.6779
8430,3.6781
8431,3.6781
8432,3.6782
8433,3.6784
8434,3.6786
8435,3.6786
8436,3.6787
8437,3.6789
8438,3.6789
8439,3.679
8440,3.6792
8441,3.6793
8442,3.6793
8443,3.6795
8444,3.6797
8445,3.6797
8446,3.6798
8447,3.68
8448,3.6801
8449,3.6801
8450,3.6803
8451,3.6805
8452,3.6806
8453,3.6806
8454,3.6808
8455,3.6809
8456,3.6811
8457,3.6811
8458,3.6813
8459,3.6814
8460,3.6814
8461,3.6816
8462,3.6817
8463,3.6819
8464,3.6819
8465,3.682
8466,3.6822
8467,3.6824
8468,3.6824
8469,3.6825
8470,3.6827
8471,3.6828
8472,3.6828
8473,3.683
8474,3.6832
8475,3.6832
8476,3.6833
8477,3.6835
8478,3.6836
8479,3.6836
8480,3.6838
8481,3.684
8482,3.6841
8483,3.6841
8484,3.6843
8485,3.6844
8486,3.6846
8487,3.6846
8488,3.6848
8489,3.6849
8490,3.6851
8491,3.6851
8492,3.6852
8493,3.6854
8494,3.6855
8495,3.6857
8496,3.6857
8497,3.6859
8498,3.686
8499,3.686
8500,3.6862
8501,3.6863
8502,3.6865
8503,3.6865
8504,3.6867
8505,3.6868
8506,3.687
8507,3.6871
8508,3.6871
8509,3.6873
8510,3.6875
8511,3.6876
8512,3.6876
8513,3.6878
8514,3.6879
8515,3.6881
8516,3.6881
8517,3.6882
8518,3.6884
8519,3.6886
8520,3.6887
8521,3.6887
8522,3.6889
8523,3.689
8524,3.6892
8525,3.6894
8526,3.6894
8527,3.6895
8528,3.6897
8529,3.6898
8530,3.6898
8531,3.69
8532,3.6902
8533,3.6903
8534,3.6905
8535,3.6905
8536,3.6906
8537,3.6908
8538,3.6909
8539,3.6909
8540,3.6911
8541,3.6913
8542,3.6914
8543,3.6916
8544,3.6917
8545,3.6917
8546,3.6919
8547,3.6921
8548,3.6922
8549,3.6924
8550,3.6924
8551,3.6925
8552,3.6927
8553,3.6929
8554,3.693
8555,3.693
8556,3.6932
8557,3.6933
8558,3.6935
8559,3.6936
8560,3.6938
8561,3.6938
8562,3.694
8563,3.6941
8564,3.6943
8565,3.6943
8566,3.6944
8567,3.6946
8568,3.6948
8569,3.6949
8570,3.6949
8571,3.6951
8572,3.6952
8573,3.6954
8574,3.6956
8575,3.6957
8576,3.6959
8577,3.6959
8578,3.696
8579,3.6962
8580,3.6963
8581,3.6965
8582,3.6967
8583,3.6968
8584,3.6968
8585,3.697
8586,3.6971
8587,3.6973
8588,3.6975
8589,3.6976
8590,3.6976
8591,3.6978
8592,3.6979
8593,3.6981
8594,3.6983
8595,3.6984
8596,3.6986
8597,3.6986
8598,3.6987
8599,3.6989
8600,3.6991
8601,3.6992
8602,3.6994
8603,3.6995
8604,3.6997
8605,3.6997
8606,3.6998
8607,3.7
8608,3.7002
8609,3.7003
8610,3.7005
8611,3.7006
8612,3.7006
8613,3.7008
8614,3.701
8615,3.7011
8616,3.7013
8617,3.7014
8618,3.7016
8619,3.7018
8620,3.7019
8621,3.7021
8622,3.7021
8623,3.7022
8624,3.7024
8625,3.7025
8626,3.7027
8627,3.7029
8628,3.703
8629,3.7032
8630,3.7032
8631,3.7033
8632,3.7035
8633,3.7037
8634,3.7038
8635,3.704
8636,3.7041
8637,3.7043
8638,3.7045
8639,3.7046
8640,3.7048
8641,3.7049
8642,3.7049
8643,3.7051
8644,3.7052
8645,3.7054
8646,3.7056
8647,3.7057
8648,3.7059
8649,3.706
8650,3.7062
8651,3.7064
8652,3.7065
8653,3.7067
8654,3.7067
8655,3.7068
8656,3.707
8657,3.7072
8658,3.7073
8659,3.7075
8660,3.7076
8661,3.7078
8662,3.7079
8663,3.7081
8664,3.7083
8665,3.7084
8666,3.7086
8667,3.7087
8668,3.7089
8669,3.7091
8670,3.7091
8671,3.7092
8672,3.7094
8673,3.7095
8674,3.7097
8675,3.7099
8676,3.71
8677,3.7102
8678,3.7103
8679,3.7105
8680,3.7106
8681,3.7108
8682,3.7108
8683,3.711
8684,3.7105
8685,3.7105
8686,3.7105
8687,3.7105
8688,3.7105
8689,3.7105
8690,3.7105
8691,3.7105
8692,3.7105
8693,3.7105
8694,3.7105
8695,3.7105
8696,3.7105
8697,3.7105
8698,3.7105
8699,3.7105
8700,3.7105
8701,3.7105
8702,3.7105
8703,3.7105
8704,3.7105
8705,3.7105
8706,3.7105
8707,3.7105
8708,3.7105
8709,3.7105
8710,3.7105
8711,3.7105
8712,3.7105
8713,3.7105
8714,3.7105
8715,3.7105
8716,3.7105
8717,3.7084
8718,3.7076
8719,3.7072
8720,3.7069
8721,3.7069
8722,3.7068
8723,3.7066
8724,3.7064
8725,3.7064
8726,3.7063
8727,3.7063
8728,3.7061
8729,3.7061
8730,3.7061
8731,3.706
8732,3.706
8733,3.706
8734,3.706
8735,3.7058
8736,3.7058
8737,3.7058
8738,3.7057
8739,3.7057
8740,3.7057
8741,3.7057
8742,3.7057
8743,3.7055
8744,3.7055
8745,3.7055
8746,3.7055
8747,3.7055
8748,3.7055
8749,3.7053
8750,3.7053
8751,3.7053
8752,3.7053
8753,3.7053
8754,3.7053
8755,3.7053
8756,3.7053
8757,3.7052
8758,3.7052
8759,3.7052
8760,3.7052
8761,3.7052
8762,3.7052
8763,3.7052
8764,3.7052
8765,3.7052
8766,3.705
8767,3.7052
8768,3.705
8769,3.705
8770,3.705
8771,3.705
8772,3.705
8773,3.705
8774,3.705
8775,3.705
8776,3.705
8777,3.705
8778,3.705
8779,3.705
8780,3.705
8781,3.705
8782,3.705
8783,3.7049
8784,3.7049
8785,3.7049
8786,3.7049
8787,3.7049
8788,3.7049
8789,3.7049
8790,3.7049
8791,3.7049
8792,3.7049
8793,3.7049
8794,3.7049
8795,3.7049
8796,3.7049
8797,3.7049
8798,3.7049
8799,3.7049
8800,3.7049
8801,3.7047
8802,3.7047
8803,3.7047
8804,3.7047
8805,3.7047
8806,3.7047
8807,3.7047
8808,3.7047
8809,3.7047
8810,3.7047
8811,3.7047
8812,3.7047
8813,3.7047
8814,3.7047
8815,3.7047
8816,3.7047
8817,3.7047
8818,3.7047
8819,3.7047
8820,3.7047
8821,3.7047
8822,3.7047
8823,3.7047
8824,3.7047
8825,3.7047
8826,3.7047
8827,3.7047
8828,3.7047
8829,3.7047
8830,3.7047
8831,3.7045
8832,3.7045
8833,3.7045
8834,3.7045
8835,3.7045
8836,3.7045
8837,3.7045
8838,3.7045
8839,3.7045
8840,3.7045
8841,3.7045
8842,3.7045
8843,3.7045
8844,3.7045
8845,3.7045
8846,3.7045
8847,3.7045
8848,3.7045
8849,3.7045
8850,3.7045
8851,3.7045
8852,3.7045
8853,3.7045
8854,3.7045
8855,3.7045
8856,3.7045
8857,3.7045
8858,3.7045
8859,3.7045
8860,3.7045
8861,3.7045
8862,3.7045
8863,3.7045
8864,3.7045
8865,3.7045
8866,3.7045
8867,3.7045
8868,3.7045
8869,3.7045
8870,3.7045
8871,3.7045
8872,3.7045
8873,3.7045
8874,3.7045
8875,3.7045
8876,3.7045
8877,3.7044
8878,3.7045
8879,3.7045
8880,3.7044
8881,3.7045
8882,3.7045
8883,3.7044
8884,3.7045
8885,3.7045
8886,3.7044
8887,3.7044
8888,3.7044
8889,3.7044
8890,3.7045
8891,3.7044
8892,3.7044
8893,3.7044
8894,3.7044
8895,3.7044
8896,3.7044
8897,3.7044
