,voltage
0,3.3994
1,3.3994
2,3.3994
3,3.3994
4,3.3994
5,3.3994
6,3.3994
7,3.3994
8,3.3994
9,3.3994
10,3.3994
11,3.3994
12,3.3994
13,3.3994
14,3.3994
15,3.3994
16,3.3994
17,3.3994
18,3.3994
19,3.3994
20,3.3994
21,3.3994
22,3.3994
23,3.3994
24,3.3994
25,3.3994
26,3.3994
27,3.3994
28,3.3994
29,3.3994
30,3.3994
31,3.3994
32,3.3994
33,3.3994
34,3.3994
35,3.3994
36,3.3994
37,3.3994
38,3.3994
39,3.3994
40,3.3994
41,3.3994
42,3.3994
43,3.3994
44,3.3994
45,3.3994
46,3.3994
47,3.3994
48,3.3994
49,3.3994
50,3.3994
51,3.3993
52,3.3994
53,3.3993
54,3.3994
55,3.3994
56,3.3994
57,3.3994
58,3.3994
59,3.3994
60,3.3993
61,3.4713
62,3.5763
63,3.6483
64,3.6453
65,3.642
66,3.6396
67,3.6378
68,3.6366
69,3.6356
70,3.635
71,3.6343
72,3.6339
73,3.6335
74,3.6332
75,3.6331
76,3.6329
77,3.6328
78,3.6326
79,3.6324
80,3.6324
81,3.6324
82,3.6324
83,3.6324
84,3.6324
85,3.6324
86,3.6326
87,3.6326
88,3.6328
89,3.6328
90,3.6329
91,3.6331
92,3.6331
93,3.6332
94,3.6334
95,3.6335
96,3.6337
97,3.6339
98,3.634
99,3.6342
100,3.6343
101,3.6345
102,3.6347
103,3.6348
104,3.635
105,3.6351
106,3.6353
107,3.6355
108,3.6356
109,3.6359
110,3.6361
111,3.6362
112,3.6364
113,3.6366
114,3.6367
115,3.637
116,3.6372
117,3.6374
118,3.6375
119,3.6378
120,3.638
121,3.6382
122,3.6383
123,3.6385
124,3.6388
125,3.6389
126,3.6391
127,3.6393
128,3.6394
129,3.6397
130,3.6399
131,3.6401
132,3.6402
133,3.6405
134,3.6407
135,3.6409
136,3.641
137,3.6412
138,3.6413
139,3.6415
140,3.6418
141,3.642
142,3.6421
143,3.6423
144,3.6424
145,3.6428
146,3.6429
147,3.6431
148,3.6432
149,3.6434
150,3.6436
151,3.6437
152,3.6439
153,3.6442
154,3.6444
155,3.6445
156,3.6447
157,3.6448
158,3.645
159,3.6451
160,3.6453
161,3.6455
162,3.6456
163,3.6458
164,3.6459
165,3.6461
166,3.6463
167,3.6464
168,3.6466
169,3.6467
170,3.6469
171,3.6471
172,3.6472
173,3.6474
174,3.6475
175,3.6477
176,3.6478
177,3.648
178,3.6482
179,3.6482
180,3.6483
181,3.6485
182,3.6486
183,3.6488
184,3.649
185,3.6491
186,3.6493
187,3.6494
188,3.6496
189,3.6496
190,3.6498
191,3.6499
192,3.6501
193,3.6502
194,3.6502
195,3.6504
196,3.6505
197,3.6507
198,3.6509
199,3.651
200,3.651
201,3.6512
202,3.6513
203,3.6515
204,3.6515
205,3.6517
206,3.6518
207,3.652
208,3.652
209,3.6521
210,3.6523
211,3.6525
212,3.6525
213,3.6526
214,3.6528
215,3.6528
216,3.6529
217,3.6531
218,3.6531
219,3.6533
220,3.6534
221,3.6536
222,3.6536
223,3.6537
224,3.6539
225,3.6539
226,3.654
227,3.6542
228,3.6544
229,3.6544
230,3.6545
231,3.6545
232,3.6547
233,3.6548
234,3.6548
235,3.655
236,3.6552
237,3.6552
238,3.6553
239,3.6553
240,3.6555
241,3.6556
242,3.6556
243,3.6558
244,3.656
245,3.656
246,3.6561
247,3.6561
248,3.6563
249,3.6564
250,3.6564
251,3.6566
252,3.6566
253,3.6567
254,3.6567
255,3.6569
256,3.6571
257,3.6571
258,3.6572
259,3.6572
260,3.6574
261,3.6575
262,3.6575
263,3.6577
264,3.6577
265,3.6579
266,3.6579
267,3.658
268,3.658
269,3.6582
270,3.6582
271,3.6583
272,3.6585
273,3.6585
274,3.6587
275,3.6587
276,3.6588
277,3.6588
278,3.659
279,3.659
280,3.6591
281,3.6591
282,3.6593
283,3.6593
284,3.6594
285,3.6594
286,3.6596
287,3.6596
288,3.6598
289,3.6598
290,3.6599
291,3.6599
292,3.6601
293,3.6601
294,3.6602
295,3.6602
296,3.6604
297,3.6604
298,3.6606
299,3.6606
300,3.6607
301,3.6607
302,3.6609
303,3.6609
304,3.661
305,3.661
306,3.6612
307,3.6612
308,3.6614
309,3.6614
310,3.6615
311,3.6615
312,3.6617
313,3.6617
314,3.6617
315,3.6618
316,3.6618
317,3.662
318,3.662
319,3.6622
320,3.6622
321,3.6623
322,3.6623
323,3.6625
324,3.6625
325,3.6626
326,3.6626
327,3.6628
328,3.6628
329,3.6628
330,3.6629
331,3.6629
332,3.6631
333,3.6631
334,3.6633
335,3.6633
336,3.6634
337,3.6634
338,3.6634
339,3.6636
340,3.6636
341,3.6637
342,3.6637
343,3.6639
344,3.6639
345,3.6641
346,3.6641
347,3.6641
348,3.6642
349,3.6642
350,3.6644
351,3.6644
352,3.6644
353,3.6645
354,3.6645
355,3.6647
356,3.6647
357,3.6649
358,3.6649
359,3.6649
360,3.665
361,3.665
362,3.6652
363,3.6652
364,3.6653
365,3.6653
366,3.6655
367,3.6655
368,3.6655
369,3.6656
370,3.6656
371,3.6658
372,3.6658
373,3.666
374,3.666
375,3.666
376,3.6661
377,3.6661
378,3.6661
379,3.6663
380,3.6663
381,3.6664
382,3.6664
383,3.6666
384,3.6666
385,3.6668
386,3.6668
387,3.6668
388,3.6669
389,3.6669
390,3.6669
391,3.6671
392,3.6671
393,3.6672
394,3.6672
395,3.6672
396,3.6674
397,3.6674
398,3.6676
399,3.6676
400,3.6676
401,3.6677
402,3.6677
403,3.6679
404,3.6679
405,3.668
406,3.668
407,3.668
408,3.6682
409,3.6682
410,3.6683
411,3.6683
412,3.6683
413,3.6685
414,3.6685
415,3.6687
416,3.6687
417,3.6687
418,3.6688
419,3.6688
420,3.669
421,3.669
422,3.669
423,3.6691
424,3.6691
425,3.6693
426,3.6693
427,3.6693
428,3.6695
429,3.6695
430,3.6695
431,3.6696
432,3.6696
433,3.6698
434,3.6698
435,3.6698
436,3.6699
437,3.6699
438,3.6701
439,3.6701
440,3.6701
441,3.6703
442,3.6703
443,3.6704
444,3.6704
445,3.6704
446,3.6706
447,3.6706
448,3.6706
449,3.6707
450,3.6707
451,3.6709
452,3.6709
453,3.6709
454,3.671
455,3.671
456,3.6712
457,3.6712
458,3.6712
459,3.6714
460,3.6714
461,3.6715
462,3.6715
463,3.6715
464,3.6717
465,3.6717
466,3.6718
467,3.6718
468,3.6718
469,3.672
470,3.672
471,3.672
472,3.6722
473,3.6722
474,3.6722
475,3.6723
476,3.6723
477,3.6725
478,3.6725
479,3.6725
480,3.6726
481,3.6726
482,3.6728
483,3.6728
484,3.6728
485,3.673
486,3.673
487,3.6731
488,3.6731
489,3.6731
490,3.6733
491,3.6733
492,3.6733
493,3.6734
494,3.6734
495,3.6736
496,3.6736
497,3.6736
498,3.6738
499,3.6738
500,3.6739
501,3.6739
502,3.6739
503,3.6741
504,3.6741
505,3.6741
506,3.6742
507,3.6742
508,3.6744
509,3.6744
510,3.6744
511,3.6745
512,3.6745
513,3.6745
514,3.6747
515,3.6747
516,3.6749
517,3.6749
518,3.6749
519,3.675
520,3.675
521,3.6752
522,3.6752
523,3.6752
524,3.6753
525,3.6753
526,3.6753
527,3.6755
528,3.6755
529,3.6755
530,3.6757
531,3.6757
532,3.6758
533,3.6758
534,3.676
535,3.676
536,3.676
537,3.6761
538,3.6761
539,3.6761
540,3.6763
541,3.6763
542,3.6765
543,3.6765
544,3.6765
545,3.6765
546,3.6766
547,3.6766
548,3.6768
549,3.6768
550,3.6768
551,3.6769
552,3.6769
553,3.6771
554,3.6771
555,3.6771
556,3.6772
557,3.6772
558,3.6772
559,3.6774
560,3.6774
561,3.6776
562,3.6776
563,3.6776
564,3.6777
565,3.6777
566,3.6777
567,3.6779
568,3.6779
569,3.6779
570,3.678
571,3.678
572,3.6782
573,3.6782
574,3.6784
575,3.6784
576,3.6784
577,3.6785
578,3.6785
579,3.6785
580,3.6787
581,3.6787
582,3.6787
583,3.6788
584,3.6788
585,3.679
586,3.679
587,3.679
588,3.6792
589,3.6792
590,3.6792
591,3.6793
592,3.6793
593,3.6793
594,3.6795
595,3.6795
596,3.6796
597,3.6796
598,3.6796
599,3.6798
600,3.6798
601,3.6799
602,3.6799
603,3.6799
604,3.6801
605,3.6801
606,3.6803
607,3.6803
608,3.6803
609,3.6804
610,3.6804
611,3.6806
612,3.6806
613,3.6806
614,3.6807
615,3.6807
616,3.6807
617,3.6809
618,3.6809
619,3.6811
620,3.6811
621,3.6811
622,3.6812
623,3.6812
624,3.6812
625,3.6814
626,3.6814
627,3.6814
628,3.6815
629,3.6815
630,3.6817
631,3.6817
632,3.6817
633,3.6819
634,3.6819
635,3.682
636,3.682
637,3.682
638,3.6822
639,3.6822
640,3.6822
641,3.6823
642,3.6823
643,3.6825
644,3.6825
645,3.6825
646,3.6826
647,3.6826
648,3.6826
649,3.6828
650,3.6828
651,3.683
652,3.683
653,3.683
654,3.6831
655,3.6831
656,3.6833
657,3.6833
658,3.6833
659,3.6834
660,3.6834
661,3.6834
662,3.6836
663,3.6836
664,3.6838
665,3.6838
666,3.6838
667,3.6839
668,3.6839
669,3.6839
670,3.6841
671,3.6841
672,3.6842
673,3.6842
674,3.6842
675,3.6844
676,3.6844
677,3.6846
678,3.6846
679,3.6846
680,3.6847
681,3.6847
682,3.6847
683,3.6849
684,3.6849
685,3.685
686,3.685
687,3.6852
688,3.6852
689,3.6852
690,3.6854
691,3.6854
692,3.6855
693,3.6855
694,3.6855
695,3.6857
696,3.6857
697,3.6857
698,3.6858
699,3.6858
700,3.686
701,3.686
702,3.686
703,3.6861
704,3.6861
705,3.6863
706,3.6863
707,3.6863
708,3.6865
709,3.6865
710,3.6866
711,3.6866
712,3.6866
713,3.6868
714,3.6868
715,3.6868
716,3.6869
717,3.6869
718,3.6871
719,3.6871
720,3.6871
721,3.6873
722,3.6873
723,3.6874
724,3.6874
725,3.6874
726,3.6876
727,3.6876
728,3.6877
729,3.6877
730,3.6877
731,3.6879
732,3.6879
733,3.6881
734,3.6881
735,3.6881
736,3.6882
737,3.6882
738,3.6882
739,3.6884
740,3.6884
741,3.6885
742,3.6885
743,3.6887
744,3.6887
745,3.6887
746,3.6888
747,3.6888
748,3.689
749,3.689
750,3.689
751,3.6892
752,3.6892
753,3.6892
754,3.6893
755,3.6893
756,3.6895
757,3.6895
758,3.6896
759,3.6896
760,3.6896
761,3.6898
762,3.6898
763,3.69
764,3.69
765,3.69
766,3.6901
767,3.6901
768,3.6903
769,3.6903
770,3.6903
771,3.6904
772,3.6904
773,3.6906
774,3.6906
775,3.6908
776,3.6908
777,3.6908
778,3.6909
779,3.6909
780,3.6911
781,3.6911
782,3.6911
783,3.6912
784,3.6912
785,3.6914
786,3.6914
787,3.6915
788,3.6915
789,3.6915
790,3.6917
791,3.6917
792,3.6919
793,3.6919
794,3.6919
795,3.692
796,3.692
797,3.6922
798,3.6922
799,3.6922
800,3.6923
801,3.6923
802,3.6925
803,3.6925
804,3.6925
805,3.6927
806,3.6927
807,3.6928
808,3.6928
809,3.6928
810,3.693
811,3.693
812,3.6931
813,3.6931
814,3.6931
815,3.6933
816,3.6933
817,3.6935
818,3.6935
819,3.6936
820,3.6936
821,3.6936
822,3.6938
823,3.6938
824,3.6938
825,3.6939
826,3.6939
827,3.6941
828,3.6941
829,3.6943
830,3.6943
831,3.6943
832,3.6944
833,3.6944
834,3.6946
835,3.6946
836,3.6947
837,3.6947
838,3.6947
839,3.6949
840,3.6949
841,3.695
842,3.695
843,3.695
844,3.6952
845,3.6952
846,3.6954
847,3.6954
848,3.6954
849,3.6955
850,3.6955
851,3.6957
852,3.6957
853,3.6958
854,3.6958
855,3.696
856,3.696
857,3.696
858,3.6962
859,3.6962
860,3.6963
861,3.6963
862,3.6963
863,3.6965
864,3.6965
865,3.6966
866,3.6966
867,3.6968
868,3.6968
869,3.6968
870,3.697
871,3.697
872,3.6971
873,3.6971
874,3.6973
875,3.6973
876,3.6973
877,3.6974
878,3.6974
879,3.6976
880,3.6976
881,3.6977
882,3.6977
883,3.6977
884,3.6979
885,3.6979
886,3.6981
887,3.6981
888,3.6982
889,3.6982
890,3.6984
891,3.6984
892,3.6984
893,3.6985
894,3.6985
895,3.6987
896,3.6987
897,3.6987
898,3.6989
899,3.6989
900,3.699
901,3.699
902,3.6992
903,3.6992
904,3.6993
905,3.6993
906,3.6993
907,3.6995
908,3.6995
909,3.6997
910,3.6997
911,3.6998
912,3.6998
913,3.6998
914,3.7
915,3.7
916,3.7001
917,3.7001
918,3.7003
919,3.7003
920,3.7004
921,3.7004
922,3.7004
923,3.7006
924,3.7006
925,3.7008
926,3.7008
927,3.7009
928,3.7009
929,3.7009
930,3.7011
931,3.7011
932,3.7012
933,3.7012
934,3.7014
935,3.7014
936,3.7016
937,3.7016
938,3.7016
939,3.7017
940,3.7017
941,3.7019
942,3.7019
943,3.702
944,3.702
945,3.7022
946,3.7022
947,3.7022
948,3.7024
949,3.7024
950,3.7025
951,3.7025
952,3.7027
953,3.7027
954,3.7028
955,3.7028
956,3.7028
957,3.703
958,3.703
959,3.7031
960,3.7031
961,3.7033
962,3.7033
963,3.7035
964,3.7035
965,3.7035
966,3.7036
967,3.7036
968,3.7038
969,3.7038
970,3.7039
971,3.7039
972,3.7041
973,3.7041
974,3.7043
975,3.7043
976,3.7043
977,3.7044
978,3.7044
979,3.7046
980,3.7046
981,3.7047
982,3.7047
983,3.7049
984,3.7049
985,3.7051
986,3.7051
987,3.7051
988,3.7052
989,3.7052
990,3.7054
991,3.7054
992,3.7055
993,3.7055
994,3.7055
995,3.7057
996,3.7057
997,3.7059
998,3.7059
999,3.706
1000,3.706
1001,3.7062
1002,3.7062
1003,3.7063
1004,3.7063
1005,3.7065
1006,3.7065
1007,3.7065
1008,3.7066
1009,3.7066
1010,3.7068
1011,3.7068
1012,3.707
1013,3.707
1014,3.7071
1015,3.7071
1016,3.7073
1017,3.7073
1018,3.7073
1019,3.7074
1020,3.7074
1021,3.7076
1022,3.7076
1023,3.7078
1024,3.7078
1025,3.7079
1026,3.7079
1027,3.7081
1028,3.7081
1029,3.7082
1030,3.7082
1031,3.7084
1032,3.7084
1033,3.7084
1034,3.7086
1035,3.7086
1036,3.7087
1037,3.7087
1038,3.7089
1039,3.7089
1040,3.709
1041,3.709
1042,3.7092
1043,3.7092
1044,3.7093
1045,3.7093
1046,3.7093
1047,3.7095
1048,3.7095
1049,3.7097
1050,3.7097
1051,3.7098
1052,3.7098
1053,3.71
1054,3.71
1055,3.7101
1056,3.7101
1057,3.7101
1058,3.7103
1059,3.7105
1060,3.7105
1061,3.7106
1062,3.7106
1063,3.7106
1064,3.7108
1065,3.7108
1066,3.7109
1067,3.7109
1068,3.7111
1069,3.7111
1070,3.7113
1071,3.7113
1072,3.7114
1073,3.7114
1074,3.7116
1075,3.7116
1076,3.7117
1077,3.7117
1078,3.7117
1079,3.7119
1080,3.7119
1081,3.712
1082,3.712
1083,3.7122
1084,3.7122
1085,3.7124
1086,3.7124
1087,3.7125
1088,3.7125
1089,3.7127
1090,3.7127
1091,3.7128
1092,3.7128
1093,3.713
1094,3.713
1095,3.7132
1096,3.7132
1097,3.7132
1098,3.7133
1099,3.7135
1100,3.7135
1101,3.7135
1102,3.7136
1103,3.7136
1104,3.7138
1105,3.7138
1106,3.714
1107,3.714
1108,3.7141
1109,3.7141
1110,3.7143
1111,3.7143
1112,3.7144
1113,3.7144
1114,3.7146
1115,3.7146
1116,3.7148
1117,3.7148
1118,3.7148
1119,3.7149
1120,3.7149
1121,3.7151
1122,3.7151
1123,3.7152
1124,3.7152
1125,3.7154
1126,3.7154
1127,3.7155
1128,3.7155
1129,3.7157
1130,3.7157
1131,3.7159
1132,3.7159
1133,3.716
1134,3.716
1135,3.7162
1136,3.7162
1137,3.7163
1138,3.7163
1139,3.7165
1140,3.7165
1141,3.7165
1142,3.7167
1143,3.7168
1144,3.7168
1145,3.717
1146,3.717
1147,3.717
1148,3.7171
1149,3.7171
1150,3.7173
1151,3.7173
1152,3.7175
1153,3.7175
1154,3.7176
1155,3.7176
1156,3.7178
1157,3.7178
1158,3.7179
1159,3.7179
1160,3.7181
1161,3.7181
1162,3.7182
1163,3.7182
1164,3.7184
1165,3.7184
1166,3.7186
1167,3.7186
1168,3.7186
1169,3.7187
1170,3.7189
1171,3.7189
1172,3.719
1173,3.719
1174,3.7192
1175,3.7192
1176,3.7194
1177,3.7194
1178,3.7195
1179,3.7195
1180,3.7197
1181,3.7197
1182,3.7198
1183,3.7198
1184,3.72
1185,3.72
1186,3.7202
1187,3.7202
1188,3.7203
1189,3.7203
1190,3.7205
1191,3.7205
1192,3.7206
1193,3.7206
1194,3.7208
1195,3.7208
1196,3.7209
1197,3.7209
1198,3.7211
1199,3.7211
1200,3.7211
1201,3.7213
1202,3.7214
1203,3.7214
1204,3.7216
1205,3.7216
1206,3.7217
1207,3.7217
1208,3.7219
1209,3.7219
1210,3.7221
1211,3.7221
1212,3.7222
1213,3.7222
1214,3.7224
1215,3.7224
1216,3.7225
1217,3.7225
1218,3.7227
1219,3.7227
1220,3.7229
1221,3.7229
1222,3.723
1223,3.723
1224,3.7232
1225,3.7232
1226,3.7233
1227,3.7233
1228,3.7235
1229,3.7235
1230,3.7236
1231,3.7236
1232,3.7238
1233,3.7238
1234,3.724
1235,3.724
1236,3.7241
1237,3.7241
1238,3.7243
1239,3.7243
1240,3.7244
1241,3.7244
1242,3.7246
1243,3.7246
1244,3.7248
1245,3.7248
1246,3.7249
1247,3.7249
1248,3.7251
1249,3.7252
1250,3.7252
1251,3.7252
1252,3.7254
1253,3.7256
1254,3.7256
1255,3.7257
1256,3.7257
1257,3.7259
1258,3.7259
1259,3.726
1260,3.726
1261,3.7262
1262,3.7262
1263,3.7264
1264,3.7264
1265,3.7265
1266,3.7265
1267,3.7267
1268,3.7267
1269,3.7268
1270,3.7268
1271,3.727
1272,3.727
1273,3.7271
1274,3.7271
1275,3.7273
1276,3.7275
1277,3.7275
1278,3.7276
1279,3.7276
1280,3.7278
1281,3.7278
1282,3.7279
1283,3.7279
1284,3.7281
1285,3.7281
1286,3.7283
1287,3.7283
1288,3.7284
1289,3.7284
1290,3.7286
1291,3.7286
1292,3.7287
1293,3.7287
1294,3.7289
1295,3.7289
1296,3.7291
1297,3.7292
1298,3.7292
1299,3.7294
1300,3.7294
1301,3.7295
1302,3.7295
1303,3.7297
1304,3.7297
1305,3.7298
1306,3.7298
1307,3.73
1308,3.73
1309,3.7302
1310,3.7302
1311,3.7303
1312,3.7303
1313,3.7305
1314,3.7306
1315,3.7306
1316,3.7308
1317,3.7308
1318,3.731
1319,3.731
1320,3.7311
1321,3.7311
1322,3.7313
1323,3.7313
1324,3.7314
1325,3.7314
1326,3.7316
1327,3.7316
1328,3.7318
1329,3.7319
1330,3.7319
1331,3.7321
1332,3.7321
1333,3.7322
1334,3.7322
1335,3.7324
1336,3.7324
1337,3.7325
1338,3.7325
1339,3.7327
1340,3.7329
1341,3.7329
1342,3.733
1343,3.733
1344,3.7332
1345,3.7332
1346,3.7333
1347,3.7333
1348,3.7335
1349,3.7335
1350,3.7337
1351,3.7338
1352,3.7338
1353,3.734
1354,3.734
1355,3.7341
1356,3.7341
1357,3.7343
1358,3.7343
1359,3.7345
1360,3.7346
1361,3.7346
1362,3.7348
1363,3.7348
1364,3.7349
1365,3.7349
1366,3.7351
1367,3.7351
1368,3.7352
1369,3.7354
1370,3.7354
1371,3.7356
1372,3.7356
1373,3.7357
1374,3.7357
1375,3.7359
1376,3.7359
1377,3.736
1378,3.7362
1379,3.7362
1380,3.7364
1381,3.7364
1382,3.7365
1383,3.7365
1384,3.7367
1385,3.7367
1386,3.7368
1387,3.737
1388,3.737
1389,3.7372
1390,3.7372
1391,3.7373
1392,3.7373
1393,3.7375
1394,3.7376
1395,3.7376
1396,3.7378
1397,3.7378
1398,3.738
1399,3.7381
1400,3.7381
1401,3.7383
1402,3.7383
1403,3.7384
1404,3.7384
1405,3.7386
1406,3.7387
1407,3.7387
1408,3.7389
1409,3.7389
1410,3.7391
1411,3.7392
1412,3.7392
1413,3.7394
1414,3.7394
1415,3.7395
1416,3.7395
1417,3.7397
1418,3.7399
1419,3.7399
1420,3.74
1421,3.74
1422,3.7402
1423,3.7403
1424,3.7403
1425,3.7405
1426,3.7405
1427,3.7407
1428,3.7408
1429,3.7408
1430,3.741
1431,3.741
1432,3.7411
1433,3.7413
1434,3.7413
1435,3.7414
1436,3.7414
1437,3.7416
1438,3.7418
1439,3.7418
1440,3.7419
1441,3.7419
1442,3.7421
1443,3.7421
1444,3.7422
1445,3.7424
1446,3.7424
1447,3.7426
1448,3.7427
1449,3.7427
1450,3.7429
1451,3.7429
1452,3.743
1453,3.7432
1454,3.7432
1455,3.7434
1456,3.7434
1457,3.7435
1458,3.7437
1459,3.7437
1460,3.7438
1461,3.7438
1462,3.744
1463,3.7441
1464,3.7441
1465,3.7443
1466,3.7445
1467,3.7445
1468,3.7446
1469,3.7448
1470,3.7448
1471,3.7449
1472,3.7449
1473,3.7451
1474,3.7453
1475,3.7453
1476,3.7454
1477,3.7456
1478,3.7456
1479,3.7457
1480,3.7457
1481,3.7459
1482,3.7461
1483,3.7461
1484,3.7462
1485,3.7464
1486,3.7464
1487,3.7465
1488,3.7465
1489,3.7467
1490,3.7469
1491,3.7469
1492,3.747
1493,3.7472
1494,3.7472
1495,3.7473
1496,3.7475
1497,3.7475
1498,3.7476
1499,3.7478
1500,3.7478
1501,3.748
1502,3.7481
1503,3.7481
1504,3.7483
1505,3.7484
1506,3.7484
1507,3.7486
1508,3.7486
1509,3.7488
1510,3.7489
1511,3.7489
1512,3.7491
1513,3.7492
1514,3.7492
1515,3.7494
1516,3.7496
1517,3.7496
1518,3.7497
1519,3.7499
1520,3.7499
1521,3.75
1522,3.7502
1523,3.7502
1524,3.7503
1525,3.7505
1526,3.7505
1527,3.7507
1528,3.7508
1529,3.7508
1530,3.751
1531,3.7511
1532,3.7511
1533,3.7513
1534,3.7515
1535,3.7515
1536,3.7516
1537,3.7518
1538,3.7518
1539,3.7519
1540,3.7521
1541,3.7523
1542,3.7523
1543,3.7524
1544,3.7526
1545,3.7526
1546,3.7527
1547,3.7529
1548,3.7529
1549,3.753
1550,3.7532
1551,3.7532
1552,3.7534
1553,3.7535
1554,3.7535
1555,3.7537
1556,3.7538
1557,3.754
1558,3.754
1559,3.7542
1560,3.7543
1561,3.7545
1562,3.7545
1563,3.7546
1564,3.7548
1565,3.7548
1566,3.755
1567,3.7551
1568,3.7551
1569,3.7553
1570,3.7554
1571,3.7556
1572,3.7556
1573,3.7557
1574,3.7559
1575,3.7559
1576,3.7561
1577,3.7562
1578,3.7564
1579,3.7564
1580,3.7565
1581,3.7567
1582,3.7567
1583,3.7569
1584,3.757
1585,3.7572
1586,3.7572
1587,3.7573
1588,3.7575
1589,3.7577
1590,3.7577
1591,3.7578
1592,3.758
1593,3.758
1594,3.7581
1595,3.7583
1596,3.7585
1597,3.7585
1598,3.7586
1599,3.7588
1600,3.7589
1601,3.7591
1602,3.7591
1603,3.7592
1604,3.7594
1605,3.7594
1606,3.7596
1607,3.7597
1608,3.7599
1609,3.7599
1610,3.76
1611,3.7602
1612,3.7604
1613,3.7604
1614,3.7605
1615,3.7607
1616,3.7608
1617,3.7608
1618,3.761
1619,3.7612
1620,3.7613
1621,3.7613
1622,3.7615
1623,3.7616
1624,3.7618
1625,3.7619
1626,3.7619
1627,3.7621
1628,3.7623
1629,3.7624
1630,3.7624
1631,3.7626
1632,3.7627
1633,3.7629
1634,3.7629
1635,3.7631
1636,3.7632
1637,3.7634
1638,3.7635
1639,3.7635
1640,3.7637
1641,3.7639
1642,3.764
1643,3.764
1644,3.7642
1645,3.7643
1646,3.7645
1647,3.7646
1648,3.7646
1649,3.7648
1650,3.765
1651,3.7651
1652,3.7651
1653,3.7653
1654,3.7654
1655,3.7656
1656,3.7658
1657,3.7659
1658,3.7659
1659,3.7661
1660,3.7662
1661,3.7664
1662,3.7666
1663,3.7666
1664,3.7667
1665,3.7669
1666,3.767
1667,3.7672
1668,3.7672
1669,3.7673
1670,3.7675
1671,3.7677
1672,3.7678
1673,3.7678
1674,3.768
1675,3.7681
1676,3.7683
1677,3.7685
1678,3.7685
1679,3.7686
1680,3.7688
1681,3.7689
1682,3.7691
1683,3.7693
1684,3.7693
1685,3.7694
1686,3.7696
1687,3.7697
1688,3.7699
1689,3.7701
1690,3.7701
1691,3.7702
1692,3.7704
1693,3.7705
1694,3.7707
1695,3.7708
1696,3.7708
1697,3.771
1698,3.7712
1699,3.7713
1700,3.7715
1701,3.7716
1702,3.7716
1703,3.7718
1704,3.772
1705,3.7721
1706,3.7723
1707,3.7723
1708,3.7724
1709,3.7726
1710,3.7728
1711,3.7729
1712,3.7731
1713,3.7732
1714,3.7732
1715,3.7734
1716,3.7735
1717,3.7737
1718,3.7739
1719,3.774
1720,3.774
1721,3.7742
1722,3.7743
1723,3.7745
1724,3.7747
1725,3.7748
1726,3.775
1727,3.775
1728,3.7751
1729,3.7753
1730,3.7755
1731,3.7756
1732,3.7758
1733,3.7758
1734,3.7759
1735,3.7761
1736,3.7762
1737,3.7764
1738,3.7766
1739,3.7767
1740,3.7769
1741,3.777
1742,3.777
1743,3.7772
1744,3.7774
1745,3.7775
1746,3.7777
1747,3.7778
1748,3.7778
1749,3.778
1750,3.7782
1751,3.7783
1752,3.7785
1753,3.7786
1754,3.7788
1755,3.779
1756,3.7791
1757,3.7793
1758,3.7794
1759,3.7796
1760,3.7796
1761,3.7797
1762,3.7799
1763,3.7801
1764,3.7802
1765,3.7804
1766,3.7805
1767,3.7807
1768,3.7809
1769,3.7809
1770,3.781
1771,3.7812
1772,3.7813
1773,3.7815
1774,3.7817
1775,3.7818
1776,3.782
1777,3.7821
1778,3.7823
1779,3.7823
1780,3.7824
1781,3.7828
1782,3.7828
1783,3.7829
1784,3.7831
1785,3.7832
1786,3.7834
1787,3.7836
1788,3.7837
1789,3.7839
1790,3.784
1791,3.7842
1792,3.7844
1793,3.7845
1794,3.7845
1795,3.7847
1796,3.7848
1797,3.785
1798,3.7851
1799,3.7853
1800,3.7855
1801,3.7856
1802,3.7858
1803,3.7859
1804,3.7861
1805,3.7863
1806,3.7864
1807,3.7866
1808,3.7866
1809,3.7869
1810,3.7871
1811,3.7871
1812,3.7872
1813,3.7874
1814,3.7875
1815,3.7877
1816,3.7878
1817,3.788
1818,3.7882
1819,3.7883
1820,3.7885
1821,3.7886
1822,3.7888
1823,3.789
1824,3.7891
1825,3.7893
1826,3.7894
1827,3.7896
1828,3.7898
1829,3.7899
1830,3.7901
1831,3.7902
1832,3.7904
1833,3.7904
1834,3.7906
1835,3.7907
1836,3.7909
1837,3.791
1838,3.7912
1839,3.7913
1840,3.7915
1841,3.7917
1842,3.7918
1843,3.792
1844,3.7921
1845,3.7923
1846,3.7925
1847,3.7926
1848,3.7928
1849,3.7929
1850,3.7931
1851,3.7933
1852,3.7934
1853,3.7936
1854,3.7937
1855,3.7939
1856,3.794
1857,3.7942
1858,3.7944
1859,3.7945
1860,3.7947
1861,3.7948
1862,3.795
1863,3.7952
1864,3.7953
1865,3.7955
1866,3.7956
1867,3.7958
1868,3.796
1869,3.7961
1870,3.7963
1871,3.7964
1872,3.7966
1873,3.7967
1874,3.7969
1875,3.7971
1876,3.7972
1877,3.7974
1878,3.7975
1879,3.7977
1880,3.7979
1881,3.798
1882,3.7982
1883,3.7983
1884,3.7985
1885,3.7987
1886,3.7988
1887,3.799
1888,3.7991
1889,3.7993
1890,3.7994
1891,3.7996
1892,3.7998
1893,3.7999
1894,3.8001
1895,3.8002
1896,3.8004
1897,3.8006
1898,3.8009
1899,3.801
1900,3.8012
1901,3.8014
1902,3.8015
1903,3.8017
1904,3.8018
1905,3.802
1906,3.8022
1907,3.8023
1908,3.8025
1909,3.8026
1910,3.8028
1911,3.8029
1912,3.8031
1913,3.8033
1914,3.8034
1915,3.8036
1916,3.8037
1917,3.8039
1918,3.8041
1919,3.8042
1920,3.8045
1921,3.8047
1922,3.8049
1923,3.805
1924,3.8052
1925,3.8053
1926,3.8055
1927,3.8056
1928,3.8058
1929,3.806
1930,3.8061
1931,3.8063
1932,3.8064
1933,3.8066
1934,3.8069
1935,3.8071
1936,3.8072
1937,3.8074
1938,3.8076
1939,3.8077
1940,3.8079
1941,3.808
1942,3.8082
1943,3.8083
1944,3.8085
1945,3.8087
1946,3.8088
1947,3.8091
1948,3.8093
1949,3.8095
1950,3.8096
1951,3.8098
1952,3.8099
1953,3.8101
1954,3.8103
1955,3.8104
1956,3.8106
1957,3.8109
1958,3.8111
1959,3.8112
1960,3.8114
1961,3.8115
1962,3.8117
1963,3.8118
1964,3.812
1965,3.8122
1966,3.8125
1967,3.8126
1968,3.8128
1969,3.813
1970,3.8131
1971,3.8133
1972,3.8134
1973,3.8136
1974,3.8139
1975,3.8141
1976,3.8142
1977,3.8144
1978,3.8145
1979,3.8147
1980,3.8149
1981,3.8152
1982,3.8153
1983,3.8155
1984,3.8157
1985,3.8158
1986,3.816
1987,3.8161
1988,3.8165
1989,3.8166
1990,3.8168
1991,3.8169
1992,3.8171
1993,3.8172
1994,3.8176
1995,3.8177
1996,3.8179
1997,3.818
1998,3.8182
1999,3.8184
2000,3.8187
2001,3.8188
2002,3.819
2003,3.8192
2004,3.8193
2005,3.8195
2006,3.8198
2007,3.8199
2008,3.8201
2009,3.8203
2010,3.8204
2011,3.8207
2012,3.8209
2013,3.8211
2014,3.8212
2015,3.8214
2016,3.8215
2017,3.8219
2018,3.822
2019,3.8222
2020,3.8223
2021,3.8227
2022,3.8228
2023,3.823
2024,3.8231
2025,3.8233
2026,3.8236
2027,3.8238
2028,3.8239
2029,3.8241
2030,3.8244
2031,3.8246
2032,3.8247
2033,3.8249
2034,3.8252
2035,3.8254
2036,3.8255
2037,3.8257
2038,3.8258
2039,3.8261
2040,3.8263
2041,3.8265
2042,3.8266
2043,3.8269
2044,3.8271
2045,3.8273
2046,3.8274
2047,3.8277
2048,3.8279
2049,3.8281
2050,3.8282
2051,3.8285
2052,3.8287
2053,3.8288
2054,3.829
2055,3.8293
2056,3.8295
2057,3.8296
2058,3.83
2059,3.8301
2060,3.8303
2061,3.8304
2062,3.8308
2063,3.8309
2064,3.8311
2065,3.8314
2066,3.8315
2067,3.8317
2068,3.8319
2069,3.8322
2070,3.8323
2071,3.8325
2072,3.8328
2073,3.833
2074,3.8331
2075,3.8335
2076,3.8336
2077,3.8338
2078,3.8339
2079,3.8343
2080,3.8344
2081,3.8346
2082,3.8349
2083,3.835
2084,3.8352
2085,3.8355
2086,3.8357
2087,3.8358
2088,3.8362
2089,3.8363
2090,3.8365
2091,3.8368
2092,3.837
2093,3.8371
2094,3.8374
2095,3.8376
2096,3.8377
2097,3.8381
2098,3.8382
2099,3.8384
2100,3.8387
2101,3.8389
2102,3.839
2103,3.8393
2104,3.8395
2105,3.8398
2106,3.84
2107,3.8401
2108,3.8404
2109,3.8406
2110,3.8408
2111,3.8411
2112,3.8412
2113,3.8416
2114,3.8417
2115,3.8419
2116,3.8422
2117,3.8424
2118,3.8425
2119,3.8428
2120,3.843
2121,3.8433
2122,3.8435
2123,3.8436
2124,3.8439
2125,3.8441
2126,3.8444
2127,3.8446
2128,3.8447
2129,3.8451
2130,3.8452
2131,3.8455
2132,3.8457
2133,3.846
2134,3.8462
2135,3.8463
2136,3.8466
2137,3.8468
2138,3.8471
2139,3.8473
2140,3.8474
2141,3.8478
2142,3.8479
2143,3.8482
2144,3.8484
2145,3.8487
2146,3.8489
2147,3.849
2148,3.8493
2149,3.8495
2150,3.8498
2151,3.85
2152,3.8503
2153,3.8505
2154,3.8506
2155,3.8509
2156,3.8511
2157,3.8514
2158,3.8516
2159,3.8519
2160,3.852
2161,3.8524
2162,3.8525
2163,3.8528
2164,3.853
2165,3.8532
2166,3.8535
2167,3.8536
2168,3.854
2169,3.8541
2170,3.8544
2171,3.8546
2172,3.8549
2173,3.8551
2174,3.8552
2175,3.8555
2176,3.8557
2177,3.856
2178,3.8562
2179,3.8565
2180,3.8567
2181,3.857
2182,3.8571
2183,3.8575
2184,3.8576
2185,3.8579
2186,3.8581
2187,3.8584
2188,3.8586
2189,3.8587
2190,3.859
2191,3.8592
2192,3.8595
2193,3.8597
2194,3.86
2195,3.8602
2196,3.8605
2197,3.8606
2198,3.8609
2199,3.8611
2200,3.8614
2201,3.8616
2202,3.8619
2203,3.8621
2204,3.8624
2205,3.8625
2206,3.8629
2207,3.863
2208,3.8633
2209,3.8635
2210,3.8638
2211,3.864
2212,3.8643
2213,3.8644
2214,3.8648
2215,3.8649
2216,3.8652
2217,3.8654
2218,3.8657
2219,3.8659
2220,3.8662
2221,3.8664
2222,3.8667
2223,3.8668
2224,3.8671
2225,3.8673
2226,3.8676
2227,3.8678
2228,3.8681
2229,3.8683
2230,3.8686
2231,3.8687
2232,3.8691
2233,3.8692
2234,3.8695
2235,3.8697
2236,3.87
2237,3.8702
2238,3.8705
2239,3.8706
2240,3.871
2241,3.8711
2242,3.8714
2243,3.8716
2244,3.8719
2245,3.8721
2246,3.8724
2247,3.8725
2248,3.8729
2249,3.873
2250,3.8733
2251,3.8735
2252,3.8738
2253,3.874
2254,3.8743
2255,3.8745
2256,3.8748
2257,3.8749
2258,3.8753
2259,3.8754
2260,3.8757
2261,3.8759
2262,3.8762
2263,3.8764
2264,3.8767
2265,3.8768
2266,3.8772
2267,3.8773
2268,3.8776
2269,3.8778
2270,3.878
2271,3.8783
2272,3.8784
2273,3.8787
2274,3.8789
2275,3.8792
2276,3.8794
2277,3.8797
2278,3.8799
2279,3.8802
2280,3.8803
2281,3.8807
2282,3.8808
2283,3.8811
2284,3.8813
2285,3.8816
2286,3.8818
2287,3.8821
2288,3.8822
2289,3.8826
2290,3.8827
2291,3.883
2292,3.8832
2293,3.8835
2294,3.8837
2295,3.884
2296,3.8841
2297,3.8845
2298,3.8846
2299,3.8849
2300,3.8851
2301,3.8854
2302,3.8856
2303,3.8857
2304,3.8861
2305,3.8862
2306,3.8865
2307,3.8867
2308,3.887
2309,3.8872
2310,3.8875
2311,3.8876
2312,3.888
2313,3.8881
2314,3.8884
2315,3.8886
2316,3.8889
2317,3.8891
2318,3.8892
2319,3.8896
2320,3.8897
2321,3.89
2322,3.8902
2323,3.8905
2324,3.8907
2325,3.891
2326,3.8911
2327,3.8915
2328,3.8916
2329,3.8919
2330,3.8921
2331,3.8923
2332,3.8926
2333,3.8927
2334,3.893
2335,3.8932
2336,3.8935
2337,3.8937
2338,3.894
2339,3.8942
2340,3.8945
2341,3.8946
2342,3.8948
2343,3.8951
2344,3.8953
2345,3.8956
2346,3.8957
2347,3.8961
2348,3.8962
2349,3.8965
2350,3.8967
2351,3.8969
2352,3.8972
2353,3.8973
2354,3.8977
2355,3.8978
2356,3.8981
2357,3.8983
2358,3.8986
2359,3.8988
2360,3.8991
2361,3.8992
2362,3.8994
2363,3.8997
2364,3.8999
2365,3.9002
2366,3.9004
2367,3.9007
2368,3.9008
2369,3.901
2370,3.9013
2371,3.9015
2372,3.9018
2373,3.9019
2374,3.9023
2375,3.9024
2376,3.9027
2377,3.9029
2378,3.9031
2379,3.9034
2380,3.9035
2381,3.9039
2382,3.904
2383,3.9043
2384,3.9045
2385,3.9046
2386,3.905
2387,3.9051
2388,3.9054
2389,3.9056
2390,3.9059
2391,3.9061
2392,3.9064
2393,3.9066
2394,3.9067
2395,3.907
2396,3.9072
2397,3.9075
2398,3.9077
2399,3.908
2400,3.9081
2401,3.9085
2402,3.9086
2403,3.9088
2404,3.9091
2405,3.9093
2406,3.9096
2407,3.9097
2408,3.9101
2409,3.9102
2410,3.9105
2411,3.9107
2412,3.9108
2413,3.9112
2414,3.9113
2415,3.9116
2416,3.9118
2417,3.9121
2418,3.9123
2419,3.9124
2420,3.9128
2421,3.9129
2422,3.9132
2423,3.9134
2424,3.9137
2425,3.9139
2426,3.9142
2427,3.9143
2428,3.9147
2429,3.9148
2430,3.9151
2431,3.9153
2432,3.9155
2433,3.9158
2434,3.9159
2435,3.9162
2436,3.9164
2437,3.9167
2438,3.9169
2439,3.9172
2440,3.9174
2441,3.9175
2442,3.9178
2443,3.9182
2444,3.9183
2445,3.9185
2446,3.9188
2447,3.919
2448,3.9193
2449,3.9194
2450,3.9197
2451,3.9199
2452,3.9202
2453,3.9204
2454,3.9207
2455,3.9209
2456,3.9212
2457,3.9213
2458,3.9215
2459,3.9218
2460,3.9221
2461,3.9223
2462,3.9226
2463,3.9228
2464,3.9231
2465,3.9232
2466,3.9234
2467,3.9237
2468,3.924
2469,3.9242
2470,3.9245
2471,3.9247
2472,3.9248
2473,3.9251
2474,3.9255
2475,3.9256
2476,3.9258
2477,3.9261
2478,3.9264
2479,3.9266
2480,3.9269
2481,3.9271
2482,3.9274
2483,3.9275
2484,3.9278
2485,3.928
2486,3.9283
2487,3.9285
2488,3.9288
2489,3.929
2490,3.9293
2491,3.9294
2492,3.9298
2493,3.9299
2494,3.9302
2495,3.9304
2496,3.9307
2497,3.9309
2498,3.9312
2499,3.9315
2500,3.9317
2501,3.932
2502,3.9321
2503,3.9325
2504,3.9326
2505,3.9329
2506,3.9331
2507,3.9334
2508,3.9336
2509,3.9339
2510,3.9342
2511,3.9344
2512,3.9347
2513,3.9348
2514,3.9352
2515,3.9353
2516,3.9356
2517,3.9358
2518,3.9361
2519,3.9364
2520,3.9366
2521,3.9369
2522,3.9371
2523,3.9374
2524,3.9377
2525,3.9379
2526,3.9382
2527,3.9383
2528,3.9387
2529,3.9388
2530,3.9391
2531,3.9395
2532,3.9396
2533,3.9399
2534,3.9401
2535,3.9404
2536,3.9407
2537,3.9409
2538,3.9412
2539,3.9414
2540,3.9417
2541,3.942
2542,3.9422
2543,3.9425
2544,3.9426
2545,3.9429
2546,3.9433
2547,3.9434
2548,3.9437
2549,3.9441
2550,3.9442
2551,3.9445
2552,3.9447
2553,3.945
2554,3.9453
2555,3.9455
2556,3.9458
2557,3.9461
2558,3.9463
2559,3.9466
2560,3.9469
2561,3.9471
2562,3.9474
2563,3.9476
2564,3.9479
2565,3.9482
2566,3.9483
2567,3.9487
2568,3.949
2569,3.9491
2570,3.9495
2571,3.9498
2572,3.9499
2573,3.9503
2574,3.9506
2575,3.9507
2576,3.9511
2577,3.9514
2578,3.9515
2579,3.9518
2580,3.9522
2581,3.9523
2582,3.9526
2583,3.953
2584,3.9531
2585,3.9534
2586,3.9538
2587,3.9539
2588,3.9542
2589,3.9545
2590,3.9547
2591,3.955
2592,3.9553
2593,3.9555
2594,3.9558
2595,3.9561
2596,3.9563
2597,3.9566
2598,3.9569
2599,3.9571
2600,3.9574
2601,3.9577
2602,3.958
2603,3.9582
2604,3.9585
2605,3.9588
2606,3.959
2607,3.9593
2608,3.9596
2609,3.9598
2610,3.9601
2611,3.9604
2612,3.9606
2613,3.9609
2614,3.9612
2615,3.9615
2616,3.9617
2617,3.962
2618,3.9623
2619,3.9625
2620,3.9628
2621,3.9631
2622,3.9633
2623,3.9636
2624,3.9639
2625,3.9642
2626,3.9644
2627,3.9647
2628,3.965
2629,3.9652
2630,3.9655
2631,3.9658
2632,3.966
2633,3.9663
2634,3.9666
2635,3.9669
2636,3.9671
2637,3.9674
2638,3.9677
2639,3.9679
2640,3.9682
2641,3.9685
2642,3.9687
2643,3.969
2644,3.9693
2645,3.9696
2646,3.9698
2647,3.9701
2648,3.9704
2649,3.9706
2650,3.9709
2651,3.9712
2652,3.9714
2653,3.9717
2654,3.972
2655,3.9722
2656,3.9725
2657,3.9728
2658,3.973
2659,3.9733
2660,3.9736
2661,3.9739
2662,3.9741
2663,3.9744
2664,3.9747
2665,3.9749
2666,3.9752
2667,3.9754
2668,3.9757
2669,3.976
2670,3.9763
2671,3.9765
2672,3.9768
2673,3.9771
2674,3.9773
2675,3.9776
2676,3.9779
2677,3.9781
2678,3.9784
2679,3.9787
2680,3.9789
2681,3.9792
2682,3.9795
2683,3.9797
2684,3.98
2685,3.9801
2686,3.9804
2687,3.9808
2688,3.9809
2689,3.9812
2690,3.9816
2691,3.9817
2692,3.982
2693,3.9822
2694,3.9825
2695,3.9828
2696,3.983
2697,3.9833
2698,3.9836
2699,3.9838
2700,3.9841
2701,3.9843
2702,3.9846
2703,3.9849
2704,3.9851
2705,3.9854
2706,3.9857
2707,3.9859
2708,3.9862
2709,3.9863
2710,3.9866
2711,3.9868
2712,3.9871
2713,3.9873
2714,3.9876
2715,3.9879
2716,3.9881
2717,3.9884
2718,3.9886
2719,3.9889
2720,3.989
2721,3.9893
2722,3.9895
2723,3.9898
2724,3.9901
2725,3.9903
2726,3.9906
2727,3.9908
2728,3.9911
2729,3.9913
2730,3.9916
2731,3.9917
2732,3.992
2733,3.9922
2734,3.9925
2735,3.9927
2736,3.993
2737,3.9932
2738,3.9935
2739,3.9936
2740,3.9938
2741,3.9941
2742,3.9943
2743,3.9946
2744,3.9948
2745,3.9951
2746,3.9952
2747,3.9955
2748,3.9957
2749,3.996
2750,3.9962
2751,3.9963
2752,3.9967
2753,3.9968
2754,3.9971
2755,3.9973
2756,3.9976
2757,3.9978
2758,3.9979
2759,3.9982
2760,3.9984
2761,3.9987
2762,3.9989
2763,3.999
2764,3.9994
2765,3.9995
2766,3.9997
2767,4.0
2768,4.0002
2769,4.0005
2770,4.0006
2771,4.0008
2772,4.0011
2773,4.0013
2774,4.0014
2775,4.0017
2776,4.0019
2777,4.0021
2778,4.0024
2779,4.0025
2780,4.0027
2781,4.003
2782,4.0032
2783,4.0033
2784,4.0035
2785,4.0038
2786,4.004
2787,4.0041
2788,4.0044
2789,4.0046
2790,4.0048
2791,4.0051
2792,4.0052
2793,4.0054
2794,4.0056
2795,4.0059
2796,4.006
2797,4.0062
2798,4.0064
2799,4.0067
2800,4.0068
2801,4.007
2802,4.0071
2803,4.0075
2804,4.0076
2805,4.0078
2806,4.0079
2807,4.0081
2808,4.0084
2809,4.0086
2810,4.0087
2811,4.0089
2812,4.0091
2813,4.0094
2814,4.0095
2815,4.0097
2816,4.0098
2817,4.01
2818,4.0103
2819,4.0105
2820,4.0106
2821,4.0108
2822,4.011
2823,4.0111
2824,4.0114
2825,4.0116
2826,4.0118
2827,4.0119
2828,4.0121
2829,4.0122
2830,4.0124
2831,4.0125
2832,4.0129
2833,4.013
2834,4.0132
2835,4.0133
2836,4.0135
2837,4.0137
2838,4.0138
2839,4.014
2840,4.0143
2841,4.0145
2842,4.0146
2843,4.0148
2844,4.0149
2845,4.0151
2846,4.0153
2847,4.0154
2848,4.0156
2849,4.0159
2850,4.0159
2851,4.0162
2852,4.0164
2853,4.0165
2854,4.0167
2855,4.0168
2856,4.017
2857,4.0172
2858,4.0173
2859,4.0175
2860,4.0176
2861,4.0178
2862,4.018
2863,4.0181
2864,4.0183
2865,4.0186
2866,4.0187
2867,4.0189
2868,4.0191
2869,4.0192
2870,4.0194
2871,4.0195
2872,4.0197
2873,4.0199
2874,4.02
2875,4.0202
2876,4.0203
2877,4.0205
2878,4.0207
2879,4.0208
2880,4.021
2881,4.0211
2882,4.0213
2883,4.0214
2884,4.0216
2885,4.0218
2886,4.0219
2887,4.0221
2888,4.0222
2889,4.0224
2890,4.0226
2891,4.0227
2892,4.0229
2893,4.023
2894,4.0232
2895,4.0234
2896,4.0235
2897,4.0237
2898,4.0238
2899,4.024
2900,4.0241
2901,4.0243
2902,4.0245
2903,4.0246
2904,4.0248
2905,4.0249
2906,4.0251
2907,4.0253
2908,4.0254
2909,4.0256
2910,4.0257
2911,4.0259
2912,4.0261
2913,4.0262
2914,4.0264
2915,4.0265
2916,4.0267
2917,4.0269
2918,4.027
2919,4.0272
2920,4.0273
2921,4.0275
2922,4.0276
2923,4.0278
2924,4.028
2925,4.0281
2926,4.0283
2927,4.0284
2928,4.0286
2929,4.0288
2930,4.0289
2931,4.0291
2932,4.0292
2933,4.0294
2934,4.0296
2935,4.0297
2936,4.0299
2937,4.03
2938,4.0302
2939,4.0303
2940,4.0305
2941,4.0307
2942,4.0308
2943,4.031
2944,4.0311
2945,4.0313
2946,4.0315
2947,4.0316
2948,4.0318
2949,4.0319
2950,4.0321
2951,4.0323
2952,4.0324
2953,4.0326
2954,4.0327
2955,4.0329
2956,4.033
2957,4.0332
2958,4.0334
2959,4.0335
2960,4.0337
2961,4.0338
2962,4.034
2963,4.0342
2964,4.0343
2965,4.0345
2966,4.0346
2967,4.0348
2968,4.035
2969,4.0351
2970,4.0354
2971,4.0354
2972,4.0358
2973,4.0359
2974,4.0361
2975,4.0362
2976,4.0364
2977,4.0365
2978,4.0367
2979,4.0369
2980,4.037
2981,4.0372
2982,4.0373
2983,4.0377
2984,4.0378
2985,4.038
2986,4.0381
2987,4.0383
2988,4.0385
2989,4.0386
2990,4.0388
2991,4.0389
2992,4.0392
2993,4.0394
2994,4.0396
2995,4.0397
2996,4.0399
2997,4.04
2998,4.0402
2999,4.0404
3000,4.0405
3001,4.0408
3002,4.041
3003,4.0412
3004,4.0413
3005,4.0415
3006,4.0418
3007,4.0419
3008,4.0421
3009,4.0423
3010,4.0424
3011,4.0427
3012,4.0429
3013,4.0431
3014,4.0432
3015,4.0434
3016,4.0437
3017,4.0439
3018,4.044
3019,4.0442
3020,4.0445
3021,4.0446
3022,4.0448
3023,4.045
3024,4.0453
3025,4.0454
3026,4.0456
3027,4.0458
3028,4.0461
3029,4.0462
3030,4.0464
3031,4.0467
3032,4.0469
3033,4.047
3034,4.0472
3035,4.0475
3036,4.0477
3037,4.0478
3038,4.0481
3039,4.0483
3040,4.0485
3041,4.0488
3042,4.0489
3043,4.0491
3044,4.0494
3045,4.0496
3046,4.0499
3047,4.0501
3048,4.0502
3049,4.0505
3050,4.0507
3051,4.051
3052,4.0512
3053,4.0515
3054,4.0516
3055,4.0518
3056,4.0521
3057,4.0523
3058,4.0526
3059,4.0528
3060,4.0531
3061,4.0532
3062,4.0535
3063,4.0537
3064,4.0539
3065,4.0542
3066,4.0545
3067,4.0547
3068,4.0548
3069,4.0551
3070,4.0555
3071,4.0556
3072,4.0559
3073,4.0561
3074,4.0564
3075,4.0566
3076,4.0569
3077,4.057
3078,4.0574
3079,4.0577
3080,4.0578
3081,4.0582
3082,4.0583
3083,4.0586
3084,4.059
3085,4.0591
3086,4.0594
3087,4.0596
3088,4.0599
3089,4.0602
3090,4.0604
3091,4.0607
3092,4.061
3093,4.0612
3094,4.0615
3095,4.0617
3096,4.062
3097,4.0623
3098,4.0626
3099,4.0628
3100,4.0631
3101,4.0634
3102,4.0636
3103,4.0639
3104,4.0642
3105,4.0644
3106,4.0647
3107,4.065
3108,4.0653
3109,4.0655
3110,4.0658
3111,4.0661
3112,4.0664
3113,4.0666
3114,4.0669
3115,4.0672
3116,4.0675
3117,4.0677
3118,4.068
3119,4.0683
3120,4.0686
3121,4.069
3122,4.0691
3123,4.0694
3124,4.0698
3125,4.0701
3126,4.0704
3127,4.0707
3128,4.0709
3129,4.0712
3130,4.0715
3131,4.0718
3132,4.0721
3133,4.0723
3134,4.0726
3135,4.0729
3136,4.0733
3137,4.0736
3138,4.0739
3139,4.074
3140,4.0744
3141,4.0747
3142,4.075
3143,4.0753
3144,4.0756
3145,4.076
3146,4.0763
3147,4.0764
3148,4.0767
3149,4.0771
3150,4.0774
3151,4.0777
3152,4.078
3153,4.0783
3154,4.0787
3155,4.079
3156,4.0793
3157,4.0795
3158,4.0798
3159,4.0801
3160,4.0804
3161,4.0807
3162,4.081
3163,4.0814
3164,4.0817
3165,4.082
3166,4.0823
3167,4.0826
3168,4.0828
3169,4.0831
3170,4.0834
3171,4.0837
3172,4.0841
3173,4.0844
3174,4.0847
3175,4.085
3176,4.0853
3177,4.0856
3178,4.086
3179,4.0863
3180,4.0864
3181,4.0868
3182,4.0871
3183,4.0874
3184,4.0877
3185,4.088
3186,4.0883
3187,4.0887
3188,4.089
3189,4.0893
3190,4.0896
3191,4.0899
3192,4.0901
3193,4.0904
3194,4.0907
3195,4.0911
3196,4.0914
3197,4.0917
3198,4.092
3199,4.0923
3200,4.0926
3201,4.093
3202,4.0933
3203,4.0936
3204,4.0939
3205,4.0942
3206,4.0944
3207,4.0947
3208,4.095
3209,4.0953
3210,4.0957
3211,4.096
3212,4.0963
3213,4.0966
3214,4.0969
3215,4.0971
3216,4.0974
3217,4.0977
3218,4.098
3219,4.0984
3220,4.0987
3221,4.099
3222,4.0993
3223,4.0996
3224,4.0999
3225,4.1001
3226,4.1004
3227,4.1007
3228,4.1011
3229,4.1014
3230,4.1017
3231,4.102
3232,4.1022
3233,4.1025
3234,4.1028
3235,4.1031
3236,4.1034
3237,4.1038
3238,4.1041
3239,4.1044
3240,4.1046
3241,4.1049
3242,4.1052
3243,4.1055
3244,4.1058
3245,4.1061
3246,4.1063
3247,4.1066
3248,4.1069
3249,4.1073
3250,4.1076
3251,4.1077
3252,4.1081
3253,4.1084
3254,4.1087
3255,4.109
3256,4.1092
3257,4.1095
3258,4.1098
3259,4.1101
3260,4.1103
3261,4.1106
3262,4.1109
3263,4.1112
3264,4.1116
3265,4.1117
3266,4.112
3267,4.1123
3268,4.1127
3269,4.1128
3270,4.1131
3271,4.1135
3272,4.1138
3273,4.1139
3274,4.1143
3275,4.1146
3276,4.1149
3277,4.115
3278,4.1154
3279,4.1157
3280,4.1158
3281,4.1162
3282,4.1165
3283,4.1166
3284,4.117
3285,4.1173
3286,4.1174
3287,4.1177
3288,4.1181
3289,4.1182
3290,4.1185
3291,4.1189
3292,4.119
3293,4.1193
3294,4.1197
3295,4.1198
3296,4.1201
3297,4.1204
3298,4.1206
3299,4.1209
3300,4.1211
3301,4.1214
3302,4.1217
3303,4.1219
3304,4.1222
3305,4.1224
3306,4.1227
3307,4.123
3308,4.1232
3309,4.1235
3310,4.1236
3311,4.1239
3312,4.1241
3313,4.1244
3314,4.1246
3315,4.1249
3316,4.1252
3317,4.1254
3318,4.1257
3319,4.1259
3320,4.1262
3321,4.1263
3322,4.1266
3323,4.1268
3324,4.1271
3325,4.1273
3326,4.1276
3327,4.1278
3328,4.1281
3329,4.1282
3330,4.1286
3331,4.1287
3332,4.1289
3333,4.1292
3334,4.1293
3335,4.1297
3336,4.1298
3337,4.1301
3338,4.1303
3339,4.1306
3340,4.1308
3341,4.1309
3342,4.1313
3343,4.1314
3344,4.1317
3345,4.1319
3346,4.1321
3347,4.1324
3348,4.1325
3349,4.1327
3350,4.133
3351,4.1332
3352,4.1335
3353,4.1336
3354,4.1338
3355,4.1341
3356,4.1343
3357,4.1344
3358,4.1348
3359,4.1349
3360,4.1351
3361,4.1354
3362,4.1355
3363,4.1357
3364,4.1359
3365,4.1362
3366,4.1363
3367,4.1365
3368,4.1367
3369,4.137
3370,4.1371
3371,4.1373
3372,4.1376
3373,4.1378
3374,4.1379
3375,4.1381
3376,4.1382
3377,4.1386
3378,4.1387
3379,4.1389
3380,4.139
3381,4.1394
3382,4.1395
3383,4.1397
3384,4.1398
3385,4.14
3386,4.1402
3387,4.1405
3388,4.1406
3389,4.1408
3390,4.1409
3391,4.1411
3392,4.1413
3393,4.1416
3394,4.1417
3395,4.1419
3396,4.1421
3397,4.1422
3398,4.1424
3399,4.1425
3400,4.1427
3401,4.143
3402,4.1432
3403,4.1433
3404,4.1435
3405,4.1437
3406,4.1438
3407,4.144
3408,4.1441
3409,4.1443
3410,4.1444
3411,4.1446
3412,4.1448
3413,4.1451
3414,4.1451
3415,4.1452
3416,4.1456
3417,4.1457
3418,4.1459
3419,4.146
3420,4.1462
3421,4.1464
3422,4.1465
3423,4.1467
3424,4.1468
3425,4.147
3426,4.1471
3427,4.1471
3428,4.1473
3429,4.1475
3430,4.1476
3431,4.1478
3432,4.1479
3433,4.1481
3434,4.1483
3435,4.1484
3436,4.1486
3437,4.1487
3438,4.1489
3439,4.1491
3440,4.1492
3441,4.1494
3442,4.1494
3443,4.1495
3444,4.1497
3445,4.1498
3446,4.15
3447,4.1502
3448,4.1503
3449,4.1505
3450,4.1506
3451,4.1506
3452,4.1508
3453,4.151
3454,4.1511
3455,4.1513
3456,4.1514
3457,4.1516
3458,4.1516
3459,4.1518
3460,4.1519
3461,4.1521
3462,4.1522
3463,4.1522
3464,4.1524
3465,4.1525
3466,4.1527
3467,4.1529
3468,4.1529
3469,4.153
3470,4.1532
3471,4.1533
3472,4.1535
3473,4.1535
3474,4.1537
3475,4.1538
3476,4.154
3477,4.154
3478,4.1541
3479,4.1543
3480,4.1545
3481,4.1545
3482,4.1546
3483,4.1548
3484,4.1549
3485,4.1549
3486,4.1551
3487,4.1553
3488,4.1553
3489,4.1554
3490,4.1556
3491,4.1557
3492,4.1557
3493,4.1559
3494,4.1559
3495,4.156
3496,4.1562
3497,4.1564
3498,4.1564
3499,4.1565
3500,4.1567
3501,4.1567
3502,4.1568
3503,4.157
3504,4.157
3505,4.1572
3506,4.1573
3507,4.1573
3508,4.1575
3509,4.1576
3510,4.1576
3511,4.1578
3512,4.1578
3513,4.158
3514,4.1581
3515,4.1581
3516,4.1583
3517,4.1583
3518,4.1584
3519,4.1584
3520,4.1586
3521,4.1587
3522,4.1587
3523,4.1589
3524,4.1591
3525,4.1591
3526,4.1592
3527,4.1592
3528,4.1594
3529,4.1594
3530,4.1595
3531,4.1597
3532,4.1597
3533,4.1599
3534,4.1599
3535,4.16
3536,4.16
3537,4.1602
3538,4.1602
3539,4.1603
3540,4.1603
3541,4.1605
3542,4.1607
3543,4.1607
3544,4.1608
3545,4.1608
3546,4.161
3547,4.161
3548,4.1611
3549,4.1611
3550,4.1613
3551,4.1613
3552,4.1614
3553,4.1614
3554,4.1616
3555,4.1616
3556,4.1618
3557,4.1618
3558,4.1619
3559,4.1621
3560,4.1621
3561,4.1622
3562,4.1622
3563,4.1624
3564,4.1624
3565,4.1624
3566,4.1626
3567,4.1627
3568,4.1627
3569,4.1627
3570,4.1629
3571,4.1629
3572,4.163
3573,4.163
3574,4.1632
3575,4.1632
3576,4.1634
3577,4.1634
3578,4.1635
3579,4.1635
3580,4.1637
3581,4.1637
3582,4.1638
3583,4.1638
3584,4.164
3585,4.164
3586,4.1641
3587,4.1641
3588,4.1643
3589,4.1643
3590,4.1645
3591,4.1645
3592,4.1646
3593,4.1646
3594,4.1648
3595,4.1648
3596,4.1649
3597,4.1649
3598,4.1651
3599,4.1651
3600,4.1653
3601,4.1653
3602,4.1654
3603,4.1654
3604,4.1656
3605,4.1656
3606,4.1657
3607,4.1659
3608,4.1659
3609,4.1659
3610,4.1661
3611,4.1661
3612,4.1662
3613,4.1662
3614,4.1664
3615,4.1665
3616,4.1665
3617,4.1667
3618,4.1667
3619,4.1669
3620,4.1669
3621,4.167
3622,4.167
3623,4.1672
3624,4.1672
3625,4.1673
3626,4.1673
3627,4.1675
3628,4.1675
3629,4.1676
3630,4.1676
3631,4.1678
3632,4.1678
3633,4.168
3634,4.1681
3635,4.1681
3636,4.1683
3637,4.1683
3638,4.1684
3639,4.1684
3640,4.1686
3641,4.1686
3642,4.1688
3643,4.1688
3644,4.1689
3645,4.1691
3646,4.1691
3647,4.1692
3648,4.1692
3649,4.1694
3650,4.1694
3651,4.1696
3652,4.1697
3653,4.1697
3654,4.1699
3655,4.1699
3656,4.17
3657,4.17
3658,4.1702
3659,4.1703
3660,4.1703
3661,4.1705
3662,4.1705
3663,4.1707
3664,4.1708
3665,4.1708
3666,4.171
3667,4.1711
3668,4.1711
3669,4.1713
3670,4.1713
3671,4.1715
3672,4.1716
3673,4.1716
3674,4.1718
3675,4.1718
3676,4.1719
3677,4.1721
3678,4.1721
3679,4.1723
3680,4.1723
3681,4.1724
3682,4.1726
3683,4.1727
3684,4.1727
3685,4.1729
3686,4.173
3687,4.173
3688,4.1732
3689,4.1734
3690,4.1735
3691,4.1735
3692,4.1737
3693,4.1738
3694,4.1738
3695,4.174
3696,4.1742
3697,4.1742
3698,4.1743
3699,4.1745
3700,4.1745
3701,4.1746
3702,4.1748
3703,4.175
3704,4.175
3705,4.1751
3706,4.1753
3707,4.1754
3708,4.1754
3709,4.1756
3710,4.1758
3711,4.1759
3712,4.1761
3713,4.1761
3714,4.1762
3715,4.1764
3716,4.1765
3717,4.1765
3718,4.1767
3719,4.1769
3720,4.177
3721,4.1772
3722,4.1773
3723,4.1775
3724,4.1775
3725,4.1777
3726,4.1778
3727,4.178
3728,4.1781
3729,4.1783
3730,4.1785
3731,4.1785
3732,4.1786
3733,4.1788
3734,4.1789
3735,4.1791
3736,4.1792
3737,4.1794
3738,4.1796
3739,4.1797
3740,4.1799
3741,4.18
3742,4.1802
3743,4.1804
3744,4.1805
3745,4.1805
3746,4.1808
3747,4.1808
3748,4.1812
3749,4.1812
3750,4.1815
3751,4.1816
3752,4.1818
3753,4.1819
3754,4.1821
3755,4.1823
3756,4.1824
3757,4.1826
3758,4.1827
3759,4.1829
3760,4.1831
3761,4.1832
3762,4.1834
3763,4.1835
3764,4.1839
3765,4.184
3766,4.1842
3767,4.1843
3768,4.1845
3769,4.1846
3770,4.1848
3771,4.1851
3772,4.1853
3773,4.1854
3774,4.1856
3775,4.1858
3776,4.1861
3777,4.1862
3778,4.1864
3779,4.1866
3780,4.1869
3781,4.187
3782,4.1872
3783,4.1875
3784,4.1877
3785,4.1878
3786,4.1881
3787,4.1883
3788,4.1885
3789,4.1888
3790,4.1889
3791,4.1893
3792,4.1894
3793,4.1896
3794,4.1899
3795,4.1901
3796,4.1904
3797,4.1905
3798,4.1908
3799,4.191
3800,4.1913
3801,4.1915
3802,4.1918
3803,4.192
3804,4.1923
3805,4.1924
3806,4.1928
3807,4.1931
3808,4.1932
3809,4.1935
3810,4.1937
3811,4.194
3812,4.1943
3813,4.1947
3814,4.1948
3815,4.1951
3816,4.1955
3817,4.1956
3818,4.1959
3819,4.1963
3820,4.1966
3821,4.1969
3822,4.197
3823,4.1974
3824,4.1977
3825,4.198
3826,4.1983
3827,4.1986
3828,4.199
3829,4.1993
3830,4.1996
3831,4.1999
3832,4.2002
3833,4.2005
3834,4.2009
3835,4.2012
3836,4.2015
3837,4.2018
3838,4.2021
3839,4.2024
3840,4.2029
3841,4.2032
3842,4.2036
3843,4.2039
3844,4.2044
3845,4.2047
3846,4.205
3847,4.2053
3848,4.2058
3849,4.2061
3850,4.2064
3851,4.2069
3852,4.2072
3853,4.2077
3854,4.208
3855,4.2085
3856,4.2088
3857,4.2093
3858,4.2096
3859,4.2101
3860,4.2106
3861,4.2109
3862,4.2113
3863,4.2118
3864,4.2121
3865,4.2126
3866,4.2131
3867,4.2136
3868,4.214
3869,4.2144
3870,4.2148
3871,4.2153
3872,4.2158
3873,4.2163
3874,4.2167
3875,4.2172
3876,4.2177
3877,4.2182
3878,4.2187
3879,4.2191
3880,4.2198
3881,4.2202
3882,4.2207
3883,4.2212
3884,4.2218
3885,4.2223
3886,4.2228
3887,4.2234
3888,4.2239
3889,4.2245
3890,4.225
3891,4.2256
3892,4.2261
3893,4.2268
3894,4.2272
3895,4.2279
3896,4.2283
3897,4.229
3898,4.2296
3899,4.2303
3900,4.2307
3901,4.2314
3902,4.232
3903,4.2326
3904,4.2333
3905,4.2339
3906,4.2345
3907,4.2352
3908,4.2358
3909,4.2365
3910,4.2371
3911,4.2379
3912,4.2385
3913,4.2392
3914,4.2398
3915,4.2404
3916,4.2412
3917,4.2419
3918,4.2427
3919,4.2433
3920,4.2439
3921,4.2447
3922,4.2455
3923,4.2461
3924,4.2469
3925,4.2477
3926,4.2484
3927,4.2492
3928,4.25
3929,4.2508
3930,4.2516
3931,4.2522
3932,4.253
3933,4.2538
3934,4.2546
3935,4.2554
3936,4.2562
3937,4.2571
3938,4.2579
3939,4.2587
3940,4.2595
3941,4.2603
3942,4.2612
3943,4.262
3944,4.2628
3945,4.2638
3946,4.2646
3947,4.2655
3948,4.2663
3949,4.2673
3950,4.2681
3951,4.269
3952,4.27
3953,4.2708
3954,4.2717
3955,4.2727
3956,4.2736
3957,4.2746
3958,4.2754
3959,4.2763
3960,4.2773
3961,4.2782
3962,4.2792
3963,4.2802
3964,4.2813
3965,4.2822
3966,4.2832
3967,4.2841
3968,4.2851
3969,4.2862
3970,4.2871
3971,4.2881
3972,4.2892
3973,4.2902
3974,4.2913
3975,4.2922
3976,4.2933
3977,4.2943
3978,4.2954
3979,4.2964
3980,4.2975
3981,4.2986
3982,4.2995
3983,4.2994
3984,4.2994
3985,4.2995
3986,4.2994
3987,4.2994
3988,4.2994
3989,4.2995
3990,4.2968
3991,4.2949
3992,4.2941
3993,4.2936
3994,4.2932
3995,4.2927
3996,4.2924
3997,4.2921
3998,4.2917
3999,4.2914
4000,4.2913
4001,4.2911
4002,4.2908
4003,4.2906
4004,4.2905
4005,4.2903
4006,4.2901
4007,4.29
4008,4.2898
4009,4.2897
4010,4.2895
4011,4.2894
4012,4.2892
4013,4.289
4014,4.2889
4015,4.2887
4016,4.2887
4017,4.2886
4018,4.2884
4019,4.2884
4020,4.2882
4021,4.2881
4022,4.2881
4023,4.2879
4024,4.2879
4025,4.2878
4026,4.2878
4027,4.2876
4028,4.2876
4029,4.2874
4030,4.2874
4031,4.2873
4032,4.2873
4033,4.2871
4034,4.2871
4035,4.287
4036,4.287
4037,4.2868
4038,4.2868
4039,4.2868
4040,4.2867
4041,4.2867
4042,4.2865
4043,4.2865
4044,4.2863
4045,4.2863
4046,4.2863
4047,4.2862
4048,4.2862
4049,4.286
4050,4.286
4051,4.286
4052,4.2859
4053,4.2859
4054,4.2859
4055,4.2857
4056,4.2857
4057,4.2857
4058,4.2855
4059,4.2855
4060,4.2854
4061,4.2854
4062,4.2854
4063,4.2852
4064,4.2852
4065,4.2852
4066,4.2851
4067,4.2851
4068,4.2851
4069,4.2851
4070,4.2849
4071,4.2849
4072,4.2849
4073,4.2847
4074,4.2847
4075,4.2847
4076,4.2846
4077,4.2846
4078,4.2846
4079,4.2846
4080,4.2844
4081,4.2844
4082,4.2844
4083,4.2844
4084,4.2843
4085,4.2843
4086,4.2843
4087,4.2841
4088,4.2841
4089,4.2841
4090,4.2841
4091,4.284
4092,4.284
4093,4.284
4094,4.284
4095,4.2838
4096,4.2838
4097,4.2838
4098,4.2836
4099,4.2836
4100,4.2836
4101,4.2836
4102,4.2835
4103,4.2835
4104,4.2835
4105,4.2835
4106,4.2835
4107,4.2833
4108,4.2833
4109,4.2833
4110,4.2832
4111,4.2832
4112,4.2832
4113,4.2832
4114,4.283
4115,4.283
4116,4.283
4117,4.283
4118,4.283
4119,4.2828
4120,4.2828
4121,4.2828
4122,4.2828
4123,4.2827
4124,4.2827
4125,4.2827
4126,4.2825
4127,4.2825
4128,4.2825
4129,4.2825
4130,4.2825
4131,4.2824
4132,4.2824
4133,4.2824
4134,4.2824
4135,4.2822
4136,4.2822
4137,4.2822
4138,4.2822
4139,4.282
4140,4.282
4141,4.282
4142,4.282
4143,4.282
4144,4.2819
4145,4.2819
4146,4.2819
4147,4.2819
4148,4.2817
4149,4.2817
4150,4.2817
4151,4.2817
4152,4.2817
4153,4.2816
4154,4.2816
4155,4.2816
4156,4.2816
4157,4.2814
4158,4.2814
4159,4.2814
4160,4.2814
4161,4.2814
4162,4.2813
4163,4.2813
4164,4.2813
4165,4.2813
4166,4.2811
4167,4.2811
4168,4.2811
4169,4.2811
4170,4.2811
4171,4.2757
4172,4.2716
4173,4.2693
4174,4.2674
4175,4.2657
4176,4.2641
4177,4.2627
4178,4.2612
4179,4.2598
4180,4.2585
4181,4.2573
4182,4.256
4183,4.2549
4184,4.2536
4185,4.2525
4186,4.2514
4187,4.2501
4188,4.249
4189,4.2481
4190,4.2469
4191,4.2458
4192,4.2447
4193,4.2438
4194,4.2427
4195,4.2417
4196,4.2407
4197,4.2396
4198,4.2387
4199,4.2377
4200,4.2368
4201,4.2358
4202,4.2349
4203,4.2339
4204,4.233
4205,4.232
4206,4.2312
4207,4.2303
4208,4.2293
4209,4.2285
4210,4.2277
4211,4.2268
4212,4.226
4213,4.225
4214,4.2242
4215,4.2234
4216,4.2226
4217,4.2218
4218,4.2209
4219,4.2201
4220,4.2195
4221,4.2187
4222,4.2179
4223,4.2171
4224,4.2163
4225,4.2155
4226,4.2149
4227,4.2141
4228,4.2134
4229,4.2126
4230,4.212
4231,4.2112
4232,4.2106
4233,4.2098
4234,4.2091
4235,4.2085
4236,4.2079
4237,4.2071
4238,4.2064
4239,4.2058
4240,4.2052
4241,4.2045
4242,4.2039
4243,4.2033
4244,4.2026
4245,4.202
4246,4.2015
4247,4.2009
4248,4.2002
4249,4.1996
4250,4.1991
4251,4.1985
4252,4.198
4253,4.1974
4254,4.1969
4255,4.1963
4256,4.1956
4257,4.1952
4258,4.1947
4259,4.194
4260,4.1936
4261,4.1931
4262,4.1926
4263,4.1921
4264,4.1915
4265,4.191
4266,4.1905
4267,4.1901
4268,4.1896
4269,4.1891
4270,4.1886
4271,4.1882
4272,4.1877
4273,4.1874
4274,4.1869
4275,4.1864
4276,4.1859
4277,4.1855
4278,4.1851
4279,4.1847
4280,4.1842
4281,4.1839
4282,4.1834
4283,4.1831
4284,4.1826
4285,4.1823
4286,4.1818
4287,4.1815
4288,4.181
4289,4.1807
4290,4.1802
4291,4.1799
4292,4.1796
4293,4.1791
4294,4.1788
4295,4.1785
4296,4.1782
4297,4.1777
4298,4.1774
4299,4.177
4300,4.1767
4301,4.1764
4302,4.1761
4303,4.1758
4304,4.1755
4305,4.1751
4306,4.1748
4307,4.1745
4308,4.1742
4309,4.1739
4310,4.1735
4311,4.1732
4312,4.1729
4313,4.1726
4314,4.1723
4315,4.1721
4316,4.1718
4317,4.1715
4318,4.1712
4319,4.171
4320,4.1707
4321,4.1704
4322,4.1701
4323,4.1699
4324,4.1696
4325,4.1693
4326,4.1691
4327,4.1688
4328,4.1686
4329,4.1683
4330,4.168
4331,4.1678
4332,4.1675
4333,4.1674
4334,4.167
4335,4.1669
4336,4.1667
4337,4.1664
4338,4.1662
4339,4.1659
4340,4.1658
4341,4.1654
4342,4.1653
4343,4.1651
4344,4.1648
4345,4.1647
4346,4.1645
4347,4.1642
4348,4.164
4349,4.1639
4350,4.1635
4351,4.1634
4352,4.1632
4353,4.1631
4354,4.1627
4355,4.1626
4356,4.1624
4357,4.1623
4358,4.1621
4359,4.1618
4360,4.1616
4361,4.1615
4362,4.1613
4363,4.1612
4364,4.161
4365,4.1608
4366,4.1607
4367,4.1604
4368,4.1602
4369,4.16
4370,4.1599
4371,4.1597
4372,4.1596
4373,4.1594
4374,4.1593
4375,4.1591
4376,4.1589
4377,4.1588
4378,4.1586
4379,4.1585
4380,4.1583
4381,4.1581
4382,4.158
4383,4.1578
4384,4.1577
4385,4.1575
4386,4.1573
4387,4.1572
4388,4.1572
4389,4.157
4390,4.1569
4391,4.1567
4392,4.1566
4393,4.1564
4394,4.1562
4395,4.1561
4396,4.1561
4397,4.1559
4398,4.1558
4399,4.1556
4400,4.1554
4401,4.1554
4402,4.1553
4403,4.1551
4404,4.155
4405,4.1548
4406,4.1546
4407,4.1546
4408,4.1545
4409,4.1543
4410,4.1543
4411,4.1542
4412,4.154
4413,4.1539
4414,4.1539
4415,4.1537
4416,4.1535
4417,4.1534
4418,4.1532
4419,4.1532
4420,4.1531
4421,4.1529
4422,4.1529
4423,4.1527
4424,4.1526
4425,4.1524
4426,4.1524
4427,4.1523
4428,4.1521
4429,4.1521
4430,4.1519
4431,4.1519
4432,4.1518
4433,4.1516
4434,4.1516
4435,4.1515
4436,4.1513
4437,4.1513
4438,4.1511
4439,4.151
4440,4.151
4441,4.1508
4442,4.1508
4443,4.1507
4444,4.1505
4445,4.1505
4446,4.1504
4447,4.1504
4448,4.1502
4449,4.1502
4450,4.15
4451,4.1499
4452,4.1499
4453,4.1497
4454,4.1497
4455,4.1496
4456,4.1496
4457,4.1494
4458,4.1492
4459,4.1492
4460,4.1491
4461,4.1491
4462,4.1489
4463,4.1489
4464,4.1488
4465,4.1488
4466,4.1486
4467,4.1486
4468,4.1484
4469,4.1484
4470,4.1483
4471,4.1481
4472,4.1481
4473,4.148
4474,4.148
4475,4.1478
4476,4.1478
4477,4.1477
4478,4.1477
4479,4.1475
4480,4.1475
4481,4.1473
4482,4.1473
4483,4.1472
4484,4.1472
4485,4.147
4486,4.147
4487,4.1469
4488,4.1469
4489,4.1467
4490,4.1467
4491,4.1465
4492,4.1465
4493,4.1464
4494,4.1464
4495,4.1462
4496,4.1462
4497,4.1461
4498,4.1461
4499,4.1459
4500,4.1459
4501,4.1459
4502,4.1457
4503,4.1456
4504,4.1456
4505,4.1456
4506,4.1454
4507,4.1454
4508,4.1453
4509,4.1453
4510,4.1451
4511,4.1451
4512,4.145
4513,4.145
4514,4.1448
4515,4.1448
4516,4.1446
4517,4.1446
4518,4.1445
4519,4.1445
4520,4.1445
4521,4.1443
4522,4.1443
4523,4.1442
4524,4.1442
4525,4.144
4526,4.144
4527,4.1438
4528,4.1438
4529,4.1437
4530,4.1437
4531,4.1435
4532,4.1435
4533,4.1435
4534,4.1434
4535,4.1434
4536,4.1432
4537,4.1432
4538,4.143
4539,4.143
4540,4.1429
4541,4.1429
4542,4.1429
4543,4.1427
4544,4.1427
4545,4.1426
4546,4.1426
4547,4.1424
4548,4.1424
4549,4.1423
4550,4.1423
4551,4.1423
4552,4.1421
4553,4.1421
4554,4.1419
4555,4.1419
4556,4.1418
4557,4.1418
4558,4.1416
4559,4.1416
4560,4.1416
4561,4.1415
4562,4.1415
4563,4.1413
4564,4.1413
4565,4.1411
4566,4.1411
4567,4.141
4568,4.141
4569,4.1408
4570,4.1408
4571,4.1408
4572,4.1407
4573,4.1407
4574,4.1405
4575,4.1405
4576,4.1403
4577,4.1403
4578,4.1402
4579,4.1402
4580,4.14
4581,4.14
4582,4.1399
4583,4.1399
4584,4.1399
4585,4.1397
4586,4.1397
4587,4.1396
4588,4.1396
4589,4.1394
4590,4.1394
4591,4.1392
4592,4.1392
4593,4.1391
4594,4.1391
4595,4.1389
4596,4.1389
4597,4.1388
4598,4.1388
4599,4.1386
4600,4.1386
4601,4.1384
4602,4.1384
4603,4.1384
4604,4.1383
4605,4.1383
4606,4.1381
4607,4.1381
4608,4.138
4609,4.138
4610,4.1378
4611,4.1378
4612,4.1376
4613,4.1376
4614,4.1375
4615,4.1375
4616,4.1373
4617,4.1373
4618,4.1372
4619,4.1372
4620,4.137
4621,4.137
4622,4.1369
4623,4.1367
4624,4.1367
4625,4.1365
4626,4.1365
4627,4.1364
4628,4.1364
4629,4.1362
4630,4.1362
4631,4.1361
4632,4.1361
4633,4.1359
4634,4.1359
4635,4.1357
4636,4.1357
4637,4.1356
4638,4.1356
4639,4.1354
4640,4.1353
4641,4.1353
4642,4.1351
4643,4.1351
4644,4.1349
4645,4.1348
4646,4.1348
4647,4.1346
4648,4.1346
4649,4.1345
4650,4.1343
4651,4.1343
4652,4.1342
4653,4.1342
4654,4.134
4655,4.1338
4656,4.1338
4657,4.1337
4658,4.1337
4659,4.1335
4660,4.1334
4661,4.1334
4662,4.1332
4663,4.133
4664,4.133
4665,4.1329
4666,4.1329
4667,4.1327
4668,4.1326
4669,4.1324
4670,4.1324
4671,4.1322
4672,4.1322
4673,4.1321
4674,4.1319
4675,4.1318
4676,4.1318
4677,4.1316
4678,4.1315
4679,4.1313
4680,4.1313
4681,4.1311
4682,4.131
4683,4.131
4684,4.1308
4685,4.1307
4686,4.1305
4687,4.1305
4688,4.1303
4689,4.1302
4690,4.13
4691,4.13
4692,4.1299
4693,4.1297
4694,4.1295
4695,4.1295
4696,4.1294
4697,4.1292
4698,4.1291
4699,4.1289
4700,4.1288
4701,4.1288
4702,4.1286
4703,4.1284
4704,4.1283
4705,4.1281
4706,4.128
4707,4.128
4708,4.1278
4709,4.1276
4710,4.1275
4711,4.1273
4712,4.1272
4713,4.127
4714,4.127
4715,4.1268
4716,4.1267
4717,4.1265
4718,4.1264
4719,4.1262
4720,4.1261
4721,4.1259
4722,4.1257
4723,4.1256
4724,4.1254
4725,4.1253
4726,4.1253
4727,4.1249
4728,4.1248
4729,4.1246
4730,4.1246
4731,4.1245
4732,4.1243
4733,4.1241
4734,4.124
4735,4.1237
4736,4.1237
4737,4.1235
4738,4.1232
4739,4.123
4740,4.1229
4741,4.1227
4742,4.1226
4743,4.1224
4744,4.1222
4745,4.1221
4746,4.1219
4747,4.1218
4748,4.1216
4749,4.1214
4750,4.1211
4751,4.121
4752,4.1208
4753,4.1206
4754,4.1205
4755,4.1203
4756,4.1202
4757,4.12
4758,4.1197
4759,4.1195
4760,4.1194
4761,4.1192
4762,4.1191
4763,4.1187
4764,4.1186
4765,4.1184
4766,4.1183
4767,4.1181
4768,4.1178
4769,4.1176
4770,4.1175
4771,4.1173
4772,4.117
4773,4.1168
4774,4.1167
4775,4.1165
4776,4.1162
4777,4.116
4778,4.1159
4779,4.1156
4780,4.1154
4781,4.1152
4782,4.1149
4783,4.1148
4784,4.1146
4785,4.1145
4786,4.1141
4787,4.114
4788,4.1137
4789,4.1135
4790,4.1133
4791,4.113
4792,4.1129
4793,4.1127
4794,4.1124
4795,4.1122
4796,4.1121
4797,4.1118
4798,4.1116
4799,4.1113
4800,4.1111
4801,4.1108
4802,4.1106
4803,4.1103
4804,4.1102
4805,4.11
4806,4.1097
4807,4.1095
4808,4.1092
4809,4.1091
4810,4.1087
4811,4.1086
4812,4.1083
4813,4.1081
4814,4.1078
4815,4.1076
4816,4.1073
4817,4.1071
4818,4.1068
4819,4.1065
4820,4.1064
4821,4.106
4822,4.1059
4823,4.1056
4824,4.1054
4825,4.1051
4826,4.1049
4827,4.1046
4828,4.1043
4829,4.1041
4830,4.1038
4831,4.1035
4832,4.1033
4833,4.103
4834,4.1029
4835,4.1025
4836,4.1024
4837,4.1021
4838,4.1017
4839,4.1014
4840,4.1013
4841,4.101
4842,4.1008
4843,4.1005
4844,4.1002
4845,4.0998
4846,4.0997
4847,4.0994
4848,4.0992
4849,4.0989
4850,4.0986
4851,4.0983
4852,4.0981
4853,4.0978
4854,4.0975
4855,4.0971
4856,4.097
4857,4.0967
4858,4.0963
4859,4.096
4860,4.0959
4861,4.0956
4862,4.0952
4863,4.0949
4864,4.0948
4865,4.0944
4866,4.0941
4867,4.0938
4868,4.0935
4869,4.0933
4870,4.093
4871,4.0927
4872,4.0924
4873,4.0921
4874,4.0917
4875,4.0916
4876,4.0913
4877,4.0909
4878,4.0906
4879,4.0903
4880,4.09
4881,4.0898
4882,4.0895
4883,4.0892
4884,4.0889
4885,4.0886
4886,4.0882
4887,4.0879
4888,4.0878
4889,4.0874
4890,4.0871
4891,4.0868
4892,4.0865
4893,4.0862
4894,4.0859
4895,4.0855
4896,4.0852
4897,4.0849
4898,4.0846
4899,4.0843
4900,4.0841
4901,4.0838
4902,4.0835
4903,4.0832
4904,4.0828
4905,4.0825
4906,4.0822
4907,4.0819
4908,4.0816
4909,4.0813
4910,4.0809
4911,4.0806
4912,4.0803
4913,4.08
4914,4.0797
4915,4.0795
4916,4.0792
4917,4.0789
4918,4.0786
4919,4.0782
4920,4.0779
4921,4.0779
4922,4.0776
4923,4.0776
4924,4.0773
4925,4.0773
4926,4.077
4927,4.077
4928,4.0766
4929,4.0766
4930,4.0763
4931,4.0763
4932,4.076
4933,4.076
4934,4.0757
4935,4.0757
4936,4.0754
4937,4.0754
4938,4.0751
4939,4.0751
4940,4.0747
4941,4.0747
4942,4.0744
4943,4.0744
4944,4.0741
4945,4.0741
4946,4.0738
4947,4.0738
4948,4.0735
4949,4.0735
4950,4.0732
4951,4.0732
4952,4.0728
4953,4.0728
4954,4.0725
4955,4.0725
4956,4.0722
4957,4.0722
4958,4.0719
4959,4.0719
4960,4.0716
4961,4.0716
4962,4.0712
4963,4.0709
4964,4.0706
4965,4.0703
4966,4.07
4967,4.0697
4968,4.0693
4969,4.069
4970,4.0687
4971,4.0684
4972,4.0681
4973,4.0677
4974,4.0674
4975,4.0671
4976,4.0668
4977,4.0665
4978,4.0662
4979,4.0658
4980,4.0655
4981,4.0652
4982,4.0649
4983,4.0646
4984,4.0643
4985,4.0639
4986,4.0636
4987,4.0633
4988,4.063
4989,4.0627
4990,4.0623
4991,4.062
4992,4.0617
4993,4.0614
4994,4.0611
4995,4.0608
4996,4.0604
4997,4.0603
4998,4.0598
4999,4.0595
5000,4.0593
5001,4.059
5002,4.0587
5003,4.0584
5004,4.0581
5005,4.0577
5006,4.0574
5007,4.0571
5008,4.0568
5009,4.0565
5010,4.0562
5011,4.0558
5012,4.0555
5013,4.0552
5014,4.0549
5015,4.0547
5016,4.0544
5017,4.0541
5018,4.0538
5019,4.0535
5020,4.0531
5021,4.0528
5022,4.0525
5023,4.0522
5024,4.0519
5025,4.0517
5026,4.0514
5027,4.0511
5028,4.0508
5029,4.0504
5030,4.0501
5031,4.0498
5032,4.0495
5033,4.0493
5034,4.049
5035,4.0487
5036,4.0484
5037,4.0481
5038,4.0477
5039,4.0474
5040,4.0473
5041,4.0469
5042,4.0466
5043,4.0463
5044,4.046
5045,4.0458
5046,4.0455
5047,4.0452
5048,4.0449
5049,4.0446
5050,4.0444
5051,4.0441
5052,4.0438
5053,4.0434
5054,4.0433
5055,4.043
5056,4.0427
5057,4.0423
5058,4.042
5059,4.0419
5060,4.0415
5061,4.0412
5062,4.0411
5063,4.0407
5064,4.0404
5065,4.0403
5066,4.0399
5067,4.0396
5068,4.0393
5069,4.0392
5070,4.0388
5071,4.0385
5072,4.0384
5073,4.038
5074,4.0377
5075,4.0376
5076,4.0372
5077,4.0369
5078,4.0368
5079,4.0365
5080,4.0361
5081,4.036
5082,4.0357
5083,4.0355
5084,4.0352
5085,4.035
5086,4.0347
5087,4.0344
5088,4.0342
5089,4.0339
5090,4.0338
5091,4.0334
5092,4.0333
5093,4.033
5094,4.0326
5095,4.0325
5096,4.0322
5097,4.032
5098,4.0317
5099,4.0315
5100,4.0312
5101,4.0311
5102,4.0307
5103,4.0306
5104,4.0303
5105,4.0301
5106,4.0298
5107,4.0296
5108,4.0295
5109,4.0291
5110,4.029
5111,4.0287
5112,4.0285
5113,4.0282
5114,4.028
5115,4.0279
5116,4.0276
5117,4.0274
5118,4.0271
5119,4.0269
5120,4.0266
5121,4.0264
5122,4.0263
5123,4.026
5124,4.0258
5125,4.0257
5126,4.0253
5127,4.0252
5128,4.025
5129,4.0247
5130,4.0245
5131,4.0244
5132,4.0241
5133,4.0239
5134,4.0237
5135,4.0234
5136,4.0233
5137,4.0231
5138,4.0228
5139,4.0226
5140,4.0225
5141,4.0223
5142,4.022
5143,4.0218
5144,4.0217
5145,4.0215
5146,4.0212
5147,4.021
5148,4.0209
5149,4.0207
5150,4.0204
5151,4.0203
5152,4.0201
5153,4.0199
5154,4.0198
5155,4.0195
5156,4.0193
5157,4.0191
5158,4.019
5159,4.0187
5160,4.0185
5161,4.0183
5162,4.0182
5163,4.018
5164,4.0179
5165,4.0176
5166,4.0174
5167,4.0172
5168,4.0171
5169,4.0169
5170,4.0168
5171,4.0166
5172,4.0163
5173,4.0161
5174,4.016
5175,4.0158
5176,4.0156
5177,4.0155
5178,4.0153
5179,4.015
5180,4.0149
5181,4.0147
5182,4.0145
5183,4.0144
5184,4.0142
5185,4.0141
5186,4.0139
5187,4.0137
5188,4.0136
5189,4.0134
5190,4.0133
5191,4.0129
5192,4.0128
5193,4.0126
5194,4.0125
5195,4.0123
5196,4.0122
5197,4.012
5198,4.0118
5199,4.0117
5200,4.0115
5201,4.0114
5202,4.0112
5203,4.011
5204,4.0109
5205,4.0107
5206,4.0106
5207,4.0102
5208,4.0101
5209,4.0099
5210,4.0098
5211,4.0096
5212,4.0094
5213,4.0093
5214,4.0091
5215,4.009
5216,4.0088
5217,4.0087
5218,4.0085
5219,4.0083
5220,4.0082
5221,4.008
5222,4.0079
5223,4.0077
5224,4.0075
5225,4.0074
5226,4.0072
5227,4.0071
5228,4.0069
5229,4.0067
5230,4.0066
5231,4.0064
5232,4.0063
5233,4.0061
5234,4.006
5235,4.0058
5236,4.0056
5237,4.0055
5238,4.0053
5239,4.0052
5240,4.005
5241,4.0048
5242,4.0047
5243,4.0045
5244,4.0044
5245,4.0042
5246,4.004
5247,4.0039
5248,4.0037
5249,4.0036
5250,4.0034
5251,4.0033
5252,4.0031
5253,4.0029
5254,4.0028
5255,4.0026
5256,4.0025
5257,4.0023
5258,4.0021
5259,4.002
5260,4.0018
5261,4.0017
5262,4.0015
5263,4.0013
5264,4.0012
5265,4.001
5266,4.0009
5267,4.0007
5268,4.0006
5269,4.0002
5270,4.0002
5271,3.9999
5272,3.9998
5273,3.9996
5274,3.9994
5275,3.9993
5276,3.9991
5277,3.999
5278,3.9988
5279,3.9986
5280,3.9985
5281,3.9983
5282,3.9982
5283,3.998
5284,3.9979
5285,3.9977
5286,3.9975
5287,3.9974
5288,3.9972
5289,3.9971
5290,3.9969
5291,3.9967
5292,3.9964
5293,3.9963
5294,3.9961
5295,3.9959
5296,3.9958
5297,3.9956
5298,3.9955
5299,3.9953
5300,3.9952
5301,3.995
5302,3.9948
5303,3.9947
5304,3.9945
5305,3.9942
5306,3.994
5307,3.9939
5308,3.9937
5309,3.9936
5310,3.9934
5311,3.9932
5312,3.9931
5313,3.9928
5314,3.9926
5315,3.9925
5316,3.9923
5317,3.9921
5318,3.992
5319,3.9918
5320,3.9915
5321,3.9913
5322,3.9912
5323,3.991
5324,3.9909
5325,3.9907
5326,3.9905
5327,3.9902
5328,3.9901
5329,3.9899
5330,3.9898
5331,3.9896
5332,3.9893
5333,3.9891
5334,3.989
5335,3.9888
5336,3.9886
5337,3.9885
5338,3.9882
5339,3.988
5340,3.9878
5341,3.9877
5342,3.9874
5343,3.9872
5344,3.9871
5345,3.9869
5346,3.9866
5347,3.9864
5348,3.9863
5349,3.9861
5350,3.9858
5351,3.9856
5352,3.9855
5353,3.9853
5354,3.985
5355,3.9848
5356,3.9847
5357,3.9845
5358,3.9842
5359,3.984
5360,3.9839
5361,3.9836
5362,3.9834
5363,3.9832
5364,3.9829
5365,3.9828
5366,3.9826
5367,3.9823
5368,3.9821
5369,3.982
5370,3.9816
5371,3.9815
5372,3.9813
5373,3.981
5374,3.9809
5375,3.9805
5376,3.9804
5377,3.9802
5378,3.9799
5379,3.9797
5380,3.9796
5381,3.9793
5382,3.9791
5383,3.9788
5384,3.9786
5385,3.9785
5386,3.9782
5387,3.978
5388,3.9777
5389,3.9775
5390,3.9772
5391,3.977
5392,3.9769
5393,3.9766
5394,3.9764
5395,3.9761
5396,3.9759
5397,3.9756
5398,3.9755
5399,3.9751
5400,3.975
5401,3.9747
5402,3.9745
5403,3.9742
5404,3.974
5405,3.9737
5406,3.9735
5407,3.9732
5408,3.9731
5409,3.9728
5410,3.9726
5411,3.9723
5412,3.9721
5413,3.9718
5414,3.9716
5415,3.9713
5416,3.971
5417,3.9708
5418,3.9705
5419,3.9704
5420,3.9701
5421,3.9699
5422,3.9696
5423,3.9694
5424,3.9691
5425,3.9688
5426,3.9686
5427,3.9683
5428,3.9681
5429,3.9678
5430,3.9675
5431,3.9674
5432,3.967
5433,3.9667
5434,3.9666
5435,3.9662
5436,3.9661
5437,3.9658
5438,3.9654
5439,3.9653
5440,3.965
5441,3.9647
5442,3.9645
5443,3.9642
5444,3.9639
5445,3.9637
5446,3.9634
5447,3.9631
5448,3.9629
5449,3.9626
5450,3.9623
5451,3.9621
5452,3.9618
5453,3.9615
5454,3.9613
5455,3.961
5456,3.9607
5457,3.9605
5458,3.9602
5459,3.9599
5460,3.9596
5461,3.9594
5462,3.9591
5463,3.9588
5464,3.9586
5465,3.9583
5466,3.958
5467,3.9577
5468,3.9575
5469,3.9572
5470,3.9569
5471,3.9567
5472,3.9564
5473,3.9561
5474,3.9558
5475,3.9556
5476,3.9553
5477,3.955
5478,3.9546
5479,3.9543
5480,3.9542
5481,3.9538
5482,3.9535
5483,3.9532
5484,3.9531
5485,3.9527
5486,3.9524
5487,3.9521
5488,3.9519
5489,3.9516
5490,3.9513
5491,3.951
5492,3.9507
5493,3.9505
5494,3.9502
5495,3.9499
5496,3.9496
5497,3.9494
5498,3.9491
5499,3.9488
5500,3.9484
5501,3.9481
5502,3.948
5503,3.9477
5504,3.9473
5505,3.947
5506,3.9467
5507,3.9465
5508,3.9462
5509,3.9459
5510,3.9456
5511,3.9454
5512,3.9451
5513,3.9448
5514,3.9445
5515,3.9442
5516,3.944
5517,3.9437
5518,3.9434
5519,3.943
5520,3.9427
5521,3.9426
5522,3.9423
5523,3.9419
5524,3.9416
5525,3.9415
5526,3.9411
5527,3.9408
5528,3.9405
5529,3.9402
5530,3.94
5531,3.9397
5532,3.9394
5533,3.9391
5534,3.9388
5535,3.9386
5536,3.9383
5537,3.938
5538,3.9376
5539,3.9375
5540,3.9372
5541,3.9369
5542,3.9365
5543,3.9362
5544,3.9361
5545,3.9357
5546,3.9354
5547,3.9351
5548,3.9349
5549,3.9346
5550,3.9343
5551,3.934
5552,3.9338
5553,3.9335
5554,3.9332
5555,3.9329
5556,3.9327
5557,3.9324
5558,3.9321
5559,3.9318
5560,3.9315
5561,3.9313
5562,3.931
5563,3.9307
5564,3.9305
5565,3.9302
5566,3.9299
5567,3.9295
5568,3.9294
5569,3.9291
5570,3.9288
5571,3.9284
5572,3.9283
5573,3.928
5574,3.9276
5575,3.9275
5576,3.9272
5577,3.9268
5578,3.9265
5579,3.9264
5580,3.926
5581,3.9257
5582,3.9256
5583,3.9253
5584,3.9249
5585,3.9246
5586,3.9245
5587,3.9241
5588,3.9238
5589,3.9237
5590,3.9233
5591,3.923
5592,3.9229
5593,3.9226
5594,3.9222
5595,3.9221
5596,3.9218
5597,3.9214
5598,3.9213
5599,3.921
5600,3.9206
5601,3.9205
5602,3.9202
5603,3.9199
5604,3.9197
5605,3.9194
5606,3.9191
5607,3.9189
5608,3.9186
5609,3.9183
5610,3.9181
5611,3.9178
5612,3.9176
5613,3.9173
5614,3.917
5615,3.9168
5616,3.9165
5617,3.9162
5618,3.916
5619,3.9157
5620,3.9154
5621,3.9152
5622,3.9149
5623,3.9148
5624,3.9145
5625,3.9141
5626,3.914
5627,3.9137
5628,3.9135
5629,3.9132
5630,3.913
5631,3.9127
5632,3.9124
5633,3.9122
5634,3.9119
5635,3.9118
5636,3.9114
5637,3.9111
5638,3.911
5639,3.9106
5640,3.9105
5641,3.9102
5642,3.91
5643,3.9097
5644,3.9094
5645,3.9092
5646,3.9089
5647,3.9087
5648,3.9084
5649,3.9083
5650,3.9079
5651,3.9078
5652,3.9075
5653,3.9073
5654,3.907
5655,3.9067
5656,3.9065
5657,3.9062
5658,3.906
5659,3.9057
5660,3.9056
5661,3.9052
5662,3.9051
5663,3.9048
5664,3.9046
5665,3.9043
5666,3.9041
5667,3.9038
5668,3.9037
5669,3.9033
5670,3.9032
5671,3.9029
5672,3.9027
5673,3.9024
5674,3.9022
5675,3.9019
5676,3.9017
5677,3.9014
5678,3.9013
5679,3.901
5680,3.9008
5681,3.9005
5682,3.9003
5683,3.9
5684,3.8998
5685,3.8995
5686,3.8994
5687,3.899
5688,3.8989
5689,3.8986
5690,3.8984
5691,3.8981
5692,3.8979
5693,3.8976
5694,3.8975
5695,3.8971
5696,3.897
5697,3.8968
5698,3.8965
5699,3.8963
5700,3.896
5701,3.8959
5702,3.8955
5703,3.8954
5704,3.8951
5705,3.8949
5706,3.8946
5707,3.8944
5708,3.8943
5709,3.894
5710,3.8938
5711,3.8935
5712,3.8933
5713,3.893
5714,3.8928
5715,3.8925
5716,3.8924
5717,3.8921
5718,3.8919
5719,3.8917
5720,3.8914
5721,3.8913
5722,3.8909
5723,3.8908
5724,3.8905
5725,3.8903
5726,3.89
5727,3.8898
5728,3.8895
5729,3.8894
5730,3.8892
5731,3.8889
5732,3.8887
5733,3.8884
5734,3.8882
5735,3.8879
5736,3.8878
5737,3.8874
5738,3.8873
5739,3.887
5740,3.8868
5741,3.8867
5742,3.8863
5743,3.8862
5744,3.8859
5745,3.8857
5746,3.8854
5747,3.8852
5748,3.8851
5749,3.8847
5750,3.8846
5751,3.8843
5752,3.8841
5753,3.8838
5754,3.8836
5755,3.8833
5756,3.8832
5757,3.883
5758,3.8827
5759,3.8825
5760,3.8822
5761,3.882
5762,3.8817
5763,3.8816
5764,3.8813
5765,3.8811
5766,3.8808
5767,3.8806
5768,3.8803
5769,3.8801
5770,3.88
5771,3.8797
5772,3.8795
5773,3.8792
5774,3.879
5775,3.8787
5776,3.8786
5777,3.8782
5778,3.8781
5779,3.8778
5780,3.8776
5781,3.8774
5782,3.8771
5783,3.877
5784,3.8766
5785,3.8765
5786,3.8762
5787,3.876
5788,3.8757
5789,3.8755
5790,3.8752
5791,3.8751
5792,3.8747
5793,3.8746
5794,3.8743
5795,3.8741
5796,3.8739
5797,3.8736
5798,3.8733
5799,3.8732
5800,3.873
5801,3.8727
5802,3.8725
5803,3.8722
5804,3.872
5805,3.8717
5806,3.8716
5807,3.8712
5808,3.8711
5809,3.8708
5810,3.8706
5811,3.8703
5812,3.8701
5813,3.8698
5814,3.8697
5815,3.8693
5816,3.8692
5817,3.8689
5818,3.8687
5819,3.8684
5820,3.8682
5821,3.8679
5822,3.8677
5823,3.8674
5824,3.8673
5825,3.867
5826,3.8668
5827,3.8665
5828,3.8663
5829,3.866
5830,3.8658
5831,3.8655
5832,3.8654
5833,3.865
5834,3.8649
5835,3.8646
5836,3.8643
5837,3.8641
5838,3.8638
5839,3.8636
5840,3.8633
5841,3.8631
5842,3.8628
5843,3.8627
5844,3.8623
5845,3.8622
5846,3.8619
5847,3.8617
5848,3.8614
5849,3.8612
5850,3.8609
5851,3.8606
5852,3.8604
5853,3.8601
5854,3.86
5855,3.8596
5856,3.8595
5857,3.8592
5858,3.859
5859,3.8587
5860,3.8584
5861,3.8582
5862,3.8579
5863,3.8577
5864,3.8574
5865,3.8573
5866,3.8569
5867,3.8566
5868,3.8565
5869,3.8562
5870,3.856
5871,3.8557
5872,3.8555
5873,3.8552
5874,3.855
5875,3.8547
5876,3.8546
5877,3.8542
5878,3.8539
5879,3.8538
5880,3.8535
5881,3.8533
5882,3.853
5883,3.8528
5884,3.8525
5885,3.8522
5886,3.852
5887,3.8517
5888,3.8515
5889,3.8512
5890,3.8511
5891,3.8508
5892,3.8504
5893,3.8503
5894,3.85
5895,3.8498
5896,3.8495
5897,3.8492
5898,3.849
5899,3.8487
5900,3.8485
5901,3.8482
5902,3.8481
5903,3.8477
5904,3.8474
5905,3.8473
5906,3.8469
5907,3.8468
5908,3.8465
5909,3.8463
5910,3.846
5911,3.8457
5912,3.8455
5913,3.8452
5914,3.845
5915,3.8447
5916,3.8444
5917,3.8442
5918,3.8439
5919,3.8438
5920,3.8434
5921,3.8433
5922,3.843
5923,3.8428
5924,3.8425
5925,3.8422
5926,3.842
5927,3.8417
5928,3.8415
5929,3.8412
5930,3.8409
5931,3.8407
5932,3.8404
5933,3.8403
5934,3.8399
5935,3.8398
5936,3.8395
5937,3.8392
5938,3.839
5939,3.8387
5940,3.8385
5941,3.8382
5942,3.838
5943,3.8377
5944,3.8376
5945,3.8372
5946,3.8369
5947,3.8368
5948,3.8365
5949,3.8363
5950,3.836
5951,3.8358
5952,3.8355
5953,3.8352
5954,3.835
5955,3.8347
5956,3.8345
5957,3.8342
5958,3.8341
5959,3.8338
5960,3.8336
5961,3.8333
5962,3.833
5963,3.8328
5964,3.8325
5965,3.8323
5966,3.832
5967,3.8318
5968,3.8315
5969,3.8314
5970,3.8311
5971,3.8309
5972,3.8306
5973,3.8303
5974,3.8301
5975,3.8298
5976,3.8296
5977,3.8293
5978,3.8291
5979,3.8288
5980,3.8287
5981,3.8284
5982,3.8282
5983,3.8279
5984,3.8277
5985,3.8274
5986,3.8272
5987,3.8269
5988,3.8268
5989,3.8264
5990,3.8263
5991,3.826
5992,3.8258
5993,3.8255
5994,3.8253
5995,3.825
5996,3.8249
5997,3.8245
5998,3.8244
5999,3.8241
6000,3.8239
6001,3.8236
6002,3.8234
6003,3.8231
6004,3.823
6005,3.8226
6006,3.8225
6007,3.8222
6008,3.822
6009,3.8217
6010,3.8215
6011,3.8212
6012,3.821
6013,3.8207
6014,3.8206
6015,3.8203
6016,3.8201
6017,3.8198
6018,3.8196
6019,3.8195
6020,3.8191
6021,3.819
6022,3.8187
6023,3.8185
6024,3.8182
6025,3.818
6026,3.8177
6027,3.8176
6028,3.8172
6029,3.8171
6030,3.8169
6031,3.8166
6032,3.8164
6033,3.8161
6034,3.816
6035,3.8156
6036,3.8155
6037,3.8152
6038,3.815
6039,3.8149
6040,3.8145
6041,3.8144
6042,3.8141
6043,3.8139
6044,3.8136
6045,3.8134
6046,3.8131
6047,3.8129
6048,3.8128
6049,3.8125
6050,3.8123
6051,3.812
6052,3.8118
6053,3.8117
6054,3.8114
6055,3.8112
6056,3.8109
6057,3.8107
6058,3.8106
6059,3.8102
6060,3.8101
6061,3.8099
6062,3.8096
6063,3.8094
6064,3.8091
6065,3.809
6066,3.8088
6067,3.8085
6068,3.8083
6069,3.808
6070,3.8079
6071,3.8077
6072,3.8074
6073,3.8072
6074,3.8069
6075,3.8067
6076,3.8066
6077,3.8063
6078,3.8061
6079,3.806
6080,3.8058
6081,3.8055
6082,3.8053
6083,3.805
6084,3.8048
6085,3.8047
6086,3.8044
6087,3.8042
6088,3.804
6089,3.8037
6090,3.8036
6091,3.8034
6092,3.8031
6093,3.8029
6094,3.8028
6095,3.8025
6096,3.8023
6097,3.8021
6098,3.8018
6099,3.8017
6100,3.8015
6101,3.8012
6102,3.801
6103,3.8009
6104,3.8006
6105,3.8004
6106,3.8002
6107,3.7999
6108,3.7998
6109,3.7996
6110,3.7993
6111,3.7991
6112,3.799
6113,3.7986
6114,3.7985
6115,3.7983
6116,3.7982
6117,3.7979
6118,3.7977
6119,3.7975
6120,3.7972
6121,3.7971
6122,3.7969
6123,3.7967
6124,3.7964
6125,3.7963
6126,3.7961
6127,3.7958
6128,3.7956
6129,3.7955
6130,3.7952
6131,3.795
6132,3.7948
6133,3.7947
6134,3.7944
6135,3.7942
6136,3.794
6137,3.7939
6138,3.7936
6139,3.7934
6140,3.7932
6141,3.7931
6142,3.7928
6143,3.7926
6144,3.7925
6145,3.7923
6146,3.792
6147,3.7918
6148,3.7917
6149,3.7913
6150,3.7912
6151,3.791
6152,3.7909
6153,3.7907
6154,3.7904
6155,3.7902
6156,3.7901
6157,3.7898
6158,3.7896
6159,3.7894
6160,3.7893
6161,3.7891
6162,3.7888
6163,3.7886
6164,3.7885
6165,3.7883
6166,3.788
6167,3.7878
6168,3.7877
6169,3.7875
6170,3.7874
6171,3.7871
6172,3.7869
6173,3.7867
6174,3.7866
6175,3.7863
6176,3.7861
6177,3.7859
6178,3.7858
6179,3.7856
6180,3.7853
6181,3.7851
6182,3.785
6183,3.7848
6184,3.7847
6185,3.7843
6186,3.7842
6187,3.784
6188,3.7839
6189,3.7836
6190,3.7834
6191,3.7832
6192,3.7831
6193,3.7829
6194,3.7826
6195,3.7824
6196,3.7823
6197,3.7821
6198,3.782
6199,3.7816
6200,3.7815
6201,3.7813
6202,3.7812
6203,3.781
6204,3.7809
6205,3.7805
6206,3.7804
6207,3.7802
6208,3.7801
6209,3.7799
6210,3.7796
6211,3.7794
6212,3.7793
6213,3.7791
6214,3.7789
6215,3.7788
6216,3.7785
6217,3.7783
6218,3.7782
6219,3.778
6220,3.7778
6221,3.7775
6222,3.7774
6223,3.7772
6224,3.777
6225,3.7769
6226,3.7767
6227,3.7766
6228,3.7762
6229,3.7761
6230,3.7759
6231,3.7758
6232,3.7756
6233,3.7755
6234,3.7751
6235,3.775
6236,3.7748
6237,3.7747
6238,3.7745
6239,3.7743
6240,3.774
6241,3.7739
6242,3.7737
6243,3.7735
6244,3.7734
6245,3.7732
6246,3.7731
6247,3.7728
6248,3.7726
6249,3.7724
6250,3.7723
6251,3.7721
6252,3.772
6253,3.7718
6254,3.7715
6255,3.7713
6256,3.7712
6257,3.771
6258,3.7708
6259,3.7707
6260,3.7705
6261,3.7702
6262,3.7701
6263,3.7699
6264,3.7697
6265,3.7696
6266,3.7694
6267,3.7693
6268,3.7691
6269,3.7688
6270,3.7686
6271,3.7685
6272,3.7683
6273,3.7681
6274,3.768
6275,3.7678
6276,3.7675
6277,3.7674
6278,3.7672
6279,3.767
6280,3.7669
6281,3.7667
6282,3.7666
6283,3.7662
6284,3.7661
6285,3.7659
6286,3.7658
6287,3.7656
6288,3.7654
6289,3.7653
6290,3.7651
6291,3.765
6292,3.7647
6293,3.7645
6294,3.7643
6295,3.7642
6296,3.764
6297,3.7639
6298,3.7637
6299,3.7635
6300,3.7632
6301,3.7631
6302,3.7629
6303,3.7627
6304,3.7626
6305,3.7624
6306,3.7623
6307,3.7621
6308,3.7618
6309,3.7616
6310,3.7615
6311,3.7613
6312,3.7612
6313,3.761
6314,3.7608
6315,3.7607
6316,3.7605
6317,3.7604
6318,3.7602
6319,3.7599
6320,3.7597
6321,3.7596
6322,3.7594
6323,3.7593
6324,3.7591
6325,3.7589
6326,3.7588
6327,3.7585
6328,3.7585
6329,3.7581
6330,3.758
6331,3.7578
6332,3.7577
6333,3.7575
6334,3.7573
6335,3.7572
6336,3.757
6337,3.7567
6338,3.7566
6339,3.7564
6340,3.7562
6341,3.7561
6342,3.7559
6343,3.7558
6344,3.7556
6345,3.7554
6346,3.7553
6347,3.755
6348,3.7548
6349,3.7546
6350,3.7545
6351,3.7543
6352,3.7542
6353,3.754
6354,3.7538
6355,3.7537
6356,3.7534
6357,3.7532
6358,3.7531
6359,3.7529
6360,3.7527
6361,3.7526
6362,3.7524
6363,3.7523
6364,3.7521
6365,3.7519
6366,3.7516
6367,3.7515
6368,3.7513
6369,3.7511
6370,3.751
6371,3.7508
6372,3.7507
6373,3.7505
6374,3.7504
6375,3.7502
6376,3.7499
6377,3.7497
6378,3.7496
6379,3.7494
6380,3.7492
6381,3.7491
6382,3.7489
6383,3.7488
6384,3.7486
6385,3.7484
6386,3.7483
6387,3.748
6388,3.7478
6389,3.7477
6390,3.7475
6391,3.7473
6392,3.7472
6393,3.747
6394,3.7469
6395,3.7467
6396,3.7465
6397,3.7462
6398,3.7461
6399,3.7459
6400,3.7457
6401,3.7456
6402,3.7454
6403,3.7453
6404,3.7451
6405,3.745
6406,3.7448
6407,3.7446
6408,3.7443
6409,3.7442
6410,3.744
6411,3.7438
6412,3.7437
6413,3.7435
6414,3.7434
6415,3.7432
6416,3.743
6417,3.7429
6418,3.7426
6419,3.7426
6420,3.7423
6421,3.7421
6422,3.7419
6423,3.7418
6424,3.7416
6425,3.7415
6426,3.7413
6427,3.7411
6428,3.741
6429,3.7408
6430,3.7407
6431,3.7403
6432,3.7402
6433,3.74
6434,3.7399
6435,3.7397
6436,3.7396
6437,3.7394
6438,3.7392
6439,3.7391
6440,3.7388
6441,3.7386
6442,3.7384
6443,3.7383
6444,3.7381
6445,3.738
6446,3.7378
6447,3.7376
6448,3.7375
6449,3.7373
6450,3.7372
6451,3.737
6452,3.7367
6453,3.7365
6454,3.7364
6455,3.7362
6456,3.7361
6457,3.7359
6458,3.7357
6459,3.7356
6460,3.7354
6461,3.7353
6462,3.7349
6463,3.7348
6464,3.7346
6465,3.7345
6466,3.7343
6467,3.7342
6468,3.734
6469,3.7338
6470,3.7337
6471,3.7335
6472,3.7332
6473,3.733
6474,3.7329
6475,3.7327
6476,3.7326
6477,3.7324
6478,3.7322
6479,3.7321
6480,3.7319
6481,3.7318
6482,3.7316
6483,3.7313
6484,3.7311
6485,3.731
6486,3.7308
6487,3.7307
6488,3.7305
6489,3.7303
6490,3.7302
6491,3.73
6492,3.7299
6493,3.7295
6494,3.7294
6495,3.7292
6496,3.7291
6497,3.7289
6498,3.7288
6499,3.7286
6500,3.7284
6501,3.7283
6502,3.728
6503,3.7278
6504,3.7276
6505,3.7275
6506,3.7273
6507,3.7272
6508,3.727
6509,3.7268
6510,3.7267
6511,3.7264
6512,3.7262
6513,3.7261
6514,3.7259
6515,3.7257
6516,3.7256
6517,3.7254
6518,3.7253
6519,3.7251
6520,3.7249
6521,3.7246
6522,3.7245
6523,3.7243
6524,3.7241
6525,3.724
6526,3.7238
6527,3.7237
6528,3.7235
6529,3.7233
6530,3.723
6531,3.7229
6532,3.7227
6533,3.7226
6534,3.7224
6535,3.7222
6536,3.7221
6537,3.7219
6538,3.7218
6539,3.7214
6540,3.7213
6541,3.7211
6542,3.721
6543,3.7208
6544,3.7206
6545,3.7205
6546,3.7203
6547,3.7202
6548,3.7199
6549,3.7199
6550,3.7195
6551,3.7194
6552,3.7192
6553,3.7191
6554,3.7189
6555,3.7187
6556,3.7184
6557,3.7183
6558,3.7181
6559,3.7179
6560,3.7178
6561,3.7176
6562,3.7175
6563,3.7173
6564,3.7172
6565,3.7168
6566,3.7167
6567,3.7165
6568,3.7164
6569,3.7162
6570,3.716
6571,3.7159
6572,3.7157
6573,3.7154
6574,3.7152
6575,3.7151
6576,3.7149
6577,3.7148
6578,3.7146
6579,3.7145
6580,3.7143
6581,3.714
6582,3.7138
6583,3.7137
6584,3.7135
6585,3.7133
6586,3.7132
6587,3.713
6588,3.7129
6589,3.7127
6590,3.7124
6591,3.7122
6592,3.7121
6593,3.7119
6594,3.7118
6595,3.7116
6596,3.7114
6597,3.7113
6598,3.711
6599,3.7108
6600,3.7106
6601,3.7105
6602,3.7103
6603,3.7102
6604,3.71
6605,3.7098
6606,3.7097
6607,3.7094
6608,3.7092
6609,3.7091
6610,3.7089
6611,3.7087
6612,3.7086
6613,3.7084
6614,3.7081
6615,3.7079
6616,3.7078
6617,3.7076
6618,3.7075
6619,3.7073
6620,3.7071
6621,3.7068
6622,3.7067
6623,3.7065
6624,3.7064
6625,3.7062
6626,3.706
6627,3.7059
6628,3.7057
6629,3.7054
6630,3.7052
6631,3.7051
6632,3.7049
6633,3.7048
6634,3.7046
6635,3.7044
6636,3.7041
6637,3.704
6638,3.7038
6639,3.7037
6640,3.7035
6641,3.7033
6642,3.7032
6643,3.703
6644,3.7027
6645,3.7025
6646,3.7024
6647,3.7022
6648,3.7021
6649,3.7019
6650,3.7016
6651,3.7014
6652,3.7013
6653,3.7011
6654,3.701
6655,3.7008
6656,3.7006
6657,3.7003
6658,3.7002
6659,3.7
6660,3.6998
6661,3.6997
6662,3.6995
6663,3.6994
6664,3.699
6665,3.6989
6666,3.6987
6667,3.6986
6668,3.6984
6669,3.6982
6670,3.6981
6671,3.6978
6672,3.6976
6673,3.6975
6674,3.6973
6675,3.6971
6676,3.697
6677,3.6967
6678,3.6965
6679,3.6963
6680,3.6962
6681,3.696
6682,3.6959
6683,3.6957
6684,3.6954
6685,3.6952
6686,3.6951
6687,3.6949
6688,3.6948
6689,3.6946
6690,3.6944
6691,3.6941
6692,3.694
6693,3.6938
6694,3.6936
6695,3.6935
6696,3.6933
6697,3.6932
6698,3.6928
6699,3.6927
6700,3.6925
6701,3.6924
6702,3.6922
6703,3.6921
6704,3.6917
6705,3.6916
6706,3.6914
6707,3.6913
6708,3.6911
6709,3.6909
6710,3.6906
6711,3.6905
6712,3.6903
6713,3.6901
6714,3.69
6715,3.6898
6716,3.6895
6717,3.6894
6718,3.6892
6719,3.689
6720,3.6889
6721,3.6887
6722,3.6886
6723,3.6882
6724,3.6881
6725,3.6879
6726,3.6878
6727,3.6876
6728,3.6874
6729,3.6873
6730,3.687
6731,3.6868
6732,3.6867
6733,3.6865
6734,3.6863
6735,3.6862
6736,3.6859
6737,3.6857
6738,3.6855
6739,3.6854
6740,3.6852
6741,3.6851
6742,3.6847
6743,3.6846
6744,3.6844
6745,3.6843
6746,3.6841
6747,3.684
6748,3.6838
6749,3.6835
6750,3.6833
6751,3.6832
6752,3.683
6753,3.6828
6754,3.6827
6755,3.6824
6756,3.6822
6757,3.682
6758,3.6819
6759,3.6817
6760,3.6816
6761,3.6813
6762,3.6811
6763,3.6809
6764,3.6808
6765,3.6806
6766,3.6805
6767,3.6801
6768,3.68
6769,3.6798
6770,3.6797
6771,3.6795
6772,3.6793
6773,3.679
6774,3.6789
6775,3.6787
6776,3.6786
6777,3.6784
6778,3.6782
6779,3.6779
6780,3.6778
6781,3.6776
6782,3.6774
6783,3.6773
6784,3.6771
6785,3.677
6786,3.6768
6787,3.6765
6788,3.6763
6789,3.6762
6790,3.676
6791,3.6759
6792,3.6757
6793,3.6754
6794,3.6752
6795,3.6751
6796,3.6749
6797,3.6747
6798,3.6746
6799,3.6743
6800,3.6741
6801,3.6739
6802,3.6738
6803,3.6736
6804,3.6735
6805,3.6733
6806,3.673
6807,3.6728
6808,3.6727
6809,3.6725
6810,3.6724
6811,3.6722
6812,3.6719
6813,3.6717
6814,3.6716
6815,3.6714
6816,3.6712
6817,3.6711
6818,3.6709
6819,3.6706
6820,3.6704
6821,3.6703
6822,3.6701
6823,3.67
6824,3.6697
6825,3.6695
6826,3.6693
6827,3.6692
6828,3.669
6829,3.6689
6830,3.6687
6831,3.6684
6832,3.6682
6833,3.6681
6834,3.6679
6835,3.6677
6836,3.6676
6837,3.6674
6838,3.6673
6839,3.667
6840,3.6668
6841,3.6666
6842,3.6665
6843,3.6663
6844,3.6662
6845,3.666
6846,3.6657
6847,3.6655
6848,3.6654
6849,3.6652
6850,3.665
6851,3.6649
6852,3.6647
6853,3.6646
6854,3.6643
6855,3.6641
6856,3.6639
6857,3.6638
6858,3.6636
6859,3.6635
6860,3.6631
6861,3.663
6862,3.6628
6863,3.6627
6864,3.6625
6865,3.6623
6866,3.6622
6867,3.662
6868,3.6619
6869,3.6616
6870,3.6614
6871,3.6612
6872,3.6611
6873,3.6609
6874,3.6608
6875,3.6606
6876,3.6603
6877,3.6601
6878,3.66
6879,3.6598
6880,3.6596
6881,3.6595
6882,3.6593
6883,3.6592
6884,3.6589
6885,3.6587
6886,3.6585
6887,3.6584
6888,3.6582
6889,3.6581
6890,3.6579
6891,3.6577
6892,3.6576
6893,3.6573
6894,3.6571
6895,3.6569
6896,3.6568
6897,3.6566
6898,3.6565
6899,3.6563
6900,3.6562
6901,3.656
6902,3.6557
6903,3.6555
6904,3.6554
6905,3.6552
6906,3.655
6907,3.6549
6908,3.6547
6909,3.6546
6910,3.6542
6911,3.6541
6912,3.6539
6913,3.6538
6914,3.6536
6915,3.6535
6916,3.6533
6917,3.6531
6918,3.653
6919,3.6528
6920,3.6525
6921,3.6523
6922,3.6522
6923,3.652
6924,3.6519
6925,3.6517
6926,3.6515
6927,3.6514
6928,3.6512
6929,3.6511
6930,3.6508
6931,3.6506
6932,3.6504
6933,3.6503
6934,3.6501
6935,3.65
6936,3.6498
6937,3.6496
6938,3.6495
6939,3.6492
6940,3.6492
6941,3.6488
6942,3.6487
6943,3.6485
6944,3.6484
6945,3.6482
6946,3.6481
6947,3.6479
6948,3.6477
6949,3.6474
6950,3.6473
6951,3.6471
6952,3.6469
6953,3.6468
6954,3.6466
6955,3.6465
6956,3.6463
6957,3.6461
6958,3.6458
6959,3.6457
6960,3.6455
6961,3.6454
6962,3.6452
6963,3.645
6964,3.6449
6965,3.6447
6966,3.6446
6967,3.6444
6968,3.6441
6969,3.6439
6970,3.6438
6971,3.6436
6972,3.6434
6973,3.6433
6974,3.6431
6975,3.643
6976,3.6426
6977,3.6425
6978,3.6423
6979,3.6422
6980,3.642
6981,3.6419
6982,3.6417
6983,3.6415
6984,3.6414
6985,3.6411
6986,3.6409
6987,3.6407
6988,3.6406
6989,3.6404
6990,3.6403
6991,3.6401
6992,3.6399
6993,3.6396
6994,3.6395
6995,3.6393
6996,3.6392
6997,3.639
6998,3.6388
6999,3.6387
7000,3.6384
7001,3.6382
7002,3.638
7003,3.6379
7004,3.6377
7005,3.6376
7006,3.6374
7007,3.6372
7008,3.6369
7009,3.6368
7010,3.6366
7011,3.6365
7012,3.6363
7013,3.6361
7014,3.6358
7015,3.6357
7016,3.6355
7017,3.6353
7018,3.6352
7019,3.635
7020,3.6347
7021,3.6345
7022,3.6344
7023,3.6342
7024,3.6341
7025,3.6339
7026,3.6338
7027,3.6334
7028,3.6333
7029,3.6331
7030,3.633
7031,3.6328
7032,3.6325
7033,3.6323
7034,3.6322
7035,3.632
7036,3.6318
7037,3.6315
7038,3.6314
7039,3.6312
7040,3.6311
7041,3.6309
7042,3.6306
7043,3.6304
7044,3.6303
7045,3.6301
7046,3.6299
7047,3.6296
7048,3.6295
7049,3.6293
7050,3.6291
7051,3.6288
7052,3.6287
7053,3.6285
7054,3.6284
7055,3.6282
7056,3.6279
7057,3.6277
7058,3.6276
7059,3.6274
7060,3.6271
7061,3.6269
7062,3.6268
7063,3.6266
7064,3.6263
7065,3.6261
7066,3.626
7067,3.6257
7068,3.6255
7069,3.6253
7070,3.6252
7071,3.6249
7072,3.6247
7073,3.6245
7074,3.6244
7075,3.6241
7076,3.6239
7077,3.6237
7078,3.6234
7079,3.6233
7080,3.6231
7081,3.6228
7082,3.6226
7083,3.6225
7084,3.6223
7085,3.622
7086,3.6218
7087,3.6215
7088,3.6214
7089,3.6212
7090,3.6209
7091,3.6207
7092,3.6206
7093,3.6203
7094,3.6201
7095,3.6199
7096,3.6196
7097,3.6195
7098,3.6193
7099,3.619
7100,3.6188
7101,3.6185
7102,3.6183
7103,3.6182
7104,3.6179
7105,3.6177
7106,3.6174
7107,3.6172
7108,3.6169
7109,3.6168
7110,3.6166
7111,3.6163
7112,3.6161
7113,3.6158
7114,3.6156
7115,3.6153
7116,3.6152
7117,3.6149
7118,3.6147
7119,3.6144
7120,3.6142
7121,3.6139
7122,3.6137
7123,3.6134
7124,3.6133
7125,3.6129
7126,3.6128
7127,3.6125
7128,3.6123
7129,3.612
7130,3.6118
7131,3.6115
7132,3.6114
7133,3.611
7134,3.6107
7135,3.6106
7136,3.6102
7137,3.6101
7138,3.6098
7139,3.6094
7140,3.6093
7141,3.609
7142,3.6088
7143,3.6085
7144,3.6082
7145,3.608
7146,3.6077
7147,3.6075
7148,3.6072
7149,3.6069
7150,3.6066
7151,3.6064
7152,3.6061
7153,3.6058
7154,3.6056
7155,3.6053
7156,3.605
7157,3.6047
7158,3.6045
7159,3.6042
7160,3.6039
7161,3.6036
7162,3.6034
7163,3.6031
7164,3.6028
7165,3.6025
7166,3.6021
7167,3.602
7168,3.6017
7169,3.6013
7170,3.601
7171,3.6007
7172,3.6004
7173,3.6001
7174,3.5999
7175,3.5996
7176,3.5993
7177,3.599
7178,3.5986
7179,3.5983
7180,3.598
7181,3.5977
7182,3.5974
7183,3.5971
7184,3.5967
7185,3.5964
7186,3.5961
7187,3.5958
7188,3.5955
7189,3.5952
7190,3.5948
7191,3.5945
7192,3.5942
7193,3.5939
7194,3.5936
7195,3.5932
7196,3.5929
7197,3.5925
7198,3.5921
7199,3.5918
7200,3.5915
7201,3.5912
7202,3.5909
7203,3.5904
7204,3.5901
7205,3.5898
7206,3.5894
7207,3.589
7208,3.5886
7209,3.5883
7210,3.588
7211,3.5875
7212,3.5872
7213,3.5869
7214,3.5864
7215,3.5861
7216,3.5858
7217,3.5853
7218,3.585
7219,3.5847
7220,3.5842
7221,3.5839
7222,3.5834
7223,3.5831
7224,3.5826
7225,3.5823
7226,3.5818
7227,3.5815
7228,3.581
7229,3.5807
7230,3.5802
7231,3.5799
7232,3.5794
7233,3.5791
7234,3.5786
7235,3.5782
7236,3.5778
7237,3.5774
7238,3.5769
7239,3.5766
7240,3.5761
7241,3.5756
7242,3.5751
7243,3.5748
7244,3.5743
7245,3.5739
7246,3.5734
7247,3.5731
7248,3.5726
7249,3.5721
7250,3.5716
7251,3.5712
7252,3.5707
7253,3.5702
7254,3.5697
7255,3.5693
7256,3.5689
7257,3.5685
7258,3.568
7259,3.5675
7260,3.567
7261,3.5666
7262,3.5659
7263,3.5654
7264,3.565
7265,3.5645
7266,3.564
7267,3.5635
7268,3.5631
7269,3.5626
7270,3.5621
7271,3.5615
7272,3.561
7273,3.5605
7274,3.56
7275,3.5594
7276,3.5589
7277,3.5585
7278,3.558
7279,3.5573
7280,3.5569
7281,3.5564
7282,3.5558
7283,3.5553
7284,3.5548
7285,3.5542
7286,3.5537
7287,3.5531
7288,3.5526
7289,3.5521
7290,3.5515
7291,3.5508
7292,3.5504
7293,3.5497
7294,3.5492
7295,3.5488
7296,3.5481
7297,3.5475
7298,3.547
7299,3.5464
7300,3.5459
7301,3.5453
7302,3.5446
7303,3.5442
7304,3.5435
7305,3.543
7306,3.5424
7307,3.5418
7308,3.5413
7309,3.5407
7310,3.54
7311,3.5394
7312,3.5389
7313,3.5383
7314,3.5376
7315,3.5372
7316,3.5365
7317,3.5359
7318,3.5353
7319,3.5346
7320,3.5342
7321,3.5335
7322,3.5329
7323,3.5322
7324,3.5316
7325,3.5311
7326,3.5305
7327,3.5299
7328,3.5292
7329,3.5286
7330,3.528
7331,3.5273
7332,3.5267
7333,3.5262
7334,3.5256
7335,3.5249
7336,3.5243
7337,3.5237
7338,3.523
7339,3.5224
7340,3.5218
7341,3.5211
7342,3.5205
7343,3.5199
7344,3.5192
7345,3.5186
7346,3.5179
7347,3.5173
7348,3.5165
7349,3.5159
7350,3.5152
7351,3.5146
7352,3.514
7353,3.5133
7354,3.5125
7355,3.5119
7356,3.5113
7357,3.5106
7358,3.5098
7359,3.5092
7360,3.5086
7361,3.5078
7362,3.5071
7363,3.5064
7364,3.5057
7365,3.5051
7366,3.5043
7367,3.5035
7368,3.5029
7369,3.5021
7370,3.5014
7371,3.5006
7372,3.4998
7373,3.499
7374,3.4984
7375,3.4976
7376,3.4968
7377,3.496
7378,3.4952
7379,3.4944
7380,3.4936
7381,3.4928
7382,3.4921
7383,3.4911
7384,3.4903
7385,3.4895
7386,3.4887
7387,3.4878
7388,3.487
7389,3.486
7390,3.4852
7391,3.4843
7392,3.4833
7393,3.4824
7394,3.4816
7395,3.4806
7396,3.4797
7397,3.4787
7398,3.4778
7399,3.4768
7400,3.4759
7401,3.4747
7402,3.4738
7403,3.4728
7404,3.4717
7405,3.4706
7406,3.4697
7407,3.4685
7408,3.4674
7409,3.4665
7410,3.4654
7411,3.4643
7412,3.4631
7413,3.4619
7414,3.4608
7415,3.4596
7416,3.4584
7417,3.4573
7418,3.4562
7419,3.4549
7420,3.4536
7421,3.4523
7422,3.4512
7423,3.4498
7424,3.4485
7425,3.4473
7426,3.446
7427,3.4447
7428,3.4433
7429,3.442
7430,3.4406
7431,3.4392
7432,3.4379
7433,3.4365
7434,3.435
7435,3.4336
7436,3.4322
7437,3.4306
7438,3.4291
7439,3.4276
7440,3.4261
7441,3.4245
7442,3.4231
7443,3.4215
7444,3.4199
7445,3.4183
7446,3.4168
7447,3.4152
7448,3.4134
7449,3.4118
7450,3.4101
7451,3.4085
7452,3.4067
7453,3.405
7454,3.4033
7455,3.4017
7456,3.3999
7457,3.398
7458,3.3963
7459,3.3945
7460,3.3926
7461,3.3909
7462,3.389
7463,3.387
7464,3.3851
7465,3.3832
7466,3.3813
7467,3.3794
7468,3.3774
7469,3.3755
7470,3.3735
7471,3.3715
7472,3.3694
7473,3.3674
7474,3.3654
7475,3.3634
7476,3.3612
7477,3.3591
7478,3.357
7479,3.355
7480,3.3527
7481,3.3505
7482,3.3483
7483,3.3461
7484,3.3438
7485,3.3416
7486,3.3394
7487,3.337
7488,3.3348
7489,3.3324
7490,3.33
7491,3.3278
7492,3.3253
7493,3.3231
7494,3.3205
7495,3.3182
7496,3.3156
7497,3.3131
7498,3.3107
7499,3.3081
7500,3.3056
7501,3.3031
7502,3.3004
7503,3.2978
7504,3.2951
7505,3.2926
7506,3.2899
7507,3.2872
7508,3.2845
7509,3.2816
7510,3.2789
7511,3.276
7512,3.2732
7513,3.2703
7514,3.2675
7515,3.2646
7516,3.2616
7517,3.2587
7518,3.2557
7519,3.2527
7520,3.2497
7521,3.2466
7522,3.2435
7523,3.2404
7524,3.2373
7525,3.2341
7526,3.2309
7527,3.2276
7528,3.2244
7529,3.2211
7530,3.2177
7531,3.2144
7532,3.211
7533,3.2077
7534,3.2042
7535,3.2007
7536,3.1972
7537,3.1937
7538,3.1901
7539,3.1866
7540,3.1829
7541,3.1793
7542,3.1756
7543,3.1718
7544,3.168
7545,3.1642
7546,3.1603
7547,3.1564
7548,3.1526
7549,3.1486
7550,3.1445
7551,3.1405
7552,3.1365
7553,3.1324
7554,3.1281
7555,3.124
7556,3.1197
7557,3.1154
7558,3.1111
7559,3.1066
7560,3.1023
7561,3.0979
7562,3.0934
7563,3.0888
7564,3.0842
7565,3.0796
7566,3.0748
7567,3.0701
7568,3.0652
7569,3.0604
7570,3.0556
7571,3.0505
7572,3.0456
7573,3.0407
7574,3.0356
7575,3.0304
7576,3.0253
7577,3.0199
7578,3.0146
7579,3.0092
7580,3.0038
7581,2.9982
7582,2.9927
7583,2.9871
7584,2.9814
7585,2.9755
7586,2.97
7587,2.9639
7588,2.9579
7589,2.952
7590,2.9458
7591,2.9398
7592,2.9334
7593,2.9271
7594,2.9207
7595,2.9142
7596,2.9075
7597,2.9008
7598,2.8942
7599,2.8873
7600,2.8805
7601,2.8735
7602,2.8665
7603,2.8592
7604,2.852
7605,2.8447
7606,2.8373
7607,2.8298
7608,2.822
7609,2.8142
7610,2.8064
7611,2.7985
7612,2.7904
7613,2.7823
7614,2.7739
7615,2.7654
7616,2.757
7617,2.7483
7618,2.7395
7619,2.7308
7620,2.7217
7621,2.7127
7622,2.7035
7623,2.6942
7624,2.6849
7625,2.6753
7626,2.6658
7627,2.6559
7628,2.6461
7629,2.6362
7630,2.6262
7631,2.6161
7632,2.6057
7633,2.5954
7634,2.5849
7635,2.5743
7636,2.5636
7637,2.5528
7638,2.5418
7639,2.5307
7640,2.5196
7641,2.5083
7642,2.5
7643,2.518
7644,2.6205
7645,2.7228
7646,2.8234
7647,2.8946
7648,2.996
7649,3.0768
7650,3.177
7651,3.1872
7652,3.2648
7653,3.3229
7654,3.3664
7655,3.3983
7656,3.4212
7657,3.4369
7658,3.4477
7659,3.4554
7660,3.4611
7661,3.4654
7662,3.4689
7663,3.4717
7664,3.4741
7665,3.4762
7666,3.4779
7667,3.4795
7668,3.4809
7669,3.4822
7670,3.4833
7671,3.4844
7672,3.4854
7673,3.4863
7674,3.4871
7675,3.4879
7676,3.4887
7677,3.4895
7678,3.4901
7679,3.4908
7680,3.4914
7681,3.4921
7682,3.4925
7683,3.4932
7684,3.4936
7685,3.4941
7686,3.4946
7687,3.4951
7688,3.4955
7689,3.4959
7690,3.4963
7691,3.4967
7692,3.4971
7693,3.4975
7694,3.4978
7695,3.4981
7696,3.4984
7697,3.4989
7698,3.4992
7699,3.4994
7700,3.4997
7701,3.5
7702,3.5003
7703,3.5006
7704,3.501
7705,3.5011
7706,3.5014
7707,3.5017
7708,3.5019
7709,3.5021
7710,3.5024
7711,3.5027
7712,3.5029
7713,3.503
7714,3.5033
7715,3.5035
7716,3.5037
7717,3.504
7718,3.5041
7719,3.5043
7720,3.5046
7721,3.5048
7722,3.5049
7723,3.5051
7724,3.5052
7725,3.5054
7726,3.5057
7727,3.5059
7728,3.506
7729,3.5062
7730,3.5064
7731,3.5065
7732,3.5067
7733,3.5068
7734,3.507
7735,3.5071
7736,3.5073
7737,3.5075
7738,3.5076
7739,3.5078
7740,3.5079
7741,3.5081
7742,3.5083
7743,3.5083
7744,3.5084
7745,3.5086
7746,3.5087
7747,3.5089
7748,3.5091
7749,3.5092
7750,3.5092
7751,3.5094
7752,3.5095
7753,3.5097
7754,3.5098
7755,3.5098
7756,3.51
7757,3.5102
7758,3.5102
7759,3.5103
7760,3.5105
7761,3.5106
7762,3.5106
7763,3.5108
7764,3.511
7765,3.511
7766,3.5111
7767,3.5113
7768,3.5113
7769,3.5114
7770,3.5116
7771,3.5116
7772,3.5118
7773,3.5119
7774,3.5119
7775,3.5121
7776,3.5121
7777,3.5122
7778,3.5124
7779,3.5124
7780,3.5125
7781,3.5125
7782,3.5127
7783,3.5129
7784,3.5129
7785,3.513
7786,3.513
7787,3.5132
7788,3.5132
7789,3.5133
7790,3.5133
7791,3.5135
7792,3.5135
7793,3.5137
7794,3.5137
7795,3.5138
7796,3.5138
7797,3.514
7798,3.514
7799,3.5141
7800,3.5141
7801,3.5143
7802,3.5143
7803,3.5145
7804,3.5145
7805,3.5146
7806,3.5146
7807,3.5146
7808,3.5148
7809,3.5148
7810,3.5149
7811,3.5149
7812,3.5151
7813,3.5151
7814,3.5152
7815,3.5152
7816,3.5152
7817,3.5154
7818,3.5154
7819,3.5156
7820,3.5156
7821,3.5156
7822,3.5157
7823,3.5157
7824,3.5159
7825,3.5159
7826,3.5159
7827,3.516
7828,3.516
7829,3.5271
7830,3.5638
7831,3.5678
7832,3.5703
7833,3.572
7834,3.5735
7835,3.5746
7836,3.5757
7837,3.5767
7838,3.5775
7839,3.5782
7840,3.5789
7841,3.5797
7842,3.5803
7843,3.5808
7844,3.5814
7845,3.5819
7846,3.5825
7847,3.583
7848,3.5835
7849,3.584
7850,3.5844
7851,3.5849
7852,3.5854
7853,3.5857
7854,3.5862
7855,3.5865
7856,3.587
7857,3.5873
7858,3.5878
7859,3.5881
7860,3.5884
7861,3.5889
7862,3.5892
7863,3.5895
7864,3.5898
7865,3.5903
7866,3.5906
7867,3.591
7868,3.5913
7869,3.5916
7870,3.5919
7871,3.5922
7872,3.5925
7873,3.5929
7874,3.5932
7875,3.5935
7876,3.5937
7877,3.594
7878,3.5943
7879,3.5946
7880,3.5949
7881,3.5951
7882,3.5954
7883,3.5957
7884,3.596
7885,3.5962
7886,3.5965
7887,3.5968
7888,3.597
7889,3.5973
7890,3.5976
7891,3.5978
7892,3.5981
7893,3.5983
7894,3.5986
7895,3.5989
7896,3.5991
7897,3.5992
7898,3.5995
7899,3.5999
7900,3.6
7901,3.6003
7902,3.6005
7903,3.6007
7904,3.601
7905,3.6011
7906,3.6014
7907,3.6016
7908,3.6019
7909,3.6021
7910,3.6022
7911,3.6026
7912,3.6027
7913,3.6029
7914,3.6032
7915,3.6034
7916,3.6035
7917,3.6038
7918,3.604
7919,3.6041
7920,3.6045
7921,3.6046
7922,3.6048
7923,3.6049
7924,3.6053
7925,3.6054
7926,3.6056
7927,3.6057
7928,3.6061
7929,3.6062
7930,3.6064
7931,3.6065
7932,3.6067
7933,3.607
7934,3.6072
7935,3.6073
7936,3.6075
7937,3.6076
7938,3.6078
7939,3.6081
7940,3.6083
7941,3.6084
7942,3.6086
7943,3.6088
7944,3.6089
7945,3.6091
7946,3.6092
7947,3.6096
7948,3.6096
7949,3.6099
7950,3.61
7951,3.6102
7952,3.6103
7953,3.6105
7954,3.6107
7955,3.6108
7956,3.611
7957,3.6111
7958,3.6113
7959,3.6115
7960,3.6116
7961,3.6118
7962,3.6119
7963,3.6121
7964,3.6123
7965,3.6124
7966,3.6126
7967,3.6127
7968,3.6129
7969,3.613
7970,3.6132
7971,3.6134
7972,3.6135
7973,3.6137
7974,3.6138
7975,3.614
7976,3.6142
7977,3.6143
7978,3.6145
7979,3.6146
7980,3.6148
7981,3.615
7982,3.6151
7983,3.6153
7984,3.6154
7985,3.6156
7986,3.6157
7987,3.6159
7988,3.6161
7989,3.6162
7990,3.6164
7991,3.6164
7992,3.6165
7993,3.6167
7994,3.6169
7995,3.617
7996,3.6172
7997,3.6173
7998,3.6175
7999,3.6177
8000,3.6178
8001,3.6178
8002,3.618
8003,3.6181
8004,3.6183
8005,3.6184
8006,3.6186
8007,3.6188
8008,3.6189
8009,3.6191
8010,3.6192
8011,3.6192
8012,3.6194
8013,3.6196
8014,3.6197
8015,3.6199
8016,3.62
8017,3.6202
8018,3.6204
8019,3.6204
8020,3.6205
8021,3.6207
8022,3.6208
8023,3.621
8024,3.6212
8025,3.6213
8026,3.6213
8027,3.6215
8028,3.6216
8029,3.6218
8030,3.6219
8031,3.6221
8032,3.6223
8033,3.6223
8034,3.6224
8035,3.6226
8036,3.6227
8037,3.6229
8038,3.6231
8039,3.6231
8040,3.6232
8041,3.6234
8042,3.6235
8043,3.6237
8044,3.6239
8045,3.6239
8046,3.624
8047,3.6242
8048,3.6243
8049,3.6245
8050,3.6246
8051,3.6248
8052,3.6248
8053,3.625
8054,3.6251
8055,3.6253
8056,3.6254
8057,3.6254
8058,3.6256
8059,3.6258
8060,3.6259
8061,3.6261
8062,3.6262
8063,3.6262
8064,3.6264
8065,3.6266
8066,3.6267
8067,3.6269
8068,3.6269
8069,3.627
8070,3.6272
8071,3.6273
8072,3.6275
8073,3.6277
8074,3.6277
8075,3.6278
8076,3.628
8077,3.6281
8078,3.6283
8079,3.6283
8080,3.6285
8081,3.6286
8082,3.6288
8083,3.6289
8084,3.6289
8085,3.6291
8086,3.6293
8087,3.6294
8088,3.6296
8089,3.6297
8090,3.6297
8091,3.6299
8092,3.6301
8093,3.6302
8094,3.6304
8095,3.6304
8096,3.6305
8097,3.6307
8098,3.6308
8099,3.631
8100,3.631
8101,3.6312
8102,3.6313
8103,3.6315
8104,3.6316
8105,3.6316
8106,3.6318
8107,3.632
8108,3.6321
8109,3.6323
8110,3.6323
8111,3.6324
8112,3.6326
8113,3.6328
8114,3.6328
8115,3.6329
8116,3.6331
8117,3.6332
8118,3.6334
8119,3.6334
8120,3.6335
8121,3.6337
8122,3.6339
8123,3.634
8124,3.634
8125,3.6342
8126,3.6343
8127,3.6345
8128,3.6347
8129,3.6347
8130,3.6348
8131,3.635
8132,3.6351
8133,3.6351
8134,3.6353
8135,3.6355
8136,3.6356
8137,3.6358
8138,3.6358
8139,3.6359
8140,3.6361
8141,3.6362
8142,3.6364
8143,3.6364
8144,3.6366
8145,3.6367
8146,3.6369
8147,3.6369
8148,3.637
8149,3.6372
8150,3.6374
8151,3.6375
8152,3.6375
8153,3.6377
8154,3.6378
8155,3.638
8156,3.6382
8157,3.6382
8158,3.6383
8159,3.6385
8160,3.6386
8161,3.6386
8162,3.6388
8163,3.6389
8164,3.6391
8165,3.6393
8166,3.6393
8167,3.6394
8168,3.6396
8169,3.6397
8170,3.6399
8171,3.6399
8172,3.6401
8173,3.6402
8174,3.6404
8175,3.6404
8176,3.6405
8177,3.6407
8178,3.6409
8179,3.6409
8180,3.641
8181,3.6412
8182,3.6413
8183,3.6415
8184,3.6415
8185,3.6417
8186,3.6418
8187,3.642
8188,3.642
8189,3.6421
8190,3.6423
8191,3.6424
8192,3.6424
8193,3.6426
8194,3.6428
8195,3.6429
8196,3.6429
8197,3.6431
8198,3.6432
8199,3.6434
8200,3.6436
8201,3.6436
8202,3.6437
8203,3.6439
8204,3.644
8205,3.644
8206,3.6442
8207,3.6444
8208,3.6445
8209,3.6445
8210,3.6447
8211,3.6448
8212,3.645
8213,3.645
8214,3.6451
8215,3.6453
8216,3.6455
8217,3.6455
8218,3.6456
8219,3.6458
8220,3.6458
8221,3.6459
8222,3.6461
8223,3.6463
8224,3.6464
8225,3.6464
8226,3.6466
8227,3.6467
8228,3.6469
8229,3.6469
8230,3.6471
8231,3.6472
8232,3.6474
8233,3.6474
8234,3.6475
8235,3.6477
8236,3.6478
8237,3.6478
8238,3.648
8239,3.6482
8240,3.6483
8241,3.6483
8242,3.6485
8243,3.6486
8244,3.6488
8245,3.6488
8246,3.649
8247,3.6491
8248,3.6493
8249,3.6493
8250,3.6494
8251,3.6496
8252,3.6498
8253,3.6498
8254,3.6499
8255,3.6501
8256,3.6501
8257,3.6502
8258,3.6504
8259,3.6505
8260,3.6505
8261,3.6507
8262,3.6509
8263,3.651
8264,3.651
8265,3.6512
8266,3.6513
8267,3.6515
8268,3.6515
8269,3.6517
8270,3.6518
8271,3.652
8272,3.652
8273,3.6521
8274,3.6523
8275,3.6525
8276,3.6525
8277,3.6526
8278,3.6528
8279,3.6528
8280,3.6529
8281,3.6531
8282,3.6533
8283,3.6533
8284,3.6534
8285,3.6536
8286,3.6537
8287,3.6537
8288,3.6539
8289,3.654
8290,3.6542
8291,3.6542
8292,3.6544
8293,3.6545
8294,3.6547
8295,3.6547
8296,3.6548
8297,3.655
8298,3.655
8299,3.6552
8300,3.6553
8301,3.6553
8302,3.6555
8303,3.6556
8304,3.6558
8305,3.656
8306,3.656
8307,3.6561
8308,3.6563
8309,3.6563
8310,3.6564
8311,3.6566
8312,3.6567
8313,3.6567
8314,3.6569
8315,3.6571
8316,3.6572
8317,3.6572
8318,3.6574
8319,3.6575
8320,3.6575
8321,3.6577
8322,3.6579
8323,3.658
8324,3.658
8325,3.6582
8326,3.6583
8327,3.6585
8328,3.6585
8329,3.6587
8330,3.6588
8331,3.6588
8332,3.659
8333,3.6591
8334,3.6593
8335,3.6593
8336,3.6594
8337,3.6596
8338,3.6596
8339,3.6598
8340,3.6599
8341,3.6601
8342,3.6601
8343,3.6602
8344,3.6604
8345,3.6606
8346,3.6606
8347,3.6607
8348,3.6609
8349,3.6609
8350,3.661
8351,3.6612
8352,3.6614
8353,3.6614
8354,3.6615
8355,3.6617
8356,3.6618
8357,3.6618
8358,3.662
8359,3.6622
8360,3.6622
8361,3.6623
8362,3.6625
8363,3.6626
8364,3.6626
8365,3.6628
8366,3.6629
8367,3.6629
8368,3.6631
8369,3.6633
8370,3.6634
8371,3.6634
8372,3.6636
8373,3.6637
8374,3.6639
8375,3.6639
8376,3.6641
8377,3.6642
8378,3.6642
8379,3.6644
8380,3.6645
8381,3.6647
8382,3.6647
8383,3.6649
8384,3.665
8385,3.665
8386,3.6652
8387,3.6653
8388,3.6655
8389,3.6655
8390,3.6656
8391,3.6658
8392,3.666
8393,3.666
8394,3.6661
8395,3.6663
8396,3.6663
8397,3.6664
8398,3.6666
8399,3.6668
8400,3.6668
8401,3.6669
8402,3.6671
8403,3.6671
8404,3.6672
8405,3.6674
8406,3.6676
8407,3.6676
8408,3.6677
8409,3.6679
8410,3.6679
8411,3.668
8412,3.6682
8413,3.6683
8414,3.6683
8415,3.6685
8416,3.6687
8417,3.6687
8418,3.6688
8419,3.669
8420,3.6691
8421,3.6691
8422,3.6693
8423,3.6695
8424,3.6695
8425,3.6696
8426,3.6698
8427,3.6699
8428,3.6699
8429,3.6701
8430,3.6703
8431,3.6703
8432,3.6704
8433,3.6706
8434,3.6707
8435,3.6707
8436,3.6709
8437,3.671
8438,3.6712
8439,3.6712
8440,3.6714
8441,3.6715
8442,3.6715
8443,3.6717
8444,3.6718
8445,3.672
8446,3.672
8447,3.6722
8448,3.6723
8449,3.6723
8450,3.6725
8451,3.6726
8452,3.6728
8453,3.6728
8454,3.673
8455,3.6731
8456,3.6731
8457,3.6733
8458,3.6734
8459,3.6736
8460,3.6736
8461,3.6738
8462,3.6739
8463,3.6739
8464,3.6741
8465,3.6742
8466,3.6744
8467,3.6744
8468,3.6745
8469,3.6747
8470,3.6749
8471,3.6749
8472,3.675
8473,3.6752
8474,3.6752
8475,3.6753
8476,3.6755
8477,3.6757
8478,3.6757
8479,3.6758
8480,3.676
8481,3.676
8482,3.6761
8483,3.6763
8484,3.6765
8485,3.6765
8486,3.6766
8487,3.6768
8488,3.6769
8489,3.6769
8490,3.6771
8491,3.6772
8492,3.6774
8493,3.6774
8494,3.6776
8495,3.6777
8496,3.6777
8497,3.6779
8498,3.678
8499,3.6782
8500,3.6782
8501,3.6784
8502,3.6785
8503,3.6785
8504,3.6787
8505,3.6788
8506,3.679
8507,3.679
8508,3.6792
8509,3.6793
8510,3.6795
8511,3.6795
8512,3.6796
8513,3.6798
8514,3.6799
8515,3.6799
8516,3.6801
8517,3.6803
8518,3.6804
8519,3.6804
8520,3.6806
8521,3.6807
8522,3.6807
8523,3.6809
8524,3.6811
8525,3.6812
8526,3.6812
8527,3.6814
8528,3.6815
8529,3.6815
8530,3.6817
8531,3.6819
8532,3.682
8533,3.6822
8534,3.6822
8535,3.6823
8536,3.6825
8537,3.6825
8538,3.6826
8539,3.6828
8540,3.683
8541,3.6831
8542,3.6831
8543,3.6833
8544,3.6834
8545,3.6836
8546,3.6836
8547,3.6838
8548,3.6839
8549,3.6841
8550,3.6841
8551,3.6842
8552,3.6844
8553,3.6846
8554,3.6846
8555,3.6847
8556,3.6849
8557,3.685
8558,3.685
8559,3.6852
8560,3.6854
8561,3.6855
8562,3.6855
8563,3.6857
8564,3.6858
8565,3.686
8566,3.686
8567,3.6861
8568,3.6863
8569,3.6865
8570,3.6865
8571,3.6866
8572,3.6868
8573,3.6869
8574,3.6871
8575,3.6871
8576,3.6873
8577,3.6874
8578,3.6876
8579,3.6876
8580,3.6877
8581,3.6879
8582,3.6881
8583,3.6881
8584,3.6882
8585,3.6884
8586,3.6885
8587,3.6885
8588,3.6887
8589,3.6888
8590,3.689
8591,3.6892
8592,3.6892
8593,3.6893
8594,3.6895
8595,3.6896
8596,3.6896
8597,3.6898
8598,3.69
8599,3.6901
8600,3.6903
8601,3.6903
8602,3.6904
8603,3.6906
8604,3.6908
8605,3.6909
8606,3.6909
8607,3.6911
8608,3.6912
8609,3.6914
8610,3.6915
8611,3.6915
8612,3.6917
8613,3.6919
8614,3.692
8615,3.6922
8616,3.6922
8617,3.6923
8618,3.6925
8619,3.6927
8620,3.6928
8621,3.6928
8622,3.693
8623,3.6931
8624,3.6933
8625,3.6935
8626,3.6936
8627,3.6936
8628,3.6938
8629,3.6939
8630,3.6941
8631,3.6941
8632,3.6943
8633,3.6944
8634,3.6946
8635,3.6947
8636,3.6949
8637,3.6949
8638,3.695
8639,3.6952
8640,3.6954
8641,3.6955
8642,3.6957
8643,3.6957
8644,3.6958
8645,3.696
8646,3.6962
8647,3.6963
8648,3.6963
8649,3.6965
8650,3.6966
8651,3.6968
8652,3.697
8653,3.6971
8654,3.6973
8655,3.6973
8656,3.6974
8657,3.6976
8658,3.6977
8659,3.6979
8660,3.6981
8661,3.6982
8662,3.6984
8663,3.6984
8664,3.6985
8665,3.6987
8666,3.6989
8667,3.699
8668,3.6992
8669,3.6993
8670,3.6993
8671,3.6995
8672,3.6997
8673,3.6998
8674,3.7
8675,3.7001
8676,3.7003
8677,3.7004
8678,3.7004
8679,3.7006
8680,3.7008
8681,3.7009
8682,3.7011
8683,3.7012
8684,3.7014
8685,3.7014
8686,3.7016
8687,3.7017
8688,3.7019
8689,3.702
8690,3.7022
8691,3.7024
8692,3.7025
8693,3.7027
8694,3.7028
8695,3.7028
8696,3.703
8697,3.7031
8698,3.7033
8699,3.7035
8700,3.7036
8701,3.7038
8702,3.7039
8703,3.7041
8704,3.7041
8705,3.7043
8706,3.7044
8707,3.7046
8708,3.7047
8709,3.7049
8710,3.7051
8711,3.7052
8712,3.7054
8713,3.7055
8714,3.7057
8715,3.7057
8716,3.7059
8717,3.706
8718,3.7062
8719,3.7063
8720,3.7065
8721,3.7066
8722,3.7068
8723,3.707
8724,3.7071
8725,3.7073
8726,3.7074
8727,3.7076
8728,3.7078
8729,3.7078
8730,3.7079
8731,3.7081
8732,3.7082
8733,3.7084
8734,3.7086
8735,3.7087
8736,3.7089
8737,3.709
8738,3.7092
8739,3.7093
8740,3.7095
8741,3.7097
8742,3.7097
8743,3.7097
8744,3.7098
8745,3.7098
8746,3.7097
8747,3.7098
8748,3.7097
8749,3.7098
8750,3.7097
8751,3.7098
8752,3.7097
8753,3.7098
8754,3.7098
8755,3.7098
8756,3.7098
8757,3.7098
8758,3.7098
8759,3.7097
8760,3.7098
8761,3.7097
8762,3.7098
8763,3.7098
8764,3.7097
8765,3.7098
8766,3.7098
8767,3.7097
8768,3.7097
8769,3.7097
8770,3.7098
8771,3.7097
8772,3.7098
8773,3.7098
8774,3.7098
8775,3.7098
8776,3.7098
8777,3.7098
8778,3.7098
8779,3.7098
8780,3.7098
8781,3.7098
8782,3.7098
8783,3.7098
8784,3.7075
8785,3.7067
8786,3.7064
8787,3.706
8788,3.7059
8789,3.7057
8790,3.7057
8791,3.7056
8792,3.7054
8793,3.7054
8794,3.7052
8795,3.7052
8796,3.7051
8797,3.7051
8798,3.7049
8799,3.7049
8800,3.7048
8801,3.7048
8802,3.7046
8803,3.7046
8804,3.7046
8805,3.7046
8806,3.7044
8807,3.7044
8808,3.7044
8809,3.7043
8810,3.7043
8811,3.7043
8812,3.7043
8813,3.7043
8814,3.7041
8815,3.7041
8816,3.7041
8817,3.7041
8818,3.7041
8819,3.704
8820,3.704
8821,3.704
8822,3.704
8823,3.704
8824,3.704
8825,3.704
8826,3.7038
8827,3.7038
8828,3.7038
8829,3.7038
8830,3.7038
8831,3.7038
8832,3.7038
8833,3.7038
8834,3.7038
8835,3.7037
8836,3.7037
8837,3.7037
8838,3.7037
8839,3.7037
8840,3.7037
8841,3.7037
8842,3.7037
8843,3.7037
8844,3.7037
8845,3.7037
8846,3.7037
8847,3.7037
8848,3.7037
8849,3.7037
8850,3.7037
8851,3.7037
8852,3.7037
8853,3.7035
8854,3.7035
8855,3.7035
8856,3.7035
8857,3.7035
8858,3.7035
8859,3.7035
8860,3.7035
8861,3.7035
8862,3.7035
8863,3.7035
8864,3.7035
8865,3.7035
8866,3.7035
8867,3.7035
8868,3.7035
8869,3.7035
8870,3.7035
8871,3.7035
8872,3.7035
8873,3.7035
8874,3.7035
8875,3.7035
8876,3.7035
8877,3.7035
8878,3.7035
8879,3.7035
8880,3.7033
8881,3.7035
8882,3.7033
8883,3.7033
8884,3.7033
8885,3.7035
8886,3.7033
8887,3.7035
8888,3.7033
8889,3.7033
8890,3.7033
8891,3.7033
8892,3.7033
8893,3.7033
8894,3.7033
8895,3.7033
8896,3.7033
8897,3.7033
8898,3.7033
8899,3.7033
8900,3.7033
8901,3.7033
8902,3.7033
8903,3.7033
8904,3.7033
8905,3.7033
8906,3.7033
8907,3.7033
8908,3.7033
8909,3.7033
8910,3.7033
8911,3.7033
8912,3.7033
8913,3.7033
8914,3.7033
8915,3.7033
8916,3.7033
8917,3.7033
8918,3.7033
8919,3.7033
8920,3.7033
8921,3.7033
8922,3.7033
8923,3.7033
8924,3.7033
8925,3.7033
8926,3.7033
8927,3.7033
8928,3.7033
8929,3.7033
8930,3.7033
8931,3.7033
8932,3.7033
8933,3.7033
8934,3.7033
8935,3.7033
8936,3.7033
8937,3.7033
8938,3.7033
8939,3.7033
8940,3.7033
8941,3.7033
8942,3.7032
8943,3.7032
8944,3.7032
8945,3.7032
8946,3.7032
8947,3.7032
8948,3.7032
8949,3.7032
8950,3.7032
8951,3.7032
8952,3.7032
8953,3.7032
8954,3.7032
8955,3.7032
8956,3.7032
8957,3.7032
8958,3.7032
8959,3.7032
8960,3.7032
8961,3.7032
8962,3.7032
8963,3.7032
8964,3.7032
