,voltage
0,3.4103
1,3.4103
2,3.4103
3,3.4103
4,3.4103
5,3.4103
6,3.4103
7,3.4103
8,3.4103
9,3.4103
10,3.4103
11,3.4103
12,3.4103
13,3.4103
14,3.4103
15,3.4103
16,3.4103
17,3.4103
18,3.4103
19,3.4102
20,3.4103
21,3.4103
22,3.4103
23,3.4103
24,3.4103
25,3.4102
26,3.4102
27,3.4102
28,3.4102
29,3.4102
30,3.4102
31,3.4102
32,3.4103
33,3.4103
34,3.4102
35,3.4102
36,3.4102
37,3.4102
38,3.4102
39,3.4102
40,3.4102
41,3.4102
42,3.4102
43,3.4102
44,3.4102
45,3.4103
46,3.4102
47,3.4103
48,3.4102
49,3.4102
50,3.4102
51,3.4102
52,3.4102
53,3.4102
54,3.4102
55,3.4102
56,3.4102
57,3.4102
58,3.4102
59,3.4102
60,3.4102
61,3.4738
62,3.5761
63,3.6498
64,3.6503
65,3.6492
66,3.6479
67,3.6468
68,3.6458
69,3.645
70,3.6442
71,3.6438
72,3.6433
73,3.6428
74,3.6425
75,3.6422
76,3.6419
77,3.6417
78,3.6414
79,3.6412
80,3.6411
81,3.6409
82,3.6409
83,3.6407
84,3.6407
85,3.6407
86,3.6406
87,3.6406
88,3.6406
89,3.6406
90,3.6406
91,3.6406
92,3.6406
93,3.6406
94,3.6406
95,3.6407
96,3.6407
97,3.6407
98,3.6409
99,3.6409
100,3.6409
101,3.6411
102,3.6411
103,3.6412
104,3.6412
105,3.6414
106,3.6414
107,3.6415
108,3.6415
109,3.6417
110,3.6417
111,3.6419
112,3.642
113,3.642
114,3.6422
115,3.6423
116,3.6423
117,3.6425
118,3.6425
119,3.6426
120,3.6428
121,3.643
122,3.643
123,3.6431
124,3.6433
125,3.6434
126,3.6434
127,3.6436
128,3.6438
129,3.6438
130,3.6439
131,3.6441
132,3.6442
133,3.6444
134,3.6444
135,3.6446
136,3.6447
137,3.6449
138,3.6449
139,3.645
140,3.6452
141,3.6453
142,3.6455
143,3.6455
144,3.6457
145,3.6458
146,3.646
147,3.646
148,3.6461
149,3.6463
150,3.6465
151,3.6466
152,3.6468
153,3.6468
154,3.6469
155,3.6471
156,3.6473
157,3.6473
158,3.6474
159,3.6476
160,3.6477
161,3.6479
162,3.6479
163,3.648
164,3.6482
165,3.6484
166,3.6484
167,3.6485
168,3.6487
169,3.6488
170,3.649
171,3.649
172,3.6492
173,3.6493
174,3.6495
175,3.6495
176,3.6496
177,3.6498
178,3.6498
179,3.65
180,3.6501
181,3.6503
182,3.6503
183,3.6504
184,3.6506
185,3.6506
186,3.6508
187,3.6509
188,3.6511
189,3.6511
190,3.6512
191,3.6514
192,3.6515
193,3.6515
194,3.6517
195,3.6519
196,3.6519
197,3.652
198,3.6522
199,3.6522
200,3.6523
201,3.6525
202,3.6525
203,3.6527
204,3.6528
205,3.6528
206,3.653
207,3.6531
208,3.6531
209,3.6533
210,3.6535
211,3.6535
212,3.6536
213,3.6538
214,3.6538
215,3.6539
216,3.6539
217,3.6541
218,3.6541
219,3.6542
220,3.6544
221,3.6544
222,3.6546
223,3.6547
224,3.6547
225,3.6549
226,3.6549
227,3.655
228,3.6552
229,3.6552
230,3.6554
231,3.6554
232,3.6555
233,3.6557
234,3.6557
235,3.6558
236,3.6558
237,3.656
238,3.656
239,3.6562
240,3.6563
241,3.6563
242,3.6565
243,3.6565
244,3.6566
245,3.6566
246,3.6568
247,3.6568
248,3.6569
249,3.6571
250,3.6571
251,3.6573
252,3.6573
253,3.6574
254,3.6574
255,3.6576
256,3.6576
257,3.6577
258,3.6577
259,3.6579
260,3.6579
261,3.6581
262,3.6581
263,3.6582
264,3.6584
265,3.6584
266,3.6585
267,3.6585
268,3.6587
269,3.6587
270,3.6589
271,3.6589
272,3.659
273,3.659
274,3.6592
275,3.6592
276,3.6593
277,3.6593
278,3.6595
279,3.6595
280,3.6596
281,3.6596
282,3.6598
283,3.6598
284,3.66
285,3.66
286,3.6601
287,3.6601
288,3.6603
289,3.6603
290,3.6604
291,3.6604
292,3.6606
293,3.6606
294,3.6606
295,3.6608
296,3.6608
297,3.6609
298,3.6609
299,3.6611
300,3.6611
301,3.6612
302,3.6612
303,3.6614
304,3.6614
305,3.6616
306,3.6616
307,3.6617
308,3.6617
309,3.6619
310,3.6619
311,3.6619
312,3.662
313,3.662
314,3.6622
315,3.6622
316,3.6623
317,3.6623
318,3.6625
319,3.6625
320,3.6627
321,3.6627
322,3.6627
323,3.6628
324,3.6628
325,3.663
326,3.663
327,3.6631
328,3.6631
329,3.6633
330,3.6633
331,3.6633
332,3.6635
333,3.6635
334,3.6636
335,3.6636
336,3.6638
337,3.6638
338,3.6639
339,3.6639
340,3.6641
341,3.6641
342,3.6641
343,3.6643
344,3.6643
345,3.6644
346,3.6644
347,3.6646
348,3.6646
349,3.6646
350,3.6647
351,3.6647
352,3.6649
353,3.6649
354,3.665
355,3.665
356,3.665
357,3.6652
358,3.6652
359,3.6654
360,3.6654
361,3.6655
362,3.6655
363,3.6655
364,3.6657
365,3.6657
366,3.6658
367,3.6658
368,3.666
369,3.666
370,3.666
371,3.6662
372,3.6662
373,3.6663
374,3.6663
375,3.6665
376,3.6665
377,3.6665
378,3.6666
379,3.6666
380,3.6668
381,3.6668
382,3.6668
383,3.667
384,3.667
385,3.6671
386,3.6671
387,3.6671
388,3.6673
389,3.6673
390,3.6674
391,3.6674
392,3.6676
393,3.6676
394,3.6676
395,3.6678
396,3.6678
397,3.6679
398,3.6679
399,3.6679
400,3.6681
401,3.6681
402,3.6682
403,3.6682
404,3.6684
405,3.6684
406,3.6684
407,3.6685
408,3.6685
409,3.6687
410,3.6687
411,3.6687
412,3.6689
413,3.6689
414,3.669
415,3.669
416,3.6692
417,3.6692
418,3.6692
419,3.6693
420,3.6693
421,3.6693
422,3.6695
423,3.6695
424,3.6697
425,3.6697
426,3.6697
427,3.6698
428,3.6698
429,3.67
430,3.67
431,3.67
432,3.6701
433,3.6701
434,3.6703
435,3.6703
436,3.6703
437,3.6705
438,3.6705
439,3.6706
440,3.6706
441,3.6708
442,3.6708
443,3.6708
444,3.6709
445,3.6709
446,3.6711
447,3.6711
448,3.6711
449,3.6712
450,3.6712
451,3.6712
452,3.6714
453,3.6714
454,3.6716
455,3.6716
456,3.6717
457,3.6717
458,3.6717
459,3.6719
460,3.6719
461,3.672
462,3.672
463,3.672
464,3.6722
465,3.6722
466,3.6724
467,3.6724
468,3.6724
469,3.6725
470,3.6725
471,3.6727
472,3.6727
473,3.6727
474,3.6728
475,3.6728
476,3.6728
477,3.673
478,3.673
479,3.6732
480,3.6732
481,3.6732
482,3.6733
483,3.6733
484,3.6735
485,3.6735
486,3.6735
487,3.6736
488,3.6736
489,3.6736
490,3.6738
491,3.6738
492,3.6739
493,3.6739
494,3.6741
495,3.6741
496,3.6741
497,3.6743
498,3.6743
499,3.6744
500,3.6744
501,3.6744
502,3.6746
503,3.6746
504,3.6747
505,3.6747
506,3.6747
507,3.6749
508,3.6749
509,3.6751
510,3.6751
511,3.6751
512,3.6752
513,3.6752
514,3.6752
515,3.6754
516,3.6754
517,3.6755
518,3.6755
519,3.6755
520,3.6757
521,3.6757
522,3.6759
523,3.6759
524,3.6759
525,3.676
526,3.676
527,3.6762
528,3.6762
529,3.6762
530,3.6763
531,3.6763
532,3.6763
533,3.6765
534,3.6765
535,3.6766
536,3.6766
537,3.6766
538,3.6768
539,3.6768
540,3.677
541,3.677
542,3.677
543,3.6771
544,3.6771
545,3.6773
546,3.6773
547,3.6773
548,3.6774
549,3.6774
550,3.6774
551,3.6776
552,3.6776
553,3.6778
554,3.6778
555,3.6778
556,3.6779
557,3.6779
558,3.6781
559,3.6781
560,3.6782
561,3.6782
562,3.6782
563,3.6784
564,3.6784
565,3.6784
566,3.6786
567,3.6786
568,3.6787
569,3.6787
570,3.6787
571,3.6789
572,3.6789
573,3.6789
574,3.679
575,3.679
576,3.6792
577,3.6792
578,3.6792
579,3.6793
580,3.6793
581,3.6793
582,3.6795
583,3.6795
584,3.6797
585,3.6797
586,3.6797
587,3.6798
588,3.6798
589,3.68
590,3.68
591,3.6801
592,3.6801
593,3.6801
594,3.6803
595,3.6803
596,3.6803
597,3.6805
598,3.6805
599,3.6806
600,3.6806
601,3.6806
602,3.6808
603,3.6808
604,3.6809
605,3.6809
606,3.6809
607,3.6811
608,3.6811
609,3.6813
610,3.6813
611,3.6813
612,3.6814
613,3.6814
614,3.6814
615,3.6816
616,3.6816
617,3.6817
618,3.6817
619,3.6817
620,3.6819
621,3.6819
622,3.682
623,3.682
624,3.682
625,3.6822
626,3.6822
627,3.6824
628,3.6824
629,3.6824
630,3.6825
631,3.6825
632,3.6827
633,3.6827
634,3.6827
635,3.6828
636,3.6828
637,3.683
638,3.683
639,3.683
640,3.6832
641,3.6832
642,3.6833
643,3.6833
644,3.6833
645,3.6835
646,3.6835
647,3.6836
648,3.6836
649,3.6836
650,3.6838
651,3.6838
652,3.684
653,3.684
654,3.684
655,3.6841
656,3.6841
657,3.6841
658,3.6843
659,3.6843
660,3.6844
661,3.6844
662,3.6846
663,3.6846
664,3.6846
665,3.6848
666,3.6848
667,3.6848
668,3.6849
669,3.6849
670,3.6851
671,3.6851
672,3.6852
673,3.6852
674,3.6852
675,3.6854
676,3.6854
677,3.6854
678,3.6855
679,3.6855
680,3.6857
681,3.6857
682,3.6859
683,3.6859
684,3.6859
685,3.686
686,3.686
687,3.686
688,3.6862
689,3.6862
690,3.6863
691,3.6863
692,3.6865
693,3.6865
694,3.6865
695,3.6867
696,3.6867
697,3.6868
698,3.6868
699,3.6868
700,3.687
701,3.687
702,3.6871
703,3.6871
704,3.6871
705,3.6873
706,3.6873
707,3.6875
708,3.6875
709,3.6875
710,3.6876
711,3.6876
712,3.6878
713,3.6878
714,3.6878
715,3.6879
716,3.6879
717,3.6881
718,3.6881
719,3.6882
720,3.6882
721,3.6882
722,3.6884
723,3.6884
724,3.6886
725,3.6886
726,3.6886
727,3.6887
728,3.6887
729,3.6889
730,3.6889
731,3.6889
732,3.689
733,3.689
734,3.6892
735,3.6892
736,3.6892
737,3.6894
738,3.6894
739,3.6895
740,3.6895
741,3.6897
742,3.6897
743,3.6897
744,3.6898
745,3.6898
746,3.69
747,3.69
748,3.69
749,3.6902
750,3.6902
751,3.6903
752,3.6903
753,3.6905
754,3.6905
755,3.6905
756,3.6906
757,3.6906
758,3.6908
759,3.6908
760,3.6909
761,3.6909
762,3.6909
763,3.6911
764,3.6911
765,3.6911
766,3.6913
767,3.6913
768,3.6914
769,3.6914
770,3.6916
771,3.6916
772,3.6917
773,3.6917
774,3.6917
775,3.6919
776,3.6919
777,3.6921
778,3.6921
779,3.6922
780,3.6922
781,3.6922
782,3.6924
783,3.6924
784,3.6925
785,3.6925
786,3.6927
787,3.6927
788,3.6927
789,3.6929
790,3.6929
791,3.693
792,3.693
793,3.693
794,3.6932
795,3.6932
796,3.6933
797,3.6933
798,3.6935
799,3.6935
800,3.6935
801,3.6936
802,3.6936
803,3.6938
804,3.6938
805,3.694
806,3.694
807,3.694
808,3.6941
809,3.6941
810,3.6943
811,3.6943
812,3.6944
813,3.6944
814,3.6944
815,3.6946
816,3.6946
817,3.6948
818,3.6948
819,3.6948
820,3.6949
821,3.6949
822,3.6951
823,3.6951
824,3.6952
825,3.6952
826,3.6954
827,3.6954
828,3.6954
829,3.6956
830,3.6956
831,3.6957
832,3.6957
833,3.6959
834,3.6959
835,3.696
836,3.696
837,3.696
838,3.6962
839,3.6962
840,3.6963
841,3.6963
842,3.6965
843,3.6965
844,3.6965
845,3.6967
846,3.6967
847,3.6968
848,3.6968
849,3.697
850,3.697
851,3.6971
852,3.6971
853,3.6971
854,3.6973
855,3.6973
856,3.6975
857,3.6975
858,3.6976
859,3.6976
860,3.6976
861,3.6978
862,3.6978
863,3.6979
864,3.6979
865,3.6981
866,3.6981
867,3.6983
868,3.6983
869,3.6984
870,3.6984
871,3.6984
872,3.6986
873,3.6986
874,3.6987
875,3.6987
876,3.6989
877,3.6989
878,3.6989
879,3.6991
880,3.6991
881,3.6992
882,3.6992
883,3.6994
884,3.6994
885,3.6995
886,3.6995
887,3.6995
888,3.6997
889,3.6997
890,3.6998
891,3.6998
892,3.7
893,3.7
894,3.7002
895,3.7002
896,3.7002
897,3.7003
898,3.7003
899,3.7005
900,3.7005
901,3.7006
902,3.7006
903,3.7008
904,3.7008
905,3.701
906,3.701
907,3.7011
908,3.7011
909,3.7011
910,3.7013
911,3.7013
912,3.7014
913,3.7014
914,3.7016
915,3.7016
916,3.7016
917,3.7018
918,3.7018
919,3.7019
920,3.7019
921,3.7021
922,3.7021
923,3.7022
924,3.7022
925,3.7024
926,3.7024
927,3.7025
928,3.7025
929,3.7025
930,3.7027
931,3.7027
932,3.7029
933,3.7029
934,3.703
935,3.703
936,3.7032
937,3.7032
938,3.7032
939,3.7033
940,3.7035
941,3.7035
942,3.7037
943,3.7037
944,3.7037
945,3.7038
946,3.7038
947,3.704
948,3.704
949,3.7041
950,3.7041
951,3.7041
952,3.7043
953,3.7045
954,3.7045
955,3.7045
956,3.7046
957,3.7046
958,3.7048
959,3.7048
960,3.7049
961,3.7049
962,3.7051
963,3.7051
964,3.7052
965,3.7052
966,3.7052
967,3.7054
968,3.7054
969,3.7056
970,3.7056
971,3.7057
972,3.7057
973,3.7059
974,3.7059
975,3.706
976,3.706
977,3.7062
978,3.7062
979,3.7064
980,3.7064
981,3.7064
982,3.7065
983,3.7065
984,3.7067
985,3.7067
986,3.7068
987,3.7068
988,3.707
989,3.707
990,3.7072
991,3.7072
992,3.7072
993,3.7073
994,3.7075
995,3.7075
996,3.7075
997,3.7076
998,3.7076
999,3.7078
1000,3.7078
1001,3.7079
1002,3.7079
1003,3.7081
1004,3.7081
1005,3.7083
1006,3.7083
1007,3.7084
1008,3.7084
1009,3.7086
1010,3.7086
1011,3.7086
1012,3.7087
1013,3.7087
1014,3.7089
1015,3.7089
1016,3.7091
1017,3.7091
1018,3.7092
1019,3.7092
1020,3.7094
1021,3.7094
1022,3.7095
1023,3.7095
1024,3.7097
1025,3.7097
1026,3.7099
1027,3.7099
1028,3.7099
1029,3.71
1030,3.7102
1031,3.7102
1032,3.7102
1033,3.7103
1034,3.7103
1035,3.7105
1036,3.7105
1037,3.7106
1038,3.7106
1039,3.7108
1040,3.7108
1041,3.711
1042,3.711
1043,3.7111
1044,3.7111
1045,3.7113
1046,3.7113
1047,3.7113
1048,3.7114
1049,3.7116
1050,3.7116
1051,3.7116
1052,3.7118
1053,3.7118
1054,3.7119
1055,3.7119
1056,3.7121
1057,3.7121
1058,3.7122
1059,3.7122
1060,3.7124
1061,3.7124
1062,3.7126
1063,3.7126
1064,3.7127
1065,3.7127
1066,3.7129
1067,3.7129
1068,3.713
1069,3.713
1070,3.7132
1071,3.7132
1072,3.7132
1073,3.7133
1074,3.7133
1075,3.7135
1076,3.7135
1077,3.7137
1078,3.7137
1079,3.7138
1080,3.7138
1081,3.714
1082,3.714
1083,3.7141
1084,3.7141
1085,3.7143
1086,3.7143
1087,3.7145
1088,3.7145
1089,3.7146
1090,3.7146
1091,3.7148
1092,3.7148
1093,3.7149
1094,3.7149
1095,3.7149
1096,3.7151
1097,3.7153
1098,3.7153
1099,3.7153
1100,3.7154
1101,3.7154
1102,3.7156
1103,3.7156
1104,3.7157
1105,3.7157
1106,3.7159
1107,3.7159
1108,3.7161
1109,3.7161
1110,3.7162
1111,3.7162
1112,3.7164
1113,3.7164
1114,3.7165
1115,3.7165
1116,3.7167
1117,3.7167
1118,3.7168
1119,3.7168
1120,3.717
1121,3.717
1122,3.7172
1123,3.7172
1124,3.7173
1125,3.7173
1126,3.7175
1127,3.7175
1128,3.7176
1129,3.7176
1130,3.7176
1131,3.7178
1132,3.7178
1133,3.718
1134,3.718
1135,3.7181
1136,3.7181
1137,3.7183
1138,3.7183
1139,3.7184
1140,3.7184
1141,3.7186
1142,3.7186
1143,3.7188
1144,3.7188
1145,3.7189
1146,3.7189
1147,3.7191
1148,3.7191
1149,3.7192
1150,3.7192
1151,3.7194
1152,3.7194
1153,3.7195
1154,3.7195
1155,3.7197
1156,3.7197
1157,3.7199
1158,3.7199
1159,3.72
1160,3.72
1161,3.7202
1162,3.7202
1163,3.7203
1164,3.7203
1165,3.7205
1166,3.7205
1167,3.7207
1168,3.7207
1169,3.7208
1170,3.7208
1171,3.7208
1172,3.721
1173,3.7211
1174,3.7211
1175,3.7211
1176,3.7213
1177,3.7213
1178,3.7215
1179,3.7215
1180,3.7216
1181,3.7218
1182,3.7218
1183,3.7218
1184,3.7219
1185,3.7219
1186,3.7221
1187,3.7222
1188,3.7222
1189,3.7222
1190,3.7224
1191,3.7224
1192,3.7226
1193,3.7226
1194,3.7227
1195,3.7229
1196,3.7229
1197,3.7229
1198,3.723
1199,3.723
1200,3.7232
1201,3.7232
1202,3.7234
1203,3.7234
1204,3.7235
1205,3.7235
1206,3.7237
1207,3.7237
1208,3.7238
1209,3.7238
1210,3.724
1211,3.724
1212,3.7242
1213,3.7242
1214,3.7243
1215,3.7243
1216,3.7245
1217,3.7245
1218,3.7246
1219,3.7246
1220,3.7248
1221,3.7248
1222,3.7249
1223,3.7249
1224,3.7251
1225,3.7251
1226,3.7253
1227,3.7253
1228,3.7254
1229,3.7254
1230,3.7256
1231,3.7256
1232,3.7257
1233,3.7257
1234,3.7259
1235,3.7259
1236,3.7261
1237,3.7261
1238,3.7262
1239,3.7262
1240,3.7264
1241,3.7264
1242,3.7265
1243,3.7265
1244,3.7267
1245,3.7267
1246,3.7269
1247,3.727
1248,3.727
1249,3.7272
1250,3.7272
1251,3.7273
1252,3.7273
1253,3.7273
1254,3.7275
1255,3.7276
1256,3.7276
1257,3.7278
1258,3.7278
1259,3.7278
1260,3.728
1261,3.7281
1262,3.7281
1263,3.7283
1264,3.7283
1265,3.7284
1266,3.7284
1267,3.7286
1268,3.7286
1269,3.7288
1270,3.7288
1271,3.7289
1272,3.7289
1273,3.7291
1274,3.7291
1275,3.7292
1276,3.7292
1277,3.7294
1278,3.7294
1279,3.7296
1280,3.7296
1281,3.7297
1282,3.7297
1283,3.7299
1284,3.73
1285,3.73
1286,3.7302
1287,3.7302
1288,3.7303
1289,3.7303
1290,3.7303
1291,3.7305
1292,3.7307
1293,3.7307
1294,3.7308
1295,3.7308
1296,3.731
1297,3.731
1298,3.7311
1299,3.7311
1300,3.7313
1301,3.7313
1302,3.7315
1303,3.7315
1304,3.7316
1305,3.7318
1306,3.7318
1307,3.7319
1308,3.7319
1309,3.7321
1310,3.7321
1311,3.7323
1312,3.7323
1313,3.7324
1314,3.7324
1315,3.7326
1316,3.7326
1317,3.7327
1318,3.7327
1319,3.7329
1320,3.7329
1321,3.733
1322,3.733
1323,3.7332
1324,3.7334
1325,3.7334
1326,3.7335
1327,3.7335
1328,3.7337
1329,3.7337
1330,3.7338
1331,3.7338
1332,3.734
1333,3.734
1334,3.7342
1335,3.7343
1336,3.7343
1337,3.7345
1338,3.7345
1339,3.7346
1340,3.7346
1341,3.7348
1342,3.7348
1343,3.735
1344,3.735
1345,3.7351
1346,3.7351
1347,3.7353
1348,3.7354
1349,3.7354
1350,3.7354
1351,3.7356
1352,3.7358
1353,3.7358
1354,3.7359
1355,3.7359
1356,3.7361
1357,3.7361
1358,3.7362
1359,3.7364
1360,3.7364
1361,3.7365
1362,3.7365
1363,3.7367
1364,3.7367
1365,3.7369
1366,3.7369
1367,3.737
1368,3.7372
1369,3.7372
1370,3.7373
1371,3.7373
1372,3.7375
1373,3.7375
1374,3.7377
1375,3.7378
1376,3.7378
1377,3.738
1378,3.738
1379,3.7381
1380,3.7381
1381,3.7383
1382,3.7383
1383,3.7385
1384,3.7386
1385,3.7386
1386,3.7388
1387,3.7388
1388,3.7389
1389,3.7389
1390,3.7391
1391,3.7391
1392,3.7392
1393,3.7394
1394,3.7394
1395,3.7396
1396,3.7396
1397,3.7397
1398,3.7399
1399,3.7399
1400,3.74
1401,3.74
1402,3.7402
1403,3.7402
1404,3.7404
1405,3.7405
1406,3.7405
1407,3.7407
1408,3.7407
1409,3.7408
1410,3.7408
1411,3.741
1412,3.7412
1413,3.7412
1414,3.7413
1415,3.7413
1416,3.7415
1417,3.7416
1418,3.7416
1419,3.7418
1420,3.7418
1421,3.7419
1422,3.7419
1423,3.7421
1424,3.7423
1425,3.7423
1426,3.7424
1427,3.7424
1428,3.7426
1429,3.7427
1430,3.7427
1431,3.7429
1432,3.7429
1433,3.7431
1434,3.7431
1435,3.7432
1436,3.7434
1437,3.7434
1438,3.7435
1439,3.7437
1440,3.7437
1441,3.7439
1442,3.7439
1443,3.744
1444,3.7442
1445,3.7442
1446,3.7443
1447,3.7443
1448,3.7445
1449,3.7446
1450,3.7446
1451,3.7448
1452,3.7448
1453,3.745
1454,3.7451
1455,3.7451
1456,3.7453
1457,3.7453
1458,3.7454
1459,3.7456
1460,3.7456
1461,3.7458
1462,3.7459
1463,3.7459
1464,3.7461
1465,3.7461
1466,3.7462
1467,3.7464
1468,3.7464
1469,3.7466
1470,3.7466
1471,3.7467
1472,3.7469
1473,3.7469
1474,3.747
1475,3.7472
1476,3.7472
1477,3.7473
1478,3.7475
1479,3.7475
1480,3.7477
1481,3.7477
1482,3.7478
1483,3.748
1484,3.748
1485,3.7481
1486,3.7483
1487,3.7483
1488,3.7485
1489,3.7485
1490,3.7486
1491,3.7488
1492,3.7488
1493,3.7489
1494,3.7491
1495,3.7491
1496,3.7493
1497,3.7494
1498,3.7494
1499,3.7496
1500,3.7497
1501,3.7497
1502,3.7499
1503,3.75
1504,3.75
1505,3.7502
1506,3.7502
1507,3.7504
1508,3.7505
1509,3.7505
1510,3.7507
1511,3.7508
1512,3.7508
1513,3.751
1514,3.7512
1515,3.7512
1516,3.7513
1517,3.7515
1518,3.7515
1519,3.7516
1520,3.7516
1521,3.7518
1522,3.752
1523,3.7521
1524,3.7521
1525,3.7523
1526,3.7524
1527,3.7524
1528,3.7526
1529,3.7528
1530,3.7528
1531,3.7529
1532,3.7531
1533,3.7531
1534,3.7532
1535,3.7534
1536,3.7534
1537,3.7535
1538,3.7537
1539,3.7537
1540,3.7539
1541,3.754
1542,3.754
1543,3.7542
1544,3.7543
1545,3.7543
1546,3.7545
1547,3.7547
1548,3.7548
1549,3.7548
1550,3.755
1551,3.7551
1552,3.7551
1553,3.7553
1554,3.7555
1555,3.7555
1556,3.7556
1557,3.7558
1558,3.7558
1559,3.7559
1560,3.7561
1561,3.7562
1562,3.7562
1563,3.7564
1564,3.7566
1565,3.7566
1566,3.7567
1567,3.7569
1568,3.757
1569,3.757
1570,3.7572
1571,3.7574
1572,3.7574
1573,3.7575
1574,3.7577
1575,3.7577
1576,3.7578
1577,3.758
1578,3.7582
1579,3.7582
1580,3.7583
1581,3.7585
1582,3.7586
1583,3.7586
1584,3.7588
1585,3.7589
1586,3.7589
1587,3.7591
1588,3.7593
1589,3.7594
1590,3.7594
1591,3.7596
1592,3.7597
1593,3.7597
1594,3.7599
1595,3.7601
1596,3.7602
1597,3.7602
1598,3.7604
1599,3.7605
1600,3.7607
1601,3.7607
1602,3.7609
1603,3.761
1604,3.7612
1605,3.7612
1606,3.7613
1607,3.7615
1608,3.7615
1609,3.7616
1610,3.7618
1611,3.762
1612,3.762
1613,3.7621
1614,3.7623
1615,3.7624
1616,3.7624
1617,3.7626
1618,3.7628
1619,3.7629
1620,3.7629
1621,3.7631
1622,3.7632
1623,3.7634
1624,3.7634
1625,3.7636
1626,3.7637
1627,3.7639
1628,3.7639
1629,3.764
1630,3.7642
1631,3.7643
1632,3.7645
1633,3.7645
1634,3.7647
1635,3.7648
1636,3.765
1637,3.765
1638,3.7651
1639,3.7653
1640,3.7655
1641,3.7656
1642,3.7656
1643,3.7658
1644,3.7659
1645,3.7661
1646,3.7661
1647,3.7663
1648,3.7664
1649,3.7666
1650,3.7667
1651,3.7667
1652,3.7669
1653,3.7671
1654,3.7672
1655,3.7672
1656,3.7674
1657,3.7675
1658,3.7677
1659,3.7678
1660,3.7678
1661,3.768
1662,3.7682
1663,3.7683
1664,3.7685
1665,3.7685
1666,3.7686
1667,3.7688
1668,3.769
1669,3.7691
1670,3.7691
1671,3.7693
1672,3.7694
1673,3.7696
1674,3.7698
1675,3.7698
1676,3.7699
1677,3.7701
1678,3.7702
1679,3.7704
1680,3.7704
1681,3.7705
1682,3.7707
1683,3.7709
1684,3.771
1685,3.7712
1686,3.7712
1687,3.7713
1688,3.7715
1689,3.7717
1690,3.7718
1691,3.7718
1692,3.772
1693,3.7721
1694,3.7723
1695,3.7725
1696,3.7726
1697,3.7726
1698,3.7728
1699,3.7729
1700,3.7731
1701,3.7732
1702,3.7734
1703,3.7734
1704,3.7736
1705,3.7737
1706,3.7739
1707,3.774
1708,3.7742
1709,3.7744
1710,3.7744
1711,3.7745
1712,3.7747
1713,3.7748
1714,3.775
1715,3.7752
1716,3.7752
1717,3.7753
1718,3.7755
1719,3.7756
1720,3.7758
1721,3.7759
1722,3.7761
1723,3.7761
1724,3.7763
1725,3.7764
1726,3.7766
1727,3.7767
1728,3.7769
1729,3.7771
1730,3.7771
1731,3.7772
1732,3.7774
1733,3.7775
1734,3.7777
1735,3.7779
1736,3.778
1737,3.7782
1738,3.7782
1739,3.7783
1740,3.7785
1741,3.7786
1742,3.7788
1743,3.779
1744,3.7791
1745,3.7791
1746,3.7793
1747,3.7794
1748,3.7796
1749,3.7798
1750,3.7799
1751,3.7801
1752,3.7802
1753,3.7804
1754,3.7804
1755,3.7806
1756,3.7807
1757,3.7809
1758,3.781
1759,3.7812
1760,3.7813
1761,3.7815
1762,3.7817
1763,3.7817
1764,3.7818
1765,3.782
1766,3.7821
1767,3.7823
1768,3.7825
1769,3.7826
1770,3.7828
1771,3.7829
1772,3.7831
1773,3.7833
1774,3.7834
1775,3.7834
1776,3.7836
1777,3.7837
1778,3.7839
1779,3.784
1780,3.7842
1781,3.7844
1782,3.7845
1783,3.7847
1784,3.7847
1785,3.7848
1786,3.785
1787,3.7852
1788,3.7853
1789,3.7855
1790,3.7856
1791,3.7858
1792,3.786
1793,3.7861
1794,3.7863
1795,3.7864
1796,3.7866
1797,3.7866
1798,3.7868
1799,3.7869
1800,3.7871
1801,3.7872
1802,3.7874
1803,3.7875
1804,3.7877
1805,3.7879
1806,3.788
1807,3.7882
1808,3.7883
1809,3.7885
1810,3.7887
1811,3.7888
1812,3.789
1813,3.7891
1814,3.7891
1815,3.7893
1816,3.7895
1817,3.7896
1818,3.7898
1819,3.7899
1820,3.7901
1821,3.7902
1822,3.7904
1823,3.7906
1824,3.7907
1825,3.7909
1826,3.791
1827,3.7912
1828,3.7914
1829,3.7915
1830,3.7915
1831,3.7917
1832,3.7918
1833,3.7922
1834,3.7922
1835,3.7923
1836,3.7925
1837,3.7926
1838,3.7928
1839,3.7929
1840,3.7931
1841,3.7933
1842,3.7934
1843,3.7936
1844,3.7937
1845,3.7939
1846,3.7941
1847,3.7942
1848,3.7944
1849,3.7945
1850,3.7947
1851,3.7949
1852,3.795
1853,3.7952
1854,3.7953
1855,3.7955
1856,3.7956
1857,3.7958
1858,3.796
1859,3.7961
1860,3.7963
1861,3.7964
1862,3.7966
1863,3.7968
1864,3.7969
1865,3.7971
1866,3.7972
1867,3.7974
1868,3.7976
1869,3.7977
1870,3.7979
1871,3.798
1872,3.7982
1873,3.7983
1874,3.7985
1875,3.7987
1876,3.7988
1877,3.799
1878,3.7991
1879,3.7993
1880,3.7995
1881,3.7996
1882,3.7998
1883,3.7999
1884,3.8001
1885,3.8003
1886,3.8004
1887,3.8006
1888,3.8007
1889,3.8009
1890,3.801
1891,3.8012
1892,3.8014
1893,3.8015
1894,3.8017
1895,3.8018
1896,3.8022
1897,3.8022
1898,3.8025
1899,3.8026
1900,3.8028
1901,3.803
1902,3.8031
1903,3.8033
1904,3.8034
1905,3.8036
1906,3.8038
1907,3.8039
1908,3.8041
1909,3.8042
1910,3.8044
1911,3.8045
1912,3.8047
1913,3.8049
1914,3.805
1915,3.8052
1916,3.8053
1917,3.8057
1918,3.8058
1919,3.806
1920,3.8061
1921,3.8063
1922,3.8065
1923,3.8066
1924,3.8068
1925,3.8069
1926,3.8071
1927,3.8072
1928,3.8074
1929,3.8076
1930,3.8077
1931,3.8079
1932,3.8082
1933,3.8084
1934,3.8085
1935,3.8087
1936,3.8088
1937,3.809
1938,3.8092
1939,3.8093
1940,3.8095
1941,3.8096
1942,3.8098
1943,3.8099
1944,3.8103
1945,3.8104
1946,3.8106
1947,3.8107
1948,3.8109
1949,3.8111
1950,3.8112
1951,3.8114
1952,3.8117
1953,3.8119
1954,3.812
1955,3.8122
1956,3.8123
1957,3.8125
1958,3.8126
1959,3.8128
1960,3.813
1961,3.8133
1962,3.8134
1963,3.8136
1964,3.8138
1965,3.8139
1966,3.8141
1967,3.8142
1968,3.8146
1969,3.8147
1970,3.8149
1971,3.815
1972,3.8152
1973,3.8153
1974,3.8155
1975,3.8158
1976,3.816
1977,3.8161
1978,3.8163
1979,3.8165
1980,3.8166
1981,3.8169
1982,3.8171
1983,3.8173
1984,3.8174
1985,3.8176
1986,3.8177
1987,3.8179
1988,3.8182
1989,3.8184
1990,3.8185
1991,3.8187
1992,3.8188
1993,3.8192
1994,3.8193
1995,3.8195
1996,3.8196
1997,3.8198
1998,3.82
1999,3.8203
2000,3.8204
2001,3.8206
2002,3.8208
2003,3.8209
2004,3.8212
2005,3.8214
2006,3.8215
2007,3.8217
2008,3.8219
2009,3.8222
2010,3.8223
2011,3.8225
2012,3.8227
2013,3.8228
2014,3.8231
2015,3.8233
2016,3.8235
2017,3.8236
2018,3.8239
2019,3.8241
2020,3.8242
2021,3.8244
2022,3.8246
2023,3.8249
2024,3.825
2025,3.8252
2026,3.8254
2027,3.8257
2028,3.8258
2029,3.826
2030,3.8262
2031,3.8265
2032,3.8266
2033,3.8268
2034,3.8269
2035,3.8273
2036,3.8274
2037,3.8276
2038,3.8277
2039,3.8281
2040,3.8282
2041,3.8284
2042,3.8285
2043,3.8289
2044,3.829
2045,3.8292
2046,3.8295
2047,3.8296
2048,3.8298
2049,3.83
2050,3.8303
2051,3.8304
2052,3.8306
2053,3.8308
2054,3.8311
2055,3.8312
2056,3.8314
2057,3.8317
2058,3.8319
2059,3.832
2060,3.8322
2061,3.8325
2062,3.8327
2063,3.8328
2064,3.8331
2065,3.8333
2066,3.8335
2067,3.8338
2068,3.8339
2069,3.8341
2070,3.8344
2071,3.8346
2072,3.8347
2073,3.835
2074,3.8352
2075,3.8354
2076,3.8355
2077,3.8358
2078,3.836
2079,3.8362
2080,3.8365
2081,3.8366
2082,3.837
2083,3.8371
2084,3.8373
2085,3.8376
2086,3.8378
2087,3.8379
2088,3.8382
2089,3.8384
2090,3.8385
2091,3.8389
2092,3.839
2093,3.8392
2094,3.8395
2095,3.8397
2096,3.8398
2097,3.8401
2098,3.8403
2099,3.8406
2100,3.8408
2101,3.8409
2102,3.8412
2103,3.8414
2104,3.8416
2105,3.8419
2106,3.842
2107,3.8424
2108,3.8425
2109,3.8427
2110,3.843
2111,3.8432
2112,3.8435
2113,3.8436
2114,3.8438
2115,3.8441
2116,3.8443
2117,3.8446
2118,3.8447
2119,3.8449
2120,3.8452
2121,3.8454
2122,3.8455
2123,3.8459
2124,3.8462
2125,3.8463
2126,3.8465
2127,3.8468
2128,3.847
2129,3.8473
2130,3.8474
2131,3.8476
2132,3.8479
2133,3.8481
2134,3.8484
2135,3.8486
2136,3.8489
2137,3.849
2138,3.8492
2139,3.8495
2140,3.8497
2141,3.85
2142,3.8501
2143,3.8505
2144,3.8506
2145,3.8509
2146,3.8511
2147,3.8513
2148,3.8516
2149,3.8517
2150,3.8521
2151,3.8522
2152,3.8525
2153,3.8527
2154,3.853
2155,3.8532
2156,3.8535
2157,3.8536
2158,3.8538
2159,3.8541
2160,3.8543
2161,3.8546
2162,3.8548
2163,3.8551
2164,3.8552
2165,3.8555
2166,3.8557
2167,3.856
2168,3.8562
2169,3.8565
2170,3.8567
2171,3.857
2172,3.8571
2173,3.8575
2174,3.8576
2175,3.8579
2176,3.8581
2177,3.8582
2178,3.8586
2179,3.8589
2180,3.859
2181,3.8592
2182,3.8595
2183,3.8597
2184,3.86
2185,3.8602
2186,3.8605
2187,3.8606
2188,3.8609
2189,3.8611
2190,3.8614
2191,3.8616
2192,3.8619
2193,3.8621
2194,3.8624
2195,3.8625
2196,3.8629
2197,3.863
2198,3.8633
2199,3.8635
2200,3.8638
2201,3.864
2202,3.8643
2203,3.8644
2204,3.8648
2205,3.8649
2206,3.8652
2207,3.8654
2208,3.8657
2209,3.8659
2210,3.8662
2211,3.8663
2212,3.8667
2213,3.8668
2214,3.8671
2215,3.8675
2216,3.8676
2217,3.8679
2218,3.8681
2219,3.8684
2220,3.8686
2221,3.8689
2222,3.869
2223,3.8694
2224,3.8695
2225,3.8698
2226,3.87
2227,3.8703
2228,3.8705
2229,3.8708
2230,3.871
2231,3.8713
2232,3.8714
2233,3.8718
2234,3.8719
2235,3.8722
2236,3.8724
2237,3.8727
2238,3.8729
2239,3.8732
2240,3.8733
2241,3.8737
2242,3.8738
2243,3.8741
2244,3.8743
2245,3.8746
2246,3.8748
2247,3.8751
2248,3.8752
2249,3.8756
2250,3.8757
2251,3.876
2252,3.8762
2253,3.8765
2254,3.8767
2255,3.877
2256,3.8772
2257,3.8775
2258,3.8776
2259,3.8779
2260,3.8781
2261,3.8784
2262,3.8786
2263,3.8789
2264,3.8791
2265,3.8794
2266,3.8795
2267,3.8799
2268,3.88
2269,3.8803
2270,3.8805
2271,3.8808
2272,3.881
2273,3.8813
2274,3.8814
2275,3.8818
2276,3.8819
2277,3.8822
2278,3.8824
2279,3.8827
2280,3.8829
2281,3.8832
2282,3.8833
2283,3.8837
2284,3.8838
2285,3.8841
2286,3.8843
2287,3.8846
2288,3.8848
2289,3.8851
2290,3.8853
2291,3.8856
2292,3.8857
2293,3.886
2294,3.8862
2295,3.8865
2296,3.8867
2297,3.887
2298,3.8872
2299,3.8875
2300,3.8876
2301,3.888
2302,3.8881
2303,3.8884
2304,3.8886
2305,3.8889
2306,3.8891
2307,3.8892
2308,3.8895
2309,3.8897
2310,3.89
2311,3.8902
2312,3.8905
2313,3.8907
2314,3.891
2315,3.8911
2316,3.8915
2317,3.8916
2318,3.8919
2319,3.8921
2320,3.8924
2321,3.8926
2322,3.8929
2323,3.893
2324,3.8932
2325,3.8935
2326,3.8937
2327,3.894
2328,3.8942
2329,3.8945
2330,3.8946
2331,3.8949
2332,3.8951
2333,3.8954
2334,3.8956
2335,3.8959
2336,3.8961
2337,3.8962
2338,3.8965
2339,3.8967
2340,3.897
2341,3.8972
2342,3.8975
2343,3.8976
2344,3.898
2345,3.8981
2346,3.8983
2347,3.8986
2348,3.8989
2349,3.8991
2350,3.8992
2351,3.8996
2352,3.8997
2353,3.9
2354,3.9002
2355,3.9005
2356,3.9007
2357,3.901
2358,3.9011
2359,3.9015
2360,3.9016
2361,3.9018
2362,3.9021
2363,3.9023
2364,3.9026
2365,3.9027
2366,3.9031
2367,3.9032
2368,3.9035
2369,3.9037
2370,3.9038
2371,3.9042
2372,3.9043
2373,3.9046
2374,3.9048
2375,3.9051
2376,3.9053
2377,3.9056
2378,3.9058
2379,3.9059
2380,3.9062
2381,3.9064
2382,3.9067
2383,3.9069
2384,3.9072
2385,3.9073
2386,3.9077
2387,3.9078
2388,3.908
2389,3.9083
2390,3.9085
2391,3.9088
2392,3.9089
2393,3.9092
2394,3.9094
2395,3.9097
2396,3.9099
2397,3.9102
2398,3.9104
2399,3.9105
2400,3.9108
2401,3.911
2402,3.9113
2403,3.9115
2404,3.9118
2405,3.9119
2406,3.9123
2407,3.9124
2408,3.9127
2409,3.9129
2410,3.9131
2411,3.9134
2412,3.9135
2413,3.9139
2414,3.914
2415,3.9143
2416,3.9145
2417,3.9148
2418,3.915
2419,3.9153
2420,3.9154
2421,3.9158
2422,3.9159
2423,3.9161
2424,3.9164
2425,3.9167
2426,3.9169
2427,3.917
2428,3.9173
2429,3.9175
2430,3.9178
2431,3.918
2432,3.9183
2433,3.9185
2434,3.9188
2435,3.9189
2436,3.9193
2437,3.9194
2438,3.9197
2439,3.9199
2440,3.9202
2441,3.9204
2442,3.9207
2443,3.9208
2444,3.9212
2445,3.9213
2446,3.9216
2447,3.9218
2448,3.9221
2449,3.9223
2450,3.9226
2451,3.9228
2452,3.9231
2453,3.9232
2454,3.9234
2455,3.9237
2456,3.9239
2457,3.9242
2458,3.9243
2459,3.9247
2460,3.925
2461,3.9251
2462,3.9253
2463,3.9256
2464,3.9258
2465,3.9261
2466,3.9264
2467,3.9266
2468,3.9269
2469,3.927
2470,3.9274
2471,3.9275
2472,3.9278
2473,3.928
2474,3.9283
2475,3.9285
2476,3.9288
2477,3.9289
2478,3.9293
2479,3.9294
2480,3.9297
2481,3.9299
2482,3.9302
2483,3.9304
2484,3.9307
2485,3.9309
2486,3.9312
2487,3.9315
2488,3.9316
2489,3.932
2490,3.9321
2491,3.9324
2492,3.9326
2493,3.9329
2494,3.9332
2495,3.9334
2496,3.9337
2497,3.9339
2498,3.9342
2499,3.9343
2500,3.9347
2501,3.9348
2502,3.9351
2503,3.9355
2504,3.9356
2505,3.9359
2506,3.9361
2507,3.9364
2508,3.9366
2509,3.9369
2510,3.9372
2511,3.9374
2512,3.9377
2513,3.9378
2514,3.9382
2515,3.9385
2516,3.9386
2517,3.939
2518,3.9391
2519,3.9394
2520,3.9398
2521,3.9399
2522,3.9402
2523,3.9404
2524,3.9407
2525,3.941
2526,3.9412
2527,3.9415
2528,3.9417
2529,3.942
2530,3.9423
2531,3.9425
2532,3.9428
2533,3.9429
2534,3.9432
2535,3.9436
2536,3.9437
2537,3.944
2538,3.9444
2539,3.9445
2540,3.9448
2541,3.9452
2542,3.9453
2543,3.9456
2544,3.9458
2545,3.9461
2546,3.9464
2547,3.9466
2548,3.9469
2549,3.9472
2550,3.9474
2551,3.9477
2552,3.948
2553,3.9482
2554,3.9485
2555,3.9488
2556,3.949
2557,3.9493
2558,3.9496
2559,3.9498
2560,3.9501
2561,3.9504
2562,3.9506
2563,3.9509
2564,3.9512
2565,3.9513
2566,3.9517
2567,3.952
2568,3.9521
2569,3.9525
2570,3.9528
2571,3.9529
2572,3.9533
2573,3.9536
2574,3.9537
2575,3.954
2576,3.9544
2577,3.9547
2578,3.9548
2579,3.9552
2580,3.9555
2581,3.9556
2582,3.9556
2583,3.956
2584,3.956
2585,3.9563
2586,3.9563
2587,3.9564
2588,3.9564
2589,3.9568
2590,3.9568
2591,3.9571
2592,3.9571
2593,3.9572
2594,3.9572
2595,3.9575
2596,3.9575
2597,3.9579
2598,3.9579
2599,3.9582
2600,3.9582
2601,3.9583
2602,3.9583
2603,3.9587
2604,3.9587
2605,3.959
2606,3.959
2607,3.9591
2608,3.9591
2609,3.9595
2610,3.9595
2611,3.9598
2612,3.9598
2613,3.9599
2614,3.9599
2615,3.9602
2616,3.9602
2617,3.9606
2618,3.9606
2619,3.9609
2620,3.9609
2621,3.961
2622,3.961
2623,3.9614
2624,3.9617
2625,3.9618
2626,3.9622
2627,3.9625
2628,3.9628
2629,3.9629
2630,3.9633
2631,3.9636
2632,3.9637
2633,3.9641
2634,3.9644
2635,3.9647
2636,3.9649
2637,3.9652
2638,3.9655
2639,3.9656
2640,3.966
2641,3.9663
2642,3.9666
2643,3.9668
2644,3.9671
2645,3.9674
2646,3.9676
2647,3.9679
2648,3.9682
2649,3.9683
2650,3.9687
2651,3.969
2652,3.9693
2653,3.9695
2654,3.9698
2655,3.9701
2656,3.9703
2657,3.9706
2658,3.9709
2659,3.9712
2660,3.9714
2661,3.9717
2662,3.972
2663,3.9722
2664,3.9725
2665,3.9728
2666,3.9731
2667,3.9733
2668,3.9736
2669,3.9739
2670,3.9741
2671,3.9744
2672,3.9747
2673,3.9749
2674,3.9752
2675,3.9755
2676,3.9757
2677,3.976
2678,3.9763
2679,3.9766
2680,3.9768
2681,3.9771
2682,3.9774
2683,3.9776
2684,3.9779
2685,3.9782
2686,3.9784
2687,3.9787
2688,3.979
2689,3.9792
2690,3.9795
2691,3.9798
2692,3.9799
2693,3.9803
2694,3.9804
2695,3.9807
2696,3.9811
2697,3.9814
2698,3.9815
2699,3.9819
2700,3.9822
2701,3.9823
2702,3.9826
2703,3.9828
2704,3.9831
2705,3.9834
2706,3.9836
2707,3.9839
2708,3.9842
2709,3.9844
2710,3.9847
2711,3.9849
2712,3.9852
2713,3.9853
2714,3.9857
2715,3.986
2716,3.9861
2717,3.9865
2718,3.9868
2719,3.9869
2720,3.9873
2721,3.9874
2722,3.9877
2723,3.9881
2724,3.9882
2725,3.9885
2726,3.9887
2727,3.989
2728,3.9892
2729,3.9895
2730,3.9896
2731,3.99
2732,3.9903
2733,3.9904
2734,3.9908
2735,3.9909
2736,3.9912
2737,3.9914
2738,3.9917
2739,3.9919
2740,3.9922
2741,3.9923
2742,3.9927
2743,3.9928
2744,3.9931
2745,3.9933
2746,3.9936
2747,3.9938
2748,3.9941
2749,3.9942
2750,3.9946
2751,3.9947
2752,3.995
2753,3.9952
2754,3.9955
2755,3.9957
2756,3.996
2757,3.9962
2758,3.9965
2759,3.9966
2760,3.9969
2761,3.9971
2762,3.9974
2763,3.9976
2764,3.9977
2765,3.9981
2766,3.9982
2767,3.9985
2768,3.9987
2769,3.999
2770,3.9992
2771,3.9993
2772,3.9996
2773,3.9998
2774,4.0
2775,4.0003
2776,4.0004
2777,4.0008
2778,4.0009
2779,4.0011
2780,4.0014
2781,4.0016
2782,4.0017
2783,4.002
2784,4.0022
2785,4.0025
2786,4.0027
2787,4.0028
2788,4.0031
2789,4.0033
2790,4.0035
2791,4.0038
2792,4.0039
2793,4.0041
2794,4.0044
2795,4.0046
2796,4.0047
2797,4.005
2798,4.0052
2799,4.0054
2800,4.0055
2801,4.0058
2802,4.006
2803,4.0062
2804,4.0063
2805,4.0066
2806,4.0068
2807,4.007
2808,4.0073
2809,4.0074
2810,4.0076
2811,4.0078
2812,4.0081
2813,4.0082
2814,4.0084
2815,4.0085
2816,4.0087
2817,4.009
2818,4.0092
2819,4.0093
2820,4.0095
2821,4.0097
2822,4.01
2823,4.0101
2824,4.0103
2825,4.0105
2826,4.0106
2827,4.0109
2828,4.0111
2829,4.0112
2830,4.0114
2831,4.0116
2832,4.0119
2833,4.012
2834,4.0122
2835,4.0124
2836,4.0125
2837,4.0127
2838,4.0128
2839,4.0132
2840,4.0133
2841,4.0135
2842,4.0136
2843,4.0138
2844,4.0139
2845,4.0141
2846,4.0144
2847,4.0146
2848,4.0147
2849,4.0149
2850,4.0151
2851,4.0152
2852,4.0154
2853,4.0155
2854,4.0157
2855,4.0159
2856,4.0162
2857,4.0163
2858,4.0165
2859,4.0166
2860,4.0168
2861,4.017
2862,4.0171
2863,4.0173
2864,4.0174
2865,4.0176
2866,4.0178
2867,4.0179
2868,4.0182
2869,4.0184
2870,4.0186
2871,4.0187
2872,4.0189
2873,4.019
2874,4.0192
2875,4.0193
2876,4.0195
2877,4.0197
2878,4.0198
2879,4.02
2880,4.0201
2881,4.0203
2882,4.0205
2883,4.0206
2884,4.0208
2885,4.0209
2886,4.0211
2887,4.0213
2888,4.0214
2889,4.0216
2890,4.0217
2891,4.0219
2892,4.022
2893,4.0222
2894,4.0224
2895,4.0225
2896,4.0227
2897,4.0228
2898,4.023
2899,4.0232
2900,4.0233
2901,4.0235
2902,4.0238
2903,4.0238
2904,4.024
2905,4.0243
2906,4.0244
2907,4.0246
2908,4.0248
2909,4.0249
2910,4.0251
2911,4.0252
2912,4.0252
2913,4.0254
2914,4.0255
2915,4.0257
2916,4.0259
2917,4.026
2918,4.0262
2919,4.0263
2920,4.0265
2921,4.0267
2922,4.0268
2923,4.027
2924,4.0271
2925,4.0273
2926,4.0275
2927,4.0276
2928,4.0278
2929,4.0279
2930,4.0281
2931,4.0282
2932,4.0284
2933,4.0286
2934,4.0287
2935,4.0289
2936,4.029
2937,4.0292
2938,4.0294
2939,4.0295
2940,4.0297
2941,4.0298
2942,4.03
2943,4.0302
2944,4.0303
2945,4.0305
2946,4.0306
2947,4.0308
2948,4.0309
2949,4.0311
2950,4.0313
2951,4.0314
2952,4.0316
2953,4.0317
2954,4.0319
2955,4.0321
2956,4.0322
2957,4.0324
2958,4.0325
2959,4.0327
2960,4.0329
2961,4.033
2962,4.0333
2963,4.0335
2964,4.0335
2965,4.0338
2966,4.034
2967,4.0341
2968,4.0343
2969,4.0344
2970,4.0346
2971,4.0348
2972,4.0349
2973,4.0351
2974,4.0352
2975,4.0354
2976,4.0356
2977,4.0357
2978,4.0359
2979,4.036
2980,4.0362
2981,4.0363
2982,4.0365
2983,4.0367
2984,4.037
2985,4.0371
2986,4.0373
2987,4.0375
2988,4.0376
2989,4.0378
2990,4.0379
2991,4.0381
2992,4.0383
2993,4.0384
2994,4.0386
2995,4.0389
2996,4.0391
2997,4.0392
2998,4.0394
2999,4.0395
3000,4.0397
3001,4.0398
3002,4.04
3003,4.0402
3004,4.0405
3005,4.0406
3006,4.0408
3007,4.041
3008,4.0411
3009,4.0413
3010,4.0416
3011,4.0418
3012,4.0419
3013,4.0421
3014,4.0422
3015,4.0424
3016,4.0427
3017,4.0429
3018,4.043
3019,4.0432
3020,4.0435
3021,4.0437
3022,4.0438
3023,4.044
3024,4.0441
3025,4.0445
3026,4.0446
3027,4.0448
3028,4.0449
3029,4.0451
3030,4.0454
3031,4.0456
3032,4.0457
3033,4.046
3034,4.0462
3035,4.0464
3036,4.0465
3037,4.0468
3038,4.047
3039,4.0472
3040,4.0473
3041,4.0476
3042,4.0478
3043,4.0479
3044,4.0483
3045,4.0484
3046,4.0487
3047,4.0489
3048,4.0491
3049,4.0494
3050,4.0495
3051,4.0497
3052,4.05
3053,4.0502
3054,4.0503
3055,4.0506
3056,4.0508
3057,4.0511
3058,4.0513
3059,4.0514
3060,4.0518
3061,4.0519
3062,4.0522
3063,4.0524
3064,4.0527
3065,4.0529
3066,4.0532
3067,4.0533
3068,4.0537
3069,4.0538
3070,4.054
3071,4.0543
3072,4.0546
3073,4.0548
3074,4.0549
3075,4.0553
3076,4.0556
3077,4.0557
3078,4.0559
3079,4.0562
3080,4.0565
3081,4.0567
3082,4.057
3083,4.0572
3084,4.0575
3085,4.0576
3086,4.058
3087,4.0583
3088,4.0584
3089,4.0588
3090,4.0589
3091,4.0592
3092,4.0594
3093,4.0597
3094,4.06
3095,4.0602
3096,4.0605
3097,4.0608
3098,4.061
3099,4.0613
3100,4.0616
3101,4.0618
3102,4.0621
3103,4.0624
3104,4.0626
3105,4.0629
3106,4.0632
3107,4.0635
3108,4.0637
3109,4.064
3110,4.0643
3111,4.0645
3112,4.0648
3113,4.0651
3114,4.0654
3115,4.0656
3116,4.0659
3117,4.0662
3118,4.0664
3119,4.0667
3120,4.067
3121,4.0673
3122,4.0676
3123,4.0678
3124,4.0681
3125,4.0684
3126,4.0688
3127,4.0691
3128,4.0692
3129,4.0696
3130,4.0699
3131,4.0702
3132,4.0705
3133,4.0708
3134,4.071
3135,4.0713
3136,4.0716
3137,4.0719
3138,4.0723
3139,4.0726
3140,4.0727
3141,4.073
3142,4.0734
3143,4.0737
3144,4.074
3145,4.0743
3146,4.0745
3147,4.0748
3148,4.0751
3149,4.0754
3150,4.0758
3151,4.0761
3152,4.0764
3153,4.0767
3154,4.077
3155,4.0772
3156,4.0775
3157,4.0778
3158,4.0781
3159,4.0785
3160,4.0788
3161,4.0791
3162,4.0794
3163,4.0797
3164,4.08
3165,4.0802
3166,4.0805
3167,4.0808
3168,4.0812
3169,4.0815
3170,4.0818
3171,4.0821
3172,4.0824
3173,4.0827
3174,4.0831
3175,4.0834
3176,4.0837
3177,4.084
3178,4.0843
3179,4.0846
3180,4.085
3181,4.0851
3182,4.0854
3183,4.0858
3184,4.0861
3185,4.0864
3186,4.0867
3187,4.087
3188,4.0873
3189,4.0877
3190,4.088
3191,4.0883
3192,4.0886
3193,4.0889
3194,4.0893
3195,4.0896
3196,4.0899
3197,4.0902
3198,4.0905
3199,4.0907
3200,4.091
3201,4.0913
3202,4.0916
3203,4.092
3204,4.0923
3205,4.0926
3206,4.0929
3207,4.0932
3208,4.0935
3209,4.0939
3210,4.0942
3211,4.0945
3212,4.0948
3213,4.0951
3214,4.0953
3215,4.0956
3216,4.0959
3217,4.0962
3218,4.0966
3219,4.0969
3220,4.0972
3221,4.0975
3222,4.0978
3223,4.0982
3224,4.0985
3225,4.0988
3226,4.0991
3227,4.0994
3228,4.0996
3229,4.0999
3230,4.1002
3231,4.1005
3232,4.1009
3233,4.1012
3234,4.1015
3235,4.1018
3236,4.1021
3237,4.1024
3238,4.1026
3239,4.1029
3240,4.1032
3241,4.1036
3242,4.1039
3243,4.1042
3244,4.1045
3245,4.1048
3246,4.105
3247,4.1053
3248,4.1056
3249,4.1059
3250,4.1063
3251,4.1066
3252,4.1069
3253,4.107
3254,4.1074
3255,4.1077
3256,4.108
3257,4.1083
3258,4.1086
3259,4.1088
3260,4.1091
3261,4.1094
3262,4.1098
3263,4.1101
3264,4.1104
3265,4.1105
3266,4.1109
3267,4.1112
3268,4.1115
3269,4.1117
3270,4.112
3271,4.1123
3272,4.1126
3273,4.1129
3274,4.1131
3275,4.1134
3276,4.1137
3277,4.114
3278,4.1144
3279,4.1145
3280,4.1148
3281,4.1152
3282,4.1155
3283,4.1156
3284,4.1159
3285,4.1163
3286,4.1164
3287,4.1167
3288,4.1171
3289,4.1174
3290,4.1175
3291,4.1179
3292,4.1182
3293,4.1183
3294,4.1186
3295,4.119
3296,4.1191
3297,4.1194
3298,4.1198
3299,4.1199
3300,4.1202
3301,4.1206
3302,4.1207
3303,4.121
3304,4.1213
3305,4.1217
3306,4.1218
3307,4.1221
3308,4.1225
3309,4.1226
3310,4.1229
3311,4.1233
3312,4.1234
3313,4.1237
3314,4.1239
3315,4.1242
3316,4.1244
3317,4.1247
3318,4.125
3319,4.1252
3320,4.1253
3321,4.1256
3322,4.126
3323,4.1261
3324,4.1264
3325,4.1266
3326,4.1269
3327,4.1272
3328,4.1274
3329,4.1275
3330,4.1279
3331,4.1282
3332,4.1283
3333,4.1287
3334,4.1288
3335,4.129
3336,4.1293
3337,4.1296
3338,4.1298
3339,4.1299
3340,4.1302
3341,4.1304
3342,4.1307
3343,4.1309
3344,4.131
3345,4.1314
3346,4.1315
3347,4.1318
3348,4.132
3349,4.1322
3350,4.1325
3351,4.1326
3352,4.1329
3353,4.1331
3354,4.1333
3355,4.1336
3356,4.1337
3357,4.1341
3358,4.1342
3359,4.1344
3360,4.1347
3361,4.1349
3362,4.135
3363,4.1353
3364,4.1355
3365,4.1356
3366,4.136
3367,4.1361
3368,4.1363
3369,4.1366
3370,4.1368
3371,4.1369
3372,4.1371
3373,4.1374
3374,4.1376
3375,4.1379
3376,4.138
3377,4.1382
3378,4.1383
3379,4.1387
3380,4.1388
3381,4.139
3382,4.1391
3383,4.1393
3384,4.1396
3385,4.1398
3386,4.1399
3387,4.1401
3388,4.1404
3389,4.1406
3390,4.1407
3391,4.1409
3392,4.141
3393,4.1414
3394,4.1415
3395,4.1417
3396,4.1418
3397,4.142
3398,4.1422
3399,4.1425
3400,4.1426
3401,4.1428
3402,4.143
3403,4.1431
3404,4.1433
3405,4.1434
3406,4.1438
3407,4.1439
3408,4.1441
3409,4.1442
3410,4.1444
3411,4.1445
3412,4.1447
3413,4.1449
3414,4.145
3415,4.1452
3416,4.1455
3417,4.1457
3418,4.1458
3419,4.146
3420,4.1461
3421,4.1463
3422,4.1465
3423,4.1466
3424,4.1468
3425,4.1469
3426,4.1471
3427,4.1472
3428,4.1474
3429,4.1476
3430,4.1477
3431,4.1479
3432,4.148
3433,4.1482
3434,4.1484
3435,4.1485
3436,4.1487
3437,4.1488
3438,4.149
3439,4.1492
3440,4.1493
3441,4.1495
3442,4.1495
3443,4.1498
3444,4.1498
3445,4.1499
3446,4.1501
3447,4.1503
3448,4.1504
3449,4.1506
3450,4.1507
3451,4.1509
3452,4.1511
3453,4.1511
3454,4.1514
3455,4.1514
3456,4.1515
3457,4.1517
3458,4.1519
3459,4.152
3460,4.1522
3461,4.1522
3462,4.1523
3463,4.1525
3464,4.1526
3465,4.1528
3466,4.153
3467,4.1531
3468,4.1531
3469,4.1533
3470,4.1534
3471,4.1536
3472,4.1538
3473,4.1538
3474,4.1539
3475,4.1541
3476,4.1542
3477,4.1544
3478,4.1544
3479,4.1546
3480,4.1547
3481,4.1549
3482,4.1549
3483,4.155
3484,4.1552
3485,4.1553
3486,4.1553
3487,4.1555
3488,4.1557
3489,4.1558
3490,4.1558
3491,4.156
3492,4.1561
3493,4.1561
3494,4.1563
3495,4.1565
3496,4.1566
3497,4.1566
3498,4.1568
3499,4.1569
3500,4.1569
3501,4.1571
3502,4.1573
3503,4.1573
3504,4.1574
3505,4.1576
3506,4.1576
3507,4.1577
3508,4.1579
3509,4.1579
3510,4.158
3511,4.1582
3512,4.1582
3513,4.1584
3514,4.1585
3515,4.1585
3516,4.1587
3517,4.1588
3518,4.1588
3519,4.159
3520,4.159
3521,4.1592
3522,4.1593
3523,4.1593
3524,4.1595
3525,4.1595
3526,4.1596
3527,4.1598
3528,4.1598
3529,4.16
3530,4.16
3531,4.1601
3532,4.1601
3533,4.1603
3534,4.1604
3535,4.1604
3536,4.1606
3537,4.1606
3538,4.1608
3539,4.1608
3540,4.1609
3541,4.1611
3542,4.1611
3543,4.1612
3544,4.1612
3545,4.1614
3546,4.1614
3547,4.1615
3548,4.1615
3549,4.1617
3550,4.1617
3551,4.1619
3552,4.162
3553,4.162
3554,4.1622
3555,4.1622
3556,4.1623
3557,4.1623
3558,4.1625
3559,4.1625
3560,4.1627
3561,4.1627
3562,4.1628
3563,4.1628
3564,4.163
3565,4.163
3566,4.1631
3567,4.1631
3568,4.1633
3569,4.1633
3570,4.1635
3571,4.1636
3572,4.1636
3573,4.1636
3574,4.1638
3575,4.1639
3576,4.1639
3577,4.1641
3578,4.1641
3579,4.1642
3580,4.1642
3581,4.1644
3582,4.1644
3583,4.1646
3584,4.1646
3585,4.1647
3586,4.1647
3587,4.1649
3588,4.1649
3589,4.165
3590,4.165
3591,4.1652
3592,4.1652
3593,4.1654
3594,4.1654
3595,4.1655
3596,4.1655
3597,4.1657
3598,4.1657
3599,4.1658
3600,4.1658
3601,4.166
3602,4.166
3603,4.1662
3604,4.1663
3605,4.1663
3606,4.1665
3607,4.1665
3608,4.1666
3609,4.1666
3610,4.1668
3611,4.1668
3612,4.1669
3613,4.1669
3614,4.1671
3615,4.1671
3616,4.1673
3617,4.1673
3618,4.1674
3619,4.1674
3620,4.1676
3621,4.1676
3622,4.1677
3623,4.1679
3624,4.1679
3625,4.1681
3626,4.1681
3627,4.1682
3628,4.1682
3629,4.1684
3630,4.1684
3631,4.1685
3632,4.1685
3633,4.1687
3634,4.1687
3635,4.1689
3636,4.169
3637,4.169
3638,4.1692
3639,4.1692
3640,4.1693
3641,4.1693
3642,4.1695
3643,4.1696
3644,4.1696
3645,4.1698
3646,4.1698
3647,4.17
3648,4.17
3649,4.1701
3650,4.1703
3651,4.1703
3652,4.1704
3653,4.1704
3654,4.1706
3655,4.1708
3656,4.1708
3657,4.1709
3658,4.1709
3659,4.1711
3660,4.1712
3661,4.1712
3662,4.1714
3663,4.1714
3664,4.1716
3665,4.1717
3666,4.1717
3667,4.1719
3668,4.172
3669,4.172
3670,4.1722
3671,4.1722
3672,4.1723
3673,4.1725
3674,4.1727
3675,4.1727
3676,4.1728
3677,4.1728
3678,4.173
3679,4.1731
3680,4.1731
3681,4.1733
3682,4.1735
3683,4.1735
3684,4.1736
3685,4.1738
3686,4.1738
3687,4.1739
3688,4.1741
3689,4.1743
3690,4.1743
3691,4.1744
3692,4.1746
3693,4.1747
3694,4.1747
3695,4.1749
3696,4.1751
3697,4.1751
3698,4.1752
3699,4.1754
3700,4.1755
3701,4.1755
3702,4.1757
3703,4.1758
3704,4.176
3705,4.176
3706,4.1762
3707,4.1763
3708,4.1765
3709,4.1765
3710,4.1766
3711,4.1768
3712,4.177
3713,4.1771
3714,4.1771
3715,4.1773
3716,4.1774
3717,4.1776
3718,4.1778
3719,4.1778
3720,4.1779
3721,4.1781
3722,4.1782
3723,4.1784
3724,4.1785
3725,4.1787
3726,4.1789
3727,4.1789
3728,4.179
3729,4.1792
3730,4.1793
3731,4.1795
3732,4.1797
3733,4.1798
3734,4.18
3735,4.1801
3736,4.1803
3737,4.1803
3738,4.1805
3739,4.1806
3740,4.1808
3741,4.1809
3742,4.1811
3743,4.1812
3744,4.1814
3745,4.1816
3746,4.1817
3747,4.1819
3748,4.182
3749,4.1822
3750,4.1824
3751,4.1825
3752,4.1827
3753,4.1828
3754,4.1832
3755,4.1833
3756,4.1835
3757,4.1836
3758,4.1838
3759,4.1839
3760,4.1841
3761,4.1843
3762,4.1844
3763,4.1846
3764,4.1847
3765,4.1851
3766,4.1852
3767,4.1854
3768,4.1855
3769,4.1857
3770,4.1859
3771,4.1862
3772,4.1863
3773,4.1865
3774,4.1866
3775,4.187
3776,4.1871
3777,4.1873
3778,4.1874
3779,4.1878
3780,4.1879
3781,4.1881
3782,4.1882
3783,4.1886
3784,4.1887
3785,4.1889
3786,4.1892
3787,4.1893
3788,4.1895
3789,4.1898
3790,4.19
3791,4.1903
3792,4.1905
3793,4.1908
3794,4.1909
3795,4.1911
3796,4.1914
3797,4.1916
3798,4.1919
3799,4.192
3800,4.1924
3801,4.1925
3802,4.1928
3803,4.193
3804,4.1933
3805,4.1936
3806,4.1938
3807,4.1941
3808,4.1943
3809,4.1946
3810,4.1949
3811,4.1951
3812,4.1954
3813,4.1957
3814,4.1959
3815,4.1962
3816,4.1965
3817,4.1968
3818,4.197
3819,4.1973
3820,4.1976
3821,4.1979
3822,4.1982
3823,4.1986
3824,4.1989
3825,4.199
3826,4.1994
3827,4.1997
3828,4.2
3829,4.2003
3830,4.2006
3831,4.2009
3832,4.2013
3833,4.2016
3834,4.2019
3835,4.2022
3836,4.2025
3837,4.2029
3838,4.2032
3839,4.2036
3840,4.204
3841,4.2043
3842,4.2046
3843,4.2049
3844,4.2054
3845,4.2057
3846,4.206
3847,4.2065
3848,4.2068
3849,4.2071
3850,4.2076
3851,4.2079
3852,4.2084
3853,4.2087
3854,4.209
3855,4.2095
3856,4.2098
3857,4.2103
3858,4.2106
3859,4.2111
3860,4.2116
3861,4.2119
3862,4.2124
3863,4.2129
3864,4.2132
3865,4.2137
3866,4.2141
3867,4.2146
3868,4.2149
3869,4.2154
3870,4.2159
3871,4.2164
3872,4.2168
3873,4.2173
3874,4.2178
3875,4.2183
3876,4.2187
3877,4.2192
3878,4.2197
3879,4.2202
3880,4.2206
3881,4.2213
3882,4.2218
3883,4.2222
3884,4.2227
3885,4.2232
3886,4.2238
3887,4.2243
3888,4.2248
3889,4.2254
3890,4.2259
3891,4.2265
3892,4.227
3893,4.2276
3894,4.2281
3895,4.2288
3896,4.2294
3897,4.2299
3898,4.2305
3899,4.2311
3900,4.2318
3901,4.2322
3902,4.2329
3903,4.2335
3904,4.2342
3905,4.2348
3906,4.2354
3907,4.2361
3908,4.2367
3909,4.2373
3910,4.238
3911,4.2386
3912,4.2392
3913,4.24
3914,4.2407
3915,4.2413
3916,4.2419
3917,4.2427
3918,4.2434
3919,4.2442
3920,4.2448
3921,4.2456
3922,4.2462
3923,4.247
3924,4.2477
3925,4.2485
3926,4.2491
3927,4.2499
3928,4.2507
3929,4.2515
3930,4.2523
3931,4.2531
3932,4.2537
3933,4.2545
3934,4.2553
3935,4.2561
3936,4.2569
3937,4.2578
3938,4.2586
3939,4.2594
3940,4.2602
3941,4.261
3942,4.2618
3943,4.2628
3944,4.2635
3945,4.2643
3946,4.2653
3947,4.2661
3948,4.267
3949,4.268
3950,4.2688
3951,4.2697
3952,4.2705
3953,4.2715
3954,4.2724
3955,4.2732
3956,4.2742
3957,4.2751
3958,4.2761
3959,4.277
3960,4.278
3961,4.279
3962,4.2799
3963,4.2809
3964,4.2818
3965,4.2828
3966,4.2837
3967,4.2848
3968,4.2858
3969,4.2867
3970,4.2877
3971,4.2888
3972,4.2898
3973,4.2909
3974,4.2918
3975,4.2929
3976,4.2939
3977,4.295
3978,4.296
3979,4.2971
3980,4.2982
3981,4.2991
3982,4.3002
3983,4.3002
3984,4.3002
3985,4.3002
3986,4.3002
3987,4.3002
3988,4.3002
3989,4.3002
3990,4.3002
3991,4.2979
3992,4.2958
3993,4.2949
3994,4.2942
3995,4.2938
3996,4.2933
3997,4.2928
3998,4.2925
3999,4.2923
4000,4.292
4001,4.2917
4002,4.2915
4003,4.2912
4004,4.2911
4005,4.2909
4006,4.2907
4007,4.2906
4008,4.2904
4009,4.2903
4010,4.2901
4011,4.2899
4012,4.2899
4013,4.2898
4014,4.2896
4015,4.2895
4016,4.2895
4017,4.2893
4018,4.2891
4019,4.2891
4020,4.289
4021,4.289
4022,4.2888
4023,4.2888
4024,4.2887
4025,4.2885
4026,4.2885
4027,4.2884
4028,4.2884
4029,4.2882
4030,4.2882
4031,4.288
4032,4.288
4033,4.288
4034,4.2879
4035,4.2879
4036,4.2877
4037,4.2877
4038,4.2877
4039,4.2876
4040,4.2876
4041,4.2874
4042,4.2874
4043,4.2874
4044,4.2872
4045,4.2872
4046,4.2872
4047,4.2871
4048,4.2871
4049,4.2871
4050,4.2869
4051,4.2869
4052,4.2868
4053,4.2868
4054,4.2868
4055,4.2868
4056,4.2866
4057,4.2866
4058,4.2866
4059,4.2864
4060,4.2864
4061,4.2864
4062,4.2863
4063,4.2863
4064,4.2863
4065,4.2863
4066,4.2861
4067,4.2861
4068,4.2861
4069,4.2861
4070,4.286
4071,4.286
4072,4.286
4073,4.2858
4074,4.2858
4075,4.2858
4076,4.2858
4077,4.2857
4078,4.2857
4079,4.2857
4080,4.2857
4081,4.2855
4082,4.2855
4083,4.2855
4084,4.2855
4085,4.2853
4086,4.2853
4087,4.2853
4088,4.2853
4089,4.2853
4090,4.2852
4091,4.2852
4092,4.2852
4093,4.2852
4094,4.285
4095,4.285
4096,4.285
4097,4.285
4098,4.2849
4099,4.2849
4100,4.2849
4101,4.2849
4102,4.2849
4103,4.2849
4104,4.2847
4105,4.2847
4106,4.2847
4107,4.2847
4108,4.2845
4109,4.2845
4110,4.2845
4111,4.2845
4112,4.2845
4113,4.2844
4114,4.2844
4115,4.2844
4116,4.2844
4117,4.2844
4118,4.2844
4119,4.2842
4120,4.2842
4121,4.2842
4122,4.2842
4123,4.2842
4124,4.2842
4125,4.2841
4126,4.2841
4127,4.2841
4128,4.2841
4129,4.2841
4130,4.2839
4131,4.2839
4132,4.2839
4133,4.2839
4134,4.2839
4135,4.2837
4136,4.2837
4137,4.2837
4138,4.2837
4139,4.2837
4140,4.2837
4141,4.2837
4142,4.2836
4143,4.2836
4144,4.2836
4145,4.2836
4146,4.2836
4147,4.2836
4148,4.2834
4149,4.2834
4150,4.2834
4151,4.2834
4152,4.2834
4153,4.2833
4154,4.2833
4155,4.2833
4156,4.2833
4157,4.2833
4158,4.2833
4159,4.2833
4160,4.2831
4161,4.2831
4162,4.2831
4163,4.2831
4164,4.2831
4165,4.2831
4166,4.2831
4167,4.283
4168,4.283
4169,4.283
4170,4.283
4171,4.283
4172,4.2774
4173,4.2729
4174,4.2706
4175,4.2687
4176,4.2667
4177,4.2652
4178,4.2637
4179,4.2621
4180,4.2609
4181,4.2594
4182,4.2582
4183,4.2569
4184,4.2556
4185,4.2544
4186,4.2532
4187,4.2521
4188,4.2509
4189,4.2498
4190,4.2486
4191,4.2475
4192,4.2466
4193,4.2455
4194,4.2443
4195,4.2434
4196,4.2423
4197,4.2413
4198,4.2404
4199,4.2393
4200,4.2383
4201,4.2374
4202,4.2364
4203,4.2355
4204,4.2345
4205,4.2335
4206,4.2328
4207,4.2318
4208,4.2308
4209,4.2301
4210,4.2291
4211,4.2283
4212,4.2274
4213,4.2266
4214,4.2256
4215,4.2248
4216,4.224
4217,4.2232
4218,4.2224
4219,4.2216
4220,4.2208
4221,4.22
4222,4.2192
4223,4.2185
4224,4.2177
4225,4.2169
4226,4.2162
4227,4.2154
4228,4.2146
4229,4.214
4230,4.2132
4231,4.2126
4232,4.2118
4233,4.2111
4234,4.2104
4235,4.2097
4236,4.2091
4237,4.2084
4238,4.2078
4239,4.207
4240,4.2064
4241,4.2057
4242,4.2051
4243,4.2045
4244,4.2038
4245,4.2032
4246,4.2027
4247,4.2021
4248,4.2015
4249,4.2008
4250,4.2003
4251,4.1997
4252,4.1991
4253,4.1986
4254,4.198
4255,4.1975
4256,4.1968
4257,4.1964
4258,4.1957
4259,4.1953
4260,4.1948
4261,4.1941
4262,4.1937
4263,4.1932
4264,4.1927
4265,4.1922
4266,4.1916
4267,4.1911
4268,4.1907
4269,4.1902
4270,4.1897
4271,4.1892
4272,4.1887
4273,4.1884
4274,4.188
4275,4.1875
4276,4.187
4277,4.1865
4278,4.1862
4279,4.1857
4280,4.1853
4281,4.1849
4282,4.1845
4283,4.184
4284,4.1837
4285,4.1832
4286,4.1829
4287,4.1824
4288,4.1821
4289,4.1816
4290,4.1813
4291,4.181
4292,4.1805
4293,4.1802
4294,4.1797
4295,4.1794
4296,4.1791
4297,4.1787
4298,4.1784
4299,4.1779
4300,4.1776
4301,4.1773
4302,4.177
4303,4.1767
4304,4.1764
4305,4.176
4306,4.1757
4307,4.1754
4308,4.1751
4309,4.1748
4310,4.1745
4311,4.1741
4312,4.1738
4313,4.1735
4314,4.1732
4315,4.173
4316,4.1727
4317,4.1724
4318,4.1721
4319,4.1717
4320,4.1716
4321,4.1713
4322,4.171
4323,4.1706
4324,4.1705
4325,4.1702
4326,4.1698
4327,4.1697
4328,4.1694
4329,4.1692
4330,4.1689
4331,4.1687
4332,4.1684
4333,4.1681
4334,4.1679
4335,4.1676
4336,4.1675
4337,4.1673
4338,4.167
4339,4.1668
4340,4.1665
4341,4.1663
4342,4.166
4343,4.1659
4344,4.1657
4345,4.1654
4346,4.1652
4347,4.1651
4348,4.1648
4349,4.1646
4350,4.1644
4351,4.1641
4352,4.164
4353,4.1638
4354,4.1636
4355,4.1633
4356,4.1632
4357,4.163
4358,4.1629
4359,4.1627
4360,4.1624
4361,4.1622
4362,4.1621
4363,4.1619
4364,4.1617
4365,4.1616
4366,4.1614
4367,4.1613
4368,4.1609
4369,4.1608
4370,4.1606
4371,4.1605
4372,4.1603
4373,4.1602
4374,4.16
4375,4.1598
4376,4.1597
4377,4.1595
4378,4.1594
4379,4.1592
4380,4.159
4381,4.1589
4382,4.1587
4383,4.1586
4384,4.1584
4385,4.1582
4386,4.1581
4387,4.1579
4388,4.1578
4389,4.1578
4390,4.1576
4391,4.1575
4392,4.1573
4393,4.1571
4394,4.157
4395,4.1568
4396,4.1567
4397,4.1567
4398,4.1565
4399,4.1563
4400,4.1562
4401,4.156
4402,4.1559
4403,4.1559
4404,4.1557
4405,4.1555
4406,4.1554
4407,4.1552
4408,4.1552
4409,4.1551
4410,4.1549
4411,4.1548
4412,4.1548
4413,4.1546
4414,4.1544
4415,4.1543
4416,4.1543
4417,4.1541
4418,4.154
4419,4.1538
4420,4.1538
4421,4.1536
4422,4.1535
4423,4.1535
4424,4.1533
4425,4.1532
4426,4.1532
4427,4.153
4428,4.1528
4429,4.1527
4430,4.1527
4431,4.1525
4432,4.1524
4433,4.1524
4434,4.1522
4435,4.1522
4436,4.1521
4437,4.1519
4438,4.1519
4439,4.1517
4440,4.1516
4441,4.1516
4442,4.1514
4443,4.1514
4444,4.1513
4445,4.1511
4446,4.1511
4447,4.1509
4448,4.1509
4449,4.1508
4450,4.1506
4451,4.1506
4452,4.1505
4453,4.1505
4454,4.1503
4455,4.1503
4456,4.1501
4457,4.15
4458,4.15
4459,4.1498
4460,4.1498
4461,4.1497
4462,4.1497
4463,4.1495
4464,4.1494
4465,4.1494
4466,4.1492
4467,4.1492
4468,4.149
4469,4.149
4470,4.1489
4471,4.1489
4472,4.1487
4473,4.1487
4474,4.1486
4475,4.1486
4476,4.1484
4477,4.1484
4478,4.1482
4479,4.1482
4480,4.1481
4481,4.1481
4482,4.1479
4483,4.1478
4484,4.1478
4485,4.1478
4486,4.1476
4487,4.1476
4488,4.1474
4489,4.1474
4490,4.1473
4491,4.1473
4492,4.1471
4493,4.1471
4494,4.147
4495,4.147
4496,4.1468
4497,4.1468
4498,4.1466
4499,4.1466
4500,4.1465
4501,4.1465
4502,4.1463
4503,4.1463
4504,4.1462
4505,4.1462
4506,4.146
4507,4.146
4508,4.1459
4509,4.1459
4510,4.1457
4511,4.1457
4512,4.1457
4513,4.1455
4514,4.1455
4515,4.1454
4516,4.1454
4517,4.1452
4518,4.1452
4519,4.1451
4520,4.1451
4521,4.1449
4522,4.1449
4523,4.1447
4524,4.1447
4525,4.1447
4526,4.1446
4527,4.1446
4528,4.1444
4529,4.1444
4530,4.1443
4531,4.1443
4532,4.1441
4533,4.1441
4534,4.1439
4535,4.1439
4536,4.1438
4537,4.1438
4538,4.1438
4539,4.1436
4540,4.1436
4541,4.1435
4542,4.1435
4543,4.1433
4544,4.1433
4545,4.1432
4546,4.1432
4547,4.143
4548,4.143
4549,4.1428
4550,4.1428
4551,4.1428
4552,4.1427
4553,4.1427
4554,4.1425
4555,4.1425
4556,4.1424
4557,4.1424
4558,4.1422
4559,4.1422
4560,4.1422
4561,4.142
4562,4.142
4563,4.1419
4564,4.1419
4565,4.1417
4566,4.1417
4567,4.1416
4568,4.1416
4569,4.1416
4570,4.1414
4571,4.1414
4572,4.1412
4573,4.1412
4574,4.1411
4575,4.1411
4576,4.1409
4577,4.1409
4578,4.1409
4579,4.1408
4580,4.1408
4581,4.1406
4582,4.1406
4583,4.1405
4584,4.1405
4585,4.1403
4586,4.1403
4587,4.1401
4588,4.1401
4589,4.1401
4590,4.14
4591,4.14
4592,4.1398
4593,4.1398
4594,4.1397
4595,4.1397
4596,4.1395
4597,4.1395
4598,4.1393
4599,4.1393
4600,4.1392
4601,4.1392
4602,4.139
4603,4.139
4604,4.139
4605,4.1389
4606,4.1389
4607,4.1387
4608,4.1387
4609,4.1385
4610,4.1385
4611,4.1384
4612,4.1384
4613,4.1382
4614,4.1382
4615,4.1381
4616,4.1381
4617,4.1379
4618,4.1379
4619,4.1378
4620,4.1378
4621,4.1376
4622,4.1376
4623,4.1374
4624,4.1374
4625,4.1373
4626,4.1373
4627,4.1371
4628,4.1371
4629,4.137
4630,4.137
4631,4.1368
4632,4.1368
4633,4.1366
4634,4.1366
4635,4.1365
4636,4.1365
4637,4.1363
4638,4.1363
4639,4.1362
4640,4.1362
4641,4.136
4642,4.136
4643,4.1358
4644,4.1357
4645,4.1357
4646,4.1355
4647,4.1355
4648,4.1354
4649,4.1354
4650,4.1352
4651,4.1351
4652,4.1351
4653,4.1349
4654,4.1349
4655,4.1347
4656,4.1347
4657,4.1346
4658,4.1346
4659,4.1344
4660,4.1343
4661,4.1343
4662,4.1341
4663,4.1341
4664,4.1339
4665,4.1338
4666,4.1338
4667,4.1336
4668,4.1336
4669,4.1335
4670,4.1333
4671,4.1333
4672,4.1331
4673,4.133
4674,4.133
4675,4.1328
4676,4.1328
4677,4.1327
4678,4.1325
4679,4.1325
4680,4.1324
4681,4.1322
4682,4.132
4683,4.132
4684,4.1319
4685,4.1317
4686,4.1317
4687,4.1316
4688,4.1314
4689,4.1314
4690,4.1312
4691,4.1311
4692,4.1311
4693,4.1309
4694,4.1308
4695,4.1306
4696,4.1306
4697,4.1304
4698,4.1303
4699,4.1301
4700,4.1301
4701,4.13
4702,4.1298
4703,4.1297
4704,4.1297
4705,4.1295
4706,4.1293
4707,4.1292
4708,4.129
4709,4.129
4710,4.1289
4711,4.1287
4712,4.1285
4713,4.1284
4714,4.1284
4715,4.1282
4716,4.1281
4717,4.1279
4718,4.1277
4719,4.1276
4720,4.1274
4721,4.1274
4722,4.1273
4723,4.1271
4724,4.127
4725,4.1268
4726,4.1266
4727,4.1265
4728,4.1263
4729,4.1262
4730,4.126
4731,4.126
4732,4.1258
4733,4.1257
4734,4.1255
4735,4.1254
4736,4.1252
4737,4.125
4738,4.1249
4739,4.1247
4740,4.1246
4741,4.1244
4742,4.1242
4743,4.1241
4744,4.1239
4745,4.1238
4746,4.1236
4747,4.1235
4748,4.1233
4749,4.1231
4750,4.123
4751,4.1228
4752,4.1227
4753,4.1225
4754,4.1223
4755,4.122
4756,4.1219
4757,4.1217
4758,4.1215
4759,4.1214
4760,4.1212
4761,4.1211
4762,4.1209
4763,4.1208
4764,4.1204
4765,4.1203
4766,4.1201
4767,4.12
4768,4.1198
4769,4.1196
4770,4.1195
4771,4.1192
4772,4.119
4773,4.1188
4774,4.1187
4775,4.1185
4776,4.1182
4777,4.1181
4778,4.1179
4779,4.1177
4780,4.1174
4781,4.1173
4782,4.1171
4783,4.1169
4784,4.1166
4785,4.1165
4786,4.1163
4787,4.1161
4788,4.1158
4789,4.1157
4790,4.1155
4791,4.1152
4792,4.115
4793,4.1149
4794,4.1146
4795,4.1144
4796,4.1142
4797,4.1139
4798,4.1138
4799,4.1136
4800,4.1133
4801,4.1131
4802,4.1128
4803,4.1127
4804,4.1125
4805,4.1122
4806,4.112
4807,4.1117
4808,4.1115
4809,4.1114
4810,4.1111
4811,4.1109
4812,4.1106
4813,4.1104
4814,4.1101
4815,4.11
4816,4.1096
4817,4.1095
4818,4.1092
4819,4.109
4820,4.1088
4821,4.1085
4822,4.1084
4823,4.108
4824,4.1077
4825,4.1076
4826,4.1073
4827,4.1071
4828,4.1068
4829,4.1066
4830,4.1063
4831,4.1061
4832,4.1058
4833,4.1057
4834,4.1053
4835,4.105
4836,4.1049
4837,4.1046
4838,4.1044
4839,4.1041
4840,4.1038
4841,4.1036
4842,4.1033
4843,4.1031
4844,4.1028
4845,4.1025
4846,4.1023
4847,4.102
4848,4.1017
4849,4.1015
4850,4.1012
4851,4.1009
4852,4.1007
4853,4.1004
4854,4.1001
4855,4.0999
4856,4.0996
4857,4.0993
4858,4.0992
4859,4.0988
4860,4.0985
4861,4.0982
4862,4.098
4863,4.0977
4864,4.0974
4865,4.0971
4866,4.0969
4867,4.0966
4868,4.0963
4869,4.096
4870,4.0958
4871,4.0955
4872,4.0952
4873,4.0949
4874,4.0945
4875,4.0944
4876,4.0941
4877,4.0937
4878,4.0934
4879,4.0931
4880,4.093
4881,4.0926
4882,4.0923
4883,4.092
4884,4.0917
4885,4.0915
4886,4.0912
4887,4.0909
4888,4.0906
4889,4.0903
4890,4.0899
4891,4.0896
4892,4.0895
4893,4.0891
4894,4.0888
4895,4.0885
4896,4.0882
4897,4.0879
4898,4.0876
4899,4.0874
4900,4.0871
4901,4.0868
4902,4.0864
4903,4.0861
4904,4.0858
4905,4.0855
4906,4.0852
4907,4.0849
4908,4.0845
4909,4.0844
4910,4.0841
4911,4.0837
4912,4.0834
4913,4.0831
4914,4.0828
4915,4.0825
4916,4.0822
4917,4.0818
4918,4.0815
4919,4.0812
4920,4.0809
4921,4.0806
4922,4.0802
4923,4.0799
4924,4.0796
4925,4.0793
4926,4.079
4927,4.0788
4928,4.0785
4929,4.0782
4930,4.0779
4931,4.0775
4932,4.0772
4933,4.0769
4934,4.0766
4935,4.0763
4936,4.076
4937,4.0756
4938,4.0753
4939,4.075
4940,4.0747
4941,4.0744
4942,4.0741
4943,4.0737
4944,4.0734
4945,4.0731
4946,4.0728
4947,4.0725
4948,4.0721
4949,4.0718
4950,4.0715
4951,4.0712
4952,4.0709
4953,4.0706
4954,4.0702
4955,4.0699
4956,4.0696
4957,4.0693
4958,4.069
4959,4.0686
4960,4.0683
4961,4.068
4962,4.0677
4963,4.0674
4964,4.0671
4965,4.0667
4966,4.0664
4967,4.0661
4968,4.0658
4969,4.0655
4970,4.0652
4971,4.0648
4972,4.0645
4973,4.0642
4974,4.0639
4975,4.0636
4976,4.0632
4977,4.0631
4978,4.0628
4979,4.0625
4980,4.0621
4981,4.0618
4982,4.0615
4983,4.0612
4984,4.0609
4985,4.0605
4986,4.0602
4987,4.0599
4988,4.0596
4989,4.0593
4990,4.059
4991,4.0586
4992,4.0583
4993,4.058
4994,4.0577
4995,4.0574
4996,4.0571
4997,4.0567
4998,4.0566
4999,4.0563
5000,4.0559
5001,4.0556
5002,4.0553
5003,4.055
5004,4.0547
5005,4.0544
5006,4.054
5007,4.0537
5008,4.0534
5009,4.0531
5010,4.0529
5011,4.0526
5012,4.0523
5013,4.052
5014,4.0517
5015,4.0513
5016,4.051
5017,4.0507
5018,4.0505
5019,4.0502
5020,4.0499
5021,4.0496
5022,4.0493
5023,4.049
5024,4.0488
5025,4.0485
5026,4.0482
5027,4.0478
5028,4.0475
5029,4.0472
5030,4.047
5031,4.0467
5032,4.0464
5033,4.0461
5034,4.0459
5035,4.0456
5036,4.0453
5037,4.045
5038,4.0447
5039,4.0445
5040,4.0442
5041,4.0439
5042,4.0435
5043,4.0434
5044,4.0431
5045,4.0428
5046,4.0424
5047,4.0423
5048,4.042
5049,4.0416
5050,4.0415
5051,4.0412
5052,4.0408
5053,4.0407
5054,4.0404
5055,4.0401
5056,4.0397
5057,4.0396
5058,4.0393
5059,4.0389
5060,4.0388
5061,4.0385
5062,4.0383
5063,4.038
5064,4.0377
5065,4.0375
5066,4.0372
5067,4.0369
5068,4.0367
5069,4.0364
5070,4.0361
5071,4.0359
5072,4.0356
5073,4.0354
5074,4.0351
5075,4.035
5076,4.0347
5077,4.0343
5078,4.0342
5079,4.0339
5080,4.0337
5081,4.0334
5082,4.0332
5083,4.0329
5084,4.0327
5085,4.0324
5086,4.0323
5087,4.032
5088,4.0318
5089,4.0315
5090,4.0313
5091,4.031
5092,4.0308
5093,4.0305
5094,4.0304
5095,4.03
5096,4.0299
5097,4.0297
5098,4.0294
5099,4.0293
5100,4.0289
5101,4.0288
5102,4.0285
5103,4.0283
5104,4.0281
5105,4.0278
5106,4.0277
5107,4.0273
5108,4.0272
5109,4.027
5110,4.0267
5111,4.0266
5112,4.0264
5113,4.0261
5114,4.0259
5115,4.0258
5116,4.0254
5117,4.0253
5118,4.0251
5119,4.0248
5120,4.0246
5121,4.0245
5122,4.0242
5123,4.024
5124,4.0239
5125,4.0237
5126,4.0234
5127,4.0232
5128,4.0231
5129,4.0227
5130,4.0226
5131,4.0224
5132,4.0223
5133,4.0219
5134,4.0218
5135,4.0216
5136,4.0215
5137,4.0211
5138,4.021
5139,4.0208
5140,4.0207
5141,4.0205
5142,4.0202
5143,4.02
5144,4.0199
5145,4.0197
5146,4.0196
5147,4.0194
5148,4.0191
5149,4.0189
5150,4.0188
5151,4.0186
5152,4.0184
5153,4.0181
5154,4.018
5155,4.0178
5156,4.0177
5157,4.0175
5158,4.0173
5159,4.0172
5160,4.0169
5161,4.0167
5162,4.0165
5163,4.0164
5164,4.0162
5165,4.0161
5166,4.0159
5167,4.0157
5168,4.0156
5169,4.0154
5170,4.0151
5171,4.015
5172,4.0148
5173,4.0146
5174,4.0145
5175,4.0143
5176,4.0142
5177,4.014
5178,4.0138
5179,4.0137
5180,4.0135
5181,4.0132
5182,4.013
5183,4.0129
5184,4.0127
5185,4.0126
5186,4.0124
5187,4.0123
5188,4.0121
5189,4.0119
5190,4.0118
5191,4.0116
5192,4.0115
5193,4.0113
5194,4.0111
5195,4.011
5196,4.0108
5197,4.0107
5198,4.0105
5199,4.0103
5200,4.0102
5201,4.01
5202,4.0099
5203,4.0097
5204,4.0096
5205,4.0094
5206,4.0092
5207,4.0091
5208,4.0089
5209,4.0088
5210,4.0086
5211,4.0084
5212,4.0083
5213,4.0081
5214,4.008
5215,4.0078
5216,4.0076
5217,4.0075
5218,4.0073
5219,4.0072
5220,4.007
5221,4.0069
5222,4.0067
5223,4.0065
5224,4.0064
5225,4.0062
5226,4.0061
5227,4.0059
5228,4.0057
5229,4.0056
5230,4.0054
5231,4.0053
5232,4.0051
5233,4.0049
5234,4.0048
5235,4.0046
5236,4.0045
5237,4.0043
5238,4.0042
5239,4.004
5240,4.0038
5241,4.0037
5242,4.0035
5243,4.0034
5244,4.003
5245,4.003
5246,4.0029
5247,4.0027
5248,4.0026
5249,4.0024
5250,4.0022
5251,4.0021
5252,4.0019
5253,4.0016
5254,4.0016
5255,4.0015
5256,4.0011
5257,4.0011
5258,4.001
5259,4.0007
5260,4.0005
5261,4.0003
5262,4.0002
5263,4.0
5264,3.9999
5265,3.9997
5266,3.9995
5267,3.9994
5268,3.9992
5269,3.9991
5270,3.9989
5271,3.9988
5272,3.9986
5273,3.9984
5274,3.9983
5275,3.9981
5276,3.998
5277,3.9978
5278,3.9976
5279,3.9975
5280,3.9973
5281,3.9972
5282,3.997
5283,3.9968
5284,3.9965
5285,3.9964
5286,3.9962
5287,3.996
5288,3.9959
5289,3.9957
5290,3.9956
5291,3.9954
5292,3.9953
5293,3.9951
5294,3.9949
5295,3.9948
5296,3.9945
5297,3.9943
5298,3.9941
5299,3.994
5300,3.9938
5301,3.9937
5302,3.9935
5303,3.9933
5304,3.9932
5305,3.9929
5306,3.9927
5307,3.9926
5308,3.9924
5309,3.9922
5310,3.9921
5311,3.9919
5312,3.9918
5313,3.9914
5314,3.9913
5315,3.9911
5316,3.991
5317,3.9908
5318,3.9905
5319,3.9903
5320,3.9902
5321,3.99
5322,3.9899
5323,3.9895
5324,3.9895
5325,3.9892
5326,3.9891
5327,3.9889
5328,3.9887
5329,3.9884
5330,3.9883
5331,3.9881
5332,3.9879
5333,3.9876
5334,3.9875
5335,3.9873
5336,3.9872
5337,3.987
5338,3.9867
5339,3.9865
5340,3.9864
5341,3.9862
5342,3.9859
5343,3.9857
5344,3.9856
5345,3.9852
5346,3.9851
5347,3.9849
5348,3.9848
5349,3.9845
5350,3.9843
5351,3.9841
5352,3.9838
5353,3.9837
5354,3.9835
5355,3.9833
5356,3.983
5357,3.9829
5358,3.9825
5359,3.9824
5360,3.9822
5361,3.9819
5362,3.9818
5363,3.9816
5364,3.9813
5365,3.9811
5366,3.981
5367,3.9806
5368,3.9805
5369,3.9803
5370,3.98
5371,3.9798
5372,3.9795
5373,3.9794
5374,3.9791
5375,3.9789
5376,3.9787
5377,3.9784
5378,3.9783
5379,3.9779
5380,3.9778
5381,3.9776
5382,3.9773
5383,3.9771
5384,3.9768
5385,3.9767
5386,3.9764
5387,3.9762
5388,3.9759
5389,3.9757
5390,3.9754
5391,3.9752
5392,3.9751
5393,3.9748
5394,3.9744
5395,3.9743
5396,3.9741
5397,3.9738
5398,3.9735
5399,3.9733
5400,3.973
5401,3.9729
5402,3.9725
5403,3.9724
5404,3.9721
5405,3.9719
5406,3.9716
5407,3.9714
5408,3.9711
5409,3.9708
5410,3.9706
5411,3.9703
5412,3.9702
5413,3.9698
5414,3.9697
5415,3.9694
5416,3.9692
5417,3.9689
5418,3.9686
5419,3.9684
5420,3.9681
5421,3.9678
5422,3.9676
5423,3.9673
5424,3.967
5425,3.9668
5426,3.9665
5427,3.9663
5428,3.966
5429,3.9657
5430,3.9655
5431,3.9652
5432,3.9649
5433,3.9648
5434,3.9644
5435,3.9641
5436,3.964
5437,3.9636
5438,3.9635
5439,3.9632
5440,3.9628
5441,3.9625
5442,3.9624
5443,3.9621
5444,3.9617
5445,3.9616
5446,3.9613
5447,3.9609
5448,3.9608
5449,3.9605
5450,3.9601
5451,3.96
5452,3.9597
5453,3.9594
5454,3.959
5455,3.9589
5456,3.9586
5457,3.9582
5458,3.9579
5459,3.9578
5460,3.9574
5461,3.9571
5462,3.957
5463,3.9567
5464,3.9563
5465,3.956
5466,3.9559
5467,3.9555
5468,3.9552
5469,3.9549
5470,3.9547
5471,3.9544
5472,3.9541
5473,3.9538
5474,3.9535
5475,3.9533
5476,3.953
5477,3.9527
5478,3.9524
5479,3.9522
5480,3.9519
5481,3.9516
5482,3.9513
5483,3.9511
5484,3.9508
5485,3.9505
5486,3.9501
5487,3.9498
5488,3.9497
5489,3.9493
5490,3.949
5491,3.9487
5492,3.9486
5493,3.9482
5494,3.9479
5495,3.9476
5496,3.9473
5497,3.9471
5498,3.9468
5499,3.9465
5500,3.9462
5501,3.9458
5502,3.9457
5503,3.9454
5504,3.9451
5505,3.9447
5506,3.9446
5507,3.9443
5508,3.9439
5509,3.9436
5510,3.9433
5511,3.9431
5512,3.9428
5513,3.9425
5514,3.9422
5515,3.9419
5516,3.9417
5517,3.9414
5518,3.9411
5519,3.9408
5520,3.9406
5521,3.9403
5522,3.94
5523,3.9397
5524,3.9393
5525,3.9392
5526,3.9389
5527,3.9385
5528,3.9382
5529,3.9381
5530,3.9377
5531,3.9374
5532,3.9371
5533,3.9368
5534,3.9366
5535,3.9363
5536,3.936
5537,3.9357
5538,3.9355
5539,3.9352
5540,3.9349
5541,3.9346
5542,3.9343
5543,3.9341
5544,3.9338
5545,3.9335
5546,3.9331
5547,3.933
5548,3.9327
5549,3.9323
5550,3.932
5551,3.9319
5552,3.9316
5553,3.9312
5554,3.9311
5555,3.9308
5556,3.9304
5557,3.9301
5558,3.9298
5559,3.9296
5560,3.9293
5561,3.929
5562,3.9289
5563,3.9285
5564,3.9282
5565,3.9279
5566,3.9277
5567,3.9274
5568,3.9271
5569,3.9269
5570,3.9266
5571,3.9263
5572,3.926
5573,3.9258
5574,3.9255
5575,3.9252
5576,3.925
5577,3.9247
5578,3.9244
5579,3.9242
5580,3.9239
5581,3.9236
5582,3.9235
5583,3.9231
5584,3.9228
5585,3.9227
5586,3.9223
5587,3.922
5588,3.9219
5589,3.9215
5590,3.9212
5591,3.9211
5592,3.9207
5593,3.9204
5594,3.9203
5595,3.92
5596,3.9196
5597,3.9195
5598,3.9192
5599,3.9188
5600,3.9187
5601,3.9184
5602,3.9182
5603,3.9179
5604,3.9176
5605,3.9174
5606,3.9171
5607,3.9168
5608,3.9166
5609,3.9163
5610,3.9161
5611,3.9158
5612,3.9155
5613,3.9153
5614,3.915
5615,3.9149
5616,3.9146
5617,3.9142
5618,3.9141
5619,3.9138
5620,3.9136
5621,3.9133
5622,3.913
5623,3.9128
5624,3.9125
5625,3.9123
5626,3.912
5627,3.9119
5628,3.9115
5629,3.9112
5630,3.9111
5631,3.9107
5632,3.9106
5633,3.9103
5634,3.9101
5635,3.9098
5636,3.9096
5637,3.9093
5638,3.909
5639,3.9088
5640,3.9085
5641,3.9084
5642,3.908
5643,3.9079
5644,3.9076
5645,3.9074
5646,3.9071
5647,3.9069
5648,3.9066
5649,3.9065
5650,3.9061
5651,3.906
5652,3.9057
5653,3.9055
5654,3.9052
5655,3.9049
5656,3.9047
5657,3.9044
5658,3.9042
5659,3.9041
5660,3.9038
5661,3.9034
5662,3.9033
5663,3.903
5664,3.9028
5665,3.9025
5666,3.9023
5667,3.902
5668,3.9018
5669,3.9017
5670,3.9014
5671,3.9012
5672,3.9009
5673,3.9007
5674,3.9004
5675,3.9003
5676,3.8999
5677,3.8998
5678,3.8995
5679,3.8993
5680,3.899
5681,3.8988
5682,3.8985
5683,3.8984
5684,3.8982
5685,3.8979
5686,3.8977
5687,3.8974
5688,3.8972
5689,3.8969
5690,3.8968
5691,3.8964
5692,3.8963
5693,3.896
5694,3.8958
5695,3.8955
5696,3.8953
5697,3.8952
5698,3.8949
5699,3.8947
5700,3.8944
5701,3.8942
5702,3.8939
5703,3.8937
5704,3.8934
5705,3.8933
5706,3.8931
5707,3.8928
5708,3.8926
5709,3.8923
5710,3.8922
5711,3.8918
5712,3.8917
5713,3.8914
5714,3.8912
5715,3.891
5716,3.8907
5717,3.8906
5718,3.8902
5719,3.8901
5720,3.8898
5721,3.8896
5722,3.8893
5723,3.8891
5724,3.889
5725,3.8887
5726,3.8885
5727,3.8882
5728,3.888
5729,3.8877
5730,3.8875
5731,3.8872
5732,3.8871
5733,3.8869
5734,3.8866
5735,3.8864
5736,3.8861
5737,3.886
5738,3.8856
5739,3.8855
5740,3.8853
5741,3.885
5742,3.8848
5743,3.8845
5744,3.8844
5745,3.8841
5746,3.8839
5747,3.8837
5748,3.8834
5749,3.8833
5750,3.8829
5751,3.8828
5752,3.8825
5753,3.8823
5754,3.8821
5755,3.8818
5756,3.8817
5757,3.8814
5758,3.8812
5759,3.8809
5760,3.8807
5761,3.8804
5762,3.8802
5763,3.8799
5764,3.8798
5765,3.8796
5766,3.8793
5767,3.8791
5768,3.8788
5769,3.8787
5770,3.8783
5771,3.8782
5772,3.8779
5773,3.8777
5774,3.8775
5775,3.8772
5776,3.8771
5777,3.8767
5778,3.8766
5779,3.8763
5780,3.8761
5781,3.8758
5782,3.8756
5783,3.8753
5784,3.8752
5785,3.8748
5786,3.8747
5787,3.8744
5788,3.8742
5789,3.874
5790,3.8737
5791,3.8736
5792,3.8733
5793,3.8731
5794,3.8728
5795,3.8726
5796,3.8723
5797,3.8721
5798,3.8718
5799,3.8717
5800,3.8713
5801,3.8712
5802,3.8709
5803,3.8707
5804,3.8704
5805,3.8702
5806,3.8699
5807,3.8698
5808,3.8694
5809,3.8693
5810,3.869
5811,3.8688
5812,3.8685
5813,3.8683
5814,3.868
5815,3.8678
5816,3.8675
5817,3.8674
5818,3.8671
5819,3.8669
5820,3.8666
5821,3.8664
5822,3.8661
5823,3.8659
5824,3.8656
5825,3.8655
5826,3.8651
5827,3.865
5828,3.8647
5829,3.8645
5830,3.8642
5831,3.864
5832,3.8637
5833,3.8636
5834,3.8632
5835,3.8631
5836,3.8628
5837,3.8626
5838,3.8623
5839,3.8621
5840,3.8618
5841,3.8615
5842,3.8613
5843,3.861
5844,3.8609
5845,3.8605
5846,3.8604
5847,3.8601
5848,3.8599
5849,3.8596
5850,3.8594
5851,3.8591
5852,3.859
5853,3.8586
5854,3.8583
5855,3.8582
5856,3.8578
5857,3.8577
5858,3.8574
5859,3.8572
5860,3.8569
5861,3.8567
5862,3.8564
5863,3.8561
5864,3.8559
5865,3.8556
5866,3.8555
5867,3.8551
5868,3.855
5869,3.8547
5870,3.8545
5871,3.8542
5872,3.8539
5873,3.8537
5874,3.8534
5875,3.8532
5876,3.8529
5877,3.8528
5878,3.8524
5879,3.8523
5880,3.852
5881,3.8516
5882,3.8515
5883,3.8512
5884,3.851
5885,3.8507
5886,3.8504
5887,3.8502
5888,3.8499
5889,3.8497
5890,3.8494
5891,3.8493
5892,3.8489
5893,3.8488
5894,3.8485
5895,3.8481
5896,3.848
5897,3.8477
5898,3.8475
5899,3.8472
5900,3.847
5901,3.8467
5902,3.8464
5903,3.8462
5904,3.8459
5905,3.8458
5906,3.8454
5907,3.8453
5908,3.845
5909,3.8448
5910,3.8445
5911,3.8442
5912,3.844
5913,3.8437
5914,3.8435
5915,3.8432
5916,3.8431
5917,3.8427
5918,3.8424
5919,3.8423
5920,3.842
5921,3.8418
5922,3.8415
5923,3.8412
5924,3.841
5925,3.8407
5926,3.8405
5927,3.8402
5928,3.84
5929,3.8397
5930,3.8396
5931,3.8393
5932,3.8391
5933,3.8388
5934,3.8385
5935,3.8383
5936,3.838
5937,3.8378
5938,3.8375
5939,3.8373
5940,3.837
5941,3.8367
5942,3.8366
5943,3.8364
5944,3.8361
5945,3.8358
5946,3.8356
5947,3.8353
5948,3.8351
5949,3.8348
5950,3.8346
5951,3.8343
5952,3.8342
5953,3.8339
5954,3.8335
5955,3.8334
5956,3.8331
5957,3.8329
5958,3.8326
5959,3.8324
5960,3.8321
5961,3.8319
5962,3.8316
5963,3.8315
5964,3.8312
5965,3.831
5966,3.8307
5967,3.8305
5968,3.8302
5969,3.83
5970,3.8297
5971,3.8296
5972,3.8292
5973,3.8289
5974,3.8288
5975,3.8285
5976,3.8283
5977,3.828
5978,3.8278
5979,3.8275
5980,3.8273
5981,3.827
5982,3.8269
5983,3.8265
5984,3.8264
5985,3.8261
5986,3.8259
5987,3.8256
5988,3.8254
5989,3.8251
5990,3.825
5991,3.8246
5992,3.8245
5993,3.8242
5994,3.824
5995,3.8238
5996,3.8235
5997,3.8234
5998,3.823
5999,3.8229
6000,3.8226
6001,3.8224
6002,3.8221
6003,3.8219
6004,3.8216
6005,3.8215
6006,3.8211
6007,3.821
6008,3.8207
6009,3.8205
6010,3.8203
6011,3.82
6012,3.8199
6013,3.8196
6014,3.8194
6015,3.8191
6016,3.8189
6017,3.8186
6018,3.8184
6019,3.8183
6020,3.818
6021,3.8178
6022,3.8175
6023,3.8173
6024,3.817
6025,3.8169
6026,3.8165
6027,3.8164
6028,3.8162
6029,3.8159
6030,3.8157
6031,3.8154
6032,3.8153
6033,3.8151
6034,3.8148
6035,3.8146
6036,3.8143
6037,3.8142
6038,3.8138
6039,3.8137
6040,3.8135
6041,3.8132
6042,3.813
6043,3.8129
6044,3.8126
6045,3.8124
6046,3.8121
6047,3.8119
6048,3.8118
6049,3.8115
6050,3.8113
6051,3.811
6052,3.8108
6053,3.8107
6054,3.8103
6055,3.8102
6056,3.81
6057,3.8097
6058,3.8095
6059,3.8092
6060,3.8091
6061,3.8089
6062,3.8086
6063,3.8084
6064,3.8081
6065,3.808
6066,3.8078
6067,3.8075
6068,3.8073
6069,3.8072
6070,3.8068
6071,3.8067
6072,3.8065
6073,3.8062
6074,3.8061
6075,3.8059
6076,3.8056
6077,3.8054
6078,3.8053
6079,3.8049
6080,3.8048
6081,3.8046
6082,3.8043
6083,3.8041
6084,3.804
6085,3.8037
6086,3.8035
6087,3.8034
6088,3.803
6089,3.8029
6090,3.8027
6091,3.8024
6092,3.8022
6093,3.8021
6094,3.8018
6095,3.8016
6096,3.8014
6097,3.8013
6098,3.801
6099,3.8008
6100,3.8007
6101,3.8003
6102,3.8002
6103,3.8
6104,3.7997
6105,3.7995
6106,3.7994
6107,3.7992
6108,3.7989
6109,3.7987
6110,3.7986
6111,3.7983
6112,3.7981
6113,3.7979
6114,3.7978
6115,3.7975
6116,3.7973
6117,3.7972
6118,3.797
6119,3.7967
6120,3.7965
6121,3.7964
6122,3.796
6123,3.7959
6124,3.7957
6125,3.7956
6126,3.7952
6127,3.7951
6128,3.7949
6129,3.7948
6130,3.7945
6131,3.7943
6132,3.7941
6133,3.794
6134,3.7937
6135,3.7935
6136,3.7933
6137,3.7932
6138,3.7929
6139,3.7927
6140,3.7925
6141,3.7924
6142,3.7921
6143,3.7919
6144,3.7918
6145,3.7916
6146,3.7913
6147,3.7911
6148,3.791
6149,3.7908
6150,3.7906
6151,3.7903
6152,3.7902
6153,3.79
6154,3.7898
6155,3.7895
6156,3.7894
6157,3.7892
6158,3.7891
6159,3.7889
6160,3.7886
6161,3.7884
6162,3.7883
6163,3.7881
6164,3.7878
6165,3.7876
6166,3.7875
6167,3.7873
6168,3.7871
6169,3.7868
6170,3.7867
6171,3.7865
6172,3.7864
6173,3.786
6174,3.7859
6175,3.7857
6176,3.7856
6177,3.7854
6178,3.7852
6179,3.7849
6180,3.7848
6181,3.7846
6182,3.7844
6183,3.7843
6184,3.784
6185,3.7838
6186,3.7837
6187,3.7835
6188,3.7833
6189,3.783
6190,3.7829
6191,3.7827
6192,3.7825
6193,3.7824
6194,3.7822
6195,3.7819
6196,3.7817
6197,3.7816
6198,3.7814
6199,3.7813
6200,3.781
6201,3.7808
6202,3.7806
6203,3.7805
6204,3.7803
6205,3.7802
6206,3.7798
6207,3.7797
6208,3.7795
6209,3.7794
6210,3.7792
6211,3.779
6212,3.7787
6213,3.7786
6214,3.7784
6215,3.7783
6216,3.7781
6217,3.7779
6218,3.7778
6219,3.7775
6220,3.7773
6221,3.7771
6222,3.777
6223,3.7768
6224,3.7767
6225,3.7763
6226,3.7762
6227,3.776
6228,3.7759
6229,3.7757
6230,3.7756
6231,3.7754
6232,3.7751
6233,3.7749
6234,3.7748
6235,3.7746
6236,3.7744
6237,3.7743
6238,3.774
6239,3.7738
6240,3.7736
6241,3.7735
6242,3.7733
6243,3.7732
6244,3.773
6245,3.7729
6246,3.7725
6247,3.7724
6248,3.7722
6249,3.7721
6250,3.7719
6251,3.7717
6252,3.7716
6253,3.7714
6254,3.7711
6255,3.7709
6256,3.7708
6257,3.7706
6258,3.7705
6259,3.7703
6260,3.7701
6261,3.77
6262,3.7697
6263,3.7695
6264,3.7694
6265,3.7692
6266,3.769
6267,3.7689
6268,3.7687
6269,3.7686
6270,3.7682
6271,3.7681
6272,3.7679
6273,3.7678
6274,3.7676
6275,3.7674
6276,3.7673
6277,3.767
6278,3.7668
6279,3.7667
6280,3.7665
6281,3.7663
6282,3.7662
6283,3.766
6284,3.7659
6285,3.7657
6286,3.7654
6287,3.7652
6288,3.7651
6289,3.7649
6290,3.7647
6291,3.7646
6292,3.7644
6293,3.7643
6294,3.7641
6295,3.7638
6296,3.7636
6297,3.7635
6298,3.7633
6299,3.7632
6300,3.763
6301,3.7628
6302,3.7627
6303,3.7625
6304,3.7622
6305,3.762
6306,3.7619
6307,3.7617
6308,3.7616
6309,3.7614
6310,3.7613
6311,3.7611
6312,3.7609
6313,3.7608
6314,3.7605
6315,3.7603
6316,3.7601
6317,3.76
6318,3.7598
6319,3.7597
6320,3.7595
6321,3.7593
6322,3.7592
6323,3.759
6324,3.7587
6325,3.7586
6326,3.7584
6327,3.7582
6328,3.7581
6329,3.7579
6330,3.7578
6331,3.7576
6332,3.7574
6333,3.7573
6334,3.757
6335,3.7568
6336,3.7566
6337,3.7565
6338,3.7563
6339,3.7562
6340,3.756
6341,3.7559
6342,3.7557
6343,3.7555
6344,3.7552
6345,3.7551
6346,3.7549
6347,3.7547
6348,3.7546
6349,3.7544
6350,3.7543
6351,3.7541
6352,3.7539
6353,3.7538
6354,3.7536
6355,3.7533
6356,3.7532
6357,3.753
6358,3.7528
6359,3.7527
6360,3.7525
6361,3.7524
6362,3.7522
6363,3.752
6364,3.7519
6365,3.7516
6366,3.7516
6367,3.7512
6368,3.7511
6369,3.7509
6370,3.7508
6371,3.7506
6372,3.7505
6373,3.7503
6374,3.7501
6375,3.75
6376,3.7497
6377,3.7495
6378,3.7493
6379,3.7492
6380,3.749
6381,3.7489
6382,3.7487
6383,3.7485
6384,3.7484
6385,3.7482
6386,3.7481
6387,3.7478
6388,3.7476
6389,3.7474
6390,3.7473
6391,3.7471
6392,3.747
6393,3.7468
6394,3.7466
6395,3.7465
6396,3.7463
6397,3.7462
6398,3.746
6399,3.7457
6400,3.7455
6401,3.7454
6402,3.7452
6403,3.745
6404,3.7449
6405,3.7447
6406,3.7446
6407,3.7444
6408,3.7443
6409,3.7439
6410,3.7438
6411,3.7436
6412,3.7435
6413,3.7433
6414,3.7431
6415,3.743
6416,3.7428
6417,3.7427
6418,3.7425
6419,3.7423
6420,3.742
6421,3.7419
6422,3.7417
6423,3.7416
6424,3.7414
6425,3.7412
6426,3.7411
6427,3.7409
6428,3.7408
6429,3.7406
6430,3.7404
6431,3.7403
6432,3.74
6433,3.7398
6434,3.7396
6435,3.7395
6436,3.7393
6437,3.7392
6438,3.739
6439,3.7389
6440,3.7387
6441,3.7385
6442,3.7384
6443,3.7382
6444,3.7379
6445,3.7377
6446,3.7376
6447,3.7374
6448,3.7373
6449,3.7371
6450,3.7369
6451,3.7368
6452,3.7366
6453,3.7365
6454,3.7363
6455,3.736
6456,3.7358
6457,3.7357
6458,3.7355
6459,3.7354
6460,3.7352
6461,3.735
6462,3.7349
6463,3.7347
6464,3.7344
6465,3.7342
6466,3.7341
6467,3.7339
6468,3.7338
6469,3.7336
6470,3.7335
6471,3.7333
6472,3.7331
6473,3.733
6474,3.7328
6475,3.7325
6476,3.7323
6477,3.7322
6478,3.732
6479,3.7319
6480,3.7317
6481,3.7315
6482,3.7314
6483,3.7312
6484,3.7311
6485,3.7308
6486,3.7306
6487,3.7304
6488,3.7303
6489,3.7301
6490,3.73
6491,3.7298
6492,3.7296
6493,3.7295
6494,3.7293
6495,3.7292
6496,3.7288
6497,3.7287
6498,3.7285
6499,3.7284
6500,3.7282
6501,3.7281
6502,3.7279
6503,3.7277
6504,3.7274
6505,3.7273
6506,3.7271
6507,3.7269
6508,3.7268
6509,3.7266
6510,3.7265
6511,3.7263
6512,3.7261
6513,3.726
6514,3.7257
6515,3.7255
6516,3.7254
6517,3.7252
6518,3.725
6519,3.7249
6520,3.7247
6521,3.7246
6522,3.7244
6523,3.7242
6524,3.7239
6525,3.7238
6526,3.7236
6527,3.7234
6528,3.7233
6529,3.7231
6530,3.723
6531,3.7228
6532,3.7227
6533,3.7223
6534,3.7222
6535,3.722
6536,3.7219
6537,3.7217
6538,3.7215
6539,3.7214
6540,3.7212
6541,3.7211
6542,3.7207
6543,3.7206
6544,3.7204
6545,3.7203
6546,3.7201
6547,3.7199
6548,3.7198
6549,3.7196
6550,3.7195
6551,3.7193
6552,3.719
6553,3.7188
6554,3.7187
6555,3.7185
6556,3.7184
6557,3.7182
6558,3.718
6559,3.7179
6560,3.7176
6561,3.7174
6562,3.7172
6563,3.7171
6564,3.7169
6565,3.7168
6566,3.7166
6567,3.7165
6568,3.7163
6569,3.716
6570,3.7158
6571,3.7157
6572,3.7155
6573,3.7153
6574,3.7152
6575,3.715
6576,3.7147
6577,3.7145
6578,3.7144
6579,3.7142
6580,3.7141
6581,3.7139
6582,3.7138
6583,3.7136
6584,3.7134
6585,3.7131
6586,3.713
6587,3.7128
6588,3.7126
6589,3.7125
6590,3.7123
6591,3.7122
6592,3.712
6593,3.7117
6594,3.7115
6595,3.7114
6596,3.7112
6597,3.7111
6598,3.7109
6599,3.7107
6600,3.7106
6601,3.7103
6602,3.7101
6603,3.7099
6604,3.7098
6605,3.7096
6606,3.7095
6607,3.7093
6608,3.7091
6609,3.7088
6610,3.7087
6611,3.7085
6612,3.7084
6613,3.7082
6614,3.708
6615,3.7079
6616,3.7076
6617,3.7074
6618,3.7072
6619,3.7071
6620,3.7069
6621,3.7068
6622,3.7066
6623,3.7064
6624,3.7061
6625,3.706
6626,3.7058
6627,3.7057
6628,3.7055
6629,3.7053
6630,3.705
6631,3.7049
6632,3.7047
6633,3.7045
6634,3.7044
6635,3.7042
6636,3.7041
6637,3.7039
6638,3.7036
6639,3.7034
6640,3.7033
6641,3.7031
6642,3.703
6643,3.7028
6644,3.7025
6645,3.7023
6646,3.7022
6647,3.702
6648,3.7018
6649,3.7017
6650,3.7015
6651,3.7012
6652,3.701
6653,3.7009
6654,3.7007
6655,3.7006
6656,3.7004
6657,3.7003
6658,3.6999
6659,3.6998
6660,3.6996
6661,3.6995
6662,3.6993
6663,3.6991
6664,3.699
6665,3.6987
6666,3.6985
6667,3.6983
6668,3.6982
6669,3.698
6670,3.6979
6671,3.6977
6672,3.6974
6673,3.6972
6674,3.6971
6675,3.6969
6676,3.6968
6677,3.6966
6678,3.6963
6679,3.6961
6680,3.696
6681,3.6958
6682,3.6956
6683,3.6955
6684,3.6953
6685,3.695
6686,3.6948
6687,3.6947
6688,3.6945
6689,3.6944
6690,3.6942
6691,3.6941
6692,3.6937
6693,3.6936
6694,3.6934
6695,3.6933
6696,3.6931
6697,3.6929
6698,3.6926
6699,3.6925
6700,3.6923
6701,3.6921
6702,3.692
6703,3.6918
6704,3.6915
6705,3.6914
6706,3.6912
6707,3.691
6708,3.6909
6709,3.6907
6710,3.6906
6711,3.6902
6712,3.6901
6713,3.6899
6714,3.6898
6715,3.6896
6716,3.6893
6717,3.6891
6718,3.689
6719,3.6888
6720,3.6887
6721,3.6885
6722,3.6883
6723,3.688
6724,3.6879
6725,3.6877
6726,3.6875
6727,3.6874
6728,3.6872
6729,3.6869
6730,3.6867
6731,3.6866
6732,3.6864
6733,3.6863
6734,3.6861
6735,3.6858
6736,3.6856
6737,3.6855
6738,3.6853
6739,3.6852
6740,3.685
6741,3.6847
6742,3.6845
6743,3.6844
6744,3.6842
6745,3.684
6746,3.6839
6747,3.6837
6748,3.6834
6749,3.6833
6750,3.6831
6751,3.6829
6752,3.6828
6753,3.6826
6754,3.6823
6755,3.6821
6756,3.682
6757,3.6818
6758,3.6817
6759,3.6815
6760,3.6812
6761,3.681
6762,3.6809
6763,3.6807
6764,3.6806
6765,3.6804
6766,3.6801
6767,3.6799
6768,3.6798
6769,3.6796
6770,3.6794
6771,3.6793
6772,3.679
6773,3.6788
6774,3.6786
6775,3.6785
6776,3.6783
6777,3.6782
6778,3.6779
6779,3.6777
6780,3.6775
6781,3.6774
6782,3.6772
6783,3.6771
6784,3.6769
6785,3.6766
6786,3.6764
6787,3.6763
6788,3.6761
6789,3.6759
6790,3.6758
6791,3.6755
6792,3.6753
6793,3.6752
6794,3.675
6795,3.6748
6796,3.6747
6797,3.6745
6798,3.6742
6799,3.674
6800,3.6739
6801,3.6737
6802,3.6736
6803,3.6734
6804,3.6731
6805,3.6729
6806,3.6728
6807,3.6726
6808,3.6724
6809,3.6723
6810,3.6721
6811,3.6718
6812,3.6717
6813,3.6715
6814,3.6713
6815,3.6712
6816,3.671
6817,3.6707
6818,3.6705
6819,3.6704
6820,3.6702
6821,3.6701
6822,3.6699
6823,3.6697
6824,3.6694
6825,3.6693
6826,3.6691
6827,3.669
6828,3.6688
6829,3.6686
6830,3.6683
6831,3.6682
6832,3.668
6833,3.6678
6834,3.6677
6835,3.6675
6836,3.6674
6837,3.667
6838,3.6669
6839,3.6667
6840,3.6666
6841,3.6664
6842,3.6663
6843,3.6661
6844,3.6659
6845,3.6656
6846,3.6655
6847,3.6653
6848,3.6651
6849,3.665
6850,3.6648
6851,3.6647
6852,3.6643
6853,3.6642
6854,3.664
6855,3.6639
6856,3.6637
6857,3.6636
6858,3.6634
6859,3.6631
6860,3.6629
6861,3.6628
6862,3.6626
6863,3.6624
6864,3.6623
6865,3.6621
6866,3.662
6867,3.6616
6868,3.6615
6869,3.6613
6870,3.6612
6871,3.661
6872,3.6609
6873,3.6607
6874,3.6605
6875,3.6602
6876,3.6601
6877,3.6599
6878,3.6597
6879,3.6596
6880,3.6594
6881,3.6593
6882,3.6591
6883,3.6589
6884,3.6586
6885,3.6585
6886,3.6583
6887,3.6582
6888,3.658
6889,3.6578
6890,3.6577
6891,3.6574
6892,3.6572
6893,3.657
6894,3.6569
6895,3.6567
6896,3.6566
6897,3.6564
6898,3.6562
6899,3.6561
6900,3.6559
6901,3.6556
6902,3.6555
6903,3.6553
6904,3.6551
6905,3.655
6906,3.6548
6907,3.6547
6908,3.6545
6909,3.6543
6910,3.654
6911,3.6539
6912,3.6537
6913,3.6535
6914,3.6534
6915,3.6532
6916,3.6531
6917,3.6529
6918,3.6528
6919,3.6524
6920,3.6523
6921,3.6521
6922,3.652
6923,3.6518
6924,3.6516
6925,3.6515
6926,3.6513
6927,3.6512
6928,3.651
6929,3.6508
6930,3.6505
6931,3.6504
6932,3.6502
6933,3.6501
6934,3.6499
6935,3.6497
6936,3.6496
6937,3.6494
6938,3.6493
6939,3.6489
6940,3.6488
6941,3.6486
6942,3.6485
6943,3.6483
6944,3.6481
6945,3.648
6946,3.6478
6947,3.6475
6948,3.6473
6949,3.6472
6950,3.647
6951,3.6469
6952,3.6467
6953,3.6466
6954,3.6464
6955,3.6462
6956,3.6461
6957,3.6458
6958,3.6456
6959,3.6454
6960,3.6453
6961,3.6451
6962,3.645
6963,3.6448
6964,3.6446
6965,3.6445
6966,3.6442
6967,3.644
6968,3.6439
6969,3.6437
6970,3.6435
6971,3.6434
6972,3.6432
6973,3.6431
6974,3.6427
6975,3.6426
6976,3.6424
6977,3.6423
6978,3.6421
6979,3.6419
6980,3.6418
6981,3.6416
6982,3.6413
6983,3.6412
6984,3.641
6985,3.6408
6986,3.6407
6987,3.6405
6988,3.6404
6989,3.6402
6990,3.6399
6991,3.6397
6992,3.6396
6993,3.6394
6994,3.6392
6995,3.6391
6996,3.6389
6997,3.6386
6998,3.6385
6999,3.6383
7000,3.6381
7001,3.638
7002,3.6378
7003,3.6377
7004,3.6375
7005,3.6372
7006,3.637
7007,3.6369
7008,3.6367
7009,3.6365
7010,3.6364
7011,3.6361
7012,3.6359
7013,3.6358
7014,3.6356
7015,3.6354
7016,3.6351
7017,3.635
7018,3.6348
7019,3.6346
7020,3.6345
7021,3.6343
7022,3.634
7023,3.6338
7024,3.6337
7025,3.6335
7026,3.6334
7027,3.6331
7028,3.6329
7029,3.6327
7030,3.6326
7031,3.6324
7032,3.6323
7033,3.6319
7034,3.6318
7035,3.6316
7036,3.6315
7037,3.6311
7038,3.631
7039,3.6308
7040,3.6307
7041,3.6305
7042,3.6302
7043,3.63
7044,3.6299
7045,3.6297
7046,3.6296
7047,3.6292
7048,3.6291
7049,3.6289
7050,3.6286
7051,3.6284
7052,3.6283
7053,3.6281
7054,3.628
7055,3.6277
7056,3.6275
7057,3.6273
7058,3.627
7059,3.6269
7060,3.6267
7061,3.6265
7062,3.6262
7063,3.6261
7064,3.6259
7065,3.6257
7066,3.6254
7067,3.6253
7068,3.6251
7069,3.6248
7070,3.6246
7071,3.6245
7072,3.6242
7073,3.624
7074,3.6238
7075,3.6237
7076,3.6234
7077,3.6232
7078,3.623
7079,3.6227
7080,3.6226
7081,3.6224
7082,3.6221
7083,3.6219
7084,3.6216
7085,3.6215
7086,3.6213
7087,3.621
7088,3.6208
7089,3.6207
7090,3.6203
7091,3.6202
7092,3.6199
7093,3.6197
7094,3.6195
7095,3.6192
7096,3.6191
7097,3.6188
7098,3.6186
7099,3.6184
7100,3.6181
7101,3.618
7102,3.6176
7103,3.6175
7104,3.6173
7105,3.617
7106,3.6168
7107,3.6165
7108,3.6164
7109,3.6161
7110,3.6159
7111,3.6156
7112,3.6154
7113,3.6151
7114,3.6149
7115,3.6146
7116,3.6145
7117,3.6141
7118,3.614
7119,3.6137
7120,3.6135
7121,3.6132
7122,3.613
7123,3.6127
7124,3.6124
7125,3.6122
7126,3.6119
7127,3.6118
7128,3.6114
7129,3.6113
7130,3.611
7131,3.6107
7132,3.6105
7133,3.6102
7134,3.61
7135,3.6097
7136,3.6094
7137,3.6092
7138,3.6089
7139,3.6086
7140,3.6084
7141,3.6081
7142,3.6078
7143,3.6076
7144,3.6073
7145,3.607
7146,3.6068
7147,3.6065
7148,3.6062
7149,3.6059
7150,3.6057
7151,3.6054
7152,3.6051
7153,3.6048
7154,3.6046
7155,3.6043
7156,3.604
7157,3.6037
7158,3.6033
7159,3.6032
7160,3.6029
7161,3.6026
7162,3.6022
7163,3.6019
7164,3.6018
7165,3.6014
7166,3.6011
7167,3.6008
7168,3.6005
7169,3.6002
7170,3.5999
7171,3.5995
7172,3.5992
7173,3.5989
7174,3.5986
7175,3.5983
7176,3.5981
7177,3.5978
7178,3.5973
7179,3.5972
7180,3.5967
7181,3.5964
7182,3.5962
7183,3.5957
7184,3.5954
7185,3.5951
7186,3.5948
7187,3.5944
7188,3.5941
7189,3.5938
7190,3.5935
7191,3.5932
7192,3.5927
7193,3.5924
7194,3.5921
7195,3.5917
7196,3.5914
7197,3.5911
7198,3.5906
7199,3.5903
7200,3.59
7201,3.5897
7202,3.5892
7203,3.5889
7204,3.5886
7205,3.5883
7206,3.5878
7207,3.5875
7208,3.587
7209,3.5867
7210,3.5863
7211,3.5859
7212,3.5856
7213,3.5852
7214,3.5848
7215,3.5844
7216,3.584
7217,3.5836
7218,3.5832
7219,3.5829
7220,3.5824
7221,3.5821
7222,3.5816
7223,3.5813
7224,3.5808
7225,3.5805
7226,3.58
7227,3.5795
7228,3.5792
7229,3.5787
7230,3.5782
7231,3.5779
7232,3.5775
7233,3.577
7234,3.5767
7235,3.5762
7236,3.5757
7237,3.5752
7238,3.5749
7239,3.5744
7240,3.574
7241,3.5735
7242,3.573
7243,3.5727
7244,3.5722
7245,3.5717
7246,3.5713
7247,3.5708
7248,3.5703
7249,3.5698
7250,3.5693
7251,3.5689
7252,3.5684
7253,3.5679
7254,3.5674
7255,3.567
7256,3.5665
7257,3.566
7258,3.5655
7259,3.5651
7260,3.5646
7261,3.5639
7262,3.5635
7263,3.563
7264,3.5625
7265,3.562
7266,3.5614
7267,3.5609
7268,3.5605
7269,3.56
7270,3.5593
7271,3.5589
7272,3.5584
7273,3.5578
7274,3.5573
7275,3.5568
7276,3.5562
7277,3.5557
7278,3.5552
7279,3.5546
7280,3.5541
7281,3.5535
7282,3.553
7283,3.5524
7284,3.5519
7285,3.5512
7286,3.5508
7287,3.5501
7288,3.5497
7289,3.549
7290,3.5484
7291,3.5479
7292,3.5473
7293,3.5468
7294,3.5462
7295,3.5455
7296,3.545
7297,3.5444
7298,3.5438
7299,3.5431
7300,3.5427
7301,3.542
7302,3.5414
7303,3.5409
7304,3.5403
7305,3.5396
7306,3.539
7307,3.5385
7308,3.5379
7309,3.5373
7310,3.5366
7311,3.536
7312,3.5354
7313,3.5349
7314,3.5342
7315,3.5336
7316,3.533
7317,3.5323
7318,3.5317
7319,3.5311
7320,3.5304
7321,3.5298
7322,3.5293
7323,3.5285
7324,3.528
7325,3.5274
7326,3.5268
7327,3.5261
7328,3.5255
7329,3.5249
7330,3.5242
7331,3.5234
7332,3.5228
7333,3.5222
7334,3.5215
7335,3.5209
7336,3.5203
7337,3.5196
7338,3.519
7339,3.5184
7340,3.5176
7341,3.5169
7342,3.5163
7343,3.5157
7344,3.5149
7345,3.5142
7346,3.5136
7347,3.513
7348,3.5122
7349,3.5115
7350,3.5107
7351,3.5101
7352,3.5095
7353,3.5087
7354,3.508
7355,3.5072
7356,3.5064
7357,3.5058
7358,3.505
7359,3.5044
7360,3.5036
7361,3.5028
7362,3.502
7363,3.5014
7364,3.5006
7365,3.4998
7366,3.499
7367,3.4982
7368,3.4974
7369,3.4966
7370,3.4958
7371,3.495
7372,3.4942
7373,3.4934
7374,3.4925
7375,3.4917
7376,3.4909
7377,3.4899
7378,3.4891
7379,3.4882
7380,3.4874
7381,3.4864
7382,3.4855
7383,3.4847
7384,3.4837
7385,3.4828
7386,3.4818
7387,3.4809
7388,3.4799
7389,3.479
7390,3.478
7391,3.4771
7392,3.4759
7393,3.475
7394,3.4739
7395,3.4731
7396,3.472
7397,3.4709
7398,3.4697
7399,3.4688
7400,3.4677
7401,3.4666
7402,3.4653
7403,3.4642
7404,3.4631
7405,3.462
7406,3.4607
7407,3.4596
7408,3.4583
7409,3.4572
7410,3.4559
7411,3.4547
7412,3.4534
7413,3.4521
7414,3.4508
7415,3.4496
7416,3.4483
7417,3.447
7418,3.4456
7419,3.4443
7420,3.4429
7421,3.4415
7422,3.44
7423,3.4386
7424,3.4372
7425,3.4357
7426,3.4343
7427,3.4329
7428,3.4313
7429,3.4299
7430,3.4283
7431,3.4267
7432,3.4251
7433,3.4237
7434,3.4221
7435,3.4203
7436,3.4187
7437,3.4172
7438,3.4154
7439,3.4138
7440,3.4121
7441,3.4103
7442,3.4086
7443,3.4068
7444,3.4051
7445,3.4033
7446,3.4016
7447,3.3997
7448,3.3979
7449,3.396
7450,3.3941
7451,3.3922
7452,3.3903
7453,3.3884
7454,3.3865
7455,3.3846
7456,3.3825
7457,3.3806
7458,3.3786
7459,3.3765
7460,3.3744
7461,3.3724
7462,3.3703
7463,3.3682
7464,3.366
7465,3.3639
7466,3.3617
7467,3.3597
7468,3.3574
7469,3.3552
7470,3.353
7471,3.3506
7472,3.3484
7473,3.346
7474,3.3438
7475,3.3414
7476,3.339
7477,3.3366
7478,3.3342
7479,3.3317
7480,3.3293
7481,3.3268
7482,3.3244
7483,3.3219
7484,3.3193
7485,3.3166
7486,3.3141
7487,3.3115
7488,3.3088
7489,3.3061
7490,3.3034
7491,3.3007
7492,3.298
7493,3.2953
7494,3.2925
7495,3.2898
7496,3.2869
7497,3.2841
7498,3.2812
7499,3.2782
7500,3.2753
7501,3.2723
7502,3.2693
7503,3.2663
7504,3.2632
7505,3.2602
7506,3.257
7507,3.2539
7508,3.2507
7509,3.2475
7510,3.2443
7511,3.2412
7512,3.2378
7513,3.2345
7514,3.2311
7515,3.2278
7516,3.2243
7517,3.2208
7518,3.2175
7519,3.2138
7520,3.2103
7521,3.2068
7522,3.2032
7523,3.1995
7524,3.1959
7525,3.1921
7526,3.1884
7527,3.1846
7528,3.1808
7529,3.1768
7530,3.173
7531,3.169
7532,3.165
7533,3.1611
7534,3.1569
7535,3.1528
7536,3.1487
7537,3.1445
7538,3.1403
7539,3.136
7540,3.1317
7541,3.1274
7542,3.1229
7543,3.1185
7544,3.114
7545,3.1094
7546,3.1048
7547,3.1002
7548,3.0956
7549,3.0908
7550,3.0861
7551,3.0811
7552,3.0764
7553,3.0715
7554,3.0664
7555,3.0614
7556,3.0564
7557,3.0511
7558,3.0459
7559,3.0406
7560,3.0354
7561,3.03
7562,3.0246
7563,3.019
7564,3.0135
7565,3.0079
7566,3.0022
7567,2.9965
7568,2.9906
7569,2.9847
7570,2.9788
7571,2.9728
7572,2.9667
7573,2.9606
7574,2.9544
7575,2.948
7576,2.9416
7577,2.9351
7578,2.9286
7579,2.9221
7580,2.9153
7581,2.9084
7582,2.9016
7583,2.8946
7584,2.8876
7585,2.8805
7586,2.8733
7587,2.8659
7588,2.8585
7589,2.8509
7590,2.8433
7591,2.8357
7592,2.8277
7593,2.8198
7594,2.8117
7595,2.8036
7596,2.7953
7597,2.7869
7598,2.7785
7599,2.7699
7600,2.761
7601,2.7522
7602,2.7432
7603,2.7341
7604,2.7251
7605,2.7157
7606,2.7062
7607,2.6966
7608,2.6869
7609,2.6771
7610,2.6672
7611,2.6572
7612,2.6472
7613,2.6369
7614,2.6266
7615,2.6161
7616,2.6054
7617,2.5948
7618,2.584
7619,2.573
7620,2.5619
7621,2.5508
7622,2.5395
7623,2.5281
7624,2.5166
7625,2.505
7626,2.4999
7627,2.5185
7628,2.6216
7629,2.723
7630,2.825
7631,2.8992
7632,3.0003
7633,3.0834
7634,3.1838
7635,3.1949
7636,3.2734
7637,3.3312
7638,3.3738
7639,3.4048
7640,3.4265
7641,3.4415
7642,3.4516
7643,3.4589
7644,3.4642
7645,3.4683
7646,3.4716
7647,3.4744
7648,3.4766
7649,3.4786
7650,3.4804
7651,3.482
7652,3.4832
7653,3.4847
7654,3.4858
7655,3.4867
7656,3.4879
7657,3.4886
7658,3.4896
7659,3.4904
7660,3.491
7661,3.4918
7662,3.4925
7663,3.4931
7664,3.4937
7665,3.4944
7666,3.4948
7667,3.4953
7668,3.496
7669,3.4964
7670,3.4969
7671,3.4972
7672,3.4977
7673,3.4982
7674,3.4985
7675,3.499
7676,3.4993
7677,3.4996
7678,3.5001
7679,3.5004
7680,3.5007
7681,3.501
7682,3.5014
7683,3.5017
7684,3.502
7685,3.5022
7686,3.5025
7687,3.5028
7688,3.5031
7689,3.5033
7690,3.5036
7691,3.5039
7692,3.5041
7693,3.5044
7694,3.5045
7695,3.5049
7696,3.505
7697,3.5053
7698,3.5055
7699,3.5056
7700,3.506
7701,3.5061
7702,3.5063
7703,3.5064
7704,3.5068
7705,3.5069
7706,3.5071
7707,3.5072
7708,3.5074
7709,3.5076
7710,3.5079
7711,3.508
7712,3.5082
7713,3.5083
7714,3.5085
7715,3.5087
7716,3.5088
7717,3.509
7718,3.5091
7719,3.5093
7720,3.5095
7721,3.5096
7722,3.5098
7723,3.5099
7724,3.5099
7725,3.5101
7726,3.5103
7727,3.5104
7728,3.5106
7729,3.5107
7730,3.5109
7731,3.5109
7732,3.511
7733,3.5112
7734,3.5114
7735,3.5115
7736,3.5115
7737,3.5117
7738,3.5118
7739,3.512
7740,3.512
7741,3.5122
7742,3.5123
7743,3.5125
7744,3.5125
7745,3.5126
7746,3.5128
7747,3.5128
7748,3.513
7749,3.5131
7750,3.5131
7751,3.5133
7752,3.5134
7753,3.5134
7754,3.5136
7755,3.5137
7756,3.5137
7757,3.5139
7758,3.5139
7759,3.5141
7760,3.5141
7761,3.5142
7762,3.5144
7763,3.5144
7764,3.5145
7765,3.5147
7766,3.5147
7767,3.5149
7768,3.5149
7769,3.515
7770,3.515
7771,3.5152
7772,3.5152
7773,3.5153
7774,3.5153
7775,3.5155
7776,3.5155
7777,3.5157
7778,3.5157
7779,3.5158
7780,3.5158
7781,3.516
7782,3.516
7783,3.5161
7784,3.5161
7785,3.5163
7786,3.5163
7787,3.5164
7788,3.5164
7789,3.5166
7790,3.5166
7791,3.5168
7792,3.5168
7793,3.5169
7794,3.5169
7795,3.5169
7796,3.5171
7797,3.5171
7798,3.5172
7799,3.5172
7800,3.5174
7801,3.5174
7802,3.5176
7803,3.5176
7804,3.5176
7805,3.5177
7806,3.5177
7807,3.5179
7808,3.5179
7809,3.5179
7810,3.518
7811,3.518
7812,3.5182
7813,3.5303
7814,3.568
7815,3.5715
7816,3.5737
7817,3.5753
7818,3.5764
7819,3.5775
7820,3.5785
7821,3.5793
7822,3.5801
7823,3.5807
7824,3.5813
7825,3.582
7826,3.5824
7827,3.5831
7828,3.5835
7829,3.584
7830,3.5845
7831,3.585
7832,3.5855
7833,3.5859
7834,3.5862
7835,3.5867
7836,3.5872
7837,3.5875
7838,3.588
7839,3.5883
7840,3.5886
7841,3.5891
7842,3.5894
7843,3.5897
7844,3.5901
7845,3.5904
7846,3.5909
7847,3.5912
7848,3.5915
7849,3.5918
7850,3.5921
7851,3.5924
7852,3.5928
7853,3.5931
7854,3.5934
7855,3.5937
7856,3.594
7857,3.5943
7858,3.5947
7859,3.5948
7860,3.5951
7861,3.5955
7862,3.5958
7863,3.5959
7864,3.5963
7865,3.5966
7866,3.5969
7867,3.597
7868,3.5974
7869,3.5977
7870,3.5978
7871,3.5982
7872,3.5985
7873,3.5986
7874,3.599
7875,3.5993
7876,3.5994
7877,3.5998
7878,3.5999
7879,3.6002
7880,3.6004
7881,3.6007
7882,3.6009
7883,3.6012
7884,3.6013
7885,3.6017
7886,3.6018
7887,3.6021
7888,3.6023
7889,3.6025
7890,3.6028
7891,3.6029
7892,3.6032
7893,3.6034
7894,3.6036
7895,3.6039
7896,3.604
7897,3.6044
7898,3.6045
7899,3.6047
7900,3.6048
7901,3.6052
7902,3.6053
7903,3.6055
7904,3.6058
7905,3.6059
7906,3.6061
7907,3.6063
7908,3.6066
7909,3.6067
7910,3.6069
7911,3.6071
7912,3.6074
7913,3.6075
7914,3.6077
7915,3.6079
7916,3.6082
7917,3.6083
7918,3.6085
7919,3.6086
7920,3.6088
7921,3.609
7922,3.6093
7923,3.6094
7924,3.6096
7925,3.6098
7926,3.6099
7927,3.6101
7928,3.6102
7929,3.6104
7930,3.6107
7931,3.6109
7932,3.611
7933,3.6112
7934,3.6113
7935,3.6115
7936,3.6117
7937,3.6118
7938,3.612
7939,3.6121
7940,3.6125
7941,3.6126
7942,3.6126
7943,3.6129
7944,3.6131
7945,3.6133
7946,3.6134
7947,3.6136
7948,3.6137
7949,3.6139
7950,3.614
7951,3.6142
7952,3.6144
7953,3.6145
7954,3.6147
7955,3.6148
7956,3.615
7957,3.6152
7958,3.6153
7959,3.6155
7960,3.6156
7961,3.6158
7962,3.616
7963,3.6161
7964,3.6163
7965,3.6164
7966,3.6166
7967,3.6168
7968,3.6169
7969,3.6171
7970,3.6171
7971,3.6172
7972,3.6174
7973,3.6175
7974,3.6177
7975,3.6179
7976,3.618
7977,3.6182
7978,3.6183
7979,3.6185
7980,3.6187
7981,3.6188
7982,3.619
7983,3.6191
7984,3.6193
7985,3.6195
7986,3.6195
7987,3.6196
7988,3.6198
7989,3.6199
7990,3.6201
7991,3.6202
7992,3.6204
7993,3.6206
7994,3.6207
7995,3.6209
7996,3.6209
7997,3.621
7998,3.6212
7999,3.6214
8000,3.6215
8001,3.6217
8002,3.6218
8003,3.622
8004,3.6222
8005,3.6222
8006,3.6223
8007,3.6225
8008,3.6226
8009,3.6228
8010,3.6229
8011,3.6231
8012,3.6233
8013,3.6233
8014,3.6234
8015,3.6236
8016,3.6237
8017,3.6239
8018,3.6241
8019,3.6242
8020,3.6242
8021,3.6244
8022,3.6245
8023,3.6247
8024,3.6249
8025,3.625
8026,3.6252
8027,3.6253
8028,3.6253
8029,3.6255
8030,3.6256
8031,3.6258
8032,3.626
8033,3.6261
8034,3.6261
8035,3.6263
8036,3.6264
8037,3.6266
8038,3.6268
8039,3.6269
8040,3.6271
8041,3.6271
8042,3.6272
8043,3.6274
8044,3.6276
8045,3.6277
8046,3.6279
8047,3.6279
8048,3.628
8049,3.6282
8050,3.6283
8051,3.6285
8052,3.6287
8053,3.6287
8054,3.6288
8055,3.629
8056,3.6291
8057,3.6293
8058,3.6293
8059,3.6295
8060,3.6296
8061,3.6298
8062,3.6299
8063,3.6301
8064,3.6303
8065,3.6303
8066,3.6304
8067,3.6306
8068,3.6307
8069,3.6309
8070,3.6309
8071,3.6311
8072,3.6312
8073,3.6314
8074,3.6315
8075,3.6315
8076,3.6317
8077,3.6318
8078,3.632
8079,3.6322
8080,3.6323
8081,3.6323
8082,3.6325
8083,3.6326
8084,3.6328
8085,3.6328
8086,3.633
8087,3.6331
8088,3.6333
8089,3.6334
8090,3.6336
8091,3.6338
8092,3.6338
8093,3.6339
8094,3.6341
8095,3.6342
8096,3.6344
8097,3.6344
8098,3.6345
8099,3.6347
8100,3.6349
8101,3.6349
8102,3.635
8103,3.6352
8104,3.6353
8105,3.6355
8106,3.6357
8107,3.6357
8108,3.6358
8109,3.636
8110,3.6361
8111,3.6363
8112,3.6363
8113,3.6365
8114,3.6366
8115,3.6368
8116,3.6369
8117,3.6369
8118,3.6371
8119,3.6372
8120,3.6374
8121,3.6376
8122,3.6376
8123,3.6377
8124,3.6379
8125,3.638
8126,3.6382
8127,3.6382
8128,3.6384
8129,3.6385
8130,3.6387
8131,3.6387
8132,3.6388
8133,3.639
8134,3.6392
8135,3.6393
8136,3.6393
8137,3.6395
8138,3.6396
8139,3.6398
8140,3.6399
8141,3.6399
8142,3.6401
8143,3.6403
8144,3.6404
8145,3.6404
8146,3.6406
8147,3.6407
8148,3.6409
8149,3.6409
8150,3.6411
8151,3.6412
8152,3.6414
8153,3.6415
8154,3.6415
8155,3.6417
8156,3.6419
8157,3.642
8158,3.642
8159,3.6422
8160,3.6423
8161,3.6425
8162,3.6426
8163,3.6426
8164,3.6428
8165,3.643
8166,3.6431
8167,3.6433
8168,3.6433
8169,3.6434
8170,3.6436
8171,3.6438
8172,3.6438
8173,3.6439
8174,3.6441
8175,3.6442
8176,3.6442
8177,3.6444
8178,3.6446
8179,3.6447
8180,3.6449
8181,3.6449
8182,3.645
8183,3.6452
8184,3.6453
8185,3.6453
8186,3.6455
8187,3.6457
8188,3.6458
8189,3.6458
8190,3.646
8191,3.6461
8192,3.6463
8193,3.6463
8194,3.6465
8195,3.6466
8196,3.6468
8197,3.6469
8198,3.6469
8199,3.6471
8200,3.6473
8201,3.6474
8202,3.6474
8203,3.6476
8204,3.6477
8205,3.6479
8206,3.6479
8207,3.648
8208,3.6482
8209,3.6484
8210,3.6484
8211,3.6485
8212,3.6487
8213,3.6488
8214,3.6488
8215,3.649
8216,3.6492
8217,3.6493
8218,3.6493
8219,3.6495
8220,3.6496
8221,3.6498
8222,3.6498
8223,3.65
8224,3.6501
8225,3.6503
8226,3.6503
8227,3.6504
8228,3.6506
8229,3.6508
8230,3.6508
8231,3.6509
8232,3.6511
8233,3.6512
8234,3.6512
8235,3.6514
8236,3.6515
8237,3.6517
8238,3.6519
8239,3.6519
8240,3.652
8241,3.6522
8242,3.6522
8243,3.6523
8244,3.6525
8245,3.6527
8246,3.6527
8247,3.6528
8248,3.653
8249,3.6531
8250,3.6531
8251,3.6533
8252,3.6535
8253,3.6536
8254,3.6536
8255,3.6538
8256,3.6539
8257,3.6541
8258,3.6541
8259,3.6542
8260,3.6544
8261,3.6546
8262,3.6546
8263,3.6547
8264,3.6549
8265,3.655
8266,3.655
8267,3.6552
8268,3.6554
8269,3.6554
8270,3.6555
8271,3.6557
8272,3.6558
8273,3.6558
8274,3.656
8275,3.6562
8276,3.6563
8277,3.6563
8278,3.6565
8279,3.6566
8280,3.6568
8281,3.6568
8282,3.6569
8283,3.6571
8284,3.6573
8285,3.6573
8286,3.6574
8287,3.6576
8288,3.6577
8289,3.6577
8290,3.6579
8291,3.6581
8292,3.6582
8293,3.6582
8294,3.6584
8295,3.6585
8296,3.6585
8297,3.6587
8298,3.6589
8299,3.659
8300,3.659
8301,3.6592
8302,3.6593
8303,3.6595
8304,3.6595
8305,3.6596
8306,3.6598
8307,3.66
8308,3.66
8309,3.6601
8310,3.6603
8311,3.6603
8312,3.6604
8313,3.6606
8314,3.6608
8315,3.6608
8316,3.6609
8317,3.6611
8318,3.6612
8319,3.6612
8320,3.6614
8321,3.6616
8322,3.6617
8323,3.6617
8324,3.6619
8325,3.662
8326,3.6622
8327,3.6622
8328,3.6623
8329,3.6625
8330,3.6625
8331,3.6627
8332,3.6628
8333,3.663
8334,3.663
8335,3.6631
8336,3.6633
8337,3.6635
8338,3.6635
8339,3.6636
8340,3.6638
8341,3.6638
8342,3.6639
8343,3.6641
8344,3.6643
8345,3.6643
8346,3.6644
8347,3.6646
8348,3.6646
8349,3.6647
8350,3.6649
8351,3.665
8352,3.665
8353,3.6652
8354,3.6654
8355,3.6655
8356,3.6655
8357,3.6657
8358,3.6658
8359,3.666
8360,3.666
8361,3.6662
8362,3.6663
8363,3.6663
8364,3.6665
8365,3.6666
8366,3.6668
8367,3.6668
8368,3.667
8369,3.6671
8370,3.6671
8371,3.6673
8372,3.6674
8373,3.6676
8374,3.6676
8375,3.6678
8376,3.6679
8377,3.6679
8378,3.6681
8379,3.6682
8380,3.6684
8381,3.6684
8382,3.6685
8383,3.6687
8384,3.6689
8385,3.6689
8386,3.669
8387,3.6692
8388,3.6692
8389,3.6693
8390,3.6695
8391,3.6697
8392,3.6697
8393,3.6698
8394,3.67
8395,3.6701
8396,3.6701
8397,3.6703
8398,3.6705
8399,3.6705
8400,3.6706
8401,3.6708
8402,3.6709
8403,3.6709
8404,3.6711
8405,3.6712
8406,3.6712
8407,3.6714
8408,3.6716
8409,3.6717
8410,3.6717
8411,3.6719
8412,3.672
8413,3.672
8414,3.6722
8415,3.6724
8416,3.6725
8417,3.6725
8418,3.6727
8419,3.6728
8420,3.673
8421,3.673
8422,3.6732
8423,3.6733
8424,3.6733
8425,3.6735
8426,3.6736
8427,3.6738
8428,3.6738
8429,3.6739
8430,3.6741
8431,3.6741
8432,3.6743
8433,3.6744
8434,3.6746
8435,3.6746
8436,3.6747
8437,3.6749
8438,3.6751
8439,3.6751
8440,3.6752
8441,3.6754
8442,3.6754
8443,3.6755
8444,3.6757
8445,3.6759
8446,3.6759
8447,3.676
8448,3.6762
8449,3.6762
8450,3.6763
8451,3.6765
8452,3.6766
8453,3.6766
8454,3.6768
8455,3.677
8456,3.6771
8457,3.6771
8458,3.6773
8459,3.6774
8460,3.6776
8461,3.6776
8462,3.6778
8463,3.6779
8464,3.6779
8465,3.6781
8466,3.6782
8467,3.6784
8468,3.6784
8469,3.6786
8470,3.6787
8471,3.6787
8472,3.6789
8473,3.679
8474,3.6792
8475,3.6792
8476,3.6793
8477,3.6795
8478,3.6797
8479,3.6797
8480,3.6798
8481,3.68
8482,3.6801
8483,3.6801
8484,3.6803
8485,3.6805
8486,3.6805
8487,3.6806
8488,3.6808
8489,3.6809
8490,3.6809
8491,3.6811
8492,3.6813
8493,3.6814
8494,3.6814
8495,3.6816
8496,3.6817
8497,3.6819
8498,3.6819
8499,3.682
8500,3.6822
8501,3.6824
8502,3.6824
8503,3.6825
8504,3.6827
8505,3.6827
8506,3.6828
8507,3.683
8508,3.6832
8509,3.6832
8510,3.6833
8511,3.6835
8512,3.6836
8513,3.6836
8514,3.6838
8515,3.684
8516,3.6841
8517,3.6843
8518,3.6843
8519,3.6844
8520,3.6846
8521,3.6848
8522,3.6848
8523,3.6849
8524,3.6851
8525,3.6851
8526,3.6852
8527,3.6854
8528,3.6855
8529,3.6857
8530,3.6857
8531,3.6859
8532,3.686
8533,3.6862
8534,3.6862
8535,3.6863
8536,3.6865
8537,3.6867
8538,3.6867
8539,3.6868
8540,3.687
8541,3.6871
8542,3.6871
8543,3.6873
8544,3.6875
8545,3.6876
8546,3.6878
8547,3.6878
8548,3.6879
8549,3.6881
8550,3.6882
8551,3.6882
8552,3.6884
8553,3.6886
8554,3.6887
8555,3.6887
8556,3.6889
8557,3.689
8558,3.6892
8559,3.6894
8560,3.6894
8561,3.6895
8562,3.6897
8563,3.6898
8564,3.6898
8565,3.69
8566,3.6902
8567,3.6903
8568,3.6905
8569,3.6905
8570,3.6906
8571,3.6908
8572,3.6909
8573,3.6909
8574,3.6911
8575,3.6913
8576,3.6914
8577,3.6916
8578,3.6916
8579,3.6917
8580,3.6919
8581,3.6921
8582,3.6922
8583,3.6922
8584,3.6924
8585,3.6925
8586,3.6927
8587,3.6929
8588,3.693
8589,3.693
8590,3.6932
8591,3.6933
8592,3.6935
8593,3.6936
8594,3.6936
8595,3.6938
8596,3.694
8597,3.6941
8598,3.6943
8599,3.6943
8600,3.6944
8601,3.6946
8602,3.6948
8603,3.6949
8604,3.6949
8605,3.6951
8606,3.6952
8607,3.6954
8608,3.6956
8609,3.6957
8610,3.6957
8611,3.6959
8612,3.696
8613,3.6962
8614,3.6963
8615,3.6965
8616,3.6965
8617,3.6967
8618,3.6968
8619,3.697
8620,3.6971
8621,3.6971
8622,3.6973
8623,3.6975
8624,3.6976
8625,3.6978
8626,3.6979
8627,3.6981
8628,3.6981
8629,3.6983
8630,3.6984
8631,3.6986
8632,3.6987
8633,3.6989
8634,3.6989
8635,3.6991
8636,3.6992
8637,3.6994
8638,3.6995
8639,3.6997
8640,3.6998
8641,3.6998
8642,3.7
8643,3.7002
8644,3.7003
8645,3.7005
8646,3.7006
8647,3.7008
8648,3.701
8649,3.701
8650,3.7011
8651,3.7013
8652,3.7014
8653,3.7016
8654,3.7018
8655,3.7019
8656,3.7019
8657,3.7021
8658,3.7022
8659,3.7024
8660,3.7025
8661,3.7027
8662,3.7029
8663,3.703
8664,3.703
8665,3.7032
8666,3.7033
8667,3.7035
8668,3.7037
8669,3.7038
8670,3.704
8671,3.7041
8672,3.7041
8673,3.7043
8674,3.7045
8675,3.7046
8676,3.7048
8677,3.7049
8678,3.7051
8679,3.7052
8680,3.7054
8681,3.7056
8682,3.7056
8683,3.7057
8684,3.7059
8685,3.706
8686,3.7062
8687,3.7064
8688,3.7065
8689,3.7067
8690,3.7068
8691,3.707
8692,3.7072
8693,3.7073
8694,3.7075
8695,3.7075
8696,3.7076
8697,3.7078
8698,3.7079
8699,3.7081
8700,3.7083
8701,3.7084
8702,3.7086
8703,3.7087
8704,3.7089
8705,3.7091
8706,3.7092
8707,3.7092
8708,3.7094
8709,3.7095
8710,3.7097
8711,3.7099
8712,3.71
8713,3.7102
8714,3.7103
8715,3.7105
8716,3.7106
8717,3.7106
8718,3.7108
8719,3.711
8720,3.7105
8721,3.7105
8722,3.7105
8723,3.7103
8724,3.7103
8725,3.7105
8726,3.7103
8727,3.7103
8728,3.7103
8729,3.7103
8730,3.7103
8731,3.7103
8732,3.7103
8733,3.7103
8734,3.7105
8735,3.7103
8736,3.7105
8737,3.7103
8738,3.7103
8739,3.7105
8740,3.7105
8741,3.7105
8742,3.7105
8743,3.7105
8744,3.7105
8745,3.7105
8746,3.7103
8747,3.7103
8748,3.7103
8749,3.7103
8750,3.7103
8751,3.7105
8752,3.7103
8753,3.7103
8754,3.7103
8755,3.7082
8756,3.7074
8757,3.7071
8758,3.7069
8759,3.7066
8760,3.7064
8761,3.7064
8762,3.7063
8763,3.7061
8764,3.7061
8765,3.706
8766,3.706
8767,3.706
8768,3.7058
8769,3.7058
8770,3.7057
8771,3.7057
8772,3.7057
8773,3.7057
8774,3.7055
8775,3.7055
8776,3.7055
8777,3.7053
8778,3.7053
8779,3.7053
8780,3.7053
8781,3.7053
8782,3.7053
8783,3.7052
8784,3.7052
8785,3.7052
8786,3.705
8787,3.7052
8788,3.7052
8789,3.705
8790,3.705
8791,3.705
8792,3.705
8793,3.705
8794,3.7049
8795,3.705
8796,3.7049
8797,3.7049
8798,3.7049
8799,3.7049
8800,3.7049
8801,3.7049
8802,3.7049
8803,3.7049
8804,3.7047
8805,3.7047
8806,3.7047
8807,3.7047
8808,3.7047
8809,3.7047
8810,3.7047
8811,3.7047
8812,3.7047
8813,3.7047
8814,3.7047
8815,3.7047
8816,3.7045
8817,3.7045
8818,3.7045
8819,3.7045
8820,3.7045
8821,3.7045
8822,3.7045
8823,3.7045
8824,3.7045
8825,3.7045
8826,3.7045
8827,3.7045
8828,3.7045
8829,3.7045
8830,3.7045
8831,3.7044
8832,3.7044
8833,3.7044
8834,3.7044
8835,3.7044
8836,3.7044
8837,3.7044
8838,3.7044
8839,3.7044
8840,3.7044
8841,3.7044
8842,3.7044
8843,3.7044
8844,3.7044
8845,3.7044
8846,3.7044
8847,3.7044
8848,3.7044
8849,3.7044
8850,3.7044
8851,3.7044
8852,3.7044
8853,3.7042
8854,3.7042
8855,3.7042
8856,3.7042
8857,3.7042
8858,3.7042
8859,3.7042
8860,3.7042
8861,3.7042
8862,3.7042
8863,3.7042
8864,3.7042
8865,3.7042
8866,3.7042
8867,3.7042
8868,3.7042
8869,3.7042
8870,3.7042
8871,3.7042
8872,3.7042
8873,3.7042
8874,3.7042
8875,3.7042
8876,3.7042
8877,3.7042
8878,3.7042
8879,3.7042
8880,3.7042
8881,3.7042
8882,3.7042
8883,3.7042
8884,3.7042
8885,3.7041
8886,3.7041
8887,3.7042
8888,3.7041
8889,3.7041
8890,3.7041
8891,3.7041
8892,3.7041
8893,3.7041
8894,3.7041
8895,3.7041
8896,3.7041
8897,3.7041
8898,3.7041
8899,3.7041
8900,3.7041
8901,3.7041
8902,3.7041
8903,3.7041
8904,3.7041
8905,3.7041
8906,3.7041
8907,3.7041
8908,3.7041
8909,3.7041
8910,3.7041
8911,3.7041
8912,3.7041
8913,3.7041
8914,3.7041
8915,3.7041
8916,3.7041
8917,3.7041
8918,3.7041
8919,3.7041
8920,3.7041
8921,3.7041
8922,3.7041
8923,3.7041
8924,3.7041
8925,3.7041
8926,3.7041
8927,3.7041
8928,3.7041
8929,3.7041
8930,3.7041
8931,3.7041
8932,3.7041
8933,3.7041
8934,3.7041
8935,3.7041
