,voltage
0,3.4216
1,3.4218
2,3.4216
3,3.4216
4,3.4216
5,3.4216
6,3.4216
7,3.4216
8,3.4216
9,3.4216
10,3.4216
11,3.4216
12,3.4216
13,3.4216
14,3.4216
15,3.4216
16,3.4216
17,3.4216
18,3.4216
19,3.4216
20,3.4216
21,3.4216
22,3.4216
23,3.4216
24,3.4216
25,3.4216
26,3.4216
27,3.4216
28,3.4216
29,3.4216
30,3.4216
31,3.4214
32,3.4216
33,3.4214
34,3.4214
35,3.4216
36,3.4216
37,3.4216
38,3.4216
39,3.4216
40,3.4216
41,3.4214
42,3.4214
43,3.4214
44,3.4214
45,3.4214
46,3.4214
47,3.4216
48,3.4214
49,3.4214
50,3.4214
51,3.4214
52,3.4214
53,3.4214
54,3.4214
55,3.4216
56,3.4214
57,3.4214
58,3.4214
59,3.4214
60,3.4214
61,3.4937
62,3.5956
63,3.6512
64,3.6515
65,3.6502
66,3.6486
67,3.6474
68,3.6464
69,3.6455
70,3.6447
71,3.644
72,3.6436
73,3.6431
74,3.6426
75,3.6423
76,3.6418
77,3.6415
78,3.6413
79,3.641
80,3.6409
81,3.6407
82,3.6404
83,3.6402
84,3.6402
85,3.6401
86,3.6399
87,3.6399
88,3.6397
89,3.6397
90,3.6397
91,3.6397
92,3.6397
93,3.6397
94,3.6397
95,3.6397
96,3.6397
97,3.6397
98,3.6399
99,3.6399
100,3.6401
101,3.6401
102,3.6402
103,3.6402
104,3.6404
105,3.6405
106,3.6405
107,3.6407
108,3.6409
109,3.641
110,3.6412
111,3.6412
112,3.6413
113,3.6415
114,3.6416
115,3.6418
116,3.642
117,3.6421
118,3.6423
119,3.6424
120,3.6426
121,3.6428
122,3.6429
123,3.6431
124,3.6432
125,3.6436
126,3.6437
127,3.6439
128,3.644
129,3.6442
130,3.6443
131,3.6445
132,3.6447
133,3.6448
134,3.6451
135,3.6453
136,3.6455
137,3.6456
138,3.6458
139,3.6459
140,3.6461
141,3.6463
142,3.6466
143,3.6467
144,3.6469
145,3.647
146,3.6472
147,3.6474
148,3.6475
149,3.6477
150,3.6478
151,3.648
152,3.6482
153,3.6485
154,3.6486
155,3.6486
156,3.649
157,3.6491
158,3.6493
159,3.6494
160,3.6496
161,3.6497
162,3.6499
163,3.6501
164,3.6502
165,3.6504
166,3.6505
167,3.6507
168,3.6509
169,3.651
170,3.6512
171,3.6513
172,3.6513
173,3.6515
174,3.6517
175,3.6518
176,3.652
177,3.6521
178,3.6523
179,3.6525
180,3.6526
181,3.6528
182,3.6529
183,3.6529
184,3.6531
185,3.6532
186,3.6534
187,3.6536
188,3.6537
189,3.6539
190,3.6539
191,3.654
192,3.6542
193,3.6544
194,3.6545
195,3.6547
196,3.6547
197,3.6548
198,3.655
199,3.6552
200,3.6553
201,3.6553
202,3.6555
203,3.6556
204,3.6558
205,3.6558
206,3.6559
207,3.6561
208,3.6563
209,3.6563
210,3.6564
211,3.6566
212,3.6567
213,3.6567
214,3.6569
215,3.6571
216,3.6571
217,3.6572
218,3.6574
219,3.6575
220,3.6575
221,3.6577
222,3.6579
223,3.6579
224,3.658
225,3.6582
226,3.6582
227,3.6583
228,3.6585
229,3.6585
230,3.6586
231,3.6588
232,3.6588
233,3.659
234,3.659
235,3.6591
236,3.6593
237,3.6593
238,3.6594
239,3.6596
240,3.6596
241,3.6598
242,3.6598
243,3.6599
244,3.6601
245,3.6601
246,3.6602
247,3.6602
248,3.6604
249,3.6606
250,3.6606
251,3.6607
252,3.6607
253,3.6609
254,3.661
255,3.661
256,3.6612
257,3.6612
258,3.6613
259,3.6613
260,3.6615
261,3.6615
262,3.6617
263,3.6618
264,3.6618
265,3.662
266,3.662
267,3.6621
268,3.6621
269,3.6623
270,3.6623
271,3.6625
272,3.6625
273,3.6626
274,3.6626
275,3.6628
276,3.6628
277,3.6629
278,3.6629
279,3.6631
280,3.6631
281,3.6633
282,3.6633
283,3.6634
284,3.6634
285,3.6636
286,3.6636
287,3.6637
288,3.6637
289,3.6639
290,3.6639
291,3.664
292,3.664
293,3.6642
294,3.6642
295,3.6644
296,3.6644
297,3.6645
298,3.6645
299,3.6647
300,3.6647
301,3.6648
302,3.6648
303,3.665
304,3.665
305,3.665
306,3.6652
307,3.6652
308,3.6653
309,3.6653
310,3.6655
311,3.6655
312,3.6656
313,3.6656
314,3.6658
315,3.6658
316,3.666
317,3.666
318,3.666
319,3.6661
320,3.6661
321,3.6663
322,3.6663
323,3.6664
324,3.6664
325,3.6666
326,3.6666
327,3.6668
328,3.6668
329,3.6668
330,3.6669
331,3.6669
332,3.6671
333,3.6671
334,3.6672
335,3.6672
336,3.6672
337,3.6674
338,3.6674
339,3.6675
340,3.6675
341,3.6675
342,3.6677
343,3.6677
344,3.6679
345,3.6679
346,3.6679
347,3.668
348,3.668
349,3.6682
350,3.6682
351,3.6683
352,3.6683
353,3.6685
354,3.6685
355,3.6685
356,3.6687
357,3.6687
358,3.6687
359,3.6688
360,3.6688
361,3.669
362,3.669
363,3.6691
364,3.6691
365,3.6691
366,3.6693
367,3.6693
368,3.6695
369,3.6695
370,3.6695
371,3.6696
372,3.6696
373,3.6698
374,3.6698
375,3.6698
376,3.6699
377,3.6699
378,3.6701
379,3.6701
380,3.6701
381,3.6702
382,3.6702
383,3.6704
384,3.6704
385,3.6704
386,3.6706
387,3.6706
388,3.6707
389,3.6707
390,3.6707
391,3.6709
392,3.6709
393,3.671
394,3.671
395,3.671
396,3.6712
397,3.6712
398,3.6712
399,3.6714
400,3.6714
401,3.6715
402,3.6715
403,3.6715
404,3.6717
405,3.6717
406,3.6717
407,3.6718
408,3.6718
409,3.672
410,3.672
411,3.672
412,3.6722
413,3.6722
414,3.6723
415,3.6723
416,3.6723
417,3.6725
418,3.6725
419,3.6725
420,3.6726
421,3.6726
422,3.6726
423,3.6728
424,3.6728
425,3.6729
426,3.6729
427,3.6731
428,3.6731
429,3.6731
430,3.6733
431,3.6733
432,3.6733
433,3.6734
434,3.6734
435,3.6734
436,3.6736
437,3.6736
438,3.6737
439,3.6737
440,3.6737
441,3.6739
442,3.6739
443,3.6739
444,3.6741
445,3.6741
446,3.6741
447,3.6742
448,3.6742
449,3.6744
450,3.6744
451,3.6744
452,3.6745
453,3.6745
454,3.6745
455,3.6747
456,3.6747
457,3.6747
458,3.6749
459,3.6749
460,3.6749
461,3.675
462,3.675
463,3.6752
464,3.6752
465,3.6753
466,3.6753
467,3.6753
468,3.6753
469,3.6755
470,3.6755
471,3.6756
472,3.6756
473,3.6756
474,3.6758
475,3.6758
476,3.6758
477,3.676
478,3.676
479,3.6761
480,3.6761
481,3.6761
482,3.6763
483,3.6763
484,3.6763
485,3.6764
486,3.6764
487,3.6764
488,3.6766
489,3.6766
490,3.6768
491,3.6768
492,3.6768
493,3.6769
494,3.6769
495,3.6769
496,3.6771
497,3.6771
498,3.6772
499,3.6772
500,3.6772
501,3.6772
502,3.6774
503,3.6774
504,3.6776
505,3.6776
506,3.6777
507,3.6777
508,3.6777
509,3.6779
510,3.6779
511,3.6779
512,3.678
513,3.678
514,3.678
515,3.6782
516,3.6782
517,3.6782
518,3.6783
519,3.6783
520,3.6783
521,3.6785
522,3.6785
523,3.6787
524,3.6787
525,3.6787
526,3.6788
527,3.6788
528,3.679
529,3.679
530,3.679
531,3.6791
532,3.6791
533,3.6791
534,3.6793
535,3.6793
536,3.6793
537,3.6795
538,3.6795
539,3.6796
540,3.6796
541,3.6796
542,3.6798
543,3.6798
544,3.6798
545,3.6798
546,3.6799
547,3.6799
548,3.6801
549,3.6801
550,3.6801
551,3.6803
552,3.6803
553,3.6804
554,3.6804
555,3.6804
556,3.6806
557,3.6806
558,3.6806
559,3.6807
560,3.6807
561,3.6807
562,3.6809
563,3.6809
564,3.6809
565,3.681
566,3.681
567,3.6812
568,3.6812
569,3.6812
570,3.6814
571,3.6814
572,3.6814
573,3.6815
574,3.6815
575,3.6815
576,3.6817
577,3.6817
578,3.6818
579,3.6818
580,3.6818
581,3.682
582,3.682
583,3.682
584,3.6822
585,3.6822
586,3.6823
587,3.6823
588,3.6823
589,3.6825
590,3.6825
591,3.6825
592,3.6826
593,3.6826
594,3.6828
595,3.6828
596,3.6828
597,3.683
598,3.683
599,3.683
600,3.6831
601,3.6831
602,3.6831
603,3.6833
604,3.6833
605,3.6833
606,3.6834
607,3.6834
608,3.6836
609,3.6836
610,3.6836
611,3.6838
612,3.6838
613,3.6838
614,3.6839
615,3.6839
616,3.6841
617,3.6841
618,3.6841
619,3.6842
620,3.6842
621,3.6842
622,3.6844
623,3.6844
624,3.6844
625,3.6845
626,3.6845
627,3.6845
628,3.6847
629,3.6847
630,3.6849
631,3.6849
632,3.6849
633,3.685
634,3.685
635,3.6852
636,3.6852
637,3.6852
638,3.6853
639,3.6853
640,3.6853
641,3.6855
642,3.6855
643,3.6857
644,3.6857
645,3.6857
646,3.6858
647,3.6858
648,3.6858
649,3.686
650,3.686
651,3.686
652,3.6861
653,3.6861
654,3.6863
655,3.6863
656,3.6863
657,3.6865
658,3.6865
659,3.6865
660,3.6866
661,3.6866
662,3.6866
663,3.6868
664,3.6868
665,3.6869
666,3.6869
667,3.6869
668,3.6871
669,3.6871
670,3.6872
671,3.6872
672,3.6872
673,3.6874
674,3.6874
675,3.6874
676,3.6876
677,3.6876
678,3.6877
679,3.6877
680,3.6877
681,3.6879
682,3.6879
683,3.688
684,3.688
685,3.688
686,3.6882
687,3.6882
688,3.6882
689,3.6884
690,3.6884
691,3.6884
692,3.6885
693,3.6885
694,3.6887
695,3.6887
696,3.6887
697,3.6888
698,3.6888
699,3.689
700,3.689
701,3.689
702,3.6892
703,3.6892
704,3.6893
705,3.6893
706,3.6893
707,3.6895
708,3.6895
709,3.6896
710,3.6896
711,3.6896
712,3.6898
713,3.6898
714,3.6899
715,3.6899
716,3.6899
717,3.6901
718,3.6901
719,3.6901
720,3.6903
721,3.6903
722,3.6904
723,3.6904
724,3.6904
725,3.6906
726,3.6906
727,3.6906
728,3.6907
729,3.6907
730,3.6909
731,3.6909
732,3.6909
733,3.6911
734,3.6911
735,3.6912
736,3.6912
737,3.6912
738,3.6914
739,3.6914
740,3.6914
741,3.6915
742,3.6915
743,3.6917
744,3.6917
745,3.6919
746,3.6919
747,3.6919
748,3.692
749,3.692
750,3.6922
751,3.6922
752,3.6922
753,3.6923
754,3.6923
755,3.6925
756,3.6925
757,3.6926
758,3.6926
759,3.6926
760,3.6926
761,3.6928
762,3.6928
763,3.693
764,3.693
765,3.6931
766,3.6931
767,3.6933
768,3.6933
769,3.6933
770,3.6934
771,3.6934
772,3.6934
773,3.6936
774,3.6936
775,3.6938
776,3.6938
777,3.6938
778,3.6939
779,3.6939
780,3.6941
781,3.6941
782,3.6941
783,3.6942
784,3.6942
785,3.6944
786,3.6944
787,3.6944
788,3.6946
789,3.6946
790,3.6947
791,3.6947
792,3.6949
793,3.6949
794,3.6949
795,3.695
796,3.695
797,3.6952
798,3.6952
799,3.6952
800,3.6953
801,3.6953
802,3.6955
803,3.6955
804,3.6957
805,3.6957
806,3.6957
807,3.6958
808,3.6958
809,3.696
810,3.696
811,3.696
812,3.6961
813,3.6961
814,3.6963
815,3.6963
816,3.6963
817,3.6965
818,3.6965
819,3.6966
820,3.6966
821,3.6968
822,3.6968
823,3.6968
824,3.6969
825,3.6969
826,3.6971
827,3.6971
828,3.6971
829,3.6973
830,3.6973
831,3.6974
832,3.6974
833,3.6976
834,3.6976
835,3.6976
836,3.6977
837,3.6977
838,3.6979
839,3.6979
840,3.6981
841,3.6981
842,3.6981
843,3.6982
844,3.6982
845,3.6984
846,3.6984
847,3.6984
848,3.6985
849,3.6985
850,3.6987
851,3.6987
852,3.6988
853,3.6988
854,3.6988
855,3.699
856,3.699
857,3.6992
858,3.6992
859,3.6992
860,3.6993
861,3.6993
862,3.6995
863,3.6995
864,3.6996
865,3.6996
866,3.6996
867,3.6998
868,3.6998
869,3.7
870,3.7
871,3.7001
872,3.7001
873,3.7003
874,3.7003
875,3.7003
876,3.7004
877,3.7004
878,3.7006
879,3.7006
880,3.7008
881,3.7008
882,3.7008
883,3.7009
884,3.7009
885,3.7011
886,3.7011
887,3.7011
888,3.7012
889,3.7012
890,3.7014
891,3.7014
892,3.7015
893,3.7015
894,3.7015
895,3.7017
896,3.7017
897,3.7019
898,3.7019
899,3.702
900,3.702
901,3.7022
902,3.7022
903,3.7023
904,3.7023
905,3.7023
906,3.7025
907,3.7025
908,3.7027
909,3.7027
910,3.7028
911,3.7028
912,3.7028
913,3.703
914,3.703
915,3.7031
916,3.7031
917,3.7033
918,3.7033
919,3.7033
920,3.7035
921,3.7035
922,3.7036
923,3.7036
924,3.7038
925,3.7038
926,3.7039
927,3.7039
928,3.7039
929,3.7041
930,3.7041
931,3.7042
932,3.7042
933,3.7044
934,3.7044
935,3.7046
936,3.7046
937,3.7047
938,3.7047
939,3.7047
940,3.7049
941,3.7049
942,3.705
943,3.705
944,3.7052
945,3.7052
946,3.7054
947,3.7054
948,3.7054
949,3.7055
950,3.7055
951,3.7057
952,3.7057
953,3.7058
954,3.7058
955,3.706
956,3.706
957,3.7062
958,3.7062
959,3.7062
960,3.7063
961,3.7063
962,3.7065
963,3.7065
964,3.7066
965,3.7066
966,3.7068
967,3.7068
968,3.7069
969,3.7069
970,3.7071
971,3.7071
972,3.7071
973,3.7073
974,3.7073
975,3.7074
976,3.7074
977,3.7076
978,3.7076
979,3.7077
980,3.7077
981,3.7077
982,3.7079
983,3.7081
984,3.7081
985,3.7081
986,3.7082
987,3.7082
988,3.7084
989,3.7084
990,3.7085
991,3.7085
992,3.7087
993,3.7087
994,3.7089
995,3.7089
996,3.709
997,3.709
998,3.7092
999,3.7092
1000,3.7092
1001,3.7093
1002,3.7093
1003,3.7095
1004,3.7095
1005,3.7096
1006,3.7096
1007,3.7098
1008,3.7098
1009,3.71
1010,3.71
1011,3.7101
1012,3.7101
1013,3.7103
1014,3.7103
1015,3.7103
1016,3.7104
1017,3.7104
1018,3.7106
1019,3.7106
1020,3.7108
1021,3.7108
1022,3.7109
1023,3.7109
1024,3.7111
1025,3.7111
1026,3.7112
1027,3.7112
1028,3.7114
1029,3.7114
1030,3.7114
1031,3.7116
1032,3.7117
1033,3.7117
1034,3.7119
1035,3.7119
1036,3.7119
1037,3.712
1038,3.712
1039,3.7122
1040,3.7122
1041,3.7123
1042,3.7123
1043,3.7125
1044,3.7125
1045,3.7127
1046,3.7127
1047,3.7128
1048,3.7128
1049,3.713
1050,3.713
1051,3.7131
1052,3.7131
1053,3.7133
1054,3.7133
1055,3.7133
1056,3.7135
1057,3.7136
1058,3.7136
1059,3.7136
1060,3.7138
1061,3.7138
1062,3.7139
1063,3.7139
1064,3.7141
1065,3.7141
1066,3.7143
1067,3.7143
1068,3.7144
1069,3.7144
1070,3.7146
1071,3.7146
1072,3.7147
1073,3.7147
1074,3.7149
1075,3.7149
1076,3.7151
1077,3.7151
1078,3.7152
1079,3.7152
1080,3.7152
1081,3.7154
1082,3.7155
1083,3.7155
1084,3.7157
1085,3.7157
1086,3.7158
1087,3.7158
1088,3.716
1089,3.716
1090,3.716
1091,3.7162
1092,3.7162
1093,3.7163
1094,3.7163
1095,3.7165
1096,3.7165
1097,3.7166
1098,3.7166
1099,3.7168
1100,3.7168
1101,3.717
1102,3.717
1103,3.7171
1104,3.7171
1105,3.7173
1106,3.7173
1107,3.7174
1108,3.7174
1109,3.7176
1110,3.7176
1111,3.7178
1112,3.7178
1113,3.7179
1114,3.7179
1115,3.7181
1116,3.7181
1117,3.7182
1118,3.7182
1119,3.7184
1120,3.7184
1121,3.7185
1122,3.7185
1123,3.7187
1124,3.7187
1125,3.7189
1126,3.7189
1127,3.719
1128,3.719
1129,3.7192
1130,3.7192
1131,3.7193
1132,3.7193
1133,3.7195
1134,3.7195
1135,3.7197
1136,3.7197
1137,3.7197
1138,3.7198
1139,3.72
1140,3.72
1141,3.7201
1142,3.7201
1143,3.7201
1144,3.7203
1145,3.7205
1146,3.7205
1147,3.7206
1148,3.7206
1149,3.7208
1150,3.7208
1151,3.7208
1152,3.7209
1153,3.7211
1154,3.7211
1155,3.7211
1156,3.7212
1157,3.7214
1158,3.7214
1159,3.7216
1160,3.7216
1161,3.7217
1162,3.7217
1163,3.7217
1164,3.7219
1165,3.722
1166,3.722
1167,3.7222
1168,3.7222
1169,3.7222
1170,3.7224
1171,3.7224
1172,3.7225
1173,3.7227
1174,3.7227
1175,3.7228
1176,3.7228
1177,3.7228
1178,3.723
1179,3.7232
1180,3.7232
1181,3.7232
1182,3.7233
1183,3.7235
1184,3.7235
1185,3.7236
1186,3.7236
1187,3.7238
1188,3.7238
1189,3.7239
1190,3.7239
1191,3.7241
1192,3.7241
1193,3.7243
1194,3.7243
1195,3.7244
1196,3.7244
1197,3.7246
1198,3.7246
1199,3.7247
1200,3.7247
1201,3.7249
1202,3.7249
1203,3.7251
1204,3.7251
1205,3.7252
1206,3.7252
1207,3.7254
1208,3.7254
1209,3.7255
1210,3.7255
1211,3.7257
1212,3.7257
1213,3.7259
1214,3.7259
1215,3.726
1216,3.726
1217,3.7262
1218,3.7262
1219,3.7263
1220,3.7263
1221,3.7265
1222,3.7265
1223,3.7266
1224,3.7266
1225,3.7268
1226,3.7268
1227,3.727
1228,3.727
1229,3.7271
1230,3.7271
1231,3.7273
1232,3.7273
1233,3.7274
1234,3.7274
1235,3.7276
1236,3.7276
1237,3.7278
1238,3.7278
1239,3.7279
1240,3.7279
1241,3.7281
1242,3.7281
1243,3.7282
1244,3.7284
1245,3.7284
1246,3.7284
1247,3.7286
1248,3.7287
1249,3.7287
1250,3.7289
1251,3.7289
1252,3.729
1253,3.729
1254,3.7292
1255,3.7292
1256,3.7294
1257,3.7294
1258,3.7295
1259,3.7295
1260,3.7297
1261,3.7297
1262,3.7298
1263,3.7298
1264,3.73
1265,3.73
1266,3.7301
1267,3.7301
1268,3.7303
1269,3.7303
1270,3.7305
1271,3.7305
1272,3.7306
1273,3.7308
1274,3.7308
1275,3.7308
1276,3.7309
1277,3.7311
1278,3.7311
1279,3.7313
1280,3.7313
1281,3.7314
1282,3.7314
1283,3.7316
1284,3.7316
1285,3.7317
1286,3.7317
1287,3.7319
1288,3.7319
1289,3.7321
1290,3.7321
1291,3.7322
1292,3.7322
1293,3.7324
1294,3.7324
1295,3.7325
1296,3.7325
1297,3.7327
1298,3.7328
1299,3.7328
1300,3.733
1301,3.733
1302,3.7332
1303,3.7332
1304,3.7333
1305,3.7333
1306,3.7335
1307,3.7335
1308,3.7336
1309,3.7336
1310,3.7338
1311,3.7338
1312,3.734
1313,3.734
1314,3.7341
1315,3.7343
1316,3.7343
1317,3.7344
1318,3.7344
1319,3.7346
1320,3.7346
1321,3.7348
1322,3.7348
1323,3.7349
1324,3.7349
1325,3.7351
1326,3.7351
1327,3.7352
1328,3.7352
1329,3.7354
1330,3.7355
1331,3.7355
1332,3.7357
1333,3.7357
1334,3.7359
1335,3.7359
1336,3.736
1337,3.736
1338,3.7362
1339,3.7362
1340,3.7363
1341,3.7363
1342,3.7365
1343,3.7365
1344,3.7367
1345,3.7368
1346,3.7368
1347,3.737
1348,3.737
1349,3.7371
1350,3.7371
1351,3.7373
1352,3.7373
1353,3.7375
1354,3.7375
1355,3.7376
1356,3.7376
1357,3.7378
1358,3.7379
1359,3.7379
1360,3.7381
1361,3.7381
1362,3.7382
1363,3.7382
1364,3.7384
1365,3.7384
1366,3.7386
1367,3.7386
1368,3.7387
1369,3.7389
1370,3.7389
1371,3.739
1372,3.739
1373,3.7392
1374,3.7392
1375,3.7394
1376,3.7394
1377,3.7395
1378,3.7397
1379,3.7397
1380,3.7398
1381,3.7398
1382,3.74
1383,3.74
1384,3.7402
1385,3.7402
1386,3.7403
1387,3.7405
1388,3.7405
1389,3.7406
1390,3.7406
1391,3.7408
1392,3.7408
1393,3.7409
1394,3.7409
1395,3.7411
1396,3.7413
1397,3.7413
1398,3.7414
1399,3.7414
1400,3.7416
1401,3.7416
1402,3.7417
1403,3.7417
1404,3.7419
1405,3.7421
1406,3.7421
1407,3.7422
1408,3.7422
1409,3.7424
1410,3.7424
1411,3.7425
1412,3.7427
1413,3.7427
1414,3.7429
1415,3.7429
1416,3.743
1417,3.743
1418,3.7432
1419,3.7433
1420,3.7433
1421,3.7435
1422,3.7435
1423,3.7436
1424,3.7438
1425,3.7438
1426,3.744
1427,3.744
1428,3.7441
1429,3.7441
1430,3.7443
1431,3.7443
1432,3.7444
1433,3.7446
1434,3.7446
1435,3.7448
1436,3.7448
1437,3.7449
1438,3.7451
1439,3.7451
1440,3.7452
1441,3.7452
1442,3.7454
1443,3.7456
1444,3.7456
1445,3.7457
1446,3.7457
1447,3.7459
1448,3.746
1449,3.746
1450,3.7462
1451,3.7462
1452,3.7464
1453,3.7465
1454,3.7465
1455,3.7467
1456,3.7467
1457,3.7468
1458,3.7468
1459,3.747
1460,3.7471
1461,3.7471
1462,3.7473
1463,3.7473
1464,3.7475
1465,3.7476
1466,3.7476
1467,3.7478
1468,3.7478
1469,3.7479
1470,3.7481
1471,3.7481
1472,3.7483
1473,3.7483
1474,3.7484
1475,3.7486
1476,3.7486
1477,3.7487
1478,3.7487
1479,3.7489
1480,3.7491
1481,3.7491
1482,3.7492
1483,3.7494
1484,3.7494
1485,3.7495
1486,3.7495
1487,3.7497
1488,3.7497
1489,3.7498
1490,3.75
1491,3.75
1492,3.7502
1493,3.7503
1494,3.7503
1495,3.7505
1496,3.7506
1497,3.7506
1498,3.7508
1499,3.7508
1500,3.751
1501,3.7511
1502,3.7511
1503,3.7513
1504,3.7513
1505,3.7514
1506,3.7516
1507,3.7516
1508,3.7518
1509,3.7519
1510,3.7519
1511,3.7521
1512,3.7522
1513,3.7522
1514,3.7524
1515,3.7524
1516,3.7525
1517,3.7527
1518,3.7527
1519,3.7529
1520,3.753
1521,3.753
1522,3.7532
1523,3.7533
1524,3.7533
1525,3.7535
1526,3.7537
1527,3.7537
1528,3.7538
1529,3.754
1530,3.754
1531,3.7541
1532,3.7541
1533,3.7543
1534,3.7545
1535,3.7545
1536,3.7546
1537,3.7548
1538,3.7548
1539,3.7549
1540,3.7551
1541,3.7551
1542,3.7552
1543,3.7554
1544,3.7554
1545,3.7556
1546,3.7557
1547,3.7557
1548,3.7559
1549,3.7559
1550,3.756
1551,3.7562
1552,3.7562
1553,3.7564
1554,3.7565
1555,3.7565
1556,3.7567
1557,3.7568
1558,3.7568
1559,3.757
1560,3.7572
1561,3.7573
1562,3.7573
1563,3.7575
1564,3.7575
1565,3.7576
1566,3.7578
1567,3.7579
1568,3.7579
1569,3.7581
1570,3.7583
1571,3.7583
1572,3.7584
1573,3.7586
1574,3.7586
1575,3.7587
1576,3.7589
1577,3.7589
1578,3.7591
1579,3.7592
1580,3.7592
1581,3.7594
1582,3.7595
1583,3.7597
1584,3.7597
1585,3.7599
1586,3.76
1587,3.76
1588,3.7602
1589,3.7603
1590,3.7603
1591,3.7605
1592,3.7607
1593,3.7607
1594,3.7608
1595,3.761
1596,3.7611
1597,3.7611
1598,3.7613
1599,3.7614
1600,3.7614
1601,3.7616
1602,3.7618
1603,3.7619
1604,3.7619
1605,3.7621
1606,3.7622
1607,3.7624
1608,3.7624
1609,3.7626
1610,3.7627
1611,3.7627
1612,3.7629
1613,3.763
1614,3.763
1615,3.7632
1616,3.7634
1617,3.7635
1618,3.7635
1619,3.7637
1620,3.7638
1621,3.764
1622,3.764
1623,3.7641
1624,3.7643
1625,3.7643
1626,3.7645
1627,3.7646
1628,3.7648
1629,3.7648
1630,3.7649
1631,3.7651
1632,3.7651
1633,3.7653
1634,3.7654
1635,3.7656
1636,3.7656
1637,3.7657
1638,3.7659
1639,3.7661
1640,3.7661
1641,3.7662
1642,3.7664
1643,3.7665
1644,3.7665
1645,3.7667
1646,3.7668
1647,3.767
1648,3.767
1649,3.7672
1650,3.7673
1651,3.7675
1652,3.7675
1653,3.7676
1654,3.7678
1655,3.768
1656,3.7681
1657,3.7681
1658,3.7683
1659,3.7684
1660,3.7684
1661,3.7686
1662,3.7688
1663,3.7689
1664,3.7691
1665,3.7691
1666,3.7692
1667,3.7694
1668,3.7695
1669,3.7695
1670,3.7697
1671,3.7699
1672,3.77
1673,3.77
1674,3.7702
1675,3.7703
1676,3.7705
1677,3.7707
1678,3.7707
1679,3.7708
1680,3.771
1681,3.7711
1682,3.7713
1683,3.7713
1684,3.7715
1685,3.7716
1686,3.7718
1687,3.7718
1688,3.7719
1689,3.7721
1690,3.7722
1691,3.7724
1692,3.7724
1693,3.7726
1694,3.7727
1695,3.7729
1696,3.773
1697,3.773
1698,3.7732
1699,3.7734
1700,3.7735
1701,3.7737
1702,3.7737
1703,3.7738
1704,3.774
1705,3.7742
1706,3.7743
1707,3.7743
1708,3.7745
1709,3.7746
1710,3.7748
1711,3.7749
1712,3.7751
1713,3.7751
1714,3.7753
1715,3.7754
1716,3.7756
1717,3.7757
1718,3.7757
1719,3.7759
1720,3.7761
1721,3.7762
1722,3.7764
1723,3.7764
1724,3.7765
1725,3.7767
1726,3.7769
1727,3.777
1728,3.7772
1729,3.7772
1730,3.7773
1731,3.7775
1732,3.7777
1733,3.7778
1734,3.778
1735,3.778
1736,3.7781
1737,3.7783
1738,3.7784
1739,3.7786
1740,3.7788
1741,3.7789
1742,3.7789
1743,3.7791
1744,3.7792
1745,3.7794
1746,3.7796
1747,3.7797
1748,3.7797
1749,3.7799
1750,3.78
1751,3.7802
1752,3.7804
1753,3.7805
1754,3.7807
1755,3.7807
1756,3.7808
1757,3.781
1758,3.7811
1759,3.7813
1760,3.7815
1761,3.7816
1762,3.7816
1763,3.7818
1764,3.7819
1765,3.7821
1766,3.7823
1767,3.7824
1768,3.7826
1769,3.7827
1770,3.7827
1771,3.7829
1772,3.7831
1773,3.7832
1774,3.7834
1775,3.7835
1776,3.7835
1777,3.7837
1778,3.7838
1779,3.784
1780,3.7842
1781,3.7843
1782,3.7845
1783,3.7846
1784,3.7848
1785,3.785
1786,3.785
1787,3.7851
1788,3.7853
1789,3.7854
1790,3.7856
1791,3.7858
1792,3.7859
1793,3.7861
1794,3.7861
1795,3.7862
1796,3.7864
1797,3.7865
1798,3.7867
1799,3.7869
1800,3.787
1801,3.7872
1802,3.7873
1803,3.7875
1804,3.7877
1805,3.7878
1806,3.788
1807,3.788
1808,3.7881
1809,3.7883
1810,3.7885
1811,3.7886
1812,3.7888
1813,3.7889
1814,3.7891
1815,3.7892
1816,3.7894
1817,3.7896
1818,3.7896
1819,3.7897
1820,3.7899
1821,3.79
1822,3.7902
1823,3.7904
1824,3.7905
1825,3.7907
1826,3.7908
1827,3.791
1828,3.7912
1829,3.7913
1830,3.7915
1831,3.7915
1832,3.7916
1833,3.7918
1834,3.7919
1835,3.7921
1836,3.7923
1837,3.7924
1838,3.7926
1839,3.7927
1840,3.7929
1841,3.7931
1842,3.7932
1843,3.7934
1844,3.7935
1845,3.7937
1846,3.7939
1847,3.794
1848,3.7942
1849,3.7942
1850,3.7943
1851,3.7945
1852,3.7947
1853,3.7948
1854,3.795
1855,3.7951
1856,3.7953
1857,3.7954
1858,3.7956
1859,3.7958
1860,3.7959
1861,3.7961
1862,3.7962
1863,3.7964
1864,3.7966
1865,3.7967
1866,3.7969
1867,3.797
1868,3.7972
1869,3.7974
1870,3.7975
1871,3.7977
1872,3.7978
1873,3.798
1874,3.7981
1875,3.7983
1876,3.7985
1877,3.7986
1878,3.7988
1879,3.7989
1880,3.7991
1881,3.7993
1882,3.7994
1883,3.7996
1884,3.7997
1885,3.7999
1886,3.8001
1887,3.8002
1888,3.8004
1889,3.8005
1890,3.8007
1891,3.8008
1892,3.801
1893,3.8012
1894,3.8013
1895,3.8015
1896,3.8016
1897,3.8018
1898,3.802
1899,3.8021
1900,3.8023
1901,3.8024
1902,3.8026
1903,3.8028
1904,3.8029
1905,3.8031
1906,3.8032
1907,3.8034
1908,3.8035
1909,3.8037
1910,3.8039
1911,3.804
1912,3.8042
1913,3.8043
1914,3.8045
1915,3.8047
1916,3.8048
1917,3.805
1918,3.8053
1919,3.8055
1920,3.8056
1921,3.8058
1922,3.8059
1923,3.8061
1924,3.8062
1925,3.8064
1926,3.8066
1927,3.8067
1928,3.8069
1929,3.807
1930,3.8072
1931,3.8074
1932,3.8075
1933,3.8077
1934,3.8078
1935,3.808
1936,3.8083
1937,3.8085
1938,3.8086
1939,3.8088
1940,3.809
1941,3.8091
1942,3.8093
1943,3.8094
1944,3.8096
1945,3.8097
1946,3.8099
1947,3.8101
1948,3.8104
1949,3.8105
1950,3.8105
1951,3.8109
1952,3.811
1953,3.8112
1954,3.8113
1955,3.8115
1956,3.8117
1957,3.8118
1958,3.812
1959,3.8123
1960,3.8124
1961,3.8126
1962,3.8128
1963,3.8129
1964,3.8131
1965,3.8132
1966,3.8134
1967,3.8136
1968,3.8139
1969,3.814
1970,3.8142
1971,3.8144
1972,3.8145
1973,3.8147
1974,3.8148
1975,3.815
1976,3.8153
1977,3.8155
1978,3.8156
1979,3.8158
1980,3.8159
1981,3.8161
1982,3.8164
1983,3.8166
1984,3.8167
1985,3.8169
1986,3.8171
1987,3.8172
1988,3.8174
1989,3.8175
1990,3.8178
1991,3.818
1992,3.8182
1993,3.8183
1994,3.8185
1995,3.8186
1996,3.819
1997,3.8191
1998,3.8193
1999,3.8194
2000,3.8196
2001,3.8198
2002,3.8201
2003,3.8202
2004,3.8204
2005,3.8205
2006,3.8207
2007,3.8209
2008,3.8212
2009,3.8213
2010,3.8215
2011,3.8217
2012,3.8218
2013,3.8221
2014,3.8223
2015,3.8225
2016,3.8226
2017,3.8228
2018,3.8231
2019,3.8233
2020,3.8234
2021,3.8236
2022,3.8237
2023,3.824
2024,3.8242
2025,3.8244
2026,3.8245
2027,3.8248
2028,3.825
2029,3.8252
2030,3.8253
2031,3.8255
2032,3.8258
2033,3.826
2034,3.8261
2035,3.8263
2036,3.8266
2037,3.8267
2038,3.8269
2039,3.8271
2040,3.8274
2041,3.8275
2042,3.8277
2043,3.8279
2044,3.8282
2045,3.8283
2046,3.8285
2047,3.8287
2048,3.829
2049,3.8291
2050,3.8293
2051,3.8294
2052,3.8298
2053,3.8299
2054,3.8301
2055,3.8302
2056,3.8306
2057,3.8307
2058,3.8309
2059,3.8312
2060,3.8314
2061,3.8315
2062,3.8317
2063,3.832
2064,3.8321
2065,3.8323
2066,3.8325
2067,3.8328
2068,3.8329
2069,3.8331
2070,3.8334
2071,3.8336
2072,3.8337
2073,3.8341
2074,3.8342
2075,3.8344
2076,3.8345
2077,3.8348
2078,3.835
2079,3.8352
2080,3.8355
2081,3.8356
2082,3.8358
2083,3.8361
2084,3.8363
2085,3.8364
2086,3.8368
2087,3.8369
2088,3.8371
2089,3.8374
2090,3.8375
2091,3.8377
2092,3.838
2093,3.8382
2094,3.8383
2095,3.8387
2096,3.8388
2097,3.839
2098,3.8393
2099,3.8395
2100,3.8396
2101,3.8399
2102,3.8401
2103,3.8404
2104,3.8406
2105,3.8407
2106,3.841
2107,3.8412
2108,3.8414
2109,3.8417
2110,3.8418
2111,3.8422
2112,3.8423
2113,3.8425
2114,3.8428
2115,3.843
2116,3.8431
2117,3.8434
2118,3.8436
2119,3.8439
2120,3.8441
2121,3.8442
2122,3.8445
2123,3.8447
2124,3.845
2125,3.8452
2126,3.8453
2127,3.8457
2128,3.8458
2129,3.8461
2130,3.8463
2131,3.8464
2132,3.8468
2133,3.8469
2134,3.8472
2135,3.8474
2136,3.8476
2137,3.8479
2138,3.848
2139,3.8484
2140,3.8485
2141,3.8488
2142,3.849
2143,3.8491
2144,3.8495
2145,3.8496
2146,3.8499
2147,3.8501
2148,3.8504
2149,3.8506
2150,3.8507
2151,3.8511
2152,3.8512
2153,3.8515
2154,3.8517
2155,3.852
2156,3.8522
2157,3.8523
2158,3.8526
2159,3.8528
2160,3.8531
2161,3.8533
2162,3.8536
2163,3.8538
2164,3.8541
2165,3.8542
2166,3.8546
2167,3.8547
2168,3.855
2169,3.8552
2170,3.8555
2171,3.8557
2172,3.8558
2173,3.8561
2174,3.8563
2175,3.8566
2176,3.8568
2177,3.8571
2178,3.8573
2179,3.8576
2180,3.8577
2181,3.858
2182,3.8582
2183,3.8585
2184,3.8587
2185,3.859
2186,3.8592
2187,3.8595
2188,3.8596
2189,3.8598
2190,3.8601
2191,3.8603
2192,3.8606
2193,3.8607
2194,3.8611
2195,3.8612
2196,3.8615
2197,3.8617
2198,3.862
2199,3.8622
2200,3.8625
2201,3.8627
2202,3.863
2203,3.8631
2204,3.8634
2205,3.8636
2206,3.8639
2207,3.8641
2208,3.8644
2209,3.8646
2210,3.8649
2211,3.865
2212,3.8654
2213,3.8655
2214,3.8658
2215,3.866
2216,3.8663
2217,3.8665
2218,3.8668
2219,3.8669
2220,3.8673
2221,3.8674
2222,3.8677
2223,3.8679
2224,3.8682
2225,3.8684
2226,3.8687
2227,3.8688
2228,3.8692
2229,3.8693
2230,3.8696
2231,3.8698
2232,3.8701
2233,3.8703
2234,3.8706
2235,3.8708
2236,3.8711
2237,3.8712
2238,3.8716
2239,3.8717
2240,3.872
2241,3.8722
2242,3.8725
2243,3.8727
2244,3.873
2245,3.8731
2246,3.8735
2247,3.8736
2248,3.8739
2249,3.8741
2250,3.8744
2251,3.8746
2252,3.8749
2253,3.875
2254,3.8754
2255,3.8755
2256,3.8758
2257,3.876
2258,3.8763
2259,3.8765
2260,3.8768
2261,3.877
2262,3.8773
2263,3.8774
2264,3.8777
2265,3.8779
2266,3.8782
2267,3.8784
2268,3.8787
2269,3.8789
2270,3.8792
2271,3.8793
2272,3.8797
2273,3.8798
2274,3.8801
2275,3.8803
2276,3.8806
2277,3.8808
2278,3.8811
2279,3.8812
2280,3.8816
2281,3.8817
2282,3.882
2283,3.8822
2284,3.8825
2285,3.8827
2286,3.8828
2287,3.8831
2288,3.8835
2289,3.8836
2290,3.8839
2291,3.8841
2292,3.8843
2293,3.8846
2294,3.8847
2295,3.8851
2296,3.8852
2297,3.8855
2298,3.8859
2299,3.886
2300,3.8862
2301,3.8865
2302,3.8866
2303,3.887
2304,3.8871
2305,3.8874
2306,3.8876
2307,3.8879
2308,3.8881
2309,3.8884
2310,3.8886
2311,3.8889
2312,3.889
2313,3.8893
2314,3.8895
2315,3.8897
2316,3.89
2317,3.8901
2318,3.8905
2319,3.8906
2320,3.8909
2321,3.8911
2322,3.8914
2323,3.8916
2324,3.8919
2325,3.892
2326,3.8924
2327,3.8925
2328,3.8927
2329,3.893
2330,3.8932
2331,3.8935
2332,3.8936
2333,3.894
2334,3.8941
2335,3.8944
2336,3.8946
2337,3.8949
2338,3.8951
2339,3.8952
2340,3.8955
2341,3.8957
2342,3.896
2343,3.8962
2344,3.8965
2345,3.8967
2346,3.897
2347,3.8971
2348,3.8973
2349,3.8976
2350,3.8978
2351,3.8981
2352,3.8982
2353,3.8986
2354,3.8987
2355,3.899
2356,3.8992
2357,3.8995
2358,3.8997
2359,3.8998
2360,3.9001
2361,3.9003
2362,3.9006
2363,3.9008
2364,3.9011
2365,3.9013
2366,3.9016
2367,3.9017
2368,3.9019
2369,3.9022
2370,3.9024
2371,3.9027
2372,3.9029
2373,3.9032
2374,3.9033
2375,3.9036
2376,3.9038
2377,3.904
2378,3.9043
2379,3.9044
2380,3.9048
2381,3.9049
2382,3.9052
2383,3.9054
2384,3.9057
2385,3.9059
2386,3.906
2387,3.9063
2388,3.9065
2389,3.9068
2390,3.907
2391,3.9073
2392,3.9075
2393,3.9076
2394,3.9079
2395,3.9081
2396,3.9084
2397,3.9086
2398,3.9089
2399,3.909
2400,3.9094
2401,3.9095
2402,3.9097
2403,3.91
2404,3.9102
2405,3.9105
2406,3.9106
2407,3.911
2408,3.9111
2409,3.9114
2410,3.9116
2411,3.9119
2412,3.9121
2413,3.9124
2414,3.9125
2415,3.9127
2416,3.913
2417,3.9132
2418,3.9135
2419,3.9137
2420,3.914
2421,3.9141
2422,3.9144
2423,3.9146
2424,3.9149
2425,3.9151
2426,3.9152
2427,3.9156
2428,3.9157
2429,3.916
2430,3.9162
2431,3.9165
2432,3.9167
2433,3.917
2434,3.9171
2435,3.9175
2436,3.9176
2437,3.9179
2438,3.9181
2439,3.9184
2440,3.9186
2441,3.9189
2442,3.9191
2443,3.9192
2444,3.9195
2445,3.9197
2446,3.92
2447,3.9202
2448,3.9205
2449,3.9206
2450,3.921
2451,3.9211
2452,3.9214
2453,3.9216
2454,3.9219
2455,3.9221
2456,3.9224
2457,3.9226
2458,3.9229
2459,3.923
2460,3.9233
2461,3.9235
2462,3.9238
2463,3.924
2464,3.9243
2465,3.9245
2466,3.9248
2467,3.9249
2468,3.9253
2469,3.9254
2470,3.9257
2471,3.9259
2472,3.9262
2473,3.9264
2474,3.9267
2475,3.9268
2476,3.9272
2477,3.9273
2478,3.9276
2479,3.9278
2480,3.9281
2481,3.9283
2482,3.9286
2483,3.9287
2484,3.9291
2485,3.9292
2486,3.9295
2487,3.9299
2488,3.93
2489,3.9303
2490,3.9305
2491,3.9308
2492,3.931
2493,3.9313
2494,3.9314
2495,3.9318
2496,3.9319
2497,3.9322
2498,3.9324
2499,3.9327
2500,3.933
2501,3.9332
2502,3.9335
2503,3.9337
2504,3.934
2505,3.9342
2506,3.9345
2507,3.9348
2508,3.9349
2509,3.9353
2510,3.9354
2511,3.9357
2512,3.9359
2513,3.9362
2514,3.9365
2515,3.9367
2516,3.937
2517,3.9372
2518,3.9375
2519,3.9376
2520,3.938
2521,3.9383
2522,3.9384
2523,3.9388
2524,3.9389
2525,3.9392
2526,3.9396
2527,3.9397
2528,3.94
2529,3.9402
2530,3.9405
2531,3.9408
2532,3.941
2533,3.9413
2534,3.9415
2535,3.9418
2536,3.9421
2537,3.9423
2538,3.9426
2539,3.9427
2540,3.943
2541,3.9434
2542,3.9435
2543,3.9438
2544,3.9442
2545,3.9443
2546,3.9446
2547,3.9448
2548,3.9451
2549,3.9454
2550,3.9456
2551,3.9459
2552,3.9462
2553,3.9464
2554,3.9467
2555,3.947
2556,3.9472
2557,3.9475
2558,3.9478
2559,3.948
2560,3.9483
2561,3.9486
2562,3.9488
2563,3.9491
2564,3.9492
2565,3.9496
2566,3.9499
2567,3.9502
2568,3.9504
2569,3.9507
2570,3.9508
2571,3.9512
2572,3.9515
2573,3.9516
2574,3.9519
2575,3.9523
2576,3.9526
2577,3.9527
2578,3.9531
2579,3.9534
2580,3.9535
2581,3.9539
2582,3.9542
2583,3.9543
2584,3.9546
2585,3.955
2586,3.9551
2587,3.9554
2588,3.9558
2589,3.9559
2590,3.9562
2591,3.9566
2592,3.9567
2593,3.957
2594,3.9573
2595,3.9577
2596,3.9578
2597,3.9581
2598,3.9585
2599,3.9586
2600,3.9589
2601,3.9593
2602,3.9594
2603,3.9597
2604,3.96
2605,3.9604
2606,3.9605
2607,3.9608
2608,3.9612
2609,3.9613
2610,3.9616
2611,3.962
2612,3.9623
2613,3.9624
2614,3.9627
2615,3.9631
2616,3.9632
2617,3.9635
2618,3.9639
2619,3.9642
2620,3.9643
2621,3.9647
2622,3.965
2623,3.9651
2624,3.9655
2625,3.9658
2626,3.9659
2627,3.9662
2628,3.9666
2629,3.9669
2630,3.967
2631,3.9674
2632,3.9677
2633,3.9678
2634,3.9682
2635,3.9685
2636,3.9688
2637,3.9689
2638,3.9693
2639,3.9696
2640,3.9699
2641,3.9701
2642,3.9704
2643,3.9707
2644,3.9709
2645,3.9712
2646,3.9715
2647,3.9716
2648,3.972
2649,3.9723
2650,3.9726
2651,3.9728
2652,3.9731
2653,3.9734
2654,3.9736
2655,3.9739
2656,3.9742
2657,3.9743
2658,3.9747
2659,3.975
2660,3.9751
2661,3.9755
2662,3.9758
2663,3.9759
2664,3.9763
2665,3.9766
2666,3.9767
2667,3.977
2668,3.9774
2669,3.9777
2670,3.9778
2671,3.9782
2672,3.9783
2673,3.9786
2674,3.979
2675,3.9791
2676,3.9794
2677,3.9798
2678,3.9799
2679,3.9802
2680,3.9805
2681,3.9807
2682,3.981
2683,3.9813
2684,3.9815
2685,3.9818
2686,3.9821
2687,3.9823
2688,3.9826
2689,3.9828
2690,3.9831
2691,3.9834
2692,3.9836
2693,3.9839
2694,3.9842
2695,3.9844
2696,3.9847
2697,3.9848
2698,3.9852
2699,3.9855
2700,3.9856
2701,3.9859
2702,3.9863
2703,3.9864
2704,3.9867
2705,3.9869
2706,3.9872
2707,3.9875
2708,3.9877
2709,3.988
2710,3.9882
2711,3.9885
2712,3.9886
2713,3.989
2714,3.9893
2715,3.9894
2716,3.9898
2717,3.9899
2718,3.9902
2719,3.9904
2720,3.9907
2721,3.9909
2722,3.9912
2723,3.9913
2724,3.9917
2725,3.9918
2726,3.9921
2727,3.9923
2728,3.9926
2729,3.9929
2730,3.9931
2731,3.9934
2732,3.9936
2733,3.9939
2734,3.994
2735,3.9944
2736,3.9945
2737,3.9948
2738,3.995
2739,3.9952
2740,3.9955
2741,3.9956
2742,3.996
2743,3.9961
2744,3.9964
2745,3.9966
2746,3.9969
2747,3.9971
2748,3.9972
2749,3.9975
2750,3.9977
2751,3.998
2752,3.9982
2753,3.9985
2754,3.9987
2755,3.999
2756,3.9991
2757,3.9993
2758,3.9996
2759,3.9998
2760,3.9999
2761,4.0002
2762,4.0004
2763,4.0007
2764,4.0009
2765,4.001
2766,4.0014
2767,4.0015
2768,4.0017
2769,4.002
2770,4.0022
2771,4.0023
2772,4.0026
2773,4.0028
2774,4.0031
2775,4.0033
2776,4.0034
2777,4.0037
2778,4.0039
2779,4.0041
2780,4.0042
2781,4.0045
2782,4.0047
2783,4.0049
2784,4.0052
2785,4.0053
2786,4.0055
2787,4.0056
2788,4.006
2789,4.0061
2790,4.0063
2791,4.0064
2792,4.0068
2793,4.0069
2794,4.0071
2795,4.0074
2796,4.0076
2797,4.0077
2798,4.0079
2799,4.0082
2800,4.0083
2801,4.0085
2802,4.0087
2803,4.0088
2804,4.0091
2805,4.0093
2806,4.0095
2807,4.0096
2808,4.0098
2809,4.0099
2810,4.0103
2811,4.0104
2812,4.0106
2813,4.0107
2814,4.0111
2815,4.0112
2816,4.0114
2817,4.0115
2818,4.0117
2819,4.0118
2820,4.0122
2821,4.0123
2822,4.0125
2823,4.0126
2824,4.0128
2825,4.013
2826,4.0133
2827,4.0134
2828,4.0136
2829,4.0138
2830,4.0139
2831,4.0141
2832,4.0142
2833,4.0144
2834,4.0147
2835,4.0149
2836,4.015
2837,4.0152
2838,4.0153
2839,4.0155
2840,4.0157
2841,4.0158
2842,4.016
2843,4.0161
2844,4.0163
2845,4.0166
2846,4.0168
2847,4.0169
2848,4.0171
2849,4.0172
2850,4.0174
2851,4.0176
2852,4.0177
2853,4.0179
2854,4.018
2855,4.0182
2856,4.0184
2857,4.0185
2858,4.0187
2859,4.019
2860,4.0192
2861,4.0193
2862,4.0195
2863,4.0196
2864,4.0198
2865,4.0199
2866,4.0201
2867,4.0203
2868,4.0204
2869,4.0206
2870,4.0207
2871,4.0209
2872,4.0211
2873,4.0212
2874,4.0214
2875,4.0215
2876,4.0217
2877,4.0219
2878,4.022
2879,4.0222
2880,4.0223
2881,4.0225
2882,4.0226
2883,4.0228
2884,4.023
2885,4.0231
2886,4.0233
2887,4.0234
2888,4.0236
2889,4.0238
2890,4.0239
2891,4.0241
2892,4.0242
2893,4.0244
2894,4.0246
2895,4.0247
2896,4.0249
2897,4.025
2898,4.0252
2899,4.0253
2900,4.0255
2901,4.0257
2902,4.0258
2903,4.026
2904,4.0261
2905,4.0263
2906,4.0265
2907,4.0266
2908,4.0268
2909,4.0269
2910,4.0271
2911,4.0273
2912,4.0274
2913,4.0276
2914,4.0277
2915,4.0279
2916,4.0281
2917,4.0282
2918,4.0284
2919,4.0285
2920,4.0287
2921,4.0288
2922,4.029
2923,4.0292
2924,4.0293
2925,4.0295
2926,4.0296
2927,4.0298
2928,4.03
2929,4.0301
2930,4.0303
2931,4.0304
2932,4.0306
2933,4.0308
2934,4.0309
2935,4.0311
2936,4.0312
2937,4.0314
2938,4.0315
2939,4.0317
2940,4.0319
2941,4.032
2942,4.0322
2943,4.0323
2944,4.0325
2945,4.0327
2946,4.0328
2947,4.033
2948,4.0331
2949,4.0333
2950,4.0335
2951,4.0336
2952,4.0338
2953,4.0339
2954,4.0341
2955,4.0342
2956,4.0344
2957,4.0346
2958,4.0347
2959,4.0349
2960,4.035
2961,4.0352
2962,4.0354
2963,4.0355
2964,4.0358
2965,4.036
2966,4.0362
2967,4.0363
2968,4.0365
2969,4.0366
2970,4.0368
2971,4.0369
2972,4.0371
2973,4.0373
2974,4.0374
2975,4.0376
2976,4.0377
2977,4.0379
2978,4.0381
2979,4.0384
2980,4.0385
2981,4.0387
2982,4.0389
2983,4.039
2984,4.0392
2985,4.0393
2986,4.0395
2987,4.0398
2988,4.04
2989,4.0401
2990,4.0403
2991,4.0404
2992,4.0406
2993,4.0408
2994,4.0411
2995,4.0412
2996,4.0414
2997,4.0416
2998,4.0417
2999,4.0419
3000,4.042
3001,4.0424
3002,4.0425
3003,4.0427
3004,4.0428
3005,4.0431
3006,4.0433
3007,4.0435
3008,4.0436
3009,4.0438
3010,4.0441
3011,4.0443
3012,4.0444
3013,4.0446
3014,4.0449
3015,4.0451
3016,4.0452
3017,4.0454
3018,4.0455
3019,4.0458
3020,4.046
3021,4.0462
3022,4.0465
3023,4.0466
3024,4.0468
3025,4.047
3026,4.0473
3027,4.0474
3028,4.0476
3029,4.0479
3030,4.0481
3031,4.0482
3032,4.0485
3033,4.0487
3034,4.0489
3035,4.0492
3036,4.0493
3037,4.0495
3038,4.0498
3039,4.05
3040,4.0503
3041,4.0505
3042,4.0506
3043,4.0509
3044,4.0511
3045,4.0514
3046,4.0516
3047,4.0517
3048,4.052
3049,4.0522
3050,4.0525
3051,4.0527
3052,4.0528
3053,4.0532
3054,4.0533
3055,4.0536
3056,4.0539
3057,4.0541
3058,4.0543
3059,4.0546
3060,4.0547
3061,4.0551
3062,4.0552
3063,4.0555
3064,4.0557
3065,4.056
3066,4.0563
3067,4.0565
3068,4.0568
3069,4.057
3070,4.0573
3071,4.0574
3072,4.0578
3073,4.0579
3074,4.0582
3075,4.0586
3076,4.0587
3077,4.059
3078,4.0592
3079,4.0595
3080,4.0598
3081,4.06
3082,4.0603
3083,4.0606
3084,4.0608
3085,4.0611
3086,4.0614
3087,4.0616
3088,4.0619
3089,4.0622
3090,4.0624
3091,4.0627
3092,4.063
3093,4.0632
3094,4.0635
3095,4.0638
3096,4.064
3097,4.0643
3098,4.0646
3099,4.0649
3100,4.0651
3101,4.0654
3102,4.0657
3103,4.066
3104,4.0662
3105,4.0665
3106,4.0668
3107,4.0671
3108,4.0673
3109,4.0676
3110,4.0679
3111,4.0682
3112,4.0684
3113,4.0687
3114,4.069
3115,4.0694
3116,4.0697
3117,4.0698
3118,4.0702
3119,4.0705
3120,4.0708
3121,4.0711
3122,4.0713
3123,4.0716
3124,4.0719
3125,4.0722
3126,4.0725
3127,4.0729
3128,4.0732
3129,4.0733
3130,4.0737
3131,4.074
3132,4.0743
3133,4.0746
3134,4.0749
3135,4.0752
3136,4.0754
3137,4.0757
3138,4.076
3139,4.0764
3140,4.0767
3141,4.077
3142,4.0773
3143,4.0776
3144,4.0779
3145,4.0781
3146,4.0784
3147,4.0787
3148,4.0791
3149,4.0794
3150,4.0797
3151,4.08
3152,4.0803
3153,4.0806
3154,4.081
3155,4.0813
3156,4.0814
3157,4.0818
3158,4.0821
3159,4.0824
3160,4.0827
3161,4.083
3162,4.0833
3163,4.0837
3164,4.084
3165,4.0843
3166,4.0846
3167,4.0849
3168,4.0852
3169,4.0854
3170,4.0857
3171,4.086
3172,4.0864
3173,4.0867
3174,4.087
3175,4.0873
3176,4.0876
3177,4.0879
3178,4.0883
3179,4.0886
3180,4.0889
3181,4.0892
3182,4.0895
3183,4.0899
3184,4.09
3185,4.0903
3186,4.0907
3187,4.091
3188,4.0913
3189,4.0916
3190,4.0919
3191,4.0922
3192,4.0926
3193,4.0929
3194,4.0932
3195,4.0935
3196,4.0938
3197,4.0941
3198,4.0945
3199,4.0946
3200,4.0949
3201,4.0953
3202,4.0956
3203,4.0959
3204,4.0962
3205,4.0965
3206,4.0968
3207,4.0972
3208,4.0975
3209,4.0978
3210,4.0981
3211,4.0984
3212,4.0986
3213,4.0989
3214,4.0992
3215,4.0995
3216,4.0999
3217,4.1002
3218,4.1005
3219,4.1008
3220,4.101
3221,4.1013
3222,4.1016
3223,4.1019
3224,4.1022
3225,4.1026
3226,4.1029
3227,4.1032
3228,4.1034
3229,4.1037
3230,4.104
3231,4.1043
3232,4.1046
3233,4.1049
3234,4.1053
3235,4.1056
3236,4.1057
3237,4.1061
3238,4.1064
3239,4.1067
3240,4.107
3241,4.1073
3242,4.1075
3243,4.1078
3244,4.1081
3245,4.1084
3246,4.1088
3247,4.1089
3248,4.1092
3249,4.1096
3250,4.1099
3251,4.1102
3252,4.1104
3253,4.1107
3254,4.111
3255,4.1113
3256,4.1116
3257,4.1118
3258,4.1121
3259,4.1124
3260,4.1127
3261,4.1129
3262,4.1132
3263,4.1135
3264,4.1138
3265,4.114
3266,4.1143
3267,4.1146
3268,4.115
3269,4.1151
3270,4.1154
3271,4.1158
3272,4.1161
3273,4.1162
3274,4.1165
3275,4.1169
3276,4.117
3277,4.1173
3278,4.1177
3279,4.1178
3280,4.1181
3281,4.1185
3282,4.1186
3283,4.1189
3284,4.1192
3285,4.1194
3286,4.1197
3287,4.12
3288,4.1202
3289,4.1205
3290,4.1208
3291,4.121
3292,4.1213
3293,4.1216
3294,4.1218
3295,4.1221
3296,4.1223
3297,4.1226
3298,4.1229
3299,4.1231
3300,4.1234
3301,4.1235
3302,4.1239
3303,4.124
3304,4.1243
3305,4.1247
3306,4.1248
3307,4.1251
3308,4.1253
3309,4.1256
3310,4.1258
3311,4.1261
3312,4.1262
3313,4.1266
3314,4.1269
3315,4.127
3316,4.1272
3317,4.1275
3318,4.1278
3319,4.128
3320,4.1283
3321,4.1285
3322,4.1286
3323,4.1289
3324,4.1291
3325,4.1294
3326,4.1296
3327,4.1299
3328,4.1301
3329,4.1304
3330,4.1305
3331,4.1308
3332,4.131
3333,4.1312
3334,4.1315
3335,4.1316
3336,4.132
3337,4.1321
3338,4.1323
3339,4.1326
3340,4.1328
3341,4.1331
3342,4.1332
3343,4.1334
3344,4.1337
3345,4.1339
3346,4.1342
3347,4.1343
3348,4.1345
3349,4.1348
3350,4.135
3351,4.1351
3352,4.1355
3353,4.1356
3354,4.1358
3355,4.1359
3356,4.1363
3357,4.1364
3358,4.1367
3359,4.1369
3360,4.137
3361,4.1372
3362,4.1375
3363,4.1377
3364,4.1378
3365,4.138
3366,4.1382
3367,4.1385
3368,4.1386
3369,4.1388
3370,4.139
3371,4.1393
3372,4.1394
3373,4.1396
3374,4.1397
3375,4.1401
3376,4.1402
3377,4.1404
3378,4.1405
3379,4.1407
3380,4.141
3381,4.1412
3382,4.1413
3383,4.1415
3384,4.1417
3385,4.1418
3386,4.1421
3387,4.1423
3388,4.1424
3389,4.1426
3390,4.1428
3391,4.1429
3392,4.1431
3393,4.1432
3394,4.1434
3395,4.1437
3396,4.1439
3397,4.144
3398,4.1442
3399,4.1444
3400,4.1445
3401,4.1447
3402,4.1448
3403,4.145
3404,4.1451
3405,4.1453
3406,4.1455
3407,4.1456
3408,4.1458
3409,4.1461
3410,4.1463
3411,4.1464
3412,4.1466
3413,4.1467
3414,4.1469
3415,4.1471
3416,4.1472
3417,4.1474
3418,4.1475
3419,4.1477
3420,4.1478
3421,4.148
3422,4.1482
3423,4.1482
3424,4.1483
3425,4.1485
3426,4.1486
3427,4.1488
3428,4.149
3429,4.1491
3430,4.1493
3431,4.1494
3432,4.1496
3433,4.1498
3434,4.1499
3435,4.1501
3436,4.1502
3437,4.1502
3438,4.1504
3439,4.1506
3440,4.1507
3441,4.1509
3442,4.151
3443,4.1512
3444,4.1513
3445,4.1515
3446,4.1515
3447,4.1517
3448,4.1518
3449,4.152
3450,4.1521
3451,4.1523
3452,4.1523
3453,4.1525
3454,4.1526
3455,4.1528
3456,4.1529
3457,4.1531
3458,4.1531
3459,4.1533
3460,4.1534
3461,4.1536
3462,4.1536
3463,4.1537
3464,4.1539
3465,4.154
3466,4.1542
3467,4.1542
3468,4.1544
3469,4.1545
3470,4.1547
3471,4.1547
3472,4.1548
3473,4.155
3474,4.155
3475,4.1552
3476,4.1553
3477,4.1555
3478,4.1555
3479,4.1556
3480,4.1558
3481,4.1558
3482,4.156
3483,4.1561
3484,4.1563
3485,4.1563
3486,4.1564
3487,4.1566
3488,4.1566
3489,4.1567
3490,4.1569
3491,4.1569
3492,4.1571
3493,4.1572
3494,4.1572
3495,4.1574
3496,4.1575
3497,4.1575
3498,4.1577
3499,4.1579
3500,4.1579
3501,4.158
3502,4.1582
3503,4.1582
3504,4.1583
3505,4.1583
3506,4.1585
3507,4.1587
3508,4.1587
3509,4.1588
3510,4.1588
3511,4.159
3512,4.1591
3513,4.1591
3514,4.1593
3515,4.1593
3516,4.1594
3517,4.1596
3518,4.1596
3519,4.1598
3520,4.1598
3521,4.1599
3522,4.1599
3523,4.1601
3524,4.1602
3525,4.1602
3526,4.1604
3527,4.1604
3528,4.1606
3529,4.1606
3530,4.1607
3531,4.1607
3532,4.1609
3533,4.1609
3534,4.161
3535,4.1612
3536,4.1612
3537,4.1614
3538,4.1614
3539,4.1615
3540,4.1615
3541,4.1617
3542,4.1617
3543,4.1618
3544,4.1618
3545,4.162
3546,4.162
3547,4.1621
3548,4.1621
3549,4.1623
3550,4.1623
3551,4.1625
3552,4.1625
3553,4.1626
3554,4.1628
3555,4.1628
3556,4.1629
3557,4.1629
3558,4.1631
3559,4.1631
3560,4.1633
3561,4.1633
3562,4.1634
3563,4.1634
3564,4.1636
3565,4.1636
3566,4.1637
3567,4.1637
3568,4.1639
3569,4.1639
3570,4.1641
3571,4.1641
3572,4.1642
3573,4.1642
3574,4.1644
3575,4.1644
3576,4.1645
3577,4.1645
3578,4.1647
3579,4.1647
3580,4.1648
3581,4.1648
3582,4.165
3583,4.165
3584,4.1652
3585,4.1652
3586,4.1653
3587,4.1653
3588,4.1655
3589,4.1655
3590,4.1656
3591,4.1656
3592,4.1658
3593,4.1658
3594,4.166
3595,4.166
3596,4.1661
3597,4.1663
3598,4.1663
3599,4.1664
3600,4.1664
3601,4.1664
3602,4.1666
3603,4.1668
3604,4.1668
3605,4.1669
3606,4.1669
3607,4.1671
3608,4.1671
3609,4.1672
3610,4.1672
3611,4.1674
3612,4.1674
3613,4.1676
3614,4.1676
3615,4.1677
3616,4.1679
3617,4.1679
3618,4.168
3619,4.168
3620,4.1682
3621,4.1682
3622,4.1683
3623,4.1683
3624,4.1685
3625,4.1685
3626,4.1687
3627,4.1688
3628,4.1688
3629,4.169
3630,4.169
3631,4.1691
3632,4.1691
3633,4.1693
3634,4.1693
3635,4.1695
3636,4.1696
3637,4.1696
3638,4.1698
3639,4.1698
3640,4.1699
3641,4.1699
3642,4.1701
3643,4.1703
3644,4.1703
3645,4.1704
3646,4.1704
3647,4.1706
3648,4.1707
3649,4.1707
3650,4.1709
3651,4.1709
3652,4.171
3653,4.1712
3654,4.1712
3655,4.1714
3656,4.1715
3657,4.1715
3658,4.1717
3659,4.1717
3660,4.1718
3661,4.172
3662,4.172
3663,4.1722
3664,4.1723
3665,4.1723
3666,4.1725
3667,4.1726
3668,4.1726
3669,4.1728
3670,4.173
3671,4.173
3672,4.1731
3673,4.1733
3674,4.1733
3675,4.1734
3676,4.1736
3677,4.1736
3678,4.1737
3679,4.1739
3680,4.1741
3681,4.1741
3682,4.1742
3683,4.1744
3684,4.1745
3685,4.1745
3686,4.1747
3687,4.1749
3688,4.1749
3689,4.175
3690,4.1752
3691,4.1753
3692,4.1753
3693,4.1755
3694,4.1757
3695,4.1758
3696,4.176
3697,4.176
3698,4.1761
3699,4.1763
3700,4.1764
3701,4.1764
3702,4.1766
3703,4.1768
3704,4.1769
3705,4.1771
3706,4.1771
3707,4.1772
3708,4.1774
3709,4.1776
3710,4.1777
3711,4.1779
3712,4.1779
3713,4.178
3714,4.1782
3715,4.1784
3716,4.1785
3717,4.1787
3718,4.1788
3719,4.179
3720,4.1791
3721,4.1791
3722,4.1793
3723,4.1795
3724,4.1796
3725,4.1798
3726,4.1799
3727,4.1801
3728,4.1803
3729,4.1804
3730,4.1806
3731,4.1807
3732,4.1809
3733,4.1811
3734,4.1812
3735,4.1814
3736,4.1815
3737,4.1817
3738,4.1818
3739,4.182
3740,4.1822
3741,4.1823
3742,4.1825
3743,4.1826
3744,4.1828
3745,4.183
3746,4.1831
3747,4.1833
3748,4.1836
3749,4.1838
3750,4.1839
3751,4.1841
3752,4.1842
3753,4.1844
3754,4.1846
3755,4.1847
3756,4.185
3757,4.1852
3758,4.1853
3759,4.1855
3760,4.1857
3761,4.1858
3762,4.1861
3763,4.1863
3764,4.1865
3765,4.1866
3766,4.1869
3767,4.1871
3768,4.1873
3769,4.1876
3770,4.1877
3771,4.1879
3772,4.1882
3773,4.1884
3774,4.1885
3775,4.1888
3776,4.189
3777,4.1892
3778,4.1895
3779,4.1896
3780,4.1898
3781,4.1901
3782,4.1903
3783,4.1906
3784,4.1907
3785,4.1911
3786,4.1912
3787,4.1915
3788,4.1917
3789,4.192
3790,4.1922
3791,4.1925
3792,4.1927
3793,4.193
3794,4.1933
3795,4.1934
3796,4.1938
3797,4.1939
3798,4.1942
3799,4.1946
3800,4.1947
3801,4.195
3802,4.1954
3803,4.1955
3804,4.1958
3805,4.1961
3806,4.1965
3807,4.1966
3808,4.1969
3809,4.1973
3810,4.1976
3811,4.1979
3812,4.1982
3813,4.1985
3814,4.1987
3815,4.199
3816,4.1993
3817,4.1996
3818,4.2
3819,4.2003
3820,4.2006
3821,4.2009
3822,4.2012
3823,4.2016
3824,4.2019
3825,4.2022
3826,4.2025
3827,4.203
3828,4.2033
3829,4.2036
3830,4.2039
3831,4.2043
3832,4.2047
3833,4.205
3834,4.2054
3835,4.2057
3836,4.2062
3837,4.2065
3838,4.2068
3839,4.2073
3840,4.2076
3841,4.2081
3842,4.2084
3843,4.2089
3844,4.2092
3845,4.2097
3846,4.21
3847,4.2104
3848,4.2108
3849,4.2112
3850,4.2117
3851,4.212
3852,4.2125
3853,4.213
3854,4.2135
3855,4.2138
3856,4.2143
3857,4.2147
3858,4.2152
3859,4.2157
3860,4.2162
3861,4.2165
3862,4.2171
3863,4.2176
3864,4.2181
3865,4.2186
3866,4.219
3867,4.2195
3868,4.22
3869,4.2205
3870,4.2209
3871,4.2216
3872,4.222
3873,4.2225
3874,4.223
3875,4.2236
3876,4.2241
3877,4.2246
3878,4.2252
3879,4.2257
3880,4.2263
3881,4.2268
3882,4.2274
3883,4.2281
3884,4.2286
3885,4.2292
3886,4.2298
3887,4.2303
3888,4.2309
3889,4.2316
3890,4.2322
3891,4.2329
3892,4.2335
3893,4.234
3894,4.2346
3895,4.2352
3896,4.2359
3897,4.2365
3898,4.2373
3899,4.2379
3900,4.2386
3901,4.2392
3902,4.2398
3903,4.2406
3904,4.2413
3905,4.2419
3906,4.2427
3907,4.2433
3908,4.2441
3909,4.2448
3910,4.2456
3911,4.2462
3912,4.247
3913,4.2476
3914,4.2484
3915,4.2492
3916,4.25
3917,4.2506
3918,4.2514
3919,4.2522
3920,4.253
3921,4.2538
3922,4.2546
3923,4.2554
3924,4.2562
3925,4.257
3926,4.257
3927,4.2578
3928,4.2578
3929,4.2586
3930,4.2586
3931,4.2594
3932,4.2594
3933,4.2603
3934,4.2603
3935,4.2611
3936,4.2611
3937,4.2619
3938,4.2619
3939,4.2629
3940,4.2629
3941,4.2637
3942,4.2637
3943,4.2645
3944,4.2645
3945,4.2654
3946,4.2654
3947,4.2662
3948,4.2662
3949,4.2672
3950,4.2672
3951,4.2681
3952,4.2681
3953,4.2689
3954,4.2689
3955,4.2699
3956,4.2699
3957,4.2708
3958,4.2708
3959,4.2716
3960,4.2716
3961,4.2726
3962,4.2726
3963,4.2735
3964,4.2735
3965,4.2745
3966,4.2745
3967,4.2754
3968,4.2764
3969,4.2772
3970,4.2783
3971,4.2792
3972,4.2802
3973,4.2812
3974,4.2821
3975,4.2831
3976,4.284
3977,4.2851
3978,4.2861
3979,4.287
3980,4.2881
3981,4.2891
3982,4.29
3983,4.2912
3984,4.2921
3985,4.2932
3986,4.2942
3987,4.2953
3988,4.2964
3989,4.2974
3990,4.2985
3991,4.2996
3992,4.2999
3993,4.2999
3994,4.2999
3995,4.2999
3996,4.2999
3997,4.2999
3998,4.2999
3999,4.2999
4000,4.2972
4001,4.2953
4002,4.2944
4003,4.2937
4004,4.2933
4005,4.2928
4006,4.2925
4007,4.2922
4008,4.2918
4009,4.2915
4010,4.2914
4011,4.291
4012,4.2909
4013,4.2907
4014,4.2906
4015,4.2904
4016,4.2903
4017,4.2901
4018,4.2899
4019,4.2898
4020,4.2896
4021,4.2895
4022,4.2895
4023,4.2893
4024,4.2891
4025,4.2891
4026,4.289
4027,4.2888
4028,4.2888
4029,4.2887
4030,4.2887
4031,4.2885
4032,4.2885
4033,4.2883
4034,4.2883
4035,4.2882
4036,4.2882
4037,4.288
4038,4.288
4039,4.2879
4040,4.2879
4041,4.2877
4042,4.2877
4043,4.2876
4044,4.2876
4045,4.2876
4046,4.2874
4047,4.2874
4048,4.2872
4049,4.2872
4050,4.2872
4051,4.2871
4052,4.2871
4053,4.2871
4054,4.2869
4055,4.2869
4056,4.2868
4057,4.2868
4058,4.2868
4059,4.2868
4060,4.2866
4061,4.2866
4062,4.2866
4063,4.2864
4064,4.2864
4065,4.2864
4066,4.2863
4067,4.2863
4068,4.2863
4069,4.2861
4070,4.2861
4071,4.2861
4072,4.2861
4073,4.286
4074,4.286
4075,4.286
4076,4.2858
4077,4.2858
4078,4.2858
4079,4.2858
4080,4.2856
4081,4.2856
4082,4.2856
4083,4.2856
4084,4.2856
4085,4.2855
4086,4.2855
4087,4.2855
4088,4.2853
4089,4.2853
4090,4.2853
4091,4.2853
4092,4.2853
4093,4.2852
4094,4.2852
4095,4.2852
4096,4.2852
4097,4.285
4098,4.285
4099,4.285
4100,4.285
4101,4.2849
4102,4.2849
4103,4.2849
4104,4.2849
4105,4.2849
4106,4.2847
4107,4.2847
4108,4.2847
4109,4.2847
4110,4.2847
4111,4.2845
4112,4.2845
4113,4.2845
4114,4.2845
4115,4.2845
4116,4.2844
4117,4.2844
4118,4.2844
4119,4.2844
4120,4.2842
4121,4.2842
4122,4.2842
4123,4.2842
4124,4.2842
4125,4.2842
4126,4.2841
4127,4.2841
4128,4.2841
4129,4.2841
4130,4.2841
4131,4.2839
4132,4.2839
4133,4.2839
4134,4.2839
4135,4.2839
4136,4.2839
4137,4.2837
4138,4.2837
4139,4.2837
4140,4.2837
4141,4.2837
4142,4.2837
4143,4.2837
4144,4.2836
4145,4.2836
4146,4.2836
4147,4.2836
4148,4.2836
4149,4.2834
4150,4.2834
4151,4.2834
4152,4.2834
4153,4.2834
4154,4.2834
4155,4.2833
4156,4.2833
4157,4.2833
4158,4.2833
4159,4.2833
4160,4.2833
4161,4.2833
4162,4.2831
4163,4.2831
4164,4.2831
4165,4.2831
4166,4.2831
4167,4.2831
4168,4.2829
4169,4.2829
4170,4.2829
4171,4.2829
4172,4.2829
4173,4.2829
4174,4.2829
4175,4.2828
4176,4.2828
4177,4.2828
4178,4.2828
4179,4.2828
4180,4.2828
4181,4.2774
4182,4.2726
4183,4.2704
4184,4.2683
4185,4.2666
4186,4.265
4187,4.2634
4188,4.262
4189,4.2606
4190,4.2593
4191,4.258
4192,4.2567
4193,4.2555
4194,4.2542
4195,4.2531
4196,4.252
4197,4.2507
4198,4.2496
4199,4.2485
4200,4.2474
4201,4.2464
4202,4.2453
4203,4.2442
4204,4.2432
4205,4.2421
4206,4.2412
4207,4.2401
4208,4.2391
4209,4.2382
4210,4.2372
4211,4.2363
4212,4.2353
4213,4.2344
4214,4.2334
4215,4.2324
4216,4.2317
4217,4.2307
4218,4.2299
4219,4.229
4220,4.2282
4221,4.2272
4222,4.2264
4223,4.2255
4224,4.2247
4225,4.2239
4226,4.2231
4227,4.2223
4228,4.2215
4229,4.2205
4230,4.2197
4231,4.2189
4232,4.2183
4233,4.2175
4234,4.2167
4235,4.2159
4236,4.2153
4237,4.2145
4238,4.2137
4239,4.2131
4240,4.2123
4241,4.2116
4242,4.211
4243,4.2102
4244,4.2096
4245,4.2088
4246,4.2082
4247,4.2075
4248,4.2069
4249,4.2062
4250,4.2056
4251,4.205
4252,4.2043
4253,4.2037
4254,4.2031
4255,4.2024
4256,4.2018
4257,4.2012
4258,4.2007
4259,4.2001
4260,4.1994
4261,4.1989
4262,4.1983
4263,4.1978
4264,4.1972
4265,4.1966
4266,4.1961
4267,4.1956
4268,4.195
4269,4.1945
4270,4.194
4271,4.1934
4272,4.1929
4273,4.1924
4274,4.192
4275,4.1915
4276,4.191
4277,4.1904
4278,4.1899
4279,4.1894
4280,4.1891
4281,4.1886
4282,4.1881
4283,4.1877
4284,4.1872
4285,4.1867
4286,4.1862
4287,4.1859
4288,4.1854
4289,4.185
4290,4.1845
4291,4.1842
4292,4.1837
4293,4.1834
4294,4.1829
4295,4.1826
4296,4.1821
4297,4.1818
4298,4.1813
4299,4.181
4300,4.1807
4301,4.1802
4302,4.1799
4303,4.1794
4304,4.1791
4305,4.1788
4306,4.1785
4307,4.178
4308,4.1777
4309,4.1773
4310,4.177
4311,4.1767
4312,4.1764
4313,4.1761
4314,4.1758
4315,4.1754
4316,4.1751
4317,4.1748
4318,4.1745
4319,4.1742
4320,4.1738
4321,4.1735
4322,4.1732
4323,4.1729
4324,4.1726
4325,4.1723
4326,4.1721
4327,4.1718
4328,4.1715
4329,4.1711
4330,4.171
4331,4.1707
4332,4.1704
4333,4.17
4334,4.1699
4335,4.1696
4336,4.1694
4337,4.1691
4338,4.1688
4339,4.1686
4340,4.1683
4341,4.1681
4342,4.1678
4343,4.1677
4344,4.1673
4345,4.1672
4346,4.1669
4347,4.1667
4348,4.1664
4349,4.1662
4350,4.1659
4351,4.1657
4352,4.1656
4353,4.1653
4354,4.1651
4355,4.1648
4356,4.1646
4357,4.1645
4358,4.1642
4359,4.164
4360,4.1638
4361,4.1637
4362,4.1634
4363,4.1632
4364,4.1631
4365,4.1629
4366,4.1626
4367,4.1624
4368,4.1623
4369,4.1621
4370,4.1619
4371,4.1618
4372,4.1615
4373,4.1613
4374,4.1611
4375,4.161
4376,4.1608
4377,4.1607
4378,4.1605
4379,4.1604
4380,4.1602
4381,4.16
4382,4.1599
4383,4.1597
4384,4.1594
4385,4.1594
4386,4.1591
4387,4.1591
4388,4.1588
4389,4.1586
4390,4.1584
4391,4.1584
4392,4.1583
4393,4.1581
4394,4.158
4395,4.1578
4396,4.1577
4397,4.1575
4398,4.1573
4399,4.1572
4400,4.157
4401,4.1569
4402,4.1567
4403,4.1565
4404,4.1565
4405,4.1564
4406,4.1562
4407,4.1561
4408,4.1559
4409,4.1557
4410,4.1557
4411,4.1556
4412,4.1554
4413,4.1553
4414,4.1551
4415,4.155
4416,4.155
4417,4.1548
4418,4.1546
4419,4.1545
4420,4.1545
4421,4.1543
4422,4.1542
4423,4.154
4424,4.154
4425,4.1538
4426,4.1537
4427,4.1537
4428,4.1535
4429,4.1534
4430,4.1532
4431,4.1532
4432,4.153
4433,4.1529
4434,4.1529
4435,4.1527
4436,4.1526
4437,4.1524
4438,4.1524
4439,4.1523
4440,4.1523
4441,4.1521
4442,4.1519
4443,4.1519
4444,4.1518
4445,4.1516
4446,4.1516
4447,4.1515
4448,4.1513
4449,4.1513
4450,4.1511
4451,4.1511
4452,4.151
4453,4.1508
4454,4.1508
4455,4.1507
4456,4.1505
4457,4.1505
4458,4.1503
4459,4.1503
4460,4.1502
4461,4.1502
4462,4.15
4463,4.1499
4464,4.1499
4465,4.1497
4466,4.1497
4467,4.1496
4468,4.1494
4469,4.1494
4470,4.1492
4471,4.1492
4472,4.1491
4473,4.1491
4474,4.1489
4475,4.1489
4476,4.1488
4477,4.1488
4478,4.1486
4479,4.1486
4480,4.1484
4481,4.1483
4482,4.1483
4483,4.1481
4484,4.1481
4485,4.148
4486,4.148
4487,4.1478
4488,4.1478
4489,4.1476
4490,4.1476
4491,4.1475
4492,4.1475
4493,4.1473
4494,4.1473
4495,4.1472
4496,4.1472
4497,4.147
4498,4.147
4499,4.1469
4500,4.1469
4501,4.1467
4502,4.1467
4503,4.1465
4504,4.1465
4505,4.1465
4506,4.1464
4507,4.1462
4508,4.1462
4509,4.1461
4510,4.1461
4511,4.1459
4512,4.1459
4513,4.1457
4514,4.1457
4515,4.1456
4516,4.1456
4517,4.1454
4518,4.1454
4519,4.1453
4520,4.1453
4521,4.1453
4522,4.1451
4523,4.1451
4524,4.1449
4525,4.1449
4526,4.1448
4527,4.1448
4528,4.1446
4529,4.1446
4530,4.1445
4531,4.1445
4532,4.1445
4533,4.1443
4534,4.1443
4535,4.1442
4536,4.1442
4537,4.144
4538,4.144
4539,4.1438
4540,4.1438
4541,4.1437
4542,4.1437
4543,4.1435
4544,4.1435
4545,4.1435
4546,4.1434
4547,4.1434
4548,4.1432
4549,4.1432
4550,4.143
4551,4.143
4552,4.1429
4553,4.1429
4554,4.1427
4555,4.1427
4556,4.1427
4557,4.1426
4558,4.1426
4559,4.1424
4560,4.1424
4561,4.1422
4562,4.1422
4563,4.1421
4564,4.1421
4565,4.1419
4566,4.1419
4567,4.1419
4568,4.1418
4569,4.1418
4570,4.1416
4571,4.1416
4572,4.1415
4573,4.1415
4574,4.1415
4575,4.1413
4576,4.1411
4577,4.1411
4578,4.1411
4579,4.141
4580,4.141
4581,4.1408
4582,4.1408
4583,4.1408
4584,4.1407
4585,4.1407
4586,4.1405
4587,4.1405
4588,4.1403
4589,4.1403
4590,4.1402
4591,4.1402
4592,4.14
4593,4.14
4594,4.1399
4595,4.1399
4596,4.1399
4597,4.1397
4598,4.1397
4599,4.1395
4600,4.1395
4601,4.1394
4602,4.1394
4603,4.1392
4604,4.1392
4605,4.1391
4606,4.1391
4607,4.1389
4608,4.1389
4609,4.1388
4610,4.1388
4611,4.1386
4612,4.1386
4613,4.1386
4614,4.1384
4615,4.1384
4616,4.1383
4617,4.1383
4618,4.1381
4619,4.1381
4620,4.138
4621,4.138
4622,4.1378
4623,4.1378
4624,4.1376
4625,4.1376
4626,4.1375
4627,4.1375
4628,4.1373
4629,4.1373
4630,4.1372
4631,4.1372
4632,4.137
4633,4.137
4634,4.1368
4635,4.1368
4636,4.1367
4637,4.1367
4638,4.1365
4639,4.1365
4640,4.1364
4641,4.1364
4642,4.1362
4643,4.1362
4644,4.1361
4645,4.1361
4646,4.1359
4647,4.1359
4648,4.1357
4649,4.1357
4650,4.1356
4651,4.1354
4652,4.1354
4653,4.1353
4654,4.1353
4655,4.1351
4656,4.1351
4657,4.1349
4658,4.1349
4659,4.1348
4660,4.1348
4661,4.1346
4662,4.1345
4663,4.1345
4664,4.1343
4665,4.1343
4666,4.1341
4667,4.134
4668,4.134
4669,4.1338
4670,4.1338
4671,4.1337
4672,4.1337
4673,4.1335
4674,4.1334
4675,4.1334
4676,4.1332
4677,4.133
4678,4.133
4679,4.1329
4680,4.1329
4681,4.1327
4682,4.1326
4683,4.1326
4684,4.1324
4685,4.1324
4686,4.1322
4687,4.1321
4688,4.1321
4689,4.1319
4690,4.1318
4691,4.1318
4692,4.1316
4693,4.1314
4694,4.1314
4695,4.1313
4696,4.1311
4697,4.131
4698,4.131
4699,4.1308
4700,4.1307
4701,4.1307
4702,4.1305
4703,4.1303
4704,4.1303
4705,4.1302
4706,4.13
4707,4.1299
4708,4.1297
4709,4.1297
4710,4.1295
4711,4.1294
4712,4.1292
4713,4.1292
4714,4.1291
4715,4.1289
4716,4.1287
4717,4.1287
4718,4.1286
4719,4.1284
4720,4.1283
4721,4.1281
4722,4.1281
4723,4.128
4724,4.1278
4725,4.1276
4726,4.1275
4727,4.1275
4728,4.1273
4729,4.1272
4730,4.127
4731,4.1268
4732,4.1267
4733,4.1265
4734,4.1264
4735,4.1262
4736,4.1262
4737,4.126
4738,4.1259
4739,4.1257
4740,4.1256
4741,4.1254
4742,4.1253
4743,4.1251
4744,4.1249
4745,4.1248
4746,4.1246
4747,4.1245
4748,4.1243
4749,4.1241
4750,4.1241
4751,4.1238
4752,4.1237
4753,4.1237
4754,4.1233
4755,4.1233
4756,4.123
4757,4.1229
4758,4.1227
4759,4.1226
4760,4.1224
4761,4.1222
4762,4.1221
4763,4.1219
4764,4.1218
4765,4.1216
4766,4.1214
4767,4.1213
4768,4.1211
4769,4.121
4770,4.1208
4771,4.1205
4772,4.1203
4773,4.1202
4774,4.12
4775,4.1199
4776,4.1197
4777,4.1195
4778,4.1192
4779,4.1191
4780,4.1189
4781,4.1187
4782,4.1186
4783,4.1184
4784,4.1181
4785,4.1179
4786,4.1178
4787,4.1176
4788,4.1175
4789,4.1172
4790,4.117
4791,4.1168
4792,4.1167
4793,4.1164
4794,4.1162
4795,4.116
4796,4.1159
4797,4.1156
4798,4.1154
4799,4.1153
4800,4.1149
4801,4.1148
4802,4.1146
4803,4.1143
4804,4.1141
4805,4.114
4806,4.1137
4807,4.1135
4808,4.1133
4809,4.113
4810,4.1129
4811,4.1127
4812,4.1124
4813,4.1122
4814,4.1121
4815,4.1118
4816,4.1116
4817,4.1113
4818,4.1111
4819,4.111
4820,4.1106
4821,4.1105
4822,4.1102
4823,4.11
4824,4.1097
4825,4.1095
4826,4.1092
4827,4.1091
4828,4.1087
4829,4.1086
4830,4.1083
4831,4.1081
4832,4.1079
4833,4.1076
4834,4.1073
4835,4.1072
4836,4.1068
4837,4.1067
4838,4.1064
4839,4.1062
4840,4.1059
4841,4.1057
4842,4.1054
4843,4.1052
4844,4.1049
4845,4.1048
4846,4.1045
4847,4.1041
4848,4.104
4849,4.1037
4850,4.1035
4851,4.1032
4852,4.1029
4853,4.1027
4854,4.1024
4855,4.1022
4856,4.1019
4857,4.1016
4858,4.1014
4859,4.1011
4860,4.1008
4861,4.1006
4862,4.1003
4863,4.1
4864,4.0998
4865,4.0995
4866,4.0992
4867,4.0991
4868,4.0987
4869,4.0984
4870,4.0981
4871,4.0979
4872,4.0976
4873,4.0973
4874,4.0971
4875,4.0968
4876,4.0965
4877,4.0962
4878,4.0959
4879,4.0957
4880,4.0954
4881,4.0951
4882,4.0949
4883,4.0946
4884,4.0943
4885,4.094
4886,4.0938
4887,4.0935
4888,4.0932
4889,4.0929
4890,4.0925
4891,4.0922
4892,4.0921
4893,4.0917
4894,4.0914
4895,4.0911
4896,4.0908
4897,4.0906
4898,4.0903
4899,4.09
4900,4.0897
4901,4.0894
4902,4.089
4903,4.0889
4904,4.0886
4905,4.0883
4906,4.0879
4907,4.0876
4908,4.0873
4909,4.087
4910,4.0867
4911,4.0865
4912,4.0862
4913,4.0859
4914,4.0856
4915,4.0852
4916,4.0849
4917,4.0846
4918,4.0843
4919,4.084
4920,4.0838
4921,4.0835
4922,4.0832
4923,4.0829
4924,4.0825
4925,4.0822
4926,4.0819
4927,4.0816
4928,4.0813
4929,4.0809
4930,4.0806
4931,4.0803
4932,4.08
4933,4.0797
4934,4.0794
4935,4.079
4936,4.0789
4937,4.0786
4938,4.0782
4939,4.0779
4940,4.0776
4941,4.0773
4942,4.077
4943,4.0767
4944,4.0763
4945,4.076
4946,4.0757
4947,4.0754
4948,4.0751
4949,4.0748
4950,4.0744
4951,4.0741
4952,4.0738
4953,4.0735
4954,4.0732
4955,4.0729
4956,4.0725
4957,4.0722
4958,4.0719
4959,4.0716
4960,4.0713
4961,4.0709
4962,4.0706
4963,4.0703
4964,4.07
4965,4.0697
4966,4.0694
4967,4.069
4968,4.0689
4969,4.0686
4970,4.0682
4971,4.0679
4972,4.0676
4973,4.0673
4974,4.067
4975,4.0667
4976,4.0663
4977,4.066
4978,4.0657
4979,4.0654
4980,4.0651
4981,4.0648
4982,4.0644
4983,4.0641
4984,4.0638
4985,4.0635
4986,4.0632
4987,4.0628
4988,4.0625
4989,4.0622
4990,4.0619
4991,4.0616
4992,4.0613
4993,4.0609
4994,4.0606
4995,4.0603
4996,4.06
4997,4.0597
4998,4.0595
4999,4.0592
5000,4.0589
5001,4.0586
5002,4.0582
5003,4.0579
5004,4.0576
5005,4.0573
5006,4.057
5007,4.0567
5008,4.0563
5009,4.056
5010,4.0557
5011,4.0554
5012,4.0551
5013,4.0549
5014,4.0546
5015,4.0543
5016,4.054
5017,4.0536
5018,4.0533
5019,4.053
5020,4.0527
5021,4.0524
5022,4.0522
5023,4.0519
5024,4.0516
5025,4.0513
5026,4.0509
5027,4.0506
5028,4.0503
5029,4.05
5030,4.0498
5031,4.0495
5032,4.0492
5033,4.0489
5034,4.0486
5035,4.0482
5036,4.0481
5037,4.0478
5038,4.0474
5039,4.0471
5040,4.0468
5041,4.0466
5042,4.0463
5043,4.046
5044,4.0457
5045,4.0454
5046,4.0452
5047,4.0449
5048,4.0446
5049,4.0443
5050,4.0441
5051,4.0438
5052,4.0435
5053,4.0432
5054,4.043
5055,4.0427
5056,4.0424
5057,4.042
5058,4.0419
5059,4.0416
5060,4.0412
5061,4.0411
5062,4.0408
5063,4.0405
5064,4.0403
5065,4.04
5066,4.0397
5067,4.0395
5068,4.0392
5069,4.0389
5070,4.0387
5071,4.0384
5072,4.0381
5073,4.0379
5074,4.0376
5075,4.0373
5076,4.0371
5077,4.0368
5078,4.0366
5079,4.0363
5080,4.036
5081,4.0358
5082,4.0355
5083,4.0354
5084,4.0351
5085,4.0349
5086,4.0346
5087,4.0343
5088,4.0341
5089,4.0338
5090,4.0336
5091,4.0333
5092,4.0331
5093,4.0328
5094,4.0327
5095,4.0324
5096,4.0322
5097,4.0319
5098,4.0317
5099,4.0314
5100,4.0312
5101,4.0309
5102,4.0308
5103,4.0304
5104,4.0303
5105,4.03
5106,4.0298
5107,4.0295
5108,4.0293
5109,4.029
5110,4.0289
5111,4.0287
5112,4.0284
5113,4.0282
5114,4.0281
5115,4.0278
5116,4.0276
5117,4.0273
5118,4.0271
5119,4.027
5120,4.0266
5121,4.0265
5122,4.0262
5123,4.026
5124,4.0258
5125,4.0255
5126,4.0254
5127,4.0252
5128,4.0249
5129,4.0247
5130,4.0246
5131,4.0243
5132,4.0241
5133,4.0239
5134,4.0238
5135,4.0235
5136,4.0233
5137,4.0231
5138,4.0228
5139,4.0227
5140,4.0225
5141,4.0224
5142,4.022
5143,4.0219
5144,4.0217
5145,4.0216
5146,4.0212
5147,4.0211
5148,4.0209
5149,4.0208
5150,4.0206
5151,4.0203
5152,4.0201
5153,4.02
5154,4.0198
5155,4.0197
5156,4.0193
5157,4.0192
5158,4.019
5159,4.0189
5160,4.0187
5161,4.0184
5162,4.0182
5163,4.0181
5164,4.0179
5165,4.0177
5166,4.0176
5167,4.0174
5168,4.0171
5169,4.017
5170,4.0168
5171,4.0166
5172,4.0165
5173,4.0163
5174,4.0162
5175,4.0158
5176,4.0157
5177,4.0155
5178,4.0154
5179,4.0152
5180,4.015
5181,4.0149
5182,4.0147
5183,4.0146
5184,4.0144
5185,4.0143
5186,4.0139
5187,4.0138
5188,4.0136
5189,4.0135
5190,4.0133
5191,4.0131
5192,4.013
5193,4.0128
5194,4.0127
5195,4.0125
5196,4.0123
5197,4.0122
5198,4.012
5199,4.0119
5200,4.0117
5201,4.0116
5202,4.0114
5203,4.0112
5204,4.0111
5205,4.0109
5206,4.0106
5207,4.0104
5208,4.0103
5209,4.0101
5210,4.01
5211,4.0098
5212,4.0096
5213,4.0095
5214,4.0093
5215,4.0092
5216,4.009
5217,4.0089
5218,4.0087
5219,4.0085
5220,4.0084
5221,4.0082
5222,4.0081
5223,4.0079
5224,4.0077
5225,4.0076
5226,4.0074
5227,4.0073
5228,4.0071
5229,4.0069
5230,4.0068
5231,4.0066
5232,4.0065
5233,4.0063
5234,4.0062
5235,4.006
5236,4.0058
5237,4.0057
5238,4.0055
5239,4.0054
5240,4.0052
5241,4.005
5242,4.0049
5243,4.0047
5244,4.0046
5245,4.0044
5246,4.0042
5247,4.0041
5248,4.0039
5249,4.0038
5250,4.0036
5251,4.0035
5252,4.0033
5253,4.0031
5254,4.003
5255,4.0028
5256,4.0027
5257,4.0025
5258,4.0023
5259,4.0022
5260,4.002
5261,4.0019
5262,4.0017
5263,4.0015
5264,4.0014
5265,4.0012
5266,4.0011
5267,4.0009
5268,4.0008
5269,4.0006
5270,4.0004
5271,4.0003
5272,4.0001
5273,4.0
5274,3.9998
5275,3.9996
5276,3.9995
5277,3.9993
5278,3.9992
5279,3.999
5280,3.9988
5281,3.9987
5282,3.9985
5283,3.9984
5284,3.9982
5285,3.9981
5286,3.9979
5287,3.9977
5288,3.9974
5289,3.9973
5290,3.9971
5291,3.9969
5292,3.9968
5293,3.9966
5294,3.9965
5295,3.9963
5296,3.9961
5297,3.996
5298,3.9958
5299,3.9957
5300,3.9955
5301,3.9954
5302,3.9952
5303,3.9949
5304,3.9947
5305,3.9946
5306,3.9944
5307,3.9942
5308,3.9941
5309,3.9939
5310,3.9938
5311,3.9936
5312,3.9934
5313,3.9931
5314,3.993
5315,3.9928
5316,3.9927
5317,3.9925
5318,3.9923
5319,3.9922
5320,3.9919
5321,3.9917
5322,3.9915
5323,3.9914
5324,3.9912
5325,3.9911
5326,3.9909
5327,3.9906
5328,3.9904
5329,3.9903
5330,3.9901
5331,3.99
5332,3.9898
5333,3.9895
5334,3.9893
5335,3.9892
5336,3.989
5337,3.9888
5338,3.9885
5339,3.9884
5340,3.9882
5341,3.988
5342,3.9879
5343,3.9876
5344,3.9874
5345,3.9873
5346,3.9871
5347,3.9868
5348,3.9866
5349,3.9865
5350,3.9863
5351,3.986
5352,3.9858
5353,3.9857
5354,3.9855
5355,3.9852
5356,3.985
5357,3.9849
5358,3.9847
5359,3.9844
5360,3.9842
5361,3.9841
5362,3.9838
5363,3.9836
5364,3.9834
5365,3.9831
5366,3.983
5367,3.9828
5368,3.9825
5369,3.9823
5370,3.9822
5371,3.9819
5372,3.9817
5373,3.9815
5374,3.9812
5375,3.9811
5376,3.9809
5377,3.9806
5378,3.9804
5379,3.9803
5380,3.98
5381,3.9798
5382,3.9795
5383,3.9793
5384,3.9792
5385,3.9788
5386,3.9787
5387,3.9784
5388,3.9782
5389,3.978
5390,3.9777
5391,3.9776
5392,3.9773
5393,3.9771
5394,3.9768
5395,3.9766
5396,3.9763
5397,3.9761
5398,3.9758
5399,3.9757
5400,3.9755
5401,3.9752
5402,3.975
5403,3.9747
5404,3.9746
5405,3.9742
5406,3.9741
5407,3.9738
5408,3.9736
5409,3.9733
5410,3.9731
5411,3.9728
5412,3.9726
5413,3.9723
5414,3.9722
5415,3.9719
5416,3.9715
5417,3.9714
5418,3.9711
5419,3.9709
5420,3.9706
5421,3.9704
5422,3.9701
5423,3.9699
5424,3.9696
5425,3.9693
5426,3.9692
5427,3.9688
5428,3.9687
5429,3.9684
5430,3.968
5431,3.9679
5432,3.9676
5433,3.9674
5434,3.9671
5435,3.9668
5436,3.9666
5437,3.9663
5438,3.9661
5439,3.9658
5440,3.9655
5441,3.9653
5442,3.965
5443,3.9647
5444,3.9645
5445,3.9642
5446,3.9639
5447,3.9638
5448,3.9634
5449,3.9631
5450,3.963
5451,3.9626
5452,3.9623
5453,3.9622
5454,3.9618
5455,3.9615
5456,3.9614
5457,3.9611
5458,3.9607
5459,3.9604
5460,3.9603
5461,3.9599
5462,3.9596
5463,3.9595
5464,3.9591
5465,3.9588
5466,3.9585
5467,3.9584
5468,3.958
5469,3.9577
5470,3.9576
5471,3.9572
5472,3.9569
5473,3.9566
5474,3.9564
5475,3.9561
5476,3.9558
5477,3.9555
5478,3.9553
5479,3.955
5480,3.9547
5481,3.9544
5482,3.9542
5483,3.9539
5484,3.9536
5485,3.9533
5486,3.9531
5487,3.9528
5488,3.9525
5489,3.9522
5490,3.952
5491,3.9517
5492,3.9514
5493,3.951
5494,3.9509
5495,3.9506
5496,3.9503
5497,3.9499
5498,3.9496
5499,3.9495
5500,3.9491
5501,3.9488
5502,3.9485
5503,3.9483
5504,3.948
5505,3.9477
5506,3.9474
5507,3.9471
5508,3.9469
5509,3.9466
5510,3.9463
5511,3.946
5512,3.9458
5513,3.9455
5514,3.9452
5515,3.9449
5516,3.9445
5517,3.9444
5518,3.9441
5519,3.9437
5520,3.9434
5521,3.9431
5522,3.9429
5523,3.9426
5524,3.9423
5525,3.942
5526,3.9418
5527,3.9415
5528,3.9412
5529,3.9409
5530,3.9406
5531,3.9404
5532,3.9401
5533,3.9398
5534,3.9395
5535,3.9391
5536,3.939
5537,3.9387
5538,3.9383
5539,3.938
5540,3.9377
5541,3.9375
5542,3.9372
5543,3.9369
5544,3.9366
5545,3.9364
5546,3.9361
5547,3.9358
5548,3.9355
5549,3.9353
5550,3.935
5551,3.9347
5552,3.9344
5553,3.9342
5554,3.9339
5555,3.9336
5556,3.9333
5557,3.9331
5558,3.9328
5559,3.9325
5560,3.9322
5561,3.932
5562,3.9317
5563,3.9314
5564,3.931
5565,3.9309
5566,3.9306
5567,3.9302
5568,3.9299
5569,3.9298
5570,3.9295
5571,3.9291
5572,3.929
5573,3.9287
5574,3.9283
5575,3.928
5576,3.9279
5577,3.9275
5578,3.9272
5579,3.9269
5580,3.9268
5581,3.9264
5582,3.9261
5583,3.926
5584,3.9256
5585,3.9253
5586,3.9252
5587,3.9248
5588,3.9245
5589,3.9242
5590,3.9241
5591,3.9237
5592,3.9234
5593,3.9233
5594,3.9229
5595,3.9226
5596,3.9225
5597,3.9221
5598,3.9218
5599,3.9217
5600,3.9214
5601,3.921
5602,3.9209
5603,3.9206
5604,3.9202
5605,3.9201
5606,3.9198
5607,3.9194
5608,3.9193
5609,3.919
5610,3.9188
5611,3.9185
5612,3.9182
5613,3.918
5614,3.9177
5615,3.9174
5616,3.9172
5617,3.9169
5618,3.9167
5619,3.9164
5620,3.9161
5621,3.916
5622,3.9156
5623,3.9153
5624,3.9152
5625,3.9148
5626,3.9147
5627,3.9144
5628,3.914
5629,3.9139
5630,3.9136
5631,3.9134
5632,3.9131
5633,3.9129
5634,3.9126
5635,3.9123
5636,3.9121
5637,3.9118
5638,3.9117
5639,3.9113
5640,3.9112
5641,3.9109
5642,3.9106
5643,3.9104
5644,3.9101
5645,3.9099
5646,3.9096
5647,3.9094
5648,3.9091
5649,3.909
5650,3.9086
5651,3.9085
5652,3.9082
5653,3.9079
5654,3.9077
5655,3.9074
5656,3.9072
5657,3.9069
5658,3.9067
5659,3.9064
5660,3.9063
5661,3.9059
5662,3.9058
5663,3.9055
5664,3.9053
5665,3.905
5666,3.9048
5667,3.9045
5668,3.9044
5669,3.904
5670,3.9039
5671,3.9036
5672,3.9034
5673,3.9031
5674,3.9029
5675,3.9026
5676,3.9025
5677,3.9021
5678,3.902
5679,3.9017
5680,3.9015
5681,3.9012
5682,3.901
5683,3.9007
5684,3.9005
5685,3.9002
5686,3.9001
5687,3.8998
5688,3.8996
5689,3.8993
5690,3.8991
5691,3.8988
5692,3.8986
5693,3.8985
5694,3.8982
5695,3.898
5696,3.8977
5697,3.8975
5698,3.8972
5699,3.8971
5700,3.8967
5701,3.8966
5702,3.8963
5703,3.8961
5704,3.8958
5705,3.8956
5706,3.8955
5707,3.8951
5708,3.895
5709,3.8947
5710,3.8945
5711,3.8942
5712,3.894
5713,3.8937
5714,3.8936
5715,3.8934
5716,3.8931
5717,3.8929
5718,3.8926
5719,3.8925
5720,3.8921
5721,3.892
5722,3.8917
5723,3.8915
5724,3.8912
5725,3.891
5726,3.8909
5727,3.8905
5728,3.8904
5729,3.8901
5730,3.8899
5731,3.8896
5732,3.8894
5733,3.8891
5734,3.889
5735,3.8888
5736,3.8885
5737,3.8883
5738,3.888
5739,3.8878
5740,3.8877
5741,3.8874
5742,3.8872
5743,3.8869
5744,3.8867
5745,3.8864
5746,3.8863
5747,3.8859
5748,3.8858
5749,3.8856
5750,3.8853
5751,3.8851
5752,3.8848
5753,3.8847
5754,3.8844
5755,3.8842
5756,3.884
5757,3.8837
5758,3.8836
5759,3.8832
5760,3.8831
5761,3.8828
5762,3.8826
5763,3.8823
5764,3.8821
5765,3.882
5766,3.8817
5767,3.8815
5768,3.8812
5769,3.881
5770,3.8807
5771,3.8805
5772,3.8802
5773,3.8801
5774,3.8799
5775,3.8796
5776,3.8794
5777,3.8791
5778,3.879
5779,3.8786
5780,3.8785
5781,3.8782
5782,3.878
5783,3.8778
5784,3.8775
5785,3.8774
5786,3.877
5787,3.8769
5788,3.8766
5789,3.8764
5790,3.8761
5791,3.8759
5792,3.8756
5793,3.8755
5794,3.8751
5795,3.875
5796,3.8748
5797,3.8745
5798,3.8743
5799,3.874
5800,3.8739
5801,3.8736
5802,3.8734
5803,3.8731
5804,3.8729
5805,3.8726
5806,3.8724
5807,3.8721
5808,3.872
5809,3.8718
5810,3.8715
5811,3.8712
5812,3.871
5813,3.8707
5814,3.8705
5815,3.8704
5816,3.8701
5817,3.8699
5818,3.8696
5819,3.8694
5820,3.8691
5821,3.8689
5822,3.8686
5823,3.8685
5824,3.8682
5825,3.868
5826,3.8677
5827,3.8675
5828,3.8672
5829,3.867
5830,3.8667
5831,3.8666
5832,3.8662
5833,3.8661
5834,3.8658
5835,3.8656
5836,3.8653
5837,3.8651
5838,3.8648
5839,3.8647
5840,3.8643
5841,3.8642
5842,3.8639
5843,3.8635
5844,3.8634
5845,3.8631
5846,3.8629
5847,3.8626
5848,3.8624
5849,3.8621
5850,3.862
5851,3.8616
5852,3.8615
5853,3.8612
5854,3.861
5855,3.8607
5856,3.8605
5857,3.8602
5858,3.8599
5859,3.8597
5860,3.8596
5861,3.8593
5862,3.8589
5863,3.8588
5864,3.8585
5865,3.8583
5866,3.858
5867,3.8578
5868,3.8575
5869,3.8574
5870,3.857
5871,3.8567
5872,3.8566
5873,3.8562
5874,3.8561
5875,3.8558
5876,3.8556
5877,3.8553
5878,3.8551
5879,3.8548
5880,3.8545
5881,3.8543
5882,3.854
5883,3.8539
5884,3.8535
5885,3.8534
5886,3.8531
5887,3.8529
5888,3.8526
5889,3.8523
5890,3.8521
5891,3.8518
5892,3.8516
5893,3.8513
5894,3.8512
5895,3.8508
5896,3.8507
5897,3.8504
5898,3.85
5899,3.8499
5900,3.8496
5901,3.8494
5902,3.8491
5903,3.8489
5904,3.8486
5905,3.8483
5906,3.8481
5907,3.8478
5908,3.8477
5909,3.8473
5910,3.8472
5911,3.8469
5912,3.8466
5913,3.8464
5914,3.8461
5915,3.8459
5916,3.8456
5917,3.8454
5918,3.8451
5919,3.8448
5920,3.8447
5921,3.8443
5922,3.8442
5923,3.8439
5924,3.8437
5925,3.8434
5926,3.8432
5927,3.8429
5928,3.8426
5929,3.8424
5930,3.8421
5931,3.842
5932,3.8416
5933,3.8413
5934,3.8412
5935,3.8408
5936,3.8407
5937,3.8404
5938,3.8402
5939,3.8399
5940,3.8397
5941,3.8394
5942,3.8391
5943,3.8389
5944,3.8386
5945,3.8385
5946,3.8381
5947,3.838
5948,3.8377
5949,3.8375
5950,3.8372
5951,3.8369
5952,3.8367
5953,3.8364
5954,3.8362
5955,3.8359
5956,3.8358
5957,3.8354
5958,3.8351
5959,3.835
5960,3.8346
5961,3.8345
5962,3.8342
5963,3.834
5964,3.8337
5965,3.8335
5966,3.8332
5967,3.8331
5968,3.8327
5969,3.8326
5970,3.8323
5971,3.8319
5972,3.8318
5973,3.8315
5974,3.8313
5975,3.831
5976,3.8308
5977,3.8305
5978,3.8304
5979,3.83
5980,3.8299
5981,3.8296
5982,3.8294
5983,3.8291
5984,3.8289
5985,3.8286
5986,3.8285
5987,3.8281
5988,3.828
5989,3.8277
5990,3.8275
5991,3.8272
5992,3.827
5993,3.8267
5994,3.8264
5995,3.8262
5996,3.8261
5997,3.8258
5998,3.8254
5999,3.8253
6000,3.825
6001,3.8248
6002,3.8245
6003,3.8243
6004,3.8242
6005,3.8238
6006,3.8235
6007,3.8234
6008,3.8232
6009,3.8229
6010,3.8227
6011,3.8224
6012,3.8223
6013,3.8219
6014,3.8218
6015,3.8215
6016,3.8213
6017,3.821
6018,3.8208
6019,3.8205
6020,3.8204
6021,3.8202
6022,3.8199
6023,3.8197
6024,3.8194
6025,3.8192
6026,3.8189
6027,3.8188
6028,3.8184
6029,3.8183
6030,3.818
6031,3.8178
6032,3.8175
6033,3.8173
6034,3.8172
6035,3.8169
6036,3.8167
6037,3.8164
6038,3.8162
6039,3.8159
6040,3.8157
6041,3.8156
6042,3.8153
6043,3.8151
6044,3.8148
6045,3.8146
6046,3.8143
6047,3.8142
6048,3.814
6049,3.8137
6050,3.8135
6051,3.8132
6052,3.813
6053,3.8129
6054,3.8126
6055,3.8124
6056,3.8121
6057,3.8119
6058,3.8118
6059,3.8115
6060,3.8113
6061,3.811
6062,3.8108
6063,3.8107
6064,3.8103
6065,3.8102
6066,3.81
6067,3.8097
6068,3.8096
6069,3.8092
6070,3.8091
6071,3.8089
6072,3.8086
6073,3.8084
6074,3.8081
6075,3.808
6076,3.8078
6077,3.8075
6078,3.8073
6079,3.8072
6080,3.8069
6081,3.8067
6082,3.8065
6083,3.8062
6084,3.8061
6085,3.8057
6086,3.8056
6087,3.8054
6088,3.8053
6089,3.8049
6090,3.8048
6091,3.8045
6092,3.8043
6093,3.8042
6094,3.8038
6095,3.8037
6096,3.8035
6097,3.8032
6098,3.803
6099,3.8029
6100,3.8026
6101,3.8024
6102,3.8022
6103,3.8021
6104,3.8018
6105,3.8016
6106,3.8013
6107,3.8011
6108,3.801
6109,3.8008
6110,3.8005
6111,3.8003
6112,3.8002
6113,3.7999
6114,3.7997
6115,3.7996
6116,3.7992
6117,3.7991
6118,3.7989
6119,3.7986
6120,3.7984
6121,3.7983
6122,3.7981
6123,3.7978
6124,3.7976
6125,3.7975
6126,3.7973
6127,3.797
6128,3.7969
6129,3.7967
6130,3.7964
6131,3.7962
6132,3.7961
6133,3.7959
6134,3.7956
6135,3.7954
6136,3.7953
6137,3.7951
6138,3.7948
6139,3.7946
6140,3.7945
6141,3.7943
6142,3.794
6143,3.7938
6144,3.7937
6145,3.7934
6146,3.7932
6147,3.793
6148,3.7929
6149,3.7926
6150,3.7924
6151,3.7922
6152,3.7921
6153,3.7918
6154,3.7916
6155,3.7915
6156,3.7913
6157,3.791
6158,3.7908
6159,3.7907
6160,3.7905
6161,3.7903
6162,3.79
6163,3.7899
6164,3.7897
6165,3.7895
6166,3.7892
6167,3.7891
6168,3.7889
6169,3.7888
6170,3.7884
6171,3.7883
6172,3.7881
6173,3.788
6174,3.7878
6175,3.7875
6176,3.7873
6177,3.7872
6178,3.787
6179,3.7867
6180,3.7865
6181,3.7864
6182,3.7862
6183,3.7861
6184,3.7857
6185,3.7856
6186,3.7854
6187,3.7853
6188,3.7851
6189,3.7848
6190,3.7846
6191,3.7845
6192,3.7843
6193,3.7841
6194,3.7838
6195,3.7837
6196,3.7835
6197,3.7834
6198,3.7832
6199,3.7829
6200,3.7827
6201,3.7826
6202,3.7824
6203,3.7822
6204,3.7821
6205,3.7818
6206,3.7816
6207,3.7814
6208,3.7813
6209,3.7811
6210,3.7808
6211,3.7807
6212,3.7805
6213,3.7803
6214,3.7802
6215,3.78
6216,3.7797
6217,3.7795
6218,3.7794
6219,3.7792
6220,3.7791
6221,3.7789
6222,3.7786
6223,3.7784
6224,3.7783
6225,3.7781
6226,3.778
6227,3.7776
6228,3.7775
6229,3.7773
6230,3.7772
6231,3.777
6232,3.7768
6233,3.7767
6234,3.7765
6235,3.7762
6236,3.776
6237,3.7759
6238,3.7757
6239,3.7756
6240,3.7754
6241,3.7751
6242,3.7749
6243,3.7748
6244,3.7746
6245,3.7745
6246,3.7743
6247,3.7741
6248,3.7738
6249,3.7737
6250,3.7735
6251,3.7733
6252,3.7732
6253,3.773
6254,3.7729
6255,3.7726
6256,3.7724
6257,3.7722
6258,3.7721
6259,3.7719
6260,3.7718
6261,3.7716
6262,3.7713
6263,3.7711
6264,3.771
6265,3.7708
6266,3.7706
6267,3.7705
6268,3.7703
6269,3.77
6270,3.7699
6271,3.7697
6272,3.7695
6273,3.7694
6274,3.7692
6275,3.7691
6276,3.7689
6277,3.7687
6278,3.7684
6279,3.7683
6280,3.7681
6281,3.7679
6282,3.7678
6283,3.7676
6284,3.7675
6285,3.7673
6286,3.767
6287,3.7668
6288,3.7667
6289,3.7665
6290,3.7664
6291,3.7662
6292,3.766
6293,3.7659
6294,3.7656
6295,3.7654
6296,3.7652
6297,3.7651
6298,3.7649
6299,3.7648
6300,3.7646
6301,3.7645
6302,3.7643
6303,3.764
6304,3.7638
6305,3.7637
6306,3.7635
6307,3.7633
6308,3.7632
6309,3.763
6310,3.7629
6311,3.7627
6312,3.7624
6313,3.7622
6314,3.7621
6315,3.7619
6316,3.7618
6317,3.7616
6318,3.7614
6319,3.7613
6320,3.7611
6321,3.761
6322,3.7606
6323,3.7605
6324,3.7603
6325,3.7602
6326,3.76
6327,3.7598
6328,3.7597
6329,3.7595
6330,3.7594
6331,3.7591
6332,3.7589
6333,3.7587
6334,3.7586
6335,3.7584
6336,3.7583
6337,3.7581
6338,3.7579
6339,3.7578
6340,3.7576
6341,3.7575
6342,3.7572
6343,3.757
6344,3.7568
6345,3.7567
6346,3.7565
6347,3.7564
6348,3.7562
6349,3.756
6350,3.7559
6351,3.7557
6352,3.7554
6353,3.7552
6354,3.7551
6355,3.7549
6356,3.7548
6357,3.7546
6358,3.7544
6359,3.7543
6360,3.7541
6361,3.754
6362,3.7538
6363,3.7535
6364,3.7533
6365,3.7532
6366,3.753
6367,3.7529
6368,3.7527
6369,3.7525
6370,3.7524
6371,3.7522
6372,3.7521
6373,3.7518
6374,3.7516
6375,3.7514
6376,3.7513
6377,3.7511
6378,3.751
6379,3.7508
6380,3.7506
6381,3.7505
6382,3.7503
6383,3.7502
6384,3.75
6385,3.7497
6386,3.7495
6387,3.7494
6388,3.7492
6389,3.7491
6390,3.7489
6391,3.7487
6392,3.7486
6393,3.7484
6394,3.7483
6395,3.7481
6396,3.7479
6397,3.7476
6398,3.7475
6399,3.7473
6400,3.7471
6401,3.747
6402,3.7468
6403,3.7467
6404,3.7465
6405,3.7464
6406,3.7462
6407,3.746
6408,3.7457
6409,3.7456
6410,3.7454
6411,3.7452
6412,3.7451
6413,3.7449
6414,3.7448
6415,3.7446
6416,3.7444
6417,3.7443
6418,3.7441
6419,3.7438
6420,3.7437
6421,3.7435
6422,3.7433
6423,3.7432
6424,3.743
6425,3.7429
6426,3.7427
6427,3.7425
6428,3.7424
6429,3.7422
6430,3.7421
6431,3.7417
6432,3.7416
6433,3.7414
6434,3.7413
6435,3.7411
6436,3.741
6437,3.7408
6438,3.7406
6439,3.7405
6440,3.7403
6441,3.74
6442,3.7398
6443,3.7397
6444,3.7395
6445,3.7394
6446,3.7392
6447,3.739
6448,3.7389
6449,3.7387
6450,3.7386
6451,3.7384
6452,3.7383
6453,3.7379
6454,3.7378
6455,3.7376
6456,3.7375
6457,3.7373
6458,3.7371
6459,3.737
6460,3.7368
6461,3.7367
6462,3.7365
6463,3.7363
6464,3.7362
6465,3.7359
6466,3.7357
6467,3.7356
6468,3.7354
6469,3.7352
6470,3.7351
6471,3.7349
6472,3.7348
6473,3.7346
6474,3.7344
6475,3.7343
6476,3.7341
6477,3.7338
6478,3.7336
6479,3.7335
6480,3.7333
6481,3.7332
6482,3.733
6483,3.7329
6484,3.7327
6485,3.7325
6486,3.7324
6487,3.7321
6488,3.7319
6489,3.7317
6490,3.7316
6491,3.7314
6492,3.7313
6493,3.7311
6494,3.7309
6495,3.7308
6496,3.7306
6497,3.7303
6498,3.7302
6499,3.73
6500,3.7298
6501,3.7297
6502,3.7295
6503,3.7294
6504,3.7292
6505,3.729
6506,3.7289
6507,3.7287
6508,3.7286
6509,3.7282
6510,3.7281
6511,3.7279
6512,3.7278
6513,3.7276
6514,3.7275
6515,3.7273
6516,3.7271
6517,3.727
6518,3.7267
6519,3.7265
6520,3.7263
6521,3.7262
6522,3.726
6523,3.7259
6524,3.7257
6525,3.7255
6526,3.7254
6527,3.7252
6528,3.7249
6529,3.7248
6530,3.7246
6531,3.7244
6532,3.7243
6533,3.7241
6534,3.724
6535,3.7238
6536,3.7236
6537,3.7235
6538,3.7232
6539,3.723
6540,3.7228
6541,3.7227
6542,3.7225
6543,3.7224
6544,3.7222
6545,3.7221
6546,3.7219
6547,3.7217
6548,3.7214
6549,3.7213
6550,3.7211
6551,3.7209
6552,3.7208
6553,3.7206
6554,3.7205
6555,3.7203
6556,3.7201
6557,3.7198
6558,3.7197
6559,3.7195
6560,3.7194
6561,3.7192
6562,3.719
6563,3.7189
6564,3.7187
6565,3.7186
6566,3.7184
6567,3.7181
6568,3.7179
6569,3.7178
6570,3.7176
6571,3.7174
6572,3.7173
6573,3.7171
6574,3.717
6575,3.7168
6576,3.7165
6577,3.7163
6578,3.7162
6579,3.716
6580,3.7159
6581,3.7157
6582,3.7155
6583,3.7152
6584,3.7151
6585,3.7149
6586,3.7147
6587,3.7146
6588,3.7144
6589,3.7143
6590,3.7141
6591,3.7138
6592,3.7136
6593,3.7135
6594,3.7133
6595,3.7132
6596,3.713
6597,3.7128
6598,3.7127
6599,3.7125
6600,3.7122
6601,3.712
6602,3.7119
6603,3.7117
6604,3.7116
6605,3.7114
6606,3.7113
6607,3.7111
6608,3.7108
6609,3.7108
6610,3.7105
6611,3.7103
6612,3.7101
6613,3.71
6614,3.7098
6615,3.7097
6616,3.7094
6617,3.7092
6618,3.709
6619,3.7089
6620,3.7087
6621,3.7086
6622,3.7084
6623,3.7082
6624,3.7079
6625,3.7078
6626,3.7076
6627,3.7074
6628,3.7073
6629,3.7071
6630,3.707
6631,3.7068
6632,3.7065
6633,3.7063
6634,3.7062
6635,3.706
6636,3.7059
6637,3.7057
6638,3.7055
6639,3.7054
6640,3.7051
6641,3.7049
6642,3.7047
6643,3.7046
6644,3.7044
6645,3.7043
6646,3.7041
6647,3.7038
6648,3.7036
6649,3.7035
6650,3.7033
6651,3.7032
6652,3.703
6653,3.7027
6654,3.7025
6655,3.7024
6656,3.7022
6657,3.702
6658,3.7019
6659,3.7017
6660,3.7016
6661,3.7013
6662,3.7011
6663,3.7009
6664,3.7008
6665,3.7006
6666,3.7005
6667,3.7003
6668,3.7
6669,3.6998
6670,3.6997
6671,3.6995
6672,3.6993
6673,3.6992
6674,3.699
6675,3.6987
6676,3.6986
6677,3.6984
6678,3.6982
6679,3.6981
6680,3.6979
6681,3.6978
6682,3.6974
6683,3.6973
6684,3.6971
6685,3.697
6686,3.6968
6687,3.6966
6688,3.6965
6689,3.6962
6690,3.696
6691,3.6959
6692,3.6957
6693,3.6955
6694,3.6954
6695,3.6952
6696,3.6949
6697,3.6947
6698,3.6946
6699,3.6944
6700,3.6943
6701,3.6941
6702,3.6938
6703,3.6936
6704,3.6935
6705,3.6933
6706,3.6932
6707,3.693
6708,3.6928
6709,3.6925
6710,3.6924
6711,3.6922
6712,3.692
6713,3.6919
6714,3.6917
6715,3.6914
6716,3.6912
6717,3.6911
6718,3.6909
6719,3.6908
6720,3.6906
6721,3.6905
6722,3.6903
6723,3.69
6724,3.6898
6725,3.6897
6726,3.6895
6727,3.6893
6728,3.689
6729,3.6889
6730,3.6887
6731,3.6885
6732,3.6884
6733,3.6882
6734,3.6881
6735,3.6878
6736,3.6876
6737,3.6874
6738,3.6873
6739,3.6871
6740,3.687
6741,3.6866
6742,3.6865
6743,3.6863
6744,3.6862
6745,3.686
6746,3.6858
6747,3.6855
6748,3.6854
6749,3.6852
6750,3.6851
6751,3.6849
6752,3.6847
6753,3.6844
6754,3.6843
6755,3.6841
6756,3.6839
6757,3.6838
6758,3.6836
6759,3.6833
6760,3.6831
6761,3.683
6762,3.6828
6763,3.6827
6764,3.6825
6765,3.6824
6766,3.682
6767,3.6819
6768,3.6817
6769,3.6816
6770,3.6814
6771,3.6812
6772,3.6809
6773,3.6808
6774,3.6806
6775,3.6804
6776,3.6803
6777,3.6801
6778,3.6798
6779,3.6797
6780,3.6795
6781,3.6793
6782,3.6792
6783,3.679
6784,3.6787
6785,3.6785
6786,3.6784
6787,3.6782
6788,3.6781
6789,3.6779
6790,3.6777
6791,3.6774
6792,3.6773
6793,3.6771
6794,3.677
6795,3.6768
6796,3.6766
6797,3.6763
6798,3.6762
6799,3.676
6800,3.6758
6801,3.6757
6802,3.6755
6803,3.6752
6804,3.675
6805,3.6749
6806,3.6747
6807,3.6746
6808,3.6744
6809,3.6741
6810,3.6739
6811,3.6738
6812,3.6736
6813,3.6735
6814,3.6733
6815,3.6731
6816,3.673
6817,3.6727
6818,3.6725
6819,3.6723
6820,3.6722
6821,3.672
6822,3.6717
6823,3.6716
6824,3.6714
6825,3.6712
6826,3.6711
6827,3.6709
6828,3.6708
6829,3.6706
6830,3.6703
6831,3.6701
6832,3.67
6833,3.6698
6834,3.6696
6835,3.6695
6836,3.6692
6837,3.669
6838,3.6689
6839,3.6687
6840,3.6685
6841,3.6684
6842,3.6682
6843,3.6679
6844,3.6677
6845,3.6676
6846,3.6674
6847,3.6673
6848,3.6671
6849,3.6669
6850,3.6666
6851,3.6665
6852,3.6663
6853,3.6662
6854,3.666
6855,3.6658
6856,3.6655
6857,3.6654
6858,3.6652
6859,3.665
6860,3.6649
6861,3.6647
6862,3.6646
6863,3.6644
6864,3.6641
6865,3.6639
6866,3.6638
6867,3.6636
6868,3.6635
6869,3.6633
6870,3.6631
6871,3.6628
6872,3.6627
6873,3.6625
6874,3.6623
6875,3.6622
6876,3.662
6877,3.6619
6878,3.6616
6879,3.6614
6880,3.6612
6881,3.6611
6882,3.6609
6883,3.6608
6884,3.6606
6885,3.6604
6886,3.6601
6887,3.66
6888,3.6598
6889,3.6596
6890,3.6595
6891,3.6593
6892,3.6592
6893,3.659
6894,3.6587
6895,3.6585
6896,3.6584
6897,3.6582
6898,3.6581
6899,3.6579
6900,3.6577
6901,3.6574
6902,3.6573
6903,3.6571
6904,3.6569
6905,3.6568
6906,3.6566
6907,3.6565
6908,3.6563
6909,3.6562
6910,3.656
6911,3.6558
6912,3.6555
6913,3.6554
6914,3.6552
6915,3.655
6916,3.6549
6917,3.6547
6918,3.6546
6919,3.6544
6920,3.6542
6921,3.6539
6922,3.6538
6923,3.6536
6924,3.6535
6925,3.6533
6926,3.6531
6927,3.653
6928,3.6528
6929,3.6525
6930,3.6523
6931,3.6522
6932,3.652
6933,3.6519
6934,3.6517
6935,3.6515
6936,3.6514
6937,3.6512
6938,3.6511
6939,3.6508
6940,3.6506
6941,3.6504
6942,3.6503
6943,3.6501
6944,3.65
6945,3.6498
6946,3.6496
6947,3.6495
6948,3.6493
6949,3.649
6950,3.6488
6951,3.6487
6952,3.6485
6953,3.6484
6954,3.6482
6955,3.6481
6956,3.6479
6957,3.6477
6958,3.6474
6959,3.6473
6960,3.6471
6961,3.6469
6962,3.6468
6963,3.6466
6964,3.6465
6965,3.6463
6966,3.6461
6967,3.646
6968,3.6458
6969,3.6455
6970,3.6454
6971,3.6452
6972,3.645
6973,3.6449
6974,3.6447
6975,3.6446
6976,3.6444
6977,3.6442
6978,3.6441
6979,3.6438
6980,3.6436
6981,3.6434
6982,3.6433
6983,3.6431
6984,3.643
6985,3.6428
6986,3.6427
6987,3.6425
6988,3.6422
6989,3.642
6990,3.6419
6991,3.6417
6992,3.6415
6993,3.6414
6994,3.6412
6995,3.6411
6996,3.6407
6997,3.6406
6998,3.6404
6999,3.6403
7000,3.6401
7001,3.64
7002,3.6398
7003,3.6396
7004,3.6395
7005,3.6392
7006,3.639
7007,3.6388
7008,3.6387
7009,3.6385
7010,3.6384
7011,3.638
7012,3.638
7013,3.6377
7014,3.6376
7015,3.6374
7016,3.6373
7017,3.6371
7018,3.6369
7019,3.6368
7020,3.6365
7021,3.6363
7022,3.6361
7023,3.636
7024,3.6358
7025,3.6355
7026,3.6353
7027,3.6352
7028,3.635
7029,3.6349
7030,3.6347
7031,3.6346
7032,3.6342
7033,3.6341
7034,3.6339
7035,3.6338
7036,3.6336
7037,3.6334
7038,3.6331
7039,3.633
7040,3.6328
7041,3.6326
7042,3.6325
7043,3.6322
7044,3.632
7045,3.6319
7046,3.6317
7047,3.6315
7048,3.6314
7049,3.6311
7050,3.6309
7051,3.6307
7052,3.6306
7053,3.6304
7054,3.6301
7055,3.6299
7056,3.6298
7057,3.6296
7058,3.6293
7059,3.6292
7060,3.629
7061,3.6288
7062,3.6287
7063,3.6284
7064,3.6282
7065,3.628
7066,3.6279
7067,3.6276
7068,3.6274
7069,3.6272
7070,3.6271
7071,3.6268
7072,3.6266
7073,3.6265
7074,3.6263
7075,3.626
7076,3.6258
7077,3.6257
7078,3.6253
7079,3.6252
7080,3.625
7081,3.6249
7082,3.6247
7083,3.6244
7084,3.6242
7085,3.6241
7086,3.6238
7087,3.6236
7088,3.6234
7089,3.6231
7090,3.623
7091,3.6228
7092,3.6226
7093,3.6223
7094,3.6222
7095,3.622
7096,3.6217
7097,3.6215
7098,3.6212
7099,3.6211
7100,3.6209
7101,3.6206
7102,3.6204
7103,3.6203
7104,3.6199
7105,3.6198
7106,3.6196
7107,3.6193
7108,3.6191
7109,3.6188
7110,3.6187
7111,3.6185
7112,3.6182
7113,3.618
7114,3.6177
7115,3.6176
7116,3.6174
7117,3.6171
7118,3.6169
7119,3.6166
7120,3.6165
7121,3.6161
7122,3.616
7123,3.6157
7124,3.6155
7125,3.6153
7126,3.615
7127,3.6149
7128,3.6145
7129,3.6144
7130,3.6141
7131,3.6139
7132,3.6136
7133,3.6133
7134,3.6131
7135,3.613
7136,3.6126
7137,3.6123
7138,3.6122
7139,3.6118
7140,3.6117
7141,3.6114
7142,3.6112
7143,3.6109
7144,3.6107
7145,3.6104
7146,3.6101
7147,3.6099
7148,3.6096
7149,3.6093
7150,3.6091
7151,3.6088
7152,3.6087
7153,3.6084
7154,3.608
7155,3.6079
7156,3.6076
7157,3.6072
7158,3.6071
7159,3.6068
7160,3.6064
7161,3.6063
7162,3.606
7163,3.6057
7164,3.6053
7165,3.6052
7166,3.6049
7167,3.6045
7168,3.6042
7169,3.6041
7170,3.6037
7171,3.6034
7172,3.6031
7173,3.603
7174,3.6026
7175,3.6023
7176,3.602
7177,3.6017
7178,3.6014
7179,3.6012
7180,3.6009
7181,3.6006
7182,3.6003
7183,3.5999
7184,3.5996
7185,3.5993
7186,3.599
7187,3.5987
7188,3.5985
7189,3.5982
7190,3.5979
7191,3.5976
7192,3.5972
7193,3.5969
7194,3.5966
7195,3.5963
7196,3.596
7197,3.5956
7198,3.5952
7199,3.595
7200,3.5945
7201,3.5942
7202,3.5939
7203,3.5936
7204,3.5933
7205,3.5929
7206,3.5926
7207,3.5923
7208,3.5918
7209,3.5915
7210,3.5912
7211,3.5909
7212,3.5906
7213,3.5901
7214,3.5898
7215,3.5895
7216,3.5891
7217,3.5888
7218,3.5883
7219,3.588
7220,3.5877
7221,3.5872
7222,3.5869
7223,3.5866
7224,3.5861
7225,3.5858
7226,3.5853
7227,3.585
7228,3.5847
7229,3.5842
7230,3.5839
7231,3.5834
7232,3.5831
7233,3.5826
7234,3.5823
7235,3.5818
7236,3.5815
7237,3.581
7238,3.5807
7239,3.5802
7240,3.5799
7241,3.5794
7242,3.579
7243,3.5787
7244,3.5782
7245,3.5777
7246,3.5774
7247,3.5769
7248,3.5764
7249,3.5761
7250,3.5756
7251,3.5752
7252,3.5747
7253,3.5744
7254,3.5739
7255,3.5734
7256,3.5729
7257,3.5725
7258,3.572
7259,3.5717
7260,3.5712
7261,3.5707
7262,3.5702
7263,3.5698
7264,3.5693
7265,3.5688
7266,3.5683
7267,3.5679
7268,3.5674
7269,3.5669
7270,3.5664
7271,3.566
7272,3.5655
7273,3.5648
7274,3.5644
7275,3.5639
7276,3.5634
7277,3.5629
7278,3.5625
7279,3.5618
7280,3.5613
7281,3.5609
7282,3.5604
7283,3.5598
7284,3.5593
7285,3.5588
7286,3.5582
7287,3.5577
7288,3.5572
7289,3.5566
7290,3.5561
7291,3.5555
7292,3.555
7293,3.5545
7294,3.5539
7295,3.5534
7296,3.5528
7297,3.5523
7298,3.5517
7299,3.5512
7300,3.5505
7301,3.5499
7302,3.5494
7303,3.5488
7304,3.5483
7305,3.5477
7306,3.5471
7307,3.5466
7308,3.5459
7309,3.5453
7310,3.5448
7311,3.5442
7312,3.5436
7313,3.5429
7314,3.5424
7315,3.5418
7316,3.5412
7317,3.5405
7318,3.5401
7319,3.5394
7320,3.5388
7321,3.5382
7322,3.5375
7323,3.5369
7324,3.5364
7325,3.5356
7326,3.5351
7327,3.5345
7328,3.5339
7329,3.5332
7330,3.5326
7331,3.532
7332,3.5313
7333,3.5307
7334,3.5301
7335,3.5294
7336,3.5288
7337,3.5282
7338,3.5275
7339,3.5269
7340,3.5262
7341,3.5256
7342,3.525
7343,3.5242
7344,3.5236
7345,3.5229
7346,3.5223
7347,3.5216
7348,3.521
7349,3.5204
7350,3.5196
7351,3.5189
7352,3.5183
7353,3.5177
7354,3.5169
7355,3.5162
7356,3.5156
7357,3.5148
7358,3.5142
7359,3.5135
7360,3.5128
7361,3.5121
7362,3.5113
7363,3.5107
7364,3.5099
7365,3.5093
7366,3.5085
7367,3.5078
7368,3.507
7369,3.5062
7370,3.5054
7371,3.5048
7372,3.504
7373,3.5032
7374,3.5024
7375,3.5016
7376,3.5008
7377,3.5002
7378,3.4994
7379,3.4986
7380,3.4977
7381,3.4969
7382,3.4961
7383,3.4953
7384,3.4945
7385,3.4935
7386,3.4927
7387,3.4918
7388,3.491
7389,3.4902
7390,3.4892
7391,3.4883
7392,3.4875
7393,3.4865
7394,3.4856
7395,3.4846
7396,3.4837
7397,3.4827
7398,3.4818
7399,3.4808
7400,3.4799
7401,3.4789
7402,3.4778
7403,3.4769
7404,3.4758
7405,3.4748
7406,3.4737
7407,3.4726
7408,3.4716
7409,3.4705
7410,3.4694
7411,3.4683
7412,3.4672
7413,3.4661
7414,3.465
7415,3.4637
7416,3.4626
7417,3.4613
7418,3.4602
7419,3.4589
7420,3.4576
7421,3.4564
7422,3.4551
7423,3.4538
7424,3.4526
7425,3.4513
7426,3.45
7427,3.4486
7428,3.4473
7429,3.4459
7430,3.4446
7431,3.4432
7432,3.4418
7433,3.4403
7434,3.4389
7435,3.4375
7436,3.4359
7437,3.4345
7438,3.433
7439,3.4314
7440,3.43
7441,3.4284
7442,3.4268
7443,3.4253
7444,3.4237
7445,3.4221
7446,3.4205
7447,3.4187
7448,3.4172
7449,3.4154
7450,3.4138
7451,3.4121
7452,3.4103
7453,3.4086
7454,3.4068
7455,3.4051
7456,3.4033
7457,3.4014
7458,3.3997
7459,3.3979
7460,3.396
7461,3.3941
7462,3.3922
7463,3.3903
7464,3.3884
7465,3.3865
7466,3.3846
7467,3.3825
7468,3.3806
7469,3.3786
7470,3.3767
7471,3.3744
7472,3.3725
7473,3.3705
7474,3.3682
7475,3.3662
7476,3.3641
7477,3.3619
7478,3.3598
7479,3.3576
7480,3.3554
7481,3.3532
7482,3.3509
7483,3.3487
7484,3.3465
7485,3.3441
7486,3.3419
7487,3.3395
7488,3.3371
7489,3.3349
7490,3.3325
7491,3.33
7492,3.3276
7493,3.3252
7494,3.3227
7495,3.3203
7496,3.3178
7497,3.3152
7498,3.3127
7499,3.3101
7500,3.3074
7501,3.3049
7502,3.3022
7503,3.2997
7504,3.297
7505,3.2943
7506,3.2916
7507,3.2889
7508,3.2862
7509,3.2833
7510,3.2804
7511,3.2777
7512,3.2749
7513,3.272
7514,3.269
7515,3.2661
7516,3.2631
7517,3.2603
7518,3.2573
7519,3.2542
7520,3.2512
7521,3.248
7522,3.245
7523,3.2418
7524,3.2387
7525,3.2355
7526,3.2323
7527,3.2291
7528,3.2258
7529,3.2226
7530,3.2193
7531,3.216
7532,3.2125
7533,3.2091
7534,3.2056
7535,3.2021
7536,3.1988
7537,3.1951
7538,3.1917
7539,3.188
7540,3.1845
7541,3.1809
7542,3.177
7543,3.1734
7544,3.1697
7545,3.1659
7546,3.1619
7547,3.1581
7548,3.1543
7549,3.1504
7550,3.1464
7551,3.1424
7552,3.1384
7553,3.1343
7554,3.1302
7555,3.126
7556,3.1219
7557,3.1176
7558,3.1135
7559,3.1092
7560,3.1048
7561,3.1005
7562,3.096
7563,3.0916
7564,3.087
7565,3.0825
7566,3.0779
7567,3.0733
7568,3.0685
7569,3.0639
7570,3.0592
7571,3.0543
7572,3.0495
7573,3.0446
7574,3.0395
7575,3.0346
7576,3.0295
7577,3.0244
7578,3.0191
7579,3.0141
7580,3.0087
7581,3.0034
7582,2.998
7583,2.9926
7584,2.9871
7585,2.9815
7586,2.9759
7587,2.9702
7588,2.9647
7589,2.9588
7590,2.9529
7591,2.947
7592,2.941
7593,2.935
7594,2.9289
7595,2.9227
7596,2.9165
7597,2.9102
7598,2.9038
7599,2.8973
7600,2.8906
7601,2.8841
7602,2.8775
7603,2.8706
7604,2.8638
7605,2.8568
7606,2.8498
7607,2.8427
7608,2.8354
7609,2.8281
7610,2.8208
7611,2.8131
7612,2.8057
7613,2.798
7614,2.7903
7615,2.7823
7616,2.7744
7617,2.7663
7618,2.758
7619,2.7499
7620,2.7415
7621,2.7329
7622,2.7243
7623,2.7158
7624,2.707
7625,2.6981
7626,2.6891
7627,2.68
7628,2.6708
7629,2.6616
7630,2.6522
7631,2.6427
7632,2.6332
7633,2.6235
7634,2.6136
7635,2.6038
7636,2.5938
7637,2.5836
7638,2.5734
7639,2.5631
7640,2.5528
7641,2.5423
7642,2.5317
7643,2.5209
7644,2.5101
7645,2.4999
7646,2.5136
7647,2.6151
7648,2.7169
7649,2.8185
7650,2.8965
7651,2.9974
7652,3.0806
7653,3.1812
7654,3.1923
7655,3.2704
7656,3.3286
7657,3.3716
7658,3.4032
7659,3.4254
7660,3.4408
7661,3.4515
7662,3.4589
7663,3.4643
7664,3.4686
7665,3.4719
7666,3.4746
7667,3.4769
7668,3.4789
7669,3.4807
7670,3.4823
7671,3.4837
7672,3.485
7673,3.4861
7674,3.4872
7675,3.4883
7676,3.4891
7677,3.49
7678,3.4908
7679,3.4915
7680,3.4923
7681,3.4929
7682,3.4935
7683,3.4942
7684,3.4946
7685,3.4953
7686,3.4958
7687,3.4962
7688,3.4967
7689,3.4972
7690,3.4977
7691,3.4981
7692,3.4986
7693,3.4989
7694,3.4994
7695,3.4997
7696,3.5
7697,3.5005
7698,3.5008
7699,3.5012
7700,3.5015
7701,3.5018
7702,3.5021
7703,3.5024
7704,3.5027
7705,3.5029
7706,3.5032
7707,3.5035
7708,3.5039
7709,3.504
7710,3.5043
7711,3.5045
7712,3.5048
7713,3.505
7714,3.5053
7715,3.5054
7716,3.5058
7717,3.5059
7718,3.5061
7719,3.5064
7720,3.5066
7721,3.5067
7722,3.507
7723,3.5072
7724,3.5074
7725,3.5075
7726,3.5077
7727,3.508
7728,3.5081
7729,3.5083
7730,3.5085
7731,3.5086
7732,3.5088
7733,3.5089
7734,3.5091
7735,3.5093
7736,3.5094
7737,3.5096
7738,3.5097
7739,3.5099
7740,3.5101
7741,3.5102
7742,3.5104
7743,3.5105
7744,3.5107
7745,3.5108
7746,3.5108
7747,3.511
7748,3.5112
7749,3.5113
7750,3.5115
7751,3.5116
7752,3.5116
7753,3.5118
7754,3.512
7755,3.5121
7756,3.5123
7757,3.5123
7758,3.5124
7759,3.5126
7760,3.5128
7761,3.5128
7762,3.5129
7763,3.5131
7764,3.5132
7765,3.5132
7766,3.5134
7767,3.5135
7768,3.5135
7769,3.5137
7770,3.5139
7771,3.5139
7772,3.514
7773,3.5142
7774,3.5142
7775,3.5143
7776,3.5145
7777,3.5145
7778,3.5147
7779,3.5147
7780,3.5148
7781,3.515
7782,3.515
7783,3.5151
7784,3.5153
7785,3.5153
7786,3.5155
7787,3.5155
7788,3.5156
7789,3.5156
7790,3.5158
7791,3.5158
7792,3.5159
7793,3.5161
7794,3.5161
7795,3.5162
7796,3.5162
7797,3.5164
7798,3.5164
7799,3.5166
7800,3.5166
7801,3.5167
7802,3.5167
7803,3.5169
7804,3.5169
7805,3.517
7806,3.517
7807,3.5172
7808,3.5172
7809,3.5174
7810,3.5174
7811,3.5175
7812,3.5175
7813,3.5177
7814,3.5177
7815,3.5178
7816,3.5178
7817,3.518
7818,3.518
7819,3.518
7820,3.5182
7821,3.5182
7822,3.5183
7823,3.5185
7824,3.5185
7825,3.5185
7826,3.5185
7827,3.5186
7828,3.5186
7829,3.5188
7830,3.5188
7831,3.5189
7832,3.5268
7833,3.5682
7834,3.5722
7835,3.5748
7836,3.5765
7837,3.5779
7838,3.579
7839,3.5802
7840,3.5811
7841,3.5819
7842,3.5825
7843,3.5832
7844,3.584
7845,3.5844
7846,3.5851
7847,3.5856
7848,3.5862
7849,3.5867
7850,3.5871
7851,3.5876
7852,3.5881
7853,3.5886
7854,3.5891
7855,3.5894
7856,3.5899
7857,3.5903
7858,3.5906
7859,3.5911
7860,3.5914
7861,3.5918
7862,3.5922
7863,3.5926
7864,3.5929
7865,3.5932
7866,3.5937
7867,3.594
7868,3.5943
7869,3.5946
7870,3.5949
7871,3.5953
7872,3.5956
7873,3.5959
7874,3.5962
7875,3.5965
7876,3.5968
7877,3.5972
7878,3.5975
7879,3.5978
7880,3.5981
7881,3.5983
7882,3.5986
7883,3.5989
7884,3.5992
7885,3.5995
7886,3.5997
7887,3.6
7888,3.6003
7889,3.6005
7890,3.6008
7891,3.6011
7892,3.6013
7893,3.6016
7894,3.6019
7895,3.6021
7896,3.6024
7897,3.6026
7898,3.6029
7899,3.603
7900,3.6034
7901,3.6035
7902,3.6038
7903,3.604
7904,3.6043
7905,3.6045
7906,3.6048
7907,3.6049
7908,3.6053
7909,3.6054
7910,3.6057
7911,3.6059
7912,3.6061
7913,3.6064
7914,3.6065
7915,3.6069
7916,3.607
7917,3.6072
7918,3.6075
7919,3.6076
7920,3.6078
7921,3.6081
7922,3.6083
7923,3.6084
7924,3.6086
7925,3.6089
7926,3.6091
7927,3.6092
7928,3.6096
7929,3.6097
7930,3.6099
7931,3.61
7932,3.6102
7933,3.6105
7934,3.6107
7935,3.6108
7936,3.611
7937,3.6111
7938,3.6115
7939,3.6116
7940,3.6118
7941,3.6119
7942,3.6121
7943,3.6123
7944,3.6124
7945,3.6127
7946,3.6129
7947,3.613
7948,3.6132
7949,3.6134
7950,3.6135
7951,3.6137
7952,3.6138
7953,3.614
7954,3.6142
7955,3.6143
7956,3.6146
7957,3.6146
7958,3.615
7959,3.6151
7960,3.6153
7961,3.6154
7962,3.6156
7963,3.6157
7964,3.6159
7965,3.6161
7966,3.6162
7967,3.6164
7968,3.6165
7969,3.6167
7970,3.6169
7971,3.617
7972,3.6172
7973,3.6173
7974,3.6175
7975,3.6177
7976,3.6178
7977,3.618
7978,3.6181
7979,3.6183
7980,3.6183
7981,3.6184
7982,3.6186
7983,3.6188
7984,3.6189
7985,3.6191
7986,3.6192
7987,3.6194
7988,3.6196
7989,3.6197
7990,3.6199
7991,3.62
7992,3.6202
7993,3.6204
7994,3.6204
7995,3.6205
7996,3.6207
7997,3.6208
7998,3.621
7999,3.6212
8000,3.6213
8001,3.6215
8002,3.6216
8003,3.6218
8004,3.6218
8005,3.6219
8006,3.6221
8007,3.6223
8008,3.6224
8009,3.6226
8010,3.6227
8011,3.6229
8012,3.6229
8013,3.6231
8014,3.6232
8015,3.6234
8016,3.6235
8017,3.6237
8018,3.6239
8019,3.624
8020,3.624
8021,3.6242
8022,3.6243
8023,3.6245
8024,3.6246
8025,3.6248
8026,3.6248
8027,3.625
8028,3.6251
8029,3.6253
8030,3.6254
8031,3.6256
8032,3.6258
8033,3.6258
8034,3.6259
8035,3.6261
8036,3.6262
8037,3.6264
8038,3.6264
8039,3.6266
8040,3.6267
8041,3.6269
8042,3.627
8043,3.6272
8044,3.6272
8045,3.6273
8046,3.6275
8047,3.6277
8048,3.6278
8049,3.6278
8050,3.628
8051,3.6281
8052,3.6283
8053,3.6285
8054,3.6285
8055,3.6286
8056,3.6288
8057,3.6289
8058,3.6291
8059,3.6291
8060,3.6293
8061,3.6294
8062,3.6296
8063,3.6296
8064,3.6297
8065,3.6299
8066,3.63
8067,3.6302
8068,3.6304
8069,3.6304
8070,3.6305
8071,3.6307
8072,3.6308
8073,3.631
8074,3.631
8075,3.6312
8076,3.6313
8077,3.6315
8078,3.6315
8079,3.6316
8080,3.6318
8081,3.632
8082,3.6321
8083,3.6321
8084,3.6323
8085,3.6324
8086,3.6326
8087,3.6326
8088,3.6327
8089,3.6329
8090,3.6331
8091,3.6331
8092,3.6332
8093,3.6334
8094,3.6335
8095,3.6337
8096,3.6337
8097,3.6339
8098,3.634
8099,3.6342
8100,3.6343
8101,3.6343
8102,3.6345
8103,3.6347
8104,3.6348
8105,3.6348
8106,3.635
8107,3.6351
8108,3.6353
8109,3.6353
8110,3.6355
8111,3.6356
8112,3.6358
8113,3.6359
8114,3.6359
8115,3.6361
8116,3.6362
8117,3.6364
8118,3.6364
8119,3.6366
8120,3.6367
8121,3.6369
8122,3.6369
8123,3.637
8124,3.6372
8125,3.6374
8126,3.6374
8127,3.6375
8128,3.6377
8129,3.6378
8130,3.638
8131,3.638
8132,3.6382
8133,3.6383
8134,3.6383
8135,3.6385
8136,3.6386
8137,3.6388
8138,3.6388
8139,3.6389
8140,3.6391
8141,3.6393
8142,3.6394
8143,3.6394
8144,3.6396
8145,3.6397
8146,3.6397
8147,3.6399
8148,3.6401
8149,3.6402
8150,3.6402
8151,3.6404
8152,3.6405
8153,3.6407
8154,3.6407
8155,3.6409
8156,3.641
8157,3.6412
8158,3.6412
8159,3.6413
8160,3.6415
8161,3.6416
8162,3.6416
8163,3.6418
8164,3.642
8165,3.6421
8166,3.6421
8167,3.6423
8168,3.6424
8169,3.6426
8170,3.6426
8171,3.6428
8172,3.6429
8173,3.6429
8174,3.6431
8175,3.6432
8176,3.6434
8177,3.6436
8178,3.6436
8179,3.6437
8180,3.6439
8181,3.6439
8182,3.644
8183,3.6442
8184,3.6443
8185,3.6443
8186,3.6445
8187,3.6447
8188,3.6448
8189,3.6448
8190,3.645
8191,3.6451
8192,3.6451
8193,3.6453
8194,3.6455
8195,3.6456
8196,3.6456
8197,3.6458
8198,3.6459
8199,3.6459
8200,3.6461
8201,3.6463
8202,3.6464
8203,3.6464
8204,3.6466
8205,3.6467
8206,3.6469
8207,3.6469
8208,3.647
8209,3.6472
8210,3.6472
8211,3.6474
8212,3.6475
8213,3.6477
8214,3.6477
8215,3.6478
8216,3.648
8217,3.6482
8218,3.6482
8219,3.6483
8220,3.6485
8221,3.6485
8222,3.6486
8223,3.6488
8224,3.649
8225,3.649
8226,3.6491
8227,3.6493
8228,3.6493
8229,3.6494
8230,3.6496
8231,3.6497
8232,3.6497
8233,3.6499
8234,3.6501
8235,3.6501
8236,3.6502
8237,3.6504
8238,3.6505
8239,3.6505
8240,3.6507
8241,3.6509
8242,3.6509
8243,3.651
8244,3.6512
8245,3.6513
8246,3.6513
8247,3.6515
8248,3.6517
8249,3.6518
8250,3.6518
8251,3.652
8252,3.6521
8253,3.6521
8254,3.6523
8255,3.6525
8256,3.6526
8257,3.6526
8258,3.6528
8259,3.6529
8260,3.6529
8261,3.6531
8262,3.6532
8263,3.6534
8264,3.6534
8265,3.6536
8266,3.6537
8267,3.6539
8268,3.6539
8269,3.654
8270,3.6542
8271,3.6542
8272,3.6544
8273,3.6545
8274,3.6547
8275,3.6547
8276,3.6548
8277,3.655
8278,3.655
8279,3.6552
8280,3.6553
8281,3.6555
8282,3.6555
8283,3.6556
8284,3.6558
8285,3.6558
8286,3.6559
8287,3.6561
8288,3.6563
8289,3.6563
8290,3.6564
8291,3.6566
8292,3.6566
8293,3.6567
8294,3.6569
8295,3.6571
8296,3.6571
8297,3.6572
8298,3.6574
8299,3.6574
8300,3.6575
8301,3.6577
8302,3.6577
8303,3.6579
8304,3.658
8305,3.6582
8306,3.6582
8307,3.6583
8308,3.6585
8309,3.6585
8310,3.6586
8311,3.6588
8312,3.659
8313,3.659
8314,3.6591
8315,3.6593
8316,3.6593
8317,3.6594
8318,3.6596
8319,3.6596
8320,3.6598
8321,3.6599
8322,3.6601
8323,3.6601
8324,3.6602
8325,3.6604
8326,3.6606
8327,3.6606
8328,3.6607
8329,3.6609
8330,3.6609
8331,3.661
8332,3.6612
8333,3.6612
8334,3.6613
8335,3.6615
8336,3.6617
8337,3.6617
8338,3.6618
8339,3.662
8340,3.6621
8341,3.6621
8342,3.6623
8343,3.6625
8344,3.6625
8345,3.6626
8346,3.6628
8347,3.6629
8348,3.6629
8349,3.6631
8350,3.6633
8351,3.6633
8352,3.6634
8353,3.6636
8354,3.6636
8355,3.6637
8356,3.6639
8357,3.6639
8358,3.664
8359,3.6642
8360,3.6644
8361,3.6644
8362,3.6645
8363,3.6647
8364,3.6648
8365,3.6648
8366,3.665
8367,3.6652
8368,3.6652
8369,3.6653
8370,3.6655
8371,3.6655
8372,3.6656
8373,3.6658
8374,3.666
8375,3.666
8376,3.6661
8377,3.6663
8378,3.6664
8379,3.6664
8380,3.6666
8381,3.6668
8382,3.6668
8383,3.6669
8384,3.6671
8385,3.6671
8386,3.6672
8387,3.6674
8388,3.6675
8389,3.6675
8390,3.6677
8391,3.6679
8392,3.6679
8393,3.668
8394,3.6682
8395,3.6683
8396,3.6683
8397,3.6685
8398,3.6687
8399,3.6687
8400,3.6688
8401,3.669
8402,3.6691
8403,3.6691
8404,3.6693
8405,3.6695
8406,3.6695
8407,3.6696
8408,3.6698
8409,3.6699
8410,3.6699
8411,3.6701
8412,3.6702
8413,3.6702
8414,3.6704
8415,3.6706
8416,3.6707
8417,3.6707
8418,3.6709
8419,3.671
8420,3.671
8421,3.6712
8422,3.6714
8423,3.6715
8424,3.6715
8425,3.6717
8426,3.6718
8427,3.6718
8428,3.672
8429,3.6722
8430,3.6723
8431,3.6723
8432,3.6725
8433,3.6726
8434,3.6726
8435,3.6728
8436,3.6729
8437,3.6731
8438,3.6731
8439,3.6733
8440,3.6734
8441,3.6734
8442,3.6736
8443,3.6737
8444,3.6739
8445,3.6739
8446,3.6741
8447,3.6742
8448,3.6742
8449,3.6744
8450,3.6745
8451,3.6747
8452,3.6747
8453,3.6749
8454,3.675
8455,3.675
8456,3.6752
8457,3.6753
8458,3.6755
8459,3.6755
8460,3.6756
8461,3.6758
8462,3.6758
8463,3.676
8464,3.6761
8465,3.6763
8466,3.6763
8467,3.6764
8468,3.6766
8469,3.6766
8470,3.6768
8471,3.6769
8472,3.6771
8473,3.6771
8474,3.6772
8475,3.6774
8476,3.6774
8477,3.6776
8478,3.6777
8479,3.6779
8480,3.6779
8481,3.678
8482,3.6782
8483,3.6783
8484,3.6783
8485,3.6785
8486,3.6787
8487,3.6788
8488,3.6788
8489,3.679
8490,3.6791
8491,3.6791
8492,3.6793
8493,3.6795
8494,3.6796
8495,3.6796
8496,3.6798
8497,3.6799
8498,3.6799
8499,3.6801
8500,3.6803
8501,3.6804
8502,3.6804
8503,3.6806
8504,3.6807
8505,3.6809
8506,3.6809
8507,3.681
8508,3.6812
8509,3.6812
8510,3.6814
8511,3.6815
8512,3.6815
8513,3.6817
8514,3.6818
8515,3.682
8516,3.6822
8517,3.6822
8518,3.6823
8519,3.6825
8520,3.6826
8521,3.6826
8522,3.6828
8523,3.683
8524,3.6831
8525,3.6831
8526,3.6833
8527,3.6834
8528,3.6834
8529,3.6836
8530,3.6838
8531,3.6839
8532,3.6839
8533,3.6841
8534,3.6842
8535,3.6844
8536,3.6844
8537,3.6845
8538,3.6847
8539,3.6849
8540,3.6849
8541,3.685
8542,3.6852
8543,3.6853
8544,3.6853
8545,3.6855
8546,3.6857
8547,3.6858
8548,3.6858
8549,3.686
8550,3.6861
8551,3.6861
8552,3.6863
8553,3.6865
8554,3.6866
8555,3.6868
8556,3.6868
8557,3.6869
8558,3.6871
8559,3.6872
8560,3.6872
8561,3.6874
8562,3.6876
8563,3.6877
8564,3.6877
8565,3.6879
8566,3.688
8567,3.6882
8568,3.6882
8569,3.6884
8570,3.6885
8571,3.6887
8572,3.6888
8573,3.6888
8574,3.689
8575,3.6892
8576,3.6893
8577,3.6893
8578,3.6895
8579,3.6896
8580,3.6898
8581,3.6898
8582,3.6899
8583,3.6901
8584,3.6903
8585,3.6904
8586,3.6904
8587,3.6906
8588,3.6907
8589,3.6909
8590,3.6911
8591,3.6911
8592,3.6912
8593,3.6914
8594,3.6914
8595,3.6915
8596,3.6917
8597,3.6919
8598,3.692
8599,3.6922
8600,3.6922
8601,3.6923
8602,3.6925
8603,3.6926
8604,3.6926
8605,3.6928
8606,3.693
8607,3.6931
8608,3.6933
8609,3.6933
8610,3.6934
8611,3.6936
8612,3.6938
8613,3.6939
8614,3.6939
8615,3.6941
8616,3.6942
8617,3.6944
8618,3.6946
8619,3.6946
8620,3.6947
8621,3.6949
8622,3.695
8623,3.6952
8624,3.6952
8625,3.6953
8626,3.6955
8627,3.6957
8628,3.6958
8629,3.696
8630,3.696
8631,3.6961
8632,3.6963
8633,3.6965
8634,3.6966
8635,3.6968
8636,3.6969
8637,3.6969
8638,3.6971
8639,3.6973
8640,3.6974
8641,3.6974
8642,3.6977
8643,3.6977
8644,3.6979
8645,3.6981
8646,3.6982
8647,3.6982
8648,3.6984
8649,3.6985
8650,3.6987
8651,3.6988
8652,3.6988
8653,3.6992
8654,3.6992
8655,3.6993
8656,3.6995
8657,3.6996
8658,3.6998
8659,3.7
8660,3.7
8661,3.7001
8662,3.7003
8663,3.7004
8664,3.7006
8665,3.7008
8666,3.7008
8667,3.7009
8668,3.7011
8669,3.7012
8670,3.7014
8671,3.7015
8672,3.7017
8673,3.7017
8674,3.7019
8675,3.702
8676,3.7022
8677,3.7023
8678,3.7025
8679,3.7027
8680,3.7028
8681,3.703
8682,3.703
8683,3.7033
8684,3.7033
8685,3.7035
8686,3.7036
8687,3.7038
8688,3.7038
8689,3.7039
8690,3.7041
8691,3.7042
8692,3.7044
8693,3.7046
8694,3.7047
8695,3.7049
8696,3.705
8697,3.7052
8698,3.7054
8699,3.7055
8700,3.7055
8701,3.7057
8702,3.7058
8703,3.706
8704,3.7062
8705,3.7062
8706,3.7063
8707,3.7066
8708,3.7066
8709,3.7068
8710,3.7069
8711,3.7071
8712,3.7073
8713,3.7074
8714,3.7074
8715,3.7076
8716,3.7077
8717,3.7079
8718,3.7081
8719,3.7082
8720,3.7084
8721,3.7085
8722,3.7087
8723,3.7089
8724,3.709
8725,3.7092
8726,3.7092
8727,3.7093
8728,3.7095
8729,3.7096
8730,3.7098
8731,3.71
8732,3.7101
8733,3.7101
8734,3.7103
8735,3.7103
8736,3.7103
8737,3.7103
8738,3.7103
8739,3.7103
8740,3.7103
8741,3.7103
8742,3.7103
8743,3.7103
8744,3.7103
8745,3.7103
8746,3.7103
8747,3.7104
8748,3.7104
8749,3.7103
8750,3.7103
8751,3.7104
8752,3.7104
8753,3.7103
8754,3.7103
8755,3.7103
8756,3.7104
8757,3.7103
8758,3.7103
8759,3.7104
8760,3.7103
8761,3.7104
8762,3.7104
8763,3.7104
8764,3.7104
8765,3.7104
8766,3.7104
8767,3.7103
8768,3.7104
8769,3.7104
8770,3.7104
8771,3.7104
8772,3.7104
8773,3.7104
8774,3.7104
8775,3.7103
8776,3.7084
8777,3.7074
8778,3.7071
8779,3.707
8780,3.7067
8781,3.7065
8782,3.7065
8783,3.7063
8784,3.7062
8785,3.7062
8786,3.706
8787,3.706
8788,3.7059
8789,3.7059
8790,3.7057
8791,3.7057
8792,3.7057
8793,3.7055
8794,3.7055
8795,3.7055
8796,3.7054
8797,3.7054
8798,3.7054
8799,3.7054
8800,3.7054
8801,3.7052
8802,3.7052
8803,3.7052
8804,3.7052
8805,3.7051
8806,3.7051
8807,3.7051
8808,3.7051
8809,3.7051
8810,3.7049
8811,3.7049
8812,3.7049
8813,3.7049
8814,3.7049
8815,3.7049
8816,3.7049
8817,3.7047
8818,3.7047
8819,3.7047
8820,3.7047
8821,3.7047
8822,3.7047
8823,3.7047
8824,3.7047
8825,3.7046
8826,3.7046
8827,3.7046
8828,3.7046
8829,3.7046
8830,3.7046
8831,3.7046
8832,3.7046
8833,3.7046
8834,3.7044
8835,3.7044
8836,3.7044
8837,3.7044
8838,3.7044
8839,3.7044
8840,3.7044
8841,3.7044
8842,3.7044
8843,3.7044
8844,3.7044
8845,3.7044
8846,3.7044
8847,3.7043
8848,3.7043
8849,3.7043
8850,3.7043
8851,3.7043
8852,3.7043
8853,3.7043
8854,3.7043
8855,3.7043
8856,3.7043
8857,3.7043
8858,3.7043
8859,3.7043
8860,3.7043
8861,3.7043
8862,3.7043
8863,3.7043
8864,3.7043
8865,3.7043
8866,3.7041
8867,3.7041
8868,3.7041
8869,3.7041
8870,3.7041
8871,3.7041
8872,3.7041
8873,3.7041
8874,3.7041
8875,3.7041
8876,3.7041
8877,3.7041
8878,3.7041
8879,3.7041
8880,3.7041
8881,3.7041
8882,3.7041
8883,3.7041
8884,3.7041
8885,3.7041
8886,3.7041
8887,3.7041
8888,3.7041
8889,3.7041
8890,3.704
8891,3.7041
8892,3.704
8893,3.704
8894,3.7041
8895,3.704
8896,3.704
8897,3.704
8898,3.704
8899,3.704
8900,3.704
8901,3.704
8902,3.704
8903,3.704
8904,3.704
8905,3.704
8906,3.704
8907,3.704
8908,3.704
8909,3.704
8910,3.704
8911,3.704
8912,3.704
8913,3.704
8914,3.704
8915,3.704
8916,3.704
8917,3.704
8918,3.704
8919,3.704
8920,3.704
8921,3.704
8922,3.704
8923,3.704
8924,3.704
8925,3.704
8926,3.704
8927,3.704
8928,3.704
8929,3.704
8930,3.704
8931,3.704
8932,3.704
8933,3.704
8934,3.704
8935,3.704
8936,3.704
8937,3.7038
8938,3.7038
8939,3.704
8940,3.7038
8941,3.7038
8942,3.7038
8943,3.7038
8944,3.7038
8945,3.7038
8946,3.7038
8947,3.7038
8948,3.7038
8949,3.7038
8950,3.7038
8951,3.7038
8952,3.7038
8953,3.7038
8954,3.7038
8955,3.7038
8956,3.7038
