,voltage
0,3.4007
1,3.4007
2,3.4007
3,3.4007
4,3.4007
5,3.4007
6,3.4007
7,3.4007
8,3.4007
9,3.4007
10,3.4007
11,3.4007
12,3.4007
13,3.4007
14,3.4007
15,3.4007
16,3.4007
17,3.4007
18,3.4007
19,3.4007
20,3.4007
21,3.4007
22,3.4007
23,3.4007
24,3.4007
25,3.4007
26,3.4007
27,3.4007
28,3.4007
29,3.4007
30,3.4007
31,3.4007
32,3.4007
33,3.4007
34,3.4007
35,3.4007
36,3.4007
37,3.4007
38,3.4007
39,3.4007
40,3.4007
41,3.4007
42,3.4007
43,3.4007
44,3.4007
45,3.4007
46,3.4007
47,3.4007
48,3.4007
49,3.4007
50,3.4007
51,3.4007
52,3.4007
53,3.4007
54,3.4007
55,3.4007
56,3.4007
57,3.4007
58,3.4007
59,3.4007
60,3.4007
61,3.51
62,3.6101
63,3.6555
64,3.6526
65,3.6496
66,3.6471
67,3.6452
68,3.6437
69,3.6425
70,3.6414
71,3.6406
72,3.6399
73,3.6393
74,3.6388
75,3.6383
76,3.638
77,3.6377
78,3.6374
79,3.6371
80,3.6369
81,3.6367
82,3.6366
83,3.6366
84,3.6364
85,3.6363
86,3.6363
87,3.6363
88,3.6363
89,3.6361
90,3.6361
91,3.6361
92,3.6363
93,3.6363
94,3.6363
95,3.6363
96,3.6364
97,3.6364
98,3.6364
99,3.6366
100,3.6366
101,3.6367
102,3.6367
103,3.6369
104,3.6369
105,3.6371
106,3.6372
107,3.6374
108,3.6374
109,3.6375
110,3.6377
111,3.6377
112,3.6379
113,3.638
114,3.6382
115,3.6383
116,3.6385
117,3.6385
118,3.6387
119,3.6388
120,3.639
121,3.6391
122,3.6393
123,3.6394
124,3.6396
125,3.6398
126,3.6399
127,3.6401
128,3.6402
129,3.6404
130,3.6406
131,3.6407
132,3.6409
133,3.641
134,3.641
135,3.6414
136,3.6415
137,3.6415
138,3.6417
139,3.642
140,3.6421
141,3.6423
142,3.6425
143,3.6425
144,3.6426
145,3.6428
146,3.6429
147,3.6431
148,3.6433
149,3.6434
150,3.6436
151,3.6437
152,3.6439
153,3.6441
154,3.6442
155,3.6444
156,3.6445
157,3.6447
158,3.6448
159,3.645
160,3.6452
161,3.6452
162,3.6455
163,3.6455
164,3.6456
165,3.6458
166,3.646
167,3.6461
168,3.6463
169,3.6464
170,3.6466
171,3.6468
172,3.6468
173,3.6469
174,3.6471
175,3.6472
176,3.6474
177,3.6474
178,3.6475
179,3.6477
180,3.6479
181,3.648
182,3.6482
183,3.6482
184,3.6483
185,3.6485
186,3.6487
187,3.6488
188,3.6488
189,3.649
190,3.6491
191,3.6493
192,3.6493
193,3.6495
194,3.6496
195,3.6498
196,3.6498
197,3.6499
198,3.6501
199,3.6502
200,3.6502
201,3.6504
202,3.6506
203,3.6507
204,3.6507
205,3.6509
206,3.651
207,3.651
208,3.6512
209,3.6514
210,3.6514
211,3.6515
212,3.6517
213,3.6517
214,3.6518
215,3.652
216,3.652
217,3.6522
218,3.6523
219,3.6523
220,3.6525
221,3.6525
222,3.6526
223,3.6528
224,3.6528
225,3.6529
226,3.6531
227,3.6531
228,3.6533
229,3.6534
230,3.6534
231,3.6536
232,3.6537
233,3.6537
234,3.6539
235,3.6539
236,3.6541
237,3.6541
238,3.6542
239,3.6544
240,3.6544
241,3.6545
242,3.6545
243,3.6547
244,3.6547
245,3.6549
246,3.655
247,3.655
248,3.6552
249,3.6552
250,3.6553
251,3.6553
252,3.6555
253,3.6557
254,3.6557
255,3.6558
256,3.6558
257,3.656
258,3.656
259,3.6561
260,3.6563
261,3.6563
262,3.6564
263,3.6564
264,3.6564
265,3.6566
266,3.6566
267,3.6568
268,3.6569
269,3.6569
270,3.6571
271,3.6571
272,3.6572
273,3.6572
274,3.6574
275,3.6574
276,3.6576
277,3.6576
278,3.6577
279,3.6577
280,3.6579
281,3.6579
282,3.658
283,3.658
284,3.6582
285,3.6582
286,3.6584
287,3.6584
288,3.6585
289,3.6585
290,3.6587
291,3.6587
292,3.6588
293,3.6588
294,3.659
295,3.659
296,3.6591
297,3.6591
298,3.6591
299,3.6593
300,3.6595
301,3.6595
302,3.6595
303,3.6596
304,3.6596
305,3.6598
306,3.6598
307,3.6599
308,3.6599
309,3.6601
310,3.6601
311,3.6603
312,3.6603
313,3.6604
314,3.6604
315,3.6604
316,3.6606
317,3.6606
318,3.6607
319,3.6609
320,3.6609
321,3.6609
322,3.6611
323,3.6611
324,3.6612
325,3.6612
326,3.6614
327,3.6614
328,3.6614
329,3.6615
330,3.6615
331,3.6617
332,3.6617
333,3.6618
334,3.6618
335,3.662
336,3.662
337,3.662
338,3.6622
339,3.6622
340,3.6623
341,3.6623
342,3.6625
343,3.6625
344,3.6625
345,3.6626
346,3.6626
347,3.6628
348,3.6628
349,3.663
350,3.663
351,3.6631
352,3.6631
353,3.6631
354,3.6633
355,3.6633
356,3.6634
357,3.6634
358,3.6636
359,3.6636
360,3.6636
361,3.6638
362,3.6638
363,3.6639
364,3.6639
365,3.6641
366,3.6641
367,3.6641
368,3.6642
369,3.6642
370,3.6644
371,3.6644
372,3.6645
373,3.6645
374,3.6645
375,3.6647
376,3.6647
377,3.6649
378,3.6649
379,3.665
380,3.665
381,3.665
382,3.665
383,3.6652
384,3.6652
385,3.6653
386,3.6653
387,3.6655
388,3.6655
389,3.6657
390,3.6657
391,3.6657
392,3.6658
393,3.6658
394,3.666
395,3.666
396,3.666
397,3.6661
398,3.6661
399,3.6663
400,3.6663
401,3.6665
402,3.6665
403,3.6665
404,3.6666
405,3.6666
406,3.6666
407,3.6668
408,3.6668
409,3.6669
410,3.6669
411,3.6671
412,3.6671
413,3.6671
414,3.6672
415,3.6672
416,3.6674
417,3.6674
418,3.6674
419,3.6676
420,3.6676
421,3.6677
422,3.6677
423,3.6679
424,3.6679
425,3.6679
426,3.668
427,3.668
428,3.668
429,3.6682
430,3.6682
431,3.6682
432,3.6684
433,3.6684
434,3.6685
435,3.6685
436,3.6687
437,3.6687
438,3.6687
439,3.6688
440,3.6688
441,3.669
442,3.669
443,3.669
444,3.6692
445,3.6692
446,3.6693
447,3.6693
448,3.6693
449,3.6695
450,3.6695
451,3.6696
452,3.6696
453,3.6696
454,3.6698
455,3.6698
456,3.6699
457,3.6699
458,3.6699
459,3.6701
460,3.6701
461,3.6703
462,3.6703
463,3.6703
464,3.6704
465,3.6704
466,3.6706
467,3.6706
468,3.6706
469,3.6707
470,3.6707
471,3.6707
472,3.6709
473,3.6709
474,3.6711
475,3.6711
476,3.6711
477,3.6712
478,3.6712
479,3.6714
480,3.6714
481,3.6714
482,3.6715
483,3.6715
484,3.6717
485,3.6717
486,3.6717
487,3.6719
488,3.6719
489,3.6719
490,3.672
491,3.672
492,3.6722
493,3.6722
494,3.6722
495,3.6723
496,3.6723
497,3.6725
498,3.6725
499,3.6725
500,3.6726
501,3.6726
502,3.6728
503,3.6728
504,3.6728
505,3.673
506,3.673
507,3.673
508,3.6731
509,3.6731
510,3.6733
511,3.6733
512,3.6733
513,3.6734
514,3.6734
515,3.6736
516,3.6736
517,3.6736
518,3.6738
519,3.6738
520,3.6738
521,3.6739
522,3.6739
523,3.6741
524,3.6741
525,3.6741
526,3.6742
527,3.6742
528,3.6744
529,3.6744
530,3.6744
531,3.6746
532,3.6746
533,3.6746
534,3.6747
535,3.6747
536,3.6749
537,3.6749
538,3.6749
539,3.675
540,3.675
541,3.675
542,3.6752
543,3.6752
544,3.6754
545,3.6754
546,3.6754
547,3.6755
548,3.6755
549,3.6757
550,3.6757
551,3.6757
552,3.6758
553,3.6758
554,3.676
555,3.676
556,3.676
557,3.6761
558,3.6761
559,3.6761
560,3.6763
561,3.6763
562,3.6765
563,3.6765
564,3.6765
565,3.6766
566,3.6766
567,3.6766
568,3.6768
569,3.6768
570,3.6769
571,3.6769
572,3.6769
573,3.6771
574,3.6771
575,3.6771
576,3.6773
577,3.6773
578,3.6774
579,3.6774
580,3.6774
581,3.6776
582,3.6776
583,3.6776
584,3.6777
585,3.6777
586,3.6779
587,3.6779
588,3.6781
589,3.6781
590,3.6781
591,3.6782
592,3.6782
593,3.6784
594,3.6784
595,3.6784
596,3.6785
597,3.6785
598,3.6785
599,3.6787
600,3.6787
601,3.6788
602,3.6788
603,3.6788
604,3.679
605,3.679
606,3.679
607,3.6792
608,3.6792
609,3.6793
610,3.6793
611,3.6793
612,3.6795
613,3.6795
614,3.6795
615,3.6796
616,3.6796
617,3.6798
618,3.6798
619,3.68
620,3.68
621,3.68
622,3.6801
623,3.6801
624,3.6801
625,3.6803
626,3.6803
627,3.6804
628,3.6804
629,3.6804
630,3.6806
631,3.6806
632,3.6806
633,3.6808
634,3.6808
635,3.6809
636,3.6809
637,3.6811
638,3.6811
639,3.6811
640,3.6812
641,3.6812
642,3.6812
643,3.6814
644,3.6814
645,3.6815
646,3.6815
647,3.6815
648,3.6817
649,3.6817
650,3.6817
651,3.6819
652,3.6819
653,3.682
654,3.682
655,3.682
656,3.6822
657,3.6822
658,3.6823
659,3.6823
660,3.6823
661,3.6825
662,3.6825
663,3.6827
664,3.6827
665,3.6827
666,3.6828
667,3.6828
668,3.6828
669,3.683
670,3.683
671,3.6831
672,3.6831
673,3.6833
674,3.6833
675,3.6833
676,3.6835
677,3.6835
678,3.6835
679,3.6836
680,3.6836
681,3.6838
682,3.6838
683,3.6838
684,3.6839
685,3.6839
686,3.6841
687,3.6841
688,3.6841
689,3.6842
690,3.6842
691,3.6844
692,3.6844
693,3.6844
694,3.6846
695,3.6846
696,3.6847
697,3.6847
698,3.6847
699,3.6849
700,3.6849
701,3.6849
702,3.685
703,3.685
704,3.6852
705,3.6852
706,3.6852
707,3.6854
708,3.6854
709,3.6854
710,3.6855
711,3.6855
712,3.6857
713,3.6857
714,3.6858
715,3.6858
716,3.6858
717,3.686
718,3.686
719,3.6862
720,3.6862
721,3.6862
722,3.6863
723,3.6863
724,3.6865
725,3.6865
726,3.6865
727,3.6866
728,3.6866
729,3.6868
730,3.6868
731,3.6868
732,3.6869
733,3.6869
734,3.6871
735,3.6871
736,3.6871
737,3.6873
738,3.6873
739,3.6873
740,3.6874
741,3.6874
742,3.6876
743,3.6876
744,3.6877
745,3.6877
746,3.6877
747,3.6879
748,3.6879
749,3.6881
750,3.6881
751,3.6881
752,3.6882
753,3.6882
754,3.6884
755,3.6884
756,3.6884
757,3.6885
758,3.6885
759,3.6885
760,3.6887
761,3.6887
762,3.6889
763,3.6889
764,3.689
765,3.689
766,3.689
767,3.6892
768,3.6892
769,3.6893
770,3.6893
771,3.6895
772,3.6895
773,3.6895
774,3.6896
775,3.6896
776,3.6898
777,3.6898
778,3.6898
779,3.69
780,3.69
781,3.6901
782,3.6901
783,3.6901
784,3.6903
785,3.6903
786,3.6904
787,3.6904
788,3.6904
789,3.6906
790,3.6906
791,3.6908
792,3.6908
793,3.6909
794,3.6909
795,3.6909
796,3.6911
797,3.6911
798,3.6912
799,3.6912
800,3.6912
801,3.6914
802,3.6914
803,3.6916
804,3.6916
805,3.6916
806,3.6917
807,3.6917
808,3.6919
809,3.6919
810,3.6919
811,3.692
812,3.692
813,3.6922
814,3.6922
815,3.6923
816,3.6923
817,3.6923
818,3.6925
819,3.6925
820,3.6925
821,3.6927
822,3.6927
823,3.6928
824,3.6928
825,3.693
826,3.693
827,3.6931
828,3.6931
829,3.6931
830,3.6933
831,3.6933
832,3.6935
833,3.6935
834,3.6935
835,3.6936
836,3.6936
837,3.6938
838,3.6938
839,3.6938
840,3.6939
841,3.6939
842,3.6941
843,3.6941
844,3.6943
845,3.6943
846,3.6943
847,3.6944
848,3.6944
849,3.6946
850,3.6946
851,3.6947
852,3.6947
853,3.6947
854,3.6949
855,3.6949
856,3.695
857,3.695
858,3.695
859,3.6952
860,3.6952
861,3.6954
862,3.6954
863,3.6955
864,3.6955
865,3.6955
866,3.6957
867,3.6957
868,3.6958
869,3.6958
870,3.696
871,3.696
872,3.696
873,3.6962
874,3.6962
875,3.6963
876,3.6963
877,3.6965
878,3.6965
879,3.6965
880,3.6966
881,3.6966
882,3.6968
883,3.6968
884,3.6968
885,3.697
886,3.697
887,3.6971
888,3.6971
889,3.6973
890,3.6973
891,3.6973
892,3.6974
893,3.6974
894,3.6976
895,3.6976
896,3.6978
897,3.6978
898,3.6979
899,3.6979
900,3.6979
901,3.6981
902,3.6981
903,3.6982
904,3.6982
905,3.6984
906,3.6984
907,3.6985
908,3.6985
909,3.6985
910,3.6987
911,3.6987
912,3.6987
913,3.6989
914,3.699
915,3.699
916,3.699
917,3.6992
918,3.6992
919,3.6993
920,3.6993
921,3.6993
922,3.6995
923,3.6995
924,3.6997
925,3.6997
926,3.6998
927,3.6998
928,3.7
929,3.7
930,3.7
931,3.7001
932,3.7001
933,3.7003
934,3.7003
935,3.7005
936,3.7005
937,3.7006
938,3.7006
939,3.7006
940,3.7008
941,3.7008
942,3.7008
943,3.7009
944,3.7009
945,3.7011
946,3.7011
947,3.7012
948,3.7012
949,3.7014
950,3.7014
951,3.7016
952,3.7016
953,3.7017
954,3.7017
955,3.7017
956,3.7019
957,3.7019
958,3.702
959,3.702
960,3.7022
961,3.7022
962,3.7022
963,3.7024
964,3.7024
965,3.7025
966,3.7025
967,3.7027
968,3.7027
969,3.7028
970,3.7028
971,3.7028
972,3.703
973,3.703
974,3.7032
975,3.7032
976,3.7033
977,3.7033
978,3.7033
979,3.7035
980,3.7035
981,3.7036
982,3.7036
983,3.7038
984,3.7038
985,3.7039
986,3.7039
987,3.7039
988,3.7041
989,3.7041
990,3.7043
991,3.7043
992,3.7044
993,3.7044
994,3.7046
995,3.7046
996,3.7047
997,3.7047
998,3.7049
999,3.7049
1000,3.7049
1001,3.7051
1002,3.7051
1003,3.7052
1004,3.7052
1005,3.7054
1006,3.7054
1007,3.7054
1008,3.7055
1009,3.7055
1010,3.7057
1011,3.7057
1012,3.7059
1013,3.7059
1014,3.706
1015,3.706
1016,3.706
1017,3.7062
1018,3.7062
1019,3.7063
1020,3.7063
1021,3.7065
1022,3.7065
1023,3.7066
1024,3.7066
1025,3.7068
1026,3.7068
1027,3.7068
1028,3.707
1029,3.707
1030,3.7071
1031,3.7071
1032,3.7073
1033,3.7073
1034,3.7074
1035,3.7074
1036,3.7076
1037,3.7076
1038,3.7076
1039,3.7078
1040,3.7078
1041,3.7079
1042,3.7079
1043,3.7081
1044,3.7081
1045,3.7082
1046,3.7082
1047,3.7084
1048,3.7084
1049,3.7084
1050,3.7086
1051,3.7086
1052,3.7087
1053,3.7087
1054,3.7089
1055,3.7089
1056,3.7089
1057,3.709
1058,3.7092
1059,3.7092
1060,3.7092
1061,3.7093
1062,3.7093
1063,3.7095
1064,3.7095
1065,3.7097
1066,3.7097
1067,3.7098
1068,3.7098
1069,3.71
1070,3.71
1071,3.71
1072,3.7101
1073,3.7101
1074,3.7103
1075,3.7103
1076,3.7105
1077,3.7105
1078,3.7105
1079,3.7106
1080,3.7106
1081,3.7108
1082,3.7108
1083,3.7109
1084,3.7109
1085,3.7111
1086,3.7111
1087,3.7113
1088,3.7113
1089,3.7114
1090,3.7114
1091,3.7116
1092,3.7116
1093,3.7117
1094,3.7117
1095,3.7117
1096,3.7119
1097,3.7119
1098,3.712
1099,3.712
1100,3.7122
1101,3.7122
1102,3.7124
1103,3.7124
1104,3.7125
1105,3.7125
1106,3.7125
1107,3.7127
1108,3.7127
1109,3.7128
1110,3.7128
1111,3.713
1112,3.713
1113,3.7132
1114,3.7132
1115,3.7133
1116,3.7133
1117,3.7135
1118,3.7135
1119,3.7136
1120,3.7136
1121,3.7136
1122,3.7138
1123,3.7138
1124,3.714
1125,3.714
1126,3.7141
1127,3.7141
1128,3.7143
1129,3.7143
1130,3.7144
1131,3.7144
1132,3.7144
1133,3.7146
1134,3.7146
1135,3.7148
1136,3.7148
1137,3.7149
1138,3.7149
1139,3.7151
1140,3.7151
1141,3.7152
1142,3.7152
1143,3.7154
1144,3.7154
1145,3.7155
1146,3.7155
1147,3.7157
1148,3.7157
1149,3.7157
1150,3.7159
1151,3.7159
1152,3.716
1153,3.716
1154,3.7162
1155,3.7162
1156,3.7163
1157,3.7163
1158,3.7165
1159,3.7165
1160,3.7167
1161,3.7167
1162,3.7168
1163,3.7168
1164,3.7168
1165,3.717
1166,3.717
1167,3.7171
1168,3.7171
1169,3.7173
1170,3.7173
1171,3.7175
1172,3.7175
1173,3.7176
1174,3.7176
1175,3.7178
1176,3.7178
1177,3.7179
1178,3.7179
1179,3.7181
1180,3.7181
1181,3.7182
1182,3.7182
1183,3.7184
1184,3.7184
1185,3.7184
1186,3.7186
1187,3.7186
1188,3.7187
1189,3.7187
1190,3.7189
1191,3.7189
1192,3.719
1193,3.719
1194,3.7192
1195,3.7192
1196,3.7194
1197,3.7194
1198,3.7195
1199,3.7195
1200,3.7197
1201,3.7197
1202,3.7198
1203,3.7198
1204,3.72
1205,3.72
1206,3.7202
1207,3.7202
1208,3.7203
1209,3.7203
1210,3.7205
1211,3.7205
1212,3.7206
1213,3.7206
1214,3.7206
1215,3.7208
1216,3.7208
1217,3.7209
1218,3.7209
1219,3.7211
1220,3.7211
1221,3.7213
1222,3.7213
1223,3.7214
1224,3.7214
1225,3.7216
1226,3.7216
1227,3.7217
1228,3.7217
1229,3.7219
1230,3.7219
1231,3.7221
1232,3.7221
1233,3.7222
1234,3.7222
1235,3.7224
1236,3.7224
1237,3.7225
1238,3.7225
1239,3.7227
1240,3.7227
1241,3.7229
1242,3.7229
1243,3.7229
1244,3.723
1245,3.7232
1246,3.7232
1247,3.7233
1248,3.7233
1249,3.7235
1250,3.7235
1251,3.7236
1252,3.7236
1253,3.7238
1254,3.7238
1255,3.724
1256,3.724
1257,3.7241
1258,3.7241
1259,3.7243
1260,3.7243
1261,3.7244
1262,3.7244
1263,3.7246
1264,3.7246
1265,3.7248
1266,3.7248
1267,3.7249
1268,3.7249
1269,3.7251
1270,3.7251
1271,3.7252
1272,3.7252
1273,3.7254
1274,3.7254
1275,3.7256
1276,3.7256
1277,3.7257
1278,3.7257
1279,3.7259
1280,3.7259
1281,3.726
1282,3.726
1283,3.7262
1284,3.7262
1285,3.7263
1286,3.7263
1287,3.7265
1288,3.7265
1289,3.7267
1290,3.7267
1291,3.7268
1292,3.7268
1293,3.727
1294,3.727
1295,3.7271
1296,3.7273
1297,3.7273
1298,3.7275
1299,3.7275
1300,3.7276
1301,3.7276
1302,3.7278
1303,3.7278
1304,3.7279
1305,3.7279
1306,3.7281
1307,3.7281
1308,3.7283
1309,3.7283
1310,3.7284
1311,3.7284
1312,3.7286
1313,3.7286
1314,3.7287
1315,3.7287
1316,3.7289
1317,3.7289
1318,3.729
1319,3.729
1320,3.7292
1321,3.7294
1322,3.7294
1323,3.7295
1324,3.7295
1325,3.7297
1326,3.7297
1327,3.7298
1328,3.7298
1329,3.73
1330,3.73
1331,3.7302
1332,3.7302
1333,3.7303
1334,3.7305
1335,3.7305
1336,3.7306
1337,3.7306
1338,3.7308
1339,3.7308
1340,3.731
1341,3.731
1342,3.7311
1343,3.7311
1344,3.7313
1345,3.7313
1346,3.7314
1347,3.7316
1348,3.7316
1349,3.7317
1350,3.7317
1351,3.7319
1352,3.7319
1353,3.7321
1354,3.7321
1355,3.7322
1356,3.7322
1357,3.7324
1358,3.7325
1359,3.7325
1360,3.7327
1361,3.7327
1362,3.7329
1363,3.7329
1364,3.733
1365,3.733
1366,3.7332
1367,3.7333
1368,3.7333
1369,3.7335
1370,3.7335
1371,3.7337
1372,3.7337
1373,3.7338
1374,3.734
1375,3.734
1376,3.7341
1377,3.7341
1378,3.7343
1379,3.7343
1380,3.7345
1381,3.7346
1382,3.7346
1383,3.7348
1384,3.7348
1385,3.7349
1386,3.7349
1387,3.7351
1388,3.7352
1389,3.7352
1390,3.7354
1391,3.7354
1392,3.7356
1393,3.7356
1394,3.7357
1395,3.7357
1396,3.7359
1397,3.736
1398,3.736
1399,3.7362
1400,3.7362
1401,3.7364
1402,3.7365
1403,3.7365
1404,3.7367
1405,3.7367
1406,3.7368
1407,3.737
1408,3.737
1409,3.7372
1410,3.7372
1411,3.7373
1412,3.7375
1413,3.7375
1414,3.7376
1415,3.7376
1416,3.7378
1417,3.7379
1418,3.7379
1419,3.7381
1420,3.7381
1421,3.7383
1422,3.7384
1423,3.7384
1424,3.7386
1425,3.7386
1426,3.7387
1427,3.7389
1428,3.7389
1429,3.7391
1430,3.7392
1431,3.7392
1432,3.7394
1433,3.7394
1434,3.7395
1435,3.7395
1436,3.7397
1437,3.7399
1438,3.7399
1439,3.74
1440,3.7402
1441,3.7402
1442,3.7403
1443,3.7403
1444,3.7405
1445,3.7406
1446,3.7406
1447,3.7408
1448,3.7408
1449,3.741
1450,3.7411
1451,3.7411
1452,3.7413
1453,3.7414
1454,3.7414
1455,3.7416
1456,3.7416
1457,3.7418
1458,3.7419
1459,3.7419
1460,3.7421
1461,3.7422
1462,3.7422
1463,3.7424
1464,3.7426
1465,3.7426
1466,3.7427
1467,3.7427
1468,3.7429
1469,3.743
1470,3.743
1471,3.7432
1472,3.7433
1473,3.7433
1474,3.7435
1475,3.7437
1476,3.7437
1477,3.7438
1478,3.744
1479,3.744
1480,3.7441
1481,3.7443
1482,3.7443
1483,3.7445
1484,3.7445
1485,3.7446
1486,3.7448
1487,3.7448
1488,3.7449
1489,3.7451
1490,3.7453
1491,3.7453
1492,3.7454
1493,3.7454
1494,3.7456
1495,3.7457
1496,3.7457
1497,3.7459
1498,3.746
1499,3.746
1500,3.7462
1501,3.7464
1502,3.7464
1503,3.7465
1504,3.7467
1505,3.7468
1506,3.7468
1507,3.747
1508,3.747
1509,3.7472
1510,3.7473
1511,3.7473
1512,3.7475
1513,3.7476
1514,3.7478
1515,3.7478
1516,3.748
1517,3.7481
1518,3.7481
1519,3.7483
1520,3.7484
1521,3.7484
1522,3.7486
1523,3.7487
1524,3.7489
1525,3.7489
1526,3.7491
1527,3.7491
1528,3.7492
1529,3.7494
1530,3.7495
1531,3.7495
1532,3.7497
1533,3.7499
1534,3.75
1535,3.75
1536,3.7502
1537,3.7503
1538,3.7503
1539,3.7505
1540,3.7507
1541,3.7507
1542,3.7508
1543,3.751
1544,3.7511
1545,3.7511
1546,3.7513
1547,3.7514
1548,3.7516
1549,3.7516
1550,3.7518
1551,3.7519
1552,3.7521
1553,3.7521
1554,3.7522
1555,3.7524
1556,3.7524
1557,3.7526
1558,3.7527
1559,3.7527
1560,3.7529
1561,3.753
1562,3.7532
1563,3.7532
1564,3.7534
1565,3.7535
1566,3.7537
1567,3.7537
1568,3.7538
1569,3.754
1570,3.7541
1571,3.7541
1572,3.7543
1573,3.7545
1574,3.7545
1575,3.7546
1576,3.7548
1577,3.7549
1578,3.7551
1579,3.7551
1580,3.7553
1581,3.7554
1582,3.7556
1583,3.7556
1584,3.7557
1585,3.7559
1586,3.7561
1587,3.7561
1588,3.7562
1589,3.7564
1590,3.7565
1591,3.7567
1592,3.7567
1593,3.7569
1594,3.757
1595,3.7572
1596,3.7572
1597,3.7573
1598,3.7575
1599,3.7576
1600,3.7576
1601,3.7578
1602,3.758
1603,3.7581
1604,3.7583
1605,3.7583
1606,3.7584
1607,3.7586
1608,3.7588
1609,3.7588
1610,3.7589
1611,3.7591
1612,3.7592
1613,3.7594
1614,3.7594
1615,3.7596
1616,3.7597
1617,3.7599
1618,3.76
1619,3.76
1620,3.7602
1621,3.7603
1622,3.7605
1623,3.7607
1624,3.7607
1625,3.7608
1626,3.761
1627,3.7611
1628,3.7613
1629,3.7613
1630,3.7615
1631,3.7616
1632,3.7618
1633,3.7619
1634,3.7619
1635,3.7621
1636,3.7623
1637,3.7624
1638,3.7626
1639,3.7627
1640,3.7627
1641,3.7629
1642,3.763
1643,3.7632
1644,3.7634
1645,3.7634
1646,3.7635
1647,3.7637
1648,3.7638
1649,3.764
1650,3.7642
1651,3.7642
1652,3.7643
1653,3.7645
1654,3.7646
1655,3.7648
1656,3.765
1657,3.765
1658,3.7651
1659,3.7653
1660,3.7654
1661,3.7656
1662,3.7657
1663,3.7657
1664,3.7659
1665,3.7661
1666,3.7662
1667,3.7664
1668,3.7665
1669,3.7665
1670,3.7667
1671,3.7669
1672,3.767
1673,3.7672
1674,3.7673
1675,3.7675
1676,3.7675
1677,3.7677
1678,3.7678
1679,3.768
1680,3.7681
1681,3.7683
1682,3.7684
1683,3.7684
1684,3.7686
1685,3.7688
1686,3.7689
1687,3.7691
1688,3.7692
1689,3.7694
1690,3.7694
1691,3.7696
1692,3.7697
1693,3.7699
1694,3.77
1695,3.7702
1696,3.7704
1697,3.7705
1698,3.7705
1699,3.7707
1700,3.7708
1701,3.771
1702,3.7711
1703,3.7713
1704,3.7715
1705,3.7716
1706,3.7716
1707,3.7718
1708,3.7719
1709,3.7721
1710,3.7723
1711,3.7724
1712,3.7726
1713,3.7727
1714,3.7729
1715,3.7729
1716,3.7731
1717,3.7732
1718,3.7734
1719,3.7735
1720,3.7737
1721,3.7738
1722,3.774
1723,3.7742
1724,3.7743
1725,3.7743
1726,3.7745
1727,3.7746
1728,3.7748
1729,3.775
1730,3.7751
1731,3.7753
1732,3.7754
1733,3.7756
1734,3.7758
1735,3.7758
1736,3.7759
1737,3.7761
1738,3.7762
1739,3.7764
1740,3.7765
1741,3.7767
1742,3.7769
1743,3.777
1744,3.7772
1745,3.7773
1746,3.7775
1747,3.7775
1748,3.7777
1749,3.7778
1750,3.778
1751,3.7781
1752,3.7783
1753,3.7785
1754,3.7786
1755,3.7788
1756,3.7789
1757,3.7791
1758,3.7793
1759,3.7794
1760,3.7794
1761,3.7796
1762,3.7797
1763,3.7799
1764,3.78
1765,3.7802
1766,3.7804
1767,3.7805
1768,3.7807
1769,3.7808
1770,3.781
1771,3.7812
1772,3.7813
1773,3.7815
1774,3.7816
1775,3.7818
1776,3.782
1777,3.782
1778,3.7823
1779,3.7823
1780,3.7824
1781,3.7826
1782,3.7827
1783,3.7829
1784,3.7831
1785,3.7832
1786,3.7834
1787,3.7835
1788,3.7837
1789,3.7839
1790,3.784
1791,3.7842
1792,3.7843
1793,3.7845
1794,3.7847
1795,3.7848
1796,3.785
1797,3.7851
1798,3.7853
1799,3.7854
1800,3.7854
1801,3.7856
1802,3.7859
1803,3.7859
1804,3.7861
1805,3.7862
1806,3.7864
1807,3.7866
1808,3.7867
1809,3.7869
1810,3.787
1811,3.7872
1812,3.7874
1813,3.7875
1814,3.7877
1815,3.7878
1816,3.788
1817,3.7881
1818,3.7883
1819,3.7885
1820,3.7886
1821,3.7888
1822,3.7889
1823,3.7891
1824,3.7893
1825,3.7894
1826,3.7896
1827,3.7897
1828,3.7899
1829,3.7901
1830,3.7902
1831,3.7904
1832,3.7905
1833,3.7907
1834,3.7908
1835,3.791
1836,3.7912
1837,3.7913
1838,3.7915
1839,3.7916
1840,3.7918
1841,3.792
1842,3.7921
1843,3.7923
1844,3.7924
1845,3.7926
1846,3.7928
1847,3.7929
1848,3.7931
1849,3.7932
1850,3.7934
1851,3.7935
1852,3.7937
1853,3.7939
1854,3.794
1855,3.7942
1856,3.7943
1857,3.7945
1858,3.7947
1859,3.7948
1860,3.795
1861,3.7951
1862,3.7953
1863,3.7955
1864,3.7956
1865,3.7958
1866,3.7959
1867,3.7961
1868,3.7964
1869,3.7964
1870,3.7967
1871,3.7969
1872,3.797
1873,3.7972
1874,3.7974
1875,3.7975
1876,3.7977
1877,3.7978
1878,3.798
1879,3.7982
1880,3.7983
1881,3.7985
1882,3.7986
1883,3.7988
1884,3.799
1885,3.7991
1886,3.7993
1887,3.7994
1888,3.7996
1889,3.7997
1890,3.7999
1891,3.8002
1892,3.8004
1893,3.8005
1894,3.8007
1895,3.8009
1896,3.801
1897,3.8012
1898,3.8013
1899,3.8015
1900,3.8017
1901,3.8018
1902,3.802
1903,3.8021
1904,3.8023
1905,3.8024
1906,3.8028
1907,3.8029
1908,3.8031
1909,3.8032
1910,3.8034
1911,3.8036
1912,3.8037
1913,3.8039
1914,3.804
1915,3.8042
1916,3.8044
1917,3.8045
1918,3.8048
1919,3.805
1920,3.8051
1921,3.8053
1922,3.8055
1923,3.8056
1924,3.8058
1925,3.8059
1926,3.8061
1927,3.8063
1928,3.8066
1929,3.8067
1930,3.8069
1931,3.8071
1932,3.8072
1933,3.8074
1934,3.8075
1935,3.8077
1936,3.8078
1937,3.808
1938,3.8083
1939,3.8085
1940,3.8086
1941,3.8088
1942,3.809
1943,3.8091
1944,3.8093
1945,3.8094
1946,3.8098
1947,3.8099
1948,3.8101
1949,3.8102
1950,3.8104
1951,3.8105
1952,3.8107
1953,3.811
1954,3.8112
1955,3.8113
1956,3.8115
1957,3.8117
1958,3.8118
1959,3.812
1960,3.8123
1961,3.8125
1962,3.8126
1963,3.8128
1964,3.8129
1965,3.8131
1966,3.8132
1967,3.8136
1968,3.8137
1969,3.8139
1970,3.814
1971,3.8142
1972,3.8144
1973,3.8147
1974,3.8148
1975,3.815
1976,3.8152
1977,3.8153
1978,3.8156
1979,3.8158
1980,3.8159
1981,3.8161
1982,3.8163
1983,3.8164
1984,3.8167
1985,3.8169
1986,3.8171
1987,3.8172
1988,3.8174
1989,3.8177
1990,3.8179
1991,3.818
1992,3.8182
1993,3.8183
1994,3.8187
1995,3.8188
1996,3.819
1997,3.8191
1998,3.8193
1999,3.8194
2000,3.8198
2001,3.8199
2002,3.8201
2003,3.8202
2004,3.8206
2005,3.8207
2006,3.8209
2007,3.821
2008,3.8212
2009,3.8215
2010,3.8217
2011,3.8218
2012,3.822
2013,3.8223
2014,3.8225
2015,3.8226
2016,3.8228
2017,3.8231
2018,3.8233
2019,3.8234
2020,3.8236
2021,3.8239
2022,3.8241
2023,3.8242
2024,3.8244
2025,3.8245
2026,3.8248
2027,3.825
2028,3.8252
2029,3.8255
2030,3.8256
2031,3.8258
2032,3.826
2033,3.8263
2034,3.8264
2035,3.8266
2036,3.8268
2037,3.8271
2038,3.8272
2039,3.8274
2040,3.8277
2041,3.8279
2042,3.828
2043,3.8282
2044,3.8285
2045,3.8287
2046,3.8288
2047,3.8291
2048,3.8293
2049,3.8295
2050,3.8298
2051,3.8299
2052,3.8301
2053,3.8302
2054,3.8306
2055,3.8307
2056,3.8309
2057,3.8312
2058,3.8314
2059,3.8315
2060,3.8318
2061,3.832
2062,3.8322
2063,3.8323
2064,3.8326
2065,3.8328
2066,3.8331
2067,3.8333
2068,3.8334
2069,3.8336
2070,3.8339
2071,3.8341
2072,3.8342
2073,3.8345
2074,3.8347
2075,3.835
2076,3.8352
2077,3.8353
2078,3.8355
2079,3.8358
2080,3.836
2081,3.8363
2082,3.8364
2083,3.8366
2084,3.8369
2085,3.8371
2086,3.8372
2087,3.8376
2088,3.8377
2089,3.8379
2090,3.8382
2091,3.8384
2092,3.8387
2093,3.8388
2094,3.839
2095,3.8393
2096,3.8395
2097,3.8398
2098,3.8399
2099,3.8401
2100,3.8404
2101,3.8406
2102,3.8409
2103,3.8411
2104,3.8412
2105,3.8415
2106,3.8417
2107,3.842
2108,3.8422
2109,3.8423
2110,3.8426
2111,3.8428
2112,3.8431
2113,3.8433
2114,3.8434
2115,3.8438
2116,3.8439
2117,3.8442
2118,3.8444
2119,3.8445
2120,3.8449
2121,3.845
2122,3.8453
2123,3.8455
2124,3.8458
2125,3.846
2126,3.8461
2127,3.8465
2128,3.8466
2129,3.8469
2130,3.8471
2131,3.8474
2132,3.8476
2133,3.8477
2134,3.848
2135,3.8482
2136,3.8485
2137,3.8487
2138,3.849
2139,3.8492
2140,3.8495
2141,3.8496
2142,3.8498
2143,3.8501
2144,3.8503
2145,3.8506
2146,3.8507
2147,3.8511
2148,3.8512
2149,3.8515
2150,3.8517
2151,3.852
2152,3.8522
2153,3.8525
2154,3.8526
2155,3.853
2156,3.8531
2157,3.8534
2158,3.8536
2159,3.8538
2160,3.8541
2161,3.8542
2162,3.8546
2163,3.8547
2164,3.855
2165,3.8552
2166,3.8555
2167,3.8557
2168,3.856
2169,3.8561
2170,3.8565
2171,3.8566
2172,3.8569
2173,3.8571
2174,3.8574
2175,3.8576
2176,3.8579
2177,3.8581
2178,3.8584
2179,3.8585
2180,3.8588
2181,3.859
2182,3.8593
2183,3.8595
2184,3.8598
2185,3.86
2186,3.8603
2187,3.8604
2188,3.8608
2189,3.8609
2190,3.8612
2191,3.8614
2192,3.8617
2193,3.8619
2194,3.8622
2195,3.8623
2196,3.8627
2197,3.8628
2198,3.8631
2199,3.8633
2200,3.8636
2201,3.8638
2202,3.8641
2203,3.8642
2204,3.8646
2205,3.8647
2206,3.865
2207,3.8652
2208,3.8655
2209,3.8657
2210,3.866
2211,3.8662
2212,3.8665
2213,3.8666
2214,3.8669
2215,3.8673
2216,3.8674
2217,3.8677
2218,3.8679
2219,3.8682
2220,3.8684
2221,3.8687
2222,3.8689
2223,3.8692
2224,3.8693
2225,3.8696
2226,3.8698
2227,3.8701
2228,3.8703
2229,3.8706
2230,3.8708
2231,3.8711
2232,3.8712
2233,3.8716
2234,3.8717
2235,3.872
2236,3.8722
2237,3.8725
2238,3.8727
2239,3.873
2240,3.8731
2241,3.8735
2242,3.8736
2243,3.8739
2244,3.8743
2245,3.8744
2246,3.8747
2247,3.8749
2248,3.875
2249,3.8754
2250,3.8757
2251,3.8758
2252,3.876
2253,3.8763
2254,3.8766
2255,3.8768
2256,3.8771
2257,3.8773
2258,3.8776
2259,3.8778
2260,3.8781
2261,3.8782
2262,3.8785
2263,3.8787
2264,3.879
2265,3.8792
2266,3.8795
2267,3.8797
2268,3.88
2269,3.8801
2270,3.8805
2271,3.8806
2272,3.8809
2273,3.8811
2274,3.8814
2275,3.8816
2276,3.8819
2277,3.882
2278,3.8824
2279,3.8825
2280,3.8828
2281,3.883
2282,3.8833
2283,3.8835
2284,3.8838
2285,3.8839
2286,3.8843
2287,3.8844
2288,3.8847
2289,3.8849
2290,3.8852
2291,3.8854
2292,3.8857
2293,3.8859
2294,3.8862
2295,3.8863
2296,3.8866
2297,3.8868
2298,3.8871
2299,3.8873
2300,3.8876
2301,3.8878
2302,3.8879
2303,3.8882
2304,3.8884
2305,3.8887
2306,3.8889
2307,3.8892
2308,3.8893
2309,3.8897
2310,3.8898
2311,3.8901
2312,3.8903
2313,3.8906
2314,3.8908
2315,3.8911
2316,3.8913
2317,3.8916
2318,3.8917
2319,3.892
2320,3.8922
2321,3.8925
2322,3.8927
2323,3.8928
2324,3.8932
2325,3.8933
2326,3.8936
2327,3.8938
2328,3.8941
2329,3.8943
2330,3.8946
2331,3.8947
2332,3.8951
2333,3.8952
2334,3.8955
2335,3.8957
2336,3.896
2337,3.8962
2338,3.8963
2339,3.8967
2340,3.8968
2341,3.8971
2342,3.8973
2343,3.8976
2344,3.8978
2345,3.8981
2346,3.8982
2347,3.8986
2348,3.8987
2349,3.8989
2350,3.8992
2351,3.8994
2352,3.8997
2353,3.8998
2354,3.9002
2355,3.9003
2356,3.9006
2357,3.9008
2358,3.9011
2359,3.9013
2360,3.9014
2361,3.9017
2362,3.9019
2363,3.9022
2364,3.9024
2365,3.9027
2366,3.9029
2367,3.9032
2368,3.9033
2369,3.9036
2370,3.9038
2371,3.9041
2372,3.9043
2373,3.9044
2374,3.9048
2375,3.9049
2376,3.9052
2377,3.9054
2378,3.9057
2379,3.9059
2380,3.9062
2381,3.9063
2382,3.9067
2383,3.9068
2384,3.907
2385,3.9073
2386,3.9075
2387,3.9078
2388,3.9079
2389,3.9083
2390,3.9084
2391,3.9087
2392,3.9089
2393,3.909
2394,3.9094
2395,3.9095
2396,3.9098
2397,3.91
2398,3.9103
2399,3.9105
2400,3.9108
2401,3.911
2402,3.9113
2403,3.9114
2404,3.9116
2405,3.9119
2406,3.9121
2407,3.9124
2408,3.9125
2409,3.9129
2410,3.913
2411,3.9133
2412,3.9135
2413,3.9138
2414,3.914
2415,3.9141
2416,3.9144
2417,3.9146
2418,3.9149
2419,3.9151
2420,3.9154
2421,3.9156
2422,3.9159
2423,3.916
2424,3.9164
2425,3.9165
2426,3.9168
2427,3.917
2428,3.9173
2429,3.9175
2430,3.9178
2431,3.9179
2432,3.9183
2433,3.9184
2434,3.9186
2435,3.9189
2436,3.9192
2437,3.9194
2438,3.9195
2439,3.9199
2440,3.92
2441,3.9203
2442,3.9205
2443,3.9208
2444,3.921
2445,3.9213
2446,3.9214
2447,3.9218
2448,3.9219
2449,3.9222
2450,3.9224
2451,3.9227
2452,3.9229
2453,3.9232
2454,3.9233
2455,3.9237
2456,3.9238
2457,3.9241
2458,3.9243
2459,3.9246
2460,3.9248
2461,3.9251
2462,3.9253
2463,3.9256
2464,3.9259
2465,3.926
2466,3.9264
2467,3.9265
2468,3.9268
2469,3.927
2470,3.9273
2471,3.9275
2472,3.9278
2473,3.928
2474,3.9283
2475,3.9284
2476,3.9287
2477,3.9289
2478,3.9292
2479,3.9294
2480,3.9297
2481,3.93
2482,3.9302
2483,3.9305
2484,3.9307
2485,3.931
2486,3.9311
2487,3.9314
2488,3.9316
2489,3.9319
2490,3.9321
2491,3.9324
2492,3.9327
2493,3.9329
2494,3.9332
2495,3.9334
2496,3.9337
2497,3.9338
2498,3.9341
2499,3.9345
2500,3.9346
2501,3.9349
2502,3.9351
2503,3.9354
2504,3.9357
2505,3.9359
2506,3.9362
2507,3.9364
2508,3.9367
2509,3.9368
2510,3.9372
2511,3.9375
2512,3.9376
2513,3.938
2514,3.9381
2515,3.9384
2516,3.9388
2517,3.9389
2518,3.9392
2519,3.9394
2520,3.9397
2521,3.94
2522,3.9402
2523,3.9405
2524,3.9407
2525,3.941
2526,3.9413
2527,3.9415
2528,3.9418
2529,3.9421
2530,3.9423
2531,3.9426
2532,3.9427
2533,3.943
2534,3.9434
2535,3.9435
2536,3.9438
2537,3.9442
2538,3.9443
2539,3.9446
2540,3.9448
2541,3.9451
2542,3.9454
2543,3.9456
2544,3.9459
2545,3.9462
2546,3.9464
2547,3.9467
2548,3.947
2549,3.9472
2550,3.9475
2551,3.9478
2552,3.948
2553,3.9483
2554,3.9486
2555,3.9488
2556,3.9491
2557,3.9494
2558,3.9496
2559,3.9499
2560,3.9502
2561,3.9504
2562,3.9507
2563,3.951
2564,3.9511
2565,3.9515
2566,3.9518
2567,3.9519
2568,3.9523
2569,3.9526
2570,3.9529
2571,3.9531
2572,3.9534
2573,3.9535
2574,3.9538
2575,3.9542
2576,3.9543
2577,3.9546
2578,3.955
2579,3.9551
2580,3.9554
2581,3.9558
2582,3.9561
2583,3.9562
2584,3.9565
2585,3.9569
2586,3.957
2587,3.9573
2588,3.9577
2589,3.9578
2590,3.9581
2591,3.9585
2592,3.9588
2593,3.9589
2594,3.9593
2595,3.9596
2596,3.9597
2597,3.96
2598,3.9604
2599,3.9607
2600,3.9608
2601,3.9612
2602,3.9615
2603,3.9616
2604,3.962
2605,3.9623
2606,3.9626
2607,3.9627
2608,3.9631
2609,3.9634
2610,3.9635
2611,3.9639
2612,3.9642
2613,3.9643
2614,3.9647
2615,3.965
2616,3.9653
2617,3.9654
2618,3.9658
2619,3.9661
2620,3.9662
2621,3.9666
2622,3.9669
2623,3.967
2624,3.9674
2625,3.9677
2626,3.968
2627,3.9681
2628,3.9685
2629,3.9688
2630,3.9689
2631,3.9693
2632,3.9696
2633,3.9699
2634,3.9701
2635,3.9704
2636,3.9707
2637,3.9708
2638,3.9712
2639,3.9715
2640,3.9716
2641,3.972
2642,3.9723
2643,3.9726
2644,3.9728
2645,3.9731
2646,3.9734
2647,3.9735
2648,3.9739
2649,3.9742
2650,3.9743
2651,3.9747
2652,3.975
2653,3.9751
2654,3.9755
2655,3.9758
2656,3.9761
2657,3.9762
2658,3.9766
2659,3.9767
2660,3.977
2661,3.9774
2662,3.9777
2663,3.9778
2664,3.9782
2665,3.9783
2666,3.9786
2667,3.9789
2668,3.9791
2669,3.9794
2670,3.9797
2671,3.9799
2672,3.9802
2673,3.9805
2674,3.9807
2675,3.981
2676,3.9812
2677,3.9815
2678,3.9818
2679,3.982
2680,3.9823
2681,3.9826
2682,3.9828
2683,3.9831
2684,3.9832
2685,3.9836
2686,3.9839
2687,3.984
2688,3.9844
2689,3.9845
2690,3.9848
2691,3.9851
2692,3.9853
2693,3.9856
2694,3.9858
2695,3.9861
2696,3.9864
2697,3.9866
2698,3.9869
2699,3.9871
2700,3.9874
2701,3.9875
2702,3.9878
2703,3.9882
2704,3.9883
2705,3.9886
2706,3.9888
2707,3.9891
2708,3.9893
2709,3.9896
2710,3.9898
2711,3.9901
2712,3.9902
2713,3.9905
2714,3.9907
2715,3.991
2716,3.9912
2717,3.9915
2718,3.9917
2719,3.992
2720,3.9921
2721,3.9925
2722,3.9926
2723,3.9929
2724,3.9931
2725,3.9934
2726,3.9936
2727,3.9939
2728,3.994
2729,3.9944
2730,3.9945
2731,3.9948
2732,3.995
2733,3.9953
2734,3.9955
2735,3.9958
2736,3.9959
2737,3.9961
2738,3.9964
2739,3.9966
2740,3.9969
2741,3.9971
2742,3.9972
2743,3.9975
2744,3.9977
2745,3.998
2746,3.9982
2747,3.9983
2748,3.9987
2749,3.9988
2750,3.9991
2751,3.9993
2752,3.9994
2753,3.9998
2754,3.9999
2755,4.0001
2756,4.0004
2757,4.0006
2758,4.0007
2759,4.001
2760,4.0012
2761,4.0014
2762,4.0017
2763,4.0018
2764,4.002
2765,4.0023
2766,4.0025
2767,4.0026
2768,4.0029
2769,4.0031
2770,4.0033
2771,4.0036
2772,4.0037
2773,4.0039
2774,4.0042
2775,4.0044
2776,4.0045
2777,4.0047
2778,4.005
2779,4.0052
2780,4.0053
2781,4.0055
2782,4.0058
2783,4.006
2784,4.0061
2785,4.0063
2786,4.0066
2787,4.0068
2788,4.0069
2789,4.0071
2790,4.0074
2791,4.0075
2792,4.0077
2793,4.0079
2794,4.0082
2795,4.0083
2796,4.0085
2797,4.0087
2798,4.0088
2799,4.009
2800,4.0093
2801,4.0095
2802,4.0096
2803,4.0098
2804,4.0099
2805,4.0101
2806,4.0104
2807,4.0106
2808,4.0107
2809,4.0109
2810,4.011
2811,4.0112
2812,4.0115
2813,4.0117
2814,4.0118
2815,4.012
2816,4.0122
2817,4.0123
2818,4.0125
2819,4.0128
2820,4.0129
2821,4.0131
2822,4.0133
2823,4.0134
2824,4.0136
2825,4.0137
2826,4.0139
2827,4.0141
2828,4.0144
2829,4.0145
2830,4.0147
2831,4.0149
2832,4.015
2833,4.0152
2834,4.0153
2835,4.0155
2836,4.0156
2837,4.0158
2838,4.016
2839,4.0163
2840,4.0164
2841,4.0166
2842,4.0168
2843,4.0169
2844,4.0171
2845,4.0172
2846,4.0174
2847,4.0176
2848,4.0177
2849,4.0179
2850,4.018
2851,4.0182
2852,4.0183
2853,4.0185
2854,4.0187
2855,4.0188
2856,4.019
2857,4.0191
2858,4.0193
2859,4.0195
2860,4.0196
2861,4.0198
2862,4.0199
2863,4.0203
2864,4.0204
2865,4.0204
2866,4.0207
2867,4.0209
2868,4.0211
2869,4.0212
2870,4.0214
2871,4.0215
2872,4.0217
2873,4.0218
2874,4.022
2875,4.0222
2876,4.0223
2877,4.0225
2878,4.0226
2879,4.0228
2880,4.023
2881,4.0231
2882,4.0233
2883,4.0234
2884,4.0236
2885,4.0238
2886,4.0239
2887,4.0241
2888,4.0242
2889,4.0244
2890,4.0245
2891,4.0247
2892,4.0249
2893,4.025
2894,4.0252
2895,4.0253
2896,4.0255
2897,4.0257
2898,4.0258
2899,4.026
2900,4.0261
2901,4.0263
2902,4.0265
2903,4.0266
2904,4.0268
2905,4.0269
2906,4.0271
2907,4.0272
2908,4.0274
2909,4.0276
2910,4.0277
2911,4.0277
2912,4.028
2913,4.0282
2914,4.0284
2915,4.0285
2916,4.0287
2917,4.0288
2918,4.029
2919,4.0292
2920,4.0293
2921,4.0295
2922,4.0296
2923,4.0298
2924,4.0299
2925,4.0301
2926,4.0303
2927,4.0304
2928,4.0306
2929,4.0307
2930,4.0309
2931,4.0311
2932,4.0312
2933,4.0314
2934,4.0315
2935,4.0317
2936,4.0319
2937,4.032
2938,4.0322
2939,4.0323
2940,4.0325
2941,4.0326
2942,4.0328
2943,4.033
2944,4.0331
2945,4.0333
2946,4.0334
2947,4.0336
2948,4.0338
2949,4.0339
2950,4.0341
2951,4.0342
2952,4.0346
2953,4.0347
2954,4.0349
2955,4.035
2956,4.0352
2957,4.0353
2958,4.0355
2959,4.0357
2960,4.0358
2961,4.036
2962,4.0361
2963,4.0363
2964,4.0365
2965,4.0368
2966,4.0369
2967,4.0371
2968,4.0373
2969,4.0374
2970,4.0376
2971,4.0377
2972,4.0379
2973,4.0382
2974,4.0384
2975,4.0385
2976,4.0387
2977,4.0388
2978,4.039
2979,4.0392
2980,4.0393
2981,4.0396
2982,4.0398
2983,4.04
2984,4.0401
2985,4.0403
2986,4.0404
2987,4.0408
2988,4.0409
2989,4.0411
2990,4.0412
2991,4.0414
2992,4.0417
2993,4.0419
2994,4.042
2995,4.0422
2996,4.0425
2997,4.0427
2998,4.0428
2999,4.043
3000,4.0431
3001,4.0435
3002,4.0436
3003,4.0438
3004,4.0441
3005,4.0442
3006,4.0444
3007,4.0446
3008,4.0449
3009,4.045
3010,4.0452
3011,4.0455
3012,4.0457
3013,4.0458
3014,4.0462
3015,4.0463
3016,4.0465
3017,4.0468
3018,4.0469
3019,4.0471
3020,4.0473
3021,4.0476
3022,4.0477
3023,4.0481
3024,4.0482
3025,4.0484
3026,4.0487
3027,4.0489
3028,4.0492
3029,4.0493
3030,4.0495
3031,4.0498
3032,4.05
3033,4.0503
3034,4.0504
3035,4.0506
3036,4.0509
3037,4.0511
3038,4.0514
3039,4.0516
3040,4.0519
3041,4.052
3042,4.0523
3043,4.0525
3044,4.0528
3045,4.053
3046,4.0533
3047,4.0535
3048,4.0538
3049,4.0539
3050,4.0543
3051,4.0544
3052,4.0547
3053,4.0549
3054,4.0552
3055,4.0554
3056,4.0557
3057,4.056
3058,4.0562
3059,4.0565
3060,4.0566
3061,4.057
3062,4.0573
3063,4.0574
3064,4.0578
3065,4.0579
3066,4.0582
3067,4.0585
3068,4.0587
3069,4.059
3070,4.0593
3071,4.0595
3072,4.0598
3073,4.0601
3074,4.0603
3075,4.0606
3076,4.0609
3077,4.0611
3078,4.0614
3079,4.0617
3080,4.0619
3081,4.0622
3082,4.0625
3083,4.0628
3084,4.063
3085,4.0633
3086,4.0636
3087,4.0638
3088,4.0641
3089,4.0644
3090,4.0647
3091,4.0649
3092,4.0652
3093,4.0655
3094,4.0659
3095,4.0662
3096,4.0663
3097,4.0666
3098,4.067
3099,4.0673
3100,4.0676
3101,4.0678
3102,4.0681
3103,4.0684
3104,4.0687
3105,4.069
3106,4.0692
3107,4.0695
3108,4.0698
3109,4.0701
3110,4.0705
3111,4.0708
3112,4.0711
3113,4.0713
3114,4.0716
3115,4.0719
3116,4.0722
3117,4.0725
3118,4.0728
3119,4.0732
3120,4.0733
3121,4.0736
3122,4.074
3123,4.0743
3124,4.0746
3125,4.0749
3126,4.0752
3127,4.0755
3128,4.0759
3129,4.0762
3130,4.0765
3131,4.0767
3132,4.077
3133,4.0773
3134,4.0776
3135,4.0779
3136,4.0782
3137,4.0786
3138,4.0789
3139,4.0792
3140,4.0795
3141,4.0798
3142,4.08
3143,4.0803
3144,4.0806
3145,4.0809
3146,4.0813
3147,4.0816
3148,4.0819
3149,4.0822
3150,4.0825
3151,4.0829
3152,4.0832
3153,4.0835
3154,4.0838
3155,4.0841
3156,4.0844
3157,4.0848
3158,4.0851
3159,4.0852
3160,4.0857
3161,4.086
3162,4.0862
3163,4.0865
3164,4.0868
3165,4.0871
3166,4.0875
3167,4.0878
3168,4.0881
3169,4.0884
3170,4.0887
3171,4.089
3172,4.0894
3173,4.0897
3174,4.09
3175,4.0903
3176,4.0906
3177,4.091
3178,4.0913
3179,4.0916
3180,4.0917
3181,4.0922
3182,4.0924
3183,4.0927
3184,4.093
3185,4.0933
3186,4.0937
3187,4.094
3188,4.0943
3189,4.0946
3190,4.0949
3191,4.0952
3192,4.0956
3193,4.0959
3194,4.0962
3195,4.0965
3196,4.0968
3197,4.0971
3198,4.0973
3199,4.0976
3200,4.0979
3201,4.0983
3202,4.0986
3203,4.0989
3204,4.0992
3205,4.0995
3206,4.0998
3207,4.1002
3208,4.1005
3209,4.1006
3210,4.101
3211,4.1013
3212,4.1016
3213,4.1019
3214,4.1022
3215,4.1026
3216,4.1029
3217,4.1032
3218,4.1033
3219,4.1037
3220,4.104
3221,4.1043
3222,4.1046
3223,4.1049
3224,4.1053
3225,4.1056
3226,4.1057
3227,4.106
3228,4.1064
3229,4.1067
3230,4.107
3231,4.1073
3232,4.1076
3233,4.1078
3234,4.1081
3235,4.1084
3236,4.1087
3237,4.1091
3238,4.1092
3239,4.1095
3240,4.1099
3241,4.1102
3242,4.1105
3243,4.1107
3244,4.111
3245,4.1113
3246,4.1116
3247,4.1119
3248,4.1121
3249,4.1124
3250,4.1127
3251,4.113
3252,4.1134
3253,4.1135
3254,4.1138
3255,4.1141
3256,4.1143
3257,4.1146
3258,4.1149
3259,4.1153
3260,4.1154
3261,4.1157
3262,4.1161
3263,4.1164
3264,4.1165
3265,4.1168
3266,4.1172
3267,4.1173
3268,4.1176
3269,4.118
3270,4.1181
3271,4.1184
3272,4.1188
3273,4.1191
3274,4.1192
3275,4.1195
3276,4.1197
3277,4.12
3278,4.1203
3279,4.1205
3280,4.1208
3281,4.1211
3282,4.1213
3283,4.1216
3284,4.1219
3285,4.1221
3286,4.1224
3287,4.1226
3288,4.1229
3289,4.1232
3290,4.1234
3291,4.1237
3292,4.1238
3293,4.1242
3294,4.1245
3295,4.1246
3296,4.125
3297,4.1251
3298,4.1254
3299,4.1256
3300,4.1259
3301,4.1261
3302,4.1264
3303,4.1265
3304,4.1269
3305,4.1272
3306,4.1273
3307,4.1277
3308,4.1278
3309,4.128
3310,4.1283
3311,4.1284
3312,4.1288
3313,4.1289
3314,4.1292
3315,4.1294
3316,4.1297
3317,4.1299
3318,4.1302
3319,4.1304
3320,4.1307
3321,4.1308
3322,4.131
3323,4.1313
3324,4.1315
3325,4.1318
3326,4.1319
3327,4.1323
3328,4.1324
3329,4.1326
3330,4.1329
3331,4.1331
3332,4.1332
3333,4.1335
3334,4.1337
3335,4.134
3336,4.1342
3337,4.1343
3338,4.1346
3339,4.1348
3340,4.135
3341,4.1353
3342,4.1354
3343,4.1356
3344,4.1359
3345,4.1361
3346,4.1362
3347,4.1365
3348,4.1367
3349,4.1369
3350,4.137
3351,4.1373
3352,4.1375
3353,4.1377
3354,4.1378
3355,4.1381
3356,4.1383
3357,4.1385
3358,4.1386
3359,4.1389
3360,4.1391
3361,4.1392
3362,4.1394
3363,4.1396
3364,4.1399
3365,4.14
3366,4.1402
3367,4.1404
3368,4.1405
3369,4.1408
3370,4.141
3371,4.1412
3372,4.1413
3373,4.1415
3374,4.1416
3375,4.1418
3376,4.1421
3377,4.1423
3378,4.1424
3379,4.1426
3380,4.1427
3381,4.1429
3382,4.1431
3383,4.1432
3384,4.1435
3385,4.1437
3386,4.1439
3387,4.144
3388,4.1442
3389,4.1443
3390,4.1445
3391,4.1447
3392,4.1448
3393,4.145
3394,4.1451
3395,4.1453
3396,4.1454
3397,4.1456
3398,4.1458
3399,4.1459
3400,4.1462
3401,4.1462
3402,4.1464
3403,4.1467
3404,4.1467
3405,4.1469
3406,4.1472
3407,4.1472
3408,4.1474
3409,4.1475
3410,4.1477
3411,4.1478
3412,4.148
3413,4.1481
3414,4.1483
3415,4.1485
3416,4.1486
3417,4.1488
3418,4.1489
3419,4.1491
3420,4.1493
3421,4.1494
3422,4.1496
3423,4.1497
3424,4.1497
3425,4.1499
3426,4.1501
3427,4.1502
3428,4.1504
3429,4.1505
3430,4.1507
3431,4.1507
3432,4.1508
3433,4.151
3434,4.1512
3435,4.1513
3436,4.1515
3437,4.1516
3438,4.1518
3439,4.1518
3440,4.152
3441,4.1521
3442,4.1523
3443,4.1524
3444,4.1524
3445,4.1526
3446,4.1528
3447,4.1529
3448,4.1531
3449,4.1531
3450,4.1532
3451,4.1534
3452,4.1535
3453,4.1535
3454,4.1537
3455,4.1539
3456,4.154
3457,4.154
3458,4.1542
3459,4.1543
3460,4.1545
3461,4.1545
3462,4.1547
3463,4.1548
3464,4.155
3465,4.155
3466,4.1551
3467,4.1553
3468,4.1553
3469,4.1555
3470,4.1556
3471,4.1556
3472,4.1558
3473,4.1559
3474,4.1561
3475,4.1561
3476,4.1562
3477,4.1562
3478,4.1564
3479,4.1566
3480,4.1566
3481,4.1567
3482,4.1569
3483,4.157
3484,4.157
3485,4.1572
3486,4.1572
3487,4.1574
3488,4.1575
3489,4.1575
3490,4.1577
3491,4.1577
3492,4.1578
3493,4.158
3494,4.158
3495,4.1582
3496,4.1583
3497,4.1583
3498,4.1585
3499,4.1585
3500,4.1586
3501,4.1588
3502,4.1588
3503,4.1589
3504,4.1589
3505,4.1591
3506,4.1591
3507,4.1593
3508,4.1594
3509,4.1594
3510,4.1596
3511,4.1596
3512,4.1597
3513,4.1597
3514,4.1599
3515,4.1601
3516,4.1601
3517,4.1602
3518,4.1602
3519,4.1604
3520,4.1604
3521,4.1605
3522,4.1605
3523,4.1607
3524,4.1607
3525,4.1609
3526,4.1609
3527,4.161
3528,4.161
3529,4.1612
3530,4.1613
3531,4.1613
3532,4.1615
3533,4.1615
3534,4.1617
3535,4.1617
3536,4.1618
3537,4.1618
3538,4.162
3539,4.162
3540,4.1621
3541,4.1621
3542,4.1623
3543,4.1623
3544,4.1624
3545,4.1624
3546,4.1626
3547,4.1626
3548,4.1628
3549,4.1628
3550,4.1629
3551,4.1629
3552,4.1629
3553,4.1631
3554,4.1632
3555,4.1632
3556,4.1634
3557,4.1634
3558,4.1634
3559,4.1636
3560,4.1637
3561,4.1637
3562,4.1639
3563,4.1639
3564,4.164
3565,4.164
3566,4.1642
3567,4.1642
3568,4.1644
3569,4.1644
3570,4.1644
3571,4.1645
3572,4.1645
3573,4.1647
3574,4.1648
3575,4.1648
3576,4.165
3577,4.165
3578,4.165
3579,4.1651
3580,4.1653
3581,4.1653
3582,4.1655
3583,4.1655
3584,4.1655
3585,4.1656
3586,4.1656
3587,4.1658
3588,4.1659
3589,4.1659
3590,4.1659
3591,4.1661
3592,4.1663
3593,4.1663
3594,4.1664
3595,4.1664
3596,4.1666
3597,4.1666
3598,4.1667
3599,4.1667
3600,4.1669
3601,4.1669
3602,4.1671
3603,4.1671
3604,4.1672
3605,4.1672
3606,4.1674
3607,4.1674
3608,4.1675
3609,4.1675
3610,4.1677
3611,4.1678
3612,4.1678
3613,4.168
3614,4.168
3615,4.1682
3616,4.1682
3617,4.1683
3618,4.1683
3619,4.1685
3620,4.1685
3621,4.1686
3622,4.1688
3623,4.1688
3624,4.169
3625,4.169
3626,4.1691
3627,4.1691
3628,4.1693
3629,4.1694
3630,4.1694
3631,4.1696
3632,4.1696
3633,4.1698
3634,4.1699
3635,4.1699
3636,4.1701
3637,4.1701
3638,4.1702
3639,4.1702
3640,4.1704
3641,4.1705
3642,4.1705
3643,4.1707
3644,4.1709
3645,4.1709
3646,4.171
3647,4.171
3648,4.1712
3649,4.1713
3650,4.1713
3651,4.1715
3652,4.1717
3653,4.1717
3654,4.1718
3655,4.1718
3656,4.172
3657,4.1721
3658,4.1721
3659,4.1723
3660,4.1725
3661,4.1725
3662,4.1726
3663,4.1728
3664,4.1729
3665,4.1729
3666,4.1731
3667,4.1732
3668,4.1732
3669,4.1734
3670,4.1736
3671,4.1736
3672,4.1737
3673,4.1739
3674,4.174
3675,4.174
3676,4.1742
3677,4.1744
3678,4.1744
3679,4.1745
3680,4.1747
3681,4.1748
3682,4.1748
3683,4.175
3684,4.1752
3685,4.1753
3686,4.1755
3687,4.1755
3688,4.1756
3689,4.1758
3690,4.1759
3691,4.1759
3692,4.1761
3693,4.1763
3694,4.1764
3695,4.1766
3696,4.1767
3697,4.1767
3698,4.1769
3699,4.1771
3700,4.1772
3701,4.1774
3702,4.1775
3703,4.1775
3704,4.1777
3705,4.1779
3706,4.178
3707,4.1782
3708,4.1783
3709,4.1785
3710,4.1786
3711,4.1788
3712,4.1788
3713,4.179
3714,4.1791
3715,4.1793
3716,4.1794
3717,4.1796
3718,4.1798
3719,4.1799
3720,4.1801
3721,4.1802
3722,4.1804
3723,4.1806
3724,4.1807
3725,4.1809
3726,4.181
3727,4.1812
3728,4.1813
3729,4.1815
3730,4.1817
3731,4.1818
3732,4.182
3733,4.1821
3734,4.1823
3735,4.1825
3736,4.1828
3737,4.1829
3738,4.1831
3739,4.1833
3740,4.1834
3741,4.1836
3742,4.1837
3743,4.1839
3744,4.1842
3745,4.1844
3746,4.1845
3747,4.1847
3748,4.185
3749,4.1852
3750,4.1853
3751,4.1855
3752,4.1856
3753,4.186
3754,4.1861
3755,4.1863
3756,4.1866
3757,4.1868
3758,4.1869
3759,4.1871
3760,4.1874
3761,4.1875
3762,4.1877
3763,4.188
3764,4.1882
3765,4.1883
3766,4.1887
3767,4.1888
3768,4.1891
3769,4.1893
3770,4.1896
3771,4.1898
3772,4.1901
3773,4.1902
3774,4.1906
3775,4.1907
3776,4.191
3777,4.1912
3778,4.1915
3779,4.1917
3780,4.192
3781,4.1922
3782,4.1925
3783,4.1926
3784,4.1929
3785,4.1933
3786,4.1936
3787,4.1937
3788,4.1941
3789,4.1944
3790,4.1945
3791,4.1949
3792,4.1952
3793,4.1955
3794,4.1956
3795,4.196
3796,4.1963
3797,4.1966
3798,4.1969
3799,4.1972
3800,4.1976
3801,4.1977
3802,4.198
3803,4.1983
3804,4.1987
3805,4.199
3806,4.1993
3807,4.1996
3808,4.1999
3809,4.2003
3810,4.2006
3811,4.2009
3812,4.2014
3813,4.2017
3814,4.202
3815,4.2023
3816,4.2026
3817,4.203
3818,4.2034
3819,4.2038
3820,4.2041
3821,4.2045
3822,4.2049
3823,4.2052
3824,4.2057
3825,4.206
3826,4.2063
3827,4.2068
3828,4.2071
3829,4.2076
3830,4.2079
3831,4.2084
3832,4.2087
3833,4.2092
3834,4.2096
3835,4.2099
3836,4.2104
3837,4.2107
3838,4.2112
3839,4.2117
3840,4.2122
3841,4.2126
3842,4.213
3843,4.2134
3844,4.2139
3845,4.2144
3846,4.2149
3847,4.2153
3848,4.2158
3849,4.2163
3850,4.2168
3851,4.2173
3852,4.2177
3853,4.2182
3854,4.2187
3855,4.2192
3856,4.2198
3857,4.2203
3858,4.2208
3859,4.2212
3860,4.2219
3861,4.2223
3862,4.2228
3863,4.2235
3864,4.2239
3865,4.2246
3866,4.225
3867,4.2257
3868,4.2262
3869,4.2268
3870,4.2274
3871,4.2279
3872,4.2285
3873,4.2292
3874,4.2298
3875,4.2303
3876,4.2309
3877,4.2316
3878,4.2322
3879,4.2328
3880,4.2335
3881,4.2341
3882,4.2347
3883,4.2354
3884,4.236
3885,4.2366
3886,4.2374
3887,4.2381
3888,4.2387
3889,4.2393
3890,4.2401
3891,4.2408
3892,4.2414
3893,4.2422
3894,4.2428
3895,4.2436
3896,4.2443
3897,4.2451
3898,4.2457
3899,4.2465
3900,4.2473
3901,4.2481
3902,4.2487
3903,4.2495
3904,4.2503
3905,4.2511
3906,4.2519
3907,4.2527
3908,4.2535
3909,4.2543
3910,4.2551
3911,4.2559
3912,4.2567
3913,4.2574
3914,4.2582
3915,4.2592
3916,4.26
3917,4.2608
3918,4.2617
3919,4.2625
3920,4.2633
3921,4.2643
3922,4.2651
3923,4.266
3924,4.267
3925,4.2678
3926,4.2687
3927,4.2695
3928,4.2705
3929,4.2714
3930,4.2724
3931,4.2733
3932,4.2741
3933,4.2751
3934,4.276
3935,4.277
3936,4.2779
3937,4.2789
3938,4.2798
3939,4.281
3940,4.2819
3941,4.2829
3942,4.2838
3943,4.2849
3944,4.2859
3945,4.2868
3946,4.2878
3947,4.2889
3948,4.2899
3949,4.291
3950,4.2919
3951,4.293
3952,4.294
3953,4.2951
3954,4.2962
3955,4.2972
3956,4.2983
3957,4.2994
3958,4.2992
3959,4.2992
3960,4.2992
3961,4.2992
3962,4.2992
3963,4.2992
3964,4.2992
3965,4.2972
3966,4.2954
3967,4.2946
3968,4.294
3969,4.2935
3970,4.2932
3971,4.2929
3972,4.2926
3973,4.2922
3974,4.2921
3975,4.2918
3976,4.2916
3977,4.2915
3978,4.2913
3979,4.2911
3980,4.291
3981,4.2908
3982,4.2907
3983,4.2905
3984,4.2905
3985,4.2903
3986,4.2902
3987,4.29
3988,4.29
3989,4.2899
3990,4.2897
3991,4.2897
3992,4.2895
3993,4.2895
3994,4.2894
3995,4.2894
3996,4.2892
3997,4.2891
3998,4.2891
3999,4.2889
4000,4.2889
4001,4.2888
4002,4.2888
4003,4.2888
4004,4.2886
4005,4.2886
4006,4.2884
4007,4.2884
4008,4.2883
4009,4.2883
4010,4.2883
4011,4.2881
4012,4.2881
4013,4.288
4014,4.288
4015,4.288
4016,4.2878
4017,4.2878
4018,4.2878
4019,4.2876
4020,4.2876
4021,4.2875
4022,4.2875
4023,4.2875
4024,4.2873
4025,4.2873
4026,4.2873
4027,4.2872
4028,4.2872
4029,4.2872
4030,4.287
4031,4.287
4032,4.287
4033,4.2868
4034,4.2868
4035,4.2868
4036,4.2868
4037,4.2867
4038,4.2867
4039,4.2867
4040,4.2865
4041,4.2865
4042,4.2865
4043,4.2865
4044,4.2864
4045,4.2864
4046,4.2864
4047,4.2862
4048,4.2862
4049,4.2862
4050,4.2862
4051,4.2861
4052,4.2861
4053,4.2861
4054,4.2861
4055,4.2859
4056,4.2859
4057,4.2859
4058,4.2859
4059,4.2857
4060,4.2857
4061,4.2857
4062,4.2857
4063,4.2857
4064,4.2856
4065,4.2856
4066,4.2856
4067,4.2854
4068,4.2854
4069,4.2854
4070,4.2854
4071,4.2853
4072,4.2853
4073,4.2853
4074,4.2853
4075,4.2853
4076,4.2851
4077,4.2851
4078,4.2851
4079,4.2851
4080,4.2851
4081,4.2851
4082,4.2849
4083,4.2849
4084,4.2849
4085,4.2849
4086,4.2848
4087,4.2848
4088,4.2848
4089,4.2848
4090,4.2848
4091,4.2846
4092,4.2846
4093,4.2846
4094,4.2846
4095,4.2845
4096,4.2845
4097,4.2845
4098,4.2845
4099,4.2845
4100,4.2845
4101,4.2843
4102,4.2843
4103,4.2843
4104,4.2843
4105,4.2843
4106,4.2841
4107,4.2841
4108,4.2841
4109,4.2841
4110,4.2841
4111,4.2841
4112,4.284
4113,4.284
4114,4.284
4115,4.284
4116,4.284
4117,4.284
4118,4.2838
4119,4.2838
4120,4.2838
4121,4.2838
4122,4.2838
4123,4.2838
4124,4.2837
4125,4.2837
4126,4.2837
4127,4.2837
4128,4.2837
4129,4.2835
4130,4.2835
4131,4.2835
4132,4.2835
4133,4.2835
4134,4.2835
4135,4.2834
4136,4.2834
4137,4.2834
4138,4.2834
4139,4.2834
4140,4.2834
4141,4.2832
4142,4.2832
4143,4.2832
4144,4.2832
4145,4.2832
4146,4.2778
4147,4.2738
4148,4.2716
4149,4.2697
4150,4.2679
4151,4.2665
4152,4.2649
4153,4.2635
4154,4.2622
4155,4.2609
4156,4.2597
4157,4.2584
4158,4.2571
4159,4.256
4160,4.2547
4161,4.2536
4162,4.2525
4163,4.2514
4164,4.2503
4165,4.2492
4166,4.2481
4167,4.2471
4168,4.246
4169,4.2451
4170,4.2439
4171,4.243
4172,4.242
4173,4.2409
4174,4.24
4175,4.239
4176,4.2381
4177,4.2371
4178,4.2362
4179,4.2352
4180,4.2344
4181,4.2335
4182,4.2325
4183,4.2317
4184,4.2307
4185,4.23
4186,4.229
4187,4.2282
4188,4.2273
4189,4.2265
4190,4.2257
4191,4.2249
4192,4.2239
4193,4.2231
4194,4.2223
4195,4.2215
4196,4.2207
4197,4.2199
4198,4.2193
4199,4.2185
4200,4.2177
4201,4.2169
4202,4.2163
4203,4.2155
4204,4.2147
4205,4.2141
4206,4.2133
4207,4.2126
4208,4.212
4209,4.2112
4210,4.2106
4211,4.2099
4212,4.2091
4213,4.2085
4214,4.2079
4215,4.2072
4216,4.2066
4217,4.206
4218,4.2053
4219,4.2047
4220,4.2041
4221,4.2034
4222,4.2029
4223,4.2023
4224,4.2017
4225,4.201
4226,4.2006
4227,4.1999
4228,4.1993
4229,4.1988
4230,4.1982
4231,4.1977
4232,4.1971
4233,4.1966
4234,4.1961
4235,4.1955
4236,4.195
4237,4.1945
4238,4.1939
4239,4.1934
4240,4.1929
4241,4.1924
4242,4.192
4243,4.1915
4244,4.191
4245,4.1905
4246,4.1901
4247,4.1896
4248,4.1891
4249,4.1886
4250,4.1882
4251,4.1877
4252,4.1874
4253,4.1869
4254,4.1864
4255,4.1859
4256,4.1856
4257,4.1851
4258,4.1848
4259,4.1843
4260,4.1839
4261,4.1836
4262,4.1831
4263,4.1828
4264,4.1824
4265,4.182
4266,4.1816
4267,4.1812
4268,4.1808
4269,4.1805
4270,4.1801
4271,4.1797
4272,4.1794
4273,4.1791
4274,4.1786
4275,4.1783
4276,4.178
4277,4.1777
4278,4.1774
4279,4.177
4280,4.1767
4281,4.1764
4282,4.1761
4283,4.1758
4284,4.1754
4285,4.1751
4286,4.1748
4287,4.1745
4288,4.1742
4289,4.1739
4290,4.1735
4291,4.1732
4292,4.1731
4293,4.1727
4294,4.1724
4295,4.1721
4296,4.1719
4297,4.1716
4298,4.1713
4299,4.171
4300,4.1708
4301,4.1705
4302,4.1702
4303,4.17
4304,4.1697
4305,4.1696
4306,4.1692
4307,4.1689
4308,4.1688
4309,4.1685
4310,4.1683
4311,4.168
4312,4.1678
4313,4.1675
4314,4.1673
4315,4.1672
4316,4.1669
4317,4.1667
4318,4.1664
4319,4.1662
4320,4.1659
4321,4.1658
4322,4.1656
4323,4.1654
4324,4.1651
4325,4.165
4326,4.1648
4327,4.1645
4328,4.1643
4329,4.1642
4330,4.164
4331,4.1637
4332,4.1635
4333,4.1634
4334,4.1632
4335,4.1631
4336,4.1627
4337,4.1626
4338,4.1624
4339,4.1623
4340,4.1621
4341,4.1619
4342,4.1618
4343,4.1615
4344,4.1613
4345,4.1611
4346,4.161
4347,4.1608
4348,4.1607
4349,4.1605
4350,4.1603
4351,4.1602
4352,4.16
4353,4.1599
4354,4.1597
4355,4.1596
4356,4.1594
4357,4.1592
4358,4.1591
4359,4.1589
4360,4.1588
4361,4.1586
4362,4.1584
4363,4.1583
4364,4.1581
4365,4.158
4366,4.158
4367,4.1578
4368,4.1576
4369,4.1575
4370,4.1573
4371,4.1572
4372,4.157
4373,4.1569
4374,4.1569
4375,4.1567
4376,4.1565
4377,4.1564
4378,4.1562
4379,4.1562
4380,4.1561
4381,4.1559
4382,4.1557
4383,4.1556
4384,4.1556
4385,4.1554
4386,4.1553
4387,4.1551
4388,4.1549
4389,4.1549
4390,4.1548
4391,4.1546
4392,4.1546
4393,4.1545
4394,4.1543
4395,4.1542
4396,4.1542
4397,4.154
4398,4.1538
4399,4.1538
4400,4.1537
4401,4.1535
4402,4.1535
4403,4.1534
4404,4.1532
4405,4.153
4406,4.153
4407,4.1529
4408,4.1527
4409,4.1527
4410,4.1526
4411,4.1526
4412,4.1524
4413,4.1522
4414,4.1522
4415,4.1521
4416,4.1519
4417,4.1519
4418,4.1518
4419,4.1518
4420,4.1516
4421,4.1514
4422,4.1514
4423,4.1513
4424,4.1513
4425,4.1511
4426,4.151
4427,4.151
4428,4.1508
4429,4.1508
4430,4.1507
4431,4.1507
4432,4.1505
4433,4.1503
4434,4.1503
4435,4.1502
4436,4.1502
4437,4.15
4438,4.15
4439,4.1499
4440,4.1499
4441,4.1497
4442,4.1495
4443,4.1495
4444,4.1494
4445,4.1494
4446,4.1492
4447,4.1492
4448,4.1491
4449,4.1491
4450,4.1489
4451,4.1489
4452,4.1487
4453,4.1487
4454,4.1486
4455,4.1486
4456,4.1484
4457,4.1484
4458,4.1483
4459,4.1483
4460,4.1481
4461,4.1481
4462,4.148
4463,4.148
4464,4.1478
4465,4.1478
4466,4.1476
4467,4.1476
4468,4.1475
4469,4.1475
4470,4.1473
4471,4.1473
4472,4.1473
4473,4.1472
4474,4.147
4475,4.147
4476,4.147
4477,4.1468
4478,4.1468
4479,4.1467
4480,4.1467
4481,4.1465
4482,4.1465
4483,4.1464
4484,4.1464
4485,4.1462
4486,4.1462
4487,4.146
4488,4.146
4489,4.146
4490,4.1459
4491,4.1459
4492,4.1457
4493,4.1457
4494,4.1456
4495,4.1456
4496,4.1454
4497,4.1454
4498,4.1454
4499,4.1453
4500,4.1453
4501,4.1451
4502,4.1451
4503,4.1449
4504,4.1449
4505,4.1448
4506,4.1448
4507,4.1446
4508,4.1446
4509,4.1446
4510,4.1445
4511,4.1445
4512,4.1443
4513,4.1443
4514,4.1441
4515,4.1441
4516,4.144
4517,4.144
4518,4.144
4519,4.1438
4520,4.1438
4521,4.1437
4522,4.1437
4523,4.1435
4524,4.1435
4525,4.1433
4526,4.1433
4527,4.1433
4528,4.1432
4529,4.1432
4530,4.143
4531,4.143
4532,4.1429
4533,4.1429
4534,4.1427
4535,4.1427
4536,4.1427
4537,4.1426
4538,4.1426
4539,4.1424
4540,4.1424
4541,4.1424
4542,4.1422
4543,4.1422
4544,4.1421
4545,4.1421
4546,4.1419
4547,4.1419
4548,4.1418
4549,4.1418
4550,4.1418
4551,4.1416
4552,4.1416
4553,4.1414
4554,4.1414
4555,4.1413
4556,4.1413
4557,4.1411
4558,4.1411
4559,4.1411
4560,4.141
4561,4.141
4562,4.1408
4563,4.1408
4564,4.1406
4565,4.1406
4566,4.1405
4567,4.1405
4568,4.1403
4569,4.1403
4570,4.1402
4571,4.1402
4572,4.1402
4573,4.14
4574,4.14
4575,4.1398
4576,4.1398
4577,4.1397
4578,4.1397
4579,4.1395
4580,4.1395
4581,4.1394
4582,4.1394
4583,4.1392
4584,4.1392
4585,4.1391
4586,4.1391
4587,4.1389
4588,4.1389
4589,4.1387
4590,4.1387
4591,4.1386
4592,4.1386
4593,4.1386
4594,4.1384
4595,4.1383
4596,4.1383
4597,4.1381
4598,4.1381
4599,4.1379
4600,4.1379
4601,4.1378
4602,4.1378
4603,4.1376
4604,4.1376
4605,4.1375
4606,4.1375
4607,4.1373
4608,4.1373
4609,4.1371
4610,4.1371
4611,4.137
4612,4.137
4613,4.1368
4614,4.1368
4615,4.1367
4616,4.1365
4617,4.1365
4618,4.1364
4619,4.1364
4620,4.1362
4621,4.1362
4622,4.136
4623,4.1359
4624,4.1359
4625,4.1357
4626,4.1357
4627,4.1356
4628,4.1356
4629,4.1354
4630,4.1352
4631,4.1352
4632,4.1351
4633,4.1351
4634,4.1349
4635,4.1348
4636,4.1348
4637,4.1346
4638,4.1346
4639,4.1344
4640,4.1343
4641,4.1343
4642,4.1341
4643,4.134
4644,4.134
4645,4.1338
4646,4.1337
4647,4.1337
4648,4.1335
4649,4.1333
4650,4.1333
4651,4.1332
4652,4.133
4653,4.133
4654,4.1329
4655,4.1327
4656,4.1325
4657,4.1325
4658,4.1324
4659,4.1322
4660,4.1322
4661,4.1321
4662,4.1319
4663,4.1317
4664,4.1317
4665,4.1316
4666,4.1314
4667,4.1314
4668,4.1313
4669,4.1311
4670,4.1309
4671,4.1308
4672,4.1308
4673,4.1306
4674,4.1305
4675,4.1303
4676,4.1302
4677,4.1302
4678,4.13
4679,4.1298
4680,4.1297
4681,4.1295
4682,4.1294
4683,4.1294
4684,4.1292
4685,4.129
4686,4.1289
4687,4.1287
4688,4.1286
4689,4.1286
4690,4.1284
4691,4.1282
4692,4.1281
4693,4.1279
4694,4.1278
4695,4.1276
4696,4.1275
4697,4.1273
4698,4.1273
4699,4.1271
4700,4.127
4701,4.1268
4702,4.1267
4703,4.1265
4704,4.1263
4705,4.1262
4706,4.126
4707,4.1259
4708,4.1257
4709,4.1255
4710,4.1254
4711,4.1252
4712,4.1251
4713,4.1249
4714,4.1248
4715,4.1246
4716,4.1244
4717,4.1243
4718,4.1241
4719,4.124
4720,4.1238
4721,4.1235
4722,4.1233
4723,4.1233
4724,4.1232
4725,4.1232
4726,4.123
4727,4.123
4728,4.1228
4729,4.1228
4730,4.1227
4731,4.1227
4732,4.1225
4733,4.1225
4734,4.1224
4735,4.1224
4736,4.1222
4737,4.1222
4738,4.122
4739,4.122
4740,4.1217
4741,4.1217
4742,4.1216
4743,4.1216
4744,4.1214
4745,4.1214
4746,4.1213
4747,4.1213
4748,4.1211
4749,4.1211
4750,4.1209
4751,4.1209
4752,4.1208
4753,4.1208
4754,4.1205
4755,4.1205
4756,4.1203
4757,4.1203
4758,4.1201
4759,4.1201
4760,4.12
4761,4.12
4762,4.1198
4763,4.1198
4764,4.1195
4765,4.1193
4766,4.1192
4767,4.119
4768,4.1187
4769,4.1186
4770,4.1184
4771,4.1182
4772,4.1179
4773,4.1178
4774,4.1176
4775,4.1174
4776,4.1171
4777,4.117
4778,4.1168
4779,4.1165
4780,4.1163
4781,4.1162
4782,4.116
4783,4.1157
4784,4.1155
4785,4.1152
4786,4.1151
4787,4.1149
4788,4.1146
4789,4.1144
4790,4.1143
4791,4.1139
4792,4.1138
4793,4.1136
4794,4.1133
4795,4.1132
4796,4.1128
4797,4.1127
4798,4.1125
4799,4.1122
4800,4.112
4801,4.1117
4802,4.1116
4803,4.1112
4804,4.1111
4805,4.1108
4806,4.1106
4807,4.1103
4808,4.1101
4809,4.1098
4810,4.1097
4811,4.1095
4812,4.1092
4813,4.109
4814,4.1087
4815,4.1085
4816,4.1082
4817,4.1079
4818,4.1077
4819,4.1074
4820,4.1073
4821,4.107
4822,4.1068
4823,4.1065
4824,4.1062
4825,4.106
4826,4.1057
4827,4.1055
4828,4.1052
4829,4.1049
4830,4.1047
4831,4.1044
4832,4.1043
4833,4.1039
4834,4.1036
4835,4.1035
4836,4.1031
4837,4.103
4838,4.1027
4839,4.1023
4840,4.102
4841,4.1019
4842,4.1015
4843,4.1012
4844,4.1011
4845,4.1008
4846,4.1004
4847,4.1003
4848,4.1
4849,4.0996
4850,4.0995
4851,4.0992
4852,4.0988
4853,4.0985
4854,4.0984
4855,4.0981
4856,4.0977
4857,4.0974
4858,4.0973
4859,4.0969
4860,4.0966
4861,4.0963
4862,4.0961
4863,4.0958
4864,4.0955
4865,4.0952
4866,4.0949
4867,4.0947
4868,4.0944
4869,4.0941
4870,4.0938
4871,4.0934
4872,4.0931
4873,4.093
4874,4.0927
4875,4.0923
4876,4.092
4877,4.0917
4878,4.0914
4879,4.0912
4880,4.0909
4881,4.0906
4882,4.0903
4883,4.0899
4884,4.0896
4885,4.0893
4886,4.089
4887,4.0888
4888,4.0885
4889,4.0882
4890,4.0879
4891,4.0876
4892,4.0872
4893,4.0869
4894,4.0866
4895,4.0863
4896,4.0861
4897,4.0858
4898,4.0855
4899,4.0852
4900,4.0849
4901,4.0845
4902,4.0842
4903,4.0839
4904,4.0836
4905,4.0833
4906,4.083
4907,4.0826
4908,4.0823
4909,4.082
4910,4.0817
4911,4.0814
4912,4.0812
4913,4.0809
4914,4.0806
4915,4.0803
4916,4.0799
4917,4.0796
4918,4.0793
4919,4.079
4920,4.0787
4921,4.0783
4922,4.078
4923,4.0777
4924,4.0774
4925,4.0771
4926,4.0768
4927,4.0764
4928,4.0761
4929,4.0758
4930,4.0755
4931,4.0752
4932,4.0749
4933,4.0745
4934,4.0742
4935,4.0739
4936,4.0736
4937,4.0733
4938,4.0729
4939,4.0726
4940,4.0723
4941,4.072
4942,4.0717
4943,4.0714
4944,4.071
4945,4.0707
4946,4.0704
4947,4.0701
4948,4.0698
4949,4.0694
4950,4.0691
4951,4.0688
4952,4.0685
4953,4.0682
4954,4.0679
4955,4.0675
4956,4.0672
4957,4.0669
4958,4.0666
4959,4.0663
4960,4.066
4961,4.0656
4962,4.0653
4963,4.065
4964,4.0647
4965,4.0644
4966,4.064
4967,4.0637
4968,4.0634
4969,4.0631
4970,4.0628
4971,4.0625
4972,4.0621
4973,4.0618
4974,4.0615
4975,4.0612
4976,4.0609
4977,4.0605
4978,4.0602
4979,4.0599
4980,4.0596
4981,4.0593
4982,4.059
4983,4.0586
4984,4.0583
4985,4.058
4986,4.0577
4987,4.0574
4988,4.0571
4989,4.0569
4990,4.0566
4991,4.0563
4992,4.0559
4993,4.0556
4994,4.0553
4995,4.055
4996,4.0547
4997,4.0544
4998,4.054
4999,4.0537
5000,4.0534
5001,4.0531
5002,4.0529
5003,4.0526
5004,4.0523
5005,4.052
5006,4.0516
5007,4.0513
5008,4.051
5009,4.0507
5010,4.0504
5011,4.0502
5012,4.0499
5013,4.0496
5014,4.0493
5015,4.0489
5016,4.0486
5017,4.0483
5018,4.048
5019,4.0478
5020,4.0475
5021,4.0472
5022,4.0469
5023,4.0466
5024,4.0462
5025,4.0461
5026,4.0458
5027,4.0455
5028,4.0451
5029,4.045
5030,4.0447
5031,4.0443
5032,4.044
5033,4.0437
5034,4.0435
5035,4.0432
5036,4.0429
5037,4.0426
5038,4.0424
5039,4.0421
5040,4.0418
5041,4.0415
5042,4.0413
5043,4.041
5044,4.0407
5045,4.0404
5046,4.0402
5047,4.0399
5048,4.0396
5049,4.0394
5050,4.0391
5051,4.0388
5052,4.0386
5053,4.0383
5054,4.038
5055,4.0378
5056,4.0375
5057,4.0372
5058,4.037
5059,4.0367
5060,4.0364
5061,4.0362
5062,4.0359
5063,4.0358
5064,4.0354
5065,4.0351
5066,4.035
5067,4.0346
5068,4.0345
5069,4.0342
5070,4.0339
5071,4.0337
5072,4.0334
5073,4.0332
5074,4.0329
5075,4.0327
5076,4.0324
5077,4.0323
5078,4.0319
5079,4.0318
5080,4.0315
5081,4.0313
5082,4.031
5083,4.0308
5084,4.0305
5085,4.0304
5086,4.03
5087,4.0299
5088,4.0296
5089,4.0294
5090,4.0291
5091,4.0289
5092,4.0288
5093,4.0284
5094,4.0283
5095,4.028
5096,4.0278
5097,4.0275
5098,4.0273
5099,4.0272
5100,4.0269
5101,4.0267
5102,4.0264
5103,4.0262
5104,4.0261
5105,4.0257
5106,4.0256
5107,4.0254
5108,4.0251
5109,4.025
5110,4.0248
5111,4.0245
5112,4.0243
5113,4.0242
5114,4.0238
5115,4.0237
5116,4.0235
5117,4.0232
5118,4.023
5119,4.0229
5120,4.0226
5121,4.0224
5122,4.0222
5123,4.0219
5124,4.0218
5125,4.0216
5126,4.0215
5127,4.0213
5128,4.021
5129,4.0208
5130,4.0207
5131,4.0205
5132,4.0202
5133,4.02
5134,4.0199
5135,4.0197
5136,4.0194
5137,4.0192
5138,4.0191
5139,4.0189
5140,4.0188
5141,4.0184
5142,4.0183
5143,4.0181
5144,4.018
5145,4.0178
5146,4.0176
5147,4.0175
5148,4.0172
5149,4.017
5150,4.0168
5151,4.0167
5152,4.0165
5153,4.0164
5154,4.0162
5155,4.0159
5156,4.0157
5157,4.0156
5158,4.0154
5159,4.0153
5160,4.0151
5161,4.0149
5162,4.0148
5163,4.0145
5164,4.0143
5165,4.0141
5166,4.014
5167,4.0138
5168,4.0137
5169,4.0135
5170,4.0134
5171,4.0132
5172,4.013
5173,4.0129
5174,4.0127
5175,4.0126
5176,4.0124
5177,4.0121
5178,4.0119
5179,4.0118
5180,4.0116
5181,4.0114
5182,4.0113
5183,4.0111
5184,4.011
5185,4.0108
5186,4.0106
5187,4.0105
5188,4.0103
5189,4.0102
5190,4.01
5191,4.0099
5192,4.0097
5193,4.0095
5194,4.0094
5195,4.0092
5196,4.0091
5197,4.0089
5198,4.0087
5199,4.0086
5200,4.0084
5201,4.0083
5202,4.0081
5203,4.0079
5204,4.0078
5205,4.0076
5206,4.0075
5207,4.0073
5208,4.0072
5209,4.007
5210,4.0068
5211,4.0067
5212,4.0065
5213,4.0064
5214,4.0062
5215,4.006
5216,4.0059
5217,4.0057
5218,4.0056
5219,4.0054
5220,4.0052
5221,4.0051
5222,4.0049
5223,4.0048
5224,4.0046
5225,4.0045
5226,4.0043
5227,4.0041
5228,4.004
5229,4.0038
5230,4.0037
5231,4.0035
5232,4.0033
5233,4.0032
5234,4.003
5235,4.0029
5236,4.0027
5237,4.0025
5238,4.0024
5239,4.0022
5240,4.0021
5241,4.0019
5242,4.0016
5243,4.0016
5244,4.0013
5245,4.0013
5246,4.001
5247,4.001
5248,4.0006
5249,4.0005
5250,4.0005
5251,4.0002
5252,4.0
5253,3.9998
5254,3.9997
5255,3.9995
5256,3.9994
5257,3.9992
5258,3.999
5259,3.9989
5260,3.9987
5261,3.9986
5262,3.9984
5263,3.9983
5264,3.9981
5265,3.9979
5266,3.9978
5267,3.9976
5268,3.9975
5269,3.9973
5270,3.9971
5271,3.997
5272,3.9968
5273,3.9967
5274,3.9965
5275,3.9963
5276,3.9962
5277,3.9959
5278,3.9957
5279,3.9956
5280,3.9954
5281,3.9952
5282,3.9951
5283,3.9949
5284,3.9948
5285,3.9946
5286,3.9944
5287,3.9941
5288,3.994
5289,3.9938
5290,3.9936
5291,3.9935
5292,3.9933
5293,3.9932
5294,3.993
5295,3.9929
5296,3.9927
5297,3.9924
5298,3.9922
5299,3.9921
5300,3.9919
5301,3.9917
5302,3.9916
5303,3.9914
5304,3.9911
5305,3.9909
5306,3.9908
5307,3.9906
5308,3.9905
5309,3.9903
5310,3.99
5311,3.9898
5312,3.9897
5313,3.9895
5314,3.9894
5315,3.9892
5316,3.9889
5317,3.9887
5318,3.9886
5319,3.9884
5320,3.9881
5321,3.9879
5322,3.9878
5323,3.9876
5324,3.9874
5325,3.9871
5326,3.987
5327,3.9868
5328,3.9867
5329,3.9863
5330,3.9862
5331,3.986
5332,3.9859
5333,3.9855
5334,3.9854
5335,3.9852
5336,3.9851
5337,3.9847
5338,3.9846
5339,3.9844
5340,3.9841
5341,3.984
5342,3.9838
5343,3.9836
5344,3.9833
5345,3.9832
5346,3.983
5347,3.9827
5348,3.9825
5349,3.9824
5350,3.982
5351,3.9819
5352,3.9817
5353,3.9814
5354,3.9812
5355,3.9811
5356,3.9808
5357,3.9806
5358,3.9805
5359,3.9801
5360,3.98
5361,3.9797
5362,3.9795
5363,3.9793
5364,3.979
5365,3.9789
5366,3.9785
5367,3.9784
5368,3.9782
5369,3.9779
5370,3.9778
5371,3.9774
5372,3.9773
5373,3.977
5374,3.9768
5375,3.9766
5376,3.9763
5377,3.9762
5378,3.9758
5379,3.9757
5380,3.9754
5381,3.9752
5382,3.9749
5383,3.9747
5384,3.9744
5385,3.9743
5386,3.9739
5387,3.9738
5388,3.9735
5389,3.9733
5390,3.973
5391,3.9728
5392,3.9725
5393,3.9723
5394,3.972
5395,3.9719
5396,3.9716
5397,3.9714
5398,3.9711
5399,3.9709
5400,3.9706
5401,3.9703
5402,3.9701
5403,3.9698
5404,3.9696
5405,3.9693
5406,3.969
5407,3.9689
5408,3.9685
5409,3.9684
5410,3.9681
5411,3.9677
5412,3.9676
5413,3.9673
5414,3.9671
5415,3.9668
5416,3.9665
5417,3.9663
5418,3.966
5419,3.9658
5420,3.9655
5421,3.9652
5422,3.965
5423,3.9647
5424,3.9644
5425,3.9642
5426,3.9639
5427,3.9636
5428,3.9635
5429,3.9631
5430,3.9628
5431,3.9627
5432,3.9623
5433,3.962
5434,3.9619
5435,3.9615
5436,3.9612
5437,3.9611
5438,3.9607
5439,3.9604
5440,3.9601
5441,3.96
5442,3.9596
5443,3.9593
5444,3.9592
5445,3.9588
5446,3.9585
5447,3.9582
5448,3.958
5449,3.9577
5450,3.9574
5451,3.9571
5452,3.9569
5453,3.9566
5454,3.9563
5455,3.9561
5456,3.9558
5457,3.9555
5458,3.9552
5459,3.955
5460,3.9547
5461,3.9544
5462,3.9541
5463,3.9539
5464,3.9536
5465,3.9533
5466,3.953
5467,3.9528
5468,3.9525
5469,3.9522
5470,3.9518
5471,3.9515
5472,3.9514
5473,3.9511
5474,3.9507
5475,3.9504
5476,3.9503
5477,3.9499
5478,3.9496
5479,3.9493
5480,3.949
5481,3.9488
5482,3.9485
5483,3.9482
5484,3.9479
5485,3.9477
5486,3.9474
5487,3.9471
5488,3.9468
5489,3.9464
5490,3.9463
5491,3.946
5492,3.9457
5493,3.9453
5494,3.945
5495,3.9449
5496,3.9445
5497,3.9442
5498,3.9439
5499,3.9437
5500,3.9434
5501,3.9431
5502,3.9428
5503,3.9425
5504,3.9423
5505,3.942
5506,3.9417
5507,3.9414
5508,3.9412
5509,3.9409
5510,3.9406
5511,3.9402
5512,3.9399
5513,3.9398
5514,3.9395
5515,3.9391
5516,3.9388
5517,3.9385
5518,3.9383
5519,3.938
5520,3.9377
5521,3.9374
5522,3.9372
5523,3.9369
5524,3.9366
5525,3.9363
5526,3.936
5527,3.9358
5528,3.9355
5529,3.9352
5530,3.9348
5531,3.9347
5532,3.9344
5533,3.9341
5534,3.9337
5535,3.9336
5536,3.9333
5537,3.9329
5538,3.9326
5539,3.9325
5540,3.9321
5541,3.9318
5542,3.9315
5543,3.9313
5544,3.931
5545,3.9307
5546,3.9304
5547,3.9302
5548,3.9299
5549,3.9296
5550,3.9293
5551,3.9291
5552,3.9288
5553,3.9285
5554,3.9282
5555,3.928
5556,3.9277
5557,3.9274
5558,3.9272
5559,3.9269
5560,3.9266
5561,3.9263
5562,3.9261
5563,3.9258
5564,3.9255
5565,3.9253
5566,3.925
5567,3.9247
5568,3.9244
5569,3.9242
5570,3.9239
5571,3.9236
5572,3.9234
5573,3.9231
5574,3.9228
5575,3.9226
5576,3.9223
5577,3.922
5578,3.9218
5579,3.9215
5580,3.9212
5581,3.921
5582,3.9207
5583,3.9204
5584,3.9202
5585,3.9199
5586,3.9196
5587,3.9194
5588,3.9191
5589,3.9188
5590,3.9186
5591,3.9183
5592,3.918
5593,3.9178
5594,3.9175
5595,3.9174
5596,3.917
5597,3.9167
5598,3.9166
5599,3.9163
5600,3.9159
5601,3.9158
5602,3.9155
5603,3.9153
5604,3.915
5605,3.9147
5606,3.9145
5607,3.9142
5608,3.914
5609,3.9137
5610,3.9136
5611,3.9132
5612,3.9129
5613,3.9128
5614,3.9124
5615,3.9121
5616,3.912
5617,3.9116
5618,3.9115
5619,3.9112
5620,3.911
5621,3.9107
5622,3.9105
5623,3.9102
5624,3.9099
5625,3.9097
5626,3.9094
5627,3.9093
5628,3.9089
5629,3.9088
5630,3.9085
5631,3.9083
5632,3.908
5633,3.9077
5634,3.9075
5635,3.9072
5636,3.907
5637,3.9067
5638,3.9066
5639,3.9062
5640,3.9061
5641,3.9058
5642,3.9056
5643,3.9053
5644,3.9051
5645,3.9048
5646,3.9047
5647,3.9043
5648,3.9042
5649,3.9039
5650,3.9037
5651,3.9034
5652,3.9032
5653,3.9029
5654,3.9027
5655,3.9024
5656,3.9023
5657,3.9019
5658,3.9018
5659,3.9015
5660,3.9013
5661,3.901
5662,3.9008
5663,3.9005
5664,3.9004
5665,3.9
5666,3.8999
5667,3.8996
5668,3.8994
5669,3.8991
5670,3.8989
5671,3.8986
5672,3.8985
5673,3.8981
5674,3.898
5675,3.8977
5676,3.8975
5677,3.8972
5678,3.897
5679,3.8967
5680,3.8965
5681,3.8964
5682,3.8961
5683,3.8959
5684,3.8956
5685,3.8954
5686,3.8951
5687,3.895
5688,3.8946
5689,3.8945
5690,3.8942
5691,3.894
5692,3.8937
5693,3.8935
5694,3.8932
5695,3.8931
5696,3.8929
5697,3.8926
5698,3.8924
5699,3.8921
5700,3.8919
5701,3.8916
5702,3.8915
5703,3.8913
5704,3.891
5705,3.8908
5706,3.8905
5707,3.8903
5708,3.89
5709,3.8899
5710,3.8896
5711,3.8894
5712,3.8891
5713,3.8889
5714,3.8886
5715,3.8884
5716,3.8883
5717,3.888
5718,3.8878
5719,3.8875
5720,3.8873
5721,3.887
5722,3.8869
5723,3.8865
5724,3.8864
5725,3.8862
5726,3.8859
5727,3.8857
5728,3.8854
5729,3.8853
5730,3.8849
5731,3.8848
5732,3.8846
5733,3.8843
5734,3.8842
5735,3.8838
5736,3.8837
5737,3.8834
5738,3.8832
5739,3.8829
5740,3.8827
5741,3.8826
5742,3.8822
5743,3.8821
5744,3.8818
5745,3.8816
5746,3.8813
5747,3.8811
5748,3.8808
5749,3.8807
5750,3.8805
5751,3.8802
5752,3.8799
5753,3.8797
5754,3.8795
5755,3.8792
5756,3.8791
5757,3.8787
5758,3.8786
5759,3.8783
5760,3.8781
5761,3.8778
5762,3.8776
5763,3.8773
5764,3.8772
5765,3.8768
5766,3.8767
5767,3.8765
5768,3.8762
5769,3.876
5770,3.8757
5771,3.8756
5772,3.8753
5773,3.8751
5774,3.8748
5775,3.8746
5776,3.8743
5777,3.8741
5778,3.8738
5779,3.8737
5780,3.8733
5781,3.8732
5782,3.8729
5783,3.8727
5784,3.8724
5785,3.8722
5786,3.8719
5787,3.8718
5788,3.8714
5789,3.8713
5790,3.871
5791,3.8708
5792,3.8705
5793,3.8703
5794,3.8702
5795,3.8698
5796,3.8697
5797,3.8694
5798,3.8692
5799,3.8689
5800,3.8686
5801,3.8684
5802,3.8681
5803,3.8679
5804,3.8676
5805,3.8675
5806,3.8671
5807,3.867
5808,3.8667
5809,3.8665
5810,3.8662
5811,3.866
5812,3.8657
5813,3.8656
5814,3.8652
5815,3.8651
5816,3.8648
5817,3.8646
5818,3.8643
5819,3.8641
5820,3.8638
5821,3.8637
5822,3.8633
5823,3.863
5824,3.8629
5825,3.8625
5826,3.8624
5827,3.8621
5828,3.8619
5829,3.8616
5830,3.8614
5831,3.8611
5832,3.8609
5833,3.8606
5834,3.8605
5835,3.8602
5836,3.8598
5837,3.8597
5838,3.8594
5839,3.8592
5840,3.8589
5841,3.8587
5842,3.8584
5843,3.8581
5844,3.8579
5845,3.8576
5846,3.8575
5847,3.8571
5848,3.857
5849,3.8567
5850,3.8565
5851,3.8562
5852,3.856
5853,3.8557
5854,3.8554
5855,3.8552
5856,3.8549
5857,3.8548
5858,3.8544
5859,3.8543
5860,3.854
5861,3.8536
5862,3.8535
5863,3.8532
5864,3.853
5865,3.8527
5866,3.8524
5867,3.8522
5868,3.8519
5869,3.8517
5870,3.8514
5871,3.8513
5872,3.8509
5873,3.8506
5874,3.8505
5875,3.8501
5876,3.85
5877,3.8497
5878,3.8495
5879,3.8492
5880,3.8489
5881,3.8487
5882,3.8484
5883,3.8482
5884,3.8479
5885,3.8476
5886,3.8474
5887,3.8471
5888,3.847
5889,3.8466
5890,3.8465
5891,3.8462
5892,3.8459
5893,3.8457
5894,3.8454
5895,3.8452
5896,3.8449
5897,3.8447
5898,3.8444
5899,3.8441
5900,3.8439
5901,3.8436
5902,3.8435
5903,3.8432
5904,3.843
5905,3.8427
5906,3.8424
5907,3.8422
5908,3.8419
5909,3.8417
5910,3.8414
5911,3.8411
5912,3.8409
5913,3.8406
5914,3.8404
5915,3.8401
5916,3.84
5917,3.8397
5918,3.8393
5919,3.8392
5920,3.8389
5921,3.8387
5922,3.8384
5923,3.8381
5924,3.8379
5925,3.8376
5926,3.8374
5927,3.8371
5928,3.837
5929,3.8366
5930,3.8365
5931,3.8362
5932,3.8358
5933,3.8357
5934,3.8354
5935,3.8352
5936,3.8349
5937,3.8347
5938,3.8344
5939,3.8343
5940,3.8339
5941,3.8336
5942,3.8335
5943,3.8331
5944,3.833
5945,3.8327
5946,3.8325
5947,3.8322
5948,3.832
5949,3.8317
5950,3.8314
5951,3.8312
5952,3.8309
5953,3.8308
5954,3.8304
5955,3.8303
5956,3.83
5957,3.8298
5958,3.8295
5959,3.8293
5960,3.829
5961,3.8288
5962,3.8285
5963,3.8284
5964,3.8281
5965,3.8277
5966,3.8276
5967,3.8273
5968,3.8271
5969,3.8268
5970,3.8266
5971,3.8263
5972,3.8261
5973,3.8258
5974,3.8257
5975,3.8254
5976,3.8252
5977,3.8249
5978,3.8247
5979,3.8244
5980,3.8242
5981,3.8239
5982,3.8238
5983,3.8234
5984,3.8233
5985,3.823
5986,3.8228
5987,3.8225
5988,3.8223
5989,3.822
5990,3.8219
5991,3.8215
5992,3.8214
5993,3.8211
5994,3.8209
5995,3.8206
5996,3.8204
5997,3.8203
5998,3.8199
5999,3.8198
6000,3.8195
6001,3.8193
6002,3.819
6003,3.8188
6004,3.8185
6005,3.8184
6006,3.818
6007,3.8179
6008,3.8176
6009,3.8174
6010,3.8172
6011,3.8169
6012,3.8168
6013,3.8165
6014,3.8163
6015,3.816
6016,3.8158
6017,3.8155
6018,3.8153
6019,3.8152
6020,3.8149
6021,3.8147
6022,3.8144
6023,3.8142
6024,3.8139
6025,3.8138
6026,3.8136
6027,3.8133
6028,3.8131
6029,3.8128
6030,3.8126
6031,3.8123
6032,3.8122
6033,3.812
6034,3.8117
6035,3.8115
6036,3.8112
6037,3.811
6038,3.8109
6039,3.8106
6040,3.8104
6041,3.8101
6042,3.8099
6043,3.8098
6044,3.8095
6045,3.8093
6046,3.809
6047,3.8088
6048,3.8087
6049,3.8083
6050,3.8082
6051,3.8079
6052,3.8077
6053,3.8076
6054,3.8072
6055,3.8071
6056,3.8069
6057,3.8066
6058,3.8064
6059,3.8061
6060,3.806
6061,3.8058
6062,3.8055
6063,3.8053
6064,3.8052
6065,3.8049
6066,3.8047
6067,3.8045
6068,3.8042
6069,3.8041
6070,3.8039
6071,3.8036
6072,3.8034
6073,3.8033
6074,3.8029
6075,3.8028
6076,3.8025
6077,3.8023
6078,3.8022
6079,3.8018
6080,3.8017
6081,3.8015
6082,3.8014
6083,3.801
6084,3.8009
6085,3.8006
6086,3.8004
6087,3.8002
6088,3.8001
6089,3.7998
6090,3.7996
6091,3.7994
6092,3.7991
6093,3.799
6094,3.7988
6095,3.7985
6096,3.7983
6097,3.7982
6098,3.7979
6099,3.7977
6100,3.7975
6101,3.7974
6102,3.7971
6103,3.7969
6104,3.7967
6105,3.7964
6106,3.7963
6107,3.7961
6108,3.7958
6109,3.7956
6110,3.7955
6111,3.7953
6112,3.795
6113,3.7948
6114,3.7947
6115,3.7945
6116,3.7942
6117,3.794
6118,3.7939
6119,3.7936
6120,3.7934
6121,3.7933
6122,3.7931
6123,3.7928
6124,3.7926
6125,3.7925
6126,3.7923
6127,3.792
6128,3.7918
6129,3.7917
6130,3.7915
6131,3.7912
6132,3.791
6133,3.7909
6134,3.7905
6135,3.7904
6136,3.7902
6137,3.7901
6138,3.7898
6139,3.7896
6140,3.7894
6141,3.7893
6142,3.7891
6143,3.7888
6144,3.7886
6145,3.7885
6146,3.7883
6147,3.788
6148,3.7878
6149,3.7877
6150,3.7875
6151,3.7872
6152,3.7871
6153,3.7869
6154,3.7867
6155,3.7864
6156,3.7863
6157,3.7861
6158,3.7859
6159,3.7858
6160,3.7855
6161,3.7853
6162,3.7851
6163,3.785
6164,3.7848
6165,3.7845
6166,3.7844
6167,3.7842
6168,3.784
6169,3.7837
6170,3.7836
6171,3.7834
6172,3.7832
6173,3.7831
6174,3.7828
6175,3.7826
6176,3.7824
6177,3.7823
6178,3.7821
6179,3.7818
6180,3.7816
6181,3.7815
6182,3.7813
6183,3.7812
6184,3.781
6185,3.7807
6186,3.7805
6187,3.7804
6188,3.7802
6189,3.7801
6190,3.7797
6191,3.7796
6192,3.7794
6193,3.7793
6194,3.7791
6195,3.7789
6196,3.7786
6197,3.7785
6198,3.7783
6199,3.7782
6200,3.778
6201,3.7777
6202,3.7775
6203,3.7774
6204,3.7772
6205,3.777
6206,3.7769
6207,3.7766
6208,3.7764
6209,3.7762
6210,3.7761
6211,3.7759
6212,3.7758
6213,3.7755
6214,3.7753
6215,3.7751
6216,3.775
6217,3.7748
6218,3.7747
6219,3.7743
6220,3.7742
6221,3.774
6222,3.7739
6223,3.7737
6224,3.7735
6225,3.7732
6226,3.7731
6227,3.7729
6228,3.7728
6229,3.7726
6230,3.7724
6231,3.7723
6232,3.772
6233,3.7718
6234,3.7716
6235,3.7715
6236,3.7713
6237,3.7712
6238,3.771
6239,3.7707
6240,3.7705
6241,3.7704
6242,3.7702
6243,3.77
6244,3.7699
6245,3.7696
6246,3.7694
6247,3.7693
6248,3.7691
6249,3.7689
6250,3.7688
6251,3.7686
6252,3.7685
6253,3.7681
6254,3.768
6255,3.7678
6256,3.7677
6257,3.7675
6258,3.7673
6259,3.7672
6260,3.7669
6261,3.7667
6262,3.7666
6263,3.7664
6264,3.7662
6265,3.7661
6266,3.7659
6267,3.7658
6268,3.7656
6269,3.7653
6270,3.7651
6271,3.765
6272,3.7648
6273,3.7646
6274,3.7645
6275,3.7643
6276,3.764
6277,3.7639
6278,3.7637
6279,3.7635
6280,3.7634
6281,3.7632
6282,3.7631
6283,3.7629
6284,3.7627
6285,3.7624
6286,3.7623
6287,3.7621
6288,3.7619
6289,3.7618
6290,3.7616
6291,3.7615
6292,3.7613
6293,3.761
6294,3.7608
6295,3.7607
6296,3.7605
6297,3.7604
6298,3.7602
6299,3.76
6300,3.7599
6301,3.7597
6302,3.7594
6303,3.7592
6304,3.7591
6305,3.7589
6306,3.7588
6307,3.7586
6308,3.7584
6309,3.7583
6310,3.7581
6311,3.7578
6312,3.7577
6313,3.7575
6314,3.7573
6315,3.7572
6316,3.757
6317,3.7569
6318,3.7567
6319,3.7565
6320,3.7562
6321,3.7561
6322,3.7559
6323,3.7557
6324,3.7556
6325,3.7554
6326,3.7553
6327,3.7551
6328,3.755
6329,3.7546
6330,3.7545
6331,3.7543
6332,3.7542
6333,3.754
6334,3.7538
6335,3.7537
6336,3.7535
6337,3.7534
6338,3.7532
6339,3.753
6340,3.7527
6341,3.7526
6342,3.7524
6343,3.7523
6344,3.7521
6345,3.7519
6346,3.7518
6347,3.7516
6348,3.7513
6349,3.7511
6350,3.751
6351,3.7508
6352,3.7507
6353,3.7505
6354,3.7503
6355,3.7502
6356,3.75
6357,3.7499
6358,3.7497
6359,3.7495
6360,3.7492
6361,3.7491
6362,3.7489
6363,3.7488
6364,3.7486
6365,3.7484
6366,3.7483
6367,3.7481
6368,3.748
6369,3.7478
6370,3.7475
6371,3.7473
6372,3.7472
6373,3.747
6374,3.7468
6375,3.7467
6376,3.7465
6377,3.7464
6378,3.7462
6379,3.7461
6380,3.7457
6381,3.7456
6382,3.7454
6383,3.7453
6384,3.7451
6385,3.7449
6386,3.7448
6387,3.7446
6388,3.7445
6389,3.7443
6390,3.7441
6391,3.7438
6392,3.7437
6393,3.7435
6394,3.7434
6395,3.7432
6396,3.743
6397,3.7429
6398,3.7427
6399,3.7426
6400,3.7424
6401,3.7421
6402,3.7419
6403,3.7418
6404,3.7416
6405,3.7414
6406,3.7413
6407,3.7411
6408,3.741
6409,3.7408
6410,3.7406
6411,3.7403
6412,3.7402
6413,3.74
6414,3.7399
6415,3.7397
6416,3.7395
6417,3.7394
6418,3.7392
6419,3.7391
6420,3.7389
6421,3.7386
6422,3.7384
6423,3.7383
6424,3.7381
6425,3.7379
6426,3.7378
6427,3.7376
6428,3.7375
6429,3.7373
6430,3.7372
6431,3.737
6432,3.7367
6433,3.7365
6434,3.7364
6435,3.7362
6436,3.736
6437,3.7359
6438,3.7357
6439,3.7356
6440,3.7354
6441,3.7352
6442,3.7349
6443,3.7348
6444,3.7346
6445,3.7345
6446,3.7343
6447,3.7341
6448,3.734
6449,3.7338
6450,3.7337
6451,3.7335
6452,3.7332
6453,3.733
6454,3.7329
6455,3.7327
6456,3.7325
6457,3.7324
6458,3.7322
6459,3.7321
6460,3.7319
6461,3.7317
6462,3.7316
6463,3.7313
6464,3.7311
6465,3.731
6466,3.7308
6467,3.7306
6468,3.7305
6469,3.7303
6470,3.7302
6471,3.73
6472,3.7298
6473,3.7297
6474,3.7294
6475,3.7292
6476,3.729
6477,3.7289
6478,3.7287
6479,3.7286
6480,3.7284
6481,3.7283
6482,3.7281
6483,3.7279
6484,3.7276
6485,3.7275
6486,3.7273
6487,3.7271
6488,3.727
6489,3.7268
6490,3.7267
6491,3.7265
6492,3.7263
6493,3.7262
6494,3.7259
6495,3.7257
6496,3.7256
6497,3.7254
6498,3.7252
6499,3.7251
6500,3.7249
6501,3.7248
6502,3.7244
6503,3.7243
6504,3.7241
6505,3.724
6506,3.7238
6507,3.7236
6508,3.7235
6509,3.7233
6510,3.7232
6511,3.723
6512,3.7229
6513,3.7225
6514,3.7224
6515,3.7222
6516,3.7221
6517,3.7219
6518,3.7217
6519,3.7216
6520,3.7214
6521,3.7211
6522,3.7209
6523,3.7208
6524,3.7206
6525,3.7205
6526,3.7203
6527,3.7201
6528,3.72
6529,3.7198
6530,3.7195
6531,3.7194
6532,3.7192
6533,3.719
6534,3.7189
6535,3.7187
6536,3.7186
6537,3.7184
6538,3.7182
6539,3.7179
6540,3.7178
6541,3.7176
6542,3.7174
6543,3.7173
6544,3.7171
6545,3.717
6546,3.7168
6547,3.7167
6548,3.7163
6549,3.7162
6550,3.716
6551,3.7159
6552,3.7157
6553,3.7155
6554,3.7154
6555,3.7152
6556,3.7149
6557,3.7147
6558,3.7146
6559,3.7144
6560,3.7143
6561,3.7141
6562,3.714
6563,3.7138
6564,3.7136
6565,3.7135
6566,3.7132
6567,3.713
6568,3.7128
6569,3.7127
6570,3.7125
6571,3.7124
6572,3.7122
6573,3.712
6574,3.7117
6575,3.7116
6576,3.7114
6577,3.7112
6578,3.7111
6579,3.7109
6580,3.7108
6581,3.7106
6582,3.7103
6583,3.7101
6584,3.71
6585,3.7098
6586,3.7097
6587,3.7095
6588,3.7093
6589,3.7092
6590,3.7089
6591,3.7087
6592,3.7085
6593,3.7084
6594,3.7082
6595,3.7081
6596,3.7079
6597,3.7078
6598,3.7074
6599,3.7073
6600,3.7071
6601,3.707
6602,3.7068
6603,3.7066
6604,3.7065
6605,3.7063
6606,3.706
6607,3.7058
6608,3.7057
6609,3.7055
6610,3.7054
6611,3.7052
6612,3.7051
6613,3.7049
6614,3.7046
6615,3.7044
6616,3.7043
6617,3.7041
6618,3.7039
6619,3.7038
6620,3.7036
6621,3.7033
6622,3.7031
6623,3.703
6624,3.7028
6625,3.7027
6626,3.7025
6627,3.7023
6628,3.702
6629,3.7019
6630,3.7017
6631,3.7016
6632,3.7014
6633,3.7012
6634,3.7011
6635,3.7008
6636,3.7006
6637,3.7004
6638,3.7003
6639,3.7001
6640,3.7
6641,3.6998
6642,3.6996
6643,3.6993
6644,3.6992
6645,3.699
6646,3.6989
6647,3.6987
6648,3.6985
6649,3.6984
6650,3.6981
6651,3.6979
6652,3.6977
6653,3.6976
6654,3.6974
6655,3.6973
6656,3.6971
6657,3.6968
6658,3.6966
6659,3.6965
6660,3.6963
6661,3.6962
6662,3.696
6663,3.6958
6664,3.6955
6665,3.6954
6666,3.6952
6667,3.695
6668,3.6949
6669,3.6947
6670,3.6944
6671,3.6942
6672,3.6941
6673,3.6939
6674,3.6938
6675,3.6936
6676,3.6935
6677,3.6933
6678,3.693
6679,3.6928
6680,3.6927
6681,3.6925
6682,3.6923
6683,3.6922
6684,3.692
6685,3.6917
6686,3.6915
6687,3.6914
6688,3.6912
6689,3.6911
6690,3.6909
6691,3.6907
6692,3.6904
6693,3.6903
6694,3.6901
6695,3.69
6696,3.6898
6697,3.6896
6698,3.6893
6699,3.6892
6700,3.689
6701,3.6888
6702,3.6887
6703,3.6885
6704,3.6884
6705,3.688
6706,3.6879
6707,3.6877
6708,3.6876
6709,3.6874
6710,3.6873
6711,3.6871
6712,3.6868
6713,3.6866
6714,3.6865
6715,3.6863
6716,3.6861
6717,3.686
6718,3.6858
6719,3.6855
6720,3.6853
6721,3.6852
6722,3.685
6723,3.6849
6724,3.6847
6725,3.6846
6726,3.6842
6727,3.6841
6728,3.6839
6729,3.6838
6730,3.6836
6731,3.6834
6732,3.6831
6733,3.683
6734,3.6828
6735,3.6826
6736,3.6825
6737,3.6823
6738,3.6822
6739,3.6818
6740,3.6817
6741,3.6815
6742,3.6814
6743,3.6812
6744,3.6811
6745,3.6807
6746,3.6806
6747,3.6804
6748,3.6803
6749,3.6801
6750,3.6799
6751,3.6798
6752,3.6796
6753,3.6793
6754,3.6791
6755,3.679
6756,3.6788
6757,3.6787
6758,3.6785
6759,3.6784
6760,3.678
6761,3.6779
6762,3.6777
6763,3.6776
6764,3.6774
6765,3.6772
6766,3.6769
6767,3.6768
6768,3.6766
6769,3.6764
6770,3.6763
6771,3.6761
6772,3.676
6773,3.6758
6774,3.6755
6775,3.6753
6776,3.6752
6777,3.675
6778,3.6749
6779,3.6747
6780,3.6744
6781,3.6742
6782,3.6741
6783,3.6739
6784,3.6737
6785,3.6736
6786,3.6734
6787,3.6733
6788,3.673
6789,3.6728
6790,3.6726
6791,3.6725
6792,3.6723
6793,3.6722
6794,3.672
6795,3.6717
6796,3.6715
6797,3.6714
6798,3.6712
6799,3.671
6800,3.6709
6801,3.6707
6802,3.6704
6803,3.6702
6804,3.6701
6805,3.6699
6806,3.6698
6807,3.6696
6808,3.6695
6809,3.6693
6810,3.669
6811,3.6688
6812,3.6687
6813,3.6685
6814,3.6683
6815,3.6682
6816,3.668
6817,3.6677
6818,3.6675
6819,3.6674
6820,3.6672
6821,3.6671
6822,3.6669
6823,3.6668
6824,3.6666
6825,3.6663
6826,3.6661
6827,3.666
6828,3.6658
6829,3.6656
6830,3.6655
6831,3.6653
6832,3.6652
6833,3.6648
6834,3.6647
6835,3.6645
6836,3.6644
6837,3.6642
6838,3.6641
6839,3.6639
6840,3.6637
6841,3.6636
6842,3.6633
6843,3.6631
6844,3.6629
6845,3.6628
6846,3.6626
6847,3.6625
6848,3.6623
6849,3.6621
6850,3.662
6851,3.6617
6852,3.6615
6853,3.6613
6854,3.6612
6855,3.661
6856,3.6609
6857,3.6607
6858,3.6606
6859,3.6604
6860,3.6601
6861,3.6599
6862,3.6598
6863,3.6596
6864,3.6594
6865,3.6593
6866,3.6591
6867,3.659
6868,3.6588
6869,3.6586
6870,3.6583
6871,3.6582
6872,3.658
6873,3.6579
6874,3.6577
6875,3.6575
6876,3.6574
6877,3.6572
6878,3.6571
6879,3.6569
6880,3.6566
6881,3.6564
6882,3.6563
6883,3.6561
6884,3.6559
6885,3.6558
6886,3.6556
6887,3.6555
6888,3.6553
6889,3.6552
6890,3.6548
6891,3.6547
6892,3.6545
6893,3.6544
6894,3.6542
6895,3.654
6896,3.6539
6897,3.6537
6898,3.6536
6899,3.6534
6900,3.6532
6901,3.6529
6902,3.6528
6903,3.6526
6904,3.6524
6905,3.6523
6906,3.6521
6907,3.652
6908,3.6518
6909,3.6517
6910,3.6515
6911,3.6513
6912,3.6512
6913,3.651
6914,3.6507
6915,3.6505
6916,3.6504
6917,3.6502
6918,3.6501
6919,3.6499
6920,3.6497
6921,3.6496
6922,3.6494
6923,3.6493
6924,3.6491
6925,3.649
6926,3.6486
6927,3.6485
6928,3.6483
6929,3.6482
6930,3.648
6931,3.6478
6932,3.6477
6933,3.6475
6934,3.6474
6935,3.6472
6936,3.647
6937,3.6467
6938,3.6466
6939,3.6464
6940,3.6463
6941,3.6461
6942,3.6459
6943,3.6458
6944,3.6456
6945,3.6455
6946,3.6453
6947,3.6451
6948,3.645
6949,3.6447
6950,3.6445
6951,3.6443
6952,3.6442
6953,3.644
6954,3.6439
6955,3.6437
6956,3.6436
6957,3.6434
6958,3.6432
6959,3.6429
6960,3.6428
6961,3.6426
6962,3.6424
6963,3.6423
6964,3.6421
6965,3.642
6966,3.6418
6967,3.6416
6968,3.6415
6969,3.6413
6970,3.641
6971,3.6408
6972,3.6407
6973,3.6405
6974,3.6404
6975,3.6402
6976,3.6401
6977,3.6399
6978,3.6396
6979,3.6394
6980,3.6393
6981,3.6391
6982,3.6389
6983,3.6388
6984,3.6386
6985,3.6385
6986,3.6383
6987,3.638
6988,3.6378
6989,3.6377
6990,3.6375
6991,3.6374
6992,3.6372
6993,3.637
6994,3.6369
6995,3.6366
6996,3.6364
6997,3.6362
6998,3.6361
6999,3.6359
7000,3.6358
7001,3.6356
7002,3.6353
7003,3.6351
7004,3.635
7005,3.6348
7006,3.6347
7007,3.6345
7008,3.6343
7009,3.6342
7010,3.6339
7011,3.6337
7012,3.6335
7013,3.6334
7014,3.6332
7015,3.6331
7016,3.6327
7017,3.6326
7018,3.6324
7019,3.6323
7020,3.6321
7021,3.632
7022,3.6318
7023,3.6315
7024,3.6313
7025,3.6312
7026,3.631
7027,3.6308
7028,3.6307
7029,3.6304
7030,3.6302
7031,3.63
7032,3.6299
7033,3.6297
7034,3.6294
7035,3.6292
7036,3.6291
7037,3.6289
7038,3.6288
7039,3.6285
7040,3.6283
7041,3.6281
7042,3.628
7043,3.6277
7044,3.6275
7045,3.6273
7046,3.6272
7047,3.627
7048,3.6267
7049,3.6265
7050,3.6264
7051,3.6262
7052,3.6259
7053,3.6258
7054,3.6256
7055,3.6254
7056,3.6251
7057,3.625
7058,3.6248
7059,3.6246
7060,3.6243
7061,3.6242
7062,3.624
7063,3.6238
7064,3.6235
7065,3.6234
7066,3.6232
7067,3.6231
7068,3.6227
7069,3.6226
7070,3.6224
7071,3.6221
7072,3.6219
7073,3.6218
7074,3.6216
7075,3.6213
7076,3.6211
7077,3.621
7078,3.6207
7079,3.6205
7080,3.6203
7081,3.62
7082,3.6199
7083,3.6197
7084,3.6194
7085,3.6192
7086,3.6189
7087,3.6188
7088,3.6186
7089,3.6184
7090,3.6181
7091,3.618
7092,3.6176
7093,3.6175
7094,3.6173
7095,3.617
7096,3.6169
7097,3.6167
7098,3.6164
7099,3.6162
7100,3.6159
7101,3.6157
7102,3.6154
7103,3.6153
7104,3.6151
7105,3.6148
7106,3.6146
7107,3.6143
7108,3.6142
7109,3.6138
7110,3.6137
7111,3.6134
7112,3.6132
7113,3.6129
7114,3.6127
7115,3.6126
7116,3.6122
7117,3.6121
7118,3.6118
7119,3.6116
7120,3.6113
7121,3.6111
7122,3.6108
7123,3.6107
7124,3.6103
7125,3.61
7126,3.6099
7127,3.6095
7128,3.6094
7129,3.6091
7130,3.6089
7131,3.6086
7132,3.6084
7133,3.6081
7134,3.6078
7135,3.6076
7136,3.6073
7137,3.6072
7138,3.6068
7139,3.6065
7140,3.6064
7141,3.606
7142,3.6057
7143,3.6056
7144,3.6053
7145,3.6049
7146,3.6048
7147,3.6045
7148,3.6041
7149,3.604
7150,3.6037
7151,3.6033
7152,3.603
7153,3.6029
7154,3.6026
7155,3.6022
7156,3.6019
7157,3.6018
7158,3.6014
7159,3.6011
7160,3.6008
7161,3.6005
7162,3.6003
7163,3.6
7164,3.5997
7165,3.5994
7166,3.5991
7167,3.5989
7168,3.5986
7169,3.5983
7170,3.5979
7171,3.5976
7172,3.5973
7173,3.597
7174,3.5967
7175,3.5964
7176,3.596
7177,3.5959
7178,3.5956
7179,3.5952
7180,3.5949
7181,3.5946
7182,3.5943
7183,3.594
7184,3.5937
7185,3.5933
7186,3.593
7187,3.5927
7188,3.5922
7189,3.5919
7190,3.5916
7191,3.5913
7192,3.5909
7193,3.5906
7194,3.5903
7195,3.59
7196,3.5897
7197,3.5892
7198,3.5889
7199,3.5886
7200,3.5882
7201,3.5879
7202,3.5876
7203,3.5871
7204,3.5868
7205,3.5865
7206,3.5862
7207,3.5857
7208,3.5854
7209,3.5851
7210,3.5846
7211,3.5843
7212,3.584
7213,3.5835
7214,3.5832
7215,3.5828
7216,3.5824
7217,3.5821
7218,3.5817
7219,3.5813
7220,3.5809
7221,3.5805
7222,3.5801
7223,3.5797
7224,3.5793
7225,3.5789
7226,3.5786
7227,3.5781
7228,3.5778
7229,3.5773
7230,3.577
7231,3.5765
7232,3.5762
7233,3.5757
7234,3.5752
7235,3.5749
7236,3.5744
7237,3.5739
7238,3.5736
7239,3.5732
7240,3.5727
7241,3.5724
7242,3.5719
7243,3.5714
7244,3.5709
7245,3.5706
7246,3.5701
7247,3.5697
7248,3.5692
7249,3.5689
7250,3.5684
7251,3.5679
7252,3.5674
7253,3.567
7254,3.5665
7255,3.566
7256,3.5655
7257,3.5652
7258,3.5647
7259,3.5643
7260,3.5638
7261,3.5633
7262,3.5628
7263,3.5623
7264,3.5619
7265,3.5614
7266,3.5609
7267,3.5603
7268,3.5598
7269,3.5595
7270,3.5588
7271,3.5584
7272,3.5579
7273,3.5574
7274,3.5569
7275,3.5565
7276,3.556
7277,3.5554
7278,3.5549
7279,3.5544
7280,3.5539
7281,3.5534
7282,3.5528
7283,3.5523
7284,3.5519
7285,3.5514
7286,3.5507
7287,3.5503
7288,3.5498
7289,3.5492
7290,3.5487
7291,3.5482
7292,3.5476
7293,3.5471
7294,3.5466
7295,3.546
7296,3.5455
7297,3.545
7298,3.5444
7299,3.5439
7300,3.5434
7301,3.5428
7302,3.5423
7303,3.5417
7304,3.5412
7305,3.5406
7306,3.5401
7307,3.5396
7308,3.539
7309,3.5385
7310,3.5379
7311,3.5374
7312,3.5368
7313,3.5363
7314,3.5356
7315,3.5352
7316,3.5345
7317,3.5341
7318,3.5334
7319,3.5329
7320,3.5323
7321,3.5318
7322,3.5312
7323,3.5307
7324,3.5301
7325,3.5296
7326,3.529
7327,3.5285
7328,3.5279
7329,3.5274
7330,3.5267
7331,3.5261
7332,3.5256
7333,3.525
7334,3.5245
7335,3.5239
7336,3.5234
7337,3.5228
7338,3.5221
7339,3.5217
7340,3.521
7341,3.5205
7342,3.5199
7343,3.5193
7344,3.5188
7345,3.5182
7346,3.5175
7347,3.5171
7348,3.5164
7349,3.5158
7350,3.5151
7351,3.5147
7352,3.514
7353,3.5134
7354,3.5129
7355,3.5123
7356,3.5116
7357,3.511
7358,3.5104
7359,3.5099
7360,3.5093
7361,3.5086
7362,3.508
7363,3.5074
7364,3.5067
7365,3.5061
7366,3.5055
7367,3.5048
7368,3.5042
7369,3.5035
7370,3.5029
7371,3.5023
7372,3.5015
7373,3.5008
7374,3.5002
7375,3.4996
7376,3.4989
7377,3.4981
7378,3.4975
7379,3.4969
7380,3.4961
7381,3.4954
7382,3.4946
7383,3.494
7384,3.4932
7385,3.4926
7386,3.4918
7387,3.4911
7388,3.4904
7389,3.4896
7390,3.4888
7391,3.4881
7392,3.4873
7393,3.4865
7394,3.4857
7395,3.485
7396,3.4842
7397,3.4834
7398,3.4826
7399,3.4818
7400,3.4808
7401,3.48
7402,3.4792
7403,3.4783
7404,3.4775
7405,3.4765
7406,3.4757
7407,3.4748
7408,3.474
7409,3.473
7410,3.4721
7411,3.4711
7412,3.4702
7413,3.4692
7414,3.4683
7415,3.4673
7416,3.4664
7417,3.4654
7418,3.4645
7419,3.4633
7420,3.4624
7421,3.4613
7422,3.4603
7423,3.4592
7424,3.4581
7425,3.457
7426,3.456
7427,3.4549
7428,3.4538
7429,3.4527
7430,3.4514
7431,3.4503
7432,3.4492
7433,3.4479
7434,3.4468
7435,3.4455
7436,3.4444
7437,3.4432
7438,3.4419
7439,3.4406
7440,3.4393
7441,3.4381
7442,3.4368
7443,3.4355
7444,3.4341
7445,3.4328
7446,3.4316
7447,3.4301
7448,3.4287
7449,3.4274
7450,3.426
7451,3.4246
7452,3.4231
7453,3.4217
7454,3.4201
7455,3.4187
7456,3.4171
7457,3.4157
7458,3.4141
7459,3.4126
7460,3.4111
7461,3.4095
7462,3.4079
7463,3.4063
7464,3.4047
7465,3.403
7466,3.4014
7467,3.3998
7468,3.398
7469,3.3963
7470,3.3945
7471,3.3929
7472,3.3912
7473,3.3893
7474,3.3875
7475,3.3858
7476,3.3839
7477,3.3821
7478,3.3802
7479,3.3785
7480,3.3766
7481,3.3747
7482,3.3726
7483,3.3707
7484,3.3688
7485,3.3667
7486,3.3648
7487,3.3627
7488,3.3608
7489,3.3588
7490,3.3567
7491,3.3546
7492,3.3524
7493,3.3503
7494,3.3483
7495,3.3461
7496,3.3438
7497,3.3416
7498,3.3394
7499,3.3372
7500,3.3349
7501,3.3326
7502,3.3303
7503,3.3279
7504,3.3256
7505,3.3232
7506,3.3208
7507,3.3184
7508,3.316
7509,3.3135
7510,3.3109
7511,3.3084
7512,3.3059
7513,3.3033
7514,3.3008
7515,3.2981
7516,3.2955
7517,3.2928
7518,3.2901
7519,3.2874
7520,3.2847
7521,3.2819
7522,3.2792
7523,3.2763
7524,3.2734
7525,3.2706
7526,3.2676
7527,3.2647
7528,3.2617
7529,3.2587
7530,3.2556
7531,3.2526
7532,3.2494
7533,3.2464
7534,3.2432
7535,3.2401
7536,3.2369
7537,3.2335
7538,3.2302
7539,3.227
7540,3.2235
7541,3.2202
7542,3.2169
7543,3.2134
7544,3.2099
7545,3.2062
7546,3.2027
7547,3.1991
7548,3.1954
7549,3.1917
7550,3.1881
7551,3.1843
7552,3.1805
7553,3.1767
7554,3.1727
7555,3.1687
7556,3.1647
7557,3.1608
7558,3.1566
7559,3.1525
7560,3.1484
7561,3.1442
7562,3.1399
7563,3.1357
7564,3.1314
7565,3.1269
7566,3.1225
7567,3.118
7568,3.1134
7569,3.1088
7570,3.1042
7571,3.0996
7572,3.0947
7573,3.0899
7574,3.085
7575,3.0802
7576,3.0751
7577,3.0702
7578,3.0651
7579,3.0598
7580,3.0546
7581,3.0494
7582,3.0441
7583,3.0387
7584,3.0331
7585,3.0276
7586,3.022
7587,3.0165
7588,3.0106
7589,3.0049
7590,2.999
7591,2.9929
7592,2.9871
7593,2.9809
7594,2.9747
7595,2.9685
7596,2.9621
7597,2.9558
7598,2.9492
7599,2.9426
7600,2.9359
7601,2.9292
7602,2.9222
7603,2.9154
7604,2.9082
7605,2.9011
7606,2.8939
7607,2.8866
7608,2.8792
7609,2.8715
7610,2.8639
7611,2.8561
7612,2.8483
7613,2.8404
7614,2.8323
7615,2.824
7616,2.8157
7617,2.8073
7618,2.7987
7619,2.79
7620,2.7813
7621,2.7724
7622,2.7633
7623,2.7541
7624,2.7447
7625,2.7353
7626,2.7258
7627,2.7161
7628,2.7063
7629,2.6962
7630,2.6862
7631,2.6761
7632,2.6657
7633,2.6552
7634,2.6448
7635,2.6341
7636,2.6233
7637,2.6125
7638,2.6014
7639,2.5902
7640,2.579
7641,2.5677
7642,2.5561
7643,2.5445
7644,2.5327
7645,2.5208
7646,2.5089
7647,2.5
7648,2.5133
7649,2.6165
7650,2.7198
7651,2.8199
7652,2.89
7653,2.9915
7654,3.0702
7655,3.1705
7656,3.1814
7657,3.2591
7658,3.3176
7659,3.3615
7660,3.3936
7661,3.4168
7662,3.4327
7663,3.4436
7664,3.4514
7665,3.4571
7666,3.4616
7667,3.4651
7668,3.4679
7669,3.4703
7670,3.4724
7671,3.4743
7672,3.4759
7673,3.4773
7674,3.4788
7675,3.4799
7676,3.481
7677,3.4821
7678,3.483
7679,3.4838
7680,3.4846
7681,3.4854
7682,3.4862
7683,3.4869
7684,3.4875
7685,3.4881
7686,3.4888
7687,3.4894
7688,3.4899
7689,3.4904
7690,3.491
7691,3.4915
7692,3.4919
7693,3.4923
7694,3.4927
7695,3.4932
7696,3.4935
7697,3.494
7698,3.4943
7699,3.4946
7700,3.4951
7701,3.4954
7702,3.4958
7703,3.4961
7704,3.4964
7705,3.4967
7706,3.497
7707,3.4973
7708,3.4975
7709,3.4978
7710,3.4981
7711,3.4985
7712,3.4986
7713,3.4989
7714,3.4991
7715,3.4994
7716,3.4996
7717,3.4999
7718,3.5
7719,3.5004
7720,3.5005
7721,3.5008
7722,3.501
7723,3.5012
7724,3.5013
7725,3.5016
7726,3.5018
7727,3.502
7728,3.5021
7729,3.5024
7730,3.5026
7731,3.5028
7732,3.5029
7733,3.5031
7734,3.5032
7735,3.5034
7736,3.5035
7737,3.5037
7738,3.5039
7739,3.504
7740,3.5042
7741,3.5043
7742,3.5045
7743,3.5047
7744,3.5048
7745,3.505
7746,3.5051
7747,3.5053
7748,3.5055
7749,3.5056
7750,3.5058
7751,3.5058
7752,3.5059
7753,3.5061
7754,3.5062
7755,3.5064
7756,3.5066
7757,3.5066
7758,3.5067
7759,3.5069
7760,3.507
7761,3.507
7762,3.5072
7763,3.5074
7764,3.5075
7765,3.5075
7766,3.5077
7767,3.5078
7768,3.5078
7769,3.508
7770,3.5082
7771,3.5083
7772,3.5083
7773,3.5085
7774,3.5085
7775,3.5086
7776,3.5088
7777,3.5088
7778,3.5089
7779,3.5091
7780,3.5091
7781,3.5093
7782,3.5094
7783,3.5094
7784,3.5096
7785,3.5096
7786,3.5097
7787,3.5097
7788,3.5099
7789,3.5101
7790,3.5101
7791,3.5102
7792,3.5102
7793,3.5104
7794,3.5104
7795,3.5105
7796,3.5105
7797,3.5107
7798,3.5109
7799,3.5109
7800,3.511
7801,3.511
7802,3.511
7803,3.5112
7804,3.5113
7805,3.5113
7806,3.5115
7807,3.5115
7808,3.5116
7809,3.5116
7810,3.5118
7811,3.5118
7812,3.5118
7813,3.512
7814,3.512
7815,3.5121
7816,3.5121
7817,3.5123
7818,3.5123
7819,3.5124
7820,3.5124
7821,3.5124
7822,3.5126
7823,3.5126
7824,3.5128
7825,3.5128
7826,3.5129
7827,3.5129
7828,3.5129
7829,3.5131
7830,3.5131
7831,3.5132
7832,3.5132
7833,3.5134
7834,3.5214
7835,3.5605
7836,3.5641
7837,3.5664
7838,3.5678
7839,3.5691
7840,3.5702
7841,3.5711
7842,3.5719
7843,3.5726
7844,3.5734
7845,3.574
7846,3.5746
7847,3.5751
7848,3.5757
7849,3.5762
7850,3.5767
7851,3.5772
7852,3.5776
7853,3.5781
7854,3.5784
7855,3.5789
7856,3.5794
7857,3.5797
7858,3.5802
7859,3.5805
7860,3.581
7861,3.5813
7862,3.5816
7863,3.5819
7864,3.5824
7865,3.5827
7866,3.583
7867,3.5834
7868,3.5837
7869,3.584
7870,3.5843
7871,3.5846
7872,3.585
7873,3.5853
7874,3.5856
7875,3.5859
7876,3.5862
7877,3.5865
7878,3.5869
7879,3.5872
7880,3.5875
7881,3.5877
7882,3.588
7883,3.5883
7884,3.5886
7885,3.5888
7886,3.5891
7887,3.5894
7888,3.5896
7889,3.5899
7890,3.5902
7891,3.5904
7892,3.5907
7893,3.591
7894,3.5911
7895,3.5915
7896,3.5916
7897,3.5919
7898,3.5921
7899,3.5924
7900,3.5927
7901,3.5929
7902,3.5932
7903,3.5934
7904,3.5935
7905,3.5938
7906,3.594
7907,3.5943
7908,3.5945
7909,3.5948
7910,3.595
7911,3.5953
7912,3.5954
7913,3.5956
7914,3.5959
7915,3.5961
7916,3.5962
7917,3.5966
7918,3.5967
7919,3.5969
7920,3.5972
7921,3.5973
7922,3.5975
7923,3.5978
7924,3.598
7925,3.5981
7926,3.5983
7927,3.5986
7928,3.5988
7929,3.5989
7930,3.5991
7931,3.5994
7932,3.5996
7933,3.5997
7934,3.5999
7935,3.6
7936,3.6004
7937,3.6005
7938,3.6007
7939,3.6008
7940,3.601
7941,3.6013
7942,3.6015
7943,3.6016
7944,3.6018
7945,3.602
7946,3.6021
7947,3.6023
7948,3.6024
7949,3.6027
7950,3.6029
7951,3.6031
7952,3.6032
7953,3.6034
7954,3.6035
7955,3.6037
7956,3.6039
7957,3.604
7958,3.6042
7959,3.6043
7960,3.6047
7961,3.6048
7962,3.605
7963,3.6051
7964,3.6053
7965,3.6054
7966,3.6056
7967,3.6058
7968,3.6059
7969,3.6061
7970,3.6062
7971,3.6064
7972,3.6066
7973,3.6067
7974,3.6069
7975,3.607
7976,3.6072
7977,3.6074
7978,3.6075
7979,3.6077
7980,3.6078
7981,3.608
7982,3.6081
7983,3.6083
7984,3.6085
7985,3.6086
7986,3.6088
7987,3.6088
7988,3.6089
7989,3.6091
7990,3.6093
7991,3.6094
7992,3.6096
7993,3.6097
7994,3.6099
7995,3.6101
7996,3.6102
7997,3.6104
7998,3.6105
7999,3.6107
8000,3.6108
8001,3.611
8002,3.6112
8003,3.6113
8004,3.6115
8005,3.6115
8006,3.6116
8007,3.6118
8008,3.612
8009,3.6121
8010,3.6123
8011,3.6124
8012,3.6126
8013,3.6128
8014,3.6129
8015,3.6131
8016,3.6131
8017,3.6132
8018,3.6134
8019,3.6135
8020,3.6137
8021,3.6139
8022,3.614
8023,3.6142
8024,3.6143
8025,3.6143
8026,3.6145
8027,3.6147
8028,3.6148
8029,3.615
8030,3.6151
8031,3.6153
8032,3.6155
8033,3.6155
8034,3.6156
8035,3.6158
8036,3.6159
8037,3.6161
8038,3.6163
8039,3.6164
8040,3.6164
8041,3.6166
8042,3.6167
8043,3.6169
8044,3.617
8045,3.6172
8046,3.6174
8047,3.6174
8048,3.6175
8049,3.6177
8050,3.6178
8051,3.618
8052,3.6182
8053,3.6183
8054,3.6183
8055,3.6185
8056,3.6186
8057,3.6188
8058,3.619
8059,3.6191
8060,3.6193
8061,3.6193
8062,3.6194
8063,3.6196
8064,3.6197
8065,3.6199
8066,3.6201
8067,3.6201
8068,3.6202
8069,3.6204
8070,3.6205
8071,3.6207
8072,3.6209
8073,3.621
8074,3.621
8075,3.6212
8076,3.6213
8077,3.6215
8078,3.6217
8079,3.6218
8080,3.6218
8081,3.622
8082,3.6221
8083,3.6223
8084,3.6224
8085,3.6226
8086,3.6226
8087,3.6228
8088,3.6229
8089,3.6231
8090,3.6232
8091,3.6234
8092,3.6234
8093,3.6236
8094,3.6237
8095,3.6239
8096,3.624
8097,3.6242
8098,3.6242
8099,3.6244
8100,3.6245
8101,3.6247
8102,3.6248
8103,3.625
8104,3.625
8105,3.6251
8106,3.6253
8107,3.6255
8108,3.6256
8109,3.6258
8110,3.6258
8111,3.6259
8112,3.6261
8113,3.6263
8114,3.6264
8115,3.6266
8116,3.6266
8117,3.6267
8118,3.6269
8119,3.6271
8120,3.6272
8121,3.6272
8122,3.6274
8123,3.6275
8124,3.6277
8125,3.6278
8126,3.6278
8127,3.628
8128,3.6282
8129,3.6283
8130,3.6285
8131,3.6286
8132,3.6286
8133,3.6288
8134,3.629
8135,3.6291
8136,3.6293
8137,3.6293
8138,3.6294
8139,3.6296
8140,3.6298
8141,3.6299
8142,3.6301
8143,3.6301
8144,3.6302
8145,3.6304
8146,3.6305
8147,3.6307
8148,3.6309
8149,3.6309
8150,3.631
8151,3.6312
8152,3.6313
8153,3.6313
8154,3.6315
8155,3.6317
8156,3.6318
8157,3.632
8158,3.6321
8159,3.6321
8160,3.6323
8161,3.6325
8162,3.6326
8163,3.6328
8164,3.6328
8165,3.6329
8166,3.6331
8167,3.6332
8168,3.6334
8169,3.6336
8170,3.6336
8171,3.6337
8172,3.6339
8173,3.634
8174,3.634
8175,3.6342
8176,3.6344
8177,3.6345
8178,3.6347
8179,3.6348
8180,3.6348
8181,3.635
8182,3.6352
8183,3.6353
8184,3.6355
8185,3.6355
8186,3.6356
8187,3.6358
8188,3.636
8189,3.636
8190,3.6361
8191,3.6363
8192,3.6364
8193,3.6366
8194,3.6366
8195,3.6367
8196,3.6369
8197,3.6371
8198,3.6372
8199,3.6372
8200,3.6374
8201,3.6375
8202,3.6377
8203,3.6379
8204,3.6379
8205,3.638
8206,3.6382
8207,3.6383
8208,3.6385
8209,3.6385
8210,3.6387
8211,3.6388
8212,3.639
8213,3.6391
8214,3.6391
8215,3.6393
8216,3.6394
8217,3.6396
8218,3.6396
8219,3.6398
8220,3.6399
8221,3.6401
8222,3.6402
8223,3.6402
8224,3.6404
8225,3.6406
8226,3.6407
8227,3.6407
8228,3.6409
8229,3.641
8230,3.6412
8231,3.6414
8232,3.6414
8233,3.6415
8234,3.6417
8235,3.6418
8236,3.6418
8237,3.642
8238,3.6421
8239,3.6423
8240,3.6425
8241,3.6425
8242,3.6426
8243,3.6428
8244,3.6429
8245,3.6429
8246,3.6431
8247,3.6433
8248,3.6434
8249,3.6436
8250,3.6436
8251,3.6437
8252,3.6439
8253,3.6441
8254,3.6441
8255,3.6442
8256,3.6444
8257,3.6445
8258,3.6447
8259,3.6447
8260,3.6448
8261,3.645
8262,3.6452
8263,3.6452
8264,3.6453
8265,3.6455
8266,3.6456
8267,3.6456
8268,3.6458
8269,3.646
8270,3.6461
8271,3.6461
8272,3.6463
8273,3.6464
8274,3.6466
8275,3.6468
8276,3.6468
8277,3.6469
8278,3.6471
8279,3.6472
8280,3.6472
8281,3.6474
8282,3.6475
8283,3.6477
8284,3.6477
8285,3.6479
8286,3.648
8287,3.6482
8288,3.6483
8289,3.6483
8290,3.6485
8291,3.6487
8292,3.6488
8293,3.6488
8294,3.649
8295,3.6491
8296,3.6493
8297,3.6493
8298,3.6495
8299,3.6496
8300,3.6498
8301,3.6498
8302,3.6499
8303,3.6501
8304,3.6502
8305,3.6502
8306,3.6504
8307,3.6506
8308,3.6507
8309,3.6507
8310,3.6509
8311,3.651
8312,3.6512
8313,3.6512
8314,3.6514
8315,3.6515
8316,3.6517
8317,3.6517
8318,3.6518
8319,3.652
8320,3.6522
8321,3.6522
8322,3.6523
8323,3.6525
8324,3.6526
8325,3.6526
8326,3.6528
8327,3.6529
8328,3.6531
8329,3.6531
8330,3.6533
8331,3.6534
8332,3.6536
8333,3.6536
8334,3.6537
8335,3.6539
8336,3.6541
8337,3.6542
8338,3.6542
8339,3.6544
8340,3.6545
8341,3.6545
8342,3.6547
8343,3.6549
8344,3.655
8345,3.655
8346,3.6552
8347,3.6553
8348,3.6555
8349,3.6555
8350,3.6557
8351,3.6558
8352,3.656
8353,3.656
8354,3.6561
8355,3.6563
8356,3.6564
8357,3.6564
8358,3.6566
8359,3.6568
8360,3.6569
8361,3.6569
8362,3.6571
8363,3.6572
8364,3.6574
8365,3.6574
8366,3.6576
8367,3.6577
8368,3.6579
8369,3.6579
8370,3.658
8371,3.6582
8372,3.6584
8373,3.6584
8374,3.6585
8375,3.6587
8376,3.6587
8377,3.6588
8378,3.659
8379,3.6591
8380,3.6591
8381,3.6593
8382,3.6595
8383,3.6596
8384,3.6596
8385,3.6598
8386,3.6599
8387,3.6599
8388,3.6601
8389,3.6603
8390,3.6604
8391,3.6604
8392,3.6606
8393,3.6607
8394,3.6609
8395,3.6609
8396,3.6611
8397,3.6612
8398,3.6614
8399,3.6614
8400,3.6615
8401,3.6617
8402,3.6618
8403,3.6618
8404,3.662
8405,3.6622
8406,3.6623
8407,3.6623
8408,3.6625
8409,3.6626
8410,3.6626
8411,3.6628
8412,3.663
8413,3.6631
8414,3.6631
8415,3.6633
8416,3.6634
8417,3.6634
8418,3.6636
8419,3.6638
8420,3.6638
8421,3.6639
8422,3.6641
8423,3.6642
8424,3.6644
8425,3.6644
8426,3.6645
8427,3.6647
8428,3.6647
8429,3.6649
8430,3.665
8431,3.6652
8432,3.6652
8433,3.6653
8434,3.6655
8435,3.6657
8436,3.6657
8437,3.6658
8438,3.666
8439,3.666
8440,3.6661
8441,3.6663
8442,3.6665
8443,3.6665
8444,3.6666
8445,3.6668
8446,3.6669
8447,3.6669
8448,3.6671
8449,3.6672
8450,3.6672
8451,3.6674
8452,3.6676
8453,3.6677
8454,3.6677
8455,3.6679
8456,3.668
8457,3.6682
8458,3.6682
8459,3.6684
8460,3.6685
8461,3.6685
8462,3.6687
8463,3.6688
8464,3.669
8465,3.669
8466,3.6692
8467,3.6693
8468,3.6695
8469,3.6695
8470,3.6696
8471,3.6698
8472,3.6698
8473,3.6699
8474,3.6701
8475,3.6703
8476,3.6703
8477,3.6704
8478,3.6706
8479,3.6706
8480,3.6707
8481,3.6709
8482,3.6711
8483,3.6711
8484,3.6712
8485,3.6714
8486,3.6715
8487,3.6715
8488,3.6717
8489,3.6719
8490,3.6719
8491,3.672
8492,3.6722
8493,3.6723
8494,3.6723
8495,3.6725
8496,3.6726
8497,3.6728
8498,3.6728
8499,3.673
8500,3.6731
8501,3.6733
8502,3.6733
8503,3.6734
8504,3.6736
8505,3.6738
8506,3.6738
8507,3.6739
8508,3.6741
8509,3.6741
8510,3.6742
8511,3.6744
8512,3.6746
8513,3.6746
8514,3.6747
8515,3.6749
8516,3.6749
8517,3.675
8518,3.6752
8519,3.6754
8520,3.6755
8521,3.6755
8522,3.6757
8523,3.6758
8524,3.6758
8525,3.676
8526,3.6761
8527,3.6763
8528,3.6763
8529,3.6765
8530,3.6766
8531,3.6768
8532,3.6768
8533,3.6769
8534,3.6771
8535,3.6773
8536,3.6773
8537,3.6774
8538,3.6776
8539,3.6776
8540,3.6777
8541,3.6779
8542,3.6781
8543,3.6781
8544,3.6782
8545,3.6784
8546,3.6785
8547,3.6785
8548,3.6787
8549,3.6788
8550,3.679
8551,3.679
8552,3.6792
8553,3.6793
8554,3.6795
8555,3.6796
8556,3.6796
8557,3.6798
8558,3.68
8559,3.6801
8560,3.6801
8561,3.6803
8562,3.6804
8563,3.6806
8564,3.6806
8565,3.6808
8566,3.6809
8567,3.6811
8568,3.6811
8569,3.6812
8570,3.6814
8571,3.6815
8572,3.6815
8573,3.6817
8574,3.6819
8575,3.682
8576,3.682
8577,3.6822
8578,3.6823
8579,3.6825
8580,3.6825
8581,3.6827
8582,3.6828
8583,3.683
8584,3.683
8585,3.6831
8586,3.6833
8587,3.6835
8588,3.6836
8589,3.6836
8590,3.6838
8591,3.6839
8592,3.6841
8593,3.6841
8594,3.6842
8595,3.6844
8596,3.6846
8597,3.6847
8598,3.6847
8599,3.6849
8600,3.685
8601,3.6852
8602,3.6852
8603,3.6854
8604,3.6855
8605,3.6857
8606,3.6858
8607,3.6858
8608,3.686
8609,3.6862
8610,3.6863
8611,3.6863
8612,3.6865
8613,3.6866
8614,3.6868
8615,3.6869
8616,3.6871
8617,3.6871
8618,3.6873
8619,3.6874
8620,3.6876
8621,3.6876
8622,3.6877
8623,3.6879
8624,3.6881
8625,3.6882
8626,3.6882
8627,3.6884
8628,3.6885
8629,3.6887
8630,3.6889
8631,3.689
8632,3.689
8633,3.6892
8634,3.6893
8635,3.6895
8636,3.6896
8637,3.6896
8638,3.6898
8639,3.69
8640,3.6901
8641,3.6903
8642,3.6904
8643,3.6904
8644,3.6906
8645,3.6908
8646,3.6909
8647,3.6911
8648,3.6911
8649,3.6912
8650,3.6914
8651,3.6916
8652,3.6917
8653,3.6919
8654,3.6919
8655,3.692
8656,3.6922
8657,3.6923
8658,3.6925
8659,3.6927
8660,3.6928
8661,3.6928
8662,3.693
8663,3.6931
8664,3.6933
8665,3.6935
8666,3.6936
8667,3.6936
8668,3.6938
8669,3.6939
8670,3.6941
8671,3.6943
8672,3.6944
8673,3.6944
8674,3.6946
8675,3.6947
8676,3.6949
8677,3.695
8678,3.6952
8679,3.6954
8680,3.6955
8681,3.6955
8682,3.6957
8683,3.6958
8684,3.696
8685,3.6962
8686,3.6963
8687,3.6965
8688,3.6965
8689,3.6966
8690,3.6968
8691,3.697
8692,3.6971
8693,3.6973
8694,3.6974
8695,3.6976
8696,3.6978
8697,3.6978
8698,3.6979
8699,3.6981
8700,3.6982
8701,3.6984
8702,3.6985
8703,3.6987
8704,3.6989
8705,3.6989
8706,3.699
8707,3.6992
8708,3.6993
8709,3.6995
8710,3.6997
8711,3.6998
8712,3.7
8713,3.7001
8714,3.7003
8715,3.7003
8716,3.7005
8717,3.7006
8718,3.7008
8719,3.7009
8720,3.7011
8721,3.7012
8722,3.7014
8723,3.7016
8724,3.7017
8725,3.7019
8726,3.702
8727,3.7022
8728,3.7022
8729,3.7024
8730,3.7025
8731,3.7027
8732,3.7028
8733,3.703
8734,3.7032
8735,3.7033
8736,3.7035
8737,3.7036
8738,3.7038
8739,3.7039
8740,3.7041
8741,3.7043
8742,3.7043
8743,3.7044
8744,3.7046
8745,3.7047
8746,3.7049
8747,3.7051
8748,3.7052
8749,3.7054
8750,3.7055
8751,3.7057
8752,3.7059
8753,3.706
8754,3.7062
8755,3.7063
8756,3.7065
8757,3.7066
8758,3.7068
8759,3.7068
8760,3.707
8761,3.7071
8762,3.7073
8763,3.7074
8764,3.7076
8765,3.7078
8766,3.7079
8767,3.7081
8768,3.7082
8769,3.7084
8770,3.7086
8771,3.7087
8772,3.7089
8773,3.709
8774,3.7092
8775,3.7093
8776,3.7095
8777,3.7095
8778,3.7097
8779,3.7093
8780,3.7093
8781,3.7093
8782,3.7093
8783,3.7093
8784,3.7093
8785,3.7093
8786,3.7093
8787,3.7093
8788,3.7093
8789,3.7093
8790,3.7093
8791,3.7093
8792,3.7093
8793,3.7093
8794,3.7093
8795,3.7093
8796,3.7093
8797,3.7093
8798,3.7093
8799,3.7093
8800,3.7093
8801,3.7093
8802,3.7093
8803,3.7093
8804,3.7093
8805,3.7093
8806,3.7093
8807,3.7093
8808,3.7093
8809,3.7093
8810,3.7093
8811,3.7093
8812,3.7073
8813,3.7065
8814,3.7062
8815,3.706
8816,3.7058
8817,3.7057
8818,3.7055
8819,3.7055
8820,3.7054
8821,3.7054
8822,3.7052
8823,3.7052
8824,3.7052
8825,3.7051
8826,3.7051
8827,3.7051
8828,3.7049
8829,3.7049
8830,3.7049
8831,3.7049
8832,3.7047
8833,3.7047
8834,3.7047
8835,3.7047
8836,3.7046
8837,3.7046
8838,3.7046
8839,3.7046
8840,3.7046
8841,3.7046
8842,3.7044
8843,3.7046
8844,3.7044
8845,3.7044
8846,3.7044
8847,3.7044
8848,3.7044
8849,3.7044
8850,3.7043
8851,3.7043
8852,3.7043
8853,3.7043
8854,3.7043
8855,3.7043
8856,3.7043
8857,3.7043
8858,3.7043
8859,3.7043
8860,3.7043
8861,3.7043
8862,3.7041
8863,3.7041
8864,3.7041
8865,3.7041
8866,3.7041
8867,3.7041
8868,3.7041
8869,3.7041
8870,3.7041
8871,3.7041
8872,3.7041
8873,3.7041
8874,3.7041
8875,3.7041
8876,3.7039
8877,3.7041
8878,3.7039
8879,3.7039
8880,3.7039
8881,3.7039
8882,3.7039
8883,3.7039
8884,3.7039
8885,3.7039
8886,3.7039
8887,3.7039
8888,3.7039
8889,3.7039
8890,3.7039
8891,3.7039
8892,3.7039
8893,3.7039
8894,3.7039
8895,3.7039
8896,3.7039
8897,3.7039
8898,3.7039
8899,3.7039
8900,3.7038
8901,3.7039
8902,3.7038
8903,3.7038
8904,3.7038
8905,3.7038
8906,3.7038
8907,3.7038
8908,3.7038
8909,3.7038
8910,3.7038
8911,3.7038
8912,3.7038
8913,3.7038
8914,3.7038
8915,3.7038
8916,3.7038
8917,3.7038
8918,3.7038
8919,3.7038
8920,3.7038
8921,3.7038
8922,3.7038
8923,3.7038
8924,3.7038
8925,3.7038
8926,3.7038
8927,3.7038
8928,3.7038
8929,3.7038
8930,3.7038
8931,3.7038
8932,3.7038
8933,3.7038
8934,3.7038
8935,3.7038
8936,3.7038
8937,3.7038
8938,3.7038
8939,3.7038
8940,3.7038
8941,3.7038
8942,3.7038
8943,3.7038
8944,3.7038
8945,3.7038
8946,3.7038
8947,3.7038
8948,3.7038
8949,3.7036
8950,3.7038
8951,3.7038
8952,3.7038
8953,3.7038
8954,3.7038
8955,3.7038
8956,3.7036
8957,3.7038
8958,3.7038
8959,3.7036
8960,3.7036
8961,3.7038
8962,3.7038
8963,3.7036
8964,3.7036
8965,3.7036
8966,3.7036
8967,3.7036
8968,3.7036
8969,3.7036
8970,3.7036
8971,3.7036
8972,3.7036
8973,3.7036
8974,3.7036
8975,3.7036
8976,3.7036
8977,3.7036
8978,3.7036
8979,3.7036
8980,3.7036
8981,3.7036
8982,3.7036
8983,3.7036
8984,3.7036
8985,3.7036
8986,3.7036
8987,3.7036
8988,3.7036
8989,3.7036
8990,3.7036
8991,3.7036
8992,3.7036
