,voltage
0,3.4161
1,3.4161
2,3.4161
3,3.4161
4,3.4161
5,3.4161
6,3.4161
7,3.4161
8,3.4161
9,3.4161
10,3.4161
11,3.4161
12,3.4161
13,3.4161
14,3.4161
15,3.4161
16,3.4161
17,3.4161
18,3.4161
19,3.4161
20,3.4161
21,3.4161
22,3.4161
23,3.4161
24,3.4161
25,3.4161
26,3.4161
27,3.4161
28,3.4161
29,3.4161
30,3.4161
31,3.4161
32,3.4161
33,3.4161
34,3.4161
35,3.4161
36,3.4161
37,3.4161
38,3.4161
39,3.4161
40,3.4161
41,3.4161
42,3.4161
43,3.4161
44,3.4161
45,3.4161
46,3.4161
47,3.4161
48,3.4161
49,3.4161
50,3.4161
51,3.4161
52,3.4161
53,3.4161
54,3.4161
55,3.4161
56,3.4161
57,3.4161
58,3.4161
59,3.4161
60,3.4161
61,3.5424
62,3.6453
63,3.6611
64,3.6547
65,3.6511
66,3.6485
67,3.6468
68,3.6455
69,3.6444
70,3.6436
71,3.643
72,3.6425
73,3.642
74,3.6417
75,3.6415
76,3.6412
77,3.641
78,3.641
79,3.6409
80,3.6409
81,3.6407
82,3.6409
83,3.6409
84,3.6409
85,3.6409
86,3.641
87,3.641
88,3.6412
89,3.6412
90,3.6414
91,3.6415
92,3.6417
93,3.6417
94,3.6418
95,3.642
96,3.6422
97,3.6423
98,3.6425
99,3.6426
100,3.6428
101,3.643
102,3.6431
103,3.6433
104,3.6436
105,3.6437
106,3.6439
107,3.6441
108,3.6442
109,3.6444
110,3.6445
111,3.6447
112,3.6449
113,3.645
114,3.6453
115,3.6455
116,3.6457
117,3.6458
118,3.646
119,3.6461
120,3.6463
121,3.6464
122,3.6466
123,3.6469
124,3.6471
125,3.6472
126,3.6474
127,3.6476
128,3.6477
129,3.6479
130,3.648
131,3.6482
132,3.6484
133,3.6485
134,3.6487
135,3.6488
136,3.649
137,3.6491
138,3.6493
139,3.6495
140,3.6496
141,3.6496
142,3.6498
143,3.6499
144,3.6501
145,3.6503
146,3.6504
147,3.6506
148,3.6507
149,3.6509
150,3.6511
151,3.6511
152,3.6512
153,3.6514
154,3.6515
155,3.6517
156,3.6517
157,3.6518
158,3.652
159,3.6522
160,3.6523
161,3.6523
162,3.6525
163,3.6526
164,3.6528
165,3.6528
166,3.653
167,3.6531
168,3.6531
169,3.6533
170,3.6534
171,3.6534
172,3.6536
173,3.6538
174,3.6538
175,3.6539
176,3.6541
177,3.6542
178,3.6542
179,3.6544
180,3.6544
181,3.6545
182,3.6547
183,3.6547
184,3.6549
185,3.6549
186,3.655
187,3.6552
188,3.6552
189,3.6553
190,3.6555
191,3.6555
192,3.6557
193,3.6557
194,3.6558
195,3.6558
196,3.656
197,3.656
198,3.6561
199,3.6563
200,3.6563
201,3.6565
202,3.6565
203,3.6566
204,3.6566
205,3.6568
206,3.6568
207,3.6569
208,3.6569
209,3.6571
210,3.6571
211,3.6572
212,3.6572
213,3.6574
214,3.6574
215,3.6576
216,3.6576
217,3.6577
218,3.6577
219,3.6579
220,3.6579
221,3.658
222,3.658
223,3.6582
224,3.6582
225,3.6584
226,3.6584
227,3.6584
228,3.6585
229,3.6587
230,3.6587
231,3.6588
232,3.6588
233,3.659
234,3.659
235,3.659
236,3.6592
237,3.6592
238,3.6593
239,3.6593
240,3.6595
241,3.6595
242,3.6596
243,3.6596
244,3.6596
245,3.6598
246,3.6598
247,3.6599
248,3.6599
249,3.6601
250,3.6601
251,3.6601
252,3.6603
253,3.6603
254,3.6604
255,3.6604
256,3.6606
257,3.6606
258,3.6606
259,3.6607
260,3.6607
261,3.6609
262,3.6609
263,3.6609
264,3.6611
265,3.6611
266,3.6612
267,3.6612
268,3.6612
269,3.6614
270,3.6614
271,3.6615
272,3.6615
273,3.6617
274,3.6617
275,3.6617
276,3.6619
277,3.6619
278,3.6619
279,3.662
280,3.662
281,3.662
282,3.6622
283,3.6622
284,3.6623
285,3.6623
286,3.6625
287,3.6625
288,3.6625
289,3.6626
290,3.6626
291,3.6628
292,3.6628
293,3.6628
294,3.663
295,3.663
296,3.6631
297,3.6631
298,3.6631
299,3.6633
300,3.6633
301,3.6633
302,3.6633
303,3.6634
304,3.6634
305,3.6634
306,3.6636
307,3.6636
308,3.6638
309,3.6638
310,3.6639
311,3.6639
312,3.6639
313,3.6641
314,3.6641
315,3.6642
316,3.6642
317,3.6642
318,3.6642
319,3.6644
320,3.6644
321,3.6646
322,3.6646
323,3.6646
324,3.6647
325,3.6647
326,3.6649
327,3.6649
328,3.6649
329,3.6649
330,3.665
331,3.665
332,3.6652
333,3.6652
334,3.6652
335,3.6653
336,3.6653
337,3.6655
338,3.6655
339,3.6655
340,3.6657
341,3.6657
342,3.6658
343,3.6658
344,3.6658
345,3.666
346,3.6658
347,3.666
348,3.6661
349,3.6661
350,3.6661
351,3.6663
352,3.6663
353,3.6663
354,3.6663
355,3.6665
356,3.6665
357,3.6666
358,3.6666
359,3.6668
360,3.6668
361,3.6668
362,3.6669
363,3.6669
364,3.6669
365,3.6671
366,3.6671
367,3.6673
368,3.6673
369,3.6673
370,3.6674
371,3.6674
372,3.6674
373,3.6676
374,3.6676
375,3.6676
376,3.6677
377,3.6677
378,3.6679
379,3.6679
380,3.6679
381,3.6681
382,3.6681
383,3.6681
384,3.6682
385,3.6681
386,3.6682
387,3.6682
388,3.6684
389,3.6684
390,3.6685
391,3.6685
392,3.6685
393,3.6687
394,3.6687
395,3.6687
396,3.6688
397,3.6688
398,3.669
399,3.6688
400,3.669
401,3.6692
402,3.669
403,3.6692
404,3.6692
405,3.6693
406,3.6693
407,3.6693
408,3.6693
409,3.6695
410,3.6695
411,3.6696
412,3.6696
413,3.6698
414,3.6698
415,3.6698
416,3.67
417,3.67
418,3.6701
419,3.6701
420,3.6703
421,3.6703
422,3.6703
423,3.6704
424,3.6704
425,3.6704
426,3.6706
427,3.6706
428,3.6706
429,3.6708
430,3.6708
431,3.6708
432,3.6709
433,3.6709
434,3.6709
435,3.6709
436,3.6711
437,3.6711
438,3.6712
439,3.6712
440,3.6712
441,3.6714
442,3.6714
443,3.6715
444,3.6715
445,3.6715
446,3.6717
447,3.6717
448,3.6717
449,3.6719
450,3.6719
451,3.672
452,3.6719
453,3.6719
454,3.672
455,3.6722
456,3.6722
457,3.6722
458,3.6723
459,3.6723
460,3.6725
461,3.6725
462,3.6725
463,3.6727
464,3.6727
465,3.6728
466,3.6728
467,3.6728
468,3.673
469,3.673
470,3.673
471,3.6731
472,3.6731
473,3.6731
474,3.6733
475,3.6733
476,3.6733
477,3.6735
478,3.6735
479,3.6735
480,3.6735
481,3.6736
482,3.6736
483,3.6738
484,3.6738
485,3.6738
486,3.6738
487,3.6739
488,3.6739
489,3.6741
490,3.6741
491,3.6742
492,3.6741
493,3.6742
494,3.6742
495,3.6744
496,3.6744
497,3.6746
498,3.6746
499,3.6746
500,3.6746
501,3.6747
502,3.6749
503,3.6749
504,3.6749
505,3.675
506,3.675
507,3.675
508,3.6752
509,3.6752
510,3.6752
511,3.6754
512,3.6754
513,3.6754
514,3.6755
515,3.6755
516,3.6755
517,3.6757
518,3.6757
519,3.6758
520,3.6758
521,3.6758
522,3.676
523,3.676
524,3.676
525,3.6762
526,3.6762
527,3.6763
528,3.6763
529,3.6763
530,3.6765
531,3.6765
532,3.6765
533,3.6766
534,3.6766
535,3.6766
536,3.6768
537,3.6768
538,3.6769
539,3.6769
540,3.6769
541,3.6771
542,3.6771
543,3.6771
544,3.6773
545,3.6773
546,3.6773
547,3.6774
548,3.6774
549,3.6776
550,3.6776
551,3.6776
552,3.6777
553,3.6777
554,3.6777
555,3.6779
556,3.6779
557,3.6779
558,3.6781
559,3.6781
560,3.6781
561,3.6782
562,3.6782
563,3.6784
564,3.6784
565,3.6784
566,3.6785
567,3.6785
568,3.6785
569,3.6787
570,3.6787
571,3.6787
572,3.6789
573,3.6789
574,3.679
575,3.679
576,3.679
577,3.6792
578,3.6792
579,3.6792
580,3.6793
581,3.6793
582,3.6793
583,3.6795
584,3.6795
585,3.6796
586,3.6796
587,3.6796
588,3.6798
589,3.6798
590,3.6798
591,3.68
592,3.68
593,3.68
594,3.6801
595,3.6801
596,3.6801
597,3.6803
598,3.6803
599,3.6804
600,3.6804
601,3.6806
602,3.6806
603,3.6806
604,3.6808
605,3.6808
606,3.6808
607,3.6809
608,3.6808
609,3.6809
610,3.6809
611,3.6811
612,3.6811
613,3.6811
614,3.6812
615,3.6814
616,3.6814
617,3.6814
618,3.6816
619,3.6816
620,3.6816
621,3.6817
622,3.6817
623,3.6817
624,3.6817
625,3.6819
626,3.6819
627,3.682
628,3.682
629,3.6822
630,3.6822
631,3.6822
632,3.6822
633,3.6823
634,3.6825
635,3.6825
636,3.6825
637,3.6827
638,3.6827
639,3.6827
640,3.6827
641,3.6828
642,3.6828
643,3.683
644,3.683
645,3.683
646,3.6831
647,3.6831
648,3.6833
649,3.6833
650,3.6835
651,3.6835
652,3.6835
653,3.6836
654,3.6836
655,3.6836
656,3.6838
657,3.6836
658,3.6838
659,3.6839
660,3.6839
661,3.6841
662,3.6841
663,3.6841
664,3.6843
665,3.6843
666,3.6844
667,3.6844
668,3.6844
669,3.6846
670,3.6846
671,3.6846
672,3.6847
673,3.6847
674,3.6849
675,3.6847
676,3.6849
677,3.685
678,3.685
679,3.685
680,3.6852
681,3.6852
682,3.6854
683,3.6854
684,3.6854
685,3.6854
686,3.6855
687,3.6855
688,3.6857
689,3.6857
690,3.6858
691,3.6857
692,3.6858
693,3.686
694,3.686
695,3.686
696,3.6862
697,3.6862
698,3.6862
699,3.6862
700,3.6863
701,3.6863
702,3.6865
703,3.6866
704,3.6866
705,3.6866
706,3.6868
707,3.6868
708,3.687
709,3.687
710,3.687
711,3.687
712,3.6871
713,3.6871
714,3.6871
715,3.6873
716,3.6873
717,3.6874
718,3.6874
719,3.6874
720,3.6876
721,3.6876
722,3.6877
723,3.6877
724,3.6877
725,3.6877
726,3.6879
727,3.6881
728,3.6881
729,3.6882
730,3.6882
731,3.6882
732,3.6884
733,3.6884
734,3.6885
735,3.6885
736,3.6885
737,3.6887
738,3.6887
739,3.6887
740,3.6889
741,3.6889
742,3.6889
743,3.6889
744,3.689
745,3.6892
746,3.6892
747,3.6893
748,3.6893
749,3.6893
750,3.6895
751,3.6895
752,3.6897
753,3.6897
754,3.6897
755,3.6898
756,3.6898
757,3.69
758,3.69
759,3.69
760,3.6901
761,3.6901
762,3.6901
763,3.6903
764,3.6903
765,3.6904
766,3.6904
767,3.6906
768,3.6906
769,3.6906
770,3.6908
771,3.6908
772,3.6909
773,3.6909
774,3.6909
775,3.6911
776,3.6911
777,3.6911
778,3.6912
779,3.6912
780,3.6914
781,3.6914
782,3.6916
783,3.6916
784,3.6916
785,3.6917
786,3.6917
787,3.6917
788,3.6919
789,3.6919
790,3.692
791,3.692
792,3.6922
793,3.6922
794,3.6922
795,3.6924
796,3.6924
797,3.6925
798,3.6925
799,3.6925
800,3.6927
801,3.6927
802,3.6928
803,3.6928
804,3.693
805,3.693
806,3.693
807,3.6931
808,3.6931
809,3.6933
810,3.6933
811,3.6933
812,3.6935
813,3.6935
814,3.6936
815,3.6936
816,3.6936
817,3.6938
818,3.6938
819,3.6939
820,3.6939
821,3.6939
822,3.6941
823,3.6941
824,3.6943
825,3.6943
826,3.6944
827,3.6944
828,3.6944
829,3.6946
830,3.6946
831,3.6947
832,3.6947
833,3.6947
834,3.6949
835,3.6949
836,3.6951
837,3.6951
838,3.6952
839,3.6952
840,3.6952
841,3.6954
842,3.6954
843,3.6955
844,3.6955
845,3.6957
846,3.6957
847,3.6957
848,3.6958
849,3.6958
850,3.696
851,3.696
852,3.696
853,3.6962
854,3.6962
855,3.6963
856,3.6963
857,3.6965
858,3.6965
859,3.6965
860,3.6966
861,3.6966
862,3.6968
863,3.6968
864,3.6968
865,3.697
866,3.697
867,3.6971
868,3.6971
869,3.6973
870,3.6973
871,3.6974
872,3.6974
873,3.6974
874,3.6976
875,3.6976
876,3.6978
877,3.6978
878,3.6978
879,3.6979
880,3.6979
881,3.6981
882,3.6981
883,3.6982
884,3.6982
885,3.6982
886,3.6984
887,3.6984
888,3.6985
889,3.6985
890,3.6987
891,3.6987
892,3.6987
893,3.6989
894,3.699
895,3.699
896,3.699
897,3.6992
898,3.6992
899,3.6992
900,3.6992
901,3.6993
902,3.6995
903,3.6995
904,3.6995
905,3.6997
906,3.6997
907,3.6998
908,3.7
909,3.7
910,3.7
911,3.7001
912,3.7001
913,3.7001
914,3.7003
915,3.7005
916,3.7005
917,3.7005
918,3.7005
919,3.7006
920,3.7006
921,3.7008
922,3.7008
923,3.7008
924,3.7009
925,3.7009
926,3.7011
927,3.7012
928,3.7012
929,3.7014
930,3.7014
931,3.7014
932,3.7016
933,3.7016
934,3.7017
935,3.7017
936,3.7019
937,3.7019
938,3.702
939,3.702
940,3.702
941,3.7022
942,3.7022
943,3.7024
944,3.7024
945,3.7025
946,3.7025
947,3.7025
948,3.7027
949,3.7027
950,3.7028
951,3.7028
952,3.703
953,3.703
954,3.7032
955,3.7032
956,3.7033
957,3.7033
958,3.7033
959,3.7035
960,3.7035
961,3.7036
962,3.7036
963,3.7038
964,3.7038
965,3.7038
966,3.7039
967,3.7039
968,3.7041
969,3.7041
970,3.7043
971,3.7043
972,3.7044
973,3.7044
974,3.7046
975,3.7046
976,3.7047
977,3.7047
978,3.7047
979,3.7049
980,3.7049
981,3.7051
982,3.7051
983,3.7052
984,3.7052
985,3.7054
986,3.7054
987,3.7055
988,3.7055
989,3.7055
990,3.7057
991,3.7057
992,3.7059
993,3.7059
994,3.706
995,3.706
996,3.7062
997,3.7062
998,3.7063
999,3.7063
1000,3.7065
1001,3.7065
1002,3.7065
1003,3.7066
1004,3.7066
1005,3.7068
1006,3.7068
1007,3.707
1008,3.707
1009,3.7071
1010,3.7071
1011,3.7073
1012,3.7073
1013,3.7074
1014,3.7074
1015,3.7076
1016,3.7076
1017,3.7076
1018,3.7078
1019,3.7078
1020,3.7079
1021,3.7079
1022,3.7081
1023,3.7081
1024,3.7081
1025,3.7082
1026,3.7082
1027,3.7084
1028,3.7084
1029,3.7086
1030,3.7086
1031,3.7087
1032,3.7087
1033,3.7089
1034,3.7089
1035,3.709
1036,3.709
1037,3.7092
1038,3.7092
1039,3.7092
1040,3.7094
1041,3.7094
1042,3.7095
1043,3.7095
1044,3.7097
1045,3.7097
1046,3.7098
1047,3.7098
1048,3.71
1049,3.71
1050,3.7101
1051,3.7101
1052,3.7103
1053,3.7103
1054,3.7105
1055,3.7105
1056,3.7105
1057,3.7106
1058,3.7106
1059,3.7108
1060,3.7108
1061,3.7109
1062,3.7109
1063,3.7111
1064,3.7111
1065,3.7113
1066,3.7113
1067,3.7114
1068,3.7114
1069,3.7116
1070,3.7116
1071,3.7117
1072,3.7117
1073,3.7119
1074,3.7119
1075,3.7119
1076,3.7121
1077,3.7121
1078,3.7122
1079,3.7122
1080,3.7124
1081,3.7124
1082,3.7125
1083,3.7125
1084,3.7127
1085,3.7127
1086,3.7127
1087,3.7128
1088,3.713
1089,3.713
1090,3.713
1091,3.7132
1092,3.7132
1093,3.7133
1094,3.7133
1095,3.7135
1096,3.7135
1097,3.7136
1098,3.7136
1099,3.7138
1100,3.7138
1101,3.714
1102,3.714
1103,3.7141
1104,3.7141
1105,3.7143
1106,3.7143
1107,3.7143
1108,3.7144
1109,3.7144
1110,3.7146
1111,3.7146
1112,3.7148
1113,3.7148
1114,3.7149
1115,3.7149
1116,3.7151
1117,3.7151
1118,3.7152
1119,3.7152
1120,3.7154
1121,3.7154
1122,3.7155
1123,3.7155
1124,3.7157
1125,3.7157
1126,3.7157
1127,3.7159
1128,3.716
1129,3.716
1130,3.716
1131,3.7162
1132,3.7162
1133,3.7163
1134,3.7163
1135,3.7165
1136,3.7165
1137,3.7167
1138,3.7167
1139,3.7168
1140,3.7168
1141,3.717
1142,3.717
1143,3.7171
1144,3.7171
1145,3.7173
1146,3.7173
1147,3.7175
1148,3.7175
1149,3.7176
1150,3.7176
1151,3.7178
1152,3.7178
1153,3.7179
1154,3.7179
1155,3.7181
1156,3.7181
1157,3.7182
1158,3.7182
1159,3.7182
1160,3.7184
1161,3.7184
1162,3.7186
1163,3.7187
1164,3.7187
1165,3.7187
1166,3.7189
1167,3.7189
1168,3.719
1169,3.719
1170,3.7192
1171,3.7192
1172,3.7194
1173,3.7194
1174,3.7195
1175,3.7195
1176,3.7197
1177,3.7197
1178,3.7198
1179,3.7198
1180,3.7198
1181,3.72
1182,3.72
1183,3.7202
1184,3.7203
1185,3.7203
1186,3.7203
1187,3.7205
1188,3.7205
1189,3.7206
1190,3.7206
1191,3.7208
1192,3.7208
1193,3.7209
1194,3.7209
1195,3.7211
1196,3.7211
1197,3.7213
1198,3.7213
1199,3.7214
1200,3.7214
1201,3.7216
1202,3.7216
1203,3.7217
1204,3.7217
1205,3.7219
1206,3.7219
1207,3.7221
1208,3.7221
1209,3.7222
1210,3.7222
1211,3.7224
1212,3.7224
1213,3.7225
1214,3.7225
1215,3.7227
1216,3.7227
1217,3.7229
1218,3.7229
1219,3.723
1220,3.723
1221,3.7232
1222,3.7232
1223,3.7233
1224,3.7233
1225,3.7235
1226,3.7235
1227,3.7236
1228,3.7236
1229,3.7238
1230,3.7238
1231,3.7238
1232,3.724
1233,3.7241
1234,3.7241
1235,3.7243
1236,3.7243
1237,3.7244
1238,3.7244
1239,3.7246
1240,3.7246
1241,3.7248
1242,3.7248
1243,3.7249
1244,3.7249
1245,3.7251
1246,3.7251
1247,3.7251
1248,3.7252
1249,3.7252
1250,3.7254
1251,3.7256
1252,3.7256
1253,3.7257
1254,3.7257
1255,3.7259
1256,3.7259
1257,3.726
1258,3.726
1259,3.7262
1260,3.7262
1261,3.7263
1262,3.7263
1263,3.7265
1264,3.7265
1265,3.7265
1266,3.7267
1267,3.7268
1268,3.7268
1269,3.727
1270,3.727
1271,3.7271
1272,3.7271
1273,3.7273
1274,3.7273
1275,3.7275
1276,3.7275
1277,3.7276
1278,3.7276
1279,3.7278
1280,3.7278
1281,3.7279
1282,3.7279
1283,3.7281
1284,3.7281
1285,3.7283
1286,3.7283
1287,3.7284
1288,3.7284
1289,3.7286
1290,3.7286
1291,3.7287
1292,3.7287
1293,3.7289
1294,3.7289
1295,3.729
1296,3.729
1297,3.7292
1298,3.7292
1299,3.7294
1300,3.7294
1301,3.7295
1302,3.7297
1303,3.7297
1304,3.7298
1305,3.7298
1306,3.73
1307,3.73
1308,3.7302
1309,3.7302
1310,3.7303
1311,3.7303
1312,3.7305
1313,3.7305
1314,3.7306
1315,3.7306
1316,3.7308
1317,3.7308
1318,3.731
1319,3.7311
1320,3.7311
1321,3.7313
1322,3.7313
1323,3.7314
1324,3.7314
1325,3.7316
1326,3.7316
1327,3.7317
1328,3.7317
1329,3.7319
1330,3.7319
1331,3.7321
1332,3.7321
1333,3.7322
1334,3.7322
1335,3.7324
1336,3.7325
1337,3.7325
1338,3.7327
1339,3.7327
1340,3.7329
1341,3.7329
1342,3.733
1343,3.733
1344,3.7332
1345,3.7332
1346,3.7333
1347,3.7333
1348,3.7335
1349,3.7337
1350,3.7337
1351,3.7338
1352,3.7338
1353,3.734
1354,3.734
1355,3.7341
1356,3.7341
1357,3.7343
1358,3.7343
1359,3.7344
1360,3.7346
1361,3.7346
1362,3.7348
1363,3.7348
1364,3.7349
1365,3.7349
1366,3.7351
1367,3.7351
1368,3.7352
1369,3.7352
1370,3.7354
1371,3.7356
1372,3.7356
1373,3.7357
1374,3.7357
1375,3.7359
1376,3.7359
1377,3.736
1378,3.7362
1379,3.7362
1380,3.7362
1381,3.7364
1382,3.7364
1383,3.7365
1384,3.7367
1385,3.7367
1386,3.7368
1387,3.737
1388,3.737
1389,3.7371
1390,3.7371
1391,3.7373
1392,3.7373
1393,3.7375
1394,3.7376
1395,3.7376
1396,3.7378
1397,3.7378
1398,3.7379
1399,3.7381
1400,3.7381
1401,3.7383
1402,3.7383
1403,3.7383
1404,3.7384
1405,3.7386
1406,3.7386
1407,3.7387
1408,3.7387
1409,3.7389
1410,3.7391
1411,3.7391
1412,3.7392
1413,3.7392
1414,3.7394
1415,3.7395
1416,3.7394
1417,3.7397
1418,3.7397
1419,3.7398
1420,3.74
1421,3.74
1422,3.7402
1423,3.7402
1424,3.7403
1425,3.7403
1426,3.7405
1427,3.7406
1428,3.7406
1429,3.7408
1430,3.7408
1431,3.741
1432,3.7411
1433,3.7411
1434,3.7413
1435,3.7413
1436,3.7414
1437,3.7416
1438,3.7416
1439,3.7418
1440,3.7418
1441,3.7419
1442,3.7419
1443,3.7421
1444,3.7421
1445,3.7422
1446,3.7424
1447,3.7425
1448,3.7425
1449,3.7427
1450,3.7427
1451,3.7429
1452,3.743
1453,3.743
1454,3.7432
1455,3.7432
1456,3.7433
1457,3.7435
1458,3.7435
1459,3.7437
1460,3.7437
1461,3.7438
1462,3.744
1463,3.7441
1464,3.7441
1465,3.7443
1466,3.7443
1467,3.7445
1468,3.7446
1469,3.7446
1470,3.7446
1471,3.7448
1472,3.7449
1473,3.7451
1474,3.7451
1475,3.7451
1476,3.7452
1477,3.7454
1478,3.7454
1479,3.7456
1480,3.7457
1481,3.7459
1482,3.7459
1483,3.746
1484,3.7462
1485,3.7462
1486,3.7464
1487,3.7465
1488,3.7465
1489,3.7467
1490,3.7468
1491,3.7468
1492,3.747
1493,3.7472
1494,3.7472
1495,3.7473
1496,3.7473
1497,3.7475
1498,3.7476
1499,3.7476
1500,3.7478
1501,3.7479
1502,3.7479
1503,3.7481
1504,3.7483
1505,3.7483
1506,3.7484
1507,3.7484
1508,3.7486
1509,3.7487
1510,3.7487
1511,3.7489
1512,3.7491
1513,3.7491
1514,3.7492
1515,3.7494
1516,3.7495
1517,3.7495
1518,3.7497
1519,3.7499
1520,3.7499
1521,3.75
1522,3.75
1523,3.7502
1524,3.7503
1525,3.7503
1526,3.7505
1527,3.7506
1528,3.7508
1529,3.7508
1530,3.7508
1531,3.7511
1532,3.7511
1533,3.7513
1534,3.7513
1535,3.7514
1536,3.7516
1537,3.7518
1538,3.7518
1539,3.7519
1540,3.7521
1541,3.7521
1542,3.7522
1543,3.7524
1544,3.7526
1545,3.7526
1546,3.7527
1547,3.7529
1548,3.7529
1549,3.753
1550,3.7532
1551,3.7532
1552,3.7533
1553,3.7533
1554,3.7537
1555,3.7537
1556,3.7538
1557,3.7538
1558,3.7541
1559,3.7541
1560,3.7543
1561,3.7545
1562,3.7545
1563,3.7546
1564,3.7548
1565,3.7548
1566,3.7549
1567,3.7551
1568,3.7553
1569,3.7553
1570,3.7554
1571,3.7556
1572,3.7557
1573,3.7557
1574,3.7559
1575,3.756
1576,3.756
1577,3.756
1578,3.7564
1579,3.7564
1580,3.7565
1581,3.7567
1582,3.7567
1583,3.7568
1584,3.757
1585,3.7572
1586,3.7573
1587,3.7573
1588,3.7575
1589,3.7575
1590,3.7576
1591,3.758
1592,3.758
1593,3.758
1594,3.7583
1595,3.7583
1596,3.7584
1597,3.7586
1598,3.7588
1599,3.7588
1600,3.7589
1601,3.7589
1602,3.7592
1603,3.7592
1604,3.7594
1605,3.7595
1606,3.7595
1607,3.7597
1608,3.7599
1609,3.7599
1610,3.7602
1611,3.7602
1612,3.7603
1613,3.7605
1614,3.7607
1615,3.7608
1616,3.7608
1617,3.761
1618,3.7611
1619,3.7613
1620,3.7613
1621,3.7615
1622,3.7616
1623,3.7616
1624,3.7618
1625,3.7619
1626,3.7619
1627,3.7621
1628,3.7622
1629,3.7624
1630,3.7626
1631,3.7626
1632,3.7627
1633,3.7629
1634,3.763
1635,3.7632
1636,3.7632
1637,3.7634
1638,3.7635
1639,3.7637
1640,3.7638
1641,3.764
1642,3.7642
1643,3.7642
1644,3.7643
1645,3.7643
1646,3.7645
1647,3.7648
1648,3.7648
1649,3.7649
1650,3.7649
1651,3.7653
1652,3.7653
1653,3.7654
1654,3.7656
1655,3.7657
1656,3.7659
1657,3.7661
1658,3.7662
1659,3.7662
1660,3.7664
1661,3.7665
1662,3.7667
1663,3.7667
1664,3.7669
1665,3.767
1666,3.7672
1667,3.7672
1668,3.7673
1669,3.7675
1670,3.7676
1671,3.7678
1672,3.7678
1673,3.7681
1674,3.7681
1675,3.7683
1676,3.7684
1677,3.7686
1678,3.7688
1679,3.7688
1680,3.7689
1681,3.7691
1682,3.7692
1683,3.7694
1684,3.7694
1685,3.7697
1686,3.7697
1687,3.7699
1688,3.77
1689,3.7702
1690,3.7703
1691,3.7703
1692,3.7705
1693,3.7707
1694,3.7708
1695,3.771
1696,3.771
1697,3.7711
1698,3.7715
1699,3.7715
1700,3.7716
1701,3.7718
1702,3.7718
1703,3.7719
1704,3.7723
1705,3.7723
1706,3.7724
1707,3.7726
1708,3.7727
1709,3.7729
1710,3.773
1711,3.7732
1712,3.7732
1713,3.7734
1714,3.7735
1715,3.7737
1716,3.7738
1717,3.774
1718,3.7742
1719,3.7743
1720,3.7743
1721,3.7745
1722,3.7746
1723,3.7748
1724,3.775
1725,3.7751
1726,3.7753
1727,3.7754
1728,3.7754
1729,3.7756
1730,3.7757
1731,3.7759
1732,3.7761
1733,3.7762
1734,3.7764
1735,3.7765
1736,3.7765
1737,3.7769
1738,3.7769
1739,3.777
1740,3.7772
1741,3.7773
1742,3.7775
1743,3.7777
1744,3.7777
1745,3.7778
1746,3.778
1747,3.7781
1748,3.7783
1749,3.7784
1750,3.7786
1751,3.7788
1752,3.7789
1753,3.7791
1754,3.7792
1755,3.7794
1756,3.7794
1757,3.7796
1758,3.7797
1759,3.7799
1760,3.78
1761,3.7802
1762,3.7802
1763,3.7805
1764,3.7805
1765,3.7807
1766,3.7808
1767,3.781
1768,3.7811
1769,3.7813
1770,3.7815
1771,3.7816
1772,3.7818
1773,3.7819
1774,3.7821
1775,3.7823
1776,3.7824
1777,3.7826
1778,3.7826
1779,3.7827
1780,3.7829
1781,3.7831
1782,3.7832
1783,3.7834
1784,3.7835
1785,3.7837
1786,3.7838
1787,3.784
1788,3.7842
1789,3.7843
1790,3.7845
1791,3.7846
1792,3.7846
1793,3.7848
1794,3.785
1795,3.7851
1796,3.7853
1797,3.7854
1798,3.7856
1799,3.7858
1800,3.7859
1801,3.7861
1802,3.7862
1803,3.7864
1804,3.7865
1805,3.7867
1806,3.7867
1807,3.787
1808,3.7872
1809,3.7873
1810,3.7875
1811,3.7877
1812,3.7877
1813,3.7878
1814,3.788
1815,3.7881
1816,3.7883
1817,3.7885
1818,3.7886
1819,3.7888
1820,3.7889
1821,3.7891
1822,3.7892
1823,3.7894
1824,3.7896
1825,3.7897
1826,3.7899
1827,3.79
1828,3.7902
1829,3.7904
1830,3.7905
1831,3.7905
1832,3.7907
1833,3.7908
1834,3.791
1835,3.7912
1836,3.7913
1837,3.7916
1838,3.7918
1839,3.7919
1840,3.7921
1841,3.7923
1842,3.7924
1843,3.7924
1844,3.7926
1845,3.7927
1846,3.7929
1847,3.7931
1848,3.7934
1849,3.7934
1850,3.7935
1851,3.7937
1852,3.7939
1853,3.794
1854,3.7942
1855,3.7943
1856,3.7945
1857,3.7946
1858,3.7948
1859,3.795
1860,3.7951
1861,3.7953
1862,3.7954
1863,3.7958
1864,3.7959
1865,3.7959
1866,3.7961
1867,3.7962
1868,3.7964
1869,3.7966
1870,3.7967
1871,3.7969
1872,3.797
1873,3.7972
1874,3.7973
1875,3.7975
1876,3.7977
1877,3.7978
1878,3.798
1879,3.7983
1880,3.7983
1881,3.7985
1882,3.7988
1883,3.7989
1884,3.7991
1885,3.7993
1886,3.7994
1887,3.7994
1888,3.7997
1889,3.7999
1890,3.7999
1891,3.8002
1892,3.8002
1893,3.8005
1894,3.8007
1895,3.8008
1896,3.801
1897,3.8012
1898,3.8013
1899,3.8015
1900,3.8016
1901,3.802
1902,3.8021
1903,3.8023
1904,3.8024
1905,3.8026
1906,3.8028
1907,3.8028
1908,3.8031
1909,3.8032
1910,3.8034
1911,3.8035
1912,3.8037
1913,3.8039
1914,3.804
1915,3.8042
1916,3.8043
1917,3.8047
1918,3.8048
1919,3.805
1920,3.8051
1921,3.8053
1922,3.8055
1923,3.8056
1924,3.8058
1925,3.8059
1926,3.8061
1927,3.8062
1928,3.8064
1929,3.8066
1930,3.8067
1931,3.807
1932,3.8072
1933,3.8074
1934,3.8075
1935,3.8077
1936,3.8078
1937,3.808
1938,3.8082
1939,3.8083
1940,3.8085
1941,3.8088
1942,3.8089
1943,3.8091
1944,3.8093
1945,3.8094
1946,3.8094
1947,3.8097
1948,3.8099
1949,3.8101
1950,3.8104
1951,3.8105
1952,3.8107
1953,3.8109
1954,3.811
1955,3.8112
1956,3.8113
1957,3.8115
1958,3.8116
1959,3.812
1960,3.8121
1961,3.8123
1962,3.8124
1963,3.8126
1964,3.8128
1965,3.8129
1966,3.8131
1967,3.8134
1968,3.8136
1969,3.8137
1970,3.8139
1971,3.814
1972,3.8142
1973,3.8143
1974,3.8147
1975,3.8148
1976,3.815
1977,3.8151
1978,3.8153
1979,3.8155
1980,3.8158
1981,3.8159
1982,3.8161
1983,3.8163
1984,3.8164
1985,3.8166
1986,3.8169
1987,3.817
1988,3.8172
1989,3.8174
1990,3.8175
1991,3.8177
1992,3.818
1993,3.8182
1994,3.8183
1995,3.8185
1996,3.8186
1997,3.8188
1998,3.8191
1999,3.8193
2000,3.8194
2001,3.8196
2002,3.8197
2003,3.8201
2004,3.8202
2005,3.8204
2006,3.8205
2007,3.8207
2008,3.821
2009,3.8212
2010,3.8213
2011,3.8215
2012,3.8218
2013,3.822
2014,3.8221
2015,3.8223
2016,3.8224
2017,3.8228
2018,3.8229
2019,3.8231
2020,3.8232
2021,3.8234
2022,3.8237
2023,3.8239
2024,3.824
2025,3.8242
2026,3.8245
2027,3.8247
2028,3.8248
2029,3.825
2030,3.8253
2031,3.8255
2032,3.8256
2033,3.8258
2034,3.8261
2035,3.8263
2036,3.8264
2037,3.8266
2038,3.8269
2039,3.8271
2040,3.8272
2041,3.8274
2042,3.8277
2043,3.8278
2044,3.828
2045,3.8282
2046,3.8285
2047,3.8286
2048,3.8288
2049,3.8291
2050,3.8293
2051,3.8294
2052,3.8296
2053,3.8299
2054,3.8301
2055,3.8302
2056,3.8305
2057,3.8307
2058,3.8309
2059,3.831
2060,3.8313
2061,3.8315
2062,3.8317
2063,3.832
2064,3.8321
2065,3.8323
2066,3.8325
2067,3.8328
2068,3.8329
2069,3.8331
2070,3.8334
2071,3.8336
2072,3.8337
2073,3.834
2074,3.8342
2075,3.8344
2076,3.8347
2077,3.8348
2078,3.8352
2079,3.8353
2080,3.8355
2081,3.8358
2082,3.8359
2083,3.8361
2084,3.8364
2085,3.8366
2086,3.8367
2087,3.8371
2088,3.8372
2089,3.8374
2090,3.8377
2091,3.8379
2092,3.838
2093,3.8383
2094,3.8385
2095,3.8386
2096,3.839
2097,3.8391
2098,3.8393
2099,3.8396
2100,3.8398
2101,3.8399
2102,3.8401
2103,3.8404
2104,3.8406
2105,3.8409
2106,3.841
2107,3.8413
2108,3.8415
2109,3.8418
2110,3.842
2111,3.8421
2112,3.8423
2113,3.8426
2114,3.8429
2115,3.8429
2116,3.8433
2117,3.8436
2118,3.8437
2119,3.8439
2120,3.844
2121,3.8444
2122,3.8447
2123,3.8448
2124,3.845
2125,3.8453
2126,3.8455
2127,3.8458
2128,3.846
2129,3.8461
2130,3.8464
2131,3.8468
2132,3.8469
2133,3.8471
2134,3.8474
2135,3.8475
2136,3.8479
2137,3.848
2138,3.8483
2139,3.8485
2140,3.8487
2141,3.849
2142,3.8491
2143,3.8495
2144,3.8496
2145,3.8498
2146,3.8499
2147,3.8502
2148,3.8506
2149,3.8507
2150,3.851
2151,3.8512
2152,3.8515
2153,3.8517
2154,3.8518
2155,3.8522
2156,3.8523
2157,3.8526
2158,3.8528
2159,3.8531
2160,3.8533
2161,3.8534
2162,3.8537
2163,3.8539
2164,3.8542
2165,3.8544
2166,3.8547
2167,3.855
2168,3.8552
2169,3.8553
2170,3.8556
2171,3.8558
2172,3.8561
2173,3.8563
2174,3.8566
2175,3.8568
2176,3.8571
2177,3.8572
2178,3.8576
2179,3.8577
2180,3.858
2181,3.8582
2182,3.8585
2183,3.8587
2184,3.859
2185,3.8591
2186,3.8595
2187,3.8596
2188,3.8599
2189,3.8601
2190,3.8604
2191,3.8606
2192,3.8607
2193,3.861
2194,3.8612
2195,3.8615
2196,3.8617
2197,3.862
2198,3.8623
2199,3.8625
2200,3.8628
2201,3.863
2202,3.8633
2203,3.8633
2204,3.8636
2205,3.8639
2206,3.8641
2207,3.8644
2208,3.8647
2209,3.8649
2210,3.8652
2211,3.8653
2212,3.8657
2213,3.8658
2214,3.8661
2215,3.8663
2216,3.8666
2217,3.8668
2218,3.8669
2219,3.8672
2220,3.8674
2221,3.8677
2222,3.868
2223,3.8682
2224,3.8685
2225,3.8687
2226,3.869
2227,3.8691
2228,3.8695
2229,3.8696
2230,3.8699
2231,3.8701
2232,3.8703
2233,3.8706
2234,3.8709
2235,3.8711
2236,3.8714
2237,3.8715
2238,3.8717
2239,3.872
2240,3.8722
2241,3.8725
2242,3.8726
2243,3.873
2244,3.8733
2245,3.8734
2246,3.8738
2247,3.8739
2248,3.8741
2249,3.8744
2250,3.8747
2251,3.8749
2252,3.8752
2253,3.8753
2254,3.8757
2255,3.8758
2256,3.8761
2257,3.8763
2258,3.8766
2259,3.8768
2260,3.8771
2261,3.8772
2262,3.8776
2263,3.8777
2264,3.878
2265,3.8782
2266,3.8785
2267,3.8787
2268,3.879
2269,3.8792
2270,3.8795
2271,3.8796
2272,3.8799
2273,3.8801
2274,3.8804
2275,3.8806
2276,3.8809
2277,3.8811
2278,3.8814
2279,3.8815
2280,3.8819
2281,3.882
2282,3.8822
2283,3.8825
2284,3.8828
2285,3.883
2286,3.8831
2287,3.8834
2288,3.8836
2289,3.8839
2290,3.8841
2291,3.8844
2292,3.8846
2293,3.8849
2294,3.8852
2295,3.8853
2296,3.8857
2297,3.8858
2298,3.886
2299,3.8861
2300,3.8865
2301,3.8868
2302,3.8869
2303,3.8873
2304,3.8874
2305,3.8877
2306,3.8879
2307,3.8882
2308,3.8884
2309,3.8887
2310,3.8888
2311,3.8892
2312,3.8893
2313,3.8896
2314,3.8898
2315,3.8901
2316,3.8903
2317,3.8904
2318,3.8907
2319,3.8909
2320,3.8912
2321,3.8914
2322,3.8917
2323,3.8919
2324,3.8922
2325,3.8923
2326,3.8927
2327,3.8928
2328,3.8931
2329,3.8931
2330,3.8936
2331,3.8938
2332,3.8939
2333,3.8942
2334,3.8944
2335,3.8946
2336,3.8949
2337,3.895
2338,3.8954
2339,3.8957
2340,3.8958
2341,3.8962
2342,3.8963
2343,3.8966
2344,3.8968
2345,3.8969
2346,3.8973
2347,3.8974
2348,3.8977
2349,3.8979
2350,3.8982
2351,3.8984
2352,3.8985
2353,3.8989
2354,3.8992
2355,3.8993
2356,3.8995
2357,3.8998
2358,3.9
2359,3.9001
2360,3.9004
2361,3.9006
2362,3.9008
2363,3.9011
2364,3.9014
2365,3.9017
2366,3.9019
2367,3.902
2368,3.9023
2369,3.9025
2370,3.9028
2371,3.903
2372,3.9031
2373,3.9033
2374,3.9036
2375,3.9039
2376,3.9041
2377,3.9044
2378,3.9046
2379,3.9049
2380,3.905
2381,3.9054
2382,3.9055
2383,3.9058
2384,3.906
2385,3.9063
2386,3.9065
2387,3.9068
2388,3.9068
2389,3.9071
2390,3.9074
2391,3.9076
2392,3.9079
2393,3.9079
2394,3.9082
2395,3.9085
2396,3.9087
2397,3.909
2398,3.9092
2399,3.9093
2400,3.9097
2401,3.9098
2402,3.9101
2403,3.9103
2404,3.9106
2405,3.9108
2406,3.9109
2407,3.9114
2408,3.9114
2409,3.9117
2410,3.9119
2411,3.9122
2412,3.9125
2413,3.9127
2414,3.913
2415,3.9131
2416,3.9133
2417,3.9136
2418,3.9138
2419,3.9141
2420,3.9143
2421,3.9146
2422,3.9147
2423,3.9151
2424,3.9152
2425,3.9155
2426,3.9157
2427,3.916
2428,3.9162
2429,3.9163
2430,3.9166
2431,3.9168
2432,3.9171
2433,3.9173
2434,3.9176
2435,3.9178
2436,3.9181
2437,3.9182
2438,3.9185
2439,3.9187
2440,3.919
2441,3.9192
2442,3.9195
2443,3.9197
2444,3.92
2445,3.9201
2446,3.9205
2447,3.9206
2448,3.9209
2449,3.9211
2450,3.9212
2451,3.9216
2452,3.9217
2453,3.922
2454,3.9224
2455,3.9225
2456,3.9227
2457,3.923
2458,3.9233
2459,3.9235
2460,3.9236
2461,3.9239
2462,3.9241
2463,3.9244
2464,3.9247
2465,3.9249
2466,3.9252
2467,3.9254
2468,3.9255
2469,3.9259
2470,3.9262
2471,3.9263
2472,3.9266
2473,3.9268
2474,3.9271
2475,3.9273
2476,3.9276
2477,3.9278
2478,3.9281
2479,3.9282
2480,3.9286
2481,3.9287
2482,3.929
2483,3.9292
2484,3.9295
2485,3.9298
2486,3.93
2487,3.9301
2488,3.9305
2489,3.9308
2490,3.9309
2491,3.9313
2492,3.9314
2493,3.9317
2494,3.9319
2495,3.9322
2496,3.9324
2497,3.9327
2498,3.933
2499,3.9332
2500,3.9335
2501,3.9336
2502,3.934
2503,3.9341
2504,3.9344
2505,3.9346
2506,3.9349
2507,3.9352
2508,3.9354
2509,3.9357
2510,3.9359
2511,3.9362
2512,3.9363
2513,3.9367
2514,3.937
2515,3.9371
2516,3.9374
2517,3.9376
2518,3.9379
2519,3.9382
2520,3.9384
2521,3.9387
2522,3.9389
2523,3.9392
2524,3.9395
2525,3.9397
2526,3.94
2527,3.9402
2528,3.9405
2529,3.9408
2530,3.9409
2531,3.9413
2532,3.9414
2533,3.9417
2534,3.9421
2535,3.9422
2536,3.9425
2537,3.9427
2538,3.943
2539,3.9433
2540,3.9435
2541,3.9438
2542,3.9441
2543,3.9443
2544,3.9446
2545,3.9449
2546,3.9451
2547,3.9454
2548,3.9456
2549,3.9459
2550,3.9462
2551,3.9463
2552,3.9467
2553,3.947
2554,3.9471
2555,3.9475
2556,3.9478
2557,3.9479
2558,3.9483
2559,3.9486
2560,3.9487
2561,3.949
2562,3.9494
2563,3.9495
2564,3.9498
2565,3.9502
2566,3.9503
2567,3.9506
2568,3.951
2569,3.9511
2570,3.9514
2571,3.9517
2572,3.9519
2573,3.9522
2574,3.9525
2575,3.9527
2576,3.953
2577,3.9533
2578,3.9535
2579,3.9538
2580,3.9541
2581,3.9544
2582,3.9546
2583,3.9549
2584,3.9552
2585,3.9554
2586,3.9557
2587,3.956
2588,3.9562
2589,3.9565
2590,3.9568
2591,3.957
2592,3.9573
2593,3.9576
2594,3.9579
2595,3.9581
2596,3.9584
2597,3.9587
2598,3.9589
2599,3.9592
2600,3.9595
2601,3.9597
2602,3.96
2603,3.9603
2604,3.9606
2605,3.9608
2606,3.9611
2607,3.9614
2608,3.9616
2609,3.9619
2610,3.9622
2611,3.9625
2612,3.9627
2613,3.963
2614,3.9632
2615,3.9635
2616,3.9638
2617,3.9641
2618,3.9643
2619,3.9646
2620,3.9649
2621,3.9652
2622,3.9654
2623,3.9657
2624,3.966
2625,3.9662
2626,3.9665
2627,3.9668
2628,3.9672
2629,3.9673
2630,3.9676
2631,3.9679
2632,3.9681
2633,3.9684
2634,3.9687
2635,3.9691
2636,3.9692
2637,3.9695
2638,3.9699
2639,3.97
2640,3.9703
2641,3.9706
2642,3.9708
2643,3.9711
2644,3.9714
2645,3.9718
2646,3.9719
2647,3.9722
2648,3.9726
2649,3.9727
2650,3.973
2651,3.9733
2652,3.9735
2653,3.9738
2654,3.9741
2655,3.9743
2656,3.9746
2657,3.9749
2658,3.9753
2659,3.9754
2660,3.9757
2661,3.976
2662,3.9762
2663,3.9765
2664,3.9768
2665,3.977
2666,3.9773
2667,3.9776
2668,3.9778
2669,3.9781
2670,3.9784
2671,3.9786
2672,3.9789
2673,3.9792
2674,3.9794
2675,3.9797
2676,3.9799
2677,3.9802
2678,3.9805
2679,3.9807
2680,3.981
2681,3.9813
2682,3.9814
2683,3.9818
2684,3.9821
2685,3.9822
2686,3.9826
2687,3.9829
2688,3.983
2689,3.9834
2690,3.9837
2691,3.9838
2692,3.9842
2693,3.9843
2694,3.9846
2695,3.9848
2696,3.9851
2697,3.9854
2698,3.9856
2699,3.9859
2700,3.9861
2701,3.9864
2702,3.9867
2703,3.9868
2704,3.9872
2705,3.9873
2706,3.9876
2707,3.988
2708,3.9881
2709,3.9884
2710,3.9886
2711,3.9889
2712,3.9891
2713,3.9894
2714,3.9896
2715,3.9899
2716,3.99
2717,3.9903
2718,3.9907
2719,3.9908
2720,3.9911
2721,3.9913
2722,3.9916
2723,3.9918
2724,3.9921
2725,3.9923
2726,3.9926
2727,3.9927
2728,3.993
2729,3.9932
2730,3.9935
2731,3.9937
2732,3.994
2733,3.9942
2734,3.9945
2735,3.9946
2736,3.995
2737,3.9951
2738,3.9953
2739,3.9956
2740,3.9957
2741,3.9961
2742,3.9962
2743,3.9965
2744,3.9967
2745,3.997
2746,3.9972
2747,3.9973
2748,3.9977
2749,3.9978
2750,3.9981
2751,3.9983
2752,3.9986
2753,3.9988
2754,3.9989
2755,3.9992
2756,3.9994
2757,3.9997
2758,3.9999
2759,4.0
2760,4.0004
2761,4.0005
2762,4.0007
2763,4.001
2764,4.0011
2765,4.0013
2766,4.0016
2767,4.0018
2768,4.0019
2769,4.0023
2770,4.0024
2771,4.0027
2772,4.0029
2773,4.0031
2774,4.0034
2775,4.0035
2776,4.0037
2777,4.0038
2778,4.0042
2779,4.0043
2780,4.0045
2781,4.0046
2782,4.005
2783,4.0051
2784,4.0053
2785,4.0056
2786,4.0058
2787,4.0059
2788,4.0062
2789,4.0064
2790,4.0065
2791,4.0067
2792,4.0069
2793,4.0072
2794,4.0073
2795,4.0075
2796,4.0078
2797,4.008
2798,4.0081
2799,4.0083
2800,4.0085
2801,4.0088
2802,4.0089
2803,4.0091
2804,4.0092
2805,4.0094
2806,4.0097
2807,4.0099
2808,4.01
2809,4.0102
2810,4.0104
2811,4.0107
2812,4.0108
2813,4.011
2814,4.0112
2815,4.0113
2816,4.0115
2817,4.0118
2818,4.0119
2819,4.0121
2820,4.0123
2821,4.0124
2822,4.0126
2823,4.0127
2824,4.0131
2825,4.0132
2826,4.0134
2827,4.0135
2828,4.0137
2829,4.0139
2830,4.014
2831,4.0142
2832,4.0143
2833,4.0146
2834,4.0148
2835,4.015
2836,4.0151
2837,4.0153
2838,4.0154
2839,4.0156
2840,4.0158
2841,4.0159
2842,4.0161
2843,4.0162
2844,4.0164
2845,4.0167
2846,4.0169
2847,4.017
2848,4.0172
2849,4.0173
2850,4.0175
2851,4.0177
2852,4.0178
2853,4.018
2854,4.0181
2855,4.0183
2856,4.0185
2857,4.0186
2858,4.0188
2859,4.0189
2860,4.0193
2861,4.0193
2862,4.0196
2863,4.0197
2864,4.0199
2865,4.02
2866,4.0202
2867,4.0204
2868,4.0205
2869,4.0207
2870,4.0208
2871,4.021
2872,4.0212
2873,4.0213
2874,4.0215
2875,4.0216
2876,4.0218
2877,4.022
2878,4.0221
2879,4.0223
2880,4.0224
2881,4.0226
2882,4.0227
2883,4.0229
2884,4.0231
2885,4.0232
2886,4.0234
2887,4.0235
2888,4.0237
2889,4.0239
2890,4.024
2891,4.0242
2892,4.0243
2893,4.0245
2894,4.0247
2895,4.0248
2896,4.025
2897,4.0251
2898,4.0253
2899,4.0254
2900,4.0256
2901,4.0258
2902,4.0259
2903,4.0261
2904,4.0262
2905,4.0264
2906,4.0266
2907,4.0267
2908,4.0269
2909,4.027
2910,4.0272
2911,4.0274
2912,4.0275
2913,4.0277
2914,4.0278
2915,4.028
2916,4.0281
2917,4.0283
2918,4.0285
2919,4.0286
2920,4.0288
2921,4.0289
2922,4.0291
2923,4.0293
2924,4.0294
2925,4.0296
2926,4.0297
2927,4.0299
2928,4.0301
2929,4.0302
2930,4.0304
2931,4.0305
2932,4.0307
2933,4.0309
2934,4.031
2935,4.0312
2936,4.0313
2937,4.0315
2938,4.0316
2939,4.0318
2940,4.032
2941,4.0323
2942,4.0323
2943,4.0324
2944,4.0326
2945,4.0328
2946,4.0329
2947,4.0332
2948,4.0334
2949,4.0336
2950,4.0337
2951,4.0339
2952,4.034
2953,4.0342
2954,4.0343
2955,4.0345
2956,4.0347
2957,4.0348
2958,4.035
2959,4.0351
2960,4.0353
2961,4.0355
2962,4.0356
2963,4.0358
2964,4.0359
2965,4.0363
2966,4.0364
2967,4.0366
2968,4.0367
2969,4.0369
2970,4.037
2971,4.0372
2972,4.0374
2973,4.0375
2974,4.0377
2975,4.038
2976,4.0382
2977,4.0383
2978,4.0385
2979,4.0386
2980,4.0388
2981,4.039
2982,4.0391
2983,4.0393
2984,4.0396
2985,4.0397
2986,4.0399
2987,4.0401
2988,4.0402
2989,4.0404
2990,4.0405
2991,4.0407
2992,4.041
2993,4.0412
2994,4.0413
2995,4.0415
2996,4.0417
2997,4.042
2998,4.0421
2999,4.0423
3000,4.0424
3001,4.0426
3002,4.0429
3003,4.0431
3004,4.0432
3005,4.0434
3006,4.0437
3007,4.0439
3008,4.044
3009,4.0442
3010,4.0445
3011,4.0447
3012,4.0448
3013,4.045
3014,4.0453
3015,4.0455
3016,4.0456
3017,4.0458
3018,4.0461
3019,4.0463
3020,4.0464
3021,4.0467
3022,4.0469
3023,4.0471
3024,4.0472
3025,4.0474
3026,4.0477
3027,4.0478
3028,4.0482
3029,4.0482
3030,4.0485
3031,4.0486
3032,4.049
3033,4.0491
3034,4.0493
3035,4.0498
3036,4.0499
3037,4.0501
3038,4.0502
3039,4.0505
3040,4.0509
3041,4.051
3042,4.0513
3043,4.0515
3044,4.0517
3045,4.052
3046,4.0521
3047,4.0525
3048,4.0526
3049,4.0528
3050,4.0529
3051,4.0532
3052,4.0536
3053,4.0539
3054,4.0539
3055,4.0542
3056,4.0544
3057,4.0547
3058,4.0548
3059,4.0552
3060,4.0553
3061,4.0556
3062,4.0559
3063,4.0563
3064,4.0564
3065,4.0567
3066,4.0571
3067,4.0572
3068,4.0574
3069,4.0577
3070,4.058
3071,4.0582
3072,4.0585
3073,4.0586
3074,4.059
3075,4.0593
3076,4.0594
3077,4.0598
3078,4.0599
3079,4.0602
3080,4.0604
3081,4.0607
3082,4.061
3083,4.0613
3084,4.0617
3085,4.0618
3086,4.062
3087,4.0623
3088,4.0626
3089,4.0628
3090,4.0631
3091,4.0634
3092,4.0636
3093,4.0639
3094,4.0642
3095,4.0644
3096,4.0648
3097,4.0652
3098,4.0653
3099,4.0656
3100,4.066
3101,4.0663
3102,4.0664
3103,4.0667
3104,4.0671
3105,4.0674
3106,4.0677
3107,4.0679
3108,4.0682
3109,4.0685
3110,4.0688
3111,4.0691
3112,4.0693
3113,4.0696
3114,4.0699
3115,4.0702
3116,4.0706
3117,4.0709
3118,4.071
3119,4.0714
3120,4.0717
3121,4.072
3122,4.0723
3123,4.0726
3124,4.0728
3125,4.0731
3126,4.0734
3127,4.0737
3128,4.0741
3129,4.0742
3130,4.0745
3131,4.075
3132,4.0752
3133,4.0755
3134,4.0758
3135,4.0761
3136,4.0764
3137,4.0766
3138,4.0769
3139,4.0774
3140,4.0777
3141,4.0779
3142,4.0782
3143,4.0785
3144,4.0788
3145,4.0791
3146,4.0795
3147,4.0798
3148,4.0801
3149,4.0804
3150,4.0806
3151,4.0809
3152,4.0814
3153,4.0815
3154,4.0818
3155,4.0822
3156,4.0826
3157,4.0826
3158,4.0831
3159,4.0834
3160,4.0837
3161,4.0841
3162,4.0844
3163,4.0847
3164,4.085
3165,4.0852
3166,4.0855
3167,4.0858
3168,4.0861
3169,4.0864
3170,4.0868
3171,4.0871
3172,4.0874
3173,4.0877
3174,4.088
3175,4.0884
3176,4.0887
3177,4.089
3178,4.0893
3179,4.0896
3180,4.0899
3181,4.0903
3182,4.0904
3183,4.0907
3184,4.0911
3185,4.0914
3186,4.0917
3187,4.092
3188,4.0923
3189,4.0926
3190,4.093
3191,4.0933
3192,4.0936
3193,4.0939
3194,4.0942
3195,4.0945
3196,4.0949
3197,4.0952
3198,4.0955
3199,4.0957
3200,4.096
3201,4.0963
3202,4.0966
3203,4.0969
3204,4.0972
3205,4.0976
3206,4.0979
3207,4.0982
3208,4.0985
3209,4.0988
3210,4.099
3211,4.0993
3212,4.0996
3213,4.0999
3214,4.1003
3215,4.1006
3216,4.1009
3217,4.1012
3218,4.1015
3219,4.1019
3220,4.1022
3221,4.1023
3222,4.1026
3223,4.103
3224,4.1033
3225,4.1036
3226,4.1039
3227,4.1042
3228,4.1044
3229,4.1047
3230,4.105
3231,4.1053
3232,4.1057
3233,4.106
3234,4.1061
3235,4.1065
3236,4.1068
3237,4.1071
3238,4.1074
3239,4.1077
3240,4.1079
3241,4.1082
3242,4.1085
3243,4.1088
3244,4.1092
3245,4.1093
3246,4.1096
3247,4.11
3248,4.1103
3249,4.1106
3250,4.1107
3251,4.1111
3252,4.1114
3253,4.1117
3254,4.112
3255,4.1122
3256,4.1125
3257,4.1128
3258,4.1131
3259,4.1133
3260,4.1136
3261,4.1139
3262,4.1142
3263,4.1144
3264,4.1147
3265,4.115
3266,4.1152
3267,4.1155
3268,4.1158
3269,4.1161
3270,4.1163
3271,4.1166
3272,4.1169
3273,4.1171
3274,4.1174
3275,4.1177
3276,4.1179
3277,4.1182
3278,4.1185
3279,4.1188
3280,4.119
3281,4.1193
3282,4.1196
3283,4.1198
3284,4.1201
3285,4.1203
3286,4.1206
3287,4.1209
3288,4.1211
3289,4.1214
3290,4.1215
3291,4.1219
3292,4.1222
3293,4.1223
3294,4.1227
3295,4.123
3296,4.1231
3297,4.1235
3298,4.1236
3299,4.1239
3300,4.1241
3301,4.1244
3302,4.1247
3303,4.1249
3304,4.1252
3305,4.1254
3306,4.1257
3307,4.1258
3308,4.1262
3309,4.1263
3310,4.1266
3311,4.1268
3312,4.1271
3313,4.1273
3314,4.1276
3315,4.1277
3316,4.1281
3317,4.1282
3318,4.1285
3319,4.1287
3320,4.129
3321,4.1292
3322,4.1295
3323,4.1297
3324,4.13
3325,4.1301
3326,4.1303
3327,4.1306
3328,4.1308
3329,4.1311
3330,4.1312
3331,4.1314
3332,4.1317
3333,4.1319
3334,4.1322
3335,4.1324
3336,4.1327
3337,4.1328
3338,4.133
3339,4.1333
3340,4.1335
3341,4.1336
3342,4.1339
3343,4.1341
3344,4.1343
3345,4.1346
3346,4.1347
3347,4.1349
3348,4.1352
3349,4.1354
3350,4.1355
3351,4.1358
3352,4.136
3353,4.1362
3354,4.1365
3355,4.1366
3356,4.1368
3357,4.137
3358,4.1373
3359,4.1374
3360,4.1376
3361,4.1379
3362,4.1381
3363,4.1382
3364,4.1384
3365,4.1385
3366,4.1389
3367,4.139
3368,4.1392
3369,4.1393
3370,4.1397
3371,4.1398
3372,4.14
3373,4.1401
3374,4.1403
3375,4.1405
3376,4.1408
3377,4.1409
3378,4.1411
3379,4.1412
3380,4.1414
3381,4.1417
3382,4.1419
3383,4.142
3384,4.1422
3385,4.1424
3386,4.1425
3387,4.1428
3388,4.143
3389,4.1432
3390,4.1433
3391,4.1435
3392,4.1436
3393,4.1438
3394,4.1439
3395,4.1441
3396,4.1443
3397,4.1444
3398,4.1446
3399,4.1447
3400,4.1449
3401,4.1452
3402,4.1454
3403,4.1455
3404,4.1457
3405,4.1459
3406,4.146
3407,4.1462
3408,4.1463
3409,4.1465
3410,4.1466
3411,4.1468
3412,4.147
3413,4.1471
3414,4.1473
3415,4.1474
3416,4.1476
3417,4.1478
3418,4.1479
3419,4.1481
3420,4.1482
3421,4.1482
3422,4.1484
3423,4.1486
3424,4.1487
3425,4.1489
3426,4.149
3427,4.1492
3428,4.1493
3429,4.1495
3430,4.1497
3431,4.1498
3432,4.15
3433,4.15
3434,4.1501
3435,4.1503
3436,4.1505
3437,4.1506
3438,4.1508
3439,4.1509
3440,4.1511
3441,4.1513
3442,4.1513
3443,4.1514
3444,4.1516
3445,4.1517
3446,4.1519
3447,4.152
3448,4.1522
3449,4.1522
3450,4.1524
3451,4.1525
3452,4.1527
3453,4.1528
3454,4.1528
3455,4.153
3456,4.1532
3457,4.1533
3458,4.1535
3459,4.1535
3460,4.1536
3461,4.1538
3462,4.154
3463,4.154
3464,4.1541
3465,4.1543
3466,4.1544
3467,4.1544
3468,4.1546
3469,4.1547
3470,4.1549
3471,4.1549
3472,4.1551
3473,4.1552
3474,4.1554
3475,4.1554
3476,4.1555
3477,4.1557
3478,4.1557
3479,4.1559
3480,4.156
3481,4.156
3482,4.1562
3483,4.1563
3484,4.1565
3485,4.1565
3486,4.1567
3487,4.1568
3488,4.1568
3489,4.157
3490,4.1571
3491,4.1571
3492,4.1573
3493,4.1574
3494,4.1574
3495,4.1576
3496,4.1576
3497,4.1578
3498,4.1579
3499,4.1579
3500,4.1581
3501,4.1582
3502,4.1582
3503,4.1584
3504,4.1584
3505,4.1586
3506,4.1587
3507,4.1587
3508,4.1589
3509,4.159
3510,4.159
3511,4.1592
3512,4.1592
3513,4.1594
3514,4.1594
3515,4.1595
3516,4.1595
3517,4.1597
3518,4.1598
3519,4.1598
3520,4.16
3521,4.16
3522,4.1601
3523,4.1601
3524,4.1603
3525,4.1605
3526,4.1605
3527,4.1606
3528,4.1606
3529,4.1608
3530,4.1608
3531,4.1609
3532,4.1609
3533,4.1611
3534,4.1613
3535,4.1613
3536,4.1614
3537,4.1614
3538,4.1616
3539,4.1616
3540,4.1617
3541,4.1617
3542,4.1619
3543,4.1619
3544,4.1621
3545,4.1621
3546,4.1622
3547,4.1622
3548,4.1624
3549,4.1624
3550,4.1625
3551,4.1625
3552,4.1627
3553,4.1627
3554,4.1628
3555,4.1628
3556,4.163
3557,4.163
3558,4.1632
3559,4.1633
3560,4.1633
3561,4.1635
3562,4.1635
3563,4.1636
3564,4.1636
3565,4.1638
3566,4.1638
3567,4.164
3568,4.164
3569,4.1641
3570,4.1641
3571,4.1643
3572,4.1643
3573,4.1644
3574,4.1644
3575,4.1646
3576,4.1646
3577,4.1648
3578,4.1648
3579,4.1649
3580,4.1649
3581,4.1651
3582,4.1651
3583,4.1652
3584,4.1652
3585,4.1654
3586,4.1654
3587,4.1655
3588,4.1655
3589,4.1657
3590,4.1657
3591,4.1659
3592,4.1659
3593,4.166
3594,4.166
3595,4.1662
3596,4.1663
3597,4.1663
3598,4.1663
3599,4.1665
3600,4.1665
3601,4.1667
3602,4.1668
3603,4.1668
3604,4.167
3605,4.167
3606,4.1671
3607,4.1671
3608,4.1673
3609,4.1673
3610,4.1675
3611,4.1675
3612,4.1676
3613,4.1676
3614,4.1678
3615,4.1678
3616,4.1679
3617,4.1681
3618,4.1681
3619,4.1683
3620,4.1683
3621,4.1684
3622,4.1684
3623,4.1686
3624,4.1687
3625,4.1687
3626,4.1689
3627,4.1689
3628,4.169
3629,4.169
3630,4.1692
3631,4.1694
3632,4.1694
3633,4.1695
3634,4.1695
3635,4.1697
3636,4.1697
3637,4.1698
3638,4.17
3639,4.17
3640,4.1702
3641,4.1702
3642,4.1703
3643,4.1703
3644,4.1705
3645,4.1706
3646,4.1706
3647,4.1708
3648,4.171
3649,4.171
3650,4.1711
3651,4.1711
3652,4.1713
3653,4.1714
3654,4.1714
3655,4.1716
3656,4.1716
3657,4.1717
3658,4.1719
3659,4.1719
3660,4.1721
3661,4.1722
3662,4.1722
3663,4.1724
3664,4.1725
3665,4.1725
3666,4.1727
3667,4.1729
3668,4.1729
3669,4.173
3670,4.1732
3671,4.1732
3672,4.1733
3673,4.1735
3674,4.1735
3675,4.1737
3676,4.1738
3677,4.1738
3678,4.174
3679,4.1741
3680,4.1741
3681,4.1743
3682,4.1744
3683,4.1746
3684,4.1746
3685,4.1748
3686,4.1749
3687,4.1751
3688,4.1751
3689,4.1752
3690,4.1754
3691,4.1756
3692,4.1757
3693,4.1757
3694,4.1759
3695,4.176
3696,4.1762
3697,4.1762
3698,4.1764
3699,4.1765
3700,4.1767
3701,4.1768
3702,4.177
3703,4.177
3704,4.1771
3705,4.1773
3706,4.1775
3707,4.1776
3708,4.1778
3709,4.1779
3710,4.1779
3711,4.1781
3712,4.1783
3713,4.1784
3714,4.1786
3715,4.1787
3716,4.1789
3717,4.1789
3718,4.1791
3719,4.1792
3720,4.1794
3721,4.1795
3722,4.1797
3723,4.1798
3724,4.18
3725,4.1802
3726,4.1803
3727,4.1805
3728,4.1806
3729,4.1808
3730,4.181
3731,4.1811
3732,4.1813
3733,4.1814
3734,4.1816
3735,4.1818
3736,4.1819
3737,4.1821
3738,4.1822
3739,4.1824
3740,4.1825
3741,4.1827
3742,4.1829
3743,4.183
3744,4.1832
3745,4.1833
3746,4.1837
3747,4.1838
3748,4.184
3749,4.1841
3750,4.1843
3751,4.1845
3752,4.1848
3753,4.1849
3754,4.1851
3755,4.1852
3756,4.1854
3757,4.1856
3758,4.1859
3759,4.186
3760,4.1862
3761,4.1864
3762,4.1867
3763,4.1868
3764,4.187
3765,4.1873
3766,4.1875
3767,4.1876
3768,4.1879
3769,4.1881
3770,4.1883
3771,4.1886
3772,4.1887
3773,4.1889
3774,4.1892
3775,4.1894
3776,4.1895
3777,4.1899
3778,4.19
3779,4.1903
3780,4.1905
3781,4.1908
3782,4.191
3783,4.1913
3784,4.1914
3785,4.1918
3786,4.1919
3787,4.1922
3788,4.1924
3789,4.1927
3790,4.193
3791,4.1932
3792,4.1935
3793,4.1937
3794,4.194
3795,4.1943
3796,4.1946
3797,4.1948
3798,4.1951
3799,4.1954
3800,4.1956
3801,4.1959
3802,4.1962
3803,4.1965
3804,4.1968
3805,4.1972
3806,4.1973
3807,4.1976
3808,4.198
3809,4.1983
3810,4.1986
3811,4.1989
3812,4.1992
3813,4.1995
3814,4.1999
3815,4.2002
3816,4.2005
3817,4.2008
3818,4.2011
3819,4.2014
3820,4.2018
3821,4.2021
3822,4.2026
3823,4.2029
3824,4.2032
3825,4.2035
3826,4.2038
3827,4.2043
3828,4.2046
3829,4.2049
3830,4.2053
3831,4.2057
3832,4.2061
3833,4.2064
3834,4.2068
3835,4.2072
3836,4.2076
3837,4.208
3838,4.2084
3839,4.2088
3840,4.2092
3841,4.2095
3842,4.21
3843,4.2105
3844,4.2108
3845,4.2113
3846,4.2116
3847,4.2121
3848,4.2126
3849,4.213
3850,4.2135
3851,4.2138
3852,4.2143
3853,4.2148
3854,4.2153
3855,4.2157
3856,4.2162
3857,4.2167
3858,4.2172
3859,4.2177
3860,4.2181
3861,4.2186
3862,4.2191
3863,4.2197
3864,4.2202
3865,4.2207
3866,4.2211
3867,4.2216
3868,4.2223
3869,4.2227
3870,4.2234
3871,4.2238
3872,4.2243
3873,4.225
3874,4.2254
3875,4.2261
3876,4.2267
3877,4.2272
3878,4.2278
3879,4.2283
3880,4.2289
3881,4.2296
3882,4.2302
3883,4.2307
3884,4.2313
3885,4.2319
3886,4.2326
3887,4.2332
3888,4.2339
3889,4.2345
3890,4.2351
3891,4.2358
3892,4.2364
3893,4.237
3894,4.2377
3895,4.2385
3896,4.2391
3897,4.2397
3898,4.2404
3899,4.2412
3900,4.2418
3901,4.2426
3902,4.2432
3903,4.244
3904,4.2447
3905,4.2454
3906,4.2462
3907,4.2469
3908,4.2477
3909,4.2485
3910,4.2491
3911,4.2499
3912,4.2507
3913,4.2515
3914,4.2523
3915,4.2531
3916,4.2539
3917,4.2547
3918,4.2555
3919,4.2562
3920,4.257
3921,4.2578
3922,4.2586
3923,4.2596
3924,4.2604
3925,4.2612
3926,4.2621
3927,4.2629
3928,4.2639
3929,4.2647
3930,4.2656
3931,4.2664
3932,4.2674
3933,4.2682
3934,4.2691
3935,4.2701
3936,4.271
3937,4.2718
3938,4.2728
3939,4.2737
3940,4.2747
3941,4.2756
3942,4.2766
3943,4.2775
3944,4.2785
3945,4.2794
3946,4.2804
3947,4.2813
3948,4.2825
3949,4.2834
3950,4.2844
3951,4.2853
3952,4.2864
3953,4.2874
3954,4.2885
3955,4.2894
3956,4.2904
3957,4.2915
3958,4.2926
3959,4.2936
3960,4.2947
3961,4.2958
3962,4.2968
3963,4.2979
3964,4.299
3965,4.2998
3966,4.2996
3967,4.2996
3968,4.2995
3969,4.2996
3970,4.2996
3971,4.2996
3972,4.2996
3973,4.2976
3974,4.2955
3975,4.2947
3976,4.2942
3977,4.2937
3978,4.2933
3979,4.293
3980,4.2926
3981,4.2923
3982,4.2922
3983,4.2918
3984,4.2917
3985,4.2915
3986,4.2912
3987,4.291
3988,4.2909
3989,4.2907
3990,4.2906
3991,4.2904
3992,4.2903
3993,4.2901
3994,4.2899
3995,4.2899
3996,4.2898
3997,4.2896
3998,4.2896
3999,4.2895
4000,4.2893
4001,4.2893
4002,4.2891
4003,4.2891
4004,4.289
4005,4.289
4006,4.2888
4007,4.2888
4008,4.2887
4009,4.2887
4010,4.2885
4011,4.2885
4012,4.2883
4013,4.2883
4014,4.2883
4015,4.2882
4016,4.2882
4017,4.288
4018,4.288
4019,4.288
4020,4.2879
4021,4.2879
4022,4.2879
4023,4.2877
4024,4.2877
4025,4.2876
4026,4.2876
4027,4.2876
4028,4.2874
4029,4.2874
4030,4.2874
4031,4.2872
4032,4.2872
4033,4.2872
4034,4.2872
4035,4.2871
4036,4.2871
4037,4.2871
4038,4.2869
4039,4.2869
4040,4.2869
4041,4.2869
4042,4.2868
4043,4.2868
4044,4.2868
4045,4.2868
4046,4.2866
4047,4.2866
4048,4.2866
4049,4.2866
4050,4.2864
4051,4.2864
4052,4.2864
4053,4.2864
4054,4.2863
4055,4.2863
4056,4.2863
4057,4.2863
4058,4.2861
4059,4.2861
4060,4.2861
4061,4.2861
4062,4.2861
4063,4.286
4064,4.286
4065,4.286
4066,4.286
4067,4.286
4068,4.2858
4069,4.2858
4070,4.2858
4071,4.2858
4072,4.2856
4073,4.2856
4074,4.2856
4075,4.2856
4076,4.2856
4077,4.2855
4078,4.2855
4079,4.2855
4080,4.2855
4081,4.2855
4082,4.2853
4083,4.2853
4084,4.2853
4085,4.2853
4086,4.2853
4087,4.2853
4088,4.2852
4089,4.2852
4090,4.2852
4091,4.2852
4092,4.2852
4093,4.285
4094,4.285
4095,4.285
4096,4.285
4097,4.285
4098,4.2848
4099,4.2848
4100,4.2848
4101,4.2848
4102,4.2848
4103,4.2847
4104,4.2847
4105,4.2847
4106,4.2847
4107,4.2847
4108,4.2847
4109,4.2845
4110,4.2845
4111,4.2845
4112,4.2845
4113,4.2845
4114,4.2844
4115,4.2844
4116,4.2844
4117,4.2844
4118,4.2844
4119,4.2844
4120,4.2842
4121,4.2842
4122,4.2842
4123,4.2842
4124,4.2842
4125,4.2842
4126,4.2841
4127,4.2841
4128,4.2841
4129,4.2841
4130,4.2841
4131,4.2841
4132,4.2841
4133,4.2839
4134,4.2839
4135,4.2839
4136,4.2839
4137,4.2839
4138,4.2839
4139,4.2837
4140,4.2837
4141,4.2837
4142,4.2837
4143,4.2837
4144,4.2837
4145,4.2837
4146,4.2836
4147,4.2836
4148,4.2836
4149,4.2836
4150,4.2836
4151,4.2834
4152,4.2834
4153,4.2834
4154,4.2777
4155,4.2731
4156,4.2709
4157,4.269
4158,4.2672
4159,4.2656
4160,4.264
4161,4.2628
4162,4.2613
4163,4.2601
4164,4.2588
4165,4.2575
4166,4.2562
4167,4.255
4168,4.2539
4169,4.2527
4170,4.2515
4171,4.2504
4172,4.2492
4173,4.2483
4174,4.2472
4175,4.2461
4176,4.2451
4177,4.244
4178,4.2429
4179,4.2419
4180,4.241
4181,4.24
4182,4.2389
4183,4.238
4184,4.237
4185,4.2361
4186,4.2351
4187,4.2341
4188,4.2332
4189,4.2324
4190,4.2314
4191,4.2305
4192,4.2297
4193,4.2287
4194,4.2279
4195,4.227
4196,4.2262
4197,4.2254
4198,4.2245
4199,4.2237
4200,4.2229
4201,4.2221
4202,4.2213
4203,4.2205
4204,4.2197
4205,4.2189
4206,4.2181
4207,4.2173
4208,4.2165
4209,4.2159
4210,4.2151
4211,4.2143
4212,4.2136
4213,4.2128
4214,4.2122
4215,4.2114
4216,4.2108
4217,4.2101
4218,4.2094
4219,4.2087
4220,4.2081
4221,4.2074
4222,4.2067
4223,4.206
4224,4.2054
4225,4.2047
4226,4.2041
4227,4.2035
4228,4.2028
4229,4.2022
4230,4.2017
4231,4.2011
4232,4.2005
4233,4.1998
4234,4.1993
4235,4.1987
4236,4.1981
4237,4.1976
4238,4.197
4239,4.1965
4240,4.1958
4241,4.1954
4242,4.1949
4243,4.1943
4244,4.1938
4245,4.1933
4246,4.1928
4247,4.1922
4248,4.1917
4249,4.1912
4250,4.1908
4251,4.1903
4252,4.1898
4253,4.1893
4254,4.1888
4255,4.1884
4256,4.1879
4257,4.1874
4258,4.1869
4259,4.1866
4260,4.1861
4261,4.1857
4262,4.1852
4263,4.1849
4264,4.1844
4265,4.1839
4266,4.1836
4267,4.1831
4268,4.1828
4269,4.1823
4270,4.182
4271,4.1815
4272,4.1812
4273,4.1807
4274,4.1804
4275,4.1799
4276,4.1796
4277,4.1793
4278,4.1788
4279,4.1785
4280,4.1782
4281,4.1779
4282,4.1774
4283,4.1771
4284,4.1768
4285,4.1765
4286,4.1761
4287,4.1758
4288,4.1755
4289,4.1752
4290,4.1749
4291,4.1745
4292,4.1742
4293,4.1739
4294,4.1736
4295,4.1733
4296,4.173
4297,4.1726
4298,4.1723
4299,4.172
4300,4.1718
4301,4.1715
4302,4.1712
4303,4.1709
4304,4.1707
4305,4.1704
4306,4.1701
4307,4.1698
4308,4.1696
4309,4.1693
4310,4.169
4311,4.1688
4312,4.1685
4313,4.1683
4314,4.168
4315,4.1677
4316,4.1676
4317,4.1672
4318,4.1671
4319,4.1668
4320,4.1666
4321,4.1663
4322,4.1661
4323,4.166
4324,4.1656
4325,4.1655
4326,4.1652
4327,4.165
4328,4.1648
4329,4.1645
4330,4.1644
4331,4.1642
4332,4.1639
4333,4.1637
4334,4.1636
4335,4.1633
4336,4.1631
4337,4.1629
4338,4.1628
4339,4.1625
4340,4.1623
4341,4.1621
4342,4.162
4343,4.1618
4344,4.1615
4345,4.1614
4346,4.1612
4347,4.161
4348,4.1609
4349,4.1607
4350,4.1606
4351,4.1604
4352,4.1601
4353,4.1599
4354,4.1598
4355,4.1596
4356,4.1594
4357,4.1593
4358,4.1591
4359,4.159
4360,4.1588
4361,4.1587
4362,4.1585
4363,4.1583
4364,4.1582
4365,4.158
4366,4.1579
4367,4.1577
4368,4.1575
4369,4.1574
4370,4.1572
4371,4.1571
4372,4.1569
4373,4.1569
4374,4.1567
4375,4.1566
4376,4.1564
4377,4.1563
4378,4.1561
4379,4.1559
4380,4.1558
4381,4.1556
4382,4.1556
4383,4.1555
4384,4.1553
4385,4.1552
4386,4.155
4387,4.1548
4388,4.1548
4389,4.1547
4390,4.1545
4391,4.1544
4392,4.1544
4393,4.1542
4394,4.154
4395,4.1539
4396,4.1537
4397,4.1537
4398,4.1536
4399,4.1534
4400,4.1532
4401,4.1532
4402,4.1531
4403,4.1529
4404,4.1529
4405,4.1528
4406,4.1526
4407,4.1525
4408,4.1525
4409,4.1523
4410,4.1521
4411,4.1521
4412,4.152
4413,4.1518
4414,4.1518
4415,4.1517
4416,4.1515
4417,4.1515
4418,4.1513
4419,4.1512
4420,4.1512
4421,4.151
4422,4.1509
4423,4.1509
4424,4.1507
4425,4.1507
4426,4.1505
4427,4.1504
4428,4.1504
4429,4.1502
4430,4.1502
4431,4.1501
4432,4.1499
4433,4.1499
4434,4.1498
4435,4.1498
4436,4.1496
4437,4.1494
4438,4.1494
4439,4.1493
4440,4.1493
4441,4.1491
4442,4.1491
4443,4.149
4444,4.1488
4445,4.1488
4446,4.1486
4447,4.1486
4448,4.1485
4449,4.1485
4450,4.1483
4451,4.1482
4452,4.1482
4453,4.1482
4454,4.148
4455,4.1478
4456,4.1478
4457,4.1477
4458,4.1477
4459,4.1475
4460,4.1475
4461,4.1474
4462,4.1474
4463,4.1472
4464,4.1472
4465,4.147
4466,4.147
4467,4.1469
4468,4.1469
4469,4.1467
4470,4.1467
4471,4.1466
4472,4.1466
4473,4.1464
4474,4.1464
4475,4.1463
4476,4.1463
4477,4.1461
4478,4.1461
4479,4.1459
4480,4.1459
4481,4.1458
4482,4.1458
4483,4.1456
4484,4.1456
4485,4.1456
4486,4.1455
4487,4.1455
4488,4.1453
4489,4.1453
4490,4.1451
4491,4.1451
4492,4.145
4493,4.145
4494,4.1448
4495,4.1448
4496,4.1447
4497,4.1447
4498,4.1445
4499,4.1445
4500,4.1443
4501,4.1443
4502,4.1442
4503,4.1442
4504,4.1442
4505,4.144
4506,4.144
4507,4.1439
4508,4.1439
4509,4.1437
4510,4.1437
4511,4.1436
4512,4.1436
4513,4.1434
4514,4.1434
4515,4.1434
4516,4.1432
4517,4.1432
4518,4.1431
4519,4.1431
4520,4.1429
4521,4.1429
4522,4.1428
4523,4.1428
4524,4.1428
4525,4.1426
4526,4.1426
4527,4.1424
4528,4.1424
4529,4.1423
4530,4.1423
4531,4.1421
4532,4.1421
4533,4.1421
4534,4.142
4535,4.142
4536,4.1418
4537,4.1418
4538,4.1416
4539,4.1416
4540,4.1415
4541,4.1415
4542,4.1413
4543,4.1413
4544,4.1413
4545,4.1412
4546,4.1412
4547,4.141
4548,4.141
4549,4.1408
4550,4.1408
4551,4.1407
4552,4.1407
4553,4.1407
4554,4.1405
4555,4.1405
4556,4.1404
4557,4.1404
4558,4.1402
4559,4.1402
4560,4.1401
4561,4.1401
4562,4.1401
4563,4.1399
4564,4.1399
4565,4.1397
4566,4.1397
4567,4.1396
4568,4.1396
4569,4.1394
4570,4.1394
4571,4.1393
4572,4.1393
4573,4.1393
4574,4.1391
4575,4.1391
4576,4.1389
4577,4.1389
4578,4.1388
4579,4.1388
4580,4.1386
4581,4.1386
4582,4.1385
4583,4.1385
4584,4.1383
4585,4.1383
4586,4.1381
4587,4.1381
4588,4.138
4589,4.138
4590,4.1378
4591,4.1378
4592,4.1378
4593,4.1377
4594,4.1377
4595,4.1375
4596,4.1375
4597,4.1374
4598,4.1374
4599,4.1372
4600,4.1372
4601,4.137
4602,4.137
4603,4.1369
4604,4.1369
4605,4.1367
4606,4.1367
4607,4.1366
4608,4.1366
4609,4.1364
4610,4.1364
4611,4.1362
4612,4.1362
4613,4.1361
4614,4.1361
4615,4.1359
4616,4.1358
4617,4.1358
4618,4.1356
4619,4.1356
4620,4.1354
4621,4.1354
4622,4.1353
4623,4.1353
4624,4.1351
4625,4.1351
4626,4.135
4627,4.1348
4628,4.1348
4629,4.1347
4630,4.1347
4631,4.1345
4632,4.1345
4633,4.1343
4634,4.1342
4635,4.1342
4636,4.134
4637,4.134
4638,4.1339
4639,4.1337
4640,4.1337
4641,4.1335
4642,4.1335
4643,4.1334
4644,4.1332
4645,4.1332
4646,4.1331
4647,4.1331
4648,4.1329
4649,4.1327
4650,4.1327
4651,4.1326
4652,4.1324
4653,4.1324
4654,4.1323
4655,4.1321
4656,4.1321
4657,4.1319
4658,4.1318
4659,4.1318
4660,4.1316
4661,4.1315
4662,4.1315
4663,4.1313
4664,4.1312
4665,4.1312
4666,4.131
4667,4.1308
4668,4.1307
4669,4.1307
4670,4.1305
4671,4.1304
4672,4.1304
4673,4.1302
4674,4.13
4675,4.1299
4676,4.1299
4677,4.1297
4678,4.1296
4679,4.1294
4680,4.1294
4681,4.1292
4682,4.1291
4683,4.1289
4684,4.1289
4685,4.1288
4686,4.1286
4687,4.1285
4688,4.1283
4689,4.1281
4690,4.1281
4691,4.128
4692,4.1278
4693,4.1277
4694,4.1275
4695,4.1273
4696,4.1273
4697,4.1272
4698,4.127
4699,4.1269
4700,4.1267
4701,4.1265
4702,4.1265
4703,4.1262
4704,4.1262
4705,4.1261
4706,4.1259
4707,4.1258
4708,4.1256
4709,4.1254
4710,4.1253
4711,4.1251
4712,4.125
4713,4.1248
4714,4.1246
4715,4.1245
4716,4.1243
4717,4.1242
4718,4.124
4719,4.1238
4720,4.1237
4721,4.1235
4722,4.1234
4723,4.1232
4724,4.123
4725,4.1229
4726,4.1227
4727,4.1226
4728,4.1224
4729,4.1223
4730,4.1221
4731,4.1219
4732,4.1218
4733,4.1216
4734,4.1215
4735,4.1213
4736,4.1211
4737,4.121
4738,4.1207
4739,4.1205
4740,4.1203
4741,4.1202
4742,4.12
4743,4.1199
4744,4.1197
4745,4.1196
4746,4.1192
4747,4.1191
4748,4.1189
4749,4.1188
4750,4.1186
4751,4.1183
4752,4.1181
4753,4.118
4754,4.1178
4755,4.1176
4756,4.1175
4757,4.1172
4758,4.117
4759,4.1169
4760,4.1167
4761,4.1164
4762,4.1162
4763,4.1161
4764,4.1159
4765,4.1156
4766,4.1154
4767,4.1153
4768,4.1149
4769,4.1148
4770,4.1146
4771,4.1143
4772,4.1141
4773,4.114
4774,4.1137
4775,4.1135
4776,4.1134
4777,4.113
4778,4.1129
4779,4.1127
4780,4.1124
4781,4.1122
4782,4.1121
4783,4.1118
4784,4.1116
4785,4.1113
4786,4.1111
4787,4.111
4788,4.1107
4789,4.1105
4790,4.1102
4791,4.11
4792,4.1097
4793,4.1095
4794,4.1092
4795,4.1091
4796,4.1089
4797,4.1086
4798,4.1084
4799,4.1081
4800,4.1079
4801,4.1076
4802,4.1075
4803,4.1072
4804,4.107
4805,4.1067
4806,4.1064
4807,4.1062
4808,4.1059
4809,4.1057
4810,4.1054
4811,4.1052
4812,4.1049
4813,4.1048
4814,4.1045
4815,4.1043
4816,4.104
4817,4.1038
4818,4.1035
4819,4.1032
4820,4.103
4821,4.1027
4822,4.1025
4823,4.1022
4824,4.1019
4825,4.1018
4826,4.1014
4827,4.1011
4828,4.101
4829,4.1006
4830,4.1003
4831,4.1002
4832,4.0998
4833,4.0995
4834,4.0994
4835,4.099
4836,4.0987
4837,4.0986
4838,4.0983
4839,4.0979
4840,4.0976
4841,4.0975
4842,4.0971
4843,4.0968
4844,4.0967
4845,4.0963
4846,4.096
4847,4.0957
4848,4.0956
4849,4.0952
4850,4.0949
4851,4.0946
4852,4.0944
4853,4.0941
4854,4.0938
4855,4.0935
4856,4.0932
4857,4.093
4858,4.0927
4859,4.0924
4860,4.0921
4861,4.0917
4862,4.0916
4863,4.0913
4864,4.0909
4865,4.0906
4866,4.0903
4867,4.0901
4868,4.0898
4869,4.0895
4870,4.0892
4871,4.0889
4872,4.0886
4873,4.0884
4874,4.0881
4875,4.0878
4876,4.0874
4877,4.0871
4878,4.0868
4879,4.0865
4880,4.0862
4881,4.086
4882,4.0857
4883,4.0854
4884,4.0851
4885,4.0847
4886,4.0844
4887,4.0841
4888,4.0838
4889,4.0835
4890,4.0832
4891,4.0828
4892,4.0827
4893,4.0824
4894,4.082
4895,4.0817
4896,4.0814
4897,4.0811
4898,4.0808
4899,4.0805
4900,4.0801
4901,4.0798
4902,4.0795
4903,4.0793
4904,4.0789
4905,4.0785
4906,4.0784
4907,4.0781
4908,4.0778
4909,4.0774
4910,4.0771
4911,4.0768
4912,4.0765
4913,4.0762
4914,4.0758
4915,4.0755
4916,4.0752
4917,4.0749
4918,4.0746
4919,4.0743
4920,4.0739
4921,4.0736
4922,4.0733
4923,4.073
4924,4.0727
4925,4.0723
4926,4.072
4927,4.0717
4928,4.0714
4929,4.0711
4930,4.0708
4931,4.0704
4932,4.0701
4933,4.0698
4934,4.0695
4935,4.0692
4936,4.0689
4937,4.0685
4938,4.0682
4939,4.0679
4940,4.0677
4941,4.0673
4942,4.0669
4943,4.0666
4944,4.0663
4945,4.066
4946,4.0658
4947,4.0654
4948,4.065
4949,4.0649
4950,4.0646
4951,4.0642
4952,4.0639
4953,4.0636
4954,4.0633
4955,4.063
4956,4.0627
4957,4.0623
4958,4.062
4959,4.0617
4960,4.0614
4961,4.0611
4962,4.0607
4963,4.0604
4964,4.0601
4965,4.0598
4966,4.0595
4967,4.0592
4968,4.0588
4969,4.0585
4970,4.0582
4971,4.0579
4972,4.0576
4973,4.0572
4974,4.0569
4975,4.0568
4976,4.0565
4977,4.0561
4978,4.0558
4979,4.0555
4980,4.0552
4981,4.0549
4982,4.0545
4983,4.0542
4984,4.0539
4985,4.0536
4986,4.0534
4987,4.053
4988,4.0528
4989,4.0525
4990,4.0522
4991,4.0518
4992,4.0515
4993,4.0512
4994,4.0509
4995,4.0506
4996,4.0504
4997,4.0501
4998,4.0498
4999,4.0495
5000,4.0491
5001,4.0488
5002,4.0485
5003,4.0483
5004,4.048
5005,4.0477
5006,4.0474
5007,4.0471
5008,4.0468
5009,4.0466
5010,4.0463
5011,4.046
5012,4.0456
5013,4.0453
5014,4.0452
5015,4.0449
5016,4.0445
5017,4.0442
5018,4.0439
5019,4.0437
5020,4.0434
5021,4.0431
5022,4.0428
5023,4.0426
5024,4.0423
5025,4.042
5026,4.0417
5027,4.0415
5028,4.0412
5029,4.0409
5030,4.0406
5031,4.0404
5032,4.0401
5033,4.0398
5034,4.0396
5035,4.0393
5036,4.039
5037,4.0388
5038,4.0385
5039,4.0382
5040,4.038
5041,4.0377
5042,4.0374
5043,4.0372
5044,4.0369
5045,4.0366
5046,4.0364
5047,4.0361
5048,4.0358
5049,4.0356
5050,4.0353
5051,4.0352
5052,4.0348
5053,4.0347
5054,4.0344
5055,4.034
5056,4.0339
5057,4.0336
5058,4.0334
5059,4.0331
5060,4.0329
5061,4.0326
5062,4.0323
5063,4.0321
5064,4.0318
5065,4.0317
5066,4.0313
5067,4.0312
5068,4.0309
5069,4.0307
5070,4.0304
5071,4.0302
5072,4.0299
5073,4.0298
5074,4.0294
5075,4.0293
5076,4.0291
5077,4.0288
5078,4.0286
5079,4.0283
5080,4.0282
5081,4.0278
5082,4.0277
5083,4.0274
5084,4.0272
5085,4.027
5086,4.0267
5087,4.0266
5088,4.0263
5089,4.0261
5090,4.0259
5091,4.0256
5092,4.0255
5093,4.0253
5094,4.025
5095,4.0248
5096,4.0247
5097,4.0243
5098,4.0242
5099,4.024
5100,4.0237
5101,4.0236
5102,4.0234
5103,4.0231
5104,4.0229
5105,4.0228
5106,4.0224
5107,4.0223
5108,4.0221
5109,4.022
5110,4.0216
5111,4.0215
5112,4.0213
5113,4.0212
5114,4.0209
5115,4.0207
5116,4.0205
5117,4.0204
5118,4.0201
5119,4.0199
5120,4.0197
5121,4.0196
5122,4.0194
5123,4.0191
5124,4.0191
5125,4.0189
5126,4.0189
5127,4.0188
5128,4.0188
5129,4.0186
5130,4.0186
5131,4.0185
5132,4.0185
5133,4.0181
5134,4.0181
5135,4.018
5136,4.018
5137,4.0178
5138,4.0178
5139,4.0177
5140,4.0177
5141,4.0175
5142,4.0175
5143,4.0174
5144,4.0174
5145,4.017
5146,4.017
5147,4.0169
5148,4.0169
5149,4.0167
5150,4.0167
5151,4.0166
5152,4.0166
5153,4.0164
5154,4.0164
5155,4.0162
5156,4.0162
5157,4.0159
5158,4.0159
5159,4.0158
5160,4.0158
5161,4.0156
5162,4.0156
5163,4.0154
5164,4.0154
5165,4.0153
5166,4.0151
5167,4.015
5168,4.0148
5169,4.0145
5170,4.0143
5171,4.0142
5172,4.014
5173,4.0139
5174,4.0137
5175,4.0135
5176,4.0134
5177,4.0132
5178,4.0131
5179,4.0127
5180,4.0126
5181,4.0124
5182,4.0123
5183,4.0121
5184,4.012
5185,4.0118
5186,4.0116
5187,4.0115
5188,4.0113
5189,4.0112
5190,4.011
5191,4.0108
5192,4.0107
5193,4.0105
5194,4.0104
5195,4.0102
5196,4.01
5197,4.0097
5198,4.0097
5199,4.0094
5200,4.0092
5201,4.0091
5202,4.0089
5203,4.0088
5204,4.0086
5205,4.0085
5206,4.0083
5207,4.0081
5208,4.008
5209,4.0078
5210,4.0077
5211,4.0075
5212,4.0073
5213,4.0072
5214,4.007
5215,4.0069
5216,4.0067
5217,4.0065
5218,4.0064
5219,4.0062
5220,4.0061
5221,4.0059
5222,4.0058
5223,4.0056
5224,4.0054
5225,4.0053
5226,4.0051
5227,4.005
5228,4.0048
5229,4.0046
5230,4.0045
5231,4.0043
5232,4.0042
5233,4.004
5234,4.0038
5235,4.0037
5236,4.0035
5237,4.0034
5238,4.0032
5239,4.003
5240,4.0029
5241,4.0027
5242,4.0026
5243,4.0024
5244,4.0023
5245,4.0021
5246,4.0019
5247,4.0018
5248,4.0016
5249,4.0015
5250,4.0013
5251,4.0011
5252,4.001
5253,4.0008
5254,4.0007
5255,4.0005
5256,4.0003
5257,4.0002
5258,4.0
5259,3.9999
5260,3.9997
5261,3.9996
5262,3.9994
5263,3.9992
5264,3.9991
5265,3.9989
5266,3.9988
5267,3.9986
5268,3.9984
5269,3.9983
5270,3.9981
5271,3.998
5272,3.9976
5273,3.9975
5274,3.9973
5275,3.9972
5276,3.997
5277,3.9969
5278,3.9967
5279,3.9965
5280,3.9964
5281,3.9962
5282,3.9961
5283,3.9959
5284,3.9957
5285,3.9956
5286,3.9954
5287,3.9953
5288,3.9951
5289,3.9949
5290,3.9946
5291,3.9945
5292,3.9943
5293,3.9941
5294,3.994
5295,3.9938
5296,3.9937
5297,3.9935
5298,3.9934
5299,3.9932
5300,3.993
5301,3.9927
5302,3.9926
5303,3.9924
5304,3.9922
5305,3.9921
5306,3.9919
5307,3.9918
5308,3.9916
5309,3.9913
5310,3.9911
5311,3.991
5312,3.9908
5313,3.9907
5314,3.9905
5315,3.9903
5316,3.99
5317,3.9899
5318,3.9897
5319,3.9895
5320,3.9894
5321,3.9892
5322,3.9889
5323,3.9887
5324,3.9886
5325,3.9884
5326,3.9883
5327,3.988
5328,3.9878
5329,3.9876
5330,3.9875
5331,3.9873
5332,3.987
5333,3.9868
5334,3.9867
5335,3.9865
5336,3.9862
5337,3.986
5338,3.9859
5339,3.9857
5340,3.9854
5341,3.9852
5342,3.9851
5343,3.9849
5344,3.9846
5345,3.9845
5346,3.9843
5347,3.9841
5348,3.9838
5349,3.9837
5350,3.9835
5351,3.9832
5352,3.983
5353,3.9829
5354,3.9825
5355,3.9824
5356,3.9822
5357,3.9821
5358,3.9818
5359,3.9816
5360,3.9814
5361,3.9811
5362,3.981
5363,3.9808
5364,3.9805
5365,3.9803
5366,3.9802
5367,3.9798
5368,3.9797
5369,3.9794
5370,3.9792
5371,3.979
5372,3.9787
5373,3.9786
5374,3.9783
5375,3.9781
5376,3.9779
5377,3.9776
5378,3.9775
5379,3.9771
5380,3.977
5381,3.9767
5382,3.9765
5383,3.9763
5384,3.976
5385,3.9759
5386,3.9756
5387,3.9754
5388,3.9751
5389,3.9749
5390,3.9746
5391,3.9744
5392,3.9741
5393,3.974
5394,3.9736
5395,3.9735
5396,3.9733
5397,3.973
5398,3.9727
5399,3.9725
5400,3.9722
5401,3.9721
5402,3.9717
5403,3.9716
5404,3.9713
5405,3.9711
5406,3.9708
5407,3.9706
5408,3.9703
5409,3.9701
5410,3.9698
5411,3.9695
5412,3.9694
5413,3.969
5414,3.9689
5415,3.9686
5416,3.9684
5417,3.9681
5418,3.9678
5419,3.9676
5420,3.9673
5421,3.9671
5422,3.9668
5423,3.9665
5424,3.9663
5425,3.966
5426,3.9659
5427,3.9655
5428,3.9652
5429,3.9651
5430,3.9647
5431,3.9646
5432,3.9643
5433,3.964
5434,3.9638
5435,3.9635
5436,3.9632
5437,3.963
5438,3.9627
5439,3.9624
5440,3.9622
5441,3.9619
5442,3.9616
5443,3.9614
5444,3.9611
5445,3.9608
5446,3.9606
5447,3.9603
5448,3.96
5449,3.9598
5450,3.9595
5451,3.9592
5452,3.9589
5453,3.9587
5454,3.9584
5455,3.9581
5456,3.9579
5457,3.9576
5458,3.9573
5459,3.957
5460,3.9568
5461,3.9565
5462,3.9562
5463,3.9558
5464,3.9557
5465,3.9554
5466,3.955
5467,3.9549
5468,3.9546
5469,3.9543
5470,3.9539
5471,3.9538
5472,3.9535
5473,3.9531
5474,3.9528
5475,3.9525
5476,3.9523
5477,3.952
5478,3.9517
5479,3.9514
5480,3.9512
5481,3.9509
5482,3.9506
5483,3.9503
5484,3.9501
5485,3.9498
5486,3.9495
5487,3.9492
5488,3.949
5489,3.9487
5490,3.9484
5491,3.9481
5492,3.9477
5493,3.9476
5494,3.9473
5495,3.9469
5496,3.9466
5497,3.9465
5498,3.9461
5499,3.9458
5500,3.9455
5501,3.9454
5502,3.945
5503,3.9447
5504,3.9444
5505,3.9441
5506,3.9439
5507,3.9436
5508,3.9433
5509,3.943
5510,3.9428
5511,3.9425
5512,3.9422
5513,3.9419
5514,3.9415
5515,3.9414
5516,3.9411
5517,3.9407
5518,3.9404
5519,3.9401
5520,3.94
5521,3.9396
5522,3.9393
5523,3.939
5524,3.9388
5525,3.9385
5526,3.9382
5527,3.9379
5528,3.9377
5529,3.9374
5530,3.9371
5531,3.9368
5532,3.9365
5533,3.9363
5534,3.936
5535,3.9357
5536,3.9353
5537,3.9352
5538,3.9349
5539,3.9345
5540,3.9342
5541,3.9341
5542,3.9338
5543,3.9334
5544,3.9331
5545,3.933
5546,3.9326
5547,3.9323
5548,3.932
5549,3.9317
5550,3.9315
5551,3.9312
5552,3.9309
5553,3.9307
5554,3.9304
5555,3.9301
5556,3.9298
5557,3.9296
5558,3.9293
5559,3.929
5560,3.9287
5561,3.9285
5562,3.9282
5563,3.9279
5564,3.9277
5565,3.9274
5566,3.9271
5567,3.9268
5568,3.9266
5569,3.9263
5570,3.926
5571,3.9256
5572,3.9255
5573,3.9252
5574,3.9249
5575,3.9247
5576,3.9244
5577,3.9241
5578,3.9239
5579,3.9236
5580,3.9233
5581,3.9231
5582,3.9228
5583,3.9225
5584,3.9223
5585,3.922
5586,3.9217
5587,3.9215
5588,3.9212
5589,3.9209
5590,3.9207
5591,3.9204
5592,3.9201
5593,3.9199
5594,3.9196
5595,3.9193
5596,3.9191
5597,3.9188
5598,3.9185
5599,3.9183
5600,3.918
5601,3.9179
5602,3.9175
5603,3.9172
5604,3.9171
5605,3.9167
5606,3.9164
5607,3.9163
5608,3.916
5609,3.9156
5610,3.9155
5611,3.9152
5612,3.915
5613,3.9147
5614,3.9145
5615,3.9142
5616,3.9139
5617,3.9137
5618,3.9134
5619,3.9132
5620,3.9129
5621,3.9126
5622,3.9125
5623,3.9121
5624,3.912
5625,3.9117
5626,3.9115
5627,3.9112
5628,3.9109
5629,3.9107
5630,3.9104
5631,3.9102
5632,3.9099
5633,3.9098
5634,3.9094
5635,3.9091
5636,3.909
5637,3.9086
5638,3.9085
5639,3.9082
5640,3.908
5641,3.9077
5642,3.9075
5643,3.9072
5644,3.9071
5645,3.9067
5646,3.9066
5647,3.9063
5648,3.9061
5649,3.9058
5650,3.9055
5651,3.9053
5652,3.905
5653,3.9048
5654,3.9045
5655,3.9043
5656,3.904
5657,3.9039
5658,3.9036
5659,3.9034
5660,3.9031
5661,3.9029
5662,3.9026
5663,3.9024
5664,3.9021
5665,3.902
5666,3.9016
5667,3.9015
5668,3.9012
5669,3.901
5670,3.9007
5671,3.9005
5672,3.9002
5673,3.9001
5674,3.8999
5675,3.8996
5676,3.8994
5677,3.8991
5678,3.8989
5679,3.8986
5680,3.8985
5681,3.8981
5682,3.898
5683,3.8977
5684,3.8975
5685,3.8972
5686,3.897
5687,3.8967
5688,3.8966
5689,3.8962
5690,3.8961
5691,3.8958
5692,3.8956
5693,3.8954
5694,3.8951
5695,3.895
5696,3.8947
5697,3.8945
5698,3.8942
5699,3.894
5700,3.8937
5701,3.8935
5702,3.8934
5703,3.8931
5704,3.8929
5705,3.8926
5706,3.8924
5707,3.8921
5708,3.892
5709,3.8916
5710,3.8915
5711,3.8912
5712,3.891
5713,3.8907
5714,3.8905
5715,3.8902
5716,3.89
5717,3.8899
5718,3.8896
5719,3.8894
5720,3.8892
5721,3.8889
5722,3.8888
5723,3.8885
5724,3.8883
5725,3.888
5726,3.8878
5727,3.8877
5728,3.8873
5729,3.8872
5730,3.8869
5731,3.8867
5732,3.8864
5733,3.8862
5734,3.8859
5735,3.8858
5736,3.8856
5737,3.8853
5738,3.885
5739,3.8848
5740,3.8846
5741,3.8843
5742,3.8842
5743,3.8838
5744,3.8837
5745,3.8834
5746,3.8832
5747,3.8829
5748,3.8827
5749,3.8826
5750,3.8823
5751,3.8821
5752,3.8818
5753,3.8816
5754,3.8815
5755,3.8811
5756,3.881
5757,3.8807
5758,3.8805
5759,3.8802
5760,3.88
5761,3.8797
5762,3.8796
5763,3.8792
5764,3.8791
5765,3.8789
5766,3.8786
5767,3.8784
5768,3.8781
5769,3.878
5770,3.8776
5771,3.8775
5772,3.8772
5773,3.877
5774,3.8769
5775,3.8765
5776,3.8764
5777,3.8761
5778,3.8759
5779,3.8756
5780,3.8754
5781,3.8751
5782,3.8749
5783,3.8746
5784,3.8745
5785,3.8741
5786,3.874
5787,3.8737
5788,3.8735
5789,3.8732
5790,3.873
5791,3.8727
5792,3.8726
5793,3.8724
5794,3.8721
5795,3.8719
5796,3.8716
5797,3.8714
5798,3.8711
5799,3.871
5800,3.8707
5801,3.8705
5802,3.8702
5803,3.87
5804,3.8697
5805,3.8695
5806,3.8692
5807,3.8691
5808,3.8687
5809,3.8686
5810,3.8683
5811,3.8681
5812,3.8678
5813,3.8676
5814,3.8673
5815,3.8672
5816,3.8668
5817,3.8667
5818,3.8664
5819,3.8662
5820,3.8659
5821,3.8657
5822,3.8654
5823,3.8652
5824,3.8649
5825,3.8648
5826,3.8645
5827,3.8643
5828,3.864
5829,3.8638
5830,3.8635
5831,3.8632
5832,3.863
5833,3.8627
5834,3.8625
5835,3.8622
5836,3.8621
5837,3.8618
5838,3.8616
5839,3.8613
5840,3.8611
5841,3.8608
5842,3.8606
5843,3.8603
5844,3.8602
5845,3.8598
5846,3.8595
5847,3.8594
5848,3.8591
5849,3.8589
5850,3.8586
5851,3.8584
5852,3.8581
5853,3.8579
5854,3.8576
5855,3.8575
5856,3.8571
5857,3.857
5858,3.8567
5859,3.8563
5860,3.8562
5861,3.8559
5862,3.8557
5863,3.8554
5864,3.8552
5865,3.8549
5866,3.8546
5867,3.8544
5868,3.8541
5869,3.854
5870,3.8536
5871,3.8535
5872,3.8532
5873,3.853
5874,3.8527
5875,3.8524
5876,3.8522
5877,3.8519
5878,3.8517
5879,3.8514
5880,3.8511
5881,3.8509
5882,3.8506
5883,3.8505
5884,3.8501
5885,3.85
5886,3.8497
5887,3.8495
5888,3.8492
5889,3.8489
5890,3.8487
5891,3.8484
5892,3.8482
5893,3.8479
5894,3.8478
5895,3.8474
5896,3.8471
5897,3.847
5898,3.8467
5899,3.8465
5900,3.8462
5901,3.846
5902,3.8457
5903,3.8454
5904,3.8452
5905,3.8449
5906,3.8447
5907,3.8444
5908,3.8443
5909,3.844
5910,3.8436
5911,3.8435
5912,3.8432
5913,3.843
5914,3.8427
5915,3.8424
5916,3.8422
5917,3.8419
5918,3.8417
5919,3.8414
5920,3.8412
5921,3.8409
5922,3.8408
5923,3.8405
5924,3.8401
5925,3.84
5926,3.8397
5927,3.8395
5928,3.8392
5929,3.839
5930,3.8387
5931,3.8385
5932,3.8382
5933,3.8379
5934,3.8378
5935,3.8374
5936,3.8373
5937,3.837
5938,3.8368
5939,3.8365
5940,3.8362
5941,3.836
5942,3.8357
5943,3.8355
5944,3.8352
5945,3.8351
5946,3.8347
5947,3.8346
5948,3.8343
5949,3.8339
5950,3.8338
5951,3.8335
5952,3.8333
5953,3.833
5954,3.8328
5955,3.8325
5956,3.8323
5957,3.832
5958,3.8317
5959,3.8316
5960,3.8312
5961,3.8311
5962,3.8308
5963,3.8306
5964,3.8303
5965,3.8301
5966,3.8298
5967,3.8296
5968,3.8293
5969,3.8292
5970,3.8289
5971,3.8287
5972,3.8284
5973,3.8282
5974,3.8279
5975,3.8276
5976,3.8274
5977,3.8271
5978,3.8269
5979,3.8266
5980,3.8265
5981,3.8262
5982,3.826
5983,3.8257
5984,3.8255
5985,3.8252
5986,3.825
5987,3.8247
5988,3.8246
5989,3.8242
5990,3.8241
5991,3.8239
5992,3.8236
5993,3.8234
5994,3.8231
5995,3.823
5996,3.8227
5997,3.8225
5998,3.8222
5999,3.822
6000,3.8217
6001,3.8215
6002,3.8212
6003,3.8211
6004,3.8207
6005,3.8206
6006,3.8203
6007,3.8201
6008,3.8198
6009,3.8196
6010,3.8193
6011,3.8192
6012,3.8188
6013,3.8187
6014,3.8185
6015,3.8182
6016,3.818
6017,3.8177
6018,3.8176
6019,3.8172
6020,3.8171
6021,3.8168
6022,3.8166
6023,3.8165
6024,3.8161
6025,3.816
6026,3.8157
6027,3.8155
6028,3.8152
6029,3.815
6030,3.8147
6031,3.8145
6032,3.8142
6033,3.8141
6034,3.8139
6035,3.8136
6036,3.8134
6037,3.8131
6038,3.813
6039,3.8128
6040,3.8125
6041,3.8123
6042,3.812
6043,3.8118
6044,3.8117
6045,3.8114
6046,3.8112
6047,3.8109
6048,3.8107
6049,3.8106
6050,3.8103
6051,3.8101
6052,3.8098
6053,3.8096
6054,3.8095
6055,3.8091
6056,3.809
6057,3.8087
6058,3.8085
6059,3.8083
6060,3.808
6061,3.8079
6062,3.8076
6063,3.8074
6064,3.8072
6065,3.8069
6066,3.8068
6067,3.8066
6068,3.8063
6069,3.8061
6070,3.806
6071,3.8056
6072,3.8055
6073,3.8053
6074,3.805
6075,3.8049
6076,3.8047
6077,3.8044
6078,3.8042
6079,3.8041
6080,3.8037
6081,3.8036
6082,3.8033
6083,3.8031
6084,3.8029
6085,3.8026
6086,3.8025
6087,3.8023
6088,3.802
6089,3.8018
6090,3.8017
6091,3.8015
6092,3.8012
6093,3.801
6094,3.8007
6095,3.8006
6096,3.8004
6097,3.8002
6098,3.7999
6099,3.7998
6100,3.7996
6101,3.7993
6102,3.7991
6103,3.799
6104,3.7987
6105,3.7985
6106,3.7983
6107,3.798
6108,3.7979
6109,3.7977
6110,3.7975
6111,3.7972
6112,3.7971
6113,3.7969
6114,3.7966
6115,3.7964
6116,3.7963
6117,3.7961
6118,3.7958
6119,3.7956
6120,3.7955
6121,3.7952
6122,3.795
6123,3.7948
6124,3.7947
6125,3.7944
6126,3.7942
6127,3.794
6128,3.7937
6129,3.7936
6130,3.7934
6131,3.7932
6132,3.7929
6133,3.7928
6134,3.7926
6135,3.7925
6136,3.7921
6137,3.792
6138,3.7918
6139,3.7917
6140,3.7913
6141,3.7912
6142,3.791
6143,3.7907
6144,3.7905
6145,3.7904
6146,3.7902
6147,3.7901
6148,3.7898
6149,3.7896
6150,3.7894
6151,3.7893
6152,3.789
6153,3.7888
6154,3.7886
6155,3.7885
6156,3.7883
6157,3.788
6158,3.7878
6159,3.7877
6160,3.7875
6161,3.7872
6162,3.7871
6163,3.7869
6164,3.7867
6165,3.7866
6166,3.7863
6167,3.7861
6168,3.7859
6169,3.7856
6170,3.7855
6171,3.7853
6172,3.7851
6173,3.785
6174,3.7847
6175,3.7845
6176,3.7843
6177,3.7842
6178,3.784
6179,3.7837
6180,3.7836
6181,3.7834
6182,3.7832
6183,3.7831
6184,3.7829
6185,3.7826
6186,3.7824
6187,3.7823
6188,3.7821
6189,3.782
6190,3.7816
6191,3.7815
6192,3.7813
6193,3.7812
6194,3.781
6195,3.7807
6196,3.7805
6197,3.7804
6198,3.7802
6199,3.7801
6200,3.7797
6201,3.7796
6202,3.7794
6203,3.7793
6204,3.7791
6205,3.7789
6206,3.7786
6207,3.7785
6208,3.7783
6209,3.7782
6210,3.778
6211,3.7777
6212,3.7775
6213,3.7774
6214,3.7772
6215,3.777
6216,3.7769
6217,3.7767
6218,3.7764
6219,3.7762
6220,3.7761
6221,3.7759
6222,3.7758
6223,3.7754
6224,3.7753
6225,3.7751
6226,3.775
6227,3.7748
6228,3.7747
6229,3.7745
6230,3.7742
6231,3.774
6232,3.7739
6233,3.7737
6234,3.7735
6235,3.7734
6236,3.7731
6237,3.7729
6238,3.7727
6239,3.7726
6240,3.7724
6241,3.7723
6242,3.7721
6243,3.7718
6244,3.7716
6245,3.7715
6246,3.7713
6247,3.7712
6248,3.771
6249,3.7707
6250,3.7705
6251,3.7704
6252,3.7702
6253,3.77
6254,3.7699
6255,3.7697
6256,3.7696
6257,3.7694
6258,3.7691
6259,3.7689
6260,3.7688
6261,3.7686
6262,3.7685
6263,3.7683
6264,3.7681
6265,3.7678
6266,3.7677
6267,3.7675
6268,3.7673
6269,3.7672
6270,3.767
6271,3.7669
6272,3.7665
6273,3.7664
6274,3.7662
6275,3.7661
6276,3.7659
6277,3.7658
6278,3.7656
6279,3.7654
6280,3.7651
6281,3.765
6282,3.7648
6283,3.7646
6284,3.7645
6285,3.7643
6286,3.7642
6287,3.764
6288,3.7638
6289,3.7637
6290,3.7634
6291,3.7632
6292,3.7631
6293,3.7629
6294,3.7627
6295,3.7626
6296,3.7624
6297,3.7623
6298,3.7621
6299,3.7618
6300,3.7616
6301,3.7615
6302,3.7613
6303,3.7611
6304,3.761
6305,3.7608
6306,3.7607
6307,3.7605
6308,3.7602
6309,3.76
6310,3.7599
6311,3.7597
6312,3.7596
6313,3.7594
6314,3.7592
6315,3.7591
6316,3.7589
6317,3.7586
6318,3.7584
6319,3.7583
6320,3.7581
6321,3.758
6322,3.7578
6323,3.7576
6324,3.7575
6325,3.7573
6326,3.757
6327,3.7569
6328,3.7567
6329,3.7565
6330,3.7564
6331,3.7562
6332,3.7561
6333,3.7559
6334,3.7556
6335,3.7554
6336,3.7553
6337,3.7551
6338,3.7549
6339,3.7548
6340,3.7546
6341,3.7545
6342,3.7543
6343,3.7542
6344,3.754
6345,3.7538
6346,3.7535
6347,3.7534
6348,3.7532
6349,3.753
6350,3.7529
6351,3.7527
6352,3.7526
6353,3.7524
6354,3.7522
6355,3.7521
6356,3.7518
6357,3.7516
6358,3.7514
6359,3.7513
6360,3.7511
6361,3.751
6362,3.7508
6363,3.7507
6364,3.7505
6365,3.7502
6366,3.75
6367,3.7499
6368,3.7497
6369,3.7495
6370,3.7494
6371,3.7492
6372,3.7491
6373,3.7489
6374,3.7487
6375,3.7486
6376,3.7483
6377,3.7483
6378,3.748
6379,3.7478
6380,3.7476
6381,3.7475
6382,3.7473
6383,3.7472
6384,3.747
6385,3.7468
6386,3.7467
6387,3.7464
6388,3.7462
6389,3.746
6390,3.7459
6391,3.7457
6392,3.7456
6393,3.7454
6394,3.7452
6395,3.7451
6396,3.7449
6397,3.7448
6398,3.7445
6399,3.7443
6400,3.7441
6401,3.744
6402,3.7438
6403,3.7437
6404,3.7435
6405,3.7433
6406,3.7432
6407,3.743
6408,3.7429
6409,3.7425
6410,3.7424
6411,3.7422
6412,3.7421
6413,3.7419
6414,3.7418
6415,3.7416
6416,3.7414
6417,3.7413
6418,3.7411
6419,3.741
6420,3.7408
6421,3.7405
6422,3.7403
6423,3.7402
6424,3.74
6425,3.7398
6426,3.7397
6427,3.7395
6428,3.7394
6429,3.7392
6430,3.7391
6431,3.7387
6432,3.7386
6433,3.7384
6434,3.7383
6435,3.7381
6436,3.7379
6437,3.7378
6438,3.7376
6439,3.7375
6440,3.7373
6441,3.7371
6442,3.737
6443,3.7367
6444,3.7365
6445,3.7363
6446,3.7362
6447,3.736
6448,3.7359
6449,3.7357
6450,3.7356
6451,3.7354
6452,3.7352
6453,3.7351
6454,3.7348
6455,3.7346
6456,3.7344
6457,3.7343
6458,3.7341
6459,3.734
6460,3.7338
6461,3.7336
6462,3.7335
6463,3.7333
6464,3.733
6465,3.7329
6466,3.7327
6467,3.7325
6468,3.7324
6469,3.7322
6470,3.7321
6471,3.7319
6472,3.7317
6473,3.7316
6474,3.7314
6475,3.7311
6476,3.7309
6477,3.7308
6478,3.7306
6479,3.7305
6480,3.7303
6481,3.7302
6482,3.73
6483,3.7298
6484,3.7297
6485,3.7294
6486,3.7292
6487,3.729
6488,3.7289
6489,3.7287
6490,3.7286
6491,3.7284
6492,3.7282
6493,3.7281
6494,3.7279
6495,3.7276
6496,3.7274
6497,3.7273
6498,3.7271
6499,3.727
6500,3.7268
6501,3.7267
6502,3.7265
6503,3.7263
6504,3.7262
6505,3.7259
6506,3.7257
6507,3.7255
6508,3.7254
6509,3.7252
6510,3.7251
6511,3.7249
6512,3.7247
6513,3.7246
6514,3.7243
6515,3.7241
6516,3.724
6517,3.7238
6518,3.7236
6519,3.7235
6520,3.7233
6521,3.7232
6522,3.723
6523,3.7228
6524,3.7225
6525,3.7224
6526,3.7222
6527,3.722
6528,3.7219
6529,3.7217
6530,3.7216
6531,3.7214
6532,3.7213
6533,3.7209
6534,3.7208
6535,3.7206
6536,3.7205
6537,3.7203
6538,3.7201
6539,3.72
6540,3.7198
6541,3.7197
6542,3.7193
6543,3.7192
6544,3.719
6545,3.7189
6546,3.7187
6547,3.7185
6548,3.7184
6549,3.7182
6550,3.7181
6551,3.7179
6552,3.7176
6553,3.7174
6554,3.7173
6555,3.7171
6556,3.717
6557,3.7168
6558,3.7166
6559,3.7163
6560,3.7162
6561,3.716
6562,3.7158
6563,3.7157
6564,3.7155
6565,3.7154
6566,3.7152
6567,3.7151
6568,3.7147
6569,3.7146
6570,3.7144
6571,3.7143
6572,3.7141
6573,3.7139
6574,3.7138
6575,3.7136
6576,3.7133
6577,3.7131
6578,3.713
6579,3.7128
6580,3.7127
6581,3.7125
6582,3.7123
6583,3.7122
6584,3.7119
6585,3.7117
6586,3.7116
6587,3.7114
6588,3.7112
6589,3.7111
6590,3.7109
6591,3.7108
6592,3.7106
6593,3.7103
6594,3.7101
6595,3.71
6596,3.7098
6597,3.7096
6598,3.7095
6599,3.7093
6600,3.709
6601,3.7089
6602,3.7087
6603,3.7085
6604,3.7084
6605,3.7082
6606,3.7081
6607,3.7079
6608,3.7077
6609,3.7074
6610,3.7073
6611,3.7071
6612,3.7069
6613,3.7068
6614,3.7066
6615,3.7065
6616,3.7063
6617,3.706
6618,3.7058
6619,3.7057
6620,3.7055
6621,3.7054
6622,3.7052
6623,3.705
6624,3.7047
6625,3.7046
6626,3.7044
6627,3.7042
6628,3.7041
6629,3.7039
6630,3.7038
6631,3.7036
6632,3.7033
6633,3.7031
6634,3.703
6635,3.7028
6636,3.7027
6637,3.7025
6638,3.7022
6639,3.702
6640,3.7019
6641,3.7017
6642,3.7015
6643,3.7014
6644,3.7012
6645,3.7011
6646,3.7007
6647,3.7006
6648,3.7004
6649,3.7003
6650,3.7001
6651,3.6998
6652,3.6996
6653,3.6995
6654,3.6993
6655,3.6992
6656,3.699
6657,3.6988
6658,3.6987
6659,3.6984
6660,3.6982
6661,3.698
6662,3.6979
6663,3.6977
6664,3.6976
6665,3.6974
6666,3.6971
6667,3.6969
6668,3.6968
6669,3.6966
6670,3.6965
6671,3.6963
6672,3.6961
6673,3.6958
6674,3.6957
6675,3.6955
6676,3.6953
6677,3.6952
6678,3.695
6679,3.6949
6680,3.6945
6681,3.6944
6682,3.6942
6683,3.6941
6684,3.6939
6685,3.6938
6686,3.6936
6687,3.6933
6688,3.6931
6689,3.693
6690,3.6928
6691,3.6926
6692,3.6925
6693,3.6923
6694,3.692
6695,3.6918
6696,3.6917
6697,3.6915
6698,3.6914
6699,3.6912
6700,3.6909
6701,3.6907
6702,3.6906
6703,3.6904
6704,3.6903
6705,3.6901
6706,3.6898
6707,3.6896
6708,3.6895
6709,3.6893
6710,3.6891
6711,3.689
6712,3.6888
6713,3.6885
6714,3.6883
6715,3.6882
6716,3.688
6717,3.6879
6718,3.6877
6719,3.6874
6720,3.6872
6721,3.6871
6722,3.6869
6723,3.6868
6724,3.6866
6725,3.6863
6726,3.6861
6727,3.686
6728,3.6858
6729,3.6856
6730,3.6855
6731,3.6852
6732,3.685
6733,3.6849
6734,3.6847
6735,3.6845
6736,3.6844
6737,3.6841
6738,3.6839
6739,3.6837
6740,3.6836
6741,3.6834
6742,3.6833
6743,3.6831
6744,3.6828
6745,3.6826
6746,3.6825
6747,3.6823
6748,3.6822
6749,3.682
6750,3.6817
6751,3.6815
6752,3.6814
6753,3.6812
6754,3.681
6755,3.6809
6756,3.6806
6757,3.6804
6758,3.6802
6759,3.6801
6760,3.6799
6761,3.6798
6762,3.6796
6763,3.6793
6764,3.6791
6765,3.679
6766,3.6788
6767,3.6787
6768,3.6785
6769,3.6783
6770,3.678
6771,3.6779
6772,3.6777
6773,3.6775
6774,3.6774
6775,3.6772
6776,3.6769
6777,3.6767
6778,3.6766
6779,3.6764
6780,3.6763
6781,3.6761
6782,3.6758
6783,3.6756
6784,3.6755
6785,3.6753
6786,3.6752
6787,3.675
6788,3.6747
6789,3.6745
6790,3.6744
6791,3.6742
6792,3.674
6793,3.6739
6794,3.6737
6795,3.6734
6796,3.6733
6797,3.6731
6798,3.6729
6799,3.6728
6800,3.6726
6801,3.6723
6802,3.6721
6803,3.672
6804,3.6718
6805,3.6717
6806,3.6715
6807,3.6712
6808,3.671
6809,3.6709
6810,3.6707
6811,3.6705
6812,3.6704
6813,3.6702
6814,3.6701
6815,3.6698
6816,3.6696
6817,3.6694
6818,3.6693
6819,3.6691
6820,3.669
6821,3.6688
6822,3.6685
6823,3.6683
6824,3.6682
6825,3.668
6826,3.6678
6827,3.6677
6828,3.6675
6829,3.6672
6830,3.6671
6831,3.6669
6832,3.6667
6833,3.6666
6834,3.6664
6835,3.6661
6836,3.6659
6837,3.6658
6838,3.6656
6839,3.6655
6840,3.6653
6841,3.6651
6842,3.665
6843,3.6647
6844,3.6645
6845,3.6643
6846,3.6642
6847,3.664
6848,3.6639
6849,3.6637
6850,3.6636
6851,3.6632
6852,3.6631
6853,3.6629
6854,3.6628
6855,3.6626
6856,3.6624
6857,3.6621
6858,3.662
6859,3.6618
6860,3.6616
6861,3.6615
6862,3.6613
6863,3.6612
6864,3.6609
6865,3.6607
6866,3.6605
6867,3.6604
6868,3.6602
6869,3.6601
6870,3.6599
6871,3.6597
6872,3.6596
6873,3.6593
6874,3.6591
6875,3.6589
6876,3.6588
6877,3.6586
6878,3.6585
6879,3.6583
6880,3.6582
6881,3.658
6882,3.6577
6883,3.6575
6884,3.6574
6885,3.6572
6886,3.657
6887,3.6569
6888,3.6567
6889,3.6564
6890,3.6562
6891,3.6561
6892,3.6559
6893,3.6558
6894,3.6556
6895,3.6554
6896,3.6553
6897,3.6551
6898,3.6548
6899,3.6547
6900,3.6545
6901,3.6543
6902,3.6542
6903,3.654
6904,3.6539
6905,3.6537
6906,3.6535
6907,3.6534
6908,3.6531
6909,3.6529
6910,3.6527
6911,3.6526
6912,3.6524
6913,3.6523
6914,3.6521
6915,3.652
6916,3.6516
6917,3.6515
6918,3.6513
6919,3.6512
6920,3.651
6921,3.6508
6922,3.6507
6923,3.6505
6924,3.6504
6925,3.65
6926,3.6499
6927,3.6497
6928,3.6496
6929,3.6494
6930,3.6493
6931,3.6491
6932,3.6489
6933,3.6488
6934,3.6486
6935,3.6483
6936,3.6481
6937,3.648
6938,3.6478
6939,3.6477
6940,3.6475
6941,3.6473
6942,3.6472
6943,3.6469
6944,3.6467
6945,3.6465
6946,3.6464
6947,3.6462
6948,3.6461
6949,3.6459
6950,3.6458
6951,3.6456
6952,3.6453
6953,3.6451
6954,3.645
6955,3.6448
6956,3.6446
6957,3.6445
6958,3.6443
6959,3.6442
6960,3.644
6961,3.6438
6962,3.6435
6963,3.6434
6964,3.6432
6965,3.6431
6966,3.6429
6967,3.6427
6968,3.6426
6969,3.6424
6970,3.6423
6971,3.6419
6972,3.6418
6973,3.6416
6974,3.6415
6975,3.6413
6976,3.6411
6977,3.641
6978,3.6408
6979,3.6405
6980,3.6403
6981,3.6402
6982,3.64
6983,3.6399
6984,3.6397
6985,3.6396
6986,3.6392
6987,3.6391
6988,3.6389
6989,3.6388
6990,3.6386
6991,3.6384
6992,3.6383
6993,3.638
6994,3.6378
6995,3.6376
6996,3.6375
6997,3.6373
6998,3.6372
6999,3.6369
7000,3.6367
7001,3.6365
7002,3.6364
7003,3.6362
7004,3.6361
7005,3.6359
7006,3.6356
7007,3.6354
7008,3.6353
7009,3.6351
7010,3.6349
7011,3.6348
7012,3.6345
7013,3.6343
7014,3.6342
7015,3.634
7016,3.6338
7017,3.6337
7018,3.6335
7019,3.6332
7020,3.633
7021,3.6329
7022,3.6327
7023,3.6326
7024,3.6322
7025,3.6321
7026,3.6319
7027,3.6318
7028,3.6316
7029,3.6313
7030,3.6311
7031,3.631
7032,3.6308
7033,3.6307
7034,3.6303
7035,3.6302
7036,3.63
7037,3.6299
7038,3.6295
7039,3.6294
7040,3.6292
7041,3.6291
7042,3.6289
7043,3.6286
7044,3.6284
7045,3.6283
7046,3.6281
7047,3.6278
7048,3.6276
7049,3.6275
7050,3.6273
7051,3.6272
7052,3.6268
7053,3.6267
7054,3.6265
7055,3.6264
7056,3.626
7057,3.6259
7058,3.6257
7059,3.6254
7060,3.6253
7061,3.6251
7062,3.6249
7063,3.6246
7064,3.6245
7065,3.6243
7066,3.6241
7067,3.6238
7068,3.6237
7069,3.6235
7070,3.6232
7071,3.623
7072,3.6229
7073,3.6225
7074,3.6224
7075,3.6222
7076,3.6219
7077,3.6218
7078,3.6216
7079,3.6214
7080,3.6211
7081,3.621
7082,3.6206
7083,3.6205
7084,3.6203
7085,3.62
7086,3.6198
7087,3.6197
7088,3.6194
7089,3.6192
7090,3.6189
7091,3.6187
7092,3.6186
7093,3.6183
7094,3.6181
7095,3.6179
7096,3.6176
7097,3.6175
7098,3.6171
7099,3.617
7100,3.6167
7101,3.6165
7102,3.6163
7103,3.616
7104,3.6159
7105,3.6156
7106,3.6154
7107,3.6151
7108,3.6149
7109,3.6146
7110,3.6144
7111,3.6143
7112,3.614
7113,3.6136
7114,3.6135
7115,3.6133
7116,3.613
7117,3.6129
7118,3.6125
7119,3.6122
7120,3.6121
7121,3.6117
7122,3.6116
7123,3.6113
7124,3.6111
7125,3.6108
7126,3.6106
7127,3.6103
7128,3.6102
7129,3.6098
7130,3.6095
7131,3.6094
7132,3.609
7133,3.6089
7134,3.6086
7135,3.6082
7136,3.6081
7137,3.6078
7138,3.6074
7139,3.6073
7140,3.607
7141,3.6067
7142,3.6065
7143,3.6062
7144,3.6059
7145,3.6057
7146,3.6054
7147,3.6051
7148,3.6047
7149,3.6046
7150,3.6043
7151,3.604
7152,3.6038
7153,3.6035
7154,3.6032
7155,3.6028
7156,3.6025
7157,3.6024
7158,3.602
7159,3.6017
7160,3.6014
7161,3.6013
7162,3.6009
7163,3.6006
7164,3.6003
7165,3.6
7166,3.5997
7167,3.5993
7168,3.599
7169,3.5989
7170,3.5985
7171,3.5982
7172,3.5979
7173,3.5976
7174,3.5973
7175,3.597
7176,3.5966
7177,3.5963
7178,3.596
7179,3.5957
7180,3.5954
7181,3.5951
7182,3.5947
7183,3.5944
7184,3.5941
7185,3.5938
7186,3.5935
7187,3.5931
7188,3.5927
7189,3.5924
7190,3.592
7191,3.5917
7192,3.5914
7193,3.5911
7194,3.5908
7195,3.5903
7196,3.59
7197,3.5896
7198,3.5893
7199,3.589
7200,3.5885
7201,3.5882
7202,3.5879
7203,3.5876
7204,3.5871
7205,3.5868
7206,3.5865
7207,3.586
7208,3.5857
7209,3.5854
7210,3.5849
7211,3.5846
7212,3.5842
7213,3.5838
7214,3.5834
7215,3.583
7216,3.5827
7217,3.5822
7218,3.5819
7219,3.5814
7220,3.5811
7221,3.5806
7222,3.5803
7223,3.5798
7224,3.5795
7225,3.579
7226,3.5787
7227,3.5782
7228,3.5777
7229,3.5774
7230,3.5769
7231,3.5765
7232,3.5761
7233,3.5757
7234,3.5752
7235,3.5749
7236,3.5744
7237,3.5739
7238,3.5734
7239,3.5731
7240,3.5726
7241,3.5722
7242,3.5717
7243,3.5712
7244,3.5707
7245,3.5703
7246,3.5698
7247,3.5695
7248,3.569
7249,3.5685
7250,3.568
7251,3.5676
7252,3.5671
7253,3.5666
7254,3.5661
7255,3.5656
7256,3.5652
7257,3.5645
7258,3.5641
7259,3.5636
7260,3.5631
7261,3.5626
7262,3.5622
7263,3.5617
7264,3.561
7265,3.5606
7266,3.5601
7267,3.5596
7268,3.559
7269,3.5585
7270,3.558
7271,3.5575
7272,3.5569
7273,3.5564
7274,3.556
7275,3.5553
7276,3.5548
7277,3.5542
7278,3.5537
7279,3.5533
7280,3.5526
7281,3.5521
7282,3.5515
7283,3.551
7284,3.5504
7285,3.5499
7286,3.5493
7287,3.5488
7288,3.5482
7289,3.5475
7290,3.5471
7291,3.5464
7292,3.5459
7293,3.5453
7294,3.5447
7295,3.5442
7296,3.5436
7297,3.5429
7298,3.5424
7299,3.5418
7300,3.5412
7301,3.5407
7302,3.5401
7303,3.5394
7304,3.5388
7305,3.5382
7306,3.5377
7307,3.537
7308,3.5364
7309,3.5358
7310,3.5351
7311,3.5347
7312,3.534
7313,3.5334
7314,3.5327
7315,3.5321
7316,3.5315
7317,3.5308
7318,3.5304
7319,3.5297
7320,3.5291
7321,3.5285
7322,3.5278
7323,3.5272
7324,3.5265
7325,3.5259
7326,3.5253
7327,3.5246
7328,3.524
7329,3.5234
7330,3.5227
7331,3.5221
7332,3.5215
7333,3.5208
7334,3.5202
7335,3.5196
7336,3.5188
7337,3.5181
7338,3.5175
7339,3.5169
7340,3.5162
7341,3.5156
7342,3.5148
7343,3.5142
7344,3.5135
7345,3.5129
7346,3.5121
7347,3.5114
7348,3.5108
7349,3.51
7350,3.5094
7351,3.5087
7352,3.508
7353,3.5073
7354,3.5065
7355,3.5059
7356,3.5051
7357,3.5045
7358,3.5037
7359,3.5029
7360,3.5022
7361,3.5014
7362,3.5006
7363,3.4998
7364,3.4992
7365,3.4984
7366,3.4976
7367,3.4968
7368,3.496
7369,3.4952
7370,3.4944
7371,3.4936
7372,3.4929
7373,3.4919
7374,3.4911
7375,3.4903
7376,3.4894
7377,3.4886
7378,3.4878
7379,3.4868
7380,3.486
7381,3.4851
7382,3.4841
7383,3.4833
7384,3.4824
7385,3.4814
7386,3.4805
7387,3.4795
7388,3.4785
7389,3.4776
7390,3.4766
7391,3.4757
7392,3.4746
7393,3.4736
7394,3.4725
7395,3.4716
7396,3.4704
7397,3.4695
7398,3.4684
7399,3.4673
7400,3.4662
7401,3.465
7402,3.4639
7403,3.4628
7404,3.4617
7405,3.4606
7406,3.4593
7407,3.4582
7408,3.4569
7409,3.4558
7410,3.4545
7411,3.4533
7412,3.452
7413,3.4507
7414,3.4495
7415,3.4482
7416,3.4469
7417,3.4456
7418,3.4442
7419,3.4429
7420,3.4415
7421,3.4401
7422,3.4388
7423,3.4374
7424,3.436
7425,3.4345
7426,3.4331
7427,3.4315
7428,3.4301
7429,3.4286
7430,3.4271
7431,3.4255
7432,3.424
7433,3.4224
7434,3.4209
7435,3.4193
7436,3.4175
7437,3.4159
7438,3.4143
7439,3.4126
7440,3.411
7441,3.4093
7442,3.4075
7443,3.4058
7444,3.404
7445,3.4023
7446,3.4005
7447,3.3988
7448,3.3969
7449,3.3951
7450,3.3932
7451,3.3913
7452,3.3895
7453,3.3876
7454,3.3857
7455,3.3837
7456,3.3818
7457,3.3798
7458,3.3778
7459,3.3757
7460,3.3738
7461,3.3717
7462,3.3697
7463,3.3676
7464,3.3655
7465,3.3633
7466,3.3613
7467,3.359
7468,3.3568
7469,3.3547
7470,3.3525
7471,3.3501
7472,3.3479
7473,3.3457
7474,3.3433
7475,3.3411
7476,3.3387
7477,3.3363
7478,3.3339
7479,3.3315
7480,3.3291
7481,3.3264
7482,3.3241
7483,3.3215
7484,3.319
7485,3.3164
7486,3.3139
7487,3.3114
7488,3.3087
7489,3.3061
7490,3.3034
7491,3.3007
7492,3.298
7493,3.2953
7494,3.2926
7495,3.2898
7496,3.2869
7497,3.2841
7498,3.2812
7499,3.2783
7500,3.2755
7501,3.2726
7502,3.2696
7503,3.2666
7504,3.2636
7505,3.2606
7506,3.2574
7507,3.2542
7508,3.2512
7509,3.248
7510,3.2447
7511,3.2415
7512,3.2382
7513,3.235
7514,3.2317
7515,3.2283
7516,3.2248
7517,3.2214
7518,3.218
7519,3.2145
7520,3.2109
7521,3.2074
7522,3.2037
7523,3.2001
7524,3.1964
7525,3.1928
7526,3.189
7527,3.1852
7528,3.1813
7529,3.1774
7530,3.1734
7531,3.1696
7532,3.1655
7533,3.1615
7534,3.1574
7535,3.1533
7536,3.1491
7537,3.145
7538,3.1407
7539,3.1364
7540,3.132
7541,3.1277
7542,3.1233
7543,3.1188
7544,3.1142
7545,3.1096
7546,3.105
7547,3.1002
7548,3.0956
7549,3.0907
7550,3.0859
7551,3.081
7552,3.0761
7553,3.0712
7554,3.0661
7555,3.0609
7556,3.0558
7557,3.0506
7558,3.0453
7559,3.0399
7560,3.0345
7561,3.029
7562,3.0234
7563,3.0179
7564,3.0121
7565,3.0064
7566,3.0005
7567,2.9947
7568,2.9888
7569,2.9828
7570,2.9766
7571,2.9705
7572,2.9642
7573,2.9578
7574,2.9515
7575,2.945
7576,2.9385
7577,2.9317
7578,2.925
7579,2.9182
7580,2.9112
7581,2.9042
7582,2.8971
7583,2.8897
7584,2.8824
7585,2.875
7586,2.8675
7587,2.8599
7588,2.8521
7589,2.8442
7590,2.8363
7591,2.8282
7592,2.8199
7593,2.8117
7594,2.8031
7595,2.7945
7596,2.7858
7597,2.777
7598,2.768
7599,2.7588
7600,2.7496
7601,2.7402
7602,2.7307
7603,2.721
7604,2.7112
7605,2.7013
7606,2.6912
7607,2.681
7608,2.6707
7609,2.6602
7610,2.6497
7611,2.6389
7612,2.6282
7613,2.6172
7614,2.6061
7615,2.5948
7616,2.5834
7617,2.572
7618,2.5602
7619,2.5485
7620,2.5366
7621,2.5245
7622,2.5123
7623,2.4999
7624,2.5145
7625,2.6194
7626,2.7202
7627,2.8231
7628,2.9083
7629,3.0086
7630,3.0934
7631,3.1936
7632,3.2037
7633,3.2809
7634,3.3382
7635,3.3797
7636,3.4096
7637,3.4304
7638,3.4442
7639,3.4538
7640,3.4604
7641,3.4654
7642,3.4693
7643,3.4725
7644,3.4751
7645,3.4773
7646,3.4792
7647,3.4809
7648,3.4824
7649,3.4838
7650,3.4849
7651,3.486
7652,3.4871
7653,3.4881
7654,3.489
7655,3.4898
7656,3.4906
7657,3.4914
7658,3.4921
7659,3.4927
7660,3.4933
7661,3.494
7662,3.4944
7663,3.4951
7664,3.4956
7665,3.496
7666,3.4965
7667,3.497
7668,3.4975
7669,3.4979
7670,3.4984
7671,3.4987
7672,3.4991
7673,3.4995
7674,3.4998
7675,3.5002
7676,3.5005
7677,3.5008
7678,3.5011
7679,3.5014
7680,3.5018
7681,3.5021
7682,3.5024
7683,3.5027
7684,3.503
7685,3.5032
7686,3.5035
7687,3.5038
7688,3.504
7689,3.5043
7690,3.5045
7691,3.5048
7692,3.5049
7693,3.5053
7694,3.5054
7695,3.5056
7696,3.5059
7697,3.506
7698,3.5062
7699,3.5065
7700,3.5067
7701,3.5068
7702,3.507
7703,3.5073
7704,3.5075
7705,3.5076
7706,3.5078
7707,3.508
7708,3.5081
7709,3.5083
7710,3.5084
7711,3.5086
7712,3.5089
7713,3.5089
7714,3.5092
7715,3.5094
7716,3.5094
7717,3.5095
7718,3.5097
7719,3.5099
7720,3.51
7721,3.5102
7722,3.5103
7723,3.5105
7724,3.5107
7725,3.5108
7726,3.511
7727,3.511
7728,3.5111
7729,3.5113
7730,3.5114
7731,3.5116
7732,3.5116
7733,3.5118
7734,3.5119
7735,3.5121
7736,3.5121
7737,3.5122
7738,3.5124
7739,3.5126
7740,3.5126
7741,3.5127
7742,3.5129
7743,3.5129
7744,3.513
7745,3.5132
7746,3.5132
7747,3.5134
7748,3.5135
7749,3.5135
7750,3.5137
7751,3.5138
7752,3.5138
7753,3.514
7754,3.514
7755,3.5142
7756,3.5143
7757,3.5143
7758,3.5145
7759,3.5145
7760,3.5146
7761,3.5148
7762,3.5148
7763,3.5149
7764,3.5149
7765,3.5151
7766,3.5151
7767,3.5153
7768,3.5153
7769,3.5154
7770,3.5154
7771,3.5156
7772,3.5156
7773,3.5157
7774,3.5157
7775,3.5159
7776,3.5159
7777,3.5161
7778,3.5161
7779,3.5162
7780,3.5162
7781,3.5164
7782,3.5164
7783,3.5165
7784,3.5165
7785,3.5167
7786,3.5167
7787,3.5167
7788,3.5169
7789,3.5169
7790,3.517
7791,3.517
7792,3.5172
7793,3.5172
7794,3.5173
7795,3.5173
7796,3.5173
7797,3.5175
7798,3.5175
7799,3.5176
7800,3.5176
7801,3.5176
7802,3.5178
7803,3.5178
7804,3.518
7805,3.518
7806,3.5181
7807,3.5181
7808,3.5181
7809,3.5183
7810,3.5268
7811,3.5673
7812,3.571
7813,3.5732
7814,3.5748
7815,3.5761
7816,3.5772
7817,3.5781
7818,3.5789
7819,3.5797
7820,3.5805
7821,3.5812
7822,3.5818
7823,3.5824
7824,3.5831
7825,3.5835
7826,3.584
7827,3.5845
7828,3.5851
7829,3.5856
7830,3.5859
7831,3.5864
7832,3.5869
7833,3.5874
7834,3.5877
7835,3.5882
7836,3.5886
7837,3.5889
7838,3.5893
7839,3.5897
7840,3.5901
7841,3.5904
7842,3.5909
7843,3.5912
7844,3.5915
7845,3.5918
7846,3.5921
7847,3.5924
7848,3.5928
7849,3.5931
7850,3.5934
7851,3.5937
7852,3.594
7853,3.5943
7854,3.5947
7855,3.595
7856,3.5953
7857,3.5956
7858,3.5959
7859,3.5961
7860,3.5964
7861,3.5967
7862,3.597
7863,3.5972
7864,3.5975
7865,3.5978
7866,3.598
7867,3.5983
7868,3.5986
7869,3.5988
7870,3.5991
7871,3.5993
7872,3.5996
7873,3.5999
7874,3.6001
7875,3.6004
7876,3.6005
7877,3.6009
7878,3.601
7879,3.6013
7880,3.6013
7881,3.6017
7882,3.602
7883,3.6021
7884,3.6024
7885,3.6026
7886,3.6029
7887,3.6031
7888,3.6032
7889,3.6036
7890,3.6037
7891,3.6039
7892,3.6042
7893,3.6044
7894,3.6045
7895,3.6048
7896,3.605
7897,3.6051
7898,3.6053
7899,3.6056
7900,3.6058
7901,3.6059
7902,3.6061
7903,3.6064
7904,3.6066
7905,3.6067
7906,3.6069
7907,3.6072
7908,3.6074
7909,3.6075
7910,3.6077
7911,3.6078
7912,3.608
7913,3.6083
7914,3.6085
7915,3.6086
7916,3.6088
7917,3.609
7918,3.6091
7919,3.6093
7920,3.6094
7921,3.6098
7922,3.6099
7923,3.6101
7924,3.6102
7925,3.6104
7926,3.6105
7927,3.6107
7928,3.6109
7929,3.611
7930,3.6112
7931,3.6113
7932,3.6115
7933,3.6117
7934,3.6118
7935,3.612
7936,3.6121
7937,3.6123
7938,3.6125
7939,3.6128
7940,3.6128
7941,3.6129
7942,3.6131
7943,3.6134
7944,3.6134
7945,3.6136
7946,3.6139
7947,3.614
7948,3.6142
7949,3.6142
7950,3.6144
7951,3.6145
7952,3.6147
7953,3.6148
7954,3.615
7955,3.6152
7956,3.6153
7957,3.6155
7958,3.6156
7959,3.6158
7960,3.6159
7961,3.6161
7962,3.6163
7963,3.6164
7964,3.6166
7965,3.6167
7966,3.6169
7967,3.6171
7968,3.6171
7969,3.6172
7970,3.6174
7971,3.6175
7972,3.6177
7973,3.6179
7974,3.618
7975,3.6182
7976,3.6183
7977,3.6185
7978,3.6186
7979,3.6188
7980,3.6188
7981,3.619
7982,3.6191
7983,3.6193
7984,3.6194
7985,3.6196
7986,3.6198
7987,3.6198
7988,3.6199
7989,3.6201
7990,3.6202
7991,3.6204
7992,3.6206
7993,3.6207
7994,3.6209
7995,3.621
7996,3.6212
7997,3.6212
7998,3.6213
7999,3.6215
8000,3.6217
8001,3.6218
8002,3.622
8003,3.6221
8004,3.6221
8005,3.6223
8006,3.6225
8007,3.6226
8008,3.6228
8009,3.6229
8010,3.6231
8011,3.6231
8012,3.6233
8013,3.6234
8014,3.6236
8015,3.6237
8016,3.6239
8017,3.6239
8018,3.6241
8019,3.6242
8020,3.6244
8021,3.6245
8022,3.6247
8023,3.6248
8024,3.6248
8025,3.625
8026,3.6252
8027,3.6253
8028,3.6255
8029,3.6256
8030,3.6256
8031,3.6258
8032,3.626
8033,3.6261
8034,3.6263
8035,3.6264
8036,3.6264
8037,3.6266
8038,3.6268
8039,3.6269
8040,3.6271
8041,3.6272
8042,3.6274
8043,3.6274
8044,3.6275
8045,3.6277
8046,3.6279
8047,3.628
8048,3.6282
8049,3.6282
8050,3.6283
8051,3.6285
8052,3.6287
8053,3.6288
8054,3.6288
8055,3.629
8056,3.6291
8057,3.6293
8058,3.6295
8059,3.6296
8060,3.6296
8061,3.6298
8062,3.6299
8063,3.6301
8064,3.6302
8065,3.6302
8066,3.6304
8067,3.6306
8068,3.6307
8069,3.6309
8070,3.631
8071,3.631
8072,3.6312
8073,3.6314
8074,3.6315
8075,3.6317
8076,3.6318
8077,3.6318
8078,3.632
8079,3.6322
8080,3.6323
8081,3.6323
8082,3.6325
8083,3.6326
8084,3.6328
8085,3.6329
8086,3.6331
8087,3.6331
8088,3.6333
8089,3.6334
8090,3.6336
8091,3.6337
8092,3.6337
8093,3.6339
8094,3.6341
8095,3.6342
8096,3.6344
8097,3.6344
8098,3.6345
8099,3.6347
8100,3.6349
8101,3.635
8102,3.6352
8103,3.6352
8104,3.6353
8105,3.6355
8106,3.6356
8107,3.6358
8108,3.6358
8109,3.636
8110,3.6361
8111,3.6363
8112,3.6363
8113,3.6364
8114,3.6366
8115,3.6368
8116,3.6369
8117,3.6369
8118,3.6371
8119,3.6372
8120,3.6374
8121,3.6376
8122,3.6376
8123,3.6377
8124,3.6379
8125,3.638
8126,3.6382
8127,3.6382
8128,3.6383
8129,3.6385
8130,3.6387
8131,3.6388
8132,3.6388
8133,3.639
8134,3.6391
8135,3.6393
8136,3.6393
8137,3.6395
8138,3.6396
8139,3.6398
8140,3.6399
8141,3.6399
8142,3.6401
8143,3.6403
8144,3.6404
8145,3.6406
8146,3.6406
8147,3.6407
8148,3.6409
8149,3.641
8150,3.6412
8151,3.6412
8152,3.6414
8153,3.6415
8154,3.6417
8155,3.6417
8156,3.6418
8157,3.642
8158,3.6422
8159,3.6423
8160,3.6423
8161,3.6425
8162,3.6426
8163,3.6428
8164,3.6428
8165,3.643
8166,3.6431
8167,3.6433
8168,3.6434
8169,3.6434
8170,3.6436
8171,3.6437
8172,3.6439
8173,3.6439
8174,3.6441
8175,3.6442
8176,3.6444
8177,3.6445
8178,3.6445
8179,3.6447
8180,3.6449
8181,3.645
8182,3.645
8183,3.6452
8184,3.6453
8185,3.6455
8186,3.6455
8187,3.6457
8188,3.6458
8189,3.646
8190,3.6461
8191,3.6461
8192,3.6463
8193,3.6464
8194,3.6466
8195,3.6466
8196,3.6468
8197,3.6469
8198,3.6471
8199,3.6471
8200,3.6472
8201,3.6474
8202,3.6476
8203,3.6477
8204,3.6477
8205,3.6479
8206,3.648
8207,3.6482
8208,3.6482
8209,3.6484
8210,3.6485
8211,3.6487
8212,3.6487
8213,3.6488
8214,3.649
8215,3.6491
8216,3.6493
8217,3.6493
8218,3.6495
8219,3.6496
8220,3.6498
8221,3.6498
8222,3.6499
8223,3.6501
8224,3.6503
8225,3.6503
8226,3.6504
8227,3.6506
8228,3.6507
8229,3.6507
8230,3.6509
8231,3.6511
8232,3.6512
8233,3.6512
8234,3.6514
8235,3.6515
8236,3.6517
8237,3.6517
8238,3.6518
8239,3.652
8240,3.6522
8241,3.6522
8242,3.6523
8243,3.6525
8244,3.6526
8245,3.6526
8246,3.6528
8247,3.653
8248,3.6531
8249,3.6531
8250,3.6533
8251,3.6534
8252,3.6536
8253,3.6536
8254,3.6538
8255,3.6539
8256,3.6541
8257,3.6541
8258,3.6542
8259,3.6544
8260,3.6544
8261,3.6545
8262,3.6547
8263,3.6549
8264,3.655
8265,3.655
8266,3.6552
8267,3.6553
8268,3.6553
8269,3.6555
8270,3.6557
8271,3.6558
8272,3.6558
8273,3.656
8274,3.6561
8275,3.6563
8276,3.6565
8277,3.6565
8278,3.6566
8279,3.6568
8280,3.6569
8281,3.6569
8282,3.6571
8283,3.6572
8284,3.6572
8285,3.6574
8286,3.6576
8287,3.6577
8288,3.6577
8289,3.6579
8290,3.658
8291,3.658
8292,3.6582
8293,3.6584
8294,3.6585
8295,3.6585
8296,3.6587
8297,3.6588
8298,3.659
8299,3.659
8300,3.6592
8301,3.6593
8302,3.6595
8303,3.6595
8304,3.6596
8305,3.6598
8306,3.6599
8307,3.6599
8308,3.6601
8309,3.6603
8310,3.6604
8311,3.6604
8312,3.6606
8313,3.6607
8314,3.6609
8315,3.6609
8316,3.6611
8317,3.6612
8318,3.6612
8319,3.6614
8320,3.6615
8321,3.6617
8322,3.6617
8323,3.6619
8324,3.662
8325,3.6622
8326,3.6622
8327,3.6623
8328,3.6625
8329,3.6625
8330,3.6626
8331,3.6628
8332,3.663
8333,3.663
8334,3.6631
8335,3.6633
8336,3.6634
8337,3.6634
8338,3.6636
8339,3.6638
8340,3.6639
8341,3.6639
8342,3.6641
8343,3.6642
8344,3.6644
8345,3.6644
8346,3.6646
8347,3.6647
8348,3.6647
8349,3.6649
8350,3.665
8351,3.6652
8352,3.6652
8353,3.6653
8354,3.6655
8355,3.6657
8356,3.6657
8357,3.6658
8358,3.666
8359,3.666
8360,3.6661
8361,3.6663
8362,3.6663
8363,3.6665
8364,3.6666
8365,3.6668
8366,3.6668
8367,3.6669
8368,3.6671
8369,3.6671
8370,3.6673
8371,3.6674
8372,3.6676
8373,3.6676
8374,3.6677
8375,3.6679
8376,3.6681
8377,3.6681
8378,3.6682
8379,3.6684
8380,3.6685
8381,3.6685
8382,3.6687
8383,3.6688
8384,3.6688
8385,3.669
8386,3.6692
8387,3.6693
8388,3.6693
8389,3.6695
8390,3.6696
8391,3.6698
8392,3.6698
8393,3.67
8394,3.6701
8395,3.6701
8396,3.6703
8397,3.6704
8398,3.6704
8399,3.6706
8400,3.6708
8401,3.6709
8402,3.6709
8403,3.6711
8404,3.6712
8405,3.6714
8406,3.6714
8407,3.6715
8408,3.6717
8409,3.6717
8410,3.6719
8411,3.672
8412,3.6722
8413,3.6722
8414,3.6723
8415,3.6725
8416,3.6725
8417,3.6727
8418,3.6728
8419,3.673
8420,3.673
8421,3.6731
8422,3.6733
8423,3.6735
8424,3.6735
8425,3.6736
8426,3.6738
8427,3.6738
8428,3.6739
8429,3.6741
8430,3.6741
8431,3.6742
8432,3.6744
8433,3.6746
8434,3.6746
8435,3.6747
8436,3.6749
8437,3.6749
8438,3.675
8439,3.6752
8440,3.6754
8441,3.6754
8442,3.6755
8443,3.6757
8444,3.6758
8445,3.6758
8446,3.676
8447,3.6762
8448,3.6762
8449,3.6763
8450,3.6765
8451,3.6766
8452,3.6766
8453,3.6768
8454,3.6769
8455,3.6771
8456,3.6771
8457,3.6773
8458,3.6774
8459,3.6774
8460,3.6776
8461,3.6777
8462,3.6779
8463,3.6779
8464,3.6781
8465,3.6782
8466,3.6784
8467,3.6784
8468,3.6785
8469,3.6787
8470,3.6787
8471,3.6789
8472,3.679
8473,3.6792
8474,3.6792
8475,3.6793
8476,3.6795
8477,3.6796
8478,3.6796
8479,3.6798
8480,3.68
8481,3.68
8482,3.6801
8483,3.6803
8484,3.6804
8485,3.6804
8486,3.6806
8487,3.6808
8488,3.6808
8489,3.6809
8490,3.6811
8491,3.6812
8492,3.6814
8493,3.6814
8494,3.6816
8495,3.6817
8496,3.6817
8497,3.6819
8498,3.682
8499,3.6822
8500,3.6822
8501,3.6823
8502,3.6825
8503,3.6827
8504,3.6827
8505,3.6828
8506,3.683
8507,3.6831
8508,3.6831
8509,3.6833
8510,3.6835
8511,3.6836
8512,3.6836
8513,3.6838
8514,3.6839
8515,3.6841
8516,3.6841
8517,3.6843
8518,3.6844
8519,3.6846
8520,3.6846
8521,3.6847
8522,3.6849
8523,3.685
8524,3.685
8525,3.6852
8526,3.6854
8527,3.6855
8528,3.6855
8529,3.6857
8530,3.6858
8531,3.686
8532,3.6862
8533,3.6862
8534,3.6863
8535,3.6865
8536,3.6866
8537,3.6866
8538,3.6868
8539,3.687
8540,3.6871
8541,3.6871
8542,3.6873
8543,3.6874
8544,3.6876
8545,3.6876
8546,3.6877
8547,3.6879
8548,3.6881
8549,3.6881
8550,3.6882
8551,3.6884
8552,3.6885
8553,3.6885
8554,3.6887
8555,3.6889
8556,3.689
8557,3.6892
8558,3.6892
8559,3.6893
8560,3.6895
8561,3.6897
8562,3.6897
8563,3.6898
8564,3.69
8565,3.6901
8566,3.6903
8567,3.6903
8568,3.6904
8569,3.6906
8570,3.6908
8571,3.6909
8572,3.6909
8573,3.6911
8574,3.6912
8575,3.6914
8576,3.6916
8577,3.6916
8578,3.6917
8579,3.6919
8580,3.692
8581,3.6922
8582,3.6922
8583,3.6924
8584,3.6925
8585,3.6927
8586,3.6928
8587,3.6928
8588,3.693
8589,3.6931
8590,3.6933
8591,3.6935
8592,3.6935
8593,3.6936
8594,3.6938
8595,3.6939
8596,3.6941
8597,3.6941
8598,3.6943
8599,3.6944
8600,3.6946
8601,3.6947
8602,3.6949
8603,3.6949
8604,3.6951
8605,3.6952
8606,3.6954
8607,3.6955
8608,3.6955
8609,3.6957
8610,3.6958
8611,3.696
8612,3.6962
8613,3.6963
8614,3.6963
8615,3.6965
8616,3.6966
8617,3.6968
8618,3.697
8619,3.6971
8620,3.6973
8621,3.6973
8622,3.6974
8623,3.6976
8624,3.6978
8625,3.6979
8626,3.6981
8627,3.6981
8628,3.6982
8629,3.6984
8630,3.6985
8631,3.6987
8632,3.6989
8633,3.699
8634,3.699
8635,3.6992
8636,3.6993
8637,3.6995
8638,3.6997
8639,3.6998
8640,3.7
8641,3.7001
8642,3.7001
8643,3.7003
8644,3.7005
8645,3.7006
8646,3.7008
8647,3.7009
8648,3.7011
8649,3.7012
8650,3.7012
8651,3.7014
8652,3.7016
8653,3.7017
8654,3.7019
8655,3.702
8656,3.7022
8657,3.7024
8658,3.7025
8659,3.7025
8660,3.7027
8661,3.7028
8662,3.703
8663,3.7032
8664,3.7033
8665,3.7035
8666,3.7036
8667,3.7036
8668,3.7038
8669,3.7039
8670,3.7041
8671,3.7043
8672,3.7044
8673,3.7046
8674,3.7047
8675,3.7049
8676,3.7051
8677,3.7051
8678,3.7052
8679,3.7054
8680,3.7055
8681,3.7057
8682,3.7059
8683,3.706
8684,3.7062
8685,3.7063
8686,3.7065
8687,3.7066
8688,3.7066
8689,3.7068
8690,3.707
8691,3.7071
8692,3.7073
8693,3.7074
8694,3.7076
8695,3.7078
8696,3.7079
8697,3.7081
8698,3.7082
8699,3.7084
8700,3.7086
8701,3.7087
8702,3.7087
8703,3.7089
8704,3.709
8705,3.7092
8706,3.7094
8707,3.7095
8708,3.7097
8709,3.7097
8710,3.7098
8711,3.71
8712,3.7101
8713,3.7103
8714,3.7097
8715,3.7097
8716,3.7097
8717,3.7097
8718,3.7097
8719,3.7097
8720,3.7095
8721,3.7095
8722,3.7097
8723,3.7097
8724,3.7097
8725,3.7097
8726,3.7095
8727,3.7095
8728,3.7095
8729,3.7097
8730,3.7097
8731,3.7097
8732,3.7097
8733,3.7095
8734,3.7095
8735,3.7095
8736,3.7095
8737,3.7097
8738,3.7095
8739,3.7097
8740,3.7097
8741,3.7097
8742,3.7095
8743,3.7097
8744,3.7097
8745,3.7097
8746,3.7097
8747,3.7097
8748,3.7097
8749,3.7095
8750,3.7074
8751,3.7065
8752,3.7062
8753,3.706
8754,3.7058
8755,3.7057
8756,3.7055
8757,3.7054
8758,3.7054
8759,3.7054
8760,3.7052
8761,3.7052
8762,3.705
8763,3.705
8764,3.7049
8765,3.7049
8766,3.7049
8767,3.7049
8768,3.7047
8769,3.7047
8770,3.7047
8771,3.7046
8772,3.7046
8773,3.7046
8774,3.7046
8775,3.7046
8776,3.7044
8777,3.7044
8778,3.7044
8779,3.7044
8780,3.7044
8781,3.7044
8782,3.7042
8783,3.7042
8784,3.7042
8785,3.7042
8786,3.7042
8787,3.7042
8788,3.7042
8789,3.7042
8790,3.7042
8791,3.7041
8792,3.7041
8793,3.7041
8794,3.7041
8795,3.7041
8796,3.7041
8797,3.7041
8798,3.7041
8799,3.7041
8800,3.7039
8801,3.7039
8802,3.7039
8803,3.7039
8804,3.7039
8805,3.7039
8806,3.7039
8807,3.7039
8808,3.7039
8809,3.7039
8810,3.7039
8811,3.7039
8812,3.7038
8813,3.7038
8814,3.7038
8815,3.7038
8816,3.7038
8817,3.7038
8818,3.7038
8819,3.7038
8820,3.7038
8821,3.7038
8822,3.7038
8823,3.7038
8824,3.7038
8825,3.7038
8826,3.7038
8827,3.7038
8828,3.7038
8829,3.7038
8830,3.7036
8831,3.7038
8832,3.7036
8833,3.7036
8834,3.7036
8835,3.7036
8836,3.7036
8837,3.7036
8838,3.7036
8839,3.7036
8840,3.7036
8841,3.7036
8842,3.7036
8843,3.7036
8844,3.7036
8845,3.7036
8846,3.7036
8847,3.7036
8848,3.7036
8849,3.7036
8850,3.7036
8851,3.7036
8852,3.7036
8853,3.7036
8854,3.7036
8855,3.7036
8856,3.7036
8857,3.7036
8858,3.7036
8859,3.7036
8860,3.7036
8861,3.7036
8862,3.7036
8863,3.7036
8864,3.7036
8865,3.7034
8866,3.7034
8867,3.7034
8868,3.7034
8869,3.7034
8870,3.7034
8871,3.7034
8872,3.7034
8873,3.7034
8874,3.7034
8875,3.7034
8876,3.7034
8877,3.7034
8878,3.7034
8879,3.7034
8880,3.7034
8881,3.7034
8882,3.7034
8883,3.7034
8884,3.7034
8885,3.7034
8886,3.7034
8887,3.7034
8888,3.7034
8889,3.7034
8890,3.7034
8891,3.7034
8892,3.7034
8893,3.7034
8894,3.7034
8895,3.7034
8896,3.7034
8897,3.7034
8898,3.7034
8899,3.7034
8900,3.7034
8901,3.7034
8902,3.7034
8903,3.7033
8904,3.7034
8905,3.7033
8906,3.7034
8907,3.7034
8908,3.7033
8909,3.7034
8910,3.7034
8911,3.7033
8912,3.7033
8913,3.7033
8914,3.7033
8915,3.7034
8916,3.7034
8917,3.7033
8918,3.7033
8919,3.7033
8920,3.7033
8921,3.7033
8922,3.7033
8923,3.7033
8924,3.7033
8925,3.7033
8926,3.7033
8927,3.7033
8928,3.7033
8929,3.7033
8930,3.7033
