,voltage
0,3.4217
1,3.4217
2,3.4217
3,3.4217
4,3.4217
5,3.4217
6,3.4217
7,3.4217
8,3.4217
9,3.4217
10,3.4217
11,3.4217
12,3.4217
13,3.4217
14,3.4217
15,3.4217
16,3.4217
17,3.4217
18,3.4217
19,3.4217
20,3.4217
21,3.4217
22,3.4217
23,3.4217
24,3.4217
25,3.4217
26,3.4217
27,3.4217
28,3.4217
29,3.4217
30,3.4217
31,3.4217
32,3.4217
33,3.4217
34,3.4217
35,3.4217
36,3.4217
37,3.4217
38,3.4217
39,3.4217
40,3.4217
41,3.4217
42,3.4217
43,3.4217
44,3.4217
45,3.4217
46,3.4217
47,3.4217
48,3.4217
49,3.4217
50,3.4217
51,3.4217
52,3.4217
53,3.4217
54,3.4217
55,3.4217
56,3.4217
57,3.4217
58,3.4217
59,3.4217
60,3.4217
61,3.5247
62,3.6261
63,3.6685
64,3.6631
65,3.6591
66,3.6561
67,3.6539
68,3.6521
69,3.6507
70,3.6496
71,3.6485
72,3.6477
73,3.6469
74,3.6463
75,3.6456
76,3.6451
77,3.6448
78,3.6444
79,3.644
80,3.6439
81,3.6436
82,3.6434
83,3.6431
84,3.6431
85,3.6429
86,3.6428
87,3.6428
88,3.6426
89,3.6426
90,3.6424
91,3.6424
92,3.6424
93,3.6424
94,3.6426
95,3.6426
96,3.6426
97,3.6426
98,3.6428
99,3.6428
100,3.6429
101,3.6429
102,3.6431
103,3.6431
104,3.6432
105,3.6432
106,3.6434
107,3.6436
108,3.6436
109,3.6437
110,3.6439
111,3.644
112,3.6442
113,3.6442
114,3.6444
115,3.6445
116,3.6447
117,3.6448
118,3.645
119,3.6451
120,3.6451
121,3.6453
122,3.6455
123,3.6456
124,3.6458
125,3.6459
126,3.6461
127,3.6463
128,3.6464
129,3.6466
130,3.6467
131,3.6469
132,3.6471
133,3.6472
134,3.6474
135,3.6475
136,3.6477
137,3.6478
138,3.648
139,3.6482
140,3.6482
141,3.6483
142,3.6485
143,3.6486
144,3.6488
145,3.649
146,3.6491
147,3.6493
148,3.6494
149,3.6496
150,3.6498
151,3.6499
152,3.6501
153,3.6502
154,3.6502
155,3.6504
156,3.6505
157,3.6507
158,3.6509
159,3.651
160,3.6512
161,3.6513
162,3.6515
163,3.6517
164,3.6517
165,3.6518
166,3.652
167,3.6521
168,3.6523
169,3.6525
170,3.6526
171,3.6526
172,3.6528
173,3.6529
174,3.6531
175,3.6533
176,3.6533
177,3.6534
178,3.6536
179,3.6537
180,3.6539
181,3.6539
182,3.654
183,3.6542
184,3.6544
185,3.6544
186,3.6545
187,3.6547
188,3.6548
189,3.6548
190,3.655
191,3.6552
192,3.6553
193,3.6553
194,3.6555
195,3.6556
196,3.6558
197,3.6558
198,3.656
199,3.6561
200,3.6561
201,3.6563
202,3.6564
203,3.6566
204,3.6566
205,3.6567
206,3.6567
207,3.6569
208,3.6571
209,3.6571
210,3.6572
211,3.6574
212,3.6574
213,3.6575
214,3.6577
215,3.6577
216,3.6579
217,3.6579
218,3.658
219,3.6582
220,3.6582
221,3.6583
222,3.6585
223,3.6585
224,3.6587
225,3.6587
226,3.6588
227,3.659
228,3.659
229,3.6591
230,3.6591
231,3.6593
232,3.6593
233,3.6594
234,3.6596
235,3.6596
236,3.6598
237,3.6598
238,3.6599
239,3.6599
240,3.6601
241,3.6602
242,3.6602
243,3.6604
244,3.6604
245,3.6606
246,3.6606
247,3.6607
248,3.6607
249,3.6609
250,3.6609
251,3.661
252,3.6612
253,3.6612
254,3.6614
255,3.6614
256,3.6615
257,3.6615
258,3.6617
259,3.6617
260,3.6618
261,3.6618
262,3.662
263,3.662
264,3.6622
265,3.6622
266,3.6623
267,3.6623
268,3.6625
269,3.6625
270,3.6626
271,3.6626
272,3.6628
273,3.6628
274,3.6628
275,3.6629
276,3.6629
277,3.6631
278,3.6631
279,3.6633
280,3.6633
281,3.6634
282,3.6634
283,3.6636
284,3.6636
285,3.6637
286,3.6637
287,3.6639
288,3.6639
289,3.6641
290,3.6641
291,3.6641
292,3.6642
293,3.6642
294,3.6644
295,3.6644
296,3.6645
297,3.6645
298,3.6647
299,3.6647
300,3.6649
301,3.6649
302,3.6649
303,3.665
304,3.665
305,3.6652
306,3.6652
307,3.6652
308,3.6653
309,3.6653
310,3.6655
311,3.6655
312,3.6655
313,3.6656
314,3.6658
315,3.6658
316,3.6658
317,3.666
318,3.666
319,3.6661
320,3.6661
321,3.6661
322,3.6663
323,3.6663
324,3.6664
325,3.6664
326,3.6666
327,3.6666
328,3.6666
329,3.6668
330,3.6668
331,3.6669
332,3.6669
333,3.6669
334,3.6671
335,3.6671
336,3.6672
337,3.6672
338,3.6672
339,3.6674
340,3.6674
341,3.6676
342,3.6676
343,3.6676
344,3.6677
345,3.6677
346,3.6679
347,3.6679
348,3.6679
349,3.668
350,3.668
351,3.6682
352,3.6682
353,3.6682
354,3.6683
355,3.6683
356,3.6685
357,3.6685
358,3.6685
359,3.6687
360,3.6687
361,3.6688
362,3.6688
363,3.6688
364,3.669
365,3.669
366,3.6691
367,3.6691
368,3.6691
369,3.6693
370,3.6693
371,3.6693
372,3.6695
373,3.6695
374,3.6696
375,3.6696
376,3.6696
377,3.6698
378,3.6698
379,3.6699
380,3.6699
381,3.6699
382,3.6701
383,3.6701
384,3.6703
385,3.6703
386,3.6703
387,3.6704
388,3.6704
389,3.6706
390,3.6706
391,3.6706
392,3.6707
393,3.6707
394,3.6707
395,3.6709
396,3.6709
397,3.671
398,3.671
399,3.671
400,3.6712
401,3.6712
402,3.6712
403,3.6714
404,3.6714
405,3.6714
406,3.6715
407,3.6715
408,3.6717
409,3.6717
410,3.6717
411,3.6718
412,3.6718
413,3.672
414,3.672
415,3.672
416,3.6722
417,3.6722
418,3.6723
419,3.6723
420,3.6723
421,3.6725
422,3.6725
423,3.6725
424,3.6726
425,3.6726
426,3.6728
427,3.6728
428,3.6728
429,3.673
430,3.673
431,3.673
432,3.6731
433,3.6731
434,3.6731
435,3.6733
436,3.6733
437,3.6734
438,3.6734
439,3.6734
440,3.6736
441,3.6736
442,3.6736
443,3.6738
444,3.6738
445,3.6739
446,3.6739
447,3.6739
448,3.6741
449,3.6741
450,3.6741
451,3.6742
452,3.6742
453,3.6742
454,3.6744
455,3.6744
456,3.6745
457,3.6745
458,3.6745
459,3.6747
460,3.6747
461,3.6747
462,3.6749
463,3.6749
464,3.6749
465,3.675
466,3.675
467,3.6752
468,3.6752
469,3.6752
470,3.6753
471,3.6753
472,3.6753
473,3.6755
474,3.6755
475,3.6757
476,3.6757
477,3.6757
478,3.6758
479,3.6758
480,3.6758
481,3.676
482,3.676
483,3.676
484,3.6761
485,3.6761
486,3.6763
487,3.6763
488,3.6763
489,3.6765
490,3.6765
491,3.6765
492,3.6766
493,3.6766
494,3.6766
495,3.6768
496,3.6768
497,3.6769
498,3.6769
499,3.6769
500,3.6771
501,3.6771
502,3.6771
503,3.6772
504,3.6772
505,3.6774
506,3.6774
507,3.6774
508,3.6776
509,3.6776
510,3.6776
511,3.6777
512,3.6777
513,3.6779
514,3.6779
515,3.6779
516,3.678
517,3.678
518,3.678
519,3.6782
520,3.6782
521,3.6782
522,3.6784
523,3.6784
524,3.6784
525,3.6785
526,3.6785
527,3.6787
528,3.6787
529,3.6787
530,3.6788
531,3.6788
532,3.6788
533,3.679
534,3.679
535,3.6792
536,3.6792
537,3.6792
538,3.6792
539,3.6793
540,3.6793
541,3.6795
542,3.6795
543,3.6795
544,3.6796
545,3.6796
546,3.6798
547,3.6798
548,3.6798
549,3.6799
550,3.6799
551,3.6799
552,3.6801
553,3.6801
554,3.6801
555,3.6803
556,3.6803
557,3.6804
558,3.6804
559,3.6804
560,3.6806
561,3.6806
562,3.6806
563,3.6807
564,3.6807
565,3.6809
566,3.6809
567,3.6809
568,3.6811
569,3.6811
570,3.6811
571,3.6812
572,3.6812
573,3.6812
574,3.6814
575,3.6814
576,3.6815
577,3.6815
578,3.6815
579,3.6817
580,3.6817
581,3.6817
582,3.6819
583,3.6819
584,3.682
585,3.682
586,3.682
587,3.6822
588,3.6822
589,3.6822
590,3.6823
591,3.6823
592,3.6825
593,3.6825
594,3.6825
595,3.6826
596,3.6826
597,3.6826
598,3.6828
599,3.6828
600,3.683
601,3.683
602,3.683
603,3.6831
604,3.6831
605,3.6831
606,3.6833
607,3.6833
608,3.6833
609,3.6834
610,3.6834
611,3.6836
612,3.6836
613,3.6836
614,3.6838
615,3.6838
616,3.6838
617,3.6839
618,3.6839
619,3.6841
620,3.6841
621,3.6841
622,3.6842
623,3.6842
624,3.6842
625,3.6844
626,3.6844
627,3.6846
628,3.6846
629,3.6846
630,3.6847
631,3.6847
632,3.6847
633,3.6849
634,3.6849
635,3.685
636,3.685
637,3.685
638,3.6852
639,3.6852
640,3.6852
641,3.6854
642,3.6854
643,3.6855
644,3.6855
645,3.6855
646,3.6857
647,3.6857
648,3.6857
649,3.6858
650,3.6858
651,3.686
652,3.686
653,3.686
654,3.6861
655,3.6861
656,3.6863
657,3.6863
658,3.6863
659,3.6865
660,3.6865
661,3.6865
662,3.6866
663,3.6866
664,3.6868
665,3.6868
666,3.6868
667,3.6869
668,3.6869
669,3.6869
670,3.6871
671,3.6871
672,3.6873
673,3.6873
674,3.6873
675,3.6874
676,3.6874
677,3.6876
678,3.6876
679,3.6876
680,3.6877
681,3.6877
682,3.6877
683,3.6879
684,3.6879
685,3.6881
686,3.6881
687,3.6881
688,3.6882
689,3.6882
690,3.6884
691,3.6884
692,3.6884
693,3.6885
694,3.6885
695,3.6885
696,3.6887
697,3.6887
698,3.6888
699,3.6888
700,3.6888
701,3.689
702,3.689
703,3.6892
704,3.6892
705,3.6892
706,3.6893
707,3.6893
708,3.6895
709,3.6895
710,3.6895
711,3.6896
712,3.6896
713,3.6896
714,3.6898
715,3.6898
716,3.69
717,3.69
718,3.6901
719,3.6901
720,3.6901
721,3.6903
722,3.6903
723,3.6904
724,3.6904
725,3.6904
726,3.6906
727,3.6906
728,3.6906
729,3.6908
730,3.6908
731,3.6909
732,3.6909
733,3.6911
734,3.6911
735,3.6911
736,3.6912
737,3.6912
738,3.6914
739,3.6914
740,3.6914
741,3.6915
742,3.6915
743,3.6917
744,3.6917
745,3.6917
746,3.6919
747,3.6919
748,3.692
749,3.692
750,3.692
751,3.6922
752,3.6922
753,3.6923
754,3.6923
755,3.6923
756,3.6925
757,3.6925
758,3.6927
759,3.6927
760,3.6927
761,3.6928
762,3.6928
763,3.693
764,3.693
765,3.693
766,3.6931
767,3.6931
768,3.6933
769,3.6933
770,3.6933
771,3.6935
772,3.6935
773,3.6936
774,3.6936
775,3.6938
776,3.6938
777,3.6938
778,3.6939
779,3.6939
780,3.6941
781,3.6941
782,3.6943
783,3.6943
784,3.6943
785,3.6944
786,3.6944
787,3.6944
788,3.6946
789,3.6946
790,3.6947
791,3.6947
792,3.6949
793,3.6949
794,3.6949
795,3.695
796,3.695
797,3.6952
798,3.6952
799,3.6954
800,3.6954
801,3.6954
802,3.6955
803,3.6955
804,3.6957
805,3.6957
806,3.6957
807,3.6958
808,3.6958
809,3.696
810,3.696
811,3.6962
812,3.6962
813,3.6962
814,3.6963
815,3.6963
816,3.6965
817,3.6965
818,3.6965
819,3.6966
820,3.6966
821,3.6968
822,3.6968
823,3.697
824,3.697
825,3.697
826,3.6971
827,3.6971
828,3.6973
829,3.6973
830,3.6974
831,3.6974
832,3.6974
833,3.6976
834,3.6976
835,3.6977
836,3.6977
837,3.6977
838,3.6979
839,3.6979
840,3.6981
841,3.6981
842,3.6982
843,3.6982
844,3.6984
845,3.6984
846,3.6984
847,3.6985
848,3.6985
849,3.6987
850,3.6987
851,3.6989
852,3.6989
853,3.699
854,3.699
855,3.699
856,3.6992
857,3.6992
858,3.6993
859,3.6993
860,3.6995
861,3.6995
862,3.6997
863,3.6997
864,3.6997
865,3.6998
866,3.6998
867,3.7
868,3.7
869,3.7001
870,3.7001
871,3.7001
872,3.7003
873,3.7003
874,3.7004
875,3.7004
876,3.7004
877,3.7006
878,3.7006
879,3.7008
880,3.7008
881,3.7009
882,3.7009
883,3.7009
884,3.7011
885,3.7011
886,3.7012
887,3.7012
888,3.7014
889,3.7014
890,3.7014
891,3.7016
892,3.7016
893,3.7017
894,3.7017
895,3.7019
896,3.7019
897,3.702
898,3.702
899,3.7022
900,3.7022
901,3.7022
902,3.7024
903,3.7024
904,3.7025
905,3.7025
906,3.7027
907,3.7027
908,3.7028
909,3.7028
910,3.7028
911,3.703
912,3.703
913,3.7031
914,3.7031
915,3.7033
916,3.7033
917,3.7035
918,3.7035
919,3.7035
920,3.7036
921,3.7036
922,3.7038
923,3.7038
924,3.7039
925,3.7039
926,3.7041
927,3.7041
928,3.7041
929,3.7043
930,3.7043
931,3.7044
932,3.7044
933,3.7046
934,3.7046
935,3.7047
936,3.7047
937,3.7047
938,3.7049
939,3.7049
940,3.7051
941,3.7051
942,3.7052
943,3.7052
944,3.7054
945,3.7054
946,3.7054
947,3.7055
948,3.7057
949,3.7057
950,3.7057
951,3.7059
952,3.7059
953,3.706
954,3.706
955,3.7062
956,3.7062
957,3.7062
958,3.7063
959,3.7063
960,3.7065
961,3.7065
962,3.7066
963,3.7066
964,3.7068
965,3.7068
966,3.707
967,3.707
968,3.707
969,3.7071
970,3.7071
971,3.7073
972,3.7073
973,3.7074
974,3.7074
975,3.7076
976,3.7076
977,3.7078
978,3.7078
979,3.7078
980,3.7079
981,3.7081
982,3.7081
983,3.7081
984,3.7082
985,3.7082
986,3.7084
987,3.7084
988,3.7086
989,3.7086
990,3.7087
991,3.7087
992,3.7089
993,3.7089
994,3.7089
995,3.709
996,3.709
997,3.7092
998,3.7092
999,3.7093
1000,3.7093
1001,3.7095
1002,3.7095
1003,3.7097
1004,3.7097
1005,3.7098
1006,3.7098
1007,3.7098
1008,3.71
1009,3.71
1010,3.7101
1011,3.7101
1012,3.7103
1013,3.7103
1014,3.7105
1015,3.7105
1016,3.7106
1017,3.7106
1018,3.7108
1019,3.7108
1020,3.7109
1021,3.7109
1022,3.7109
1023,3.7111
1024,3.7111
1025,3.7113
1026,3.7113
1027,3.7114
1028,3.7114
1029,3.7116
1030,3.7116
1031,3.7117
1032,3.7117
1033,3.7119
1034,3.7119
1035,3.712
1036,3.712
1037,3.712
1038,3.7122
1039,3.7122
1040,3.7124
1041,3.7124
1042,3.7125
1043,3.7125
1044,3.7127
1045,3.7127
1046,3.7128
1047,3.7128
1048,3.713
1049,3.713
1050,3.713
1051,3.7132
1052,3.7132
1053,3.7133
1054,3.7133
1055,3.7135
1056,3.7135
1057,3.7136
1058,3.7136
1059,3.7138
1060,3.7138
1061,3.714
1062,3.714
1063,3.714
1064,3.7141
1065,3.7141
1066,3.7143
1067,3.7143
1068,3.7144
1069,3.7144
1070,3.7146
1071,3.7146
1072,3.7148
1073,3.7148
1074,3.7149
1075,3.7149
1076,3.7151
1077,3.7151
1078,3.7152
1079,3.7152
1080,3.7154
1081,3.7154
1082,3.7155
1083,3.7155
1084,3.7157
1085,3.7157
1086,3.7159
1087,3.7159
1088,3.7159
1089,3.716
1090,3.716
1091,3.7162
1092,3.7162
1093,3.7163
1094,3.7163
1095,3.7165
1096,3.7165
1097,3.7167
1098,3.7167
1099,3.7168
1100,3.7168
1101,3.717
1102,3.717
1103,3.717
1104,3.7171
1105,3.7171
1106,3.7173
1107,3.7173
1108,3.7175
1109,3.7175
1110,3.7176
1111,3.7176
1112,3.7178
1113,3.7178
1114,3.7179
1115,3.7179
1116,3.7181
1117,3.7181
1118,3.7181
1119,3.7182
1120,3.7184
1121,3.7184
1122,3.7186
1123,3.7186
1124,3.7186
1125,3.7187
1126,3.7189
1127,3.7189
1128,3.7189
1129,3.719
1130,3.719
1131,3.7192
1132,3.7192
1133,3.7194
1134,3.7194
1135,3.7195
1136,3.7195
1137,3.7197
1138,3.7197
1139,3.7198
1140,3.7198
1141,3.72
1142,3.72
1143,3.72
1144,3.7202
1145,3.7202
1146,3.7203
1147,3.7203
1148,3.7205
1149,3.7205
1150,3.7206
1151,3.7206
1152,3.7208
1153,3.7208
1154,3.7209
1155,3.7209
1156,3.7211
1157,3.7211
1158,3.7213
1159,3.7213
1160,3.7214
1161,3.7214
1162,3.7216
1163,3.7216
1164,3.7216
1165,3.7217
1166,3.7219
1167,3.7219
1168,3.7219
1169,3.7221
1170,3.7221
1171,3.7222
1172,3.7222
1173,3.7224
1174,3.7224
1175,3.7225
1176,3.7225
1177,3.7227
1178,3.7227
1179,3.7229
1180,3.7229
1181,3.723
1182,3.723
1183,3.7232
1184,3.7232
1185,3.7233
1186,3.7233
1187,3.7235
1188,3.7235
1189,3.7236
1190,3.7236
1191,3.7236
1192,3.7238
1193,3.724
1194,3.724
1195,3.724
1196,3.7241
1197,3.7241
1198,3.7243
1199,3.7244
1200,3.7244
1201,3.7244
1202,3.7246
1203,3.7246
1204,3.7248
1205,3.7248
1206,3.7249
1207,3.7249
1208,3.7251
1209,3.7251
1210,3.7252
1211,3.7252
1212,3.7254
1213,3.7254
1214,3.7256
1215,3.7256
1216,3.7257
1217,3.7257
1218,3.7259
1219,3.7259
1220,3.726
1221,3.726
1222,3.7262
1223,3.7262
1224,3.7262
1225,3.7264
1226,3.7264
1227,3.7265
1228,3.7265
1229,3.7267
1230,3.7267
1231,3.7268
1232,3.7268
1233,3.727
1234,3.727
1235,3.7271
1236,3.7271
1237,3.7273
1238,3.7273
1239,3.7275
1240,3.7275
1241,3.7276
1242,3.7276
1243,3.7278
1244,3.7278
1245,3.7279
1246,3.7279
1247,3.7281
1248,3.7281
1249,3.7283
1250,3.7283
1251,3.7284
1252,3.7284
1253,3.7286
1254,3.7286
1255,3.7287
1256,3.7287
1257,3.7289
1258,3.7289
1259,3.7291
1260,3.7291
1261,3.7292
1262,3.7292
1263,3.7294
1264,3.7294
1265,3.7295
1266,3.7295
1267,3.7297
1268,3.7297
1269,3.7298
1270,3.7298
1271,3.73
1272,3.73
1273,3.7302
1274,3.7302
1275,3.7303
1276,3.7303
1277,3.7305
1278,3.7305
1279,3.7306
1280,3.7306
1281,3.7308
1282,3.7308
1283,3.731
1284,3.731
1285,3.7311
1286,3.7311
1287,3.7313
1288,3.7313
1289,3.7314
1290,3.7314
1291,3.7316
1292,3.7316
1293,3.7318
1294,3.7318
1295,3.7319
1296,3.7319
1297,3.7321
1298,3.7321
1299,3.7322
1300,3.7322
1301,3.7324
1302,3.7324
1303,3.7325
1304,3.7325
1305,3.7327
1306,3.7327
1307,3.7329
1308,3.733
1309,3.733
1310,3.7332
1311,3.7332
1312,3.7332
1313,3.7333
1314,3.7335
1315,3.7335
1316,3.7337
1317,3.7337
1318,3.7338
1319,3.7338
1320,3.734
1321,3.734
1322,3.7341
1323,3.7341
1324,3.7343
1325,3.7343
1326,3.7345
1327,3.7345
1328,3.7346
1329,3.7346
1330,3.7348
1331,3.7348
1332,3.7349
1333,3.7349
1334,3.7351
1335,3.7352
1336,3.7352
1337,3.7354
1338,3.7354
1339,3.7356
1340,3.7356
1341,3.7357
1342,3.7357
1343,3.7359
1344,3.7359
1345,3.736
1346,3.736
1347,3.7362
1348,3.7362
1349,3.7364
1350,3.7364
1351,3.7365
1352,3.7367
1353,3.7367
1354,3.7368
1355,3.7368
1356,3.737
1357,3.737
1358,3.7372
1359,3.7372
1360,3.7373
1361,3.7373
1362,3.7375
1363,3.7375
1364,3.7376
1365,3.7376
1366,3.7378
1367,3.7378
1368,3.738
1369,3.7381
1370,3.7381
1371,3.7383
1372,3.7383
1373,3.7384
1374,3.7384
1375,3.7386
1376,3.7386
1377,3.7387
1378,3.7387
1379,3.7389
1380,3.7391
1381,3.7391
1382,3.7392
1383,3.7392
1384,3.7394
1385,3.7394
1386,3.7395
1387,3.7397
1388,3.7397
1389,3.7399
1390,3.7399
1391,3.74
1392,3.74
1393,3.7402
1394,3.7402
1395,3.7403
1396,3.7405
1397,3.7405
1398,3.7407
1399,3.7407
1400,3.7408
1401,3.7408
1402,3.741
1403,3.7411
1404,3.7411
1405,3.7413
1406,3.7413
1407,3.7414
1408,3.7414
1409,3.7416
1410,3.7418
1411,3.7418
1412,3.7419
1413,3.7419
1414,3.7421
1415,3.7421
1416,3.7422
1417,3.7422
1418,3.7424
1419,3.7426
1420,3.7426
1421,3.7427
1422,3.7427
1423,3.7429
1424,3.743
1425,3.743
1426,3.7432
1427,3.7432
1428,3.7434
1429,3.7434
1430,3.7435
1431,3.7437
1432,3.7437
1433,3.7438
1434,3.7438
1435,3.744
1436,3.7441
1437,3.7441
1438,3.7443
1439,3.7443
1440,3.7445
1441,3.7445
1442,3.7446
1443,3.7448
1444,3.7448
1445,3.7449
1446,3.7449
1447,3.7451
1448,3.7453
1449,3.7453
1450,3.7454
1451,3.7454
1452,3.7456
1453,3.7457
1454,3.7457
1455,3.7459
1456,3.7459
1457,3.7461
1458,3.7462
1459,3.7462
1460,3.7464
1461,3.7464
1462,3.7465
1463,3.7467
1464,3.7467
1465,3.7469
1466,3.747
1467,3.747
1468,3.7472
1469,3.7472
1470,3.7473
1471,3.7475
1472,3.7475
1473,3.7476
1474,3.7476
1475,3.7478
1476,3.748
1477,3.748
1478,3.7481
1479,3.7483
1480,3.7483
1481,3.7484
1482,3.7486
1483,3.7486
1484,3.7488
1485,3.7488
1486,3.7489
1487,3.7491
1488,3.7491
1489,3.7492
1490,3.7494
1491,3.7494
1492,3.7496
1493,3.7497
1494,3.7497
1495,3.7499
1496,3.7499
1497,3.75
1498,3.7502
1499,3.7502
1500,3.7503
1501,3.7505
1502,3.7505
1503,3.7507
1504,3.7508
1505,3.7508
1506,3.751
1507,3.751
1508,3.7511
1509,3.7513
1510,3.7513
1511,3.7515
1512,3.7516
1513,3.7516
1514,3.7518
1515,3.7519
1516,3.7519
1517,3.7521
1518,3.7523
1519,3.7523
1520,3.7524
1521,3.7526
1522,3.7526
1523,3.7527
1524,3.7529
1525,3.7529
1526,3.753
1527,3.7532
1528,3.7532
1529,3.7534
1530,3.7535
1531,3.7535
1532,3.7537
1533,3.7538
1534,3.7538
1535,3.754
1536,3.7542
1537,3.7542
1538,3.7543
1539,3.7545
1540,3.7545
1541,3.7546
1542,3.7548
1543,3.7548
1544,3.755
1545,3.7551
1546,3.7553
1547,3.7553
1548,3.7554
1549,3.7556
1550,3.7556
1551,3.7557
1552,3.7559
1553,3.7559
1554,3.7561
1555,3.7562
1556,3.7564
1557,3.7564
1558,3.7565
1559,3.7567
1560,3.7567
1561,3.7569
1562,3.757
1563,3.757
1564,3.7572
1565,3.7573
1566,3.7575
1567,3.7575
1568,3.7577
1569,3.7578
1570,3.7578
1571,3.758
1572,3.7581
1573,3.7581
1574,3.7583
1575,3.7585
1576,3.7586
1577,3.7586
1578,3.7588
1579,3.7589
1580,3.7591
1581,3.7591
1582,3.7592
1583,3.7594
1584,3.7594
1585,3.7596
1586,3.7597
1587,3.7599
1588,3.7599
1589,3.76
1590,3.7602
1591,3.7604
1592,3.7604
1593,3.7605
1594,3.7607
1595,3.7607
1596,3.7608
1597,3.761
1598,3.7612
1599,3.7612
1600,3.7613
1601,3.7615
1602,3.7616
1603,3.7616
1604,3.7618
1605,3.7619
1606,3.7621
1607,3.7621
1608,3.7623
1609,3.7624
1610,3.7626
1611,3.7626
1612,3.7627
1613,3.7629
1614,3.7631
1615,3.7631
1616,3.7632
1617,3.7634
1618,3.7635
1619,3.7635
1620,3.7637
1621,3.7639
1622,3.764
1623,3.764
1624,3.7642
1625,3.7643
1626,3.7645
1627,3.7645
1628,3.7646
1629,3.7648
1630,3.765
1631,3.7651
1632,3.7651
1633,3.7653
1634,3.7654
1635,3.7656
1636,3.7656
1637,3.7658
1638,3.7659
1639,3.7661
1640,3.7662
1641,3.7662
1642,3.7664
1643,3.7666
1644,3.7667
1645,3.7669
1646,3.7669
1647,3.767
1648,3.7672
1649,3.7673
1650,3.7675
1651,3.7675
1652,3.7677
1653,3.7678
1654,3.768
1655,3.7681
1656,3.7681
1657,3.7683
1658,3.7685
1659,3.7686
1660,3.7688
1661,3.7688
1662,3.7689
1663,3.7691
1664,3.7693
1665,3.7694
1666,3.7694
1667,3.7696
1668,3.7697
1669,3.7699
1670,3.7701
1671,3.7701
1672,3.7702
1673,3.7704
1674,3.7705
1675,3.7707
1676,3.7708
1677,3.7708
1678,3.771
1679,3.7712
1680,3.7713
1681,3.7715
1682,3.7716
1683,3.7716
1684,3.7718
1685,3.772
1686,3.7721
1687,3.7723
1688,3.7723
1689,3.7724
1690,3.7726
1691,3.7728
1692,3.7729
1693,3.7731
1694,3.7731
1695,3.7732
1696,3.7734
1697,3.7735
1698,3.7737
1699,3.7739
1700,3.7739
1701,3.774
1702,3.7742
1703,3.7743
1704,3.7745
1705,3.7747
1706,3.7748
1707,3.7748
1708,3.775
1709,3.7751
1710,3.7753
1711,3.7755
1712,3.7756
1713,3.7756
1714,3.7758
1715,3.7759
1716,3.7761
1717,3.7762
1718,3.7764
1719,3.7766
1720,3.7767
1721,3.7767
1722,3.7769
1723,3.777
1724,3.7772
1725,3.7774
1726,3.7775
1727,3.7777
1728,3.7777
1729,3.7778
1730,3.778
1731,3.7782
1732,3.7783
1733,3.7785
1734,3.7786
1735,3.7788
1736,3.779
1737,3.7791
1738,3.7791
1739,3.7793
1740,3.7794
1741,3.7796
1742,3.7797
1743,3.7799
1744,3.7801
1745,3.7801
1746,3.7802
1747,3.7804
1748,3.7805
1749,3.7807
1750,3.7809
1751,3.781
1752,3.7812
1753,3.7813
1754,3.7813
1755,3.7815
1756,3.7817
1757,3.7818
1758,3.782
1759,3.7821
1760,3.7823
1761,3.7824
1762,3.7826
1763,3.7828
1764,3.7829
1765,3.7829
1766,3.7831
1767,3.7832
1768,3.7834
1769,3.7836
1770,3.7837
1771,3.7839
1772,3.784
1773,3.7842
1774,3.7844
1775,3.7845
1776,3.7847
1777,3.7848
1778,3.7848
1779,3.785
1780,3.7851
1781,3.7853
1782,3.7855
1783,3.7856
1784,3.7858
1785,3.7859
1786,3.7861
1787,3.7863
1788,3.7864
1789,3.7866
1790,3.7867
1791,3.7869
1792,3.7869
1793,3.7871
1794,3.7872
1795,3.7874
1796,3.7875
1797,3.7877
1798,3.7878
1799,3.788
1800,3.7882
1801,3.7883
1802,3.7885
1803,3.7886
1804,3.7888
1805,3.789
1806,3.7891
1807,3.7893
1808,3.7894
1809,3.7896
1810,3.7898
1811,3.7899
1812,3.7899
1813,3.7901
1814,3.7902
1815,3.7904
1816,3.7906
1817,3.7907
1818,3.7909
1819,3.791
1820,3.7912
1821,3.7913
1822,3.7915
1823,3.7917
1824,3.7918
1825,3.792
1826,3.7921
1827,3.7923
1828,3.7925
1829,3.7926
1830,3.7928
1831,3.7929
1832,3.7931
1833,3.7933
1834,3.7934
1835,3.7936
1836,3.7937
1837,3.7939
1838,3.794
1839,3.7942
1840,3.7944
1841,3.7945
1842,3.7947
1843,3.7948
1844,3.795
1845,3.795
1846,3.7953
1847,3.7955
1848,3.7956
1849,3.7958
1850,3.796
1851,3.7961
1852,3.7963
1853,3.7964
1854,3.7966
1855,3.7966
1856,3.7969
1857,3.7971
1858,3.7972
1859,3.7974
1860,3.7975
1861,3.7977
1862,3.7979
1863,3.798
1864,3.7982
1865,3.7983
1866,3.7985
1867,3.7987
1868,3.7988
1869,3.799
1870,3.7991
1871,3.7993
1872,3.7994
1873,3.7996
1874,3.7998
1875,3.7999
1876,3.8001
1877,3.8002
1878,3.8004
1879,3.8006
1880,3.8007
1881,3.8009
1882,3.801
1883,3.8012
1884,3.8014
1885,3.8015
1886,3.8017
1887,3.8018
1888,3.802
1889,3.8022
1890,3.8025
1891,3.8025
1892,3.8028
1893,3.8029
1894,3.8031
1895,3.8033
1896,3.8034
1897,3.8036
1898,3.8037
1899,3.8039
1900,3.8041
1901,3.8042
1902,3.8044
1903,3.8045
1904,3.8047
1905,3.8049
1906,3.8052
1907,3.8053
1908,3.8055
1909,3.8056
1910,3.8058
1911,3.806
1912,3.8061
1913,3.8063
1914,3.8064
1915,3.8066
1916,3.8068
1917,3.8069
1918,3.8071
1919,3.8072
1920,3.8074
1921,3.8077
1922,3.8079
1923,3.808
1924,3.8082
1925,3.8083
1926,3.8085
1927,3.8087
1928,3.8088
1929,3.809
1930,3.8093
1931,3.8095
1932,3.8096
1933,3.8098
1934,3.8099
1935,3.8101
1936,3.8103
1937,3.8104
1938,3.8106
1939,3.8107
1940,3.8111
1941,3.8112
1942,3.8114
1943,3.8115
1944,3.8117
1945,3.8118
1946,3.812
1947,3.8123
1948,3.8125
1949,3.8126
1950,3.8128
1951,3.813
1952,3.8131
1953,3.8133
1954,3.8134
1955,3.8138
1956,3.8139
1957,3.8141
1958,3.8142
1959,3.8144
1960,3.8145
1961,3.8149
1962,3.815
1963,3.8152
1964,3.8153
1965,3.8155
1966,3.8157
1967,3.8158
1968,3.8161
1969,3.8163
1970,3.8165
1971,3.8166
1972,3.8168
1973,3.8169
1974,3.8172
1975,3.8174
1976,3.8176
1977,3.8177
1978,3.8179
1979,3.8182
1980,3.8184
1981,3.8185
1982,3.8187
1983,3.8188
1984,3.8192
1985,3.8193
1986,3.8195
1987,3.8196
1988,3.8198
1989,3.8201
1990,3.8203
1991,3.8204
1992,3.8206
1993,3.8207
1994,3.8211
1995,3.8212
1996,3.8214
1997,3.8215
1998,3.8217
1999,3.8219
2000,3.8222
2001,3.8223
2002,3.8225
2003,3.8228
2004,3.823
2005,3.8231
2006,3.8233
2007,3.8234
2008,3.8238
2009,3.8239
2010,3.8241
2011,3.8242
2012,3.8246
2013,3.8247
2014,3.8249
2015,3.825
2016,3.8254
2017,3.8255
2018,3.8257
2019,3.8258
2020,3.8261
2021,3.8263
2022,3.8265
2023,3.8266
2024,3.8269
2025,3.8271
2026,3.8273
2027,3.8274
2028,3.8277
2029,3.8279
2030,3.8281
2031,3.8282
2032,3.8285
2033,3.8287
2034,3.8288
2035,3.829
2036,3.8293
2037,3.8295
2038,3.8298
2039,3.83
2040,3.8301
2041,3.8303
2042,3.8306
2043,3.8308
2044,3.8309
2045,3.8312
2046,3.8314
2047,3.8315
2048,3.8317
2049,3.832
2050,3.8322
2051,3.8323
2052,3.8327
2053,3.8328
2054,3.833
2055,3.8333
2056,3.8335
2057,3.8336
2058,3.8339
2059,3.8341
2060,3.8343
2061,3.8346
2062,3.8347
2063,3.8349
2064,3.8352
2065,3.8354
2066,3.8355
2067,3.8358
2068,3.836
2069,3.8362
2070,3.8365
2071,3.8366
2072,3.8368
2073,3.8371
2074,3.8373
2075,3.8374
2076,3.8377
2077,3.8379
2078,3.8381
2079,3.8384
2080,3.8385
2081,3.8389
2082,3.839
2083,3.8392
2084,3.8395
2085,3.8397
2086,3.8398
2087,3.8401
2088,3.8403
2089,3.8406
2090,3.8408
2091,3.8409
2092,3.8412
2093,3.8414
2094,3.8417
2095,3.8419
2096,3.842
2097,3.8424
2098,3.8425
2099,3.8427
2100,3.843
2101,3.8431
2102,3.8435
2103,3.8436
2104,3.8438
2105,3.8441
2106,3.8443
2107,3.8446
2108,3.8447
2109,3.8451
2110,3.8452
2111,3.8454
2112,3.8457
2113,3.8459
2114,3.8462
2115,3.8463
2116,3.8465
2117,3.8468
2118,3.847
2119,3.8473
2120,3.8474
2121,3.8478
2122,3.8479
2123,3.8481
2124,3.8484
2125,3.8486
2126,3.8489
2127,3.849
2128,3.8493
2129,3.8495
2130,3.8498
2131,3.85
2132,3.8501
2133,3.8505
2134,3.8506
2135,3.8509
2136,3.8511
2137,3.8514
2138,3.8516
2139,3.8519
2140,3.852
2141,3.8524
2142,3.8525
2143,3.8528
2144,3.853
2145,3.8532
2146,3.8535
2147,3.8536
2148,3.854
2149,3.8541
2150,3.8544
2151,3.8546
2152,3.8549
2153,3.8551
2154,3.8554
2155,3.8555
2156,3.8559
2157,3.856
2158,3.8563
2159,3.8565
2160,3.8568
2161,3.857
2162,3.8573
2163,3.8575
2164,3.8578
2165,3.8579
2166,3.8582
2167,3.8584
2168,3.8587
2169,3.8589
2170,3.8592
2171,3.8594
2172,3.8597
2173,3.8598
2174,3.86
2175,3.8603
2176,3.8605
2177,3.8608
2178,3.8611
2179,3.8613
2180,3.8616
2181,3.8617
2182,3.8621
2183,3.8622
2184,3.8625
2185,3.8627
2186,3.863
2187,3.8632
2188,3.8633
2189,3.8636
2190,3.864
2191,3.8641
2192,3.8644
2193,3.8646
2194,3.8649
2195,3.8651
2196,3.8654
2197,3.8656
2198,3.8659
2199,3.866
2200,3.8664
2201,3.8665
2202,3.8668
2203,3.867
2204,3.8673
2205,3.8675
2206,3.8678
2207,3.8679
2208,3.8683
2209,3.8684
2210,3.8687
2211,3.8689
2212,3.8692
2213,3.8694
2214,3.8697
2215,3.8698
2216,3.8702
2217,3.8703
2218,3.8706
2219,3.8708
2220,3.8711
2221,3.8713
2222,3.8716
2223,3.8718
2224,3.8721
2225,3.8724
2226,3.8725
2227,3.8729
2228,3.873
2229,3.8733
2230,3.8735
2231,3.8738
2232,3.874
2233,3.8743
2234,3.8745
2235,3.8748
2236,3.8749
2237,3.8753
2238,3.8754
2239,3.8757
2240,3.8759
2241,3.8762
2242,3.8764
2243,3.8767
2244,3.8768
2245,3.8772
2246,3.8773
2247,3.8776
2248,3.8778
2249,3.8781
2250,3.8783
2251,3.8786
2252,3.8787
2253,3.8791
2254,3.8792
2255,3.8795
2256,3.8797
2257,3.88
2258,3.8802
2259,3.8805
2260,3.8807
2261,3.881
2262,3.8811
2263,3.8814
2264,3.8816
2265,3.8819
2266,3.8821
2267,3.8824
2268,3.8826
2269,3.8829
2270,3.883
2271,3.8834
2272,3.8835
2273,3.8838
2274,3.884
2275,3.8843
2276,3.8845
2277,3.8848
2278,3.8849
2279,3.8853
2280,3.8854
2281,3.8857
2282,3.8859
2283,3.8862
2284,3.8864
2285,3.8867
2286,3.8869
2287,3.8872
2288,3.8873
2289,3.8876
2290,3.8878
2291,3.8881
2292,3.8883
2293,3.8886
2294,3.8888
2295,3.8891
2296,3.8892
2297,3.8896
2298,3.8897
2299,3.89
2300,3.8902
2301,3.8905
2302,3.8907
2303,3.8908
2304,3.8911
2305,3.8913
2306,3.8916
2307,3.8918
2308,3.8921
2309,3.8923
2310,3.8926
2311,3.8927
2312,3.893
2313,3.8932
2314,3.8935
2315,3.8937
2316,3.894
2317,3.8942
2318,3.8945
2319,3.8946
2320,3.8948
2321,3.8951
2322,3.8953
2323,3.8956
2324,3.8957
2325,3.8961
2326,3.8962
2327,3.8965
2328,3.8967
2329,3.897
2330,3.8972
2331,3.8975
2332,3.8977
2333,3.8978
2334,3.8981
2335,3.8983
2336,3.8986
2337,3.8988
2338,3.8991
2339,3.8992
2340,3.8996
2341,3.8997
2342,3.9
2343,3.9002
2344,3.9005
2345,3.9007
2346,3.9008
2347,3.9012
2348,3.9013
2349,3.9016
2350,3.9018
2351,3.9021
2352,3.9023
2353,3.9026
2354,3.9027
2355,3.9029
2356,3.9032
2357,3.9034
2358,3.9037
2359,3.9039
2360,3.9042
2361,3.9043
2362,3.9046
2363,3.9048
2364,3.9051
2365,3.9053
2366,3.9056
2367,3.9058
2368,3.9059
2369,3.9062
2370,3.9064
2371,3.9067
2372,3.9069
2373,3.9072
2374,3.9073
2375,3.9077
2376,3.9078
2377,3.9081
2378,3.9083
2379,3.9085
2380,3.9088
2381,3.9089
2382,3.9093
2383,3.9094
2384,3.9097
2385,3.9099
2386,3.9102
2387,3.9104
2388,3.9107
2389,3.9108
2390,3.911
2391,3.9113
2392,3.9115
2393,3.9118
2394,3.912
2395,3.9123
2396,3.9124
2397,3.9128
2398,3.9129
2399,3.9132
2400,3.9134
2401,3.9137
2402,3.9139
2403,3.914
2404,3.9143
2405,3.9145
2406,3.9148
2407,3.915
2408,3.9153
2409,3.9155
2410,3.9158
2411,3.9159
2412,3.9162
2413,3.9164
2414,3.9167
2415,3.9169
2416,3.9172
2417,3.9174
2418,3.9177
2419,3.9178
2420,3.9182
2421,3.9183
2422,3.9186
2423,3.9188
2424,3.9191
2425,3.9193
2426,3.9196
2427,3.9197
2428,3.9201
2429,3.9202
2430,3.9205
2431,3.9207
2432,3.921
2433,3.9212
2434,3.9215
2435,3.9217
2436,3.922
2437,3.9221
2438,3.9224
2439,3.9226
2440,3.9229
2441,3.9231
2442,3.9234
2443,3.9236
2444,3.9239
2445,3.924
2446,3.9244
2447,3.9245
2448,3.9248
2449,3.925
2450,3.9253
2451,3.9255
2452,3.9258
2453,3.9259
2454,3.9263
2455,3.9264
2456,3.9267
2457,3.9269
2458,3.9272
2459,3.9274
2460,3.9277
2461,3.928
2462,3.9282
2463,3.9285
2464,3.9286
2465,3.929
2466,3.9291
2467,3.9294
2468,3.9296
2469,3.9299
2470,3.9301
2471,3.9304
2472,3.9307
2473,3.9309
2474,3.9312
2475,3.9313
2476,3.9317
2477,3.9318
2478,3.9321
2479,3.9325
2480,3.9326
2481,3.9329
2482,3.9331
2483,3.9334
2484,3.9336
2485,3.9339
2486,3.934
2487,3.9344
2488,3.9347
2489,3.9348
2490,3.9352
2491,3.9353
2492,3.9356
2493,3.936
2494,3.9361
2495,3.9364
2496,3.9366
2497,3.9369
2498,3.9372
2499,3.9374
2500,3.9377
2501,3.9379
2502,3.9382
2503,3.9385
2504,3.9387
2505,3.939
2506,3.9391
2507,3.9395
2508,3.9398
2509,3.9399
2510,3.9402
2511,3.9404
2512,3.9407
2513,3.941
2514,3.9412
2515,3.9415
2516,3.9418
2517,3.942
2518,3.9423
2519,3.9425
2520,3.9428
2521,3.9431
2522,3.9433
2523,3.9436
2524,3.9439
2525,3.9441
2526,3.9444
2527,3.9447
2528,3.9449
2529,3.9452
2530,3.9453
2531,3.9456
2532,3.946
2533,3.9463
2534,3.9464
2535,3.9468
2536,3.9469
2537,3.9472
2538,3.9476
2539,3.9477
2540,3.948
2541,3.9483
2542,3.9485
2543,3.9488
2544,3.9491
2545,3.9493
2546,3.9496
2547,3.9499
2548,3.9503
2549,3.9504
2550,3.9507
2551,3.9511
2552,3.9512
2553,3.9515
2554,3.9518
2555,3.952
2556,3.9523
2557,3.9526
2558,3.9528
2559,3.9531
2560,3.9534
2561,3.9538
2562,3.9539
2563,3.9542
2564,3.9545
2565,3.9547
2566,3.955
2567,3.9553
2568,3.9555
2569,3.9558
2570,3.9561
2571,3.9565
2572,3.9566
2573,3.9569
2574,3.9572
2575,3.9574
2576,3.9577
2577,3.958
2578,3.9582
2579,3.9585
2580,3.9588
2581,3.9592
2582,3.9593
2583,3.9596
2584,3.9599
2585,3.9603
2586,3.9604
2587,3.9607
2588,3.9611
2589,3.9612
2590,3.9615
2591,3.9619
2592,3.9622
2593,3.9623
2594,3.9627
2595,3.963
2596,3.9631
2597,3.9634
2598,3.9638
2599,3.9641
2600,3.9642
2601,3.9646
2602,3.9649
2603,3.965
2604,3.9654
2605,3.9657
2606,3.966
2607,3.9661
2608,3.9665
2609,3.9668
2610,3.9671
2611,3.9673
2612,3.9676
2613,3.9679
2614,3.9681
2615,3.9684
2616,3.9687
2617,3.969
2618,3.9692
2619,3.9695
2620,3.9698
2621,3.9701
2622,3.9703
2623,3.9706
2624,3.9709
2625,3.9711
2626,3.9714
2627,3.9717
2628,3.9719
2629,3.9722
2630,3.9725
2631,3.9727
2632,3.973
2633,3.9733
2634,3.9736
2635,3.9738
2636,3.9741
2637,3.9744
2638,3.9747
2639,3.9749
2640,3.9752
2641,3.9755
2642,3.9757
2643,3.976
2644,3.9763
2645,3.9765
2646,3.9768
2647,3.9771
2648,3.9774
2649,3.9776
2650,3.9779
2651,3.9782
2652,3.9784
2653,3.9787
2654,3.979
2655,3.9792
2656,3.9795
2657,3.9798
2658,3.98
2659,3.9803
2660,3.9806
2661,3.9808
2662,3.9811
2663,3.9814
2664,3.9816
2665,3.9819
2666,3.9822
2667,3.9824
2668,3.9827
2669,3.9828
2670,3.9832
2671,3.9835
2672,3.9836
2673,3.9839
2674,3.9843
2675,3.9844
2676,3.9847
2677,3.9849
2678,3.9852
2679,3.9855
2680,3.9857
2681,3.986
2682,3.9863
2683,3.9865
2684,3.9868
2685,3.987
2686,3.9873
2687,3.9876
2688,3.9878
2689,3.9881
2690,3.9882
2691,3.9886
2692,3.9887
2693,3.989
2694,3.9893
2695,3.9895
2696,3.9898
2697,3.99
2698,3.9903
2699,3.9905
2700,3.9908
2701,3.9909
2702,3.9913
2703,3.9914
2704,3.9917
2705,3.9919
2706,3.9922
2707,3.9925
2708,3.9927
2709,3.993
2710,3.9932
2711,3.9935
2712,3.9936
2713,3.994
2714,3.9941
2715,3.9944
2716,3.9946
2717,3.9949
2718,3.9951
2719,3.9952
2720,3.9955
2721,3.9957
2722,3.996
2723,3.9962
2724,3.9965
2725,3.9967
2726,3.997
2727,3.9971
2728,3.9975
2729,3.9976
2730,3.9978
2731,3.9981
2732,3.9982
2733,3.9986
2734,3.9987
2735,3.9989
2736,3.9992
2737,3.9994
2738,3.9997
2739,3.9998
2740,4.0002
2741,4.0003
2742,4.0005
2743,4.0008
2744,4.0009
2745,4.0013
2746,4.0014
2747,4.0016
2748,4.0019
2749,4.0021
2750,4.0022
2751,4.0025
2752,4.0027
2753,4.0029
2754,4.0032
2755,4.0033
2756,4.0035
2757,4.0038
2758,4.004
2759,4.0041
2760,4.0044
2761,4.0046
2762,4.0048
2763,4.0049
2764,4.0052
2765,4.0054
2766,4.0056
2767,4.0059
2768,4.006
2769,4.0062
2770,4.0064
2771,4.0067
2772,4.0068
2773,4.007
2774,4.0071
2775,4.0075
2776,4.0076
2777,4.0078
2778,4.0079
2779,4.0083
2780,4.0084
2781,4.0086
2782,4.0087
2783,4.0091
2784,4.0092
2785,4.0094
2786,4.0095
2787,4.0097
2788,4.01
2789,4.0102
2790,4.0103
2791,4.0105
2792,4.0106
2793,4.011
2794,4.0111
2795,4.0113
2796,4.0114
2797,4.0116
2798,4.0118
2799,4.0121
2800,4.0122
2801,4.0124
2802,4.0125
2803,4.0127
2804,4.0129
2805,4.0132
2806,4.0133
2807,4.0135
2808,4.0137
2809,4.0138
2810,4.014
2811,4.0141
2812,4.0143
2813,4.0146
2814,4.0148
2815,4.0149
2816,4.0151
2817,4.0153
2818,4.0154
2819,4.0156
2820,4.0157
2821,4.0159
2822,4.0162
2823,4.0164
2824,4.0165
2825,4.0167
2826,4.0168
2827,4.017
2828,4.0172
2829,4.0173
2830,4.0175
2831,4.0176
2832,4.0178
2833,4.018
2834,4.0181
2835,4.0183
2836,4.0184
2837,4.0187
2838,4.0189
2839,4.0191
2840,4.0192
2841,4.0194
2842,4.0195
2843,4.0197
2844,4.0199
2845,4.02
2846,4.0202
2847,4.0203
2848,4.0205
2849,4.0207
2850,4.0208
2851,4.021
2852,4.0211
2853,4.0213
2854,4.0214
2855,4.0216
2856,4.0218
2857,4.0219
2858,4.0221
2859,4.0222
2860,4.0224
2861,4.0226
2862,4.0227
2863,4.023
2864,4.023
2865,4.0232
2866,4.0234
2867,4.0237
2868,4.0238
2869,4.0238
2870,4.0241
2871,4.0243
2872,4.0245
2873,4.0246
2874,4.0248
2875,4.0248
2876,4.0251
2877,4.0253
2878,4.0253
2879,4.0254
2880,4.0257
2881,4.0259
2882,4.0261
2883,4.0262
2884,4.0264
2885,4.0265
2886,4.0267
2887,4.0269
2888,4.0269
2889,4.027
2890,4.0272
2891,4.0273
2892,4.0276
2893,4.0276
2894,4.028
2895,4.0281
2896,4.0283
2897,4.0284
2898,4.0286
2899,4.0288
2900,4.0288
2901,4.0289
2902,4.0291
2903,4.0294
2904,4.0296
2905,4.0297
2906,4.0299
2907,4.0299
2908,4.0302
2909,4.0303
2910,4.0305
2911,4.0307
2912,4.0308
2913,4.031
2914,4.0311
2915,4.0313
2916,4.0315
2917,4.0316
2918,4.0318
2919,4.0319
2920,4.0321
2921,4.0323
2922,4.0324
2923,4.0326
2924,4.0327
2925,4.0329
2926,4.033
2927,4.0332
2928,4.0334
2929,4.0335
2930,4.0337
2931,4.0338
2932,4.034
2933,4.0342
2934,4.0343
2935,4.0345
2936,4.0346
2937,4.0348
2938,4.035
2939,4.0353
2940,4.0354
2941,4.0356
2942,4.0358
2943,4.0359
2944,4.0361
2945,4.0362
2946,4.0364
2947,4.0365
2948,4.0367
2949,4.0369
2950,4.037
2951,4.0372
2952,4.0375
2953,4.0377
2954,4.0378
2955,4.038
2956,4.0381
2957,4.0383
2958,4.0385
2959,4.0386
2960,4.0389
2961,4.0391
2962,4.0392
2963,4.0394
2964,4.0396
2965,4.0397
2966,4.0399
2967,4.04
2968,4.0404
2969,4.0405
2970,4.0407
2971,4.0408
2972,4.041
2973,4.0412
2974,4.0415
2975,4.0416
2976,4.0418
2977,4.0419
2978,4.0421
2979,4.0424
2980,4.0426
2981,4.0427
2982,4.0429
2983,4.0431
2984,4.0434
2985,4.0435
2986,4.0437
2987,4.0439
2988,4.0442
2989,4.0443
2990,4.0445
2991,4.0446
2992,4.045
2993,4.0451
2994,4.0453
2995,4.0454
2996,4.0458
2997,4.0459
2998,4.0461
2999,4.0464
3000,4.0466
3001,4.0467
3002,4.047
3003,4.0472
3004,4.0474
3005,4.0477
3006,4.0478
3007,4.048
3008,4.0483
3009,4.0485
3010,4.0486
3011,4.0489
3012,4.0491
3013,4.0493
3014,4.0496
3015,4.0497
3016,4.0499
3017,4.0502
3018,4.0504
3019,4.0507
3020,4.0508
3021,4.0512
3022,4.0513
3023,4.0515
3024,4.0518
3025,4.052
3026,4.0523
3027,4.0524
3028,4.0528
3029,4.0529
3030,4.0532
3031,4.0534
3032,4.0537
3033,4.0539
3034,4.0542
3035,4.0543
3036,4.0547
3037,4.0548
3038,4.0551
3039,4.0553
3040,4.0556
3041,4.0558
3042,4.0561
3043,4.0562
3044,4.0566
3045,4.0569
3046,4.057
3047,4.0574
3048,4.0577
3049,4.0578
3050,4.0582
3051,4.0583
3052,4.0586
3053,4.0588
3054,4.0591
3055,4.0594
3056,4.0596
3057,4.0599
3058,4.0602
3059,4.0604
3060,4.0607
3061,4.061
3062,4.0612
3063,4.0615
3064,4.0618
3065,4.062
3066,4.0623
3067,4.0626
3068,4.0628
3069,4.0631
3070,4.0634
3071,4.0637
3072,4.0639
3073,4.0642
3074,4.0645
3075,4.0648
3076,4.065
3077,4.0653
3078,4.0656
3079,4.0659
3080,4.0661
3081,4.0664
3082,4.0667
3083,4.0671
3084,4.0672
3085,4.0675
3086,4.0679
3087,4.0682
3088,4.0685
3089,4.0686
3090,4.069
3091,4.0693
3092,4.0696
3093,4.0699
3094,4.0702
3095,4.0704
3096,4.0707
3097,4.071
3098,4.0713
3099,4.0717
3100,4.072
3101,4.0721
3102,4.0725
3103,4.0728
3104,4.0731
3105,4.0734
3106,4.0737
3107,4.074
3108,4.0744
3109,4.0745
3110,4.0748
3111,4.0752
3112,4.0755
3113,4.0758
3114,4.0761
3115,4.0764
3116,4.0767
3117,4.0771
3118,4.0774
3119,4.0777
3120,4.0779
3121,4.0782
3122,4.0785
3123,4.0788
3124,4.0791
3125,4.0795
3126,4.0798
3127,4.0801
3128,4.0804
3129,4.0807
3130,4.081
3131,4.0814
3132,4.0817
3133,4.0818
3134,4.0822
3135,4.0825
3136,4.0828
3137,4.0831
3138,4.0834
3139,4.0837
3140,4.0841
3141,4.0844
3142,4.0847
3143,4.085
3144,4.0853
3145,4.0856
3146,4.086
3147,4.0863
3148,4.0866
3149,4.0869
3150,4.0872
3151,4.0876
3152,4.0879
3153,4.088
3154,4.0883
3155,4.0887
3156,4.089
3157,4.0893
3158,4.0896
3159,4.0899
3160,4.0903
3161,4.0906
3162,4.0909
3163,4.0912
3164,4.0915
3165,4.0918
3166,4.0922
3167,4.0925
3168,4.0928
3169,4.0931
3170,4.0934
3171,4.0936
3172,4.0941
3173,4.0942
3174,4.0945
3175,4.0949
3176,4.0952
3177,4.0955
3178,4.0958
3179,4.0961
3180,4.0965
3181,4.0968
3182,4.0971
3183,4.0974
3184,4.0977
3185,4.098
3186,4.0982
3187,4.0985
3188,4.0988
3189,4.0992
3190,4.0995
3191,4.0998
3192,4.1001
3193,4.1004
3194,4.1007
3195,4.1011
3196,4.1012
3197,4.1015
3198,4.1019
3199,4.1022
3200,4.1025
3201,4.1028
3202,4.1031
3203,4.1034
3204,4.1038
3205,4.1041
3206,4.1042
3207,4.1046
3208,4.1049
3209,4.1052
3210,4.1055
3211,4.1058
3212,4.1061
3213,4.1063
3214,4.1066
3215,4.1069
3216,4.1073
3217,4.1076
3218,4.1077
3219,4.1081
3220,4.1084
3221,4.1087
3222,4.109
3223,4.1093
3224,4.1095
3225,4.1098
3226,4.1101
3227,4.1104
3228,4.1108
3229,4.1109
3230,4.1112
3231,4.1116
3232,4.1119
3233,4.1122
3234,4.1123
3235,4.1127
3236,4.113
3237,4.1133
3238,4.1136
3239,4.1138
3240,4.1141
3241,4.1144
3242,4.1147
3243,4.1149
3244,4.1152
3245,4.1155
3246,4.1157
3247,4.116
3248,4.1163
3249,4.1165
3250,4.1168
3251,4.1171
3252,4.1174
3253,4.1176
3254,4.1179
3255,4.1182
3256,4.1184
3257,4.1187
3258,4.119
3259,4.1192
3260,4.1195
3261,4.1198
3262,4.12
3263,4.1203
3264,4.1206
3265,4.1208
3266,4.1211
3267,4.1214
3268,4.1216
3269,4.1219
3270,4.122
3271,4.1224
3272,4.1227
3273,4.1228
3274,4.1232
3275,4.1233
3276,4.1236
3277,4.1239
3278,4.1241
3279,4.1244
3280,4.1246
3281,4.1249
3282,4.1251
3283,4.1254
3284,4.1257
3285,4.1259
3286,4.1262
3287,4.1263
3288,4.1266
3289,4.1268
3290,4.1271
3291,4.1273
3292,4.1276
3293,4.1278
3294,4.1281
3295,4.1282
3296,4.1286
3297,4.1287
3298,4.129
3299,4.1292
3300,4.1295
3301,4.1297
3302,4.13
3303,4.1301
3304,4.1303
3305,4.1306
3306,4.1308
3307,4.1311
3308,4.1313
3309,4.1316
3310,4.1317
3311,4.1319
3312,4.1322
3313,4.1324
3314,4.1327
3315,4.1328
3316,4.133
3317,4.1333
3318,4.1335
3319,4.1336
3320,4.134
3321,4.1341
3322,4.1344
3323,4.1346
3324,4.1348
3325,4.1351
3326,4.1352
3327,4.1354
3328,4.1357
3329,4.1359
3330,4.136
3331,4.1363
3332,4.1365
3333,4.1367
3334,4.1368
3335,4.1371
3336,4.1373
3337,4.1375
3338,4.1378
3339,4.1379
3340,4.1381
3341,4.1382
3342,4.1386
3343,4.1387
3344,4.1389
3345,4.139
3346,4.1392
3347,4.1395
3348,4.1397
3349,4.1398
3350,4.14
3351,4.1403
3352,4.1405
3353,4.1406
3354,4.1408
3355,4.1409
3356,4.1411
3357,4.1414
3358,4.1416
3359,4.1417
3360,4.1419
3361,4.1421
3362,4.1422
3363,4.1425
3364,4.1427
3365,4.1429
3366,4.143
3367,4.1432
3368,4.1433
3369,4.1435
3370,4.1437
3371,4.1438
3372,4.1441
3373,4.1443
3374,4.1444
3375,4.1446
3376,4.1448
3377,4.1449
3378,4.1451
3379,4.1452
3380,4.1454
3381,4.1456
3382,4.1457
3383,4.1459
3384,4.146
3385,4.1462
3386,4.1464
3387,4.1465
3388,4.1467
3389,4.1468
3390,4.147
3391,4.1471
3392,4.1473
3393,4.1475
3394,4.1476
3395,4.1478
3396,4.1479
3397,4.1481
3398,4.1483
3399,4.1484
3400,4.1486
3401,4.1487
3402,4.1489
3403,4.1491
3404,4.1492
3405,4.1494
3406,4.1495
3407,4.1497
3408,4.1497
3409,4.1498
3410,4.15
3411,4.1502
3412,4.1503
3413,4.1505
3414,4.1506
3415,4.1508
3416,4.151
3417,4.151
3418,4.1511
3419,4.1513
3420,4.1514
3421,4.1516
3422,4.1518
3423,4.1518
3424,4.1519
3425,4.1521
3426,4.1522
3427,4.1524
3428,4.1525
3429,4.1525
3430,4.1527
3431,4.1529
3432,4.153
3433,4.1532
3434,4.1532
3435,4.1533
3436,4.1535
3437,4.1537
3438,4.1538
3439,4.1538
3440,4.154
3441,4.1541
3442,4.1543
3443,4.1543
3444,4.1545
3445,4.1546
3446,4.1548
3447,4.1549
3448,4.1549
3449,4.1551
3450,4.1553
3451,4.1553
3452,4.1554
3453,4.1556
3454,4.1557
3455,4.1557
3456,4.1559
3457,4.156
3458,4.156
3459,4.1562
3460,4.1564
3461,4.1564
3462,4.1565
3463,4.1567
3464,4.1567
3465,4.1568
3466,4.157
3467,4.1572
3468,4.1572
3469,4.1573
3470,4.1573
3471,4.1575
3472,4.1576
3473,4.1576
3474,4.1578
3475,4.158
3476,4.158
3477,4.1581
3478,4.1583
3479,4.1583
3480,4.1584
3481,4.1584
3482,4.1586
3483,4.1587
3484,4.1587
3485,4.1589
3486,4.1589
3487,4.1591
3488,4.1592
3489,4.1592
3490,4.1594
3491,4.1594
3492,4.1595
3493,4.1597
3494,4.1597
3495,4.1599
3496,4.1599
3497,4.16
3498,4.16
3499,4.1602
3500,4.1603
3501,4.1603
3502,4.1605
3503,4.1605
3504,4.1607
3505,4.1607
3506,4.1608
3507,4.1608
3508,4.161
3509,4.1611
3510,4.1611
3511,4.1613
3512,4.1613
3513,4.1614
3514,4.1614
3515,4.1616
3516,4.1616
3517,4.1618
3518,4.1618
3519,4.1619
3520,4.1619
3521,4.1621
3522,4.1622
3523,4.1622
3524,4.1624
3525,4.1624
3526,4.1626
3527,4.1626
3528,4.1627
3529,4.1627
3530,4.1629
3531,4.1629
3532,4.163
3533,4.163
3534,4.1632
3535,4.1632
3536,4.1634
3537,4.1634
3538,4.1635
3539,4.1635
3540,4.1637
3541,4.1637
3542,4.1638
3543,4.1638
3544,4.164
3545,4.164
3546,4.1641
3547,4.1641
3548,4.1643
3549,4.1643
3550,4.1645
3551,4.1645
3552,4.1646
3553,4.1648
3554,4.1648
3555,4.1648
3556,4.1649
3557,4.1651
3558,4.1651
3559,4.1653
3560,4.1653
3561,4.1654
3562,4.1654
3563,4.1656
3564,4.1656
3565,4.1657
3566,4.1657
3567,4.1659
3568,4.1659
3569,4.1661
3570,4.1661
3571,4.1662
3572,4.1662
3573,4.1664
3574,4.1664
3575,4.1665
3576,4.1665
3577,4.1667
3578,4.1669
3579,4.1669
3580,4.167
3581,4.167
3582,4.1672
3583,4.1672
3584,4.1673
3585,4.1673
3586,4.1675
3587,4.1675
3588,4.1676
3589,4.1678
3590,4.1678
3591,4.168
3592,4.168
3593,4.1681
3594,4.1681
3595,4.1683
3596,4.1684
3597,4.1684
3598,4.1686
3599,4.1686
3600,4.1688
3601,4.1688
3602,4.1689
3603,4.1689
3604,4.1691
3605,4.1692
3606,4.1692
3607,4.1694
3608,4.1694
3609,4.1696
3610,4.1696
3611,4.1697
3612,4.1699
3613,4.1699
3614,4.17
3615,4.17
3616,4.1702
3617,4.1703
3618,4.1703
3619,4.1705
3620,4.1707
3621,4.1707
3622,4.1708
3623,4.1708
3624,4.171
3625,4.1711
3626,4.1711
3627,4.1713
3628,4.1715
3629,4.1715
3630,4.1716
3631,4.1716
3632,4.1718
3633,4.1719
3634,4.1719
3635,4.1721
3636,4.1723
3637,4.1723
3638,4.1724
3639,4.1726
3640,4.1726
3641,4.1727
3642,4.1729
3643,4.173
3644,4.173
3645,4.1732
3646,4.1734
3647,4.1734
3648,4.1735
3649,4.1737
3650,4.1737
3651,4.1738
3652,4.174
3653,4.1742
3654,4.1742
3655,4.1743
3656,4.1745
3657,4.1746
3658,4.1746
3659,4.1748
3660,4.175
3661,4.175
3662,4.1751
3663,4.1753
3664,4.1754
3665,4.1756
3666,4.1756
3667,4.1758
3668,4.1759
3669,4.1761
3670,4.1761
3671,4.1762
3672,4.1764
3673,4.1765
3674,4.1767
3675,4.1767
3676,4.177
3677,4.177
3678,4.1772
3679,4.1773
3680,4.1775
3681,4.1777
3682,4.1777
3683,4.1778
3684,4.178
3685,4.1781
3686,4.1783
3687,4.1785
3688,4.1786
3689,4.1788
3690,4.1789
3691,4.1789
3692,4.1791
3693,4.1792
3694,4.1794
3695,4.1796
3696,4.1797
3697,4.1799
3698,4.18
3699,4.1802
3700,4.1804
3701,4.1805
3702,4.1807
3703,4.1808
3704,4.181
3705,4.1812
3706,4.1813
3707,4.1815
3708,4.1816
3709,4.1818
3710,4.1819
3711,4.1821
3712,4.1823
3713,4.1824
3714,4.1826
3715,4.1827
3716,4.1831
3717,4.1832
3718,4.1834
3719,4.1835
3720,4.1837
3721,4.1839
3722,4.184
3723,4.1842
3724,4.1845
3725,4.1846
3726,4.1848
3727,4.185
3728,4.1851
3729,4.1854
3730,4.1856
3731,4.1858
3732,4.1859
3733,4.1861
3734,4.1864
3735,4.1866
3736,4.1867
3737,4.187
3738,4.1872
3739,4.1874
3740,4.1875
3741,4.1878
3742,4.188
3743,4.1881
3744,4.1885
3745,4.1886
3746,4.1889
3747,4.1891
3748,4.1893
3749,4.1896
3750,4.1897
3751,4.1901
3752,4.1902
3753,4.1905
3754,4.1907
3755,4.191
3756,4.1912
3757,4.1915
3758,4.1916
3759,4.192
3760,4.1921
3761,4.1924
3762,4.1926
3763,4.1929
3764,4.1932
3765,4.1934
3766,4.1937
3767,4.194
3768,4.1942
3769,4.1945
3770,4.1948
3771,4.195
3772,4.1953
3773,4.1956
3774,4.1959
3775,4.1961
3776,4.1964
3777,4.1967
3778,4.197
3779,4.1974
3780,4.1977
3781,4.1978
3782,4.1982
3783,4.1985
3784,4.1988
3785,4.1991
3786,4.1994
3787,4.1997
3788,4.2001
3789,4.2004
3790,4.2007
3791,4.201
3792,4.2013
3793,4.2017
3794,4.2021
3795,4.2024
3796,4.2028
3797,4.2031
3798,4.2034
3799,4.2037
3800,4.2042
3801,4.2045
3802,4.2048
3803,4.2053
3804,4.2056
3805,4.2059
3806,4.2064
3807,4.2067
3808,4.2071
3809,4.2075
3810,4.2079
3811,4.2083
3812,4.2086
3813,4.2091
3814,4.2094
3815,4.2099
3816,4.2104
3817,4.2107
3818,4.2112
3819,4.2117
3820,4.212
3821,4.2125
3822,4.2129
3823,4.2134
3824,4.2139
3825,4.2142
3826,4.2147
3827,4.2152
3828,4.2156
3829,4.2161
3830,4.2166
3831,4.2171
3832,4.2175
3833,4.218
3834,4.2185
3835,4.219
3836,4.2196
3837,4.2201
3838,4.2206
3839,4.221
3840,4.2215
3841,4.2222
3842,4.2226
3843,4.2231
3844,4.2237
3845,4.2242
3846,4.2249
3847,4.2253
3848,4.226
3849,4.2264
3850,4.2271
3851,4.2277
3852,4.2282
3853,4.2288
3854,4.2295
3855,4.2299
3856,4.2306
3857,4.2312
3858,4.2318
3859,4.2325
3860,4.2331
3861,4.2338
3862,4.2344
3863,4.235
3864,4.2357
3865,4.2363
3866,4.2369
3867,4.2376
3868,4.2382
3869,4.239
3870,4.2396
3871,4.2403
3872,4.2411
3873,4.2417
3874,4.2423
3875,4.2431
3876,4.2438
3877,4.2446
3878,4.2454
3879,4.246
3880,4.2468
3881,4.2474
3882,4.2482
3883,4.249
3884,4.2498
3885,4.2506
3886,4.2512
3887,4.252
3888,4.2528
3889,4.2536
3890,4.2544
3891,4.2554
3892,4.2562
3893,4.257
3894,4.2577
3895,4.2585
3896,4.2593
3897,4.2603
3898,4.2611
3899,4.2619
3900,4.2628
3901,4.2636
3902,4.2646
3903,4.2654
3904,4.2663
3905,4.2673
3906,4.2681
3907,4.269
3908,4.27
3909,4.2708
3910,4.2717
3911,4.2727
3912,4.2736
3913,4.2746
3914,4.2755
3915,4.2765
3916,4.2775
3917,4.2784
3918,4.2794
3919,4.2803
3920,4.2813
3921,4.2824
3922,4.2833
3923,4.2843
3924,4.2854
3925,4.2864
3926,4.2873
3927,4.2884
3928,4.2894
3929,4.2905
3930,4.2914
3931,4.2926
3932,4.2935
3933,4.2946
3934,4.2957
3935,4.2968
3936,4.2978
3937,4.2989
3938,4.2997
3939,4.2997
3940,4.2997
3941,4.2997
3942,4.2997
3943,4.2997
3944,4.2997
3945,4.2995
3946,4.2968
3947,4.2949
3948,4.2941
3949,4.2935
3950,4.293
3951,4.2925
3952,4.2922
3953,4.2919
3954,4.2916
3955,4.2913
3956,4.2911
3957,4.2908
3958,4.2906
3959,4.2905
3960,4.2901
3961,4.29
3962,4.2898
3963,4.2897
3964,4.2895
3965,4.2894
3966,4.2892
3967,4.289
3968,4.2889
3969,4.2889
3970,4.2887
3971,4.2886
3972,4.2886
3973,4.2884
3974,4.2882
3975,4.2882
3976,4.2881
3977,4.2881
3978,4.2879
3979,4.2879
3980,4.2878
3981,4.2878
3982,4.2876
3983,4.2876
3984,4.2874
3985,4.2874
3986,4.2873
3987,4.2873
3988,4.2871
3989,4.2871
3990,4.2871
3991,4.287
3992,4.287
3993,4.287
3994,4.2868
3995,4.2868
3996,4.2867
3997,4.2867
3998,4.2867
3999,4.2865
4000,4.2865
4001,4.2865
4002,4.2863
4003,4.2863
4004,4.2863
4005,4.2862
4006,4.2862
4007,4.2862
4008,4.286
4009,4.286
4010,4.286
4011,4.286
4012,4.2859
4013,4.2859
4014,4.2859
4015,4.2857
4016,4.2857
4017,4.2857
4018,4.2857
4019,4.2855
4020,4.2855
4021,4.2855
4022,4.2855
4023,4.2854
4024,4.2854
4025,4.2854
4026,4.2854
4027,4.2852
4028,4.2852
4029,4.2852
4030,4.2852
4031,4.2851
4032,4.2851
4033,4.2851
4034,4.2851
4035,4.2851
4036,4.2849
4037,4.2849
4038,4.2849
4039,4.2849
4040,4.2849
4041,4.2847
4042,4.2847
4043,4.2847
4044,4.2847
4045,4.2847
4046,4.2846
4047,4.2846
4048,4.2846
4049,4.2846
4050,4.2846
4051,4.2844
4052,4.2844
4053,4.2844
4054,4.2844
4055,4.2844
4056,4.2843
4057,4.2843
4058,4.2843
4059,4.2843
4060,4.2843
4061,4.2843
4062,4.2841
4063,4.2841
4064,4.2841
4065,4.2841
4066,4.2841
4067,4.284
4068,4.284
4069,4.284
4070,4.284
4071,4.284
4072,4.284
4073,4.2838
4074,4.2838
4075,4.2838
4076,4.2838
4077,4.2838
4078,4.2836
4079,4.2836
4080,4.2836
4081,4.2836
4082,4.2836
4083,4.2836
4084,4.2835
4085,4.2835
4086,4.2835
4087,4.2835
4088,4.2835
4089,4.2835
4090,4.2833
4091,4.2833
4092,4.2833
4093,4.2833
4094,4.2833
4095,4.2832
4096,4.2832
4097,4.2832
4098,4.2832
4099,4.2832
4100,4.2832
4101,4.2832
4102,4.283
4103,4.283
4104,4.283
4105,4.283
4106,4.283
4107,4.283
4108,4.283
4109,4.2828
4110,4.2828
4111,4.2828
4112,4.2828
4113,4.2828
4114,4.2828
4115,4.2827
4116,4.2827
4117,4.2827
4118,4.2827
4119,4.2827
4120,4.2827
4121,4.2825
4122,4.2825
4123,4.2825
4124,4.2825
4125,4.2825
4126,4.2825
4127,4.2771
4128,4.2725
4129,4.2701
4130,4.2682
4131,4.2665
4132,4.2647
4133,4.2633
4134,4.2619
4135,4.2604
4136,4.259
4137,4.2577
4138,4.2565
4139,4.2552
4140,4.2539
4141,4.2528
4142,4.2517
4143,4.2504
4144,4.2493
4145,4.2482
4146,4.2471
4147,4.246
4148,4.245
4149,4.2439
4150,4.2428
4151,4.2419
4152,4.2409
4153,4.2398
4154,4.2388
4155,4.2379
4156,4.2369
4157,4.236
4158,4.235
4159,4.2341
4160,4.2331
4161,4.2322
4162,4.2312
4163,4.2303
4164,4.2295
4165,4.2285
4166,4.2277
4167,4.2268
4168,4.226
4169,4.2252
4170,4.2242
4171,4.2234
4172,4.2226
4173,4.2218
4174,4.221
4175,4.2203
4176,4.2195
4177,4.2187
4178,4.2179
4179,4.2171
4180,4.2163
4181,4.2155
4182,4.2149
4183,4.2141
4184,4.2133
4185,4.2126
4186,4.2118
4187,4.2112
4188,4.2104
4189,4.2098
4190,4.2091
4191,4.2083
4192,4.2077
4193,4.2071
4194,4.2064
4195,4.2058
4196,4.2052
4197,4.2044
4198,4.2039
4199,4.2033
4200,4.2026
4201,4.202
4202,4.2013
4203,4.2007
4204,4.2001
4205,4.1996
4206,4.199
4207,4.1983
4208,4.1979
4209,4.1972
4210,4.1967
4211,4.1961
4212,4.1956
4213,4.195
4214,4.1945
4215,4.194
4216,4.1934
4217,4.1929
4218,4.1925
4219,4.192
4220,4.1915
4221,4.1909
4222,4.1904
4223,4.1899
4224,4.1894
4225,4.189
4226,4.1885
4227,4.188
4228,4.1875
4229,4.1872
4230,4.1867
4231,4.1863
4232,4.1858
4233,4.1853
4234,4.185
4235,4.1845
4236,4.184
4237,4.1837
4238,4.1832
4239,4.1829
4240,4.1824
4241,4.182
4242,4.1817
4243,4.1812
4244,4.1809
4245,4.1805
4246,4.1801
4247,4.1797
4248,4.1794
4249,4.1789
4250,4.1786
4251,4.1783
4252,4.178
4253,4.1775
4254,4.1772
4255,4.1769
4256,4.1766
4257,4.1762
4258,4.1759
4259,4.1756
4260,4.1751
4261,4.1748
4262,4.1745
4263,4.1742
4264,4.1739
4265,4.1737
4266,4.1734
4267,4.1731
4268,4.1728
4269,4.1724
4270,4.1721
4271,4.1718
4272,4.1716
4273,4.1713
4274,4.171
4275,4.1707
4276,4.1705
4277,4.1702
4278,4.1699
4279,4.1696
4280,4.1694
4281,4.1691
4282,4.1688
4283,4.1686
4284,4.1683
4285,4.1681
4286,4.1678
4287,4.1677
4288,4.1674
4289,4.1672
4290,4.1669
4291,4.1667
4292,4.1664
4293,4.1662
4294,4.1659
4295,4.1658
4296,4.1654
4297,4.1653
4298,4.1651
4299,4.1648
4300,4.1647
4301,4.1645
4302,4.1642
4303,4.164
4304,4.1639
4305,4.1635
4306,4.1634
4307,4.1632
4308,4.1631
4309,4.1627
4310,4.1626
4311,4.1624
4312,4.1623
4313,4.162
4314,4.1618
4315,4.1616
4316,4.1615
4317,4.1613
4318,4.1612
4319,4.161
4320,4.1607
4321,4.1605
4322,4.1604
4323,4.1602
4324,4.16
4325,4.1599
4326,4.1597
4327,4.1596
4328,4.1594
4329,4.1593
4330,4.1591
4331,4.1589
4332,4.1588
4333,4.1586
4334,4.1585
4335,4.1583
4336,4.1581
4337,4.158
4338,4.1578
4339,4.1577
4340,4.1575
4341,4.1573
4342,4.1572
4343,4.157
4344,4.1569
4345,4.1567
4346,4.1567
4347,4.1566
4348,4.1564
4349,4.1562
4350,4.1561
4351,4.1559
4352,4.1558
4353,4.1556
4354,4.1556
4355,4.1554
4356,4.1553
4357,4.1551
4358,4.155
4359,4.1548
4360,4.1548
4361,4.1546
4362,4.1545
4363,4.1543
4364,4.1543
4365,4.1542
4366,4.154
4367,4.1539
4368,4.1539
4369,4.1537
4370,4.1535
4371,4.1534
4372,4.1534
4373,4.1532
4374,4.1531
4375,4.1529
4376,4.1529
4377,4.1527
4378,4.1526
4379,4.1526
4380,4.1524
4381,4.1523
4382,4.1523
4383,4.1521
4384,4.1519
4385,4.1519
4386,4.1518
4387,4.1516
4388,4.1516
4389,4.1515
4390,4.1513
4391,4.1513
4392,4.1511
4393,4.151
4394,4.151
4395,4.1508
4396,4.1507
4397,4.1507
4398,4.1505
4399,4.1505
4400,4.1504
4401,4.1504
4402,4.1502
4403,4.15
4404,4.15
4405,4.1499
4406,4.1497
4407,4.1497
4408,4.1496
4409,4.1496
4410,4.1494
4411,4.1494
4412,4.1492
4413,4.1491
4414,4.1491
4415,4.1489
4416,4.1489
4417,4.1488
4418,4.1488
4419,4.1486
4420,4.1486
4421,4.1484
4422,4.1484
4423,4.1483
4424,4.1483
4425,4.1481
4426,4.148
4427,4.148
4428,4.1478
4429,4.1478
4430,4.1477
4431,4.1477
4432,4.1475
4433,4.1475
4434,4.1473
4435,4.1473
4436,4.1472
4437,4.1472
4438,4.147
4439,4.147
4440,4.1469
4441,4.1469
4442,4.1467
4443,4.1467
4444,4.1465
4445,4.1465
4446,4.1464
4447,4.1464
4448,4.1462
4449,4.1462
4450,4.1461
4451,4.1461
4452,4.1459
4453,4.1459
4454,4.1457
4455,4.1457
4456,4.1456
4457,4.1456
4458,4.1454
4459,4.1454
4460,4.1454
4461,4.1453
4462,4.1453
4463,4.1451
4464,4.1451
4465,4.145
4466,4.145
4467,4.1448
4468,4.1448
4469,4.1446
4470,4.1446
4471,4.1445
4472,4.1445
4473,4.1443
4474,4.1443
4475,4.1443
4476,4.1442
4477,4.1442
4478,4.144
4479,4.144
4480,4.1438
4481,4.1438
4482,4.1437
4483,4.1437
4484,4.1435
4485,4.1435
4486,4.1435
4487,4.1434
4488,4.1434
4489,4.1432
4490,4.1432
4491,4.143
4492,4.143
4493,4.1429
4494,4.1429
4495,4.1427
4496,4.1427
4497,4.1427
4498,4.1426
4499,4.1426
4500,4.1424
4501,4.1424
4502,4.1423
4503,4.1423
4504,4.1423
4505,4.1421
4506,4.1419
4507,4.1419
4508,4.1419
4509,4.1418
4510,4.1418
4511,4.1416
4512,4.1416
4513,4.1415
4514,4.1415
4515,4.1413
4516,4.1413
4517,4.1413
4518,4.1411
4519,4.1411
4520,4.141
4521,4.141
4522,4.1408
4523,4.1408
4524,4.1407
4525,4.1407
4526,4.1407
4527,4.1405
4528,4.1405
4529,4.1403
4530,4.1403
4531,4.1403
4532,4.1403
4533,4.1402
4534,4.1402
4535,4.1402
4536,4.1402
4537,4.14
4538,4.14
4539,4.14
4540,4.14
4541,4.14
4542,4.14
4543,4.1399
4544,4.1399
4545,4.1399
4546,4.1399
4547,4.1397
4548,4.1397
4549,4.1397
4550,4.1397
4551,4.1396
4552,4.1396
4553,4.1396
4554,4.1396
4555,4.1394
4556,4.1394
4557,4.1394
4558,4.1394
4559,4.1392
4560,4.1392
4561,4.1392
4562,4.1392
4563,4.1392
4564,4.1392
4565,4.1391
4566,4.1391
4567,4.1391
4568,4.1391
4569,4.1389
4570,4.1389
4571,4.1389
4572,4.1388
4573,4.1388
4574,4.1386
4575,4.1386
4576,4.1384
4577,4.1384
4578,4.1384
4579,4.1383
4580,4.1383
4581,4.1381
4582,4.1381
4583,4.138
4584,4.138
4585,4.1378
4586,4.1378
4587,4.1376
4588,4.1376
4589,4.1375
4590,4.1375
4591,4.1373
4592,4.1373
4593,4.1372
4594,4.1372
4595,4.137
4596,4.137
4597,4.1369
4598,4.1369
4599,4.1367
4600,4.1367
4601,4.1365
4602,4.1365
4603,4.1364
4604,4.1364
4605,4.1362
4606,4.1362
4607,4.1361
4608,4.1361
4609,4.1359
4610,4.1359
4611,4.1357
4612,4.1357
4613,4.1356
4614,4.1354
4615,4.1354
4616,4.1353
4617,4.1353
4618,4.1351
4619,4.1351
4620,4.1349
4621,4.1349
4622,4.1348
4623,4.1346
4624,4.1346
4625,4.1345
4626,4.1345
4627,4.1343
4628,4.1343
4629,4.1342
4630,4.1342
4631,4.134
4632,4.1338
4633,4.1338
4634,4.1337
4635,4.1337
4636,4.1335
4637,4.1334
4638,4.1334
4639,4.1332
4640,4.133
4641,4.133
4642,4.1329
4643,4.1329
4644,4.1327
4645,4.1326
4646,4.1326
4647,4.1324
4648,4.1322
4649,4.1322
4650,4.1321
4651,4.1319
4652,4.1319
4653,4.1318
4654,4.1316
4655,4.1316
4656,4.1315
4657,4.1313
4658,4.1311
4659,4.1311
4660,4.131
4661,4.1308
4662,4.1308
4663,4.1307
4664,4.1305
4665,4.1305
4666,4.1303
4667,4.1302
4668,4.1302
4669,4.13
4670,4.1299
4671,4.1297
4672,4.1295
4673,4.1295
4674,4.1294
4675,4.1292
4676,4.1291
4677,4.1291
4678,4.1289
4679,4.1288
4680,4.1286
4681,4.1284
4682,4.1283
4683,4.1283
4684,4.1281
4685,4.128
4686,4.1278
4687,4.1276
4688,4.1276
4689,4.1275
4690,4.1273
4691,4.1272
4692,4.127
4693,4.1268
4694,4.1267
4695,4.1265
4696,4.1265
4697,4.1264
4698,4.1262
4699,4.1261
4700,4.1259
4701,4.1257
4702,4.1256
4703,4.1254
4704,4.1253
4705,4.1251
4706,4.1249
4707,4.1248
4708,4.1246
4709,4.1245
4710,4.1243
4711,4.1243
4712,4.1241
4713,4.124
4714,4.1237
4715,4.1237
4716,4.1235
4717,4.1232
4718,4.123
4719,4.1229
4720,4.1227
4721,4.1226
4722,4.1224
4723,4.1222
4724,4.1221
4725,4.1219
4726,4.1218
4727,4.1216
4728,4.1214
4729,4.1213
4730,4.1211
4731,4.121
4732,4.1206
4733,4.1205
4734,4.1203
4735,4.1202
4736,4.12
4737,4.1199
4738,4.1197
4739,4.1194
4740,4.1192
4741,4.1191
4742,4.1189
4743,4.1187
4744,4.1186
4745,4.1183
4746,4.1181
4747,4.1179
4748,4.1178
4749,4.1175
4750,4.1173
4751,4.1172
4752,4.117
4753,4.1167
4754,4.1165
4755,4.1164
4756,4.1162
4757,4.1159
4758,4.1157
4759,4.1156
4760,4.1154
4761,4.1151
4762,4.1149
4763,4.1148
4764,4.1145
4765,4.1143
4766,4.1141
4767,4.1138
4768,4.1137
4769,4.1135
4770,4.1132
4771,4.113
4772,4.1129
4773,4.1125
4774,4.1124
4775,4.1121
4776,4.1119
4777,4.1116
4778,4.1114
4779,4.1113
4780,4.111
4781,4.1108
4782,4.1105
4783,4.1103
4784,4.1102
4785,4.1098
4786,4.1097
4787,4.1094
4788,4.1092
4789,4.1089
4790,4.1087
4791,4.1084
4792,4.1083
4793,4.1079
4794,4.1078
4795,4.1075
4796,4.1073
4797,4.107
4798,4.1068
4799,4.1065
4800,4.1064
4801,4.106
4802,4.1057
4803,4.1056
4804,4.1052
4805,4.1051
4806,4.1048
4807,4.1046
4808,4.1043
4809,4.104
4810,4.1038
4811,4.1035
4812,4.1033
4813,4.103
4814,4.1027
4815,4.1025
4816,4.1022
4817,4.1019
4818,4.1017
4819,4.1014
4820,4.1013
4821,4.101
4822,4.1006
4823,4.1003
4824,4.1002
4825,4.0998
4826,4.0995
4827,4.0994
4828,4.099
4829,4.0987
4830,4.0986
4831,4.0983
4832,4.0979
4833,4.0976
4834,4.0975
4835,4.0971
4836,4.0968
4837,4.0967
4838,4.0963
4839,4.096
4840,4.0957
4841,4.0954
4842,4.0952
4843,4.0949
4844,4.0946
4845,4.0943
4846,4.0941
4847,4.0938
4848,4.0935
4849,4.0932
4850,4.0928
4851,4.0927
4852,4.0924
4853,4.0921
4854,4.0917
4855,4.0914
4856,4.0913
4857,4.0909
4858,4.0906
4859,4.0903
4860,4.09
4861,4.0897
4862,4.0894
4863,4.0892
4864,4.0889
4865,4.0886
4866,4.0882
4867,4.0879
4868,4.0876
4869,4.0873
4870,4.087
4871,4.0868
4872,4.0865
4873,4.0862
4874,4.0859
4875,4.0855
4876,4.0852
4877,4.0849
4878,4.0846
4879,4.0843
4880,4.084
4881,4.0838
4882,4.0835
4883,4.0832
4884,4.0828
4885,4.0825
4886,4.0822
4887,4.0819
4888,4.0816
4889,4.0813
4890,4.0809
4891,4.0806
4892,4.0803
4893,4.08
4894,4.0797
4895,4.0795
4896,4.079
4897,4.0787
4898,4.0786
4899,4.0782
4900,4.0779
4901,4.0776
4902,4.0773
4903,4.077
4904,4.0766
4905,4.0763
4906,4.076
4907,4.0757
4908,4.0754
4909,4.0751
4910,4.0747
4911,4.0744
4912,4.0741
4913,4.0738
4914,4.0735
4915,4.0732
4916,4.0728
4917,4.0725
4918,4.0722
4919,4.0719
4920,4.0716
4921,4.0712
4922,4.0709
4923,4.0706
4924,4.0703
4925,4.07
4926,4.0697
4927,4.0693
4928,4.069
4929,4.0687
4930,4.0684
4931,4.0681
4932,4.0677
4933,4.0674
4934,4.0671
4935,4.0668
4936,4.0665
4937,4.0662
4938,4.0658
4939,4.0655
4940,4.0652
4941,4.0649
4942,4.0646
4943,4.0643
4944,4.0639
4945,4.0636
4946,4.0633
4947,4.063
4948,4.0627
4949,4.0623
4950,4.062
4951,4.0617
4952,4.0614
4953,4.0611
4954,4.0609
4955,4.0606
4956,4.0603
4957,4.06
4958,4.0596
4959,4.0593
4960,4.059
4961,4.0587
4962,4.0584
4963,4.0581
4964,4.0577
4965,4.0574
4966,4.0571
4967,4.0568
4968,4.0565
4969,4.0562
4970,4.0558
4971,4.0555
4972,4.0552
4973,4.055
4974,4.0547
4975,4.0544
4976,4.0541
4977,4.0538
4978,4.0535
4979,4.0531
4980,4.0528
4981,4.0525
4982,4.0522
4983,4.0519
4984,4.0517
4985,4.0514
4986,4.0511
4987,4.0508
4988,4.0504
4989,4.0501
4990,4.0498
4991,4.0496
4992,4.0493
4993,4.049
4994,4.0487
4995,4.0484
4996,4.0481
4997,4.0477
4998,4.0476
4999,4.0473
5000,4.0469
5001,4.0466
5002,4.0463
5003,4.0461
5004,4.0458
5005,4.0455
5006,4.0452
5007,4.0449
5008,4.0447
5009,4.0444
5010,4.0441
5011,4.0438
5012,4.0436
5013,4.0433
5014,4.043
5015,4.0427
5016,4.0423
5017,4.0422
5018,4.0419
5019,4.0415
5020,4.0414
5021,4.0411
5022,4.0407
5023,4.0406
5024,4.0403
5025,4.0399
5026,4.0396
5027,4.0395
5028,4.0392
5029,4.039
5030,4.0387
5031,4.0384
5032,4.038
5033,4.0379
5034,4.0376
5035,4.0372
5036,4.0371
5037,4.0368
5038,4.0366
5039,4.0363
5040,4.036
5041,4.0358
5042,4.0355
5043,4.0353
5044,4.035
5045,4.0347
5046,4.0345
5047,4.0342
5048,4.0341
5049,4.0338
5050,4.0336
5051,4.0333
5052,4.0331
5053,4.0328
5054,4.0326
5055,4.0323
5056,4.032
5057,4.0318
5058,4.0315
5059,4.0314
5060,4.0311
5061,4.0309
5062,4.0306
5063,4.0304
5064,4.0301
5065,4.0299
5066,4.0298
5067,4.0295
5068,4.0293
5069,4.029
5070,4.0288
5071,4.0285
5072,4.0284
5073,4.028
5074,4.0279
5075,4.0277
5076,4.0274
5077,4.0272
5078,4.0269
5079,4.0268
5080,4.0266
5081,4.0263
5082,4.0261
5083,4.026
5084,4.0257
5085,4.0255
5086,4.0253
5087,4.025
5088,4.0249
5089,4.0247
5090,4.0244
5091,4.0242
5092,4.0241
5093,4.0237
5094,4.0236
5095,4.0234
5096,4.0231
5097,4.023
5098,4.0228
5099,4.0226
5100,4.0223
5101,4.0222
5102,4.022
5103,4.0218
5104,4.0215
5105,4.0214
5106,4.0212
5107,4.021
5108,4.0207
5109,4.0206
5110,4.0204
5111,4.0203
5112,4.0199
5113,4.0198
5114,4.0196
5115,4.0195
5116,4.0193
5117,4.019
5118,4.0188
5119,4.0187
5120,4.0185
5121,4.0183
5122,4.0182
5123,4.0179
5124,4.0177
5125,4.0176
5126,4.0174
5127,4.0172
5128,4.0171
5129,4.0168
5130,4.0166
5131,4.0164
5132,4.0163
5133,4.0161
5134,4.016
5135,4.0158
5136,4.0156
5137,4.0155
5138,4.0153
5139,4.015
5140,4.0149
5141,4.0147
5142,4.0145
5143,4.0144
5144,4.0142
5145,4.0141
5146,4.0139
5147,4.0137
5148,4.0134
5149,4.0133
5150,4.0131
5151,4.0129
5152,4.0128
5153,4.0126
5154,4.0125
5155,4.0123
5156,4.0122
5157,4.012
5158,4.0118
5159,4.0117
5160,4.0115
5161,4.0114
5162,4.0112
5163,4.011
5164,4.0107
5165,4.0107
5166,4.0104
5167,4.0102
5168,4.0101
5169,4.0099
5170,4.0098
5171,4.0096
5172,4.0094
5173,4.0093
5174,4.0091
5175,4.009
5176,4.0088
5177,4.0087
5178,4.0085
5179,4.0083
5180,4.0082
5181,4.008
5182,4.0079
5183,4.0077
5184,4.0075
5185,4.0074
5186,4.0072
5187,4.0071
5188,4.0069
5189,4.0067
5190,4.0066
5191,4.0064
5192,4.0063
5193,4.0061
5194,4.006
5195,4.0058
5196,4.0056
5197,4.0055
5198,4.0053
5199,4.0052
5200,4.005
5201,4.0048
5202,4.0047
5203,4.0045
5204,4.0044
5205,4.0042
5206,4.004
5207,4.0039
5208,4.0037
5209,4.0036
5210,4.0034
5211,4.0033
5212,4.0031
5213,4.0029
5214,4.0028
5215,4.0026
5216,4.0025
5217,4.0023
5218,4.0021
5219,4.002
5220,4.0018
5221,4.0017
5222,4.0015
5223,4.0013
5224,4.0012
5225,4.001
5226,4.0009
5227,4.0007
5228,4.0006
5229,4.0002
5230,4.0001
5231,3.9999
5232,3.9998
5233,3.9996
5234,3.9996
5235,3.9993
5236,3.9991
5237,3.999
5238,3.9988
5239,3.9986
5240,3.9985
5241,3.9983
5242,3.9982
5243,3.998
5244,3.9979
5245,3.9977
5246,3.9975
5247,3.9974
5248,3.9972
5249,3.9971
5250,3.9969
5251,3.9967
5252,3.9964
5253,3.9963
5254,3.9961
5255,3.9959
5256,3.9958
5257,3.9956
5258,3.9955
5259,3.9953
5260,3.9952
5261,3.995
5262,3.9948
5263,3.9945
5264,3.9944
5265,3.9942
5266,3.994
5267,3.9939
5268,3.9937
5269,3.9936
5270,3.9934
5271,3.9932
5272,3.9931
5273,3.9928
5274,3.9926
5275,3.9925
5276,3.9923
5277,3.9921
5278,3.992
5279,3.9918
5280,3.9915
5281,3.9913
5282,3.9912
5283,3.991
5284,3.9909
5285,3.9907
5286,3.9905
5287,3.9902
5288,3.9901
5289,3.9899
5290,3.9898
5291,3.9896
5292,3.9893
5293,3.9891
5294,3.989
5295,3.9888
5296,3.9886
5297,3.9883
5298,3.9882
5299,3.988
5300,3.9878
5301,3.9875
5302,3.9874
5303,3.9872
5304,3.9871
5305,3.9869
5306,3.9866
5307,3.9864
5308,3.9863
5309,3.9861
5310,3.9858
5311,3.9856
5312,3.9855
5313,3.9851
5314,3.985
5315,3.9848
5316,3.9845
5317,3.9844
5318,3.9842
5319,3.984
5320,3.9837
5321,3.9836
5322,3.9834
5323,3.9831
5324,3.9829
5325,3.9828
5326,3.9824
5327,3.9823
5328,3.9821
5329,3.9818
5330,3.9816
5331,3.9815
5332,3.9812
5333,3.981
5334,3.9807
5335,3.9805
5336,3.9804
5337,3.9801
5338,3.9799
5339,3.9797
5340,3.9794
5341,3.9793
5342,3.9789
5343,3.9788
5344,3.9786
5345,3.9783
5346,3.9782
5347,3.9778
5348,3.9777
5349,3.9774
5350,3.9772
5351,3.9769
5352,3.9767
5353,3.9766
5354,3.9762
5355,3.9761
5356,3.9758
5357,3.9756
5358,3.9753
5359,3.9751
5360,3.9748
5361,3.9747
5362,3.9743
5363,3.9742
5364,3.9739
5365,3.9737
5366,3.9734
5367,3.9732
5368,3.9729
5369,3.9728
5370,3.9724
5371,3.9723
5372,3.972
5373,3.9718
5374,3.9715
5375,3.9712
5376,3.971
5377,3.9707
5378,3.9705
5379,3.9702
5380,3.9701
5381,3.9697
5382,3.9694
5383,3.9693
5384,3.9689
5385,3.9688
5386,3.9685
5387,3.9681
5388,3.968
5389,3.9677
5390,3.9675
5391,3.9672
5392,3.9669
5393,3.9667
5394,3.9664
5395,3.9661
5396,3.9659
5397,3.9656
5398,3.9654
5399,3.9651
5400,3.9648
5401,3.9647
5402,3.9643
5403,3.964
5404,3.9639
5405,3.9635
5406,3.9632
5407,3.9629
5408,3.9627
5409,3.9624
5410,3.9621
5411,3.962
5412,3.9616
5413,3.9613
5414,3.9612
5415,3.9608
5416,3.9605
5417,3.9604
5418,3.96
5419,3.9597
5420,3.9594
5421,3.9593
5422,3.9589
5423,3.9586
5424,3.9583
5425,3.9581
5426,3.9578
5427,3.9575
5428,3.9573
5429,3.957
5430,3.9567
5431,3.9564
5432,3.9562
5433,3.9559
5434,3.9556
5435,3.9553
5436,3.9551
5437,3.9548
5438,3.9545
5439,3.9542
5440,3.954
5441,3.9537
5442,3.9534
5443,3.9531
5444,3.9527
5445,3.9526
5446,3.9523
5447,3.9519
5448,3.9516
5449,3.9515
5450,3.9511
5451,3.9508
5452,3.9505
5453,3.9504
5454,3.95
5455,3.9497
5456,3.9494
5457,3.9491
5458,3.9489
5459,3.9486
5460,3.9483
5461,3.948
5462,3.9477
5463,3.9475
5464,3.9472
5465,3.9469
5466,3.9465
5467,3.9464
5468,3.9461
5469,3.9457
5470,3.9454
5471,3.9451
5472,3.9448
5473,3.9446
5474,3.9443
5475,3.944
5476,3.9437
5477,3.9435
5478,3.9432
5479,3.9429
5480,3.9426
5481,3.9423
5482,3.9421
5483,3.9418
5484,3.9415
5485,3.9411
5486,3.9408
5487,3.9407
5488,3.9403
5489,3.94
5490,3.9397
5491,3.9394
5492,3.9392
5493,3.9389
5494,3.9386
5495,3.9383
5496,3.938
5497,3.9378
5498,3.9375
5499,3.9372
5500,3.9369
5501,3.9367
5502,3.9364
5503,3.9361
5504,3.9357
5505,3.9356
5506,3.9353
5507,3.9349
5508,3.9346
5509,3.9343
5510,3.9342
5511,3.9338
5512,3.9335
5513,3.9332
5514,3.933
5515,3.9327
5516,3.9324
5517,3.9321
5518,3.9318
5519,3.9316
5520,3.9313
5521,3.931
5522,3.9308
5523,3.9305
5524,3.9302
5525,3.9299
5526,3.9297
5527,3.9294
5528,3.9291
5529,3.9288
5530,3.9286
5531,3.9283
5532,3.928
5533,3.9278
5534,3.9275
5535,3.9272
5536,3.9268
5537,3.9267
5538,3.9264
5539,3.926
5540,3.9257
5541,3.9256
5542,3.9253
5543,3.9249
5544,3.9248
5545,3.9245
5546,3.9241
5547,3.9238
5548,3.9237
5549,3.9233
5550,3.923
5551,3.9229
5552,3.9226
5553,3.9222
5554,3.9221
5555,3.9218
5556,3.9214
5557,3.9213
5558,3.921
5559,3.9206
5560,3.9205
5561,3.9202
5562,3.9199
5563,3.9197
5564,3.9194
5565,3.9191
5566,3.9189
5567,3.9186
5568,3.9183
5569,3.9181
5570,3.9178
5571,3.9176
5572,3.9173
5573,3.917
5574,3.9168
5575,3.9165
5576,3.9162
5577,3.916
5578,3.9157
5579,3.9156
5580,3.9152
5581,3.9149
5582,3.9148
5583,3.9145
5584,3.9141
5585,3.914
5586,3.9137
5587,3.9135
5588,3.9132
5589,3.913
5590,3.9127
5591,3.9124
5592,3.9122
5593,3.9119
5594,3.9116
5595,3.9114
5596,3.9111
5597,3.911
5598,3.9106
5599,3.9105
5600,3.9102
5601,3.91
5602,3.9097
5603,3.9094
5604,3.9092
5605,3.9089
5606,3.9087
5607,3.9084
5608,3.9083
5609,3.9079
5610,3.9078
5611,3.9075
5612,3.9071
5613,3.907
5614,3.9068
5615,3.9065
5616,3.9062
5617,3.906
5618,3.9057
5619,3.9056
5620,3.9052
5621,3.9051
5622,3.9048
5623,3.9046
5624,3.9043
5625,3.9041
5626,3.9038
5627,3.9037
5628,3.9033
5629,3.9032
5630,3.9029
5631,3.9027
5632,3.9024
5633,3.9022
5634,3.9019
5635,3.9017
5636,3.9014
5637,3.9013
5638,3.901
5639,3.9008
5640,3.9005
5641,3.9003
5642,3.9
5643,3.8998
5644,3.8995
5645,3.8994
5646,3.899
5647,3.8989
5648,3.8986
5649,3.8984
5650,3.8981
5651,3.8979
5652,3.8976
5653,3.8975
5654,3.8971
5655,3.897
5656,3.8968
5657,3.8965
5658,3.8963
5659,3.896
5660,3.8959
5661,3.8955
5662,3.8954
5663,3.8951
5664,3.8949
5665,3.8946
5666,3.8944
5667,3.8941
5668,3.894
5669,3.8938
5670,3.8935
5671,3.8933
5672,3.893
5673,3.8928
5674,3.8925
5675,3.8924
5676,3.8921
5677,3.8919
5678,3.8917
5679,3.8914
5680,3.8913
5681,3.8909
5682,3.8908
5683,3.8905
5684,3.8903
5685,3.89
5686,3.8898
5687,3.8897
5688,3.8894
5689,3.8892
5690,3.8889
5691,3.8887
5692,3.8884
5693,3.8882
5694,3.8879
5695,3.8878
5696,3.8874
5697,3.8873
5698,3.8871
5699,3.8868
5700,3.8867
5701,3.8863
5702,3.8862
5703,3.8859
5704,3.8857
5705,3.8855
5706,3.8852
5707,3.8851
5708,3.8847
5709,3.8846
5710,3.8843
5711,3.8841
5712,3.8838
5713,3.8836
5714,3.8833
5715,3.8832
5716,3.883
5717,3.8827
5718,3.8825
5719,3.8822
5720,3.882
5721,3.8817
5722,3.8816
5723,3.8813
5724,3.8811
5725,3.8808
5726,3.8806
5727,3.8805
5728,3.8801
5729,3.88
5730,3.8797
5731,3.8795
5732,3.8792
5733,3.879
5734,3.8787
5735,3.8786
5736,3.8784
5737,3.8781
5738,3.8779
5739,3.8776
5740,3.8774
5741,3.8771
5742,3.877
5743,3.8766
5744,3.8765
5745,3.8762
5746,3.876
5747,3.8757
5748,3.8755
5749,3.8752
5750,3.8751
5751,3.8749
5752,3.8746
5753,3.8744
5754,3.8741
5755,3.8739
5756,3.8736
5757,3.8735
5758,3.8732
5759,3.873
5760,3.8727
5761,3.8725
5762,3.8722
5763,3.872
5764,3.8717
5765,3.8716
5766,3.8712
5767,3.8711
5768,3.8708
5769,3.8706
5770,3.8703
5771,3.8701
5772,3.8698
5773,3.8697
5774,3.8693
5775,3.8692
5776,3.8689
5777,3.8687
5778,3.8684
5779,3.8682
5780,3.8679
5781,3.8677
5782,3.8674
5783,3.8673
5784,3.867
5785,3.8668
5786,3.8665
5787,3.8663
5788,3.866
5789,3.8658
5790,3.8655
5791,3.8654
5792,3.865
5793,3.8647
5794,3.8646
5795,3.8644
5796,3.8641
5797,3.8639
5798,3.8636
5799,3.8633
5800,3.8631
5801,3.8628
5802,3.8627
5803,3.8623
5804,3.8622
5805,3.8619
5806,3.8617
5807,3.8614
5808,3.8612
5809,3.8609
5810,3.8606
5811,3.8604
5812,3.8601
5813,3.86
5814,3.8596
5815,3.8595
5816,3.8592
5817,3.859
5818,3.8587
5819,3.8584
5820,3.8582
5821,3.8579
5822,3.8577
5823,3.8574
5824,3.8573
5825,3.8569
5826,3.8568
5827,3.8565
5828,3.8562
5829,3.856
5830,3.8557
5831,3.8555
5832,3.8552
5833,3.855
5834,3.8547
5835,3.8546
5836,3.8542
5837,3.8539
5838,3.8538
5839,3.8535
5840,3.8533
5841,3.853
5842,3.8528
5843,3.8525
5844,3.8522
5845,3.852
5846,3.8517
5847,3.8515
5848,3.8512
5849,3.8511
5850,3.8508
5851,3.8504
5852,3.8503
5853,3.85
5854,3.8498
5855,3.8495
5856,3.8493
5857,3.849
5858,3.8487
5859,3.8485
5860,3.8482
5861,3.8481
5862,3.8477
5863,3.8474
5864,3.8473
5865,3.8469
5866,3.8468
5867,3.8465
5868,3.8463
5869,3.846
5870,3.8457
5871,3.8455
5872,3.8452
5873,3.845
5874,3.8447
5875,3.8446
5876,3.8442
5877,3.8439
5878,3.8438
5879,3.8434
5880,3.8433
5881,3.843
5882,3.8427
5883,3.8425
5884,3.8422
5885,3.842
5886,3.8417
5887,3.8415
5888,3.8412
5889,3.8409
5890,3.8407
5891,3.8404
5892,3.8403
5893,3.8399
5894,3.8398
5895,3.8395
5896,3.8393
5897,3.839
5898,3.8387
5899,3.8385
5900,3.8382
5901,3.838
5902,3.8377
5903,3.8374
5904,3.8372
5905,3.8369
5906,3.8368
5907,3.8365
5908,3.8363
5909,3.836
5910,3.8358
5911,3.8355
5912,3.8353
5913,3.835
5914,3.8347
5915,3.8345
5916,3.8342
5917,3.8341
5918,3.8338
5919,3.8336
5920,3.8333
5921,3.8331
5922,3.8328
5923,3.8325
5924,3.8323
5925,3.832
5926,3.8318
5927,3.8315
5928,3.8314
5929,3.8311
5930,3.8309
5931,3.8306
5932,3.8303
5933,3.8301
5934,3.8298
5935,3.8296
5936,3.8293
5937,3.8291
5938,3.8288
5939,3.8287
5940,3.8284
5941,3.8282
5942,3.8279
5943,3.8277
5944,3.8274
5945,3.8272
5946,3.8269
5947,3.8268
5948,3.8264
5949,3.8263
5950,3.826
5951,3.8258
5952,3.8255
5953,3.8253
5954,3.825
5955,3.8249
5956,3.8245
5957,3.8242
5958,3.8241
5959,3.8239
5960,3.8236
5961,3.8234
5962,3.8231
5963,3.823
5964,3.8226
5965,3.8225
5966,3.8222
5967,3.822
5968,3.8217
5969,3.8215
5970,3.8212
5971,3.821
5972,3.8207
5973,3.8206
5974,3.8203
5975,3.8201
5976,3.8198
5977,3.8196
5978,3.8193
5979,3.8191
5980,3.819
5981,3.8187
5982,3.8185
5983,3.8182
5984,3.818
5985,3.8177
5986,3.8176
5987,3.8172
5988,3.8171
5989,3.8168
5990,3.8166
5991,3.8163
5992,3.8161
5993,3.816
5994,3.8156
5995,3.8155
5996,3.8152
5997,3.815
5998,3.8149
5999,3.8145
6000,3.8144
6001,3.8141
6002,3.8139
6003,3.8136
6004,3.8134
6005,3.8131
6006,3.8129
6007,3.8128
6008,3.8125
6009,3.8123
6010,3.812
6011,3.8118
6012,3.8117
6013,3.8114
6014,3.8112
6015,3.8109
6016,3.8107
6017,3.8106
6018,3.8102
6019,3.8101
6020,3.8098
6021,3.8096
6022,3.8094
6023,3.8091
6024,3.809
6025,3.8088
6026,3.8085
6027,3.8083
6028,3.808
6029,3.8079
6030,3.8077
6031,3.8074
6032,3.8072
6033,3.8069
6034,3.8067
6035,3.8066
6036,3.8063
6037,3.8061
6038,3.806
6039,3.8056
6040,3.8055
6041,3.8053
6042,3.805
6043,3.8048
6044,3.8047
6045,3.8044
6046,3.8042
6047,3.804
6048,3.8037
6049,3.8036
6050,3.8034
6051,3.8031
6052,3.8029
6053,3.8028
6054,3.8025
6055,3.8023
6056,3.8021
6057,3.8018
6058,3.8017
6059,3.8013
6060,3.8012
6061,3.801
6062,3.8009
6063,3.8006
6064,3.8004
6065,3.8002
6066,3.7999
6067,3.7998
6068,3.7996
6069,3.7993
6070,3.7991
6071,3.799
6072,3.7986
6073,3.7985
6074,3.7983
6075,3.7982
6076,3.7979
6077,3.7977
6078,3.7975
6079,3.7972
6080,3.7971
6081,3.7969
6082,3.7967
6083,3.7964
6084,3.7963
6085,3.7961
6086,3.7958
6087,3.7956
6088,3.7955
6089,3.7953
6090,3.795
6091,3.7948
6092,3.7947
6093,3.7945
6094,3.7942
6095,3.794
6096,3.7939
6097,3.7936
6098,3.7934
6099,3.7932
6100,3.7931
6101,3.7928
6102,3.7926
6103,3.7925
6104,3.7923
6105,3.792
6106,3.7918
6107,3.7917
6108,3.7913
6109,3.7912
6110,3.791
6111,3.7909
6112,3.7907
6113,3.7904
6114,3.7902
6115,3.7901
6116,3.7899
6117,3.7896
6118,3.7894
6119,3.7893
6120,3.7891
6121,3.7888
6122,3.7886
6123,3.7885
6124,3.7883
6125,3.788
6126,3.7878
6127,3.7877
6128,3.7875
6129,3.7874
6130,3.7871
6131,3.7869
6132,3.7867
6133,3.7866
6134,3.7863
6135,3.7861
6136,3.7859
6137,3.7858
6138,3.7856
6139,3.7853
6140,3.7851
6141,3.785
6142,3.7848
6143,3.7845
6144,3.7843
6145,3.7842
6146,3.784
6147,3.7839
6148,3.7836
6149,3.7834
6150,3.7832
6151,3.7831
6152,3.7829
6153,3.7826
6154,3.7824
6155,3.7823
6156,3.7821
6157,3.782
6158,3.7816
6159,3.7815
6160,3.7813
6161,3.7812
6162,3.781
6163,3.7807
6164,3.7805
6165,3.7804
6166,3.7802
6167,3.7801
6168,3.7797
6169,3.7796
6170,3.7794
6171,3.7793
6172,3.7791
6173,3.7789
6174,3.7786
6175,3.7785
6176,3.7783
6177,3.7782
6178,3.778
6179,3.7777
6180,3.7775
6181,3.7774
6182,3.7772
6183,3.777
6184,3.7769
6185,3.7766
6186,3.7764
6187,3.7762
6188,3.7761
6189,3.7759
6190,3.7758
6191,3.7755
6192,3.7753
6193,3.7751
6194,3.775
6195,3.7748
6196,3.7747
6197,3.7743
6198,3.7742
6199,3.774
6200,3.7739
6201,3.7737
6202,3.7735
6203,3.7734
6204,3.7731
6205,3.7729
6206,3.7728
6207,3.7726
6208,3.7724
6209,3.7723
6210,3.772
6211,3.7718
6212,3.7716
6213,3.7715
6214,3.7713
6215,3.7712
6216,3.7708
6217,3.7707
6218,3.7705
6219,3.7704
6220,3.7702
6221,3.7701
6222,3.7699
6223,3.7697
6224,3.7694
6225,3.7693
6226,3.7691
6227,3.7689
6228,3.7688
6229,3.7686
6230,3.7685
6231,3.7681
6232,3.768
6233,3.7678
6234,3.7677
6235,3.7675
6236,3.7674
6237,3.7672
6238,3.767
6239,3.7667
6240,3.7666
6241,3.7664
6242,3.7662
6243,3.7661
6244,3.7659
6245,3.7658
6246,3.7654
6247,3.7653
6248,3.7651
6249,3.765
6250,3.7648
6251,3.7647
6252,3.7645
6253,3.7643
6254,3.764
6255,3.7639
6256,3.7637
6257,3.7635
6258,3.7634
6259,3.7632
6260,3.7631
6261,3.7629
6262,3.7627
6263,3.7624
6264,3.7623
6265,3.7621
6266,3.762
6267,3.7618
6268,3.7616
6269,3.7615
6270,3.7613
6271,3.761
6272,3.7608
6273,3.7607
6274,3.7605
6275,3.7604
6276,3.7602
6277,3.76
6278,3.7599
6279,3.7597
6280,3.7594
6281,3.7593
6282,3.7591
6283,3.7589
6284,3.7588
6285,3.7586
6286,3.7585
6287,3.7583
6288,3.7581
6289,3.7578
6290,3.7577
6291,3.7575
6292,3.7573
6293,3.7572
6294,3.757
6295,3.7569
6296,3.7567
6297,3.7566
6298,3.7562
6299,3.7561
6300,3.7559
6301,3.7558
6302,3.7556
6303,3.7554
6304,3.7553
6305,3.7551
6306,3.755
6307,3.7546
6308,3.7545
6309,3.7543
6310,3.7542
6311,3.754
6312,3.7538
6313,3.7537
6314,3.7535
6315,3.7534
6316,3.7532
6317,3.7529
6318,3.7527
6319,3.7526
6320,3.7524
6321,3.7523
6322,3.7521
6323,3.7519
6324,3.7518
6325,3.7516
6326,3.7515
6327,3.7511
6328,3.751
6329,3.7508
6330,3.7507
6331,3.7505
6332,3.7504
6333,3.7502
6334,3.75
6335,3.7499
6336,3.7497
6337,3.7494
6338,3.7492
6339,3.7491
6340,3.7489
6341,3.7488
6342,3.7486
6343,3.7484
6344,3.7483
6345,3.7481
6346,3.7478
6347,3.7477
6348,3.7475
6349,3.7473
6350,3.7472
6351,3.747
6352,3.7469
6353,3.7467
6354,3.7465
6355,3.7464
6356,3.7462
6357,3.7459
6358,3.7457
6359,3.7456
6360,3.7454
6361,3.7453
6362,3.7451
6363,3.745
6364,3.7448
6365,3.7446
6366,3.7445
6367,3.7443
6368,3.744
6369,3.7438
6370,3.7437
6371,3.7435
6372,3.7434
6373,3.7432
6374,3.743
6375,3.7429
6376,3.7427
6377,3.7424
6378,3.7423
6379,3.7421
6380,3.7419
6381,3.7418
6382,3.7416
6383,3.7415
6384,3.7413
6385,3.7411
6386,3.741
6387,3.7407
6388,3.7405
6389,3.7403
6390,3.7402
6391,3.74
6392,3.7399
6393,3.7397
6394,3.7396
6395,3.7394
6396,3.7392
6397,3.7389
6398,3.7388
6399,3.7386
6400,3.7384
6401,3.7383
6402,3.7381
6403,3.738
6404,3.7378
6405,3.7376
6406,3.7375
6407,3.7372
6408,3.737
6409,3.7369
6410,3.7367
6411,3.7365
6412,3.7364
6413,3.7362
6414,3.7361
6415,3.7359
6416,3.7357
6417,3.7356
6418,3.7354
6419,3.7351
6420,3.7349
6421,3.7348
6422,3.7346
6423,3.7345
6424,3.7343
6425,3.7342
6426,3.734
6427,3.7337
6428,3.7335
6429,3.7334
6430,3.7332
6431,3.733
6432,3.7329
6433,3.7327
6434,3.7326
6435,3.7324
6436,3.7322
6437,3.7319
6438,3.7318
6439,3.7316
6440,3.7315
6441,3.7313
6442,3.7311
6443,3.731
6444,3.7308
6445,3.7307
6446,3.7305
6447,3.7302
6448,3.73
6449,3.7299
6450,3.7297
6451,3.7295
6452,3.7294
6453,3.7292
6454,3.7291
6455,3.7289
6456,3.7288
6457,3.7284
6458,3.7283
6459,3.7281
6460,3.728
6461,3.7278
6462,3.7276
6463,3.7275
6464,3.7273
6465,3.7272
6466,3.7268
6467,3.7267
6468,3.7265
6469,3.7264
6470,3.7262
6471,3.7261
6472,3.7259
6473,3.7257
6474,3.7256
6475,3.7254
6476,3.7251
6477,3.7249
6478,3.7248
6479,3.7246
6480,3.7245
6481,3.7243
6482,3.7241
6483,3.724
6484,3.7237
6485,3.7235
6486,3.7233
6487,3.7232
6488,3.723
6489,3.7229
6490,3.7227
6491,3.7226
6492,3.7224
6493,3.7221
6494,3.7219
6495,3.7218
6496,3.7216
6497,3.7214
6498,3.7213
6499,3.7211
6500,3.721
6501,3.7206
6502,3.7205
6503,3.7203
6504,3.7202
6505,3.72
6506,3.7199
6507,3.7197
6508,3.7195
6509,3.7194
6510,3.7191
6511,3.7189
6512,3.7187
6513,3.7186
6514,3.7184
6515,3.7183
6516,3.7181
6517,3.7179
6518,3.7178
6519,3.7175
6520,3.7173
6521,3.7172
6522,3.717
6523,3.7168
6524,3.7167
6525,3.7165
6526,3.7162
6527,3.7162
6528,3.7159
6529,3.7157
6530,3.7156
6531,3.7154
6532,3.7152
6533,3.7151
6534,3.7148
6535,3.7146
6536,3.7145
6537,3.7143
6538,3.7141
6539,3.714
6540,3.7138
6541,3.7137
6542,3.7133
6543,3.7132
6544,3.713
6545,3.7129
6546,3.7127
6547,3.7125
6548,3.7124
6549,3.7122
6550,3.7119
6551,3.7118
6552,3.7116
6553,3.7114
6554,3.7113
6555,3.7111
6556,3.711
6557,3.7106
6558,3.7105
6559,3.7103
6560,3.7102
6561,3.71
6562,3.7098
6563,3.7097
6564,3.7095
6565,3.7092
6566,3.7091
6567,3.7089
6568,3.7087
6569,3.7086
6570,3.7084
6571,3.7083
6572,3.7079
6573,3.7078
6574,3.7076
6575,3.7075
6576,3.7073
6577,3.7071
6578,3.707
6579,3.7067
6580,3.7065
6581,3.7064
6582,3.7062
6583,3.706
6584,3.7059
6585,3.7057
6586,3.7054
6587,3.7052
6588,3.7051
6589,3.7049
6590,3.7048
6591,3.7046
6592,3.7044
6593,3.7043
6594,3.704
6595,3.7038
6596,3.7037
6597,3.7035
6598,3.7032
6599,3.703
6600,3.7029
6601,3.7027
6602,3.7025
6603,3.7024
6604,3.7022
6605,3.7021
6606,3.7017
6607,3.7016
6608,3.7014
6609,3.7013
6610,3.7011
6611,3.701
6612,3.7006
6613,3.7005
6614,3.7003
6615,3.7002
6616,3.7
6617,3.6998
6618,3.6997
6619,3.6994
6620,3.6992
6621,3.699
6622,3.6989
6623,3.6987
6624,3.6986
6625,3.6982
6626,3.6981
6627,3.6979
6628,3.6978
6629,3.6976
6630,3.6975
6631,3.6971
6632,3.697
6633,3.6968
6634,3.6967
6635,3.6965
6636,3.6963
6637,3.696
6638,3.6959
6639,3.6957
6640,3.6955
6641,3.6954
6642,3.6952
6643,3.6951
6644,3.6948
6645,3.6946
6646,3.6944
6647,3.6943
6648,3.6941
6649,3.694
6650,3.6936
6651,3.6935
6652,3.6933
6653,3.6932
6654,3.693
6655,3.6928
6656,3.6925
6657,3.6924
6658,3.6922
6659,3.6921
6660,3.6919
6661,3.6917
6662,3.6914
6663,3.6913
6664,3.6911
6665,3.6909
6666,3.6908
6667,3.6906
6668,3.6903
6669,3.6901
6670,3.69
6671,3.6898
6672,3.6897
6673,3.6895
6674,3.6894
6675,3.689
6676,3.6889
6677,3.6887
6678,3.6886
6679,3.6884
6680,3.6881
6681,3.6879
6682,3.6878
6683,3.6876
6684,3.6874
6685,3.6871
6686,3.687
6687,3.6868
6688,3.6867
6689,3.6865
6690,3.6863
6691,3.686
6692,3.6859
6693,3.6857
6694,3.6855
6695,3.6854
6696,3.6852
6697,3.6851
6698,3.6847
6699,3.6846
6700,3.6844
6701,3.6843
6702,3.6841
6703,3.6838
6704,3.6836
6705,3.6835
6706,3.6833
6707,3.6832
6708,3.683
6709,3.6827
6710,3.6825
6711,3.6824
6712,3.6822
6713,3.682
6714,3.6819
6715,3.6816
6716,3.6814
6717,3.6813
6718,3.6811
6719,3.6809
6720,3.6806
6721,3.6805
6722,3.6803
6723,3.6801
6724,3.68
6725,3.6798
6726,3.6795
6727,3.6793
6728,3.6792
6729,3.679
6730,3.6789
6731,3.6786
6732,3.6784
6733,3.6782
6734,3.6781
6735,3.6779
6736,3.6778
6737,3.6774
6738,3.6773
6739,3.6771
6740,3.677
6741,3.6768
6742,3.6766
6743,3.6763
6744,3.6762
6745,3.676
6746,3.6759
6747,3.6757
6748,3.6755
6749,3.6754
6750,3.6751
6751,3.6749
6752,3.6747
6753,3.6746
6754,3.6744
6755,3.6741
6756,3.6739
6757,3.6738
6758,3.6736
6759,3.6735
6760,3.6733
6761,3.673
6762,3.6728
6763,3.6727
6764,3.6725
6765,3.6724
6766,3.6722
6767,3.6719
6768,3.6717
6769,3.6716
6770,3.6714
6771,3.6712
6772,3.6711
6773,3.6708
6774,3.6706
6775,3.6704
6776,3.6703
6777,3.6701
6778,3.67
6779,3.6697
6780,3.6695
6781,3.6693
6782,3.6692
6783,3.669
6784,3.6689
6785,3.6685
6786,3.6684
6787,3.6682
6788,3.6681
6789,3.6679
6790,3.6677
6791,3.6676
6792,3.6673
6793,3.6671
6794,3.667
6795,3.6668
6796,3.6666
6797,3.6665
6798,3.6663
6799,3.666
6800,3.6658
6801,3.6657
6802,3.6655
6803,3.6654
6804,3.6652
6805,3.6649
6806,3.6647
6807,3.6646
6808,3.6644
6809,3.6643
6810,3.6641
6811,3.6638
6812,3.6636
6813,3.6635
6814,3.6633
6815,3.6631
6816,3.663
6817,3.6628
6818,3.6625
6819,3.6623
6820,3.6622
6821,3.662
6822,3.6619
6823,3.6617
6824,3.6616
6825,3.6612
6826,3.6611
6827,3.6609
6828,3.6608
6829,3.6606
6830,3.6604
6831,3.6603
6832,3.66
6833,3.6598
6834,3.6596
6835,3.6595
6836,3.6593
6837,3.6592
6838,3.659
6839,3.6587
6840,3.6585
6841,3.6584
6842,3.6582
6843,3.6581
6844,3.6579
6845,3.6577
6846,3.6574
6847,3.6573
6848,3.6571
6849,3.6569
6850,3.6568
6851,3.6566
6852,3.6565
6853,3.6562
6854,3.656
6855,3.6558
6856,3.6557
6857,3.6555
6858,3.6554
6859,3.6552
6860,3.655
6861,3.6547
6862,3.6546
6863,3.6544
6864,3.6542
6865,3.6541
6866,3.6539
6867,3.6538
6868,3.6535
6869,3.6533
6870,3.6531
6871,3.653
6872,3.6528
6873,3.6527
6874,3.6525
6875,3.6523
6876,3.6522
6877,3.6519
6878,3.6517
6879,3.6515
6880,3.6514
6881,3.6512
6882,3.6511
6883,3.6509
6884,3.6506
6885,3.6504
6886,3.6503
6887,3.6501
6888,3.65
6889,3.6498
6890,3.6496
6891,3.6495
6892,3.6492
6893,3.649
6894,3.6488
6895,3.6487
6896,3.6485
6897,3.6484
6898,3.6482
6899,3.6481
6900,3.6479
6901,3.6476
6902,3.6474
6903,3.6473
6904,3.6471
6905,3.6469
6906,3.6468
6907,3.6466
6908,3.6465
6909,3.6461
6910,3.646
6911,3.6458
6912,3.6457
6913,3.6455
6914,3.6454
6915,3.6452
6916,3.645
6917,3.6449
6918,3.6446
6919,3.6444
6920,3.6442
6921,3.6441
6922,3.6439
6923,3.6436
6924,3.6434
6925,3.6433
6926,3.6431
6927,3.643
6928,3.6428
6929,3.6426
6930,3.6425
6931,3.6423
6932,3.642
6933,3.6419
6934,3.6417
6935,3.6415
6936,3.6414
6937,3.6412
6938,3.6411
6939,3.6409
6940,3.6406
6941,3.6404
6942,3.6403
6943,3.6401
6944,3.6399
6945,3.6398
6946,3.6395
6947,3.6393
6948,3.6392
6949,3.639
6950,3.6388
6951,3.6387
6952,3.6384
6953,3.6382
6954,3.638
6955,3.6379
6956,3.6377
6957,3.6376
6958,3.6374
6959,3.6372
6960,3.6369
6961,3.6368
6962,3.6366
6963,3.6365
6964,3.6363
6965,3.636
6966,3.6358
6967,3.6357
6968,3.6355
6969,3.6353
6970,3.635
6971,3.6349
6972,3.6347
6973,3.6345
6974,3.6344
6975,3.6342
6976,3.6339
6977,3.6338
6978,3.6336
6979,3.6334
6980,3.6333
6981,3.633
6982,3.6328
6983,3.6326
6984,3.6325
6985,3.6323
6986,3.632
6987,3.6318
6988,3.6317
6989,3.6315
6990,3.6314
6991,3.6311
6992,3.6309
6993,3.6307
6994,3.6306
6995,3.6303
6996,3.6301
6997,3.6299
6998,3.6298
6999,3.6296
7000,3.6293
7001,3.6291
7002,3.629
7003,3.6288
7004,3.6285
7005,3.6284
7006,3.6282
7007,3.6279
7008,3.6277
7009,3.6276
7010,3.6274
7011,3.6272
7012,3.6269
7013,3.6268
7014,3.6266
7015,3.6263
7016,3.6261
7017,3.626
7018,3.6258
7019,3.6255
7020,3.6253
7021,3.6252
7022,3.6249
7023,3.6247
7024,3.6245
7025,3.6242
7026,3.6241
7027,3.6239
7028,3.6236
7029,3.6234
7030,3.6233
7031,3.623
7032,3.6228
7033,3.6226
7034,3.6223
7035,3.6222
7036,3.622
7037,3.6217
7038,3.6215
7039,3.6214
7040,3.621
7041,3.6209
7042,3.6206
7043,3.6204
7044,3.6203
7045,3.6199
7046,3.6198
7047,3.6196
7048,3.6193
7049,3.6191
7050,3.6188
7051,3.6187
7052,3.6183
7053,3.6182
7054,3.618
7055,3.6177
7056,3.6176
7057,3.6172
7058,3.6171
7059,3.6168
7060,3.6166
7061,3.6163
7062,3.6161
7063,3.6158
7064,3.6156
7065,3.6155
7066,3.6152
7067,3.615
7068,3.6147
7069,3.6145
7070,3.6142
7071,3.6141
7072,3.6137
7073,3.6136
7074,3.6133
7075,3.6129
7076,3.6128
7077,3.6125
7078,3.6123
7079,3.612
7080,3.6118
7081,3.6115
7082,3.6112
7083,3.611
7084,3.6107
7085,3.6106
7086,3.6102
7087,3.6099
7088,3.6098
7089,3.6094
7090,3.6091
7091,3.609
7092,3.6087
7093,3.6083
7094,3.6082
7095,3.6079
7096,3.6075
7097,3.6074
7098,3.6071
7099,3.6067
7100,3.6066
7101,3.6063
7102,3.606
7103,3.6056
7104,3.6055
7105,3.6052
7106,3.6048
7107,3.6045
7108,3.6044
7109,3.604
7110,3.6037
7111,3.6034
7112,3.6031
7113,3.6028
7114,3.6025
7115,3.6023
7116,3.602
7117,3.6017
7118,3.6013
7119,3.601
7120,3.6007
7121,3.6004
7122,3.6002
7123,3.5999
7124,3.5996
7125,3.5993
7126,3.599
7127,3.5986
7128,3.5983
7129,3.598
7130,3.5977
7131,3.5974
7132,3.5971
7133,3.5967
7134,3.5964
7135,3.5961
7136,3.5958
7137,3.5955
7138,3.595
7139,3.5947
7140,3.5944
7141,3.594
7142,3.5937
7143,3.5934
7144,3.5931
7145,3.5926
7146,3.5923
7147,3.592
7148,3.5917
7149,3.5913
7150,3.5909
7151,3.5905
7152,3.5902
7153,3.5899
7154,3.5894
7155,3.5891
7156,3.5888
7157,3.5883
7158,3.588
7159,3.5877
7160,3.5872
7161,3.5869
7162,3.5866
7163,3.5861
7164,3.5858
7165,3.5853
7166,3.585
7167,3.5845
7168,3.5842
7169,3.5837
7170,3.5834
7171,3.5829
7172,3.5826
7173,3.5821
7174,3.5818
7175,3.5813
7176,3.5809
7177,3.5805
7178,3.5801
7179,3.5796
7180,3.5793
7181,3.5788
7182,3.5783
7183,3.578
7184,3.5775
7185,3.577
7186,3.5766
7187,3.5762
7188,3.5758
7189,3.5753
7190,3.5748
7191,3.5743
7192,3.5739
7193,3.5734
7194,3.5729
7195,3.5726
7196,3.5721
7197,3.5716
7198,3.5712
7199,3.5707
7200,3.5702
7201,3.5697
7202,3.5691
7203,3.5686
7204,3.5681
7205,3.5677
7206,3.5672
7207,3.5667
7208,3.5662
7209,3.5658
7210,3.5651
7211,3.5647
7212,3.5642
7213,3.5637
7214,3.5631
7215,3.5626
7216,3.5621
7217,3.5615
7218,3.561
7219,3.5605
7220,3.5599
7221,3.5594
7222,3.5588
7223,3.5583
7224,3.5577
7225,3.5572
7226,3.5565
7227,3.5561
7228,3.5554
7229,3.555
7230,3.5543
7231,3.5537
7232,3.5532
7233,3.5526
7234,3.5519
7235,3.5515
7236,3.5508
7237,3.5502
7238,3.5496
7239,3.5491
7240,3.5484
7241,3.5478
7242,3.5472
7243,3.5465
7244,3.5459
7245,3.5454
7246,3.5448
7247,3.5442
7248,3.5435
7249,3.5429
7250,3.5423
7251,3.5416
7252,3.541
7253,3.5403
7254,3.5397
7255,3.5391
7256,3.5384
7257,3.5376
7258,3.537
7259,3.5364
7260,3.5357
7261,3.5351
7262,3.5345
7263,3.5338
7264,3.533
7265,3.5324
7266,3.5318
7267,3.5311
7268,3.5303
7269,3.5297
7270,3.5291
7271,3.5283
7272,3.5276
7273,3.527
7274,3.5262
7275,3.5256
7276,3.5249
7277,3.5241
7278,3.5235
7279,3.5227
7280,3.5221
7281,3.5213
7282,3.5206
7283,3.5199
7284,3.5191
7285,3.5184
7286,3.5176
7287,3.517
7288,3.5162
7289,3.5154
7290,3.5148
7291,3.514
7292,3.5132
7293,3.5124
7294,3.5118
7295,3.511
7296,3.5102
7297,3.5094
7298,3.5086
7299,3.5078
7300,3.507
7301,3.5062
7302,3.5054
7303,3.5046
7304,3.5038
7305,3.5029
7306,3.5021
7307,3.5013
7308,3.5003
7309,3.4995
7310,3.4987
7311,3.4978
7312,3.497
7313,3.496
7314,3.4951
7315,3.4943
7316,3.4933
7317,3.4924
7318,3.4914
7319,3.4905
7320,3.4897
7321,3.4886
7322,3.4876
7323,3.4867
7324,3.4857
7325,3.4847
7326,3.4836
7327,3.4827
7328,3.4816
7329,3.4806
7330,3.4795
7331,3.4786
7332,3.4774
7333,3.4763
7334,3.4752
7335,3.4741
7336,3.473
7337,3.4719
7338,3.4706
7339,3.4695
7340,3.4684
7341,3.4671
7342,3.466
7343,3.4647
7344,3.4635
7345,3.4622
7346,3.4609
7347,3.4596
7348,3.4584
7349,3.4571
7350,3.4557
7351,3.4544
7352,3.453
7353,3.4517
7354,3.4503
7355,3.4488
7356,3.4474
7357,3.446
7358,3.4446
7359,3.4431
7360,3.4415
7361,3.4401
7362,3.4385
7363,3.4371
7364,3.4355
7365,3.4339
7366,3.4323
7367,3.4307
7368,3.429
7369,3.4274
7370,3.4258
7371,3.4241
7372,3.4225
7373,3.4207
7374,3.419
7375,3.4172
7376,3.4155
7377,3.4136
7378,3.4118
7379,3.4101
7380,3.4082
7381,3.4063
7382,3.4044
7383,3.4026
7384,3.4006
7385,3.3986
7386,3.3967
7387,3.3948
7388,3.3928
7389,3.3909
7390,3.3888
7391,3.3867
7392,3.3847
7393,3.3826
7394,3.3805
7395,3.3783
7396,3.3762
7397,3.374
7398,3.372
7399,3.3697
7400,3.3675
7401,3.3653
7402,3.3631
7403,3.3607
7404,3.3585
7405,3.3561
7406,3.3537
7407,3.3515
7408,3.3491
7409,3.3465
7410,3.3442
7411,3.3418
7412,3.3392
7413,3.3369
7414,3.3343
7415,3.3318
7416,3.3293
7417,3.3267
7418,3.324
7419,3.3215
7420,3.3188
7421,3.3162
7422,3.3135
7423,3.3108
7424,3.3081
7425,3.3053
7426,3.3026
7427,3.2997
7428,3.297
7429,3.2942
7430,3.2913
7431,3.2883
7432,3.2854
7433,3.2824
7434,3.2795
7435,3.2765
7436,3.2735
7437,3.2705
7438,3.2675
7439,3.2643
7440,3.2611
7441,3.2579
7442,3.2547
7443,3.2516
7444,3.2484
7445,3.2451
7446,3.2419
7447,3.2385
7448,3.235
7449,3.2317
7450,3.2284
7451,3.2249
7452,3.2214
7453,3.2179
7454,3.2144
7455,3.2109
7456,3.2072
7457,3.2036
7458,3.1999
7459,3.1963
7460,3.1924
7461,3.1888
7462,3.185
7463,3.1812
7464,3.1774
7465,3.1734
7466,3.1694
7467,3.1654
7468,3.1615
7469,3.1573
7470,3.1534
7471,3.1492
7472,3.1451
7473,3.1408
7474,3.1367
7475,3.1324
7476,3.1281
7477,3.1238
7478,3.1193
7479,3.1149
7480,3.1104
7481,3.106
7482,3.1014
7483,3.0968
7484,3.0922
7485,3.0874
7486,3.0826
7487,3.0779
7488,3.0731
7489,3.0682
7490,3.0632
7491,3.0583
7492,3.0534
7493,3.0483
7494,3.0432
7495,3.038
7496,3.0327
7497,3.0275
7498,3.0221
7499,3.0168
7500,3.0113
7501,3.0059
7502,3.0003
7503,2.9948
7504,2.989
7505,2.9833
7506,2.9776
7507,2.9717
7508,2.9658
7509,2.9598
7510,2.9538
7511,2.9477
7512,2.9415
7513,2.9353
7514,2.929
7515,2.9226
7516,2.9161
7517,2.9096
7518,2.9029
7519,2.8962
7520,2.8895
7521,2.8827
7522,2.8757
7523,2.8687
7524,2.8616
7525,2.8544
7526,2.8473
7527,2.8398
7528,2.8323
7529,2.8247
7530,2.8171
7531,2.8095
7532,2.8015
7533,2.7936
7534,2.7855
7535,2.7772
7536,2.7689
7537,2.7607
7538,2.7521
7539,2.7435
7540,2.7348
7541,2.726
7542,2.717
7543,2.7079
7544,2.6988
7545,2.6896
7546,2.6801
7547,2.6707
7548,2.6612
7549,2.6515
7550,2.6416
7551,2.6318
7552,2.6218
7553,2.6116
7554,2.6013
7555,2.5909
7556,2.5806
7557,2.5701
7558,2.5595
7559,2.5487
7560,2.5377
7561,2.5267
7562,2.5158
7563,2.5045
7564,2.5
7565,2.5205
7566,2.6205
7567,2.7224
7568,2.8247
7569,2.9139
7570,3.0141
7571,3.1
7572,3.2004
7573,3.2117
7574,3.2892
7575,3.3456
7576,3.3861
7577,3.415
7578,3.435
7579,3.4484
7580,3.4574
7581,3.4639
7582,3.4687
7583,3.4725
7584,3.4755
7585,3.4781
7586,3.4803
7587,3.482
7588,3.4838
7589,3.4852
7590,3.4865
7591,3.4876
7592,3.4887
7593,3.4897
7594,3.4906
7595,3.4916
7596,3.4924
7597,3.493
7598,3.4938
7599,3.4944
7600,3.4951
7601,3.4957
7602,3.4963
7603,3.4968
7604,3.4973
7605,3.4979
7606,3.4984
7607,3.4989
7608,3.4992
7609,3.4997
7610,3.5002
7611,3.5005
7612,3.501
7613,3.5013
7614,3.5016
7615,3.5021
7616,3.5024
7617,3.5027
7618,3.503
7619,3.5033
7620,3.5037
7621,3.504
7622,3.5041
7623,3.5044
7624,3.5048
7625,3.5049
7626,3.5052
7627,3.5056
7628,3.5057
7629,3.506
7630,3.5062
7631,3.5065
7632,3.5067
7633,3.507
7634,3.5071
7635,3.5073
7636,3.5076
7637,3.5078
7638,3.5079
7639,3.5083
7640,3.5084
7641,3.5086
7642,3.5087
7643,3.5089
7644,3.5092
7645,3.5094
7646,3.5095
7647,3.5097
7648,3.5098
7649,3.51
7650,3.5102
7651,3.5103
7652,3.5105
7653,3.5106
7654,3.5108
7655,3.511
7656,3.5111
7657,3.5113
7658,3.5114
7659,3.5116
7660,3.5118
7661,3.5119
7662,3.5121
7663,3.5122
7664,3.5124
7665,3.5124
7666,3.5125
7667,3.5127
7668,3.5129
7669,3.513
7670,3.5132
7671,3.5132
7672,3.5133
7673,3.5135
7674,3.5137
7675,3.5137
7676,3.5138
7677,3.514
7678,3.5141
7679,3.5141
7680,3.5143
7681,3.5145
7682,3.5146
7683,3.5146
7684,3.5148
7685,3.5149
7686,3.5149
7687,3.5151
7688,3.5152
7689,3.5152
7690,3.5154
7691,3.5156
7692,3.5156
7693,3.5157
7694,3.5157
7695,3.5159
7696,3.516
7697,3.516
7698,3.5162
7699,3.5162
7700,3.5164
7701,3.5164
7702,3.5165
7703,3.5167
7704,3.5167
7705,3.5168
7706,3.5168
7707,3.517
7708,3.517
7709,3.5172
7710,3.5172
7711,3.5173
7712,3.5175
7713,3.5175
7714,3.5176
7715,3.5176
7716,3.5176
7717,3.5178
7718,3.5179
7719,3.5179
7720,3.5179
7721,3.5181
7722,3.5181
7723,3.5183
7724,3.5183
7725,3.5184
7726,3.5184
7727,3.5186
7728,3.5186
7729,3.5187
7730,3.5187
7731,3.5189
7732,3.5189
7733,3.5189
7734,3.5191
7735,3.5191
7736,3.5192
7737,3.5192
7738,3.5194
7739,3.5194
7740,3.5194
7741,3.5195
7742,3.5195
7743,3.5197
7744,3.5197
7745,3.5197
7746,3.5199
7747,3.5199
7748,3.5199
7749,3.52
7750,3.52
7751,3.528
7752,3.5732
7753,3.5768
7754,3.5792
7755,3.5808
7756,3.5821
7757,3.5832
7758,3.5841
7759,3.5849
7760,3.5857
7761,3.5863
7762,3.587
7763,3.5876
7764,3.5883
7765,3.5887
7766,3.5894
7767,3.5898
7768,3.5903
7769,3.5908
7770,3.5913
7771,3.5918
7772,3.5921
7773,3.5925
7774,3.593
7775,3.5933
7776,3.5938
7777,3.5941
7778,3.5945
7779,3.5949
7780,3.5952
7781,3.5956
7782,3.596
7783,3.5964
7784,3.5967
7785,3.597
7786,3.5973
7787,3.5976
7788,3.598
7789,3.5983
7790,3.5986
7791,3.5989
7792,3.5992
7793,3.5995
7794,3.5999
7795,3.6002
7796,3.6005
7797,3.6007
7798,3.601
7799,3.6013
7800,3.6016
7801,3.6019
7802,3.6021
7803,3.6024
7804,3.6027
7805,3.6029
7806,3.6032
7807,3.6035
7808,3.6037
7809,3.604
7810,3.6041
7811,3.6045
7812,3.6046
7813,3.6049
7814,3.6051
7815,3.6054
7816,3.6056
7817,3.6059
7818,3.6061
7819,3.6064
7820,3.6065
7821,3.6068
7822,3.607
7823,3.6073
7824,3.6075
7825,3.6076
7826,3.608
7827,3.6081
7828,3.6083
7829,3.6086
7830,3.6088
7831,3.6089
7832,3.6092
7833,3.6094
7834,3.6096
7835,3.6099
7836,3.61
7837,3.6102
7838,3.6103
7839,3.6107
7840,3.6108
7841,3.611
7842,3.6111
7843,3.6115
7844,3.6116
7845,3.6118
7846,3.6119
7847,3.6121
7848,3.6124
7849,3.6126
7850,3.6127
7851,3.6129
7852,3.613
7853,3.6132
7854,3.6135
7855,3.6137
7856,3.6138
7857,3.614
7858,3.6142
7859,3.6143
7860,3.6145
7861,3.6146
7862,3.6148
7863,3.6151
7864,3.6153
7865,3.6154
7866,3.6156
7867,3.6157
7868,3.6159
7869,3.6161
7870,3.6162
7871,3.6164
7872,3.6165
7873,3.6167
7874,3.6169
7875,3.617
7876,3.6172
7877,3.6173
7878,3.6175
7879,3.6177
7880,3.6178
7881,3.618
7882,3.6181
7883,3.6183
7884,3.6184
7885,3.6186
7886,3.6188
7887,3.6189
7888,3.6191
7889,3.6192
7890,3.6194
7891,3.6194
7892,3.6197
7893,3.6199
7894,3.62
7895,3.6202
7896,3.6202
7897,3.6204
7898,3.6205
7899,3.6207
7900,3.6208
7901,3.621
7902,3.6212
7903,3.6213
7904,3.6215
7905,3.6216
7906,3.6218
7907,3.6219
7908,3.6219
7909,3.6221
7910,3.6223
7911,3.6224
7912,3.6226
7913,3.6227
7914,3.6229
7915,3.6231
7916,3.6232
7917,3.6232
7918,3.6234
7919,3.6235
7920,3.6237
7921,3.6239
7922,3.624
7923,3.6242
7924,3.6243
7925,3.6243
7926,3.6245
7927,3.6246
7928,3.6248
7929,3.625
7930,3.6251
7931,3.6253
7932,3.6254
7933,3.6254
7934,3.6256
7935,3.6258
7936,3.6259
7937,3.6261
7938,3.6262
7939,3.6262
7940,3.6264
7941,3.6266
7942,3.6267
7943,3.6269
7944,3.627
7945,3.627
7946,3.6272
7947,3.6273
7948,3.6275
7949,3.6277
7950,3.6278
7951,3.6278
7952,3.628
7953,3.6281
7954,3.6283
7955,3.6285
7956,3.6285
7957,3.6286
7958,3.6288
7959,3.6289
7960,3.6291
7961,3.6293
7962,3.6293
7963,3.6294
7964,3.6296
7965,3.6297
7966,3.6299
7967,3.6301
7968,3.6301
7969,3.6302
7970,3.6304
7971,3.6305
7972,3.6305
7973,3.6307
7974,3.6308
7975,3.631
7976,3.6312
7977,3.6313
7978,3.6313
7979,3.6315
7980,3.6316
7981,3.6318
7982,3.632
7983,3.632
7984,3.6321
7985,3.6323
7986,3.6324
7987,3.6324
7988,3.6326
7989,3.6328
7990,3.6329
7991,3.6331
7992,3.6332
7993,3.6332
7994,3.6334
7995,3.6335
7996,3.6337
7997,3.6339
7998,3.6339
7999,3.634
8000,3.6342
8001,3.6343
8002,3.6343
8003,3.6345
8004,3.6347
8005,3.6348
8006,3.635
8007,3.635
8008,3.6351
8009,3.6353
8010,3.6355
8011,3.6355
8012,3.6356
8013,3.6358
8014,3.6359
8015,3.6361
8016,3.6361
8017,3.6362
8018,3.6364
8019,3.6366
8020,3.6367
8021,3.6367
8022,3.6369
8023,3.637
8024,3.6372
8025,3.6374
8026,3.6374
8027,3.6375
8028,3.6377
8029,3.6377
8030,3.6378
8031,3.638
8032,3.6382
8033,3.6383
8034,3.6385
8035,3.6385
8036,3.6386
8037,3.6388
8038,3.6389
8039,3.6389
8040,3.6391
8041,3.6393
8042,3.6394
8043,3.6394
8044,3.6396
8045,3.6397
8046,3.6399
8047,3.6401
8048,3.6401
8049,3.6402
8050,3.6404
8051,3.6405
8052,3.6405
8053,3.6407
8054,3.6409
8055,3.641
8056,3.641
8057,3.6412
8058,3.6413
8059,3.6415
8060,3.6415
8061,3.6417
8062,3.6418
8063,3.642
8064,3.642
8065,3.6421
8066,3.6423
8067,3.6424
8068,3.6424
8069,3.6426
8070,3.6428
8071,3.6429
8072,3.6431
8073,3.6431
8074,3.6432
8075,3.6434
8076,3.6436
8077,3.6436
8078,3.6437
8079,3.6439
8080,3.644
8081,3.644
8082,3.6442
8083,3.6444
8084,3.6445
8085,3.6445
8086,3.6447
8087,3.6448
8088,3.645
8089,3.645
8090,3.6451
8091,3.6453
8092,3.6455
8093,3.6456
8094,3.6456
8095,3.6458
8096,3.6459
8097,3.6461
8098,3.6461
8099,3.6463
8100,3.6464
8101,3.6466
8102,3.6466
8103,3.6467
8104,3.6469
8105,3.6471
8106,3.6471
8107,3.6472
8108,3.6474
8109,3.6475
8110,3.6475
8111,3.6477
8112,3.6478
8113,3.6478
8114,3.648
8115,3.6482
8116,3.6483
8117,3.6483
8118,3.6485
8119,3.6486
8120,3.6488
8121,3.6488
8122,3.649
8123,3.6491
8124,3.6493
8125,3.6493
8126,3.6494
8127,3.6496
8128,3.6498
8129,3.6498
8130,3.6499
8131,3.6501
8132,3.6502
8133,3.6502
8134,3.6504
8135,3.6505
8136,3.6507
8137,3.6507
8138,3.6509
8139,3.651
8140,3.6512
8141,3.6512
8142,3.6513
8143,3.6515
8144,3.6515
8145,3.6517
8146,3.6518
8147,3.652
8148,3.652
8149,3.6521
8150,3.6523
8151,3.6525
8152,3.6525
8153,3.6526
8154,3.6528
8155,3.6528
8156,3.6529
8157,3.6531
8158,3.6533
8159,3.6533
8160,3.6534
8161,3.6536
8162,3.6537
8163,3.6537
8164,3.6539
8165,3.654
8166,3.6542
8167,3.6542
8168,3.6544
8169,3.6545
8170,3.6547
8171,3.6547
8172,3.6548
8173,3.655
8174,3.6552
8175,3.6552
8176,3.6553
8177,3.6555
8178,3.6555
8179,3.6556
8180,3.6558
8181,3.656
8182,3.656
8183,3.6561
8184,3.6563
8185,3.6564
8186,3.6564
8187,3.6566
8188,3.6567
8189,3.6567
8190,3.6569
8191,3.6571
8192,3.6572
8193,3.6572
8194,3.6574
8195,3.6575
8196,3.6577
8197,3.6577
8198,3.6579
8199,3.658
8200,3.6582
8201,3.6582
8202,3.6583
8203,3.6585
8204,3.6587
8205,3.6587
8206,3.6588
8207,3.659
8208,3.659
8209,3.6591
8210,3.6593
8211,3.6594
8212,3.6594
8213,3.6596
8214,3.6598
8215,3.6598
8216,3.6599
8217,3.6601
8218,3.6602
8219,3.6602
8220,3.6604
8221,3.6606
8222,3.6607
8223,3.6607
8224,3.6609
8225,3.661
8226,3.661
8227,3.6612
8228,3.6614
8229,3.6614
8230,3.6615
8231,3.6617
8232,3.6618
8233,3.662
8234,3.662
8235,3.6622
8236,3.6623
8237,3.6623
8238,3.6625
8239,3.6626
8240,3.6628
8241,3.6628
8242,3.6629
8243,3.6631
8244,3.6633
8245,3.6633
8246,3.6634
8247,3.6636
8248,3.6636
8249,3.6637
8250,3.6639
8251,3.6641
8252,3.6641
8253,3.6642
8254,3.6644
8255,3.6645
8256,3.6645
8257,3.6647
8258,3.6647
8259,3.6649
8260,3.665
8261,3.6652
8262,3.6652
8263,3.6653
8264,3.6655
8265,3.6656
8266,3.6656
8267,3.6658
8268,3.666
8269,3.6661
8270,3.6661
8271,3.6663
8272,3.6663
8273,3.6664
8274,3.6666
8275,3.6668
8276,3.6668
8277,3.6669
8278,3.6671
8279,3.6672
8280,3.6672
8281,3.6674
8282,3.6676
8283,3.6676
8284,3.6677
8285,3.6679
8286,3.668
8287,3.668
8288,3.6682
8289,3.6683
8290,3.6685
8291,3.6685
8292,3.6687
8293,3.6688
8294,3.6688
8295,3.669
8296,3.6691
8297,3.6693
8298,3.6693
8299,3.6695
8300,3.6696
8301,3.6696
8302,3.6698
8303,3.6699
8304,3.6701
8305,3.6701
8306,3.6703
8307,3.6704
8308,3.6704
8309,3.6706
8310,3.6707
8311,3.6709
8312,3.6709
8313,3.671
8314,3.6712
8315,3.6712
8316,3.6714
8317,3.6715
8318,3.6717
8319,3.6717
8320,3.6718
8321,3.672
8322,3.672
8323,3.6722
8324,3.6723
8325,3.6725
8326,3.6725
8327,3.6726
8328,3.6728
8329,3.6728
8330,3.673
8331,3.6731
8332,3.6733
8333,3.6733
8334,3.6734
8335,3.6736
8336,3.6736
8337,3.6738
8338,3.6739
8339,3.6741
8340,3.6741
8341,3.6742
8342,3.6744
8343,3.6744
8344,3.6745
8345,3.6747
8346,3.6749
8347,3.6749
8348,3.675
8349,3.6752
8350,3.6752
8351,3.6753
8352,3.6755
8353,3.6755
8354,3.6757
8355,3.6758
8356,3.676
8357,3.676
8358,3.6761
8359,3.6763
8360,3.6765
8361,3.6765
8362,3.6766
8363,3.6768
8364,3.6768
8365,3.6769
8366,3.6771
8367,3.6772
8368,3.6772
8369,3.6774
8370,3.6776
8371,3.6776
8372,3.6777
8373,3.6779
8374,3.678
8375,3.678
8376,3.6782
8377,3.6784
8378,3.6785
8379,3.6785
8380,3.6787
8381,3.6788
8382,3.6788
8383,3.679
8384,3.6792
8385,3.6793
8386,3.6793
8387,3.6795
8388,3.6796
8389,3.6796
8390,3.6798
8391,3.6799
8392,3.6801
8393,3.6801
8394,3.6803
8395,3.6804
8396,3.6804
8397,3.6806
8398,3.6807
8399,3.6809
8400,3.6809
8401,3.6811
8402,3.6812
8403,3.6814
8404,3.6814
8405,3.6815
8406,3.6817
8407,3.6817
8408,3.6819
8409,3.682
8410,3.6822
8411,3.6822
8412,3.6823
8413,3.6825
8414,3.6826
8415,3.6826
8416,3.6828
8417,3.683
8418,3.6831
8419,3.6831
8420,3.6833
8421,3.6834
8422,3.6836
8423,3.6836
8424,3.6838
8425,3.6839
8426,3.6841
8427,3.6841
8428,3.6842
8429,3.6844
8430,3.6846
8431,3.6846
8432,3.6847
8433,3.6849
8434,3.6849
8435,3.685
8436,3.6852
8437,3.6854
8438,3.6854
8439,3.6855
8440,3.6857
8441,3.6858
8442,3.6858
8443,3.686
8444,3.6861
8445,3.6863
8446,3.6863
8447,3.6865
8448,3.6866
8449,3.6868
8450,3.6868
8451,3.6869
8452,3.6871
8453,3.6871
8454,3.6873
8455,3.6874
8456,3.6876
8457,3.6877
8458,3.6877
8459,3.6879
8460,3.6881
8461,3.6882
8462,3.6882
8463,3.6884
8464,3.6885
8465,3.6887
8466,3.6887
8467,3.6888
8468,3.689
8469,3.6892
8470,3.6893
8471,3.6893
8472,3.6895
8473,3.6896
8474,3.6898
8475,3.6898
8476,3.69
8477,3.6901
8478,3.6903
8479,3.6904
8480,3.6904
8481,3.6906
8482,3.6908
8483,3.6909
8484,3.6909
8485,3.6911
8486,3.6912
8487,3.6914
8488,3.6915
8489,3.6915
8490,3.6917
8491,3.6919
8492,3.692
8493,3.692
8494,3.6922
8495,3.6923
8496,3.6925
8497,3.6927
8498,3.6928
8499,3.6928
8500,3.693
8501,3.6931
8502,3.6933
8503,3.6935
8504,3.6935
8505,3.6936
8506,3.6938
8507,3.6939
8508,3.6941
8509,3.6941
8510,3.6943
8511,3.6944
8512,3.6946
8513,3.6947
8514,3.6947
8515,3.6949
8516,3.695
8517,3.6952
8518,3.6954
8519,3.6954
8520,3.6955
8521,3.6957
8522,3.6958
8523,3.696
8524,3.6962
8525,3.6962
8526,3.6963
8527,3.6965
8528,3.6966
8529,3.6968
8530,3.6968
8531,3.697
8532,3.6971
8533,3.6973
8534,3.6974
8535,3.6974
8536,3.6976
8537,3.6977
8538,3.6979
8539,3.6981
8540,3.6982
8541,3.6982
8542,3.6984
8543,3.6985
8544,3.6987
8545,3.6989
8546,3.699
8547,3.699
8548,3.6992
8549,3.6993
8550,3.6995
8551,3.6997
8552,3.6998
8553,3.7
8554,3.7001
8555,3.7001
8556,3.7003
8557,3.7004
8558,3.7006
8559,3.7008
8560,3.7009
8561,3.7011
8562,3.7011
8563,3.7012
8564,3.7014
8565,3.7016
8566,3.7017
8567,3.7019
8568,3.7019
8569,3.702
8570,3.7022
8571,3.7024
8572,3.7025
8573,3.7027
8574,3.7028
8575,3.703
8576,3.7031
8577,3.7031
8578,3.7033
8579,3.7035
8580,3.7036
8581,3.7038
8582,3.7039
8583,3.7041
8584,3.7043
8585,3.7043
8586,3.7044
8587,3.7046
8588,3.7047
8589,3.7049
8590,3.7051
8591,3.7052
8592,3.7054
8593,3.7055
8594,3.7057
8595,3.7057
8596,3.7059
8597,3.706
8598,3.7062
8599,3.7063
8600,3.7065
8601,3.7066
8602,3.7068
8603,3.707
8604,3.7071
8605,3.7073
8606,3.7073
8607,3.7074
8608,3.7076
8609,3.7078
8610,3.7079
8611,3.7081
8612,3.7082
8613,3.7084
8614,3.7086
8615,3.7087
8616,3.7089
8617,3.709
8618,3.7092
8619,3.7093
8620,3.7093
8621,3.7095
8622,3.7097
8623,3.7098
8624,3.7098
8625,3.7098
8626,3.7098
8627,3.7098
8628,3.7098
8629,3.7098
8630,3.7098
8631,3.7098
8632,3.7098
8633,3.7098
8634,3.7098
8635,3.7098
8636,3.7098
8637,3.7098
8638,3.7098
8639,3.7098
8640,3.7098
8641,3.7098
8642,3.7098
8643,3.7098
8644,3.7098
8645,3.7098
8646,3.7098
8647,3.7098
8648,3.7098
8649,3.7098
8650,3.7098
8651,3.7098
8652,3.7098
8653,3.7098
8654,3.7098
8655,3.7098
8656,3.7098
8657,3.7098
8658,3.7098
8659,3.7098
8660,3.7098
8661,3.7098
8662,3.7098
8663,3.71
8664,3.7098
8665,3.7076
8666,3.7068
8667,3.7064
8668,3.7062
8669,3.706
8670,3.7059
8671,3.7057
8672,3.7057
8673,3.7056
8674,3.7056
8675,3.7054
8676,3.7054
8677,3.7052
8678,3.7052
8679,3.7051
8680,3.7051
8681,3.7049
8682,3.7049
8683,3.7048
8684,3.7048
8685,3.7046
8686,3.7046
8687,3.7046
8688,3.7046
8689,3.7044
8690,3.7044
8691,3.7044
8692,3.7044
8693,3.7044
8694,3.7043
8695,3.7043
8696,3.7043
8697,3.7043
8698,3.7043
8699,3.7043
8700,3.7041
8701,3.7041
8702,3.7041
8703,3.7041
8704,3.7041
8705,3.7041
8706,3.704
8707,3.704
8708,3.704
8709,3.704
8710,3.704
8711,3.704
8712,3.704
8713,3.704
8714,3.7038
8715,3.7038
8716,3.7038
8717,3.7038
8718,3.7038
8719,3.7038
8720,3.7038
8721,3.7038
8722,3.7038
8723,3.7038
8724,3.7038
8725,3.7038
8726,3.7038
8727,3.7038
8728,3.7038
8729,3.7038
8730,3.7037
8731,3.7038
8732,3.7037
8733,3.7038
8734,3.7037
8735,3.7037
8736,3.7037
8737,3.7037
8738,3.7037
8739,3.7037
8740,3.7037
8741,3.7037
8742,3.7037
8743,3.7037
8744,3.7037
8745,3.7037
8746,3.7037
8747,3.7037
8748,3.7037
8749,3.7037
8750,3.7037
8751,3.7037
8752,3.7037
8753,3.7037
8754,3.7037
8755,3.7037
8756,3.7037
8757,3.7037
8758,3.7037
8759,3.7037
8760,3.7037
8761,3.7037
8762,3.7037
8763,3.7037
8764,3.7037
8765,3.7037
8766,3.7037
8767,3.7037
8768,3.7037
8769,3.7037
8770,3.7037
8771,3.7037
8772,3.7035
8773,3.7035
8774,3.7035
8775,3.7035
8776,3.7035
8777,3.7035
8778,3.7035
8779,3.7035
8780,3.7035
8781,3.7035
8782,3.7035
8783,3.7035
8784,3.7035
8785,3.7035
8786,3.7035
8787,3.7035
8788,3.7035
8789,3.7035
8790,3.7035
8791,3.7035
8792,3.7035
8793,3.7035
8794,3.7035
8795,3.7035
8796,3.7035
8797,3.7035
8798,3.7035
8799,3.7035
8800,3.7035
8801,3.7035
8802,3.7035
8803,3.7035
8804,3.7035
8805,3.7035
8806,3.7035
8807,3.7035
8808,3.7035
8809,3.7035
8810,3.7035
8811,3.7035
8812,3.7035
8813,3.7035
8814,3.7033
8815,3.7035
8816,3.7035
8817,3.7035
8818,3.7035
8819,3.7035
8820,3.7035
8821,3.7035
8822,3.7033
8823,3.7033
8824,3.7035
8825,3.7035
8826,3.7033
8827,3.7033
8828,3.7033
8829,3.7033
8830,3.7033
8831,3.7033
8832,3.7033
8833,3.7033
8834,3.7033
8835,3.7033
8836,3.7033
8837,3.7033
8838,3.7033
8839,3.7033
8840,3.7033
8841,3.7033
8842,3.7033
8843,3.7033
8844,3.7033
8845,3.7033
