,voltage
0,3.4153
1,3.4153
2,3.4169
3,3.4169
4,3.4169
5,3.4169
6,3.4169
7,3.4169
8,3.4169
9,3.4169
10,3.4169
11,3.4169
12,3.4169
13,3.4169
14,3.4169
15,3.4169
16,3.4169
17,3.4169
18,3.4167
19,3.4169
20,3.4169
21,3.4169
22,3.4169
23,3.4169
24,3.4169
25,3.4169
26,3.4169
27,3.4169
28,3.4169
29,3.4169
30,3.4167
31,3.4169
32,3.4169
33,3.4167
34,3.4167
35,3.4169
36,3.4169
37,3.4169
38,3.4169
39,3.4169
40,3.4169
41,3.4167
42,3.4169
43,3.4169
44,3.4167
45,3.4167
46,3.4167
47,3.4169
48,3.4167
49,3.4169
50,3.4167
51,3.4167
52,3.4167
53,3.4167
54,3.4167
55,3.4169
56,3.4167
57,3.4167
58,3.4167
59,3.4167
60,3.4169
61,3.4169
62,3.4167
63,3.5033
64,3.6036
65,3.6233
66,3.6268
67,3.6279
68,3.6283
69,3.6283
70,3.6283
71,3.6282
72,3.628
73,3.6279
74,3.6279
75,3.6277
76,3.6277
77,3.6275
78,3.6275
79,3.6275
80,3.6275
81,3.6275
82,3.6275
83,3.6277
84,3.6277
85,3.6277
86,3.6279
87,3.6279
88,3.628
89,3.628
90,3.6282
91,3.6283
92,3.6283
93,3.6285
94,3.6287
95,3.6288
96,3.629
97,3.6291
98,3.6293
99,3.6293
100,3.6296
101,3.6296
102,3.6299
103,3.6301
104,3.6302
105,3.6304
106,3.6306
107,3.6307
108,3.6309
109,3.631
110,3.6314
111,3.6315
112,3.6317
113,3.6318
114,3.632
115,3.6323
116,3.6325
117,3.6326
118,3.6328
119,3.6329
120,3.6333
121,3.6334
122,3.6336
123,3.6337
124,3.6341
125,3.6342
126,3.6344
127,3.6345
128,3.6347
129,3.635
130,3.6352
131,3.6353
132,3.6355
133,3.6356
134,3.636
135,3.6361
136,3.6363
137,3.6364
138,3.6366
139,3.6368
140,3.6371
141,3.6372
142,3.6374
143,3.6376
144,3.6377
145,3.6379
146,3.6382
147,3.6383
148,3.6385
149,3.6387
150,3.6388
151,3.639
152,3.6391
153,3.6393
154,3.6396
155,3.6396
156,3.6399
157,3.6401
158,3.6403
159,3.6404
160,3.6406
161,3.6407
162,3.6409
163,3.641
164,3.6412
165,3.6414
166,3.6415
167,3.6417
168,3.6418
169,3.642
170,3.6422
171,3.6423
172,3.6425
173,3.6426
174,3.6428
175,3.643
176,3.6431
177,3.6433
178,3.6433
179,3.6434
180,3.6436
181,3.6437
182,3.6439
183,3.6441
184,3.6442
185,3.6444
186,3.6445
187,3.6447
188,3.6447
189,3.6449
190,3.645
191,3.6452
192,3.6453
193,3.6455
194,3.6457
195,3.6457
196,3.6458
197,3.646
198,3.6461
199,3.6463
200,3.6463
201,3.6464
202,3.6466
203,3.6468
204,3.6468
205,3.6469
206,3.6471
207,3.6472
208,3.6474
209,3.6474
210,3.6476
211,3.6477
212,3.6479
213,3.6479
214,3.648
215,3.6482
216,3.6482
217,3.6484
218,3.6485
219,3.6487
220,3.6487
221,3.6488
222,3.649
223,3.649
224,3.6491
225,3.6493
226,3.6493
227,3.6495
228,3.6496
229,3.6496
230,3.6498
231,3.6499
232,3.6499
233,3.6501
234,3.6503
235,3.6503
236,3.6504
237,3.6506
238,3.6506
239,3.6507
240,3.6507
241,3.6509
242,3.6511
243,3.6511
244,3.6512
245,3.6514
246,3.6514
247,3.6515
248,3.6515
249,3.6517
250,3.6518
251,3.6518
252,3.652
253,3.652
254,3.6522
255,3.6523
256,3.6523
257,3.6525
258,3.6525
259,3.6526
260,3.6526
261,3.6528
262,3.653
263,3.653
264,3.6531
265,3.6531
266,3.6533
267,3.6533
268,3.6534
269,3.6534
270,3.6536
271,3.6536
272,3.6538
273,3.6539
274,3.6539
275,3.6541
276,3.6541
277,3.6542
278,3.6542
279,3.6544
280,3.6544
281,3.6546
282,3.6546
283,3.6547
284,3.6547
285,3.6549
286,3.655
287,3.655
288,3.6552
289,3.6552
290,3.6552
291,3.6553
292,3.6555
293,3.6555
294,3.6557
295,3.6557
296,3.6558
297,3.6558
298,3.6558
299,3.656
300,3.6561
301,3.6561
302,3.6563
303,3.6563
304,3.6565
305,3.6565
306,3.6566
307,3.6566
308,3.6566
309,3.6568
310,3.6568
311,3.6569
312,3.6569
313,3.6571
314,3.6571
315,3.6573
316,3.6573
317,3.6574
318,3.6574
319,3.6576
320,3.6576
321,3.6577
322,3.6577
323,3.6579
324,3.6579
325,3.6579
326,3.658
327,3.6582
328,3.6582
329,3.6582
330,3.6584
331,3.6584
332,3.6585
333,3.6585
334,3.6587
335,3.6587
336,3.6588
337,3.6588
338,3.6588
339,3.659
340,3.659
341,3.6592
342,3.6592
343,3.6593
344,3.6593
345,3.6595
346,3.6595
347,3.6595
348,3.6596
349,3.6596
350,3.6598
351,3.6598
352,3.66
353,3.66
354,3.6601
355,3.6601
356,3.6601
357,3.6603
358,3.6603
359,3.6604
360,3.6604
361,3.6606
362,3.6606
363,3.6606
364,3.6607
365,3.6607
366,3.6609
367,3.6609
368,3.6611
369,3.6611
370,3.6612
371,3.6612
372,3.6612
373,3.6614
374,3.6614
375,3.6615
376,3.6615
377,3.6617
378,3.6617
379,3.6617
380,3.6619
381,3.6619
382,3.662
383,3.662
384,3.6622
385,3.6622
386,3.6622
387,3.6623
388,3.6623
389,3.6623
390,3.6625
391,3.6625
392,3.6627
393,3.6627
394,3.6628
395,3.6628
396,3.6628
397,3.663
398,3.663
399,3.6631
400,3.6631
401,3.6633
402,3.6633
403,3.6633
404,3.6634
405,3.6634
406,3.6636
407,3.6636
408,3.6636
409,3.6638
410,3.6638
411,3.6639
412,3.6639
413,3.6639
414,3.6641
415,3.6641
416,3.6642
417,3.6642
418,3.6644
419,3.6644
420,3.6644
421,3.6646
422,3.6646
423,3.6647
424,3.6647
425,3.6647
426,3.6649
427,3.6649
428,3.665
429,3.665
430,3.6652
431,3.6652
432,3.6652
433,3.6654
434,3.6654
435,3.6654
436,3.6655
437,3.6655
438,3.6657
439,3.6657
440,3.6657
441,3.6658
442,3.6658
443,3.666
444,3.666
445,3.6661
446,3.6661
447,3.6661
448,3.6663
449,3.6663
450,3.6665
451,3.6665
452,3.6665
453,3.6666
454,3.6666
455,3.6666
456,3.6668
457,3.6668
458,3.6669
459,3.6669
460,3.6671
461,3.6671
462,3.6671
463,3.6673
464,3.6673
465,3.6674
466,3.6674
467,3.6674
468,3.6676
469,3.6676
470,3.6676
471,3.6677
472,3.6677
473,3.6679
474,3.6679
475,3.6679
476,3.6681
477,3.6681
478,3.6682
479,3.6682
480,3.6682
481,3.6684
482,3.6684
483,3.6685
484,3.6685
485,3.6685
486,3.6687
487,3.6687
488,3.6688
489,3.6688
490,3.6688
491,3.669
492,3.669
493,3.6692
494,3.6692
495,3.6692
496,3.6693
497,3.6693
498,3.6693
499,3.6695
500,3.6695
501,3.6696
502,3.6696
503,3.6698
504,3.6698
505,3.6698
506,3.67
507,3.67
508,3.67
509,3.6701
510,3.6701
511,3.6703
512,3.6703
513,3.6703
514,3.6704
515,3.6704
516,3.6706
517,3.6706
518,3.6706
519,3.6708
520,3.6708
521,3.6708
522,3.6709
523,3.6709
524,3.6711
525,3.6711
526,3.6712
527,3.6712
528,3.6712
529,3.6714
530,3.6714
531,3.6715
532,3.6715
533,3.6715
534,3.6717
535,3.6717
536,3.6717
537,3.6719
538,3.6719
539,3.672
540,3.672
541,3.672
542,3.6722
543,3.6722
544,3.6722
545,3.6723
546,3.6723
547,3.6725
548,3.6725
549,3.6727
550,3.6727
551,3.6727
552,3.6728
553,3.6728
554,3.6728
555,3.673
556,3.673
557,3.6731
558,3.6731
559,3.6731
560,3.6733
561,3.6733
562,3.6735
563,3.6735
564,3.6735
565,3.6736
566,3.6736
567,3.6736
568,3.6738
569,3.6738
570,3.6739
571,3.6739
572,3.6739
573,3.6741
574,3.6741
575,3.6742
576,3.6742
577,3.6744
578,3.6744
579,3.6744
580,3.6746
581,3.6746
582,3.6746
583,3.6747
584,3.6747
585,3.6749
586,3.6749
587,3.6749
588,3.675
589,3.675
590,3.6752
591,3.6752
592,3.6752
593,3.6754
594,3.6754
595,3.6754
596,3.6755
597,3.6755
598,3.6757
599,3.6757
600,3.6757
601,3.6758
602,3.6758
603,3.676
604,3.676
605,3.676
606,3.6762
607,3.6762
608,3.6763
609,3.6763
610,3.6763
611,3.6765
612,3.6765
613,3.6766
614,3.6766
615,3.6766
616,3.6768
617,3.6768
618,3.6769
619,3.6769
620,3.6769
621,3.6771
622,3.6771
623,3.6773
624,3.6773
625,3.6773
626,3.6774
627,3.6774
628,3.6774
629,3.6776
630,3.6776
631,3.6777
632,3.6777
633,3.6779
634,3.6779
635,3.6779
636,3.6781
637,3.6781
638,3.6781
639,3.6782
640,3.6782
641,3.6784
642,3.6784
643,3.6784
644,3.6785
645,3.6785
646,3.6787
647,3.6787
648,3.6787
649,3.6789
650,3.6789
651,3.6789
652,3.679
653,3.679
654,3.6792
655,3.6792
656,3.6793
657,3.6793
658,3.6793
659,3.6795
660,3.6795
661,3.6795
662,3.6796
663,3.6796
664,3.6798
665,3.6798
666,3.6798
667,3.68
668,3.68
669,3.6801
670,3.6801
671,3.6801
672,3.6803
673,3.6803
674,3.6804
675,3.6804
676,3.6804
677,3.6806
678,3.6806
679,3.6808
680,3.6808
681,3.6808
682,3.6809
683,3.6809
684,3.6811
685,3.6811
686,3.6812
687,3.6812
688,3.6812
689,3.6814
690,3.6814
691,3.6814
692,3.6816
693,3.6816
694,3.6817
695,3.6817
696,3.6819
697,3.6819
698,3.6819
699,3.682
700,3.682
701,3.6822
702,3.6822
703,3.6822
704,3.6823
705,3.6823
706,3.6825
707,3.6825
708,3.6825
709,3.6827
710,3.6827
711,3.6828
712,3.6828
713,3.6828
714,3.683
715,3.683
716,3.683
717,3.6831
718,3.6831
719,3.6833
720,3.6833
721,3.6835
722,3.6835
723,3.6835
724,3.6836
725,3.6836
726,3.6838
727,3.6838
728,3.6838
729,3.6839
730,3.6839
731,3.6841
732,3.6841
733,3.6843
734,3.6843
735,3.6843
736,3.6844
737,3.6844
738,3.6846
739,3.6846
740,3.6846
741,3.6847
742,3.6847
743,3.6849
744,3.6849
745,3.6851
746,3.6851
747,3.6851
748,3.6852
749,3.6852
750,3.6854
751,3.6854
752,3.6854
753,3.6855
754,3.6855
755,3.6857
756,3.6857
757,3.6858
758,3.6858
759,3.6858
760,3.686
761,3.686
762,3.6862
763,3.6862
764,3.6862
765,3.6863
766,3.6863
767,3.6865
768,3.6865
769,3.6866
770,3.6866
771,3.6866
772,3.6868
773,3.6868
774,3.687
775,3.687
776,3.687
777,3.6871
778,3.6871
779,3.6873
780,3.6873
781,3.6874
782,3.6874
783,3.6874
784,3.6876
785,3.6876
786,3.6878
787,3.6878
788,3.6879
789,3.6879
790,3.6879
791,3.6881
792,3.6881
793,3.6882
794,3.6882
795,3.6884
796,3.6884
797,3.6885
798,3.6885
799,3.6885
800,3.6887
801,3.6887
802,3.6889
803,3.6889
804,3.689
805,3.689
806,3.689
807,3.6892
808,3.6892
809,3.6893
810,3.6893
811,3.6893
812,3.6895
813,3.6895
814,3.6897
815,3.6897
816,3.6898
817,3.6898
818,3.6898
819,3.69
820,3.69
821,3.6901
822,3.6901
823,3.6903
824,3.6903
825,3.6905
826,3.6905
827,3.6905
828,3.6906
829,3.6906
830,3.6908
831,3.6908
832,3.6909
833,3.6909
834,3.6909
835,3.6911
836,3.6911
837,3.6912
838,3.6912
839,3.6914
840,3.6914
841,3.6914
842,3.6916
843,3.6916
844,3.6917
845,3.6917
846,3.6919
847,3.6919
848,3.692
849,3.692
850,3.692
851,3.6922
852,3.6922
853,3.6924
854,3.6924
855,3.6925
856,3.6925
857,3.6925
858,3.6927
859,3.6927
860,3.6928
861,3.6928
862,3.693
863,3.693
864,3.6932
865,3.6932
866,3.6933
867,3.6933
868,3.6933
869,3.6935
870,3.6935
871,3.6936
872,3.6936
873,3.6938
874,3.6938
875,3.6939
876,3.6939
877,3.6939
878,3.6941
879,3.6941
880,3.6943
881,3.6943
882,3.6944
883,3.6944
884,3.6946
885,3.6946
886,3.6947
887,3.6947
888,3.6947
889,3.6949
890,3.6949
891,3.6951
892,3.6951
893,3.6951
894,3.6952
895,3.6952
896,3.6954
897,3.6954
898,3.6955
899,3.6955
900,3.6957
901,3.6957
902,3.6959
903,3.6959
904,3.696
905,3.696
906,3.696
907,3.6962
908,3.6962
909,3.6963
910,3.6963
911,3.6965
912,3.6965
913,3.6966
914,3.6966
915,3.6966
916,3.6968
917,3.6968
918,3.697
919,3.697
920,3.6971
921,3.6971
922,3.6973
923,3.6973
924,3.6974
925,3.6974
926,3.6974
927,3.6976
928,3.6978
929,3.6978
930,3.6978
931,3.6979
932,3.6979
933,3.6981
934,3.6981
935,3.6981
936,3.6982
937,3.6984
938,3.6984
939,3.6984
940,3.6986
941,3.6986
942,3.6987
943,3.6987
944,3.6989
945,3.6989
946,3.699
947,3.699
948,3.6992
949,3.6992
950,3.6993
951,3.6993
952,3.6995
953,3.6995
954,3.6995
955,3.6997
956,3.6997
957,3.6998
958,3.6998
959,3.7
960,3.7
961,3.7001
962,3.7001
963,3.7003
964,3.7003
965,3.7005
966,3.7005
967,3.7006
968,3.7006
969,3.7008
970,3.7008
971,3.7008
972,3.7009
973,3.7009
974,3.7011
975,3.7011
976,3.7013
977,3.7013
978,3.7014
979,3.7014
980,3.7016
981,3.7016
982,3.7017
983,3.7017
984,3.7019
985,3.7019
986,3.7019
987,3.702
988,3.702
989,3.7022
990,3.7022
991,3.7024
992,3.7024
993,3.7025
994,3.7025
995,3.7027
996,3.7027
997,3.7028
998,3.7028
999,3.703
1000,3.703
1001,3.7032
1002,3.7032
1003,3.7033
1004,3.7033
1005,3.7035
1006,3.7035
1007,3.7035
1008,3.7036
1009,3.7036
1010,3.7038
1011,3.7038
1012,3.704
1013,3.704
1014,3.7041
1015,3.7041
1016,3.7043
1017,3.7043
1018,3.7044
1019,3.7044
1020,3.7046
1021,3.7046
1022,3.7047
1023,3.7047
1024,3.7049
1025,3.7049
1026,3.7051
1027,3.7051
1028,3.7052
1029,3.7052
1030,3.7054
1031,3.7054
1032,3.7054
1033,3.7055
1034,3.7057
1035,3.7057
1036,3.7057
1037,3.7059
1038,3.7059
1039,3.706
1040,3.706
1041,3.7062
1042,3.7062
1043,3.7063
1044,3.7063
1045,3.7065
1046,3.7065
1047,3.7067
1048,3.7067
1049,3.7068
1050,3.7068
1051,3.707
1052,3.707
1053,3.7071
1054,3.7071
1055,3.7073
1056,3.7073
1057,3.7074
1058,3.7074
1059,3.7076
1060,3.7076
1061,3.7078
1062,3.7078
1063,3.7078
1064,3.7079
1065,3.7081
1066,3.7081
1067,3.7082
1068,3.7082
1069,3.7082
1070,3.7084
1071,3.7086
1072,3.7086
1073,3.7086
1074,3.7087
1075,3.7087
1076,3.7089
1077,3.709
1078,3.709
1079,3.7092
1080,3.7092
1081,3.7092
1082,3.7094
1083,3.7095
1084,3.7095
1085,3.7095
1086,3.7097
1087,3.7098
1088,3.7098
1089,3.7098
1090,3.71
1091,3.71
1092,3.7101
1093,3.7101
1094,3.7103
1095,3.7103
1096,3.7105
1097,3.7105
1098,3.7106
1099,3.7106
1100,3.7108
1101,3.7108
1102,3.7109
1103,3.7109
1104,3.7111
1105,3.7111
1106,3.7113
1107,3.7113
1108,3.7114
1109,3.7114
1110,3.7116
1111,3.7116
1112,3.7117
1113,3.7117
1114,3.7119
1115,3.7119
1116,3.7121
1117,3.7121
1118,3.7122
1119,3.7122
1120,3.7124
1121,3.7124
1122,3.7125
1123,3.7125
1124,3.7127
1125,3.7127
1126,3.7128
1127,3.7128
1128,3.713
1129,3.713
1130,3.7132
1131,3.7132
1132,3.7133
1133,3.7133
1134,3.7135
1135,3.7135
1136,3.7136
1137,3.7136
1138,3.7138
1139,3.7138
1140,3.714
1141,3.714
1142,3.7141
1143,3.7141
1144,3.7143
1145,3.7143
1146,3.7144
1147,3.7144
1148,3.7146
1149,3.7146
1150,3.7148
1151,3.7148
1152,3.7149
1153,3.7149
1154,3.7151
1155,3.7151
1156,3.7152
1157,3.7152
1158,3.7154
1159,3.7154
1160,3.7156
1161,3.7156
1162,3.7157
1163,3.7157
1164,3.7159
1165,3.7159
1166,3.716
1167,3.716
1168,3.7162
1169,3.7162
1170,3.7163
1171,3.7163
1172,3.7165
1173,3.7165
1174,3.7167
1175,3.7167
1176,3.7168
1177,3.7168
1178,3.717
1179,3.717
1180,3.7171
1181,3.7171
1182,3.7173
1183,3.7173
1184,3.7175
1185,3.7175
1186,3.7176
1187,3.7176
1188,3.7178
1189,3.7179
1190,3.7179
1191,3.7181
1192,3.7181
1193,3.7183
1194,3.7183
1195,3.7184
1196,3.7184
1197,3.7186
1198,3.7186
1199,3.7186
1200,3.7187
1201,3.7189
1202,3.7189
1203,3.719
1204,3.719
1205,3.7192
1206,3.7192
1207,3.7194
1208,3.7194
1209,3.7195
1210,3.7195
1211,3.7197
1212,3.7197
1213,3.7198
1214,3.7198
1215,3.72
1216,3.72
1217,3.7202
1218,3.7202
1219,3.7203
1220,3.7203
1221,3.7205
1222,3.7205
1223,3.7206
1224,3.7206
1225,3.7208
1226,3.7208
1227,3.721
1228,3.721
1229,3.7211
1230,3.7213
1231,3.7213
1232,3.7214
1233,3.7214
1234,3.7216
1235,3.7216
1236,3.7217
1237,3.7217
1238,3.7219
1239,3.7219
1240,3.7221
1241,3.7221
1242,3.7222
1243,3.7222
1244,3.7224
1245,3.7224
1246,3.7225
1247,3.7225
1248,3.7227
1249,3.7227
1250,3.7229
1251,3.723
1252,3.723
1253,3.7232
1254,3.7232
1255,3.7232
1256,3.7233
1257,3.7235
1258,3.7235
1259,3.7237
1260,3.7237
1261,3.7238
1262,3.7238
1263,3.724
1264,3.724
1265,3.7241
1266,3.7241
1267,3.7243
1268,3.7243
1269,3.7244
1270,3.7244
1271,3.7246
1272,3.7246
1273,3.7248
1274,3.7248
1275,3.7249
1276,3.7251
1277,3.7251
1278,3.7252
1279,3.7252
1280,3.7254
1281,3.7254
1282,3.7256
1283,3.7256
1284,3.7257
1285,3.7257
1286,3.7259
1287,3.7259
1288,3.726
1289,3.7262
1290,3.7262
1291,3.7262
1292,3.7264
1293,3.7265
1294,3.7265
1295,3.7267
1296,3.7267
1297,3.7268
1298,3.7268
1299,3.727
1300,3.727
1301,3.7271
1302,3.7273
1303,3.7273
1304,3.7275
1305,3.7275
1306,3.7276
1307,3.7276
1308,3.7278
1309,3.7278
1310,3.7279
1311,3.7279
1312,3.7281
1313,3.7283
1314,3.7283
1315,3.7284
1316,3.7284
1317,3.7286
1318,3.7286
1319,3.7287
1320,3.7287
1321,3.7289
1322,3.7289
1323,3.7291
1324,3.7291
1325,3.7292
1326,3.7294
1327,3.7294
1328,3.7295
1329,3.7295
1330,3.7297
1331,3.7297
1332,3.7298
1333,3.73
1334,3.73
1335,3.7302
1336,3.7302
1337,3.7303
1338,3.7303
1339,3.7305
1340,3.7305
1341,3.7306
1342,3.7306
1343,3.7308
1344,3.731
1345,3.731
1346,3.7311
1347,3.7311
1348,3.7313
1349,3.7313
1350,3.7314
1351,3.7316
1352,3.7316
1353,3.7318
1354,3.7318
1355,3.7319
1356,3.7319
1357,3.7321
1358,3.7322
1359,3.7322
1360,3.7324
1361,3.7324
1362,3.7325
1363,3.7325
1364,3.7327
1365,3.7327
1366,3.7329
1367,3.733
1368,3.733
1369,3.7332
1370,3.7332
1371,3.7333
1372,3.7335
1373,3.7335
1374,3.7337
1375,3.7337
1376,3.7338
1377,3.7338
1378,3.734
1379,3.7341
1380,3.7341
1381,3.7343
1382,3.7343
1383,3.7345
1384,3.7345
1385,3.7346
1386,3.7348
1387,3.7348
1388,3.7349
1389,3.7349
1390,3.7351
1391,3.7352
1392,3.7352
1393,3.7354
1394,3.7354
1395,3.7356
1396,3.7356
1397,3.7357
1398,3.7359
1399,3.7359
1400,3.736
1401,3.736
1402,3.7362
1403,3.7362
1404,3.7364
1405,3.7365
1406,3.7365
1407,3.7367
1408,3.7368
1409,3.7368
1410,3.737
1411,3.737
1412,3.7372
1413,3.7372
1414,3.7373
1415,3.7375
1416,3.7375
1417,3.7376
1418,3.7376
1419,3.7378
1420,3.7379
1421,3.7379
1422,3.7381
1423,3.7383
1424,3.7383
1425,3.7384
1426,3.7384
1427,3.7386
1428,3.7387
1429,3.7387
1430,3.7389
1431,3.7389
1432,3.7391
1433,3.7392
1434,3.7392
1435,3.7394
1436,3.7395
1437,3.7395
1438,3.7397
1439,3.7397
1440,3.7399
1441,3.74
1442,3.74
1443,3.7402
1444,3.7402
1445,3.7403
1446,3.7405
1447,3.7405
1448,3.7406
1449,3.7408
1450,3.7408
1451,3.741
1452,3.7411
1453,3.7411
1454,3.7413
1455,3.7413
1456,3.7414
1457,3.7416
1458,3.7416
1459,3.7418
1460,3.7418
1461,3.7419
1462,3.7421
1463,3.7421
1464,3.7422
1465,3.7424
1466,3.7424
1467,3.7426
1468,3.7427
1469,3.7427
1470,3.7429
1471,3.743
1472,3.743
1473,3.7432
1474,3.7433
1475,3.7433
1476,3.7435
1477,3.7435
1478,3.7437
1479,3.7438
1480,3.7438
1481,3.744
1482,3.7441
1483,3.7441
1484,3.7443
1485,3.7445
1486,3.7445
1487,3.7446
1488,3.7448
1489,3.7448
1490,3.7449
1491,3.7451
1492,3.7451
1493,3.7453
1494,3.7453
1495,3.7454
1496,3.7456
1497,3.7457
1498,3.7457
1499,3.7459
1500,3.746
1501,3.746
1502,3.7462
1503,3.7464
1504,3.7464
1505,3.7465
1506,3.7467
1507,3.7467
1508,3.7468
1509,3.747
1510,3.747
1511,3.7472
1512,3.7473
1513,3.7473
1514,3.7475
1515,3.7476
1516,3.7476
1517,3.7478
1518,3.748
1519,3.748
1520,3.7481
1521,3.7483
1522,3.7483
1523,3.7484
1524,3.7486
1525,3.7486
1526,3.7488
1527,3.7489
1528,3.7491
1529,3.7491
1530,3.7492
1531,3.7494
1532,3.7494
1533,3.7495
1534,3.7497
1535,3.7497
1536,3.7499
1537,3.75
1538,3.7502
1539,3.7502
1540,3.7503
1541,3.7505
1542,3.7505
1543,3.7507
1544,3.7508
1545,3.751
1546,3.751
1547,3.7511
1548,3.7513
1549,3.7513
1550,3.7515
1551,3.7516
1552,3.7518
1553,3.7518
1554,3.7519
1555,3.7521
1556,3.7521
1557,3.7522
1558,3.7524
1559,3.7524
1560,3.7526
1561,3.7527
1562,3.7529
1563,3.7529
1564,3.753
1565,3.7532
1566,3.7534
1567,3.7534
1568,3.7535
1569,3.7537
1570,3.7538
1571,3.7538
1572,3.754
1573,3.7542
1574,3.7542
1575,3.7543
1576,3.7545
1577,3.7546
1578,3.7546
1579,3.7548
1580,3.7549
1581,3.7551
1582,3.7551
1583,3.7553
1584,3.7554
1585,3.7556
1586,3.7556
1587,3.7557
1588,3.7559
1589,3.7561
1590,3.7561
1591,3.7562
1592,3.7564
1593,3.7565
1594,3.7565
1595,3.7567
1596,3.7569
1597,3.7569
1598,3.757
1599,3.7572
1600,3.7573
1601,3.7575
1602,3.7575
1603,3.7576
1604,3.7578
1605,3.758
1606,3.7581
1607,3.7581
1608,3.7583
1609,3.7584
1610,3.7586
1611,3.7586
1612,3.7588
1613,3.7589
1614,3.7591
1615,3.7591
1616,3.7592
1617,3.7594
1618,3.7596
1619,3.7597
1620,3.7597
1621,3.7599
1622,3.76
1623,3.7602
1624,3.7603
1625,3.7603
1626,3.7605
1627,3.7607
1628,3.7608
1629,3.7608
1630,3.761
1631,3.7611
1632,3.7613
1633,3.7615
1634,3.7615
1635,3.7616
1636,3.7618
1637,3.7619
1638,3.7621
1639,3.7621
1640,3.7623
1641,3.7624
1642,3.7626
1643,3.7627
1644,3.7627
1645,3.7629
1646,3.763
1647,3.7632
1648,3.7634
1649,3.7634
1650,3.7635
1651,3.7637
1652,3.7638
1653,3.764
1654,3.764
1655,3.7642
1656,3.7643
1657,3.7645
1658,3.7646
1659,3.7648
1660,3.7648
1661,3.765
1662,3.7651
1663,3.7653
1664,3.7654
1665,3.7654
1666,3.7656
1667,3.7657
1668,3.7659
1669,3.7661
1670,3.7662
1671,3.7662
1672,3.7664
1673,3.7665
1674,3.7667
1675,3.7669
1676,3.7669
1677,3.767
1678,3.7672
1679,3.7673
1680,3.7675
1681,3.7677
1682,3.7678
1683,3.768
1684,3.768
1685,3.7681
1686,3.7683
1687,3.7684
1688,3.7686
1689,3.7688
1690,3.7689
1691,3.7689
1692,3.7691
1693,3.7692
1694,3.7694
1695,3.7696
1696,3.7697
1697,3.7697
1698,3.7699
1699,3.77
1700,3.7702
1701,3.7704
1702,3.7705
1703,3.7707
1704,3.7707
1705,3.7708
1706,3.771
1707,3.7711
1708,3.7713
1709,3.7715
1710,3.7716
1711,3.7716
1712,3.7718
1713,3.7719
1714,3.7721
1715,3.7723
1716,3.7724
1717,3.7726
1718,3.7727
1719,3.7729
1720,3.7729
1721,3.7731
1722,3.7732
1723,3.7734
1724,3.7735
1725,3.7737
1726,3.7738
1727,3.7738
1728,3.774
1729,3.7742
1730,3.7743
1731,3.7745
1732,3.7746
1733,3.7748
1734,3.775
1735,3.7751
1736,3.7753
1737,3.7753
1738,3.7754
1739,3.7756
1740,3.7758
1741,3.7759
1742,3.7761
1743,3.7762
1744,3.7764
1745,3.7764
1746,3.7766
1747,3.7767
1748,3.7769
1749,3.777
1750,3.7772
1751,3.7773
1752,3.7775
1753,3.7777
1754,3.7778
1755,3.778
1756,3.778
1757,3.7781
1758,3.7783
1759,3.7785
1760,3.7786
1761,3.7788
1762,3.7789
1763,3.7791
1764,3.7793
1765,3.7794
1766,3.7796
1767,3.7797
1768,3.7797
1769,3.7799
1770,3.78
1771,3.7802
1772,3.7804
1773,3.7805
1774,3.7807
1775,3.7808
1776,3.781
1777,3.7812
1778,3.7813
1779,3.7815
1780,3.7816
1781,3.7816
1782,3.7818
1783,3.782
1784,3.7821
1785,3.7823
1786,3.7824
1787,3.7826
1788,3.7827
1789,3.7829
1790,3.7831
1791,3.7832
1792,3.7834
1793,3.7835
1794,3.7837
1795,3.7839
1796,3.7839
1797,3.7842
1798,3.7842
1799,3.7843
1800,3.7845
1801,3.7847
1802,3.7848
1803,3.785
1804,3.7851
1805,3.7853
1806,3.7854
1807,3.7856
1808,3.7858
1809,3.7859
1810,3.7861
1811,3.7862
1812,3.7864
1813,3.7866
1814,3.7867
1815,3.7869
1816,3.787
1817,3.7872
1818,3.7874
1819,3.7874
1820,3.7875
1821,3.7877
1822,3.7878
1823,3.788
1824,3.7881
1825,3.7883
1826,3.7885
1827,3.7886
1828,3.7888
1829,3.7889
1830,3.7891
1831,3.7893
1832,3.7894
1833,3.7896
1834,3.7897
1835,3.7899
1836,3.7901
1837,3.7902
1838,3.7904
1839,3.7905
1840,3.7907
1841,3.7908
1842,3.791
1843,3.7912
1844,3.7913
1845,3.7915
1846,3.7916
1847,3.7918
1848,3.792
1849,3.7921
1850,3.7923
1851,3.7924
1852,3.7926
1853,3.7928
1854,3.7929
1855,3.7931
1856,3.7932
1857,3.7934
1858,3.7935
1859,3.7937
1860,3.7939
1861,3.794
1862,3.7942
1863,3.7943
1864,3.7945
1865,3.7947
1866,3.7948
1867,3.795
1868,3.7951
1869,3.7953
1870,3.7955
1871,3.7956
1872,3.7958
1873,3.7959
1874,3.7961
1875,3.7962
1876,3.7964
1877,3.7966
1878,3.7967
1879,3.7969
1880,3.797
1881,3.7972
1882,3.7974
1883,3.7975
1884,3.7977
1885,3.7978
1886,3.798
1887,3.7982
1888,3.7983
1889,3.7985
1890,3.7986
1891,3.7988
1892,3.7989
1893,3.7993
1894,3.7993
1895,3.7994
1896,3.7996
1897,3.7999
1898,3.8001
1899,3.8002
1900,3.8004
1901,3.8005
1902,3.8007
1903,3.8009
1904,3.801
1905,3.8012
1906,3.8013
1907,3.8015
1908,3.8016
1909,3.8018
1910,3.802
1911,3.8021
1912,3.8023
1913,3.8024
1914,3.8026
1915,3.8028
1916,3.8029
1917,3.8032
1918,3.8034
1919,3.8036
1920,3.8037
1921,3.8039
1922,3.804
1923,3.8042
1924,3.8043
1925,3.8045
1926,3.8047
1927,3.8048
1928,3.805
1929,3.8051
1930,3.8053
1931,3.8055
1932,3.8058
1933,3.8059
1934,3.8061
1935,3.8063
1936,3.8064
1937,3.8066
1938,3.8067
1939,3.8069
1940,3.807
1941,3.8072
1942,3.8074
1943,3.8077
1944,3.8078
1945,3.808
1946,3.8082
1947,3.8083
1948,3.8085
1949,3.8086
1950,3.8088
1951,3.809
1952,3.8093
1953,3.8094
1954,3.8096
1955,3.8098
1956,3.8099
1957,3.8101
1958,3.8102
1959,3.8104
1960,3.8105
1961,3.8109
1962,3.811
1963,3.8112
1964,3.8113
1965,3.8115
1966,3.8117
1967,3.8118
1968,3.812
1969,3.8123
1970,3.8125
1971,3.8126
1972,3.8128
1973,3.8129
1974,3.8131
1975,3.8132
1976,3.8134
1977,3.8137
1978,3.8139
1979,3.814
1980,3.8142
1981,3.8144
1982,3.8145
1983,3.8148
1984,3.815
1985,3.8152
1986,3.8153
1987,3.8155
1988,3.8156
1989,3.8158
1990,3.8161
1991,3.8163
1992,3.8164
1993,3.8166
1994,3.8167
1995,3.8169
1996,3.8172
1997,3.8174
1998,3.8175
1999,3.8177
2000,3.8179
2001,3.818
2002,3.8183
2003,3.8185
2004,3.8186
2005,3.8188
2006,3.819
2007,3.8193
2008,3.8194
2009,3.8196
2010,3.8198
2011,3.8199
2012,3.8202
2013,3.8204
2014,3.8206
2015,3.8207
2016,3.8209
2017,3.8212
2018,3.8213
2019,3.8215
2020,3.8217
2021,3.8218
2022,3.8221
2023,3.8223
2024,3.8225
2025,3.8226
2026,3.8229
2027,3.8231
2028,3.8233
2029,3.8234
2030,3.8236
2031,3.8239
2032,3.824
2033,3.8242
2034,3.8244
2035,3.8247
2036,3.8248
2037,3.825
2038,3.8252
2039,3.8255
2040,3.8256
2041,3.8258
2042,3.826
2043,3.8263
2044,3.8264
2045,3.8266
2046,3.8267
2047,3.8271
2048,3.8272
2049,3.8274
2050,3.8275
2051,3.8279
2052,3.828
2053,3.8282
2054,3.8283
2055,3.8287
2056,3.8288
2057,3.829
2058,3.8293
2059,3.8294
2060,3.8296
2061,3.8298
2062,3.8301
2063,3.8302
2064,3.8304
2065,3.8307
2066,3.8309
2067,3.831
2068,3.8312
2069,3.8315
2070,3.8317
2071,3.8318
2072,3.8321
2073,3.8323
2074,3.8325
2075,3.8326
2076,3.8329
2077,3.8331
2078,3.8333
2079,3.8336
2080,3.8337
2081,3.8339
2082,3.8342
2083,3.8344
2084,3.8345
2085,3.8349
2086,3.835
2087,3.8352
2088,3.8355
2089,3.8356
2090,3.8358
2091,3.8361
2092,3.8363
2093,3.8364
2094,3.8368
2095,3.8369
2096,3.8371
2097,3.8374
2098,3.8376
2099,3.8377
2100,3.838
2101,3.8382
2102,3.8385
2103,3.8387
2104,3.8388
2105,3.8391
2106,3.8393
2107,3.8395
2108,3.8398
2109,3.8399
2110,3.8401
2111,3.8404
2112,3.8406
2113,3.8409
2114,3.841
2115,3.8412
2116,3.8415
2117,3.8417
2118,3.842
2119,3.8422
2120,3.8423
2121,3.8426
2122,3.8428
2123,3.843
2124,3.8433
2125,3.8434
2126,3.8437
2127,3.8439
2128,3.8441
2129,3.8444
2130,3.8445
2131,3.8449
2132,3.845
2133,3.8452
2134,3.8455
2135,3.8457
2136,3.846
2137,3.8461
2138,3.8464
2139,3.8466
2140,3.8468
2141,3.8471
2142,3.8472
2143,3.8476
2144,3.8477
2145,3.8479
2146,3.8482
2147,3.8484
2148,3.8487
2149,3.8488
2150,3.8491
2151,3.8493
2152,3.8495
2153,3.8498
2154,3.8499
2155,3.8503
2156,3.8504
2157,3.8507
2158,3.8509
2159,3.8512
2160,3.8514
2161,3.8515
2162,3.8518
2163,3.852
2164,3.8523
2165,3.8525
2166,3.8528
2167,3.853
2168,3.8533
2169,3.8534
2170,3.8538
2171,3.8539
2172,3.8542
2173,3.8544
2174,3.8545
2175,3.8549
2176,3.855
2177,3.8553
2178,3.8555
2179,3.8558
2180,3.856
2181,3.8563
2182,3.8565
2183,3.8568
2184,3.8569
2185,3.8572
2186,3.8574
2187,3.8577
2188,3.8579
2189,3.8582
2190,3.8584
2191,3.8585
2192,3.8588
2193,3.859
2194,3.8593
2195,3.8595
2196,3.8598
2197,3.8599
2198,3.8603
2199,3.8604
2200,3.8607
2201,3.8609
2202,3.8612
2203,3.8614
2204,3.8617
2205,3.8619
2206,3.8622
2207,3.8623
2208,3.8626
2209,3.8628
2210,3.8631
2211,3.8633
2212,3.8636
2213,3.8638
2214,3.8641
2215,3.8642
2216,3.8646
2217,3.8647
2218,3.865
2219,3.8652
2220,3.8655
2221,3.8657
2222,3.866
2223,3.8661
2224,3.8665
2225,3.8666
2226,3.8669
2227,3.8671
2228,3.8674
2229,3.8676
2230,3.8679
2231,3.868
2232,3.8684
2233,3.8685
2234,3.8688
2235,3.869
2236,3.8693
2237,3.8695
2238,3.8698
2239,3.87
2240,3.8703
2241,3.8704
2242,3.8708
2243,3.8709
2244,3.8712
2245,3.8714
2246,3.8717
2247,3.8719
2248,3.8722
2249,3.8723
2250,3.8727
2251,3.8728
2252,3.8731
2253,3.8733
2254,3.8736
2255,3.8738
2256,3.8741
2257,3.8742
2258,3.8746
2259,3.8747
2260,3.875
2261,3.8752
2262,3.8755
2263,3.8757
2264,3.876
2265,3.8762
2266,3.8765
2267,3.8768
2268,3.8769
2269,3.8773
2270,3.8774
2271,3.8776
2272,3.8779
2273,3.8781
2274,3.8784
2275,3.8785
2276,3.8789
2277,3.879
2278,3.8793
2279,3.8795
2280,3.8798
2281,3.88
2282,3.8803
2283,3.8804
2284,3.8808
2285,3.8809
2286,3.8812
2287,3.8814
2288,3.8817
2289,3.8819
2290,3.8822
2291,3.8823
2292,3.8827
2293,3.8828
2294,3.8831
2295,3.8833
2296,3.8836
2297,3.8838
2298,3.8841
2299,3.8843
2300,3.8846
2301,3.8847
2302,3.885
2303,3.8852
2304,3.8855
2305,3.8857
2306,3.8858
2307,3.8862
2308,3.8865
2309,3.8866
2310,3.8868
2311,3.8871
2312,3.8873
2313,3.8876
2314,3.8877
2315,3.8881
2316,3.8882
2317,3.8885
2318,3.8887
2319,3.889
2320,3.8892
2321,3.8895
2322,3.8897
2323,3.89
2324,3.8901
2325,3.8903
2326,3.8906
2327,3.8908
2328,3.8911
2329,3.8912
2330,3.8916
2331,3.8917
2332,3.892
2333,3.8922
2334,3.8925
2335,3.8927
2336,3.893
2337,3.8931
2338,3.8935
2339,3.8936
2340,3.8938
2341,3.8941
2342,3.8943
2343,3.8946
2344,3.8947
2345,3.8951
2346,3.8952
2347,3.8955
2348,3.8957
2349,3.896
2350,3.8962
2351,3.8963
2352,3.8966
2353,3.8968
2354,3.8971
2355,3.8973
2356,3.8976
2357,3.8978
2358,3.8981
2359,3.8982
2360,3.8984
2361,3.8987
2362,3.899
2363,3.8992
2364,3.8993
2365,3.8997
2366,3.8998
2367,3.9001
2368,3.9003
2369,3.9006
2370,3.9008
2371,3.9009
2372,3.9013
2373,3.9014
2374,3.9017
2375,3.9019
2376,3.9022
2377,3.9024
2378,3.9027
2379,3.9028
2380,3.9032
2381,3.9033
2382,3.9035
2383,3.9038
2384,3.904
2385,3.9043
2386,3.9044
2387,3.9047
2388,3.9049
2389,3.9051
2390,3.9054
2391,3.9055
2392,3.9059
2393,3.906
2394,3.9063
2395,3.9065
2396,3.9068
2397,3.907
2398,3.9071
2399,3.9074
2400,3.9076
2401,3.9079
2402,3.9081
2403,3.9084
2404,3.9086
2405,3.9089
2406,3.909
2407,3.9092
2408,3.9095
2409,3.9097
2410,3.91
2411,3.9101
2412,3.9105
2413,3.9106
2414,3.9109
2415,3.9111
2416,3.9113
2417,3.9116
2418,3.9117
2419,3.9121
2420,3.9122
2421,3.9125
2422,3.9127
2423,3.913
2424,3.9132
2425,3.9135
2426,3.9136
2427,3.9138
2428,3.9141
2429,3.9143
2430,3.9146
2431,3.9148
2432,3.9151
2433,3.9152
2434,3.9155
2435,3.9157
2436,3.916
2437,3.9162
2438,3.9165
2439,3.9167
2440,3.9168
2441,3.9171
2442,3.9173
2443,3.9176
2444,3.9178
2445,3.9181
2446,3.9182
2447,3.9186
2448,3.9187
2449,3.919
2450,3.9192
2451,3.9195
2452,3.9197
2453,3.9198
2454,3.9202
2455,3.9203
2456,3.9206
2457,3.9208
2458,3.9211
2459,3.9213
2460,3.9216
2461,3.9217
2462,3.9221
2463,3.9222
2464,3.9225
2465,3.9227
2466,3.923
2467,3.9232
2468,3.9235
2469,3.9236
2470,3.924
2471,3.9241
2472,3.9244
2473,3.9246
2474,3.9249
2475,3.9251
2476,3.9254
2477,3.9256
2478,3.9259
2479,3.926
2480,3.9263
2481,3.9265
2482,3.9268
2483,3.927
2484,3.9273
2485,3.9275
2486,3.9278
2487,3.9279
2488,3.9283
2489,3.9284
2490,3.9287
2491,3.9291
2492,3.9292
2493,3.9294
2494,3.9297
2495,3.93
2496,3.9302
2497,3.9305
2498,3.9306
2499,3.931
2500,3.9311
2501,3.9314
2502,3.9316
2503,3.9319
2504,3.9321
2505,3.9324
2506,3.9327
2507,3.9329
2508,3.9332
2509,3.9333
2510,3.9337
2511,3.9338
2512,3.9341
2513,3.9343
2514,3.9346
2515,3.9349
2516,3.9351
2517,3.9354
2518,3.9356
2519,3.9359
2520,3.936
2521,3.9364
2522,3.9367
2523,3.9368
2524,3.9372
2525,3.9373
2526,3.9376
2527,3.9379
2528,3.9381
2529,3.9384
2530,3.9386
2531,3.9389
2532,3.9391
2533,3.9394
2534,3.9397
2535,3.9399
2536,3.9402
2537,3.9403
2538,3.9406
2539,3.941
2540,3.9411
2541,3.9414
2542,3.9416
2543,3.9419
2544,3.9422
2545,3.9424
2546,3.9427
2547,3.9429
2548,3.9432
2549,3.9435
2550,3.9437
2551,3.944
2552,3.9441
2553,3.9445
2554,3.9448
2555,3.9449
2556,3.9453
2557,3.9456
2558,3.9457
2559,3.946
2560,3.9464
2561,3.9465
2562,3.9468
2563,3.9472
2564,3.9473
2565,3.9476
2566,3.9478
2567,3.9481
2568,3.9484
2569,3.9486
2570,3.9489
2571,3.9492
2572,3.9494
2573,3.9497
2574,3.95
2575,3.9502
2576,3.9505
2577,3.9508
2578,3.951
2579,3.9513
2580,3.9516
2581,3.9518
2582,3.9521
2583,3.9524
2584,3.9526
2585,3.9529
2586,3.9532
2587,3.9534
2588,3.9537
2589,3.954
2590,3.9541
2591,3.9545
2592,3.9548
2593,3.9549
2594,3.9553
2595,3.9556
2596,3.9559
2597,3.9561
2598,3.9564
2599,3.9567
2600,3.9569
2601,3.9572
2602,3.9575
2603,3.9576
2604,3.958
2605,3.9583
2606,3.9584
2607,3.9588
2608,3.9591
2609,3.9592
2610,3.9596
2611,3.9599
2612,3.96
2613,3.9603
2614,3.9607
2615,3.961
2616,3.9611
2617,3.9615
2618,3.9618
2619,3.9619
2620,3.9623
2621,3.9626
2622,3.9629
2623,3.963
2624,3.9634
2625,3.9635
2626,3.9638
2627,3.9642
2628,3.9645
2629,3.9646
2630,3.965
2631,3.9653
2632,3.9656
2633,3.9657
2634,3.9661
2635,3.9664
2636,3.9665
2637,3.9669
2638,3.9672
2639,3.9675
2640,3.9677
2641,3.968
2642,3.9683
2643,3.9684
2644,3.9688
2645,3.9691
2646,3.9692
2647,3.9696
2648,3.9699
2649,3.97
2650,3.9704
2651,3.9707
2652,3.971
2653,3.9711
2654,3.9715
2655,3.9718
2656,3.9719
2657,3.9723
2658,3.9726
2659,3.9727
2660,3.9731
2661,3.9734
2662,3.9737
2663,3.9738
2664,3.9742
2665,3.9745
2666,3.9746
2667,3.975
2668,3.9753
2669,3.9754
2670,3.9758
2671,3.9761
2672,3.9762
2673,3.9765
2674,3.9769
2675,3.977
2676,3.9773
2677,3.9777
2678,3.9778
2679,3.9781
2680,3.9785
2681,3.9786
2682,3.9789
2683,3.9792
2684,3.9794
2685,3.9797
2686,3.9799
2687,3.9802
2688,3.9805
2689,3.9807
2690,3.981
2691,3.9813
2692,3.9815
2693,3.9818
2694,3.9821
2695,3.9823
2696,3.9826
2697,3.9829
2698,3.9831
2699,3.9834
2700,3.9835
2701,3.9839
2702,3.9842
2703,3.9843
2704,3.9846
2705,3.9848
2706,3.9851
2707,3.9854
2708,3.9856
2709,3.9859
2710,3.9861
2711,3.9864
2712,3.9867
2713,3.9869
2714,3.9872
2715,3.9873
2716,3.9877
2717,3.9878
2718,3.9881
2719,3.9885
2720,3.9886
2721,3.9889
2722,3.9891
2723,3.9894
2724,3.9896
2725,3.9899
2726,3.9901
2727,3.9904
2728,3.9907
2729,3.9908
2730,3.9912
2731,3.9913
2732,3.9916
2733,3.9918
2734,3.9921
2735,3.9923
2736,3.9926
2737,3.9928
2738,3.9931
2739,3.9932
2740,3.9935
2741,3.9937
2742,3.994
2743,3.9942
2744,3.9945
2745,3.9947
2746,3.995
2747,3.9951
2748,3.9953
2749,3.9956
2750,3.9958
2751,3.9961
2752,3.9962
2753,3.9966
2754,3.9967
2755,3.997
2756,3.9972
2757,3.9975
2758,3.9977
2759,3.9978
2760,3.9982
2761,3.9983
2762,3.9986
2763,3.9988
2764,3.9989
2765,3.9993
2766,3.9994
2767,3.9997
2768,3.9999
2769,4.0001
2770,4.0004
2771,4.0005
2772,4.0007
2773,4.001
2774,4.0012
2775,4.0015
2776,4.0016
2777,4.0018
2778,4.0021
2779,4.0023
2780,4.0024
2781,4.0028
2782,4.0029
2783,4.0031
2784,4.0032
2785,4.0036
2786,4.0037
2787,4.004
2788,4.0042
2789,4.0043
2790,4.0045
2791,4.0048
2792,4.005
2793,4.0051
2794,4.0053
2795,4.0056
2796,4.0058
2797,4.0059
2798,4.0063
2799,4.0064
2800,4.0066
2801,4.0067
2802,4.007
2803,4.0072
2804,4.0074
2805,4.0075
2806,4.0078
2807,4.008
2808,4.0082
2809,4.0083
2810,4.0085
2811,4.0088
2812,4.009
2813,4.0091
2814,4.0093
2815,4.0096
2816,4.0097
2817,4.0099
2818,4.0101
2819,4.0102
2820,4.0105
2821,4.0107
2822,4.0109
2823,4.011
2824,4.0112
2825,4.0113
2826,4.0115
2827,4.0118
2828,4.012
2829,4.0121
2830,4.0123
2831,4.0124
2832,4.0126
2833,4.0129
2834,4.0131
2835,4.0132
2836,4.0134
2837,4.0136
2838,4.0137
2839,4.0139
2840,4.014
2841,4.0144
2842,4.0145
2843,4.0147
2844,4.0148
2845,4.015
2846,4.0151
2847,4.0153
2848,4.0155
2849,4.0156
2850,4.0158
2851,4.0161
2852,4.0163
2853,4.0164
2854,4.0166
2855,4.0167
2856,4.0169
2857,4.0171
2858,4.0172
2859,4.0174
2860,4.0175
2861,4.0177
2862,4.0178
2863,4.018
2864,4.0182
2865,4.0183
2866,4.0186
2867,4.0188
2868,4.019
2869,4.0191
2870,4.0193
2871,4.0194
2872,4.0196
2873,4.0198
2874,4.0199
2875,4.0201
2876,4.0202
2877,4.0204
2878,4.0206
2879,4.0207
2880,4.0209
2881,4.021
2882,4.0212
2883,4.0213
2884,4.0215
2885,4.0217
2886,4.0218
2887,4.022
2888,4.0221
2889,4.0223
2890,4.0225
2891,4.0226
2892,4.0228
2893,4.0229
2894,4.0231
2895,4.0233
2896,4.0234
2897,4.0236
2898,4.0237
2899,4.0239
2900,4.024
2901,4.0242
2902,4.0244
2903,4.0245
2904,4.0247
2905,4.0248
2906,4.025
2907,4.0252
2908,4.0253
2909,4.0255
2910,4.0256
2911,4.0258
2912,4.026
2913,4.0261
2914,4.0263
2915,4.0264
2916,4.0266
2917,4.0267
2918,4.0269
2919,4.0271
2920,4.0272
2921,4.0274
2922,4.0275
2923,4.0277
2924,4.0279
2925,4.028
2926,4.0282
2927,4.0283
2928,4.0285
2929,4.0287
2930,4.0288
2931,4.029
2932,4.0291
2933,4.0293
2934,4.0294
2935,4.0296
2936,4.0298
2937,4.0299
2938,4.0301
2939,4.0302
2940,4.0304
2941,4.0306
2942,4.0307
2943,4.0309
2944,4.031
2945,4.0312
2946,4.0314
2947,4.0315
2948,4.0317
2949,4.0318
2950,4.032
2951,4.0321
2952,4.0323
2953,4.0325
2954,4.0326
2955,4.0328
2956,4.0329
2957,4.0331
2958,4.0333
2959,4.0334
2960,4.0336
2961,4.0337
2962,4.0339
2963,4.0341
2964,4.0342
2965,4.0344
2966,4.0347
2967,4.0347
2968,4.0348
2969,4.0352
2970,4.0353
2971,4.0355
2972,4.0356
2973,4.0358
2974,4.036
2975,4.0361
2976,4.0363
2977,4.0364
2978,4.0366
2979,4.0368
2980,4.0369
2981,4.0371
2982,4.0372
2983,4.0375
2984,4.0377
2985,4.0379
2986,4.038
2987,4.0382
2988,4.0383
2989,4.0385
2990,4.0387
2991,4.0388
2992,4.039
2993,4.0393
2994,4.0395
2995,4.0396
2996,4.0398
2997,4.0399
2998,4.0401
2999,4.0402
3000,4.0406
3001,4.0407
3002,4.0409
3003,4.041
3004,4.0412
3005,4.0414
3006,4.0415
3007,4.0418
3008,4.042
3009,4.0422
3010,4.0423
3011,4.0425
3012,4.0426
3013,4.0429
3014,4.0431
3015,4.0433
3016,4.0434
3017,4.0437
3018,4.0439
3019,4.0441
3020,4.0442
3021,4.0444
3022,4.0447
3023,4.0449
3024,4.045
3025,4.0453
3026,4.0455
3027,4.0456
3028,4.0458
3029,4.046
3030,4.0463
3031,4.0464
3032,4.0466
3033,4.0469
3034,4.0471
3035,4.0472
3036,4.0476
3037,4.0477
3038,4.0479
3039,4.0482
3040,4.0483
3041,4.0485
3042,4.0488
3043,4.049
3044,4.0491
3045,4.0495
3046,4.0496
3047,4.0498
3048,4.0501
3049,4.0503
3050,4.0506
3051,4.0507
3052,4.0509
3053,4.0512
3054,4.0514
3055,4.0517
3056,4.0518
3057,4.052
3058,4.0523
3059,4.0525
3060,4.0528
3061,4.053
3062,4.0533
3063,4.0534
3064,4.0538
3065,4.0539
3066,4.0542
3067,4.0544
3068,4.0547
3069,4.0549
3070,4.0552
3071,4.0553
3072,4.0557
3073,4.0558
3074,4.0561
3075,4.0563
3076,4.0566
3077,4.0568
3078,4.0571
3079,4.0574
3080,4.0576
3081,4.0579
3082,4.058
3083,4.0584
3084,4.0585
3085,4.0588
3086,4.0592
3087,4.0593
3088,4.0596
3089,4.0599
3090,4.0601
3091,4.0604
3092,4.0607
3093,4.0609
3094,4.0612
3095,4.0614
3096,4.0617
3097,4.062
3098,4.0622
3099,4.0625
3100,4.0628
3101,4.0631
3102,4.0633
3103,4.0636
3104,4.0639
3105,4.0641
3106,4.0644
3107,4.0647
3108,4.0649
3109,4.0652
3110,4.0655
3111,4.0658
3112,4.066
3113,4.0663
3114,4.0666
3115,4.0669
3116,4.0671
3117,4.0674
3118,4.0677
3119,4.068
3120,4.0684
3121,4.0685
3122,4.0688
3123,4.0692
3124,4.0695
3125,4.0698
3126,4.07
3127,4.0703
3128,4.0706
3129,4.0709
3130,4.0712
3131,4.0714
3132,4.0717
3133,4.072
3134,4.0723
3135,4.0727
3136,4.073
3137,4.0731
3138,4.0734
3139,4.0738
3140,4.0741
3141,4.0744
3142,4.0747
3143,4.075
3144,4.0752
3145,4.0755
3146,4.0758
3147,4.0761
3148,4.0765
3149,4.0768
3150,4.0771
3151,4.0774
3152,4.0777
3153,4.0779
3154,4.0782
3155,4.0785
3156,4.0788
3157,4.0792
3158,4.0795
3159,4.0798
3160,4.0801
3161,4.0804
3162,4.0808
3163,4.0811
3164,4.0814
3165,4.0816
3166,4.0819
3167,4.0822
3168,4.0825
3169,4.0828
3170,4.0831
3171,4.0835
3172,4.0838
3173,4.0841
3174,4.0844
3175,4.0847
3176,4.085
3177,4.0852
3178,4.0855
3179,4.0858
3180,4.0862
3181,4.0865
3182,4.0868
3183,4.0871
3184,4.0874
3185,4.0877
3186,4.0881
3187,4.0884
3188,4.0887
3189,4.089
3190,4.0893
3191,4.0897
3192,4.09
3193,4.0901
3194,4.0904
3195,4.0908
3196,4.0911
3197,4.0914
3198,4.0917
3199,4.092
3200,4.0924
3201,4.0927
3202,4.093
3203,4.0933
3204,4.0936
3205,4.0939
3206,4.0943
3207,4.0946
3208,4.0949
3209,4.0951
3210,4.0954
3211,4.0957
3212,4.096
3213,4.0963
3214,4.0966
3215,4.097
3216,4.0973
3217,4.0976
3218,4.0979
3219,4.0982
3220,4.0984
3221,4.0987
3222,4.099
3223,4.0993
3224,4.0997
3225,4.1
3226,4.1003
3227,4.1006
3228,4.1009
3229,4.1012
3230,4.1014
3231,4.1019
3232,4.102
3233,4.1024
3234,4.1027
3235,4.103
3236,4.1033
3237,4.1036
3238,4.1039
3239,4.1041
3240,4.1044
3241,4.1047
3242,4.1051
3243,4.1054
3244,4.1057
3245,4.106
3246,4.1062
3247,4.1065
3248,4.1068
3249,4.1071
3250,4.1074
3251,4.1078
3252,4.1079
3253,4.1082
3254,4.1086
3255,4.1089
3256,4.1092
3257,4.1093
3258,4.1097
3259,4.11
3260,4.1103
3261,4.1106
3262,4.1108
3263,4.1111
3264,4.1114
3265,4.1117
3266,4.112
3267,4.1122
3268,4.1125
3269,4.1128
3270,4.1132
3271,4.1133
3272,4.1136
3273,4.114
3274,4.1143
3275,4.1144
3276,4.1148
3277,4.1151
3278,4.1154
3279,4.1155
3280,4.1159
3281,4.1162
3282,4.1165
3283,4.1167
3284,4.117
3285,4.1173
3286,4.1175
3287,4.1178
3288,4.1181
3289,4.1182
3290,4.1186
3291,4.1189
3292,4.119
3293,4.1194
3294,4.1197
3295,4.1198
3296,4.1202
3297,4.1205
3298,4.1206
3299,4.1209
3300,4.1213
3301,4.1214
3302,4.1217
3303,4.1219
3304,4.1222
3305,4.1225
3306,4.1227
3307,4.123
3308,4.1233
3309,4.1235
3310,4.1238
3311,4.124
3312,4.1243
3313,4.1246
3314,4.1248
3315,4.1251
3316,4.1252
3317,4.1256
3318,4.1257
3319,4.126
3320,4.1262
3321,4.1265
3322,4.1267
3323,4.127
3324,4.1271
3325,4.1275
3326,4.1276
3327,4.1279
3328,4.1281
3329,4.1284
3330,4.1287
3331,4.1289
3332,4.129
3333,4.1294
3334,4.1295
3335,4.1298
3336,4.13
3337,4.1303
3338,4.1305
3339,4.1308
3340,4.131
3341,4.1313
3342,4.1314
3343,4.1316
3344,4.1319
3345,4.1321
3346,4.1324
3347,4.1325
3348,4.1327
3349,4.133
3350,4.1332
3351,4.1335
3352,4.1337
3353,4.1338
3354,4.1341
3355,4.1343
3356,4.1346
3357,4.1348
3358,4.1349
3359,4.1352
3360,4.1354
3361,4.1356
3362,4.1359
3363,4.136
3364,4.1362
3365,4.1365
3366,4.1367
3367,4.1368
3368,4.137
3369,4.1373
3370,4.1375
3371,4.1376
3372,4.1378
3373,4.1381
3374,4.1383
3375,4.1384
3376,4.1387
3377,4.1389
3378,4.1391
3379,4.1392
3380,4.1394
3381,4.1397
3382,4.1398
3383,4.14
3384,4.1402
3385,4.1403
3386,4.1406
3387,4.1408
3388,4.141
3389,4.1411
3390,4.1413
3391,4.1416
3392,4.1418
3393,4.1419
3394,4.1421
3395,4.1422
3396,4.1426
3397,4.1427
3398,4.1429
3399,4.143
3400,4.1432
3401,4.1433
3402,4.1435
3403,4.1437
3404,4.1438
3405,4.1441
3406,4.1443
3407,4.1445
3408,4.1446
3409,4.1448
3410,4.1449
3411,4.1451
3412,4.1453
3413,4.1454
3414,4.1456
3415,4.1457
3416,4.1459
3417,4.146
3418,4.1462
3419,4.1464
3420,4.1465
3421,4.1467
3422,4.1468
3423,4.147
3424,4.1472
3425,4.1473
3426,4.1476
3427,4.1476
3428,4.148
3429,4.1481
3430,4.1481
3431,4.1483
3432,4.1484
3433,4.1486
3434,4.1487
3435,4.1489
3436,4.1491
3437,4.1492
3438,4.1494
3439,4.1495
3440,4.1497
3441,4.1499
3442,4.15
3443,4.1502
3444,4.1503
3445,4.1503
3446,4.1505
3447,4.1507
3448,4.1508
3449,4.151
3450,4.1511
3451,4.1513
3452,4.1514
3453,4.1516
3454,4.1516
3455,4.1518
3456,4.1519
3457,4.1521
3458,4.1522
3459,4.1524
3460,4.1526
3461,4.1526
3462,4.1527
3463,4.1529
3464,4.153
3465,4.1532
3466,4.1532
3467,4.1534
3468,4.1535
3469,4.1537
3470,4.1538
3471,4.1538
3472,4.154
3473,4.1541
3474,4.1543
3475,4.1543
3476,4.1545
3477,4.1546
3478,4.1548
3479,4.1549
3480,4.1549
3481,4.1551
3482,4.1553
3483,4.1554
3484,4.1554
3485,4.1556
3486,4.1557
3487,4.1557
3488,4.1559
3489,4.1561
3490,4.1562
3491,4.1562
3492,4.1564
3493,4.1565
3494,4.1565
3495,4.1567
3496,4.1568
3497,4.1568
3498,4.157
3499,4.1572
3500,4.1572
3501,4.1573
3502,4.1575
3503,4.1575
3504,4.1576
3505,4.1578
3506,4.1578
3507,4.158
3508,4.1581
3509,4.1581
3510,4.1583
3511,4.1584
3512,4.1584
3513,4.1586
3514,4.1586
3515,4.1588
3516,4.1589
3517,4.1589
3518,4.1591
3519,4.1592
3520,4.1592
3521,4.1594
3522,4.1594
3523,4.1595
3524,4.1597
3525,4.1597
3526,4.1599
3527,4.1599
3528,4.16
3529,4.16
3530,4.1602
3531,4.1603
3532,4.1603
3533,4.1605
3534,4.1605
3535,4.1607
3536,4.1607
3537,4.1608
3538,4.1608
3539,4.161
3540,4.1611
3541,4.1611
3542,4.1613
3543,4.1613
3544,4.1615
3545,4.1615
3546,4.1616
3547,4.1616
3548,4.1618
3549,4.1618
3550,4.1619
3551,4.1619
3552,4.1621
3553,4.1621
3554,4.1622
3555,4.1622
3556,4.1624
3557,4.1624
3558,4.1626
3559,4.1627
3560,4.1627
3561,4.1629
3562,4.1629
3563,4.163
3564,4.163
3565,4.1632
3566,4.1632
3567,4.1634
3568,4.1634
3569,4.1635
3570,4.1635
3571,4.1637
3572,4.1637
3573,4.1638
3574,4.1638
3575,4.164
3576,4.164
3577,4.1642
3578,4.1642
3579,4.1643
3580,4.1643
3581,4.1645
3582,4.1645
3583,4.1646
3584,4.1646
3585,4.1648
3586,4.1648
3587,4.1649
3588,4.1649
3589,4.1651
3590,4.1651
3591,4.1653
3592,4.1653
3593,4.1653
3594,4.1654
3595,4.1654
3596,4.1656
3597,4.1657
3598,4.1657
3599,4.1659
3600,4.1659
3601,4.1661
3602,4.1661
3603,4.1662
3604,4.1662
3605,4.1664
3606,4.1664
3607,4.1665
3608,4.1665
3609,4.1667
3610,4.1667
3611,4.1669
3612,4.1669
3613,4.167
3614,4.167
3615,4.1672
3616,4.1672
3617,4.1673
3618,4.1673
3619,4.1675
3620,4.1675
3621,4.1676
3622,4.1676
3623,4.1678
3624,4.1678
3625,4.168
3626,4.168
3627,4.1681
3628,4.1681
3629,4.1683
3630,4.1683
3631,4.1684
3632,4.1686
3633,4.1686
3634,4.1688
3635,4.1688
3636,4.1689
3637,4.1689
3638,4.1691
3639,4.1691
3640,4.1692
3641,4.1692
3642,4.1694
3643,4.1694
3644,4.1696
3645,4.1697
3646,4.1697
3647,4.1699
3648,4.1699
3649,4.17
3650,4.1702
3651,4.1702
3652,4.1703
3653,4.1703
3654,4.1705
3655,4.1705
3656,4.1707
3657,4.1708
3658,4.1708
3659,4.171
3660,4.171
3661,4.1711
3662,4.1713
3663,4.1713
3664,4.1715
3665,4.1715
3666,4.1716
3667,4.1718
3668,4.1718
3669,4.1719
3670,4.1719
3671,4.1721
3672,4.1723
3673,4.1723
3674,4.1724
3675,4.1726
3676,4.1726
3677,4.1727
3678,4.1729
3679,4.1729
3680,4.173
3681,4.1732
3682,4.1732
3683,4.1734
3684,4.1734
3685,4.1735
3686,4.1737
3687,4.1738
3688,4.1738
3689,4.174
3690,4.174
3691,4.1742
3692,4.1743
3693,4.1745
3694,4.1745
3695,4.1746
3696,4.1748
3697,4.1748
3698,4.175
3699,4.1751
3700,4.1753
3701,4.1753
3702,4.1754
3703,4.1756
3704,4.1758
3705,4.1758
3706,4.1759
3707,4.1761
3708,4.1762
3709,4.1762
3710,4.1764
3711,4.1765
3712,4.1767
3713,4.1769
3714,4.1769
3715,4.177
3716,4.1772
3717,4.1773
3718,4.1775
3719,4.1775
3720,4.1777
3721,4.1778
3722,4.178
3723,4.1781
3724,4.1783
3725,4.1783
3726,4.1785
3727,4.1786
3728,4.1788
3729,4.1789
3730,4.1791
3731,4.1792
3732,4.1794
3733,4.1794
3734,4.1796
3735,4.1797
3736,4.1799
3737,4.18
3738,4.1802
3739,4.1804
3740,4.1805
3741,4.1807
3742,4.1808
3743,4.181
3744,4.1812
3745,4.1813
3746,4.1815
3747,4.1816
3748,4.1818
3749,4.1818
3750,4.1821
3751,4.1823
3752,4.1824
3753,4.1826
3754,4.1827
3755,4.1829
3756,4.1831
3757,4.1832
3758,4.1834
3759,4.1835
3760,4.1837
3761,4.1839
3762,4.184
3763,4.1843
3764,4.1845
3765,4.1846
3766,4.1848
3767,4.185
3768,4.1851
3769,4.1853
3770,4.1854
3771,4.1858
3772,4.1859
3773,4.1861
3774,4.1862
3775,4.1864
3776,4.1867
3777,4.1869
3778,4.187
3779,4.1872
3780,4.1875
3781,4.1877
3782,4.1878
3783,4.1881
3784,4.1883
3785,4.1885
3786,4.1888
3787,4.1889
3788,4.1891
3789,4.1894
3790,4.1896
3791,4.1897
3792,4.19
3793,4.1902
3794,4.1905
3795,4.1907
3796,4.1908
3797,4.1912
3798,4.1913
3799,4.1916
3800,4.192
3801,4.1921
3802,4.1923
3803,4.1926
3804,4.1929
3805,4.1931
3806,4.1934
3807,4.1935
3808,4.1939
3809,4.1942
3810,4.1943
3811,4.1947
3812,4.1948
3813,4.1951
3814,4.1954
3815,4.1958
3816,4.1959
3817,4.1962
3818,4.1966
3819,4.1969
3820,4.197
3821,4.1974
3822,4.1977
3823,4.198
3824,4.1983
3825,4.1986
3826,4.1989
3827,4.1991
3828,4.1996
3829,4.1997
3830,4.2001
3831,4.2004
3832,4.2007
3833,4.201
3834,4.2013
3835,4.2016
3836,4.202
3837,4.2024
3838,4.2028
3839,4.2031
3840,4.2034
3841,4.2037
3842,4.204
3843,4.2045
3844,4.2048
3845,4.2051
3846,4.2055
3847,4.2059
3848,4.2063
3849,4.2066
3850,4.207
3851,4.2074
3852,4.2078
3853,4.2082
3854,4.2086
3855,4.209
3856,4.2094
3857,4.2097
3858,4.2102
3859,4.2105
3860,4.211
3861,4.2113
3862,4.2118
3863,4.2123
3864,4.2128
3865,4.2131
3866,4.2136
3867,4.214
3868,4.2145
3869,4.215
3870,4.2155
3871,4.2158
3872,4.2163
3873,4.2167
3874,4.2172
3875,4.2177
3876,4.2182
3877,4.2186
3878,4.2191
3879,4.2196
3880,4.2201
3881,4.2207
3882,4.2212
3883,4.2217
3884,4.2223
3885,4.2228
3886,4.2232
3887,4.2239
3888,4.2244
3889,4.2248
3890,4.2255
3891,4.2259
3892,4.2266
3893,4.2271
3894,4.2277
3895,4.2282
3896,4.2288
3897,4.2294
3898,4.2299
3899,4.2306
3900,4.2312
3901,4.2318
3902,4.2325
3903,4.2331
3904,4.2337
3905,4.2342
3906,4.2348
3907,4.2355
3908,4.2363
3909,4.2369
3910,4.2375
3911,4.2382
3912,4.2388
3913,4.2395
3914,4.2401
3915,4.2409
3916,4.2415
3917,4.2422
3918,4.2429
3919,4.2436
3920,4.2444
3921,4.245
3922,4.2458
3923,4.2464
3924,4.2472
3925,4.248
3926,4.2487
3927,4.2495
3928,4.2503
3929,4.251
3930,4.2518
3931,4.2526
3932,4.2533
3933,4.2541
3934,4.255
3935,4.2557
3936,4.2566
3937,4.2572
3938,4.258
3939,4.259
3940,4.2598
3941,4.2606
3942,4.2614
3943,4.2623
3944,4.2631
3945,4.2639
3946,4.2649
3947,4.2658
3948,4.2666
3949,4.2676
3950,4.2684
3951,4.2693
3952,4.2701
3953,4.2711
3954,4.272
3955,4.273
3956,4.2738
3957,4.2747
3958,4.2757
3959,4.2766
3960,4.2776
3961,4.2785
3962,4.2795
3963,4.2804
3964,4.2814
3965,4.2823
3966,4.2833
3967,4.2844
3968,4.2854
3969,4.2863
3970,4.2874
3971,4.2884
3972,4.2893
3973,4.2904
3974,4.2914
3975,4.2925
3976,4.2935
3977,4.2946
3978,4.2955
3979,4.2966
3980,4.2978
3981,4.2987
3982,4.2998
3983,4.3008
3984,4.3011
3985,4.3011
3986,4.3009
3987,4.3009
3988,4.3011
3989,4.3011
3990,4.3011
3991,4.3001
3992,4.2982
3993,4.2975
3994,4.2969
3995,4.2964
3996,4.2961
3997,4.2956
3998,4.2953
3999,4.295
4000,4.2948
4001,4.2945
4002,4.2944
4003,4.294
4004,4.2939
4005,4.2937
4006,4.2937
4007,4.2934
4008,4.2932
4009,4.2931
4010,4.2929
4011,4.2929
4012,4.2928
4013,4.2926
4014,4.2926
4015,4.2924
4016,4.2923
4017,4.2921
4018,4.2923
4019,4.2921
4020,4.292
4021,4.2918
4022,4.2918
4023,4.2916
4024,4.2916
4025,4.2915
4026,4.2915
4027,4.2913
4028,4.2913
4029,4.2912
4030,4.2912
4031,4.291
4032,4.2912
4033,4.291
4034,4.2909
4035,4.2909
4036,4.2909
4037,4.2907
4038,4.2907
4039,4.2907
4040,4.2905
4041,4.2905
4042,4.2904
4043,4.2902
4044,4.2902
4045,4.2904
4046,4.2902
4047,4.2902
4048,4.2901
4049,4.2901
4050,4.2901
4051,4.2901
4052,4.2899
4053,4.2899
4054,4.2899
4055,4.2897
4056,4.2897
4057,4.2897
4058,4.2897
4059,4.2896
4060,4.2896
4061,4.2896
4062,4.2894
4063,4.2894
4064,4.2894
4065,4.2893
4066,4.2893
4067,4.2893
4068,4.2893
4069,4.2893
4070,4.2891
4071,4.2891
4072,4.2891
4073,4.2889
4074,4.2889
4075,4.2889
4076,4.2889
4077,4.2889
4078,4.2888
4079,4.2888
4080,4.2888
4081,4.2888
4082,4.2886
4083,4.2886
4084,4.2886
4085,4.2886
4086,4.2886
4087,4.2885
4088,4.2885
4089,4.2885
4090,4.2885
4091,4.2883
4092,4.2883
4093,4.2883
4094,4.2883
4095,4.2883
4096,4.2881
4097,4.2881
4098,4.2881
4099,4.2881
4100,4.2881
4101,4.288
4102,4.288
4103,4.288
4104,4.288
4105,4.2878
4106,4.2878
4107,4.2878
4108,4.2878
4109,4.2878
4110,4.2878
4111,4.2877
4112,4.2877
4113,4.2877
4114,4.2877
4115,4.2875
4116,4.2875
4117,4.2875
4118,4.2875
4119,4.2875
4120,4.2874
4121,4.2874
4122,4.2874
4123,4.2874
4124,4.2874
4125,4.2872
4126,4.2872
4127,4.2872
4128,4.2872
4129,4.2872
4130,4.2872
4131,4.287
4132,4.287
4133,4.287
4134,4.287
4135,4.287
4136,4.2869
4137,4.2869
4138,4.2869
4139,4.2869
4140,4.2869
4141,4.2869
4142,4.2869
4143,4.2867
4144,4.2867
4145,4.2867
4146,4.2867
4147,4.2867
4148,4.2866
4149,4.2866
4150,4.2866
4151,4.2866
4152,4.2866
4153,4.2866
4154,4.2866
4155,4.2864
4156,4.2864
4157,4.2864
4158,4.2864
4159,4.2864
4160,4.2864
4161,4.2864
4162,4.2862
4163,4.2862
4164,4.2862
4165,4.2862
4166,4.2862
4167,4.2861
4168,4.2861
4169,4.2861
4170,4.2861
4171,4.2861
4172,4.281
4173,4.2767
4174,4.2743
4175,4.2724
4176,4.2708
4177,4.2692
4178,4.2676
4179,4.2662
4180,4.2649
4181,4.2635
4182,4.2622
4183,4.261
4184,4.2597
4185,4.2586
4186,4.2573
4187,4.2564
4188,4.2551
4189,4.254
4190,4.2529
4191,4.2517
4192,4.2506
4193,4.2497
4194,4.2486
4195,4.2474
4196,4.2465
4197,4.2455
4198,4.2444
4199,4.2435
4200,4.2425
4201,4.2416
4202,4.2406
4203,4.2397
4204,4.2387
4205,4.2377
4206,4.2368
4207,4.2358
4208,4.2349
4209,4.2341
4210,4.2331
4211,4.2323
4212,4.2314
4213,4.2306
4214,4.2296
4215,4.2288
4216,4.2281
4217,4.2273
4218,4.2263
4219,4.2255
4220,4.2247
4221,4.2239
4222,4.2231
4223,4.2223
4224,4.2215
4225,4.2209
4226,4.2201
4227,4.2193
4228,4.2185
4229,4.2179
4230,4.2171
4231,4.2164
4232,4.2156
4233,4.215
4234,4.2142
4235,4.2136
4236,4.2128
4237,4.2122
4238,4.2115
4239,4.2109
4240,4.2102
4241,4.2094
4242,4.2088
4243,4.2082
4244,4.2075
4245,4.2069
4246,4.2064
4247,4.2058
4248,4.2052
4249,4.2045
4250,4.2039
4251,4.2032
4252,4.2028
4253,4.2021
4254,4.2017
4255,4.201
4256,4.2004
4257,4.1999
4258,4.1994
4259,4.1988
4260,4.1983
4261,4.1977
4262,4.1972
4263,4.1967
4264,4.1961
4265,4.1956
4266,4.1951
4267,4.1947
4268,4.1942
4269,4.1937
4270,4.1932
4271,4.1928
4272,4.1923
4273,4.1918
4274,4.1913
4275,4.1908
4276,4.1904
4277,4.1899
4278,4.1896
4279,4.1891
4280,4.1886
4281,4.1881
4282,4.1878
4283,4.1873
4284,4.1869
4285,4.1866
4286,4.1861
4287,4.1858
4288,4.1853
4289,4.185
4290,4.1845
4291,4.1842
4292,4.1837
4293,4.1834
4294,4.1831
4295,4.1826
4296,4.1823
4297,4.1819
4298,4.1815
4299,4.1811
4300,4.1808
4301,4.1805
4302,4.1802
4303,4.1799
4304,4.1794
4305,4.1791
4306,4.1788
4307,4.1784
4308,4.1781
4309,4.1778
4310,4.1775
4311,4.1772
4312,4.1769
4313,4.1765
4314,4.1764
4315,4.1761
4316,4.1757
4317,4.1754
4318,4.1751
4319,4.1748
4320,4.1746
4321,4.1743
4322,4.174
4323,4.1737
4324,4.1734
4325,4.1732
4326,4.1729
4327,4.1726
4328,4.1724
4329,4.1721
4330,4.1719
4331,4.1716
4332,4.1713
4333,4.1711
4334,4.1708
4335,4.1707
4336,4.1703
4337,4.1702
4338,4.1699
4339,4.1697
4340,4.1694
4341,4.1692
4342,4.1689
4343,4.1687
4344,4.1686
4345,4.1683
4346,4.1681
4347,4.168
4348,4.1676
4349,4.1675
4350,4.1673
4351,4.167
4352,4.1668
4353,4.1667
4354,4.1664
4355,4.1662
4356,4.166
4357,4.1659
4358,4.1657
4359,4.1654
4360,4.1652
4361,4.1651
4362,4.1649
4363,4.1648
4364,4.1645
4365,4.1643
4366,4.1641
4367,4.164
4368,4.1638
4369,4.1637
4370,4.1635
4371,4.1633
4372,4.163
4373,4.1629
4374,4.1627
4375,4.1625
4376,4.1624
4377,4.1622
4378,4.1621
4379,4.1619
4380,4.1618
4381,4.1616
4382,4.1614
4383,4.1613
4384,4.1611
4385,4.161
4386,4.1608
4387,4.1606
4388,4.1606
4389,4.1605
4390,4.1603
4391,4.1602
4392,4.16
4393,4.1598
4394,4.1597
4395,4.1595
4396,4.1594
4397,4.1592
4398,4.1592
4399,4.159
4400,4.1589
4401,4.1587
4402,4.1586
4403,4.1584
4404,4.1584
4405,4.1583
4406,4.1581
4407,4.1579
4408,4.1578
4409,4.1578
4410,4.1576
4411,4.1575
4412,4.1573
4413,4.1571
4414,4.1571
4415,4.157
4416,4.1568
4417,4.1567
4418,4.1567
4419,4.1565
4420,4.1563
4421,4.1563
4422,4.1562
4423,4.156
4424,4.1559
4425,4.1559
4426,4.1557
4427,4.1556
4428,4.1556
4429,4.1554
4430,4.1552
4431,4.1552
4432,4.1551
4433,4.1549
4434,4.1549
4435,4.1548
4436,4.1546
4437,4.1546
4438,4.1544
4439,4.1543
4440,4.1543
4441,4.1541
4442,4.1541
4443,4.154
4444,4.1538
4445,4.1538
4446,4.1536
4447,4.1535
4448,4.1535
4449,4.1533
4450,4.1533
4451,4.1532
4452,4.1532
4453,4.153
4454,4.1528
4455,4.1528
4456,4.1527
4457,4.1527
4458,4.1525
4459,4.1525
4460,4.1524
4461,4.1522
4462,4.1522
4463,4.1521
4464,4.1521
4465,4.1519
4466,4.1519
4467,4.1517
4468,4.1517
4469,4.1516
4470,4.1514
4471,4.1514
4472,4.1513
4473,4.1513
4474,4.1511
4475,4.1511
4476,4.1509
4477,4.1509
4478,4.1508
4479,4.1508
4480,4.1506
4481,4.1506
4482,4.1505
4483,4.1505
4484,4.1503
4485,4.1503
4486,4.1501
4487,4.1501
4488,4.15
4489,4.15
4490,4.1498
4491,4.1498
4492,4.1497
4493,4.1497
4494,4.1495
4495,4.1495
4496,4.1494
4497,4.1494
4498,4.1492
4499,4.1492
4500,4.149
4501,4.149
4502,4.1489
4503,4.1489
4504,4.1489
4505,4.1487
4506,4.1487
4507,4.1486
4508,4.1484
4509,4.1484
4510,4.1484
4511,4.1482
4512,4.1482
4513,4.1481
4514,4.1481
4515,4.1479
4516,4.1479
4517,4.1478
4518,4.1478
4519,4.1476
4520,4.1476
4521,4.1476
4522,4.1474
4523,4.1474
4524,4.1473
4525,4.1473
4526,4.1471
4527,4.1471
4528,4.147
4529,4.147
4530,4.1468
4531,4.1468
4532,4.1468
4533,4.1466
4534,4.1466
4535,4.1465
4536,4.1465
4537,4.1463
4538,4.1463
4539,4.1462
4540,4.1462
4541,4.1462
4542,4.146
4543,4.146
4544,4.1459
4545,4.1459
4546,4.1457
4547,4.1457
4548,4.1455
4549,4.1455
4550,4.1454
4551,4.1454
4552,4.1454
4553,4.1452
4554,4.1452
4555,4.1451
4556,4.1451
4557,4.1449
4558,4.1449
4559,4.1449
4560,4.1447
4561,4.1447
4562,4.1446
4563,4.1446
4564,4.1444
4565,4.1444
4566,4.1443
4567,4.1443
4568,4.1443
4569,4.1441
4570,4.1441
4571,4.1439
4572,4.1439
4573,4.1438
4574,4.1438
4575,4.1438
4576,4.1436
4577,4.1436
4578,4.1435
4579,4.1435
4580,4.1433
4581,4.1433
4582,4.1431
4583,4.1431
4584,4.143
4585,4.143
4586,4.143
4587,4.1428
4588,4.1428
4589,4.1427
4590,4.1427
4591,4.1425
4592,4.1425
4593,4.1424
4594,4.1424
4595,4.1422
4596,4.1422
4597,4.1422
4598,4.142
4599,4.1419
4600,4.1419
4601,4.1419
4602,4.1417
4603,4.1417
4604,4.1416
4605,4.1416
4606,4.1414
4607,4.1414
4608,4.1412
4609,4.1412
4610,4.1411
4611,4.1411
4612,4.1409
4613,4.1409
4614,4.1408
4615,4.1408
4616,4.1406
4617,4.1406
4618,4.1404
4619,4.1404
4620,4.1404
4621,4.1403
4622,4.1403
4623,4.1401
4624,4.14
4625,4.14
4626,4.1398
4627,4.1398
4628,4.1397
4629,4.1397
4630,4.1397
4631,4.1395
4632,4.1393
4633,4.1393
4634,4.1392
4635,4.1392
4636,4.139
4637,4.139
4638,4.1389
4639,4.1389
4640,4.1387
4641,4.1387
4642,4.1385
4643,4.1384
4644,4.1384
4645,4.1384
4646,4.1382
4647,4.1381
4648,4.1381
4649,4.1379
4650,4.1379
4651,4.1377
4652,4.1377
4653,4.1376
4654,4.1374
4655,4.1374
4656,4.1373
4657,4.1373
4658,4.1371
4659,4.1371
4660,4.1369
4661,4.1368
4662,4.1368
4663,4.1366
4664,4.1365
4665,4.1365
4666,4.1363
4667,4.1363
4668,4.1362
4669,4.136
4670,4.136
4671,4.1358
4672,4.1357
4673,4.1357
4674,4.1355
4675,4.1354
4676,4.1354
4677,4.1352
4678,4.135
4679,4.135
4680,4.135
4681,4.1349
4682,4.1349
4683,4.1347
4684,4.1347
4685,4.1347
4686,4.1347
4687,4.1346
4688,4.1346
4689,4.1344
4690,4.1344
4691,4.1344
4692,4.1344
4693,4.1342
4694,4.1342
4695,4.1341
4696,4.1341
4697,4.1341
4698,4.1341
4699,4.1339
4700,4.1339
4701,4.1338
4702,4.1338
4703,4.1336
4704,4.1336
4705,4.1336
4706,4.1336
4707,4.1335
4708,4.1335
4709,4.1333
4710,4.1333
4711,4.1331
4712,4.1331
4713,4.1331
4714,4.1331
4715,4.133
4716,4.133
4717,4.1328
4718,4.1328
4719,4.1327
4720,4.1327
4721,4.1327
4722,4.1325
4723,4.1323
4724,4.1322
4725,4.1322
4726,4.132
4727,4.1319
4728,4.1317
4729,4.1315
4730,4.1315
4731,4.1314
4732,4.1312
4733,4.1311
4734,4.1309
4735,4.1309
4736,4.1307
4737,4.1306
4738,4.1304
4739,4.1303
4740,4.1301
4741,4.13
4742,4.1298
4743,4.1296
4744,4.1296
4745,4.1295
4746,4.1293
4747,4.1292
4748,4.129
4749,4.1288
4750,4.1287
4751,4.1285
4752,4.1284
4753,4.1282
4754,4.128
4755,4.1279
4756,4.1279
4757,4.1277
4758,4.1276
4759,4.1274
4760,4.1273
4761,4.1271
4762,4.1269
4763,4.1268
4764,4.1266
4765,4.1263
4766,4.1263
4767,4.1261
4768,4.126
4769,4.1257
4770,4.1255
4771,4.1253
4772,4.1252
4773,4.125
4774,4.1249
4775,4.1247
4776,4.1245
4777,4.1244
4778,4.1242
4779,4.1241
4780,4.1239
4781,4.1236
4782,4.1234
4783,4.1233
4784,4.1231
4785,4.123
4786,4.1228
4787,4.1226
4788,4.1223
4789,4.1222
4790,4.122
4791,4.1218
4792,4.1217
4793,4.1215
4794,4.1212
4795,4.121
4796,4.1209
4797,4.1207
4798,4.1204
4799,4.1203
4800,4.1201
4801,4.1199
4802,4.1196
4803,4.1195
4804,4.1193
4805,4.1191
4806,4.1188
4807,4.1187
4808,4.1185
4809,4.1182
4810,4.118
4811,4.1179
4812,4.1176
4813,4.1174
4814,4.1172
4815,4.1171
4816,4.1168
4817,4.1166
4818,4.1163
4819,4.1161
4820,4.116
4821,4.1156
4822,4.1155
4823,4.1153
4824,4.115
4825,4.1148
4826,4.1145
4827,4.1144
4828,4.1142
4829,4.1139
4830,4.1137
4831,4.1134
4832,4.1133
4833,4.1129
4834,4.1128
4835,4.1126
4836,4.1123
4837,4.1121
4838,4.1118
4839,4.1117
4840,4.1114
4841,4.1112
4842,4.1109
4843,4.1107
4844,4.1104
4845,4.1102
4846,4.1099
4847,4.1098
4848,4.1094
4849,4.1093
4850,4.109
4851,4.1086
4852,4.1085
4853,4.1082
4854,4.108
4855,4.1077
4856,4.1075
4857,4.1072
4858,4.1069
4859,4.1067
4860,4.1064
4861,4.1063
4862,4.1059
4863,4.1056
4864,4.1055
4865,4.1052
4866,4.1048
4867,4.1047
4868,4.1044
4869,4.1042
4870,4.1039
4871,4.1036
4872,4.1034
4873,4.1031
4874,4.1028
4875,4.1026
4876,4.1023
4877,4.102
4878,4.1017
4879,4.1015
4880,4.1012
4881,4.1009
4882,4.1007
4883,4.1004
4884,4.1001
4885,4.0997
4886,4.0996
4887,4.0993
4888,4.0989
4889,4.0986
4890,4.0985
4891,4.0982
4892,4.0978
4893,4.0975
4894,4.0974
4895,4.097
4896,4.0967
4897,4.0964
4898,4.0961
4899,4.0959
4900,4.0956
4901,4.0953
4902,4.095
4903,4.0947
4904,4.0945
4905,4.0942
4906,4.0939
4907,4.0935
4908,4.0932
4909,4.0929
4910,4.0927
4911,4.0924
4912,4.0921
4913,4.0918
4914,4.0915
4915,4.0912
4916,4.091
4917,4.0907
4918,4.0904
4919,4.09
4920,4.0897
4921,4.0894
4922,4.0891
4923,4.0888
4924,4.0885
4925,4.0883
4926,4.088
4927,4.0877
4928,4.0873
4929,4.087
4930,4.0867
4931,4.0864
4932,4.0861
4933,4.0858
4934,4.0854
4935,4.0851
4936,4.0848
4937,4.0845
4938,4.0843
4939,4.084
4940,4.0837
4941,4.0834
4942,4.0831
4943,4.0827
4944,4.0824
4945,4.0821
4946,4.0818
4947,4.0815
4948,4.0811
4949,4.0808
4950,4.0805
4951,4.0802
4952,4.0799
4953,4.0796
4954,4.0792
4955,4.0789
4956,4.0786
4957,4.0783
4958,4.078
4959,4.0776
4960,4.0773
4961,4.077
4962,4.0769
4963,4.0765
4964,4.0762
4965,4.0759
4966,4.0756
4967,4.0753
4968,4.0749
4969,4.0746
4970,4.0743
4971,4.074
4972,4.0737
4973,4.0734
4974,4.073
4975,4.0727
4976,4.0724
4977,4.0721
4978,4.0718
4979,4.0714
4980,4.0711
4981,4.0708
4982,4.0705
4983,4.0702
4984,4.0699
4985,4.0695
4986,4.0692
4987,4.0689
4988,4.0686
4989,4.0683
4990,4.0679
4991,4.0676
4992,4.0673
4993,4.067
4994,4.0667
4995,4.0664
4996,4.066
4997,4.0657
4998,4.0654
4999,4.0651
5000,4.0648
5001,4.0644
5002,4.0641
5003,4.0638
5004,4.0635
5005,4.0632
5006,4.0629
5007,4.0625
5008,4.0622
5009,4.0619
5010,4.0617
5011,4.0614
5012,4.0611
5013,4.0608
5014,4.0605
5015,4.0602
5016,4.0598
5017,4.0595
5018,4.0592
5019,4.0589
5020,4.0586
5021,4.0582
5022,4.0579
5023,4.0576
5024,4.0573
5025,4.057
5026,4.0568
5027,4.0565
5028,4.0562
5029,4.0559
5030,4.0555
5031,4.0552
5032,4.0549
5033,4.0546
5034,4.0543
5035,4.054
5036,4.0538
5037,4.0535
5038,4.0532
5039,4.0528
5040,4.0525
5041,4.0522
5042,4.0519
5043,4.0517
5044,4.0514
5045,4.0511
5046,4.0508
5047,4.0505
5048,4.0501
5049,4.05
5050,4.0497
5051,4.0493
5052,4.049
5053,4.0487
5054,4.0485
5055,4.0482
5056,4.0479
5057,4.0476
5058,4.0473
5059,4.0471
5060,4.0468
5061,4.0465
5062,4.0462
5063,4.046
5064,4.0457
5065,4.0454
5066,4.0451
5067,4.0449
5068,4.0446
5069,4.0443
5070,4.0439
5071,4.0438
5072,4.0435
5073,4.0431
5074,4.0428
5075,4.0427
5076,4.0423
5077,4.042
5078,4.0419
5079,4.0416
5080,4.0412
5081,4.0411
5082,4.0408
5083,4.0404
5084,4.0403
5085,4.04
5086,4.0396
5087,4.0395
5088,4.0392
5089,4.0389
5090,4.0387
5091,4.0384
5092,4.0382
5093,4.0379
5094,4.0377
5095,4.0374
5096,4.0373
5097,4.0369
5098,4.0366
5099,4.0365
5100,4.0361
5101,4.036
5102,4.0357
5103,4.0355
5104,4.0352
5105,4.0349
5106,4.0347
5107,4.0344
5108,4.0342
5109,4.0339
5110,4.0338
5111,4.0334
5112,4.0333
5113,4.0331
5114,4.0328
5115,4.0326
5116,4.0323
5117,4.0322
5118,4.0319
5119,4.0317
5120,4.0314
5121,4.0312
5122,4.0309
5123,4.0307
5124,4.0306
5125,4.0303
5126,4.0301
5127,4.0298
5128,4.0296
5129,4.0295
5130,4.0292
5131,4.029
5132,4.0287
5133,4.0285
5134,4.0284
5135,4.028
5136,4.0279
5137,4.0277
5138,4.0274
5139,4.0272
5140,4.0271
5141,4.0268
5142,4.0266
5143,4.0264
5144,4.0261
5145,4.026
5146,4.0258
5147,4.0255
5148,4.0253
5149,4.0252
5150,4.025
5151,4.0247
5152,4.0245
5153,4.0244
5154,4.0242
5155,4.0239
5156,4.0237
5157,4.0236
5158,4.0233
5159,4.0231
5160,4.023
5161,4.0228
5162,4.0226
5163,4.0223
5164,4.0222
5165,4.022
5166,4.0218
5167,4.0217
5168,4.0214
5169,4.0212
5170,4.021
5171,4.0209
5172,4.0207
5173,4.0206
5174,4.0202
5175,4.0201
5176,4.0199
5177,4.0198
5178,4.0196
5179,4.0193
5180,4.0191
5181,4.019
5182,4.0188
5183,4.0187
5184,4.0185
5185,4.0183
5186,4.0182
5187,4.018
5188,4.0177
5189,4.0175
5190,4.0174
5191,4.0172
5192,4.0171
5193,4.0169
5194,4.0168
5195,4.0166
5196,4.0164
5197,4.0161
5198,4.016
5199,4.0158
5200,4.0156
5201,4.0155
5202,4.0153
5203,4.0152
5204,4.015
5205,4.0148
5206,4.0147
5207,4.0145
5208,4.0144
5209,4.0142
5210,4.014
5211,4.0139
5212,4.0137
5213,4.0136
5214,4.0133
5215,4.0131
5216,4.0131
5217,4.0128
5218,4.0126
5219,4.0125
5220,4.0123
5221,4.0121
5222,4.012
5223,4.0118
5224,4.0117
5225,4.0115
5226,4.0113
5227,4.0112
5228,4.011
5229,4.0109
5230,4.0107
5231,4.0106
5232,4.0104
5233,4.0102
5234,4.0101
5235,4.0099
5236,4.0098
5237,4.0096
5238,4.0094
5239,4.0093
5240,4.0091
5241,4.009
5242,4.0088
5243,4.0086
5244,4.0085
5245,4.0083
5246,4.0082
5247,4.008
5248,4.0078
5249,4.0077
5250,4.0075
5251,4.0074
5252,4.0072
5253,4.0071
5254,4.0069
5255,4.0067
5256,4.0066
5257,4.0064
5258,4.0063
5259,4.0061
5260,4.0059
5261,4.0058
5262,4.0056
5263,4.0055
5264,4.0053
5265,4.0051
5266,4.005
5267,4.0048
5268,4.0047
5269,4.0045
5270,4.0043
5271,4.0042
5272,4.004
5273,4.0039
5274,4.0037
5275,4.0036
5276,4.0034
5277,4.0032
5278,4.0031
5279,4.0029
5280,4.0028
5281,4.0026
5282,4.0024
5283,4.0023
5284,4.0021
5285,4.002
5286,4.0018
5287,4.0016
5288,4.0015
5289,4.0013
5290,4.0012
5291,4.001
5292,4.0009
5293,4.0007
5294,4.0005
5295,4.0002
5296,4.0002
5297,3.9999
5298,3.9997
5299,3.9996
5300,3.9994
5301,3.9993
5302,3.9991
5303,3.9989
5304,3.9988
5305,3.9986
5306,3.9985
5307,3.9983
5308,3.9981
5309,3.998
5310,3.9978
5311,3.9977
5312,3.9975
5313,3.9972
5314,3.997
5315,3.9969
5316,3.9967
5317,3.9966
5318,3.9964
5319,3.9962
5320,3.9961
5321,3.9959
5322,3.9958
5323,3.9956
5324,3.9953
5325,3.9951
5326,3.995
5327,3.9948
5328,3.9947
5329,3.9945
5330,3.9943
5331,3.9942
5332,3.9939
5333,3.9937
5334,3.9935
5335,3.9934
5336,3.9932
5337,3.9931
5338,3.9927
5339,3.9926
5340,3.9924
5341,3.9923
5342,3.9921
5343,3.9919
5344,3.9916
5345,3.9915
5346,3.9913
5347,3.9912
5348,3.991
5349,3.9907
5350,3.9905
5351,3.9904
5352,3.9902
5353,3.99
5354,3.9897
5355,3.9896
5356,3.9894
5357,3.9892
5358,3.9889
5359,3.9888
5360,3.9886
5361,3.9885
5362,3.9881
5363,3.988
5364,3.9878
5365,3.9877
5366,3.9873
5367,3.9872
5368,3.987
5369,3.9869
5370,3.9865
5371,3.9864
5372,3.9862
5373,3.9859
5374,3.9857
5375,3.9856
5376,3.9854
5377,3.9851
5378,3.985
5379,3.9846
5380,3.9845
5381,3.9843
5382,3.9842
5383,3.9838
5384,3.9837
5385,3.9835
5386,3.9832
5387,3.983
5388,3.9827
5389,3.9826
5390,3.9824
5391,3.9821
5392,3.9819
5393,3.9816
5394,3.9815
5395,3.9813
5396,3.981
5397,3.9808
5398,3.9805
5399,3.9803
5400,3.9802
5401,3.9799
5402,3.9797
5403,3.9794
5404,3.9792
5405,3.9791
5406,3.9788
5407,3.9786
5408,3.9783
5409,3.9781
5410,3.9778
5411,3.9776
5412,3.9773
5413,3.9772
5414,3.9768
5415,3.9767
5416,3.9764
5417,3.9762
5418,3.9759
5419,3.9757
5420,3.9754
5421,3.9753
5422,3.9749
5423,3.9748
5424,3.9745
5425,3.9743
5426,3.974
5427,3.9738
5428,3.9735
5429,3.9733
5430,3.973
5431,3.9729
5432,3.9726
5433,3.9722
5434,3.9721
5435,3.9718
5436,3.9716
5437,3.9713
5438,3.971
5439,3.9708
5440,3.9705
5441,3.9703
5442,3.97
5443,3.9697
5444,3.9695
5445,3.9692
5446,3.9691
5447,3.9687
5448,3.9684
5449,3.9683
5450,3.9679
5451,3.9678
5452,3.9675
5453,3.9671
5454,3.967
5455,3.9667
5456,3.9664
5457,3.9662
5458,3.9659
5459,3.9656
5460,3.9654
5461,3.9651
5462,3.9648
5463,3.9646
5464,3.9643
5465,3.964
5466,3.9638
5467,3.9635
5468,3.9632
5469,3.963
5470,3.9627
5471,3.9624
5472,3.9622
5473,3.9619
5474,3.9616
5475,3.9613
5476,3.9611
5477,3.9608
5478,3.9605
5479,3.9603
5480,3.96
5481,3.9597
5482,3.9594
5483,3.9592
5484,3.9589
5485,3.9586
5486,3.9582
5487,3.9581
5488,3.9578
5489,3.9574
5490,3.9573
5491,3.957
5492,3.9567
5493,3.9563
5494,3.9562
5495,3.9559
5496,3.9555
5497,3.9552
5498,3.9549
5499,3.9547
5500,3.9544
5501,3.9541
5502,3.9538
5503,3.9536
5504,3.9533
5505,3.953
5506,3.9527
5507,3.9525
5508,3.9522
5509,3.9519
5510,3.9516
5511,3.9514
5512,3.9511
5513,3.9508
5514,3.9505
5515,3.9501
5516,3.95
5517,3.9497
5518,3.9493
5519,3.949
5520,3.9489
5521,3.9485
5522,3.9482
5523,3.9479
5524,3.9476
5525,3.9474
5526,3.9471
5527,3.9468
5528,3.9465
5529,3.9463
5530,3.946
5531,3.9457
5532,3.9454
5533,3.945
5534,3.9449
5535,3.9446
5536,3.9443
5537,3.9439
5538,3.9436
5539,3.9435
5540,3.9431
5541,3.9428
5542,3.9425
5543,3.9422
5544,3.942
5545,3.9417
5546,3.9414
5547,3.9411
5548,3.9409
5549,3.9406
5550,3.9403
5551,3.94
5552,3.9398
5553,3.9395
5554,3.9392
5555,3.9388
5556,3.9387
5557,3.9384
5558,3.9381
5559,3.9377
5560,3.9374
5561,3.9373
5562,3.9369
5563,3.9366
5564,3.9363
5565,3.9361
5566,3.9358
5567,3.9355
5568,3.9352
5569,3.935
5570,3.9347
5571,3.9344
5572,3.9341
5573,3.9339
5574,3.9336
5575,3.9333
5576,3.9331
5577,3.9328
5578,3.9325
5579,3.9322
5580,3.9318
5581,3.9317
5582,3.9314
5583,3.9311
5584,3.9309
5585,3.9306
5586,3.9303
5587,3.9301
5588,3.9298
5589,3.9295
5590,3.9291
5591,3.929
5592,3.9287
5593,3.9284
5594,3.928
5595,3.9279
5596,3.9276
5597,3.9272
5598,3.9271
5599,3.9268
5600,3.9264
5601,3.9263
5602,3.926
5603,3.9256
5604,3.9255
5605,3.9252
5606,3.9249
5607,3.9247
5608,3.9244
5609,3.9241
5610,3.9239
5611,3.9236
5612,3.9233
5613,3.9231
5614,3.9228
5615,3.9225
5616,3.9223
5617,3.922
5618,3.9217
5619,3.9215
5620,3.9212
5621,3.921
5622,3.9207
5623,3.9204
5624,3.9202
5625,3.9199
5626,3.9196
5627,3.9194
5628,3.9191
5629,3.9188
5630,3.9187
5631,3.9183
5632,3.9182
5633,3.9179
5634,3.9175
5635,3.9174
5636,3.9171
5637,3.9169
5638,3.9166
5639,3.9163
5640,3.9161
5641,3.9158
5642,3.9156
5643,3.9153
5644,3.915
5645,3.9148
5646,3.9145
5647,3.9144
5648,3.914
5649,3.9139
5650,3.9136
5651,3.9132
5652,3.9131
5653,3.9128
5654,3.9126
5655,3.9123
5656,3.9121
5657,3.9118
5658,3.9117
5659,3.9113
5660,3.911
5661,3.9109
5662,3.9105
5663,3.9104
5664,3.9101
5665,3.9099
5666,3.9096
5667,3.9094
5668,3.9091
5669,3.909
5670,3.9086
5671,3.9085
5672,3.9082
5673,3.908
5674,3.9077
5675,3.9075
5676,3.9072
5677,3.907
5678,3.9067
5679,3.9064
5680,3.9063
5681,3.9059
5682,3.9058
5683,3.9055
5684,3.9053
5685,3.905
5686,3.9048
5687,3.9045
5688,3.9043
5689,3.9042
5690,3.9039
5691,3.9035
5692,3.9034
5693,3.9032
5694,3.9029
5695,3.9028
5696,3.9024
5697,3.9023
5698,3.902
5699,3.9018
5700,3.9015
5701,3.9013
5702,3.901
5703,3.9008
5704,3.9005
5705,3.9004
5706,3.9001
5707,3.8999
5708,3.8997
5709,3.8994
5710,3.8993
5711,3.8989
5712,3.8988
5713,3.8985
5714,3.8983
5715,3.898
5716,3.8978
5717,3.8975
5718,3.8973
5719,3.897
5720,3.8969
5721,3.8967
5722,3.8964
5723,3.8962
5724,3.8959
5725,3.8958
5726,3.8954
5727,3.8953
5728,3.895
5729,3.8948
5730,3.8945
5731,3.8943
5732,3.8942
5733,3.8939
5734,3.8937
5735,3.8934
5736,3.8932
5737,3.8929
5738,3.8927
5739,3.8924
5740,3.8923
5741,3.8921
5742,3.8918
5743,3.8916
5744,3.8913
5745,3.8911
5746,3.8908
5747,3.8907
5748,3.8904
5749,3.8902
5750,3.89
5751,3.8897
5752,3.8896
5753,3.8892
5754,3.8891
5755,3.8889
5756,3.8886
5757,3.8884
5758,3.8881
5759,3.888
5760,3.8877
5761,3.8875
5762,3.8872
5763,3.887
5764,3.8867
5765,3.8865
5766,3.8864
5767,3.8861
5768,3.8859
5769,3.8856
5770,3.8854
5771,3.8853
5772,3.8849
5773,3.8848
5774,3.8845
5775,3.8843
5776,3.884
5777,3.8838
5778,3.8835
5779,3.8834
5780,3.883
5781,3.8829
5782,3.8827
5783,3.8824
5784,3.8822
5785,3.8819
5786,3.8818
5787,3.8814
5788,3.8813
5789,3.881
5790,3.8808
5791,3.8805
5792,3.8803
5793,3.8802
5794,3.8799
5795,3.8797
5796,3.8794
5797,3.8792
5798,3.8789
5799,3.8787
5800,3.8784
5801,3.8783
5802,3.878
5803,3.8778
5804,3.8775
5805,3.8773
5806,3.8772
5807,3.8768
5808,3.8767
5809,3.8764
5810,3.8762
5811,3.8759
5812,3.8757
5813,3.8754
5814,3.8752
5815,3.8749
5816,3.8748
5817,3.8745
5818,3.8743
5819,3.874
5820,3.8738
5821,3.8735
5822,3.8733
5823,3.873
5824,3.8729
5825,3.8727
5826,3.8724
5827,3.8721
5828,3.8719
5829,3.8716
5830,3.8714
5831,3.8711
5832,3.871
5833,3.8708
5834,3.8705
5835,3.8703
5836,3.87
5837,3.8698
5838,3.8695
5839,3.8694
5840,3.869
5841,3.8689
5842,3.8686
5843,3.8683
5844,3.8681
5845,3.8678
5846,3.8676
5847,3.8673
5848,3.8671
5849,3.8668
5850,3.8667
5851,3.8663
5852,3.8662
5853,3.8659
5854,3.8657
5855,3.8654
5856,3.8652
5857,3.8649
5858,3.8648
5859,3.8644
5860,3.8643
5861,3.864
5862,3.8636
5863,3.8635
5864,3.8632
5865,3.863
5866,3.8627
5867,3.8625
5868,3.8622
5869,3.8621
5870,3.8617
5871,3.8616
5872,3.8613
5873,3.8611
5874,3.8608
5875,3.8605
5876,3.8603
5877,3.86
5878,3.8598
5879,3.8595
5880,3.8593
5881,3.859
5882,3.8589
5883,3.8586
5884,3.8584
5885,3.8581
5886,3.8578
5887,3.8576
5888,3.8573
5889,3.8571
5890,3.8568
5891,3.8566
5892,3.8563
5893,3.8562
5894,3.8559
5895,3.8555
5896,3.8554
5897,3.8551
5898,3.8549
5899,3.8546
5900,3.8544
5901,3.8541
5902,3.8538
5903,3.8536
5904,3.8533
5905,3.8531
5906,3.8528
5907,3.8527
5908,3.8524
5909,3.8522
5910,3.8519
5911,3.8516
5912,3.8514
5913,3.8511
5914,3.8509
5915,3.8506
5916,3.8503
5917,3.8501
5918,3.8498
5919,3.8497
5920,3.8493
5921,3.8492
5922,3.8489
5923,3.8487
5924,3.8484
5925,3.8481
5926,3.8479
5927,3.8476
5928,3.8474
5929,3.8471
5930,3.8468
5931,3.8466
5932,3.8463
5933,3.8462
5934,3.8458
5935,3.8457
5936,3.8454
5937,3.845
5938,3.8449
5939,3.8446
5940,3.8444
5941,3.8441
5942,3.8438
5943,3.8436
5944,3.8433
5945,3.8431
5946,3.8428
5947,3.8427
5948,3.8423
5949,3.8422
5950,3.8419
5951,3.8417
5952,3.8414
5953,3.8411
5954,3.8409
5955,3.8406
5956,3.8404
5957,3.8401
5958,3.8398
5959,3.8396
5960,3.8393
5961,3.8392
5962,3.8388
5963,3.8387
5964,3.8384
5965,3.8382
5966,3.8379
5967,3.8377
5968,3.8374
5969,3.8371
5970,3.8369
5971,3.8366
5972,3.8365
5973,3.8361
5974,3.836
5975,3.8357
5976,3.8355
5977,3.8352
5978,3.8349
5979,3.8347
5980,3.8344
5981,3.8342
5982,3.8339
5983,3.8338
5984,3.8334
5985,3.8333
5986,3.833
5987,3.8328
5988,3.8325
5989,3.8323
5990,3.832
5991,3.8318
5992,3.8315
5993,3.8312
5994,3.831
5995,3.8309
5996,3.8306
5997,3.8303
5998,3.8301
5999,3.8298
6000,3.8296
6001,3.8293
6002,3.8291
6003,3.8288
6004,3.8287
6005,3.8283
6006,3.8282
6007,3.8279
6008,3.8277
6009,3.8274
6010,3.8272
6011,3.8269
6012,3.8268
6013,3.8264
6014,3.8263
6015,3.826
6016,3.8258
6017,3.8255
6018,3.8253
6019,3.825
6020,3.8248
6021,3.8245
6022,3.8244
6023,3.8241
6024,3.8239
6025,3.8237
6026,3.8234
6027,3.8233
6028,3.8229
6029,3.8228
6030,3.8225
6031,3.8223
6032,3.822
6033,3.8218
6034,3.8215
6035,3.8214
6036,3.821
6037,3.8209
6038,3.8206
6039,3.8204
6040,3.8202
6041,3.8199
6042,3.8198
6043,3.8194
6044,3.8193
6045,3.819
6046,3.8188
6047,3.8185
6048,3.8183
6049,3.8182
6050,3.8179
6051,3.8177
6052,3.8174
6053,3.8172
6054,3.8171
6055,3.8167
6056,3.8166
6057,3.8163
6058,3.8161
6059,3.8158
6060,3.8156
6061,3.8153
6062,3.8151
6063,3.815
6064,3.8147
6065,3.8145
6066,3.8142
6067,3.814
6068,3.8139
6069,3.8136
6070,3.8134
6071,3.8132
6072,3.8129
6073,3.8128
6074,3.8124
6075,3.8123
6076,3.8121
6077,3.8118
6078,3.8117
6079,3.8113
6080,3.8112
6081,3.811
6082,3.8107
6083,3.8105
6084,3.8102
6085,3.8101
6086,3.8099
6087,3.8096
6088,3.8094
6089,3.8093
6090,3.8089
6091,3.8088
6092,3.8086
6093,3.8083
6094,3.8082
6095,3.808
6096,3.8077
6097,3.8075
6098,3.8072
6099,3.807
6100,3.8069
6101,3.8066
6102,3.8064
6103,3.8062
6104,3.8059
6105,3.8058
6106,3.8056
6107,3.8053
6108,3.8051
6109,3.805
6110,3.8047
6111,3.8045
6112,3.8043
6113,3.804
6114,3.8039
6115,3.8037
6116,3.8035
6117,3.8032
6118,3.8031
6119,3.8029
6120,3.8026
6121,3.8024
6122,3.8023
6123,3.802
6124,3.8018
6125,3.8016
6126,3.8013
6127,3.8012
6128,3.801
6129,3.8007
6130,3.8005
6131,3.8004
6132,3.8
6133,3.7999
6134,3.7997
6135,3.7996
6136,3.7993
6137,3.7991
6138,3.7989
6139,3.7988
6140,3.7985
6141,3.7983
6142,3.7981
6143,3.7978
6144,3.7977
6145,3.7975
6146,3.7973
6147,3.797
6148,3.7969
6149,3.7967
6150,3.7965
6151,3.7962
6152,3.7961
6153,3.7959
6154,3.7956
6155,3.7954
6156,3.7953
6157,3.7951
6158,3.7948
6159,3.7946
6160,3.7945
6161,3.7943
6162,3.794
6163,3.7938
6164,3.7937
6165,3.7935
6166,3.7932
6167,3.7931
6168,3.7929
6169,3.7927
6170,3.7924
6171,3.7923
6172,3.7921
6173,3.7919
6174,3.7918
6175,3.7915
6176,3.7913
6177,3.7911
6178,3.791
6179,3.7907
6180,3.7905
6181,3.7903
6182,3.7902
6183,3.7899
6184,3.7897
6185,3.7896
6186,3.7894
6187,3.7892
6188,3.7889
6189,3.7888
6190,3.7886
6191,3.7884
6192,3.7881
6193,3.788
6194,3.7878
6195,3.7876
6196,3.7875
6197,3.7872
6198,3.787
6199,3.7868
6200,3.7867
6201,3.7865
6202,3.7862
6203,3.7861
6204,3.7859
6205,3.7857
6206,3.7856
6207,3.7853
6208,3.7851
6209,3.7849
6210,3.7848
6211,3.7846
6212,3.7843
6213,3.7841
6214,3.784
6215,3.7838
6216,3.7837
6217,3.7835
6218,3.7832
6219,3.783
6220,3.7829
6221,3.7827
6222,3.7826
6223,3.7822
6224,3.7821
6225,3.7819
6226,3.7818
6227,3.7816
6228,3.7814
6229,3.7811
6230,3.781
6231,3.7808
6232,3.7806
6233,3.7805
6234,3.7802
6235,3.78
6236,3.7799
6237,3.7797
6238,3.7795
6239,3.7794
6240,3.7791
6241,3.7789
6242,3.7787
6243,3.7786
6244,3.7784
6245,3.7783
6246,3.7779
6247,3.7778
6248,3.7776
6249,3.7775
6250,3.7773
6251,3.7772
6252,3.777
6253,3.7767
6254,3.7765
6255,3.7764
6256,3.7762
6257,3.776
6258,3.7759
6259,3.7756
6260,3.7754
6261,3.7752
6262,3.7751
6263,3.7749
6264,3.7748
6265,3.7746
6266,3.7743
6267,3.7741
6268,3.774
6269,3.7738
6270,3.7737
6271,3.7735
6272,3.7733
6273,3.773
6274,3.7729
6275,3.7727
6276,3.7725
6277,3.7724
6278,3.7722
6279,3.7721
6280,3.7717
6281,3.7716
6282,3.7714
6283,3.7713
6284,3.7711
6285,3.771
6286,3.7708
6287,3.7706
6288,3.7705
6289,3.7702
6290,3.77
6291,3.7698
6292,3.7697
6293,3.7695
6294,3.7694
6295,3.7692
6296,3.7689
6297,3.7687
6298,3.7686
6299,3.7684
6300,3.7682
6301,3.7681
6302,3.7679
6303,3.7678
6304,3.7676
6305,3.7673
6306,3.7671
6307,3.767
6308,3.7668
6309,3.7667
6310,3.7665
6311,3.7663
6312,3.766
6313,3.7659
6314,3.7657
6315,3.7655
6316,3.7654
6317,3.7652
6318,3.7651
6319,3.7649
6320,3.7647
6321,3.7644
6322,3.7643
6323,3.7641
6324,3.764
6325,3.7638
6326,3.7636
6327,3.7635
6328,3.7633
6329,3.7632
6330,3.763
6331,3.7627
6332,3.7625
6333,3.7624
6334,3.7622
6335,3.762
6336,3.7619
6337,3.7617
6338,3.7616
6339,3.7614
6340,3.7613
6341,3.7609
6342,3.7608
6343,3.7606
6344,3.7605
6345,3.7603
6346,3.7601
6347,3.76
6348,3.7598
6349,3.7595
6350,3.7593
6351,3.7592
6352,3.759
6353,3.7589
6354,3.7587
6355,3.7585
6356,3.7584
6357,3.7582
6358,3.7581
6359,3.7579
6360,3.7576
6361,3.7574
6362,3.7573
6363,3.7571
6364,3.757
6365,3.7568
6366,3.7566
6367,3.7565
6368,3.7563
6369,3.756
6370,3.7558
6371,3.7557
6372,3.7555
6373,3.7554
6374,3.7552
6375,3.7551
6376,3.7549
6377,3.7547
6378,3.7546
6379,3.7544
6380,3.7543
6381,3.7539
6382,3.7538
6383,3.7536
6384,3.7535
6385,3.7533
6386,3.7531
6387,3.753
6388,3.7528
6389,3.7527
6390,3.7525
6391,3.7523
6392,3.752
6393,3.7519
6394,3.7517
6395,3.7516
6396,3.7514
6397,3.7512
6398,3.7511
6399,3.7509
6400,3.7508
6401,3.7506
6402,3.7503
6403,3.7501
6404,3.75
6405,3.7498
6406,3.7496
6407,3.7495
6408,3.7493
6409,3.7492
6410,3.749
6411,3.7489
6412,3.7487
6413,3.7484
6414,3.7482
6415,3.7481
6416,3.7479
6417,3.7477
6418,3.7476
6419,3.7474
6420,3.7473
6421,3.7471
6422,3.7469
6423,3.7468
6424,3.7465
6425,3.7463
6426,3.7461
6427,3.746
6428,3.7458
6429,3.7457
6430,3.7455
6431,3.7454
6432,3.7452
6433,3.745
6434,3.7449
6435,3.7447
6436,3.7444
6437,3.7442
6438,3.7441
6439,3.7439
6440,3.7438
6441,3.7436
6442,3.7434
6443,3.7433
6444,3.7431
6445,3.743
6446,3.7428
6447,3.7425
6448,3.7423
6449,3.7422
6450,3.742
6451,3.7419
6452,3.7417
6453,3.7415
6454,3.7414
6455,3.7412
6456,3.7411
6457,3.7409
6458,3.7406
6459,3.7404
6460,3.7403
6461,3.7401
6462,3.7399
6463,3.7398
6464,3.7396
6465,3.7395
6466,3.7393
6467,3.7392
6468,3.739
6469,3.7387
6470,3.7385
6471,3.7384
6472,3.7384
6473,3.738
6474,3.7379
6475,3.7377
6476,3.7376
6477,3.7374
6478,3.7372
6479,3.7371
6480,3.7368
6481,3.7368
6482,3.7364
6483,3.7363
6484,3.7361
6485,3.736
6486,3.7358
6487,3.7357
6488,3.7355
6489,3.7353
6490,3.735
6491,3.735
6492,3.7347
6493,3.7345
6494,3.7344
6495,3.7342
6496,3.7341
6497,3.7339
6498,3.7337
6499,3.7336
6500,3.7334
6501,3.7333
6502,3.733
6503,3.7328
6504,3.7326
6505,3.7325
6506,3.7323
6507,3.7322
6508,3.732
6509,3.7318
6510,3.7317
6511,3.7315
6512,3.7314
6513,3.7312
6514,3.7309
6515,3.7307
6516,3.7306
6517,3.7304
6518,3.7302
6519,3.7301
6520,3.7299
6521,3.7298
6522,3.7296
6523,3.7293
6524,3.7291
6525,3.729
6526,3.7288
6527,3.7287
6528,3.7285
6529,3.7283
6530,3.7282
6531,3.728
6532,3.7279
6533,3.7275
6534,3.7274
6535,3.7272
6536,3.7271
6537,3.7269
6538,3.7268
6539,3.7266
6540,3.7264
6541,3.7263
6542,3.7261
6543,3.7258
6544,3.7256
6545,3.7255
6546,3.7253
6547,3.7252
6548,3.725
6549,3.7248
6550,3.7247
6551,3.7245
6552,3.7242
6553,3.724
6554,3.7239
6555,3.7237
6556,3.7236
6557,3.7234
6558,3.7233
6559,3.7231
6560,3.7229
6561,3.7228
6562,3.7225
6563,3.7223
6564,3.7221
6565,3.722
6566,3.7218
6567,3.7217
6568,3.7215
6569,3.7213
6570,3.7212
6571,3.7209
6572,3.7207
6573,3.7206
6574,3.7204
6575,3.7202
6576,3.7201
6577,3.7199
6578,3.7198
6579,3.7196
6580,3.7194
6581,3.7191
6582,3.719
6583,3.7188
6584,3.7186
6585,3.7185
6586,3.7183
6587,3.7182
6588,3.718
6589,3.7178
6590,3.7175
6591,3.7174
6592,3.7172
6593,3.7171
6594,3.7169
6595,3.7167
6596,3.7166
6597,3.7164
6598,3.7161
6599,3.7161
6600,3.7158
6601,3.7156
6602,3.7155
6603,3.7153
6604,3.7151
6605,3.715
6606,3.7148
6607,3.7145
6608,3.7143
6609,3.7142
6610,3.714
6611,3.7139
6612,3.7137
6613,3.7136
6614,3.7134
6615,3.7131
6616,3.7129
6617,3.7128
6618,3.7126
6619,3.7124
6620,3.7123
6621,3.7121
6622,3.712
6623,3.7116
6624,3.7115
6625,3.7113
6626,3.7112
6627,3.711
6628,3.7109
6629,3.7107
6630,3.7105
6631,3.7102
6632,3.7101
6633,3.7099
6634,3.7097
6635,3.7096
6636,3.7094
6637,3.7093
6638,3.7091
6639,3.7088
6640,3.7086
6641,3.7085
6642,3.7083
6643,3.7081
6644,3.708
6645,3.7078
6646,3.7077
6647,3.7074
6648,3.7072
6649,3.707
6650,3.7069
6651,3.7067
6652,3.7066
6653,3.7064
6654,3.7062
6655,3.7059
6656,3.7058
6657,3.7056
6658,3.7054
6659,3.7053
6660,3.7051
6661,3.705
6662,3.7048
6663,3.7045
6664,3.7043
6665,3.7042
6666,3.704
6667,3.7039
6668,3.7037
6669,3.7035
6670,3.7032
6671,3.7031
6672,3.7029
6673,3.7027
6674,3.7026
6675,3.7024
6676,3.7023
6677,3.7021
6678,3.7018
6679,3.7016
6680,3.7015
6681,3.7013
6682,3.7012
6683,3.701
6684,3.7007
6685,3.7005
6686,3.7004
6687,3.7002
6688,3.7
6689,3.6999
6690,3.6997
6691,3.6996
6692,3.6992
6693,3.6991
6694,3.6989
6695,3.6988
6696,3.6986
6697,3.6985
6698,3.6983
6699,3.698
6700,3.6978
6701,3.6977
6702,3.6975
6703,3.6973
6704,3.6972
6705,3.6969
6706,3.6967
6707,3.6965
6708,3.6964
6709,3.6962
6710,3.6961
6711,3.6959
6712,3.6957
6713,3.6954
6714,3.6953
6715,3.6951
6716,3.695
6717,3.6948
6718,3.6946
6719,3.6945
6720,3.6942
6721,3.694
6722,3.6938
6723,3.6937
6724,3.6935
6725,3.6934
6726,3.6932
6727,3.6929
6728,3.6927
6729,3.6926
6730,3.6924
6731,3.6922
6732,3.6921
6733,3.6918
6734,3.6916
6735,3.6915
6736,3.6913
6737,3.6911
6738,3.691
6739,3.6908
6740,3.6905
6741,3.6903
6742,3.6902
6743,3.69
6744,3.6899
6745,3.6897
6746,3.6895
6747,3.6892
6748,3.6891
6749,3.6889
6750,3.6888
6751,3.6886
6752,3.6884
6753,3.6881
6754,3.688
6755,3.6878
6756,3.6876
6757,3.6875
6758,3.6873
6759,3.6872
6760,3.687
6761,3.6867
6762,3.6865
6763,3.6864
6764,3.6862
6765,3.686
6766,3.6859
6767,3.6856
6768,3.6854
6769,3.6853
6770,3.6851
6771,3.6849
6772,3.6848
6773,3.6845
6774,3.6843
6775,3.6841
6776,3.684
6777,3.6838
6778,3.6837
6779,3.6835
6780,3.6833
6781,3.683
6782,3.6829
6783,3.6827
6784,3.6826
6785,3.6824
6786,3.6821
6787,3.6819
6788,3.6818
6789,3.6816
6790,3.6814
6791,3.6813
6792,3.6811
6793,3.6808
6794,3.6806
6795,3.6805
6796,3.6803
6797,3.6802
6798,3.68
6799,3.6798
6800,3.6795
6801,3.6794
6802,3.6792
6803,3.6791
6804,3.6789
6805,3.6787
6806,3.6786
6807,3.6784
6808,3.6781
6809,3.6779
6810,3.6778
6811,3.6776
6812,3.6775
6813,3.6773
6814,3.677
6815,3.6768
6816,3.6767
6817,3.6765
6818,3.6764
6819,3.6762
6820,3.676
6821,3.6759
6822,3.6756
6823,3.6754
6824,3.6752
6825,3.6751
6826,3.6749
6827,3.6748
6828,3.6746
6829,3.6743
6830,3.6741
6831,3.674
6832,3.6738
6833,3.6736
6834,3.6735
6835,3.6733
6836,3.673
6837,3.6729
6838,3.6727
6839,3.6725
6840,3.6724
6841,3.6722
6842,3.6721
6843,3.6717
6844,3.6716
6845,3.6714
6846,3.6713
6847,3.6711
6848,3.6709
6849,3.6708
6850,3.6705
6851,3.6703
6852,3.6701
6853,3.67
6854,3.6698
6855,3.6697
6856,3.6695
6857,3.6694
6858,3.669
6859,3.6689
6860,3.6687
6861,3.6686
6862,3.6684
6863,3.6682
6864,3.6681
6865,3.6679
6866,3.6676
6867,3.6674
6868,3.6673
6869,3.6671
6870,3.667
6871,3.6668
6872,3.6667
6873,3.6665
6874,3.6663
6875,3.666
6876,3.6659
6877,3.6657
6878,3.6655
6879,3.6654
6880,3.6652
6881,3.6651
6882,3.6647
6883,3.6646
6884,3.6644
6885,3.6643
6886,3.6641
6887,3.6639
6888,3.6638
6889,3.6636
6890,3.6635
6891,3.6632
6892,3.663
6893,3.6628
6894,3.6627
6895,3.6625
6896,3.6624
6897,3.6622
6898,3.662
6899,3.6619
6900,3.6616
6901,3.6614
6902,3.6612
6903,3.6611
6904,3.6609
6905,3.6608
6906,3.6606
6907,3.6605
6908,3.6603
6909,3.66
6910,3.6598
6911,3.6597
6912,3.6595
6913,3.6593
6914,3.6592
6915,3.659
6916,3.6589
6917,3.6587
6918,3.6585
6919,3.6582
6920,3.6581
6921,3.6579
6922,3.6577
6923,3.6576
6924,3.6574
6925,3.6573
6926,3.6571
6927,3.657
6928,3.6568
6929,3.6565
6930,3.6563
6931,3.6562
6932,3.656
6933,3.6558
6934,3.6557
6935,3.6555
6936,3.6554
6937,3.6552
6938,3.655
6939,3.6549
6940,3.6547
6941,3.6546
6942,3.6543
6943,3.6541
6944,3.6539
6945,3.6538
6946,3.6536
6947,3.6535
6948,3.6533
6949,3.6531
6950,3.653
6951,3.6528
6952,3.6525
6953,3.6523
6954,3.6522
6955,3.652
6956,3.6519
6957,3.6517
6958,3.6515
6959,3.6514
6960,3.6512
6961,3.6511
6962,3.6509
6963,3.6508
6964,3.6504
6965,3.6503
6966,3.6501
6967,3.65
6968,3.6498
6969,3.6496
6970,3.6495
6971,3.6493
6972,3.6492
6973,3.649
6974,3.6488
6975,3.6485
6976,3.6484
6977,3.6482
6978,3.648
6979,3.6479
6980,3.6477
6981,3.6476
6982,3.6474
6983,3.6473
6984,3.6471
6985,3.6469
6986,3.6468
6987,3.6465
6988,3.6463
6989,3.6461
6990,3.646
6991,3.6458
6992,3.6457
6993,3.6455
6994,3.6453
6995,3.6452
6996,3.645
6997,3.6449
6998,3.6446
6999,3.6444
7000,3.6442
7001,3.6441
7002,3.6439
7003,3.6438
7004,3.6436
7005,3.6434
7006,3.6433
7007,3.643
7008,3.6428
7009,3.6426
7010,3.6425
7011,3.6423
7012,3.6422
7013,3.642
7014,3.6418
7015,3.6417
7016,3.6415
7017,3.6412
7018,3.6411
7019,3.6409
7020,3.6407
7021,3.6406
7022,3.6404
7023,3.6403
7024,3.6399
7025,3.6399
7026,3.6396
7027,3.6395
7028,3.6393
7029,3.6391
7030,3.639
7031,3.6388
7032,3.6387
7033,3.6384
7034,3.6382
7035,3.638
7036,3.6379
7037,3.6377
7038,3.6376
7039,3.6374
7040,3.6372
7041,3.6369
7042,3.6368
7043,3.6366
7044,3.6364
7045,3.6363
7046,3.6361
7047,3.6358
7048,3.6356
7049,3.6355
7050,3.6353
7051,3.6352
7052,3.635
7053,3.6349
7054,3.6345
7055,3.6344
7056,3.6342
7057,3.6341
7058,3.6339
7059,3.6337
7060,3.6334
7061,3.6333
7062,3.6331
7063,3.6329
7064,3.6328
7065,3.6326
7066,3.6323
7067,3.6322
7068,3.632
7069,3.6318
7070,3.6317
7071,3.6314
7072,3.6312
7073,3.631
7074,3.6309
7075,3.6307
7076,3.6304
7077,3.6302
7078,3.6301
7079,3.6299
7080,3.6298
7081,3.6294
7082,3.6293
7083,3.6291
7084,3.629
7085,3.6287
7086,3.6285
7087,3.6283
7088,3.6282
7089,3.6279
7090,3.6277
7091,3.6275
7092,3.6274
7093,3.6272
7094,3.6269
7095,3.6267
7096,3.6266
7097,3.6264
7098,3.6261
7099,3.626
7100,3.6258
7101,3.6255
7102,3.6253
7103,3.6252
7104,3.625
7105,3.6247
7106,3.6245
7107,3.6244
7108,3.624
7109,3.6239
7110,3.6237
7111,3.6234
7112,3.6232
7113,3.6231
7114,3.6228
7115,3.6226
7116,3.6225
7117,3.6221
7118,3.622
7119,3.6218
7120,3.6217
7121,3.6213
7122,3.6212
7123,3.6209
7124,3.6207
7125,3.6205
7126,3.6202
7127,3.6201
7128,3.6199
7129,3.6196
7130,3.6194
7131,3.6191
7132,3.619
7133,3.6188
7134,3.6185
7135,3.6183
7136,3.618
7137,3.6178
7138,3.6177
7139,3.6174
7140,3.6172
7141,3.6169
7142,3.6167
7143,3.6164
7144,3.6163
7145,3.6159
7146,3.6158
7147,3.6155
7148,3.6153
7149,3.6151
7150,3.6148
7151,3.6147
7152,3.6143
7153,3.6142
7154,3.6139
7155,3.6135
7156,3.6134
7157,3.6131
7158,3.6129
7159,3.6126
7160,3.6124
7161,3.6121
7162,3.612
7163,3.6116
7164,3.6115
7165,3.6112
7166,3.611
7167,3.6107
7168,3.6104
7169,3.6102
7170,3.6099
7171,3.6097
7172,3.6094
7173,3.6091
7174,3.6089
7175,3.6086
7176,3.6083
7177,3.6081
7178,3.6078
7179,3.6075
7180,3.6073
7181,3.607
7182,3.6067
7183,3.6066
7184,3.6062
7185,3.6059
7186,3.6056
7187,3.6054
7188,3.6051
7189,3.6048
7190,3.6045
7191,3.6043
7192,3.604
7193,3.6037
7194,3.6034
7195,3.6032
7196,3.6029
7197,3.6026
7198,3.6023
7199,3.6019
7200,3.6016
7201,3.6015
7202,3.6011
7203,3.6008
7204,3.6005
7205,3.6002
7206,3.5999
7207,3.5996
7208,3.5994
7209,3.5991
7210,3.5988
7211,3.5984
7212,3.5981
7213,3.5978
7214,3.5975
7215,3.5972
7216,3.5969
7217,3.5965
7218,3.5962
7219,3.5959
7220,3.5956
7221,3.5953
7222,3.5949
7223,3.5946
7224,3.5942
7225,3.5938
7226,3.5935
7227,3.5932
7228,3.5929
7229,3.5926
7230,3.5922
7231,3.5919
7232,3.5916
7233,3.5911
7234,3.5908
7235,3.5905
7236,3.5902
7237,3.5897
7238,3.5894
7239,3.5891
7240,3.5887
7241,3.5883
7242,3.588
7243,3.5876
7244,3.5872
7245,3.5868
7246,3.5865
7247,3.5862
7248,3.5857
7249,3.5854
7250,3.5849
7251,3.5846
7252,3.5843
7253,3.5838
7254,3.5835
7255,3.583
7256,3.5827
7257,3.5822
7258,3.5819
7259,3.5814
7260,3.5811
7261,3.5806
7262,3.5803
7263,3.5798
7264,3.5795
7265,3.579
7266,3.5786
7267,3.5783
7268,3.5778
7269,3.5775
7270,3.577
7271,3.5765
7272,3.5762
7273,3.5757
7274,3.5752
7275,3.5749
7276,3.5744
7277,3.574
7278,3.5735
7279,3.573
7280,3.5727
7281,3.5722
7282,3.5717
7283,3.5713
7284,3.5708
7285,3.5705
7286,3.57
7287,3.5695
7288,3.569
7289,3.5686
7290,3.5681
7291,3.5676
7292,3.5671
7293,3.5666
7294,3.5662
7295,3.5657
7296,3.5652
7297,3.5647
7298,3.5643
7299,3.5638
7300,3.5633
7301,3.5628
7302,3.5624
7303,3.5619
7304,3.5614
7305,3.5608
7306,3.5603
7307,3.5598
7308,3.5593
7309,3.5589
7310,3.5584
7311,3.5577
7312,3.5573
7313,3.5568
7314,3.5563
7315,3.5557
7316,3.5552
7317,3.5547
7318,3.5542
7319,3.5536
7320,3.5531
7321,3.5525
7322,3.552
7323,3.5515
7324,3.5509
7325,3.5504
7326,3.55
7327,3.5493
7328,3.5488
7329,3.5484
7330,3.5477
7331,3.5472
7332,3.5466
7333,3.5461
7334,3.5455
7335,3.545
7336,3.5444
7337,3.5439
7338,3.5433
7339,3.5428
7340,3.5422
7341,3.5417
7342,3.541
7343,3.5406
7344,3.5399
7345,3.5395
7346,3.5388
7347,3.5383
7348,3.5377
7349,3.5372
7350,3.5366
7351,3.536
7352,3.5355
7353,3.5348
7354,3.5344
7355,3.5337
7356,3.5331
7357,3.5326
7358,3.532
7359,3.5314
7360,3.5309
7361,3.5302
7362,3.5298
7363,3.5291
7364,3.5285
7365,3.528
7366,3.5274
7367,3.5267
7368,3.5263
7369,3.5256
7370,3.525
7371,3.5245
7372,3.5239
7373,3.5232
7374,3.5226
7375,3.5221
7376,3.5215
7377,3.5209
7378,3.5202
7379,3.5197
7380,3.5191
7381,3.5185
7382,3.5178
7383,3.5172
7384,3.5166
7385,3.5159
7386,3.5155
7387,3.5148
7388,3.5142
7389,3.5135
7390,3.5129
7391,3.5123
7392,3.5116
7393,3.511
7394,3.5104
7395,3.5097
7396,3.5091
7397,3.5083
7398,3.5077
7399,3.507
7400,3.5064
7401,3.5058
7402,3.5051
7403,3.5043
7404,3.5037
7405,3.5031
7406,3.5023
7407,3.5016
7408,3.5008
7409,3.5002
7410,3.4994
7411,3.4988
7412,3.498
7413,3.4973
7414,3.4965
7415,3.4957
7416,3.4951
7417,3.4943
7418,3.4935
7419,3.4927
7420,3.4919
7421,3.4911
7422,3.4905
7423,3.4895
7424,3.4887
7425,3.4879
7426,3.4872
7427,3.4864
7428,3.4856
7429,3.4846
7430,3.4838
7431,3.4829
7432,3.4821
7433,3.4811
7434,3.4803
7435,3.4794
7436,3.4786
7437,3.4776
7438,3.4767
7439,3.4757
7440,3.4747
7441,3.4738
7442,3.4728
7443,3.4719
7444,3.4709
7445,3.4698
7446,3.4689
7447,3.4679
7448,3.4668
7449,3.4658
7450,3.4647
7451,3.4636
7452,3.4627
7453,3.4616
7454,3.4604
7455,3.4593
7456,3.4582
7457,3.4571
7458,3.456
7459,3.4547
7460,3.4536
7461,3.4523
7462,3.4512
7463,3.4499
7464,3.4488
7465,3.4476
7466,3.4463
7467,3.445
7468,3.4437
7469,3.4425
7470,3.4412
7471,3.4399
7472,3.4387
7473,3.4372
7474,3.436
7475,3.4345
7476,3.4333
7477,3.4318
7478,3.4304
7479,3.429
7480,3.4275
7481,3.4261
7482,3.4247
7483,3.4232
7484,3.4218
7485,3.4202
7486,3.4188
7487,3.4172
7488,3.4156
7489,3.4142
7490,3.4126
7491,3.411
7492,3.4094
7493,3.4078
7494,3.4061
7495,3.4045
7496,3.4029
7497,3.4011
7498,3.3994
7499,3.3978
7500,3.396
7501,3.3943
7502,3.3926
7503,3.3908
7504,3.3891
7505,3.3873
7506,3.3856
7507,3.3836
7508,3.3819
7509,3.38
7510,3.3781
7511,3.3762
7512,3.3744
7513,3.3725
7514,3.3706
7515,3.3685
7516,3.3666
7517,3.3647
7518,3.3627
7519,3.3606
7520,3.3587
7521,3.3566
7522,3.3546
7523,3.3525
7524,3.3504
7525,3.3482
7526,3.3461
7527,3.3441
7528,3.3418
7529,3.3396
7530,3.3374
7531,3.3352
7532,3.3329
7533,3.3307
7534,3.3284
7535,3.3261
7536,3.3238
7537,3.3215
7538,3.3191
7539,3.3167
7540,3.3143
7541,3.3119
7542,3.3095
7543,3.307
7544,3.3044
7545,3.3021
7546,3.2995
7547,3.297
7548,3.2944
7549,3.2917
7550,3.2892
7551,3.2865
7552,3.2839
7553,3.2812
7554,3.2785
7555,3.2758
7556,3.273
7557,3.2703
7558,3.2674
7559,3.2645
7560,3.2617
7561,3.2588
7562,3.256
7563,3.2529
7564,3.2501
7565,3.2471
7566,3.244
7567,3.241
7568,3.2378
7569,3.2348
7570,3.2316
7571,3.2285
7572,3.2253
7573,3.2221
7574,3.2188
7575,3.2154
7576,3.2123
7577,3.2089
7578,3.2054
7579,3.2021
7580,3.1986
7581,3.1951
7582,3.1916
7583,3.1881
7584,3.1844
7585,3.1808
7586,3.1771
7587,3.1735
7588,3.1697
7589,3.166
7590,3.1622
7591,3.1582
7592,3.1544
7593,3.1504
7594,3.1464
7595,3.1425
7596,3.1385
7597,3.1344
7598,3.1302
7599,3.1261
7600,3.1218
7601,3.1175
7602,3.1132
7603,3.1089
7604,3.1045
7605,3.1
7606,3.0956
7607,3.0911
7608,3.0865
7609,3.0819
7610,3.0771
7611,3.0724
7612,3.0676
7613,3.0628
7614,3.0579
7615,3.053
7616,3.0481
7617,3.043
7618,3.0379
7619,3.0326
7620,3.0275
7621,3.0221
7622,3.0169
7623,3.0115
7624,3.0059
7625,3.0005
7626,2.9948
7627,2.9892
7628,2.9835
7629,2.9778
7630,2.9719
7631,2.966
7632,2.96
7633,2.954
7634,2.9478
7635,2.9416
7636,2.9352
7637,2.9288
7638,2.9223
7639,2.9158
7640,2.9091
7641,2.9025
7642,2.8958
7643,2.8888
7644,2.8818
7645,2.8748
7646,2.8676
7647,2.8603
7648,2.853
7649,2.8455
7650,2.8379
7651,2.8303
7652,2.8227
7653,2.8147
7654,2.8068
7655,2.7987
7656,2.7904
7657,2.7821
7658,2.7737
7659,2.7653
7660,2.7565
7661,2.7478
7662,2.7391
7663,2.73
7664,2.7209
7665,2.7117
7666,2.7023
7667,2.693
7668,2.6834
7669,2.6737
7670,2.664
7671,2.654
7672,2.644
7673,2.634
7674,2.6238
7675,2.6135
7676,2.603
7677,2.5925
7678,2.5818
7679,2.571
7680,2.5602
7681,2.5491
7682,2.5381
7683,2.5268
7684,2.5154
7685,2.504
7686,2.5
7687,2.5133
7688,2.6175
7689,2.7201
7690,2.8227
7691,2.8907
7692,2.9918
7693,3.0722
7694,3.1727
7695,3.1827
7696,3.2599
7697,3.3184
7698,3.3627
7699,3.3951
7700,3.4186
7701,3.4348
7702,3.446
7703,3.4539
7704,3.4598
7705,3.4641
7706,3.4678
7707,3.4706
7708,3.473
7709,3.4752
7710,3.477
7711,3.4787
7712,3.4802
7713,3.4814
7714,3.4827
7715,3.4838
7716,3.4849
7717,3.4857
7718,3.4867
7719,3.4875
7720,3.4883
7721,3.4891
7722,3.4897
7723,3.4903
7724,3.491
7725,3.4916
7726,3.4922
7727,3.4927
7728,3.4932
7729,3.4937
7730,3.4943
7731,3.4946
7732,3.4951
7733,3.4956
7734,3.4961
7735,3.4964
7736,3.4968
7737,3.4972
7738,3.4975
7739,3.4978
7740,3.4983
7741,3.4986
7742,3.4989
7743,3.4992
7744,3.4996
7745,3.4999
7746,3.5
7747,3.5003
7748,3.5007
7749,3.501
7750,3.5011
7751,3.5015
7752,3.5018
7753,3.5019
7754,3.5023
7755,3.5024
7756,3.5027
7757,3.5029
7758,3.5032
7759,3.5034
7760,3.5035
7761,3.5038
7762,3.504
7763,3.5042
7764,3.5045
7765,3.5046
7766,3.5048
7767,3.505
7768,3.5053
7769,3.5054
7770,3.5056
7771,3.5058
7772,3.5059
7773,3.5061
7774,3.5062
7775,3.5064
7776,3.5065
7777,3.5067
7778,3.5069
7779,3.507
7780,3.5072
7781,3.5073
7782,3.5075
7783,3.5077
7784,3.5078
7785,3.508
7786,3.5081
7787,3.5083
7788,3.5085
7789,3.5086
7790,3.5086
7791,3.5088
7792,3.5089
7793,3.5091
7794,3.5093
7795,3.5093
7796,3.5094
7797,3.5096
7798,3.5097
7799,3.5099
7800,3.5099
7801,3.51
7802,3.5102
7803,3.5102
7804,3.5104
7805,3.5105
7806,3.5107
7807,3.5107
7808,3.5108
7809,3.511
7810,3.511
7811,3.5112
7812,3.5113
7813,3.5113
7814,3.5115
7815,3.5116
7816,3.5116
7817,3.5118
7818,3.5118
7819,3.512
7820,3.5121
7821,3.5121
7822,3.5123
7823,3.5123
7824,3.5124
7825,3.5126
7826,3.5126
7827,3.5127
7828,3.5127
7829,3.5129
7830,3.5129
7831,3.5131
7832,3.5131
7833,3.5132
7834,3.5132
7835,3.5134
7836,3.5135
7837,3.5135
7838,3.5137
7839,3.5137
7840,3.5139
7841,3.5139
7842,3.5139
7843,3.514
7844,3.514
7845,3.5142
7846,3.5142
7847,3.5143
7848,3.5143
7849,3.5145
7850,3.5145
7851,3.5147
7852,3.5147
7853,3.5148
7854,3.5148
7855,3.515
7856,3.515
7857,3.5151
7858,3.5151
7859,3.5151
7860,3.5153
7861,3.5153
7862,3.5155
7863,3.5155
7864,3.5156
7865,3.5156
7866,3.5156
7867,3.5158
7868,3.5158
7869,3.5158
7870,3.5159
7871,3.5159
7872,3.5161
7873,3.5235
7874,3.5615
7875,3.5654
7876,3.5678
7877,3.5696
7878,3.571
7879,3.5723
7880,3.5732
7881,3.5742
7882,3.575
7883,3.5756
7884,3.5764
7885,3.577
7886,3.5777
7887,3.5783
7888,3.5788
7889,3.5793
7890,3.5799
7891,3.5804
7892,3.5808
7893,3.5813
7894,3.5816
7895,3.5821
7896,3.5826
7897,3.5829
7898,3.5834
7899,3.5839
7900,3.5842
7901,3.5845
7902,3.585
7903,3.5853
7904,3.5856
7905,3.5861
7906,3.5864
7907,3.5867
7908,3.587
7909,3.5874
7910,3.5877
7911,3.588
7912,3.5883
7913,3.5886
7914,3.5889
7915,3.5893
7916,3.5896
7917,3.5899
7918,3.5902
7919,3.5905
7920,3.5909
7921,3.591
7922,3.5913
7923,3.5916
7924,3.592
7925,3.5923
7926,3.5924
7927,3.5928
7928,3.5931
7929,3.5932
7930,3.5936
7931,3.5939
7932,3.594
7933,3.5943
7934,3.5947
7935,3.5948
7936,3.5951
7937,3.5953
7938,3.5956
7939,3.5958
7940,3.5961
7941,3.5963
7942,3.5966
7943,3.5967
7944,3.597
7945,3.5972
7946,3.5975
7947,3.5977
7948,3.598
7949,3.5982
7950,3.5983
7951,3.5986
7952,3.5988
7953,3.599
7954,3.5993
7955,3.5994
7956,3.5996
7957,3.5999
7958,3.6001
7959,3.6002
7960,3.6005
7961,3.6007
7962,3.6009
7963,3.6012
7964,3.6013
7965,3.6015
7966,3.6017
7967,3.602
7968,3.6021
7969,3.6023
7970,3.6024
7971,3.6026
7972,3.6029
7973,3.6031
7974,3.6032
7975,3.6034
7976,3.6036
7977,3.6039
7978,3.604
7979,3.6042
7980,3.6044
7981,3.6045
7982,3.6047
7983,3.6048
7984,3.605
7985,3.6053
7986,3.6055
7987,3.6056
7988,3.6058
7989,3.6059
7990,3.6061
7991,3.6063
7992,3.6064
7993,3.6066
7994,3.6067
7995,3.6069
7996,3.6072
7997,3.6072
7998,3.6075
7999,3.6077
8000,3.6078
8001,3.608
8002,3.6082
8003,3.6083
8004,3.6085
8005,3.6086
8006,3.6088
8007,3.609
8008,3.6091
8009,3.6093
8010,3.6094
8011,3.6096
8012,3.6098
8013,3.6099
8014,3.6101
8015,3.6102
8016,3.6104
8017,3.6105
8018,3.6107
8019,3.6107
8020,3.611
8021,3.611
8022,3.6112
8023,3.6113
8024,3.6115
8025,3.6117
8026,3.6118
8027,3.612
8028,3.6121
8029,3.6123
8030,3.6125
8031,3.6126
8032,3.6128
8033,3.6129
8034,3.6129
8035,3.6131
8036,3.6132
8037,3.6134
8038,3.6136
8039,3.6137
8040,3.6139
8041,3.614
8042,3.6142
8043,3.6144
8044,3.6145
8045,3.6145
8046,3.6147
8047,3.6148
8048,3.615
8049,3.6152
8050,3.6153
8051,3.6155
8052,3.6156
8053,3.6156
8054,3.6158
8055,3.6159
8056,3.6161
8057,3.6163
8058,3.6164
8059,3.6166
8060,3.6167
8061,3.6167
8062,3.6169
8063,3.6171
8064,3.6172
8065,3.6174
8066,3.6175
8067,3.6175
8068,3.6177
8069,3.6179
8070,3.618
8071,3.6182
8072,3.6183
8073,3.6185
8074,3.6185
8075,3.6186
8076,3.6188
8077,3.619
8078,3.6191
8079,3.6193
8080,3.6193
8081,3.6194
8082,3.6196
8083,3.6198
8084,3.6199
8085,3.6201
8086,3.6201
8087,3.6202
8088,3.6204
8089,3.6206
8090,3.6207
8091,3.6207
8092,3.6209
8093,3.621
8094,3.6212
8095,3.6213
8096,3.6213
8097,3.6215
8098,3.6217
8099,3.6218
8100,3.622
8101,3.6221
8102,3.6221
8103,3.6223
8104,3.6225
8105,3.6226
8106,3.6228
8107,3.6228
8108,3.6229
8109,3.6231
8110,3.6233
8111,3.6234
8112,3.6236
8113,3.6236
8114,3.6237
8115,3.6239
8116,3.6241
8117,3.6242
8118,3.6242
8119,3.6244
8120,3.6245
8121,3.6247
8122,3.6248
8123,3.6248
8124,3.625
8125,3.6252
8126,3.6253
8127,3.6255
8128,3.6255
8129,3.6256
8130,3.6258
8131,3.626
8132,3.6261
8133,3.6261
8134,3.6263
8135,3.6264
8136,3.6266
8137,3.6268
8138,3.6268
8139,3.6269
8140,3.6271
8141,3.6272
8142,3.6272
8143,3.6274
8144,3.6275
8145,3.6277
8146,3.6279
8147,3.6279
8148,3.628
8149,3.6282
8150,3.6283
8151,3.6285
8152,3.6287
8153,3.6287
8154,3.6288
8155,3.629
8156,3.6291
8157,3.6291
8158,3.6293
8159,3.6295
8160,3.6296
8161,3.6298
8162,3.6298
8163,3.6299
8164,3.6301
8165,3.6302
8166,3.6304
8167,3.6304
8168,3.6306
8169,3.6307
8170,3.6309
8171,3.6309
8172,3.631
8173,3.6312
8174,3.6314
8175,3.6315
8176,3.6315
8177,3.6317
8178,3.6318
8179,3.632
8180,3.632
8181,3.6322
8182,3.6323
8183,3.6325
8184,3.6326
8185,3.6326
8186,3.6328
8187,3.6329
8188,3.6331
8189,3.6331
8190,3.6333
8191,3.6334
8192,3.6336
8193,3.6337
8194,3.6337
8195,3.6339
8196,3.6341
8197,3.6342
8198,3.6342
8199,3.6344
8200,3.6345
8201,3.6347
8202,3.6349
8203,3.6349
8204,3.635
8205,3.6352
8206,3.6353
8207,3.6353
8208,3.6355
8209,3.6356
8210,3.6358
8211,3.636
8212,3.636
8213,3.6361
8214,3.6363
8215,3.6364
8216,3.6364
8217,3.6366
8218,3.6368
8219,3.6369
8220,3.6369
8221,3.6371
8222,3.6372
8223,3.6374
8224,3.6376
8225,3.6376
8226,3.6377
8227,3.6379
8228,3.638
8229,3.638
8230,3.6382
8231,3.6383
8232,3.6385
8233,3.6385
8234,3.6387
8235,3.6388
8236,3.639
8237,3.639
8238,3.6391
8239,3.6393
8240,3.6395
8241,3.6396
8242,3.6396
8243,3.6398
8244,3.6399
8245,3.6401
8246,3.6401
8247,3.6403
8248,3.6404
8249,3.6406
8250,3.6406
8251,3.6407
8252,3.6409
8253,3.641
8254,3.641
8255,3.6412
8256,3.6414
8257,3.6415
8258,3.6417
8259,3.6417
8260,3.6418
8261,3.642
8262,3.642
8263,3.6422
8264,3.6423
8265,3.6425
8266,3.6426
8267,3.6426
8268,3.6428
8269,3.643
8270,3.6431
8271,3.6431
8272,3.6433
8273,3.6434
8274,3.6436
8275,3.6436
8276,3.6437
8277,3.6439
8278,3.6441
8279,3.6441
8280,3.6442
8281,3.6444
8282,3.6445
8283,3.6445
8284,3.6447
8285,3.6449
8286,3.645
8287,3.645
8288,3.6452
8289,3.6453
8290,3.6455
8291,3.6455
8292,3.6457
8293,3.6458
8294,3.646
8295,3.646
8296,3.6461
8297,3.6463
8298,3.6464
8299,3.6464
8300,3.6466
8301,3.6468
8302,3.6469
8303,3.6469
8304,3.6471
8305,3.6472
8306,3.6474
8307,3.6476
8308,3.6476
8309,3.6477
8310,3.6479
8311,3.6479
8312,3.648
8313,3.6482
8314,3.6484
8315,3.6484
8316,3.6485
8317,3.6487
8318,3.6488
8319,3.6488
8320,3.649
8321,3.6491
8322,3.6493
8323,3.6493
8324,3.6495
8325,3.6496
8326,3.6498
8327,3.6498
8328,3.6499
8329,3.6501
8330,3.6503
8331,3.6503
8332,3.6504
8333,3.6506
8334,3.6507
8335,3.6507
8336,3.6509
8337,3.6511
8338,3.6512
8339,3.6512
8340,3.6514
8341,3.6515
8342,3.6515
8343,3.6517
8344,3.6518
8345,3.652
8346,3.6522
8347,3.6522
8348,3.6523
8349,3.6525
8350,3.6525
8351,3.6526
8352,3.6528
8353,3.653
8354,3.653
8355,3.6531
8356,3.6533
8357,3.6534
8358,3.6534
8359,3.6536
8360,3.6538
8361,3.6539
8362,3.6539
8363,3.6541
8364,3.6542
8365,3.6542
8366,3.6544
8367,3.6546
8368,3.6547
8369,3.6547
8370,3.6549
8371,3.655
8372,3.6552
8373,3.6552
8374,3.6553
8375,3.6555
8376,3.6557
8377,3.6557
8378,3.6558
8379,3.656
8380,3.6561
8381,3.6561
8382,3.6563
8383,3.6565
8384,3.6565
8385,3.6566
8386,3.6568
8387,3.6569
8388,3.6569
8389,3.6571
8390,3.6573
8391,3.6573
8392,3.6574
8393,3.6576
8394,3.6577
8395,3.6577
8396,3.6579
8397,3.658
8398,3.6582
8399,3.6582
8400,3.6584
8401,3.6585
8402,3.6587
8403,3.6587
8404,3.6588
8405,3.659
8406,3.6592
8407,3.6592
8408,3.6593
8409,3.6595
8410,3.6595
8411,3.6596
8412,3.6598
8413,3.66
8414,3.66
8415,3.6601
8416,3.6603
8417,3.6603
8418,3.6604
8419,3.6606
8420,3.6607
8421,3.6607
8422,3.6609
8423,3.6611
8424,3.6612
8425,3.6612
8426,3.6614
8427,3.6615
8428,3.6615
8429,3.6617
8430,3.6619
8431,3.662
8432,3.662
8433,3.6622
8434,3.6623
8435,3.6625
8436,3.6625
8437,3.6627
8438,3.6628
8439,3.6628
8440,3.663
8441,3.6631
8442,3.6633
8443,3.6633
8444,3.6634
8445,3.6636
8446,3.6636
8447,3.6638
8448,3.6639
8449,3.6641
8450,3.6641
8451,3.6642
8452,3.6644
8453,3.6646
8454,3.6646
8455,3.6647
8456,3.6649
8457,3.6649
8458,3.665
8459,3.6652
8460,3.6654
8461,3.6654
8462,3.6655
8463,3.6657
8464,3.6658
8465,3.6658
8466,3.666
8467,3.6661
8468,3.6661
8469,3.6663
8470,3.6665
8471,3.6666
8472,3.6666
8473,3.6668
8474,3.6669
8475,3.6669
8476,3.6671
8477,3.6673
8478,3.6673
8479,3.6674
8480,3.6676
8481,3.6677
8482,3.6677
8483,3.6679
8484,3.6681
8485,3.6682
8486,3.6682
8487,3.6684
8488,3.6685
8489,3.6687
8490,3.6687
8491,3.6688
8492,3.669
8493,3.669
8494,3.6692
8495,3.6693
8496,3.6693
8497,3.6695
8498,3.6696
8499,3.6698
8500,3.6698
8501,3.67
8502,3.6701
8503,3.6703
8504,3.6703
8505,3.6704
8506,3.6706
8507,3.6706
8508,3.6708
8509,3.6709
8510,3.6711
8511,3.6711
8512,3.6712
8513,3.6714
8514,3.6714
8515,3.6715
8516,3.6717
8517,3.6717
8518,3.6719
8519,3.672
8520,3.6722
8521,3.6722
8522,3.6723
8523,3.6725
8524,3.6727
8525,3.6727
8526,3.6728
8527,3.673
8528,3.673
8529,3.6731
8530,3.6733
8531,3.6735
8532,3.6735
8533,3.6736
8534,3.6738
8535,3.6739
8536,3.6739
8537,3.6741
8538,3.6742
8539,3.6742
8540,3.6744
8541,3.6746
8542,3.6747
8543,3.6747
8544,3.6749
8545,3.675
8546,3.6752
8547,3.6752
8548,3.6754
8549,3.6755
8550,3.6755
8551,3.6757
8552,3.6758
8553,3.676
8554,3.676
8555,3.6762
8556,3.6763
8557,3.6763
8558,3.6765
8559,3.6766
8560,3.6768
8561,3.6768
8562,3.6769
8563,3.6771
8564,3.6771
8565,3.6773
8566,3.6774
8567,3.6776
8568,3.6776
8569,3.6777
8570,3.6779
8571,3.6781
8572,3.6781
8573,3.6782
8574,3.6784
8575,3.6785
8576,3.6785
8577,3.6787
8578,3.6789
8579,3.679
8580,3.679
8581,3.6792
8582,3.6793
8583,3.6793
8584,3.6795
8585,3.6796
8586,3.6798
8587,3.6798
8588,3.68
8589,3.6801
8590,3.6803
8591,3.6803
8592,3.6804
8593,3.6806
8594,3.6808
8595,3.6808
8596,3.6809
8597,3.6811
8598,3.6812
8599,3.6812
8600,3.6814
8601,3.6816
8602,3.6816
8603,3.6817
8604,3.6819
8605,3.682
8606,3.682
8607,3.6822
8608,3.6823
8609,3.6825
8610,3.6825
8611,3.6827
8612,3.6828
8613,3.683
8614,3.683
8615,3.6831
8616,3.6833
8617,3.6835
8618,3.6835
8619,3.6836
8620,3.6838
8621,3.6839
8622,3.6839
8623,3.6841
8624,3.6843
8625,3.6844
8626,3.6846
8627,3.6846
8628,3.6847
8629,3.6849
8630,3.6851
8631,3.6851
8632,3.6852
8633,3.6854
8634,3.6855
8635,3.6855
8636,3.6857
8637,3.6858
8638,3.686
8639,3.686
8640,3.6862
8641,3.6863
8642,3.6865
8643,3.6865
8644,3.6866
8645,3.6868
8646,3.687
8647,3.6871
8648,3.6871
8649,3.6873
8650,3.6874
8651,3.6876
8652,3.6878
8653,3.6878
8654,3.6879
8655,3.6881
8656,3.6882
8657,3.6884
8658,3.6884
8659,3.6885
8660,3.6887
8661,3.6889
8662,3.6889
8663,3.689
8664,3.6892
8665,3.6893
8666,3.6895
8667,3.6895
8668,3.6897
8669,3.6898
8670,3.69
8671,3.6901
8672,3.6901
8673,3.6903
8674,3.6905
8675,3.6906
8676,3.6906
8677,3.6908
8678,3.6909
8679,3.6911
8680,3.6912
8681,3.6914
8682,3.6914
8683,3.6916
8684,3.6917
8685,3.6919
8686,3.692
8687,3.692
8688,3.6922
8689,3.6924
8690,3.6925
8691,3.6927
8692,3.6927
8693,3.6928
8694,3.693
8695,3.6932
8696,3.6933
8697,3.6933
8698,3.6935
8699,3.6936
8700,3.6938
8701,3.6939
8702,3.6941
8703,3.6943
8704,3.6943
8705,3.6944
8706,3.6946
8707,3.6947
8708,3.6949
8709,3.6951
8710,3.6951
8711,3.6952
8712,3.6954
8713,3.6955
8714,3.6957
8715,3.6959
8716,3.6959
8717,3.696
8718,3.6962
8719,3.6963
8720,3.6965
8721,3.6966
8722,3.6966
8723,3.6968
8724,3.697
8725,3.6971
8726,3.6973
8727,3.6974
8728,3.6976
8729,3.6978
8730,3.6978
8731,3.6979
8732,3.6981
8733,3.6982
8734,3.6984
8735,3.6986
8736,3.6986
8737,3.6987
8738,3.6989
8739,3.699
8740,3.6992
8741,3.6993
8742,3.6995
8743,3.6997
8744,3.6998
8745,3.6998
8746,3.7
8747,3.7001
8748,3.7003
8749,3.7005
8750,3.7006
8751,3.7008
8752,3.7009
8753,3.7011
8754,3.7011
8755,3.7013
8756,3.7014
8757,3.7016
8758,3.7017
8759,3.7019
8760,3.702
8761,3.7022
8762,3.7022
8763,3.7024
8764,3.7025
8765,3.7027
8766,3.7028
8767,3.703
8768,3.7032
8769,3.7033
8770,3.7035
8771,3.7036
8772,3.7036
8773,3.7038
8774,3.704
8775,3.7041
8776,3.7043
8777,3.7044
8778,3.7046
8779,3.7047
8780,3.7049
8781,3.7051
8782,3.7052
8783,3.7054
8784,3.7054
8785,3.7055
8786,3.7057
8787,3.7059
8788,3.706
8789,3.7062
8790,3.7063
8791,3.7065
8792,3.7067
8793,3.7068
8794,3.707
8795,3.7071
8796,3.7073
8797,3.7074
8798,3.7074
8799,3.7076
8800,3.7078
8801,3.7079
8802,3.7081
8803,3.7082
8804,3.7084
8805,3.7086
8806,3.7087
8807,3.7089
8808,3.709
8809,3.7092
8810,3.7094
8811,3.7095
8812,3.7097
8813,3.7098
8814,3.71
8815,3.7101
8816,3.7103
8817,3.7103
8818,3.7105
8819,3.7106
8820,3.7108
8821,3.7109
8822,3.7111
8823,3.7111
8824,3.7109
8825,3.7108
8826,3.7108
8827,3.7109
8828,3.7108
8829,3.7109
8830,3.7109
8831,3.7109
8832,3.7109
8833,3.7108
8834,3.7108
8835,3.7109
8836,3.7108
8837,3.7109
8838,3.7108
8839,3.7109
8840,3.7108
8841,3.7108
8842,3.7108
8843,3.7108
8844,3.7108
8845,3.7108
8846,3.7108
8847,3.7108
8848,3.7109
8849,3.7109
8850,3.7108
8851,3.7108
8852,3.7108
8853,3.7109
8854,3.7108
8855,3.7108
8856,3.7108
8857,3.7097
8858,3.7088
8859,3.7085
8860,3.7083
8861,3.7081
8862,3.708
8863,3.7078
8864,3.7078
8865,3.7077
8866,3.7077
8867,3.7075
8868,3.7075
8869,3.7074
8870,3.7074
8871,3.7074
8872,3.7074
8873,3.7072
8874,3.7072
8875,3.7072
8876,3.707
8877,3.707
8878,3.707
8879,3.707
8880,3.707
8881,3.7069
8882,3.7069
8883,3.7069
8884,3.7069
8885,3.7067
8886,3.7067
8887,3.7067
8888,3.7067
8889,3.7067
8890,3.7067
8891,3.7067
8892,3.7067
8893,3.7066
8894,3.7066
8895,3.7066
8896,3.7066
8897,3.7066
8898,3.7066
8899,3.7066
8900,3.7066
8901,3.7066
8902,3.7066
8903,3.7064
8904,3.7064
8905,3.7064
8906,3.7064
8907,3.7064
8908,3.7064
8909,3.7064
8910,3.7064
8911,3.7064
8912,3.7064
8913,3.7064
8914,3.7064
8915,3.7064
8916,3.7062
8917,3.7062
8918,3.7062
8919,3.7062
8920,3.7062
8921,3.7062
8922,3.7062
8923,3.7062
8924,3.7062
8925,3.7062
8926,3.7062
8927,3.7062
8928,3.7062
8929,3.7062
8930,3.7062
8931,3.7062
8932,3.7062
8933,3.7062
8934,3.7062
8935,3.7062
8936,3.7062
8937,3.7061
8938,3.7061
8939,3.7061
8940,3.7061
8941,3.7061
8942,3.7061
8943,3.7061
8944,3.7061
8945,3.7061
8946,3.7061
8947,3.7061
8948,3.7061
8949,3.7061
8950,3.7061
8951,3.7061
8952,3.7061
8953,3.7061
8954,3.7061
8955,3.7061
8956,3.7061
8957,3.7061
8958,3.7061
8959,3.7061
8960,3.7061
8961,3.7061
8962,3.7061
8963,3.7061
8964,3.7061
8965,3.7059
8966,3.7059
8967,3.7059
8968,3.7061
8969,3.7059
8970,3.7059
8971,3.7061
8972,3.7059
8973,3.7059
8974,3.7059
8975,3.7059
8976,3.7059
8977,3.7059
8978,3.7059
8979,3.7059
8980,3.7059
8981,3.7059
8982,3.7059
8983,3.7059
8984,3.7059
8985,3.7059
8986,3.7059
8987,3.7059
8988,3.7059
8989,3.7059
8990,3.7059
8991,3.7059
8992,3.7059
8993,3.7059
8994,3.7059
8995,3.7059
8996,3.7059
8997,3.7059
8998,3.7059
8999,3.7059
9000,3.7059
9001,3.7059
9002,3.7059
9003,3.7059
9004,3.7059
9005,3.7059
9006,3.7059
9007,3.7059
9008,3.7059
9009,3.7059
9010,3.7059
9011,3.7059
9012,3.7059
9013,3.7059
9014,3.7058
9015,3.7059
9016,3.7059
9017,3.7059
9018,3.7058
9019,3.7058
9020,3.7058
9021,3.7059
9022,3.7059
9023,3.7059
9024,3.7059
9025,3.7059
9026,3.7058
9027,3.7058
9028,3.7058
9029,3.7058
9030,3.7058
9031,3.7058
9032,3.7058
9033,3.7058
9034,3.7058
9035,3.7058
9036,3.7058
9037,3.7058
