,voltage
0,3.4205
1,3.4205
2,3.4205
3,3.4205
4,3.4205
5,3.4205
6,3.4205
7,3.4205
8,3.4205
9,3.4205
10,3.4205
11,3.4205
12,3.4205
13,3.4205
14,3.4205
15,3.4205
16,3.4205
17,3.4205
18,3.4205
19,3.4205
20,3.4204
21,3.4205
22,3.4205
23,3.4205
24,3.4205
25,3.4205
26,3.4204
27,3.4204
28,3.4205
29,3.4205
30,3.4205
31,3.4204
32,3.4205
33,3.4205
34,3.4205
35,3.4205
36,3.4205
37,3.4204
38,3.4204
39,3.4205
40,3.4205
41,3.4205
42,3.4204
43,3.4205
44,3.4204
45,3.4204
46,3.4204
47,3.4205
48,3.4204
49,3.4204
50,3.4204
51,3.4204
52,3.4204
53,3.4204
54,3.4204
55,3.4204
56,3.4204
57,3.4204
58,3.4204
59,3.4204
60,3.4204
61,3.483
62,3.5831
63,3.6376
64,3.6376
65,3.6368
66,3.636
67,3.6353
68,3.6347
69,3.6342
70,3.6337
71,3.6334
72,3.6331
73,3.6328
74,3.6325
75,3.6323
76,3.6323
77,3.6322
78,3.632
79,3.6318
80,3.6318
81,3.6318
82,3.6317
83,3.6317
84,3.6317
85,3.6317
86,3.6317
87,3.6318
88,3.6318
89,3.6318
90,3.632
91,3.632
92,3.632
93,3.6322
94,3.6322
95,3.6323
96,3.6325
97,3.6325
98,3.6325
99,3.6326
100,3.6328
101,3.6329
102,3.6331
103,3.6331
104,3.6333
105,3.6334
106,3.6336
107,3.6337
108,3.6339
109,3.6341
110,3.6342
111,3.6344
112,3.6345
113,3.6345
114,3.6347
115,3.6349
116,3.635
117,3.6352
118,3.6353
119,3.6355
120,3.6356
121,3.6358
122,3.636
123,3.6361
124,3.6363
125,3.6364
126,3.6366
127,3.6368
128,3.6369
129,3.6371
130,3.6372
131,3.6374
132,3.6376
133,3.6377
134,3.6379
135,3.638
136,3.6382
137,3.6383
138,3.6385
139,3.6387
140,3.6388
141,3.639
142,3.639
143,3.6391
144,3.6393
145,3.6395
146,3.6396
147,3.6398
148,3.6399
149,3.6401
150,3.6403
151,3.6404
152,3.6406
153,3.6406
154,3.6407
155,3.6409
156,3.641
157,3.641
158,3.6414
159,3.6415
160,3.6415
161,3.6417
162,3.6418
163,3.642
164,3.642
165,3.6422
166,3.6423
167,3.6425
168,3.6426
169,3.6428
170,3.643
171,3.643
172,3.6431
173,3.6433
174,3.6434
175,3.6434
176,3.6436
177,3.6437
178,3.6439
179,3.6441
180,3.6441
181,3.6442
182,3.6444
183,3.6445
184,3.6445
185,3.6447
186,3.6449
187,3.6449
188,3.645
189,3.6452
190,3.6453
191,3.6453
192,3.6455
193,3.6457
194,3.6457
195,3.6458
196,3.646
197,3.646
198,3.6461
199,3.6463
200,3.6463
201,3.6464
202,3.6466
203,3.6466
204,3.6468
205,3.6469
206,3.6469
207,3.6471
208,3.6472
209,3.6472
210,3.6474
211,3.6474
212,3.6476
213,3.6477
214,3.6477
215,3.6479
216,3.648
217,3.648
218,3.6482
219,3.6482
220,3.6484
221,3.6485
222,3.6485
223,3.6487
224,3.6487
225,3.6488
226,3.6488
227,3.649
228,3.649
229,3.6491
230,3.6493
231,3.6493
232,3.6495
233,3.6495
234,3.6496
235,3.6496
236,3.6498
237,3.6498
238,3.6499
239,3.6501
240,3.6501
241,3.6503
242,3.6503
243,3.6504
244,3.6504
245,3.6506
246,3.6506
247,3.6507
248,3.6507
249,3.6509
250,3.6509
251,3.6511
252,3.6511
253,3.6512
254,3.6512
255,3.6514
256,3.6514
257,3.6515
258,3.6515
259,3.6517
260,3.6517
261,3.6518
262,3.6518
263,3.652
264,3.652
265,3.6522
266,3.6522
267,3.6523
268,3.6523
269,3.6525
270,3.6525
271,3.6526
272,3.6526
273,3.6528
274,3.6528
275,3.653
276,3.653
277,3.6531
278,3.6531
279,3.6533
280,3.6533
281,3.6533
282,3.6533
283,3.6534
284,3.6536
285,3.6536
286,3.6538
287,3.6538
288,3.6539
289,3.6539
290,3.6541
291,3.6541
292,3.6542
293,3.6542
294,3.6542
295,3.6544
296,3.6544
297,3.6545
298,3.6545
299,3.6547
300,3.6547
301,3.6549
302,3.6549
303,3.6549
304,3.655
305,3.655
306,3.6552
307,3.6552
308,3.6553
309,3.6553
310,3.6555
311,3.6555
312,3.6555
313,3.6557
314,3.6557
315,3.6558
316,3.6558
317,3.6558
318,3.656
319,3.656
320,3.6561
321,3.6561
322,3.6563
323,3.6563
324,3.6565
325,3.6565
326,3.6565
327,3.6566
328,3.6566
329,3.6568
330,3.6568
331,3.6568
332,3.6569
333,3.6569
334,3.6571
335,3.6571
336,3.6572
337,3.6572
338,3.6572
339,3.6574
340,3.6574
341,3.6576
342,3.6576
343,3.6576
344,3.6577
345,3.6577
346,3.6579
347,3.6579
348,3.6579
349,3.658
350,3.658
351,3.6582
352,3.6582
353,3.6584
354,3.6584
355,3.6584
356,3.6585
357,3.6585
358,3.6587
359,3.6587
360,3.6587
361,3.6588
362,3.6588
363,3.659
364,3.659
365,3.659
366,3.6592
367,3.6592
368,3.6593
369,3.6593
370,3.6593
371,3.6595
372,3.6595
373,3.6596
374,3.6596
375,3.6596
376,3.6598
377,3.6598
378,3.6599
379,3.6599
380,3.6599
381,3.6601
382,3.6601
383,3.6603
384,3.6603
385,3.6603
386,3.6604
387,3.6604
388,3.6606
389,3.6606
390,3.6606
391,3.6607
392,3.6607
393,3.6609
394,3.6609
395,3.6609
396,3.6611
397,3.6611
398,3.6611
399,3.6612
400,3.6612
401,3.6614
402,3.6614
403,3.6614
404,3.6615
405,3.6615
406,3.6617
407,3.6617
408,3.6617
409,3.6619
410,3.6619
411,3.6619
412,3.662
413,3.662
414,3.6622
415,3.6622
416,3.6623
417,3.6623
418,3.6623
419,3.6625
420,3.6625
421,3.6625
422,3.6626
423,3.6626
424,3.6628
425,3.6628
426,3.6628
427,3.663
428,3.663
429,3.663
430,3.6631
431,3.6631
432,3.6633
433,3.6633
434,3.6633
435,3.6634
436,3.6634
437,3.6636
438,3.6636
439,3.6636
440,3.6638
441,3.6638
442,3.6638
443,3.6639
444,3.6639
445,3.6641
446,3.6641
447,3.6641
448,3.6642
449,3.6642
450,3.6644
451,3.6644
452,3.6644
453,3.6646
454,3.6646
455,3.6647
456,3.6647
457,3.6647
458,3.6649
459,3.6649
460,3.6649
461,3.665
462,3.665
463,3.6652
464,3.6652
465,3.6652
466,3.6653
467,3.6653
468,3.6655
469,3.6655
470,3.6655
471,3.6657
472,3.6657
473,3.6658
474,3.6658
475,3.6658
476,3.666
477,3.666
478,3.666
479,3.6661
480,3.6661
481,3.6663
482,3.6663
483,3.6663
484,3.6665
485,3.6665
486,3.6665
487,3.6666
488,3.6666
489,3.6668
490,3.6668
491,3.6668
492,3.6669
493,3.6669
494,3.6669
495,3.6671
496,3.6671
497,3.6673
498,3.6673
499,3.6674
500,3.6674
501,3.6674
502,3.6676
503,3.6676
504,3.6676
505,3.6677
506,3.6677
507,3.6677
508,3.6679
509,3.6679
510,3.6681
511,3.6681
512,3.6681
513,3.6682
514,3.6682
515,3.6684
516,3.6684
517,3.6684
518,3.6685
519,3.6685
520,3.6685
521,3.6687
522,3.6687
523,3.6688
524,3.6688
525,3.6688
526,3.669
527,3.669
528,3.6692
529,3.6692
530,3.6692
531,3.6693
532,3.6693
533,3.6695
534,3.6695
535,3.6695
536,3.6696
537,3.6696
538,3.6696
539,3.6698
540,3.6698
541,3.67
542,3.67
543,3.67
544,3.6701
545,3.6701
546,3.6701
547,3.6703
548,3.6703
549,3.6704
550,3.6704
551,3.6704
552,3.6706
553,3.6706
554,3.6706
555,3.6708
556,3.6708
557,3.6709
558,3.6709
559,3.6711
560,3.6711
561,3.6711
562,3.6712
563,3.6712
564,3.6712
565,3.6714
566,3.6714
567,3.6715
568,3.6715
569,3.6715
570,3.6717
571,3.6717
572,3.6717
573,3.6719
574,3.6719
575,3.672
576,3.672
577,3.672
578,3.6722
579,3.6722
580,3.6723
581,3.6723
582,3.6723
583,3.6725
584,3.6725
585,3.6727
586,3.6727
587,3.6727
588,3.6728
589,3.6728
590,3.6728
591,3.673
592,3.673
593,3.6731
594,3.6731
595,3.6731
596,3.6733
597,3.6733
598,3.6735
599,3.6735
600,3.6735
601,3.6736
602,3.6736
603,3.6736
604,3.6738
605,3.6738
606,3.6739
607,3.6739
608,3.6739
609,3.6741
610,3.6741
611,3.6742
612,3.6742
613,3.6742
614,3.6744
615,3.6744
616,3.6746
617,3.6746
618,3.6746
619,3.6747
620,3.6747
621,3.6749
622,3.6749
623,3.6749
624,3.675
625,3.675
626,3.675
627,3.6752
628,3.6752
629,3.6754
630,3.6754
631,3.6754
632,3.6755
633,3.6755
634,3.6757
635,3.6757
636,3.6758
637,3.6758
638,3.6758
639,3.676
640,3.676
641,3.6762
642,3.6762
643,3.6762
644,3.6763
645,3.6763
646,3.6765
647,3.6765
648,3.6765
649,3.6766
650,3.6766
651,3.6766
652,3.6768
653,3.6768
654,3.6769
655,3.6769
656,3.6769
657,3.6771
658,3.6771
659,3.6773
660,3.6773
661,3.6774
662,3.6774
663,3.6774
664,3.6776
665,3.6776
666,3.6777
667,3.6777
668,3.6777
669,3.6779
670,3.6779
671,3.6781
672,3.6781
673,3.6781
674,3.6782
675,3.6782
676,3.6784
677,3.6784
678,3.6784
679,3.6785
680,3.6785
681,3.6787
682,3.6787
683,3.6789
684,3.6789
685,3.6789
686,3.679
687,3.679
688,3.6792
689,3.6792
690,3.6792
691,3.6793
692,3.6793
693,3.6795
694,3.6795
695,3.6795
696,3.6796
697,3.6796
698,3.6798
699,3.6798
700,3.6798
701,3.68
702,3.68
703,3.6801
704,3.6801
705,3.6801
706,3.6803
707,3.6803
708,3.6804
709,3.6804
710,3.6806
711,3.6806
712,3.6806
713,3.6808
714,3.6808
715,3.6809
716,3.6809
717,3.6809
718,3.6811
719,3.6811
720,3.6812
721,3.6812
722,3.6814
723,3.6814
724,3.6814
725,3.6816
726,3.6816
727,3.6817
728,3.6817
729,3.6817
730,3.6819
731,3.6819
732,3.682
733,3.682
734,3.6822
735,3.6822
736,3.6822
737,3.6823
738,3.6823
739,3.6825
740,3.6825
741,3.6825
742,3.6827
743,3.6827
744,3.6828
745,3.6828
746,3.683
747,3.683
748,3.683
749,3.6831
750,3.6831
751,3.6833
752,3.6833
753,3.6833
754,3.6835
755,3.6835
756,3.6836
757,3.6836
758,3.6838
759,3.6838
760,3.6839
761,3.6839
762,3.6839
763,3.6841
764,3.6841
765,3.6841
766,3.6843
767,3.6844
768,3.6844
769,3.6844
770,3.6846
771,3.6846
772,3.6847
773,3.6847
774,3.6849
775,3.6849
776,3.6849
777,3.685
778,3.685
779,3.6852
780,3.6852
781,3.6852
782,3.6854
783,3.6854
784,3.6855
785,3.6855
786,3.6857
787,3.6857
788,3.6857
789,3.6858
790,3.6858
791,3.686
792,3.686
793,3.6862
794,3.6862
795,3.6863
796,3.6863
797,3.6863
798,3.6865
799,3.6865
800,3.6866
801,3.6866
802,3.6868
803,3.6868
804,3.6868
805,3.687
806,3.687
807,3.6871
808,3.6871
809,3.6873
810,3.6873
811,3.6874
812,3.6874
813,3.6874
814,3.6876
815,3.6876
816,3.6877
817,3.6877
818,3.6879
819,3.6879
820,3.6879
821,3.6881
822,3.6881
823,3.6882
824,3.6882
825,3.6884
826,3.6884
827,3.6885
828,3.6885
829,3.6885
830,3.6887
831,3.6887
832,3.6889
833,3.6889
834,3.689
835,3.689
836,3.6892
837,3.6892
838,3.6892
839,3.6893
840,3.6893
841,3.6895
842,3.6895
843,3.6897
844,3.6897
845,3.6898
846,3.6898
847,3.6898
848,3.69
849,3.69
850,3.6901
851,3.6901
852,3.6903
853,3.6903
854,3.6904
855,3.6904
856,3.6906
857,3.6906
858,3.6906
859,3.6908
860,3.6908
861,3.6909
862,3.6909
863,3.6911
864,3.6911
865,3.6911
866,3.6912
867,3.6914
868,3.6914
869,3.6914
870,3.6916
871,3.6916
872,3.6917
873,3.6917
874,3.6917
875,3.6919
876,3.692
877,3.692
878,3.6922
879,3.6922
880,3.6922
881,3.6924
882,3.6924
883,3.6925
884,3.6925
885,3.6927
886,3.6927
887,3.6928
888,3.6928
889,3.6928
890,3.693
891,3.693
892,3.6931
893,3.6931
894,3.6933
895,3.6933
896,3.6935
897,3.6935
898,3.6936
899,3.6936
900,3.6936
901,3.6938
902,3.6938
903,3.6939
904,3.6939
905,3.6941
906,3.6941
907,3.6943
908,3.6943
909,3.6944
910,3.6944
911,3.6944
912,3.6946
913,3.6947
914,3.6947
915,3.6947
916,3.6949
917,3.6949
918,3.6951
919,3.6951
920,3.6952
921,3.6952
922,3.6952
923,3.6954
924,3.6954
925,3.6955
926,3.6955
927,3.6957
928,3.6957
929,3.6958
930,3.6958
931,3.696
932,3.696
933,3.6962
934,3.6962
935,3.6963
936,3.6963
937,3.6963
938,3.6965
939,3.6965
940,3.6966
941,3.6966
942,3.6968
943,3.6968
944,3.697
945,3.697
946,3.6971
947,3.6971
948,3.6973
949,3.6973
950,3.6974
951,3.6974
952,3.6974
953,3.6976
954,3.6976
955,3.6978
956,3.6978
957,3.6979
958,3.6979
959,3.6981
960,3.6981
961,3.6982
962,3.6982
963,3.6984
964,3.6984
965,3.6985
966,3.6985
967,3.6985
968,3.6987
969,3.6987
970,3.6989
971,3.6989
972,3.699
973,3.699
974,3.6992
975,3.6992
976,3.6993
977,3.6993
978,3.6995
979,3.6995
980,3.6997
981,3.6997
982,3.6997
983,3.6998
984,3.7
985,3.7
986,3.7
987,3.7001
988,3.7001
989,3.7003
990,3.7003
991,3.7005
992,3.7005
993,3.7006
994,3.7006
995,3.7008
996,3.7008
997,3.7009
998,3.7009
999,3.7011
1000,3.7011
1001,3.7012
1002,3.7012
1003,3.7014
1004,3.7014
1005,3.7014
1006,3.7016
1007,3.7016
1008,3.7017
1009,3.7017
1010,3.7019
1011,3.7019
1012,3.702
1013,3.702
1014,3.7022
1015,3.7022
1016,3.7024
1017,3.7024
1018,3.7025
1019,3.7025
1020,3.7027
1021,3.7027
1022,3.7028
1023,3.7028
1024,3.703
1025,3.703
1026,3.7032
1027,3.7032
1028,3.7032
1029,3.7033
1030,3.7033
1031,3.7035
1032,3.7035
1033,3.7036
1034,3.7036
1035,3.7038
1036,3.7038
1037,3.7039
1038,3.7039
1039,3.7041
1040,3.7041
1041,3.7043
1042,3.7043
1043,3.7043
1044,3.7044
1045,3.7046
1046,3.7046
1047,3.7046
1048,3.7047
1049,3.7047
1050,3.7049
1051,3.7049
1052,3.7051
1053,3.7051
1054,3.7052
1055,3.7052
1056,3.7054
1057,3.7054
1058,3.7055
1059,3.7055
1060,3.7057
1061,3.7057
1062,3.7059
1063,3.7059
1064,3.706
1065,3.706
1066,3.7062
1067,3.7062
1068,3.7062
1069,3.7063
1070,3.7065
1071,3.7065
1072,3.7066
1073,3.7066
1074,3.7066
1075,3.7068
1076,3.7068
1077,3.707
1078,3.707
1079,3.7071
1080,3.7071
1081,3.7073
1082,3.7073
1083,3.7074
1084,3.7074
1085,3.7076
1086,3.7076
1087,3.7078
1088,3.7078
1089,3.7079
1090,3.7079
1091,3.7079
1092,3.7081
1093,3.7082
1094,3.7082
1095,3.7082
1096,3.7084
1097,3.7086
1098,3.7086
1099,3.7087
1100,3.7087
1101,3.7089
1102,3.7089
1103,3.709
1104,3.709
1105,3.7092
1106,3.7092
1107,3.7092
1108,3.7094
1109,3.7094
1110,3.7095
1111,3.7095
1112,3.7097
1113,3.7097
1114,3.7098
1115,3.7098
1116,3.71
1117,3.71
1118,3.7101
1119,3.7101
1120,3.7103
1121,3.7103
1122,3.7105
1123,3.7105
1124,3.7106
1125,3.7106
1126,3.7108
1127,3.7108
1128,3.7109
1129,3.7109
1130,3.7111
1131,3.7111
1132,3.7113
1133,3.7113
1134,3.7114
1135,3.7114
1136,3.7116
1137,3.7116
1138,3.7117
1139,3.7117
1140,3.7119
1141,3.7119
1142,3.7121
1143,3.7121
1144,3.7121
1145,3.7122
1146,3.7122
1147,3.7124
1148,3.7125
1149,3.7125
1150,3.7125
1151,3.7127
1152,3.7127
1153,3.7128
1154,3.713
1155,3.713
1156,3.713
1157,3.7132
1158,3.7132
1159,3.7133
1160,3.7133
1161,3.7135
1162,3.7135
1163,3.7136
1164,3.7136
1165,3.7138
1166,3.7138
1167,3.714
1168,3.714
1169,3.7141
1170,3.7141
1171,3.7143
1172,3.7143
1173,3.7144
1174,3.7144
1175,3.7146
1176,3.7146
1177,3.7148
1178,3.7148
1179,3.7149
1180,3.7151
1181,3.7151
1182,3.7151
1183,3.7152
1184,3.7152
1185,3.7154
1186,3.7154
1187,3.7155
1188,3.7155
1189,3.7157
1190,3.7157
1191,3.7159
1192,3.7159
1193,3.716
1194,3.716
1195,3.7162
1196,3.7162
1197,3.7163
1198,3.7163
1199,3.7165
1200,3.7165
1201,3.7167
1202,3.7167
1203,3.7167
1204,3.7168
1205,3.717
1206,3.717
1207,3.7171
1208,3.7171
1209,3.7173
1210,3.7173
1211,3.7175
1212,3.7176
1213,3.7176
1214,3.7178
1215,3.7178
1216,3.7179
1217,3.7179
1218,3.7181
1219,3.7181
1220,3.7182
1221,3.7182
1222,3.7184
1223,3.7184
1224,3.7186
1225,3.7186
1226,3.7187
1227,3.7187
1228,3.7189
1229,3.7189
1230,3.719
1231,3.719
1232,3.7192
1233,3.7192
1234,3.7194
1235,3.7194
1236,3.7195
1237,3.7195
1238,3.7197
1239,3.7197
1240,3.7198
1241,3.72
1242,3.72
1243,3.7202
1244,3.7202
1245,3.7203
1246,3.7203
1247,3.7205
1248,3.7205
1249,3.7205
1250,3.7206
1251,3.7208
1252,3.7208
1253,3.7209
1254,3.7209
1255,3.7211
1256,3.7211
1257,3.7213
1258,3.7213
1259,3.7214
1260,3.7214
1261,3.7216
1262,3.7216
1263,3.7217
1264,3.7217
1265,3.7219
1266,3.7221
1267,3.7221
1268,3.7222
1269,3.7222
1270,3.7224
1271,3.7224
1272,3.7225
1273,3.7225
1274,3.7227
1275,3.7227
1276,3.7229
1277,3.7229
1278,3.723
1279,3.7232
1280,3.7232
1281,3.7233
1282,3.7233
1283,3.7235
1284,3.7235
1285,3.7236
1286,3.7236
1287,3.7238
1288,3.7238
1289,3.724
1290,3.724
1291,3.7241
1292,3.7241
1293,3.7243
1294,3.7244
1295,3.7244
1296,3.7246
1297,3.7246
1298,3.7248
1299,3.7248
1300,3.7249
1301,3.7249
1302,3.7251
1303,3.7251
1304,3.7252
1305,3.7254
1306,3.7254
1307,3.7256
1308,3.7256
1309,3.7257
1310,3.7257
1311,3.7259
1312,3.726
1313,3.726
1314,3.7262
1315,3.7262
1316,3.7263
1317,3.7263
1318,3.7265
1319,3.7265
1320,3.7267
1321,3.7268
1322,3.7268
1323,3.727
1324,3.727
1325,3.7271
1326,3.7271
1327,3.7273
1328,3.7273
1329,3.7275
1330,3.7276
1331,3.7276
1332,3.7278
1333,3.7278
1334,3.7279
1335,3.7281
1336,3.7281
1337,3.7283
1338,3.7283
1339,3.7284
1340,3.7284
1341,3.7286
1342,3.7287
1343,3.7287
1344,3.7289
1345,3.7289
1346,3.729
1347,3.729
1348,3.7292
1349,3.7294
1350,3.7294
1351,3.7295
1352,3.7295
1353,3.7297
1354,3.7298
1355,3.7298
1356,3.73
1357,3.73
1358,3.7302
1359,3.7302
1360,3.7303
1361,3.7305
1362,3.7305
1363,3.7306
1364,3.7306
1365,3.7308
1366,3.731
1367,3.731
1368,3.7311
1369,3.7311
1370,3.7313
1371,3.7314
1372,3.7314
1373,3.7316
1374,3.7316
1375,3.7317
1376,3.7317
1377,3.7319
1378,3.7321
1379,3.7321
1380,3.7322
1381,3.7322
1382,3.7324
1383,3.7325
1384,3.7327
1385,3.7327
1386,3.7329
1387,3.7329
1388,3.733
1389,3.7332
1390,3.7332
1391,3.7333
1392,3.7333
1393,3.7335
1394,3.7337
1395,3.7337
1396,3.7338
1397,3.7338
1398,3.734
1399,3.7341
1400,3.7341
1401,3.7343
1402,3.7343
1403,3.7344
1404,3.7346
1405,3.7346
1406,3.7348
1407,3.7349
1408,3.7349
1409,3.7351
1410,3.7351
1411,3.7352
1412,3.7354
1413,3.7354
1414,3.7356
1415,3.7357
1416,3.7357
1417,3.7359
1418,3.736
1419,3.736
1420,3.7362
1421,3.7362
1422,3.7364
1423,3.7365
1424,3.7365
1425,3.7367
1426,3.7368
1427,3.7368
1428,3.737
1429,3.7371
1430,3.7371
1431,3.7373
1432,3.7375
1433,3.7375
1434,3.7376
1435,3.7378
1436,3.7378
1437,3.7379
1438,3.7381
1439,3.7381
1440,3.7383
1441,3.7383
1442,3.7384
1443,3.7386
1444,3.7386
1445,3.7387
1446,3.7389
1447,3.7389
1448,3.7391
1449,3.7392
1450,3.7392
1451,3.7394
1452,3.7395
1453,3.7395
1454,3.7397
1455,3.7398
1456,3.7398
1457,3.74
1458,3.7402
1459,3.7403
1460,3.7403
1461,3.7405
1462,3.7406
1463,3.7406
1464,3.7408
1465,3.741
1466,3.741
1467,3.7411
1468,3.7413
1469,3.7413
1470,3.7414
1471,3.7416
1472,3.7416
1473,3.7418
1474,3.7419
1475,3.7419
1476,3.7421
1477,3.7422
1478,3.7422
1479,3.7424
1480,3.7425
1481,3.7427
1482,3.7427
1483,3.7429
1484,3.743
1485,3.743
1486,3.7432
1487,3.7433
1488,3.7433
1489,3.7435
1490,3.7437
1491,3.7438
1492,3.7438
1493,3.744
1494,3.7441
1495,3.7441
1496,3.7443
1497,3.7445
1498,3.7446
1499,3.7446
1500,3.7448
1501,3.7449
1502,3.7449
1503,3.7451
1504,3.7452
1505,3.7454
1506,3.7454
1507,3.7456
1508,3.7457
1509,3.7459
1510,3.7459
1511,3.746
1512,3.7462
1513,3.7462
1514,3.7464
1515,3.7465
1516,3.7467
1517,3.7467
1518,3.7468
1519,3.747
1520,3.7472
1521,3.7472
1522,3.7473
1523,3.7475
1524,3.7475
1525,3.7476
1526,3.7476
1527,3.7479
1528,3.7479
1529,3.7481
1530,3.7483
1531,3.7484
1532,3.7486
1533,3.7486
1534,3.7487
1535,3.7489
1536,3.7489
1537,3.7491
1538,3.7492
1539,3.7494
1540,3.7495
1541,3.7495
1542,3.7497
1543,3.7499
1544,3.7499
1545,3.75
1546,3.7502
1547,3.7503
1548,3.7505
1549,3.7505
1550,3.7506
1551,3.7508
1552,3.751
1553,3.751
1554,3.7511
1555,3.7513
1556,3.7514
1557,3.7514
1558,3.7516
1559,3.7518
1560,3.7519
1561,3.7521
1562,3.7521
1563,3.7522
1564,3.7524
1565,3.7526
1566,3.7527
1567,3.7527
1568,3.7529
1569,3.753
1570,3.7532
1571,3.7532
1572,3.7533
1573,3.7535
1574,3.7537
1575,3.7538
1576,3.7538
1577,3.754
1578,3.7541
1579,3.7543
1580,3.7545
1581,3.7545
1582,3.7546
1583,3.7548
1584,3.7549
1585,3.7551
1586,3.7551
1587,3.7553
1588,3.7554
1589,3.7556
1590,3.7557
1591,3.7557
1592,3.7559
1593,3.756
1594,3.7562
1595,3.7564
1596,3.7564
1597,3.7565
1598,3.7567
1599,3.7568
1600,3.757
1601,3.7572
1602,3.7572
1603,3.7573
1604,3.7575
1605,3.7576
1606,3.7578
1607,3.758
1608,3.758
1609,3.7581
1610,3.7583
1611,3.7584
1612,3.7586
1613,3.7586
1614,3.7588
1615,3.7589
1616,3.7591
1617,3.7592
1618,3.7594
1619,3.7594
1620,3.7595
1621,3.7597
1622,3.7599
1623,3.76
1624,3.7602
1625,3.7603
1626,3.7603
1627,3.7605
1628,3.7607
1629,3.7608
1630,3.761
1631,3.7611
1632,3.7611
1633,3.7613
1634,3.7615
1635,3.7616
1636,3.7618
1637,3.7619
1638,3.7621
1639,3.7622
1640,3.7622
1641,3.7624
1642,3.7626
1643,3.7627
1644,3.7629
1645,3.763
1646,3.7632
1647,3.7632
1648,3.7634
1649,3.7635
1650,3.7637
1651,3.7638
1652,3.764
1653,3.764
1654,3.7642
1655,3.7643
1656,3.7645
1657,3.7646
1658,3.7648
1659,3.7649
1660,3.7651
1661,3.7653
1662,3.7653
1663,3.7654
1664,3.7656
1665,3.7657
1666,3.7659
1667,3.7661
1668,3.7662
1669,3.7664
1670,3.7664
1671,3.7665
1672,3.7667
1673,3.7669
1674,3.767
1675,3.7672
1676,3.7673
1677,3.7675
1678,3.7676
1679,3.7676
1680,3.7678
1681,3.768
1682,3.7681
1683,3.7683
1684,3.7684
1685,3.7686
1686,3.7688
1687,3.7689
1688,3.7691
1689,3.7691
1690,3.7692
1691,3.7694
1692,3.7696
1693,3.7697
1694,3.7699
1695,3.77
1696,3.7702
1697,3.7703
1698,3.7705
1699,3.7705
1700,3.7707
1701,3.7708
1702,3.771
1703,3.7711
1704,3.7713
1705,3.7715
1706,3.7716
1707,3.7718
1708,3.7719
1709,3.7721
1710,3.7723
1711,3.7724
1712,3.7724
1713,3.7726
1714,3.7727
1715,3.7729
1716,3.773
1717,3.7732
1718,3.7734
1719,3.7735
1720,3.7737
1721,3.7738
1722,3.774
1723,3.7742
1724,3.7742
1725,3.7743
1726,3.7745
1727,3.7746
1728,3.7748
1729,3.775
1730,3.7751
1731,3.7753
1732,3.7754
1733,3.7756
1734,3.7757
1735,3.7759
1736,3.7761
1737,3.7762
1738,3.7764
1739,3.7764
1740,3.7765
1741,3.7767
1742,3.7769
1743,3.777
1744,3.7772
1745,3.7773
1746,3.7775
1747,3.7777
1748,3.7778
1749,3.778
1750,3.7781
1751,3.7783
1752,3.7784
1753,3.7786
1754,3.7788
1755,3.7789
1756,3.7791
1757,3.7792
1758,3.7794
1759,3.7796
1760,3.7796
1761,3.7797
1762,3.7799
1763,3.78
1764,3.7802
1765,3.7804
1766,3.7805
1767,3.7807
1768,3.7808
1769,3.781
1770,3.7811
1771,3.7813
1772,3.7815
1773,3.7816
1774,3.7818
1775,3.7819
1776,3.7821
1777,3.7823
1778,3.7824
1779,3.7826
1780,3.7827
1781,3.7829
1782,3.7831
1783,3.7832
1784,3.7834
1785,3.7835
1786,3.7837
1787,3.7838
1788,3.784
1789,3.7842
1790,3.7843
1791,3.7845
1792,3.7846
1793,3.7846
1794,3.785
1795,3.785
1796,3.7853
1797,3.7853
1798,3.7854
1799,3.7856
1800,3.7858
1801,3.7859
1802,3.7861
1803,3.7862
1804,3.7864
1805,3.7865
1806,3.7867
1807,3.7869
1808,3.787
1809,3.7872
1810,3.7873
1811,3.7875
1812,3.7877
1813,3.7878
1814,3.788
1815,3.7883
1816,3.7883
1817,3.7885
1818,3.7886
1819,3.7888
1820,3.7889
1821,3.7891
1822,3.7892
1823,3.7894
1824,3.7896
1825,3.7897
1826,3.7899
1827,3.79
1828,3.7902
1829,3.7905
1830,3.7905
1831,3.7908
1832,3.7908
1833,3.791
1834,3.7913
1835,3.7915
1836,3.7916
1837,3.7918
1838,3.7919
1839,3.7921
1840,3.7923
1841,3.7924
1842,3.7926
1843,3.7927
1844,3.7929
1845,3.7931
1846,3.7932
1847,3.7934
1848,3.7935
1849,3.7937
1850,3.7939
1851,3.794
1852,3.7942
1853,3.7943
1854,3.7945
1855,3.7946
1856,3.7948
1857,3.795
1858,3.7951
1859,3.7953
1860,3.7954
1861,3.7956
1862,3.7958
1863,3.7961
1864,3.7962
1865,3.7964
1866,3.7966
1867,3.7967
1868,3.7969
1869,3.797
1870,3.7972
1871,3.7973
1872,3.7975
1873,3.7977
1874,3.7978
1875,3.798
1876,3.7981
1877,3.7983
1878,3.7985
1879,3.7986
1880,3.7988
1881,3.7989
1882,3.7993
1883,3.7994
1884,3.7996
1885,3.7997
1886,3.7999
1887,3.8
1888,3.8002
1889,3.8004
1890,3.8005
1891,3.8007
1892,3.8008
1893,3.801
1894,3.8013
1895,3.8015
1896,3.8016
1897,3.8018
1898,3.802
1899,3.8021
1900,3.8023
1901,3.8024
1902,3.8026
1903,3.8028
1904,3.8029
1905,3.8031
1906,3.8034
1907,3.8035
1908,3.8037
1909,3.8039
1910,3.804
1911,3.8042
1912,3.8043
1913,3.8045
1914,3.8047
1915,3.8048
1916,3.805
1917,3.8053
1918,3.8055
1919,3.8056
1920,3.8058
1921,3.8059
1922,3.8061
1923,3.8062
1924,3.8064
1925,3.8066
1926,3.8069
1927,3.807
1928,3.8072
1929,3.8074
1930,3.8075
1931,3.8077
1932,3.8078
1933,3.808
1934,3.8083
1935,3.8085
1936,3.8086
1937,3.8088
1938,3.8089
1939,3.8091
1940,3.8093
1941,3.8096
1942,3.8097
1943,3.8099
1944,3.8101
1945,3.8102
1946,3.8104
1947,3.8105
1948,3.8109
1949,3.811
1950,3.8112
1951,3.8113
1952,3.8115
1953,3.8116
1954,3.8118
1955,3.8121
1956,3.8123
1957,3.8124
1958,3.8126
1959,3.8128
1960,3.8129
1961,3.8132
1962,3.8134
1963,3.8136
1964,3.8137
1965,3.8139
1966,3.814
1967,3.8143
1968,3.8145
1969,3.8147
1970,3.8148
1971,3.815
1972,3.8151
1973,3.8155
1974,3.8156
1975,3.8158
1976,3.8159
1977,3.8161
1978,3.8164
1979,3.8166
1980,3.8167
1981,3.8169
1982,3.817
1983,3.8174
1984,3.8175
1985,3.8177
1986,3.8178
1987,3.818
1988,3.8183
1989,3.8185
1990,3.8186
1991,3.8188
1992,3.819
1993,3.8193
1994,3.8194
1995,3.8196
1996,3.8197
1997,3.8201
1998,3.8202
1999,3.8204
2000,3.8205
2001,3.8209
2002,3.821
2003,3.8212
2004,3.8213
2005,3.8215
2006,3.8218
2007,3.822
2008,3.8221
2009,3.8223
2010,3.8226
2011,3.8228
2012,3.8229
2013,3.8231
2014,3.8234
2015,3.8236
2016,3.8237
2017,3.8239
2018,3.8242
2019,3.8244
2020,3.8245
2021,3.8247
2022,3.825
2023,3.8251
2024,3.8253
2025,3.8256
2026,3.8258
2027,3.8259
2028,3.8261
2029,3.8264
2030,3.8266
2031,3.8267
2032,3.8269
2033,3.8272
2034,3.8274
2035,3.8275
2036,3.8278
2037,3.828
2038,3.8282
2039,3.8285
2040,3.8286
2041,3.8288
2042,3.829
2043,3.8293
2044,3.8294
2045,3.8296
2046,3.8299
2047,3.8301
2048,3.8302
2049,3.8305
2050,3.8307
2051,3.8309
2052,3.8312
2053,3.8313
2054,3.8315
2055,3.8317
2056,3.832
2057,3.8321
2058,3.8323
2059,3.8326
2060,3.8328
2061,3.8329
2062,3.8332
2063,3.8334
2064,3.8336
2065,3.8339
2066,3.834
2067,3.8344
2068,3.8345
2069,3.8347
2070,3.835
2071,3.8352
2072,3.8353
2073,3.8356
2074,3.8358
2075,3.8359
2076,3.8363
2077,3.8364
2078,3.8366
2079,3.8369
2080,3.8371
2081,3.8372
2082,3.8375
2083,3.8377
2084,3.838
2085,3.8382
2086,3.8383
2087,3.8386
2088,3.8388
2089,3.8391
2090,3.8393
2091,3.8394
2092,3.8398
2093,3.8399
2094,3.8401
2095,3.8404
2096,3.8406
2097,3.8409
2098,3.841
2099,3.8412
2100,3.8415
2101,3.8417
2102,3.842
2103,3.8421
2104,3.8423
2105,3.8426
2106,3.8428
2107,3.8431
2108,3.8433
2109,3.8436
2110,3.8437
2111,3.8439
2112,3.8442
2113,3.8444
2114,3.8447
2115,3.8448
2116,3.8452
2117,3.8453
2118,3.8455
2119,3.8458
2120,3.846
2121,3.8463
2122,3.8464
2123,3.8468
2124,3.8469
2125,3.8472
2126,3.8474
2127,3.8475
2128,3.8479
2129,3.848
2130,3.8483
2131,3.8485
2132,3.8488
2133,3.849
2134,3.8493
2135,3.8495
2136,3.8496
2137,3.8499
2138,3.8501
2139,3.8504
2140,3.8506
2141,3.8509
2142,3.851
2143,3.8514
2144,3.8515
2145,3.8518
2146,3.852
2147,3.8523
2148,3.8525
2149,3.8528
2150,3.8529
2151,3.8533
2152,3.8534
2153,3.8536
2154,3.8539
2155,3.8541
2156,3.8544
2157,3.8545
2158,3.8549
2159,3.855
2160,3.8553
2161,3.8555
2162,3.8558
2163,3.856
2164,3.8563
2165,3.8564
2166,3.8568
2167,3.8569
2168,3.8572
2169,3.8574
2170,3.8577
2171,3.8579
2172,3.8582
2173,3.8583
2174,3.8587
2175,3.8588
2176,3.8591
2177,3.8593
2178,3.8596
2179,3.8598
2180,3.8601
2181,3.8603
2182,3.8606
2183,3.8607
2184,3.861
2185,3.8612
2186,3.8615
2187,3.8617
2188,3.862
2189,3.8622
2190,3.8625
2191,3.8628
2192,3.863
2193,3.8631
2194,3.8634
2195,3.8637
2196,3.8639
2197,3.8642
2198,3.8644
2199,3.8647
2200,3.8649
2201,3.8652
2202,3.8653
2203,3.8657
2204,3.8658
2205,3.8661
2206,3.8663
2207,3.8666
2208,3.8668
2209,3.8671
2210,3.8672
2211,3.8676
2212,3.8677
2213,3.868
2214,3.8682
2215,3.8685
2216,3.8687
2217,3.869
2218,3.8691
2219,3.8695
2220,3.8696
2221,3.8699
2222,3.8703
2223,3.8704
2224,3.8707
2225,3.8709
2226,3.8712
2227,3.8714
2228,3.8717
2229,3.8718
2230,3.8722
2231,3.8723
2232,3.8726
2233,3.8728
2234,3.8731
2235,3.8733
2236,3.8736
2237,3.8738
2238,3.8741
2239,3.8742
2240,3.8745
2241,3.8747
2242,3.875
2243,3.8753
2244,3.8755
2245,3.8757
2246,3.876
2247,3.8763
2248,3.8765
2249,3.8768
2250,3.8769
2251,3.8772
2252,3.8774
2253,3.8777
2254,3.8779
2255,3.8782
2256,3.8784
2257,3.8787
2258,3.8788
2259,3.8792
2260,3.8793
2261,3.8796
2262,3.8798
2263,3.8801
2264,3.8803
2265,3.8806
2266,3.8807
2267,3.8811
2268,3.8812
2269,3.8815
2270,3.8817
2271,3.882
2272,3.8822
2273,3.8825
2274,3.8826
2275,3.883
2276,3.8831
2277,3.8834
2278,3.8836
2279,3.8839
2280,3.8841
2281,3.8844
2282,3.8846
2283,3.8849
2284,3.885
2285,3.8853
2286,3.8855
2287,3.8858
2288,3.886
2289,3.8863
2290,3.8865
2291,3.8868
2292,3.8869
2293,3.8873
2294,3.8874
2295,3.8877
2296,3.8879
2297,3.8882
2298,3.8884
2299,3.8887
2300,3.8888
2301,3.8892
2302,3.8893
2303,3.8895
2304,3.8898
2305,3.89
2306,3.8903
2307,3.8904
2308,3.8907
2309,3.8909
2310,3.8912
2311,3.8914
2312,3.8917
2313,3.8919
2314,3.8922
2315,3.8923
2316,3.8927
2317,3.8928
2318,3.8931
2319,3.8933
2320,3.8935
2321,3.8938
2322,3.8939
2323,3.8942
2324,3.8944
2325,3.8947
2326,3.8949
2327,3.8952
2328,3.8954
2329,3.8957
2330,3.8958
2331,3.8962
2332,3.8963
2333,3.8966
2334,3.8968
2335,3.8971
2336,3.8973
2337,3.8974
2338,3.8977
2339,3.8979
2340,3.8982
2341,3.8984
2342,3.8987
2343,3.8989
2344,3.8992
2345,3.8993
2346,3.8996
2347,3.8998
2348,3.9001
2349,3.9003
2350,3.9004
2351,3.9008
2352,3.9009
2353,3.9012
2354,3.9014
2355,3.9017
2356,3.9019
2357,3.9022
2358,3.9023
2359,3.9027
2360,3.9028
2361,3.903
2362,3.9033
2363,3.9035
2364,3.9038
2365,3.9039
2366,3.9043
2367,3.9044
2368,3.9047
2369,3.9049
2370,3.9052
2371,3.9054
2372,3.9055
2373,3.9058
2374,3.906
2375,3.9063
2376,3.9065
2377,3.9068
2378,3.907
2379,3.9073
2380,3.9074
2381,3.9077
2382,3.9079
2383,3.9082
2384,3.9084
2385,3.9085
2386,3.9089
2387,3.909
2388,3.9093
2389,3.9095
2390,3.9098
2391,3.91
2392,3.9103
2393,3.9104
2394,3.9108
2395,3.9109
2396,3.9112
2397,3.9114
2398,3.9116
2399,3.9119
2400,3.912
2401,3.9124
2402,3.9125
2403,3.9128
2404,3.913
2405,3.9133
2406,3.9135
2407,3.9138
2408,3.9139
2409,3.9143
2410,3.9144
2411,3.9147
2412,3.9149
2413,3.9151
2414,3.9154
2415,3.9155
2416,3.9158
2417,3.916
2418,3.9163
2419,3.9165
2420,3.9168
2421,3.917
2422,3.9173
2423,3.9174
2424,3.9178
2425,3.9179
2426,3.9182
2427,3.9184
2428,3.9187
2429,3.9189
2430,3.9192
2431,3.9193
2432,3.9197
2433,3.9198
2434,3.9201
2435,3.9203
2436,3.9206
2437,3.9208
2438,3.9211
2439,3.9212
2440,3.9216
2441,3.9217
2442,3.922
2443,3.9222
2444,3.9225
2445,3.9227
2446,3.923
2447,3.9232
2448,3.9235
2449,3.9236
2450,3.9239
2451,3.9241
2452,3.9244
2453,3.9246
2454,3.9249
2455,3.9251
2456,3.9254
2457,3.9255
2458,3.9259
2459,3.926
2460,3.9263
2461,3.9266
2462,3.9268
2463,3.927
2464,3.9273
2465,3.9276
2466,3.9278
2467,3.9281
2468,3.9282
2469,3.9286
2470,3.9287
2471,3.929
2472,3.9292
2473,3.9295
2474,3.9297
2475,3.93
2476,3.9303
2477,3.9305
2478,3.9308
2479,3.9309
2480,3.9313
2481,3.9314
2482,3.9317
2483,3.9319
2484,3.9322
2485,3.9325
2486,3.9327
2487,3.933
2488,3.9332
2489,3.9335
2490,3.9336
2491,3.934
2492,3.9343
2493,3.9344
2494,3.9347
2495,3.9349
2496,3.9352
2497,3.9355
2498,3.9357
2499,3.936
2500,3.9362
2501,3.9365
2502,3.9367
2503,3.937
2504,3.9373
2505,3.9374
2506,3.9378
2507,3.9379
2508,3.9382
2509,3.9386
2510,3.9387
2511,3.939
2512,3.9392
2513,3.9395
2514,3.9398
2515,3.94
2516,3.9403
2517,3.9406
2518,3.9408
2519,3.9411
2520,3.9414
2521,3.9416
2522,3.9419
2523,3.9421
2524,3.9424
2525,3.9427
2526,3.9429
2527,3.9432
2528,3.9435
2529,3.9436
2530,3.944
2531,3.9441
2532,3.9444
2533,3.9448
2534,3.9449
2535,3.9452
2536,3.9456
2537,3.9457
2538,3.946
2539,3.9463
2540,3.9465
2541,3.9468
2542,3.9471
2543,3.9473
2544,3.9476
2545,3.9479
2546,3.9481
2547,3.9484
2548,3.9487
2549,3.9489
2550,3.9492
2551,3.9495
2552,3.9497
2553,3.95
2554,3.9503
2555,3.9505
2556,3.9508
2557,3.9511
2558,3.9513
2559,3.9516
2560,3.9519
2561,3.9521
2562,3.9524
2563,3.9527
2564,3.953
2565,3.9532
2566,3.9535
2567,3.9538
2568,3.954
2569,3.9543
2570,3.9546
2571,3.9548
2572,3.9551
2573,3.9554
2574,3.9557
2575,3.9559
2576,3.9562
2577,3.9565
2578,3.9567
2579,3.957
2580,3.9573
2581,3.9575
2582,3.9578
2583,3.9581
2584,3.9583
2585,3.9586
2586,3.9589
2587,3.9592
2588,3.9594
2589,3.9597
2590,3.96
2591,3.9603
2592,3.9605
2593,3.9608
2594,3.9611
2595,3.9613
2596,3.9616
2597,3.9619
2598,3.9622
2599,3.9624
2600,3.9627
2601,3.963
2602,3.9632
2603,3.9635
2604,3.9638
2605,3.9641
2606,3.9643
2607,3.9646
2608,3.9649
2609,3.9652
2610,3.9654
2611,3.9657
2612,3.966
2613,3.9662
2614,3.9665
2615,3.9668
2616,3.9672
2617,3.9673
2618,3.9676
2619,3.9679
2620,3.9681
2621,3.9684
2622,3.9687
2623,3.9689
2624,3.9692
2625,3.9695
2626,3.9699
2627,3.97
2628,3.9703
2629,3.9706
2630,3.9708
2631,3.9711
2632,3.9714
2633,3.9716
2634,3.9719
2635,3.9722
2636,3.9726
2637,3.9727
2638,3.973
2639,3.9733
2640,3.9735
2641,3.9738
2642,3.9741
2643,3.9743
2644,3.9746
2645,3.9749
2646,3.9753
2647,3.9754
2648,3.9757
2649,3.976
2650,3.9762
2651,3.9765
2652,3.9768
2653,3.977
2654,3.9773
2655,3.9776
2656,3.9778
2657,3.9781
2658,3.9784
2659,3.9786
2660,3.9789
2661,3.9792
2662,3.9794
2663,3.9797
2664,3.98
2665,3.9802
2666,3.9805
2667,3.9808
2668,3.981
2669,3.9813
2670,3.9816
2671,3.9818
2672,3.9821
2673,3.9822
2674,3.9826
2675,3.9829
2676,3.983
2677,3.9834
2678,3.9835
2679,3.9838
2680,3.9842
2681,3.9843
2682,3.9846
2683,3.9848
2684,3.9851
2685,3.9854
2686,3.9856
2687,3.9859
2688,3.9861
2689,3.9864
2690,3.9867
2691,3.9868
2692,3.9872
2693,3.9873
2694,3.9876
2695,3.9878
2696,3.9881
2697,3.9884
2698,3.9886
2699,3.9889
2700,3.9891
2701,3.9894
2702,3.9896
2703,3.9899
2704,3.99
2705,3.9903
2706,3.9905
2707,3.9908
2708,3.9911
2709,3.9913
2710,3.9915
2711,3.9918
2712,3.9921
2713,3.9923
2714,3.9926
2715,3.9927
2716,3.9929
2717,3.9932
2718,3.9935
2719,3.9937
2720,3.9938
2721,3.9942
2722,3.9943
2723,3.9946
2724,3.9948
2725,3.9951
2726,3.9953
2727,3.9956
2728,3.9957
2729,3.9961
2730,3.9962
2731,3.9964
2732,3.9967
2733,3.9969
2734,3.9972
2735,3.9973
2736,3.9977
2737,3.9978
2738,3.998
2739,3.9983
2740,3.9984
2741,3.9988
2742,3.9989
2743,3.9991
2744,3.9994
2745,3.9996
2746,3.9999
2747,4.0
2748,4.0002
2749,4.0005
2750,4.0007
2751,4.0008
2752,4.0011
2753,4.0013
2754,4.0015
2755,4.0018
2756,4.0019
2757,4.0021
2758,4.0024
2759,4.0026
2760,4.0027
2761,4.0031
2762,4.0032
2763,4.0034
2764,4.0037
2765,4.0038
2766,4.004
2767,4.0042
2768,4.0045
2769,4.0046
2770,4.0048
2771,4.005
2772,4.0053
2773,4.0054
2774,4.0056
2775,4.0059
2776,4.0061
2777,4.0062
2778,4.0064
2779,4.0067
2780,4.0069
2781,4.007
2782,4.0072
2783,4.0073
2784,4.0077
2785,4.0078
2786,4.008
2787,4.0081
2788,4.0085
2789,4.0086
2790,4.0088
2791,4.0089
2792,4.0091
2793,4.0094
2794,4.0094
2795,4.0097
2796,4.0099
2797,4.01
2798,4.0102
2799,4.0104
2800,4.0105
2801,4.0108
2802,4.011
2803,4.0112
2804,4.0113
2805,4.0116
2806,4.0118
2807,4.0119
2808,4.0121
2809,4.0123
2810,4.0124
2811,4.0126
2812,4.0129
2813,4.0131
2814,4.0132
2815,4.0134
2816,4.0135
2817,4.0137
2818,4.0139
2819,4.014
2820,4.0142
2821,4.0145
2822,4.0146
2823,4.0148
2824,4.015
2825,4.0151
2826,4.0153
2827,4.0154
2828,4.0156
2829,4.0158
2830,4.0159
2831,4.0162
2832,4.0162
2833,4.0166
2834,4.0167
2835,4.0169
2836,4.017
2837,4.0172
2838,4.0173
2839,4.0175
2840,4.0177
2841,4.0178
2842,4.018
2843,4.0181
2844,4.0183
2845,4.0185
2846,4.0186
2847,4.0188
2848,4.0189
2849,4.0193
2850,4.0193
2851,4.0196
2852,4.0197
2853,4.0199
2854,4.02
2855,4.0202
2856,4.0204
2857,4.0205
2858,4.0207
2859,4.0208
2860,4.021
2861,4.0212
2862,4.0213
2863,4.0215
2864,4.0216
2865,4.0218
2866,4.022
2867,4.0221
2868,4.0223
2869,4.0224
2870,4.0226
2871,4.0227
2872,4.0229
2873,4.0231
2874,4.0232
2875,4.0234
2876,4.0235
2877,4.0237
2878,4.0239
2879,4.024
2880,4.0242
2881,4.0243
2882,4.0245
2883,4.0247
2884,4.0248
2885,4.025
2886,4.0251
2887,4.0253
2888,4.0254
2889,4.0256
2890,4.0258
2891,4.0259
2892,4.0261
2893,4.0262
2894,4.0264
2895,4.0266
2896,4.0267
2897,4.0269
2898,4.027
2899,4.0272
2900,4.0274
2901,4.0275
2902,4.0277
2903,4.0278
2904,4.028
2905,4.0281
2906,4.0283
2907,4.0285
2908,4.0286
2909,4.0288
2910,4.0289
2911,4.0291
2912,4.0293
2913,4.0294
2914,4.0296
2915,4.0297
2916,4.0299
2917,4.0301
2918,4.0302
2919,4.0304
2920,4.0305
2921,4.0307
2922,4.0309
2923,4.031
2924,4.0312
2925,4.0313
2926,4.0315
2927,4.0316
2928,4.0318
2929,4.032
2930,4.0323
2931,4.0324
2932,4.0326
2933,4.0328
2934,4.0329
2935,4.0331
2936,4.0332
2937,4.0334
2938,4.0336
2939,4.0337
2940,4.0339
2941,4.034
2942,4.0342
2943,4.0343
2944,4.0345
2945,4.0347
2946,4.0348
2947,4.035
2948,4.0351
2949,4.0355
2950,4.0356
2951,4.0358
2952,4.0359
2953,4.0361
2954,4.0363
2955,4.0364
2956,4.0366
2957,4.0367
2958,4.0369
2959,4.037
2960,4.0374
2961,4.0375
2962,4.0377
2963,4.0378
2964,4.038
2965,4.0382
2966,4.0383
2967,4.0385
2968,4.0388
2969,4.039
2970,4.0391
2971,4.0393
2972,4.0394
2973,4.0396
2974,4.0399
2975,4.0401
2976,4.0402
2977,4.0404
2978,4.0405
2979,4.0407
2980,4.041
2981,4.0412
2982,4.0413
2983,4.0415
2984,4.0418
2985,4.042
2986,4.0421
2987,4.0423
2988,4.0424
2989,4.0428
2990,4.0429
2991,4.0431
2992,4.0432
2993,4.0436
2994,4.0437
2995,4.0439
2996,4.044
2997,4.0444
2998,4.0445
2999,4.0447
3000,4.045
3001,4.0451
3002,4.0453
3003,4.0455
3004,4.0458
3005,4.0459
3006,4.0461
3007,4.0464
3008,4.0466
3009,4.0469
3010,4.0471
3011,4.0472
3012,4.0475
3013,4.0477
3014,4.0478
3015,4.0482
3016,4.0483
3017,4.0485
3018,4.0488
3019,4.049
3020,4.0493
3021,4.0494
3022,4.0496
3023,4.0499
3024,4.0501
3025,4.0504
3026,4.0505
3027,4.0509
3028,4.051
3029,4.0513
3030,4.0515
3031,4.0518
3032,4.052
3033,4.0521
3034,4.0525
3035,4.0526
3036,4.0529
3037,4.0531
3038,4.0534
3039,4.0536
3040,4.0539
3041,4.054
3042,4.0544
3043,4.0547
3044,4.0548
3045,4.0552
3046,4.0553
3047,4.0556
3048,4.0558
3049,4.0561
3050,4.0564
3051,4.0566
3052,4.0569
3053,4.0571
3054,4.0574
3055,4.0577
3056,4.0579
3057,4.0582
3058,4.0585
3059,4.0586
3060,4.059
3061,4.0591
3062,4.0594
3063,4.0598
3064,4.0599
3065,4.0602
3066,4.0606
3067,4.0609
3068,4.061
3069,4.0613
3070,4.0617
3071,4.0618
3072,4.0621
3073,4.0625
3074,4.0626
3075,4.0629
3076,4.0633
3077,4.0636
3078,4.0637
3079,4.064
3080,4.0644
3081,4.0647
3082,4.0648
3083,4.0652
3084,4.0655
3085,4.0658
3086,4.0661
3087,4.0663
3088,4.0666
3089,4.0669
3090,4.0672
3091,4.0675
3092,4.0677
3093,4.068
3094,4.0683
3095,4.0687
3096,4.069
3097,4.0691
3098,4.0694
3099,4.0698
3100,4.0701
3101,4.0704
3102,4.0707
3103,4.071
3104,4.0712
3105,4.0715
3106,4.0718
3107,4.0721
3108,4.0725
3109,4.0728
3110,4.0731
3111,4.0734
3112,4.0736
3113,4.0739
3114,4.0742
3115,4.0745
3116,4.0748
3117,4.0752
3118,4.0755
3119,4.0758
3120,4.0761
3121,4.0764
3122,4.0766
3123,4.0769
3124,4.0772
3125,4.0776
3126,4.0779
3127,4.0782
3128,4.0785
3129,4.0788
3130,4.0791
3131,4.0795
3132,4.0798
3133,4.0801
3134,4.0804
3135,4.0807
3136,4.0809
3137,4.0812
3138,4.0815
3139,4.0818
3140,4.0822
3141,4.0825
3142,4.0828
3143,4.0831
3144,4.0834
3145,4.0837
3146,4.0841
3147,4.0844
3148,4.0847
3149,4.085
3150,4.0853
3151,4.0857
3152,4.086
3153,4.0863
3154,4.0866
3155,4.0869
3156,4.0871
3157,4.0874
3158,4.0877
3159,4.088
3160,4.0884
3161,4.0887
3162,4.089
3163,4.0893
3164,4.0896
3165,4.0899
3166,4.0903
3167,4.0906
3168,4.0909
3169,4.0912
3170,4.0915
3171,4.0918
3172,4.0922
3173,4.0925
3174,4.0928
3175,4.0931
3176,4.0934
3177,4.0938
3178,4.0941
3179,4.0942
3180,4.0945
3181,4.0949
3182,4.0952
3183,4.0955
3184,4.0958
3185,4.0961
3186,4.0965
3187,4.0968
3188,4.0971
3189,4.0974
3190,4.0977
3191,4.098
3192,4.0982
3193,4.0985
3194,4.0988
3195,4.0992
3196,4.0995
3197,4.0998
3198,4.1001
3199,4.1004
3200,4.1007
3201,4.1011
3202,4.1014
3203,4.1015
3204,4.102
3205,4.1022
3206,4.1025
3207,4.1028
3208,4.1031
3209,4.1034
3210,4.1038
3211,4.1041
3212,4.1042
3213,4.1046
3214,4.1049
3215,4.1052
3216,4.1055
3217,4.1058
3218,4.1061
3219,4.1063
3220,4.1066
3221,4.1069
3222,4.1073
3223,4.1076
3224,4.1079
3225,4.108
3226,4.1084
3227,4.1087
3228,4.109
3229,4.1093
3230,4.1096
3231,4.1098
3232,4.1101
3233,4.1104
3234,4.1107
3235,4.1111
3236,4.1112
3237,4.1115
3238,4.1119
3239,4.1122
3240,4.1123
3241,4.1127
3242,4.113
3243,4.1133
3244,4.1136
3245,4.1138
3246,4.1141
3247,4.1144
3248,4.1146
3249,4.1149
3250,4.1152
3251,4.1155
3252,4.1157
3253,4.116
3254,4.1163
3255,4.1166
3256,4.1168
3257,4.1171
3258,4.1174
3259,4.1176
3260,4.1179
3261,4.1182
3262,4.1184
3263,4.1187
3264,4.119
3265,4.1192
3266,4.1195
3267,4.1198
3268,4.12
3269,4.1203
3270,4.1206
3271,4.1208
3272,4.1211
3273,4.1214
3274,4.1215
3275,4.1219
3276,4.122
3277,4.1223
3278,4.1227
3279,4.1228
3280,4.1231
3281,4.1233
3282,4.1236
3283,4.1239
3284,4.1241
3285,4.1244
3286,4.1246
3287,4.1249
3288,4.125
3289,4.1254
3290,4.1255
3291,4.1258
3292,4.1262
3293,4.1263
3294,4.1266
3295,4.1268
3296,4.1271
3297,4.1273
3298,4.1276
3299,4.1277
3300,4.1281
3301,4.1282
3302,4.1284
3303,4.1287
3304,4.1289
3305,4.1292
3306,4.1293
3307,4.1297
3308,4.1298
3309,4.1301
3310,4.1303
3311,4.1306
3312,4.1308
3313,4.1309
3314,4.1312
3315,4.1314
3316,4.1317
3317,4.1319
3318,4.1322
3319,4.1324
3320,4.1325
3321,4.1328
3322,4.133
3323,4.1331
3324,4.1335
3325,4.1336
3326,4.1338
3327,4.1341
3328,4.1343
3329,4.1344
3330,4.1347
3331,4.1349
3332,4.1352
3333,4.1354
3334,4.1355
3335,4.1357
3336,4.136
3337,4.1362
3338,4.1363
3339,4.1366
3340,4.1368
3341,4.137
3342,4.1371
3343,4.1374
3344,4.1376
3345,4.1378
3346,4.1379
3347,4.1382
3348,4.1384
3349,4.1385
3350,4.1387
3351,4.1389
3352,4.1392
3353,4.1393
3354,4.1395
3355,4.1397
3356,4.14
3357,4.1401
3358,4.1403
3359,4.1405
3360,4.1406
3361,4.1409
3362,4.1411
3363,4.1412
3364,4.1414
3365,4.1416
3366,4.1417
3367,4.1419
3368,4.142
3369,4.1424
3370,4.1425
3371,4.1427
3372,4.1428
3373,4.143
3374,4.1432
3375,4.1433
3376,4.1435
3377,4.1436
3378,4.1439
3379,4.1441
3380,4.1443
3381,4.1444
3382,4.1446
3383,4.1447
3384,4.1449
3385,4.1451
3386,4.1452
3387,4.1454
3388,4.1455
3389,4.1457
3390,4.1459
3391,4.146
3392,4.1462
3393,4.1463
3394,4.1465
3395,4.1466
3396,4.1468
3397,4.147
3398,4.1471
3399,4.1473
3400,4.1474
3401,4.1476
3402,4.1478
3403,4.1479
3404,4.1481
3405,4.1482
3406,4.1484
3407,4.1486
3408,4.1487
3409,4.1489
3410,4.1489
3411,4.149
3412,4.1492
3413,4.1493
3414,4.1495
3415,4.1497
3416,4.1498
3417,4.15
3418,4.1501
3419,4.1503
3420,4.1503
3421,4.1505
3422,4.1506
3423,4.1508
3424,4.1509
3425,4.1511
3426,4.1513
3427,4.1513
3428,4.1514
3429,4.1516
3430,4.1517
3431,4.1519
3432,4.1519
3433,4.152
3434,4.1522
3435,4.1524
3436,4.1525
3437,4.1525
3438,4.1527
3439,4.1528
3440,4.153
3441,4.1532
3442,4.1532
3443,4.1533
3444,4.1535
3445,4.1536
3446,4.1536
3447,4.1538
3448,4.154
3449,4.1541
3450,4.1541
3451,4.1543
3452,4.1544
3453,4.1544
3454,4.1546
3455,4.1547
3456,4.1549
3457,4.1549
3458,4.1551
3459,4.1552
3460,4.1554
3461,4.1554
3462,4.1555
3463,4.1557
3464,4.1557
3465,4.1559
3466,4.156
3467,4.156
3468,4.1562
3469,4.1563
3470,4.1563
3471,4.1565
3472,4.1567
3473,4.1567
3474,4.1568
3475,4.157
3476,4.157
3477,4.1571
3478,4.1573
3479,4.1573
3480,4.1574
3481,4.1574
3482,4.1576
3483,4.1578
3484,4.1578
3485,4.1579
3486,4.1579
3487,4.1581
3488,4.1582
3489,4.1582
3490,4.1584
3491,4.1584
3492,4.1586
3493,4.1587
3494,4.1587
3495,4.1589
3496,4.1589
3497,4.159
3498,4.159
3499,4.1592
3500,4.1594
3501,4.1594
3502,4.1595
3503,4.1595
3504,4.1597
3505,4.1597
3506,4.1598
3507,4.16
3508,4.16
3509,4.1601
3510,4.1601
3511,4.1603
3512,4.1603
3513,4.1605
3514,4.1605
3515,4.1606
3516,4.1606
3517,4.1608
3518,4.1608
3519,4.1609
3520,4.1609
3521,4.1611
3522,4.1613
3523,4.1613
3524,4.1614
3525,4.1614
3526,4.1616
3527,4.1616
3528,4.1617
3529,4.1617
3530,4.1619
3531,4.1619
3532,4.1621
3533,4.1621
3534,4.1622
3535,4.1622
3536,4.1624
3537,4.1624
3538,4.1625
3539,4.1625
3540,4.1627
3541,4.1627
3542,4.1628
3543,4.1628
3544,4.163
3545,4.163
3546,4.1632
3547,4.1632
3548,4.1633
3549,4.1633
3550,4.1635
3551,4.1635
3552,4.1636
3553,4.1636
3554,4.1638
3555,4.1638
3556,4.164
3557,4.164
3558,4.1641
3559,4.1641
3560,4.1643
3561,4.1643
3562,4.1644
3563,4.1644
3564,4.1646
3565,4.1646
3566,4.1648
3567,4.1648
3568,4.1649
3569,4.1649
3570,4.1651
3571,4.1651
3572,4.1652
3573,4.1652
3574,4.1654
3575,4.1654
3576,4.1655
3577,4.1655
3578,4.1657
3579,4.1659
3580,4.1659
3581,4.166
3582,4.166
3583,4.1662
3584,4.1662
3585,4.1663
3586,4.1663
3587,4.1665
3588,4.1665
3589,4.1667
3590,4.1667
3591,4.1668
3592,4.1668
3593,4.167
3594,4.167
3595,4.1671
3596,4.1671
3597,4.1673
3598,4.1673
3599,4.1675
3600,4.1676
3601,4.1676
3602,4.1678
3603,4.1678
3604,4.1679
3605,4.1679
3606,4.1681
3607,4.1681
3608,4.1683
3609,4.1684
3610,4.1684
3611,4.1686
3612,4.1686
3613,4.1687
3614,4.1687
3615,4.1689
3616,4.169
3617,4.169
3618,4.1692
3619,4.1692
3620,4.1694
3621,4.1694
3622,4.1695
3623,4.1697
3624,4.1697
3625,4.1698
3626,4.1698
3627,4.17
3628,4.1702
3629,4.1702
3630,4.1703
3631,4.1705
3632,4.1705
3633,4.1706
3634,4.1706
3635,4.1708
3636,4.171
3637,4.171
3638,4.1711
3639,4.1713
3640,4.1713
3641,4.1714
3642,4.1716
3643,4.1716
3644,4.1717
3645,4.1719
3646,4.1719
3647,4.1721
3648,4.1721
3649,4.1722
3650,4.1724
3651,4.1725
3652,4.1725
3653,4.1727
3654,4.1729
3655,4.1729
3656,4.173
3657,4.1732
3658,4.1732
3659,4.1733
3660,4.1735
3661,4.1735
3662,4.1737
3663,4.1738
3664,4.174
3665,4.174
3666,4.1741
3667,4.1743
3668,4.1744
3669,4.1746
3670,4.1746
3671,4.1748
3672,4.1749
3673,4.1751
3674,4.1751
3675,4.1752
3676,4.1754
3677,4.1756
3678,4.1756
3679,4.1757
3680,4.1759
3681,4.176
3682,4.1762
3683,4.1764
3684,4.1764
3685,4.1765
3686,4.1767
3687,4.1768
3688,4.177
3689,4.1771
3690,4.1771
3691,4.1773
3692,4.1775
3693,4.1776
3694,4.1778
3695,4.1779
3696,4.1781
3697,4.1783
3698,4.1784
3699,4.1784
3700,4.1786
3701,4.1787
3702,4.1789
3703,4.1791
3704,4.1792
3705,4.1794
3706,4.1795
3707,4.1797
3708,4.1798
3709,4.18
3710,4.1802
3711,4.1803
3712,4.1805
3713,4.1806
3714,4.1808
3715,4.181
3716,4.1811
3717,4.1813
3718,4.1814
3719,4.1816
3720,4.1818
3721,4.1819
3722,4.1822
3723,4.1824
3724,4.1825
3725,4.1827
3726,4.1829
3727,4.183
3728,4.1832
3729,4.1833
3730,4.1837
3731,4.1838
3732,4.184
3733,4.1841
3734,4.1843
3735,4.1845
3736,4.1848
3737,4.1849
3738,4.1851
3739,4.1852
3740,4.1854
3741,4.1857
3742,4.1859
3743,4.186
3744,4.1864
3745,4.1865
3746,4.1867
3747,4.187
3748,4.1872
3749,4.1873
3750,4.1876
3751,4.1878
3752,4.1879
3753,4.1883
3754,4.1884
3755,4.1886
3756,4.1889
3757,4.1891
3758,4.1894
3759,4.1895
3760,4.1899
3761,4.19
3762,4.1903
3763,4.1905
3764,4.1908
3765,4.191
3766,4.1913
3767,4.1916
3768,4.1918
3769,4.1921
3770,4.1922
3771,4.1926
3772,4.1929
3773,4.193
3774,4.1933
3775,4.1937
3776,4.1938
3777,4.1941
3778,4.1945
3779,4.1946
3780,4.1949
3781,4.1953
3782,4.1956
3783,4.1959
3784,4.196
3785,4.1964
3786,4.1967
3787,4.197
3788,4.1973
3789,4.1976
3790,4.198
3791,4.1983
3792,4.1986
3793,4.1989
3794,4.1992
3795,4.1995
3796,4.1999
3797,4.2002
3798,4.2005
3799,4.2008
3800,4.2011
3801,4.2014
3802,4.2019
3803,4.2022
3804,4.2026
3805,4.2029
3806,4.2032
3807,4.2037
3808,4.204
3809,4.2043
3810,4.2048
3811,4.2051
3812,4.2054
3813,4.2059
3814,4.2062
3815,4.2067
3816,4.207
3817,4.2075
3818,4.2078
3819,4.2083
3820,4.2086
3821,4.2091
3822,4.2095
3823,4.2099
3824,4.2103
3825,4.2108
3826,4.2111
3827,4.2116
3828,4.2121
3829,4.2126
3830,4.213
3831,4.2135
3832,4.2138
3833,4.2143
3834,4.2148
3835,4.2153
3836,4.2157
3837,4.2162
3838,4.2167
3839,4.2172
3840,4.2177
3841,4.2183
3842,4.2188
3843,4.2192
3844,4.2197
3845,4.2202
3846,4.2208
3847,4.2213
3848,4.2218
3849,4.2224
3850,4.2229
3851,4.2235
3852,4.224
3853,4.2246
3854,4.2251
3855,4.2258
3856,4.2262
3857,4.2269
3858,4.2275
3859,4.2281
3860,4.2286
3861,4.2292
3862,4.2299
3863,4.2305
3864,4.2312
3865,4.2318
3866,4.2323
3867,4.2331
3868,4.2337
3869,4.2343
3870,4.235
3871,4.2356
3872,4.2362
3873,4.2362
3874,4.2369
3875,4.2369
3876,4.2375
3877,4.2375
3878,4.2383
3879,4.2383
3880,4.2389
3881,4.2389
3882,4.2396
3883,4.2396
3884,4.2404
3885,4.2404
3886,4.241
3887,4.241
3888,4.2418
3889,4.2418
3890,4.2424
3891,4.2424
3892,4.2432
3893,4.2432
3894,4.2439
3895,4.2439
3896,4.2447
3897,4.2447
3898,4.2453
3899,4.2453
3900,4.2461
3901,4.2461
3902,4.2469
3903,4.2469
3904,4.2477
3905,4.2477
3906,4.2483
3907,4.2483
3908,4.2491
3909,4.2491
3910,4.2499
3911,4.2499
3912,4.2507
3913,4.2507
3914,4.2515
3915,4.2523
3916,4.2531
3917,4.2539
3918,4.2547
3919,4.2555
3920,4.2562
3921,4.2572
3922,4.258
3923,4.2588
3924,4.2596
3925,4.2605
3926,4.2613
3927,4.2623
3928,4.2631
3929,4.2639
3930,4.2648
3931,4.2658
3932,4.2666
3933,4.2675
3934,4.2685
3935,4.2693
3936,4.2702
3937,4.2712
3938,4.2721
3939,4.2731
3940,4.274
3941,4.275
3942,4.2759
3943,4.2769
3944,4.2779
3945,4.2788
3946,4.2798
3947,4.2807
3948,4.2818
3949,4.2828
3950,4.2837
3951,4.2848
3952,4.2858
3953,4.2867
3954,4.2879
3955,4.2888
3956,4.2899
3957,4.2909
3958,4.292
3959,4.2929
3960,4.2941
3961,4.295
3962,4.2963
3963,4.2972
3964,4.2983
3965,4.2993
3966,4.2995
3967,4.2995
3968,4.2995
3969,4.2995
3970,4.2995
3971,4.2996
3972,4.2995
3973,4.2977
3974,4.2958
3975,4.295
3976,4.2944
3977,4.2941
3978,4.2936
3979,4.2933
3980,4.293
3981,4.2926
3982,4.2925
3983,4.2923
3984,4.292
3985,4.2918
3986,4.2917
3987,4.2914
3988,4.2914
3989,4.291
3990,4.2909
3991,4.2909
3992,4.2906
3993,4.2906
3994,4.2904
3995,4.2903
3996,4.2903
3997,4.2901
3998,4.2899
3999,4.2899
4000,4.2898
4001,4.2898
4002,4.2896
4003,4.2895
4004,4.2895
4005,4.2893
4006,4.2893
4007,4.2893
4008,4.2891
4009,4.289
4010,4.289
4011,4.2888
4012,4.2888
4013,4.2888
4014,4.2887
4015,4.2887
4016,4.2887
4017,4.2885
4018,4.2885
4019,4.2883
4020,4.2883
4021,4.2882
4022,4.2882
4023,4.2882
4024,4.288
4025,4.288
4026,4.288
4027,4.2879
4028,4.2879
4029,4.2879
4030,4.2877
4031,4.2877
4032,4.2877
4033,4.2876
4034,4.2876
4035,4.2876
4036,4.2876
4037,4.2874
4038,4.2874
4039,4.2874
4040,4.2872
4041,4.2872
4042,4.2872
4043,4.2872
4044,4.2871
4045,4.2871
4046,4.2871
4047,4.2871
4048,4.2869
4049,4.2869
4050,4.2869
4051,4.2869
4052,4.2868
4053,4.2868
4054,4.2868
4055,4.2868
4056,4.2866
4057,4.2866
4058,4.2866
4059,4.2866
4060,4.2864
4061,4.2864
4062,4.2864
4063,4.2864
4064,4.2864
4065,4.2863
4066,4.2863
4067,4.2863
4068,4.2863
4069,4.2863
4070,4.2861
4071,4.2861
4072,4.2861
4073,4.2861
4074,4.286
4075,4.286
4076,4.286
4077,4.286
4078,4.286
4079,4.2858
4080,4.2858
4081,4.2858
4082,4.2858
4083,4.2858
4084,4.2858
4085,4.2856
4086,4.2856
4087,4.2856
4088,4.2856
4089,4.2855
4090,4.2855
4091,4.2855
4092,4.2855
4093,4.2855
4094,4.2853
4095,4.2853
4096,4.2853
4097,4.2853
4098,4.2853
4099,4.2853
4100,4.2852
4101,4.2852
4102,4.2852
4103,4.2852
4104,4.2852
4105,4.285
4106,4.285
4107,4.285
4108,4.285
4109,4.285
4110,4.2848
4111,4.2848
4112,4.2848
4113,4.2848
4114,4.2848
4115,4.2848
4116,4.2847
4117,4.2847
4118,4.2847
4119,4.2847
4120,4.2845
4121,4.2845
4122,4.2845
4123,4.2845
4124,4.2845
4125,4.2845
4126,4.2844
4127,4.2844
4128,4.2844
4129,4.2844
4130,4.2844
4131,4.2844
4132,4.2844
4133,4.2842
4134,4.2842
4135,4.2842
4136,4.2842
4137,4.2842
4138,4.2842
4139,4.2842
4140,4.2841
4141,4.2841
4142,4.2841
4143,4.2841
4144,4.2841
4145,4.2841
4146,4.2839
4147,4.2839
4148,4.2839
4149,4.2839
4150,4.2839
4151,4.2839
4152,4.2839
4153,4.2837
4154,4.2785
4155,4.274
4156,4.2718
4157,4.2699
4158,4.2682
4159,4.2666
4160,4.2651
4161,4.2637
4162,4.2623
4163,4.261
4164,4.2596
4165,4.2585
4166,4.2572
4167,4.2559
4168,4.2548
4169,4.2535
4170,4.2524
4171,4.2513
4172,4.2502
4173,4.2491
4174,4.248
4175,4.247
4176,4.2459
4177,4.2448
4178,4.2438
4179,4.2427
4180,4.2418
4181,4.2408
4182,4.2399
4183,4.2388
4184,4.2378
4185,4.2368
4186,4.2359
4187,4.2349
4188,4.2341
4189,4.2332
4190,4.2322
4191,4.2313
4192,4.2305
4193,4.2295
4194,4.2287
4195,4.2278
4196,4.227
4197,4.226
4198,4.2252
4199,4.2245
4200,4.2237
4201,4.2229
4202,4.2219
4203,4.2211
4204,4.2203
4205,4.2195
4206,4.2187
4207,4.2179
4208,4.2173
4209,4.2165
4210,4.2159
4211,4.2151
4212,4.2143
4213,4.2136
4214,4.2128
4215,4.2122
4216,4.2114
4217,4.2108
4218,4.21
4219,4.2094
4220,4.2087
4221,4.2081
4222,4.2074
4223,4.2067
4224,4.2062
4225,4.2054
4226,4.2047
4227,4.2043
4228,4.2036
4229,4.203
4230,4.2024
4231,4.2017
4232,4.2011
4233,4.2006
4234,4.2
4235,4.1993
4236,4.1987
4237,4.1982
4238,4.1978
4239,4.1971
4240,4.1966
4241,4.196
4242,4.1955
4243,4.1949
4244,4.1944
4245,4.1938
4246,4.1935
4247,4.1928
4248,4.1923
4249,4.1919
4250,4.1914
4251,4.1909
4252,4.1904
4253,4.19
4254,4.1895
4255,4.189
4256,4.1885
4257,4.1881
4258,4.1876
4259,4.1873
4260,4.1868
4261,4.1863
4262,4.1858
4263,4.1855
4264,4.1849
4265,4.1846
4266,4.1841
4267,4.1838
4268,4.1833
4269,4.183
4270,4.1825
4271,4.1822
4272,4.1817
4273,4.1814
4274,4.1811
4275,4.1806
4276,4.1803
4277,4.1798
4278,4.1795
4279,4.179
4280,4.1788
4281,4.1785
4282,4.178
4283,4.1777
4284,4.1774
4285,4.1769
4286,4.1768
4287,4.1763
4288,4.1761
4289,4.1758
4290,4.1755
4291,4.1752
4292,4.1749
4293,4.1745
4294,4.1742
4295,4.1739
4296,4.1734
4297,4.1733
4298,4.173
4299,4.1726
4300,4.1725
4301,4.1722
4302,4.1718
4303,4.1715
4304,4.1712
4305,4.171
4306,4.1707
4307,4.1704
4308,4.1703
4309,4.1699
4310,4.1696
4311,4.1695
4312,4.1691
4313,4.169
4314,4.1685
4315,4.1683
4316,4.1682
4317,4.168
4318,4.1677
4319,4.1674
4320,4.1671
4321,4.1669
4322,4.1668
4323,4.1666
4324,4.1663
4325,4.1661
4326,4.1658
4327,4.1656
4328,4.1655
4329,4.1652
4330,4.165
4331,4.1647
4332,4.1645
4333,4.1644
4334,4.1642
4335,4.1639
4336,4.1637
4337,4.1636
4338,4.1634
4339,4.1631
4340,4.1629
4341,4.1628
4342,4.1626
4343,4.1625
4344,4.1621
4345,4.162
4346,4.1618
4347,4.1617
4348,4.1615
4349,4.1612
4350,4.1612
4351,4.1609
4352,4.1607
4353,4.1606
4354,4.1604
4355,4.1602
4356,4.1601
4357,4.1599
4358,4.1598
4359,4.1596
4360,4.1594
4361,4.1593
4362,4.1591
4363,4.1588
4364,4.1588
4365,4.1587
4366,4.1585
4367,4.1583
4368,4.1582
4369,4.1582
4370,4.1579
4371,4.1579
4372,4.1577
4373,4.1575
4374,4.1574
4375,4.1572
4376,4.1571
4377,4.1569
4378,4.1567
4379,4.1566
4380,4.1564
4381,4.1563
4382,4.1563
4383,4.1559
4384,4.1559
4385,4.1558
4386,4.1556
4387,4.1555
4388,4.1553
4389,4.1553
4390,4.1552
4391,4.1552
4392,4.155
4393,4.1548
4394,4.1545
4395,4.1545
4396,4.1545
4397,4.1544
4398,4.154
4399,4.1542
4400,4.154
4401,4.1539
4402,4.1537
4403,4.1537
4404,4.1536
4405,4.1534
4406,4.1534
4407,4.1531
4408,4.1531
4409,4.1529
4410,4.1529
4411,4.1528
4412,4.1526
4413,4.1526
4414,4.1525
4415,4.1523
4416,4.1523
4417,4.1521
4418,4.152
4419,4.152
4420,4.1517
4421,4.1517
4422,4.1515
4423,4.1515
4424,4.1513
4425,4.1512
4426,4.1513
4427,4.1512
4428,4.151
4429,4.151
4430,4.1509
4431,4.1507
4432,4.1507
4433,4.1504
4434,4.1505
4435,4.1504
4436,4.1502
4437,4.1502
4438,4.1502
4439,4.1501
4440,4.1499
4441,4.1499
4442,4.1498
4443,4.1498
4444,4.1496
4445,4.1494
4446,4.1494
4447,4.1493
4448,4.1493
4449,4.1491
4450,4.1491
4451,4.149
4452,4.149
4453,4.1488
4454,4.1488
4455,4.1486
4456,4.1486
4457,4.1485
4458,4.1485
4459,4.1483
4460,4.1483
4461,4.1482
4462,4.1482
4463,4.148
4464,4.148
4465,4.1478
4466,4.1478
4467,4.1477
4468,4.1477
4469,4.1475
4470,4.1475
4471,4.1474
4472,4.1474
4473,4.1472
4474,4.1472
4475,4.147
4476,4.147
4477,4.1469
4478,4.1469
4479,4.1467
4480,4.1467
4481,4.1466
4482,4.1466
4483,4.1464
4484,4.1464
4485,4.1463
4486,4.1463
4487,4.1463
4488,4.1461
4489,4.1461
4490,4.1459
4491,4.1459
4492,4.1458
4493,4.1458
4494,4.1456
4495,4.1456
4496,4.1455
4497,4.1455
4498,4.1453
4499,4.1453
4500,4.1451
4501,4.1451
4502,4.1451
4503,4.145
4504,4.145
4505,4.1448
4506,4.1448
4507,4.1447
4508,4.1447
4509,4.1445
4510,4.1445
4511,4.1445
4512,4.1443
4513,4.1442
4514,4.1442
4515,4.144
4516,4.144
4517,4.144
4518,4.1439
4519,4.1439
4520,4.1437
4521,4.1437
4522,4.1437
4523,4.1436
4524,4.1436
4525,4.1434
4526,4.1434
4527,4.1432
4528,4.1432
4529,4.1431
4530,4.1431
4531,4.1429
4532,4.1429
4533,4.1429
4534,4.1428
4535,4.1426
4536,4.1426
4537,4.1424
4538,4.1424
4539,4.1424
4540,4.1424
4541,4.1423
4542,4.1423
4543,4.1421
4544,4.1421
4545,4.142
4546,4.142
4547,4.142
4548,4.1418
4549,4.1418
4550,4.1416
4551,4.1416
4552,4.1415
4553,4.1415
4554,4.1413
4555,4.1413
4556,4.1413
4557,4.1412
4558,4.1412
4559,4.141
4560,4.141
4561,4.1408
4562,4.1408
4563,4.1407
4564,4.1407
4565,4.1407
4566,4.1405
4567,4.1405
4568,4.1404
4569,4.1404
4570,4.1402
4571,4.1402
4572,4.1401
4573,4.1401
4574,4.1399
4575,4.1399
4576,4.1399
4577,4.1397
4578,4.1397
4579,4.1396
4580,4.1396
4581,4.1394
4582,4.1394
4583,4.1393
4584,4.1393
4585,4.1391
4586,4.1391
4587,4.1389
4588,4.1389
4589,4.1388
4590,4.1388
4591,4.1386
4592,4.1386
4593,4.1385
4594,4.1385
4595,4.1383
4596,4.1383
4597,4.1383
4598,4.1381
4599,4.138
4600,4.138
4601,4.1378
4602,4.1378
4603,4.1377
4604,4.1377
4605,4.1375
4606,4.1375
4607,4.1375
4608,4.1374
4609,4.1372
4610,4.1372
4611,4.137
4612,4.137
4613,4.1369
4614,4.1369
4615,4.1367
4616,4.1367
4617,4.1366
4618,4.1366
4619,4.1364
4620,4.1364
4621,4.1362
4622,4.1362
4623,4.1361
4624,4.1359
4625,4.1359
4626,4.1358
4627,4.1358
4628,4.1356
4629,4.1356
4630,4.1354
4631,4.1353
4632,4.1353
4633,4.1351
4634,4.1351
4635,4.135
4636,4.1348
4637,4.1348
4638,4.1347
4639,4.1347
4640,4.1345
4641,4.1345
4642,4.1343
4643,4.1342
4644,4.1342
4645,4.134
4646,4.1339
4647,4.1339
4648,4.1337
4649,4.1337
4650,4.1335
4651,4.1334
4652,4.1334
4653,4.1332
4654,4.1331
4655,4.1331
4656,4.1329
4657,4.1327
4658,4.1327
4659,4.1326
4660,4.1324
4661,4.1323
4662,4.1323
4663,4.1321
4664,4.1319
4665,4.1319
4666,4.1318
4667,4.1316
4668,4.1315
4669,4.1315
4670,4.1313
4671,4.1312
4672,4.131
4673,4.131
4674,4.1308
4675,4.1307
4676,4.1305
4677,4.1305
4678,4.1304
4679,4.1302
4680,4.13
4681,4.13
4682,4.1299
4683,4.1297
4684,4.1296
4685,4.1294
4686,4.1294
4687,4.1292
4688,4.1291
4689,4.1289
4690,4.1288
4691,4.1286
4692,4.1286
4693,4.1285
4694,4.1283
4695,4.1281
4696,4.128
4697,4.1278
4698,4.1277
4699,4.1275
4700,4.1273
4701,4.1273
4702,4.1272
4703,4.127
4704,4.1269
4705,4.1267
4706,4.1265
4707,4.1264
4708,4.1262
4709,4.1261
4710,4.1259
4711,4.1258
4712,4.1256
4713,4.1254
4714,4.1253
4715,4.1251
4716,4.125
4717,4.1248
4718,4.1246
4719,4.1245
4720,4.1243
4721,4.1242
4722,4.124
4723,4.1238
4724,4.1237
4725,4.1235
4726,4.1234
4727,4.1232
4728,4.123
4729,4.1229
4730,4.1227
4731,4.1226
4732,4.1223
4733,4.1221
4734,4.1219
4735,4.1218
4736,4.1216
4737,4.1215
4738,4.1211
4739,4.1211
4740,4.121
4741,4.1207
4742,4.1205
4743,4.1203
4744,4.1202
4745,4.1199
4746,4.1197
4747,4.1196
4748,4.1194
4749,4.1192
4750,4.1191
4751,4.1188
4752,4.1186
4753,4.1184
4754,4.1183
4755,4.1181
4756,4.1178
4757,4.1176
4758,4.1173
4759,4.1173
4760,4.117
4761,4.1169
4762,4.1167
4763,4.1164
4764,4.1162
4765,4.1161
4766,4.1157
4767,4.1156
4768,4.1154
4769,4.1153
4770,4.1149
4771,4.1146
4772,4.1145
4773,4.1141
4774,4.114
4775,4.1138
4776,4.1137
4777,4.1135
4778,4.1132
4779,4.113
4780,4.1127
4781,4.1126
4782,4.1124
4783,4.1121
4784,4.1118
4785,4.1116
4786,4.1113
4787,4.1111
4788,4.1108
4789,4.1107
4790,4.1105
4791,4.1103
4792,4.11
4793,4.1097
4794,4.1095
4795,4.1094
4796,4.1091
4797,4.1089
4798,4.1086
4799,4.1084
4800,4.1081
4801,4.1079
4802,4.1076
4803,4.1073
4804,4.1072
4805,4.1068
4806,4.1067
4807,4.1064
4808,4.1062
4809,4.1059
4810,4.1056
4811,4.1054
4812,4.1051
4813,4.1049
4814,4.1046
4815,4.1045
4816,4.1041
4817,4.1038
4818,4.1037
4819,4.1033
4820,4.103
4821,4.1027
4822,4.1025
4823,4.1024
4824,4.1019
4825,4.1018
4826,4.1016
4827,4.1013
4828,4.101
4829,4.1006
4830,4.1005
4831,4.1002
4832,4.0998
4833,4.0997
4834,4.0994
4835,4.099
4836,4.0987
4837,4.0986
4838,4.0983
4839,4.0979
4840,4.0976
4841,4.0975
4842,4.0971
4843,4.0968
4844,4.0967
4845,4.0963
4846,4.096
4847,4.0957
4848,4.0954
4849,4.0951
4850,4.0949
4851,4.0946
4852,4.0943
4853,4.094
4854,4.0936
4855,4.0933
4856,4.093
4857,4.0929
4858,4.0925
4859,4.0924
4860,4.0921
4861,4.0917
4862,4.0914
4863,4.0911
4864,4.0908
4865,4.0906
4866,4.0903
4867,4.09
4868,4.0897
4869,4.0894
4870,4.089
4871,4.0887
4872,4.0884
4873,4.0881
4874,4.0879
4875,4.0876
4876,4.0873
4877,4.087
4878,4.0867
4879,4.0863
4880,4.086
4881,4.0857
4882,4.0854
4883,4.0851
4884,4.0849
4885,4.0846
4886,4.0843
4887,4.0839
4888,4.0836
4889,4.0833
4890,4.083
4891,4.0827
4892,4.0824
4893,4.082
4894,4.0817
4895,4.0814
4896,4.0811
4897,4.0808
4898,4.0805
4899,4.0801
4900,4.0798
4901,4.0795
4902,4.0792
4903,4.0789
4904,4.0785
4905,4.0782
4906,4.0779
4907,4.0776
4908,4.0774
4909,4.0771
4910,4.0768
4911,4.0765
4912,4.0762
4913,4.0758
4914,4.0755
4915,4.0752
4916,4.0749
4917,4.0746
4918,4.0743
4919,4.0739
4920,4.0736
4921,4.0733
4922,4.073
4923,4.0727
4924,4.0723
4925,4.072
4926,4.0717
4927,4.0714
4928,4.0711
4929,4.0708
4930,4.0704
4931,4.0701
4932,4.0698
4933,4.0695
4934,4.0692
4935,4.0689
4936,4.0684
4937,4.0681
4938,4.0677
4939,4.0676
4940,4.0673
4941,4.0669
4942,4.0666
4943,4.0663
4944,4.066
4945,4.0655
4946,4.0654
4947,4.065
4948,4.0647
4949,4.0644
4950,4.0641
4951,4.0638
4952,4.0634
4953,4.0631
4954,4.0628
4955,4.0625
4956,4.0622
4957,4.0619
4958,4.0615
4959,4.0612
4960,4.0609
4961,4.0606
4962,4.0603
4963,4.0599
4964,4.0596
4965,4.0593
4966,4.059
4967,4.0587
4968,4.0584
4969,4.058
4970,4.0577
4971,4.0574
4972,4.0571
4973,4.0568
4974,4.0565
4975,4.0561
4976,4.0558
4977,4.0555
4978,4.0553
4979,4.055
4980,4.0547
4981,4.0544
4982,4.0541
4983,4.0538
4984,4.0534
4985,4.0531
4986,4.0528
4987,4.0525
4988,4.0522
4989,4.052
4990,4.0517
4991,4.0514
4992,4.051
4993,4.0507
4994,4.0504
4995,4.0501
4996,4.0498
4997,4.0495
4998,4.0493
4999,4.0488
5000,4.0487
5001,4.0482
5002,4.048
5003,4.0477
5004,4.0474
5005,4.0472
5006,4.0469
5007,4.0466
5008,4.0463
5009,4.046
5010,4.0458
5011,4.0455
5012,4.0452
5013,4.0449
5014,4.0445
5015,4.0444
5016,4.0441
5017,4.0437
5018,4.0434
5019,4.0433
5020,4.0429
5021,4.0426
5022,4.0423
5023,4.0421
5024,4.0418
5025,4.0415
5026,4.0412
5027,4.041
5028,4.0407
5029,4.0404
5030,4.0401
5031,4.0399
5032,4.0396
5033,4.0393
5034,4.0391
5035,4.0388
5036,4.0385
5037,4.0383
5038,4.038
5039,4.0377
5040,4.0375
5041,4.0372
5042,4.0369
5043,4.0367
5044,4.0364
5045,4.0361
5046,4.0359
5047,4.0356
5048,4.0353
5049,4.0352
5050,4.0348
5051,4.0347
5052,4.0344
5053,4.0342
5054,4.0339
5055,4.0336
5056,4.0334
5057,4.0331
5058,4.0329
5059,4.0326
5060,4.0325
5061,4.0321
5062,4.032
5063,4.0317
5064,4.0315
5065,4.0312
5066,4.031
5067,4.0307
5068,4.0305
5069,4.0302
5070,4.0301
5071,4.0298
5072,4.0296
5073,4.0293
5074,4.0291
5075,4.0288
5076,4.0286
5077,4.0283
5078,4.0282
5079,4.028
5080,4.0277
5081,4.0274
5082,4.0272
5083,4.0269
5084,4.0267
5085,4.0264
5086,4.0263
5087,4.0261
5088,4.0259
5089,4.0258
5090,4.0255
5091,4.0253
5092,4.0251
5093,4.0248
5094,4.0247
5095,4.0245
5096,4.0242
5097,4.024
5098,4.0239
5099,4.0236
5100,4.0234
5101,4.0232
5102,4.0231
5103,4.0228
5104,4.0226
5105,4.0224
5106,4.0221
5107,4.022
5108,4.0218
5109,4.0216
5110,4.0213
5111,4.0212
5112,4.021
5113,4.0209
5114,4.0205
5115,4.0204
5116,4.0202
5117,4.0201
5118,4.0197
5119,4.0196
5120,4.0194
5121,4.0193
5122,4.0191
5123,4.0188
5124,4.0186
5125,4.0185
5126,4.0183
5127,4.0181
5128,4.0178
5129,4.0177
5130,4.0175
5131,4.0174
5132,4.017
5133,4.017
5134,4.0167
5135,4.0166
5136,4.0164
5137,4.0162
5138,4.0161
5139,4.0159
5140,4.0158
5141,4.0156
5142,4.0153
5143,4.0151
5144,4.015
5145,4.0148
5146,4.0147
5147,4.0145
5148,4.0143
5149,4.0142
5150,4.014
5151,4.0139
5152,4.0137
5153,4.0134
5154,4.0132
5155,4.0131
5156,4.0129
5157,4.0127
5158,4.0126
5159,4.0124
5160,4.0121
5161,4.012
5162,4.012
5163,4.0118
5164,4.0116
5165,4.0115
5166,4.0113
5167,4.011
5168,4.011
5169,4.0107
5170,4.0105
5171,4.0104
5172,4.0102
5173,4.01
5174,4.0099
5175,4.0097
5176,4.0096
5177,4.0094
5178,4.0092
5179,4.0091
5180,4.0089
5181,4.0086
5182,4.0085
5183,4.0083
5184,4.0081
5185,4.0081
5186,4.0078
5187,4.0077
5188,4.0077
5189,4.0075
5190,4.0073
5191,4.0072
5192,4.007
5193,4.0069
5194,4.0067
5195,4.0065
5196,4.0064
5197,4.0062
5198,4.0061
5199,4.0059
5200,4.0058
5201,4.0056
5202,4.0054
5203,4.0053
5204,4.0051
5205,4.0048
5206,4.0048
5207,4.0045
5208,4.0045
5209,4.0042
5210,4.0042
5211,4.004
5212,4.0038
5213,4.0037
5214,4.0035
5215,4.0034
5216,4.0032
5217,4.003
5218,4.0029
5219,4.0027
5220,4.0026
5221,4.0024
5222,4.0023
5223,4.0021
5224,4.0019
5225,4.0018
5226,4.0016
5227,4.0015
5228,4.0013
5229,4.0011
5230,4.001
5231,4.0007
5232,4.0005
5233,4.0003
5234,4.0002
5235,4.0
5236,3.9999
5237,3.9997
5238,3.9996
5239,3.9994
5240,3.9992
5241,3.9991
5242,3.9989
5243,3.9988
5244,3.9986
5245,3.9984
5246,3.9983
5247,3.9981
5248,3.998
5249,3.9978
5250,3.9976
5251,3.9975
5252,3.9973
5253,3.9972
5254,3.9969
5255,3.9967
5256,3.9967
5257,3.9964
5258,3.9962
5259,3.9961
5260,3.9959
5261,3.9957
5262,3.9956
5263,3.9954
5264,3.9953
5265,3.9949
5266,3.9948
5267,3.9946
5268,3.9945
5269,3.9943
5270,3.9941
5271,3.994
5272,3.9938
5273,3.9937
5274,3.9935
5275,3.9934
5276,3.9932
5277,3.9929
5278,3.9927
5279,3.9926
5280,3.9924
5281,3.9922
5282,3.9921
5283,3.9919
5284,3.9916
5285,3.9914
5286,3.9913
5287,3.9911
5288,3.991
5289,3.9908
5290,3.9907
5291,3.9905
5292,3.9902
5293,3.99
5294,3.9899
5295,3.9897
5296,3.9894
5297,3.9892
5298,3.9891
5299,3.9887
5300,3.9887
5301,3.9884
5302,3.9883
5303,3.9881
5304,3.988
5305,3.9876
5306,3.9875
5307,3.9873
5308,3.987
5309,3.9868
5310,3.9867
5311,3.9865
5312,3.9862
5313,3.986
5314,3.9859
5315,3.9857
5316,3.9856
5317,3.9852
5318,3.9851
5319,3.9849
5320,3.9848
5321,3.9846
5322,3.9843
5323,3.9841
5324,3.984
5325,3.9837
5326,3.9835
5327,3.9833
5328,3.983
5329,3.9829
5330,3.9827
5331,3.9824
5332,3.9822
5333,3.9821
5334,3.9818
5335,3.9816
5336,3.9814
5337,3.9811
5338,3.981
5339,3.9806
5340,3.9805
5341,3.9803
5342,3.98
5343,3.9798
5344,3.9795
5345,3.9794
5346,3.9792
5347,3.9789
5348,3.9787
5349,3.9784
5350,3.9783
5351,3.9781
5352,3.9778
5353,3.9776
5354,3.9773
5355,3.9771
5356,3.9768
5357,3.9767
5358,3.9765
5359,3.9762
5360,3.9759
5361,3.9757
5362,3.9754
5363,3.9752
5364,3.9749
5365,3.9746
5366,3.9744
5367,3.9743
5368,3.9741
5369,3.9738
5370,3.9736
5371,3.9733
5372,3.9732
5373,3.9729
5374,3.9727
5375,3.9724
5376,3.9721
5377,3.9719
5378,3.9716
5379,3.9714
5380,3.9711
5381,3.9709
5382,3.9706
5383,3.9705
5384,3.97
5385,3.9698
5386,3.9697
5387,3.9694
5388,3.969
5389,3.9689
5390,3.9686
5391,3.9684
5392,3.9681
5393,3.9679
5394,3.9674
5395,3.9674
5396,3.9671
5397,3.9668
5398,3.9667
5399,3.9663
5400,3.966
5401,3.9659
5402,3.9655
5403,3.9654
5404,3.9649
5405,3.9646
5406,3.9644
5407,3.9643
5408,3.964
5409,3.9638
5410,3.9635
5411,3.9632
5412,3.9628
5413,3.9627
5414,3.9624
5415,3.962
5416,3.9619
5417,3.9616
5418,3.9612
5419,3.9611
5420,3.9606
5421,3.9603
5422,3.9601
5423,3.96
5424,3.9595
5425,3.9593
5426,3.959
5427,3.9589
5428,3.9585
5429,3.9582
5430,3.9579
5431,3.9578
5432,3.9574
5433,3.9573
5434,3.957
5435,3.9566
5436,3.9563
5437,3.956
5438,3.9557
5439,3.9555
5440,3.9552
5441,3.9549
5442,3.9547
5443,3.9543
5444,3.9541
5445,3.9538
5446,3.9536
5447,3.9533
5448,3.953
5449,3.9527
5450,3.9525
5451,3.9522
5452,3.9519
5453,3.9516
5454,3.9514
5455,3.9511
5456,3.9508
5457,3.9504
5458,3.9501
5459,3.9498
5460,3.9495
5461,3.9493
5462,3.949
5463,3.9487
5464,3.9485
5465,3.9482
5466,3.9479
5467,3.9476
5468,3.9474
5469,3.9471
5470,3.9468
5471,3.9463
5472,3.9461
5473,3.946
5474,3.9457
5475,3.9452
5476,3.9449
5477,3.9447
5478,3.9446
5479,3.9442
5480,3.9439
5481,3.9436
5482,3.9433
5483,3.9431
5484,3.9428
5485,3.9425
5486,3.9422
5487,3.9419
5488,3.9417
5489,3.9414
5490,3.9409
5491,3.9407
5492,3.9406
5493,3.9403
5494,3.94
5495,3.9396
5496,3.9393
5497,3.9392
5498,3.9388
5499,3.9385
5500,3.9382
5501,3.938
5502,3.9377
5503,3.9374
5504,3.9369
5505,3.9368
5506,3.9365
5507,3.9361
5508,3.936
5509,3.9357
5510,3.9353
5511,3.9352
5512,3.9349
5513,3.9345
5514,3.9342
5515,3.9341
5516,3.9336
5517,3.9333
5518,3.9331
5519,3.9328
5520,3.9325
5521,3.9323
5522,3.9318
5523,3.9317
5524,3.9314
5525,3.9312
5526,3.9309
5527,3.9306
5528,3.9303
5529,3.9299
5530,3.9298
5531,3.9296
5532,3.9293
5533,3.929
5534,3.9287
5535,3.9285
5536,3.928
5537,3.9279
5538,3.9276
5539,3.9272
5540,3.9269
5541,3.9268
5542,3.9266
5543,3.9263
5544,3.926
5545,3.9256
5546,3.9253
5547,3.9252
5548,3.9249
5549,3.9245
5550,3.9242
5551,3.9241
5552,3.9237
5553,3.9234
5554,3.9233
5555,3.9229
5556,3.9228
5557,3.9225
5558,3.9221
5559,3.9218
5560,3.9217
5561,3.9214
5562,3.9212
5563,3.9209
5564,3.9206
5565,3.9202
5566,3.9201
5567,3.9198
5568,3.9194
5569,3.9193
5570,3.919
5571,3.9188
5572,3.9185
5573,3.9182
5574,3.9179
5575,3.9177
5576,3.9174
5577,3.9172
5578,3.9167
5579,3.9166
5580,3.9164
5581,3.9161
5582,3.916
5583,3.9156
5584,3.9153
5585,3.9152
5586,3.9148
5587,3.9147
5588,3.9144
5589,3.914
5590,3.9139
5591,3.9136
5592,3.9134
5593,3.9131
5594,3.9128
5595,3.9125
5596,3.9121
5597,3.912
5598,3.9118
5599,3.9115
5600,3.9113
5601,3.911
5602,3.9107
5603,3.9105
5604,3.9102
5605,3.9101
5606,3.9098
5607,3.9096
5608,3.9093
5609,3.9091
5610,3.9086
5611,3.9086
5612,3.9083
5613,3.908
5614,3.9078
5615,3.9075
5616,3.9074
5617,3.9071
5618,3.9067
5619,3.9066
5620,3.9064
5621,3.9061
5622,3.9059
5623,3.9056
5624,3.9055
5625,3.9051
5626,3.905
5627,3.9047
5628,3.9045
5629,3.9042
5630,3.9039
5631,3.9037
5632,3.9036
5633,3.9032
5634,3.9031
5635,3.9028
5636,3.9026
5637,3.9021
5638,3.902
5639,3.9018
5640,3.9015
5641,3.9013
5642,3.901
5643,3.9009
5644,3.9005
5645,3.9004
5646,3.9001
5647,3.8999
5648,3.8996
5649,3.8994
5650,3.8993
5651,3.8988
5652,3.8986
5653,3.8985
5654,3.8981
5655,3.898
5656,3.8978
5657,3.8975
5658,3.8972
5659,3.897
5660,3.8969
5661,3.8966
5662,3.8964
5663,3.8961
5664,3.8959
5665,3.8956
5666,3.8954
5667,3.8951
5668,3.895
5669,3.8947
5670,3.8945
5671,3.8942
5672,3.894
5673,3.8937
5674,3.8935
5675,3.8932
5676,3.8931
5677,3.8929
5678,3.8926
5679,3.8924
5680,3.8921
5681,3.892
5682,3.8916
5683,3.8915
5684,3.8912
5685,3.8908
5686,3.8907
5687,3.8905
5688,3.8902
5689,3.89
5690,3.8897
5691,3.8897
5692,3.8894
5693,3.8891
5694,3.8889
5695,3.8888
5696,3.8885
5697,3.8883
5698,3.888
5699,3.8878
5700,3.8875
5701,3.8873
5702,3.887
5703,3.8869
5704,3.8865
5705,3.8864
5706,3.8861
5707,3.8859
5708,3.8856
5709,3.8854
5710,3.8853
5711,3.885
5712,3.8848
5713,3.8846
5714,3.8843
5715,3.884
5716,3.8837
5717,3.8837
5718,3.8834
5719,3.8832
5720,3.8829
5721,3.8827
5722,3.8824
5723,3.8823
5724,3.8819
5725,3.8816
5726,3.8815
5727,3.8813
5728,3.8811
5729,3.8808
5730,3.8807
5731,3.8803
5732,3.88
5733,3.8799
5734,3.8797
5735,3.8794
5736,3.8792
5737,3.8791
5738,3.8788
5739,3.8786
5740,3.8783
5741,3.8781
5742,3.8778
5743,3.8775
5744,3.8773
5745,3.877
5746,3.8769
5747,3.8767
5748,3.8764
5749,3.8762
5750,3.8759
5751,3.8757
5752,3.8754
5753,3.8753
5754,3.8749
5755,3.8746
5756,3.8746
5757,3.8743
5758,3.8741
5759,3.8738
5760,3.8737
5761,3.8734
5762,3.8732
5763,3.8729
5764,3.8727
5765,3.8724
5766,3.8721
5767,3.8719
5768,3.8718
5769,3.8714
5770,3.8713
5771,3.871
5772,3.8708
5773,3.8705
5774,3.8703
5775,3.87
5776,3.8699
5777,3.8695
5778,3.8694
5779,3.8691
5780,3.8687
5781,3.8686
5782,3.8683
5783,3.8681
5784,3.8678
5785,3.8676
5786,3.8675
5787,3.8672
5788,3.8668
5789,3.8667
5790,3.8665
5791,3.8662
5792,3.866
5793,3.8657
5794,3.8656
5795,3.8652
5796,3.8649
5797,3.8648
5798,3.8646
5799,3.8643
5800,3.864
5801,3.8638
5802,3.8635
5803,3.8633
5804,3.863
5805,3.8627
5806,3.8624
5807,3.8622
5808,3.8619
5809,3.8618
5810,3.8616
5811,3.8614
5812,3.8611
5813,3.861
5814,3.8606
5815,3.8603
5816,3.8602
5817,3.8598
5818,3.8597
5819,3.8594
5820,3.8591
5821,3.8589
5822,3.8586
5823,3.8584
5824,3.8581
5825,3.8579
5826,3.8576
5827,3.8575
5828,3.8571
5829,3.857
5830,3.8567
5831,3.8563
5832,3.8562
5833,3.8559
5834,3.8556
5835,3.8552
5836,3.8551
5837,3.8548
5838,3.8546
5839,3.8543
5840,3.8541
5841,3.8538
5842,3.8536
5843,3.8533
5844,3.8532
5845,3.8529
5846,3.8527
5847,3.8524
5848,3.8522
5849,3.8519
5850,3.8517
5851,3.8514
5852,3.8511
5853,3.8508
5854,3.8506
5855,3.8505
5856,3.8501
5857,3.85
5858,3.8497
5859,3.8494
5860,3.8492
5861,3.8489
5862,3.8487
5863,3.8484
5864,3.8481
5865,3.8478
5866,3.8476
5867,3.8474
5868,3.8471
5869,3.847
5870,3.8467
5871,3.8463
5872,3.8462
5873,3.8459
5874,3.8455
5875,3.8454
5876,3.8451
5877,3.8449
5878,3.8446
5879,3.8443
5880,3.844
5881,3.8438
5882,3.8436
5883,3.8433
5884,3.8432
5885,3.8428
5886,3.8427
5887,3.8424
5888,3.842
5889,3.8419
5890,3.8416
5891,3.8414
5892,3.8411
5893,3.8408
5894,3.8406
5895,3.8403
5896,3.8401
5897,3.8398
5898,3.8397
5899,3.8393
5900,3.839
5901,3.8389
5902,3.8385
5903,3.8384
5904,3.8381
5905,3.8378
5906,3.8376
5907,3.8373
5908,3.8371
5909,3.8368
5910,3.8366
5911,3.8362
5912,3.836
5913,3.8358
5914,3.8355
5915,3.8352
5916,3.8351
5917,3.8349
5918,3.8346
5919,3.8343
5920,3.8341
5921,3.8338
5922,3.8336
5923,3.8333
5924,3.8331
5925,3.8328
5926,3.8325
5927,3.8323
5928,3.832
5929,3.8319
5930,3.8317
5931,3.8314
5932,3.8312
5933,3.8309
5934,3.8306
5935,3.8304
5936,3.8301
5937,3.83
5938,3.8296
5939,3.8295
5940,3.8292
5941,3.829
5942,3.8287
5943,3.8284
5944,3.8281
5945,3.8279
5946,3.8276
5947,3.8274
5948,3.8273
5949,3.8269
5950,3.8268
5951,3.8266
5952,3.8263
5953,3.826
5954,3.8258
5955,3.8255
5956,3.8254
5957,3.825
5958,3.8247
5959,3.8246
5960,3.8242
5961,3.8241
5962,3.8239
5963,3.8236
5964,3.8233
5965,3.8231
5966,3.8228
5967,3.8227
5968,3.8225
5969,3.8222
5970,3.8219
5971,3.8215
5972,3.8215
5973,3.8212
5974,3.8211
5975,3.8207
5976,3.8206
5977,3.8203
5978,3.8201
5979,3.8198
5980,3.8196
5981,3.8195
5982,3.8192
5983,3.819
5984,3.8187
5985,3.8184
5986,3.8182
5987,3.818
5988,3.8177
5989,3.8176
5990,3.8172
5991,3.8171
5992,3.8168
5993,3.8165
5994,3.8165
5995,3.8161
5996,3.8158
5997,3.8157
5998,3.8153
5999,3.8152
6000,3.8149
6001,3.8147
6002,3.8145
6003,3.8142
6004,3.8141
6005,3.8138
6006,3.8136
6007,3.8134
6008,3.8131
6009,3.813
6010,3.8126
6011,3.8125
6012,3.8123
6013,3.812
6014,3.8117
6015,3.8115
6016,3.8114
6017,3.8112
6018,3.8109
6019,3.8106
6020,3.8104
6021,3.8103
6022,3.8099
6023,3.8098
6024,3.8096
6025,3.8093
6026,3.8091
6027,3.809
6028,3.8087
6029,3.8085
6030,3.8082
6031,3.808
6032,3.8079
6033,3.8076
6034,3.8074
6035,3.8072
6036,3.8069
6037,3.8068
6038,3.8064
6039,3.8063
6040,3.806
6041,3.8058
6042,3.8056
6043,3.8055
6044,3.8052
6045,3.8049
6046,3.8047
6047,3.8045
6048,3.8044
6049,3.8041
6050,3.8039
6051,3.8037
6052,3.8036
6053,3.8033
6054,3.8031
6055,3.8028
6056,3.8026
6057,3.8025
6058,3.8022
6059,3.802
6060,3.8018
6061,3.8015
6062,3.8014
6063,3.8012
6064,3.8009
6065,3.8007
6066,3.8006
6067,3.8002
6068,3.8001
6069,3.7999
6070,3.7998
6071,3.7994
6072,3.7993
6073,3.7991
6074,3.7988
6075,3.7987
6076,3.7985
6077,3.7982
6078,3.798
6079,3.7979
6080,3.7977
6081,3.7974
6082,3.7972
6083,3.7971
6084,3.7967
6085,3.7966
6086,3.7964
6087,3.7961
6088,3.796
6089,3.7958
6090,3.7956
6091,3.7953
6092,3.7952
6093,3.795
6094,3.7947
6095,3.7945
6096,3.7944
6097,3.7942
6098,3.7939
6099,3.7937
6100,3.7936
6101,3.7932
6102,3.7931
6103,3.7929
6104,3.7928
6105,3.7925
6106,3.7923
6107,3.7921
6108,3.792
6109,3.7917
6110,3.7915
6111,3.7913
6112,3.7912
6113,3.791
6114,3.7907
6115,3.7905
6116,3.7904
6117,3.7901
6118,3.7899
6119,3.7898
6120,3.7896
6121,3.7893
6122,3.7891
6123,3.789
6124,3.7888
6125,3.7885
6126,3.7883
6127,3.7882
6128,3.788
6129,3.7878
6130,3.7875
6131,3.7874
6132,3.7872
6133,3.7871
6134,3.7867
6135,3.7866
6136,3.7864
6137,3.7863
6138,3.7861
6139,3.7858
6140,3.7856
6141,3.7855
6142,3.7853
6143,3.7851
6144,3.7848
6145,3.7847
6146,3.7845
6147,3.7843
6148,3.784
6149,3.7839
6150,3.7837
6151,3.7836
6152,3.7834
6153,3.7832
6154,3.7829
6155,3.7828
6156,3.7826
6157,3.7824
6158,3.7821
6159,3.782
6160,3.7818
6161,3.7816
6162,3.7815
6163,3.7812
6164,3.781
6165,3.7809
6166,3.7807
6167,3.7805
6168,3.7802
6169,3.7801
6170,3.7799
6171,3.7797
6172,3.7796
6173,3.7794
6174,3.7791
6175,3.7789
6176,3.7788
6177,3.7786
6178,3.7785
6179,3.7782
6180,3.778
6181,3.7778
6182,3.7777
6183,3.7775
6184,3.7774
6185,3.777
6186,3.7769
6187,3.7767
6188,3.7766
6189,3.7764
6190,3.7762
6191,3.7761
6192,3.7758
6193,3.7756
6194,3.7754
6195,3.7753
6196,3.7751
6197,3.7748
6198,3.7747
6199,3.7745
6200,3.7743
6201,3.7742
6202,3.774
6203,3.7737
6204,3.7735
6205,3.7734
6206,3.7732
6207,3.7731
6208,3.7729
6209,3.7727
6210,3.7724
6211,3.7723
6212,3.7721
6213,3.772
6214,3.7718
6215,3.7716
6216,3.7715
6217,3.7712
6218,3.771
6219,3.7708
6220,3.7707
6221,3.7705
6222,3.7704
6223,3.77
6224,3.7699
6225,3.7697
6226,3.7696
6227,3.7694
6228,3.7692
6229,3.7691
6230,3.7689
6231,3.7686
6232,3.7685
6233,3.7683
6234,3.7681
6235,3.768
6236,3.7678
6237,3.7677
6238,3.7673
6239,3.7672
6240,3.767
6241,3.7669
6242,3.7667
6243,3.7665
6244,3.7664
6245,3.7661
6246,3.7659
6247,3.7658
6248,3.7656
6249,3.7654
6250,3.7653
6251,3.7651
6252,3.765
6253,3.7648
6254,3.7645
6255,3.7643
6256,3.7642
6257,3.764
6258,3.7638
6259,3.7637
6260,3.7635
6261,3.7634
6262,3.7631
6263,3.7629
6264,3.7627
6265,3.7626
6266,3.7624
6267,3.7623
6268,3.7621
6269,3.7618
6270,3.7616
6271,3.7615
6272,3.7613
6273,3.7611
6274,3.761
6275,3.7608
6276,3.7607
6277,3.7605
6278,3.7603
6279,3.7602
6280,3.7599
6281,3.7597
6282,3.7596
6283,3.7594
6284,3.7592
6285,3.7591
6286,3.7589
6287,3.7586
6288,3.7584
6289,3.7583
6290,3.7581
6291,3.758
6292,3.7578
6293,3.7576
6294,3.7575
6295,3.7573
6296,3.7572
6297,3.7569
6298,3.7567
6299,3.7565
6300,3.7564
6301,3.7562
6302,3.7561
6303,3.7559
6304,3.7557
6305,3.7556
6306,3.7553
6307,3.7551
6308,3.7549
6309,3.7548
6310,3.7546
6311,3.7545
6312,3.7543
6313,3.7542
6314,3.754
6315,3.7537
6316,3.7535
6317,3.7534
6318,3.7532
6319,3.753
6320,3.7529
6321,3.7527
6322,3.7526
6323,3.7524
6324,3.7521
6325,3.7519
6326,3.7518
6327,3.7516
6328,3.7514
6329,3.7513
6330,3.7511
6331,3.751
6332,3.7508
6333,3.7507
6334,3.7503
6335,3.7502
6336,3.75
6337,3.7499
6338,3.7497
6339,3.7495
6340,3.7494
6341,3.7492
6342,3.7491
6343,3.7489
6344,3.7487
6345,3.7484
6346,3.7483
6347,3.7481
6348,3.748
6349,3.7478
6350,3.7476
6351,3.7475
6352,3.7473
6353,3.7472
6354,3.747
6355,3.7467
6356,3.7465
6357,3.7464
6358,3.7462
6359,3.746
6360,3.7459
6361,3.7457
6362,3.7456
6363,3.7454
6364,3.7452
6365,3.7449
6366,3.7448
6367,3.7446
6368,3.7445
6369,3.7443
6370,3.7441
6371,3.744
6372,3.7438
6373,3.7437
6374,3.7435
6375,3.7433
6376,3.7432
6377,3.7429
6378,3.7427
6379,3.7425
6380,3.7424
6381,3.7422
6382,3.7421
6383,3.7419
6384,3.7418
6385,3.7416
6386,3.7414
6387,3.7411
6388,3.741
6389,3.7408
6390,3.7406
6391,3.7405
6392,3.7403
6393,3.7402
6394,3.74
6395,3.7398
6396,3.7395
6397,3.7395
6398,3.7392
6399,3.7391
6400,3.7389
6401,3.7387
6402,3.7386
6403,3.7384
6404,3.7383
6405,3.7381
6406,3.7379
6407,3.7378
6408,3.7375
6409,3.7373
6410,3.7371
6411,3.737
6412,3.7368
6413,3.7367
6414,3.7365
6415,3.7363
6416,3.7362
6417,3.736
6418,3.7359
6419,3.7356
6420,3.7354
6421,3.7352
6422,3.7351
6423,3.7349
6424,3.7348
6425,3.7346
6426,3.7344
6427,3.7343
6428,3.7341
6429,3.7338
6430,3.7336
6431,3.7335
6432,3.7333
6433,3.7332
6434,3.733
6435,3.7329
6436,3.7327
6437,3.7325
6438,3.7324
6439,3.7322
6440,3.7319
6441,3.7317
6442,3.7316
6443,3.7314
6444,3.7313
6445,3.7311
6446,3.7309
6447,3.7308
6448,3.7306
6449,3.7305
6450,3.7302
6451,3.73
6452,3.7298
6453,3.7297
6454,3.7295
6455,3.7294
6456,3.7292
6457,3.729
6458,3.7289
6459,3.7287
6460,3.7284
6461,3.7282
6462,3.7281
6463,3.7279
6464,3.7278
6465,3.7276
6466,3.7274
6467,3.7273
6468,3.7271
6469,3.727
6470,3.7267
6471,3.7265
6472,3.7263
6473,3.7262
6474,3.726
6475,3.7259
6476,3.7257
6477,3.7255
6478,3.7254
6479,3.7252
6480,3.7249
6481,3.7247
6482,3.7246
6483,3.7244
6484,3.7243
6485,3.7241
6486,3.724
6487,3.7238
6488,3.7236
6489,3.7233
6490,3.7232
6491,3.723
6492,3.7228
6493,3.7227
6494,3.7225
6495,3.7224
6496,3.7222
6497,3.7219
6498,3.7217
6499,3.7216
6500,3.7214
6501,3.7213
6502,3.7211
6503,3.7209
6504,3.7208
6505,3.7206
6506,3.7203
6507,3.7201
6508,3.72
6509,3.7198
6510,3.7197
6511,3.7195
6512,3.7193
6513,3.7192
6514,3.7189
6515,3.7187
6516,3.7185
6517,3.7184
6518,3.7182
6519,3.7181
6520,3.7179
6521,3.7178
6522,3.7176
6523,3.7174
6524,3.7171
6525,3.717
6526,3.7168
6527,3.7166
6528,3.7165
6529,3.7163
6530,3.7162
6531,3.7158
6532,3.7157
6533,3.7155
6534,3.7154
6535,3.7152
6536,3.7151
6537,3.7149
6538,3.7147
6539,3.7146
6540,3.7144
6541,3.7141
6542,3.7139
6543,3.7138
6544,3.7136
6545,3.7135
6546,3.7133
6547,3.7131
6548,3.7128
6549,3.7127
6550,3.7125
6551,3.7123
6552,3.7122
6553,3.712
6554,3.7119
6555,3.7117
6556,3.7114
6557,3.7112
6558,3.7111
6559,3.7109
6560,3.7108
6561,3.7106
6562,3.7104
6563,3.7103
6564,3.71
6565,3.7098
6566,3.7096
6567,3.7095
6568,3.7093
6569,3.7092
6570,3.709
6571,3.7089
6572,3.7085
6573,3.7084
6574,3.7082
6575,3.7081
6576,3.7079
6577,3.7077
6578,3.7076
6579,3.7073
6580,3.7071
6581,3.7069
6582,3.7068
6583,3.7066
6584,3.7065
6585,3.7063
6586,3.7062
6587,3.7058
6588,3.7057
6589,3.7055
6590,3.7054
6591,3.7052
6592,3.705
6593,3.7049
6594,3.7046
6595,3.7044
6596,3.7042
6597,3.7041
6598,3.7039
6599,3.7038
6600,3.7034
6601,3.7033
6602,3.7031
6603,3.703
6604,3.7028
6605,3.7027
6606,3.7025
6607,3.7023
6608,3.702
6609,3.7019
6610,3.7017
6611,3.7015
6612,3.7014
6613,3.7012
6614,3.7011
6615,3.7007
6616,3.7006
6617,3.7004
6618,3.7003
6619,3.7001
6620,3.7
6621,3.6998
6622,3.6995
6623,3.6993
6624,3.6992
6625,3.699
6626,3.6988
6627,3.6987
6628,3.6984
6629,3.6982
6630,3.698
6631,3.6979
6632,3.6977
6633,3.6976
6634,3.6974
6635,3.6973
6636,3.6969
6637,3.6968
6638,3.6966
6639,3.6965
6640,3.6963
6641,3.6961
6642,3.696
6643,3.6957
6644,3.6955
6645,3.6953
6646,3.6952
6647,3.695
6648,3.6949
6649,3.6947
6650,3.6944
6651,3.6942
6652,3.6941
6653,3.6939
6654,3.6938
6655,3.6936
6656,3.6933
6657,3.6931
6658,3.693
6659,3.6928
6660,3.6926
6661,3.6925
6662,3.6923
6663,3.692
6664,3.6918
6665,3.6917
6666,3.6915
6667,3.6914
6668,3.6912
6669,3.6909
6670,3.6907
6671,3.6906
6672,3.6904
6673,3.6903
6674,3.6901
6675,3.6898
6676,3.6896
6677,3.6895
6678,3.6893
6679,3.6891
6680,3.689
6681,3.6887
6682,3.6885
6683,3.6883
6684,3.6882
6685,3.688
6686,3.6879
6687,3.6877
6688,3.6874
6689,3.6872
6690,3.6871
6691,3.6869
6692,3.6868
6693,3.6866
6694,3.6863
6695,3.6861
6696,3.686
6697,3.6858
6698,3.6856
6699,3.6855
6700,3.6852
6701,3.685
6702,3.6849
6703,3.6847
6704,3.6845
6705,3.6844
6706,3.6842
6707,3.6839
6708,3.6837
6709,3.6836
6710,3.6834
6711,3.6833
6712,3.6831
6713,3.6828
6714,3.6826
6715,3.6825
6716,3.6823
6717,3.6822
6718,3.682
6719,3.6818
6720,3.6815
6721,3.6814
6722,3.6812
6723,3.681
6724,3.6809
6725,3.6807
6726,3.6804
6727,3.6802
6728,3.6801
6729,3.6799
6730,3.6798
6731,3.6796
6732,3.6794
6733,3.6791
6734,3.679
6735,3.6788
6736,3.6787
6737,3.6785
6738,3.6783
6739,3.678
6740,3.6779
6741,3.6777
6742,3.6775
6743,3.6774
6744,3.6772
6745,3.6769
6746,3.6767
6747,3.6766
6748,3.6764
6749,3.6763
6750,3.6761
6751,3.676
6752,3.6756
6753,3.6755
6754,3.6753
6755,3.6752
6756,3.675
6757,3.6748
6758,3.6745
6759,3.6744
6760,3.6742
6761,3.674
6762,3.6737
6763,3.6736
6764,3.6736
6765,3.6733
6766,3.6731
6767,3.6729
6768,3.6728
6769,3.6726
6770,3.6725
6771,3.6723
6772,3.672
6773,3.6718
6774,3.6717
6775,3.6715
6776,3.6713
6777,3.6712
6778,3.671
6779,3.6707
6780,3.6705
6781,3.6704
6782,3.6702
6783,3.6701
6784,3.6699
6785,3.6698
6786,3.6694
6787,3.6693
6788,3.6691
6789,3.669
6790,3.6688
6791,3.6686
6792,3.6685
6793,3.6682
6794,3.668
6795,3.6678
6796,3.6677
6797,3.6674
6798,3.6674
6799,3.6672
6800,3.6669
6801,3.6667
6802,3.6666
6803,3.6664
6804,3.6663
6805,3.6661
6806,3.6659
6807,3.6658
6808,3.6655
6809,3.6653
6810,3.6651
6811,3.665
6812,3.6648
6813,3.6647
6814,3.6645
6815,3.6642
6816,3.664
6817,3.6639
6818,3.6637
6819,3.6636
6820,3.6634
6821,3.6632
6822,3.6631
6823,3.6628
6824,3.6626
6825,3.6624
6826,3.6623
6827,3.6621
6828,3.662
6829,3.6618
6830,3.6615
6831,3.6613
6832,3.6612
6833,3.661
6834,3.6609
6835,3.6607
6836,3.6605
6837,3.6604
6838,3.6601
6839,3.6599
6840,3.6597
6841,3.6596
6842,3.6594
6843,3.6593
6844,3.6591
6845,3.6589
6846,3.6588
6847,3.6585
6848,3.6583
6849,3.6582
6850,3.658
6851,3.6578
6852,3.6577
6853,3.6575
6854,3.6574
6855,3.6572
6856,3.657
6857,3.6567
6858,3.6566
6859,3.6564
6860,3.6562
6861,3.6561
6862,3.6559
6863,3.6558
6864,3.6556
6865,3.6553
6866,3.6551
6867,3.655
6868,3.6548
6869,3.6547
6870,3.6545
6871,3.6543
6872,3.6542
6873,3.654
6874,3.6539
6875,3.6535
6876,3.6534
6877,3.6532
6878,3.6531
6879,3.6529
6880,3.6527
6881,3.6526
6882,3.6524
6883,3.6523
6884,3.6521
6885,3.652
6886,3.6518
6887,3.6516
6888,3.6515
6889,3.6512
6890,3.651
6891,3.6508
6892,3.6507
6893,3.6505
6894,3.6504
6895,3.65
6896,3.65
6897,3.6499
6898,3.6497
6899,3.6496
6900,3.6494
6901,3.6493
6902,3.6491
6903,3.6488
6904,3.6486
6905,3.6485
6906,3.6483
6907,3.6481
6908,3.648
6909,3.6478
6910,3.6477
6911,3.6475
6912,3.6473
6913,3.6472
6914,3.647
6915,3.6469
6916,3.6465
6917,3.6464
6918,3.6462
6919,3.6461
6920,3.6459
6921,3.6458
6922,3.6456
6923,3.6454
6924,3.6453
6925,3.6451
6926,3.645
6927,3.6448
6928,3.6445
6929,3.6443
6930,3.6442
6931,3.644
6932,3.6438
6933,3.6437
6934,3.6435
6935,3.6434
6936,3.6432
6937,3.6431
6938,3.6429
6939,3.6426
6940,3.6424
6941,3.6423
6942,3.6421
6943,3.6419
6944,3.6418
6945,3.6416
6946,3.6413
6947,3.6411
6948,3.641
6949,3.6408
6950,3.6407
6951,3.6405
6952,3.6403
6953,3.64
6954,3.6399
6955,3.6397
6956,3.6396
6957,3.6394
6958,3.6392
6959,3.6391
6960,3.6389
6961,3.6386
6962,3.6384
6963,3.6383
6964,3.6381
6965,3.6378
6966,3.6378
6967,3.6375
6968,3.6373
6969,3.6373
6970,3.637
6971,3.6367
6972,3.6367
6973,3.6365
6974,3.6364
6975,3.6361
6976,3.6359
6977,3.6357
6978,3.6356
6979,3.6354
6980,3.6353
6981,3.6351
6982,3.6349
6983,3.6346
6984,3.6345
6985,3.6343
6986,3.6342
6987,3.634
6988,3.6338
6989,3.6337
6990,3.6334
6991,3.6332
6992,3.633
6993,3.6329
6994,3.6327
6995,3.6326
6996,3.6322
6997,3.6321
6998,3.6319
6999,3.6318
7000,3.6316
7001,3.6314
7002,3.6311
7003,3.631
7004,3.6308
7005,3.6307
7006,3.6303
7007,3.6302
7008,3.63
7009,3.6297
7010,3.6295
7011,3.6294
7012,3.6292
7013,3.6291
7014,3.6287
7015,3.6286
7016,3.6284
7017,3.6283
7018,3.6281
7019,3.6278
7020,3.6276
7021,3.6275
7022,3.6273
7023,3.627
7024,3.6268
7025,3.6267
7026,3.6265
7027,3.6262
7028,3.626
7029,3.6259
7030,3.6257
7031,3.6254
7032,3.6253
7033,3.6251
7034,3.6248
7035,3.6246
7036,3.6245
7037,3.6243
7038,3.624
7039,3.6238
7040,3.6237
7041,3.6233
7042,3.6232
7043,3.623
7044,3.6227
7045,3.6225
7046,3.6224
7047,3.6222
7048,3.6219
7049,3.6218
7050,3.6214
7051,3.6213
7052,3.6211
7053,3.6208
7054,3.6206
7055,3.6205
7056,3.6202
7057,3.62
7058,3.6197
7059,3.6195
7060,3.6194
7061,3.6192
7062,3.6189
7063,3.6187
7064,3.6186
7065,3.6183
7066,3.6181
7067,3.6179
7068,3.6176
7069,3.6175
7070,3.6171
7071,3.617
7072,3.6168
7073,3.6165
7074,3.6163
7075,3.616
7076,3.6159
7077,3.6157
7078,3.6154
7079,3.6152
7080,3.6149
7081,3.6148
7082,3.6144
7083,3.6143
7084,3.614
7085,3.6138
7086,3.6135
7087,3.6133
7088,3.6132
7089,3.6129
7090,3.6127
7091,3.6124
7092,3.6122
7093,3.6119
7094,3.6116
7095,3.6114
7096,3.6111
7097,3.6108
7098,3.6106
7099,3.6105
7100,3.6102
7101,3.6098
7102,3.6097
7103,3.6094
7104,3.6092
7105,3.6089
7106,3.6087
7107,3.6084
7108,3.6081
7109,3.6079
7110,3.6076
7111,3.6073
7112,3.6071
7113,3.6068
7114,3.6065
7115,3.6062
7116,3.6059
7117,3.6057
7118,3.6054
7119,3.6052
7120,3.6049
7121,3.6046
7122,3.6043
7123,3.6041
7124,3.6038
7125,3.6035
7126,3.6032
7127,3.603
7128,3.6027
7129,3.6024
7130,3.602
7131,3.6017
7132,3.6016
7133,3.6013
7134,3.6009
7135,3.6006
7136,3.6003
7137,3.6001
7138,3.5998
7139,3.5995
7140,3.5992
7141,3.5989
7142,3.5985
7143,3.5982
7144,3.5979
7145,3.5976
7146,3.5973
7147,3.597
7148,3.5966
7149,3.5963
7150,3.5962
7151,3.5958
7152,3.5954
7153,3.5952
7154,3.5947
7155,3.5946
7156,3.5941
7157,3.5938
7158,3.5935
7159,3.5931
7160,3.5928
7161,3.5925
7162,3.5922
7163,3.5919
7164,3.5914
7165,3.5911
7166,3.5908
7167,3.5904
7168,3.5901
7169,3.5898
7170,3.5893
7171,3.589
7172,3.5887
7173,3.5882
7174,3.5879
7175,3.5876
7176,3.5873
7177,3.5869
7178,3.5865
7179,3.5862
7180,3.5857
7181,3.5854
7182,3.585
7183,3.5846
7184,3.5842
7185,3.5838
7186,3.5834
7187,3.583
7188,3.5827
7189,3.5823
7190,3.5819
7191,3.5815
7192,3.5811
7193,3.5807
7194,3.5803
7195,3.5798
7196,3.5795
7197,3.579
7198,3.5787
7199,3.5782
7200,3.5779
7201,3.5774
7202,3.5769
7203,3.5766
7204,3.5761
7205,3.5757
7206,3.5753
7207,3.5749
7208,3.5744
7209,3.5739
7210,3.5734
7211,3.5731
7212,3.5726
7213,3.5722
7214,3.5717
7215,3.5712
7216,3.5707
7217,3.5703
7218,3.5699
7219,3.5695
7220,3.569
7221,3.5685
7222,3.568
7223,3.5676
7224,3.5671
7225,3.5666
7226,3.5661
7227,3.5656
7228,3.5652
7229,3.5645
7230,3.5641
7231,3.5636
7232,3.5631
7233,3.5626
7234,3.5622
7235,3.5615
7236,3.561
7237,3.5606
7238,3.5601
7239,3.5596
7240,3.559
7241,3.5585
7242,3.558
7243,3.5574
7244,3.5569
7245,3.5564
7246,3.556
7247,3.5553
7248,3.5548
7249,3.5542
7250,3.5537
7251,3.5531
7252,3.5526
7253,3.5521
7254,3.5515
7255,3.551
7256,3.5504
7257,3.5499
7258,3.5493
7259,3.5488
7260,3.5482
7261,3.5477
7262,3.5471
7263,3.5466
7264,3.5459
7265,3.5453
7266,3.5448
7267,3.5442
7268,3.5436
7269,3.5431
7270,3.5424
7271,3.542
7272,3.5413
7273,3.5407
7274,3.5401
7275,3.5396
7276,3.5389
7277,3.5383
7278,3.5378
7279,3.5372
7280,3.5366
7281,3.5359
7282,3.5354
7283,3.5348
7284,3.5342
7285,3.5335
7286,3.5329
7287,3.5324
7288,3.5318
7289,3.5312
7290,3.5305
7291,3.5299
7292,3.5293
7293,3.5288
7294,3.5281
7295,3.5275
7296,3.5269
7297,3.5262
7298,3.5256
7299,3.525
7300,3.5243
7301,3.5238
7302,3.5231
7303,3.5226
7304,3.5219
7305,3.5213
7306,3.5207
7307,3.52
7308,3.5194
7309,3.5188
7310,3.5181
7311,3.5175
7312,3.5167
7313,3.5161
7314,3.5154
7315,3.5148
7316,3.5142
7317,3.5135
7318,3.5129
7319,3.5122
7320,3.5114
7321,3.5108
7322,3.5102
7323,3.5094
7324,3.5087
7325,3.5081
7326,3.5073
7327,3.5067
7328,3.506
7329,3.5053
7330,3.5046
7331,3.5038
7332,3.5032
7333,3.5024
7334,3.5018
7335,3.501
7336,3.5002
7337,3.4995
7338,3.4987
7339,3.4979
7340,3.4971
7341,3.4965
7342,3.4957
7343,3.4949
7344,3.4941
7345,3.4933
7346,3.4925
7347,3.4917
7348,3.4909
7349,3.49
7350,3.4892
7351,3.4884
7352,3.4876
7353,3.4867
7354,3.4859
7355,3.4851
7356,3.4841
7357,3.4833
7358,3.4824
7359,3.4814
7360,3.4806
7361,3.4797
7362,3.4787
7363,3.4778
7364,3.4768
7365,3.4758
7366,3.4749
7367,3.4739
7368,3.473
7369,3.4719
7370,3.4709
7371,3.47
7372,3.4689
7373,3.4679
7374,3.4668
7375,3.4657
7376,3.4647
7377,3.4636
7378,3.4625
7379,3.4614
7380,3.4603
7381,3.4592
7382,3.4579
7383,3.4568
7384,3.4557
7385,3.4544
7386,3.4533
7387,3.452
7388,3.4507
7389,3.4496
7390,3.4484
7391,3.4471
7392,3.4458
7393,3.4445
7394,3.4433
7395,3.4418
7396,3.4406
7397,3.4393
7398,3.4379
7399,3.4366
7400,3.4352
7401,3.4337
7402,3.4323
7403,3.4309
7404,3.4294
7405,3.428
7406,3.4266
7407,3.425
7408,3.4236
7409,3.4221
7410,3.4205
7411,3.4189
7412,3.4174
7413,3.4159
7414,3.4142
7415,3.4127
7416,3.411
7417,3.4094
7418,3.4078
7419,3.4061
7420,3.4045
7421,3.4027
7422,3.401
7423,3.3992
7424,3.3976
7425,3.3957
7426,3.394
7427,3.3922
7428,3.3905
7429,3.3887
7430,3.3868
7431,3.3849
7432,3.3832
7433,3.3813
7434,3.3794
7435,3.3775
7436,3.3754
7437,3.3735
7438,3.3716
7439,3.3695
7440,3.3676
7441,3.3655
7442,3.3636
7443,3.3616
7444,3.3595
7445,3.3573
7446,3.3552
7447,3.3531
7448,3.3511
7449,3.3489
7450,3.3466
7451,3.3444
7452,3.3422
7453,3.34
7454,3.3377
7455,3.3355
7456,3.3331
7457,3.3309
7458,3.3283
7459,3.3261
7460,3.3237
7461,3.3212
7462,3.3188
7463,3.3164
7464,3.3141
7465,3.3115
7466,3.3091
7467,3.3064
7468,3.3041
7469,3.3015
7470,3.2988
7471,3.2963
7472,3.2936
7473,3.291
7474,3.2883
7475,3.2856
7476,3.2829
7477,3.2801
7478,3.2774
7479,3.2745
7480,3.2717
7481,3.269
7482,3.2661
7483,3.2631
7484,3.2602
7485,3.2572
7486,3.2544
7487,3.2514
7488,3.2483
7489,3.2452
7490,3.2421
7491,3.239
7492,3.236
7493,3.2328
7494,3.2294
7495,3.2263
7496,3.2231
7497,3.2198
7498,3.2164
7499,3.2131
7500,3.2096
7501,3.2063
7502,3.2028
7503,3.1993
7504,3.1958
7505,3.1921
7506,3.1887
7507,3.185
7508,3.1813
7509,3.1775
7510,3.1739
7511,3.1701
7512,3.1663
7513,3.1625
7514,3.1585
7515,3.1547
7516,3.1507
7517,3.1466
7518,3.1426
7519,3.1385
7520,3.1344
7521,3.1302
7522,3.126
7523,3.1217
7524,3.1174
7525,3.1131
7526,3.1086
7527,3.1042
7528,3.0998
7529,3.0952
7530,3.0907
7531,3.0859
7532,3.0813
7533,3.0766
7534,3.0718
7535,3.0669
7536,3.0621
7537,3.0572
7538,3.0521
7539,3.0471
7540,3.042
7541,3.0369
7542,3.0317
7543,3.0263
7544,3.021
7545,3.0156
7546,3.0102
7547,3.0047
7548,2.9991
7549,2.9934
7550,2.9877
7551,2.982
7552,2.9761
7553,2.9702
7554,2.9642
7555,2.958
7556,2.952
7557,2.9456
7558,2.9394
7559,2.9331
7560,2.9266
7561,2.9201
7562,2.9134
7563,2.9067
7564,2.8999
7565,2.8929
7566,2.8859
7567,2.879
7568,2.8718
7569,2.8645
7570,2.8572
7571,2.8497
7572,2.8421
7573,2.8345
7574,2.8267
7575,2.8188
7576,2.8109
7577,2.8028
7578,2.7945
7579,2.7863
7580,2.7777
7581,2.7693
7582,2.7605
7583,2.7518
7584,2.7429
7585,2.7337
7586,2.7247
7587,2.7153
7588,2.7059
7589,2.6964
7590,2.6867
7591,2.677
7592,2.6672
7593,2.6572
7594,2.647
7595,2.6369
7596,2.6266
7597,2.6161
7598,2.6056
7599,2.595
7600,2.584
7601,2.5732
7602,2.5623
7603,2.551
7604,2.5399
7605,2.5285
7606,2.517
7607,2.5054
7608,2.4999
7609,2.5139
7610,2.6183
7611,2.7212
7612,2.822
7613,2.9032
7614,3.0045
7615,3.0869
7616,3.1869
7617,3.1969
7618,3.2741
7619,3.3317
7620,3.3738
7621,3.4043
7622,3.4258
7623,3.4402
7624,3.4504
7625,3.4574
7626,3.4627
7627,3.4666
7628,3.47
7629,3.4727
7630,3.4749
7631,3.4768
7632,3.4785
7633,3.4801
7634,3.4816
7635,3.4828
7636,3.484
7637,3.4851
7638,3.486
7639,3.4868
7640,3.4878
7641,3.4886
7642,3.4892
7643,3.49
7644,3.4906
7645,3.4913
7646,3.4919
7647,3.4924
7648,3.493
7649,3.4935
7650,3.494
7651,3.4946
7652,3.4949
7653,3.4954
7654,3.4959
7655,3.4964
7656,3.4967
7657,3.4971
7658,3.4975
7659,3.4978
7660,3.4983
7661,3.4986
7662,3.4989
7663,3.4992
7664,3.4995
7665,3.4998
7666,3.5002
7667,3.5005
7668,3.5008
7669,3.501
7670,3.5013
7671,3.5016
7672,3.5019
7673,3.5021
7674,3.5024
7675,3.5025
7676,3.5029
7677,3.503
7678,3.5033
7679,3.5035
7680,3.5038
7681,3.504
7682,3.5041
7683,3.5045
7684,3.5046
7685,3.5048
7686,3.5049
7687,3.5053
7688,3.5054
7689,3.5056
7690,3.5057
7691,3.5059
7692,3.5062
7693,3.5064
7694,3.5065
7695,3.5067
7696,3.5068
7697,3.507
7698,3.5072
7699,3.5073
7700,3.5075
7701,3.5076
7702,3.5078
7703,3.508
7704,3.5081
7705,3.5083
7706,3.5084
7707,3.5086
7708,3.5087
7709,3.5087
7710,3.5089
7711,3.5091
7712,3.5092
7713,3.5094
7714,3.5095
7715,3.5097
7716,3.5097
7717,3.5099
7718,3.51
7719,3.5102
7720,3.5102
7721,3.5103
7722,3.5105
7723,3.5107
7724,3.5108
7725,3.5108
7726,3.511
7727,3.5111
7728,3.5111
7729,3.5113
7730,3.5113
7731,3.5114
7732,3.5116
7733,3.5118
7734,3.5118
7735,3.5119
7736,3.5119
7737,3.5121
7738,3.5122
7739,3.5122
7740,3.5124
7741,3.5126
7742,3.5126
7743,3.5127
7744,3.5127
7745,3.5129
7746,3.513
7747,3.513
7748,3.5132
7749,3.5132
7750,3.5134
7751,3.5134
7752,3.5135
7753,3.5135
7754,3.5137
7755,3.5137
7756,3.5138
7757,3.5138
7758,3.514
7759,3.5142
7760,3.5142
7761,3.5142
7762,3.5143
7763,3.5145
7764,3.5145
7765,3.5145
7766,3.5146
7767,3.5146
7768,3.5148
7769,3.5148
7770,3.5149
7771,3.5149
7772,3.5151
7773,3.5151
7774,3.5153
7775,3.5153
7776,3.5154
7777,3.5154
7778,3.5156
7779,3.5156
7780,3.5156
7781,3.5157
7782,3.5157
7783,3.5159
7784,3.5159
7785,3.5161
7786,3.5161
7787,3.5161
7788,3.5162
7789,3.5162
7790,3.5164
7791,3.5164
7792,3.5164
7793,3.5165
7794,3.5165
7795,3.5246
7796,3.5661
7797,3.5697
7798,3.5719
7799,3.5735
7800,3.5748
7801,3.5758
7802,3.5767
7803,3.5775
7804,3.5783
7805,3.5789
7806,3.5796
7807,3.5802
7808,3.5808
7809,3.5813
7810,3.582
7811,3.5824
7812,3.5829
7813,3.5834
7814,3.5839
7815,3.5842
7816,3.5847
7817,3.5851
7818,3.5855
7819,3.5859
7820,3.5862
7821,3.5866
7822,3.587
7823,3.5874
7824,3.5877
7825,3.5882
7826,3.5885
7827,3.5888
7828,3.5891
7829,3.5894
7830,3.5897
7831,3.5901
7832,3.5904
7833,3.5907
7834,3.591
7835,3.5913
7836,3.5916
7837,3.592
7838,3.5923
7839,3.5924
7840,3.5928
7841,3.5931
7842,3.5934
7843,3.5936
7844,3.5939
7845,3.5942
7846,3.5945
7847,3.5947
7848,3.595
7849,3.5953
7850,3.5955
7851,3.5958
7852,3.5961
7853,3.5963
7854,3.5966
7855,3.5967
7856,3.597
7857,3.5972
7858,3.5975
7859,3.5977
7860,3.598
7861,3.5982
7862,3.5985
7863,3.5986
7864,3.599
7865,3.5991
7866,3.5993
7867,3.5996
7868,3.5997
7869,3.6001
7870,3.6002
7871,3.6004
7872,3.6007
7873,3.6009
7874,3.601
7875,3.6013
7876,3.6015
7877,3.6017
7878,3.602
7879,3.6021
7880,3.6023
7881,3.6024
7882,3.6028
7883,3.6029
7884,3.6031
7885,3.6032
7886,3.6036
7887,3.6037
7888,3.6039
7889,3.604
7890,3.6042
7891,3.6044
7892,3.6047
7893,3.6048
7894,3.605
7895,3.6051
7896,3.6053
7897,3.6055
7898,3.6058
7899,3.6059
7900,3.6061
7901,3.6063
7902,3.6064
7903,3.6066
7904,3.6067
7905,3.6069
7906,3.6071
7907,3.6072
7908,3.6074
7909,3.6077
7910,3.6078
7911,3.608
7912,3.6082
7913,3.6083
7914,3.6085
7915,3.6086
7916,3.6088
7917,3.609
7918,3.6091
7919,3.6093
7920,3.6094
7921,3.6096
7922,3.6098
7923,3.6099
7924,3.6101
7925,3.6102
7926,3.6104
7927,3.6105
7928,3.6107
7929,3.6109
7930,3.611
7931,3.6112
7932,3.6113
7933,3.6115
7934,3.6117
7935,3.6117
7936,3.6118
7937,3.612
7938,3.6121
7939,3.6123
7940,3.6125
7941,3.6126
7942,3.6128
7943,3.6129
7944,3.6131
7945,3.6132
7946,3.6134
7947,3.6136
7948,3.6137
7949,3.6137
7950,3.6139
7951,3.614
7952,3.6142
7953,3.6144
7954,3.6145
7955,3.6147
7956,3.6148
7957,3.615
7958,3.6152
7959,3.6152
7960,3.6153
7961,3.6155
7962,3.6156
7963,3.6158
7964,3.6159
7965,3.6161
7966,3.6161
7967,3.6163
7968,3.6164
7969,3.6166
7970,3.6167
7971,3.6169
7972,3.6169
7973,3.6171
7974,3.6172
7975,3.6174
7976,3.6175
7977,3.6177
7978,3.6179
7979,3.6179
7980,3.618
7981,3.6182
7982,3.6183
7983,3.6185
7984,3.6186
7985,3.6188
7986,3.6188
7987,3.619
7988,3.6191
7989,3.6193
7990,3.6194
7991,3.6194
7992,3.6196
7993,3.6198
7994,3.6199
7995,3.6201
7996,3.6202
7997,3.6202
7998,3.6204
7999,3.6206
8000,3.6207
8001,3.6209
8002,3.6209
8003,3.621
8004,3.6212
8005,3.6213
8006,3.6215
8007,3.6217
8008,3.6217
8009,3.6218
8010,3.622
8011,3.6221
8012,3.6223
8013,3.6223
8014,3.6225
8015,3.6226
8016,3.6228
8017,3.6229
8018,3.6229
8019,3.6231
8020,3.6233
8021,3.6234
8022,3.6236
8023,3.6237
8024,3.6237
8025,3.6239
8026,3.6241
8027,3.6242
8028,3.6244
8029,3.6244
8030,3.6245
8031,3.6247
8032,3.6248
8033,3.625
8034,3.6252
8035,3.6252
8036,3.6253
8037,3.6255
8038,3.6256
8039,3.6258
8040,3.6258
8041,3.626
8042,3.6261
8043,3.6263
8044,3.6264
8045,3.6264
8046,3.6266
8047,3.6268
8048,3.6269
8049,3.6271
8050,3.6271
8051,3.6272
8052,3.6274
8053,3.6275
8054,3.6277
8055,3.6277
8056,3.6279
8057,3.628
8058,3.6282
8059,3.6283
8060,3.6283
8061,3.6285
8062,3.6287
8063,3.6288
8064,3.6288
8065,3.629
8066,3.6291
8067,3.6293
8068,3.6295
8069,3.6295
8070,3.6296
8071,3.6298
8072,3.6299
8073,3.6301
8074,3.6301
8075,3.6302
8076,3.6304
8077,3.6306
8078,3.6307
8079,3.6307
8080,3.6309
8081,3.631
8082,3.6312
8083,3.6314
8084,3.6314
8085,3.6315
8086,3.6317
8087,3.6318
8088,3.6318
8089,3.632
8090,3.6322
8091,3.6323
8092,3.6325
8093,3.6325
8094,3.6326
8095,3.6328
8096,3.6329
8097,3.6331
8098,3.6331
8099,3.6333
8100,3.6334
8101,3.6336
8102,3.6336
8103,3.6337
8104,3.6339
8105,3.6341
8106,3.6342
8107,3.6342
8108,3.6344
8109,3.6345
8110,3.6347
8111,3.6347
8112,3.6349
8113,3.635
8114,3.6352
8115,3.6353
8116,3.6353
8117,3.6355
8118,3.6356
8119,3.6358
8120,3.6358
8121,3.636
8122,3.6361
8123,3.6363
8124,3.6363
8125,3.6364
8126,3.6366
8127,3.6368
8128,3.6368
8129,3.6369
8130,3.6371
8131,3.6372
8132,3.6374
8133,3.6374
8134,3.6376
8135,3.6377
8136,3.6379
8137,3.6379
8138,3.638
8139,3.6382
8140,3.6383
8141,3.6385
8142,3.6385
8143,3.6387
8144,3.6388
8145,3.639
8146,3.639
8147,3.6391
8148,3.6393
8149,3.6395
8150,3.6396
8151,3.6396
8152,3.6398
8153,3.6399
8154,3.6401
8155,3.6401
8156,3.6403
8157,3.6404
8158,3.6406
8159,3.6407
8160,3.6407
8161,3.6409
8162,3.641
8163,3.6412
8164,3.6412
8165,3.6414
8166,3.6415
8167,3.6417
8168,3.6417
8169,3.6418
8170,3.642
8171,3.6422
8172,3.6423
8173,3.6423
8174,3.6425
8175,3.6426
8176,3.6428
8177,3.6428
8178,3.643
8179,3.6431
8180,3.6433
8181,3.6433
8182,3.6434
8183,3.6436
8184,3.6437
8185,3.6437
8186,3.6439
8187,3.6441
8188,3.6442
8189,3.6444
8190,3.6444
8191,3.6445
8192,3.6447
8193,3.6449
8194,3.6449
8195,3.645
8196,3.6452
8197,3.6453
8198,3.6453
8199,3.6455
8200,3.6457
8201,3.6458
8202,3.6458
8203,3.646
8204,3.6461
8205,3.6463
8206,3.6463
8207,3.6464
8208,3.6466
8209,3.6468
8210,3.6468
8211,3.6469
8212,3.6471
8213,3.6472
8214,3.6474
8215,3.6474
8216,3.6476
8217,3.6477
8218,3.6477
8219,3.6479
8220,3.648
8221,3.6482
8222,3.6484
8223,3.6484
8224,3.6485
8225,3.6487
8226,3.6488
8227,3.6488
8228,3.649
8229,3.6491
8230,3.6493
8231,3.6493
8232,3.6495
8233,3.6496
8234,3.6498
8235,3.6498
8236,3.6499
8237,3.6501
8238,3.6503
8239,3.6503
8240,3.6504
8241,3.6506
8242,3.6507
8243,3.6507
8244,3.6509
8245,3.6511
8246,3.6512
8247,3.6512
8248,3.6514
8249,3.6515
8250,3.6517
8251,3.6517
8252,3.6518
8253,3.652
8254,3.6522
8255,3.6522
8256,3.6523
8257,3.6525
8258,3.6526
8259,3.6526
8260,3.6528
8261,3.653
8262,3.653
8263,3.6531
8264,3.6533
8265,3.6534
8266,3.6534
8267,3.6536
8268,3.6538
8269,3.6539
8270,3.6539
8271,3.6541
8272,3.6542
8273,3.6544
8274,3.6544
8275,3.6545
8276,3.6547
8277,3.6549
8278,3.6549
8279,3.655
8280,3.6552
8281,3.6553
8282,3.6553
8283,3.6555
8284,3.6557
8285,3.6558
8286,3.6558
8287,3.656
8288,3.6561
8289,3.6563
8290,3.6563
8291,3.6565
8292,3.6566
8293,3.6568
8294,3.6568
8295,3.6569
8296,3.6571
8297,3.6571
8298,3.6572
8299,3.6574
8300,3.6576
8301,3.6576
8302,3.6577
8303,3.6579
8304,3.658
8305,3.658
8306,3.6582
8307,3.6584
8308,3.6584
8309,3.6585
8310,3.6587
8311,3.6588
8312,3.6588
8313,3.659
8314,3.6592
8315,3.6593
8316,3.6593
8317,3.6595
8318,3.6596
8319,3.6598
8320,3.6598
8321,3.6599
8322,3.6601
8323,3.6603
8324,3.6603
8325,3.6604
8326,3.6606
8327,3.6606
8328,3.6607
8329,3.6609
8330,3.6611
8331,3.6611
8332,3.6612
8333,3.6614
8334,3.6614
8335,3.6615
8336,3.6617
8337,3.6619
8338,3.6619
8339,3.662
8340,3.6622
8341,3.6622
8342,3.6623
8343,3.6625
8344,3.6626
8345,3.6626
8346,3.6628
8347,3.663
8348,3.6631
8349,3.6631
8350,3.6633
8351,3.6634
8352,3.6634
8353,3.6636
8354,3.6638
8355,3.6639
8356,3.6639
8357,3.6641
8358,3.6642
8359,3.6644
8360,3.6644
8361,3.6646
8362,3.6647
8363,3.6647
8364,3.6649
8365,3.665
8366,3.6652
8367,3.6652
8368,3.6653
8369,3.6655
8370,3.6655
8371,3.6657
8372,3.6658
8373,3.6658
8374,3.666
8375,3.6661
8376,3.6663
8377,3.6663
8378,3.6665
8379,3.6666
8380,3.6668
8381,3.6668
8382,3.6669
8383,3.6671
8384,3.6671
8385,3.6673
8386,3.6674
8387,3.6676
8388,3.6676
8389,3.6677
8390,3.6679
8391,3.6679
8392,3.6681
8393,3.6682
8394,3.6684
8395,3.6684
8396,3.6685
8397,3.6687
8398,3.6687
8399,3.6688
8400,3.669
8401,3.669
8402,3.6692
8403,3.6693
8404,3.6695
8405,3.6695
8406,3.6696
8407,3.6698
8408,3.6698
8409,3.67
8410,3.6701
8411,3.6703
8412,3.6703
8413,3.6704
8414,3.6706
8415,3.6708
8416,3.6708
8417,3.6709
8418,3.6711
8419,3.6711
8420,3.6712
8421,3.6714
8422,3.6715
8423,3.6715
8424,3.6717
8425,3.6719
8426,3.6719
8427,3.672
8428,3.6722
8429,3.6723
8430,3.6723
8431,3.6725
8432,3.6727
8433,3.6727
8434,3.6728
8435,3.673
8436,3.6731
8437,3.6731
8438,3.6733
8439,3.6735
8440,3.6735
8441,3.6736
8442,3.6738
8443,3.6739
8444,3.6739
8445,3.6741
8446,3.6742
8447,3.6742
8448,3.6744
8449,3.6746
8450,3.6746
8451,3.6747
8452,3.6749
8453,3.675
8454,3.675
8455,3.6752
8456,3.6754
8457,3.6755
8458,3.6755
8459,3.6757
8460,3.6758
8461,3.676
8462,3.676
8463,3.6762
8464,3.6762
8465,3.6763
8466,3.6765
8467,3.6766
8468,3.6766
8469,3.6768
8470,3.6769
8471,3.6771
8472,3.6771
8473,3.6773
8474,3.6774
8475,3.6774
8476,3.6776
8477,3.6777
8478,3.6779
8479,3.6781
8480,3.6781
8481,3.6782
8482,3.6784
8483,3.6784
8484,3.6785
8485,3.6787
8486,3.6789
8487,3.6789
8488,3.679
8489,3.6792
8490,3.6793
8491,3.6793
8492,3.6795
8493,3.6796
8494,3.6796
8495,3.6798
8496,3.68
8497,3.6801
8498,3.6801
8499,3.6803
8500,3.6804
8501,3.6806
8502,3.6806
8503,3.6808
8504,3.6809
8505,3.6811
8506,3.6811
8507,3.6812
8508,3.6814
8509,3.6816
8510,3.6816
8511,3.6817
8512,3.6819
8513,3.682
8514,3.682
8515,3.6822
8516,3.6823
8517,3.6825
8518,3.6825
8519,3.6827
8520,3.6828
8521,3.683
8522,3.683
8523,3.6831
8524,3.6833
8525,3.6835
8526,3.6835
8527,3.6836
8528,3.6838
8529,3.6839
8530,3.6839
8531,3.6841
8532,3.6843
8533,3.6844
8534,3.6844
8535,3.6846
8536,3.6847
8537,3.6849
8538,3.685
8539,3.685
8540,3.6852
8541,3.6854
8542,3.6855
8543,3.6855
8544,3.6857
8545,3.6858
8546,3.686
8547,3.686
8548,3.6862
8549,3.6863
8550,3.6865
8551,3.6866
8552,3.6866
8553,3.6868
8554,3.687
8555,3.6871
8556,3.6873
8557,3.6873
8558,3.6874
8559,3.6876
8560,3.6877
8561,3.6877
8562,3.6879
8563,3.6881
8564,3.6882
8565,3.6884
8566,3.6884
8567,3.6885
8568,3.6887
8569,3.6889
8570,3.689
8571,3.689
8572,3.6892
8573,3.6893
8574,3.6895
8575,3.6897
8576,3.6897
8577,3.6898
8578,3.69
8579,3.6901
8580,3.6903
8581,3.6903
8582,3.6904
8583,3.6906
8584,3.6908
8585,3.6909
8586,3.6909
8587,3.6911
8588,3.6912
8589,3.6914
8590,3.6916
8591,3.6916
8592,3.6917
8593,3.6919
8594,3.692
8595,3.6922
8596,3.6924
8597,3.6925
8598,3.6925
8599,3.6927
8600,3.6928
8601,3.693
8602,3.6931
8603,3.6931
8604,3.6933
8605,3.6935
8606,3.6936
8607,3.6938
8608,3.6939
8609,3.6941
8610,3.6941
8611,3.6943
8612,3.6944
8613,3.6946
8614,3.6947
8615,3.6949
8616,3.6949
8617,3.6951
8618,3.6952
8619,3.6954
8620,3.6955
8621,3.6957
8622,3.6958
8623,3.6958
8624,3.696
8625,3.6962
8626,3.6963
8627,3.6965
8628,3.6966
8629,3.6968
8630,3.697
8631,3.697
8632,3.6971
8633,3.6973
8634,3.6974
8635,3.6976
8636,3.6978
8637,3.6979
8638,3.6979
8639,3.6981
8640,3.6982
8641,3.6984
8642,3.6985
8643,3.6987
8644,3.6989
8645,3.699
8646,3.699
8647,3.6992
8648,3.6993
8649,3.6995
8650,3.6997
8651,3.6998
8652,3.7
8653,3.7001
8654,3.7003
8655,3.7005
8656,3.7005
8657,3.7006
8658,3.7008
8659,3.7009
8660,3.7011
8661,3.7012
8662,3.7014
8663,3.7016
8664,3.7017
8665,3.7017
8666,3.7019
8667,3.702
8668,3.7022
8669,3.7024
8670,3.7025
8671,3.7027
8672,3.7028
8673,3.703
8674,3.7032
8675,3.7033
8676,3.7035
8677,3.7036
8678,3.7036
8679,3.7038
8680,3.7039
8681,3.7041
8682,3.7043
8683,3.7044
8684,3.7046
8685,3.7047
8686,3.7049
8687,3.7051
8688,3.7052
8689,3.7054
8690,3.7055
8691,3.7057
8692,3.7059
8693,3.7059
8694,3.706
8695,3.7062
8696,3.7063
8697,3.7065
8698,3.7066
8699,3.7068
8700,3.707
8701,3.7071
8702,3.7073
8703,3.7074
8704,3.7076
8705,3.7078
8706,3.7079
8707,3.7081
8708,3.7082
8709,3.7084
8710,3.7086
8711,3.7087
8712,3.7087
8713,3.709
8714,3.7092
8715,3.7092
8716,3.7094
8717,3.7095
8718,3.7097
8719,3.7098
8720,3.71
8721,3.71
8722,3.7103
8723,3.7103
8724,3.7105
8725,3.71
8726,3.71
8727,3.71
8728,3.71
8729,3.71
8730,3.71
8731,3.71
8732,3.71
8733,3.71
8734,3.71
8735,3.71
8736,3.71
8737,3.71
8738,3.71
8739,3.71
8740,3.71
8741,3.71
8742,3.71
8743,3.71
8744,3.71
8745,3.71
8746,3.71
8747,3.71
8748,3.71
8749,3.71
8750,3.71
8751,3.71
8752,3.71
8753,3.71
8754,3.71
8755,3.71
8756,3.7081
8757,3.7073
8758,3.7069
8759,3.7066
8760,3.7065
8761,3.7065
8762,3.7063
8763,3.7062
8764,3.7062
8765,3.706
8766,3.706
8767,3.706
8768,3.7058
8769,3.7058
8770,3.7058
8771,3.7057
8772,3.7057
8773,3.7057
8774,3.7057
8775,3.7055
8776,3.7055
8777,3.7055
8778,3.7055
8779,3.7054
8780,3.7054
8781,3.7054
8782,3.7054
8783,3.7054
8784,3.7054
8785,3.7052
8786,3.7052
8787,3.7052
8788,3.7052
8789,3.7052
8790,3.7052
8791,3.7052
8792,3.7052
8793,3.7052
8794,3.7052
8795,3.705
8796,3.705
8797,3.705
8798,3.705
8799,3.705
8800,3.705
8801,3.705
8802,3.705
8803,3.7049
8804,3.7049
8805,3.7049
8806,3.7049
8807,3.7049
8808,3.7049
8809,3.7049
8810,3.7049
8811,3.7049
8812,3.7049
8813,3.7049
8814,3.7049
8815,3.7049
8816,3.7049
8817,3.7049
8818,3.7047
8819,3.7047
8820,3.7047
8821,3.7047
8822,3.7047
8823,3.7047
8824,3.7047
8825,3.7047
8826,3.7047
8827,3.7047
8828,3.7047
8829,3.7047
8830,3.7047
8831,3.7047
8832,3.7047
8833,3.7047
8834,3.7047
8835,3.7047
8836,3.7047
8837,3.7047
8838,3.7047
8839,3.7047
8840,3.7046
8841,3.7046
8842,3.7046
8843,3.7046
8844,3.7046
8845,3.7046
8846,3.7046
8847,3.7046
8848,3.7046
8849,3.7046
8850,3.7046
8851,3.7046
8852,3.7046
8853,3.7046
8854,3.7046
8855,3.7046
8856,3.7046
8857,3.7046
8858,3.7046
8859,3.7046
8860,3.7046
8861,3.7046
8862,3.7046
8863,3.7046
8864,3.7046
8865,3.7046
8866,3.7046
8867,3.7046
8868,3.7046
8869,3.7046
8870,3.7046
8871,3.7046
8872,3.7046
8873,3.7044
8874,3.7046
8875,3.7046
8876,3.7044
8877,3.7044
8878,3.7044
8879,3.7044
8880,3.7044
8881,3.7044
8882,3.7044
8883,3.7044
8884,3.7044
8885,3.7044
8886,3.7044
8887,3.7044
8888,3.7044
8889,3.7044
8890,3.7044
8891,3.7044
8892,3.7044
8893,3.7044
8894,3.7044
8895,3.7044
8896,3.7044
8897,3.7044
8898,3.7044
8899,3.7044
8900,3.7044
8901,3.7044
8902,3.7044
8903,3.7044
8904,3.7044
8905,3.7044
8906,3.7044
8907,3.7044
8908,3.7044
8909,3.7044
8910,3.7044
8911,3.7044
8912,3.7044
8913,3.7044
8914,3.7044
8915,3.7044
8916,3.7044
8917,3.7044
8918,3.7044
8919,3.7044
8920,3.7044
8921,3.7044
8922,3.7044
8923,3.7044
8924,3.7044
8925,3.7044
8926,3.7044
8927,3.7044
8928,3.7044
8929,3.7044
8930,3.7044
8931,3.7044
8932,3.7042
8933,3.7042
8934,3.7042
8935,3.7042
8936,3.7042
