,voltage
0,3.4053
1,3.4053
2,3.4053
3,3.4053
4,3.4053
5,3.4053
6,3.4053
7,3.4053
8,3.4053
9,3.4053
10,3.4053
11,3.4053
12,3.4053
13,3.4053
14,3.4053
15,3.4053
16,3.4053
17,3.4053
18,3.4053
19,3.4053
20,3.4053
21,3.4053
22,3.4053
23,3.4053
24,3.4053
25,3.4053
26,3.4053
27,3.4053
28,3.4053
29,3.4053
30,3.4053
31,3.4053
32,3.4053
33,3.4053
34,3.4053
35,3.4053
36,3.4053
37,3.4053
38,3.4053
39,3.4053
40,3.4053
41,3.4053
42,3.4053
43,3.4053
44,3.4053
45,3.4053
46,3.4053
47,3.4053
48,3.4053
49,3.4053
50,3.4053
51,3.4053
52,3.4053
53,3.4053
54,3.4053
55,3.4053
56,3.4053
57,3.4053
58,3.4053
59,3.4053
60,3.4053
61,3.5079
62,3.6081
63,3.6523
64,3.6504
65,3.6481
66,3.6462
67,3.6446
68,3.6434
69,3.6423
70,3.6415
71,3.6407
72,3.64
73,3.6396
74,3.6391
75,3.6388
76,3.6384
77,3.6381
78,3.6378
79,3.6376
80,3.6375
81,3.6372
82,3.6372
83,3.637
84,3.6369
85,3.6369
86,3.6367
87,3.6367
88,3.6367
89,3.6365
90,3.6367
91,3.6365
92,3.6365
93,3.6367
94,3.6367
95,3.6367
96,3.6367
97,3.6367
98,3.6369
99,3.6369
100,3.6369
101,3.637
102,3.637
103,3.6372
104,3.6372
105,3.6373
106,3.6375
107,3.6375
108,3.6376
109,3.6378
110,3.6378
111,3.638
112,3.6381
113,3.6383
114,3.6383
115,3.6384
116,3.6386
117,3.6388
118,3.6389
119,3.6391
120,3.6391
121,3.6392
122,3.6394
123,3.6396
124,3.6397
125,3.6399
126,3.64
127,3.6402
128,3.6403
129,3.6405
130,3.6407
131,3.6408
132,3.641
133,3.6411
134,3.6413
135,3.6415
136,3.6416
137,3.6418
138,3.6419
139,3.6419
140,3.6423
141,3.6424
142,3.6426
143,3.6427
144,3.6429
145,3.643
146,3.6432
147,3.6432
148,3.6434
149,3.6435
150,3.6437
151,3.6438
152,3.644
153,3.6442
154,3.6443
155,3.6445
156,3.6446
157,3.6448
158,3.645
159,3.6451
160,3.6453
161,3.6454
162,3.6456
163,3.6457
164,3.6457
165,3.6459
166,3.6461
167,3.6462
168,3.6464
169,3.6465
170,3.6467
171,3.6469
172,3.647
173,3.647
174,3.6472
175,3.6473
176,3.6475
177,3.6477
178,3.6478
179,3.6478
180,3.648
181,3.6481
182,3.6483
183,3.6484
184,3.6486
185,3.6486
186,3.6488
187,3.6489
188,3.6491
189,3.6492
190,3.6492
191,3.6494
192,3.6496
193,3.6497
194,3.6497
195,3.6499
196,3.65
197,3.6502
198,3.6502
199,3.6504
200,3.6505
201,3.6507
202,3.6507
203,3.6508
204,3.651
205,3.651
206,3.6511
207,3.6513
208,3.6513
209,3.6515
210,3.6516
211,3.6518
212,3.6518
213,3.6519
214,3.6521
215,3.6521
216,3.6523
217,3.6524
218,3.6524
219,3.6526
220,3.6526
221,3.6527
222,3.6529
223,3.6529
224,3.6531
225,3.6532
226,3.6532
227,3.6534
228,3.6535
229,3.6535
230,3.6537
231,3.6537
232,3.6538
233,3.654
234,3.654
235,3.6542
236,3.6542
237,3.6543
238,3.6545
239,3.6545
240,3.6546
241,3.6546
242,3.6548
243,3.6548
244,3.655
245,3.6551
246,3.6551
247,3.6553
248,3.6553
249,3.6554
250,3.6556
251,3.6556
252,3.6558
253,3.6558
254,3.6559
255,3.6559
256,3.6561
257,3.6561
258,3.6562
259,3.6562
260,3.6564
261,3.6565
262,3.6565
263,3.6565
264,3.6567
265,3.6569
266,3.6569
267,3.6569
268,3.657
269,3.6572
270,3.6572
271,3.6573
272,3.6573
273,3.6575
274,3.6575
275,3.6577
276,3.6577
277,3.6578
278,3.6578
279,3.658
280,3.658
281,3.6581
282,3.6581
283,3.6583
284,3.6583
285,3.6585
286,3.6585
287,3.6586
288,3.6586
289,3.6588
290,3.6588
291,3.6589
292,3.6589
293,3.6591
294,3.6591
295,3.6592
296,3.6592
297,3.6594
298,3.6594
299,3.6596
300,3.6596
301,3.6597
302,3.6597
303,3.6597
304,3.6599
305,3.6599
306,3.66
307,3.66
308,3.6602
309,3.6602
310,3.6604
311,3.6604
312,3.6605
313,3.6605
314,3.6607
315,3.6607
316,3.6608
317,3.6608
318,3.6608
319,3.661
320,3.661
321,3.6612
322,3.6612
323,3.6613
324,3.6613
325,3.6615
326,3.6615
327,3.6616
328,3.6616
329,3.6616
330,3.6618
331,3.6618
332,3.6619
333,3.6619
334,3.6621
335,3.6621
336,3.6623
337,3.6623
338,3.6623
339,3.6624
340,3.6624
341,3.6626
342,3.6626
343,3.6627
344,3.6627
345,3.6629
346,3.6629
347,3.6629
348,3.6631
349,3.6631
350,3.6632
351,3.6632
352,3.6634
353,3.6634
354,3.6634
355,3.6635
356,3.6635
357,3.6637
358,3.6637
359,3.6639
360,3.6639
361,3.6639
362,3.664
363,3.664
364,3.6642
365,3.6642
366,3.6642
367,3.6643
368,3.6643
369,3.6645
370,3.6645
371,3.6646
372,3.6646
373,3.6646
374,3.6648
375,3.6648
376,3.665
377,3.665
378,3.665
379,3.6651
380,3.6651
381,3.6653
382,3.6653
383,3.6653
384,3.6654
385,3.6654
386,3.6656
387,3.6656
388,3.6658
389,3.6658
390,3.6659
391,3.6659
392,3.6659
393,3.6661
394,3.6661
395,3.6661
396,3.6662
397,3.6662
398,3.6664
399,3.6664
400,3.6666
401,3.6666
402,3.6667
403,3.6667
404,3.6667
405,3.6669
406,3.6669
407,3.6669
408,3.667
409,3.667
410,3.6672
411,3.6672
412,3.6672
413,3.6673
414,3.6673
415,3.6675
416,3.6675
417,3.6675
418,3.6677
419,3.6677
420,3.6678
421,3.6678
422,3.668
423,3.668
424,3.668
425,3.6681
426,3.6681
427,3.6683
428,3.6683
429,3.6683
430,3.6685
431,3.6685
432,3.6685
433,3.6686
434,3.6686
435,3.6688
436,3.6688
437,3.6688
438,3.6689
439,3.6689
440,3.6691
441,3.6691
442,3.6693
443,3.6693
444,3.6693
445,3.6694
446,3.6694
447,3.6694
448,3.6696
449,3.6696
450,3.6697
451,3.6697
452,3.6697
453,3.6699
454,3.6699
455,3.67
456,3.67
457,3.67
458,3.6702
459,3.6702
460,3.6704
461,3.6704
462,3.6704
463,3.6705
464,3.6705
465,3.6707
466,3.6707
467,3.6707
468,3.6708
469,3.6708
470,3.6708
471,3.671
472,3.671
473,3.6712
474,3.6712
475,3.6712
476,3.6713
477,3.6713
478,3.6713
479,3.6715
480,3.6715
481,3.6716
482,3.6716
483,3.6718
484,3.6718
485,3.6718
486,3.672
487,3.672
488,3.6721
489,3.6721
490,3.6721
491,3.6721
492,3.6723
493,3.6723
494,3.6724
495,3.6724
496,3.6724
497,3.6726
498,3.6726
499,3.6727
500,3.6727
501,3.6727
502,3.6729
503,3.6729
504,3.6731
505,3.6731
506,3.6731
507,3.6732
508,3.6732
509,3.6734
510,3.6734
511,3.6734
512,3.6735
513,3.6735
514,3.6735
515,3.6737
516,3.6737
517,3.6739
518,3.6739
519,3.6739
520,3.674
521,3.674
522,3.6742
523,3.6742
524,3.6742
525,3.6743
526,3.6743
527,3.6743
528,3.6745
529,3.6745
530,3.6747
531,3.6747
532,3.6747
533,3.6748
534,3.6748
535,3.6748
536,3.675
537,3.675
538,3.6751
539,3.6751
540,3.6751
541,3.6753
542,3.6753
543,3.6754
544,3.6754
545,3.6754
546,3.6756
547,3.6756
548,3.6758
549,3.6758
550,3.6758
551,3.6759
552,3.6759
553,3.6759
554,3.6761
555,3.6761
556,3.6762
557,3.6762
558,3.6762
559,3.6764
560,3.6764
561,3.6764
562,3.6766
563,3.6766
564,3.6767
565,3.6767
566,3.6767
567,3.6769
568,3.6769
569,3.677
570,3.677
571,3.677
572,3.6772
573,3.6772
574,3.6772
575,3.6774
576,3.6774
577,3.6775
578,3.6775
579,3.6777
580,3.6777
581,3.6777
582,3.6778
583,3.6778
584,3.6778
585,3.678
586,3.678
587,3.6781
588,3.6781
589,3.6781
590,3.6783
591,3.6783
592,3.6783
593,3.6785
594,3.6785
595,3.6786
596,3.6786
597,3.6786
598,3.6788
599,3.6788
600,3.6789
601,3.6789
602,3.6789
603,3.6791
604,3.6791
605,3.6793
606,3.6793
607,3.6793
608,3.6794
609,3.6794
610,3.6794
611,3.6796
612,3.6796
613,3.6797
614,3.6797
615,3.6797
616,3.6799
617,3.6799
618,3.6801
619,3.6801
620,3.6801
621,3.6802
622,3.6802
623,3.6804
624,3.6804
625,3.6804
626,3.6805
627,3.6805
628,3.6805
629,3.6807
630,3.6807
631,3.6808
632,3.6808
633,3.6808
634,3.681
635,3.681
636,3.681
637,3.6812
638,3.6812
639,3.6813
640,3.6813
641,3.6813
642,3.6815
643,3.6815
644,3.6816
645,3.6816
646,3.6816
647,3.6818
648,3.6818
649,3.6818
650,3.682
651,3.682
652,3.6821
653,3.6821
654,3.6823
655,3.6823
656,3.6823
657,3.6824
658,3.6824
659,3.6824
660,3.6826
661,3.6826
662,3.6828
663,3.6828
664,3.6828
665,3.6829
666,3.6829
667,3.6831
668,3.6831
669,3.6831
670,3.6832
671,3.6832
672,3.6834
673,3.6834
674,3.6834
675,3.6835
676,3.6835
677,3.6837
678,3.6837
679,3.6837
680,3.6839
681,3.6839
682,3.6839
683,3.684
684,3.684
685,3.6842
686,3.6842
687,3.6842
688,3.6843
689,3.6843
690,3.6845
691,3.6845
692,3.6845
693,3.6847
694,3.6847
695,3.6848
696,3.6848
697,3.6848
698,3.685
699,3.685
700,3.685
701,3.6851
702,3.6851
703,3.6853
704,3.6853
705,3.6853
706,3.6855
707,3.6855
708,3.6856
709,3.6856
710,3.6856
711,3.6858
712,3.6858
713,3.6859
714,3.6859
715,3.6859
716,3.6861
717,3.6861
718,3.6862
719,3.6862
720,3.6862
721,3.6864
722,3.6864
723,3.6866
724,3.6866
725,3.6866
726,3.6867
727,3.6867
728,3.6869
729,3.6869
730,3.6869
731,3.687
732,3.687
733,3.6872
734,3.6872
735,3.6872
736,3.6874
737,3.6874
738,3.6875
739,3.6875
740,3.6875
741,3.6877
742,3.6877
743,3.6878
744,3.6878
745,3.6878
746,3.688
747,3.688
748,3.6882
749,3.6882
750,3.6882
751,3.6883
752,3.6883
753,3.6885
754,3.6885
755,3.6885
756,3.6886
757,3.6886
758,3.6888
759,3.6888
760,3.6888
761,3.6889
762,3.6889
763,3.6891
764,3.6891
765,3.6891
766,3.6893
767,3.6893
768,3.6894
769,3.6894
770,3.6894
771,3.6896
772,3.6896
773,3.6897
774,3.6897
775,3.6899
776,3.6899
777,3.6899
778,3.6901
779,3.6901
780,3.6902
781,3.6902
782,3.6902
783,3.6904
784,3.6904
785,3.6904
786,3.6905
787,3.6905
788,3.6907
789,3.6907
790,3.6907
791,3.6909
792,3.6909
793,3.691
794,3.691
795,3.6912
796,3.6912
797,3.6913
798,3.6913
799,3.6913
800,3.6915
801,3.6915
802,3.6915
803,3.6916
804,3.6918
805,3.6918
806,3.6918
807,3.692
808,3.692
809,3.6921
810,3.6921
811,3.6921
812,3.6923
813,3.6923
814,3.6924
815,3.6924
816,3.6924
817,3.6926
818,3.6926
819,3.6928
820,3.6928
821,3.6928
822,3.6929
823,3.6929
824,3.6931
825,3.6931
826,3.6932
827,3.6932
828,3.6932
829,3.6934
830,3.6934
831,3.6936
832,3.6936
833,3.6937
834,3.6937
835,3.6937
836,3.6939
837,3.6939
838,3.6939
839,3.694
840,3.6942
841,3.6942
842,3.6942
843,3.6943
844,3.6943
845,3.6945
846,3.6945
847,3.6945
848,3.6947
849,3.6947
850,3.6948
851,3.6948
852,3.695
853,3.695
854,3.695
855,3.6951
856,3.6951
857,3.6953
858,3.6953
859,3.6953
860,3.6955
861,3.6955
862,3.6956
863,3.6956
864,3.6958
865,3.6958
866,3.6959
867,3.6959
868,3.6959
869,3.6961
870,3.6961
871,3.6963
872,3.6963
873,3.6964
874,3.6964
875,3.6964
876,3.6966
877,3.6966
878,3.6967
879,3.6967
880,3.6969
881,3.6969
882,3.6969
883,3.697
884,3.697
885,3.6972
886,3.6972
887,3.6974
888,3.6974
889,3.6974
890,3.6975
891,3.6975
892,3.6977
893,3.6977
894,3.6978
895,3.6978
896,3.6978
897,3.698
898,3.698
899,3.6982
900,3.6982
901,3.6983
902,3.6983
903,3.6985
904,3.6985
905,3.6985
906,3.6986
907,3.6986
908,3.6988
909,3.6988
910,3.699
911,3.699
912,3.699
913,3.6991
914,3.6991
915,3.6993
916,3.6993
917,3.6994
918,3.6994
919,3.6994
920,3.6996
921,3.6996
922,3.6997
923,3.6997
924,3.6999
925,3.6999
926,3.7001
927,3.7001
928,3.7001
929,3.7002
930,3.7002
931,3.7004
932,3.7004
933,3.7005
934,3.7005
935,3.7005
936,3.7007
937,3.7007
938,3.7009
939,3.7009
940,3.701
941,3.701
942,3.701
943,3.7012
944,3.7012
945,3.7013
946,3.7013
947,3.7015
948,3.7015
949,3.7017
950,3.7017
951,3.7018
952,3.7018
953,3.7018
954,3.702
955,3.702
956,3.7021
957,3.7021
958,3.7023
959,3.7023
960,3.7023
961,3.7024
962,3.7024
963,3.7026
964,3.7026
965,3.7028
966,3.7028
967,3.7029
968,3.7029
969,3.7029
970,3.7031
971,3.7031
972,3.7032
973,3.7032
974,3.7034
975,3.7034
976,3.7036
977,3.7036
978,3.7037
979,3.7037
980,3.7037
981,3.7039
982,3.7039
983,3.704
984,3.704
985,3.7042
986,3.7042
987,3.7044
988,3.7044
989,3.7044
990,3.7045
991,3.7045
992,3.7047
993,3.7047
994,3.7048
995,3.7048
996,3.705
997,3.705
998,3.705
999,3.7051
1000,3.7051
1001,3.7053
1002,3.7053
1003,3.7055
1004,3.7055
1005,3.7056
1006,3.7056
1007,3.7058
1008,3.7058
1009,3.7058
1010,3.7059
1011,3.7059
1012,3.7061
1013,3.7061
1014,3.7063
1015,3.7063
1016,3.7064
1017,3.7064
1018,3.7064
1019,3.7066
1020,3.7066
1021,3.7067
1022,3.7067
1023,3.7069
1024,3.7069
1025,3.7071
1026,3.7071
1027,3.7072
1028,3.7072
1029,3.7072
1030,3.7074
1031,3.7074
1032,3.7075
1033,3.7075
1034,3.7077
1035,3.7077
1036,3.7078
1037,3.7078
1038,3.708
1039,3.708
1040,3.7082
1041,3.7082
1042,3.7082
1043,3.7083
1044,3.7083
1045,3.7085
1046,3.7085
1047,3.7086
1048,3.7086
1049,3.7088
1050,3.7088
1051,3.709
1052,3.709
1053,3.709
1054,3.7091
1055,3.7091
1056,3.7093
1057,3.7093
1058,3.7094
1059,3.7094
1060,3.7096
1061,3.7096
1062,3.7098
1063,3.7098
1064,3.7099
1065,3.7099
1066,3.7099
1067,3.7101
1068,3.7101
1069,3.7102
1070,3.7102
1071,3.7104
1072,3.7104
1073,3.7104
1074,3.7105
1075,3.7105
1076,3.7107
1077,3.7107
1078,3.7109
1079,3.7109
1080,3.711
1081,3.711
1082,3.7112
1083,3.7112
1084,3.7113
1085,3.7113
1086,3.7115
1087,3.7115
1088,3.7117
1089,3.7117
1090,3.7117
1091,3.7118
1092,3.7118
1093,3.712
1094,3.712
1095,3.7121
1096,3.7121
1097,3.7123
1098,3.7123
1099,3.7125
1100,3.7125
1101,3.7126
1102,3.7126
1103,3.7126
1104,3.7128
1105,3.7128
1106,3.7129
1107,3.7129
1108,3.7131
1109,3.7131
1110,3.7132
1111,3.7132
1112,3.7134
1113,3.7134
1114,3.7136
1115,3.7136
1116,3.7136
1117,3.7137
1118,3.7137
1119,3.7139
1120,3.7139
1121,3.714
1122,3.714
1123,3.7142
1124,3.7142
1125,3.7144
1126,3.7144
1127,3.7144
1128,3.7145
1129,3.7147
1130,3.7147
1131,3.7147
1132,3.7148
1133,3.7148
1134,3.715
1135,3.715
1136,3.7152
1137,3.7152
1138,3.7153
1139,3.7153
1140,3.7155
1141,3.7155
1142,3.7156
1143,3.7156
1144,3.7158
1145,3.7158
1146,3.7158
1147,3.7159
1148,3.7159
1149,3.7161
1150,3.7161
1151,3.7163
1152,3.7163
1153,3.7164
1154,3.7164
1155,3.7166
1156,3.7166
1157,3.7167
1158,3.7167
1159,3.7169
1160,3.7169
1161,3.7171
1162,3.7171
1163,3.7171
1164,3.7172
1165,3.7172
1166,3.7174
1167,3.7174
1168,3.7175
1169,3.7175
1170,3.7177
1171,3.7177
1172,3.7179
1173,3.7179
1174,3.718
1175,3.718
1176,3.7182
1177,3.7182
1178,3.7183
1179,3.7183
1180,3.7183
1181,3.7185
1182,3.7185
1183,3.7186
1184,3.7188
1185,3.7188
1186,3.719
1187,3.719
1188,3.719
1189,3.7191
1190,3.7191
1191,3.7193
1192,3.7193
1193,3.7194
1194,3.7194
1195,3.7196
1196,3.7196
1197,3.7198
1198,3.7198
1199,3.7199
1200,3.7199
1201,3.7201
1202,3.7201
1203,3.7202
1204,3.7202
1205,3.7204
1206,3.7204
1207,3.7204
1208,3.7206
1209,3.7207
1210,3.7207
1211,3.7207
1212,3.7209
1213,3.7209
1214,3.721
1215,3.721
1216,3.7212
1217,3.7213
1218,3.7213
1219,3.7213
1220,3.7215
1221,3.7215
1222,3.7217
1223,3.7217
1224,3.7218
1225,3.7218
1226,3.722
1227,3.722
1228,3.7221
1229,3.7221
1230,3.7223
1231,3.7223
1232,3.7225
1233,3.7225
1234,3.7226
1235,3.7226
1236,3.7228
1237,3.7228
1238,3.7229
1239,3.7229
1240,3.7231
1241,3.7231
1242,3.7233
1243,3.7233
1244,3.7234
1245,3.7234
1246,3.7236
1247,3.7236
1248,3.7237
1249,3.7237
1250,3.7239
1251,3.7239
1252,3.724
1253,3.724
1254,3.7242
1255,3.7242
1256,3.7244
1257,3.7244
1258,3.7245
1259,3.7245
1260,3.7247
1261,3.7247
1262,3.7248
1263,3.7248
1264,3.725
1265,3.725
1266,3.7252
1267,3.7252
1268,3.7253
1269,3.7253
1270,3.7255
1271,3.7255
1272,3.7256
1273,3.7256
1274,3.7258
1275,3.7258
1276,3.726
1277,3.726
1278,3.7261
1279,3.7261
1280,3.7263
1281,3.7263
1282,3.7264
1283,3.7264
1284,3.7266
1285,3.7266
1286,3.7267
1287,3.7267
1288,3.7269
1289,3.7269
1290,3.7271
1291,3.7271
1292,3.7272
1293,3.7272
1294,3.7274
1295,3.7275
1296,3.7275
1297,3.7277
1298,3.7277
1299,3.7279
1300,3.7279
1301,3.728
1302,3.728
1303,3.7282
1304,3.7282
1305,3.7283
1306,3.7283
1307,3.7285
1308,3.7285
1309,3.7287
1310,3.7287
1311,3.7288
1312,3.7288
1313,3.729
1314,3.729
1315,3.7291
1316,3.7291
1317,3.7293
1318,3.7294
1319,3.7294
1320,3.7296
1321,3.7296
1322,3.7298
1323,3.7298
1324,3.7299
1325,3.7299
1326,3.7301
1327,3.7301
1328,3.7302
1329,3.7302
1330,3.7304
1331,3.7306
1332,3.7306
1333,3.7307
1334,3.7307
1335,3.7309
1336,3.7309
1337,3.731
1338,3.731
1339,3.7312
1340,3.7312
1341,3.7314
1342,3.7314
1343,3.7315
1344,3.7317
1345,3.7317
1346,3.7318
1347,3.7318
1348,3.732
1349,3.732
1350,3.7321
1351,3.7321
1352,3.7323
1353,3.7325
1354,3.7325
1355,3.7326
1356,3.7326
1357,3.7328
1358,3.7328
1359,3.7329
1360,3.7329
1361,3.7331
1362,3.7331
1363,3.7333
1364,3.7334
1365,3.7334
1366,3.7336
1367,3.7336
1368,3.7337
1369,3.7337
1370,3.7339
1371,3.7339
1372,3.7341
1373,3.7342
1374,3.7342
1375,3.7344
1376,3.7344
1377,3.7345
1378,3.7347
1379,3.7347
1380,3.7348
1381,3.7348
1382,3.735
1383,3.735
1384,3.7352
1385,3.7352
1386,3.7353
1387,3.7355
1388,3.7355
1389,3.7356
1390,3.7356
1391,3.7358
1392,3.736
1393,3.736
1394,3.7361
1395,3.7361
1396,3.7363
1397,3.7363
1398,3.7364
1399,3.7366
1400,3.7366
1401,3.7368
1402,3.7368
1403,3.7369
1404,3.7371
1405,3.7371
1406,3.7372
1407,3.7372
1408,3.7374
1409,3.7374
1410,3.7375
1411,3.7377
1412,3.7377
1413,3.7379
1414,3.738
1415,3.738
1416,3.7382
1417,3.7382
1418,3.7383
1419,3.7385
1420,3.7385
1421,3.7387
1422,3.7387
1423,3.7388
1424,3.7388
1425,3.739
1426,3.7391
1427,3.7391
1428,3.7393
1429,3.7395
1430,3.7395
1431,3.7396
1432,3.7396
1433,3.7398
1434,3.7398
1435,3.7399
1436,3.7401
1437,3.7401
1438,3.7402
1439,3.7404
1440,3.7404
1441,3.7406
1442,3.7407
1443,3.7407
1444,3.7409
1445,3.7409
1446,3.741
1447,3.7412
1448,3.7412
1449,3.7414
1450,3.7414
1451,3.7415
1452,3.7417
1453,3.7417
1454,3.7418
1455,3.742
1456,3.742
1457,3.7422
1458,3.7422
1459,3.7423
1460,3.7425
1461,3.7425
1462,3.7426
1463,3.7428
1464,3.7428
1465,3.7429
1466,3.7431
1467,3.7431
1468,3.7433
1469,3.7433
1470,3.7434
1471,3.7436
1472,3.7436
1473,3.7437
1474,3.7439
1475,3.7439
1476,3.7441
1477,3.7442
1478,3.7442
1479,3.7444
1480,3.7445
1481,3.7445
1482,3.7447
1483,3.7449
1484,3.7449
1485,3.745
1486,3.7452
1487,3.7452
1488,3.7453
1489,3.7455
1490,3.7455
1491,3.7456
1492,3.7458
1493,3.7458
1494,3.746
1495,3.7461
1496,3.7461
1497,3.7463
1498,3.7464
1499,3.7464
1500,3.7466
1501,3.7466
1502,3.7468
1503,3.7469
1504,3.7471
1505,3.7471
1506,3.7472
1507,3.7474
1508,3.7474
1509,3.7476
1510,3.7477
1511,3.7477
1512,3.7479
1513,3.748
1514,3.748
1515,3.7482
1516,3.7483
1517,3.7485
1518,3.7485
1519,3.7487
1520,3.7488
1521,3.7488
1522,3.749
1523,3.7491
1524,3.7491
1525,3.7493
1526,3.7495
1527,3.7496
1528,3.7496
1529,3.7498
1530,3.7499
1531,3.7499
1532,3.7501
1533,3.7503
1534,3.7504
1535,3.7504
1536,3.7506
1537,3.7507
1538,3.7507
1539,3.7509
1540,3.751
1541,3.751
1542,3.7512
1543,3.7514
1544,3.7515
1545,3.7515
1546,3.7517
1547,3.7518
1548,3.752
1549,3.752
1550,3.7522
1551,3.7523
1552,3.7523
1553,3.7525
1554,3.7526
1555,3.7528
1556,3.7528
1557,3.753
1558,3.7531
1559,3.7533
1560,3.7533
1561,3.7534
1562,3.7536
1563,3.7536
1564,3.7537
1565,3.7539
1566,3.7541
1567,3.7541
1568,3.7542
1569,3.7544
1570,3.7545
1571,3.7545
1572,3.7547
1573,3.7549
1574,3.755
1575,3.755
1576,3.7552
1577,3.7553
1578,3.7555
1579,3.7555
1580,3.7557
1581,3.7558
1582,3.756
1583,3.756
1584,3.7561
1585,3.7563
1586,3.7564
1587,3.7564
1588,3.7566
1589,3.7568
1590,3.7569
1591,3.7571
1592,3.7571
1593,3.7572
1594,3.7574
1595,3.7576
1596,3.7576
1597,3.7577
1598,3.7579
1599,3.758
1600,3.7582
1601,3.7582
1602,3.7584
1603,3.7585
1604,3.7587
1605,3.7587
1606,3.7588
1607,3.759
1608,3.7591
1609,3.7593
1610,3.7593
1611,3.7595
1612,3.7596
1613,3.7598
1614,3.7599
1615,3.7599
1616,3.7601
1617,3.7603
1618,3.7604
1619,3.7604
1620,3.7606
1621,3.7607
1622,3.7609
1623,3.7611
1624,3.7612
1625,3.7612
1626,3.7614
1627,3.7615
1628,3.7617
1629,3.7618
1630,3.7618
1631,3.762
1632,3.7622
1633,3.7623
1634,3.7625
1635,3.7625
1636,3.7626
1637,3.7628
1638,3.763
1639,3.7631
1640,3.7633
1641,3.7633
1642,3.7634
1643,3.7636
1644,3.7638
1645,3.7639
1646,3.7639
1647,3.7641
1648,3.7642
1649,3.7644
1650,3.7645
1651,3.7647
1652,3.7647
1653,3.7649
1654,3.765
1655,3.7652
1656,3.7653
1657,3.7655
1658,3.7655
1659,3.7657
1660,3.7658
1661,3.766
1662,3.7661
1663,3.7663
1664,3.7665
1665,3.7665
1666,3.7666
1667,3.7668
1668,3.7669
1669,3.7671
1670,3.7672
1671,3.7672
1672,3.7674
1673,3.7676
1674,3.7677
1675,3.7679
1676,3.768
1677,3.7682
1678,3.7682
1679,3.7684
1680,3.7685
1681,3.7687
1682,3.7688
1683,3.769
1684,3.7692
1685,3.7693
1686,3.7693
1687,3.7695
1688,3.7696
1689,3.7698
1690,3.7699
1691,3.7701
1692,3.7703
1693,3.7703
1694,3.7704
1695,3.7706
1696,3.7707
1697,3.7709
1698,3.7711
1699,3.7712
1700,3.7714
1701,3.7715
1702,3.7715
1703,3.7717
1704,3.7719
1705,3.772
1706,3.7722
1707,3.7723
1708,3.7725
1709,3.7726
1710,3.7726
1711,3.7728
1712,3.773
1713,3.7731
1714,3.7733
1715,3.7734
1716,3.7736
1717,3.7738
1718,3.7739
1719,3.7741
1720,3.7741
1721,3.7742
1722,3.7744
1723,3.7746
1724,3.7747
1725,3.7749
1726,3.775
1727,3.7752
1728,3.7753
1729,3.7755
1730,3.7755
1731,3.7757
1732,3.7758
1733,3.776
1734,3.7761
1735,3.7763
1736,3.7765
1737,3.7766
1738,3.7768
1739,3.7769
1740,3.7771
1741,3.7773
1742,3.7773
1743,3.7774
1744,3.7776
1745,3.7777
1746,3.7779
1747,3.778
1748,3.7782
1749,3.7784
1750,3.7785
1751,3.7787
1752,3.7788
1753,3.779
1754,3.779
1755,3.7793
1756,3.7793
1757,3.7795
1758,3.7796
1759,3.7798
1760,3.78
1761,3.7801
1762,3.7803
1763,3.7804
1764,3.7806
1765,3.7807
1766,3.7809
1767,3.7811
1768,3.7812
1769,3.7814
1770,3.7815
1771,3.7815
1772,3.7817
1773,3.7819
1774,3.782
1775,3.7822
1776,3.7823
1777,3.7825
1778,3.7827
1779,3.7828
1780,3.783
1781,3.7831
1782,3.7833
1783,3.7834
1784,3.7836
1785,3.7838
1786,3.7839
1787,3.7841
1788,3.7842
1789,3.7844
1790,3.7846
1791,3.7847
1792,3.7849
1793,3.7849
1794,3.785
1795,3.7852
1796,3.7854
1797,3.7855
1798,3.7857
1799,3.7858
1800,3.786
1801,3.7861
1802,3.7863
1803,3.7865
1804,3.7866
1805,3.7868
1806,3.7869
1807,3.7871
1808,3.7873
1809,3.7874
1810,3.7876
1811,3.7877
1812,3.7879
1813,3.7881
1814,3.7882
1815,3.7884
1816,3.7885
1817,3.7887
1818,3.7888
1819,3.789
1820,3.7892
1821,3.7893
1822,3.7895
1823,3.7896
1824,3.7898
1825,3.79
1826,3.7901
1827,3.7903
1828,3.7904
1829,3.7906
1830,3.7908
1831,3.7909
1832,3.7911
1833,3.7912
1834,3.7914
1835,3.7915
1836,3.7917
1837,3.7919
1838,3.792
1839,3.7922
1840,3.7923
1841,3.7925
1842,3.7927
1843,3.7928
1844,3.793
1845,3.7931
1846,3.7933
1847,3.7935
1848,3.7936
1849,3.7938
1850,3.7939
1851,3.7941
1852,3.7942
1853,3.7944
1854,3.7946
1855,3.7947
1856,3.7949
1857,3.795
1858,3.7952
1859,3.7954
1860,3.7955
1861,3.7957
1862,3.7958
1863,3.796
1864,3.7962
1865,3.7963
1866,3.7965
1867,3.7966
1868,3.7968
1869,3.7969
1870,3.7971
1871,3.7973
1872,3.7974
1873,3.7976
1874,3.7979
1875,3.7979
1876,3.7982
1877,3.7984
1878,3.7985
1879,3.7987
1880,3.7989
1881,3.799
1882,3.7992
1883,3.7993
1884,3.7995
1885,3.7996
1886,3.7998
1887,3.8
1888,3.8001
1889,3.8003
1890,3.8004
1891,3.8006
1892,3.8008
1893,3.8011
1894,3.8012
1895,3.8014
1896,3.8016
1897,3.8017
1898,3.8019
1899,3.802
1900,3.8022
1901,3.8023
1902,3.8025
1903,3.8027
1904,3.8028
1905,3.803
1906,3.8033
1907,3.8033
1908,3.8036
1909,3.8038
1910,3.8039
1911,3.8041
1912,3.8043
1913,3.8044
1914,3.8046
1915,3.8047
1916,3.8049
1917,3.8052
1918,3.8054
1919,3.8055
1920,3.8057
1921,3.8058
1922,3.806
1923,3.8062
1924,3.8063
1925,3.8065
1926,3.8066
1927,3.8068
1928,3.807
1929,3.8073
1930,3.8074
1931,3.8076
1932,3.8077
1933,3.8079
1934,3.8081
1935,3.8082
1936,3.8084
1937,3.8087
1938,3.8089
1939,3.809
1940,3.8092
1941,3.8093
1942,3.8095
1943,3.8097
1944,3.8098
1945,3.8101
1946,3.8103
1947,3.8104
1948,3.8106
1949,3.8108
1950,3.8109
1951,3.8111
1952,3.8114
1953,3.8116
1954,3.8117
1955,3.8119
1956,3.812
1957,3.8122
1958,3.8123
1959,3.8127
1960,3.8128
1961,3.813
1962,3.8131
1963,3.8133
1964,3.8135
1965,3.8136
1966,3.8139
1967,3.8141
1968,3.8143
1969,3.8144
1970,3.8146
1971,3.8147
1972,3.815
1973,3.8152
1974,3.8154
1975,3.8155
1976,3.8157
1977,3.8158
1978,3.8162
1979,3.8163
1980,3.8165
1981,3.8166
1982,3.8168
1983,3.8171
1984,3.8173
1985,3.8174
1986,3.8176
1987,3.8177
1988,3.8181
1989,3.8182
1990,3.8184
1991,3.8185
1992,3.8187
1993,3.8189
1994,3.8192
1995,3.8193
1996,3.8195
1997,3.8197
1998,3.8198
1999,3.8201
2000,3.8203
2001,3.8204
2002,3.8206
2003,3.8209
2004,3.8211
2005,3.8212
2006,3.8214
2007,3.8217
2008,3.8219
2009,3.822
2010,3.8222
2011,3.8224
2012,3.8227
2013,3.8228
2014,3.823
2015,3.8231
2016,3.8235
2017,3.8236
2018,3.8238
2019,3.8239
2020,3.8241
2021,3.8244
2022,3.8246
2023,3.8247
2024,3.8251
2025,3.8252
2026,3.8254
2027,3.8255
2028,3.8258
2029,3.826
2030,3.8262
2031,3.8265
2032,3.8266
2033,3.8268
2034,3.827
2035,3.8271
2036,3.8274
2037,3.8276
2038,3.8278
2039,3.8279
2040,3.8282
2041,3.8284
2042,3.8285
2043,3.8289
2044,3.829
2045,3.8292
2046,3.8295
2047,3.8297
2048,3.8298
2049,3.8301
2050,3.8303
2051,3.8305
2052,3.8306
2053,3.8309
2054,3.8311
2055,3.8312
2056,3.8316
2057,3.8317
2058,3.8319
2059,3.8322
2060,3.8324
2061,3.8325
2062,3.8328
2063,3.833
2064,3.8332
2065,3.8335
2066,3.8336
2067,3.8338
2068,3.8341
2069,3.8343
2070,3.8344
2071,3.8347
2072,3.8349
2073,3.8351
2074,3.8354
2075,3.8355
2076,3.8357
2077,3.836
2078,3.8362
2079,3.8363
2080,3.8366
2081,3.8368
2082,3.837
2083,3.8373
2084,3.8374
2085,3.8378
2086,3.8379
2087,3.8381
2088,3.8384
2089,3.8386
2090,3.8387
2091,3.839
2092,3.8392
2093,3.8393
2094,3.8397
2095,3.8398
2096,3.8401
2097,3.8403
2098,3.8405
2099,3.8408
2100,3.8409
2101,3.8413
2102,3.8414
2103,3.8416
2104,3.8419
2105,3.842
2106,3.8424
2107,3.8425
2108,3.8427
2109,3.843
2110,3.8432
2111,3.8435
2112,3.8436
2113,3.844
2114,3.8441
2115,3.8443
2116,3.8446
2117,3.8447
2118,3.8451
2119,3.8452
2120,3.8455
2121,3.8457
2122,3.8459
2123,3.8462
2124,3.8463
2125,3.8467
2126,3.8468
2127,3.847
2128,3.8473
2129,3.8474
2130,3.8478
2131,3.8479
2132,3.8482
2133,3.8484
2134,3.8487
2135,3.8489
2136,3.849
2137,3.8494
2138,3.8495
2139,3.8498
2140,3.85
2141,3.8503
2142,3.8505
2143,3.8508
2144,3.8509
2145,3.8511
2146,3.8514
2147,3.8516
2148,3.8519
2149,3.8521
2150,3.8524
2151,3.8525
2152,3.8528
2153,3.853
2154,3.8533
2155,3.8535
2156,3.8538
2157,3.854
2158,3.8543
2159,3.8544
2160,3.8548
2161,3.8549
2162,3.8552
2163,3.8554
2164,3.8557
2165,3.8559
2166,3.8562
2167,3.8563
2168,3.8567
2169,3.8568
2170,3.8571
2171,3.8573
2172,3.8575
2173,3.8578
2174,3.8581
2175,3.8582
2176,3.8586
2177,3.8587
2178,3.859
2179,3.8592
2180,3.8595
2181,3.8597
2182,3.86
2183,3.8602
2184,3.8603
2185,3.8606
2186,3.8609
2187,3.8611
2188,3.8614
2189,3.8616
2190,3.8619
2191,3.8621
2192,3.8624
2193,3.8625
2194,3.8629
2195,3.863
2196,3.8633
2197,3.8635
2198,3.8638
2199,3.864
2200,3.8643
2201,3.8644
2202,3.8648
2203,3.8649
2204,3.8652
2205,3.8654
2206,3.8657
2207,3.8659
2208,3.8662
2209,3.8663
2210,3.8667
2211,3.8668
2212,3.8671
2213,3.8673
2214,3.8676
2215,3.8678
2216,3.8681
2217,3.8683
2218,3.8686
2219,3.8689
2220,3.869
2221,3.8694
2222,3.8695
2223,3.8697
2224,3.87
2225,3.8702
2226,3.8705
2227,3.8708
2228,3.871
2229,3.8713
2230,3.8714
2231,3.8717
2232,3.8719
2233,3.8722
2234,3.8724
2235,3.8727
2236,3.8729
2237,3.8732
2238,3.8733
2239,3.8737
2240,3.8738
2241,3.8741
2242,3.8743
2243,3.8746
2244,3.8748
2245,3.8751
2246,3.8752
2247,3.8756
2248,3.8757
2249,3.876
2250,3.8762
2251,3.8765
2252,3.8767
2253,3.877
2254,3.8771
2255,3.8775
2256,3.8778
2257,3.8779
2258,3.8783
2259,3.8784
2260,3.8786
2261,3.8789
2262,3.8792
2263,3.8794
2264,3.8797
2265,3.8798
2266,3.8802
2267,3.8803
2268,3.8806
2269,3.8808
2270,3.8811
2271,3.8813
2272,3.8816
2273,3.8818
2274,3.8821
2275,3.8822
2276,3.8825
2277,3.8827
2278,3.883
2279,3.8832
2280,3.8835
2281,3.8837
2282,3.884
2283,3.8841
2284,3.8845
2285,3.8846
2286,3.8849
2287,3.8851
2288,3.8854
2289,3.8856
2290,3.8859
2291,3.886
2292,3.8862
2293,3.8865
2294,3.8867
2295,3.887
2296,3.8872
2297,3.8875
2298,3.8876
2299,3.8879
2300,3.8881
2301,3.8884
2302,3.8886
2303,3.8889
2304,3.8891
2305,3.8894
2306,3.8895
2307,3.8899
2308,3.89
2309,3.8903
2310,3.8905
2311,3.8908
2312,3.891
2313,3.8913
2314,3.8914
2315,3.8918
2316,3.8919
2317,3.8922
2318,3.8924
2319,3.8927
2320,3.8929
2321,3.893
2322,3.8933
2323,3.8935
2324,3.8938
2325,3.894
2326,3.8943
2327,3.8945
2328,3.8948
2329,3.8949
2330,3.8953
2331,3.8954
2332,3.8957
2333,3.8959
2334,3.896
2335,3.8964
2336,3.8965
2337,3.8968
2338,3.897
2339,3.8973
2340,3.8975
2341,3.8978
2342,3.898
2343,3.8983
2344,3.8984
2345,3.8987
2346,3.8989
2347,3.8992
2348,3.8994
2349,3.8995
2350,3.8999
2351,3.9
2352,3.9003
2353,3.9005
2354,3.9008
2355,3.901
2356,3.9013
2357,3.9014
2358,3.9018
2359,3.9019
2360,3.9021
2361,3.9024
2362,3.9026
2363,3.9029
2364,3.903
2365,3.9034
2366,3.9035
2367,3.9038
2368,3.904
2369,3.9043
2370,3.9045
2371,3.9046
2372,3.9049
2373,3.9051
2374,3.9054
2375,3.9056
2376,3.9059
2377,3.9061
2378,3.9064
2379,3.9065
2380,3.9067
2381,3.907
2382,3.9072
2383,3.9075
2384,3.9076
2385,3.908
2386,3.9081
2387,3.9084
2388,3.9086
2389,3.9089
2390,3.9091
2391,3.9094
2392,3.9095
2393,3.9097
2394,3.91
2395,3.9102
2396,3.9105
2397,3.9107
2398,3.911
2399,3.9111
2400,3.9113
2401,3.9116
2402,3.9118
2403,3.9121
2404,3.9122
2405,3.9126
2406,3.9127
2407,3.913
2408,3.9132
2409,3.9135
2410,3.9137
2411,3.914
2412,3.9142
2413,3.9145
2414,3.9146
2415,3.9149
2416,3.9151
2417,3.9153
2418,3.9156
2419,3.9157
2420,3.9161
2421,3.9162
2422,3.9165
2423,3.9167
2424,3.917
2425,3.9172
2426,3.9175
2427,3.9176
2428,3.918
2429,3.9181
2430,3.9184
2431,3.9186
2432,3.9189
2433,3.9191
2434,3.9194
2435,3.9196
2436,3.9199
2437,3.92
2438,3.9203
2439,3.9205
2440,3.9208
2441,3.921
2442,3.9211
2443,3.9215
2444,3.9216
2445,3.9219
2446,3.9221
2447,3.9224
2448,3.9227
2449,3.9229
2450,3.9232
2451,3.9234
2452,3.9237
2453,3.9238
2454,3.9242
2455,3.9243
2456,3.9246
2457,3.9248
2458,3.9251
2459,3.9253
2460,3.9256
2461,3.9257
2462,3.9261
2463,3.9262
2464,3.9265
2465,3.9267
2466,3.927
2467,3.9272
2468,3.9275
2469,3.9277
2470,3.928
2471,3.9281
2472,3.9284
2473,3.9286
2474,3.9289
2475,3.9292
2476,3.9294
2477,3.9297
2478,3.9299
2479,3.9302
2480,3.9304
2481,3.9307
2482,3.9308
2483,3.9311
2484,3.9313
2485,3.9316
2486,3.9319
2487,3.9321
2488,3.9324
2489,3.9326
2490,3.9329
2491,3.9331
2492,3.9334
2493,3.9335
2494,3.9338
2495,3.9342
2496,3.9343
2497,3.9346
2498,3.9348
2499,3.9351
2500,3.9353
2501,3.9356
2502,3.9359
2503,3.9361
2504,3.9364
2505,3.9365
2506,3.9369
2507,3.937
2508,3.9373
2509,3.9377
2510,3.9378
2511,3.9381
2512,3.9385
2513,3.9386
2514,3.9389
2515,3.9391
2516,3.9394
2517,3.9396
2518,3.9399
2519,3.9402
2520,3.9404
2521,3.9407
2522,3.9408
2523,3.9412
2524,3.9415
2525,3.9416
2526,3.9419
2527,3.9423
2528,3.9424
2529,3.9427
2530,3.9429
2531,3.9432
2532,3.9435
2533,3.9437
2534,3.944
2535,3.9443
2536,3.9445
2537,3.9448
2538,3.9451
2539,3.9453
2540,3.9456
2541,3.9458
2542,3.9461
2543,3.9464
2544,3.9467
2545,3.9469
2546,3.9472
2547,3.9473
2548,3.9477
2549,3.948
2550,3.9481
2551,3.9485
2552,3.9488
2553,3.9489
2554,3.9493
2555,3.9496
2556,3.9497
2557,3.95
2558,3.9504
2559,3.9505
2560,3.9508
2561,3.9512
2562,3.9513
2563,3.9516
2564,3.952
2565,3.9521
2566,3.9524
2567,3.9527
2568,3.9529
2569,3.9532
2570,3.9535
2571,3.9537
2572,3.954
2573,3.9543
2574,3.9547
2575,3.9548
2576,3.9551
2577,3.9554
2578,3.9556
2579,3.9559
2580,3.9562
2581,3.9564
2582,3.9567
2583,3.957
2584,3.9574
2585,3.9575
2586,3.9578
2587,3.9581
2588,3.9583
2589,3.9586
2590,3.9589
2591,3.9593
2592,3.9594
2593,3.9597
2594,3.9601
2595,3.9602
2596,3.9605
2597,3.9608
2598,3.961
2599,3.9613
2600,3.9616
2601,3.962
2602,3.9621
2603,3.9624
2604,3.9628
2605,3.9629
2606,3.9632
2607,3.9635
2608,3.9639
2609,3.964
2610,3.9643
2611,3.9647
2612,3.9648
2613,3.9651
2614,3.9655
2615,3.9658
2616,3.9659
2617,3.9662
2618,3.9666
2619,3.9667
2620,3.967
2621,3.9674
2622,3.9677
2623,3.9678
2624,3.9682
2625,3.9685
2626,3.9686
2627,3.9689
2628,3.9693
2629,3.9696
2630,3.9697
2631,3.9701
2632,3.9704
2633,3.9705
2634,3.9709
2635,3.9712
2636,3.9713
2637,3.9716
2638,3.972
2639,3.9723
2640,3.9724
2641,3.9728
2642,3.9731
2643,3.9732
2644,3.9736
2645,3.9739
2646,3.974
2647,3.9743
2648,3.9747
2649,3.9748
2650,3.9751
2651,3.9755
2652,3.9756
2653,3.9759
2654,3.9763
2655,3.9764
2656,3.9767
2657,3.977
2658,3.9772
2659,3.9775
2660,3.9778
2661,3.978
2662,3.9783
2663,3.9786
2664,3.9788
2665,3.9791
2666,3.9794
2667,3.9796
2668,3.9799
2669,3.9802
2670,3.9804
2671,3.9807
2672,3.981
2673,3.9812
2674,3.9815
2675,3.9818
2676,3.982
2677,3.9823
2678,3.9824
2679,3.9828
2680,3.9831
2681,3.9832
2682,3.9836
2683,3.9839
2684,3.984
2685,3.9844
2686,3.9845
2687,3.9848
2688,3.9851
2689,3.9853
2690,3.9856
2691,3.9858
2692,3.9861
2693,3.9864
2694,3.9866
2695,3.9869
2696,3.9871
2697,3.9874
2698,3.9875
2699,3.9878
2700,3.9882
2701,3.9883
2702,3.9886
2703,3.9888
2704,3.9891
2705,3.9893
2706,3.9896
2707,3.9898
2708,3.9901
2709,3.9904
2710,3.9905
2711,3.9907
2712,3.991
2713,3.9913
2714,3.9915
2715,3.9917
2716,3.992
2717,3.9921
2718,3.9925
2719,3.9928
2720,3.9929
2721,3.9931
2722,3.9934
2723,3.9936
2724,3.9939
2725,3.994
2726,3.9944
2727,3.9945
2728,3.9948
2729,3.995
2730,3.9953
2731,3.9955
2732,3.9958
2733,3.9959
2734,3.9961
2735,3.9964
2736,3.9966
2737,3.9969
2738,3.9971
2739,3.9974
2740,3.9975
2741,3.9979
2742,3.998
2743,3.9982
2744,3.9985
2745,3.9986
2746,3.999
2747,3.9991
2748,3.9993
2749,3.9996
2750,3.9998
2751,3.9999
2752,4.0002
2753,4.0004
2754,4.0006
2755,4.0009
2756,4.001
2757,4.0013
2758,4.0015
2759,4.0017
2760,4.002
2761,4.0021
2762,4.0023
2763,4.0026
2764,4.0028
2765,4.0029
2766,4.0033
2767,4.0034
2768,4.0036
2769,4.0037
2770,4.004
2771,4.0042
2772,4.0044
2773,4.0047
2774,4.0048
2775,4.005
2776,4.0052
2777,4.0055
2778,4.0056
2779,4.0058
2780,4.0059
2781,4.0063
2782,4.0064
2783,4.0066
2784,4.0067
2785,4.0071
2786,4.0072
2787,4.0074
2788,4.0075
2789,4.0079
2790,4.008
2791,4.0082
2792,4.0083
2793,4.0085
2794,4.0088
2795,4.009
2796,4.0091
2797,4.0093
2798,4.0094
2799,4.0098
2800,4.0099
2801,4.0101
2802,4.0102
2803,4.0104
2804,4.0107
2805,4.0109
2806,4.011
2807,4.0112
2808,4.0114
2809,4.0115
2810,4.0118
2811,4.012
2812,4.0121
2813,4.0123
2814,4.0125
2815,4.0126
2816,4.0128
2817,4.0129
2818,4.0133
2819,4.0134
2820,4.0136
2821,4.0137
2822,4.0139
2823,4.014
2824,4.0142
2825,4.0144
2826,4.0145
2827,4.0148
2828,4.015
2829,4.0152
2830,4.0153
2831,4.0155
2832,4.0156
2833,4.0158
2834,4.016
2835,4.0161
2836,4.0163
2837,4.0164
2838,4.0166
2839,4.0169
2840,4.0171
2841,4.0172
2842,4.0174
2843,4.0175
2844,4.0177
2845,4.0179
2846,4.018
2847,4.0182
2848,4.0183
2849,4.0185
2850,4.0187
2851,4.0188
2852,4.019
2853,4.0191
2854,4.0193
2855,4.0194
2856,4.0196
2857,4.0198
2858,4.0199
2859,4.0201
2860,4.0202
2861,4.0206
2862,4.0206
2863,4.0207
2864,4.021
2865,4.0212
2866,4.0214
2867,4.0215
2868,4.0217
2869,4.0218
2870,4.022
2871,4.0221
2872,4.0223
2873,4.0225
2874,4.0226
2875,4.0228
2876,4.0229
2877,4.0231
2878,4.0233
2879,4.0234
2880,4.0236
2881,4.0237
2882,4.0239
2883,4.0241
2884,4.0242
2885,4.0244
2886,4.0245
2887,4.0247
2888,4.0248
2889,4.025
2890,4.0252
2891,4.0253
2892,4.0255
2893,4.0256
2894,4.0258
2895,4.026
2896,4.0261
2897,4.0263
2898,4.0264
2899,4.0266
2900,4.0268
2901,4.0269
2902,4.0271
2903,4.0272
2904,4.0274
2905,4.0275
2906,4.0277
2907,4.0279
2908,4.028
2909,4.0282
2910,4.0283
2911,4.0285
2912,4.0287
2913,4.0288
2914,4.029
2915,4.0291
2916,4.0291
2917,4.0295
2918,4.0296
2919,4.0298
2920,4.0299
2921,4.0301
2922,4.0302
2923,4.0304
2924,4.0306
2925,4.0307
2926,4.0309
2927,4.031
2928,4.0312
2929,4.0314
2930,4.0315
2931,4.0317
2932,4.0318
2933,4.032
2934,4.0322
2935,4.0323
2936,4.0325
2937,4.0326
2938,4.0328
2939,4.0329
2940,4.0331
2941,4.0333
2942,4.0334
2943,4.0336
2944,4.0337
2945,4.0339
2946,4.0341
2947,4.0342
2948,4.0345
2949,4.0347
2950,4.0349
2951,4.035
2952,4.0352
2953,4.0353
2954,4.0355
2955,4.0356
2956,4.0358
2957,4.036
2958,4.0361
2959,4.0363
2960,4.0364
2961,4.0368
2962,4.0369
2963,4.0371
2964,4.0372
2965,4.0374
2966,4.0376
2967,4.0377
2968,4.0379
2969,4.038
2970,4.0383
2971,4.0385
2972,4.0387
2973,4.0388
2974,4.039
2975,4.0391
2976,4.0393
2977,4.0396
2978,4.0398
2979,4.0399
2980,4.0401
2981,4.0403
2982,4.0404
2983,4.0407
2984,4.0409
2985,4.041
2986,4.0412
2987,4.0414
2988,4.0415
2989,4.0418
2990,4.042
2991,4.0422
2992,4.0423
2993,4.0425
2994,4.0428
2995,4.043
2996,4.0431
2997,4.0433
2998,4.0436
2999,4.0437
3000,4.0439
3001,4.0441
3002,4.0444
3003,4.0445
3004,4.0447
3005,4.0449
3006,4.0452
3007,4.0453
3008,4.0455
3009,4.0458
3010,4.046
3011,4.0461
3012,4.0463
3013,4.0466
3014,4.0468
3015,4.0471
3016,4.0472
3017,4.0474
3018,4.0477
3019,4.0479
3020,4.048
3021,4.0484
3022,4.0485
3023,4.0487
3024,4.049
3025,4.0491
3026,4.0495
3027,4.0496
3028,4.0498
3029,4.0501
3030,4.0503
3031,4.0506
3032,4.0507
3033,4.0509
3034,4.0512
3035,4.0514
3036,4.0517
3037,4.0518
3038,4.0522
3039,4.0523
3040,4.0526
3041,4.0528
3042,4.0531
3043,4.0533
3044,4.0536
3045,4.0538
3046,4.0541
3047,4.0542
3048,4.0545
3049,4.0547
3050,4.055
3051,4.0552
3052,4.0555
3053,4.0558
3054,4.056
3055,4.0563
3056,4.0565
3057,4.0568
3058,4.0569
3059,4.0572
3060,4.0576
3061,4.0577
3062,4.058
3063,4.0582
3064,4.0585
3065,4.0588
3066,4.059
3067,4.0593
3068,4.0595
3069,4.0598
3070,4.0601
3071,4.0604
3072,4.0606
3073,4.0609
3074,4.0612
3075,4.0614
3076,4.0617
3077,4.062
3078,4.0622
3079,4.0625
3080,4.0628
3081,4.063
3082,4.0633
3083,4.0636
3084,4.0639
3085,4.0641
3086,4.0644
3087,4.0647
3088,4.065
3089,4.0652
3090,4.0655
3091,4.0658
3092,4.0661
3093,4.0665
3094,4.0666
3095,4.0669
3096,4.0673
3097,4.0676
3098,4.0677
3099,4.068
3100,4.0684
3101,4.0687
3102,4.069
3103,4.0693
3104,4.0695
3105,4.0698
3106,4.0701
3107,4.0704
3108,4.0707
3109,4.0709
3110,4.0712
3111,4.0715
3112,4.0719
3113,4.0722
3114,4.0725
3115,4.0728
3116,4.0731
3117,4.0733
3118,4.0736
3119,4.0739
3120,4.0742
3121,4.0746
3122,4.0749
3123,4.0752
3124,4.0755
3125,4.0758
3126,4.0761
3127,4.0763
3128,4.0766
3129,4.0769
3130,4.0773
3131,4.0776
3132,4.0779
3133,4.0782
3134,4.0785
3135,4.0788
3136,4.0792
3137,4.0795
3138,4.0798
3139,4.08
3140,4.0803
3141,4.0806
3142,4.0809
3143,4.0812
3144,4.0815
3145,4.0819
3146,4.0822
3147,4.0825
3148,4.0828
3149,4.0831
3150,4.0835
3151,4.0838
3152,4.0841
3153,4.0844
3154,4.0847
3155,4.085
3156,4.0854
3157,4.0857
3158,4.086
3159,4.0862
3160,4.0865
3161,4.0868
3162,4.0871
3163,4.0874
3164,4.0877
3165,4.0881
3166,4.0884
3167,4.0887
3168,4.089
3169,4.0893
3170,4.0896
3171,4.09
3172,4.0903
3173,4.0906
3174,4.0909
3175,4.0912
3176,4.0916
3177,4.0919
3178,4.092
3179,4.0923
3180,4.0927
3181,4.093
3182,4.0933
3183,4.0936
3184,4.0939
3185,4.0943
3186,4.0946
3187,4.0949
3188,4.0952
3189,4.0955
3190,4.0958
3191,4.0962
3192,4.0965
3193,4.0968
3194,4.097
3195,4.0974
3196,4.0976
3197,4.0979
3198,4.0982
3199,4.0985
3200,4.0989
3201,4.0992
3202,4.0995
3203,4.0998
3204,4.1001
3205,4.1004
3206,4.1008
3207,4.1011
3208,4.1012
3209,4.1016
3210,4.1019
3211,4.1022
3212,4.1025
3213,4.1028
3214,4.1031
3215,4.1035
3216,4.1038
3217,4.1039
3218,4.1043
3219,4.1046
3220,4.1049
3221,4.1052
3222,4.1055
3223,4.1058
3224,4.1062
3225,4.1063
3226,4.1066
3227,4.107
3228,4.1073
3229,4.1076
3230,4.1079
3231,4.1081
3232,4.1084
3233,4.1087
3234,4.109
3235,4.1093
3236,4.1097
3237,4.11
3238,4.1101
3239,4.1105
3240,4.1108
3241,4.1111
3242,4.1112
3243,4.1116
3244,4.1119
3245,4.1122
3246,4.1125
3247,4.1127
3248,4.113
3249,4.1133
3250,4.1136
3251,4.1138
3252,4.1141
3253,4.1144
3254,4.1147
3255,4.1149
3256,4.1152
3257,4.1155
3258,4.1159
3259,4.116
3260,4.1163
3261,4.1166
3262,4.117
3263,4.1171
3264,4.1174
3265,4.1178
3266,4.1179
3267,4.1182
3268,4.1186
3269,4.1187
3270,4.119
3271,4.1193
3272,4.1195
3273,4.1198
3274,4.1201
3275,4.1203
3276,4.1206
3277,4.1209
3278,4.1211
3279,4.1214
3280,4.1217
3281,4.1219
3282,4.1222
3283,4.1225
3284,4.1227
3285,4.123
3286,4.1232
3287,4.1235
3288,4.1238
3289,4.124
3290,4.1243
3291,4.1244
3292,4.1247
3293,4.1249
3294,4.1252
3295,4.1255
3296,4.1257
3297,4.126
3298,4.1262
3299,4.1265
3300,4.1267
3301,4.127
3302,4.1271
3303,4.1274
3304,4.1276
3305,4.1279
3306,4.1281
3307,4.1284
3308,4.1286
3309,4.1289
3310,4.129
3311,4.1294
3312,4.1295
3313,4.1298
3314,4.13
3315,4.1303
3316,4.1305
3317,4.1308
3318,4.1309
3319,4.1311
3320,4.1314
3321,4.1316
3322,4.1319
3323,4.1321
3324,4.1324
3325,4.1325
3326,4.1327
3327,4.133
3328,4.1332
3329,4.1335
3330,4.1336
3331,4.1338
3332,4.1341
3333,4.1343
3334,4.1344
3335,4.1348
3336,4.1349
3337,4.1351
3338,4.1354
3339,4.1355
3340,4.1357
3341,4.136
3342,4.1362
3343,4.1363
3344,4.1367
3345,4.1368
3346,4.137
3347,4.1371
3348,4.1375
3349,4.1376
3350,4.1378
3351,4.1381
3352,4.1382
3353,4.1384
3354,4.1386
3355,4.1389
3356,4.139
3357,4.1392
3358,4.1394
3359,4.1397
3360,4.1398
3361,4.14
3362,4.1402
3363,4.1403
3364,4.1406
3365,4.1408
3366,4.1409
3367,4.1411
3368,4.1413
3369,4.1414
3370,4.1417
3371,4.1419
3372,4.1421
3373,4.1422
3374,4.1424
3375,4.1425
3376,4.1427
3377,4.143
3378,4.1432
3379,4.1433
3380,4.1435
3381,4.1436
3382,4.1438
3383,4.144
3384,4.1441
3385,4.1444
3386,4.1446
3387,4.1448
3388,4.1449
3389,4.1451
3390,4.1452
3391,4.1454
3392,4.1456
3393,4.1457
3394,4.1459
3395,4.146
3396,4.1462
3397,4.1463
3398,4.1465
3399,4.1467
3400,4.1468
3401,4.147
3402,4.1471
3403,4.1473
3404,4.1475
3405,4.1476
3406,4.1478
3407,4.1479
3408,4.1481
3409,4.1483
3410,4.1484
3411,4.1486
3412,4.1487
3413,4.1489
3414,4.149
3415,4.1492
3416,4.1494
3417,4.1495
3418,4.1495
3419,4.1497
3420,4.1498
3421,4.15
3422,4.1502
3423,4.1503
3424,4.1505
3425,4.1506
3426,4.1508
3427,4.1508
3428,4.151
3429,4.1511
3430,4.1513
3431,4.1514
3432,4.1516
3433,4.1517
3434,4.1517
3435,4.1519
3436,4.1521
3437,4.1522
3438,4.1524
3439,4.1525
3440,4.1525
3441,4.1527
3442,4.1529
3443,4.153
3444,4.1532
3445,4.1532
3446,4.1533
3447,4.1535
3448,4.1537
3449,4.1537
3450,4.1538
3451,4.154
3452,4.1541
3453,4.1543
3454,4.1543
3455,4.1544
3456,4.1546
3457,4.1546
3458,4.1548
3459,4.1549
3460,4.1551
3461,4.1551
3462,4.1552
3463,4.1554
3464,4.1556
3465,4.1556
3466,4.1557
3467,4.1559
3468,4.1559
3469,4.156
3470,4.1562
3471,4.1564
3472,4.1564
3473,4.1565
3474,4.1567
3475,4.1567
3476,4.1568
3477,4.157
3478,4.157
3479,4.1571
3480,4.1573
3481,4.1573
3482,4.1575
3483,4.1576
3484,4.1576
3485,4.1578
3486,4.1578
3487,4.1579
3488,4.1581
3489,4.1581
3490,4.1583
3491,4.1583
3492,4.1584
3493,4.1586
3494,4.1586
3495,4.1587
3496,4.1587
3497,4.1589
3498,4.1591
3499,4.1591
3500,4.1592
3501,4.1592
3502,4.1594
3503,4.1595
3504,4.1595
3505,4.1597
3506,4.1597
3507,4.1598
3508,4.1598
3509,4.16
3510,4.1602
3511,4.1602
3512,4.1603
3513,4.1603
3514,4.1605
3515,4.1605
3516,4.1606
3517,4.1606
3518,4.1608
3519,4.1608
3520,4.161
3521,4.161
3522,4.1611
3523,4.1613
3524,4.1613
3525,4.1613
3526,4.1614
3527,4.1616
3528,4.1616
3529,4.1618
3530,4.1618
3531,4.1619
3532,4.1619
3533,4.1621
3534,4.1621
3535,4.1622
3536,4.1622
3537,4.1624
3538,4.1624
3539,4.1625
3540,4.1625
3541,4.1627
3542,4.1627
3543,4.1629
3544,4.1629
3545,4.163
3546,4.163
3547,4.1632
3548,4.1632
3549,4.1633
3550,4.1633
3551,4.1635
3552,4.1635
3553,4.1637
3554,4.1637
3555,4.1638
3556,4.1638
3557,4.164
3558,4.164
3559,4.1641
3560,4.1641
3561,4.1643
3562,4.1643
3563,4.1645
3564,4.1645
3565,4.1646
3566,4.1646
3567,4.1648
3568,4.1648
3569,4.1649
3570,4.1649
3571,4.1651
3572,4.1651
3573,4.1652
3574,4.1652
3575,4.1654
3576,4.1654
3577,4.1656
3578,4.1656
3579,4.1657
3580,4.1657
3581,4.1659
3582,4.1659
3583,4.166
3584,4.166
3585,4.1662
3586,4.1662
3587,4.1664
3588,4.1664
3589,4.1665
3590,4.1665
3591,4.1667
3592,4.1667
3593,4.1668
3594,4.1668
3595,4.167
3596,4.167
3597,4.1672
3598,4.1672
3599,4.1673
3600,4.1673
3601,4.1675
3602,4.1675
3603,4.1676
3604,4.1678
3605,4.1678
3606,4.1678
3607,4.1679
3608,4.1681
3609,4.1681
3610,4.1683
3611,4.1683
3612,4.1684
3613,4.1684
3614,4.1686
3615,4.1686
3616,4.1687
3617,4.1689
3618,4.1689
3619,4.1691
3620,4.1691
3621,4.1692
3622,4.1692
3623,4.1694
3624,4.1694
3625,4.1695
3626,4.1697
3627,4.1697
3628,4.1699
3629,4.1699
3630,4.17
3631,4.17
3632,4.1702
3633,4.1703
3634,4.1703
3635,4.1705
3636,4.1705
3637,4.1706
3638,4.1708
3639,4.1708
3640,4.171
3641,4.1711
3642,4.1711
3643,4.1713
3644,4.1713
3645,4.1714
3646,4.1716
3647,4.1716
3648,4.1718
3649,4.1718
3650,4.1719
3651,4.1721
3652,4.1721
3653,4.1722
3654,4.1724
3655,4.1724
3656,4.1726
3657,4.1727
3658,4.1727
3659,4.1729
3660,4.173
3661,4.173
3662,4.1732
3663,4.1733
3664,4.1733
3665,4.1735
3666,4.1737
3667,4.1737
3668,4.1738
3669,4.174
3670,4.1741
3671,4.1741
3672,4.1743
3673,4.1745
3674,4.1745
3675,4.1746
3676,4.1748
3677,4.1749
3678,4.1749
3679,4.1751
3680,4.1753
3681,4.1754
3682,4.1754
3683,4.1756
3684,4.1757
3685,4.1759
3686,4.176
3687,4.176
3688,4.1762
3689,4.1764
3690,4.1765
3691,4.1767
3692,4.1767
3693,4.1768
3694,4.177
3695,4.1772
3696,4.1773
3697,4.1773
3698,4.1775
3699,4.1776
3700,4.1778
3701,4.178
3702,4.1781
3703,4.1783
3704,4.1783
3705,4.1784
3706,4.1786
3707,4.1787
3708,4.1789
3709,4.1791
3710,4.1792
3711,4.1794
3712,4.1795
3713,4.1797
3714,4.1799
3715,4.18
3716,4.1802
3717,4.1802
3718,4.1803
3719,4.1805
3720,4.1807
3721,4.1808
3722,4.181
3723,4.1811
3724,4.1813
3725,4.1816
3726,4.1816
3727,4.1819
3728,4.1821
3729,4.1822
3730,4.1824
3731,4.1826
3732,4.1827
3733,4.1829
3734,4.183
3735,4.1832
3736,4.1834
3737,4.1835
3738,4.1837
3739,4.184
3740,4.1841
3741,4.1843
3742,4.1845
3743,4.1846
3744,4.1848
3745,4.1851
3746,4.1853
3747,4.1854
3748,4.1856
3749,4.1857
3750,4.186
3751,4.1862
3752,4.1864
3753,4.1865
3754,4.1868
3755,4.187
3756,4.1872
3757,4.1875
3758,4.1876
3759,4.1878
3760,4.1881
3761,4.1883
3762,4.1886
3763,4.1887
3764,4.1889
3765,4.1892
3766,4.1894
3767,4.1895
3768,4.1899
3769,4.19
3770,4.1903
3771,4.1905
3772,4.1908
3773,4.191
3774,4.1913
3775,4.1915
3776,4.1918
3777,4.1921
3778,4.1922
3779,4.1926
3780,4.1927
3781,4.193
3782,4.1934
3783,4.1935
3784,4.1938
3785,4.1942
3786,4.1943
3787,4.1946
3788,4.1949
3789,4.1951
3790,4.1954
3791,4.1957
3792,4.1961
3793,4.1964
3794,4.1965
3795,4.1968
3796,4.1972
3797,4.1975
3798,4.1978
3799,4.1981
3800,4.1984
3801,4.1988
3802,4.1991
3803,4.1994
3804,4.1997
3805,4.2
3806,4.2003
3807,4.2007
3808,4.201
3809,4.2013
3810,4.2016
3811,4.2019
3812,4.2023
3813,4.2026
3814,4.203
3815,4.2034
3816,4.2037
3817,4.204
3818,4.2045
3819,4.2048
3820,4.2051
3821,4.2054
3822,4.2059
3823,4.2062
3824,4.2067
3825,4.207
3826,4.2075
3827,4.2078
3828,4.2083
3829,4.2086
3830,4.2091
3831,4.2094
3832,4.2099
3833,4.2102
3834,4.2107
3835,4.2111
3836,4.2115
3837,4.2119
3838,4.2124
3839,4.2129
3840,4.2134
3841,4.2137
3842,4.2142
3843,4.2146
3844,4.2151
3845,4.2156
3846,4.2161
3847,4.2165
3848,4.217
3849,4.2175
3850,4.218
3851,4.2184
3852,4.2189
3853,4.2196
3854,4.22
3855,4.2205
3856,4.221
3857,4.2216
3858,4.2221
3859,4.2226
3860,4.2232
3861,4.2237
3862,4.2243
3863,4.2248
3864,4.2254
3865,4.2259
3866,4.2265
3867,4.227
3868,4.2277
3869,4.2283
3870,4.2288
3871,4.2294
3872,4.23
3873,4.2307
3874,4.2313
3875,4.2319
3876,4.2324
3877,4.2331
3878,4.2337
3879,4.2343
3880,4.235
3881,4.2356
3882,4.2364
3883,4.237
3884,4.2377
3885,4.2383
3886,4.2389
3887,4.2397
3888,4.2404
3889,4.241
3890,4.2418
3891,4.2424
3892,4.2432
3893,4.2439
3894,4.2447
3895,4.2453
3896,4.2461
3897,4.2469
3898,4.2475
3899,4.2483
3900,4.2491
3901,4.2499
3902,4.2505
3903,4.2513
3904,4.2521
3905,4.2529
3906,4.2537
3907,4.2545
3908,4.2553
3909,4.2561
3910,4.2569
3911,4.2578
3912,4.2586
3913,4.2594
3914,4.2602
3915,4.2612
3916,4.262
3917,4.2628
3918,4.2637
3919,4.2645
3920,4.2655
3921,4.2663
3922,4.2672
3923,4.2682
3924,4.269
3925,4.2699
3926,4.2709
3927,4.2717
3928,4.2726
3929,4.2736
3930,4.2745
3931,4.2755
3932,4.2764
3933,4.2774
3934,4.2783
3935,4.2793
3936,4.2802
3937,4.2812
3938,4.2821
3939,4.2832
3940,4.2842
3941,4.2852
3942,4.2861
3943,4.2872
3944,4.2882
3945,4.2893
3946,4.2902
3947,4.2912
3948,4.2923
3949,4.2933
3950,4.2944
3951,4.2955
3952,4.2964
3953,4.2975
3954,4.2987
3955,4.2996
3956,4.2996
3957,4.2996
3958,4.2996
3959,4.2996
3960,4.2996
3961,4.2996
3962,4.2996
3963,4.2972
3964,4.2955
3965,4.2947
3966,4.2941
3967,4.2936
3968,4.2933
3969,4.2929
3970,4.2926
3971,4.2923
3972,4.2922
3973,4.2918
3974,4.2917
3975,4.2915
3976,4.2914
3977,4.2912
3978,4.291
3979,4.2909
3980,4.2907
3981,4.2906
3982,4.2906
3983,4.2904
3984,4.2902
3985,4.2901
3986,4.2901
3987,4.2899
3988,4.2899
3989,4.2898
3990,4.2896
3991,4.2896
3992,4.2895
3993,4.2895
3994,4.2893
3995,4.2893
3996,4.2891
3997,4.2891
3998,4.289
3999,4.289
4000,4.2888
4001,4.2888
4002,4.2887
4003,4.2887
4004,4.2885
4005,4.2885
4006,4.2885
4007,4.2883
4008,4.2883
4009,4.2882
4010,4.2882
4011,4.288
4012,4.288
4013,4.288
4014,4.2879
4015,4.2879
4016,4.2879
4017,4.2877
4018,4.2877
4019,4.2877
4020,4.2875
4021,4.2875
4022,4.2874
4023,4.2874
4024,4.2874
4025,4.2874
4026,4.2872
4027,4.2872
4028,4.2872
4029,4.2871
4030,4.2871
4031,4.2871
4032,4.2869
4033,4.2869
4034,4.2869
4035,4.2868
4036,4.2868
4037,4.2868
4038,4.2868
4039,4.2866
4040,4.2866
4041,4.2866
4042,4.2864
4043,4.2864
4044,4.2864
4045,4.2864
4046,4.2863
4047,4.2863
4048,4.2863
4049,4.2863
4050,4.2861
4051,4.2861
4052,4.2861
4053,4.2861
4054,4.286
4055,4.286
4056,4.286
4057,4.286
4058,4.2858
4059,4.2858
4060,4.2858
4061,4.2858
4062,4.2856
4063,4.2856
4064,4.2856
4065,4.2856
4066,4.2855
4067,4.2855
4068,4.2855
4069,4.2855
4070,4.2855
4071,4.2853
4072,4.2853
4073,4.2853
4074,4.2853
4075,4.2852
4076,4.2852
4077,4.2852
4078,4.2852
4079,4.2852
4080,4.285
4081,4.285
4082,4.285
4083,4.285
4084,4.285
4085,4.2848
4086,4.2848
4087,4.2848
4088,4.2848
4089,4.2848
4090,4.2848
4091,4.2847
4092,4.2847
4093,4.2847
4094,4.2845
4095,4.2845
4096,4.2845
4097,4.2845
4098,4.2845
4099,4.2845
4100,4.2844
4101,4.2844
4102,4.2844
4103,4.2844
4104,4.2844
4105,4.2842
4106,4.2842
4107,4.2842
4108,4.2842
4109,4.2842
4110,4.2841
4111,4.2841
4112,4.2841
4113,4.2841
4114,4.2841
4115,4.2841
4116,4.2839
4117,4.2839
4118,4.2839
4119,4.2839
4120,4.2839
4121,4.2839
4122,4.2837
4123,4.2837
4124,4.2837
4125,4.2837
4126,4.2837
4127,4.2837
4128,4.2836
4129,4.2836
4130,4.2836
4131,4.2836
4132,4.2836
4133,4.2836
4134,4.2834
4135,4.2834
4136,4.2834
4137,4.2834
4138,4.2834
4139,4.2834
4140,4.2834
4141,4.2833
4142,4.2833
4143,4.2833
4144,4.278
4145,4.2739
4146,4.2717
4147,4.2698
4148,4.268
4149,4.2666
4150,4.265
4151,4.2636
4152,4.2623
4153,4.2609
4154,4.2598
4155,4.2585
4156,4.2572
4157,4.2561
4158,4.2548
4159,4.2537
4160,4.2526
4161,4.2515
4162,4.2504
4163,4.2493
4164,4.2482
4165,4.2472
4166,4.2461
4167,4.245
4168,4.244
4169,4.2431
4170,4.2421
4171,4.241
4172,4.2401
4173,4.2391
4174,4.2382
4175,4.2372
4176,4.2363
4177,4.2353
4178,4.2343
4179,4.2336
4180,4.2326
4181,4.2316
4182,4.2309
4183,4.2299
4184,4.2291
4185,4.2282
4186,4.2274
4187,4.2266
4188,4.2258
4189,4.2248
4190,4.224
4191,4.2232
4192,4.2224
4193,4.2216
4194,4.2208
4195,4.2201
4196,4.2193
4197,4.2185
4198,4.2178
4199,4.217
4200,4.2162
4201,4.2156
4202,4.2148
4203,4.2142
4204,4.2134
4205,4.2127
4206,4.212
4207,4.2113
4208,4.2107
4209,4.2099
4210,4.2093
4211,4.2086
4212,4.208
4213,4.2073
4214,4.2067
4215,4.2061
4216,4.2054
4217,4.2048
4218,4.2042
4219,4.2035
4220,4.2029
4221,4.2023
4222,4.2016
4223,4.2012
4224,4.2005
4225,4.2
4226,4.1994
4227,4.1988
4228,4.1983
4229,4.1977
4230,4.1972
4231,4.1965
4232,4.1961
4233,4.1956
4234,4.195
4235,4.1945
4236,4.194
4237,4.1935
4238,4.1931
4239,4.1926
4240,4.1919
4241,4.1915
4242,4.191
4243,4.1905
4244,4.19
4245,4.1896
4246,4.1891
4247,4.1886
4248,4.1883
4249,4.1878
4250,4.1873
4251,4.1869
4252,4.1865
4253,4.1861
4254,4.1856
4255,4.1853
4256,4.1848
4257,4.1843
4258,4.184
4259,4.1835
4260,4.1832
4261,4.1827
4262,4.1824
4263,4.1821
4264,4.1816
4265,4.1813
4266,4.1808
4267,4.1805
4268,4.1802
4269,4.1797
4270,4.1794
4271,4.1791
4272,4.1788
4273,4.1784
4274,4.178
4275,4.1776
4276,4.1773
4277,4.177
4278,4.1767
4279,4.1764
4280,4.1761
4281,4.1757
4282,4.1754
4283,4.1751
4284,4.1748
4285,4.1745
4286,4.1742
4287,4.1738
4288,4.1735
4289,4.1734
4290,4.173
4291,4.1727
4292,4.1724
4293,4.1721
4294,4.1719
4295,4.1716
4296,4.1713
4297,4.1711
4298,4.1708
4299,4.1705
4300,4.1703
4301,4.17
4302,4.1697
4303,4.1696
4304,4.1692
4305,4.1691
4306,4.1688
4307,4.1686
4308,4.1683
4309,4.1681
4310,4.1678
4311,4.1676
4312,4.1673
4313,4.1672
4314,4.1669
4315,4.1667
4316,4.1665
4317,4.1662
4318,4.1661
4319,4.1657
4320,4.1656
4321,4.1654
4322,4.1651
4323,4.1649
4324,4.1648
4325,4.1645
4326,4.1643
4327,4.1642
4328,4.164
4329,4.1637
4330,4.1635
4331,4.1634
4332,4.1632
4333,4.163
4334,4.1629
4335,4.1626
4336,4.1624
4337,4.1622
4338,4.1621
4339,4.1619
4340,4.1618
4341,4.1615
4342,4.1613
4343,4.1611
4344,4.161
4345,4.1608
4346,4.1607
4347,4.1605
4348,4.1603
4349,4.1602
4350,4.16
4351,4.1599
4352,4.1597
4353,4.1595
4354,4.1594
4355,4.1592
4356,4.1591
4357,4.1589
4358,4.1588
4359,4.1586
4360,4.1584
4361,4.1583
4362,4.1581
4363,4.158
4364,4.158
4365,4.1578
4366,4.1576
4367,4.1575
4368,4.1573
4369,4.1572
4370,4.157
4371,4.1568
4372,4.1568
4373,4.1567
4374,4.1565
4375,4.1564
4376,4.1562
4377,4.1561
4378,4.1561
4379,4.1559
4380,4.1557
4381,4.1556
4382,4.1554
4383,4.1554
4384,4.1553
4385,4.1551
4386,4.1549
4387,4.1549
4388,4.1548
4389,4.1546
4390,4.1545
4391,4.1545
4392,4.1543
4393,4.1541
4394,4.1541
4395,4.154
4396,4.1538
4397,4.1538
4398,4.1537
4399,4.1535
4400,4.1534
4401,4.1534
4402,4.1532
4403,4.153
4404,4.153
4405,4.1529
4406,4.1527
4407,4.1527
4408,4.1526
4409,4.1524
4410,4.1524
4411,4.1522
4412,4.1522
4413,4.1521
4414,4.1519
4415,4.1519
4416,4.1518
4417,4.1516
4418,4.1516
4419,4.1514
4420,4.1514
4421,4.1513
4422,4.1513
4423,4.1511
4424,4.151
4425,4.151
4426,4.1508
4427,4.1508
4428,4.1507
4429,4.1505
4430,4.1505
4431,4.1503
4432,4.1503
4433,4.1502
4434,4.1502
4435,4.15
4436,4.15
4437,4.1499
4438,4.1499
4439,4.1497
4440,4.1495
4441,4.1495
4442,4.1494
4443,4.1494
4444,4.1492
4445,4.1492
4446,4.1491
4447,4.1491
4448,4.1489
4449,4.1489
4450,4.1487
4451,4.1487
4452,4.1486
4453,4.1486
4454,4.1484
4455,4.1484
4456,4.1483
4457,4.1483
4458,4.1481
4459,4.1481
4460,4.148
4461,4.148
4462,4.1478
4463,4.1478
4464,4.1476
4465,4.1476
4466,4.1475
4467,4.1475
4468,4.1473
4469,4.1473
4470,4.1472
4471,4.1472
4472,4.147
4473,4.147
4474,4.1468
4475,4.1468
4476,4.1468
4477,4.1467
4478,4.1467
4479,4.1465
4480,4.1465
4481,4.1464
4482,4.1464
4483,4.1462
4484,4.1462
4485,4.146
4486,4.146
4487,4.1459
4488,4.1459
4489,4.1459
4490,4.1457
4491,4.1457
4492,4.1456
4493,4.1456
4494,4.1454
4495,4.1454
4496,4.1453
4497,4.1453
4498,4.1451
4499,4.1451
4500,4.1451
4501,4.1449
4502,4.1449
4503,4.1449
4504,4.1448
4505,4.1446
4506,4.1446
4507,4.1445
4508,4.1445
4509,4.1445
4510,4.1443
4511,4.1443
4512,4.1441
4513,4.1441
4514,4.144
4515,4.144
4516,4.144
4517,4.1438
4518,4.1438
4519,4.1437
4520,4.1437
4521,4.1435
4522,4.1435
4523,4.1433
4524,4.1433
4525,4.1433
4526,4.1432
4527,4.1432
4528,4.143
4529,4.143
4530,4.1429
4531,4.1429
4532,4.1429
4533,4.1427
4534,4.1427
4535,4.1426
4536,4.1426
4537,4.1424
4538,4.1424
4539,4.1422
4540,4.1422
4541,4.1422
4542,4.1421
4543,4.1421
4544,4.1419
4545,4.1419
4546,4.1418
4547,4.1418
4548,4.1418
4549,4.1416
4550,4.1416
4551,4.1414
4552,4.1414
4553,4.1413
4554,4.1413
4555,4.1411
4556,4.1411
4557,4.1411
4558,4.141
4559,4.141
4560,4.1408
4561,4.1408
4562,4.1406
4563,4.1406
4564,4.1405
4565,4.1405
4566,4.1403
4567,4.1403
4568,4.1402
4569,4.1402
4570,4.1402
4571,4.14
4572,4.14
4573,4.1399
4574,4.1399
4575,4.1397
4576,4.1397
4577,4.1395
4578,4.1395
4579,4.1394
4580,4.1394
4581,4.1392
4582,4.1392
4583,4.1391
4584,4.1391
4585,4.1389
4586,4.1389
4587,4.1387
4588,4.1387
4589,4.1387
4590,4.1386
4591,4.1384
4592,4.1384
4593,4.1384
4594,4.1383
4595,4.1383
4596,4.1381
4597,4.1379
4598,4.1379
4599,4.1379
4600,4.1378
4601,4.1376
4602,4.1376
4603,4.1375
4604,4.1375
4605,4.1373
4606,4.1373
4607,4.1372
4608,4.1372
4609,4.137
4610,4.137
4611,4.1368
4612,4.1368
4613,4.1367
4614,4.1365
4615,4.1365
4616,4.1364
4617,4.1364
4618,4.1362
4619,4.1362
4620,4.136
4621,4.136
4622,4.1359
4623,4.1357
4624,4.1357
4625,4.1356
4626,4.1356
4627,4.1354
4628,4.1352
4629,4.1352
4630,4.1351
4631,4.1351
4632,4.1349
4633,4.1349
4634,4.1348
4635,4.1346
4636,4.1346
4637,4.1345
4638,4.1343
4639,4.1343
4640,4.1341
4641,4.134
4642,4.134
4643,4.1338
4644,4.1337
4645,4.1337
4646,4.1335
4647,4.1333
4648,4.1333
4649,4.1332
4650,4.133
4651,4.133
4652,4.1329
4653,4.1327
4654,4.1327
4655,4.1325
4656,4.1324
4657,4.1324
4658,4.1322
4659,4.1321
4660,4.1319
4661,4.1319
4662,4.1318
4663,4.1316
4664,4.1314
4665,4.1314
4666,4.1313
4667,4.1311
4668,4.131
4669,4.131
4670,4.1308
4671,4.1306
4672,4.1305
4673,4.1305
4674,4.1303
4675,4.1302
4676,4.13
4677,4.1298
4678,4.1297
4679,4.1297
4680,4.1295
4681,4.1294
4682,4.1292
4683,4.1291
4684,4.1289
4685,4.1289
4686,4.1287
4687,4.1286
4688,4.1284
4689,4.1283
4690,4.1281
4691,4.1279
4692,4.1278
4693,4.1276
4694,4.1275
4695,4.1275
4696,4.1273
4697,4.1271
4698,4.127
4699,4.1268
4700,4.1267
4701,4.1265
4702,4.1264
4703,4.1262
4704,4.126
4705,4.1259
4706,4.1257
4707,4.1256
4708,4.1254
4709,4.1252
4710,4.1251
4711,4.1249
4712,4.1248
4713,4.1246
4714,4.1244
4715,4.1243
4716,4.1241
4717,4.124
4718,4.1238
4719,4.1237
4720,4.1235
4721,4.1233
4722,4.1232
4723,4.1232
4724,4.1229
4725,4.1229
4726,4.1227
4727,4.1227
4728,4.1225
4729,4.1225
4730,4.1224
4731,4.1224
4732,4.1222
4733,4.1222
4734,4.1221
4735,4.1221
4736,4.1219
4737,4.1219
4738,4.1217
4739,4.1217
4740,4.1216
4741,4.1216
4742,4.1213
4743,4.1213
4744,4.1211
4745,4.1211
4746,4.121
4747,4.121
4748,4.1208
4749,4.1208
4750,4.1206
4751,4.1206
4752,4.1203
4753,4.1203
4754,4.1202
4755,4.1202
4756,4.12
4757,4.12
4758,4.1198
4759,4.1198
4760,4.1197
4761,4.1197
4762,4.1195
4763,4.1195
4764,4.1192
4765,4.119
4766,4.1189
4767,4.1187
4768,4.1184
4769,4.1183
4770,4.1181
4771,4.1179
4772,4.1176
4773,4.1175
4774,4.1173
4775,4.117
4776,4.1168
4777,4.1167
4778,4.1165
4779,4.1162
4780,4.116
4781,4.1159
4782,4.1156
4783,4.1154
4784,4.1152
4785,4.1149
4786,4.1148
4787,4.1146
4788,4.1143
4789,4.1141
4790,4.1138
4791,4.1136
4792,4.1135
4793,4.1132
4794,4.113
4795,4.1129
4796,4.1125
4797,4.1124
4798,4.1121
4799,4.1119
4800,4.1116
4801,4.1114
4802,4.1111
4803,4.1109
4804,4.1106
4805,4.1105
4806,4.1103
4807,4.11
4808,4.1098
4809,4.1095
4810,4.1094
4811,4.109
4812,4.1087
4813,4.1086
4814,4.1082
4815,4.1081
4816,4.1078
4817,4.1076
4818,4.1073
4819,4.1071
4820,4.1068
4821,4.1067
4822,4.1063
4823,4.106
4824,4.1059
4825,4.1055
4826,4.1054
4827,4.1051
4828,4.1048
4829,4.1046
4830,4.1043
4831,4.1041
4832,4.1038
4833,4.1035
4834,4.1033
4835,4.103
4836,4.1027
4837,4.1025
4838,4.1022
4839,4.1019
4840,4.1017
4841,4.1014
4842,4.1011
4843,4.1009
4844,4.1006
4845,4.1003
4846,4.1002
4847,4.0998
4848,4.0995
4849,4.0992
4850,4.099
4851,4.0987
4852,4.0984
4853,4.0982
4854,4.0979
4855,4.0976
4856,4.0973
4857,4.097
4858,4.0968
4859,4.0965
4860,4.0962
4861,4.0959
4862,4.0957
4863,4.0954
4864,4.0951
4865,4.0948
4866,4.0944
4867,4.0943
4868,4.094
4869,4.0936
4870,4.0933
4871,4.093
4872,4.0927
4873,4.0925
4874,4.0922
4875,4.0919
4876,4.0916
4877,4.0913
4878,4.0911
4879,4.0908
4880,4.0905
4881,4.0901
4882,4.0898
4883,4.0895
4884,4.0892
4885,4.0889
4886,4.0886
4887,4.0884
4888,4.0881
4889,4.0878
4890,4.0874
4891,4.0871
4892,4.0868
4893,4.0865
4894,4.0862
4895,4.0859
4896,4.0855
4897,4.0852
4898,4.0851
4899,4.0847
4900,4.0844
4901,4.0841
4902,4.0838
4903,4.0835
4904,4.0832
4905,4.0828
4906,4.0825
4907,4.0822
4908,4.0819
4909,4.0816
4910,4.0813
4911,4.0809
4912,4.0806
4913,4.0803
4914,4.08
4915,4.0797
4916,4.0795
4917,4.0792
4918,4.0789
4919,4.0786
4920,4.0782
4921,4.0779
4922,4.0776
4923,4.0773
4924,4.077
4925,4.0766
4926,4.0763
4927,4.076
4928,4.0757
4929,4.0754
4930,4.0751
4931,4.0747
4932,4.0744
4933,4.0741
4934,4.0738
4935,4.0735
4936,4.0732
4937,4.0728
4938,4.0725
4939,4.0722
4940,4.0719
4941,4.0716
4942,4.0712
4943,4.0709
4944,4.0706
4945,4.0703
4946,4.07
4947,4.0697
4948,4.0693
4949,4.069
4950,4.0687
4951,4.0684
4952,4.0681
4953,4.0678
4954,4.0674
4955,4.0671
4956,4.0668
4957,4.0665
4958,4.0662
4959,4.0658
4960,4.0655
4961,4.0652
4962,4.0649
4963,4.0646
4964,4.0643
4965,4.0639
4966,4.0636
4967,4.0633
4968,4.063
4969,4.0627
4970,4.0624
4971,4.062
4972,4.0617
4973,4.0614
4974,4.0611
4975,4.0608
4976,4.0604
4977,4.0601
4978,4.0598
4979,4.0595
4980,4.0592
4981,4.0589
4982,4.0585
4983,4.0582
4984,4.0579
4985,4.0576
4986,4.0573
4987,4.057
4988,4.0566
4989,4.0565
4990,4.056
4991,4.0558
4992,4.0555
4993,4.0552
4994,4.0549
4995,4.0546
4996,4.0543
4997,4.0539
4998,4.0536
4999,4.0533
5000,4.053
5001,4.0527
5002,4.0525
5003,4.0522
5004,4.0519
5005,4.0516
5006,4.0512
5007,4.0509
5008,4.0506
5009,4.0503
5010,4.05
5011,4.0498
5012,4.0495
5013,4.0492
5014,4.0489
5015,4.0485
5016,4.0482
5017,4.0479
5018,4.0477
5019,4.0474
5020,4.0471
5021,4.0468
5022,4.0465
5023,4.0462
5024,4.046
5025,4.0457
5026,4.0454
5027,4.045
5028,4.0447
5029,4.0446
5030,4.0442
5031,4.0439
5032,4.0436
5033,4.0435
5034,4.0431
5035,4.0428
5036,4.0425
5037,4.0422
5038,4.042
5039,4.0417
5040,4.0414
5041,4.0412
5042,4.0409
5043,4.0406
5044,4.0403
5045,4.0401
5046,4.0398
5047,4.0395
5048,4.0393
5049,4.039
5050,4.0387
5051,4.0385
5052,4.0382
5053,4.0379
5054,4.0377
5055,4.0374
5056,4.0371
5057,4.0369
5058,4.0366
5059,4.0363
5060,4.0361
5061,4.0358
5062,4.0357
5063,4.0354
5064,4.035
5065,4.0349
5066,4.0346
5067,4.0344
5068,4.0341
5069,4.0339
5070,4.0336
5071,4.0333
5072,4.0331
5073,4.0328
5074,4.0327
5075,4.0323
5076,4.0322
5077,4.0319
5078,4.0317
5079,4.0314
5080,4.0312
5081,4.0309
5082,4.0307
5083,4.0304
5084,4.0303
5085,4.03
5086,4.0298
5087,4.0295
5088,4.0293
5089,4.029
5090,4.0288
5091,4.0285
5092,4.0284
5093,4.0282
5094,4.0279
5095,4.0277
5096,4.0274
5097,4.0273
5098,4.0271
5099,4.0268
5100,4.0266
5101,4.0265
5102,4.0261
5103,4.026
5104,4.0257
5105,4.0255
5106,4.0253
5107,4.025
5108,4.0249
5109,4.0247
5110,4.0244
5111,4.0242
5112,4.0241
5113,4.0238
5114,4.0236
5115,4.0234
5116,4.0231
5117,4.023
5118,4.0228
5119,4.0226
5120,4.0223
5121,4.0222
5122,4.022
5123,4.0219
5124,4.0215
5125,4.0214
5126,4.0212
5127,4.0209
5128,4.0207
5129,4.0206
5130,4.0204
5131,4.0201
5132,4.02
5133,4.0198
5134,4.0196
5135,4.0195
5136,4.0193
5137,4.019
5138,4.0188
5139,4.0187
5140,4.0185
5141,4.0184
5142,4.018
5143,4.0179
5144,4.0177
5145,4.0176
5146,4.0174
5147,4.0173
5148,4.0169
5149,4.0168
5150,4.0166
5151,4.0165
5152,4.0163
5153,4.0161
5154,4.016
5155,4.0157
5156,4.0155
5157,4.0153
5158,4.0152
5159,4.015
5160,4.0149
5161,4.0147
5162,4.0146
5163,4.0144
5164,4.0141
5165,4.0139
5166,4.0138
5167,4.0136
5168,4.0134
5169,4.0133
5170,4.0131
5171,4.013
5172,4.0128
5173,4.0126
5174,4.0125
5175,4.0123
5176,4.0122
5177,4.012
5178,4.0119
5179,4.0117
5180,4.0114
5181,4.0112
5182,4.0111
5183,4.0109
5184,4.0107
5185,4.0106
5186,4.0104
5187,4.0103
5188,4.0101
5189,4.0099
5190,4.0098
5191,4.0096
5192,4.0095
5193,4.0093
5194,4.0092
5195,4.009
5196,4.0088
5197,4.0087
5198,4.0085
5199,4.0084
5200,4.0082
5201,4.008
5202,4.0079
5203,4.0077
5204,4.0076
5205,4.0074
5206,4.0072
5207,4.0071
5208,4.0069
5209,4.0068
5210,4.0066
5211,4.0065
5212,4.0063
5213,4.0061
5214,4.006
5215,4.0058
5216,4.0057
5217,4.0055
5218,4.0053
5219,4.0052
5220,4.005
5221,4.0049
5222,4.0047
5223,4.0045
5224,4.0044
5225,4.0042
5226,4.0041
5227,4.0039
5228,4.0038
5229,4.0036
5230,4.0034
5231,4.0033
5232,4.0031
5233,4.003
5234,4.0028
5235,4.0026
5236,4.0025
5237,4.0023
5238,4.0022
5239,4.002
5240,4.0018
5241,4.0017
5242,4.0015
5243,4.0014
5244,4.0012
5245,4.0011
5246,4.0009
5247,4.0007
5248,4.0006
5249,4.0004
5250,4.0003
5251,4.0001
5252,3.9999
5253,3.9998
5254,3.9996
5255,3.9995
5256,3.9993
5257,3.999
5258,3.999
5259,3.9988
5260,3.9987
5261,3.9984
5262,3.9982
5263,3.998
5264,3.9979
5265,3.9977
5266,3.9976
5267,3.9974
5268,3.9972
5269,3.9971
5270,3.9969
5271,3.9968
5272,3.9966
5273,3.9964
5274,3.9963
5275,3.9961
5276,3.996
5277,3.9958
5278,3.9955
5279,3.9953
5280,3.9952
5281,3.995
5282,3.9949
5283,3.9947
5284,3.9945
5285,3.9944
5286,3.9942
5287,3.9941
5288,3.9939
5289,3.9937
5290,3.9934
5291,3.9933
5292,3.9931
5293,3.993
5294,3.9928
5295,3.9926
5296,3.9925
5297,3.9923
5298,3.992
5299,3.9918
5300,3.9917
5301,3.9915
5302,3.9914
5303,3.9912
5304,3.991
5305,3.9907
5306,3.9906
5307,3.9904
5308,3.9903
5309,3.9901
5310,3.9899
5311,3.9896
5312,3.9895
5313,3.9893
5314,3.9891
5315,3.989
5316,3.9887
5317,3.9885
5318,3.9883
5319,3.9882
5320,3.988
5321,3.9877
5322,3.9876
5323,3.9874
5324,3.9872
5325,3.9869
5326,3.9868
5327,3.9866
5328,3.9864
5329,3.9863
5330,3.986
5331,3.9858
5332,3.9856
5333,3.9853
5334,3.9852
5335,3.985
5336,3.9849
5337,3.9845
5338,3.9844
5339,3.9842
5340,3.9839
5341,3.9837
5342,3.9836
5343,3.9834
5344,3.9831
5345,3.9829
5346,3.9828
5347,3.9825
5348,3.9823
5349,3.9822
5350,3.9818
5351,3.9817
5352,3.9815
5353,3.9812
5354,3.981
5355,3.9809
5356,3.9806
5357,3.9804
5358,3.9801
5359,3.9799
5360,3.9798
5361,3.9795
5362,3.9793
5363,3.9791
5364,3.9788
5365,3.9787
5366,3.9783
5367,3.9782
5368,3.9779
5369,3.9777
5370,3.9775
5371,3.9772
5372,3.9771
5373,3.9768
5374,3.9766
5375,3.9763
5376,3.9761
5377,3.9758
5378,3.9756
5379,3.9753
5380,3.9752
5381,3.9748
5382,3.9747
5383,3.9744
5384,3.9742
5385,3.9739
5386,3.9737
5387,3.9734
5388,3.9733
5389,3.9729
5390,3.9728
5391,3.9725
5392,3.9723
5393,3.972
5394,3.9718
5395,3.9715
5396,3.9714
5397,3.971
5398,3.9709
5399,3.9706
5400,3.9704
5401,3.9701
5402,3.9698
5403,3.9696
5404,3.9693
5405,3.9691
5406,3.9688
5407,3.9687
5408,3.9683
5409,3.968
5410,3.9679
5411,3.9675
5412,3.9672
5413,3.9671
5414,3.9667
5415,3.9666
5416,3.9663
5417,3.966
5418,3.9658
5419,3.9655
5420,3.9652
5421,3.965
5422,3.9647
5423,3.9644
5424,3.9642
5425,3.9639
5426,3.9636
5427,3.9634
5428,3.9631
5429,3.9628
5430,3.9626
5431,3.9623
5432,3.962
5433,3.9618
5434,3.9615
5435,3.9612
5436,3.961
5437,3.9607
5438,3.9604
5439,3.9602
5440,3.9599
5441,3.9596
5442,3.9593
5443,3.9591
5444,3.9588
5445,3.9585
5446,3.9583
5447,3.958
5448,3.9577
5449,3.9574
5450,3.9572
5451,3.9569
5452,3.9566
5453,3.9563
5454,3.9561
5455,3.9558
5456,3.9555
5457,3.9552
5458,3.955
5459,3.9547
5460,3.9544
5461,3.954
5462,3.9539
5463,3.9536
5464,3.9532
5465,3.9529
5466,3.9528
5467,3.9525
5468,3.9521
5469,3.9518
5470,3.9517
5471,3.9513
5472,3.951
5473,3.9507
5474,3.9504
5475,3.9502
5476,3.9499
5477,3.9496
5478,3.9493
5479,3.9491
5480,3.9488
5481,3.9485
5482,3.9482
5483,3.948
5484,3.9477
5485,3.9474
5486,3.9471
5487,3.9467
5488,3.9466
5489,3.9463
5490,3.9459
5491,3.9456
5492,3.9453
5493,3.9451
5494,3.9448
5495,3.9445
5496,3.9442
5497,3.944
5498,3.9437
5499,3.9434
5500,3.9431
5501,3.9428
5502,3.9426
5503,3.9423
5504,3.942
5505,3.9417
5506,3.9413
5507,3.9412
5508,3.9409
5509,3.9405
5510,3.9402
5511,3.9401
5512,3.9398
5513,3.9394
5514,3.9391
5515,3.9388
5516,3.9386
5517,3.9383
5518,3.938
5519,3.9377
5520,3.9375
5521,3.9372
5522,3.9369
5523,3.9366
5524,3.9363
5525,3.9361
5526,3.9358
5527,3.9355
5528,3.9351
5529,3.935
5530,3.9347
5531,3.9344
5532,3.934
5533,3.9337
5534,3.9336
5535,3.9332
5536,3.9329
5537,3.9326
5538,3.9324
5539,3.9321
5540,3.9318
5541,3.9315
5542,3.9313
5543,3.931
5544,3.9307
5545,3.9304
5546,3.9302
5547,3.9299
5548,3.9296
5549,3.9293
5550,3.9291
5551,3.9288
5552,3.9285
5553,3.9283
5554,3.928
5555,3.9277
5556,3.9274
5557,3.9272
5558,3.9269
5559,3.9266
5560,3.9264
5561,3.9261
5562,3.9258
5563,3.9256
5564,3.9253
5565,3.925
5566,3.9247
5567,3.9245
5568,3.9242
5569,3.9239
5570,3.9237
5571,3.9234
5572,3.9231
5573,3.9229
5574,3.9226
5575,3.9223
5576,3.9221
5577,3.9218
5578,3.9215
5579,3.9213
5580,3.921
5581,3.9207
5582,3.9205
5583,3.9202
5584,3.9199
5585,3.9197
5586,3.9194
5587,3.9191
5588,3.9189
5589,3.9186
5590,3.9183
5591,3.9182
5592,3.9178
5593,3.9175
5594,3.9174
5595,3.917
5596,3.9169
5597,3.9166
5598,3.9162
5599,3.9161
5600,3.9158
5601,3.9155
5602,3.9153
5603,3.915
5604,3.9148
5605,3.9145
5606,3.9142
5607,3.914
5608,3.9137
5609,3.9135
5610,3.9132
5611,3.9131
5612,3.9128
5613,3.9124
5614,3.9123
5615,3.912
5616,3.9118
5617,3.9115
5618,3.9112
5619,3.911
5620,3.9107
5621,3.9105
5622,3.9102
5623,3.9101
5624,3.9097
5625,3.9094
5626,3.9093
5627,3.9089
5628,3.9088
5629,3.9085
5630,3.9083
5631,3.908
5632,3.9078
5633,3.9075
5634,3.9074
5635,3.907
5636,3.9069
5637,3.9066
5638,3.9064
5639,3.9061
5640,3.9059
5641,3.9056
5642,3.9054
5643,3.9051
5644,3.9048
5645,3.9047
5646,3.9043
5647,3.9042
5648,3.9039
5649,3.9037
5650,3.9034
5651,3.9032
5652,3.9029
5653,3.9027
5654,3.9024
5655,3.9023
5656,3.902
5657,3.9018
5658,3.9015
5659,3.9013
5660,3.901
5661,3.9008
5662,3.9005
5663,3.9004
5664,3.9
5665,3.8999
5666,3.8996
5667,3.8994
5668,3.8991
5669,3.8989
5670,3.8988
5671,3.8985
5672,3.8981
5673,3.898
5674,3.8978
5675,3.8975
5676,3.8973
5677,3.897
5678,3.8969
5679,3.8966
5680,3.8964
5681,3.8961
5682,3.8959
5683,3.8956
5684,3.8954
5685,3.8951
5686,3.895
5687,3.8948
5688,3.8945
5689,3.8943
5690,3.894
5691,3.8939
5692,3.8935
5693,3.8934
5694,3.8931
5695,3.8929
5696,3.8926
5697,3.8924
5698,3.8923
5699,3.8919
5700,3.8918
5701,3.8915
5702,3.8913
5703,3.891
5704,3.8908
5705,3.8905
5706,3.8904
5707,3.89
5708,3.8899
5709,3.8897
5710,3.8894
5711,3.8892
5712,3.8889
5713,3.8888
5714,3.8885
5715,3.8883
5716,3.888
5717,3.8878
5718,3.8877
5719,3.8873
5720,3.8872
5721,3.8869
5722,3.8867
5723,3.8864
5724,3.8862
5725,3.8861
5726,3.8858
5727,3.8856
5728,3.8853
5729,3.8851
5730,3.8848
5731,3.8846
5732,3.8843
5733,3.8842
5734,3.8838
5735,3.8837
5736,3.8835
5737,3.8832
5738,3.8831
5739,3.8827
5740,3.8826
5741,3.8823
5742,3.8821
5743,3.8818
5744,3.8816
5745,3.8815
5746,3.8811
5747,3.881
5748,3.8807
5749,3.8805
5750,3.8802
5751,3.88
5752,3.8797
5753,3.8796
5754,3.8792
5755,3.8791
5756,3.8789
5757,3.8786
5758,3.8784
5759,3.8781
5760,3.878
5761,3.8777
5762,3.8775
5763,3.8772
5764,3.877
5765,3.8767
5766,3.8765
5767,3.8762
5768,3.8761
5769,3.8759
5770,3.8756
5771,3.8753
5772,3.8751
5773,3.875
5774,3.8746
5775,3.8745
5776,3.8742
5777,3.874
5778,3.8737
5779,3.8735
5780,3.8732
5781,3.873
5782,3.8727
5783,3.8726
5784,3.8723
5785,3.8721
5786,3.8718
5787,3.8716
5788,3.8713
5789,3.8711
5790,3.8708
5791,3.8707
5792,3.8703
5793,3.8702
5794,3.8699
5795,3.8697
5796,3.8694
5797,3.8692
5798,3.8689
5799,3.8688
5800,3.8684
5801,3.8683
5802,3.868
5803,3.8678
5804,3.8675
5805,3.8673
5806,3.867
5807,3.8669
5808,3.8665
5809,3.8664
5810,3.8661
5811,3.8659
5812,3.8656
5813,3.8654
5814,3.8651
5815,3.865
5816,3.8646
5817,3.8645
5818,3.8642
5819,3.864
5820,3.8637
5821,3.8634
5822,3.8632
5823,3.8629
5824,3.8627
5825,3.8624
5826,3.8622
5827,3.8619
5828,3.8618
5829,3.8615
5830,3.8613
5831,3.861
5832,3.8607
5833,3.8605
5834,3.8602
5835,3.86
5836,3.8597
5837,3.8596
5838,3.8592
5839,3.8591
5840,3.8588
5841,3.8586
5842,3.8583
5843,3.858
5844,3.8578
5845,3.8575
5846,3.8573
5847,3.857
5848,3.8569
5849,3.8565
5850,3.8564
5851,3.8561
5852,3.8557
5853,3.8556
5854,3.8553
5855,3.8551
5856,3.8548
5857,3.8546
5858,3.8543
5859,3.854
5860,3.8538
5861,3.8535
5862,3.8534
5863,3.853
5864,3.8527
5865,3.8526
5866,3.8522
5867,3.8521
5868,3.8518
5869,3.8516
5870,3.8513
5871,3.851
5872,3.8508
5873,3.8505
5874,3.8503
5875,3.85
5876,3.8499
5877,3.8495
5878,3.8492
5879,3.8491
5880,3.8488
5881,3.8486
5882,3.8483
5883,3.848
5884,3.8478
5885,3.8475
5886,3.8473
5887,3.847
5888,3.8468
5889,3.8465
5890,3.8462
5891,3.8461
5892,3.8457
5893,3.8456
5894,3.8453
5895,3.8449
5896,3.8448
5897,3.8445
5898,3.8443
5899,3.844
5900,3.8438
5901,3.8435
5902,3.8432
5903,3.843
5904,3.8427
5905,3.8426
5906,3.8422
5907,3.8421
5908,3.8418
5909,3.8416
5910,3.8413
5911,3.841
5912,3.8408
5913,3.8405
5914,3.8403
5915,3.84
5916,3.8397
5917,3.8395
5918,3.8392
5919,3.8391
5920,3.8387
5921,3.8386
5922,3.8383
5923,3.838
5924,3.8378
5925,3.8375
5926,3.8373
5927,3.837
5928,3.8368
5929,3.8365
5930,3.8364
5931,3.836
5932,3.8357
5933,3.8356
5934,3.8353
5935,3.8351
5936,3.8348
5937,3.8346
5938,3.8343
5939,3.834
5940,3.8338
5941,3.8335
5942,3.8333
5943,3.833
5944,3.8329
5945,3.8326
5946,3.8324
5947,3.8321
5948,3.8318
5949,3.8316
5950,3.8313
5951,3.8311
5952,3.8308
5953,3.8306
5954,3.8303
5955,3.8302
5956,3.8299
5957,3.8297
5958,3.8294
5959,3.8292
5960,3.8289
5961,3.8286
5962,3.8284
5963,3.8281
5964,3.8279
5965,3.8276
5966,3.8275
5967,3.8272
5968,3.827
5969,3.8267
5970,3.8265
5971,3.8262
5972,3.826
5973,3.8257
5974,3.8256
5975,3.8252
5976,3.8251
5977,3.8248
5978,3.8246
5979,3.8243
5980,3.8241
5981,3.8238
5982,3.8237
5983,3.8233
5984,3.8232
5985,3.8229
5986,3.8227
5987,3.8224
5988,3.8222
5989,3.8219
5990,3.8218
5991,3.8214
5992,3.8213
5993,3.821
5994,3.8208
5995,3.8205
5996,3.8203
5997,3.8202
5998,3.8198
5999,3.8197
6000,3.8194
6001,3.8192
6002,3.8189
6003,3.8187
6004,3.8184
6005,3.8183
6006,3.8179
6007,3.8178
6008,3.8175
6009,3.8173
6010,3.8171
6011,3.8168
6012,3.8167
6013,3.8164
6014,3.8162
6015,3.8159
6016,3.8157
6017,3.8154
6018,3.8152
6019,3.8151
6020,3.8148
6021,3.8146
6022,3.8143
6023,3.8141
6024,3.8138
6025,3.8137
6026,3.8133
6027,3.8132
6028,3.813
6029,3.8127
6030,3.8125
6031,3.8122
6032,3.8121
6033,3.8119
6034,3.8116
6035,3.8114
6036,3.8111
6037,3.811
6038,3.8108
6039,3.8105
6040,3.8103
6041,3.81
6042,3.8098
6043,3.8097
6044,3.8094
6045,3.8092
6046,3.809
6047,3.8087
6048,3.8086
6049,3.8083
6050,3.8081
6051,3.8078
6052,3.8076
6053,3.8075
6054,3.8071
6055,3.807
6056,3.8068
6057,3.8065
6058,3.8063
6059,3.8062
6060,3.8059
6061,3.8057
6062,3.8056
6063,3.8052
6064,3.8051
6065,3.8048
6066,3.8046
6067,3.8044
6068,3.8041
6069,3.804
6070,3.8038
6071,3.8035
6072,3.8033
6073,3.8032
6074,3.8029
6075,3.8027
6076,3.8025
6077,3.8022
6078,3.8021
6079,3.8017
6080,3.8016
6081,3.8014
6082,3.8013
6083,3.8009
6084,3.8008
6085,3.8006
6086,3.8003
6087,3.8002
6088,3.8
6089,3.7997
6090,3.7995
6091,3.7994
6092,3.799
6093,3.7989
6094,3.7987
6095,3.7984
6096,3.7982
6097,3.7981
6098,3.7978
6099,3.7976
6100,3.7975
6101,3.7973
6102,3.797
6103,3.7968
6104,3.7967
6105,3.7965
6106,3.7962
6107,3.796
6108,3.7959
6109,3.7955
6110,3.7954
6111,3.7952
6112,3.7951
6113,3.7948
6114,3.7946
6115,3.7944
6116,3.7941
6117,3.794
6118,3.7938
6119,3.7936
6120,3.7933
6121,3.7932
6122,3.793
6123,3.7928
6124,3.7925
6125,3.7924
6126,3.7922
6127,3.7919
6128,3.7917
6129,3.7916
6130,3.7914
6131,3.7911
6132,3.7909
6133,3.7908
6134,3.7906
6135,3.7903
6136,3.7901
6137,3.79
6138,3.7898
6139,3.7895
6140,3.7894
6141,3.7892
6142,3.789
6143,3.7887
6144,3.7886
6145,3.7884
6146,3.7882
6147,3.7881
6148,3.7878
6149,3.7876
6150,3.7874
6151,3.7873
6152,3.7871
6153,3.7868
6154,3.7867
6155,3.7865
6156,3.7863
6157,3.786
6158,3.7859
6159,3.7857
6160,3.7855
6161,3.7852
6162,3.7851
6163,3.7849
6164,3.7848
6165,3.7846
6166,3.7843
6167,3.7841
6168,3.784
6169,3.7838
6170,3.7835
6171,3.7833
6172,3.7832
6173,3.783
6174,3.7828
6175,3.7825
6176,3.7824
6177,3.7822
6178,3.7821
6179,3.7819
6180,3.7817
6181,3.7814
6182,3.7813
6183,3.7811
6184,3.7809
6185,3.7808
6186,3.7805
6187,3.7803
6188,3.7801
6189,3.78
6190,3.7798
6191,3.7795
6192,3.7794
6193,3.7792
6194,3.779
6195,3.7789
6196,3.7786
6197,3.7784
6198,3.7782
6199,3.7781
6200,3.7779
6201,3.7778
6202,3.7776
6203,3.7773
6204,3.7771
6205,3.777
6206,3.7768
6207,3.7767
6208,3.7763
6209,3.7762
6210,3.776
6211,3.7759
6212,3.7757
6213,3.7755
6214,3.7752
6215,3.7751
6216,3.7749
6217,3.7747
6218,3.7746
6219,3.7744
6220,3.7741
6221,3.774
6222,3.7738
6223,3.7736
6224,3.7735
6225,3.7733
6226,3.7732
6227,3.7728
6228,3.7727
6229,3.7725
6230,3.7724
6231,3.7722
6232,3.772
6233,3.7717
6234,3.7716
6235,3.7714
6236,3.7713
6237,3.7711
6238,3.7709
6239,3.7708
6240,3.7705
6241,3.7703
6242,3.7701
6243,3.77
6244,3.7698
6245,3.7697
6246,3.7695
6247,3.7692
6248,3.769
6249,3.7689
6250,3.7687
6251,3.7686
6252,3.7684
6253,3.7682
6254,3.7679
6255,3.7678
6256,3.7676
6257,3.7674
6258,3.7673
6259,3.7671
6260,3.767
6261,3.7668
6262,3.7666
6263,3.7663
6264,3.7662
6265,3.766
6266,3.7659
6267,3.7657
6268,3.7655
6269,3.7654
6270,3.7651
6271,3.7649
6272,3.7647
6273,3.7646
6274,3.7644
6275,3.7643
6276,3.7641
6277,3.7639
6278,3.7636
6279,3.7635
6280,3.7633
6281,3.7632
6282,3.763
6283,3.7628
6284,3.7627
6285,3.7625
6286,3.7624
6287,3.762
6288,3.7619
6289,3.7617
6290,3.7616
6291,3.7614
6292,3.7612
6293,3.7611
6294,3.7609
6295,3.7606
6296,3.7605
6297,3.7603
6298,3.7601
6299,3.76
6300,3.7598
6301,3.7597
6302,3.7595
6303,3.7593
6304,3.759
6305,3.7589
6306,3.7587
6307,3.7585
6308,3.7584
6309,3.7582
6310,3.7581
6311,3.7579
6312,3.7578
6313,3.7576
6314,3.7573
6315,3.7571
6316,3.757
6317,3.7568
6318,3.7566
6319,3.7565
6320,3.7563
6321,3.7562
6322,3.756
6323,3.7557
6324,3.7555
6325,3.7554
6326,3.7552
6327,3.7551
6328,3.7549
6329,3.7547
6330,3.7546
6331,3.7544
6332,3.7541
6333,3.7539
6334,3.7538
6335,3.7536
6336,3.7535
6337,3.7533
6338,3.7531
6339,3.753
6340,3.7528
6341,3.7525
6342,3.7524
6343,3.7522
6344,3.752
6345,3.7519
6346,3.7517
6347,3.7516
6348,3.7514
6349,3.7512
6350,3.7511
6351,3.7509
6352,3.7506
6353,3.7504
6354,3.7503
6355,3.7501
6356,3.75
6357,3.7498
6358,3.7497
6359,3.7495
6360,3.7493
6361,3.749
6362,3.7489
6363,3.7487
6364,3.7485
6365,3.7484
6366,3.7482
6367,3.7481
6368,3.7479
6369,3.7477
6370,3.7476
6371,3.7474
6372,3.7473
6373,3.747
6374,3.7468
6375,3.7466
6376,3.7465
6377,3.7463
6378,3.7462
6379,3.746
6380,3.7458
6381,3.7457
6382,3.7454
6383,3.7452
6384,3.745
6385,3.7449
6386,3.7447
6387,3.7446
6388,3.7444
6389,3.7443
6390,3.7441
6391,3.7439
6392,3.7438
6393,3.7436
6394,3.7433
6395,3.7431
6396,3.743
6397,3.7428
6398,3.7427
6399,3.7425
6400,3.7423
6401,3.7422
6402,3.742
6403,3.7419
6404,3.7417
6405,3.7414
6406,3.7412
6407,3.7411
6408,3.7409
6409,3.7408
6410,3.7406
6411,3.7404
6412,3.7403
6413,3.7401
6414,3.74
6415,3.7396
6416,3.7395
6417,3.7393
6418,3.7392
6419,3.739
6420,3.7389
6421,3.7387
6422,3.7385
6423,3.7384
6424,3.7382
6425,3.7381
6426,3.7377
6427,3.7376
6428,3.7374
6429,3.7373
6430,3.7371
6431,3.7369
6432,3.7368
6433,3.7366
6434,3.7365
6435,3.7363
6436,3.736
6437,3.7358
6438,3.7357
6439,3.7355
6440,3.7354
6441,3.7352
6442,3.735
6443,3.7349
6444,3.7347
6445,3.7346
6446,3.7342
6447,3.7341
6448,3.7339
6449,3.7338
6450,3.7336
6451,3.7335
6452,3.7333
6453,3.7331
6454,3.733
6455,3.7328
6456,3.7325
6457,3.7323
6458,3.7322
6459,3.732
6460,3.7319
6461,3.7317
6462,3.7315
6463,3.7314
6464,3.7312
6465,3.7311
6466,3.7308
6467,3.7306
6468,3.7304
6469,3.7303
6470,3.7301
6471,3.73
6472,3.7298
6473,3.7296
6474,3.7295
6475,3.7293
6476,3.729
6477,3.7288
6478,3.7287
6479,3.7285
6480,3.7284
6481,3.7282
6482,3.7281
6483,3.7279
6484,3.7277
6485,3.7276
6486,3.7274
6487,3.7271
6488,3.7269
6489,3.7268
6490,3.7266
6491,3.7265
6492,3.7263
6493,3.7261
6494,3.726
6495,3.7258
6496,3.7255
6497,3.7254
6498,3.7252
6499,3.725
6500,3.7249
6501,3.7247
6502,3.7246
6503,3.7244
6504,3.7242
6505,3.7239
6506,3.7238
6507,3.7236
6508,3.7234
6509,3.7233
6510,3.7231
6511,3.723
6512,3.7228
6513,3.7227
6514,3.7225
6515,3.7222
6516,3.722
6517,3.7219
6518,3.7217
6519,3.7215
6520,3.7214
6521,3.7212
6522,3.7211
6523,3.7209
6524,3.7206
6525,3.7204
6526,3.7203
6527,3.7201
6528,3.72
6529,3.7198
6530,3.7196
6531,3.7195
6532,3.7193
6533,3.7192
6534,3.7188
6535,3.7187
6536,3.7185
6537,3.7184
6538,3.7182
6539,3.718
6540,3.7179
6541,3.7177
6542,3.7174
6543,3.7173
6544,3.7171
6545,3.7169
6546,3.7168
6547,3.7166
6548,3.7165
6549,3.7163
6550,3.7161
6551,3.7158
6552,3.7157
6553,3.7155
6554,3.7153
6555,3.7152
6556,3.715
6557,3.7149
6558,3.7147
6559,3.7146
6560,3.7142
6561,3.7141
6562,3.7139
6563,3.7138
6564,3.7136
6565,3.7134
6566,3.7133
6567,3.7131
6568,3.713
6569,3.7126
6570,3.7125
6571,3.7123
6572,3.7122
6573,3.712
6574,3.7119
6575,3.7117
6576,3.7115
6577,3.7112
6578,3.7111
6579,3.7109
6580,3.7107
6581,3.7106
6582,3.7104
6583,3.7103
6584,3.71
6585,3.7098
6586,3.7096
6587,3.7095
6588,3.7093
6589,3.7092
6590,3.709
6591,3.7088
6592,3.7087
6593,3.7084
6594,3.7082
6595,3.708
6596,3.7079
6597,3.7077
6598,3.7076
6599,3.7074
6600,3.7071
6601,3.7069
6602,3.7068
6603,3.7066
6604,3.7065
6605,3.7063
6606,3.7061
6607,3.706
6608,3.7057
6609,3.7055
6610,3.7053
6611,3.7052
6612,3.705
6613,3.7049
6614,3.7047
6615,3.7044
6616,3.7042
6617,3.7041
6618,3.7039
6619,3.7038
6620,3.7036
6621,3.7034
6622,3.7033
6623,3.7031
6624,3.7028
6625,3.7026
6626,3.7025
6627,3.7023
6628,3.7022
6629,3.702
6630,3.7019
6631,3.7015
6632,3.7014
6633,3.7012
6634,3.7011
6635,3.7009
6636,3.7007
6637,3.7006
6638,3.7003
6639,3.7001
6640,3.6999
6641,3.6998
6642,3.6996
6643,3.6995
6644,3.6993
6645,3.699
6646,3.6988
6647,3.6987
6648,3.6985
6649,3.6984
6650,3.6982
6651,3.698
6652,3.6977
6653,3.6976
6654,3.6974
6655,3.6972
6656,3.6971
6657,3.6969
6658,3.6968
6659,3.6966
6660,3.6963
6661,3.6961
6662,3.696
6663,3.6958
6664,3.6957
6665,3.6955
6666,3.6952
6667,3.695
6668,3.6949
6669,3.6947
6670,3.6945
6671,3.6944
6672,3.6942
6673,3.6941
6674,3.6938
6675,3.6936
6676,3.6934
6677,3.6933
6678,3.6931
6679,3.693
6680,3.6928
6681,3.6925
6682,3.6923
6683,3.6922
6684,3.692
6685,3.6918
6686,3.6917
6687,3.6914
6688,3.6912
6689,3.6911
6690,3.6909
6691,3.6907
6692,3.6906
6693,3.6904
6694,3.6901
6695,3.6899
6696,3.6898
6697,3.6896
6698,3.6895
6699,3.6893
6700,3.6891
6701,3.6888
6702,3.6887
6703,3.6885
6704,3.6884
6705,3.6882
6706,3.688
6707,3.6879
6708,3.6876
6709,3.6874
6710,3.6872
6711,3.6871
6712,3.6869
6713,3.6868
6714,3.6866
6715,3.6863
6716,3.6861
6717,3.686
6718,3.6858
6719,3.6857
6720,3.6855
6721,3.6853
6722,3.685
6723,3.6849
6724,3.6847
6725,3.6845
6726,3.6844
6727,3.6842
6728,3.6839
6729,3.6837
6730,3.6836
6731,3.6834
6732,3.6833
6733,3.6831
6734,3.683
6735,3.6826
6736,3.6825
6737,3.6823
6738,3.6822
6739,3.682
6740,3.6818
6741,3.6817
6742,3.6814
6743,3.6812
6744,3.681
6745,3.6809
6746,3.6807
6747,3.6806
6748,3.6804
6749,3.6801
6750,3.6799
6751,3.6798
6752,3.6796
6753,3.6795
6754,3.6793
6755,3.6791
6756,3.6788
6757,3.6787
6758,3.6785
6759,3.6783
6760,3.6782
6761,3.678
6762,3.6779
6763,3.6776
6764,3.6774
6765,3.6772
6766,3.6771
6767,3.6769
6768,3.6768
6769,3.6766
6770,3.6763
6771,3.6761
6772,3.676
6773,3.6758
6774,3.6756
6775,3.6755
6776,3.6753
6777,3.675
6778,3.6749
6779,3.6747
6780,3.6745
6781,3.6744
6782,3.6742
6783,3.6741
6784,3.6737
6785,3.6736
6786,3.6734
6787,3.6733
6788,3.6731
6789,3.6729
6790,3.6728
6791,3.6725
6792,3.6723
6793,3.6722
6794,3.672
6795,3.6718
6796,3.6717
6797,3.6715
6798,3.6714
6799,3.671
6800,3.6709
6801,3.6707
6802,3.6706
6803,3.6704
6804,3.6702
6805,3.6701
6806,3.6698
6807,3.6696
6808,3.6695
6809,3.6693
6810,3.6691
6811,3.669
6812,3.6688
6813,3.6687
6814,3.6683
6815,3.6682
6816,3.668
6817,3.6679
6818,3.6677
6819,3.6675
6820,3.6674
6821,3.6672
6822,3.6669
6823,3.6668
6824,3.6666
6825,3.6664
6826,3.6663
6827,3.6661
6828,3.666
6829,3.6656
6830,3.6655
6831,3.6653
6832,3.6652
6833,3.665
6834,3.6648
6835,3.6647
6836,3.6645
6837,3.6644
6838,3.6641
6839,3.6639
6840,3.6637
6841,3.6636
6842,3.6634
6843,3.6633
6844,3.6631
6845,3.6629
6846,3.6628
6847,3.6625
6848,3.6623
6849,3.6621
6850,3.662
6851,3.6618
6852,3.6617
6853,3.6615
6854,3.6614
6855,3.6612
6856,3.6609
6857,3.6607
6858,3.6606
6859,3.6604
6860,3.6602
6861,3.6601
6862,3.6599
6863,3.6598
6864,3.6596
6865,3.6593
6866,3.6591
6867,3.659
6868,3.6588
6869,3.6587
6870,3.6585
6871,3.6583
6872,3.6582
6873,3.658
6874,3.6579
6875,3.6575
6876,3.6574
6877,3.6572
6878,3.6571
6879,3.6569
6880,3.6567
6881,3.6566
6882,3.6564
6883,3.6563
6884,3.6561
6885,3.656
6886,3.6556
6887,3.6555
6888,3.6553
6889,3.6552
6890,3.655
6891,3.6548
6892,3.6547
6893,3.6545
6894,3.6544
6895,3.6542
6896,3.654
6897,3.6537
6898,3.6536
6899,3.6534
6900,3.6533
6901,3.6531
6902,3.6529
6903,3.6528
6904,3.6526
6905,3.6525
6906,3.6523
6907,3.6521
6908,3.652
6909,3.6517
6910,3.6515
6911,3.6513
6912,3.6512
6913,3.651
6914,3.6509
6915,3.6507
6916,3.6506
6917,3.6504
6918,3.6502
6919,3.6501
6920,3.6499
6921,3.6498
6922,3.6494
6923,3.6493
6924,3.6491
6925,3.649
6926,3.6488
6927,3.6486
6928,3.6485
6929,3.6483
6930,3.6482
6931,3.648
6932,3.6479
6933,3.6475
6934,3.6474
6935,3.6472
6936,3.6471
6937,3.6469
6938,3.6467
6939,3.6466
6940,3.6464
6941,3.6463
6942,3.6461
6943,3.6459
6944,3.6456
6945,3.6455
6946,3.6453
6947,3.6452
6948,3.645
6949,3.6448
6950,3.6447
6951,3.6445
6952,3.6444
6953,3.6442
6954,3.644
6955,3.6439
6956,3.6436
6957,3.6434
6958,3.6432
6959,3.6431
6960,3.6429
6961,3.6428
6962,3.6426
6963,3.6425
6964,3.6423
6965,3.6421
6966,3.642
6967,3.6417
6968,3.6415
6969,3.6413
6970,3.6412
6971,3.641
6972,3.6409
6973,3.6407
6974,3.6405
6975,3.6404
6976,3.6401
6977,3.6399
6978,3.6398
6979,3.6396
6980,3.6394
6981,3.6393
6982,3.6391
6983,3.639
6984,3.6388
6985,3.6386
6986,3.6383
6987,3.6382
6988,3.638
6989,3.6378
6990,3.6377
6991,3.6375
6992,3.6374
6993,3.6372
6994,3.6369
6995,3.6367
6996,3.6366
6997,3.6364
6998,3.6363
6999,3.6361
7000,3.6359
7001,3.6358
7002,3.6355
7003,3.6353
7004,3.6352
7005,3.635
7006,3.6348
7007,3.6347
7008,3.6345
7009,3.6344
7010,3.634
7011,3.6339
7012,3.6337
7013,3.6336
7014,3.6334
7015,3.6331
7016,3.6329
7017,3.6328
7018,3.6326
7019,3.6324
7020,3.6323
7021,3.6321
7022,3.6318
7023,3.6317
7024,3.6315
7025,3.6313
7026,3.6312
7027,3.631
7028,3.6307
7029,3.6305
7030,3.6304
7031,3.6302
7032,3.6301
7033,3.6298
7034,3.6296
7035,3.6294
7036,3.6293
7037,3.6291
7038,3.6288
7039,3.6286
7040,3.6285
7041,3.6283
7042,3.6282
7043,3.6278
7044,3.6277
7045,3.6275
7046,3.6274
7047,3.6271
7048,3.6269
7049,3.6267
7050,3.6266
7051,3.6264
7052,3.6261
7053,3.6259
7054,3.6258
7055,3.6256
7056,3.6253
7057,3.6251
7058,3.625
7059,3.6248
7060,3.6245
7061,3.6244
7062,3.6242
7063,3.624
7064,3.6237
7065,3.6236
7066,3.6234
7067,3.6232
7068,3.6229
7069,3.6228
7070,3.6226
7071,3.6223
7072,3.6221
7073,3.622
7074,3.6218
7075,3.6215
7076,3.6213
7077,3.6212
7078,3.6209
7079,3.6207
7080,3.6205
7081,3.6202
7082,3.6201
7083,3.6199
7084,3.6196
7085,3.6194
7086,3.6193
7087,3.619
7088,3.6188
7089,3.6186
7090,3.6183
7091,3.6182
7092,3.6178
7093,3.6177
7094,3.6175
7095,3.6172
7096,3.617
7097,3.6169
7098,3.6166
7099,3.6164
7100,3.6161
7101,3.6159
7102,3.6158
7103,3.6155
7104,3.6153
7105,3.615
7106,3.6148
7107,3.6145
7108,3.6143
7109,3.6142
7110,3.6139
7111,3.6137
7112,3.6134
7113,3.6132
7114,3.6129
7115,3.6128
7116,3.6124
7117,3.6123
7118,3.612
7119,3.6118
7120,3.6115
7121,3.6113
7122,3.611
7123,3.6109
7124,3.6105
7125,3.6104
7126,3.6101
7127,3.6099
7128,3.6096
7129,3.6094
7130,3.6091
7131,3.6088
7132,3.6086
7133,3.6083
7134,3.6082
7135,3.6078
7136,3.6075
7137,3.6074
7138,3.607
7139,3.6067
7140,3.6066
7141,3.6062
7142,3.6061
7143,3.6058
7144,3.6055
7145,3.6053
7146,3.605
7147,3.6047
7148,3.6045
7149,3.6042
7150,3.6039
7151,3.6037
7152,3.6034
7153,3.6031
7154,3.6028
7155,3.6026
7156,3.6023
7157,3.602
7158,3.6016
7159,3.6015
7160,3.6012
7161,3.6008
7162,3.6005
7163,3.6002
7164,3.6001
7165,3.5997
7166,3.5994
7167,3.5991
7168,3.5988
7169,3.5985
7170,3.5981
7171,3.598
7172,3.5977
7173,3.5974
7174,3.597
7175,3.5967
7176,3.5964
7177,3.5961
7178,3.5958
7179,3.5954
7180,3.5951
7181,3.5948
7182,3.5945
7183,3.5942
7184,3.5939
7185,3.5935
7186,3.5932
7187,3.5929
7188,3.5926
7189,3.5923
7190,3.592
7191,3.5916
7192,3.5913
7193,3.591
7194,3.5907
7195,3.5904
7196,3.5899
7197,3.5896
7198,3.5893
7199,3.5889
7200,3.5886
7201,3.5883
7202,3.5878
7203,3.5875
7204,3.5872
7205,3.5869
7206,3.5864
7207,3.5861
7208,3.5858
7209,3.5854
7210,3.585
7211,3.5846
7212,3.5843
7213,3.5839
7214,3.5835
7215,3.5832
7216,3.5827
7217,3.5824
7218,3.5821
7219,3.5816
7220,3.5813
7221,3.5808
7222,3.5805
7223,3.5802
7224,3.5797
7225,3.5794
7226,3.5789
7227,3.5785
7228,3.5781
7229,3.5777
7230,3.5773
7231,3.5769
7232,3.5765
7233,3.5761
7234,3.5758
7235,3.5753
7236,3.5748
7237,3.5745
7238,3.574
7239,3.5735
7240,3.5732
7241,3.5727
7242,3.5723
7243,3.5719
7244,3.5715
7245,3.571
7246,3.5705
7247,3.5702
7248,3.5697
7249,3.5692
7250,3.5688
7251,3.5683
7252,3.5678
7253,3.5675
7254,3.567
7255,3.5665
7256,3.5661
7257,3.5656
7258,3.5651
7259,3.5646
7260,3.5642
7261,3.5637
7262,3.5632
7263,3.5627
7264,3.5623
7265,3.5618
7266,3.5613
7267,3.5608
7268,3.5603
7269,3.5599
7270,3.5594
7271,3.5589
7272,3.5584
7273,3.558
7274,3.5575
7275,3.557
7276,3.5564
7277,3.5559
7278,3.5554
7279,3.5549
7280,3.5545
7281,3.5538
7282,3.5534
7283,3.5529
7284,3.5524
7285,3.5519
7286,3.5513
7287,3.5508
7288,3.5503
7289,3.5497
7290,3.5492
7291,3.5488
7292,3.5483
7293,3.5476
7294,3.5472
7295,3.5467
7296,3.5461
7297,3.5456
7298,3.5449
7299,3.5445
7300,3.544
7301,3.5434
7302,3.5429
7303,3.5422
7304,3.5418
7305,3.5413
7306,3.5407
7307,3.5402
7308,3.5395
7309,3.5391
7310,3.5386
7311,3.538
7312,3.5375
7313,3.5368
7314,3.5364
7315,3.5357
7316,3.5353
7317,3.5346
7318,3.5341
7319,3.5335
7320,3.533
7321,3.5324
7322,3.5319
7323,3.5313
7324,3.5308
7325,3.5302
7326,3.5297
7327,3.5291
7328,3.5286
7329,3.528
7330,3.5275
7331,3.5268
7332,3.5264
7333,3.5257
7334,3.5253
7335,3.5246
7336,3.524
7337,3.5235
7338,3.5229
7339,3.5224
7340,3.5218
7341,3.5211
7342,3.5206
7343,3.52
7344,3.5195
7345,3.5189
7346,3.5183
7347,3.5178
7348,3.5172
7349,3.5165
7350,3.516
7351,3.5154
7352,3.5148
7353,3.5141
7354,3.5137
7355,3.513
7356,3.5124
7357,3.5118
7358,3.5111
7359,3.5106
7360,3.51
7361,3.5094
7362,3.5087
7363,3.5081
7364,3.5075
7365,3.5068
7366,3.5064
7367,3.5057
7368,3.5051
7369,3.5044
7370,3.5037
7371,3.503
7372,3.5024
7373,3.5017
7374,3.5011
7375,3.5005
7376,3.4998
7377,3.499
7378,3.4984
7379,3.4978
7380,3.497
7381,3.4963
7382,3.4957
7383,3.4949
7384,3.4943
7385,3.4935
7386,3.4929
7387,3.4921
7388,3.4913
7389,3.4906
7390,3.4898
7391,3.489
7392,3.4884
7393,3.4876
7394,3.4868
7395,3.486
7396,3.4852
7397,3.4844
7398,3.4836
7399,3.4828
7400,3.4821
7401,3.4811
7402,3.4803
7403,3.4795
7404,3.4786
7405,3.4778
7406,3.477
7407,3.476
7408,3.4752
7409,3.4743
7410,3.4733
7411,3.4724
7412,3.4716
7413,3.4706
7414,3.4697
7415,3.4687
7416,3.4678
7417,3.4668
7418,3.4657
7419,3.4647
7420,3.4638
7421,3.4627
7422,3.4617
7423,3.4606
7424,3.4597
7425,3.4586
7426,3.4574
7427,3.4563
7428,3.4554
7429,3.4543
7430,3.4532
7431,3.4519
7432,3.4508
7433,3.4497
7434,3.4484
7435,3.4473
7436,3.446
7437,3.4449
7438,3.4436
7439,3.4424
7440,3.4411
7441,3.44
7442,3.4385
7443,3.4373
7444,3.436
7445,3.4347
7446,3.4333
7447,3.432
7448,3.4308
7449,3.4293
7450,3.4279
7451,3.4265
7452,3.425
7453,3.4236
7454,3.4222
7455,3.4208
7456,3.4193
7457,3.4177
7458,3.4163
7459,3.4147
7460,3.4133
7461,3.4117
7462,3.4101
7463,3.4085
7464,3.4069
7465,3.4053
7466,3.4038
7467,3.402
7468,3.4004
7469,3.3987
7470,3.3971
7471,3.3953
7472,3.3936
7473,3.3919
7474,3.3901
7475,3.3884
7476,3.3866
7477,3.3847
7478,3.383
7479,3.3811
7480,3.3791
7481,3.3774
7482,3.3755
7483,3.3736
7484,3.3715
7485,3.3696
7486,3.3677
7487,3.3656
7488,3.3637
7489,3.3617
7490,3.3596
7491,3.3575
7492,3.3555
7493,3.3534
7494,3.3514
7495,3.3491
7496,3.3471
7497,3.3448
7498,3.3426
7499,3.3404
7500,3.3382
7501,3.3359
7502,3.3337
7503,3.3313
7504,3.3291
7505,3.3267
7506,3.3243
7507,3.322
7508,3.3196
7509,3.317
7510,3.3147
7511,3.3121
7512,3.3097
7513,3.3072
7514,3.3047
7515,3.3021
7516,3.2994
7517,3.2969
7518,3.2942
7519,3.2915
7520,3.2888
7521,3.2861
7522,3.2832
7523,3.2805
7524,3.2777
7525,3.275
7526,3.2721
7527,3.2691
7528,3.2662
7529,3.2632
7530,3.2603
7531,3.2573
7532,3.2543
7533,3.2511
7534,3.2481
7535,3.2449
7536,3.2418
7537,3.2386
7538,3.2354
7539,3.2321
7540,3.2289
7541,3.2256
7542,3.2221
7543,3.2187
7544,3.2152
7545,3.2118
7546,3.2083
7547,3.2048
7548,3.2013
7549,3.1976
7550,3.194
7551,3.1902
7552,3.1865
7553,3.1827
7554,3.1789
7555,3.1751
7556,3.1711
7557,3.1671
7558,3.1632
7559,3.1592
7560,3.1551
7561,3.1509
7562,3.1468
7563,3.1427
7564,3.1384
7565,3.1341
7566,3.1298
7567,3.1254
7568,3.1209
7569,3.1163
7570,3.1119
7571,3.1073
7572,3.1027
7573,3.0979
7574,3.0931
7575,3.0884
7576,3.0834
7577,3.0785
7578,3.0736
7579,3.0685
7580,3.0634
7581,3.0582
7582,3.0531
7583,3.0477
7584,3.0425
7585,3.0371
7586,3.0315
7587,3.026
7588,3.0204
7589,3.0147
7590,3.009
7591,3.0033
7592,2.9974
7593,2.9913
7594,2.9853
7595,2.9793
7596,2.9731
7597,2.9667
7598,2.9605
7599,2.954
7600,2.9475
7601,2.941
7602,2.9343
7603,2.9275
7604,2.9207
7605,2.9137
7606,2.9067
7607,2.8996
7608,2.8924
7609,2.8849
7610,2.8775
7611,2.87
7612,2.8624
7613,2.8546
7614,2.8467
7615,2.8387
7616,2.8306
7617,2.8225
7618,2.8141
7619,2.8057
7620,2.7971
7621,2.7886
7622,2.7797
7623,2.7708
7624,2.7617
7625,2.7525
7626,2.7433
7627,2.7338
7628,2.7242
7629,2.7146
7630,2.7049
7631,2.6949
7632,2.6849
7633,2.6747
7634,2.6644
7635,2.6541
7636,2.6434
7637,2.6328
7638,2.622
7639,2.6112
7640,2.6002
7641,2.5891
7642,2.5778
7643,2.5664
7644,2.555
7645,2.5434
7646,2.5316
7647,2.5199
7648,2.508
7649,2.5
7650,2.5199
7651,2.6237
7652,2.7247
7653,2.8251
7654,2.8891
7655,2.9902
7656,3.0699
7657,3.17
7658,3.18
7659,3.2576
7660,3.3162
7661,3.3601
7662,3.3926
7663,3.4158
7664,3.432
7665,3.4433
7666,3.4512
7667,3.457
7668,3.4614
7669,3.4651
7670,3.4679
7671,3.4705
7672,3.4725
7673,3.4744
7674,3.476
7675,3.4774
7676,3.4789
7677,3.48
7678,3.4811
7679,3.4822
7680,3.4832
7681,3.484
7682,3.4849
7683,3.4855
7684,3.4863
7685,3.4871
7686,3.4878
7687,3.4884
7688,3.4889
7689,3.4895
7690,3.49
7691,3.4906
7692,3.4911
7693,3.4916
7694,3.4921
7695,3.4925
7696,3.4929
7697,3.4933
7698,3.4938
7699,3.4941
7700,3.4944
7701,3.4949
7702,3.4952
7703,3.4956
7704,3.4959
7705,3.4962
7706,3.4965
7707,3.4968
7708,3.4971
7709,3.4975
7710,3.4978
7711,3.4981
7712,3.4983
7713,3.4986
7714,3.4989
7715,3.499
7716,3.4994
7717,3.4995
7718,3.4998
7719,3.5
7720,3.5003
7721,3.5005
7722,3.5008
7723,3.501
7724,3.5011
7725,3.5014
7726,3.5016
7727,3.5017
7728,3.5021
7729,3.5022
7730,3.5024
7731,3.5025
7732,3.5027
7733,3.5029
7734,3.5032
7735,3.5032
7736,3.5035
7737,3.5037
7738,3.5038
7739,3.504
7740,3.5041
7741,3.5043
7742,3.5044
7743,3.5046
7744,3.5048
7745,3.5049
7746,3.5051
7747,3.5052
7748,3.5054
7749,3.5056
7750,3.5056
7751,3.5057
7752,3.5059
7753,3.506
7754,3.5062
7755,3.5064
7756,3.5065
7757,3.5065
7758,3.5067
7759,3.5068
7760,3.507
7761,3.5071
7762,3.5071
7763,3.5073
7764,3.5075
7765,3.5076
7766,3.5076
7767,3.5078
7768,3.5079
7769,3.5079
7770,3.5081
7771,3.5083
7772,3.5084
7773,3.5084
7774,3.5086
7775,3.5086
7776,3.5087
7777,3.5089
7778,3.5091
7779,3.5091
7780,3.5092
7781,3.5092
7782,3.5094
7783,3.5095
7784,3.5095
7785,3.5097
7786,3.5097
7787,3.5098
7788,3.51
7789,3.51
7790,3.5102
7791,3.5102
7792,3.5103
7793,3.5105
7794,3.5105
7795,3.5105
7796,3.5106
7797,3.5108
7798,3.5108
7799,3.511
7800,3.511
7801,3.5111
7802,3.5111
7803,3.5113
7804,3.5113
7805,3.5114
7806,3.5114
7807,3.5116
7808,3.5116
7809,3.5118
7810,3.5118
7811,3.5119
7812,3.5119
7813,3.5121
7814,3.5121
7815,3.5122
7816,3.5122
7817,3.5124
7818,3.5124
7819,3.5124
7820,3.5125
7821,3.5125
7822,3.5127
7823,3.5127
7824,3.5129
7825,3.5129
7826,3.513
7827,3.513
7828,3.513
7829,3.5132
7830,3.5132
7831,3.5132
7832,3.5133
7833,3.5133
7834,3.5135
7835,3.5135
7836,3.5285
7837,3.5608
7838,3.5644
7839,3.5665
7840,3.5681
7841,3.5694
7842,3.5703
7843,3.5713
7844,3.5721
7845,3.5729
7846,3.5736
7847,3.5741
7848,3.5748
7849,3.5754
7850,3.5759
7851,3.5763
7852,3.577
7853,3.5775
7854,3.5778
7855,3.5783
7856,3.5787
7857,3.5792
7858,3.5795
7859,3.58
7860,3.5803
7861,3.5808
7862,3.5811
7863,3.5814
7864,3.5819
7865,3.5822
7866,3.5825
7867,3.5829
7868,3.5833
7869,3.5837
7870,3.584
7871,3.5843
7872,3.5846
7873,3.5849
7874,3.5852
7875,3.5856
7876,3.5859
7877,3.5862
7878,3.5865
7879,3.5868
7880,3.587
7881,3.5873
7882,3.5876
7883,3.5879
7884,3.5883
7885,3.5884
7886,3.5887
7887,3.5891
7888,3.5894
7889,3.5895
7890,3.5898
7891,3.5902
7892,3.5903
7893,3.5906
7894,3.591
7895,3.5911
7896,3.5914
7897,3.5916
7898,3.5919
7899,3.5921
7900,3.5924
7901,3.5927
7902,3.5929
7903,3.5932
7904,3.5933
7905,3.5935
7906,3.5938
7907,3.594
7908,3.5943
7909,3.5945
7910,3.5948
7911,3.5949
7912,3.5952
7913,3.5954
7914,3.5956
7915,3.5959
7916,3.596
7917,3.5964
7918,3.5965
7919,3.5967
7920,3.597
7921,3.5972
7922,3.5973
7923,3.5976
7924,3.5978
7925,3.5979
7926,3.5981
7927,3.5984
7928,3.5986
7929,3.5987
7930,3.5989
7931,3.5992
7932,3.5994
7933,3.5995
7934,3.5997
7935,3.6
7936,3.6002
7937,3.6003
7938,3.6005
7939,3.6006
7940,3.601
7941,3.6011
7942,3.6013
7943,3.6014
7944,3.6016
7945,3.6018
7946,3.6019
7947,3.6021
7948,3.6024
7949,3.6026
7950,3.6027
7951,3.6029
7952,3.603
7953,3.6032
7954,3.6033
7955,3.6035
7956,3.6037
7957,3.604
7958,3.6041
7959,3.6043
7960,3.6045
7961,3.6046
7962,3.6048
7963,3.6049
7964,3.6051
7965,3.6053
7966,3.6054
7967,3.6056
7968,3.6057
7969,3.6059
7970,3.606
7971,3.6062
7972,3.6064
7973,3.6065
7974,3.6067
7975,3.6068
7976,3.607
7977,3.6072
7978,3.6073
7979,3.6075
7980,3.6076
7981,3.6078
7982,3.608
7983,3.6081
7984,3.6083
7985,3.6084
7986,3.6086
7987,3.6087
7988,3.6089
7989,3.6091
7990,3.6092
7991,3.6094
7992,3.6095
7993,3.6097
7994,3.6099
7995,3.61
7996,3.61
7997,3.6102
7998,3.6103
7999,3.6105
8000,3.6107
8001,3.6108
8002,3.611
8003,3.6111
8004,3.6113
8005,3.6114
8006,3.6116
8007,3.6118
8008,3.6119
8009,3.6121
8010,3.6122
8011,3.6122
8012,3.6124
8013,3.6126
8014,3.6127
8015,3.6129
8016,3.613
8017,3.6132
8018,3.6134
8019,3.6135
8020,3.6135
8021,3.6137
8022,3.6138
8023,3.614
8024,3.6141
8025,3.6143
8026,3.6145
8027,3.6146
8028,3.6146
8029,3.6148
8030,3.6149
8031,3.6151
8032,3.6153
8033,3.6154
8034,3.6156
8035,3.6157
8036,3.6159
8037,3.6159
8038,3.616
8039,3.6162
8040,3.6164
8041,3.6165
8042,3.6167
8043,3.6168
8044,3.6168
8045,3.617
8046,3.6172
8047,3.6173
8048,3.6175
8049,3.6176
8050,3.6178
8051,3.6178
8052,3.618
8053,3.6181
8054,3.6183
8055,3.6184
8056,3.6186
8057,3.6186
8058,3.6188
8059,3.6189
8060,3.6191
8061,3.6192
8062,3.6194
8063,3.6195
8064,3.6195
8065,3.6197
8066,3.6199
8067,3.62
8068,3.6202
8069,3.6203
8070,3.6203
8071,3.6205
8072,3.6207
8073,3.6208
8074,3.621
8075,3.6211
8076,3.6213
8077,3.6213
8078,3.6215
8079,3.6216
8080,3.6218
8081,3.6219
8082,3.6221
8083,3.6221
8084,3.6222
8085,3.6224
8086,3.6226
8087,3.6227
8088,3.6227
8089,3.6229
8090,3.623
8091,3.6232
8092,3.6234
8093,3.6235
8094,3.6235
8095,3.6237
8096,3.6238
8097,3.624
8098,3.6241
8099,3.6243
8100,3.6243
8101,3.6245
8102,3.6246
8103,3.6248
8104,3.6249
8105,3.6251
8106,3.6251
8107,3.6253
8108,3.6254
8109,3.6256
8110,3.6257
8111,3.6257
8112,3.6259
8113,3.6261
8114,3.6262
8115,3.6264
8116,3.6265
8117,3.6265
8118,3.6267
8119,3.6268
8120,3.627
8121,3.6272
8122,3.6272
8123,3.6273
8124,3.6275
8125,3.6276
8126,3.6278
8127,3.628
8128,3.6281
8129,3.6281
8130,3.6283
8131,3.6284
8132,3.6286
8133,3.6286
8134,3.6288
8135,3.6289
8136,3.6291
8137,3.6292
8138,3.6294
8139,3.6294
8140,3.6295
8141,3.6297
8142,3.6299
8143,3.63
8144,3.63
8145,3.6302
8146,3.6303
8147,3.6305
8148,3.6307
8149,3.6307
8150,3.6308
8151,3.631
8152,3.6311
8153,3.6313
8154,3.6315
8155,3.6315
8156,3.6316
8157,3.6318
8158,3.6319
8159,3.6321
8160,3.6321
8161,3.6323
8162,3.6324
8163,3.6326
8164,3.6327
8165,3.6327
8166,3.6329
8167,3.633
8168,3.6332
8169,3.6334
8170,3.6335
8171,3.6335
8172,3.6337
8173,3.6338
8174,3.634
8175,3.6342
8176,3.6342
8177,3.6343
8178,3.6345
8179,3.6346
8180,3.6348
8181,3.6348
8182,3.6349
8183,3.6351
8184,3.6353
8185,3.6354
8186,3.6354
8187,3.6356
8188,3.6357
8189,3.6359
8190,3.6361
8191,3.6361
8192,3.6362
8193,3.6364
8194,3.6365
8195,3.6367
8196,3.6367
8197,3.6369
8198,3.637
8199,3.6372
8200,3.6373
8201,3.6373
8202,3.6375
8203,3.6376
8204,3.6378
8205,3.6378
8206,3.638
8207,3.6381
8208,3.6383
8209,3.6384
8210,3.6384
8211,3.6386
8212,3.6388
8213,3.6389
8214,3.6391
8215,3.6392
8216,3.6392
8217,3.6394
8218,3.6396
8219,3.6397
8220,3.6397
8221,3.6399
8222,3.64
8223,3.6402
8224,3.6402
8225,3.6403
8226,3.6405
8227,3.6407
8228,3.6408
8229,3.6408
8230,3.641
8231,3.6411
8232,3.6413
8233,3.6413
8234,3.6415
8235,3.6416
8236,3.6418
8237,3.6419
8238,3.6419
8239,3.6421
8240,3.6423
8241,3.6424
8242,3.6426
8243,3.6426
8244,3.6427
8245,3.6429
8246,3.643
8247,3.643
8248,3.6432
8249,3.6434
8250,3.6435
8251,3.6437
8252,3.6437
8253,3.6438
8254,3.644
8255,3.6442
8256,3.6442
8257,3.6443
8258,3.6445
8259,3.6446
8260,3.6446
8261,3.6448
8262,3.645
8263,3.6451
8264,3.6453
8265,3.6453
8266,3.6454
8267,3.6456
8268,3.6457
8269,3.6457
8270,3.6459
8271,3.6461
8272,3.6462
8273,3.6462
8274,3.6464
8275,3.6465
8276,3.6467
8277,3.6469
8278,3.6469
8279,3.647
8280,3.6472
8281,3.6473
8282,3.6473
8283,3.6475
8284,3.6477
8285,3.6478
8286,3.6478
8287,3.648
8288,3.6481
8289,3.6483
8290,3.6484
8291,3.6484
8292,3.6486
8293,3.6488
8294,3.6489
8295,3.6489
8296,3.6491
8297,3.6492
8298,3.6494
8299,3.6494
8300,3.6496
8301,3.6497
8302,3.6499
8303,3.6499
8304,3.65
8305,3.6502
8306,3.6504
8307,3.6505
8308,3.6505
8309,3.6507
8310,3.6508
8311,3.651
8312,3.651
8313,3.6511
8314,3.6513
8315,3.6515
8316,3.6515
8317,3.6516
8318,3.6518
8319,3.6519
8320,3.6519
8321,3.6521
8322,3.6523
8323,3.6524
8324,3.6524
8325,3.6526
8326,3.6527
8327,3.6529
8328,3.6531
8329,3.6531
8330,3.6532
8331,3.6534
8332,3.6534
8333,3.6535
8334,3.6537
8335,3.6538
8336,3.6538
8337,3.654
8338,3.6542
8339,3.6543
8340,3.6543
8341,3.6545
8342,3.6546
8343,3.6548
8344,3.6548
8345,3.655
8346,3.6551
8347,3.6553
8348,3.6553
8349,3.6554
8350,3.6556
8351,3.6558
8352,3.6558
8353,3.6559
8354,3.6561
8355,3.6562
8356,3.6562
8357,3.6564
8358,3.6565
8359,3.6567
8360,3.6567
8361,3.6569
8362,3.657
8363,3.6572
8364,3.6572
8365,3.6573
8366,3.6575
8367,3.6577
8368,3.6577
8369,3.6578
8370,3.658
8371,3.6581
8372,3.6581
8373,3.6583
8374,3.6585
8375,3.6586
8376,3.6586
8377,3.6588
8378,3.6589
8379,3.6591
8380,3.6591
8381,3.6592
8382,3.6594
8383,3.6594
8384,3.6596
8385,3.6597
8386,3.6599
8387,3.6599
8388,3.66
8389,3.6602
8390,3.6604
8391,3.6604
8392,3.6605
8393,3.6607
8394,3.6608
8395,3.6608
8396,3.661
8397,3.6612
8398,3.6613
8399,3.6613
8400,3.6615
8401,3.6616
8402,3.6616
8403,3.6618
8404,3.6619
8405,3.6621
8406,3.6623
8407,3.6623
8408,3.6624
8409,3.6626
8410,3.6626
8411,3.6627
8412,3.6629
8413,3.6631
8414,3.6631
8415,3.6632
8416,3.6634
8417,3.6634
8418,3.6635
8419,3.6637
8420,3.6639
8421,3.6639
8422,3.664
8423,3.6642
8424,3.6643
8425,3.6643
8426,3.6645
8427,3.6646
8428,3.6648
8429,3.6648
8430,3.665
8431,3.6651
8432,3.6651
8433,3.6653
8434,3.6654
8435,3.6656
8436,3.6656
8437,3.6658
8438,3.6659
8439,3.6661
8440,3.6661
8441,3.6662
8442,3.6664
8443,3.6664
8444,3.6666
8445,3.6667
8446,3.6669
8447,3.6669
8448,3.667
8449,3.6672
8450,3.6672
8451,3.6673
8452,3.6675
8453,3.6677
8454,3.6677
8455,3.6678
8456,3.668
8457,3.6681
8458,3.6681
8459,3.6683
8460,3.6685
8461,3.6686
8462,3.6686
8463,3.6688
8464,3.6689
8465,3.6689
8466,3.6691
8467,3.6693
8468,3.6693
8469,3.6694
8470,3.6696
8471,3.6697
8472,3.6697
8473,3.6699
8474,3.67
8475,3.6702
8476,3.6702
8477,3.6704
8478,3.6705
8479,3.6707
8480,3.6707
8481,3.6708
8482,3.671
8483,3.671
8484,3.6712
8485,3.6713
8486,3.6715
8487,3.6715
8488,3.6716
8489,3.6718
8490,3.6718
8491,3.672
8492,3.6721
8493,3.6723
8494,3.6723
8495,3.6724
8496,3.6726
8497,3.6727
8498,3.6727
8499,3.6729
8500,3.6731
8501,3.6732
8502,3.6732
8503,3.6734
8504,3.6735
8505,3.6737
8506,3.6737
8507,3.6739
8508,3.674
8509,3.6742
8510,3.6742
8511,3.6743
8512,3.6745
8513,3.6747
8514,3.6747
8515,3.6748
8516,3.675
8517,3.675
8518,3.6751
8519,3.6753
8520,3.6754
8521,3.6754
8522,3.6756
8523,3.6758
8524,3.6759
8525,3.6759
8526,3.6761
8527,3.6762
8528,3.6762
8529,3.6764
8530,3.6766
8531,3.6767
8532,3.6767
8533,3.6769
8534,3.677
8535,3.6772
8536,3.6772
8537,3.6774
8538,3.6775
8539,3.6777
8540,3.6777
8541,3.6778
8542,3.678
8543,3.6781
8544,3.6781
8545,3.6783
8546,3.6785
8547,3.6786
8548,3.6786
8549,3.6788
8550,3.6789
8551,3.6791
8552,3.6791
8553,3.6793
8554,3.6794
8555,3.6796
8556,3.6796
8557,3.6797
8558,3.6799
8559,3.6801
8560,3.6801
8561,3.6802
8562,3.6804
8563,3.6805
8564,3.6805
8565,3.6807
8566,3.6808
8567,3.681
8568,3.681
8569,3.6812
8570,3.6813
8571,3.6815
8572,3.6816
8573,3.6816
8574,3.6818
8575,3.682
8576,3.682
8577,3.6821
8578,3.6823
8579,3.6824
8580,3.6826
8581,3.6826
8582,3.6828
8583,3.6829
8584,3.6831
8585,3.6831
8586,3.6832
8587,3.6834
8588,3.6835
8589,3.6837
8590,3.6837
8591,3.6839
8592,3.684
8593,3.6842
8594,3.6842
8595,3.6843
8596,3.6845
8597,3.6847
8598,3.6847
8599,3.6848
8600,3.685
8601,3.6851
8602,3.6851
8603,3.6853
8604,3.6855
8605,3.6856
8606,3.6858
8607,3.6859
8608,3.6859
8609,3.6861
8610,3.6862
8611,3.6864
8612,3.6864
8613,3.6866
8614,3.6867
8615,3.6869
8616,3.687
8617,3.687
8618,3.6872
8619,3.6874
8620,3.6875
8621,3.6877
8622,3.6877
8623,3.6878
8624,3.688
8625,3.6882
8626,3.6883
8627,3.6885
8628,3.6885
8629,3.6886
8630,3.6888
8631,3.6889
8632,3.6891
8633,3.6891
8634,3.6893
8635,3.6894
8636,3.6896
8637,3.6897
8638,3.6897
8639,3.6899
8640,3.6901
8641,3.6902
8642,3.6904
8643,3.6904
8644,3.6905
8645,3.6907
8646,3.6909
8647,3.691
8648,3.6912
8649,3.6912
8650,3.6913
8651,3.6915
8652,3.6916
8653,3.6918
8654,3.692
8655,3.692
8656,3.6921
8657,3.6923
8658,3.6924
8659,3.6926
8660,3.6928
8661,3.6928
8662,3.6929
8663,3.6931
8664,3.6932
8665,3.6934
8666,3.6936
8667,3.6936
8668,3.6937
8669,3.6939
8670,3.694
8671,3.6942
8672,3.6943
8673,3.6945
8674,3.6945
8675,3.6947
8676,3.6948
8677,3.695
8678,3.6951
8679,3.6953
8680,3.6953
8681,3.6955
8682,3.6956
8683,3.6958
8684,3.6959
8685,3.6961
8686,3.6963
8687,3.6964
8688,3.6966
8689,3.6966
8690,3.6967
8691,3.6969
8692,3.697
8693,3.6972
8694,3.6974
8695,3.6975
8696,3.6975
8697,3.6977
8698,3.6978
8699,3.698
8700,3.6982
8701,3.6983
8702,3.6985
8703,3.6986
8704,3.6988
8705,3.699
8706,3.699
8707,3.6991
8708,3.6993
8709,3.6994
8710,3.6996
8711,3.6997
8712,3.6999
8713,3.7001
8714,3.7002
8715,3.7004
8716,3.7004
8717,3.7005
8718,3.7007
8719,3.7009
8720,3.701
8721,3.7012
8722,3.7013
8723,3.7015
8724,3.7017
8725,3.7018
8726,3.7018
8727,3.702
8728,3.7021
8729,3.7023
8730,3.7024
8731,3.7026
8732,3.7028
8733,3.7029
8734,3.7031
8735,3.7032
8736,3.7034
8737,3.7036
8738,3.7037
8739,3.7039
8740,3.7039
8741,3.704
8742,3.7042
8743,3.7044
8744,3.7045
8745,3.7047
8746,3.7048
8747,3.705
8748,3.7051
8749,3.7053
8750,3.7055
8751,3.7056
8752,3.7058
8753,3.7059
8754,3.7061
8755,3.7063
8756,3.7064
8757,3.7066
8758,3.7067
8759,3.7069
8760,3.7069
8761,3.7071
8762,3.7072
8763,3.7074
8764,3.7075
8765,3.7077
8766,3.7078
8767,3.708
8768,3.7082
8769,3.7083
8770,3.7085
8771,3.7086
8772,3.7088
8773,3.709
8774,3.7091
8775,3.7093
8776,3.7094
8777,3.7096
8778,3.7096
8779,3.7098
8780,3.7099
8781,3.7101
8782,3.7102
8783,3.7096
8784,3.7096
8785,3.7096
8786,3.7096
8787,3.7096
8788,3.7096
8789,3.7096
8790,3.7096
8791,3.7096
8792,3.7098
8793,3.7096
8794,3.7096
8795,3.7096
8796,3.7096
8797,3.7096
8798,3.7096
8799,3.7096
8800,3.7096
8801,3.7096
8802,3.7096
8803,3.7096
8804,3.7096
8805,3.7096
8806,3.7096
8807,3.7096
8808,3.7096
8809,3.7096
8810,3.7096
8811,3.7096
8812,3.7098
8813,3.7096
8814,3.7096
8815,3.7074
8816,3.7066
8817,3.7063
8818,3.7061
8819,3.706
8820,3.7058
8821,3.7057
8822,3.7057
8823,3.7055
8824,3.7055
8825,3.7055
8826,3.7053
8827,3.7053
8828,3.7053
8829,3.7052
8830,3.7052
8831,3.7052
8832,3.705
8833,3.705
8834,3.705
8835,3.705
8836,3.7049
8837,3.7049
8838,3.7049
8839,3.7049
8840,3.7049
8841,3.7047
8842,3.7047
8843,3.7047
8844,3.7047
8845,3.7047
8846,3.7047
8847,3.7047
8848,3.7047
8849,3.7046
8850,3.7046
8851,3.7046
8852,3.7046
8853,3.7046
8854,3.7046
8855,3.7046
8856,3.7044
8857,3.7044
8858,3.7044
8859,3.7044
8860,3.7044
8861,3.7044
8862,3.7044
8863,3.7044
8864,3.7044
8865,3.7044
8866,3.7044
8867,3.7044
8868,3.7042
8869,3.7042
8870,3.7042
8871,3.7042
8872,3.7042
8873,3.7042
8874,3.7042
8875,3.7042
8876,3.7042
8877,3.7042
8878,3.7042
8879,3.7042
8880,3.7042
8881,3.7042
8882,3.7042
8883,3.7042
8884,3.7042
8885,3.7042
8886,3.7041
8887,3.7041
8888,3.7041
8889,3.7041
8890,3.7041
8891,3.7041
8892,3.7041
8893,3.7041
8894,3.7041
8895,3.7041
8896,3.7041
8897,3.7041
8898,3.7041
8899,3.7041
8900,3.7041
8901,3.7041
8902,3.7041
8903,3.7041
8904,3.7041
8905,3.7041
8906,3.7041
8907,3.7041
8908,3.7041
8909,3.7041
8910,3.7041
8911,3.7041
8912,3.7041
8913,3.7041
8914,3.7039
8915,3.7041
8916,3.7041
8917,3.7041
8918,3.7039
8919,3.7039
8920,3.7041
8921,3.7039
8922,3.7039
8923,3.7039
8924,3.7039
8925,3.7039
8926,3.7039
8927,3.7039
8928,3.7039
8929,3.7039
8930,3.7039
8931,3.7039
8932,3.7039
8933,3.7039
8934,3.7039
8935,3.7039
8936,3.7039
8937,3.7039
8938,3.7039
8939,3.7039
8940,3.7039
8941,3.7039
8942,3.7039
8943,3.7039
8944,3.7039
8945,3.7039
8946,3.7039
8947,3.7039
8948,3.7039
8949,3.7039
8950,3.7039
8951,3.7039
8952,3.7039
8953,3.7039
8954,3.7039
8955,3.7039
8956,3.7039
8957,3.7039
8958,3.7039
8959,3.7039
8960,3.7039
8961,3.7039
8962,3.7039
8963,3.7039
8964,3.7039
8965,3.7039
8966,3.7039
8967,3.7039
8968,3.7039
8969,3.7039
8970,3.7039
8971,3.7039
8972,3.7039
8973,3.7039
8974,3.7039
8975,3.7039
8976,3.7039
8977,3.7039
8978,3.7039
8979,3.7039
8980,3.7039
8981,3.7039
8982,3.7039
8983,3.7039
8984,3.7039
8985,3.7039
8986,3.7039
8987,3.7039
8988,3.7039
8989,3.7039
8990,3.7038
8991,3.7039
8992,3.7038
8993,3.7038
8994,3.7038
8995,3.7038
