,voltage
0,3.422
1,3.422
2,3.422
3,3.422
4,3.422
5,3.422
6,3.422
7,3.422
8,3.422
9,3.422
10,3.422
11,3.422
12,3.422
13,3.422
14,3.422
15,3.422
16,3.422
17,3.422
18,3.422
19,3.422
20,3.422
21,3.422
22,3.422
23,3.422
24,3.422
25,3.422
26,3.422
27,3.422
28,3.422
29,3.422
30,3.422
31,3.422
32,3.422
33,3.422
34,3.422
35,3.422
36,3.422
37,3.422
38,3.422
39,3.422
40,3.422
41,3.422
42,3.422
43,3.422
44,3.422
45,3.422
46,3.4218
47,3.422
48,3.422
49,3.422
50,3.422
51,3.422
52,3.422
53,3.422
54,3.422
55,3.422
56,3.422
57,3.4218
58,3.422
59,3.422
60,3.422
61,3.537
62,3.637
63,3.6422
64,3.6443
65,3.6441
66,3.6435
67,3.6428
68,3.6422
69,3.6417
70,3.6412
71,3.6409
72,3.6406
73,3.6403
74,3.6401
75,3.64
76,3.6397
77,3.6397
78,3.6395
79,3.6393
80,3.6393
81,3.6392
82,3.6392
83,3.6392
84,3.6392
85,3.6392
86,3.6392
87,3.6392
88,3.6392
89,3.6393
90,3.6393
91,3.6393
92,3.6395
93,3.6395
94,3.6395
95,3.6397
96,3.6397
97,3.6398
98,3.64
99,3.64
100,3.6401
101,3.6403
102,3.6403
103,3.6405
104,3.6406
105,3.6408
106,3.6408
107,3.6409
108,3.6411
109,3.6412
110,3.6414
111,3.6414
112,3.6416
113,3.6417
114,3.6419
115,3.642
116,3.6422
117,3.6424
118,3.6425
119,3.6427
120,3.6428
121,3.643
122,3.6432
123,3.6433
124,3.6435
125,3.6436
126,3.6438
127,3.6439
128,3.6441
129,3.6443
130,3.6443
131,3.6446
132,3.6447
133,3.6449
134,3.6451
135,3.6452
136,3.6454
137,3.6455
138,3.6457
139,3.6459
140,3.646
141,3.6462
142,3.6463
143,3.6465
144,3.6466
145,3.6468
146,3.647
147,3.6471
148,3.6473
149,3.6474
150,3.6476
151,3.6478
152,3.6479
153,3.6481
154,3.6482
155,3.6484
156,3.6486
157,3.6487
158,3.6489
159,3.649
160,3.6492
161,3.6493
162,3.6495
163,3.6497
164,3.6498
165,3.6498
166,3.65
167,3.6501
168,3.6503
169,3.6505
170,3.6506
171,3.6508
172,3.6509
173,3.6511
174,3.6513
175,3.6513
176,3.6514
177,3.6516
178,3.6517
179,3.6519
180,3.6521
181,3.6522
182,3.6522
183,3.6524
184,3.6525
185,3.6527
186,3.6528
187,3.653
188,3.653
189,3.6532
190,3.6533
191,3.6535
192,3.6536
193,3.6536
194,3.6538
195,3.654
196,3.6541
197,3.6541
198,3.6543
199,3.6544
200,3.6546
201,3.6546
202,3.6548
203,3.6549
204,3.6551
205,3.6551
206,3.6552
207,3.6554
208,3.6555
209,3.6555
210,3.6557
211,3.6559
212,3.6559
213,3.656
214,3.6562
215,3.6562
216,3.6563
217,3.6565
218,3.6565
219,3.6567
220,3.6568
221,3.6568
222,3.657
223,3.6571
224,3.6571
225,3.6573
226,3.6575
227,3.6575
228,3.6576
229,3.6578
230,3.6578
231,3.6579
232,3.6579
233,3.6581
234,3.6581
235,3.6582
236,3.6584
237,3.6584
238,3.6586
239,3.6587
240,3.6587
241,3.6589
242,3.6589
243,3.659
244,3.6592
245,3.6592
246,3.6594
247,3.6594
248,3.6595
249,3.6595
250,3.6597
251,3.6598
252,3.6598
253,3.66
254,3.66
255,3.6602
256,3.6602
257,3.6603
258,3.6605
259,3.6605
260,3.6605
261,3.6606
262,3.6608
263,3.6608
264,3.6609
265,3.6609
266,3.6611
267,3.6611
268,3.6613
269,3.6613
270,3.6614
271,3.6614
272,3.6616
273,3.6616
274,3.6617
275,3.6617
276,3.6619
277,3.6619
278,3.6621
279,3.6621
280,3.6622
281,3.6622
282,3.6624
283,3.6624
284,3.6625
285,3.6625
286,3.6627
287,3.6627
288,3.6629
289,3.6629
290,3.663
291,3.663
292,3.6632
293,3.6632
294,3.6633
295,3.6633
296,3.6635
297,3.6635
298,3.6636
299,3.6636
300,3.6636
301,3.6638
302,3.6638
303,3.664
304,3.664
305,3.6641
306,3.6641
307,3.6643
308,3.6643
309,3.6644
310,3.6644
311,3.6646
312,3.6646
313,3.6646
314,3.6648
315,3.6648
316,3.6649
317,3.6649
318,3.6651
319,3.6651
320,3.6651
321,3.6652
322,3.6652
323,3.6654
324,3.6654
325,3.6656
326,3.6656
327,3.6656
328,3.6657
329,3.6657
330,3.6659
331,3.6659
332,3.6659
333,3.666
334,3.666
335,3.6662
336,3.6662
337,3.6663
338,3.6663
339,3.6665
340,3.6665
341,3.6665
342,3.6667
343,3.6667
344,3.6668
345,3.6668
346,3.667
347,3.667
348,3.667
349,3.6671
350,3.6671
351,3.6671
352,3.6673
353,3.6673
354,3.6675
355,3.6675
356,3.6675
357,3.6676
358,3.6676
359,3.6678
360,3.6678
361,3.6678
362,3.6679
363,3.6679
364,3.6681
365,3.6681
366,3.6683
367,3.6683
368,3.6683
369,3.6684
370,3.6684
371,3.6684
372,3.6686
373,3.6686
374,3.6687
375,3.6687
376,3.6687
377,3.6689
378,3.6689
379,3.669
380,3.669
381,3.669
382,3.6692
383,3.6692
384,3.6694
385,3.6694
386,3.6694
387,3.6695
388,3.6695
389,3.6695
390,3.6697
391,3.6697
392,3.6698
393,3.6698
394,3.6698
395,3.67
396,3.67
397,3.6702
398,3.6702
399,3.6702
400,3.6703
401,3.6703
402,3.6703
403,3.6705
404,3.6705
405,3.6706
406,3.6706
407,3.6706
408,3.6708
409,3.6708
410,3.671
411,3.671
412,3.671
413,3.6711
414,3.6711
415,3.6711
416,3.6713
417,3.6713
418,3.6714
419,3.6714
420,3.6714
421,3.6716
422,3.6716
423,3.6716
424,3.6718
425,3.6718
426,3.6719
427,3.6719
428,3.6719
429,3.6721
430,3.6721
431,3.6721
432,3.6722
433,3.6722
434,3.6722
435,3.6724
436,3.6724
437,3.6724
438,3.6725
439,3.6725
440,3.6727
441,3.6727
442,3.6727
443,3.6729
444,3.6729
445,3.6729
446,3.673
447,3.673
448,3.6732
449,3.6732
450,3.6732
451,3.6733
452,3.6733
453,3.6733
454,3.6735
455,3.6735
456,3.6737
457,3.6737
458,3.6737
459,3.6738
460,3.6738
461,3.6738
462,3.674
463,3.674
464,3.6741
465,3.6741
466,3.6741
467,3.6741
468,3.6743
469,3.6743
470,3.6743
471,3.6745
472,3.6745
473,3.6746
474,3.6746
475,3.6746
476,3.6748
477,3.6748
478,3.6748
479,3.6749
480,3.6749
481,3.6751
482,3.6751
483,3.6751
484,3.6752
485,3.6752
486,3.6752
487,3.6754
488,3.6754
489,3.6754
490,3.6756
491,3.6756
492,3.6757
493,3.6757
494,3.6757
495,3.6759
496,3.6759
497,3.6759
498,3.676
499,3.676
500,3.6762
501,3.6762
502,3.6762
503,3.6764
504,3.6764
505,3.6764
506,3.6765
507,3.6765
508,3.6765
509,3.6767
510,3.6767
511,3.6767
512,3.6768
513,3.6768
514,3.677
515,3.677
516,3.677
517,3.6772
518,3.6772
519,3.6772
520,3.6773
521,3.6773
522,3.6773
523,3.6775
524,3.6775
525,3.6775
526,3.6776
527,3.6776
528,3.6778
529,3.6778
530,3.6778
531,3.6779
532,3.6779
533,3.6779
534,3.6781
535,3.6781
536,3.6781
537,3.6783
538,3.6783
539,3.6784
540,3.6784
541,3.6784
542,3.6786
543,3.6786
544,3.6786
545,3.6787
546,3.6787
547,3.6789
548,3.6789
549,3.6789
550,3.6791
551,3.6791
552,3.6791
553,3.6792
554,3.6792
555,3.6792
556,3.6794
557,3.6794
558,3.6794
559,3.6795
560,3.6795
561,3.6797
562,3.6797
563,3.6797
564,3.6799
565,3.6799
566,3.6799
567,3.68
568,3.68
569,3.68
570,3.6802
571,3.6802
572,3.6803
573,3.6803
574,3.6803
575,3.6805
576,3.6805
577,3.6805
578,3.6806
579,3.6806
580,3.6806
581,3.6808
582,3.6808
583,3.681
584,3.681
585,3.681
586,3.6811
587,3.6811
588,3.6811
589,3.6813
590,3.6813
591,3.6813
592,3.6814
593,3.6814
594,3.6816
595,3.6816
596,3.6816
597,3.6818
598,3.6818
599,3.6818
600,3.6819
601,3.6819
602,3.6821
603,3.6821
604,3.6821
605,3.6821
606,3.6822
607,3.6822
608,3.6824
609,3.6824
610,3.6824
611,3.6826
612,3.6826
613,3.6826
614,3.6827
615,3.6827
616,3.6827
617,3.6829
618,3.6829
619,3.683
620,3.683
621,3.683
622,3.6832
623,3.6832
624,3.6832
625,3.6833
626,3.6833
627,3.6835
628,3.6835
629,3.6835
630,3.6837
631,3.6837
632,3.6837
633,3.6838
634,3.6838
635,3.6838
636,3.684
637,3.684
638,3.6841
639,3.6841
640,3.6841
641,3.6843
642,3.6843
643,3.6843
644,3.6845
645,3.6845
646,3.6845
647,3.6846
648,3.6846
649,3.6848
650,3.6848
651,3.6848
652,3.6849
653,3.6849
654,3.6851
655,3.6851
656,3.6851
657,3.6853
658,3.6853
659,3.6853
660,3.6854
661,3.6854
662,3.6854
663,3.6856
664,3.6856
665,3.6857
666,3.6857
667,3.6859
668,3.6859
669,3.6859
670,3.6859
671,3.686
672,3.686
673,3.6862
674,3.6862
675,3.6862
676,3.6864
677,3.6864
678,3.6864
679,3.6865
680,3.6865
681,3.6867
682,3.6867
683,3.6867
684,3.6868
685,3.6868
686,3.6868
687,3.687
688,3.687
689,3.6872
690,3.6872
691,3.6872
692,3.6873
693,3.6873
694,3.6875
695,3.6875
696,3.6875
697,3.6876
698,3.6876
699,3.6876
700,3.6878
701,3.6878
702,3.688
703,3.688
704,3.688
705,3.6881
706,3.6881
707,3.6883
708,3.6883
709,3.6883
710,3.6884
711,3.6884
712,3.6884
713,3.6886
714,3.6886
715,3.6886
716,3.6888
717,3.6888
718,3.6889
719,3.6889
720,3.6889
721,3.6891
722,3.6891
723,3.6892
724,3.6892
725,3.6894
726,3.6894
727,3.6894
728,3.6895
729,3.6895
730,3.6895
731,3.6897
732,3.6897
733,3.6897
734,3.6899
735,3.6899
736,3.69
737,3.69
738,3.69
739,3.6902
740,3.6902
741,3.6903
742,3.6903
743,3.6903
744,3.6905
745,3.6905
746,3.6907
747,3.6907
748,3.6907
749,3.6908
750,3.6908
751,3.691
752,3.691
753,3.691
754,3.6911
755,3.6911
756,3.6913
757,3.6913
758,3.6913
759,3.6915
760,3.6915
761,3.6915
762,3.6916
763,3.6916
764,3.6918
765,3.6918
766,3.6919
767,3.6919
768,3.6921
769,3.6921
770,3.6921
771,3.6922
772,3.6922
773,3.6922
774,3.6924
775,3.6924
776,3.6926
777,3.6926
778,3.6926
779,3.6927
780,3.6927
781,3.6929
782,3.6929
783,3.6929
784,3.693
785,3.693
786,3.6932
787,3.6932
788,3.6932
789,3.6934
790,3.6934
791,3.6935
792,3.6935
793,3.6935
794,3.6937
795,3.6937
796,3.6937
797,3.6938
798,3.6938
799,3.694
800,3.694
801,3.6942
802,3.6942
803,3.6942
804,3.6943
805,3.6943
806,3.6945
807,3.6945
808,3.6946
809,3.6946
810,3.6946
811,3.6948
812,3.6948
813,3.6948
814,3.6949
815,3.6949
816,3.6951
817,3.6951
818,3.6951
819,3.6953
820,3.6953
821,3.6954
822,3.6954
823,3.6956
824,3.6956
825,3.6956
826,3.6957
827,3.6957
828,3.6959
829,3.6959
830,3.6959
831,3.6961
832,3.6961
833,3.6962
834,3.6962
835,3.6964
836,3.6964
837,3.6964
838,3.6965
839,3.6965
840,3.6967
841,3.6967
842,3.6967
843,3.6969
844,3.6969
845,3.697
846,3.697
847,3.6972
848,3.6972
849,3.6972
850,3.6973
851,3.6973
852,3.6975
853,3.6975
854,3.6976
855,3.6976
856,3.6976
857,3.6978
858,3.6978
859,3.698
860,3.698
861,3.6981
862,3.6981
863,3.6981
864,3.6983
865,3.6983
866,3.6984
867,3.6984
868,3.6984
869,3.6986
870,3.6986
871,3.6988
872,3.6988
873,3.6989
874,3.6989
875,3.6991
876,3.6991
877,3.6991
878,3.6992
879,3.6992
880,3.6994
881,3.6994
882,3.6994
883,3.6996
884,3.6996
885,3.6997
886,3.6997
887,3.6999
888,3.6999
889,3.7
890,3.7
891,3.7
892,3.7002
893,3.7002
894,3.7003
895,3.7003
896,3.7003
897,3.7005
898,3.7005
899,3.7007
900,3.7007
901,3.7008
902,3.7008
903,3.701
904,3.701
905,3.7011
906,3.7011
907,3.7011
908,3.7013
909,3.7013
910,3.7015
911,3.7015
912,3.7016
913,3.7016
914,3.7016
915,3.7018
916,3.7018
917,3.7019
918,3.7019
919,3.7021
920,3.7021
921,3.7021
922,3.7023
923,3.7023
924,3.7024
925,3.7024
926,3.7026
927,3.7026
928,3.7026
929,3.7027
930,3.7027
931,3.7029
932,3.7029
933,3.703
934,3.703
935,3.7032
936,3.7032
937,3.7034
938,3.7034
939,3.7034
940,3.7035
941,3.7035
942,3.7037
943,3.7037
944,3.7038
945,3.7038
946,3.704
947,3.704
948,3.704
949,3.7042
950,3.7043
951,3.7043
952,3.7043
953,3.7045
954,3.7045
955,3.7046
956,3.7046
957,3.7048
958,3.7048
959,3.705
960,3.705
961,3.705
962,3.7051
963,3.7051
964,3.7053
965,3.7053
966,3.7054
967,3.7054
968,3.7056
969,3.7056
970,3.7056
971,3.7058
972,3.7058
973,3.7059
974,3.7059
975,3.7061
976,3.7061
977,3.7062
978,3.7062
979,3.7064
980,3.7064
981,3.7065
982,3.7065
983,3.7065
984,3.7067
985,3.7067
986,3.7069
987,3.7069
988,3.707
989,3.707
990,3.7072
991,3.7072
992,3.7073
993,3.7073
994,3.7075
995,3.7075
996,3.7075
997,3.7077
998,3.7078
999,3.7078
1000,3.7078
1001,3.708
1002,3.708
1003,3.7081
1004,3.7081
1005,3.7083
1006,3.7083
1007,3.7085
1008,3.7085
1009,3.7086
1010,3.7086
1011,3.7088
1012,3.7088
1013,3.7089
1014,3.7089
1015,3.7089
1016,3.7091
1017,3.7091
1018,3.7092
1019,3.7092
1020,3.7094
1021,3.7094
1022,3.7096
1023,3.7096
1024,3.7097
1025,3.7097
1026,3.7099
1027,3.7099
1028,3.71
1029,3.71
1030,3.71
1031,3.7102
1032,3.7104
1033,3.7104
1034,3.7104
1035,3.7105
1036,3.7105
1037,3.7107
1038,3.7107
1039,3.7108
1040,3.7108
1041,3.711
1042,3.711
1043,3.7112
1044,3.7112
1045,3.7113
1046,3.7113
1047,3.7115
1048,3.7115
1049,3.7116
1050,3.7116
1051,3.7116
1052,3.7118
1053,3.7119
1054,3.7119
1055,3.7119
1056,3.7121
1057,3.7121
1058,3.7123
1059,3.7123
1060,3.7124
1061,3.7124
1062,3.7126
1063,3.7126
1064,3.7127
1065,3.7127
1066,3.7129
1067,3.7129
1068,3.7131
1069,3.7131
1070,3.7132
1071,3.7132
1072,3.7132
1073,3.7134
1074,3.7135
1075,3.7135
1076,3.7135
1077,3.7137
1078,3.7137
1079,3.7139
1080,3.7139
1081,3.714
1082,3.714
1083,3.7142
1084,3.7142
1085,3.7143
1086,3.7143
1087,3.7145
1088,3.7145
1089,3.7146
1090,3.7146
1091,3.7148
1092,3.7148
1093,3.715
1094,3.715
1095,3.7151
1096,3.7151
1097,3.7153
1098,3.7153
1099,3.7154
1100,3.7154
1101,3.7156
1102,3.7156
1103,3.7158
1104,3.7158
1105,3.7159
1106,3.7159
1107,3.7161
1108,3.7161
1109,3.7162
1110,3.7162
1111,3.7164
1112,3.7164
1113,3.7166
1114,3.7166
1115,3.7167
1116,3.7167
1117,3.7169
1118,3.7169
1119,3.717
1120,3.717
1121,3.7172
1122,3.7172
1123,3.7172
1124,3.7173
1125,3.7173
1126,3.7175
1127,3.7175
1128,3.7177
1129,3.7177
1130,3.7178
1131,3.7178
1132,3.718
1133,3.718
1134,3.7181
1135,3.7181
1136,3.7183
1137,3.7183
1138,3.7185
1139,3.7185
1140,3.7186
1141,3.7186
1142,3.7188
1143,3.7188
1144,3.7189
1145,3.7189
1146,3.7191
1147,3.7191
1148,3.7193
1149,3.7193
1150,3.7194
1151,3.7194
1152,3.7196
1153,3.7196
1154,3.7197
1155,3.7197
1156,3.7199
1157,3.7199
1158,3.72
1159,3.72
1160,3.7202
1161,3.7202
1162,3.7204
1163,3.7204
1164,3.7205
1165,3.7205
1166,3.7207
1167,3.7207
1168,3.7208
1169,3.721
1170,3.721
1171,3.721
1172,3.7212
1173,3.7212
1174,3.7213
1175,3.7213
1176,3.7215
1177,3.7216
1178,3.7216
1179,3.7218
1180,3.7218
1181,3.7218
1182,3.722
1183,3.722
1184,3.7221
1185,3.7221
1186,3.7223
1187,3.7223
1188,3.7224
1189,3.7224
1190,3.7226
1191,3.7226
1192,3.7227
1193,3.7229
1194,3.7229
1195,3.7231
1196,3.7231
1197,3.7232
1198,3.7232
1199,3.7234
1200,3.7234
1201,3.7234
1202,3.7235
1203,3.7237
1204,3.7237
1205,3.7239
1206,3.7239
1207,3.724
1208,3.724
1209,3.7242
1210,3.7242
1211,3.7243
1212,3.7243
1213,3.7245
1214,3.7245
1215,3.7247
1216,3.7247
1217,3.7248
1218,3.7248
1219,3.725
1220,3.725
1221,3.7251
1222,3.7251
1223,3.7253
1224,3.7253
1225,3.7255
1226,3.7255
1227,3.7256
1228,3.7256
1229,3.7258
1230,3.7258
1231,3.7259
1232,3.7259
1233,3.7261
1234,3.7262
1235,3.7262
1236,3.7262
1237,3.7264
1238,3.7264
1239,3.7266
1240,3.7267
1241,3.7267
1242,3.7269
1243,3.7269
1244,3.727
1245,3.727
1246,3.7272
1247,3.7272
1248,3.7274
1249,3.7274
1250,3.7275
1251,3.7275
1252,3.7277
1253,3.7277
1254,3.7278
1255,3.7278
1256,3.728
1257,3.728
1258,3.7282
1259,3.7282
1260,3.7283
1261,3.7283
1262,3.7285
1263,3.7285
1264,3.7286
1265,3.7288
1266,3.7288
1267,3.7289
1268,3.7289
1269,3.7291
1270,3.7291
1271,3.7293
1272,3.7293
1273,3.7294
1274,3.7294
1275,3.7296
1276,3.7296
1277,3.7297
1278,3.7297
1279,3.7299
1280,3.7299
1281,3.7301
1282,3.7301
1283,3.7302
1284,3.7302
1285,3.7304
1286,3.7305
1287,3.7305
1288,3.7307
1289,3.7307
1290,3.7309
1291,3.7309
1292,3.731
1293,3.731
1294,3.7312
1295,3.7312
1296,3.7313
1297,3.7313
1298,3.7315
1299,3.7315
1300,3.7316
1301,3.7316
1302,3.7318
1303,3.732
1304,3.732
1305,3.7321
1306,3.7321
1307,3.7323
1308,3.7323
1309,3.7324
1310,3.7324
1311,3.7326
1312,3.7326
1313,3.7328
1314,3.7328
1315,3.7329
1316,3.7329
1317,3.7331
1318,3.7331
1319,3.7332
1320,3.7334
1321,3.7334
1322,3.7336
1323,3.7336
1324,3.7337
1325,3.7337
1326,3.7339
1327,3.7339
1328,3.734
1329,3.734
1330,3.7342
1331,3.7343
1332,3.7343
1333,3.7345
1334,3.7345
1335,3.7347
1336,3.7347
1337,3.7348
1338,3.7348
1339,3.735
1340,3.735
1341,3.7351
1342,3.7353
1343,3.7353
1344,3.7355
1345,3.7355
1346,3.7356
1347,3.7356
1348,3.7358
1349,3.7358
1350,3.7359
1351,3.7359
1352,3.7361
1353,3.7361
1354,3.7363
1355,3.7364
1356,3.7364
1357,3.7366
1358,3.7366
1359,3.7367
1360,3.7367
1361,3.7369
1362,3.737
1363,3.737
1364,3.7372
1365,3.7372
1366,3.7374
1367,3.7374
1368,3.7375
1369,3.7375
1370,3.7377
1371,3.7378
1372,3.7378
1373,3.738
1374,3.738
1375,3.7382
1376,3.7382
1377,3.7383
1378,3.7383
1379,3.7385
1380,3.7385
1381,3.7386
1382,3.7388
1383,3.7388
1384,3.739
1385,3.739
1386,3.7391
1387,3.7391
1388,3.7393
1389,3.7394
1390,3.7394
1391,3.7396
1392,3.7396
1393,3.7397
1394,3.7397
1395,3.7399
1396,3.7401
1397,3.7401
1398,3.7402
1399,3.7402
1400,3.7404
1401,3.7404
1402,3.7405
1403,3.7407
1404,3.7407
1405,3.7409
1406,3.7409
1407,3.741
1408,3.741
1409,3.7412
1410,3.7413
1411,3.7413
1412,3.7415
1413,3.7415
1414,3.7417
1415,3.7417
1416,3.7418
1417,3.742
1418,3.742
1419,3.7421
1420,3.7421
1421,3.7423
1422,3.7425
1423,3.7425
1424,3.7426
1425,3.7426
1426,3.7428
1427,3.7428
1428,3.7429
1429,3.7431
1430,3.7431
1431,3.7432
1432,3.7432
1433,3.7434
1434,3.7436
1435,3.7436
1436,3.7437
1437,3.7437
1438,3.7439
1439,3.744
1440,3.744
1441,3.7442
1442,3.7442
1443,3.7444
1444,3.7445
1445,3.7445
1446,3.7447
1447,3.7447
1448,3.7448
1449,3.745
1450,3.745
1451,3.7452
1452,3.7452
1453,3.7453
1454,3.7455
1455,3.7455
1456,3.7456
1457,3.7456
1458,3.7458
1459,3.7459
1460,3.7459
1461,3.7461
1462,3.7461
1463,3.7463
1464,3.7464
1465,3.7464
1466,3.7466
1467,3.7466
1468,3.7467
1469,3.7469
1470,3.7469
1471,3.7471
1472,3.7472
1473,3.7472
1474,3.7474
1475,3.7474
1476,3.7475
1477,3.7477
1478,3.7477
1479,3.7479
1480,3.7479
1481,3.748
1482,3.7482
1483,3.7482
1484,3.7483
1485,3.7485
1486,3.7485
1487,3.7486
1488,3.7486
1489,3.7488
1490,3.749
1491,3.749
1492,3.7491
1493,3.7493
1494,3.7493
1495,3.7494
1496,3.7496
1497,3.7496
1498,3.7498
1499,3.7498
1500,3.7499
1501,3.7501
1502,3.7501
1503,3.7502
1504,3.7504
1505,3.7504
1506,3.7506
1507,3.7507
1508,3.7507
1509,3.7509
1510,3.7509
1511,3.751
1512,3.7512
1513,3.7512
1514,3.7513
1515,3.7515
1516,3.7515
1517,3.7517
1518,3.7518
1519,3.7518
1520,3.752
1521,3.7521
1522,3.7521
1523,3.7523
1524,3.7525
1525,3.7525
1526,3.7526
1527,3.7528
1528,3.7528
1529,3.7529
1530,3.7529
1531,3.7531
1532,3.7533
1533,3.7533
1534,3.7534
1535,3.7536
1536,3.7536
1537,3.7537
1538,3.7539
1539,3.7539
1540,3.754
1541,3.7542
1542,3.7542
1543,3.7544
1544,3.7545
1545,3.7545
1546,3.7547
1547,3.7548
1548,3.7548
1549,3.755
1550,3.7552
1551,3.7553
1552,3.7553
1553,3.7555
1554,3.7555
1555,3.7556
1556,3.7558
1557,3.756
1558,3.756
1559,3.7561
1560,3.7563
1561,3.7563
1562,3.7564
1563,3.7566
1564,3.7566
1565,3.7567
1566,3.7569
1567,3.7569
1568,3.7571
1569,3.7572
1570,3.7574
1571,3.7574
1572,3.7575
1573,3.7575
1574,3.7577
1575,3.7579
1576,3.758
1577,3.758
1578,3.7582
1579,3.7583
1580,3.7583
1581,3.7585
1582,3.7587
1583,3.7587
1584,3.7588
1585,3.759
1586,3.7591
1587,3.7591
1588,3.7593
1589,3.7594
1590,3.7596
1591,3.7596
1592,3.7598
1593,3.7599
1594,3.7599
1595,3.7601
1596,3.7602
1597,3.7604
1598,3.7604
1599,3.7606
1600,3.7607
1601,3.7607
1602,3.7609
1603,3.761
1604,3.7612
1605,3.7612
1606,3.7614
1607,3.7615
1608,3.7615
1609,3.7617
1610,3.7618
1611,3.762
1612,3.762
1613,3.7622
1614,3.7623
1615,3.7623
1616,3.7625
1617,3.7626
1618,3.7628
1619,3.7629
1620,3.7629
1621,3.7631
1622,3.7633
1623,3.7634
1624,3.7634
1625,3.7636
1626,3.7637
1627,3.7637
1628,3.7639
1629,3.7641
1630,3.7642
1631,3.7644
1632,3.7644
1633,3.7645
1634,3.7647
1635,3.7647
1636,3.7649
1637,3.765
1638,3.7652
1639,3.7652
1640,3.7653
1641,3.7655
1642,3.7656
1643,3.7656
1644,3.7658
1645,3.766
1646,3.7661
1647,3.7663
1648,3.7663
1649,3.7664
1650,3.7666
1651,3.7668
1652,3.7668
1653,3.7669
1654,3.7671
1655,3.7672
1656,3.7674
1657,3.7674
1658,3.7676
1659,3.7677
1660,3.7679
1661,3.7679
1662,3.768
1663,3.7682
1664,3.7683
1665,3.7685
1666,3.7685
1667,3.7687
1668,3.7688
1669,3.769
1670,3.769
1671,3.7691
1672,3.7693
1673,3.7695
1674,3.7696
1675,3.7696
1676,3.7698
1677,3.7699
1678,3.7701
1679,3.7701
1680,3.7703
1681,3.7704
1682,3.7706
1683,3.7707
1684,3.7707
1685,3.7709
1686,3.771
1687,3.7712
1688,3.7714
1689,3.7714
1690,3.7715
1691,3.7717
1692,3.7718
1693,3.772
1694,3.7722
1695,3.7722
1696,3.7723
1697,3.7725
1698,3.7726
1699,3.7728
1700,3.7728
1701,3.773
1702,3.7731
1703,3.7733
1704,3.7734
1705,3.7736
1706,3.7736
1707,3.7737
1708,3.7739
1709,3.7741
1710,3.7742
1711,3.7744
1712,3.7744
1713,3.7745
1714,3.7747
1715,3.7749
1716,3.775
1717,3.7752
1718,3.7752
1719,3.7753
1720,3.7755
1721,3.7757
1722,3.7758
1723,3.7758
1724,3.776
1725,3.7761
1726,3.7763
1727,3.7765
1728,3.7766
1729,3.7768
1730,3.7768
1731,3.7769
1732,3.7771
1733,3.7772
1734,3.7774
1735,3.7776
1736,3.7777
1737,3.7777
1738,3.7779
1739,3.778
1740,3.7782
1741,3.7784
1742,3.7785
1743,3.7787
1744,3.7787
1745,3.7788
1746,3.779
1747,3.7792
1748,3.7793
1749,3.7795
1750,3.7796
1751,3.7796
1752,3.7798
1753,3.7799
1754,3.7801
1755,3.7803
1756,3.7804
1757,3.7806
1758,3.7807
1759,3.7807
1760,3.7809
1761,3.7811
1762,3.7812
1763,3.7814
1764,3.7815
1765,3.7817
1766,3.7819
1767,3.7819
1768,3.782
1769,3.7822
1770,3.7823
1771,3.7825
1772,3.7826
1773,3.7828
1774,3.783
1775,3.783
1776,3.7831
1777,3.7833
1778,3.7834
1779,3.7836
1780,3.7838
1781,3.7839
1782,3.7841
1783,3.7842
1784,3.7844
1785,3.7846
1786,3.7846
1787,3.7847
1788,3.7849
1789,3.785
1790,3.7852
1791,3.7853
1792,3.7855
1793,3.7857
1794,3.7858
1795,3.786
1796,3.7861
1797,3.7861
1798,3.7863
1799,3.7865
1800,3.7866
1801,3.7868
1802,3.7869
1803,3.7871
1804,3.7873
1805,3.7874
1806,3.7876
1807,3.7876
1808,3.7877
1809,3.7879
1810,3.788
1811,3.7882
1812,3.7884
1813,3.7885
1814,3.7887
1815,3.7888
1816,3.789
1817,3.7892
1818,3.7893
1819,3.7895
1820,3.7896
1821,3.7896
1822,3.79
1823,3.79
1824,3.7901
1825,3.7903
1826,3.7904
1827,3.7906
1828,3.7907
1829,3.7909
1830,3.7911
1831,3.7912
1832,3.7914
1833,3.7915
1834,3.7917
1835,3.7919
1836,3.792
1837,3.7922
1838,3.7923
1839,3.7925
1840,3.7927
1841,3.7928
1842,3.793
1843,3.793
1844,3.7931
1845,3.7933
1846,3.7934
1847,3.7936
1848,3.7938
1849,3.7939
1850,3.7941
1851,3.7942
1852,3.7944
1853,3.7946
1854,3.7947
1855,3.7949
1856,3.795
1857,3.7952
1858,3.7954
1859,3.7955
1860,3.7957
1861,3.7958
1862,3.796
1863,3.7962
1864,3.7963
1865,3.7965
1866,3.7966
1867,3.7968
1868,3.7969
1869,3.7971
1870,3.7973
1871,3.7974
1872,3.7976
1873,3.7977
1874,3.7979
1875,3.7981
1876,3.7982
1877,3.7984
1878,3.7985
1879,3.7987
1880,3.7989
1881,3.799
1882,3.7992
1883,3.7993
1884,3.7995
1885,3.7996
1886,3.7998
1887,3.8
1888,3.8001
1889,3.8003
1890,3.8004
1891,3.8006
1892,3.8008
1893,3.8009
1894,3.8011
1895,3.8012
1896,3.8014
1897,3.8016
1898,3.8017
1899,3.8019
1900,3.802
1901,3.8022
1902,3.8023
1903,3.8025
1904,3.8027
1905,3.8028
1906,3.803
1907,3.8031
1908,3.8033
1909,3.8035
1910,3.8036
1911,3.8039
1912,3.8039
1913,3.8043
1914,3.8044
1915,3.8046
1916,3.8047
1917,3.8049
1918,3.805
1919,3.8052
1920,3.8054
1921,3.8055
1922,3.8057
1923,3.8058
1924,3.806
1925,3.8062
1926,3.8063
1927,3.8065
1928,3.8066
1929,3.8068
1930,3.8071
1931,3.8073
1932,3.8074
1933,3.8076
1934,3.8077
1935,3.8079
1936,3.8081
1937,3.8082
1938,3.8084
1939,3.8085
1940,3.8087
1941,3.8089
1942,3.809
1943,3.8093
1944,3.8095
1945,3.8097
1946,3.8098
1947,3.81
1948,3.8101
1949,3.8103
1950,3.8104
1951,3.8106
1952,3.8108
1953,3.8109
1954,3.8111
1955,3.8114
1956,3.8116
1957,3.8117
1958,3.8119
1959,3.812
1960,3.8122
1961,3.8124
1962,3.8125
1963,3.8128
1964,3.813
1965,3.8131
1966,3.8133
1967,3.8135
1968,3.8136
1969,3.8138
1970,3.8139
1971,3.8143
1972,3.8144
1973,3.8146
1974,3.8147
1975,3.8149
1976,3.8151
1977,3.8152
1978,3.8155
1979,3.8157
1980,3.8159
1981,3.816
1982,3.8162
1983,3.8163
1984,3.8165
1985,3.8166
1986,3.817
1987,3.8171
1988,3.8173
1989,3.8174
1990,3.8176
1991,3.8178
1992,3.8181
1993,3.8182
1994,3.8184
1995,3.8186
1996,3.8187
1997,3.8189
1998,3.8192
1999,3.8193
2000,3.8195
2001,3.8197
2002,3.8198
2003,3.8201
2004,3.8203
2005,3.8205
2006,3.8206
2007,3.8208
2008,3.8209
2009,3.8213
2010,3.8214
2011,3.8216
2012,3.8217
2013,3.8219
2014,3.8222
2015,3.8224
2016,3.8225
2017,3.8227
2018,3.8228
2019,3.8232
2020,3.8233
2021,3.8235
2022,3.8236
2023,3.8238
2024,3.8241
2025,3.8243
2026,3.8244
2027,3.8246
2028,3.8247
2029,3.8251
2030,3.8252
2031,3.8254
2032,3.8255
2033,3.8259
2034,3.826
2035,3.8262
2036,3.8263
2037,3.8267
2038,3.8268
2039,3.827
2040,3.8271
2041,3.8274
2042,3.8276
2043,3.8278
2044,3.8279
2045,3.8282
2046,3.8284
2047,3.8286
2048,3.8287
2049,3.8289
2050,3.8292
2051,3.8294
2052,3.8295
2053,3.8298
2054,3.83
2055,3.8301
2056,3.8303
2057,3.8306
2058,3.8308
2059,3.8309
2060,3.8313
2061,3.8314
2062,3.8316
2063,3.8317
2064,3.8321
2065,3.8322
2066,3.8324
2067,3.8327
2068,3.8329
2069,3.833
2070,3.8333
2071,3.8335
2072,3.8336
2073,3.8338
2074,3.8341
2075,3.8343
2076,3.8344
2077,3.8348
2078,3.8349
2079,3.8351
2080,3.8354
2081,3.8356
2082,3.8357
2083,3.836
2084,3.8362
2085,3.8363
2086,3.8367
2087,3.8368
2088,3.837
2089,3.8373
2090,3.8375
2091,3.8376
2092,3.8379
2093,3.8381
2094,3.8383
2095,3.8386
2096,3.8387
2097,3.8389
2098,3.8392
2099,3.8394
2100,3.8395
2101,3.8398
2102,3.84
2103,3.8402
2104,3.8405
2105,3.8406
2106,3.841
2107,3.8411
2108,3.8413
2109,3.8416
2110,3.8417
2111,3.8419
2112,3.8422
2113,3.8424
2114,3.8427
2115,3.8429
2116,3.843
2117,3.8433
2118,3.8435
2119,3.8437
2120,3.844
2121,3.8441
2122,3.8444
2123,3.8446
2124,3.8448
2125,3.8451
2126,3.8452
2127,3.8456
2128,3.8457
2129,3.8459
2130,3.8462
2131,3.8464
2132,3.8467
2133,3.8468
2134,3.847
2135,3.8473
2136,3.8475
2137,3.8478
2138,3.8479
2139,3.8481
2140,3.8484
2141,3.8486
2142,3.8489
2143,3.8491
2144,3.8494
2145,3.8495
2146,3.8497
2147,3.85
2148,3.8502
2149,3.8505
2150,3.8506
2151,3.851
2152,3.8511
2153,3.8513
2154,3.8516
2155,3.8518
2156,3.8521
2157,3.8522
2158,3.8526
2159,3.8527
2160,3.853
2161,3.8532
2162,3.8535
2163,3.8537
2164,3.854
2165,3.8541
2166,3.8543
2167,3.8546
2168,3.8548
2169,3.8551
2170,3.8553
2171,3.8556
2172,3.8557
2173,3.856
2174,3.8562
2175,3.8565
2176,3.8567
2177,3.857
2178,3.8572
2179,3.8573
2180,3.8576
2181,3.8578
2182,3.8581
2183,3.8583
2184,3.8586
2185,3.8587
2186,3.8591
2187,3.8592
2188,3.8595
2189,3.8597
2190,3.86
2191,3.8602
2192,3.8605
2193,3.8607
2194,3.861
2195,3.8611
2196,3.8613
2197,3.8616
2198,3.8619
2199,3.8621
2200,3.8624
2201,3.8626
2202,3.8629
2203,3.863
2204,3.8634
2205,3.8635
2206,3.8637
2207,3.864
2208,3.8641
2209,3.8645
2210,3.8646
2211,3.8649
2212,3.8651
2213,3.8654
2214,3.8656
2215,3.8659
2216,3.8661
2217,3.8664
2218,3.8665
2219,3.8668
2220,3.867
2221,3.8673
2222,3.8675
2223,3.8678
2224,3.868
2225,3.8683
2226,3.8684
2227,3.8688
2228,3.8689
2229,3.8692
2230,3.8694
2231,3.8697
2232,3.8699
2233,3.8702
2234,3.8705
2235,3.8707
2236,3.8708
2237,3.8711
2238,3.8715
2239,3.8716
2240,3.8718
2241,3.8721
2242,3.8723
2243,3.8726
2244,3.8727
2245,3.873
2246,3.8732
2247,3.8735
2248,3.8737
2249,3.874
2250,3.8742
2251,3.8745
2252,3.8746
2253,3.875
2254,3.8751
2255,3.8754
2256,3.8756
2257,3.8759
2258,3.8761
2259,3.8764
2260,3.8765
2261,3.8769
2262,3.877
2263,3.8773
2264,3.8775
2265,3.8778
2266,3.878
2267,3.8783
2268,3.8784
2269,3.8788
2270,3.8789
2271,3.8792
2272,3.8794
2273,3.8797
2274,3.8799
2275,3.8802
2276,3.8804
2277,3.8807
2278,3.8808
2279,3.8811
2280,3.8813
2281,3.8816
2282,3.8818
2283,3.8821
2284,3.8823
2285,3.8826
2286,3.8827
2287,3.8831
2288,3.8832
2289,3.8835
2290,3.8837
2291,3.884
2292,3.8842
2293,3.8843
2294,3.8846
2295,3.885
2296,3.8851
2297,3.8853
2298,3.8856
2299,3.8858
2300,3.8861
2301,3.8862
2302,3.8865
2303,3.8867
2304,3.887
2305,3.8872
2306,3.8875
2307,3.8877
2308,3.888
2309,3.8881
2310,3.8885
2311,3.8886
2312,3.8889
2313,3.8891
2314,3.8893
2315,3.8896
2316,3.8897
2317,3.89
2318,3.8902
2319,3.8905
2320,3.8907
2321,3.891
2322,3.8912
2323,3.8915
2324,3.8916
2325,3.892
2326,3.8921
2327,3.8923
2328,3.8926
2329,3.8927
2330,3.8931
2331,3.8932
2332,3.8935
2333,3.8937
2334,3.894
2335,3.8942
2336,3.8945
2337,3.8947
2338,3.895
2339,3.8951
2340,3.8953
2341,3.8956
2342,3.8958
2343,3.8961
2344,3.8962
2345,3.8966
2346,3.8967
2347,3.897
2348,3.8972
2349,3.8974
2350,3.8977
2351,3.8978
2352,3.8981
2353,3.8983
2354,3.8986
2355,3.8988
2356,3.8991
2357,3.8993
2358,3.8996
2359,3.8997
2360,3.8999
2361,3.9002
2362,3.9004
2363,3.9007
2364,3.9008
2365,3.9012
2366,3.9013
2367,3.9015
2368,3.9018
2369,3.902
2370,3.9023
2371,3.9024
2372,3.9028
2373,3.9029
2374,3.9032
2375,3.9034
2376,3.9035
2377,3.9039
2378,3.904
2379,3.9043
2380,3.9045
2381,3.9048
2382,3.905
2383,3.9053
2384,3.9055
2385,3.9056
2386,3.9059
2387,3.9061
2388,3.9064
2389,3.9066
2390,3.9069
2391,3.907
2392,3.9072
2393,3.9075
2394,3.9077
2395,3.908
2396,3.9082
2397,3.9085
2398,3.9086
2399,3.909
2400,3.9091
2401,3.9093
2402,3.9096
2403,3.9097
2404,3.9101
2405,3.9102
2406,3.9105
2407,3.9107
2408,3.911
2409,3.9112
2410,3.9113
2411,3.9117
2412,3.9118
2413,3.9121
2414,3.9123
2415,3.9126
2416,3.9128
2417,3.9131
2418,3.9132
2419,3.9136
2420,3.9137
2421,3.9139
2422,3.9142
2423,3.9144
2424,3.9147
2425,3.9148
2426,3.9151
2427,3.9153
2428,3.9156
2429,3.9158
2430,3.9161
2431,3.9163
2432,3.9164
2433,3.9167
2434,3.9171
2435,3.9172
2436,3.9174
2437,3.9177
2438,3.9178
2439,3.9182
2440,3.9183
2441,3.9186
2442,3.9188
2443,3.9191
2444,3.9193
2445,3.9196
2446,3.9198
2447,3.9201
2448,3.9202
2449,3.9205
2450,3.9207
2451,3.921
2452,3.9212
2453,3.9215
2454,3.9217
2455,3.9218
2456,3.9221
2457,3.9223
2458,3.9226
2459,3.9228
2460,3.9231
2461,3.9232
2462,3.9236
2463,3.9237
2464,3.924
2465,3.9242
2466,3.9245
2467,3.9247
2468,3.925
2469,3.9252
2470,3.9255
2471,3.9256
2472,3.926
2473,3.9261
2474,3.9264
2475,3.9266
2476,3.9269
2477,3.9271
2478,3.9274
2479,3.9275
2480,3.9279
2481,3.9282
2482,3.9283
2483,3.9287
2484,3.9288
2485,3.929
2486,3.9293
2487,3.9296
2488,3.9298
2489,3.9301
2490,3.9302
2491,3.9306
2492,3.9307
2493,3.931
2494,3.9312
2495,3.9315
2496,3.9317
2497,3.932
2498,3.9323
2499,3.9325
2500,3.9328
2501,3.9329
2502,3.9333
2503,3.9334
2504,3.9337
2505,3.9339
2506,3.9342
2507,3.9345
2508,3.9347
2509,3.935
2510,3.9352
2511,3.9355
2512,3.9356
2513,3.936
2514,3.9363
2515,3.9364
2516,3.9368
2517,3.9369
2518,3.9372
2519,3.9374
2520,3.9377
2521,3.938
2522,3.9382
2523,3.9385
2524,3.9387
2525,3.939
2526,3.9393
2527,3.9395
2528,3.9398
2529,3.9399
2530,3.9402
2531,3.9404
2532,3.9407
2533,3.941
2534,3.9412
2535,3.9415
2536,3.9418
2537,3.942
2538,3.9423
2539,3.9425
2540,3.9428
2541,3.9431
2542,3.9433
2543,3.9436
2544,3.9437
2545,3.9441
2546,3.9444
2547,3.9445
2548,3.9449
2549,3.9452
2550,3.9453
2551,3.9457
2552,3.9458
2553,3.9461
2554,3.9464
2555,3.9466
2556,3.9469
2557,3.9472
2558,3.9474
2559,3.9477
2560,3.948
2561,3.9482
2562,3.9485
2563,3.9488
2564,3.949
2565,3.9493
2566,3.9496
2567,3.9498
2568,3.9501
2569,3.9503
2570,3.9506
2571,3.9509
2572,3.9512
2573,3.9514
2574,3.9517
2575,3.952
2576,3.9522
2577,3.9525
2578,3.9528
2579,3.953
2580,3.9533
2581,3.9536
2582,3.9538
2583,3.9541
2584,3.9544
2585,3.9545
2586,3.9549
2587,3.9552
2588,3.9553
2589,3.9557
2590,3.956
2591,3.9561
2592,3.9565
2593,3.9568
2594,3.9569
2595,3.9572
2596,3.9576
2597,3.9579
2598,3.958
2599,3.9584
2600,3.9587
2601,3.9588
2602,3.9592
2603,3.9595
2604,3.9598
2605,3.9599
2606,3.9603
2607,3.9606
2608,3.9607
2609,3.9611
2610,3.9614
2611,3.9615
2612,3.9619
2613,3.9622
2614,3.9625
2615,3.9627
2616,3.963
2617,3.9633
2618,3.9634
2619,3.9638
2620,3.9641
2621,3.9642
2622,3.9646
2623,3.9649
2624,3.9652
2625,3.9654
2626,3.9657
2627,3.966
2628,3.9661
2629,3.9665
2630,3.9668
2631,3.9669
2632,3.9673
2633,3.9676
2634,3.9679
2635,3.9681
2636,3.9684
2637,3.9687
2638,3.969
2639,3.9692
2640,3.9695
2641,3.9698
2642,3.97
2643,3.9703
2644,3.9706
2645,3.9708
2646,3.9711
2647,3.9714
2648,3.9717
2649,3.9719
2650,3.9722
2651,3.9725
2652,3.9727
2653,3.973
2654,3.9733
2655,3.9735
2656,3.9738
2657,3.9741
2658,3.9742
2659,3.9746
2660,3.9749
2661,3.9752
2662,3.9754
2663,3.9757
2664,3.976
2665,3.9762
2666,3.9765
2667,3.9768
2668,3.9769
2669,3.9773
2670,3.9776
2671,3.9777
2672,3.9781
2673,3.9784
2674,3.9785
2675,3.9789
2676,3.9792
2677,3.9793
2678,3.9797
2679,3.98
2680,3.9801
2681,3.9804
2682,3.9808
2683,3.9809
2684,3.9812
2685,3.9814
2686,3.9817
2687,3.982
2688,3.9822
2689,3.9825
2690,3.9828
2691,3.983
2692,3.9833
2693,3.9836
2694,3.9838
2695,3.9841
2696,3.9843
2697,3.9846
2698,3.9849
2699,3.9851
2700,3.9854
2701,3.9855
2702,3.9858
2703,3.9862
2704,3.9863
2705,3.9866
2706,3.987
2707,3.9871
2708,3.9874
2709,3.9876
2710,3.9879
2711,3.9881
2712,3.9884
2713,3.9885
2714,3.9889
2715,3.9892
2716,3.9893
2717,3.9897
2718,3.9898
2719,3.9901
2720,3.9903
2721,3.9906
2722,3.9908
2723,3.9911
2724,3.9914
2725,3.9916
2726,3.9919
2727,3.992
2728,3.9924
2729,3.9925
2730,3.9928
2731,3.993
2732,3.9933
2733,3.9935
2734,3.9938
2735,3.9939
2736,3.9943
2737,3.9944
2738,3.9947
2739,3.9949
2740,3.9952
2741,3.9954
2742,3.9957
2743,3.9959
2744,3.996
2745,3.9963
2746,3.9965
2747,3.9968
2748,3.997
2749,3.9973
2750,3.9974
2751,3.9976
2752,3.9979
2753,3.9981
2754,3.9984
2755,3.9986
2756,3.9989
2757,3.999
2758,3.9992
2759,3.9995
2760,3.9997
2761,4.0
2762,4.0001
2763,4.0003
2764,4.0006
2765,4.0008
2766,4.0011
2767,4.0013
2768,4.0014
2769,4.0017
2770,4.0019
2771,4.0021
2772,4.0024
2773,4.0025
2774,4.0027
2775,4.003
2776,4.0032
2777,4.0033
2778,4.0036
2779,4.0038
2780,4.004
2781,4.0043
2782,4.0044
2783,4.0046
2784,4.0048
2785,4.0051
2786,4.0052
2787,4.0054
2788,4.0057
2789,4.0059
2790,4.006
2791,4.0062
2792,4.0065
2793,4.0067
2794,4.0068
2795,4.0071
2796,4.0073
2797,4.0075
2798,4.0076
2799,4.0079
2800,4.0081
2801,4.0082
2802,4.0084
2803,4.0086
2804,4.0089
2805,4.009
2806,4.0092
2807,4.0094
2808,4.0095
2809,4.0098
2810,4.01
2811,4.0102
2812,4.0103
2813,4.0105
2814,4.0108
2815,4.0109
2816,4.0111
2817,4.0113
2818,4.0114
2819,4.0117
2820,4.0119
2821,4.0121
2822,4.0122
2823,4.0124
2824,4.0125
2825,4.0129
2826,4.013
2827,4.0132
2828,4.0133
2829,4.0135
2830,4.0137
2831,4.0138
2832,4.014
2833,4.0141
2834,4.0144
2835,4.0146
2836,4.0148
2837,4.0149
2838,4.0151
2839,4.0152
2840,4.0154
2841,4.0156
2842,4.0159
2843,4.0159
2844,4.0162
2845,4.0164
2846,4.0165
2847,4.0167
2848,4.0168
2849,4.017
2850,4.0171
2851,4.0173
2852,4.0175
2853,4.0176
2854,4.0178
2855,4.0181
2856,4.0183
2857,4.0184
2858,4.0186
2859,4.0187
2860,4.0189
2861,4.0191
2862,4.0192
2863,4.0194
2864,4.0195
2865,4.0197
2866,4.0198
2867,4.02
2868,4.0202
2869,4.0203
2870,4.0205
2871,4.0206
2872,4.0208
2873,4.021
2874,4.0211
2875,4.0213
2876,4.0214
2877,4.0216
2878,4.0218
2879,4.0219
2880,4.0221
2881,4.0222
2882,4.0225
2883,4.0225
2884,4.0227
2885,4.023
2886,4.0232
2887,4.0233
2888,4.0235
2889,4.0235
2890,4.0238
2891,4.024
2892,4.0241
2893,4.0241
2894,4.0245
2895,4.0245
2896,4.0248
2897,4.0248
2898,4.0251
2899,4.0251
2900,4.0254
2901,4.0256
2902,4.0257
2903,4.0257
2904,4.0259
2905,4.026
2906,4.0262
2907,4.0264
2908,4.0265
2909,4.0267
2910,4.0268
2911,4.027
2912,4.0272
2913,4.0273
2914,4.0275
2915,4.0276
2916,4.0278
2917,4.0279
2918,4.0281
2919,4.0283
2920,4.0284
2921,4.0286
2922,4.0287
2923,4.0289
2924,4.0291
2925,4.0292
2926,4.0294
2927,4.0295
2928,4.0297
2929,4.0299
2930,4.03
2931,4.0302
2932,4.0303
2933,4.0305
2934,4.0306
2935,4.0308
2936,4.031
2937,4.0311
2938,4.0313
2939,4.0314
2940,4.0316
2941,4.0318
2942,4.0319
2943,4.0321
2944,4.0322
2945,4.0324
2946,4.0326
2947,4.0327
2948,4.0329
2949,4.033
2950,4.0332
2951,4.0333
2952,4.0337
2953,4.0337
2954,4.0338
2955,4.0341
2956,4.0343
2957,4.0345
2958,4.0346
2959,4.0348
2960,4.0349
2961,4.0351
2962,4.0353
2963,4.0354
2964,4.0356
2965,4.0357
2966,4.0359
2967,4.0361
2968,4.0362
2969,4.0364
2970,4.0365
2971,4.0367
2972,4.0368
2973,4.037
2974,4.0372
2975,4.0375
2976,4.0376
2977,4.0378
2978,4.038
2979,4.0381
2980,4.0383
2981,4.0384
2982,4.0386
2983,4.0388
2984,4.0391
2985,4.0392
2986,4.0394
2987,4.0395
2988,4.0397
2989,4.0399
2990,4.04
2991,4.0402
2992,4.0403
2993,4.0407
2994,4.0408
2995,4.041
2996,4.0411
2997,4.0413
2998,4.0415
2999,4.0418
3000,4.0419
3001,4.0421
3002,4.0422
3003,4.0424
3004,4.0426
3005,4.0429
3006,4.043
3007,4.0432
3008,4.0434
3009,4.0435
3010,4.0438
3011,4.044
3012,4.0442
3013,4.0443
3014,4.0446
3015,4.0448
3016,4.0449
3017,4.0451
3018,4.0454
3019,4.0456
3020,4.0457
3021,4.0459
3022,4.0462
3023,4.0464
3024,4.0465
3025,4.0467
3026,4.047
3027,4.0472
3028,4.0473
3029,4.0476
3030,4.0478
3031,4.048
3032,4.0483
3033,4.0484
3034,4.0486
3035,4.0488
3036,4.0491
3037,4.0492
3038,4.0496
3039,4.0497
3040,4.0499
3041,4.0502
3042,4.0504
3043,4.0507
3044,4.0508
3045,4.051
3046,4.0513
3047,4.0515
3048,4.0518
3049,4.0519
3050,4.0521
3051,4.0524
3052,4.0526
3053,4.0529
3054,4.0531
3055,4.0534
3056,4.0535
3057,4.0538
3058,4.054
3059,4.0543
3060,4.0545
3061,4.0548
3062,4.055
3063,4.0553
3064,4.0554
3065,4.0558
3066,4.0559
3067,4.0562
3068,4.0564
3069,4.0567
3070,4.0569
3071,4.0572
3072,4.0573
3073,4.0577
3074,4.058
3075,4.0581
3076,4.0585
3077,4.0586
3078,4.0589
3079,4.0591
3080,4.0594
3081,4.0597
3082,4.0599
3083,4.0602
3084,4.0604
3085,4.0607
3086,4.061
3087,4.0612
3088,4.0615
3089,4.0618
3090,4.0619
3091,4.0623
3092,4.0626
3093,4.0627
3094,4.0631
3095,4.0634
3096,4.0637
3097,4.0639
3098,4.0642
3099,4.0645
3100,4.0646
3101,4.065
3102,4.0653
3103,4.0656
3104,4.0658
3105,4.0661
3106,4.0664
3107,4.0666
3108,4.0669
3109,4.0672
3110,4.0675
3111,4.0678
3112,4.068
3113,4.0683
3114,4.0686
3115,4.0689
3116,4.0691
3117,4.0694
3118,4.0697
3119,4.0701
3120,4.0704
3121,4.0707
3122,4.0708
3123,4.0712
3124,4.0715
3125,4.0718
3126,4.0721
3127,4.0723
3128,4.0726
3129,4.0729
3130,4.0732
3131,4.0735
3132,4.0739
3133,4.0742
3134,4.0743
3135,4.0747
3136,4.075
3137,4.0753
3138,4.0756
3139,4.0759
3140,4.0762
3141,4.0766
3142,4.0767
3143,4.077
3144,4.0774
3145,4.0777
3146,4.078
3147,4.0783
3148,4.0786
3149,4.0789
3150,4.0791
3151,4.0796
3152,4.0797
3153,4.0801
3154,4.0804
3155,4.0807
3156,4.081
3157,4.0813
3158,4.0816
3159,4.082
3160,4.0823
3161,4.0826
3162,4.0829
3163,4.0831
3164,4.0834
3165,4.0837
3166,4.084
3167,4.0843
3168,4.0847
3169,4.085
3170,4.0853
3171,4.0856
3172,4.0859
3173,4.0863
3174,4.0866
3175,4.0869
3176,4.0872
3177,4.0874
3178,4.0877
3179,4.088
3180,4.0883
3181,4.0886
3182,4.089
3183,4.0893
3184,4.0896
3185,4.0899
3186,4.0902
3187,4.0905
3188,4.0909
3189,4.0912
3190,4.0915
3191,4.0917
3192,4.092
3193,4.0923
3194,4.0926
3195,4.0929
3196,4.0932
3197,4.0936
3198,4.0939
3199,4.0942
3200,4.0945
3201,4.0948
3202,4.0952
3203,4.0955
3204,4.0956
3205,4.0959
3206,4.0963
3207,4.0966
3208,4.0969
3209,4.0972
3210,4.0975
3211,4.0979
3212,4.0982
3213,4.0985
3214,4.0988
3215,4.099
3216,4.0993
3217,4.0996
3218,4.0999
3219,4.1002
3220,4.1006
3221,4.1009
3222,4.1012
3223,4.1013
3224,4.1017
3225,4.1021
3226,4.1023
3227,4.1026
3228,4.1029
3229,4.1033
3230,4.1036
3231,4.1037
3232,4.104
3233,4.1044
3234,4.1047
3235,4.105
3236,4.1053
3237,4.1056
3238,4.1058
3239,4.1061
3240,4.1064
3241,4.1068
3242,4.1071
3243,4.1074
3244,4.1075
3245,4.1079
3246,4.1082
3247,4.1085
3248,4.1088
3249,4.1091
3250,4.1093
3251,4.1096
3252,4.1099
3253,4.1102
3254,4.1104
3255,4.1107
3256,4.111
3257,4.1114
3258,4.1117
3259,4.1118
3260,4.1122
3261,4.1125
3262,4.1128
3263,4.1129
3264,4.1133
3265,4.1136
3266,4.1139
3267,4.1141
3268,4.1144
3269,4.1147
3270,4.115
3271,4.1152
3272,4.1155
3273,4.1158
3274,4.116
3275,4.1163
3276,4.1166
3277,4.1169
3278,4.1171
3279,4.1174
3280,4.1177
3281,4.1179
3282,4.1182
3283,4.1185
3284,4.1187
3285,4.119
3286,4.1193
3287,4.1195
3288,4.1198
3289,4.1201
3290,4.1203
3291,4.1206
3292,4.1209
3293,4.121
3294,4.1214
3295,4.1215
3296,4.1218
3297,4.1222
3298,4.1223
3299,4.1226
3300,4.1228
3301,4.1231
3302,4.1234
3303,4.1236
3304,4.1239
3305,4.1241
3306,4.1244
3307,4.1245
3308,4.1249
3309,4.1252
3310,4.1253
3311,4.1257
3312,4.1258
3313,4.1261
3314,4.1263
3315,4.1266
3316,4.1268
3317,4.1271
3318,4.1272
3319,4.1276
3320,4.1277
3321,4.128
3322,4.1282
3323,4.1285
3324,4.1287
3325,4.129
3326,4.1292
3327,4.1295
3328,4.1296
3329,4.1299
3330,4.1301
3331,4.1303
3332,4.1306
3333,4.1307
3334,4.1311
3335,4.1312
3336,4.1315
3337,4.1317
3338,4.1319
3339,4.1322
3340,4.1323
3341,4.1325
3342,4.1328
3343,4.133
3344,4.1333
3345,4.1334
3346,4.1338
3347,4.1339
3348,4.1341
3349,4.1344
3350,4.1346
3351,4.1347
3352,4.1349
3353,4.1352
3354,4.1353
3355,4.1357
3356,4.1358
3357,4.136
3358,4.1363
3359,4.1365
3360,4.1366
3361,4.1368
3362,4.1371
3363,4.1373
3364,4.1374
3365,4.1376
3366,4.1379
3367,4.138
3368,4.1382
3369,4.1384
3370,4.1387
3371,4.1388
3372,4.139
3373,4.1392
3374,4.1395
3375,4.1396
3376,4.1398
3377,4.14
3378,4.1401
3379,4.1404
3380,4.1406
3381,4.1407
3382,4.1409
3383,4.1411
3384,4.1412
3385,4.1415
3386,4.1417
3387,4.1419
3388,4.142
3389,4.1422
3390,4.1423
3391,4.1425
3392,4.1428
3393,4.143
3394,4.1431
3395,4.1433
3396,4.1435
3397,4.1436
3398,4.1438
3399,4.1439
3400,4.1441
3401,4.1444
3402,4.1446
3403,4.1447
3404,4.1449
3405,4.145
3406,4.1452
3407,4.1454
3408,4.1455
3409,4.1457
3410,4.1458
3411,4.146
3412,4.1462
3413,4.1463
3414,4.1465
3415,4.1466
3416,4.1468
3417,4.1469
3418,4.1471
3419,4.1473
3420,4.1474
3421,4.1476
3422,4.1477
3423,4.1479
3424,4.1481
3425,4.1482
3426,4.1484
3427,4.1485
3428,4.1487
3429,4.1489
3430,4.149
3431,4.1492
3432,4.1492
3433,4.1495
3434,4.1495
3435,4.1496
3436,4.1498
3437,4.15
3438,4.1501
3439,4.1503
3440,4.1504
3441,4.1506
3442,4.1508
3443,4.1508
3444,4.1509
3445,4.1511
3446,4.1512
3447,4.1514
3448,4.1516
3449,4.1517
3450,4.1517
3451,4.1519
3452,4.152
3453,4.1522
3454,4.1523
3455,4.1525
3456,4.1525
3457,4.1527
3458,4.1528
3459,4.153
3460,4.1531
3461,4.1531
3462,4.1533
3463,4.1535
3464,4.1536
3465,4.1538
3466,4.1538
3467,4.1539
3468,4.1541
3469,4.1543
3470,4.1543
3471,4.1544
3472,4.1546
3473,4.1547
3474,4.1547
3475,4.1549
3476,4.155
3477,4.1552
3478,4.1552
3479,4.1554
3480,4.1555
3481,4.1557
3482,4.1557
3483,4.1558
3484,4.156
3485,4.156
3486,4.1562
3487,4.1563
3488,4.1563
3489,4.1565
3490,4.1566
3491,4.1566
3492,4.1568
3493,4.157
3494,4.157
3495,4.1571
3496,4.1573
3497,4.1573
3498,4.1574
3499,4.1576
3500,4.1576
3501,4.1577
3502,4.1577
3503,4.1579
3504,4.1581
3505,4.1582
3506,4.1582
3507,4.1584
3508,4.1584
3509,4.1585
3510,4.1587
3511,4.1587
3512,4.1589
3513,4.1589
3514,4.159
3515,4.1592
3516,4.1592
3517,4.1593
3518,4.1593
3519,4.1595
3520,4.1597
3521,4.1597
3522,4.1598
3523,4.1598
3524,4.16
3525,4.16
3526,4.1601
3527,4.1601
3528,4.1603
3529,4.1603
3530,4.1605
3531,4.1606
3532,4.1606
3533,4.1608
3534,4.1608
3535,4.1609
3536,4.1609
3537,4.1611
3538,4.1612
3539,4.1612
3540,4.1614
3541,4.1614
3542,4.1616
3543,4.1616
3544,4.1617
3545,4.1617
3546,4.1619
3547,4.1619
3548,4.162
3549,4.162
3550,4.1622
3551,4.1622
3552,4.1624
3553,4.1624
3554,4.1625
3555,4.1625
3556,4.1627
3557,4.1627
3558,4.1628
3559,4.1628
3560,4.163
3561,4.163
3562,4.1632
3563,4.1632
3564,4.1633
3565,4.1633
3566,4.1635
3567,4.1635
3568,4.1636
3569,4.1638
3570,4.1638
3571,4.1639
3572,4.1639
3573,4.1641
3574,4.1641
3575,4.1643
3576,4.1643
3577,4.1644
3578,4.1644
3579,4.1646
3580,4.1646
3581,4.1647
3582,4.1647
3583,4.1649
3584,4.1649
3585,4.1649
3586,4.1651
3587,4.1652
3588,4.1652
3589,4.1654
3590,4.1654
3591,4.1655
3592,4.1655
3593,4.1655
3594,4.1657
3595,4.1657
3596,4.1659
3597,4.166
3598,4.166
3599,4.1662
3600,4.1662
3601,4.1663
3602,4.1663
3603,4.1665
3604,4.1665
3605,4.1666
3606,4.1666
3607,4.1668
3608,4.1668
3609,4.167
3610,4.167
3611,4.1671
3612,4.1671
3613,4.1673
3614,4.1673
3615,4.1674
3616,4.1674
3617,4.1676
3618,4.1676
3619,4.1678
3620,4.1679
3621,4.1679
3622,4.1681
3623,4.1681
3624,4.1682
3625,4.1682
3626,4.1684
3627,4.1684
3628,4.1686
3629,4.1686
3630,4.1687
3631,4.1689
3632,4.1689
3633,4.169
3634,4.169
3635,4.1692
3636,4.1692
3637,4.1693
3638,4.1693
3639,4.1695
3640,4.1697
3641,4.1697
3642,4.1698
3643,4.1698
3644,4.17
3645,4.1701
3646,4.1701
3647,4.1703
3648,4.1703
3649,4.1705
3650,4.1705
3651,4.1706
3652,4.1708
3653,4.1708
3654,4.1709
3655,4.1709
3656,4.1711
3657,4.1713
3658,4.1713
3659,4.1714
3660,4.1716
3661,4.1716
3662,4.1717
3663,4.1719
3664,4.1719
3665,4.172
3666,4.172
3667,4.1722
3668,4.1724
3669,4.1724
3670,4.1725
3671,4.1727
3672,4.1727
3673,4.1728
3674,4.173
3675,4.173
3676,4.1732
3677,4.1733
3678,4.1733
3679,4.1735
3680,4.1736
3681,4.1736
3682,4.1738
3683,4.174
3684,4.174
3685,4.1741
3686,4.1743
3687,4.1744
3688,4.1744
3689,4.1746
3690,4.1747
3691,4.1747
3692,4.1749
3693,4.1751
3694,4.1752
3695,4.1752
3696,4.1754
3697,4.1755
3698,4.1757
3699,4.1757
3700,4.1759
3701,4.176
3702,4.1762
3703,4.1763
3704,4.1763
3705,4.1765
3706,4.1767
3707,4.1768
3708,4.177
3709,4.177
3710,4.1771
3711,4.1773
3712,4.1774
3713,4.1776
3714,4.1778
3715,4.1778
3716,4.1779
3717,4.1781
3718,4.1782
3719,4.1784
3720,4.1786
3721,4.1787
3722,4.1789
3723,4.1789
3724,4.179
3725,4.1792
3726,4.1794
3727,4.1795
3728,4.1797
3729,4.1798
3730,4.18
3731,4.1802
3732,4.1803
3733,4.1805
3734,4.1806
3735,4.1808
3736,4.1809
3737,4.1811
3738,4.1811
3739,4.1814
3740,4.1816
3741,4.1817
3742,4.1819
3743,4.1821
3744,4.1822
3745,4.1824
3746,4.1825
3747,4.1827
3748,4.1829
3749,4.183
3750,4.1832
3751,4.1833
3752,4.1835
3753,4.1836
3754,4.1838
3755,4.1841
3756,4.1843
3757,4.1844
3758,4.1846
3759,4.1848
3760,4.1849
3761,4.1852
3762,4.1854
3763,4.1856
3764,4.1857
3765,4.1859
3766,4.186
3767,4.1863
3768,4.1865
3769,4.1867
3770,4.187
3771,4.1871
3772,4.1873
3773,4.1875
3774,4.1878
3775,4.1879
3776,4.1881
3777,4.1884
3778,4.1886
3779,4.1887
3780,4.189
3781,4.1892
3782,4.1895
3783,4.1897
3784,4.1898
3785,4.1902
3786,4.1903
3787,4.1906
3788,4.1908
3789,4.1911
3790,4.1913
3791,4.1916
3792,4.1917
3793,4.1921
3794,4.1922
3795,4.1925
3796,4.1927
3797,4.193
3798,4.1933
3799,4.1935
3800,4.1938
3801,4.1941
3802,4.1943
3803,4.1946
3804,4.1949
3805,4.1951
3806,4.1954
3807,4.1957
3808,4.1959
3809,4.1962
3810,4.1965
3811,4.1968
3812,4.1971
3813,4.1973
3814,4.1976
3815,4.1979
3816,4.1983
3817,4.1986
3818,4.1989
3819,4.1992
3820,4.1995
3821,4.1999
3822,4.2002
3823,4.2005
3824,4.2008
3825,4.2011
3826,4.2014
3827,4.2018
3828,4.2021
3829,4.2024
3830,4.2027
3831,4.2032
3832,4.2035
3833,4.2038
3834,4.2041
3835,4.2045
3836,4.2049
3837,4.2053
3838,4.2056
3839,4.206
3840,4.2064
3841,4.2067
3842,4.2072
3843,4.2075
3844,4.208
3845,4.2083
3846,4.2087
3847,4.2091
3848,4.2095
3849,4.2099
3850,4.2103
3851,4.2107
3852,4.2111
3853,4.2116
3854,4.2119
3855,4.2124
3856,4.2129
3857,4.2134
3858,4.2137
3859,4.2142
3860,4.2146
3861,4.2151
3862,4.2156
3863,4.2161
3864,4.2165
3865,4.217
3866,4.2175
3867,4.218
3868,4.2184
3869,4.2189
3870,4.2194
3871,4.2199
3872,4.2205
3873,4.221
3874,4.2215
3875,4.2219
3876,4.2226
3877,4.223
3878,4.2235
3879,4.2242
3880,4.2246
3881,4.2253
3882,4.2257
3883,4.2264
3884,4.2269
3885,4.2275
3886,4.228
3887,4.2286
3888,4.2292
3889,4.2297
3890,4.2304
3891,4.231
3892,4.2316
3893,4.2323
3894,4.2329
3895,4.2335
3896,4.234
3897,4.2348
3898,4.2353
3899,4.2361
3900,4.2367
3901,4.2373
3902,4.238
3903,4.2386
3904,4.2393
3905,4.24
3906,4.2407
3907,4.2413
3908,4.2421
3909,4.2427
3910,4.2435
3911,4.2442
3912,4.245
3913,4.2456
3914,4.2464
3915,4.247
3916,4.2478
3917,4.2486
3918,4.2494
3919,4.2501
3920,4.2509
3921,4.2516
3922,4.2524
3923,4.2532
3924,4.254
3925,4.254
3926,4.2548
3927,4.2548
3928,4.2556
3929,4.2556
3930,4.2564
3931,4.2564
3932,4.2572
3933,4.2572
3934,4.258
3935,4.258
3936,4.259
3937,4.259
3938,4.2597
3939,4.2597
3940,4.2605
3941,4.2605
3942,4.2613
3943,4.2613
3944,4.2623
3945,4.2623
3946,4.2631
3947,4.2631
3948,4.264
3949,4.264
3950,4.2648
3951,4.2648
3952,4.2658
3953,4.2658
3954,4.2666
3955,4.2666
3956,4.2675
3957,4.2675
3958,4.2683
3959,4.2683
3960,4.2693
3961,4.2693
3962,4.2702
3963,4.2702
3964,4.271
3965,4.271
3966,4.272
3967,4.2729
3968,4.2739
3969,4.2748
3970,4.2758
3971,4.2767
3972,4.2777
3973,4.2787
3974,4.2796
3975,4.2806
3976,4.2815
3977,4.2825
3978,4.2834
3979,4.2845
3980,4.2855
3981,4.2864
3982,4.2875
3983,4.2885
3984,4.2895
3985,4.2906
3986,4.2915
3987,4.2926
3988,4.2937
3989,4.2947
3990,4.2958
3991,4.2968
3992,4.2979
3993,4.299
3994,4.2999
3995,4.2998
3996,4.2998
3997,4.2998
3998,4.2998
3999,4.2998
4000,4.2998
4001,4.2998
4002,4.2998
4003,4.2978
4004,4.2958
4005,4.295
4006,4.2943
4007,4.2939
4008,4.2934
4009,4.2931
4010,4.2927
4011,4.2926
4012,4.2923
4013,4.2919
4014,4.2918
4015,4.2916
4016,4.2915
4017,4.2913
4018,4.2912
4019,4.291
4020,4.2908
4021,4.2907
4022,4.2905
4023,4.2904
4024,4.2904
4025,4.2902
4026,4.29
4027,4.29
4028,4.2899
4029,4.2897
4030,4.2897
4031,4.2896
4032,4.2896
4033,4.2894
4034,4.2892
4035,4.2892
4036,4.2891
4037,4.2891
4038,4.2889
4039,4.2889
4040,4.2889
4041,4.2888
4042,4.2888
4043,4.2886
4044,4.2886
4045,4.2884
4046,4.2884
4047,4.2883
4048,4.2883
4049,4.2883
4050,4.2881
4051,4.2881
4052,4.2881
4053,4.288
4054,4.288
4055,4.2878
4056,4.2878
4057,4.2878
4058,4.2877
4059,4.2877
4060,4.2877
4061,4.2875
4062,4.2875
4063,4.2875
4064,4.2873
4065,4.2873
4066,4.2873
4067,4.2872
4068,4.2872
4069,4.2872
4070,4.2872
4071,4.287
4072,4.287
4073,4.287
4074,4.287
4075,4.2869
4076,4.2869
4077,4.2869
4078,4.2867
4079,4.2867
4080,4.2867
4081,4.2867
4082,4.2865
4083,4.2865
4084,4.2865
4085,4.2865
4086,4.2864
4087,4.2864
4088,4.2864
4089,4.2864
4090,4.2862
4091,4.2862
4092,4.2862
4093,4.2862
4094,4.2861
4095,4.2861
4096,4.2861
4097,4.2861
4098,4.2859
4099,4.2859
4100,4.2859
4101,4.2859
4102,4.2857
4103,4.2857
4104,4.2857
4105,4.2857
4106,4.2857
4107,4.2857
4108,4.2856
4109,4.2856
4110,4.2856
4111,4.2856
4112,4.2854
4113,4.2854
4114,4.2854
4115,4.2854
4116,4.2853
4117,4.2854
4118,4.2853
4119,4.2853
4120,4.2853
4121,4.2853
4122,4.2851
4123,4.2851
4124,4.2851
4125,4.2851
4126,4.2851
4127,4.285
4128,4.285
4129,4.285
4130,4.285
4131,4.285
4132,4.285
4133,4.2848
4134,4.2848
4135,4.2848
4136,4.2848
4137,4.2848
4138,4.2846
4139,4.2846
4140,4.2846
4141,4.2846
4142,4.2846
4143,4.2846
4144,4.2846
4145,4.2845
4146,4.2845
4147,4.2845
4148,4.2845
4149,4.2845
4150,4.2845
4151,4.2843
4152,4.2843
4153,4.2843
4154,4.2843
4155,4.2843
4156,4.2843
4157,4.2842
4158,4.2842
4159,4.2842
4160,4.2842
4161,4.2842
4162,4.2842
4163,4.2842
4164,4.2842
4165,4.284
4166,4.284
4167,4.284
4168,4.284
4169,4.284
4170,4.284
4171,4.2838
4172,4.2838
4173,4.2838
4174,4.2838
4175,4.2838
4176,4.2838
4177,4.2838
4178,4.2837
4179,4.2837
4180,4.2837
4181,4.2837
4182,4.2837
4183,4.2837
4184,4.2783
4185,4.2737
4186,4.2713
4187,4.2694
4188,4.2676
4189,4.266
4190,4.2646
4191,4.2632
4192,4.2617
4193,4.2605
4194,4.2592
4195,4.2579
4196,4.2567
4197,4.2554
4198,4.2543
4199,4.2532
4200,4.252
4201,4.2508
4202,4.2497
4203,4.2487
4204,4.2476
4205,4.2465
4206,4.2454
4207,4.2444
4208,4.2433
4209,4.2424
4210,4.2414
4211,4.2403
4212,4.2393
4213,4.2384
4214,4.2374
4215,4.2365
4216,4.2355
4217,4.2346
4218,4.2336
4219,4.2328
4220,4.2319
4221,4.2309
4222,4.2301
4223,4.2292
4224,4.2284
4225,4.2274
4226,4.2266
4227,4.2258
4228,4.2249
4229,4.2241
4230,4.2233
4231,4.2225
4232,4.2217
4233,4.2209
4234,4.2201
4235,4.2193
4236,4.2185
4237,4.2177
4238,4.2171
4239,4.2163
4240,4.2155
4241,4.2149
4242,4.2141
4243,4.2134
4244,4.2126
4245,4.212
4246,4.2112
4247,4.2106
4248,4.2099
4249,4.2091
4250,4.2085
4251,4.2079
4252,4.2072
4253,4.2066
4254,4.206
4255,4.2053
4256,4.2047
4257,4.204
4258,4.2034
4259,4.2028
4260,4.2021
4261,4.2015
4262,4.201
4263,4.2004
4264,4.1998
4265,4.1993
4266,4.1986
4267,4.198
4268,4.1975
4269,4.1971
4270,4.1964
4271,4.1959
4272,4.1955
4273,4.1948
4274,4.1943
4275,4.1939
4276,4.1932
4277,4.1928
4278,4.1923
4279,4.1918
4280,4.1913
4281,4.1909
4282,4.1904
4283,4.1899
4284,4.1894
4285,4.1889
4286,4.1885
4287,4.188
4288,4.1875
4289,4.1872
4290,4.1867
4291,4.1862
4292,4.1858
4293,4.1854
4294,4.185
4295,4.1845
4296,4.1842
4297,4.1837
4298,4.1834
4299,4.1829
4300,4.1826
4301,4.1821
4302,4.1818
4303,4.1813
4304,4.181
4305,4.1807
4306,4.1802
4307,4.1799
4308,4.1796
4309,4.1791
4310,4.1788
4311,4.1785
4312,4.1781
4313,4.1778
4314,4.1775
4315,4.177
4316,4.1767
4317,4.1764
4318,4.1761
4319,4.1758
4320,4.1754
4321,4.1751
4322,4.1748
4323,4.1745
4324,4.1742
4325,4.1738
4326,4.1737
4327,4.1734
4328,4.173
4329,4.1727
4330,4.1724
4331,4.1721
4332,4.1719
4333,4.1716
4334,4.1713
4335,4.171
4336,4.1708
4337,4.1705
4338,4.1702
4339,4.17
4340,4.1697
4341,4.1696
4342,4.1692
4343,4.1689
4344,4.1688
4345,4.1684
4346,4.1683
4347,4.168
4348,4.1678
4349,4.1675
4350,4.1673
4351,4.167
4352,4.1668
4353,4.1665
4354,4.1664
4355,4.1662
4356,4.1659
4357,4.1657
4358,4.1654
4359,4.1653
4360,4.1651
4361,4.1648
4362,4.1646
4363,4.1645
4364,4.1643
4365,4.164
4366,4.1638
4367,4.1637
4368,4.1635
4369,4.1632
4370,4.163
4371,4.1629
4372,4.1627
4373,4.1626
4374,4.1622
4375,4.1621
4376,4.1619
4377,4.1618
4378,4.1616
4379,4.1614
4380,4.1613
4381,4.161
4382,4.1608
4383,4.1607
4384,4.1605
4385,4.1603
4386,4.1602
4387,4.16
4388,4.1599
4389,4.1597
4390,4.1595
4391,4.1594
4392,4.1592
4393,4.1591
4394,4.1589
4395,4.1587
4396,4.1586
4397,4.1584
4398,4.1583
4399,4.1581
4400,4.1579
4401,4.1578
4402,4.1576
4403,4.1576
4404,4.1575
4405,4.1573
4406,4.1572
4407,4.157
4408,4.1568
4409,4.1567
4410,4.1565
4411,4.1565
4412,4.1564
4413,4.1562
4414,4.156
4415,4.1559
4416,4.1557
4417,4.1557
4418,4.1556
4419,4.1554
4420,4.1552
4421,4.1551
4422,4.1551
4423,4.1549
4424,4.1548
4425,4.1546
4426,4.1546
4427,4.1545
4428,4.1543
4429,4.1541
4430,4.1541
4431,4.154
4432,4.1538
4433,4.1538
4434,4.1537
4435,4.1535
4436,4.1533
4437,4.1533
4438,4.1532
4439,4.153
4440,4.153
4441,4.1529
4442,4.1527
4443,4.1527
4444,4.1525
4445,4.1524
4446,4.1524
4447,4.1522
4448,4.1521
4449,4.1521
4450,4.1519
4451,4.1517
4452,4.1517
4453,4.1516
4454,4.1514
4455,4.1514
4456,4.1513
4457,4.1513
4458,4.1511
4459,4.151
4460,4.151
4461,4.1508
4462,4.1508
4463,4.1506
4464,4.1505
4465,4.1505
4466,4.1503
4467,4.1503
4468,4.1502
4469,4.1502
4470,4.15
4471,4.1498
4472,4.1498
4473,4.1497
4474,4.1497
4475,4.1495
4476,4.1495
4477,4.1494
4478,4.1494
4479,4.1492
4480,4.149
4481,4.149
4482,4.1489
4483,4.1489
4484,4.1487
4485,4.1487
4486,4.1486
4487,4.1486
4488,4.1484
4489,4.1484
4490,4.1483
4491,4.1483
4492,4.1481
4493,4.1481
4494,4.1479
4495,4.1479
4496,4.1478
4497,4.1478
4498,4.1476
4499,4.1476
4500,4.1475
4501,4.1473
4502,4.1473
4503,4.1471
4504,4.1471
4505,4.1471
4506,4.147
4507,4.1468
4508,4.1468
4509,4.1468
4510,4.1467
4511,4.1467
4512,4.1465
4513,4.1463
4514,4.1463
4515,4.1463
4516,4.1462
4517,4.1462
4518,4.146
4519,4.146
4520,4.1459
4521,4.1459
4522,4.1457
4523,4.1457
4524,4.1455
4525,4.1455
4526,4.1454
4527,4.1454
4528,4.1452
4529,4.1452
4530,4.1452
4531,4.1451
4532,4.1451
4533,4.1449
4534,4.1449
4535,4.1448
4536,4.1448
4537,4.1446
4538,4.1446
4539,4.1444
4540,4.1444
4541,4.1443
4542,4.1443
4543,4.1443
4544,4.1441
4545,4.1441
4546,4.144
4547,4.144
4548,4.1438
4549,4.1438
4550,4.1436
4551,4.1436
4552,4.1435
4553,4.1435
4554,4.1433
4555,4.1433
4556,4.1433
4557,4.1432
4558,4.1432
4559,4.143
4560,4.143
4561,4.1428
4562,4.1428
4563,4.1428
4564,4.1427
4565,4.1427
4566,4.1425
4567,4.1425
4568,4.1424
4569,4.1424
4570,4.1422
4571,4.1422
4572,4.1421
4573,4.1421
4574,4.1419
4575,4.1419
4576,4.1419
4577,4.1417
4578,4.1417
4579,4.1416
4580,4.1416
4581,4.1414
4582,4.1414
4583,4.1413
4584,4.1413
4585,4.1413
4586,4.1411
4587,4.1411
4588,4.1409
4589,4.1409
4590,4.1408
4591,4.1408
4592,4.1406
4593,4.1406
4594,4.1405
4595,4.1405
4596,4.1403
4597,4.1403
4598,4.1403
4599,4.1401
4600,4.1401
4601,4.14
4602,4.14
4603,4.1398
4604,4.1398
4605,4.1397
4606,4.1397
4607,4.1395
4608,4.1395
4609,4.1394
4610,4.1394
4611,4.1392
4612,4.1392
4613,4.139
4614,4.139
4615,4.1389
4616,4.1389
4617,4.1389
4618,4.1387
4619,4.1387
4620,4.1386
4621,4.1386
4622,4.1384
4623,4.1384
4624,4.1382
4625,4.1382
4626,4.1381
4627,4.1381
4628,4.1379
4629,4.1379
4630,4.1378
4631,4.1378
4632,4.1376
4633,4.1376
4634,4.1374
4635,4.1374
4636,4.1373
4637,4.1373
4638,4.1371
4639,4.1371
4640,4.137
4641,4.137
4642,4.1368
4643,4.1368
4644,4.1366
4645,4.1366
4646,4.1365
4647,4.1365
4648,4.1363
4649,4.1362
4650,4.1362
4651,4.136
4652,4.136
4653,4.1359
4654,4.1359
4655,4.1357
4656,4.1357
4657,4.1355
4658,4.1355
4659,4.1354
4660,4.1352
4661,4.1352
4662,4.1351
4663,4.1351
4664,4.1349
4665,4.1347
4666,4.1347
4667,4.1346
4668,4.1346
4669,4.1344
4670,4.1344
4671,4.1343
4672,4.1341
4673,4.1341
4674,4.1339
4675,4.1339
4676,4.1338
4677,4.1336
4678,4.1336
4679,4.1335
4680,4.1335
4681,4.1333
4682,4.1332
4683,4.1332
4684,4.133
4685,4.1328
4686,4.1328
4687,4.1327
4688,4.1325
4689,4.1325
4690,4.1324
4691,4.1322
4692,4.1322
4693,4.132
4694,4.1319
4695,4.1319
4696,4.1317
4697,4.1316
4698,4.1316
4699,4.1314
4700,4.1312
4701,4.1311
4702,4.1311
4703,4.1309
4704,4.1308
4705,4.1308
4706,4.1306
4707,4.1304
4708,4.1303
4709,4.1303
4710,4.1301
4711,4.13
4712,4.1298
4713,4.1297
4714,4.1297
4715,4.1295
4716,4.1293
4717,4.1292
4718,4.1292
4719,4.129
4720,4.1289
4721,4.1287
4722,4.1285
4723,4.1284
4724,4.1284
4725,4.1282
4726,4.1281
4727,4.1279
4728,4.1277
4729,4.1276
4730,4.1276
4731,4.1274
4732,4.1273
4733,4.1271
4734,4.127
4735,4.1268
4736,4.1266
4737,4.1265
4738,4.1265
4739,4.1263
4740,4.1262
4741,4.126
4742,4.1258
4743,4.1257
4744,4.1255
4745,4.1254
4746,4.1252
4747,4.125
4748,4.1249
4749,4.1247
4750,4.1246
4751,4.1244
4752,4.1243
4753,4.1241
4754,4.1239
4755,4.1238
4756,4.1236
4757,4.1235
4758,4.1233
4759,4.1231
4760,4.123
4761,4.1228
4762,4.1227
4763,4.1225
4764,4.1223
4765,4.1222
4766,4.122
4767,4.1219
4768,4.1215
4769,4.1214
4770,4.1212
4771,4.1211
4772,4.1209
4773,4.1208
4774,4.1206
4775,4.1204
4776,4.1203
4777,4.12
4778,4.1198
4779,4.1196
4780,4.1195
4781,4.1193
4782,4.1192
4783,4.1188
4784,4.1187
4785,4.1185
4786,4.1184
4787,4.1182
4788,4.1179
4789,4.1177
4790,4.1176
4791,4.1174
4792,4.1171
4793,4.1169
4794,4.1168
4795,4.1166
4796,4.1163
4797,4.1161
4798,4.116
4799,4.1158
4800,4.1155
4801,4.1153
4802,4.1152
4803,4.1149
4804,4.1147
4805,4.1146
4806,4.1142
4807,4.1141
4808,4.1139
4809,4.1136
4810,4.1134
4811,4.1133
4812,4.113
4813,4.1128
4814,4.1125
4815,4.1123
4816,4.1122
4817,4.1119
4818,4.1117
4819,4.1114
4820,4.1112
4821,4.1111
4822,4.1107
4823,4.1106
4824,4.1103
4825,4.1101
4826,4.1098
4827,4.1096
4828,4.1095
4829,4.1091
4830,4.109
4831,4.1087
4832,4.1085
4833,4.1082
4834,4.108
4835,4.1077
4836,4.1074
4837,4.1072
4838,4.1069
4839,4.1068
4840,4.1064
4841,4.1063
4842,4.106
4843,4.1058
4844,4.1055
4845,4.1053
4846,4.105
4847,4.1047
4848,4.1045
4849,4.1042
4850,4.1041
4851,4.1037
4852,4.1034
4853,4.1033
4854,4.103
4855,4.1028
4856,4.1025
4857,4.1023
4858,4.102
4859,4.1017
4860,4.1014
4861,4.1012
4862,4.1009
4863,4.1006
4864,4.1004
4865,4.1001
4866,4.0999
4867,4.0996
4868,4.0993
4869,4.099
4870,4.0988
4871,4.0985
4872,4.0982
4873,4.098
4874,4.0977
4875,4.0974
4876,4.0971
4877,4.0969
4878,4.0966
4879,4.0963
4880,4.096
4881,4.0958
4882,4.0955
4883,4.0952
4884,4.0948
4885,4.0947
4886,4.0944
4887,4.094
4888,4.0937
4889,4.0934
4890,4.0933
4891,4.0929
4892,4.0926
4893,4.0923
4894,4.092
4895,4.0918
4896,4.0915
4897,4.0912
4898,4.0909
4899,4.0906
4900,4.0902
4901,4.0901
4902,4.0898
4903,4.0894
4904,4.0891
4905,4.0888
4906,4.0885
4907,4.0883
4908,4.088
4909,4.0877
4910,4.0874
4911,4.0871
4912,4.0867
4913,4.0864
4914,4.0861
4915,4.0859
4916,4.0856
4917,4.0853
4918,4.085
4919,4.0847
4920,4.0844
4921,4.084
4922,4.0837
4923,4.0834
4924,4.0831
4925,4.0829
4926,4.0826
4927,4.0823
4928,4.082
4929,4.0817
4930,4.0813
4931,4.081
4932,4.0807
4933,4.0804
4934,4.0801
4935,4.0797
4936,4.0794
4937,4.0791
4938,4.0788
4939,4.0785
4940,4.0782
4941,4.0778
4942,4.0775
4943,4.0772
4944,4.077
4945,4.0766
4946,4.0764
4947,4.0761
4948,4.0758
4949,4.0755
4950,4.0751
4951,4.0748
4952,4.0745
4953,4.0742
4954,4.0739
4955,4.0735
4956,4.0732
4957,4.0729
4958,4.0726
4959,4.0723
4960,4.072
4961,4.0716
4962,4.0713
4963,4.071
4964,4.0707
4965,4.0704
4966,4.07
4967,4.0697
4968,4.0694
4969,4.0691
4970,4.0688
4971,4.0685
4972,4.0681
4973,4.0678
4974,4.0675
4975,4.0672
4976,4.0669
4977,4.0666
4978,4.0662
4979,4.0659
4980,4.0656
4981,4.0653
4982,4.065
4983,4.0646
4984,4.0643
4985,4.0642
4986,4.0638
4987,4.0635
4988,4.0632
4989,4.0629
4990,4.0626
4991,4.0623
4992,4.0619
4993,4.0616
4994,4.0613
4995,4.061
4996,4.0607
4997,4.0604
4998,4.06
4999,4.0597
5000,4.0594
5001,4.0591
5002,4.0588
5003,4.0584
5004,4.0581
5005,4.0578
5006,4.0575
5007,4.0573
5008,4.057
5009,4.0567
5010,4.0564
5011,4.0561
5012,4.0557
5013,4.0554
5014,4.0551
5015,4.0548
5016,4.0545
5017,4.0542
5018,4.054
5019,4.0537
5020,4.0534
5021,4.053
5022,4.0527
5023,4.0524
5024,4.0521
5025,4.0518
5026,4.0515
5027,4.0513
5028,4.051
5029,4.0507
5030,4.0503
5031,4.05
5032,4.0497
5033,4.0494
5034,4.0492
5035,4.0489
5036,4.0486
5037,4.0483
5038,4.048
5039,4.0476
5040,4.0475
5041,4.0472
5042,4.0468
5043,4.0465
5044,4.0462
5045,4.046
5046,4.0457
5047,4.0454
5048,4.0451
5049,4.0449
5050,4.0446
5051,4.0443
5052,4.044
5053,4.0437
5054,4.0435
5055,4.0432
5056,4.0429
5057,4.0425
5058,4.0424
5059,4.0421
5060,4.0418
5061,4.0416
5062,4.0413
5063,4.041
5064,4.0406
5065,4.0405
5066,4.0402
5067,4.0398
5068,4.0397
5069,4.0394
5070,4.0391
5071,4.0389
5072,4.0386
5073,4.0383
5074,4.0381
5075,4.0378
5076,4.0376
5077,4.0373
5078,4.037
5079,4.0368
5080,4.0365
5081,4.0362
5082,4.036
5083,4.0357
5084,4.0356
5085,4.0352
5086,4.0351
5087,4.0348
5088,4.0344
5089,4.0343
5090,4.034
5091,4.0338
5092,4.0335
5093,4.0333
5094,4.033
5095,4.0329
5096,4.0325
5097,4.0324
5098,4.0321
5099,4.0319
5100,4.0316
5101,4.0314
5102,4.0311
5103,4.0309
5104,4.0306
5105,4.0305
5106,4.0302
5107,4.03
5108,4.0297
5109,4.0295
5110,4.0292
5111,4.029
5112,4.0289
5113,4.0286
5114,4.0284
5115,4.0281
5116,4.0279
5117,4.0276
5118,4.0274
5119,4.0273
5120,4.027
5121,4.0268
5122,4.0267
5123,4.0263
5124,4.0262
5125,4.026
5126,4.0257
5127,4.0255
5128,4.0254
5129,4.0251
5130,4.0249
5131,4.0247
5132,4.0244
5133,4.0243
5134,4.0241
5135,4.0238
5136,4.0236
5137,4.0235
5138,4.0233
5139,4.023
5140,4.0228
5141,4.0227
5142,4.0224
5143,4.0222
5144,4.022
5145,4.0219
5146,4.0216
5147,4.0214
5148,4.0212
5149,4.0211
5150,4.0208
5151,4.0206
5152,4.0205
5153,4.0203
5154,4.02
5155,4.0198
5156,4.0197
5157,4.0195
5158,4.0193
5159,4.0192
5160,4.0189
5161,4.0187
5162,4.0185
5163,4.0184
5164,4.0182
5165,4.0181
5166,4.0178
5167,4.0176
5168,4.0174
5169,4.0173
5170,4.0171
5171,4.017
5172,4.0168
5173,4.0165
5174,4.0163
5175,4.0162
5176,4.016
5177,4.0158
5178,4.0157
5179,4.0155
5180,4.0154
5181,4.0152
5182,4.0151
5183,4.0147
5184,4.0146
5185,4.0144
5186,4.0143
5187,4.0141
5188,4.0139
5189,4.0138
5190,4.0136
5191,4.0135
5192,4.0133
5193,4.0131
5194,4.013
5195,4.0127
5196,4.0125
5197,4.0123
5198,4.0122
5199,4.012
5200,4.0119
5201,4.0117
5202,4.0116
5203,4.0114
5204,4.0112
5205,4.0111
5206,4.0109
5207,4.0108
5208,4.0106
5209,4.0104
5210,4.0103
5211,4.0101
5212,4.01
5213,4.0098
5214,4.0096
5215,4.0095
5216,4.0093
5217,4.0092
5218,4.009
5219,4.0089
5220,4.0087
5221,4.0085
5222,4.0082
5223,4.0081
5224,4.0079
5225,4.0077
5226,4.0077
5227,4.0074
5228,4.0073
5229,4.0071
5230,4.0069
5231,4.0069
5232,4.0066
5233,4.0065
5234,4.0063
5235,4.0061
5236,4.006
5237,4.0058
5238,4.0057
5239,4.0055
5240,4.0054
5241,4.0052
5242,4.005
5243,4.0049
5244,4.0047
5245,4.0046
5246,4.0044
5247,4.0044
5248,4.0041
5249,4.0039
5250,4.0038
5251,4.0036
5252,4.0034
5253,4.0034
5254,4.0031
5255,4.003
5256,4.0028
5257,4.0027
5258,4.0025
5259,4.0023
5260,4.0022
5261,4.002
5262,4.0019
5263,4.0017
5264,4.0015
5265,4.0014
5266,4.0012
5267,4.0011
5268,4.0009
5269,4.0007
5270,4.0006
5271,4.0004
5272,4.0003
5273,4.0001
5274,3.9999
5275,3.9998
5276,3.9996
5277,3.9995
5278,3.9993
5279,3.9992
5280,3.999
5281,3.9988
5282,3.9987
5283,3.9985
5284,3.9984
5285,3.9982
5286,3.998
5287,3.9979
5288,3.9977
5289,3.9976
5290,3.9972
5291,3.9971
5292,3.9969
5293,3.9968
5294,3.9966
5295,3.9965
5296,3.9963
5297,3.9961
5298,3.996
5299,3.9958
5300,3.9957
5301,3.9955
5302,3.9953
5303,3.9952
5304,3.9949
5305,3.9947
5306,3.9945
5307,3.9944
5308,3.9942
5309,3.9941
5310,3.9939
5311,3.9938
5312,3.9936
5313,3.9934
5314,3.9933
5315,3.993
5316,3.9928
5317,3.9926
5318,3.9925
5319,3.9923
5320,3.9922
5321,3.992
5322,3.9917
5323,3.9915
5324,3.9914
5325,3.9912
5326,3.991
5327,3.9909
5328,3.9906
5329,3.9904
5330,3.9903
5331,3.9901
5332,3.9899
5333,3.9898
5334,3.9895
5335,3.9893
5336,3.9891
5337,3.989
5338,3.9888
5339,3.9885
5340,3.9883
5341,3.9882
5342,3.988
5343,3.9879
5344,3.9876
5345,3.9874
5346,3.9872
5347,3.9871
5348,3.9868
5349,3.9866
5350,3.9864
5351,3.9863
5352,3.986
5353,3.9858
5354,3.9856
5355,3.9855
5356,3.9852
5357,3.985
5358,3.9848
5359,3.9847
5360,3.9844
5361,3.9842
5362,3.9841
5363,3.9837
5364,3.9836
5365,3.9834
5366,3.9831
5367,3.9829
5368,3.9828
5369,3.9825
5370,3.9823
5371,3.9821
5372,3.9818
5373,3.9817
5374,3.9815
5375,3.9812
5376,3.981
5377,3.9809
5378,3.9806
5379,3.9804
5380,3.9801
5381,3.9799
5382,3.9798
5383,3.9794
5384,3.9793
5385,3.979
5386,3.9788
5387,3.9786
5388,3.9783
5389,3.9782
5390,3.9779
5391,3.9777
5392,3.9775
5393,3.9772
5394,3.9771
5395,3.9767
5396,3.9766
5397,3.9763
5398,3.9761
5399,3.9758
5400,3.9756
5401,3.9753
5402,3.9752
5403,3.9748
5404,3.9747
5405,3.9744
5406,3.9742
5407,3.9739
5408,3.9737
5409,3.9734
5410,3.9732
5411,3.9729
5412,3.9728
5413,3.9725
5414,3.9723
5415,3.972
5416,3.9718
5417,3.9715
5418,3.9713
5419,3.971
5420,3.9709
5421,3.9705
5422,3.9702
5423,3.9701
5424,3.9697
5425,3.9696
5426,3.9693
5427,3.9691
5428,3.9688
5429,3.9685
5430,3.9683
5431,3.968
5432,3.9678
5433,3.9675
5434,3.9672
5435,3.967
5436,3.9667
5437,3.9664
5438,3.9663
5439,3.9659
5440,3.9658
5441,3.9655
5442,3.9651
5443,3.965
5444,3.9647
5445,3.9643
5446,3.9642
5447,3.9639
5448,3.9637
5449,3.9634
5450,3.9631
5451,3.9628
5452,3.9626
5453,3.9623
5454,3.962
5455,3.9618
5456,3.9615
5457,3.9612
5458,3.961
5459,3.9607
5460,3.9604
5461,3.9602
5462,3.9599
5463,3.9596
5464,3.9593
5465,3.9591
5466,3.9588
5467,3.9585
5468,3.9581
5469,3.958
5470,3.9577
5471,3.9573
5472,3.9572
5473,3.9569
5474,3.9566
5475,3.9564
5476,3.9561
5477,3.9558
5478,3.9554
5479,3.9551
5480,3.955
5481,3.9546
5482,3.9543
5483,3.954
5484,3.9539
5485,3.9535
5486,3.9532
5487,3.9529
5488,3.9527
5489,3.9524
5490,3.9521
5491,3.9518
5492,3.9516
5493,3.9513
5494,3.951
5495,3.9507
5496,3.9505
5497,3.9502
5498,3.9499
5499,3.9496
5500,3.9492
5501,3.9491
5502,3.9488
5503,3.9484
5504,3.9481
5505,3.9478
5506,3.9477
5507,3.9473
5508,3.947
5509,3.9467
5510,3.9465
5511,3.9462
5512,3.9459
5513,3.9456
5514,3.9453
5515,3.9451
5516,3.9448
5517,3.9445
5518,3.9442
5519,3.9438
5520,3.9437
5521,3.9434
5522,3.943
5523,3.9427
5524,3.9424
5525,3.9422
5526,3.9419
5527,3.9416
5528,3.9413
5529,3.9411
5530,3.9408
5531,3.9405
5532,3.9402
5533,3.9399
5534,3.9397
5535,3.9394
5536,3.9391
5537,3.9388
5538,3.9386
5539,3.9383
5540,3.938
5541,3.9376
5542,3.9373
5543,3.9372
5544,3.9368
5545,3.9365
5546,3.9364
5547,3.9361
5548,3.9357
5549,3.9354
5550,3.9351
5551,3.9349
5552,3.9346
5553,3.9343
5554,3.934
5555,3.9338
5556,3.9335
5557,3.9332
5558,3.9329
5559,3.9327
5560,3.9324
5561,3.9321
5562,3.9318
5563,3.9316
5564,3.9313
5565,3.931
5566,3.9308
5567,3.9305
5568,3.9302
5569,3.9299
5570,3.9295
5571,3.9294
5572,3.9291
5573,3.9287
5574,3.9286
5575,3.9283
5576,3.9279
5577,3.9276
5578,3.9275
5579,3.9271
5580,3.9268
5581,3.9267
5582,3.9264
5583,3.926
5584,3.9257
5585,3.9256
5586,3.9252
5587,3.9249
5588,3.9248
5589,3.9244
5590,3.9241
5591,3.924
5592,3.9237
5593,3.9233
5594,3.923
5595,3.9229
5596,3.9225
5597,3.9224
5598,3.9221
5599,3.9217
5600,3.9216
5601,3.9213
5602,3.921
5603,3.9208
5604,3.9205
5605,3.9202
5606,3.92
5607,3.9197
5608,3.9194
5609,3.9192
5610,3.9189
5611,3.9186
5612,3.9184
5613,3.9181
5614,3.9178
5615,3.9176
5616,3.9173
5617,3.9171
5618,3.9168
5619,3.9165
5620,3.9163
5621,3.916
5622,3.9159
5623,3.9155
5624,3.9152
5625,3.9151
5626,3.9148
5627,3.9146
5628,3.9143
5629,3.914
5630,3.9138
5631,3.9135
5632,3.9133
5633,3.913
5634,3.9127
5635,3.9125
5636,3.9122
5637,3.912
5638,3.9117
5639,3.9116
5640,3.9113
5641,3.9109
5642,3.9108
5643,3.9105
5644,3.9103
5645,3.91
5646,3.9098
5647,3.9095
5648,3.9092
5649,3.909
5650,3.9087
5651,3.9086
5652,3.9082
5653,3.9081
5654,3.9078
5655,3.9076
5656,3.9073
5657,3.9071
5658,3.9068
5659,3.9066
5660,3.9063
5661,3.9062
5662,3.9058
5663,3.9057
5664,3.9054
5665,3.9052
5666,3.9049
5667,3.9046
5668,3.9044
5669,3.9043
5670,3.9039
5671,3.9036
5672,3.9035
5673,3.9033
5674,3.903
5675,3.9028
5676,3.9025
5677,3.9024
5678,3.902
5679,3.9019
5680,3.9016
5681,3.9014
5682,3.9011
5683,3.9009
5684,3.9006
5685,3.9004
5686,3.9001
5687,3.9
5688,3.8997
5689,3.8995
5690,3.8992
5691,3.899
5692,3.8987
5693,3.8985
5694,3.8982
5695,3.8981
5696,3.8979
5697,3.8976
5698,3.8973
5699,3.8971
5700,3.8969
5701,3.8966
5702,3.8965
5703,3.8962
5704,3.896
5705,3.8957
5706,3.8955
5707,3.8952
5708,3.895
5709,3.8947
5710,3.8946
5711,3.8942
5712,3.8941
5713,3.8939
5714,3.8936
5715,3.8935
5716,3.8931
5717,3.893
5718,3.8927
5719,3.8925
5720,3.8922
5721,3.892
5722,3.8919
5723,3.8915
5724,3.8914
5725,3.8911
5726,3.8909
5727,3.8906
5728,3.8904
5729,3.8903
5730,3.89
5731,3.8898
5732,3.8895
5733,3.8893
5734,3.889
5735,3.8888
5736,3.8885
5737,3.8884
5738,3.888
5739,3.8879
5740,3.8877
5741,3.8874
5742,3.8873
5743,3.8869
5744,3.8868
5745,3.8865
5746,3.8863
5747,3.8861
5748,3.8858
5749,3.8857
5750,3.8853
5751,3.8852
5752,3.8849
5753,3.8847
5754,3.8846
5755,3.8842
5756,3.8841
5757,3.8838
5758,3.8836
5759,3.8833
5760,3.8831
5761,3.883
5762,3.8826
5763,3.8825
5764,3.8822
5765,3.882
5766,3.8817
5767,3.8815
5768,3.8812
5769,3.8811
5770,3.8809
5771,3.8806
5772,3.8804
5773,3.8801
5774,3.8799
5775,3.8796
5776,3.8795
5777,3.8791
5778,3.879
5779,3.8787
5780,3.8785
5781,3.8784
5782,3.878
5783,3.8779
5784,3.8776
5785,3.8774
5786,3.8771
5787,3.8769
5788,3.8766
5789,3.8764
5790,3.8761
5791,3.876
5792,3.8756
5793,3.8755
5794,3.8753
5795,3.875
5796,3.8749
5797,3.8745
5798,3.8744
5799,3.8741
5800,3.8739
5801,3.8736
5802,3.8734
5803,3.8731
5804,3.8729
5805,3.8726
5806,3.8725
5807,3.8722
5808,3.872
5809,3.8718
5810,3.8715
5811,3.8714
5812,3.871
5813,3.8709
5814,3.8706
5815,3.8704
5816,3.8701
5817,3.8699
5818,3.8696
5819,3.8694
5820,3.8691
5821,3.869
5822,3.8687
5823,3.8685
5824,3.8682
5825,3.868
5826,3.8677
5827,3.8675
5828,3.8672
5829,3.8671
5830,3.8667
5831,3.8666
5832,3.8663
5833,3.8661
5834,3.8658
5835,3.8656
5836,3.8653
5837,3.8652
5838,3.8648
5839,3.8647
5840,3.8644
5841,3.8642
5842,3.8639
5843,3.8636
5844,3.8634
5845,3.8631
5846,3.8629
5847,3.8626
5848,3.8625
5849,3.8621
5850,3.862
5851,3.8617
5852,3.8615
5853,3.8612
5854,3.861
5855,3.8607
5856,3.8605
5857,3.8602
5858,3.8601
5859,3.8598
5860,3.8594
5861,3.8593
5862,3.859
5863,3.8588
5864,3.8585
5865,3.8583
5866,3.858
5867,3.8578
5868,3.8575
5869,3.8574
5870,3.8571
5871,3.8569
5872,3.8566
5873,3.8563
5874,3.8561
5875,3.8558
5876,3.8556
5877,3.8553
5878,3.8551
5879,3.8548
5880,3.8545
5881,3.8543
5882,3.854
5883,3.8539
5884,3.8536
5885,3.8534
5886,3.8531
5887,3.8529
5888,3.8526
5889,3.8523
5890,3.8521
5891,3.8518
5892,3.8516
5893,3.8513
5894,3.8512
5895,3.8509
5896,3.8505
5897,3.8504
5898,3.8501
5899,3.8499
5900,3.8496
5901,3.8494
5902,3.8491
5903,3.8489
5904,3.8486
5905,3.8483
5906,3.8481
5907,3.8478
5908,3.8477
5909,3.8474
5910,3.847
5911,3.8469
5912,3.8466
5913,3.8464
5914,3.8461
5915,3.8459
5916,3.8456
5917,3.8453
5918,3.8451
5919,3.8448
5920,3.8447
5921,3.8443
5922,3.8442
5923,3.8439
5924,3.8437
5925,3.8434
5926,3.8431
5927,3.8429
5928,3.8426
5929,3.8424
5930,3.8421
5931,3.842
5932,3.8416
5933,3.8413
5934,3.8412
5935,3.8408
5936,3.8407
5937,3.8404
5938,3.8402
5939,3.8399
5940,3.8396
5941,3.8394
5942,3.8391
5943,3.8389
5944,3.8386
5945,3.8385
5946,3.8381
5947,3.8378
5948,3.8377
5949,3.8373
5950,3.8372
5951,3.8369
5952,3.8367
5953,3.8364
5954,3.8362
5955,3.8359
5956,3.8358
5957,3.8354
5958,3.8353
5959,3.835
5960,3.8346
5961,3.8345
5962,3.8342
5963,3.834
5964,3.8337
5965,3.8335
5966,3.8332
5967,3.833
5968,3.8327
5969,3.8324
5970,3.8323
5971,3.8319
5972,3.8318
5973,3.8315
5974,3.8313
5975,3.831
5976,3.8308
5977,3.8305
5978,3.8303
5979,3.83
5980,3.8299
5981,3.8296
5982,3.8294
5983,3.8291
5984,3.8289
5985,3.8286
5986,3.8284
5987,3.8281
5988,3.8278
5989,3.8276
5990,3.8273
5991,3.8272
5992,3.8269
5993,3.8267
5994,3.8264
5995,3.8262
5996,3.8259
5997,3.8257
5998,3.8254
5999,3.8253
6000,3.8249
6001,3.8248
6002,3.8245
6003,3.8243
6004,3.824
6005,3.8238
6006,3.8235
6007,3.8234
6008,3.8232
6009,3.8229
6010,3.8227
6011,3.8224
6012,3.8222
6013,3.8219
6014,3.8218
6015,3.8214
6016,3.8213
6017,3.821
6018,3.8208
6019,3.8205
6020,3.8203
6021,3.82
6022,3.8199
6023,3.8197
6024,3.8194
6025,3.8192
6026,3.8189
6027,3.8187
6028,3.8184
6029,3.8183
6030,3.8179
6031,3.8178
6032,3.8175
6033,3.8173
6034,3.817
6035,3.8168
6036,3.8167
6037,3.8164
6038,3.8162
6039,3.8159
6040,3.8157
6041,3.8154
6042,3.8152
6043,3.8151
6044,3.8148
6045,3.8146
6046,3.8143
6047,3.8141
6048,3.814
6049,3.8137
6050,3.8135
6051,3.8132
6052,3.813
6053,3.8127
6054,3.8125
6055,3.8124
6056,3.8121
6057,3.8119
6058,3.8116
6059,3.8114
6060,3.8113
6061,3.811
6062,3.8108
6063,3.8106
6064,3.8103
6065,3.8102
6066,3.8098
6067,3.8097
6068,3.8095
6069,3.8092
6070,3.809
6071,3.8087
6072,3.8086
6073,3.8084
6074,3.8081
6075,3.8079
6076,3.8078
6077,3.8075
6078,3.8073
6079,3.807
6080,3.8068
6081,3.8067
6082,3.8063
6083,3.8062
6084,3.806
6085,3.8057
6086,3.8056
6087,3.8054
6088,3.8051
6089,3.8049
6090,3.8048
6091,3.8044
6092,3.8043
6093,3.8041
6094,3.8038
6095,3.8036
6096,3.8035
6097,3.8032
6098,3.803
6099,3.8028
6100,3.8025
6101,3.8024
6102,3.8022
6103,3.8019
6104,3.8017
6105,3.8016
6106,3.8013
6107,3.8011
6108,3.8009
6109,3.8006
6110,3.8005
6111,3.8003
6112,3.8001
6113,3.7998
6114,3.7997
6115,3.7994
6116,3.7992
6117,3.799
6118,3.7989
6119,3.7986
6120,3.7984
6121,3.7982
6122,3.7979
6123,3.7978
6124,3.7976
6125,3.7974
6126,3.7971
6127,3.797
6128,3.7968
6129,3.7965
6130,3.7963
6131,3.7962
6132,3.796
6133,3.7957
6134,3.7955
6135,3.7954
6136,3.7952
6137,3.7949
6138,3.7947
6139,3.7946
6140,3.7943
6141,3.7941
6142,3.7939
6143,3.7938
6144,3.7935
6145,3.7933
6146,3.7932
6147,3.793
6148,3.7927
6149,3.7925
6150,3.7924
6151,3.7922
6152,3.7919
6153,3.7917
6154,3.7916
6155,3.7914
6156,3.7911
6157,3.7909
6158,3.7908
6159,3.7906
6160,3.7903
6161,3.7901
6162,3.79
6163,3.7898
6164,3.7897
6165,3.7893
6166,3.7892
6167,3.789
6168,3.7889
6169,3.7885
6170,3.7884
6171,3.7882
6172,3.7881
6173,3.7877
6174,3.7876
6175,3.7874
6176,3.7873
6177,3.7871
6178,3.7868
6179,3.7866
6180,3.7865
6181,3.7863
6182,3.7862
6183,3.7858
6184,3.7857
6185,3.7855
6186,3.7854
6187,3.7852
6188,3.785
6189,3.7847
6190,3.7846
6191,3.7844
6192,3.7841
6193,3.7839
6194,3.7838
6195,3.7836
6196,3.7835
6197,3.7831
6198,3.783
6199,3.7828
6200,3.7827
6201,3.7825
6202,3.7822
6203,3.782
6204,3.7819
6205,3.7817
6206,3.7815
6207,3.7814
6208,3.7811
6209,3.7809
6210,3.7808
6211,3.7806
6212,3.7804
6213,3.7801
6214,3.78
6215,3.7798
6216,3.7796
6217,3.7795
6218,3.7793
6219,3.779
6220,3.7788
6221,3.7787
6222,3.7785
6223,3.7784
6224,3.7782
6225,3.7779
6226,3.7777
6227,3.7776
6228,3.7774
6229,3.7773
6230,3.7771
6231,3.7769
6232,3.7766
6233,3.7765
6234,3.7763
6235,3.7761
6236,3.776
6237,3.7758
6238,3.7755
6239,3.7753
6240,3.7752
6241,3.775
6242,3.7749
6243,3.7747
6244,3.7746
6245,3.7742
6246,3.7741
6247,3.7739
6248,3.7738
6249,3.7736
6250,3.7734
6251,3.7733
6252,3.773
6253,3.7728
6254,3.7726
6255,3.7725
6256,3.7723
6257,3.7722
6258,3.7719
6259,3.7717
6260,3.7715
6261,3.7714
6262,3.7712
6263,3.7711
6264,3.7709
6265,3.7707
6266,3.7704
6267,3.7703
6268,3.7701
6269,3.7699
6270,3.7698
6271,3.7696
6272,3.7695
6273,3.7693
6274,3.769
6275,3.7688
6276,3.7687
6277,3.7685
6278,3.7684
6279,3.7682
6280,3.768
6281,3.7677
6282,3.7676
6283,3.7674
6284,3.7672
6285,3.7671
6286,3.7669
6287,3.7668
6288,3.7666
6289,3.7664
6290,3.7661
6291,3.766
6292,3.7658
6293,3.7657
6294,3.7655
6295,3.7653
6296,3.7652
6297,3.765
6298,3.7649
6299,3.7645
6300,3.7644
6301,3.7642
6302,3.7641
6303,3.7639
6304,3.7637
6305,3.7636
6306,3.7634
6307,3.7631
6308,3.763
6309,3.7628
6310,3.7626
6311,3.7625
6312,3.7623
6313,3.7622
6314,3.762
6315,3.7618
6316,3.7615
6317,3.7614
6318,3.7612
6319,3.761
6320,3.7609
6321,3.7607
6322,3.7606
6323,3.7604
6324,3.7602
6325,3.7601
6326,3.7599
6327,3.7596
6328,3.7595
6329,3.7593
6330,3.7591
6331,3.759
6332,3.7588
6333,3.7587
6334,3.7585
6335,3.7582
6336,3.758
6337,3.7579
6338,3.7577
6339,3.7575
6340,3.7574
6341,3.7572
6342,3.7571
6343,3.7569
6344,3.7568
6345,3.7564
6346,3.7564
6347,3.7561
6348,3.756
6349,3.7558
6350,3.7556
6351,3.7555
6352,3.7553
6353,3.7552
6354,3.755
6355,3.7548
6356,3.7545
6357,3.7544
6358,3.7542
6359,3.754
6360,3.7539
6361,3.7537
6362,3.7536
6363,3.7534
6364,3.7533
6365,3.7531
6366,3.7528
6367,3.7526
6368,3.7525
6369,3.7523
6370,3.7521
6371,3.752
6372,3.7518
6373,3.7517
6374,3.7515
6375,3.7513
6376,3.7512
6377,3.751
6378,3.7507
6379,3.7506
6380,3.7504
6381,3.7502
6382,3.7501
6383,3.7499
6384,3.7498
6385,3.7496
6386,3.7494
6387,3.7493
6388,3.749
6389,3.7488
6390,3.7486
6391,3.7485
6392,3.7483
6393,3.7482
6394,3.748
6395,3.7479
6396,3.7477
6397,3.7475
6398,3.7474
6399,3.7471
6400,3.7469
6401,3.7467
6402,3.7466
6403,3.7464
6404,3.7463
6405,3.7461
6406,3.7459
6407,3.7458
6408,3.7456
6409,3.7455
6410,3.7453
6411,3.7451
6412,3.7448
6413,3.7447
6414,3.7445
6415,3.7444
6416,3.7442
6417,3.744
6418,3.7439
6419,3.7437
6420,3.7436
6421,3.7434
6422,3.7431
6423,3.7429
6424,3.7428
6425,3.7426
6426,3.7424
6427,3.7423
6428,3.7421
6429,3.742
6430,3.7418
6431,3.7417
6432,3.7415
6433,3.7413
6434,3.741
6435,3.7409
6436,3.7407
6437,3.7405
6438,3.7404
6439,3.7402
6440,3.7401
6441,3.7399
6442,3.7397
6443,3.7396
6444,3.7394
6445,3.7391
6446,3.7389
6447,3.7388
6448,3.7386
6449,3.7385
6450,3.7383
6451,3.7382
6452,3.738
6453,3.7378
6454,3.7377
6455,3.7375
6456,3.7372
6457,3.737
6458,3.7369
6459,3.7367
6460,3.7366
6461,3.7364
6462,3.7362
6463,3.7361
6464,3.7359
6465,3.7358
6466,3.7356
6467,3.7355
6468,3.7351
6469,3.735
6470,3.7348
6471,3.7347
6472,3.7345
6473,3.7343
6474,3.7342
6475,3.734
6476,3.7339
6477,3.7337
6478,3.7335
6479,3.7332
6480,3.7331
6481,3.7329
6482,3.7327
6483,3.7326
6484,3.7324
6485,3.7323
6486,3.7321
6487,3.732
6488,3.7318
6489,3.7316
6490,3.7313
6491,3.7312
6492,3.731
6493,3.7308
6494,3.7307
6495,3.7305
6496,3.7304
6497,3.7302
6498,3.73
6499,3.7299
6500,3.7296
6501,3.7294
6502,3.7293
6503,3.7291
6504,3.7289
6505,3.7288
6506,3.7286
6507,3.7285
6508,3.7283
6509,3.728
6510,3.7278
6511,3.7277
6512,3.7275
6513,3.7273
6514,3.7272
6515,3.727
6516,3.7269
6517,3.7267
6518,3.7266
6519,3.7264
6520,3.7262
6521,3.7259
6522,3.7258
6523,3.7256
6524,3.7254
6525,3.7253
6526,3.7251
6527,3.725
6528,3.7248
6529,3.7245
6530,3.7245
6531,3.7242
6532,3.724
6533,3.7238
6534,3.7237
6535,3.7235
6536,3.7234
6537,3.7232
6538,3.7231
6539,3.7229
6540,3.7226
6541,3.7224
6542,3.7223
6543,3.7221
6544,3.7219
6545,3.7218
6546,3.7216
6547,3.7215
6548,3.7213
6549,3.721
6550,3.7208
6551,3.7207
6552,3.7205
6553,3.7204
6554,3.7202
6555,3.72
6556,3.7199
6557,3.7197
6558,3.7194
6559,3.7192
6560,3.7191
6561,3.7189
6562,3.7188
6563,3.7186
6564,3.7184
6565,3.7183
6566,3.7181
6567,3.7178
6568,3.7176
6569,3.7175
6570,3.7173
6571,3.7172
6572,3.717
6573,3.7169
6574,3.7167
6575,3.7165
6576,3.7162
6577,3.7161
6578,3.7159
6579,3.7157
6580,3.7156
6581,3.7154
6582,3.7153
6583,3.7151
6584,3.7149
6585,3.7146
6586,3.7145
6587,3.7143
6588,3.7142
6589,3.714
6590,3.7138
6591,3.7137
6592,3.7135
6593,3.7132
6594,3.713
6595,3.7129
6596,3.7127
6597,3.7126
6598,3.7124
6599,3.7122
6600,3.7121
6601,3.7118
6602,3.7116
6603,3.7115
6604,3.7113
6605,3.7111
6606,3.711
6607,3.7108
6608,3.7107
6609,3.7105
6610,3.7102
6611,3.71
6612,3.7099
6613,3.7097
6614,3.7095
6615,3.7094
6616,3.7092
6617,3.7091
6618,3.7087
6619,3.7086
6620,3.7084
6621,3.7083
6622,3.7081
6623,3.708
6624,3.7078
6625,3.7076
6626,3.7073
6627,3.7072
6628,3.707
6629,3.7068
6630,3.7067
6631,3.7065
6632,3.7064
6633,3.706
6634,3.7059
6635,3.7057
6636,3.7056
6637,3.7054
6638,3.7053
6639,3.7051
6640,3.7048
6641,3.7046
6642,3.7045
6643,3.7043
6644,3.7041
6645,3.704
6646,3.7038
6647,3.7035
6648,3.7033
6649,3.7032
6650,3.703
6651,3.7029
6652,3.7027
6653,3.7025
6654,3.7024
6655,3.7021
6656,3.7019
6657,3.7018
6658,3.7016
6659,3.7014
6660,3.7013
6661,3.7011
6662,3.7008
6663,3.7006
6664,3.7005
6665,3.7003
6666,3.7002
6667,3.7
6668,3.6998
6669,3.6995
6670,3.6994
6671,3.6992
6672,3.6991
6673,3.6989
6674,3.6987
6675,3.6986
6676,3.6983
6677,3.6981
6678,3.6979
6679,3.6978
6680,3.6976
6681,3.6975
6682,3.6973
6683,3.697
6684,3.6968
6685,3.6967
6686,3.6965
6687,3.6963
6688,3.6962
6689,3.696
6690,3.6957
6691,3.6956
6692,3.6954
6693,3.6952
6694,3.6951
6695,3.6949
6696,3.6948
6697,3.6944
6698,3.6943
6699,3.6941
6700,3.694
6701,3.6938
6702,3.6936
6703,3.6935
6704,3.6932
6705,3.693
6706,3.6929
6707,3.6927
6708,3.6925
6709,3.6924
6710,3.6922
6711,3.6919
6712,3.6917
6713,3.6916
6714,3.6914
6715,3.6913
6716,3.6911
6717,3.6908
6718,3.6906
6719,3.6905
6720,3.6903
6721,3.6902
6722,3.6898
6723,3.6897
6724,3.6895
6725,3.6894
6726,3.6892
6727,3.689
6728,3.6889
6729,3.6887
6730,3.6884
6731,3.6882
6732,3.6881
6733,3.6879
6734,3.6878
6735,3.6876
6736,3.6873
6737,3.6871
6738,3.687
6739,3.6868
6740,3.6867
6741,3.6865
6742,3.6863
6743,3.686
6744,3.6859
6745,3.6857
6746,3.6855
6747,3.6854
6748,3.6852
6749,3.6851
6750,3.6847
6751,3.6846
6752,3.6844
6753,3.6843
6754,3.6841
6755,3.684
6756,3.6836
6757,3.6835
6758,3.6833
6759,3.6832
6760,3.683
6761,3.6828
6762,3.6825
6763,3.6824
6764,3.6822
6765,3.682
6766,3.6819
6767,3.6817
6768,3.6814
6769,3.6812
6770,3.6811
6771,3.6809
6772,3.6808
6773,3.6806
6774,3.6805
6775,3.6801
6776,3.68
6777,3.6798
6778,3.6797
6779,3.6795
6780,3.6793
6781,3.679
6782,3.6789
6783,3.6787
6784,3.6785
6785,3.6784
6786,3.6782
6787,3.6779
6788,3.6778
6789,3.6776
6790,3.6774
6791,3.6773
6792,3.6771
6793,3.6768
6794,3.6766
6795,3.6765
6796,3.6763
6797,3.6762
6798,3.676
6799,3.6758
6800,3.6755
6801,3.6754
6802,3.6752
6803,3.6751
6804,3.6749
6805,3.6747
6806,3.6744
6807,3.6743
6808,3.6741
6809,3.6739
6810,3.6738
6811,3.6736
6812,3.6735
6813,3.6731
6814,3.673
6815,3.6728
6816,3.6727
6817,3.6725
6818,3.6723
6819,3.672
6820,3.6719
6821,3.6717
6822,3.6716
6823,3.6714
6824,3.6712
6825,3.6711
6826,3.6708
6827,3.6706
6828,3.6704
6829,3.6703
6830,3.6701
6831,3.67
6832,3.6696
6833,3.6695
6834,3.6693
6835,3.6692
6836,3.669
6837,3.6689
6838,3.6687
6839,3.6684
6840,3.6682
6841,3.6681
6842,3.6679
6843,3.6677
6844,3.6676
6845,3.6674
6846,3.6671
6847,3.6669
6848,3.6668
6849,3.6666
6850,3.6665
6851,3.6663
6852,3.6661
6853,3.666
6854,3.6657
6855,3.6655
6856,3.6654
6857,3.6652
6858,3.665
6859,3.6649
6860,3.6647
6861,3.6644
6862,3.6642
6863,3.6641
6864,3.6639
6865,3.6638
6866,3.6636
6867,3.6634
6868,3.6631
6869,3.663
6870,3.6628
6871,3.6627
6872,3.6625
6873,3.6623
6874,3.6622
6875,3.662
6876,3.6617
6877,3.6615
6878,3.6614
6879,3.6612
6880,3.6611
6881,3.6609
6882,3.6607
6883,3.6606
6884,3.6603
6885,3.6601
6886,3.6599
6887,3.6598
6888,3.6596
6889,3.6595
6890,3.6593
6891,3.6592
6892,3.6588
6893,3.6587
6894,3.6585
6895,3.6584
6896,3.6582
6897,3.658
6898,3.6579
6899,3.6577
6900,3.6574
6901,3.6572
6902,3.6571
6903,3.6569
6904,3.6568
6905,3.6566
6906,3.6565
6907,3.6563
6908,3.6561
6909,3.656
6910,3.6557
6911,3.6555
6912,3.6553
6913,3.6552
6914,3.655
6915,3.6549
6916,3.6547
6917,3.6545
6918,3.6544
6919,3.6541
6920,3.6539
6921,3.6538
6922,3.6536
6923,3.6534
6924,3.6533
6925,3.6531
6926,3.653
6927,3.6528
6928,3.6525
6929,3.6523
6930,3.6522
6931,3.652
6932,3.6518
6933,3.6517
6934,3.6515
6935,3.6514
6936,3.6512
6937,3.651
6938,3.6509
6939,3.6506
6940,3.6504
6941,3.6503
6942,3.6501
6943,3.6499
6944,3.6498
6945,3.6496
6946,3.6495
6947,3.6493
6948,3.6491
6949,3.6488
6950,3.6487
6951,3.6485
6952,3.6483
6953,3.6482
6954,3.648
6955,3.6479
6956,3.6477
6957,3.6476
6958,3.6474
6959,3.6471
6960,3.6469
6961,3.6468
6962,3.6466
6963,3.6464
6964,3.6463
6965,3.6461
6966,3.646
6967,3.6458
6968,3.6456
6969,3.6455
6970,3.6452
6971,3.645
6972,3.6448
6973,3.6447
6974,3.6445
6975,3.6444
6976,3.6442
6977,3.6441
6978,3.6439
6979,3.6437
6980,3.6434
6981,3.6433
6982,3.6431
6983,3.6429
6984,3.6428
6985,3.6426
6986,3.6425
6987,3.6423
6988,3.6421
6989,3.6418
6990,3.6417
6991,3.6415
6992,3.6414
6993,3.6412
6994,3.641
6995,3.6409
6996,3.6407
6997,3.6406
6998,3.6402
6999,3.6401
7000,3.6399
7001,3.6398
7002,3.6396
7003,3.6394
7004,3.6393
7005,3.6391
7006,3.6388
7007,3.6386
7008,3.6385
7009,3.6383
7010,3.6382
7011,3.638
7012,3.6379
7013,3.6375
7014,3.6374
7015,3.6372
7016,3.6371
7017,3.6369
7018,3.6367
7019,3.6366
7020,3.6363
7021,3.6361
7022,3.6359
7023,3.6358
7024,3.6356
7025,3.6355
7026,3.6353
7027,3.635
7028,3.6348
7029,3.6347
7030,3.6345
7031,3.6344
7032,3.6342
7033,3.634
7034,3.6337
7035,3.6336
7036,3.6334
7037,3.6332
7038,3.6331
7039,3.6329
7040,3.6326
7041,3.6325
7042,3.6323
7043,3.6321
7044,3.632
7045,3.6317
7046,3.6315
7047,3.6313
7048,3.6312
7049,3.631
7050,3.6309
7051,3.6305
7052,3.6304
7053,3.6302
7054,3.6301
7055,3.6299
7056,3.6296
7057,3.6294
7058,3.6293
7059,3.6291
7060,3.6288
7061,3.6286
7062,3.6285
7063,3.6283
7064,3.6282
7065,3.6278
7066,3.6277
7067,3.6275
7068,3.6274
7069,3.627
7070,3.6269
7071,3.6267
7072,3.6266
7073,3.6263
7074,3.6261
7075,3.6259
7076,3.6258
7077,3.6255
7078,3.6253
7079,3.6251
7080,3.625
7081,3.6247
7082,3.6245
7083,3.6243
7084,3.6242
7085,3.6239
7086,3.6237
7087,3.6235
7088,3.6232
7089,3.6231
7090,3.6229
7091,3.6228
7092,3.6224
7093,3.6223
7094,3.622
7095,3.6218
7096,3.6216
7097,3.6213
7098,3.6212
7099,3.621
7100,3.6207
7101,3.6205
7102,3.6204
7103,3.6201
7104,3.6199
7105,3.6197
7106,3.6194
7107,3.6193
7108,3.6191
7109,3.6188
7110,3.6186
7111,3.6183
7112,3.6181
7113,3.6178
7114,3.6177
7115,3.6175
7116,3.6172
7117,3.617
7118,3.6167
7119,3.6166
7120,3.6164
7121,3.6161
7122,3.6159
7123,3.6156
7124,3.6154
7125,3.6151
7126,3.615
7127,3.6146
7128,3.6145
7129,3.6142
7130,3.614
7131,3.6139
7132,3.6135
7133,3.6132
7134,3.6131
7135,3.6127
7136,3.6126
7137,3.6123
7138,3.6121
7139,3.6118
7140,3.6116
7141,3.6113
7142,3.6112
7143,3.6108
7144,3.6105
7145,3.6104
7146,3.61
7147,3.6099
7148,3.6096
7149,3.6094
7150,3.6091
7151,3.6088
7152,3.6086
7153,3.6083
7154,3.608
7155,3.6078
7156,3.6075
7157,3.6072
7158,3.607
7159,3.6067
7160,3.6064
7161,3.6062
7162,3.6059
7163,3.6056
7164,3.6054
7165,3.6051
7166,3.6048
7167,3.6045
7168,3.6043
7169,3.604
7170,3.6037
7171,3.6034
7172,3.6032
7173,3.6029
7174,3.6026
7175,3.6022
7176,3.6019
7177,3.6018
7178,3.6015
7179,3.6011
7180,3.6008
7181,3.6005
7182,3.6002
7183,3.5999
7184,3.5997
7185,3.5994
7186,3.5991
7187,3.5988
7188,3.5984
7189,3.5981
7190,3.5978
7191,3.5975
7192,3.5972
7193,3.5968
7194,3.5965
7195,3.5962
7196,3.5959
7197,3.5956
7198,3.5953
7199,3.5949
7200,3.5946
7201,3.5943
7202,3.594
7203,3.5937
7204,3.5932
7205,3.5929
7206,3.5926
7207,3.5922
7208,3.5919
7209,3.5916
7210,3.5913
7211,3.5908
7212,3.5905
7213,3.5902
7214,3.5899
7215,3.5895
7216,3.5891
7217,3.5887
7218,3.5884
7219,3.5881
7220,3.5876
7221,3.5873
7222,3.587
7223,3.5865
7224,3.5862
7225,3.5859
7226,3.5854
7227,3.5851
7228,3.5848
7229,3.5843
7230,3.584
7231,3.5835
7232,3.5832
7233,3.5827
7234,3.5824
7235,3.5819
7236,3.5816
7237,3.5811
7238,3.5808
7239,3.5803
7240,3.58
7241,3.5795
7242,3.579
7243,3.5787
7244,3.5782
7245,3.5779
7246,3.5775
7247,3.577
7248,3.5767
7249,3.5762
7250,3.5757
7251,3.5752
7252,3.5749
7253,3.5744
7254,3.574
7255,3.5735
7256,3.573
7257,3.5727
7258,3.5722
7259,3.5717
7260,3.5713
7261,3.5708
7262,3.5703
7263,3.5698
7264,3.5693
7265,3.5689
7266,3.5684
7267,3.5681
7268,3.5676
7269,3.5671
7270,3.5666
7271,3.566
7272,3.5655
7273,3.5651
7274,3.5646
7275,3.5641
7276,3.5636
7277,3.5631
7278,3.5627
7279,3.562
7280,3.5616
7281,3.5611
7282,3.5606
7283,3.56
7284,3.5595
7285,3.559
7286,3.5585
7287,3.5579
7288,3.5574
7289,3.5569
7290,3.5563
7291,3.5558
7292,3.5554
7293,3.5547
7294,3.5542
7295,3.5536
7296,3.5531
7297,3.5525
7298,3.552
7299,3.5514
7300,3.5509
7301,3.5503
7302,3.5498
7303,3.5492
7304,3.5487
7305,3.548
7306,3.5476
7307,3.5469
7308,3.5463
7309,3.5458
7310,3.5452
7311,3.5446
7312,3.5441
7313,3.5434
7314,3.5428
7315,3.5423
7316,3.5417
7317,3.5411
7318,3.5404
7319,3.5399
7320,3.5393
7321,3.5387
7322,3.538
7323,3.5374
7324,3.5369
7325,3.5363
7326,3.5356
7327,3.535
7328,3.5344
7329,3.5337
7330,3.5333
7331,3.5326
7332,3.532
7333,3.5314
7334,3.5307
7335,3.5301
7336,3.5294
7337,3.5288
7338,3.5282
7339,3.5275
7340,3.5269
7341,3.5263
7342,3.5256
7343,3.525
7344,3.5244
7345,3.5237
7346,3.5231
7347,3.5225
7348,3.5218
7349,3.5212
7350,3.5205
7351,3.5199
7352,3.5193
7353,3.5186
7354,3.5178
7355,3.5172
7356,3.5166
7357,3.5159
7358,3.5153
7359,3.5145
7360,3.5139
7361,3.5132
7362,3.5124
7363,3.5118
7364,3.511
7365,3.5104
7366,3.5097
7367,3.5089
7368,3.5083
7369,3.5075
7370,3.5069
7371,3.5061
7372,3.5054
7373,3.5047
7374,3.5039
7375,3.5032
7376,3.5024
7377,3.5016
7378,3.5008
7379,3.5
7380,3.4994
7381,3.4986
7382,3.4978
7383,3.497
7384,3.4962
7385,3.4953
7386,3.4945
7387,3.4937
7388,3.4929
7389,3.4921
7390,3.4911
7391,3.4903
7392,3.4894
7393,3.4886
7394,3.4876
7395,3.4869
7396,3.4859
7397,3.4849
7398,3.484
7399,3.4832
7400,3.4822
7401,3.4813
7402,3.4803
7403,3.4792
7404,3.4783
7405,3.4773
7406,3.4764
7407,3.4752
7408,3.4743
7409,3.4732
7410,3.4722
7411,3.4711
7412,3.47
7413,3.4689
7414,3.4678
7415,3.4667
7416,3.4656
7417,3.4644
7418,3.4633
7419,3.4622
7420,3.4609
7421,3.4598
7422,3.4586
7423,3.4574
7424,3.4562
7425,3.4549
7426,3.4536
7427,3.4524
7428,3.4511
7429,3.4498
7430,3.4484
7431,3.4471
7432,3.4457
7433,3.4444
7434,3.443
7435,3.4415
7436,3.4401
7437,3.4387
7438,3.4373
7439,3.4358
7440,3.4344
7441,3.433
7442,3.4314
7443,3.4299
7444,3.4284
7445,3.4268
7446,3.4252
7447,3.4236
7448,3.422
7449,3.4204
7450,3.4188
7451,3.4172
7452,3.4155
7453,3.4139
7454,3.4121
7455,3.4104
7456,3.4086
7457,3.4071
7458,3.4051
7459,3.4034
7460,3.4017
7461,3.3999
7462,3.398
7463,3.3962
7464,3.3943
7465,3.3924
7466,3.3905
7467,3.3886
7468,3.3867
7469,3.3848
7470,3.3829
7471,3.3808
7472,3.3789
7473,3.3769
7474,3.3749
7475,3.3729
7476,3.3708
7477,3.3687
7478,3.3667
7479,3.3646
7480,3.3624
7481,3.3603
7482,3.3581
7483,3.356
7484,3.3538
7485,3.3516
7486,3.3494
7487,3.3471
7488,3.3449
7489,3.3425
7490,3.3403
7491,3.3379
7492,3.3357
7493,3.3333
7494,3.3309
7495,3.3284
7496,3.3261
7497,3.3235
7498,3.3211
7499,3.3186
7500,3.3162
7501,3.3137
7502,3.3111
7503,3.3086
7504,3.306
7505,3.3035
7506,3.3008
7507,3.2983
7508,3.2956
7509,3.2929
7510,3.2902
7511,3.2875
7512,3.2848
7513,3.2821
7514,3.2792
7515,3.2763
7516,3.2736
7517,3.2708
7518,3.2679
7519,3.2649
7520,3.262
7521,3.259
7522,3.2562
7523,3.2531
7524,3.2501
7525,3.2471
7526,3.2439
7527,3.2409
7528,3.2377
7529,3.2346
7530,3.2314
7531,3.2282
7532,3.225
7533,3.2217
7534,3.2185
7535,3.2152
7536,3.2118
7537,3.2085
7538,3.205
7539,3.2017
7540,3.1982
7541,3.1947
7542,3.1912
7543,3.1875
7544,3.1841
7545,3.1804
7546,3.1767
7547,3.1731
7548,3.1693
7549,3.1656
7550,3.1618
7551,3.158
7552,3.1542
7553,3.1504
7554,3.1464
7555,3.1424
7556,3.1385
7557,3.1343
7558,3.1304
7559,3.1262
7560,3.1221
7561,3.118
7562,3.1137
7563,3.1094
7564,3.1051
7565,3.1008
7566,3.0965
7567,3.0921
7568,3.0876
7569,3.083
7570,3.0786
7571,3.074
7572,3.0694
7573,3.0646
7574,3.06
7575,3.0552
7576,3.0503
7577,3.0455
7578,3.0406
7579,3.0355
7580,3.0306
7581,3.0255
7582,3.0204
7583,3.0152
7584,3.01
7585,3.0047
7586,2.9995
7587,2.9941
7588,2.9887
7589,2.9831
7590,2.9776
7591,2.972
7592,2.9663
7593,2.9606
7594,2.9547
7595,2.9488
7596,2.9429
7597,2.9369
7598,2.9309
7599,2.9248
7600,2.9186
7601,2.9123
7602,2.9059
7603,2.8996
7604,2.8931
7605,2.8864
7606,2.8797
7607,2.873
7608,2.8662
7609,2.8594
7610,2.8524
7611,2.8452
7612,2.8381
7613,2.831
7614,2.8236
7615,2.8162
7616,2.8086
7617,2.8011
7618,2.7933
7619,2.7855
7620,2.7776
7621,2.7696
7622,2.7615
7623,2.7533
7624,2.745
7625,2.7366
7626,2.728
7627,2.7194
7628,2.7107
7629,2.702
7630,2.6929
7631,2.684
7632,2.675
7633,2.6656
7634,2.6564
7635,2.647
7636,2.6375
7637,2.6278
7638,2.6181
7639,2.6083
7640,2.5984
7641,2.5884
7642,2.5782
7643,2.5681
7644,2.5577
7645,2.5473
7646,2.5368
7647,2.5261
7648,2.5153
7649,2.5045
7650,2.4999
7651,2.5196
7652,2.6245
7653,2.7287
7654,2.8305
7655,2.8931
7656,2.9942
7657,3.0751
7658,3.1753
7659,3.1853
7660,3.2628
7661,3.321
7662,3.3646
7663,3.3969
7664,3.4201
7665,3.4363
7666,3.4476
7667,3.4555
7668,3.4614
7669,3.4659
7670,3.4695
7671,3.4725
7672,3.4749
7673,3.4772
7674,3.4789
7675,3.4807
7676,3.4821
7677,3.4835
7678,3.4846
7679,3.4857
7680,3.4869
7681,3.4878
7682,3.4886
7683,3.4896
7684,3.4903
7685,3.491
7686,3.4918
7687,3.4924
7688,3.493
7689,3.4935
7690,3.4942
7691,3.4946
7692,3.4953
7693,3.4958
7694,3.4962
7695,3.4967
7696,3.4972
7697,3.4975
7698,3.498
7699,3.4983
7700,3.4988
7701,3.4991
7702,3.4994
7703,3.4999
7704,3.5002
7705,3.5005
7706,3.5008
7707,3.5012
7708,3.5015
7709,3.5018
7710,3.5021
7711,3.5023
7712,3.5026
7713,3.5029
7714,3.5031
7715,3.5034
7716,3.5037
7717,3.5039
7718,3.5042
7719,3.5043
7720,3.5047
7721,3.5048
7722,3.5051
7723,3.5053
7724,3.5054
7725,3.5058
7726,3.5059
7727,3.5061
7728,3.5062
7729,3.5066
7730,3.5067
7731,3.5069
7732,3.507
7733,3.5072
7734,3.5074
7735,3.5077
7736,3.5078
7737,3.508
7738,3.5082
7739,3.5083
7740,3.5085
7741,3.5086
7742,3.5088
7743,3.5089
7744,3.5091
7745,3.5093
7746,3.5094
7747,3.5096
7748,3.5097
7749,3.5099
7750,3.5099
7751,3.5101
7752,3.5102
7753,3.5104
7754,3.5105
7755,3.5107
7756,3.5109
7757,3.5109
7758,3.511
7759,3.5112
7760,3.5113
7761,3.5115
7762,3.5115
7763,3.5116
7764,3.5118
7765,3.5118
7766,3.512
7767,3.5121
7768,3.5123
7769,3.5123
7770,3.5124
7771,3.5126
7772,3.5126
7773,3.5128
7774,3.5129
7775,3.5129
7776,3.5131
7777,3.5132
7778,3.5132
7779,3.5134
7780,3.5136
7781,3.5136
7782,3.5137
7783,3.5137
7784,3.5139
7785,3.514
7786,3.514
7787,3.5142
7788,3.5142
7789,3.5143
7790,3.5145
7791,3.5145
7792,3.5147
7793,3.5147
7794,3.5148
7795,3.5148
7796,3.515
7797,3.515
7798,3.5151
7799,3.5151
7800,3.5153
7801,3.5153
7802,3.5155
7803,3.5156
7804,3.5156
7805,3.5158
7806,3.5158
7807,3.5158
7808,3.5159
7809,3.5159
7810,3.5161
7811,3.5161
7812,3.5163
7813,3.5163
7814,3.5164
7815,3.5164
7816,3.5166
7817,3.5166
7818,3.5167
7819,3.5167
7820,3.5167
7821,3.5169
7822,3.5169
7823,3.5171
7824,3.5171
7825,3.5172
7826,3.5172
7827,3.5172
7828,3.5174
7829,3.5174
7830,3.5175
7831,3.5175
7832,3.5177
7833,3.5177
7834,3.5177
7835,3.5178
7836,3.5178
7837,3.5265
7838,3.5661
7839,3.5702
7840,3.5728
7841,3.5745
7842,3.5759
7843,3.5771
7844,3.5782
7845,3.5791
7846,3.5799
7847,3.5807
7848,3.5814
7849,3.582
7850,3.5826
7851,3.5833
7852,3.5839
7853,3.5844
7854,3.585
7855,3.5855
7856,3.586
7857,3.5864
7858,3.5869
7859,3.5872
7860,3.5877
7861,3.5882
7862,3.5885
7863,3.589
7864,3.5893
7865,3.5898
7866,3.5901
7867,3.5904
7868,3.5909
7869,3.5912
7870,3.5915
7871,3.592
7872,3.5923
7873,3.5926
7874,3.5929
7875,3.5933
7876,3.5936
7877,3.5939
7878,3.5942
7879,3.5945
7880,3.5949
7881,3.5952
7882,3.5955
7883,3.5958
7884,3.5961
7885,3.5964
7886,3.5966
7887,3.5969
7888,3.5972
7889,3.5976
7890,3.5979
7891,3.598
7892,3.5984
7893,3.5987
7894,3.5988
7895,3.5991
7896,3.5995
7897,3.5996
7898,3.5999
7899,3.6003
7900,3.6004
7901,3.6007
7902,3.6009
7903,3.6012
7904,3.6014
7905,3.6017
7906,3.6018
7907,3.6022
7908,3.6023
7909,3.6026
7910,3.6028
7911,3.6031
7912,3.6033
7913,3.6036
7914,3.6038
7915,3.6039
7916,3.6042
7917,3.6044
7918,3.6047
7919,3.6049
7920,3.605
7921,3.6053
7922,3.6055
7923,3.6057
7924,3.606
7925,3.6061
7926,3.6063
7927,3.6066
7928,3.6068
7929,3.6069
7930,3.6071
7931,3.6074
7932,3.6076
7933,3.6077
7934,3.6079
7935,3.6082
7936,3.6084
7937,3.6085
7938,3.6087
7939,3.6088
7940,3.6092
7941,3.6093
7942,3.6095
7943,3.6096
7944,3.6098
7945,3.6099
7946,3.6103
7947,3.6104
7948,3.6106
7949,3.6107
7950,3.6109
7951,3.6111
7952,3.6112
7953,3.6114
7954,3.6115
7955,3.6119
7956,3.612
7957,3.6122
7958,3.6123
7959,3.6125
7960,3.6126
7961,3.6128
7962,3.613
7963,3.6131
7964,3.6133
7965,3.6134
7966,3.6136
7967,3.6138
7968,3.6139
7969,3.6141
7970,3.6142
7971,3.6144
7972,3.6146
7973,3.6147
7974,3.6149
7975,3.615
7976,3.6152
7977,3.6154
7978,3.6155
7979,3.6157
7980,3.6158
7981,3.616
7982,3.6161
7983,3.6163
7984,3.6165
7985,3.6166
7986,3.6168
7987,3.6169
7988,3.6171
7989,3.6173
7990,3.6174
7991,3.6176
7992,3.6177
7993,3.6177
7994,3.6181
7995,3.6181
7996,3.6182
7997,3.6184
7998,3.6185
7999,3.6187
8000,3.6188
8001,3.619
8002,3.6192
8003,3.6193
8004,3.6193
8005,3.6195
8006,3.6196
8007,3.6198
8008,3.62
8009,3.6201
8010,3.6203
8011,3.6204
8012,3.6206
8013,3.6206
8014,3.6208
8015,3.6209
8016,3.6211
8017,3.6212
8018,3.6214
8019,3.6215
8020,3.6215
8021,3.6217
8022,3.6219
8023,3.622
8024,3.6222
8025,3.6223
8026,3.6225
8027,3.6225
8028,3.6227
8029,3.6228
8030,3.623
8031,3.6231
8032,3.6233
8033,3.6235
8034,3.6235
8035,3.6236
8036,3.6238
8037,3.6239
8038,3.6241
8039,3.6241
8040,3.6242
8041,3.6244
8042,3.6246
8043,3.6247
8044,3.6249
8045,3.6249
8046,3.625
8047,3.6252
8048,3.6254
8049,3.6255
8050,3.6257
8051,3.6257
8052,3.6258
8053,3.626
8054,3.6262
8055,3.6263
8056,3.6263
8057,3.6265
8058,3.6266
8059,3.6268
8060,3.6269
8061,3.6269
8062,3.6271
8063,3.6273
8064,3.6274
8065,3.6274
8066,3.6276
8067,3.6277
8068,3.6279
8069,3.6281
8070,3.6282
8071,3.6282
8072,3.6284
8073,3.6285
8074,3.6287
8075,3.6289
8076,3.6289
8077,3.629
8078,3.6292
8079,3.6293
8080,3.6293
8081,3.6295
8082,3.6296
8083,3.6298
8084,3.63
8085,3.63
8086,3.6301
8087,3.6303
8088,3.6304
8089,3.6304
8090,3.6306
8091,3.6308
8092,3.6309
8093,3.6311
8094,3.6311
8095,3.6312
8096,3.6314
8097,3.6316
8098,3.6316
8099,3.6317
8100,3.6319
8101,3.632
8102,3.6322
8103,3.6322
8104,3.6324
8105,3.6325
8106,3.6327
8107,3.6327
8108,3.6328
8109,3.633
8110,3.6331
8111,3.6333
8112,3.6333
8113,3.6335
8114,3.6336
8115,3.6338
8116,3.6338
8117,3.6339
8118,3.6341
8119,3.6343
8120,3.6344
8121,3.6344
8122,3.6346
8123,3.6347
8124,3.6349
8125,3.6349
8126,3.6351
8127,3.6352
8128,3.6354
8129,3.6354
8130,3.6355
8131,3.6357
8132,3.6358
8133,3.6358
8134,3.636
8135,3.6362
8136,3.6363
8137,3.6365
8138,3.6365
8139,3.6366
8140,3.6368
8141,3.6368
8142,3.637
8143,3.6371
8144,3.6373
8145,3.6374
8146,3.6374
8147,3.6376
8148,3.6378
8149,3.6379
8150,3.6379
8151,3.6381
8152,3.6382
8153,3.6384
8154,3.6384
8155,3.6385
8156,3.6387
8157,3.6389
8158,3.6389
8159,3.639
8160,3.6392
8161,3.6393
8162,3.6393
8163,3.6395
8164,3.6397
8165,3.6398
8166,3.6398
8167,3.64
8168,3.6401
8169,3.6403
8170,3.6403
8171,3.6405
8172,3.6406
8173,3.6408
8174,3.6408
8175,3.6409
8176,3.6411
8177,3.6412
8178,3.6412
8179,3.6414
8180,3.6416
8181,3.6417
8182,3.6417
8183,3.6419
8184,3.642
8185,3.6422
8186,3.6422
8187,3.6424
8188,3.6425
8189,3.6425
8190,3.6427
8191,3.6428
8192,3.643
8193,3.6432
8194,3.6432
8195,3.6433
8196,3.6435
8197,3.6436
8198,3.6436
8199,3.6438
8200,3.6439
8201,3.6439
8202,3.6441
8203,3.6443
8204,3.6444
8205,3.6444
8206,3.6446
8207,3.6447
8208,3.6447
8209,3.6449
8210,3.6451
8211,3.6452
8212,3.6452
8213,3.6454
8214,3.6455
8215,3.6457
8216,3.6457
8217,3.6459
8218,3.646
8219,3.6462
8220,3.6462
8221,3.6463
8222,3.6465
8223,3.6466
8224,3.6466
8225,3.6468
8226,3.647
8227,3.6471
8228,3.6471
8229,3.6473
8230,3.6474
8231,3.6474
8232,3.6476
8233,3.6478
8234,3.6479
8235,3.6479
8236,3.6481
8237,3.6482
8238,3.6482
8239,3.6484
8240,3.6486
8241,3.6487
8242,3.6487
8243,3.6489
8244,3.649
8245,3.6492
8246,3.6492
8247,3.6493
8248,3.6495
8249,3.6495
8250,3.6497
8251,3.6498
8252,3.65
8253,3.65
8254,3.6501
8255,3.6503
8256,3.6505
8257,3.6505
8258,3.6506
8259,3.6508
8260,3.6509
8261,3.6509
8262,3.6511
8263,3.6513
8264,3.6513
8265,3.6514
8266,3.6516
8267,3.6517
8268,3.6517
8269,3.6519
8270,3.6521
8271,3.6522
8272,3.6522
8273,3.6524
8274,3.6525
8275,3.6525
8276,3.6527
8277,3.6528
8278,3.653
8279,3.653
8280,3.6532
8281,3.6533
8282,3.6533
8283,3.6535
8284,3.6536
8285,3.6538
8286,3.6538
8287,3.654
8288,3.6541
8289,3.6543
8290,3.6543
8291,3.6544
8292,3.6546
8293,3.6546
8294,3.6548
8295,3.6549
8296,3.6549
8297,3.6551
8298,3.6552
8299,3.6554
8300,3.6554
8301,3.6555
8302,3.6557
8303,3.6559
8304,3.6559
8305,3.656
8306,3.6562
8307,3.6562
8308,3.6563
8309,3.6565
8310,3.6567
8311,3.6567
8312,3.6568
8313,3.657
8314,3.657
8315,3.6571
8316,3.6573
8317,3.6575
8318,3.6575
8319,3.6576
8320,3.6578
8321,3.6579
8322,3.6579
8323,3.6581
8324,3.6582
8325,3.6582
8326,3.6584
8327,3.6586
8328,3.6587
8329,3.6587
8330,3.6589
8331,3.659
8332,3.659
8333,3.6592
8334,3.6594
8335,3.6595
8336,3.6595
8337,3.6597
8338,3.6598
8339,3.6598
8340,3.66
8341,3.6602
8342,3.6603
8343,3.6603
8344,3.6605
8345,3.6606
8346,3.6608
8347,3.6608
8348,3.6609
8349,3.6611
8350,3.6611
8351,3.6613
8352,3.6614
8353,3.6616
8354,3.6616
8355,3.6617
8356,3.6619
8357,3.6619
8358,3.6621
8359,3.6622
8360,3.6624
8361,3.6624
8362,3.6625
8363,3.6627
8364,3.6627
8365,3.6629
8366,3.663
8367,3.6632
8368,3.6632
8369,3.6633
8370,3.6635
8371,3.6635
8372,3.6636
8373,3.6638
8374,3.664
8375,3.664
8376,3.6641
8377,3.6643
8378,3.6643
8379,3.6644
8380,3.6646
8381,3.6648
8382,3.6648
8383,3.6649
8384,3.6651
8385,3.6652
8386,3.6652
8387,3.6654
8388,3.6656
8389,3.6656
8390,3.6657
8391,3.6659
8392,3.666
8393,3.666
8394,3.6662
8395,3.6662
8396,3.6663
8397,3.6665
8398,3.6667
8399,3.6667
8400,3.6668
8401,3.667
8402,3.6671
8403,3.6671
8404,3.6673
8405,3.6675
8406,3.6675
8407,3.6676
8408,3.6678
8409,3.6679
8410,3.6679
8411,3.6681
8412,3.6683
8413,3.6683
8414,3.6684
8415,3.6686
8416,3.6687
8417,3.6687
8418,3.6689
8419,3.669
8420,3.669
8421,3.6692
8422,3.6694
8423,3.6695
8424,3.6695
8425,3.6697
8426,3.6698
8427,3.6698
8428,3.67
8429,3.6702
8430,3.6703
8431,3.6703
8432,3.6705
8433,3.6706
8434,3.6708
8435,3.6708
8436,3.671
8437,3.6711
8438,3.6711
8439,3.6713
8440,3.6714
8441,3.6716
8442,3.6716
8443,3.6718
8444,3.6719
8445,3.6719
8446,3.6721
8447,3.6722
8448,3.6722
8449,3.6724
8450,3.6725
8451,3.6727
8452,3.6727
8453,3.6729
8454,3.673
8455,3.673
8456,3.6732
8457,3.6733
8458,3.6735
8459,3.6735
8460,3.6737
8461,3.6738
8462,3.674
8463,3.674
8464,3.6741
8465,3.6743
8466,3.6743
8467,3.6745
8468,3.6746
8469,3.6748
8470,3.6748
8471,3.6749
8472,3.6751
8473,3.6751
8474,3.6752
8475,3.6754
8476,3.6756
8477,3.6756
8478,3.6757
8479,3.6759
8480,3.6759
8481,3.676
8482,3.6762
8483,3.6764
8484,3.6764
8485,3.6765
8486,3.6767
8487,3.6768
8488,3.6768
8489,3.677
8490,3.6772
8491,3.6773
8492,3.6773
8493,3.6775
8494,3.6776
8495,3.6776
8496,3.6778
8497,3.6779
8498,3.6779
8499,3.6781
8500,3.6783
8501,3.6784
8502,3.6784
8503,3.6786
8504,3.6787
8505,3.6789
8506,3.6789
8507,3.6791
8508,3.6792
8509,3.6794
8510,3.6794
8511,3.6795
8512,3.6797
8513,3.6797
8514,3.6799
8515,3.68
8516,3.6802
8517,3.6803
8518,3.6803
8519,3.6805
8520,3.6806
8521,3.6806
8522,3.6808
8523,3.681
8524,3.681
8525,3.6811
8526,3.6813
8527,3.6814
8528,3.6814
8529,3.6816
8530,3.6818
8531,3.6819
8532,3.6819
8533,3.6821
8534,3.6822
8535,3.6824
8536,3.6824
8537,3.6826
8538,3.6827
8539,3.6829
8540,3.6829
8541,3.683
8542,3.6832
8543,3.6833
8544,3.6833
8545,3.6835
8546,3.6837
8547,3.6838
8548,3.6838
8549,3.684
8550,3.6841
8551,3.6843
8552,3.6843
8553,3.6845
8554,3.6846
8555,3.6848
8556,3.6848
8557,3.6849
8558,3.6851
8559,3.6851
8560,3.6853
8561,3.6854
8562,3.6856
8563,3.6857
8564,3.6859
8565,3.6859
8566,3.686
8567,3.6862
8568,3.6862
8569,3.6864
8570,3.6865
8571,3.6867
8572,3.6868
8573,3.6868
8574,3.687
8575,3.6872
8576,3.6873
8577,3.6873
8578,3.6875
8579,3.6876
8580,3.6878
8581,3.6878
8582,3.688
8583,3.6881
8584,3.6883
8585,3.6884
8586,3.6884
8587,3.6886
8588,3.6888
8589,3.6889
8590,3.6889
8591,3.6891
8592,3.6892
8593,3.6894
8594,3.6894
8595,3.6895
8596,3.6897
8597,3.6899
8598,3.69
8599,3.69
8600,3.6902
8601,3.6903
8602,3.6905
8603,3.6907
8604,3.6907
8605,3.6908
8606,3.691
8607,3.6911
8608,3.6911
8609,3.6913
8610,3.6915
8611,3.6916
8612,3.6918
8613,3.6918
8614,3.6919
8615,3.6921
8616,3.6922
8617,3.6924
8618,3.6924
8619,3.6926
8620,3.6927
8621,3.6929
8622,3.693
8623,3.693
8624,3.6932
8625,3.6934
8626,3.6935
8627,3.6937
8628,3.6937
8629,3.6938
8630,3.694
8631,3.6942
8632,3.6943
8633,3.6943
8634,3.6945
8635,3.6946
8636,3.6948
8637,3.6949
8638,3.6949
8639,3.6951
8640,3.6953
8641,3.6954
8642,3.6956
8643,3.6957
8644,3.6957
8645,3.6959
8646,3.6961
8647,3.6962
8648,3.6964
8649,3.6965
8650,3.6965
8651,3.6967
8652,3.6969
8653,3.697
8654,3.6972
8655,3.6973
8656,3.6973
8657,3.6975
8658,3.6976
8659,3.6978
8660,3.698
8661,3.6981
8662,3.6983
8663,3.6983
8664,3.6984
8665,3.6986
8666,3.6988
8667,3.6989
8668,3.6991
8669,3.6991
8670,3.6992
8671,3.6994
8672,3.6996
8673,3.6997
8674,3.6999
8675,3.6999
8676,3.7
8677,3.7002
8678,3.7003
8679,3.7005
8680,3.7007
8681,3.7008
8682,3.7008
8683,3.701
8684,3.7011
8685,3.7013
8686,3.7015
8687,3.7016
8688,3.7018
8689,3.7018
8690,3.7019
8691,3.7021
8692,3.7023
8693,3.7024
8694,3.7026
8695,3.7027
8696,3.7029
8697,3.7029
8698,3.703
8699,3.7032
8700,3.7034
8701,3.7035
8702,3.7037
8703,3.7038
8704,3.704
8705,3.7042
8706,3.7042
8707,3.7043
8708,3.7045
8709,3.7046
8710,3.7048
8711,3.705
8712,3.7051
8713,3.7053
8714,3.7054
8715,3.7056
8716,3.7056
8717,3.7058
8718,3.7059
8719,3.7061
8720,3.7062
8721,3.7064
8722,3.7065
8723,3.7067
8724,3.7069
8725,3.7069
8726,3.707
8727,3.7072
8728,3.7073
8729,3.7075
8730,3.7077
8731,3.7078
8732,3.708
8733,3.7081
8734,3.7083
8735,3.7085
8736,3.7086
8737,3.7088
8738,3.7088
8739,3.7089
8740,3.7091
8741,3.7092
8742,3.7094
8743,3.7096
8744,3.7097
8745,3.7099
8746,3.71
8747,3.7102
8748,3.7104
8749,3.7104
8750,3.7105
8751,3.7107
8752,3.71
8753,3.71
8754,3.71
8755,3.71
8756,3.71
8757,3.71
8758,3.71
8759,3.71
8760,3.71
8761,3.71
8762,3.71
8763,3.71
8764,3.71
8765,3.71
8766,3.71
8767,3.71
8768,3.71
8769,3.71
8770,3.71
8771,3.71
8772,3.71
8773,3.71
8774,3.71
8775,3.71
8776,3.71
8777,3.71
8778,3.71
8779,3.71
8780,3.71
8781,3.71
8782,3.71
8783,3.7099
8784,3.71
8785,3.71
8786,3.71
8787,3.708
8788,3.707
8789,3.7067
8790,3.7064
8791,3.7062
8792,3.706
8793,3.706
8794,3.7059
8795,3.7057
8796,3.7057
8797,3.7056
8798,3.7056
8799,3.7056
8800,3.7054
8801,3.7054
8802,3.7054
8803,3.7053
8804,3.7053
8805,3.7053
8806,3.7051
8807,3.7051
8808,3.7051
8809,3.7051
8810,3.7049
8811,3.7049
8812,3.7049
8813,3.7049
8814,3.7048
8815,3.7048
8816,3.7048
8817,3.7048
8818,3.7048
8819,3.7046
8820,3.7046
8821,3.7046
8822,3.7046
8823,3.7046
8824,3.7046
8825,3.7045
8826,3.7045
8827,3.7045
8828,3.7045
8829,3.7045
8830,3.7045
8831,3.7045
8832,3.7045
8833,3.7045
8834,3.7045
8835,3.7043
8836,3.7043
8837,3.7043
8838,3.7043
8839,3.7043
8840,3.7043
8841,3.7043
8842,3.7043
8843,3.7043
8844,3.7041
8845,3.7041
8846,3.7041
8847,3.7041
8848,3.7041
8849,3.7041
8850,3.7041
8851,3.7041
8852,3.7041
8853,3.7041
8854,3.7041
8855,3.7041
8856,3.7041
8857,3.7041
8858,3.7041
8859,3.704
8860,3.704
8861,3.704
8862,3.704
8863,3.704
8864,3.704
8865,3.704
8866,3.704
8867,3.704
8868,3.704
8869,3.704
8870,3.704
8871,3.704
8872,3.704
8873,3.704
8874,3.704
8875,3.704
8876,3.704
8877,3.704
8878,3.7038
8879,3.7038
8880,3.7038
8881,3.7038
8882,3.7038
8883,3.7038
8884,3.7038
8885,3.7038
8886,3.7038
8887,3.7038
8888,3.7038
8889,3.7038
8890,3.7038
8891,3.7038
8892,3.7038
8893,3.7038
8894,3.7038
8895,3.7038
8896,3.7038
8897,3.7038
8898,3.7038
8899,3.7038
8900,3.7038
8901,3.7038
8902,3.7038
8903,3.7038
8904,3.7038
8905,3.7037
8906,3.7037
8907,3.7037
8908,3.7037
8909,3.7038
8910,3.7037
8911,3.7037
8912,3.7037
8913,3.7037
8914,3.7037
8915,3.7037
8916,3.7037
8917,3.7037
8918,3.7037
8919,3.7037
8920,3.7037
8921,3.7037
8922,3.7037
8923,3.7037
8924,3.7037
8925,3.7037
8926,3.7037
8927,3.7037
8928,3.7037
8929,3.7037
8930,3.7037
8931,3.7037
8932,3.7037
8933,3.7037
8934,3.7037
8935,3.7037
8936,3.7037
8937,3.7037
8938,3.7037
8939,3.7037
8940,3.7037
8941,3.7037
8942,3.7037
8943,3.7037
8944,3.7037
8945,3.7037
8946,3.7037
8947,3.7037
8948,3.7037
8949,3.7037
8950,3.7035
8951,3.7037
8952,3.7035
8953,3.7035
8954,3.7037
8955,3.7035
8956,3.7035
8957,3.7035
8958,3.7035
8959,3.7035
8960,3.7035
8961,3.7035
8962,3.7035
8963,3.7035
8964,3.7035
8965,3.7035
8966,3.7035
8967,3.7035
