,voltage
0,3.4084
1,3.4084
2,3.4084
3,3.4084
4,3.4084
5,3.4084
6,3.4084
7,3.4084
8,3.4084
9,3.4084
10,3.4084
11,3.4084
12,3.4084
13,3.4084
14,3.4084
15,3.4084
16,3.4084
17,3.4084
18,3.4084
19,3.4084
20,3.4084
21,3.4084
22,3.4084
23,3.4084
24,3.4084
25,3.4084
26,3.4084
27,3.4084
28,3.4084
29,3.4084
30,3.4084
31,3.4084
32,3.4084
33,3.4084
34,3.4084
35,3.4084
36,3.4084
37,3.4084
38,3.4084
39,3.4084
40,3.4084
41,3.4084
42,3.4084
43,3.4084
44,3.4084
45,3.4084
46,3.4084
47,3.4084
48,3.4084
49,3.4084
50,3.4084
51,3.4084
52,3.4084
53,3.4084
54,3.4084
55,3.4084
56,3.4084
57,3.4084
58,3.4084
59,3.4084
60,3.4084
61,3.5321
62,3.6323
63,3.6412
64,3.6407
65,3.6388
66,3.6372
67,3.636
68,3.6349
69,3.6341
70,3.6336
71,3.6331
72,3.6328
73,3.6325
74,3.6322
75,3.632
76,3.6318
77,3.6318
78,3.6318
79,3.6317
80,3.6317
81,3.6317
82,3.6317
83,3.6317
84,3.6318
85,3.6318
86,3.6318
87,3.632
88,3.6322
89,3.6322
90,3.6323
91,3.6325
92,3.6325
93,3.6326
94,3.6328
95,3.6329
96,3.6331
97,3.6333
98,3.6334
99,3.6336
100,3.6337
101,3.6339
102,3.6341
103,3.6342
104,3.6344
105,3.6345
106,3.6347
107,3.6349
108,3.635
109,3.6352
110,3.6355
111,3.6356
112,3.6358
113,3.636
114,3.6361
115,3.6363
116,3.6366
117,3.6368
118,3.6369
119,3.6371
120,3.6372
121,3.6374
122,3.6377
123,3.6379
124,3.638
125,3.6382
126,3.6383
127,3.6387
128,3.6388
129,3.639
130,3.6391
131,3.6393
132,3.6395
133,3.6398
134,3.6399
135,3.6401
136,3.6403
137,3.6404
138,3.6406
139,3.6407
140,3.641
141,3.6412
142,3.6414
143,3.6415
144,3.6417
145,3.6418
146,3.642
147,3.6422
148,3.6425
149,3.6426
150,3.6428
151,3.643
152,3.6431
153,3.6433
154,3.6434
155,3.6436
156,3.6437
157,3.6439
158,3.6441
159,3.6442
160,3.6444
161,3.6445
162,3.6447
163,3.6449
164,3.645
165,3.6452
166,3.6453
167,3.6455
168,3.6457
169,3.6458
170,3.646
171,3.6461
172,3.6463
173,3.6464
174,3.6466
175,3.6468
176,3.6468
177,3.6469
178,3.6471
179,3.6472
180,3.6474
181,3.6476
182,3.6477
183,3.6479
184,3.6479
185,3.648
186,3.6482
187,3.6484
188,3.6485
189,3.6487
190,3.6488
191,3.6488
192,3.649
193,3.6491
194,3.6493
195,3.6495
196,3.6495
197,3.6496
198,3.6498
199,3.6499
200,3.6499
201,3.6501
202,3.6503
203,3.6504
204,3.6506
205,3.6506
206,3.6507
207,3.6509
208,3.6509
209,3.6511
210,3.6512
211,3.6514
212,3.6514
213,3.6515
214,3.6517
215,3.6517
216,3.6518
217,3.652
218,3.6522
219,3.6522
220,3.6523
221,3.6523
222,3.6525
223,3.6526
224,3.6526
225,3.6528
226,3.653
227,3.653
228,3.6531
229,3.6533
230,3.6533
231,3.6534
232,3.6536
233,3.6536
234,3.6538
235,3.6538
236,3.6539
237,3.6541
238,3.6541
239,3.6542
240,3.6544
241,3.6544
242,3.6546
243,3.6546
244,3.6547
245,3.6547
246,3.6549
247,3.655
248,3.655
249,3.6552
250,3.6552
251,3.6553
252,3.6553
253,3.6555
254,3.6557
255,3.6557
256,3.6558
257,3.6558
258,3.656
259,3.656
260,3.6561
261,3.6563
262,3.6563
263,3.6565
264,3.6565
265,3.6566
266,3.6566
267,3.6568
268,3.6568
269,3.6569
270,3.6569
271,3.6571
272,3.6571
273,3.6573
274,3.6573
275,3.6574
276,3.6574
277,3.6576
278,3.6576
279,3.6577
280,3.6577
281,3.6579
282,3.6579
283,3.658
284,3.6582
285,3.6582
286,3.6584
287,3.6584
288,3.6584
289,3.6585
290,3.6587
291,3.6587
292,3.6587
293,3.6588
294,3.6588
295,3.659
296,3.659
297,3.6592
298,3.6592
299,3.6593
300,3.6593
301,3.6595
302,3.6595
303,3.6596
304,3.6596
305,3.6598
306,3.6598
307,3.66
308,3.66
309,3.6601
310,3.6601
311,3.6601
312,3.6603
313,3.6603
314,3.6604
315,3.6604
316,3.6606
317,3.6606
318,3.6607
319,3.6607
320,3.6609
321,3.6609
322,3.6609
323,3.6611
324,3.6611
325,3.6612
326,3.6612
327,3.6614
328,3.6614
329,3.6615
330,3.6615
331,3.6617
332,3.6617
333,3.6617
334,3.6619
335,3.6619
336,3.662
337,3.662
338,3.6622
339,3.6622
340,3.6622
341,3.6623
342,3.6623
343,3.6625
344,3.6625
345,3.6625
346,3.6627
347,3.6627
348,3.6628
349,3.6628
350,3.663
351,3.663
352,3.663
353,3.6631
354,3.6631
355,3.6633
356,3.6633
357,3.6634
358,3.6634
359,3.6634
360,3.6636
361,3.6636
362,3.6638
363,3.6638
364,3.6639
365,3.6639
366,3.6639
367,3.6641
368,3.6641
369,3.6642
370,3.6642
371,3.6642
372,3.6644
373,3.6644
374,3.6644
375,3.6646
376,3.6646
377,3.6647
378,3.6647
379,3.6649
380,3.6649
381,3.6649
382,3.665
383,3.665
384,3.6652
385,3.6652
386,3.6652
387,3.6654
388,3.6654
389,3.6655
390,3.6655
391,3.6655
392,3.6657
393,3.6657
394,3.6658
395,3.6658
396,3.6658
397,3.666
398,3.666
399,3.6661
400,3.6661
401,3.6661
402,3.6663
403,3.6663
404,3.6665
405,3.6665
406,3.6665
407,3.6666
408,3.6666
409,3.6668
410,3.6668
411,3.6668
412,3.6669
413,3.6669
414,3.6671
415,3.6671
416,3.6671
417,3.6673
418,3.6673
419,3.6673
420,3.6674
421,3.6674
422,3.6676
423,3.6676
424,3.6677
425,3.6677
426,3.6677
427,3.6679
428,3.6679
429,3.6679
430,3.6681
431,3.6681
432,3.6682
433,3.6682
434,3.6682
435,3.6684
436,3.6684
437,3.6684
438,3.6685
439,3.6685
440,3.6687
441,3.6687
442,3.6687
443,3.6688
444,3.6688
445,3.669
446,3.669
447,3.669
448,3.6692
449,3.6692
450,3.6693
451,3.6693
452,3.6693
453,3.6695
454,3.6695
455,3.6695
456,3.6696
457,3.6696
458,3.6698
459,3.6698
460,3.6698
461,3.67
462,3.67
463,3.67
464,3.6701
465,3.6701
466,3.6703
467,3.6703
468,3.6703
469,3.6704
470,3.6704
471,3.6704
472,3.6706
473,3.6706
474,3.6708
475,3.6708
476,3.6708
477,3.6709
478,3.6709
479,3.6709
480,3.6711
481,3.6711
482,3.6712
483,3.6712
484,3.6712
485,3.6714
486,3.6714
487,3.6714
488,3.6715
489,3.6715
490,3.6717
491,3.6717
492,3.6717
493,3.6719
494,3.6719
495,3.672
496,3.672
497,3.672
498,3.6722
499,3.6722
500,3.6722
501,3.6723
502,3.6723
503,3.6725
504,3.6725
505,3.6725
506,3.6727
507,3.6727
508,3.6727
509,3.6728
510,3.6728
511,3.673
512,3.673
513,3.673
514,3.6731
515,3.6731
516,3.6733
517,3.6733
518,3.6733
519,3.6735
520,3.6735
521,3.6735
522,3.6736
523,3.6736
524,3.6738
525,3.6738
526,3.6738
527,3.6739
528,3.6739
529,3.6739
530,3.6741
531,3.6741
532,3.6741
533,3.6742
534,3.6742
535,3.6744
536,3.6744
537,3.6744
538,3.6746
539,3.6746
540,3.6746
541,3.6747
542,3.6747
543,3.6749
544,3.6749
545,3.6749
546,3.675
547,3.675
548,3.6752
549,3.6752
550,3.6752
551,3.6754
552,3.6754
553,3.6754
554,3.6755
555,3.6755
556,3.6757
557,3.6757
558,3.6757
559,3.6758
560,3.6758
561,3.6758
562,3.676
563,3.676
564,3.676
565,3.6762
566,3.6762
567,3.6763
568,3.6763
569,3.6763
570,3.6765
571,3.6765
572,3.6765
573,3.6766
574,3.6766
575,3.6768
576,3.6768
577,3.6768
578,3.6769
579,3.6769
580,3.6769
581,3.6771
582,3.6771
583,3.6773
584,3.6773
585,3.6773
586,3.6774
587,3.6774
588,3.6774
589,3.6776
590,3.6776
591,3.6777
592,3.6777
593,3.6777
594,3.6779
595,3.6779
596,3.6781
597,3.6781
598,3.6781
599,3.6782
600,3.6782
601,3.6782
602,3.6784
603,3.6784
604,3.6784
605,3.6785
606,3.6785
607,3.6787
608,3.6787
609,3.6787
610,3.6789
611,3.6789
612,3.6789
613,3.679
614,3.679
615,3.6792
616,3.6792
617,3.6792
618,3.6793
619,3.6793
620,3.6795
621,3.6795
622,3.6795
623,3.6796
624,3.6796
625,3.6798
626,3.6798
627,3.6798
628,3.68
629,3.68
630,3.68
631,3.6801
632,3.6801
633,3.6803
634,3.6803
635,3.6803
636,3.6804
637,3.6804
638,3.6804
639,3.6806
640,3.6806
641,3.6808
642,3.6808
643,3.6808
644,3.6809
645,3.6809
646,3.6809
647,3.6811
648,3.6811
649,3.6812
650,3.6812
651,3.6812
652,3.6814
653,3.6814
654,3.6816
655,3.6816
656,3.6816
657,3.6817
658,3.6817
659,3.6817
660,3.6819
661,3.6819
662,3.682
663,3.682
664,3.682
665,3.6822
666,3.6822
667,3.6823
668,3.6823
669,3.6823
670,3.6825
671,3.6825
672,3.6825
673,3.6827
674,3.6827
675,3.6828
676,3.6828
677,3.6828
678,3.683
679,3.683
680,3.6831
681,3.6831
682,3.6831
683,3.6833
684,3.6833
685,3.6835
686,3.6835
687,3.6835
688,3.6836
689,3.6836
690,3.6838
691,3.6838
692,3.6838
693,3.6839
694,3.6839
695,3.6841
696,3.6841
697,3.6841
698,3.6843
699,3.6843
700,3.6843
701,3.6844
702,3.6844
703,3.6846
704,3.6846
705,3.6846
706,3.6847
707,3.6847
708,3.6849
709,3.6849
710,3.6849
711,3.6851
712,3.6851
713,3.6852
714,3.6852
715,3.6852
716,3.6854
717,3.6854
718,3.6854
719,3.6855
720,3.6855
721,3.6857
722,3.6857
723,3.6858
724,3.6858
725,3.6858
726,3.686
727,3.686
728,3.686
729,3.6862
730,3.6862
731,3.6863
732,3.6863
733,3.6863
734,3.6865
735,3.6865
736,3.6866
737,3.6866
738,3.6866
739,3.6868
740,3.6868
741,3.687
742,3.687
743,3.6871
744,3.6871
745,3.6871
746,3.6873
747,3.6873
748,3.6874
749,3.6874
750,3.6874
751,3.6876
752,3.6876
753,3.6878
754,3.6878
755,3.6878
756,3.6879
757,3.6879
758,3.6879
759,3.6881
760,3.6881
761,3.6882
762,3.6882
763,3.6884
764,3.6884
765,3.6884
766,3.6885
767,3.6885
768,3.6887
769,3.6887
770,3.6889
771,3.6889
772,3.6889
773,3.689
774,3.689
775,3.6892
776,3.6892
777,3.6892
778,3.6893
779,3.6893
780,3.6895
781,3.6895
782,3.6895
783,3.6897
784,3.6897
785,3.6898
786,3.6898
787,3.6898
788,3.69
789,3.69
790,3.6901
791,3.6901
792,3.6903
793,3.6903
794,3.6903
795,3.6905
796,3.6905
797,3.6906
798,3.6906
799,3.6908
800,3.6908
801,3.6908
802,3.6909
803,3.6909
804,3.6911
805,3.6911
806,3.6911
807,3.6912
808,3.6912
809,3.6914
810,3.6914
811,3.6914
812,3.6916
813,3.6916
814,3.6917
815,3.6917
816,3.6919
817,3.6919
818,3.692
819,3.692
820,3.692
821,3.6922
822,3.6922
823,3.6924
824,3.6924
825,3.6924
826,3.6925
827,3.6925
828,3.6927
829,3.6927
830,3.6927
831,3.6928
832,3.6928
833,3.693
834,3.693
835,3.6932
836,3.6932
837,3.6932
838,3.6933
839,3.6933
840,3.6935
841,3.6935
842,3.6935
843,3.6936
844,3.6936
845,3.6938
846,3.6938
847,3.6939
848,3.6939
849,3.6941
850,3.6941
851,3.6941
852,3.6943
853,3.6943
854,3.6944
855,3.6944
856,3.6944
857,3.6946
858,3.6946
859,3.6947
860,3.6947
861,3.6949
862,3.6949
863,3.6949
864,3.6951
865,3.6951
866,3.6952
867,3.6952
868,3.6954
869,3.6954
870,3.6955
871,3.6955
872,3.6955
873,3.6957
874,3.6957
875,3.6959
876,3.6959
877,3.696
878,3.696
879,3.696
880,3.6962
881,3.6962
882,3.6963
883,3.6963
884,3.6965
885,3.6965
886,3.6965
887,3.6966
888,3.6966
889,3.6968
890,3.6968
891,3.697
892,3.697
893,3.6971
894,3.6971
895,3.6973
896,3.6973
897,3.6973
898,3.6974
899,3.6974
900,3.6976
901,3.6976
902,3.6978
903,3.6978
904,3.6979
905,3.6979
906,3.6979
907,3.6981
908,3.6981
909,3.6982
910,3.6982
911,3.6984
912,3.6984
913,3.6984
914,3.6986
915,3.6986
916,3.6987
917,3.6987
918,3.6989
919,3.6989
920,3.6989
921,3.699
922,3.699
923,3.6992
924,3.6992
925,3.6993
926,3.6993
927,3.6995
928,3.6995
929,3.6995
930,3.6997
931,3.6998
932,3.6998
933,3.6998
934,3.7
935,3.7
936,3.7001
937,3.7001
938,3.7003
939,3.7003
940,3.7003
941,3.7005
942,3.7005
943,3.7006
944,3.7006
945,3.7008
946,3.7008
947,3.7009
948,3.7009
949,3.7011
950,3.7011
951,3.7013
952,3.7013
953,3.7013
954,3.7014
955,3.7014
956,3.7016
957,3.7016
958,3.7017
959,3.7017
960,3.7019
961,3.7019
962,3.702
963,3.702
964,3.702
965,3.7022
966,3.7022
967,3.7024
968,3.7024
969,3.7025
970,3.7025
971,3.7027
972,3.7027
973,3.7028
974,3.7028
975,3.7028
976,3.703
977,3.703
978,3.7032
979,3.7032
980,3.7033
981,3.7033
982,3.7035
983,3.7035
984,3.7036
985,3.7036
986,3.7038
987,3.7038
988,3.7038
989,3.704
990,3.704
991,3.7041
992,3.7041
993,3.7043
994,3.7043
995,3.7044
996,3.7044
997,3.7046
998,3.7046
999,3.7046
1000,3.7047
1001,3.7047
1002,3.7049
1003,3.7049
1004,3.7051
1005,3.7051
1006,3.7052
1007,3.7052
1008,3.7054
1009,3.7054
1010,3.7055
1011,3.7055
1012,3.7057
1013,3.7057
1014,3.7057
1015,3.7059
1016,3.7059
1017,3.706
1018,3.706
1019,3.7062
1020,3.7062
1021,3.7063
1022,3.7063
1023,3.7065
1024,3.7065
1025,3.7067
1026,3.7067
1027,3.7068
1028,3.7068
1029,3.707
1030,3.707
1031,3.707
1032,3.7071
1033,3.7071
1034,3.7073
1035,3.7073
1036,3.7074
1037,3.7074
1038,3.7076
1039,3.7076
1040,3.7078
1041,3.7078
1042,3.7079
1043,3.7079
1044,3.7081
1045,3.7081
1046,3.7081
1047,3.7082
1048,3.7082
1049,3.7084
1050,3.7084
1051,3.7086
1052,3.7086
1053,3.7087
1054,3.7087
1055,3.7089
1056,3.7089
1057,3.709
1058,3.709
1059,3.7092
1060,3.7092
1061,3.7094
1062,3.7094
1063,3.7095
1064,3.7095
1065,3.7097
1066,3.7097
1067,3.7097
1068,3.7098
1069,3.7098
1070,3.71
1071,3.71
1072,3.7101
1073,3.7101
1074,3.7103
1075,3.7103
1076,3.7105
1077,3.7105
1078,3.7106
1079,3.7106
1080,3.7108
1081,3.7108
1082,3.7109
1083,3.7109
1084,3.7111
1085,3.7111
1086,3.7113
1087,3.7113
1088,3.7114
1089,3.7114
1090,3.7116
1091,3.7116
1092,3.7116
1093,3.7117
1094,3.7119
1095,3.7119
1096,3.7119
1097,3.7121
1098,3.7121
1099,3.7122
1100,3.7122
1101,3.7124
1102,3.7124
1103,3.7125
1104,3.7125
1105,3.7127
1106,3.7127
1107,3.7128
1108,3.7128
1109,3.713
1110,3.713
1111,3.7132
1112,3.7132
1113,3.7133
1114,3.7133
1115,3.7135
1116,3.7135
1117,3.7136
1118,3.7136
1119,3.7138
1120,3.7138
1121,3.7138
1122,3.714
1123,3.714
1124,3.7141
1125,3.7141
1126,3.7143
1127,3.7143
1128,3.7144
1129,3.7144
1130,3.7146
1131,3.7146
1132,3.7148
1133,3.7148
1134,3.7149
1135,3.7149
1136,3.7151
1137,3.7151
1138,3.7152
1139,3.7152
1140,3.7154
1141,3.7154
1142,3.7156
1143,3.7156
1144,3.7157
1145,3.7157
1146,3.7159
1147,3.7159
1148,3.716
1149,3.716
1150,3.7162
1151,3.7162
1152,3.7163
1153,3.7163
1154,3.7165
1155,3.7165
1156,3.7167
1157,3.7167
1158,3.7167
1159,3.7168
1160,3.717
1161,3.717
1162,3.717
1163,3.7171
1164,3.7173
1165,3.7173
1166,3.7175
1167,3.7175
1168,3.7176
1169,3.7176
1170,3.7176
1171,3.7178
1172,3.7179
1173,3.7179
1174,3.7181
1175,3.7181
1176,3.7183
1177,3.7183
1178,3.7184
1179,3.7184
1180,3.7186
1181,3.7186
1182,3.7186
1183,3.7187
1184,3.7189
1185,3.7189
1186,3.719
1187,3.719
1188,3.719
1189,3.7192
1190,3.7194
1191,3.7194
1192,3.7195
1193,3.7195
1194,3.7197
1195,3.7197
1196,3.7198
1197,3.7198
1198,3.72
1199,3.72
1200,3.7202
1201,3.7202
1202,3.7203
1203,3.7203
1204,3.7205
1205,3.7205
1206,3.7206
1207,3.7206
1208,3.7208
1209,3.7208
1210,3.721
1211,3.721
1212,3.7211
1213,3.7211
1214,3.7213
1215,3.7213
1216,3.7214
1217,3.7214
1218,3.7216
1219,3.7216
1220,3.7217
1221,3.7217
1222,3.7219
1223,3.7219
1224,3.7221
1225,3.7221
1226,3.7222
1227,3.7222
1228,3.7224
1229,3.7224
1230,3.7225
1231,3.7225
1232,3.7227
1233,3.7229
1234,3.7229
1235,3.723
1236,3.723
1237,3.723
1238,3.7232
1239,3.7233
1240,3.7233
1241,3.7235
1242,3.7235
1243,3.7237
1244,3.7237
1245,3.7238
1246,3.7238
1247,3.724
1248,3.724
1249,3.7241
1250,3.7241
1251,3.7243
1252,3.7243
1253,3.7244
1254,3.7244
1255,3.7246
1256,3.7246
1257,3.7248
1258,3.7248
1259,3.7249
1260,3.7249
1261,3.7251
1262,3.7251
1263,3.7252
1264,3.7254
1265,3.7254
1266,3.7256
1267,3.7256
1268,3.7257
1269,3.7257
1270,3.7259
1271,3.7259
1272,3.726
1273,3.726
1274,3.7262
1275,3.7262
1276,3.7264
1277,3.7264
1278,3.7265
1279,3.7265
1280,3.7267
1281,3.7267
1282,3.7268
1283,3.7268
1284,3.727
1285,3.727
1286,3.7271
1287,3.7271
1288,3.7273
1289,3.7275
1290,3.7275
1291,3.7276
1292,3.7276
1293,3.7278
1294,3.7278
1295,3.7279
1296,3.7279
1297,3.7281
1298,3.7281
1299,3.7283
1300,3.7283
1301,3.7284
1302,3.7284
1303,3.7286
1304,3.7287
1305,3.7287
1306,3.7289
1307,3.7289
1308,3.7291
1309,3.7291
1310,3.7292
1311,3.7292
1312,3.7294
1313,3.7294
1314,3.7295
1315,3.7297
1316,3.7297
1317,3.7297
1318,3.7298
1319,3.73
1320,3.73
1321,3.7302
1322,3.7302
1323,3.7303
1324,3.7303
1325,3.7305
1326,3.7305
1327,3.7306
1328,3.7308
1329,3.7308
1330,3.731
1331,3.731
1332,3.7311
1333,3.7311
1334,3.7313
1335,3.7313
1336,3.7314
1337,3.7316
1338,3.7316
1339,3.7318
1340,3.7318
1341,3.7319
1342,3.7319
1343,3.7321
1344,3.7321
1345,3.7322
1346,3.7324
1347,3.7324
1348,3.7325
1349,3.7325
1350,3.7327
1351,3.7327
1352,3.7329
1353,3.7329
1354,3.733
1355,3.7332
1356,3.7332
1357,3.7333
1358,3.7333
1359,3.7335
1360,3.7335
1361,3.7337
1362,3.7337
1363,3.7338
1364,3.734
1365,3.734
1366,3.7341
1367,3.7341
1368,3.7343
1369,3.7343
1370,3.7345
1371,3.7345
1372,3.7346
1373,3.7348
1374,3.7348
1375,3.7349
1376,3.7349
1377,3.7351
1378,3.7352
1379,3.7352
1380,3.7354
1381,3.7354
1382,3.7356
1383,3.7356
1384,3.7357
1385,3.7357
1386,3.7359
1387,3.736
1388,3.736
1389,3.7362
1390,3.7362
1391,3.7364
1392,3.7365
1393,3.7365
1394,3.7367
1395,3.7367
1396,3.7368
1397,3.7368
1398,3.737
1399,3.7372
1400,3.7372
1401,3.7373
1402,3.7373
1403,3.7375
1404,3.7376
1405,3.7376
1406,3.7378
1407,3.7378
1408,3.7379
1409,3.7381
1410,3.7381
1411,3.7383
1412,3.7383
1413,3.7384
1414,3.7386
1415,3.7386
1416,3.7387
1417,3.7387
1418,3.7389
1419,3.7391
1420,3.7391
1421,3.7392
1422,3.7392
1423,3.7394
1424,3.7394
1425,3.7395
1426,3.7397
1427,3.7397
1428,3.7399
1429,3.74
1430,3.74
1431,3.7402
1432,3.7402
1433,3.7403
1434,3.7405
1435,3.7405
1436,3.7406
1437,3.7406
1438,3.7408
1439,3.741
1440,3.741
1441,3.7411
1442,3.7413
1443,3.7413
1444,3.7414
1445,3.7414
1446,3.7416
1447,3.7418
1448,3.7418
1449,3.7419
1450,3.7421
1451,3.7421
1452,3.7422
1453,3.7422
1454,3.7424
1455,3.7426
1456,3.7426
1457,3.7427
1458,3.7427
1459,3.7429
1460,3.743
1461,3.743
1462,3.7432
1463,3.7433
1464,3.7433
1465,3.7435
1466,3.7437
1467,3.7437
1468,3.7438
1469,3.7438
1470,3.744
1471,3.7441
1472,3.7441
1473,3.7443
1474,3.7445
1475,3.7445
1476,3.7446
1477,3.7446
1478,3.7448
1479,3.7449
1480,3.7449
1481,3.7451
1482,3.7453
1483,3.7453
1484,3.7454
1485,3.7456
1486,3.7456
1487,3.7457
1488,3.7459
1489,3.7459
1490,3.746
1491,3.7462
1492,3.7462
1493,3.7464
1494,3.7465
1495,3.7465
1496,3.7467
1497,3.7468
1498,3.7468
1499,3.747
1500,3.7472
1501,3.7472
1502,3.7473
1503,3.7475
1504,3.7475
1505,3.7476
1506,3.7478
1507,3.7478
1508,3.748
1509,3.7481
1510,3.7481
1511,3.7483
1512,3.7484
1513,3.7484
1514,3.7486
1515,3.7488
1516,3.7488
1517,3.7489
1518,3.7491
1519,3.7491
1520,3.7492
1521,3.7494
1522,3.7495
1523,3.7495
1524,3.7497
1525,3.7499
1526,3.7499
1527,3.75
1528,3.7502
1529,3.7502
1530,3.7503
1531,3.7505
1532,3.7505
1533,3.7507
1534,3.7508
1535,3.751
1536,3.751
1537,3.7511
1538,3.7513
1539,3.7513
1540,3.7515
1541,3.7516
1542,3.7516
1543,3.7518
1544,3.7519
1545,3.7519
1546,3.7521
1547,3.7522
1548,3.7524
1549,3.7524
1550,3.7526
1551,3.7527
1552,3.7527
1553,3.7529
1554,3.753
1555,3.7532
1556,3.7532
1557,3.7534
1558,3.7535
1559,3.7535
1560,3.7537
1561,3.7538
1562,3.754
1563,3.754
1564,3.7542
1565,3.7543
1566,3.7543
1567,3.7545
1568,3.7546
1569,3.7548
1570,3.7548
1571,3.7549
1572,3.7551
1573,3.7553
1574,3.7553
1575,3.7554
1576,3.7556
1577,3.7557
1578,3.7557
1579,3.7559
1580,3.7561
1581,3.7561
1582,3.7562
1583,3.7564
1584,3.7565
1585,3.7567
1586,3.7567
1587,3.7569
1588,3.757
1589,3.7572
1590,3.7572
1591,3.7573
1592,3.7575
1593,3.7575
1594,3.7576
1595,3.7578
1596,3.758
1597,3.7581
1598,3.7581
1599,3.7583
1600,3.7584
1601,3.7586
1602,3.7586
1603,3.7588
1604,3.7589
1605,3.7591
1606,3.7591
1607,3.7592
1608,3.7594
1609,3.7596
1610,3.7596
1611,3.7597
1612,3.7599
1613,3.76
1614,3.7602
1615,3.7602
1616,3.7603
1617,3.7605
1618,3.7607
1619,3.7607
1620,3.7608
1621,3.761
1622,3.7611
1623,3.7613
1624,3.7613
1625,3.7615
1626,3.7616
1627,3.7618
1628,3.7619
1629,3.7619
1630,3.7621
1631,3.7623
1632,3.7624
1633,3.7624
1634,3.7626
1635,3.7627
1636,3.7629
1637,3.763
1638,3.763
1639,3.7632
1640,3.7634
1641,3.7635
1642,3.7637
1643,3.7637
1644,3.7638
1645,3.764
1646,3.7642
1647,3.7643
1648,3.7643
1649,3.7645
1650,3.7646
1651,3.7648
1652,3.765
1653,3.7651
1654,3.7651
1655,3.7653
1656,3.7654
1657,3.7656
1658,3.7657
1659,3.7659
1660,3.7659
1661,3.7661
1662,3.7662
1663,3.7664
1664,3.7665
1665,3.7665
1666,3.7667
1667,3.7669
1668,3.767
1669,3.7672
1670,3.7673
1671,3.7673
1672,3.7675
1673,3.7677
1674,3.7678
1675,3.768
1676,3.768
1677,3.7681
1678,3.7683
1679,3.7684
1680,3.7686
1681,3.7688
1682,3.7689
1683,3.7689
1684,3.7691
1685,3.7692
1686,3.7694
1687,3.7696
1688,3.7697
1689,3.7699
1690,3.7699
1691,3.77
1692,3.7702
1693,3.7704
1694,3.7705
1695,3.7707
1696,3.7707
1697,3.7708
1698,3.771
1699,3.7711
1700,3.7713
1701,3.7715
1702,3.7716
1703,3.7718
1704,3.7718
1705,3.7719
1706,3.7721
1707,3.7723
1708,3.7724
1709,3.7726
1710,3.7726
1711,3.7727
1712,3.7729
1713,3.7731
1714,3.7732
1715,3.7734
1716,3.7735
1717,3.7737
1718,3.7737
1719,3.7738
1720,3.774
1721,3.7742
1722,3.7743
1723,3.7745
1724,3.7746
1725,3.7746
1726,3.7748
1727,3.775
1728,3.7751
1729,3.7753
1730,3.7754
1731,3.7756
1732,3.7758
1733,3.7758
1734,3.7759
1735,3.7761
1736,3.7762
1737,3.7764
1738,3.7766
1739,3.7767
1740,3.7769
1741,3.777
1742,3.777
1743,3.7772
1744,3.7773
1745,3.7775
1746,3.7777
1747,3.7778
1748,3.778
1749,3.7781
1750,3.7783
1751,3.7783
1752,3.7786
1753,3.7786
1754,3.7788
1755,3.7789
1756,3.7791
1757,3.7793
1758,3.7794
1759,3.7796
1760,3.7797
1761,3.7799
1762,3.78
1763,3.7802
1764,3.7804
1765,3.7805
1766,3.7805
1767,3.7807
1768,3.7808
1769,3.781
1770,3.7812
1771,3.7813
1772,3.7815
1773,3.7816
1774,3.7818
1775,3.782
1776,3.7821
1777,3.7823
1778,3.7824
1779,3.7826
1780,3.7827
1781,3.7827
1782,3.7829
1783,3.7831
1784,3.7832
1785,3.7834
1786,3.7835
1787,3.7837
1788,3.7839
1789,3.784
1790,3.7842
1791,3.7843
1792,3.7845
1793,3.7847
1794,3.7848
1795,3.785
1796,3.7851
1797,3.7853
1798,3.7853
1799,3.7854
1800,3.7856
1801,3.7858
1802,3.7859
1803,3.7861
1804,3.7862
1805,3.7864
1806,3.7866
1807,3.7867
1808,3.7869
1809,3.787
1810,3.7872
1811,3.7874
1812,3.7875
1813,3.7877
1814,3.7878
1815,3.788
1816,3.7881
1817,3.7883
1818,3.7885
1819,3.7886
1820,3.7888
1821,3.7889
1822,3.7891
1823,3.7891
1824,3.7893
1825,3.7894
1826,3.7896
1827,3.7897
1828,3.7899
1829,3.7901
1830,3.7902
1831,3.7904
1832,3.7905
1833,3.7907
1834,3.7908
1835,3.791
1836,3.7912
1837,3.7913
1838,3.7915
1839,3.7916
1840,3.7918
1841,3.792
1842,3.7921
1843,3.7923
1844,3.7924
1845,3.7926
1846,3.7928
1847,3.7929
1848,3.7931
1849,3.7932
1850,3.7934
1851,3.7935
1852,3.7937
1853,3.7939
1854,3.794
1855,3.7942
1856,3.7943
1857,3.7945
1858,3.7947
1859,3.7948
1860,3.795
1861,3.7951
1862,3.7953
1863,3.7955
1864,3.7956
1865,3.7958
1866,3.7959
1867,3.7961
1868,3.7962
1869,3.7964
1870,3.7966
1871,3.7967
1872,3.7969
1873,3.797
1874,3.7972
1875,3.7974
1876,3.7977
1877,3.7977
1878,3.7978
1879,3.7982
1880,3.7983
1881,3.7985
1882,3.7986
1883,3.7988
1884,3.7989
1885,3.7991
1886,3.7993
1887,3.7994
1888,3.7996
1889,3.7997
1890,3.7999
1891,3.8001
1892,3.8002
1893,3.8004
1894,3.8005
1895,3.8007
1896,3.8009
1897,3.801
1898,3.8012
1899,3.8013
1900,3.8015
1901,3.8016
1902,3.8018
1903,3.802
1904,3.8023
1905,3.8024
1906,3.8026
1907,3.8028
1908,3.8029
1909,3.8031
1910,3.8032
1911,3.8034
1912,3.8036
1913,3.8037
1914,3.8039
1915,3.804
1916,3.8042
1917,3.8045
1918,3.8045
1919,3.8048
1920,3.805
1921,3.8051
1922,3.8053
1923,3.8055
1924,3.8056
1925,3.8058
1926,3.8059
1927,3.8061
1928,3.8063
1929,3.8064
1930,3.8067
1931,3.8067
1932,3.807
1933,3.8072
1934,3.8074
1935,3.8075
1936,3.8077
1937,3.8078
1938,3.808
1939,3.8082
1940,3.8083
1941,3.8085
1942,3.8088
1943,3.809
1944,3.8091
1945,3.8093
1946,3.8094
1947,3.8096
1948,3.8098
1949,3.8099
1950,3.8101
1951,3.8102
1952,3.8105
1953,3.8107
1954,3.8109
1955,3.811
1956,3.8112
1957,3.8113
1958,3.8115
1959,3.8117
1960,3.812
1961,3.8121
1962,3.8123
1963,3.8125
1964,3.8126
1965,3.8128
1966,3.8129
1967,3.8131
1968,3.8134
1969,3.8136
1970,3.8137
1971,3.8139
1972,3.814
1973,3.8142
1974,3.8144
1975,3.8147
1976,3.8148
1977,3.815
1978,3.8152
1979,3.8153
1980,3.8155
1981,3.8158
1982,3.8159
1983,3.8161
1984,3.8163
1985,3.8164
1986,3.8166
1987,3.8167
1988,3.8171
1989,3.8172
1990,3.8174
1991,3.8175
1992,3.8177
1993,3.818
1994,3.8182
1995,3.8183
1996,3.8185
1997,3.8186
1998,3.8188
1999,3.8191
2000,3.8193
2001,3.8194
2002,3.8196
2003,3.8198
2004,3.8199
2005,3.8202
2006,3.8204
2007,3.8206
2008,3.8207
2009,3.821
2010,3.8212
2011,3.8213
2012,3.8215
2013,3.8217
2014,3.822
2015,3.8221
2016,3.8223
2017,3.8225
2018,3.8226
2019,3.8229
2020,3.8231
2021,3.8233
2022,3.8234
2023,3.8236
2024,3.8239
2025,3.824
2026,3.8242
2027,3.8244
2028,3.8247
2029,3.8248
2030,3.825
2031,3.8252
2032,3.8255
2033,3.8256
2034,3.8258
2035,3.826
2036,3.8263
2037,3.8264
2038,3.8266
2039,3.8267
2040,3.8271
2041,3.8272
2042,3.8274
2043,3.8277
2044,3.8279
2045,3.828
2046,3.8282
2047,3.8283
2048,3.8287
2049,3.8288
2050,3.829
2051,3.8291
2052,3.8294
2053,3.8296
2054,3.8299
2055,3.8301
2056,3.8302
2057,3.8304
2058,3.8307
2059,3.8309
2060,3.831
2061,3.8312
2062,3.8315
2063,3.8317
2064,3.8318
2065,3.8321
2066,3.8323
2067,3.8325
2068,3.8326
2069,3.8329
2070,3.8331
2071,3.8334
2072,3.8336
2073,3.8337
2074,3.8339
2075,3.8342
2076,3.8344
2077,3.8345
2078,3.8349
2079,3.835
2080,3.8352
2081,3.8355
2082,3.8356
2083,3.8358
2084,3.8361
2085,3.8363
2086,3.8364
2087,3.8366
2088,3.8369
2089,3.8371
2090,3.8374
2091,3.8376
2092,3.8377
2093,3.838
2094,3.8382
2095,3.8385
2096,3.8387
2097,3.8388
2098,3.839
2099,3.8393
2100,3.8395
2101,3.8396
2102,3.8399
2103,3.8401
2104,3.8404
2105,3.8406
2106,3.8407
2107,3.841
2108,3.8412
2109,3.8415
2110,3.8417
2111,3.8418
2112,3.8422
2113,3.8423
2114,3.8426
2115,3.8428
2116,3.843
2117,3.8433
2118,3.8434
2119,3.8437
2120,3.8439
2121,3.8441
2122,3.8444
2123,3.8445
2124,3.8449
2125,3.845
2126,3.8452
2127,3.8455
2128,3.8457
2129,3.846
2130,3.8461
2131,3.8463
2132,3.8466
2133,3.8468
2134,3.8471
2135,3.8472
2136,3.8476
2137,3.8477
2138,3.848
2139,3.8482
2140,3.8484
2141,3.8487
2142,3.8488
2143,3.8491
2144,3.8493
2145,3.8496
2146,3.8498
2147,3.8499
2148,3.8503
2149,3.8504
2150,3.8507
2151,3.8509
2152,3.8512
2153,3.8514
2154,3.8517
2155,3.8518
2156,3.852
2157,3.8523
2158,3.8525
2159,3.8528
2160,3.853
2161,3.8533
2162,3.8534
2163,3.8538
2164,3.8539
2165,3.8542
2166,3.8544
2167,3.8545
2168,3.8549
2169,3.855
2170,3.8553
2171,3.8555
2172,3.8558
2173,3.856
2174,3.8563
2175,3.8565
2176,3.8568
2177,3.8569
2178,3.8572
2179,3.8574
2180,3.8577
2181,3.8579
2182,3.8582
2183,3.8584
2184,3.8587
2185,3.8588
2186,3.8592
2187,3.8593
2188,3.8596
2189,3.8598
2190,3.8599
2191,3.8603
2192,3.8604
2193,3.8607
2194,3.8609
2195,3.8612
2196,3.8614
2197,3.8617
2198,3.8619
2199,3.8622
2200,3.8623
2201,3.8626
2202,3.8628
2203,3.8631
2204,3.8633
2205,3.8636
2206,3.8638
2207,3.8641
2208,3.8642
2209,3.8646
2210,3.8647
2211,3.865
2212,3.8652
2213,3.8655
2214,3.8657
2215,3.866
2216,3.8661
2217,3.8665
2218,3.8666
2219,3.8669
2220,3.8671
2221,3.8674
2222,3.8676
2223,3.8679
2224,3.868
2225,3.8684
2226,3.8685
2227,3.8688
2228,3.869
2229,3.8693
2230,3.8695
2231,3.8698
2232,3.8701
2233,3.8703
2234,3.8706
2235,3.8708
2236,3.8711
2237,3.8712
2238,3.8715
2239,3.8717
2240,3.872
2241,3.8722
2242,3.8725
2243,3.8727
2244,3.873
2245,3.8731
2246,3.8735
2247,3.8736
2248,3.8739
2249,3.8741
2250,3.8744
2251,3.8746
2252,3.8749
2253,3.875
2254,3.8754
2255,3.8755
2256,3.8758
2257,3.876
2258,3.8763
2259,3.8765
2260,3.8768
2261,3.8769
2262,3.8773
2263,3.8774
2264,3.8777
2265,3.8779
2266,3.8782
2267,3.8784
2268,3.8787
2269,3.8789
2270,3.8792
2271,3.8793
2272,3.8796
2273,3.8798
2274,3.8801
2275,3.8803
2276,3.8806
2277,3.8808
2278,3.8811
2279,3.8812
2280,3.8816
2281,3.8817
2282,3.882
2283,3.8822
2284,3.8825
2285,3.8827
2286,3.8828
2287,3.8831
2288,3.8833
2289,3.8836
2290,3.8838
2291,3.8841
2292,3.8843
2293,3.8846
2294,3.8847
2295,3.885
2296,3.8852
2297,3.8855
2298,3.8857
2299,3.886
2300,3.8862
2301,3.8865
2302,3.8866
2303,3.887
2304,3.8871
2305,3.8874
2306,3.8876
2307,3.8879
2308,3.8881
2309,3.8882
2310,3.8885
2311,3.8889
2312,3.889
2313,3.8893
2314,3.8895
2315,3.8897
2316,3.89
2317,3.8901
2318,3.8904
2319,3.8906
2320,3.8909
2321,3.8911
2322,3.8914
2323,3.8916
2324,3.8919
2325,3.892
2326,3.8922
2327,3.8925
2328,3.8927
2329,3.893
2330,3.8931
2331,3.8935
2332,3.8936
2333,3.8939
2334,3.8941
2335,3.8944
2336,3.8946
2337,3.8949
2338,3.8951
2339,3.8954
2340,3.8955
2341,3.8957
2342,3.896
2343,3.8962
2344,3.8965
2345,3.8966
2346,3.897
2347,3.8971
2348,3.8974
2349,3.8976
2350,3.8978
2351,3.8981
2352,3.8982
2353,3.8986
2354,3.8987
2355,3.899
2356,3.8992
2357,3.8995
2358,3.8997
2359,3.9
2360,3.9001
2361,3.9005
2362,3.9006
2363,3.9008
2364,3.9011
2365,3.9013
2366,3.9016
2367,3.9017
2368,3.902
2369,3.9022
2370,3.9024
2371,3.9027
2372,3.9028
2373,3.9032
2374,3.9033
2375,3.9036
2376,3.9038
2377,3.9041
2378,3.9043
2379,3.9046
2380,3.9047
2381,3.9049
2382,3.9052
2383,3.9054
2384,3.9057
2385,3.9059
2386,3.9062
2387,3.9063
2388,3.9067
2389,3.9068
2390,3.9071
2391,3.9073
2392,3.9074
2393,3.9078
2394,3.9079
2395,3.9082
2396,3.9084
2397,3.9087
2398,3.9089
2399,3.9092
2400,3.9094
2401,3.9095
2402,3.9098
2403,3.91
2404,3.9103
2405,3.9105
2406,3.9108
2407,3.9109
2408,3.9113
2409,3.9114
2410,3.9117
2411,3.9119
2412,3.9122
2413,3.9124
2414,3.9125
2415,3.9128
2416,3.913
2417,3.9133
2418,3.9135
2419,3.9138
2420,3.914
2421,3.9143
2422,3.9144
2423,3.9146
2424,3.9149
2425,3.9151
2426,3.9154
2427,3.9155
2428,3.9159
2429,3.916
2430,3.9163
2431,3.9165
2432,3.9168
2433,3.917
2434,3.9173
2435,3.9175
2436,3.9176
2437,3.9179
2438,3.9181
2439,3.9184
2440,3.9186
2441,3.9189
2442,3.919
2443,3.9194
2444,3.9195
2445,3.9198
2446,3.92
2447,3.9203
2448,3.9205
2449,3.9208
2450,3.9209
2451,3.9213
2452,3.9214
2453,3.9217
2454,3.9219
2455,3.9222
2456,3.9224
2457,3.9227
2458,3.9229
2459,3.9232
2460,3.9233
2461,3.9236
2462,3.9238
2463,3.9241
2464,3.9243
2465,3.9246
2466,3.9248
2467,3.9249
2468,3.9252
2469,3.9256
2470,3.9257
2471,3.926
2472,3.9262
2473,3.9265
2474,3.9267
2475,3.927
2476,3.9271
2477,3.9275
2478,3.9276
2479,3.9279
2480,3.9281
2481,3.9284
2482,3.9286
2483,3.9289
2484,3.9291
2485,3.9294
2486,3.9295
2487,3.9298
2488,3.93
2489,3.9303
2490,3.9305
2491,3.9308
2492,3.9311
2493,3.9313
2494,3.9316
2495,3.9318
2496,3.9321
2497,3.9322
2498,3.9325
2499,3.9327
2500,3.933
2501,3.9333
2502,3.9335
2503,3.9338
2504,3.934
2505,3.9343
2506,3.9345
2507,3.9348
2508,3.9349
2509,3.9352
2510,3.9356
2511,3.9357
2512,3.936
2513,3.9362
2514,3.9365
2515,3.9368
2516,3.937
2517,3.9372
2518,3.9375
2519,3.9376
2520,3.9379
2521,3.9383
2522,3.9386
2523,3.9387
2524,3.9391
2525,3.9392
2526,3.9395
2527,3.9397
2528,3.94
2529,3.9403
2530,3.9405
2531,3.9408
2532,3.9411
2533,3.9413
2534,3.9416
2535,3.9418
2536,3.9421
2537,3.9424
2538,3.9426
2539,3.9429
2540,3.943
2541,3.9433
2542,3.9437
2543,3.9438
2544,3.9441
2545,3.9445
2546,3.9446
2547,3.9449
2548,3.9451
2549,3.9454
2550,3.9457
2551,3.9459
2552,3.9462
2553,3.9465
2554,3.9467
2555,3.947
2556,3.9473
2557,3.9475
2558,3.9478
2559,3.9481
2560,3.9483
2561,3.9486
2562,3.9487
2563,3.9491
2564,3.9494
2565,3.9495
2566,3.9499
2567,3.9502
2568,3.9503
2569,3.9507
2570,3.951
2571,3.9513
2572,3.9514
2573,3.9518
2574,3.9519
2575,3.9522
2576,3.9526
2577,3.9529
2578,3.953
2579,3.9534
2580,3.9537
2581,3.9538
2582,3.9541
2583,3.9545
2584,3.9546
2585,3.9549
2586,3.9553
2587,3.9554
2588,3.9557
2589,3.9561
2590,3.9562
2591,3.9565
2592,3.9569
2593,3.957
2594,3.9573
2595,3.9576
2596,3.958
2597,3.9581
2598,3.9584
2599,3.9588
2600,3.9589
2601,3.9592
2602,3.9596
2603,3.9597
2604,3.96
2605,3.9603
2606,3.9605
2607,3.9608
2608,3.9611
2609,3.9615
2610,3.9616
2611,3.9619
2612,3.9623
2613,3.9626
2614,3.9627
2615,3.963
2616,3.9634
2617,3.9635
2618,3.9638
2619,3.9642
2620,3.9645
2621,3.9646
2622,3.965
2623,3.9653
2624,3.9654
2625,3.9657
2626,3.9661
2627,3.9662
2628,3.9665
2629,3.9669
2630,3.9672
2631,3.9673
2632,3.9677
2633,3.968
2634,3.9681
2635,3.9684
2636,3.9688
2637,3.9689
2638,3.9692
2639,3.9696
2640,3.9699
2641,3.97
2642,3.9704
2643,3.9707
2644,3.9708
2645,3.9711
2646,3.9715
2647,3.9718
2648,3.9719
2649,3.9723
2650,3.9726
2651,3.9727
2652,3.9731
2653,3.9734
2654,3.9735
2655,3.9738
2656,3.9742
2657,3.9745
2658,3.9746
2659,3.975
2660,3.9753
2661,3.9754
2662,3.9758
2663,3.9761
2664,3.9762
2665,3.9765
2666,3.9769
2667,3.977
2668,3.9773
2669,3.9777
2670,3.9778
2671,3.9781
2672,3.9785
2673,3.9786
2674,3.9789
2675,3.9792
2676,3.9794
2677,3.9797
2678,3.98
2679,3.9802
2680,3.9805
2681,3.9807
2682,3.981
2683,3.9813
2684,3.9815
2685,3.9818
2686,3.9821
2687,3.9823
2688,3.9826
2689,3.9829
2690,3.9831
2691,3.9834
2692,3.9835
2693,3.9839
2694,3.9842
2695,3.9843
2696,3.9846
2697,3.985
2698,3.9851
2699,3.9854
2700,3.9856
2701,3.9859
2702,3.9862
2703,3.9864
2704,3.9867
2705,3.9869
2706,3.9872
2707,3.9875
2708,3.9877
2709,3.988
2710,3.9881
2711,3.9885
2712,3.9886
2713,3.9889
2714,3.9891
2715,3.9894
2716,3.9896
2717,3.9899
2718,3.9902
2719,3.9904
2720,3.9907
2721,3.9908
2722,3.9912
2723,3.9913
2724,3.9916
2725,3.9918
2726,3.9921
2727,3.9923
2728,3.9926
2729,3.9928
2730,3.9931
2731,3.9932
2732,3.9935
2733,3.9937
2734,3.994
2735,3.9942
2736,3.9945
2737,3.9947
2738,3.995
2739,3.9951
2740,3.9955
2741,3.9956
2742,3.9959
2743,3.9961
2744,3.9962
2745,3.9966
2746,3.9967
2747,3.997
2748,3.9972
2749,3.9975
2750,3.9977
2751,3.998
2752,3.9982
2753,3.9983
2754,3.9986
2755,3.9988
2756,3.9991
2757,3.9993
2758,3.9994
2759,3.9997
2760,3.9999
2761,4.0001
2762,4.0004
2763,4.0005
2764,4.0009
2765,4.001
2766,4.0012
2767,4.0015
2768,4.0016
2769,4.0018
2770,4.0021
2771,4.0023
2772,4.0024
2773,4.0028
2774,4.0029
2775,4.0031
2776,4.0034
2777,4.0036
2778,4.0037
2779,4.004
2780,4.0042
2781,4.0043
2782,4.0047
2783,4.0048
2784,4.005
2785,4.0051
2786,4.0055
2787,4.0056
2788,4.0058
2789,4.0061
2790,4.0063
2791,4.0064
2792,4.0066
2793,4.0067
2794,4.007
2795,4.0072
2796,4.0074
2797,4.0077
2798,4.0078
2799,4.008
2800,4.0082
2801,4.0083
2802,4.0086
2803,4.0088
2804,4.009
2805,4.0091
2806,4.0094
2807,4.0096
2808,4.0097
2809,4.0099
2810,4.0101
2811,4.0104
2812,4.0105
2813,4.0107
2814,4.0109
2815,4.011
2816,4.0112
2817,4.0115
2818,4.0117
2819,4.0118
2820,4.012
2821,4.0121
2822,4.0123
2823,4.0126
2824,4.0128
2825,4.0129
2826,4.0131
2827,4.0132
2828,4.0134
2829,4.0136
2830,4.0137
2831,4.014
2832,4.0142
2833,4.0144
2834,4.0145
2835,4.0147
2836,4.0148
2837,4.015
2838,4.0151
2839,4.0153
2840,4.0156
2841,4.0158
2842,4.0159
2843,4.0161
2844,4.0163
2845,4.0164
2846,4.0166
2847,4.0167
2848,4.0169
2849,4.0171
2850,4.0172
2851,4.0175
2852,4.0177
2853,4.0178
2854,4.018
2855,4.0182
2856,4.0183
2857,4.0185
2858,4.0186
2859,4.0188
2860,4.019
2861,4.0191
2862,4.0193
2863,4.0194
2864,4.0196
2865,4.0198
2866,4.0199
2867,4.0201
2868,4.0202
2869,4.0204
2870,4.0206
2871,4.0207
2872,4.021
2873,4.0212
2874,4.0213
2875,4.0215
2876,4.0217
2877,4.0218
2878,4.022
2879,4.0221
2880,4.0223
2881,4.0225
2882,4.0226
2883,4.0228
2884,4.0229
2885,4.0231
2886,4.0233
2887,4.0234
2888,4.0236
2889,4.0237
2890,4.0239
2891,4.024
2892,4.0242
2893,4.0244
2894,4.0245
2895,4.0247
2896,4.0248
2897,4.025
2898,4.0252
2899,4.0253
2900,4.0255
2901,4.0256
2902,4.0258
2903,4.026
2904,4.0261
2905,4.0263
2906,4.0264
2907,4.0266
2908,4.0267
2909,4.0269
2910,4.0271
2911,4.0272
2912,4.0274
2913,4.0275
2914,4.0277
2915,4.0279
2916,4.028
2917,4.0282
2918,4.0283
2919,4.0285
2920,4.0287
2921,4.0288
2922,4.029
2923,4.0291
2924,4.0293
2925,4.0294
2926,4.0296
2927,4.0298
2928,4.0299
2929,4.0301
2930,4.0302
2931,4.0304
2932,4.0306
2933,4.0307
2934,4.0309
2935,4.031
2936,4.0312
2937,4.0314
2938,4.0315
2939,4.0317
2940,4.0318
2941,4.032
2942,4.0321
2943,4.0323
2944,4.0325
2945,4.0326
2946,4.0328
2947,4.0329
2948,4.0331
2949,4.0333
2950,4.0334
2951,4.0336
2952,4.0337
2953,4.0339
2954,4.0341
2955,4.0342
2956,4.0344
2957,4.0345
2958,4.0347
2959,4.0348
2960,4.0352
2961,4.0352
2962,4.0353
2963,4.0356
2964,4.0358
2965,4.036
2966,4.0361
2967,4.0363
2968,4.0364
2969,4.0366
2970,4.0368
2971,4.0369
2972,4.0371
2973,4.0372
2974,4.0374
2975,4.0377
2976,4.0379
2977,4.038
2978,4.0382
2979,4.0383
2980,4.0385
2981,4.0387
2982,4.0388
2983,4.039
2984,4.0393
2985,4.0395
2986,4.0396
2987,4.0398
2988,4.0399
2989,4.0401
2990,4.0402
2991,4.0404
2992,4.0407
2993,4.0409
2994,4.041
2995,4.0412
2996,4.0414
2997,4.0415
2998,4.0418
2999,4.042
3000,4.0422
3001,4.0423
3002,4.0425
3003,4.0428
3004,4.0429
3005,4.0431
3006,4.0433
3007,4.0434
3008,4.0437
3009,4.0439
3010,4.0441
3011,4.0442
3012,4.0445
3013,4.0447
3014,4.0449
3015,4.045
3016,4.0453
3017,4.0455
3018,4.0456
3019,4.0458
3020,4.0461
3021,4.0463
3022,4.0464
3023,4.0468
3024,4.0469
3025,4.0471
3026,4.0472
3027,4.0476
3028,4.0477
3029,4.0479
3030,4.0482
3031,4.0483
3032,4.0485
3033,4.0488
3034,4.049
3035,4.0493
3036,4.0495
3037,4.0496
3038,4.0499
3039,4.0501
3040,4.0503
3041,4.0506
3042,4.0507
3043,4.0511
3044,4.0512
3045,4.0514
3046,4.0517
3047,4.0518
3048,4.0522
3049,4.0523
3050,4.0526
3051,4.0528
3052,4.0531
3053,4.0533
3054,4.0536
3055,4.0538
3056,4.0539
3057,4.0542
3058,4.0544
3059,4.0547
3060,4.0549
3061,4.0552
3062,4.0553
3063,4.0557
3064,4.056
3065,4.0561
3066,4.0565
3067,4.0566
3068,4.0569
3069,4.0571
3070,4.0574
3071,4.0577
3072,4.0579
3073,4.0582
3074,4.0584
3075,4.0587
3076,4.0588
3077,4.0592
3078,4.0595
3079,4.0596
3080,4.0599
3081,4.0603
3082,4.0604
3083,4.0607
3084,4.0609
3085,4.0612
3086,4.0615
3087,4.0617
3088,4.062
3089,4.0623
3090,4.0626
3091,4.0628
3092,4.0631
3093,4.0634
3094,4.0636
3095,4.0639
3096,4.0642
3097,4.0644
3098,4.0647
3099,4.065
3100,4.0653
3101,4.0655
3102,4.0658
3103,4.0661
3104,4.0665
3105,4.0666
3106,4.0669
3107,4.0673
3108,4.0676
3109,4.0677
3110,4.068
3111,4.0684
3112,4.0687
3113,4.069
3114,4.0692
3115,4.0695
3116,4.0698
3117,4.0701
3118,4.0704
3119,4.0706
3120,4.0709
3121,4.0712
3122,4.0715
3123,4.0719
3124,4.0722
3125,4.0725
3126,4.0727
3127,4.073
3128,4.0733
3129,4.0736
3130,4.0739
3131,4.0742
3132,4.0746
3133,4.0749
3134,4.075
3135,4.0754
3136,4.0757
3137,4.076
3138,4.0763
3139,4.0766
3140,4.0769
3141,4.0771
3142,4.0774
3143,4.0777
3144,4.0781
3145,4.0784
3146,4.0787
3147,4.079
3148,4.0793
3149,4.0796
3150,4.08
3151,4.0803
3152,4.0804
3153,4.0808
3154,4.0811
3155,4.0814
3156,4.0817
3157,4.082
3158,4.0823
3159,4.0827
3160,4.083
3161,4.0833
3162,4.0836
3163,4.0839
3164,4.0841
3165,4.0846
3166,4.0847
3167,4.085
3168,4.0854
3169,4.0857
3170,4.086
3171,4.0863
3172,4.0866
3173,4.087
3174,4.0873
3175,4.0876
3176,4.0879
3177,4.0882
3178,4.0885
3179,4.0889
3180,4.0892
3181,4.0895
3182,4.0897
3183,4.09
3184,4.0903
3185,4.0906
3186,4.0909
3187,4.0912
3188,4.0916
3189,4.0919
3190,4.0922
3191,4.0925
3192,4.0928
3193,4.0931
3194,4.0935
3195,4.0938
3196,4.0941
3197,4.0944
3198,4.0946
3199,4.0949
3200,4.0952
3201,4.0955
3202,4.0958
3203,4.0962
3204,4.0965
3205,4.0968
3206,4.0971
3207,4.0974
3208,4.0978
3209,4.0979
3210,4.0982
3211,4.0985
3212,4.0989
3213,4.0992
3214,4.0995
3215,4.0998
3216,4.1001
3217,4.1005
3218,4.1008
3219,4.1011
3220,4.1012
3221,4.1016
3222,4.1019
3223,4.1022
3224,4.1025
3225,4.1028
3226,4.1032
3227,4.1035
3228,4.1036
3229,4.1039
3230,4.1043
3231,4.1046
3232,4.1049
3233,4.1052
3234,4.1055
3235,4.1057
3236,4.106
3237,4.1063
3238,4.1066
3239,4.107
3240,4.1073
3241,4.1076
3242,4.1078
3243,4.1081
3244,4.1084
3245,4.1087
3246,4.109
3247,4.1092
3248,4.1095
3249,4.1098
3250,4.1101
3251,4.1105
3252,4.1106
3253,4.1109
3254,4.1113
3255,4.1116
3256,4.1117
3257,4.112
3258,4.1124
3259,4.1127
3260,4.113
3261,4.1132
3262,4.1135
3263,4.1138
3264,4.1141
3265,4.1143
3266,4.1146
3267,4.1149
3268,4.1152
3269,4.1154
3270,4.1157
3271,4.116
3272,4.1162
3273,4.1165
3274,4.1168
3275,4.1171
3276,4.1173
3277,4.1176
3278,4.1179
3279,4.1181
3280,4.1184
3281,4.1187
3282,4.1189
3283,4.1192
3284,4.1195
3285,4.1198
3286,4.12
3287,4.1203
3288,4.1205
3289,4.1208
3290,4.1211
3291,4.1213
3292,4.1216
3293,4.1219
3294,4.1221
3295,4.1224
3296,4.1225
3297,4.1229
3298,4.1232
3299,4.1233
3300,4.1236
3301,4.1238
3302,4.1241
3303,4.1243
3304,4.1246
3305,4.1249
3306,4.1251
3307,4.1254
3308,4.1256
3309,4.1259
3310,4.126
3311,4.1263
3312,4.1267
3313,4.1268
3314,4.1271
3315,4.1273
3316,4.1276
3317,4.1278
3318,4.1281
3319,4.1283
3320,4.1284
3321,4.1287
3322,4.129
3323,4.1292
3324,4.1295
3325,4.1297
3326,4.1298
3327,4.1302
3328,4.1303
3329,4.1306
3330,4.1308
3331,4.1311
3332,4.1313
3333,4.1314
3334,4.1317
3335,4.1319
3336,4.1322
3337,4.1324
3338,4.1325
3339,4.1329
3340,4.133
3341,4.1333
3342,4.1335
3343,4.1337
3344,4.134
3345,4.1341
3346,4.1343
3347,4.1346
3348,4.1348
3349,4.1351
3350,4.1352
3351,4.1354
3352,4.1357
3353,4.1359
3354,4.136
3355,4.1362
3356,4.1365
3357,4.1367
3358,4.1368
3359,4.1371
3360,4.1373
3361,4.1375
3362,4.1376
3363,4.1379
3364,4.1381
3365,4.1383
3366,4.1386
3367,4.1387
3368,4.1389
3369,4.1391
3370,4.1392
3371,4.1395
3372,4.1397
3373,4.1398
3374,4.14
3375,4.1403
3376,4.1405
3377,4.1406
3378,4.1408
3379,4.141
3380,4.1411
3381,4.1414
3382,4.1416
3383,4.1418
3384,4.1419
3385,4.1421
3386,4.1422
3387,4.1426
3388,4.1427
3389,4.1429
3390,4.143
3391,4.1432
3392,4.1433
3393,4.1435
3394,4.1437
3395,4.1438
3396,4.1441
3397,4.1443
3398,4.1445
3399,4.1446
3400,4.1448
3401,4.1449
3402,4.1451
3403,4.1453
3404,4.1454
3405,4.1456
3406,4.1457
3407,4.1459
3408,4.146
3409,4.1462
3410,4.1464
3411,4.1465
3412,4.1467
3413,4.1468
3414,4.147
3415,4.1472
3416,4.1473
3417,4.1475
3418,4.1476
3419,4.1478
3420,4.148
3421,4.1481
3422,4.1483
3423,4.1484
3424,4.1486
3425,4.1487
3426,4.1489
3427,4.1491
3428,4.1492
3429,4.1494
3430,4.1495
3431,4.1497
3432,4.1499
3433,4.15
3434,4.15
3435,4.1502
3436,4.1503
3437,4.1505
3438,4.1507
3439,4.1508
3440,4.151
3441,4.1511
3442,4.1513
3443,4.1513
3444,4.1514
3445,4.1516
3446,4.1518
3447,4.1519
3448,4.1521
3449,4.1521
3450,4.1522
3451,4.1524
3452,4.1526
3453,4.1527
3454,4.1529
3455,4.1529
3456,4.153
3457,4.1532
3458,4.1534
3459,4.1535
3460,4.1537
3461,4.1537
3462,4.1538
3463,4.154
3464,4.1541
3465,4.1541
3466,4.1543
3467,4.1545
3468,4.1546
3469,4.1546
3470,4.1548
3471,4.1549
3472,4.1551
3473,4.1551
3474,4.1553
3475,4.1554
3476,4.1556
3477,4.1556
3478,4.1557
3479,4.1559
3480,4.1559
3481,4.1561
3482,4.1562
3483,4.1564
3484,4.1564
3485,4.1565
3486,4.1567
3487,4.1567
3488,4.1568
3489,4.157
3490,4.157
3491,4.1572
3492,4.1573
3493,4.1573
3494,4.1575
3495,4.1576
3496,4.1576
3497,4.1578
3498,4.158
3499,4.158
3500,4.1581
3501,4.1581
3502,4.1583
3503,4.1584
3504,4.1584
3505,4.1586
3506,4.1588
3507,4.1588
3508,4.1589
3509,4.1589
3510,4.1591
3511,4.1592
3512,4.1592
3513,4.1594
3514,4.1594
3515,4.1595
3516,4.1595
3517,4.1597
3518,4.1599
3519,4.1599
3520,4.16
3521,4.16
3522,4.1602
3523,4.1603
3524,4.1603
3525,4.1605
3526,4.1605
3527,4.1607
3528,4.1607
3529,4.1608
3530,4.1608
3531,4.161
3532,4.1611
3533,4.1611
3534,4.1613
3535,4.1613
3536,4.1615
3537,4.1615
3538,4.1616
3539,4.1616
3540,4.1618
3541,4.1618
3542,4.1619
3543,4.1619
3544,4.1621
3545,4.1621
3546,4.1622
3547,4.1622
3548,4.1624
3549,4.1624
3550,4.1626
3551,4.1626
3552,4.1627
3553,4.1627
3554,4.1629
3555,4.1629
3556,4.163
3557,4.163
3558,4.1632
3559,4.1632
3560,4.1634
3561,4.1634
3562,4.1635
3563,4.1637
3564,4.1637
3565,4.1637
3566,4.1638
3567,4.1638
3568,4.164
3569,4.164
3570,4.1642
3571,4.1642
3572,4.1643
3573,4.1643
3574,4.1645
3575,4.1645
3576,4.1646
3577,4.1646
3578,4.1648
3579,4.1648
3580,4.1649
3581,4.1649
3582,4.1651
3583,4.1651
3584,4.1653
3585,4.1653
3586,4.1654
3587,4.1654
3588,4.1656
3589,4.1656
3590,4.1657
3591,4.1657
3592,4.1659
3593,4.1659
3594,4.1661
3595,4.1661
3596,4.1662
3597,4.1662
3598,4.1664
3599,4.1664
3600,4.1665
3601,4.1665
3602,4.1667
3603,4.1667
3604,4.1669
3605,4.1669
3606,4.167
3607,4.167
3608,4.1672
3609,4.1672
3610,4.1673
3611,4.1673
3612,4.1675
3613,4.1676
3614,4.1676
3615,4.1676
3616,4.1678
3617,4.168
3618,4.168
3619,4.1681
3620,4.1681
3621,4.1683
3622,4.1683
3623,4.1684
3624,4.1684
3625,4.1686
3626,4.1686
3627,4.1688
3628,4.1688
3629,4.1689
3630,4.1691
3631,4.1691
3632,4.1692
3633,4.1692
3634,4.1694
3635,4.1694
3636,4.1696
3637,4.1696
3638,4.1697
3639,4.1699
3640,4.1699
3641,4.17
3642,4.17
3643,4.1702
3644,4.1702
3645,4.1703
3646,4.1705
3647,4.1705
3648,4.1707
3649,4.1707
3650,4.1708
3651,4.1708
3652,4.171
3653,4.1711
3654,4.1711
3655,4.1713
3656,4.1715
3657,4.1715
3658,4.1716
3659,4.1716
3660,4.1718
3661,4.1719
3662,4.1719
3663,4.1721
3664,4.1723
3665,4.1723
3666,4.1724
3667,4.1724
3668,4.1726
3669,4.1727
3670,4.1727
3671,4.1729
3672,4.173
3673,4.173
3674,4.1732
3675,4.1734
3676,4.1734
3677,4.1735
3678,4.1737
3679,4.1737
3680,4.1738
3681,4.174
3682,4.174
3683,4.1742
3684,4.1743
3685,4.1745
3686,4.1745
3687,4.1746
3688,4.1748
3689,4.175
3690,4.175
3691,4.1751
3692,4.1753
3693,4.1753
3694,4.1754
3695,4.1756
3696,4.1758
3697,4.1758
3698,4.1759
3699,4.1761
3700,4.1762
3701,4.1764
3702,4.1764
3703,4.1765
3704,4.1767
3705,4.1769
3706,4.1769
3707,4.177
3708,4.1772
3709,4.1773
3710,4.1775
3711,4.1777
3712,4.1777
3713,4.1778
3714,4.178
3715,4.1781
3716,4.1783
3717,4.1785
3718,4.1786
3719,4.1786
3720,4.1788
3721,4.1789
3722,4.1791
3723,4.1792
3724,4.1794
3725,4.1796
3726,4.1797
3727,4.1799
3728,4.18
3729,4.1802
3730,4.1802
3731,4.1804
3732,4.1805
3733,4.1807
3734,4.1808
3735,4.181
3736,4.1812
3737,4.1813
3738,4.1815
3739,4.1816
3740,4.1818
3741,4.1819
3742,4.1821
3743,4.1823
3744,4.1824
3745,4.1827
3746,4.1829
3747,4.1831
3748,4.1832
3749,4.1834
3750,4.1835
3751,4.1837
3752,4.1839
3753,4.184
3754,4.1842
3755,4.1845
3756,4.1846
3757,4.1848
3758,4.185
3759,4.1851
3760,4.1853
3761,4.1854
3762,4.1858
3763,4.1859
3764,4.1861
3765,4.1862
3766,4.1866
3767,4.1867
3768,4.1869
3769,4.187
3770,4.1873
3771,4.1875
3772,4.1877
3773,4.188
3774,4.1881
3775,4.1883
3776,4.1886
3777,4.1888
3778,4.1889
3779,4.1893
3780,4.1894
3781,4.1896
3782,4.1899
3783,4.19
3784,4.1904
3785,4.1905
3786,4.1908
3787,4.191
3788,4.1913
3789,4.1915
3790,4.1918
3791,4.192
3792,4.1923
3793,4.1924
3794,4.1927
3795,4.1931
3796,4.1932
3797,4.1935
3798,4.1939
3799,4.194
3800,4.1943
3801,4.1945
3802,4.1948
3803,4.1951
3804,4.1954
3805,4.1956
3806,4.1959
3807,4.1962
3808,4.1966
3809,4.1967
3810,4.197
3811,4.1974
3812,4.1977
3813,4.198
3814,4.1983
3815,4.1986
3816,4.1988
3817,4.1991
3818,4.1994
3819,4.1997
3820,4.2001
3821,4.2004
3822,4.2007
3823,4.2012
3824,4.2015
3825,4.2018
3826,4.2021
3827,4.2024
3828,4.2028
3829,4.2031
3830,4.2035
3831,4.2039
3832,4.2042
3833,4.2045
3834,4.205
3835,4.2053
3836,4.2056
3837,4.2061
3838,4.2064
3839,4.2067
3840,4.2072
3841,4.2075
3842,4.208
3843,4.2083
3844,4.2088
3845,4.2091
3846,4.2096
3847,4.2099
3848,4.2104
3849,4.2109
3850,4.2112
3851,4.2117
3852,4.2121
3853,4.2124
3854,4.2129
3855,4.2134
3856,4.2139
3857,4.2144
3858,4.2147
3859,4.2151
3860,4.2156
3861,4.2161
3862,4.2166
3863,4.2171
3864,4.2175
3865,4.218
3866,4.2185
3867,4.2191
3868,4.2196
3869,4.2201
3870,4.2205
3871,4.221
3872,4.2217
3873,4.2221
3874,4.2226
3875,4.2232
3876,4.2237
3877,4.2244
3878,4.2248
3879,4.2255
3880,4.2259
3881,4.2266
3882,4.2271
3883,4.2277
3884,4.2282
3885,4.2288
3886,4.2294
3887,4.2301
3888,4.2306
3889,4.2312
3890,4.2318
3891,4.2325
3892,4.2331
3893,4.2337
3894,4.2344
3895,4.235
3896,4.2356
3897,4.2363
3898,4.2369
3899,4.2375
3900,4.2383
3901,4.239
3902,4.2396
3903,4.2404
3904,4.241
3905,4.2417
3906,4.2425
3907,4.2431
3908,4.2439
3909,4.2445
3910,4.2453
3911,4.246
3912,4.2468
3913,4.2476
3914,4.2482
3915,4.249
3916,4.2498
3917,4.2506
3918,4.2514
3919,4.252
3920,4.253
3921,4.2536
3922,4.2544
3923,4.2552
3924,4.2561
3925,4.2569
3926,4.2577
3927,4.2585
3928,4.2593
3929,4.2603
3930,4.2611
3931,4.2618
3932,4.2628
3933,4.2636
3934,4.2645
3935,4.2653
3936,4.2663
3937,4.2671
3938,4.268
3939,4.2688
3940,4.2698
3941,4.2707
3942,4.2717
3943,4.2727
3944,4.2734
3945,4.2744
3946,4.2754
3947,4.2763
3948,4.2773
3949,4.2782
3950,4.2792
3951,4.2801
3952,4.2812
3953,4.2822
3954,4.2831
3955,4.2841
3956,4.285
3957,4.2862
3958,4.2871
3959,4.2881
3960,4.2892
3961,4.2901
3962,4.2912
3963,4.2922
3964,4.2933
3965,4.2944
3966,4.2954
3967,4.2965
3968,4.2974
3969,4.2985
3970,4.2997
3971,4.3006
3972,4.3008
3973,4.3008
3974,4.3008
3975,4.3008
3976,4.3008
3977,4.3008
3978,4.3008
3979,4.2998
3980,4.298
3981,4.2972
3982,4.2967
3983,4.2963
3984,4.2958
3985,4.2955
3986,4.2951
3987,4.295
3988,4.2947
3989,4.2945
3990,4.2942
3991,4.294
3992,4.2939
3993,4.2937
3994,4.2936
3995,4.2934
3996,4.2932
3997,4.2931
3998,4.2929
3999,4.2928
4000,4.2926
4001,4.2926
4002,4.2924
4003,4.2923
4004,4.2923
4005,4.2921
4006,4.2921
4007,4.292
4008,4.292
4009,4.2918
4010,4.2918
4011,4.2916
4012,4.2915
4013,4.2915
4014,4.2915
4015,4.2913
4016,4.2913
4017,4.2912
4018,4.2912
4019,4.291
4020,4.291
4021,4.2909
4022,4.2909
4023,4.2909
4024,4.2907
4025,4.2907
4026,4.2907
4027,4.2905
4028,4.2905
4029,4.2905
4030,4.2904
4031,4.2904
4032,4.2902
4033,4.2902
4034,4.2902
4035,4.2901
4036,4.2901
4037,4.2901
4038,4.2901
4039,4.2899
4040,4.2899
4041,4.2899
4042,4.2897
4043,4.2897
4044,4.2897
4045,4.2896
4046,4.2896
4047,4.2896
4048,4.2896
4049,4.2896
4050,4.2894
4051,4.2894
4052,4.2894
4053,4.2893
4054,4.2893
4055,4.2893
4056,4.2893
4057,4.2891
4058,4.2891
4059,4.2891
4060,4.2891
4061,4.2891
4062,4.2889
4063,4.2889
4064,4.2889
4065,4.2888
4066,4.2888
4067,4.2888
4068,4.2888
4069,4.2888
4070,4.2886
4071,4.2886
4072,4.2886
4073,4.2886
4074,4.2885
4075,4.2885
4076,4.2885
4077,4.2885
4078,4.2885
4079,4.2883
4080,4.2883
4081,4.2883
4082,4.2883
4083,4.2881
4084,4.2881
4085,4.2881
4086,4.2881
4087,4.2881
4088,4.288
4089,4.288
4090,4.288
4091,4.288
4092,4.288
4093,4.288
4094,4.2878
4095,4.2878
4096,4.2878
4097,4.2878
4098,4.2877
4099,4.2877
4100,4.2877
4101,4.2877
4102,4.2877
4103,4.2875
4104,4.2875
4105,4.2875
4106,4.2875
4107,4.2875
4108,4.2875
4109,4.2874
4110,4.2874
4111,4.2874
4112,4.2874
4113,4.2874
4114,4.2872
4115,4.2872
4116,4.2872
4117,4.2872
4118,4.2872
4119,4.2872
4120,4.287
4121,4.287
4122,4.287
4123,4.287
4124,4.287
4125,4.287
4126,4.2869
4127,4.2869
4128,4.2869
4129,4.2869
4130,4.2869
4131,4.2867
4132,4.2867
4133,4.2867
4134,4.2867
4135,4.2867
4136,4.2867
4137,4.2867
4138,4.2866
4139,4.2866
4140,4.2866
4141,4.2866
4142,4.2866
4143,4.2864
4144,4.2864
4145,4.2864
4146,4.2864
4147,4.2864
4148,4.2864
4149,4.2864
4150,4.2862
4151,4.2862
4152,4.2862
4153,4.2862
4154,4.2862
4155,4.2862
4156,4.2862
4157,4.2861
4158,4.2861
4159,4.2861
4160,4.2808
4161,4.2765
4162,4.2743
4163,4.2726
4164,4.2708
4165,4.2692
4166,4.2678
4167,4.2664
4168,4.2649
4169,4.2637
4170,4.2624
4171,4.2611
4172,4.2598
4173,4.2587
4174,4.2575
4175,4.2564
4176,4.2552
4177,4.2541
4178,4.253
4179,4.2519
4180,4.2508
4181,4.2497
4182,4.2487
4183,4.2476
4184,4.2465
4185,4.2455
4186,4.2446
4187,4.2435
4188,4.2425
4189,4.2416
4190,4.2406
4191,4.2397
4192,4.2387
4193,4.2377
4194,4.2368
4195,4.2358
4196,4.235
4197,4.2341
4198,4.2331
4199,4.2323
4200,4.2314
4201,4.2306
4202,4.2298
4203,4.2288
4204,4.2281
4205,4.2271
4206,4.2263
4207,4.2255
4208,4.2247
4209,4.2239
4210,4.2231
4211,4.2223
4212,4.2215
4213,4.2207
4214,4.2199
4215,4.2193
4216,4.2185
4217,4.2177
4218,4.2171
4219,4.2163
4220,4.2155
4221,4.2149
4222,4.2142
4223,4.2134
4224,4.2128
4225,4.2122
4226,4.2114
4227,4.2107
4228,4.2101
4229,4.2094
4230,4.2088
4231,4.2082
4232,4.2075
4233,4.2067
4234,4.2061
4235,4.2056
4236,4.205
4237,4.2044
4238,4.2037
4239,4.2031
4240,4.2026
4241,4.202
4242,4.2015
4243,4.2009
4244,4.2002
4245,4.1998
4246,4.1991
4247,4.1986
4248,4.198
4249,4.1975
4250,4.197
4251,4.1964
4252,4.1959
4253,4.1955
4254,4.195
4255,4.1945
4256,4.1939
4257,4.1934
4258,4.1929
4259,4.1924
4260,4.192
4261,4.1915
4262,4.191
4263,4.1905
4264,4.1901
4265,4.1897
4266,4.1893
4267,4.1888
4268,4.1883
4269,4.188
4270,4.1875
4271,4.187
4272,4.1867
4273,4.1862
4274,4.1858
4275,4.1854
4276,4.185
4277,4.1846
4278,4.1842
4279,4.1839
4280,4.1834
4281,4.1831
4282,4.1827
4283,4.1823
4284,4.1819
4285,4.1816
4286,4.1813
4287,4.1808
4288,4.1805
4289,4.1802
4290,4.1799
4291,4.1794
4292,4.1791
4293,4.1788
4294,4.1784
4295,4.1781
4296,4.1778
4297,4.1775
4298,4.1772
4299,4.1769
4300,4.1765
4301,4.1762
4302,4.1759
4303,4.1756
4304,4.1753
4305,4.1751
4306,4.1748
4307,4.1745
4308,4.1742
4309,4.1738
4310,4.1737
4311,4.1734
4312,4.173
4313,4.1727
4314,4.1726
4315,4.1722
4316,4.1719
4317,4.1718
4318,4.1714
4319,4.1713
4320,4.171
4321,4.1707
4322,4.1705
4323,4.1702
4324,4.17
4325,4.1697
4326,4.1695
4327,4.1692
4328,4.1691
4329,4.1687
4330,4.1686
4331,4.1684
4332,4.1681
4333,4.168
4334,4.1676
4335,4.1675
4336,4.1673
4337,4.167
4338,4.1668
4339,4.1667
4340,4.1664
4341,4.1662
4342,4.166
4343,4.1659
4344,4.1656
4345,4.1654
4346,4.1652
4347,4.1651
4348,4.1648
4349,4.1646
4350,4.1645
4351,4.1643
4352,4.1641
4353,4.1638
4354,4.1637
4355,4.1635
4356,4.1633
4357,4.1632
4358,4.163
4359,4.1629
4360,4.1627
4361,4.1625
4362,4.1624
4363,4.1621
4364,4.1619
4365,4.1618
4366,4.1616
4367,4.1614
4368,4.1613
4369,4.1611
4370,4.161
4371,4.1608
4372,4.1606
4373,4.1605
4374,4.1603
4375,4.1603
4376,4.1602
4377,4.16
4378,4.1598
4379,4.1597
4380,4.1595
4381,4.1594
4382,4.1592
4383,4.159
4384,4.1589
4385,4.1587
4386,4.1587
4387,4.1586
4388,4.1584
4389,4.1583
4390,4.1581
4391,4.1579
4392,4.1579
4393,4.1578
4394,4.1576
4395,4.1575
4396,4.1573
4397,4.1573
4398,4.1571
4399,4.157
4400,4.1568
4401,4.1567
4402,4.1567
4403,4.1565
4404,4.1563
4405,4.1562
4406,4.1562
4407,4.156
4408,4.1559
4409,4.1557
4410,4.1557
4411,4.1556
4412,4.1554
4413,4.1554
4414,4.1552
4415,4.1551
4416,4.1549
4417,4.1549
4418,4.1548
4419,4.1548
4420,4.1546
4421,4.1544
4422,4.1544
4423,4.1543
4424,4.1541
4425,4.1541
4426,4.154
4427,4.1538
4428,4.1538
4429,4.1536
4430,4.1535
4431,4.1535
4432,4.1533
4433,4.1533
4434,4.1532
4435,4.153
4436,4.153
4437,4.1528
4438,4.1528
4439,4.1527
4440,4.1525
4441,4.1525
4442,4.1524
4443,4.1524
4444,4.1522
4445,4.1522
4446,4.1521
4447,4.1519
4448,4.1519
4449,4.1517
4450,4.1517
4451,4.1516
4452,4.1514
4453,4.1514
4454,4.1514
4455,4.1513
4456,4.1511
4457,4.1511
4458,4.1509
4459,4.1509
4460,4.1508
4461,4.1508
4462,4.1506
4463,4.1506
4464,4.1505
4465,4.1505
4466,4.1503
4467,4.1503
4468,4.1501
4469,4.1501
4470,4.15
4471,4.1498
4472,4.1498
4473,4.1498
4474,4.1497
4475,4.1497
4476,4.1495
4477,4.1495
4478,4.1494
4479,4.1494
4480,4.1492
4481,4.1492
4482,4.149
4483,4.149
4484,4.1489
4485,4.1489
4486,4.1487
4487,4.1487
4488,4.1486
4489,4.1486
4490,4.1484
4491,4.1484
4492,4.1482
4493,4.1482
4494,4.1481
4495,4.1481
4496,4.1479
4497,4.1479
4498,4.1478
4499,4.1478
4500,4.1478
4501,4.1476
4502,4.1476
4503,4.1474
4504,4.1474
4505,4.1473
4506,4.1473
4507,4.1471
4508,4.1471
4509,4.147
4510,4.147
4511,4.1468
4512,4.1468
4513,4.1468
4514,4.1466
4515,4.1466
4516,4.1465
4517,4.1465
4518,4.1463
4519,4.1463
4520,4.1462
4521,4.1462
4522,4.146
4523,4.146
4524,4.1459
4525,4.1459
4526,4.1459
4527,4.1457
4528,4.1457
4529,4.1455
4530,4.1455
4531,4.1454
4532,4.1454
4533,4.1454
4534,4.1452
4535,4.1452
4536,4.1451
4537,4.1451
4538,4.1449
4539,4.1449
4540,4.1447
4541,4.1447
4542,4.1447
4543,4.1446
4544,4.1446
4545,4.1444
4546,4.1444
4547,4.1443
4548,4.1443
4549,4.1441
4550,4.1441
4551,4.1441
4552,4.1439
4553,4.1439
4554,4.1438
4555,4.1438
4556,4.1436
4557,4.1436
4558,4.1436
4559,4.1435
4560,4.1433
4561,4.1433
4562,4.1433
4563,4.1431
4564,4.1431
4565,4.143
4566,4.143
4567,4.1428
4568,4.1428
4569,4.1427
4570,4.1427
4571,4.1427
4572,4.1425
4573,4.1425
4574,4.1424
4575,4.1424
4576,4.1422
4577,4.1422
4578,4.142
4579,4.142
4580,4.142
4581,4.1419
4582,4.1419
4583,4.1417
4584,4.1417
4585,4.1416
4586,4.1416
4587,4.1414
4588,4.1414
4589,4.1412
4590,4.1412
4591,4.1411
4592,4.1411
4593,4.1409
4594,4.1409
4595,4.1408
4596,4.1408
4597,4.1408
4598,4.1406
4599,4.1406
4600,4.1404
4601,4.1404
4602,4.1403
4603,4.1401
4604,4.1401
4605,4.1401
4606,4.14
4607,4.14
4608,4.1398
4609,4.1398
4610,4.1397
4611,4.1397
4612,4.1395
4613,4.1393
4614,4.1393
4615,4.1392
4616,4.1392
4617,4.139
4618,4.139
4619,4.1389
4620,4.1389
4621,4.1387
4622,4.1387
4623,4.1385
4624,4.1385
4625,4.1384
4626,4.1384
4627,4.1382
4628,4.1382
4629,4.1381
4630,4.1379
4631,4.1379
4632,4.1377
4633,4.1377
4634,4.1376
4635,4.1376
4636,4.1374
4637,4.1373
4638,4.1373
4639,4.1371
4640,4.1371
4641,4.1369
4642,4.1369
4643,4.1368
4644,4.1366
4645,4.1366
4646,4.1365
4647,4.1365
4648,4.1363
4649,4.1362
4650,4.1362
4651,4.136
4652,4.1358
4653,4.1358
4654,4.1357
4655,4.1357
4656,4.1355
4657,4.1354
4658,4.1354
4659,4.1352
4660,4.135
4661,4.135
4662,4.1349
4663,4.1347
4664,4.1347
4665,4.1346
4666,4.1344
4667,4.1342
4668,4.1342
4669,4.1341
4670,4.1339
4671,4.1339
4672,4.1338
4673,4.1338
4674,4.1336
4675,4.1335
4676,4.1333
4677,4.1333
4678,4.1331
4679,4.133
4680,4.1328
4681,4.1327
4682,4.1327
4683,4.1325
4684,4.1323
4685,4.1322
4686,4.1322
4687,4.132
4688,4.1319
4689,4.1317
4690,4.1317
4691,4.1315
4692,4.1314
4693,4.1312
4694,4.1311
4695,4.1309
4696,4.1309
4697,4.1307
4698,4.1306
4699,4.1304
4700,4.1303
4701,4.1301
4702,4.1301
4703,4.13
4704,4.1298
4705,4.1296
4706,4.1295
4707,4.1293
4708,4.1292
4709,4.1292
4710,4.129
4711,4.1288
4712,4.1287
4713,4.1285
4714,4.1284
4715,4.1282
4716,4.128
4717,4.1279
4718,4.1277
4719,4.1276
4720,4.1274
4721,4.1273
4722,4.1271
4723,4.1269
4724,4.1268
4725,4.1266
4726,4.1265
4727,4.1263
4728,4.1261
4729,4.126
4730,4.1258
4731,4.1257
4732,4.1255
4733,4.1253
4734,4.1252
4735,4.125
4736,4.1249
4737,4.1247
4738,4.1245
4739,4.1244
4740,4.1242
4741,4.1241
4742,4.1239
4743,4.1236
4744,4.1234
4745,4.1233
4746,4.1231
4747,4.123
4748,4.1228
4749,4.1226
4750,4.1225
4751,4.1222
4752,4.122
4753,4.1218
4754,4.1217
4755,4.1215
4756,4.1212
4757,4.121
4758,4.1209
4759,4.1207
4760,4.1206
4761,4.1203
4762,4.1201
4763,4.1199
4764,4.1198
4765,4.1195
4766,4.1193
4767,4.1191
4768,4.119
4769,4.1187
4770,4.1185
4771,4.1183
4772,4.1182
4773,4.1179
4774,4.1177
4775,4.1176
4776,4.1172
4777,4.1171
4778,4.1169
4779,4.1166
4780,4.1164
4781,4.1163
4782,4.116
4783,4.1158
4784,4.1156
4785,4.1153
4786,4.1152
4787,4.115
4788,4.1147
4789,4.1145
4790,4.1142
4791,4.1141
4792,4.1137
4793,4.1136
4794,4.1134
4795,4.1131
4796,4.1129
4797,4.1126
4798,4.1125
4799,4.1123
4800,4.112
4801,4.1118
4802,4.1115
4803,4.1114
4804,4.111
4805,4.1109
4806,4.1106
4807,4.1104
4808,4.1101
4809,4.1099
4810,4.1096
4811,4.1094
4812,4.1091
4813,4.109
4814,4.1086
4815,4.1083
4816,4.1082
4817,4.1079
4818,4.1077
4819,4.1074
4820,4.1072
4821,4.1069
4822,4.1066
4823,4.1064
4824,4.1061
4825,4.1059
4826,4.1056
4827,4.1055
4828,4.1052
4829,4.1048
4830,4.1047
4831,4.1044
4832,4.104
4833,4.1039
4834,4.1036
4835,4.1034
4836,4.1031
4837,4.1028
4838,4.1024
4839,4.1023
4840,4.102
4841,4.1017
4842,4.1015
4843,4.1012
4844,4.1009
4845,4.1007
4846,4.1004
4847,4.1001
4848,4.0997
4849,4.0996
4850,4.0993
4851,4.0989
4852,4.0988
4853,4.0985
4854,4.0982
4855,4.0978
4856,4.0977
4857,4.0974
4858,4.097
4859,4.0967
4860,4.0964
4861,4.0962
4862,4.0959
4863,4.0956
4864,4.0953
4865,4.095
4866,4.0948
4867,4.0945
4868,4.0942
4869,4.0939
4870,4.0935
4871,4.0934
4872,4.0931
4873,4.0927
4874,4.0924
4875,4.0921
4876,4.0918
4877,4.0916
4878,4.0913
4879,4.091
4880,4.0907
4881,4.0904
4882,4.09
4883,4.0897
4884,4.0894
4885,4.0893
4886,4.0889
4887,4.0886
4888,4.0883
4889,4.088
4890,4.0877
4891,4.0873
4892,4.087
4893,4.0867
4894,4.0864
4895,4.0862
4896,4.0859
4897,4.0856
4898,4.0853
4899,4.085
4900,4.0846
4901,4.0843
4902,4.084
4903,4.0837
4904,4.0834
4905,4.0831
4906,4.0827
4907,4.0824
4908,4.0821
4909,4.0818
4910,4.0815
4911,4.0813
4912,4.081
4913,4.0807
4914,4.0803
4915,4.08
4916,4.0797
4917,4.0794
4918,4.0791
4919,4.0788
4920,4.0784
4921,4.0784
4922,4.0781
4923,4.0781
4924,4.0778
4925,4.0778
4926,4.0775
4927,4.0775
4928,4.0772
4929,4.0772
4930,4.0769
4931,4.0769
4932,4.0765
4933,4.0765
4934,4.0762
4935,4.0762
4936,4.0759
4937,4.0759
4938,4.0756
4939,4.0756
4940,4.0753
4941,4.0753
4942,4.0749
4943,4.0749
4944,4.0746
4945,4.0746
4946,4.0743
4947,4.0743
4948,4.074
4949,4.074
4950,4.0737
4951,4.0737
4952,4.0734
4953,4.0734
4954,4.073
4955,4.073
4956,4.0727
4957,4.0727
4958,4.0724
4959,4.0724
4960,4.0721
4961,4.0721
4962,4.0718
4963,4.0714
4964,4.0711
4965,4.0708
4966,4.0705
4967,4.0702
4968,4.0699
4969,4.0695
4970,4.0692
4971,4.0689
4972,4.0686
4973,4.0684
4974,4.0679
4975,4.0676
4976,4.0673
4977,4.067
4978,4.0668
4979,4.0664
4980,4.066
4981,4.0659
4982,4.0654
4983,4.0652
4984,4.0649
4985,4.0646
4986,4.0643
4987,4.064
4988,4.0637
4989,4.0633
4990,4.063
4991,4.0627
4992,4.0624
4993,4.0621
4994,4.0617
4995,4.0614
4996,4.0611
4997,4.0608
4998,4.0605
4999,4.0602
5000,4.0598
5001,4.0595
5002,4.0592
5003,4.0589
5004,4.0586
5005,4.0582
5006,4.0581
5007,4.0578
5008,4.0575
5009,4.0571
5010,4.0568
5011,4.0565
5012,4.0562
5013,4.0559
5014,4.0555
5015,4.0552
5016,4.0549
5017,4.0547
5018,4.0543
5019,4.0541
5020,4.0538
5021,4.0535
5022,4.0532
5023,4.0528
5024,4.0525
5025,4.0524
5026,4.052
5027,4.0517
5028,4.0514
5029,4.0511
5030,4.0508
5031,4.0505
5032,4.0501
5033,4.05
5034,4.0497
5035,4.0493
5036,4.049
5037,4.0487
5038,4.0485
5039,4.0482
5040,4.0479
5041,4.0476
5042,4.0473
5043,4.047
5044,4.0468
5045,4.0465
5046,4.0462
5047,4.0458
5048,4.0457
5049,4.0454
5050,4.0451
5051,4.0447
5052,4.0446
5053,4.0443
5054,4.0439
5055,4.0438
5056,4.0435
5057,4.0431
5058,4.0428
5059,4.0427
5060,4.0423
5061,4.042
5062,4.0419
5063,4.0416
5064,4.0412
5065,4.0409
5066,4.0408
5067,4.0404
5068,4.0401
5069,4.04
5070,4.0396
5071,4.0393
5072,4.0392
5073,4.0389
5074,4.0387
5075,4.0384
5076,4.0381
5077,4.0379
5078,4.0376
5079,4.0373
5080,4.0371
5081,4.0368
5082,4.0366
5083,4.0363
5084,4.0361
5085,4.0358
5086,4.0357
5087,4.0354
5088,4.035
5089,4.0349
5090,4.0346
5091,4.0344
5092,4.0341
5093,4.0339
5094,4.0336
5095,4.0334
5096,4.0331
5097,4.033
5098,4.0326
5099,4.0325
5100,4.0322
5101,4.032
5102,4.0317
5103,4.0315
5104,4.0312
5105,4.0311
5106,4.0307
5107,4.0306
5108,4.0304
5109,4.0301
5110,4.0299
5111,4.0296
5112,4.0295
5113,4.0293
5114,4.029
5115,4.0288
5116,4.0285
5117,4.0284
5118,4.0282
5119,4.0279
5120,4.0277
5121,4.0276
5122,4.0272
5123,4.0271
5124,4.0269
5125,4.0266
5126,4.0264
5127,4.0263
5128,4.026
5129,4.0258
5130,4.0257
5131,4.0253
5132,4.0252
5133,4.025
5134,4.0247
5135,4.0245
5136,4.0244
5137,4.0242
5138,4.0239
5139,4.0237
5140,4.0236
5141,4.0233
5142,4.0231
5143,4.023
5144,4.0228
5145,4.0226
5146,4.0223
5147,4.0222
5148,4.022
5149,4.0218
5150,4.0215
5151,4.0214
5152,4.0212
5153,4.021
5154,4.0209
5155,4.0207
5156,4.0204
5157,4.0202
5158,4.0201
5159,4.0199
5160,4.0198
5161,4.0195
5162,4.0193
5163,4.0191
5164,4.019
5165,4.0188
5166,4.0187
5167,4.0185
5168,4.0182
5169,4.018
5170,4.0179
5171,4.0177
5172,4.0175
5173,4.0174
5174,4.0172
5175,4.0171
5176,4.0168
5177,4.0166
5178,4.0164
5179,4.0163
5180,4.0161
5181,4.016
5182,4.0158
5183,4.0156
5184,4.0155
5185,4.0153
5186,4.015
5187,4.0148
5188,4.0147
5189,4.0145
5190,4.0144
5191,4.0142
5192,4.014
5193,4.0139
5194,4.0137
5195,4.0136
5196,4.0134
5197,4.0133
5198,4.0131
5199,4.0129
5200,4.0128
5201,4.0126
5202,4.0125
5203,4.0123
5204,4.012
5205,4.0118
5206,4.0117
5207,4.0115
5208,4.0113
5209,4.0112
5210,4.011
5211,4.0109
5212,4.0107
5213,4.0106
5214,4.0104
5215,4.0102
5216,4.0101
5217,4.0099
5218,4.0098
5219,4.0096
5220,4.0094
5221,4.0093
5222,4.0091
5223,4.009
5224,4.0088
5225,4.0086
5226,4.0085
5227,4.0083
5228,4.0082
5229,4.008
5230,4.0078
5231,4.0077
5232,4.0075
5233,4.0074
5234,4.0072
5235,4.0071
5236,4.0069
5237,4.0067
5238,4.0066
5239,4.0064
5240,4.0063
5241,4.0061
5242,4.0059
5243,4.0058
5244,4.0056
5245,4.0055
5246,4.0053
5247,4.0051
5248,4.005
5249,4.0048
5250,4.0047
5251,4.0045
5252,4.0043
5253,4.0042
5254,4.004
5255,4.0039
5256,4.0037
5257,4.0036
5258,4.0034
5259,4.0032
5260,4.0031
5261,4.0029
5262,4.0028
5263,4.0026
5264,4.0024
5265,4.0023
5266,4.0021
5267,4.002
5268,4.0018
5269,4.0016
5270,4.0015
5271,4.0013
5272,4.0012
5273,4.001
5274,4.0009
5275,4.0007
5276,4.0004
5277,4.0002
5278,4.0001
5279,3.9999
5280,3.9997
5281,3.9996
5282,3.9994
5283,3.9993
5284,3.9991
5285,3.9989
5286,3.9988
5287,3.9986
5288,3.9985
5289,3.9983
5290,3.9981
5291,3.998
5292,3.9978
5293,3.9977
5294,3.9975
5295,3.9972
5296,3.997
5297,3.9969
5298,3.9967
5299,3.9966
5300,3.9964
5301,3.9962
5302,3.9961
5303,3.9959
5304,3.9958
5305,3.9956
5306,3.9953
5307,3.9951
5308,3.995
5309,3.9948
5310,3.9947
5311,3.9945
5312,3.9943
5313,3.9942
5314,3.9939
5315,3.9937
5316,3.9935
5317,3.9934
5318,3.9932
5319,3.9931
5320,3.9929
5321,3.9926
5322,3.9924
5323,3.9923
5324,3.9921
5325,3.9919
5326,3.9916
5327,3.9915
5328,3.9913
5329,3.9912
5330,3.991
5331,3.9908
5332,3.9905
5333,3.9904
5334,3.9902
5335,3.99
5336,3.9899
5337,3.9896
5338,3.9894
5339,3.9892
5340,3.9891
5341,3.9889
5342,3.9886
5343,3.9885
5344,3.9883
5345,3.988
5346,3.9878
5347,3.9877
5348,3.9875
5349,3.9872
5350,3.987
5351,3.9869
5352,3.9867
5353,3.9864
5354,3.9862
5355,3.9861
5356,3.9859
5357,3.9856
5358,3.9854
5359,3.9853
5360,3.985
5361,3.9848
5362,3.9846
5363,3.9843
5364,3.9842
5365,3.984
5366,3.9837
5367,3.9835
5368,3.9834
5369,3.983
5370,3.9829
5371,3.9827
5372,3.9824
5373,3.9822
5374,3.9819
5375,3.9818
5376,3.9816
5377,3.9813
5378,3.9811
5379,3.981
5380,3.9807
5381,3.9805
5382,3.9802
5383,3.98
5384,3.9799
5385,3.9795
5386,3.9794
5387,3.9791
5388,3.9789
5389,3.9786
5390,3.9784
5391,3.9781
5392,3.978
5393,3.9778
5394,3.9775
5395,3.9773
5396,3.977
5397,3.9768
5398,3.9765
5399,3.9764
5400,3.976
5401,3.9759
5402,3.9756
5403,3.9754
5404,3.9751
5405,3.9749
5406,3.9746
5407,3.9745
5408,3.9741
5409,3.974
5410,3.9737
5411,3.9735
5412,3.9732
5413,3.9729
5414,3.9727
5415,3.9724
5416,3.9722
5417,3.9719
5418,3.9718
5419,3.9714
5420,3.9713
5421,3.971
5422,3.9706
5423,3.9705
5424,3.9702
5425,3.97
5426,3.9697
5427,3.9694
5428,3.9692
5429,3.9689
5430,3.9687
5431,3.9684
5432,3.9681
5433,3.9679
5434,3.9676
5435,3.9675
5436,3.9671
5437,3.9668
5438,3.9665
5439,3.9664
5440,3.966
5441,3.9659
5442,3.9656
5443,3.9652
5444,3.9651
5445,3.9648
5446,3.9644
5447,3.9643
5448,3.964
5449,3.9636
5450,3.9635
5451,3.9632
5452,3.9629
5453,3.9625
5454,3.9624
5455,3.9621
5456,3.9617
5457,3.9616
5458,3.9613
5459,3.9609
5460,3.9608
5461,3.9605
5462,3.9602
5463,3.9598
5464,3.9597
5465,3.9594
5466,3.959
5467,3.9589
5468,3.9586
5469,3.9582
5470,3.9579
5471,3.9578
5472,3.9574
5473,3.9571
5474,3.9568
5475,3.9567
5476,3.9563
5477,3.956
5478,3.9557
5479,3.9555
5480,3.9552
5481,3.9549
5482,3.9546
5483,3.9544
5484,3.9541
5485,3.9538
5486,3.9535
5487,3.9533
5488,3.953
5489,3.9527
5490,3.9524
5491,3.952
5492,3.9519
5493,3.9516
5494,3.9512
5495,3.9509
5496,3.9508
5497,3.9505
5498,3.9501
5499,3.9498
5500,3.9495
5501,3.9493
5502,3.949
5503,3.9487
5504,3.9484
5505,3.9482
5506,3.9479
5507,3.9476
5508,3.9473
5509,3.947
5510,3.9468
5511,3.9465
5512,3.9462
5513,3.9458
5514,3.9457
5515,3.9454
5516,3.945
5517,3.9447
5518,3.9444
5519,3.9443
5520,3.9439
5521,3.9436
5522,3.9433
5523,3.9431
5524,3.9428
5525,3.9425
5526,3.9422
5527,3.9419
5528,3.9417
5529,3.9414
5530,3.9411
5531,3.9408
5532,3.9404
5533,3.9403
5534,3.94
5535,3.9396
5536,3.9393
5537,3.9392
5538,3.9388
5539,3.9385
5540,3.9382
5541,3.9379
5542,3.9377
5543,3.9374
5544,3.9371
5545,3.9368
5546,3.9366
5547,3.9363
5548,3.936
5549,3.9357
5550,3.9355
5551,3.9352
5552,3.9349
5553,3.9346
5554,3.9344
5555,3.9341
5556,3.9338
5557,3.9334
5558,3.9333
5559,3.933
5560,3.9326
5561,3.9323
5562,3.9322
5563,3.9318
5564,3.9315
5565,3.9312
5566,3.9311
5567,3.9307
5568,3.9304
5569,3.9303
5570,3.9299
5571,3.9296
5572,3.9293
5573,3.9291
5574,3.9288
5575,3.9285
5576,3.9282
5577,3.928
5578,3.9277
5579,3.9274
5580,3.9272
5581,3.9269
5582,3.9266
5583,3.9264
5584,3.9261
5585,3.9258
5586,3.9256
5587,3.9253
5588,3.925
5589,3.9249
5590,3.9245
5591,3.9242
5592,3.9241
5593,3.9237
5594,3.9234
5595,3.9233
5596,3.9229
5597,3.9226
5598,3.9223
5599,3.9222
5600,3.9218
5601,3.9217
5602,3.9214
5603,3.921
5604,3.9209
5605,3.9206
5606,3.9202
5607,3.9201
5608,3.9198
5609,3.9194
5610,3.9193
5611,3.919
5612,3.9187
5613,3.9185
5614,3.9182
5615,3.918
5616,3.9177
5617,3.9174
5618,3.9172
5619,3.9169
5620,3.9167
5621,3.9164
5622,3.9163
5623,3.916
5624,3.9156
5625,3.9155
5626,3.9152
5627,3.915
5628,3.9147
5629,3.9144
5630,3.9142
5631,3.9139
5632,3.9137
5633,3.9134
5634,3.9131
5635,3.9129
5636,3.9126
5637,3.9125
5638,3.9121
5639,3.912
5640,3.9117
5641,3.9115
5642,3.9112
5643,3.9109
5644,3.9107
5645,3.9104
5646,3.9102
5647,3.9099
5648,3.9097
5649,3.9094
5650,3.9093
5651,3.909
5652,3.9088
5653,3.9085
5654,3.9083
5655,3.908
5656,3.9077
5657,3.9075
5658,3.9072
5659,3.907
5660,3.9067
5661,3.9066
5662,3.9063
5663,3.9061
5664,3.9058
5665,3.9056
5666,3.9053
5667,3.9051
5668,3.9048
5669,3.9047
5670,3.9043
5671,3.9042
5672,3.9039
5673,3.9037
5674,3.9034
5675,3.9032
5676,3.9029
5677,3.9028
5678,3.9024
5679,3.9023
5680,3.902
5681,3.9018
5682,3.9015
5683,3.9013
5684,3.901
5685,3.9008
5686,3.9005
5687,3.9004
5688,3.9002
5689,3.8999
5690,3.8997
5691,3.8994
5692,3.8993
5693,3.8989
5694,3.8988
5695,3.8985
5696,3.8983
5697,3.898
5698,3.8978
5699,3.8975
5700,3.8973
5701,3.8972
5702,3.8969
5703,3.8967
5704,3.8964
5705,3.8962
5706,3.8959
5707,3.8958
5708,3.8954
5709,3.8953
5710,3.895
5711,3.8948
5712,3.8946
5713,3.8943
5714,3.8942
5715,3.8939
5716,3.8937
5717,3.8934
5718,3.8932
5719,3.8929
5720,3.8927
5721,3.8924
5722,3.8923
5723,3.8921
5724,3.8918
5725,3.8916
5726,3.8913
5727,3.8911
5728,3.8908
5729,3.8907
5730,3.8905
5731,3.8902
5732,3.89
5733,3.8897
5734,3.8896
5735,3.8892
5736,3.8891
5737,3.8888
5738,3.8886
5739,3.8884
5740,3.8881
5741,3.888
5742,3.8877
5743,3.8875
5744,3.8872
5745,3.887
5746,3.8867
5747,3.8865
5748,3.8864
5749,3.8861
5750,3.8859
5751,3.8856
5752,3.8854
5753,3.8851
5754,3.8849
5755,3.8846
5756,3.8845
5757,3.8842
5758,3.884
5759,3.8838
5760,3.8835
5761,3.8834
5762,3.883
5763,3.8829
5764,3.8826
5765,3.8824
5766,3.8821
5767,3.8819
5768,3.8818
5769,3.8814
5770,3.8813
5771,3.881
5772,3.8808
5773,3.8805
5774,3.8803
5775,3.88
5776,3.8799
5777,3.8795
5778,3.8794
5779,3.8792
5780,3.8789
5781,3.8787
5782,3.8784
5783,3.8783
5784,3.878
5785,3.8778
5786,3.8775
5787,3.8773
5788,3.877
5789,3.8768
5790,3.8765
5791,3.8764
5792,3.876
5793,3.8759
5794,3.8756
5795,3.8754
5796,3.8752
5797,3.8749
5798,3.8746
5799,3.8745
5800,3.8743
5801,3.874
5802,3.8738
5803,3.8735
5804,3.8733
5805,3.873
5806,3.8729
5807,3.8725
5808,3.8724
5809,3.8721
5810,3.8719
5811,3.8716
5812,3.8714
5813,3.8711
5814,3.871
5815,3.8706
5816,3.8705
5817,3.8702
5818,3.87
5819,3.8697
5820,3.8695
5821,3.8692
5822,3.869
5823,3.8687
5824,3.8686
5825,3.8683
5826,3.8681
5827,3.8678
5828,3.8676
5829,3.8673
5830,3.867
5831,3.8668
5832,3.8667
5833,3.8663
5834,3.866
5835,3.8659
5836,3.8656
5837,3.8654
5838,3.8651
5839,3.8649
5840,3.8646
5841,3.8644
5842,3.8641
5843,3.864
5844,3.8636
5845,3.8635
5846,3.8632
5847,3.863
5848,3.8627
5849,3.8624
5850,3.8622
5851,3.8619
5852,3.8617
5853,3.8614
5854,3.8613
5855,3.8609
5856,3.8608
5857,3.8605
5858,3.8603
5859,3.86
5860,3.8597
5861,3.8595
5862,3.8592
5863,3.859
5864,3.8587
5865,3.8586
5866,3.8582
5867,3.8581
5868,3.8578
5869,3.8576
5870,3.8573
5871,3.857
5872,3.8568
5873,3.8565
5874,3.8563
5875,3.856
5876,3.8559
5877,3.8555
5878,3.8552
5879,3.8551
5880,3.8547
5881,3.8546
5882,3.8543
5883,3.8541
5884,3.8538
5885,3.8535
5886,3.8533
5887,3.853
5888,3.8528
5889,3.8525
5890,3.8524
5891,3.852
5892,3.8517
5893,3.8516
5894,3.8512
5895,3.8511
5896,3.8508
5897,3.8504
5898,3.8503
5899,3.85
5900,3.8498
5901,3.8495
5902,3.8493
5903,3.849
5904,3.8489
5905,3.8485
5906,3.8482
5907,3.8481
5908,3.8477
5909,3.8476
5910,3.8473
5911,3.8471
5912,3.8468
5913,3.8465
5914,3.8463
5915,3.846
5916,3.8458
5917,3.8455
5918,3.8452
5919,3.845
5920,3.8447
5921,3.8446
5922,3.8442
5923,3.8441
5924,3.8438
5925,3.8435
5926,3.8433
5927,3.843
5928,3.8428
5929,3.8425
5930,3.8423
5931,3.842
5932,3.8419
5933,3.8415
5934,3.8412
5935,3.8411
5936,3.8407
5937,3.8406
5938,3.8403
5939,3.84
5940,3.8398
5941,3.8395
5942,3.8393
5943,3.839
5944,3.8388
5945,3.8385
5946,3.8384
5947,3.838
5948,3.8377
5949,3.8376
5950,3.8372
5951,3.8371
5952,3.8368
5953,3.8366
5954,3.8363
5955,3.8361
5956,3.8358
5957,3.8357
5958,3.8353
5959,3.835
5960,3.8349
5961,3.8345
5962,3.8344
5963,3.8341
5964,3.8339
5965,3.8336
5966,3.8334
5967,3.8331
5968,3.833
5969,3.8326
5970,3.8323
5971,3.8322
5972,3.8318
5973,3.8317
5974,3.8314
5975,3.8312
5976,3.8309
5977,3.8307
5978,3.8304
5979,3.8303
5980,3.8299
5981,3.8298
5982,3.8295
5983,3.8293
5984,3.829
5985,3.8288
5986,3.8285
5987,3.8283
5988,3.828
5989,3.8277
5990,3.8276
5991,3.8272
5992,3.8271
5993,3.8269
5994,3.8266
5995,3.8263
5996,3.8261
5997,3.8258
5998,3.8256
5999,3.8255
6000,3.8252
6001,3.825
6002,3.8247
6003,3.8245
6004,3.8242
6005,3.8241
6006,3.8237
6007,3.8236
6008,3.8233
6009,3.8231
6010,3.8228
6011,3.8226
6012,3.8223
6013,3.8221
6014,3.8218
6015,3.8217
6016,3.8214
6017,3.8212
6018,3.8209
6019,3.8207
6020,3.8206
6021,3.8202
6022,3.8201
6023,3.8198
6024,3.8196
6025,3.8193
6026,3.8191
6027,3.8188
6028,3.8186
6029,3.8183
6030,3.8182
6031,3.818
6032,3.8177
6033,3.8175
6034,3.8172
6035,3.8171
6036,3.8167
6037,3.8166
6038,3.8164
6039,3.8161
6040,3.8159
6041,3.8156
6042,3.8155
6043,3.8151
6044,3.815
6045,3.8148
6046,3.8145
6047,3.8144
6048,3.814
6049,3.8139
6050,3.8136
6051,3.8134
6052,3.8132
6053,3.8129
6054,3.8128
6055,3.8126
6056,3.8123
6057,3.8121
6058,3.8118
6059,3.8117
6060,3.8115
6061,3.8112
6062,3.811
6063,3.8107
6064,3.8105
6065,3.8104
6066,3.8101
6067,3.8099
6068,3.8096
6069,3.8094
6070,3.8093
6071,3.8089
6072,3.8088
6073,3.8086
6074,3.8083
6075,3.8082
6076,3.808
6077,3.8077
6078,3.8075
6079,3.8072
6080,3.807
6081,3.8069
6082,3.8066
6083,3.8064
6084,3.8062
6085,3.8059
6086,3.8058
6087,3.8056
6088,3.8053
6089,3.8051
6090,3.805
6091,3.8047
6092,3.8045
6093,3.8043
6094,3.804
6095,3.8039
6096,3.8037
6097,3.8034
6098,3.8032
6099,3.8031
6100,3.8027
6101,3.8026
6102,3.8024
6103,3.8021
6104,3.802
6105,3.8018
6106,3.8015
6107,3.8013
6108,3.8012
6109,3.801
6110,3.8007
6111,3.8005
6112,3.8004
6113,3.8
6114,3.7999
6115,3.7997
6116,3.7994
6117,3.7993
6118,3.7991
6119,3.7989
6120,3.7986
6121,3.7985
6122,3.7983
6123,3.798
6124,3.7978
6125,3.7977
6126,3.7975
6127,3.7972
6128,3.797
6129,3.7969
6130,3.7965
6131,3.7964
6132,3.7962
6133,3.7961
6134,3.7958
6135,3.7956
6136,3.7954
6137,3.7953
6138,3.795
6139,3.7948
6140,3.7946
6141,3.7945
6142,3.7942
6143,3.794
6144,3.7938
6145,3.7937
6146,3.7934
6147,3.7932
6148,3.7931
6149,3.7927
6150,3.7926
6151,3.7924
6152,3.7923
6153,3.7919
6154,3.7918
6155,3.7916
6156,3.7915
6157,3.7911
6158,3.791
6159,3.7908
6160,3.7907
6161,3.7905
6162,3.7902
6163,3.79
6164,3.7899
6165,3.7897
6166,3.7894
6167,3.7892
6168,3.7891
6169,3.7889
6170,3.7888
6171,3.7884
6172,3.7883
6173,3.7881
6174,3.788
6175,3.7876
6176,3.7875
6177,3.7873
6178,3.7872
6179,3.787
6180,3.7867
6181,3.7865
6182,3.7864
6183,3.7862
6184,3.7859
6185,3.7857
6186,3.7856
6187,3.7854
6188,3.7853
6189,3.7851
6190,3.7848
6191,3.7846
6192,3.7845
6193,3.7843
6194,3.784
6195,3.7838
6196,3.7837
6197,3.7835
6198,3.7834
6199,3.783
6200,3.7829
6201,3.7827
6202,3.7826
6203,3.7824
6204,3.7822
6205,3.7819
6206,3.7818
6207,3.7816
6208,3.7814
6209,3.7813
6210,3.781
6211,3.7808
6212,3.7806
6213,3.7805
6214,3.7803
6215,3.7802
6216,3.7799
6217,3.7797
6218,3.7795
6219,3.7794
6220,3.7792
6221,3.7791
6222,3.7787
6223,3.7786
6224,3.7784
6225,3.7783
6226,3.7781
6227,3.7779
6228,3.7776
6229,3.7775
6230,3.7773
6231,3.7772
6232,3.777
6233,3.7768
6234,3.7765
6235,3.7764
6236,3.7762
6237,3.776
6238,3.7759
6239,3.7757
6240,3.7756
6241,3.7752
6242,3.7751
6243,3.7749
6244,3.7748
6245,3.7746
6246,3.7744
6247,3.7741
6248,3.774
6249,3.7738
6250,3.7737
6251,3.7735
6252,3.7733
6253,3.7732
6254,3.7729
6255,3.7727
6256,3.7725
6257,3.7724
6258,3.7722
6259,3.7721
6260,3.7719
6261,3.7716
6262,3.7714
6263,3.7713
6264,3.7711
6265,3.771
6266,3.7708
6267,3.7706
6268,3.7703
6269,3.7702
6270,3.77
6271,3.7698
6272,3.7697
6273,3.7695
6274,3.7694
6275,3.7692
6276,3.7689
6277,3.7687
6278,3.7686
6279,3.7684
6280,3.7682
6281,3.7681
6282,3.7679
6283,3.7678
6284,3.7675
6285,3.7673
6286,3.7671
6287,3.767
6288,3.7668
6289,3.7667
6290,3.7665
6291,3.7663
6292,3.7662
6293,3.7659
6294,3.7657
6295,3.7655
6296,3.7654
6297,3.7652
6298,3.7651
6299,3.7649
6300,3.7647
6301,3.7644
6302,3.7643
6303,3.7641
6304,3.764
6305,3.7638
6306,3.7636
6307,3.7635
6308,3.7633
6309,3.7632
6310,3.7628
6311,3.7627
6312,3.7625
6313,3.7624
6314,3.7622
6315,3.762
6316,3.7619
6317,3.7617
6318,3.7616
6319,3.7614
6320,3.7611
6321,3.7609
6322,3.7608
6323,3.7606
6324,3.7605
6325,3.7603
6326,3.7601
6327,3.76
6328,3.7598
6329,3.7595
6330,3.7593
6331,3.7592
6332,3.759
6333,3.7589
6334,3.7587
6335,3.7585
6336,3.7584
6337,3.7582
6338,3.7579
6339,3.7578
6340,3.7576
6341,3.7574
6342,3.7573
6343,3.7571
6344,3.757
6345,3.7568
6346,3.7566
6347,3.7565
6348,3.7562
6349,3.756
6350,3.7558
6351,3.7557
6352,3.7555
6353,3.7554
6354,3.7552
6355,3.7551
6356,3.7549
6357,3.7547
6358,3.7544
6359,3.7543
6360,3.7541
6361,3.7539
6362,3.7538
6363,3.7536
6364,3.7535
6365,3.7533
6366,3.7531
6367,3.753
6368,3.7527
6369,3.7525
6370,3.7523
6371,3.7522
6372,3.752
6373,3.7519
6374,3.7517
6375,3.7516
6376,3.7514
6377,3.7512
6378,3.7511
6379,3.7509
6380,3.7508
6381,3.7504
6382,3.7503
6383,3.7501
6384,3.75
6385,3.7498
6386,3.7496
6387,3.7495
6388,3.7493
6389,3.7492
6390,3.7489
6391,3.7487
6392,3.7485
6393,3.7484
6394,3.7482
6395,3.7481
6396,3.7479
6397,3.7477
6398,3.7476
6399,3.7474
6400,3.7473
6401,3.7469
6402,3.7468
6403,3.7466
6404,3.7465
6405,3.7463
6406,3.7461
6407,3.746
6408,3.7458
6409,3.7457
6410,3.7455
6411,3.7452
6412,3.745
6413,3.7449
6414,3.7447
6415,3.7446
6416,3.7444
6417,3.7442
6418,3.7441
6419,3.7439
6420,3.7438
6421,3.7436
6422,3.7433
6423,3.7433
6424,3.743
6425,3.7428
6426,3.7427
6427,3.7425
6428,3.7423
6429,3.7422
6430,3.742
6431,3.7419
6432,3.7417
6433,3.7415
6434,3.7412
6435,3.7411
6436,3.7409
6437,3.7407
6438,3.7406
6439,3.7404
6440,3.7403
6441,3.7401
6442,3.7399
6443,3.7398
6444,3.7395
6445,3.7393
6446,3.7392
6447,3.739
6448,3.7388
6449,3.7387
6450,3.7385
6451,3.7384
6452,3.7382
6453,3.738
6454,3.7379
6455,3.7377
6456,3.7374
6457,3.7372
6458,3.7371
6459,3.7369
6460,3.7368
6461,3.7366
6462,3.7364
6463,3.7363
6464,3.7361
6465,3.736
6466,3.7357
6467,3.7355
6468,3.7353
6469,3.7352
6470,3.735
6471,3.7349
6472,3.7347
6473,3.7345
6474,3.7344
6475,3.7342
6476,3.7341
6477,3.7339
6478,3.7336
6479,3.7334
6480,3.7333
6481,3.7331
6482,3.733
6483,3.7328
6484,3.7326
6485,3.7325
6486,3.7323
6487,3.7322
6488,3.7318
6489,3.7317
6490,3.7315
6491,3.7314
6492,3.7312
6493,3.731
6494,3.7309
6495,3.7307
6496,3.7306
6497,3.7304
6498,3.7301
6499,3.7299
6500,3.7298
6501,3.7296
6502,3.7295
6503,3.7293
6504,3.7291
6505,3.729
6506,3.7288
6507,3.7287
6508,3.7283
6509,3.7282
6510,3.728
6511,3.7279
6512,3.7277
6513,3.7275
6514,3.7274
6515,3.7272
6516,3.7271
6517,3.7268
6518,3.7266
6519,3.7264
6520,3.7263
6521,3.7261
6522,3.726
6523,3.7258
6524,3.7256
6525,3.7255
6526,3.7252
6527,3.725
6528,3.7248
6529,3.7247
6530,3.7245
6531,3.7244
6532,3.7242
6533,3.724
6534,3.7239
6535,3.7237
6536,3.7236
6537,3.7233
6538,3.7231
6539,3.7229
6540,3.7228
6541,3.7226
6542,3.7225
6543,3.7223
6544,3.7221
6545,3.7218
6546,3.7217
6547,3.7215
6548,3.7213
6549,3.7212
6550,3.721
6551,3.7209
6552,3.7207
6553,3.7206
6554,3.7202
6555,3.7201
6556,3.7199
6557,3.7198
6558,3.7196
6559,3.7194
6560,3.7193
6561,3.7191
6562,3.719
6563,3.7186
6564,3.7185
6565,3.7183
6566,3.7182
6567,3.718
6568,3.7178
6569,3.7177
6570,3.7175
6571,3.7174
6572,3.7171
6573,3.7169
6574,3.7167
6575,3.7166
6576,3.7164
6577,3.7163
6578,3.7161
6579,3.7159
6580,3.7156
6581,3.7155
6582,3.7153
6583,3.7151
6584,3.715
6585,3.7148
6586,3.7147
6587,3.7145
6588,3.7143
6589,3.714
6590,3.7139
6591,3.7137
6592,3.7136
6593,3.7134
6594,3.7132
6595,3.7131
6596,3.7129
6597,3.7126
6598,3.7124
6599,3.7123
6600,3.7121
6601,3.712
6602,3.7118
6603,3.7116
6604,3.7115
6605,3.7113
6606,3.711
6607,3.7109
6608,3.7107
6609,3.7105
6610,3.7104
6611,3.7102
6612,3.7101
6613,3.7099
6614,3.7096
6615,3.7094
6616,3.7093
6617,3.7091
6618,3.7089
6619,3.7088
6620,3.7086
6621,3.7083
6622,3.7081
6623,3.708
6624,3.7078
6625,3.7077
6626,3.7075
6627,3.7074
6628,3.7072
6629,3.7069
6630,3.7067
6631,3.7066
6632,3.7064
6633,3.7062
6634,3.7061
6635,3.7059
6636,3.7056
6637,3.7054
6638,3.7053
6639,3.7051
6640,3.705
6641,3.7048
6642,3.7047
6643,3.7045
6644,3.7042
6645,3.704
6646,3.7039
6647,3.7037
6648,3.7035
6649,3.7034
6650,3.7032
6651,3.7029
6652,3.7027
6653,3.7026
6654,3.7024
6655,3.7023
6656,3.7021
6657,3.7019
6658,3.7016
6659,3.7015
6660,3.7013
6661,3.7012
6662,3.701
6663,3.7008
6664,3.7007
6665,3.7004
6666,3.7002
6667,3.7
6668,3.6999
6669,3.6997
6670,3.6996
6671,3.6994
6672,3.6992
6673,3.6989
6674,3.6988
6675,3.6986
6676,3.6985
6677,3.6983
6678,3.6981
6679,3.698
6680,3.6977
6681,3.6975
6682,3.6973
6683,3.6972
6684,3.697
6685,3.6969
6686,3.6967
6687,3.6964
6688,3.6962
6689,3.6961
6690,3.6959
6691,3.6957
6692,3.6956
6693,3.6954
6694,3.6951
6695,3.695
6696,3.6948
6697,3.6946
6698,3.6945
6699,3.6943
6700,3.694
6701,3.6938
6702,3.6937
6703,3.6935
6704,3.6934
6705,3.6932
6706,3.693
6707,3.6927
6708,3.6926
6709,3.6924
6710,3.6922
6711,3.6921
6712,3.6919
6713,3.6916
6714,3.6915
6715,3.6913
6716,3.6911
6717,3.691
6718,3.6908
6719,3.6905
6720,3.6903
6721,3.6902
6722,3.69
6723,3.6899
6724,3.6897
6725,3.6895
6726,3.6892
6727,3.6891
6728,3.6889
6729,3.6888
6730,3.6886
6731,3.6884
6732,3.6883
6733,3.688
6734,3.6878
6735,3.6876
6736,3.6875
6737,3.6873
6738,3.6872
6739,3.6868
6740,3.6867
6741,3.6865
6742,3.6864
6743,3.6862
6744,3.686
6745,3.6859
6746,3.6856
6747,3.6854
6748,3.6853
6749,3.6851
6750,3.6849
6751,3.6848
6752,3.6845
6753,3.6843
6754,3.6841
6755,3.684
6756,3.6838
6757,3.6837
6758,3.6835
6759,3.6832
6760,3.683
6761,3.6829
6762,3.6827
6763,3.6826
6764,3.6824
6765,3.6821
6766,3.6819
6767,3.6818
6768,3.6816
6769,3.6814
6770,3.6813
6771,3.6811
6772,3.6808
6773,3.6806
6774,3.6805
6775,3.6803
6776,3.6802
6777,3.68
6778,3.6798
6779,3.6795
6780,3.6794
6781,3.6792
6782,3.6791
6783,3.6789
6784,3.6787
6785,3.6784
6786,3.6783
6787,3.6781
6788,3.6779
6789,3.6778
6790,3.6776
6791,3.6775
6792,3.6771
6793,3.677
6794,3.6768
6795,3.6767
6796,3.6765
6797,3.6764
6798,3.676
6799,3.6759
6800,3.6757
6801,3.6756
6802,3.6754
6803,3.6752
6804,3.6751
6805,3.6749
6806,3.6746
6807,3.6744
6808,3.6743
6809,3.6741
6810,3.674
6811,3.6738
6812,3.6735
6813,3.6733
6814,3.6732
6815,3.673
6816,3.6729
6817,3.6727
6818,3.6725
6819,3.6724
6820,3.6721
6821,3.6719
6822,3.6717
6823,3.6716
6824,3.6714
6825,3.6713
6826,3.6711
6827,3.6708
6828,3.6706
6829,3.6705
6830,3.6703
6831,3.6701
6832,3.67
6833,3.6698
6834,3.6695
6835,3.6694
6836,3.6692
6837,3.669
6838,3.6689
6839,3.6687
6840,3.6686
6841,3.6682
6842,3.6681
6843,3.6679
6844,3.6678
6845,3.6676
6846,3.6674
6847,3.6673
6848,3.6671
6849,3.667
6850,3.6667
6851,3.6665
6852,3.6663
6853,3.6662
6854,3.666
6855,3.6659
6856,3.6657
6857,3.6654
6858,3.6652
6859,3.6651
6860,3.6649
6861,3.6647
6862,3.6646
6863,3.6644
6864,3.6643
6865,3.6639
6866,3.6638
6867,3.6636
6868,3.6635
6869,3.6633
6870,3.6632
6871,3.663
6872,3.6628
6873,3.6625
6874,3.6624
6875,3.6622
6876,3.662
6877,3.6619
6878,3.6617
6879,3.6616
6880,3.6614
6881,3.6611
6882,3.6609
6883,3.6608
6884,3.6606
6885,3.6605
6886,3.6603
6887,3.6601
6888,3.66
6889,3.6598
6890,3.6597
6891,3.6593
6892,3.6592
6893,3.659
6894,3.6589
6895,3.6587
6896,3.6585
6897,3.6584
6898,3.6582
6899,3.6581
6900,3.6577
6901,3.6576
6902,3.6574
6903,3.6573
6904,3.6571
6905,3.657
6906,3.6568
6907,3.6566
6908,3.6565
6909,3.6563
6910,3.656
6911,3.6558
6912,3.6557
6913,3.6555
6914,3.6554
6915,3.6552
6916,3.655
6917,3.6549
6918,3.6547
6919,3.6546
6920,3.6543
6921,3.6541
6922,3.6539
6923,3.6538
6924,3.6536
6925,3.6535
6926,3.6533
6927,3.6531
6928,3.653
6929,3.6528
6930,3.6527
6931,3.6523
6932,3.6522
6933,3.652
6934,3.6519
6935,3.6517
6936,3.6515
6937,3.6514
6938,3.6512
6939,3.6511
6940,3.6509
6941,3.6508
6942,3.6504
6943,3.6503
6944,3.6501
6945,3.65
6946,3.6498
6947,3.6496
6948,3.6495
6949,3.6493
6950,3.6492
6951,3.649
6952,3.6487
6953,3.6485
6954,3.6484
6955,3.6482
6956,3.648
6957,3.6479
6958,3.6477
6959,3.6476
6960,3.6474
6961,3.6473
6962,3.6471
6963,3.6468
6964,3.6466
6965,3.6465
6966,3.6463
6967,3.6461
6968,3.646
6969,3.6458
6970,3.6457
6971,3.6455
6972,3.6453
6973,3.6452
6974,3.6449
6975,3.6447
6976,3.6446
6977,3.6444
6978,3.6442
6979,3.6441
6980,3.6439
6981,3.6436
6982,3.6436
6983,3.6433
6984,3.6431
6985,3.643
6986,3.6428
6987,3.6426
6988,3.6425
6989,3.6423
6990,3.6422
6991,3.6418
6992,3.6417
6993,3.6415
6994,3.6414
6995,3.6412
6996,3.6411
6997,3.6409
6998,3.6407
6999,3.6406
7000,3.6403
7001,3.6401
7002,3.6399
7003,3.6398
7004,3.6396
7005,3.6395
7006,3.6393
7007,3.639
7008,3.6388
7009,3.6387
7010,3.6385
7011,3.6384
7012,3.6382
7013,3.638
7014,3.6379
7015,3.6376
7016,3.6374
7017,3.6372
7018,3.6371
7019,3.6369
7020,3.6368
7021,3.6364
7022,3.6363
7023,3.6361
7024,3.636
7025,3.6358
7026,3.6356
7027,3.6355
7028,3.6352
7029,3.635
7030,3.6349
7031,3.6347
7032,3.6345
7033,3.6344
7034,3.6341
7035,3.6339
7036,3.6337
7037,3.6336
7038,3.6334
7039,3.6333
7040,3.6329
7041,3.6328
7042,3.6326
7043,3.6325
7044,3.6323
7045,3.632
7046,3.6318
7047,3.6317
7048,3.6315
7049,3.6314
7050,3.631
7051,3.6309
7052,3.6307
7053,3.6306
7054,3.6304
7055,3.6301
7056,3.6299
7057,3.6298
7058,3.6296
7059,3.6294
7060,3.6291
7061,3.629
7062,3.6288
7063,3.6287
7064,3.6283
7065,3.6282
7066,3.628
7067,3.6279
7068,3.6275
7069,3.6274
7070,3.6272
7071,3.6271
7072,3.6267
7073,3.6266
7074,3.6264
7075,3.6263
7076,3.626
7077,3.6258
7078,3.6256
7079,3.6253
7080,3.6252
7081,3.625
7082,3.6248
7083,3.6245
7084,3.6244
7085,3.6242
7086,3.6239
7087,3.6237
7088,3.6236
7089,3.6234
7090,3.6231
7091,3.6229
7092,3.6228
7093,3.6225
7094,3.6223
7095,3.6221
7096,3.6218
7097,3.6217
7098,3.6215
7099,3.6212
7100,3.621
7101,3.6207
7102,3.6205
7103,3.6204
7104,3.6201
7105,3.6199
7106,3.6197
7107,3.6194
7108,3.6193
7109,3.619
7110,3.6188
7111,3.6186
7112,3.6183
7113,3.6182
7114,3.6178
7115,3.6177
7116,3.6175
7117,3.6172
7118,3.617
7119,3.6167
7120,3.6166
7121,3.6163
7122,3.6161
7123,3.6158
7124,3.6156
7125,3.6153
7126,3.6151
7127,3.615
7128,3.6147
7129,3.6145
7130,3.6142
7131,3.6139
7132,3.6137
7133,3.6135
7134,3.6132
7135,3.6129
7136,3.6128
7137,3.6124
7138,3.6123
7139,3.612
7140,3.6118
7141,3.6115
7142,3.6113
7143,3.611
7144,3.6107
7145,3.6105
7146,3.6102
7147,3.6101
7148,3.6097
7149,3.6094
7150,3.6093
7151,3.6089
7152,3.6088
7153,3.6085
7154,3.6081
7155,3.608
7156,3.6077
7157,3.6073
7158,3.607
7159,3.6069
7160,3.6066
7161,3.6062
7162,3.6061
7163,3.6058
7164,3.6054
7165,3.6053
7166,3.605
7167,3.6046
7168,3.6043
7169,3.6042
7170,3.6039
7171,3.6035
7172,3.6032
7173,3.6029
7174,3.6027
7175,3.6024
7176,3.6021
7177,3.6018
7178,3.6015
7179,3.6011
7180,3.601
7181,3.6007
7182,3.6004
7183,3.6
7184,3.5997
7185,3.5994
7186,3.5991
7187,3.5988
7188,3.5984
7189,3.5981
7190,3.5978
7191,3.5975
7192,3.5972
7193,3.5969
7194,3.5965
7195,3.5962
7196,3.5959
7197,3.5956
7198,3.5953
7199,3.5949
7200,3.5946
7201,3.5943
7202,3.594
7203,3.5937
7204,3.5934
7205,3.593
7206,3.5926
7207,3.5922
7208,3.5919
7209,3.5916
7210,3.5913
7211,3.591
7212,3.5905
7213,3.5902
7214,3.5899
7215,3.5895
7216,3.5891
7217,3.5887
7218,3.5884
7219,3.5881
7220,3.5876
7221,3.5873
7222,3.587
7223,3.5865
7224,3.5862
7225,3.5859
7226,3.5854
7227,3.5851
7228,3.5848
7229,3.5843
7230,3.584
7231,3.5835
7232,3.5832
7233,3.5827
7234,3.5824
7235,3.5819
7236,3.5816
7237,3.5811
7238,3.5808
7239,3.5803
7240,3.5798
7241,3.5795
7242,3.5792
7243,3.5787
7244,3.5783
7245,3.5779
7246,3.5775
7247,3.577
7248,3.5767
7249,3.5762
7250,3.5757
7251,3.5752
7252,3.5749
7253,3.5744
7254,3.574
7255,3.5735
7256,3.5732
7257,3.5727
7258,3.5722
7259,3.5717
7260,3.5713
7261,3.5708
7262,3.5705
7263,3.57
7264,3.5695
7265,3.569
7266,3.5686
7267,3.5681
7268,3.5676
7269,3.5671
7270,3.5666
7271,3.5662
7272,3.5657
7273,3.5652
7274,3.5647
7275,3.5643
7276,3.5638
7277,3.5633
7278,3.5627
7279,3.5622
7280,3.5617
7281,3.5612
7282,3.5608
7283,3.5603
7284,3.5597
7285,3.5592
7286,3.5587
7287,3.5582
7288,3.5576
7289,3.5571
7290,3.5566
7291,3.5562
7292,3.5555
7293,3.555
7294,3.5546
7295,3.5539
7296,3.5535
7297,3.553
7298,3.5525
7299,3.5519
7300,3.5514
7301,3.5507
7302,3.5503
7303,3.5496
7304,3.5492
7305,3.5485
7306,3.548
7307,3.5474
7308,3.5469
7309,3.5463
7310,3.5458
7311,3.5452
7312,3.5447
7313,3.5441
7314,3.5436
7315,3.543
7316,3.5425
7317,3.5418
7318,3.5414
7319,3.5407
7320,3.5401
7321,3.5396
7322,3.539
7323,3.5385
7324,3.5379
7325,3.5372
7326,3.5368
7327,3.5361
7328,3.5355
7329,3.535
7330,3.5344
7331,3.5339
7332,3.5333
7333,3.5326
7334,3.5321
7335,3.5315
7336,3.5309
7337,3.5302
7338,3.5298
7339,3.5291
7340,3.5285
7341,3.5279
7342,3.5274
7343,3.5267
7344,3.5261
7345,3.5256
7346,3.525
7347,3.5244
7348,3.5237
7349,3.5231
7350,3.5226
7351,3.522
7352,3.5213
7353,3.5207
7354,3.5201
7355,3.5194
7356,3.5189
7357,3.5183
7358,3.5177
7359,3.517
7360,3.5164
7361,3.5158
7362,3.5151
7363,3.5145
7364,3.5139
7365,3.5132
7366,3.5126
7367,3.512
7368,3.5113
7369,3.5107
7370,3.5099
7371,3.5093
7372,3.5086
7373,3.508
7374,3.5073
7375,3.5065
7376,3.5059
7377,3.5053
7378,3.5046
7379,3.5038
7380,3.5032
7381,3.5024
7382,3.5018
7383,3.501
7384,3.5003
7385,3.4996
7386,3.4989
7387,3.4981
7388,3.4973
7389,3.4967
7390,3.4959
7391,3.4951
7392,3.4943
7393,3.4937
7394,3.4929
7395,3.4921
7396,3.4913
7397,3.4905
7398,3.4897
7399,3.4887
7400,3.4879
7401,3.4872
7402,3.4864
7403,3.4854
7404,3.4846
7405,3.4838
7406,3.4829
7407,3.4821
7408,3.4811
7409,3.4802
7410,3.4792
7411,3.4784
7412,3.4775
7413,3.4765
7414,3.4755
7415,3.4746
7416,3.4736
7417,3.4727
7418,3.4716
7419,3.4706
7420,3.4697
7421,3.4685
7422,3.4676
7423,3.4665
7424,3.4654
7425,3.4644
7426,3.4633
7427,3.4622
7428,3.4611
7429,3.46
7430,3.4588
7431,3.4577
7432,3.4566
7433,3.4554
7434,3.4542
7435,3.453
7436,3.4519
7437,3.4506
7438,3.4495
7439,3.4482
7440,3.4469
7441,3.4457
7442,3.4444
7443,3.4431
7444,3.4417
7445,3.4404
7446,3.4391
7447,3.4377
7448,3.4364
7449,3.435
7450,3.4336
7451,3.4323
7452,3.4309
7453,3.4294
7454,3.428
7455,3.4264
7456,3.425
7457,3.4236
7458,3.422
7459,3.4205
7460,3.4189
7461,3.4175
7462,3.4159
7463,3.4143
7464,3.4127
7465,3.4112
7466,3.4096
7467,3.408
7468,3.4062
7469,3.4046
7470,3.4029
7471,3.4013
7472,3.3995
7473,3.3978
7474,3.396
7475,3.3943
7476,3.3926
7477,3.3908
7478,3.3891
7479,3.3871
7480,3.3854
7481,3.3835
7482,3.3816
7483,3.3798
7484,3.3779
7485,3.376
7486,3.3741
7487,3.3722
7488,3.3701
7489,3.3682
7490,3.3662
7491,3.3643
7492,3.3622
7493,3.3601
7494,3.358
7495,3.3561
7496,3.3539
7497,3.3518
7498,3.3498
7499,3.3476
7500,3.3455
7501,3.3433
7502,3.341
7503,3.339
7504,3.3366
7505,3.3344
7506,3.3321
7507,3.3299
7508,3.3275
7509,3.3251
7510,3.3229
7511,3.3205
7512,3.3181
7513,3.3157
7514,3.3132
7515,3.3108
7516,3.3084
7517,3.3059
7518,3.3033
7519,3.3008
7520,3.2982
7521,3.2957
7522,3.2932
7523,3.2905
7524,3.2878
7525,3.2852
7526,3.2825
7527,3.2798
7528,3.2769
7529,3.2742
7530,3.2715
7531,3.2687
7532,3.2658
7533,3.263
7534,3.2601
7535,3.2572
7536,3.2542
7537,3.2514
7538,3.2483
7539,3.2453
7540,3.2421
7541,3.2391
7542,3.2359
7543,3.2329
7544,3.2297
7545,3.2266
7546,3.2234
7547,3.22
7548,3.2167
7549,3.2134
7550,3.2102
7551,3.2067
7552,3.2034
7553,3.1999
7554,3.1964
7555,3.1929
7556,3.1894
7557,3.1857
7558,3.1821
7559,3.1784
7560,3.1747
7561,3.1711
7562,3.1673
7563,3.1635
7564,3.1596
7565,3.1558
7566,3.1519
7567,3.1479
7568,3.1439
7569,3.1399
7570,3.1358
7571,3.1317
7572,3.1275
7573,3.1232
7574,3.1191
7575,3.1148
7576,3.1104
7577,3.1061
7578,3.1016
7579,3.0972
7580,3.0927
7581,3.0881
7582,3.0835
7583,3.0789
7584,3.0741
7585,3.0694
7586,3.0646
7587,3.0598
7588,3.0549
7589,3.0498
7590,3.0449
7591,3.0398
7592,3.0347
7593,3.0295
7594,3.0242
7595,3.019
7596,3.0136
7597,3.0082
7598,3.0026
7599,2.997
7600,2.9915
7601,2.9857
7602,2.98
7603,2.9741
7604,2.9683
7605,2.9624
7606,2.9563
7607,2.9503
7608,2.9441
7609,2.9377
7610,2.9315
7611,2.925
7612,2.9185
7613,2.912
7614,2.9053
7615,2.8986
7616,2.8918
7617,2.8848
7618,2.8778
7619,2.8707
7620,2.8635
7621,2.8562
7622,2.8489
7623,2.8414
7624,2.8338
7625,2.826
7626,2.8182
7627,2.8103
7628,2.8023
7629,2.7942
7630,2.7859
7631,2.7777
7632,2.7691
7633,2.7605
7634,2.7519
7635,2.743
7636,2.7341
7637,2.7251
7638,2.716
7639,2.7066
7640,2.6974
7641,2.6879
7642,2.6783
7643,2.6685
7644,2.6588
7645,2.6488
7646,2.6388
7647,2.6287
7648,2.6184
7649,2.6081
7650,2.5976
7651,2.5869
7652,2.5763
7653,2.5655
7654,2.5545
7655,2.5435
7656,2.5323
7657,2.521
7658,2.5097
7659,2.5
7660,2.5137
7661,2.6163
7662,2.72
7663,2.8204
7664,2.891
7665,2.991
7666,3.0732
7667,3.1739
7668,3.183
7669,3.2604
7670,3.3191
7671,3.3631
7672,3.3957
7673,3.4193
7674,3.4356
7675,3.4468
7676,3.4546
7677,3.4604
7678,3.4649
7679,3.4684
7680,3.4713
7681,3.4736
7682,3.4757
7683,3.4776
7684,3.4792
7685,3.4806
7686,3.4819
7687,3.4832
7688,3.4843
7689,3.4852
7690,3.4862
7691,3.4872
7692,3.4879
7693,3.4887
7694,3.4895
7695,3.4902
7696,3.4908
7697,3.4914
7698,3.4921
7699,3.4926
7700,3.4932
7701,3.4937
7702,3.4941
7703,3.4946
7704,3.4951
7705,3.4956
7706,3.4959
7707,3.4964
7708,3.4967
7709,3.4972
7710,3.4975
7711,3.498
7712,3.4983
7713,3.4986
7714,3.4989
7715,3.4992
7716,3.4996
7717,3.4999
7718,3.5002
7719,3.5005
7720,3.5007
7721,3.501
7722,3.5013
7723,3.5015
7724,3.5018
7725,3.5021
7726,3.5023
7727,3.5026
7728,3.5027
7729,3.5031
7730,3.5032
7731,3.5034
7732,3.5037
7733,3.5038
7734,3.5042
7735,3.5043
7736,3.5045
7737,3.5046
7738,3.505
7739,3.5051
7740,3.5053
7741,3.5054
7742,3.5058
7743,3.5059
7744,3.5061
7745,3.5062
7746,3.5064
7747,3.5065
7748,3.5067
7749,3.5069
7750,3.507
7751,3.5072
7752,3.5073
7753,3.5075
7754,3.5077
7755,3.5078
7756,3.508
7757,3.5081
7758,3.5083
7759,3.5085
7760,3.5086
7761,3.5086
7762,3.5088
7763,3.5089
7764,3.5091
7765,3.5093
7766,3.5094
7767,3.5094
7768,3.5096
7769,3.5097
7770,3.5099
7771,3.51
7772,3.51
7773,3.5102
7774,3.5104
7775,3.5104
7776,3.5105
7777,3.5107
7778,3.5108
7779,3.5108
7780,3.511
7781,3.5112
7782,3.5112
7783,3.5113
7784,3.5115
7785,3.5115
7786,3.5116
7787,3.5118
7788,3.5118
7789,3.512
7790,3.5121
7791,3.5121
7792,3.5123
7793,3.5123
7794,3.5124
7795,3.5126
7796,3.5126
7797,3.5127
7798,3.5127
7799,3.5129
7800,3.5129
7801,3.5131
7802,3.5132
7803,3.5132
7804,3.5134
7805,3.5134
7806,3.5135
7807,3.5135
7808,3.5137
7809,3.5137
7810,3.5139
7811,3.5139
7812,3.514
7813,3.514
7814,3.5142
7815,3.5142
7816,3.5143
7817,3.5143
7818,3.5145
7819,3.5145
7820,3.5147
7821,3.5147
7822,3.5148
7823,3.5148
7824,3.5148
7825,3.515
7826,3.515
7827,3.5151
7828,3.5151
7829,3.5153
7830,3.5153
7831,3.5155
7832,3.5155
7833,3.5155
7834,3.5156
7835,3.5156
7836,3.5158
7837,3.5158
7838,3.5158
7839,3.5159
7840,3.5159
7841,3.5161
7842,3.5161
7843,3.5161
7844,3.5162
7845,3.5162
7846,3.524
7847,3.5621
7848,3.5661
7849,3.5685
7850,3.5702
7851,3.5716
7852,3.5727
7853,3.5739
7854,3.5748
7855,3.5756
7856,3.5764
7857,3.577
7858,3.5777
7859,3.5783
7860,3.5789
7861,3.5794
7862,3.58
7863,3.5805
7864,3.581
7865,3.5815
7866,3.582
7867,3.5824
7868,3.5829
7869,3.5832
7870,3.5837
7871,3.5842
7872,3.5845
7873,3.585
7874,3.5853
7875,3.5856
7876,3.5861
7877,3.5864
7878,3.5867
7879,3.587
7880,3.5875
7881,3.5878
7882,3.5881
7883,3.5885
7884,3.5888
7885,3.5891
7886,3.5894
7887,3.5897
7888,3.5901
7889,3.5904
7890,3.5907
7891,3.591
7892,3.5913
7893,3.5915
7894,3.5918
7895,3.5921
7896,3.5924
7897,3.5926
7898,3.5929
7899,3.5932
7900,3.5936
7901,3.5937
7902,3.594
7903,3.5943
7904,3.5945
7905,3.5948
7906,3.5951
7907,3.5953
7908,3.5956
7909,3.5958
7910,3.5961
7911,3.5964
7912,3.5966
7913,3.5969
7914,3.597
7915,3.5974
7916,3.5975
7917,3.5977
7918,3.598
7919,3.5982
7920,3.5985
7921,3.5986
7922,3.599
7923,3.5991
7924,3.5993
7925,3.5996
7926,3.5997
7927,3.5999
7928,3.6002
7929,3.6004
7930,3.6007
7931,3.6009
7932,3.601
7933,3.6012
7934,3.6015
7935,3.6017
7936,3.6018
7937,3.6021
7938,3.6023
7939,3.6024
7940,3.6026
7941,3.6029
7942,3.6031
7943,3.6032
7944,3.6034
7945,3.6036
7946,3.6039
7947,3.604
7948,3.6042
7949,3.6044
7950,3.6045
7951,3.6047
7952,3.605
7953,3.6051
7954,3.6053
7955,3.6055
7956,3.6056
7957,3.6058
7958,3.6059
7959,3.6061
7960,3.6064
7961,3.6066
7962,3.6067
7963,3.6069
7964,3.6071
7965,3.6072
7966,3.6074
7967,3.6075
7968,3.6077
7969,3.6078
7970,3.608
7971,3.6082
7972,3.6083
7973,3.6086
7974,3.6088
7975,3.609
7976,3.6091
7977,3.6093
7978,3.6094
7979,3.6096
7980,3.6098
7981,3.6099
7982,3.6101
7983,3.6102
7984,3.6104
7985,3.6105
7986,3.6107
7987,3.6107
7988,3.611
7989,3.6112
7990,3.6112
7991,3.6113
7992,3.6115
7993,3.6117
7994,3.6118
7995,3.612
7996,3.6121
7997,3.6123
7998,3.6125
7999,3.6126
8000,3.6128
8001,3.6129
8002,3.6131
8003,3.6132
8004,3.6134
8005,3.6134
8006,3.6136
8007,3.6137
8008,3.6139
8009,3.614
8010,3.6142
8011,3.6144
8012,3.6145
8013,3.6147
8014,3.6148
8015,3.615
8016,3.6152
8017,3.6152
8018,3.6153
8019,3.6155
8020,3.6156
8021,3.6158
8022,3.6159
8023,3.6161
8024,3.6163
8025,3.6164
8026,3.6164
8027,3.6166
8028,3.6167
8029,3.6169
8030,3.6171
8031,3.6172
8032,3.6174
8033,3.6174
8034,3.6175
8035,3.6177
8036,3.6179
8037,3.618
8038,3.6182
8039,3.6183
8040,3.6185
8041,3.6185
8042,3.6186
8043,3.6188
8044,3.619
8045,3.6191
8046,3.6193
8047,3.6193
8048,3.6194
8049,3.6196
8050,3.6198
8051,3.6199
8052,3.6201
8053,3.6201
8054,3.6202
8055,3.6204
8056,3.6206
8057,3.6207
8058,3.6209
8059,3.6209
8060,3.621
8061,3.6212
8062,3.6213
8063,3.6215
8064,3.6217
8065,3.6217
8066,3.6218
8067,3.622
8068,3.6221
8069,3.6223
8070,3.6225
8071,3.6225
8072,3.6226
8073,3.6228
8074,3.6229
8075,3.6231
8076,3.6231
8077,3.6233
8078,3.6234
8079,3.6236
8080,3.6237
8081,3.6239
8082,3.6239
8083,3.6241
8084,3.6242
8085,3.6244
8086,3.6245
8087,3.6245
8088,3.6247
8089,3.6248
8090,3.625
8091,3.6252
8092,3.6252
8093,3.6253
8094,3.6255
8095,3.6256
8096,3.6258
8097,3.626
8098,3.626
8099,3.6261
8100,3.6263
8101,3.6264
8102,3.6266
8103,3.6266
8104,3.6268
8105,3.6269
8106,3.6271
8107,3.6272
8108,3.6272
8109,3.6274
8110,3.6275
8111,3.6277
8112,3.6279
8113,3.628
8114,3.628
8115,3.6282
8116,3.6283
8117,3.6285
8118,3.6285
8119,3.6287
8120,3.6288
8121,3.629
8122,3.6291
8123,3.6291
8124,3.6293
8125,3.6295
8126,3.6296
8127,3.6298
8128,3.6298
8129,3.6299
8130,3.6301
8131,3.6302
8132,3.6304
8133,3.6304
8134,3.6306
8135,3.6307
8136,3.6309
8137,3.631
8138,3.631
8139,3.6312
8140,3.6314
8141,3.6315
8142,3.6317
8143,3.6317
8144,3.6318
8145,3.632
8146,3.6322
8147,3.6323
8148,3.6323
8149,3.6325
8150,3.6326
8151,3.6328
8152,3.6328
8153,3.6329
8154,3.6331
8155,3.6333
8156,3.6334
8157,3.6334
8158,3.6336
8159,3.6337
8160,3.6339
8161,3.6341
8162,3.6341
8163,3.6342
8164,3.6344
8165,3.6345
8166,3.6347
8167,3.6347
8168,3.6349
8169,3.635
8170,3.6352
8171,3.6353
8172,3.6353
8173,3.6355
8174,3.6356
8175,3.6358
8176,3.6358
8177,3.636
8178,3.6361
8179,3.6363
8180,3.6364
8181,3.6364
8182,3.6366
8183,3.6368
8184,3.6369
8185,3.6369
8186,3.6371
8187,3.6372
8188,3.6374
8189,3.6376
8190,3.6376
8191,3.6377
8192,3.6379
8193,3.638
8194,3.6382
8195,3.6382
8196,3.6383
8197,3.6385
8198,3.6387
8199,3.6387
8200,3.6388
8201,3.639
8202,3.6391
8203,3.6393
8204,3.6393
8205,3.6395
8206,3.6396
8207,3.6398
8208,3.6398
8209,3.6399
8210,3.6401
8211,3.6403
8212,3.6404
8213,3.6404
8214,3.6406
8215,3.6407
8216,3.6407
8217,3.6409
8218,3.641
8219,3.6412
8220,3.6414
8221,3.6415
8222,3.6415
8223,3.6417
8224,3.6418
8225,3.642
8226,3.642
8227,3.6422
8228,3.6423
8229,3.6425
8230,3.6425
8231,3.6426
8232,3.6428
8233,3.643
8234,3.643
8235,3.6431
8236,3.6433
8237,3.6434
8238,3.6436
8239,3.6436
8240,3.6437
8241,3.6439
8242,3.6441
8243,3.6441
8244,3.6442
8245,3.6444
8246,3.6445
8247,3.6445
8248,3.6447
8249,3.6449
8250,3.645
8251,3.645
8252,3.6452
8253,3.6453
8254,3.6455
8255,3.6455
8256,3.6457
8257,3.6458
8258,3.646
8259,3.646
8260,3.6461
8261,3.6463
8262,3.6464
8263,3.6466
8264,3.6466
8265,3.6468
8266,3.6469
8267,3.6469
8268,3.6471
8269,3.6472
8270,3.6474
8271,3.6476
8272,3.6476
8273,3.6477
8274,3.6479
8275,3.648
8276,3.648
8277,3.6482
8278,3.6484
8279,3.6485
8280,3.6485
8281,3.6487
8282,3.6488
8283,3.649
8284,3.649
8285,3.6491
8286,3.6493
8287,3.6495
8288,3.6495
8289,3.6496
8290,3.6498
8291,3.6499
8292,3.6499
8293,3.6501
8294,3.6503
8295,3.6504
8296,3.6504
8297,3.6506
8298,3.6507
8299,3.6509
8300,3.6509
8301,3.6511
8302,3.6512
8303,3.6514
8304,3.6514
8305,3.6515
8306,3.6517
8307,3.6518
8308,3.6518
8309,3.652
8310,3.6522
8311,3.6522
8312,3.6523
8313,3.6525
8314,3.6526
8315,3.6528
8316,3.6528
8317,3.653
8318,3.6531
8319,3.6533
8320,3.6533
8321,3.6534
8322,3.6536
8323,3.6536
8324,3.6538
8325,3.6539
8326,3.6541
8327,3.6541
8328,3.6542
8329,3.6544
8330,3.6546
8331,3.6546
8332,3.6547
8333,3.6549
8334,3.655
8335,3.655
8336,3.6552
8337,3.6553
8338,3.6555
8339,3.6555
8340,3.6557
8341,3.6558
8342,3.656
8343,3.656
8344,3.6561
8345,3.6563
8346,3.6565
8347,3.6565
8348,3.6566
8349,3.6568
8350,3.6568
8351,3.6569
8352,3.6571
8353,3.6573
8354,3.6573
8355,3.6574
8356,3.6576
8357,3.6577
8358,3.6577
8359,3.6579
8360,3.658
8361,3.6582
8362,3.6582
8363,3.6584
8364,3.6585
8365,3.6585
8366,3.6587
8367,3.6588
8368,3.6588
8369,3.659
8370,3.6592
8371,3.6593
8372,3.6595
8373,3.6595
8374,3.6596
8375,3.6598
8376,3.6598
8377,3.66
8378,3.6601
8379,3.6603
8380,3.6603
8381,3.6604
8382,3.6606
8383,3.6607
8384,3.6607
8385,3.6609
8386,3.6611
8387,3.6612
8388,3.6612
8389,3.6614
8390,3.6615
8391,3.6617
8392,3.6617
8393,3.6619
8394,3.662
8395,3.662
8396,3.6622
8397,3.6623
8398,3.6625
8399,3.6625
8400,3.6627
8401,3.6628
8402,3.663
8403,3.663
8404,3.6631
8405,3.6633
8406,3.6633
8407,3.6634
8408,3.6636
8409,3.6638
8410,3.6638
8411,3.6639
8412,3.6641
8413,3.6642
8414,3.6642
8415,3.6644
8416,3.6646
8417,3.6646
8418,3.6647
8419,3.6649
8420,3.665
8421,3.665
8422,3.6652
8423,3.6654
8424,3.6655
8425,3.6655
8426,3.6657
8427,3.6658
8428,3.6658
8429,3.666
8430,3.6661
8431,3.6663
8432,3.6663
8433,3.6665
8434,3.6666
8435,3.6666
8436,3.6668
8437,3.6669
8438,3.6671
8439,3.6671
8440,3.6673
8441,3.6674
8442,3.6676
8443,3.6676
8444,3.6677
8445,3.6679
8446,3.6679
8447,3.6681
8448,3.6682
8449,3.6684
8450,3.6684
8451,3.6685
8452,3.6687
8453,3.6687
8454,3.6688
8455,3.669
8456,3.6692
8457,3.6692
8458,3.6693
8459,3.6695
8460,3.6696
8461,3.6696
8462,3.6698
8463,3.67
8464,3.67
8465,3.6701
8466,3.6703
8467,3.6704
8468,3.6704
8469,3.6706
8470,3.6708
8471,3.6708
8472,3.6709
8473,3.6711
8474,3.6712
8475,3.6712
8476,3.6714
8477,3.6715
8478,3.6715
8479,3.6717
8480,3.6719
8481,3.672
8482,3.672
8483,3.6722
8484,3.6723
8485,3.6723
8486,3.6725
8487,3.6727
8488,3.6728
8489,3.6728
8490,3.673
8491,3.6731
8492,3.6733
8493,3.6733
8494,3.6735
8495,3.6736
8496,3.6736
8497,3.6738
8498,3.6739
8499,3.6739
8500,3.6741
8501,3.6742
8502,3.6744
8503,3.6744
8504,3.6746
8505,3.6747
8506,3.6749
8507,3.6749
8508,3.675
8509,3.6752
8510,3.6754
8511,3.6754
8512,3.6755
8513,3.6757
8514,3.6758
8515,3.6758
8516,3.676
8517,3.676
8518,3.6762
8519,3.6763
8520,3.6765
8521,3.6766
8522,3.6766
8523,3.6768
8524,3.6769
8525,3.6769
8526,3.6771
8527,3.6773
8528,3.6774
8529,3.6774
8530,3.6776
8531,3.6777
8532,3.6779
8533,3.6779
8534,3.6781
8535,3.6782
8536,3.6782
8537,3.6784
8538,3.6785
8539,3.6787
8540,3.6787
8541,3.6789
8542,3.679
8543,3.6792
8544,3.6792
8545,3.6793
8546,3.6795
8547,3.6796
8548,3.6796
8549,3.6798
8550,3.68
8551,3.6801
8552,3.6801
8553,3.6803
8554,3.6804
8555,3.6804
8556,3.6806
8557,3.6808
8558,3.6809
8559,3.6809
8560,3.6811
8561,3.6812
8562,3.6814
8563,3.6814
8564,3.6816
8565,3.6817
8566,3.6819
8567,3.6819
8568,3.682
8569,3.6822
8570,3.6823
8571,3.6823
8572,3.6825
8573,3.6827
8574,3.6828
8575,3.6828
8576,3.683
8577,3.6831
8578,3.6833
8579,3.6833
8580,3.6835
8581,3.6836
8582,3.6838
8583,3.6838
8584,3.6839
8585,3.6841
8586,3.6843
8587,3.6843
8588,3.6844
8589,3.6846
8590,3.6847
8591,3.6849
8592,3.6849
8593,3.6851
8594,3.6852
8595,3.6854
8596,3.6854
8597,3.6855
8598,3.6857
8599,3.6858
8600,3.6858
8601,3.686
8602,3.6862
8603,3.6863
8604,3.6863
8605,3.6865
8606,3.6866
8607,3.6868
8608,3.687
8609,3.687
8610,3.6871
8611,3.6873
8612,3.6874
8613,3.6874
8614,3.6876
8615,3.6878
8616,3.6879
8617,3.6879
8618,3.6881
8619,3.6882
8620,3.6884
8621,3.6884
8622,3.6885
8623,3.6887
8624,3.6889
8625,3.689
8626,3.6892
8627,3.6892
8628,3.6893
8629,3.6895
8630,3.6897
8631,3.6898
8632,3.6898
8633,3.69
8634,3.6901
8635,3.6903
8636,3.6905
8637,3.6905
8638,3.6906
8639,3.6908
8640,3.6909
8641,3.6911
8642,3.6911
8643,3.6912
8644,3.6914
8645,3.6916
8646,3.6917
8647,3.6917
8648,3.6919
8649,3.692
8650,3.6922
8651,3.6924
8652,3.6924
8653,3.6925
8654,3.6927
8655,3.6928
8656,3.693
8657,3.6932
8658,3.6932
8659,3.6933
8660,3.6935
8661,3.6936
8662,3.6938
8663,3.6938
8664,3.6939
8665,3.6941
8666,3.6943
8667,3.6944
8668,3.6946
8669,3.6947
8670,3.6947
8671,3.6949
8672,3.6951
8673,3.6952
8674,3.6954
8675,3.6955
8676,3.6955
8677,3.6957
8678,3.6959
8679,3.696
8680,3.6962
8681,3.6963
8682,3.6963
8683,3.6965
8684,3.6966
8685,3.6968
8686,3.697
8687,3.6971
8688,3.6973
8689,3.6973
8690,3.6974
8691,3.6976
8692,3.6978
8693,3.6979
8694,3.6981
8695,3.6982
8696,3.6982
8697,3.6984
8698,3.6986
8699,3.6987
8700,3.6989
8701,3.699
8702,3.6992
8703,3.6993
8704,3.6993
8705,3.6995
8706,3.6997
8707,3.6998
8708,3.7
8709,3.7001
8710,3.7003
8711,3.7005
8712,3.7005
8713,3.7006
8714,3.7008
8715,3.7009
8716,3.7011
8717,3.7013
8718,3.7014
8719,3.7016
8720,3.7017
8721,3.7019
8722,3.7019
8723,3.702
8724,3.7022
8725,3.7024
8726,3.7025
8727,3.7027
8728,3.7028
8729,3.703
8730,3.703
8731,3.7032
8732,3.7033
8733,3.7035
8734,3.7036
8735,3.7038
8736,3.704
8737,3.7041
8738,3.7043
8739,3.7044
8740,3.7046
8741,3.7046
8742,3.7049
8743,3.7049
8744,3.7051
8745,3.7052
8746,3.7054
8747,3.7055
8748,3.7057
8749,3.7059
8750,3.706
8751,3.7062
8752,3.7063
8753,3.7065
8754,3.7067
8755,3.7067
8756,3.7068
8757,3.707
8758,3.7071
8759,3.7073
8760,3.7074
8761,3.7076
8762,3.7078
8763,3.7079
8764,3.7081
8765,3.7082
8766,3.7084
8767,3.7086
8768,3.7087
8769,3.7089
8770,3.709
8771,3.709
8772,3.7092
8773,3.7094
8774,3.7095
8775,3.7097
8776,3.7098
8777,3.71
8778,3.7101
8779,3.7103
8780,3.7105
8781,3.7106
8782,3.7106
8783,3.7108
8784,3.7109
8785,3.7108
8786,3.7108
8787,3.7108
8788,3.7108
8789,3.7108
8790,3.7108
8791,3.7108
8792,3.7108
8793,3.7108
8794,3.7108
8795,3.7108
8796,3.7108
8797,3.7108
8798,3.7108
8799,3.7108
8800,3.7108
8801,3.7108
8802,3.7108
8803,3.7108
8804,3.7108
8805,3.7108
8806,3.7108
8807,3.7108
8808,3.7106
8809,3.7108
8810,3.7108
8811,3.7108
8812,3.7108
8813,3.7108
8814,3.7108
8815,3.7108
8816,3.7108
8817,3.7108
8818,3.7108
8819,3.7108
8820,3.7108
8821,3.7094
8822,3.7085
8823,3.7081
8824,3.708
8825,3.7078
8826,3.7077
8827,3.7075
8828,3.7074
8829,3.7072
8830,3.7072
8831,3.707
8832,3.707
8833,3.707
8834,3.7069
8835,3.7069
8836,3.7069
8837,3.7067
8838,3.7067
8839,3.7067
8840,3.7066
8841,3.7066
8842,3.7066
8843,3.7066
8844,3.7066
8845,3.7064
8846,3.7064
8847,3.7064
8848,3.7064
8849,3.7064
8850,3.7062
8851,3.7062
8852,3.7062
8853,3.7062
8854,3.7062
8855,3.7062
8856,3.7062
8857,3.7062
8858,3.7061
8859,3.7061
8860,3.7061
8861,3.7061
8862,3.7061
8863,3.7061
8864,3.7061
8865,3.7061
8866,3.7061
8867,3.7061
8868,3.7061
8869,3.7061
8870,3.7061
8871,3.7061
8872,3.7059
8873,3.7059
8874,3.7059
8875,3.7059
8876,3.7059
8877,3.7059
8878,3.7059
8879,3.7059
8880,3.7059
8881,3.7059
8882,3.7059
8883,3.7059
8884,3.7059
8885,3.7059
8886,3.7059
8887,3.7059
8888,3.7059
8889,3.7059
8890,3.7059
8891,3.7059
8892,3.7059
8893,3.7059
8894,3.7058
8895,3.7059
8896,3.7058
8897,3.7058
8898,3.7058
8899,3.7058
8900,3.7058
8901,3.7058
8902,3.7058
8903,3.7058
8904,3.7058
8905,3.7058
8906,3.7058
8907,3.7058
8908,3.7058
8909,3.7058
8910,3.7058
8911,3.7058
8912,3.7058
8913,3.7058
8914,3.7058
8915,3.7058
8916,3.7058
8917,3.7058
8918,3.7058
8919,3.7058
8920,3.7058
8921,3.7058
8922,3.7058
8923,3.7058
8924,3.7058
8925,3.7058
8926,3.7058
8927,3.7058
8928,3.7058
8929,3.7058
8930,3.7058
8931,3.7058
8932,3.7058
8933,3.7058
8934,3.7058
8935,3.7058
8936,3.7058
8937,3.7058
8938,3.7058
8939,3.7058
8940,3.7058
8941,3.7058
8942,3.7058
8943,3.7058
8944,3.7058
8945,3.7058
8946,3.7056
8947,3.7058
8948,3.7056
8949,3.7058
8950,3.7058
8951,3.7056
8952,3.7056
8953,3.7056
8954,3.7056
8955,3.7056
8956,3.7056
8957,3.7056
8958,3.7056
8959,3.7056
8960,3.7056
8961,3.7056
8962,3.7056
8963,3.7056
8964,3.7056
8965,3.7056
8966,3.7056
8967,3.7056
8968,3.7056
8969,3.7056
8970,3.7056
8971,3.7056
8972,3.7056
8973,3.7056
8974,3.7056
8975,3.7056
8976,3.7056
8977,3.7056
8978,3.7056
8979,3.7056
8980,3.7056
8981,3.7056
8982,3.7056
8983,3.7056
8984,3.7056
8985,3.7056
8986,3.7056
8987,3.7056
8988,3.7056
8989,3.7056
8990,3.7056
8991,3.7056
8992,3.7056
8993,3.7056
8994,3.7056
8995,3.7056
8996,3.7056
8997,3.7056
8998,3.7056
8999,3.7056
9000,3.7056
9001,3.7056
