,voltage
0,3.4185
1,3.4185
2,3.4185
3,3.4185
4,3.4185
5,3.4185
6,3.4185
7,3.4185
8,3.4185
9,3.4185
10,3.4185
11,3.4185
12,3.4185
13,3.4185
14,3.4185
15,3.4185
16,3.4185
17,3.4185
18,3.4185
19,3.4185
20,3.4185
21,3.4185
22,3.4185
23,3.4185
24,3.4185
25,3.4185
26,3.4185
27,3.4185
28,3.4185
29,3.4185
30,3.4185
31,3.4185
32,3.4185
33,3.4185
34,3.4185
35,3.4185
36,3.4185
37,3.4185
38,3.4185
39,3.4185
40,3.4187
41,3.4185
42,3.4187
43,3.4187
44,3.4187
45,3.4187
46,3.4187
47,3.4185
48,3.4187
49,3.4187
50,3.4187
51,3.4185
52,3.4187
53,3.4187
54,3.4185
55,3.4185
56,3.4185
57,3.4185
58,3.4187
59,3.4185
60,3.4187
61,3.5409
62,3.642
63,3.6526
64,3.6477
65,3.6442
66,3.6417
67,3.6399
68,3.6385
69,3.6372
70,3.6363
71,3.6355
72,3.6348
73,3.6342
74,3.6337
75,3.6332
76,3.6329
77,3.6328
78,3.6325
79,3.6323
80,3.6321
81,3.632
82,3.6318
83,3.6318
84,3.6318
85,3.6318
86,3.6318
87,3.6318
88,3.6318
89,3.632
90,3.632
91,3.6321
92,3.6321
93,3.6323
94,3.6325
95,3.6326
96,3.6326
97,3.6328
98,3.6329
99,3.6331
100,3.6332
101,3.6334
102,3.6337
103,3.6339
104,3.634
105,3.6342
106,3.6344
107,3.6345
108,3.6348
109,3.635
110,3.6352
111,3.6353
112,3.6356
113,3.6358
114,3.636
115,3.6363
116,3.6364
117,3.6366
118,3.6369
119,3.6371
120,3.6372
121,3.6374
122,3.6377
123,3.6379
124,3.6382
125,3.6383
126,3.6385
127,3.6388
128,3.639
129,3.6391
130,3.6394
131,3.6396
132,3.6398
133,3.6399
134,3.6402
135,3.6404
136,3.6406
137,3.6409
138,3.641
139,3.6412
140,3.6414
141,3.6417
142,3.6418
143,3.642
144,3.6421
145,3.6425
146,3.6426
147,3.6428
148,3.6429
149,3.6431
150,3.6434
151,3.6436
152,3.6437
153,3.6439
154,3.6441
155,3.6442
156,3.6445
157,3.6447
158,3.6448
159,3.645
160,3.6452
161,3.6453
162,3.6455
163,3.6456
164,3.6458
165,3.646
166,3.6461
167,3.6463
168,3.6466
169,3.6466
170,3.6468
171,3.6471
172,3.6472
173,3.6474
174,3.6475
175,3.6477
176,3.6479
177,3.6479
178,3.6482
179,3.6482
180,3.6483
181,3.6485
182,3.6487
183,3.6488
184,3.649
185,3.6491
186,3.6493
187,3.6495
188,3.6496
189,3.6498
190,3.6499
191,3.6501
192,3.6501
193,3.6502
194,3.6504
195,3.6506
196,3.6507
197,3.6509
198,3.6509
199,3.651
200,3.6512
201,3.6514
202,3.6515
203,3.6517
204,3.6517
205,3.6518
206,3.652
207,3.6522
208,3.6522
209,3.6523
210,3.6525
211,3.6526
212,3.6526
213,3.6528
214,3.6529
215,3.6531
216,3.6531
217,3.6533
218,3.6534
219,3.6536
220,3.6536
221,3.6537
222,3.6539
223,3.6539
224,3.6541
225,3.6542
226,3.6544
227,3.6544
228,3.6545
229,3.6547
230,3.6547
231,3.6549
232,3.655
233,3.655
234,3.6552
235,3.6553
236,3.6553
237,3.6555
238,3.6557
239,3.6557
240,3.6558
241,3.656
242,3.656
243,3.6561
244,3.6561
245,3.6563
246,3.6564
247,3.6564
248,3.6566
249,3.6568
250,3.6568
251,3.6569
252,3.6569
253,3.6571
254,3.6571
255,3.6572
256,3.6574
257,3.6574
258,3.6576
259,3.6576
260,3.6577
261,3.6577
262,3.6579
263,3.658
264,3.658
265,3.6582
266,3.6582
267,3.6584
268,3.6584
269,3.6585
270,3.6585
271,3.6587
272,3.6588
273,3.6588
274,3.659
275,3.659
276,3.6591
277,3.6591
278,3.6593
279,3.6593
280,3.6595
281,3.6595
282,3.6596
283,3.6596
284,3.6598
285,3.6598
286,3.6599
287,3.6599
288,3.6601
289,3.6601
290,3.6603
291,3.6603
292,3.6604
293,3.6604
294,3.6606
295,3.6606
296,3.6607
297,3.6607
298,3.6609
299,3.6609
300,3.6611
301,3.6611
302,3.6612
303,3.6612
304,3.6614
305,3.6614
306,3.6615
307,3.6615
308,3.6617
309,3.6617
310,3.6618
311,3.6618
312,3.662
313,3.662
314,3.662
315,3.6622
316,3.6622
317,3.6623
318,3.6623
319,3.6625
320,3.6625
321,3.6626
322,3.6626
323,3.6628
324,3.6628
325,3.663
326,3.663
327,3.6631
328,3.6631
329,3.6631
330,3.6633
331,3.6633
332,3.6634
333,3.6634
334,3.6636
335,3.6636
336,3.6638
337,3.6638
338,3.6639
339,3.6639
340,3.6641
341,3.6641
342,3.6641
343,3.6642
344,3.6642
345,3.6644
346,3.6644
347,3.6645
348,3.6645
349,3.6645
350,3.6647
351,3.6647
352,3.6649
353,3.6649
354,3.665
355,3.665
356,3.6652
357,3.6652
358,3.6652
359,3.6653
360,3.6653
361,3.6655
362,3.6655
363,3.6657
364,3.6657
365,3.6657
366,3.6658
367,3.6658
368,3.666
369,3.666
370,3.6661
371,3.6661
372,3.6661
373,3.6663
374,3.6663
375,3.6665
376,3.6665
377,3.6666
378,3.6666
379,3.6666
380,3.6668
381,3.6668
382,3.6669
383,3.6669
384,3.6671
385,3.6671
386,3.6671
387,3.6672
388,3.6672
389,3.6674
390,3.6674
391,3.6674
392,3.6676
393,3.6676
394,3.6677
395,3.6677
396,3.6677
397,3.6679
398,3.6679
399,3.668
400,3.668
401,3.6682
402,3.6682
403,3.6682
404,3.6684
405,3.6684
406,3.6685
407,3.6685
408,3.6685
409,3.6687
410,3.6687
411,3.6688
412,3.6688
413,3.669
414,3.669
415,3.669
416,3.6692
417,3.6692
418,3.6693
419,3.6693
420,3.6693
421,3.6695
422,3.6695
423,3.6696
424,3.6696
425,3.6696
426,3.6698
427,3.6698
428,3.6699
429,3.6699
430,3.6699
431,3.6701
432,3.6701
433,3.6703
434,3.6703
435,3.6704
436,3.6704
437,3.6704
438,3.6706
439,3.6706
440,3.6706
441,3.6707
442,3.6707
443,3.6709
444,3.6709
445,3.6711
446,3.6711
447,3.6711
448,3.6712
449,3.6712
450,3.6714
451,3.6714
452,3.6714
453,3.6715
454,3.6715
455,3.6717
456,3.6717
457,3.6717
458,3.6719
459,3.6719
460,3.6719
461,3.672
462,3.672
463,3.6722
464,3.6722
465,3.6722
466,3.6723
467,3.6723
468,3.6725
469,3.6725
470,3.6725
471,3.6726
472,3.6726
473,3.6728
474,3.6728
475,3.6728
476,3.673
477,3.673
478,3.673
479,3.6731
480,3.6731
481,3.6733
482,3.6733
483,3.6733
484,3.6734
485,3.6734
486,3.6736
487,3.6736
488,3.6736
489,3.6738
490,3.6738
491,3.6738
492,3.6739
493,3.6739
494,3.6741
495,3.6741
496,3.6741
497,3.6742
498,3.6742
499,3.6744
500,3.6744
501,3.6744
502,3.6746
503,3.6746
504,3.6747
505,3.6747
506,3.6747
507,3.6749
508,3.6749
509,3.675
510,3.675
511,3.675
512,3.6752
513,3.6752
514,3.6754
515,3.6754
516,3.6754
517,3.6755
518,3.6755
519,3.6755
520,3.6757
521,3.6757
522,3.6758
523,3.6758
524,3.6758
525,3.676
526,3.676
527,3.6761
528,3.6761
529,3.6761
530,3.6763
531,3.6763
532,3.6763
533,3.6765
534,3.6765
535,3.6766
536,3.6766
537,3.6766
538,3.6768
539,3.6768
540,3.6769
541,3.6769
542,3.6769
543,3.6771
544,3.6771
545,3.6771
546,3.6773
547,3.6773
548,3.6774
549,3.6774
550,3.6774
551,3.6776
552,3.6776
553,3.6777
554,3.6777
555,3.6777
556,3.6779
557,3.6779
558,3.6779
559,3.6781
560,3.6781
561,3.6782
562,3.6782
563,3.6782
564,3.6784
565,3.6784
566,3.6785
567,3.6785
568,3.6785
569,3.6787
570,3.6787
571,3.6787
572,3.6788
573,3.6788
574,3.679
575,3.679
576,3.679
577,3.6792
578,3.6792
579,3.6793
580,3.6793
581,3.6793
582,3.6795
583,3.6795
584,3.6796
585,3.6796
586,3.6796
587,3.6798
588,3.6798
589,3.6798
590,3.68
591,3.68
592,3.6801
593,3.6801
594,3.6801
595,3.6803
596,3.6803
597,3.6804
598,3.6804
599,3.6804
600,3.6806
601,3.6806
602,3.6806
603,3.6808
604,3.6808
605,3.6809
606,3.6809
607,3.6809
608,3.6811
609,3.6811
610,3.6812
611,3.6812
612,3.6812
613,3.6814
614,3.6814
615,3.6815
616,3.6815
617,3.6815
618,3.6817
619,3.6817
620,3.6819
621,3.6819
622,3.6819
623,3.682
624,3.682
625,3.682
626,3.6822
627,3.6822
628,3.6823
629,3.6823
630,3.6823
631,3.6825
632,3.6825
633,3.6827
634,3.6827
635,3.6827
636,3.6828
637,3.6828
638,3.683
639,3.683
640,3.683
641,3.6831
642,3.6831
643,3.6833
644,3.6833
645,3.6833
646,3.6835
647,3.6835
648,3.6835
649,3.6836
650,3.6836
651,3.6838
652,3.6838
653,3.6838
654,3.6839
655,3.6839
656,3.6841
657,3.6841
658,3.6841
659,3.6842
660,3.6842
661,3.6842
662,3.6844
663,3.6844
664,3.6846
665,3.6846
666,3.6847
667,3.6847
668,3.6847
669,3.6849
670,3.6849
671,3.685
672,3.685
673,3.685
674,3.6852
675,3.6852
676,3.6852
677,3.6854
678,3.6854
679,3.6855
680,3.6855
681,3.6857
682,3.6857
683,3.6857
684,3.6858
685,3.6858
686,3.6858
687,3.686
688,3.686
689,3.6862
690,3.6862
691,3.6862
692,3.6863
693,3.6863
694,3.6865
695,3.6865
696,3.6866
697,3.6866
698,3.6866
699,3.6868
700,3.6868
701,3.6868
702,3.6869
703,3.6869
704,3.6871
705,3.6871
706,3.6873
707,3.6873
708,3.6873
709,3.6874
710,3.6874
711,3.6874
712,3.6876
713,3.6876
714,3.6877
715,3.6877
716,3.6877
717,3.6879
718,3.6879
719,3.6881
720,3.6881
721,3.6882
722,3.6882
723,3.6882
724,3.6884
725,3.6884
726,3.6884
727,3.6885
728,3.6885
729,3.6887
730,3.6887
731,3.6887
732,3.6889
733,3.6889
734,3.689
735,3.689
736,3.6892
737,3.6892
738,3.6892
739,3.6893
740,3.6893
741,3.6893
742,3.6895
743,3.6895
744,3.6896
745,3.6896
746,3.6898
747,3.6898
748,3.6898
749,3.69
750,3.69
751,3.6901
752,3.6901
753,3.6901
754,3.6903
755,3.6903
756,3.6904
757,3.6904
758,3.6904
759,3.6906
760,3.6906
761,3.6908
762,3.6908
763,3.6909
764,3.6909
765,3.6909
766,3.6911
767,3.6911
768,3.6912
769,3.6912
770,3.6912
771,3.6914
772,3.6914
773,3.6916
774,3.6916
775,3.6916
776,3.6917
777,3.6917
778,3.6919
779,3.6919
780,3.692
781,3.692
782,3.692
783,3.6922
784,3.6922
785,3.6923
786,3.6923
787,3.6925
788,3.6925
789,3.6925
790,3.6927
791,3.6927
792,3.6928
793,3.6928
794,3.693
795,3.693
796,3.693
797,3.6931
798,3.6931
799,3.6933
800,3.6933
801,3.6933
802,3.6935
803,3.6935
804,3.6936
805,3.6936
806,3.6936
807,3.6938
808,3.6938
809,3.6939
810,3.6939
811,3.6941
812,3.6941
813,3.6941
814,3.6943
815,3.6943
816,3.6944
817,3.6944
818,3.6944
819,3.6946
820,3.6946
821,3.6947
822,3.6947
823,3.6949
824,3.6949
825,3.695
826,3.695
827,3.695
828,3.6952
829,3.6952
830,3.6954
831,3.6954
832,3.6955
833,3.6955
834,3.6955
835,3.6957
836,3.6957
837,3.6958
838,3.6958
839,3.696
840,3.696
841,3.696
842,3.6962
843,3.6962
844,3.6963
845,3.6963
846,3.6965
847,3.6965
848,3.6965
849,3.6966
850,3.6966
851,3.6968
852,3.6968
853,3.697
854,3.697
855,3.697
856,3.6971
857,3.6971
858,3.6973
859,3.6973
860,3.6974
861,3.6974
862,3.6976
863,3.6976
864,3.6976
865,3.6978
866,3.6978
867,3.6979
868,3.6979
869,3.6981
870,3.6981
871,3.6981
872,3.6982
873,3.6982
874,3.6984
875,3.6984
876,3.6985
877,3.6985
878,3.6987
879,3.6987
880,3.6989
881,3.6989
882,3.6989
883,3.699
884,3.699
885,3.6992
886,3.6992
887,3.6992
888,3.6993
889,3.6993
890,3.6995
891,3.6995
892,3.6997
893,3.6997
894,3.6998
895,3.6998
896,3.7
897,3.7
898,3.7001
899,3.7001
900,3.7001
901,3.7003
902,3.7003
903,3.7005
904,3.7005
905,3.7006
906,3.7006
907,3.7008
908,3.7008
909,3.7008
910,3.7009
911,3.7009
912,3.7011
913,3.7011
914,3.7012
915,3.7012
916,3.7014
917,3.7014
918,3.7014
919,3.7016
920,3.7016
921,3.7017
922,3.7017
923,3.7019
924,3.7019
925,3.702
926,3.702
927,3.7022
928,3.7022
929,3.7022
930,3.7024
931,3.7024
932,3.7025
933,3.7025
934,3.7027
935,3.7027
936,3.7028
937,3.7028
938,3.7028
939,3.703
940,3.703
941,3.7032
942,3.7032
943,3.7033
944,3.7033
945,3.7035
946,3.7035
947,3.7036
948,3.7036
949,3.7038
950,3.7038
951,3.7038
952,3.7039
953,3.7039
954,3.7041
955,3.7041
956,3.7043
957,3.7043
958,3.7044
959,3.7044
960,3.7046
961,3.7046
962,3.7047
963,3.7047
964,3.7047
965,3.7049
966,3.7049
967,3.7051
968,3.7051
969,3.7052
970,3.7052
971,3.7054
972,3.7054
973,3.7055
974,3.7055
975,3.7057
976,3.7057
977,3.7059
978,3.7059
979,3.7059
980,3.706
981,3.706
982,3.7062
983,3.7062
984,3.7063
985,3.7063
986,3.7065
987,3.7065
988,3.7066
989,3.7066
990,3.7068
991,3.7068
992,3.707
993,3.707
994,3.707
995,3.7071
996,3.7071
997,3.7073
998,3.7073
999,3.7074
1000,3.7074
1001,3.7076
1002,3.7076
1003,3.7078
1004,3.7078
1005,3.7079
1006,3.7079
1007,3.7081
1008,3.7081
1009,3.7082
1010,3.7082
1011,3.7082
1012,3.7084
1013,3.7084
1014,3.7086
1015,3.7086
1016,3.7087
1017,3.7087
1018,3.7089
1019,3.7089
1020,3.709
1021,3.709
1022,3.7092
1023,3.7092
1024,3.7093
1025,3.7093
1026,3.7095
1027,3.7095
1028,3.7097
1029,3.7097
1030,3.7097
1031,3.7098
1032,3.7098
1033,3.71
1034,3.71
1035,3.7101
1036,3.7101
1037,3.7103
1038,3.7103
1039,3.7105
1040,3.7105
1041,3.7106
1042,3.7106
1043,3.7108
1044,3.7108
1045,3.7109
1046,3.7109
1047,3.7109
1048,3.7111
1049,3.7113
1050,3.7113
1051,3.7114
1052,3.7114
1053,3.7116
1054,3.7116
1055,3.7116
1056,3.7117
1057,3.7119
1058,3.7119
1059,3.7119
1060,3.712
1061,3.712
1062,3.7122
1063,3.7122
1064,3.7124
1065,3.7124
1066,3.7125
1067,3.7125
1068,3.7127
1069,3.7127
1070,3.7128
1071,3.7128
1072,3.713
1073,3.713
1074,3.7132
1075,3.7132
1076,3.7133
1077,3.7133
1078,3.7135
1079,3.7135
1080,3.7136
1081,3.7136
1082,3.7138
1083,3.7138
1084,3.714
1085,3.714
1086,3.714
1087,3.7141
1088,3.7143
1089,3.7143
1090,3.7143
1091,3.7144
1092,3.7144
1093,3.7146
1094,3.7146
1095,3.7148
1096,3.7148
1097,3.7149
1098,3.7149
1099,3.7151
1100,3.7151
1101,3.7152
1102,3.7152
1103,3.7154
1104,3.7154
1105,3.7155
1106,3.7155
1107,3.7157
1108,3.7157
1109,3.7159
1110,3.7159
1111,3.716
1112,3.716
1113,3.7162
1114,3.7162
1115,3.7163
1116,3.7163
1117,3.7165
1118,3.7165
1119,3.7167
1120,3.7167
1121,3.7168
1122,3.7168
1123,3.717
1124,3.717
1125,3.7171
1126,3.7171
1127,3.7171
1128,3.7173
1129,3.7175
1130,3.7175
1131,3.7176
1132,3.7176
1133,3.7176
1134,3.7178
1135,3.7178
1136,3.7179
1137,3.7181
1138,3.7181
1139,3.7182
1140,3.7182
1141,3.7184
1142,3.7184
1143,3.7186
1144,3.7186
1145,3.7187
1146,3.7187
1147,3.7187
1148,3.7189
1149,3.719
1150,3.719
1151,3.7192
1152,3.7192
1153,3.7194
1154,3.7194
1155,3.7194
1156,3.7195
1157,3.7195
1158,3.7197
1159,3.7198
1160,3.7198
1161,3.7198
1162,3.72
1163,3.7202
1164,3.7202
1165,3.7202
1166,3.7203
1167,3.7203
1168,3.7205
1169,3.7205
1170,3.7206
1171,3.7208
1172,3.7208
1173,3.7208
1174,3.7209
1175,3.7211
1176,3.7211
1177,3.7213
1178,3.7213
1179,3.7213
1180,3.7214
1181,3.7214
1182,3.7216
1183,3.7217
1184,3.7217
1185,3.7217
1186,3.7219
1187,3.7221
1188,3.7221
1189,3.7221
1190,3.7222
1191,3.7224
1192,3.7224
1193,3.7224
1194,3.7225
1195,3.7225
1196,3.7227
1197,3.7227
1198,3.7229
1199,3.7229
1200,3.723
1201,3.723
1202,3.7232
1203,3.7233
1204,3.7233
1205,3.7235
1206,3.7235
1207,3.7236
1208,3.7236
1209,3.7238
1210,3.7238
1211,3.724
1212,3.724
1213,3.7241
1214,3.7241
1215,3.7243
1216,3.7243
1217,3.7244
1218,3.7244
1219,3.7246
1220,3.7246
1221,3.7248
1222,3.7248
1223,3.7249
1224,3.7249
1225,3.7251
1226,3.7251
1227,3.7252
1228,3.7252
1229,3.7254
1230,3.7254
1231,3.7256
1232,3.7256
1233,3.7257
1234,3.7257
1235,3.7259
1236,3.7259
1237,3.726
1238,3.726
1239,3.7262
1240,3.7262
1241,3.7263
1242,3.7263
1243,3.7265
1244,3.7265
1245,3.7267
1246,3.7267
1247,3.7268
1248,3.7268
1249,3.727
1250,3.727
1251,3.7271
1252,3.7271
1253,3.7273
1254,3.7273
1255,3.7275
1256,3.7275
1257,3.7276
1258,3.7276
1259,3.7278
1260,3.7278
1261,3.7279
1262,3.7279
1263,3.7281
1264,3.7281
1265,3.7283
1266,3.7284
1267,3.7284
1268,3.7286
1269,3.7286
1270,3.7286
1271,3.7287
1272,3.7289
1273,3.7289
1274,3.729
1275,3.729
1276,3.7292
1277,3.7292
1278,3.7294
1279,3.7294
1280,3.7295
1281,3.7295
1282,3.7297
1283,3.7297
1284,3.7298
1285,3.7298
1286,3.73
1287,3.73
1288,3.7302
1289,3.7302
1290,3.7303
1291,3.7303
1292,3.7305
1293,3.7305
1294,3.7306
1295,3.7306
1296,3.7308
1297,3.731
1298,3.731
1299,3.7311
1300,3.7311
1301,3.7313
1302,3.7313
1303,3.7314
1304,3.7314
1305,3.7316
1306,3.7316
1307,3.7317
1308,3.7317
1309,3.7319
1310,3.7319
1311,3.7321
1312,3.7321
1313,3.7322
1314,3.7322
1315,3.7324
1316,3.7325
1317,3.7325
1318,3.7325
1319,3.7327
1320,3.7329
1321,3.7329
1322,3.733
1323,3.733
1324,3.7332
1325,3.7332
1326,3.7333
1327,3.7333
1328,3.7335
1329,3.7335
1330,3.7337
1331,3.7337
1332,3.7338
1333,3.734
1334,3.734
1335,3.734
1336,3.7341
1337,3.7343
1338,3.7343
1339,3.7345
1340,3.7345
1341,3.7346
1342,3.7346
1343,3.7348
1344,3.7348
1345,3.7349
1346,3.7349
1347,3.7351
1348,3.7352
1349,3.7352
1350,3.7352
1351,3.7354
1352,3.7356
1353,3.7356
1354,3.7357
1355,3.7357
1356,3.7359
1357,3.7359
1358,3.736
1359,3.736
1360,3.7362
1361,3.7364
1362,3.7364
1363,3.7365
1364,3.7365
1365,3.7367
1366,3.7367
1367,3.7368
1368,3.7368
1369,3.737
1370,3.7372
1371,3.7372
1372,3.7372
1373,3.7373
1374,3.7375
1375,3.7375
1376,3.7376
1377,3.7376
1378,3.7378
1379,3.7378
1380,3.7379
1381,3.7381
1382,3.7381
1383,3.7383
1384,3.7383
1385,3.7384
1386,3.7384
1387,3.7386
1388,3.7386
1389,3.7387
1390,3.7387
1391,3.7389
1392,3.7391
1393,3.7391
1394,3.7392
1395,3.7392
1396,3.7394
1397,3.7395
1398,3.7395
1399,3.7397
1400,3.7397
1401,3.7399
1402,3.7399
1403,3.74
1404,3.74
1405,3.7402
1406,3.7403
1407,3.7403
1408,3.7405
1409,3.7405
1410,3.7406
1411,3.7406
1412,3.7408
1413,3.7408
1414,3.741
1415,3.7411
1416,3.7411
1417,3.7413
1418,3.7413
1419,3.7414
1420,3.7416
1421,3.7416
1422,3.7418
1423,3.7418
1424,3.7419
1425,3.7419
1426,3.7421
1427,3.7422
1428,3.7422
1429,3.7424
1430,3.7424
1431,3.7426
1432,3.7426
1433,3.7427
1434,3.7429
1435,3.7429
1436,3.743
1437,3.743
1438,3.7432
1439,3.7432
1440,3.7433
1441,3.7435
1442,3.7435
1443,3.7437
1444,3.7437
1445,3.7438
1446,3.744
1447,3.744
1448,3.7441
1449,3.7441
1450,3.7443
1451,3.7445
1452,3.7445
1453,3.7446
1454,3.7446
1455,3.7448
1456,3.7449
1457,3.7449
1458,3.7451
1459,3.7451
1460,3.7453
1461,3.7454
1462,3.7454
1463,3.7456
1464,3.7456
1465,3.7457
1466,3.7459
1467,3.7459
1468,3.746
1469,3.746
1470,3.7462
1471,3.7464
1472,3.7464
1473,3.7465
1474,3.7465
1475,3.7467
1476,3.7468
1477,3.7468
1478,3.747
1479,3.7472
1480,3.7472
1481,3.7473
1482,3.7473
1483,3.7475
1484,3.7476
1485,3.7476
1486,3.7478
1487,3.748
1488,3.748
1489,3.7481
1490,3.7481
1491,3.7483
1492,3.7484
1493,3.7484
1494,3.7486
1495,3.7486
1496,3.7487
1497,3.7489
1498,3.7489
1499,3.7491
1500,3.7492
1501,3.7492
1502,3.7494
1503,3.7495
1504,3.7495
1505,3.7497
1506,3.7497
1507,3.7499
1508,3.75
1509,3.75
1510,3.7502
1511,3.7503
1512,3.7503
1513,3.7505
1514,3.7505
1515,3.7507
1516,3.7508
1517,3.751
1518,3.751
1519,3.7511
1520,3.7511
1521,3.7513
1522,3.7514
1523,3.7514
1524,3.7516
1525,3.7518
1526,3.7518
1527,3.7519
1528,3.7521
1529,3.7521
1530,3.7522
1531,3.7524
1532,3.7524
1533,3.7526
1534,3.7527
1535,3.7527
1536,3.7529
1537,3.753
1538,3.753
1539,3.7532
1540,3.7534
1541,3.7534
1542,3.7535
1543,3.7537
1544,3.7537
1545,3.7538
1546,3.754
1547,3.754
1548,3.7541
1549,3.7543
1550,3.7543
1551,3.7545
1552,3.7546
1553,3.7546
1554,3.7548
1555,3.7549
1556,3.7549
1557,3.7551
1558,3.7553
1559,3.7553
1560,3.7554
1561,3.7556
1562,3.7556
1563,3.7557
1564,3.7559
1565,3.7561
1566,3.7561
1567,3.7562
1568,3.7564
1569,3.7564
1570,3.7565
1571,3.7567
1572,3.7567
1573,3.7569
1574,3.757
1575,3.7572
1576,3.7572
1577,3.7573
1578,3.7573
1579,3.7575
1580,3.7576
1581,3.7578
1582,3.7578
1583,3.758
1584,3.7581
1585,3.7581
1586,3.7583
1587,3.7584
1588,3.7586
1589,3.7586
1590,3.7588
1591,3.7589
1592,3.7589
1593,3.7591
1594,3.7592
1595,3.7594
1596,3.7594
1597,3.7596
1598,3.7597
1599,3.7597
1600,3.7599
1601,3.76
1602,3.7602
1603,3.7602
1604,3.7603
1605,3.7605
1606,3.7607
1607,3.7607
1608,3.7608
1609,3.761
1610,3.761
1611,3.7611
1612,3.7613
1613,3.7615
1614,3.7615
1615,3.7616
1616,3.7618
1617,3.7619
1618,3.7619
1619,3.7621
1620,3.7623
1621,3.7624
1622,3.7624
1623,3.7626
1624,3.7627
1625,3.7629
1626,3.7629
1627,3.763
1628,3.7632
1629,3.7634
1630,3.7634
1631,3.7635
1632,3.7637
1633,3.7637
1634,3.7638
1635,3.764
1636,3.7642
1637,3.7643
1638,3.7643
1639,3.7645
1640,3.7646
1641,3.7648
1642,3.7648
1643,3.765
1644,3.7651
1645,3.7653
1646,3.7654
1647,3.7654
1648,3.7656
1649,3.7657
1650,3.7659
1651,3.7659
1652,3.7661
1653,3.7662
1654,3.7664
1655,3.7664
1656,3.7665
1657,3.7667
1658,3.7669
1659,3.767
1660,3.767
1661,3.7672
1662,3.7673
1663,3.7675
1664,3.7675
1665,3.7677
1666,3.7678
1667,3.768
1668,3.7681
1669,3.7681
1670,3.7683
1671,3.7684
1672,3.7686
1673,3.7686
1674,3.7688
1675,3.7689
1676,3.7691
1677,3.7692
1678,3.7694
1679,3.7694
1680,3.7696
1681,3.7697
1682,3.7699
1683,3.77
1684,3.77
1685,3.7702
1686,3.7704
1687,3.7705
1688,3.7707
1689,3.7707
1690,3.7708
1691,3.771
1692,3.7711
1693,3.7713
1694,3.7715
1695,3.7715
1696,3.7716
1697,3.7718
1698,3.7719
1699,3.7721
1700,3.7721
1701,3.7723
1702,3.7724
1703,3.7726
1704,3.7727
1705,3.7727
1706,3.7729
1707,3.7731
1708,3.7732
1709,3.7734
1710,3.7735
1711,3.7737
1712,3.7737
1713,3.7738
1714,3.774
1715,3.7742
1716,3.7743
1717,3.7745
1718,3.7745
1719,3.7746
1720,3.7748
1721,3.775
1722,3.7751
1723,3.7753
1724,3.7753
1725,3.7754
1726,3.7756
1727,3.7758
1728,3.7759
1729,3.7761
1730,3.7761
1731,3.7762
1732,3.7764
1733,3.7765
1734,3.7767
1735,3.7769
1736,3.777
1737,3.7772
1738,3.7772
1739,3.7773
1740,3.7775
1741,3.7777
1742,3.7778
1743,3.778
1744,3.778
1745,3.7781
1746,3.7783
1747,3.7785
1748,3.7786
1749,3.7788
1750,3.7789
1751,3.7791
1752,3.7791
1753,3.7793
1754,3.7794
1755,3.7796
1756,3.7797
1757,3.7799
1758,3.78
1759,3.7802
1760,3.7802
1761,3.7804
1762,3.7805
1763,3.7807
1764,3.7808
1765,3.781
1766,3.7812
1767,3.7813
1768,3.7815
1769,3.7815
1770,3.7816
1771,3.7818
1772,3.782
1773,3.7821
1774,3.7823
1775,3.7824
1776,3.7826
1777,3.7827
1778,3.7827
1779,3.7829
1780,3.7831
1781,3.7832
1782,3.7834
1783,3.7835
1784,3.7837
1785,3.7839
1786,3.784
1787,3.7842
1788,3.7843
1789,3.7843
1790,3.7845
1791,3.7847
1792,3.7848
1793,3.785
1794,3.7851
1795,3.7853
1796,3.7854
1797,3.7856
1798,3.7858
1799,3.7859
1800,3.7861
1801,3.7861
1802,3.7862
1803,3.7864
1804,3.7866
1805,3.7867
1806,3.7869
1807,3.787
1808,3.7872
1809,3.7874
1810,3.7875
1811,3.7877
1812,3.7878
1813,3.788
1814,3.7881
1815,3.7883
1816,3.7883
1817,3.7885
1818,3.7886
1819,3.7888
1820,3.7889
1821,3.7891
1822,3.7893
1823,3.7894
1824,3.7896
1825,3.7897
1826,3.7899
1827,3.7901
1828,3.7902
1829,3.7904
1830,3.7905
1831,3.7907
1832,3.7908
1833,3.791
1834,3.7912
1835,3.7913
1836,3.7915
1837,3.7915
1838,3.7916
1839,3.7918
1840,3.792
1841,3.7921
1842,3.7923
1843,3.7924
1844,3.7926
1845,3.7928
1846,3.7929
1847,3.7931
1848,3.7932
1849,3.7934
1850,3.7935
1851,3.7937
1852,3.7939
1853,3.794
1854,3.7942
1855,3.7943
1856,3.7945
1857,3.7947
1858,3.7948
1859,3.795
1860,3.7951
1861,3.7953
1862,3.7955
1863,3.7956
1864,3.7958
1865,3.7959
1866,3.7961
1867,3.7963
1868,3.7964
1869,3.7966
1870,3.7967
1871,3.7969
1872,3.797
1873,3.7972
1874,3.7974
1875,3.7975
1876,3.7977
1877,3.7978
1878,3.798
1879,3.7982
1880,3.7983
1881,3.7985
1882,3.7986
1883,3.7988
1884,3.799
1885,3.7991
1886,3.7993
1887,3.7994
1888,3.7996
1889,3.7997
1890,3.7999
1891,3.8001
1892,3.8002
1893,3.8004
1894,3.8005
1895,3.8007
1896,3.8009
1897,3.801
1898,3.8012
1899,3.8013
1900,3.8015
1901,3.8017
1902,3.8018
1903,3.802
1904,3.8021
1905,3.8023
1906,3.8024
1907,3.8028
1908,3.8029
1909,3.8031
1910,3.8032
1911,3.8034
1912,3.8036
1913,3.8037
1914,3.8039
1915,3.804
1916,3.8042
1917,3.8044
1918,3.8045
1919,3.8047
1920,3.8048
1921,3.805
1922,3.8051
1923,3.8053
1924,3.8056
1925,3.8058
1926,3.8059
1927,3.8061
1928,3.8063
1929,3.8064
1930,3.8066
1931,3.8067
1932,3.8069
1933,3.8071
1934,3.8072
1935,3.8074
1936,3.8075
1937,3.8077
1938,3.808
1939,3.8082
1940,3.8083
1941,3.8085
1942,3.8086
1943,3.8088
1944,3.809
1945,3.8091
1946,3.8093
1947,3.8094
1948,3.8096
1949,3.8099
1950,3.8101
1951,3.8102
1952,3.8104
1953,3.8105
1954,3.8107
1955,3.8109
1956,3.811
1957,3.8112
1958,3.8115
1959,3.8117
1960,3.8118
1961,3.812
1962,3.8121
1963,3.8123
1964,3.8125
1965,3.8126
1966,3.8128
1967,3.8131
1968,3.8132
1969,3.8134
1970,3.8136
1971,3.8137
1972,3.8139
1973,3.814
1974,3.8144
1975,3.8145
1976,3.8147
1977,3.8148
1978,3.815
1979,3.8152
1980,3.8153
1981,3.8156
1982,3.8158
1983,3.8159
1984,3.8161
1985,3.8163
1986,3.8164
1987,3.8167
1988,3.8169
1989,3.8171
1990,3.8172
1991,3.8174
1992,3.8175
1993,3.8179
1994,3.818
1995,3.8182
1996,3.8183
1997,3.8185
1998,3.8187
1999,3.819
2000,3.8191
2001,3.8193
2002,3.8194
2003,3.8196
2004,3.8198
2005,3.8201
2006,3.8202
2007,3.8204
2008,3.8206
2009,3.8209
2010,3.821
2011,3.8212
2012,3.8214
2013,3.8215
2014,3.8218
2015,3.822
2016,3.8221
2017,3.8223
2018,3.8225
2019,3.8228
2020,3.8229
2021,3.8231
2022,3.8233
2023,3.8234
2024,3.8237
2025,3.8239
2026,3.8241
2027,3.8242
2028,3.8245
2029,3.8247
2030,3.8248
2031,3.825
2032,3.8253
2033,3.8255
2034,3.8256
2035,3.8258
2036,3.8261
2037,3.8263
2038,3.8264
2039,3.8266
2040,3.8269
2041,3.8271
2042,3.8272
2043,3.8274
2044,3.8277
2045,3.8279
2046,3.828
2047,3.8282
2048,3.8285
2049,3.8287
2050,3.8288
2051,3.8291
2052,3.8293
2053,3.8295
2054,3.8296
2055,3.8299
2056,3.8301
2057,3.8302
2058,3.8304
2059,3.8307
2060,3.8309
2061,3.831
2062,3.8314
2063,3.8315
2064,3.8317
2065,3.8318
2066,3.8322
2067,3.8323
2068,3.8325
2069,3.8328
2070,3.8329
2071,3.8331
2072,3.8334
2073,3.8336
2074,3.8337
2075,3.8341
2076,3.8342
2077,3.8344
2078,3.8347
2079,3.8349
2080,3.835
2081,3.8353
2082,3.8355
2083,3.8356
2084,3.836
2085,3.8361
2086,3.8363
2087,3.8366
2088,3.8368
2089,3.8369
2090,3.8372
2091,3.8374
2092,3.8376
2093,3.8379
2094,3.838
2095,3.8382
2096,3.8385
2097,3.8387
2098,3.8388
2099,3.8391
2100,3.8393
2101,3.8396
2102,3.8398
2103,3.8399
2104,3.8403
2105,3.8404
2106,3.8406
2107,3.8409
2108,3.8411
2109,3.8414
2110,3.8415
2111,3.8417
2112,3.842
2113,3.8422
2114,3.8425
2115,3.8426
2116,3.8428
2117,3.8431
2118,3.8433
2119,3.8436
2120,3.8438
2121,3.8439
2122,3.8442
2123,3.8444
2124,3.8447
2125,3.8449
2126,3.845
2127,3.8453
2128,3.8455
2129,3.8458
2130,3.846
2131,3.8461
2132,3.8465
2133,3.8466
2134,3.8469
2135,3.8471
2136,3.8474
2137,3.8476
2138,3.8477
2139,3.848
2140,3.8482
2141,3.8485
2142,3.8487
2143,3.849
2144,3.8492
2145,3.8493
2146,3.8496
2147,3.8498
2148,3.8501
2149,3.8503
2150,3.8506
2151,3.8507
2152,3.8509
2153,3.8512
2154,3.8514
2155,3.8517
2156,3.8519
2157,3.8522
2158,3.8523
2159,3.8526
2160,3.8528
2161,3.8531
2162,3.8533
2163,3.8536
2164,3.8538
2165,3.8539
2166,3.8542
2167,3.8544
2168,3.8547
2169,3.8549
2170,3.8552
2171,3.8553
2172,3.8557
2173,3.8558
2174,3.8561
2175,3.8563
2176,3.8566
2177,3.8568
2178,3.8571
2179,3.8573
2180,3.8574
2181,3.8577
2182,3.8579
2183,3.8582
2184,3.8584
2185,3.8587
2186,3.859
2187,3.8592
2188,3.8593
2189,3.8596
2190,3.8598
2191,3.8601
2192,3.8603
2193,3.8606
2194,3.8608
2195,3.8611
2196,3.8612
2197,3.8615
2198,3.8617
2199,3.862
2200,3.8622
2201,3.8625
2202,3.8627
2203,3.863
2204,3.8631
2205,3.8635
2206,3.8636
2207,3.8639
2208,3.8641
2209,3.8644
2210,3.8646
2211,3.8649
2212,3.865
2213,3.8654
2214,3.8655
2215,3.8658
2216,3.866
2217,3.8663
2218,3.8665
2219,3.8668
2220,3.8669
2221,3.8673
2222,3.8674
2223,3.8677
2224,3.8679
2225,3.8682
2226,3.8684
2227,3.8687
2228,3.8689
2229,3.8692
2230,3.8693
2231,3.8696
2232,3.8698
2233,3.8701
2234,3.8703
2235,3.8706
2236,3.8708
2237,3.8711
2238,3.8712
2239,3.8716
2240,3.8717
2241,3.872
2242,3.8722
2243,3.8725
2244,3.8727
2245,3.873
2246,3.8731
2247,3.8735
2248,3.8736
2249,3.8739
2250,3.8741
2251,3.8744
2252,3.8746
2253,3.8749
2254,3.875
2255,3.8754
2256,3.8755
2257,3.8758
2258,3.876
2259,3.8763
2260,3.8765
2261,3.8768
2262,3.877
2263,3.8773
2264,3.8774
2265,3.8778
2266,3.8779
2267,3.8782
2268,3.8784
2269,3.8787
2270,3.8789
2271,3.8792
2272,3.8793
2273,3.8797
2274,3.8798
2275,3.8801
2276,3.8803
2277,3.8806
2278,3.8808
2279,3.8811
2280,3.8812
2281,3.8816
2282,3.8817
2283,3.882
2284,3.8822
2285,3.8825
2286,3.8827
2287,3.883
2288,3.8832
2289,3.8835
2290,3.8836
2291,3.8839
2292,3.8841
2293,3.8844
2294,3.8846
2295,3.8847
2296,3.8851
2297,3.8854
2298,3.8855
2299,3.8857
2300,3.886
2301,3.8862
2302,3.8865
2303,3.8866
2304,3.887
2305,3.8871
2306,3.8874
2307,3.8876
2308,3.8879
2309,3.8881
2310,3.8884
2311,3.8886
2312,3.8889
2313,3.889
2314,3.8893
2315,3.8895
2316,3.8897
2317,3.89
2318,3.8901
2319,3.8905
2320,3.8906
2321,3.8909
2322,3.8911
2323,3.8914
2324,3.8916
2325,3.8919
2326,3.892
2327,3.8924
2328,3.8925
2329,3.8927
2330,3.893
2331,3.8932
2332,3.8935
2333,3.8936
2334,3.894
2335,3.8941
2336,3.8944
2337,3.8946
2338,3.8949
2339,3.8951
2340,3.8954
2341,3.8955
2342,3.8957
2343,3.896
2344,3.8962
2345,3.8965
2346,3.8967
2347,3.897
2348,3.8971
2349,3.8975
2350,3.8976
2351,3.8978
2352,3.8981
2353,3.8982
2354,3.8986
2355,3.8987
2356,3.899
2357,3.8992
2358,3.8995
2359,3.8997
2360,3.9
2361,3.9002
2362,3.9003
2363,3.9006
2364,3.9008
2365,3.9011
2366,3.9013
2367,3.9016
2368,3.9017
2369,3.9021
2370,3.9022
2371,3.9024
2372,3.9027
2373,3.9029
2374,3.9032
2375,3.9033
2376,3.9036
2377,3.9038
2378,3.9041
2379,3.9043
2380,3.9044
2381,3.9048
2382,3.9049
2383,3.9052
2384,3.9054
2385,3.9057
2386,3.9059
2387,3.9062
2388,3.9063
2389,3.9065
2390,3.9068
2391,3.907
2392,3.9073
2393,3.9075
2394,3.9078
2395,3.9079
2396,3.9083
2397,3.9084
2398,3.9086
2399,3.9089
2400,3.909
2401,3.9094
2402,3.9095
2403,3.9098
2404,3.91
2405,3.9103
2406,3.9105
2407,3.9106
2408,3.911
2409,3.9111
2410,3.9114
2411,3.9116
2412,3.9119
2413,3.9121
2414,3.9124
2415,3.9125
2416,3.9129
2417,3.913
2418,3.9132
2419,3.9135
2420,3.9137
2421,3.914
2422,3.9141
2423,3.9144
2424,3.9146
2425,3.9149
2426,3.9151
2427,3.9154
2428,3.9156
2429,3.9159
2430,3.916
2431,3.9162
2432,3.9165
2433,3.9167
2434,3.917
2435,3.9171
2436,3.9175
2437,3.9176
2438,3.9179
2439,3.9181
2440,3.9184
2441,3.9186
2442,3.9189
2443,3.9191
2444,3.9194
2445,3.9195
2446,3.9199
2447,3.92
2448,3.9203
2449,3.9205
2450,3.9206
2451,3.921
2452,3.9213
2453,3.9214
2454,3.9218
2455,3.9219
2456,3.9222
2457,3.9224
2458,3.9226
2459,3.9229
2460,3.9232
2461,3.9233
2462,3.9237
2463,3.9238
2464,3.924
2465,3.9243
2466,3.9246
2467,3.9248
2468,3.9251
2469,3.9253
2470,3.9256
2471,3.9257
2472,3.926
2473,3.9262
2474,3.9265
2475,3.9267
2476,3.927
2477,3.9272
2478,3.9275
2479,3.9276
2480,3.928
2481,3.9281
2482,3.9284
2483,3.9286
2484,3.9289
2485,3.9291
2486,3.9294
2487,3.9295
2488,3.9299
2489,3.9302
2490,3.9303
2491,3.9307
2492,3.9308
2493,3.9311
2494,3.9313
2495,3.9316
2496,3.9318
2497,3.9321
2498,3.9322
2499,3.9326
2500,3.9329
2501,3.933
2502,3.9334
2503,3.9335
2504,3.9338
2505,3.934
2506,3.9343
2507,3.9346
2508,3.9348
2509,3.9351
2510,3.9353
2511,3.9356
2512,3.9357
2513,3.9361
2514,3.9364
2515,3.9365
2516,3.9368
2517,3.937
2518,3.9373
2519,3.9376
2520,3.9378
2521,3.9381
2522,3.9383
2523,3.9386
2524,3.9388
2525,3.9391
2526,3.9394
2527,3.9396
2528,3.9399
2529,3.9402
2530,3.9403
2531,3.9407
2532,3.9408
2533,3.9411
2534,3.9415
2535,3.9416
2536,3.9419
2537,3.9421
2538,3.9424
2539,3.9427
2540,3.9429
2541,3.9432
2542,3.9435
2543,3.9437
2544,3.944
2545,3.9443
2546,3.9445
2547,3.9448
2548,3.945
2549,3.9453
2550,3.9456
2551,3.9457
2552,3.9461
2553,3.9464
2554,3.9465
2555,3.9469
2556,3.9472
2557,3.9473
2558,3.9477
2559,3.948
2560,3.9481
2561,3.9484
2562,3.9488
2563,3.9489
2564,3.9492
2565,3.9496
2566,3.9497
2567,3.95
2568,3.9504
2569,3.9505
2570,3.9508
2571,3.951
2572,3.9513
2573,3.9516
2574,3.9519
2575,3.9521
2576,3.9524
2577,3.9527
2578,3.9529
2579,3.9532
2580,3.9535
2581,3.9537
2582,3.954
2583,3.9543
2584,3.9545
2585,3.9548
2586,3.9551
2587,3.9553
2588,3.9556
2589,3.9559
2590,3.9562
2591,3.9564
2592,3.9567
2593,3.957
2594,3.9572
2595,3.9575
2596,3.9578
2597,3.958
2598,3.9583
2599,3.9586
2600,3.9589
2601,3.9591
2602,3.9594
2603,3.9597
2604,3.9599
2605,3.9602
2606,3.9605
2607,3.9608
2608,3.961
2609,3.9613
2610,3.9616
2611,3.9618
2612,3.9621
2613,3.9624
2614,3.9626
2615,3.9629
2616,3.9632
2617,3.9635
2618,3.9637
2619,3.964
2620,3.9643
2621,3.9645
2622,3.9648
2623,3.9651
2624,3.9654
2625,3.9656
2626,3.9659
2627,3.9662
2628,3.9664
2629,3.9667
2630,3.967
2631,3.9674
2632,3.9675
2633,3.9678
2634,3.9681
2635,3.9683
2636,3.9686
2637,3.9689
2638,3.9693
2639,3.9694
2640,3.9697
2641,3.9701
2642,3.9702
2643,3.9705
2644,3.9708
2645,3.971
2646,3.9713
2647,3.9716
2648,3.9718
2649,3.9721
2650,3.9724
2651,3.9728
2652,3.9729
2653,3.9732
2654,3.9735
2655,3.9737
2656,3.974
2657,3.9743
2658,3.9745
2659,3.9748
2660,3.9751
2661,3.9753
2662,3.9756
2663,3.9759
2664,3.9762
2665,3.9764
2666,3.9767
2667,3.977
2668,3.9772
2669,3.9775
2670,3.9777
2671,3.978
2672,3.9783
2673,3.9786
2674,3.9788
2675,3.9791
2676,3.9793
2677,3.9796
2678,3.9799
2679,3.9801
2680,3.9804
2681,3.9807
2682,3.9809
2683,3.9812
2684,3.9815
2685,3.9817
2686,3.982
2687,3.9823
2688,3.9824
2689,3.9828
2690,3.9829
2691,3.9832
2692,3.9836
2693,3.9837
2694,3.984
2695,3.9842
2696,3.9845
2697,3.9848
2698,3.985
2699,3.9853
2700,3.9856
2701,3.9858
2702,3.9861
2703,3.9863
2704,3.9866
2705,3.9867
2706,3.9871
2707,3.9874
2708,3.9875
2709,3.9878
2710,3.988
2711,3.9883
2712,3.9885
2713,3.9888
2714,3.989
2715,3.9893
2716,3.9896
2717,3.9898
2718,3.9901
2719,3.9902
2720,3.9905
2721,3.9907
2722,3.991
2723,3.9912
2724,3.9915
2725,3.9917
2726,3.992
2727,3.9921
2728,3.9925
2729,3.9926
2730,3.9929
2731,3.9931
2732,3.9934
2733,3.9936
2734,3.9939
2735,3.994
2736,3.9944
2737,3.9945
2738,3.9948
2739,3.995
2740,3.9953
2741,3.9955
2742,3.9956
2743,3.9959
2744,3.9961
2745,3.9964
2746,3.9966
2747,3.9969
2748,3.9971
2749,3.9972
2750,3.9975
2751,3.9977
2752,3.998
2753,3.9982
2754,3.9983
2755,3.9987
2756,3.9988
2757,3.9991
2758,3.9993
2759,3.9994
2760,3.9998
2761,3.9999
2762,4.0002
2763,4.0004
2764,4.0006
2765,4.0009
2766,4.001
2767,4.0012
2768,4.0015
2769,4.0017
2770,4.0018
2771,4.0021
2772,4.0023
2773,4.0025
2774,4.0028
2775,4.0029
2776,4.0031
2777,4.0034
2778,4.0036
2779,4.0037
2780,4.0039
2781,4.0042
2782,4.0044
2783,4.0045
2784,4.0048
2785,4.005
2786,4.0052
2787,4.0053
2788,4.0056
2789,4.0058
2790,4.006
2791,4.0061
2792,4.0064
2793,4.0066
2794,4.0068
2795,4.0069
2796,4.0072
2797,4.0074
2798,4.0075
2799,4.0077
2800,4.008
2801,4.0082
2802,4.0083
2803,4.0085
2804,4.0087
2805,4.009
2806,4.0091
2807,4.0093
2808,4.0095
2809,4.0096
2810,4.0098
2811,4.0101
2812,4.0102
2813,4.0104
2814,4.0106
2815,4.0107
2816,4.011
2817,4.0112
2818,4.0114
2819,4.0115
2820,4.0117
2821,4.0118
2822,4.012
2823,4.0123
2824,4.0125
2825,4.0126
2826,4.0128
2827,4.0129
2828,4.0131
2829,4.0133
2830,4.0134
2831,4.0137
2832,4.0139
2833,4.0141
2834,4.0142
2835,4.0144
2836,4.0145
2837,4.0147
2838,4.0149
2839,4.015
2840,4.0152
2841,4.0155
2842,4.0156
2843,4.0158
2844,4.016
2845,4.0161
2846,4.0163
2847,4.0164
2848,4.0166
2849,4.0168
2850,4.0169
2851,4.0171
2852,4.0172
2853,4.0174
2854,4.0176
2855,4.0179
2856,4.0179
2857,4.0182
2858,4.0183
2859,4.0185
2860,4.0187
2861,4.0188
2862,4.019
2863,4.0191
2864,4.0193
2865,4.0195
2866,4.0196
2867,4.0198
2868,4.0199
2869,4.0201
2870,4.0203
2871,4.0204
2872,4.0206
2873,4.0207
2874,4.0209
2875,4.0211
2876,4.0212
2877,4.0214
2878,4.0215
2879,4.0217
2880,4.0218
2881,4.022
2882,4.0222
2883,4.0223
2884,4.0225
2885,4.0226
2886,4.0228
2887,4.023
2888,4.0231
2889,4.0233
2890,4.0234
2891,4.0236
2892,4.0238
2893,4.0239
2894,4.0241
2895,4.0242
2896,4.0244
2897,4.0245
2898,4.0247
2899,4.0249
2900,4.025
2901,4.0252
2902,4.0253
2903,4.0255
2904,4.0257
2905,4.0258
2906,4.026
2907,4.0261
2908,4.0263
2909,4.0265
2910,4.0266
2911,4.0268
2912,4.0269
2913,4.0271
2914,4.0272
2915,4.0274
2916,4.0276
2917,4.0277
2918,4.0279
2919,4.028
2920,4.0282
2921,4.0284
2922,4.0285
2923,4.0287
2924,4.0288
2925,4.029
2926,4.0292
2927,4.0293
2928,4.0295
2929,4.0296
2930,4.0298
2931,4.0299
2932,4.0301
2933,4.0303
2934,4.0304
2935,4.0306
2936,4.0307
2937,4.0309
2938,4.0311
2939,4.0312
2940,4.0314
2941,4.0315
2942,4.0317
2943,4.0319
2944,4.032
2945,4.0322
2946,4.0323
2947,4.0325
2948,4.0326
2949,4.0328
2950,4.033
2951,4.0331
2952,4.0333
2953,4.0334
2954,4.0336
2955,4.0338
2956,4.0339
2957,4.0341
2958,4.0344
2959,4.0346
2960,4.0347
2961,4.0349
2962,4.035
2963,4.0352
2964,4.0353
2965,4.0355
2966,4.0357
2967,4.0358
2968,4.036
2969,4.0361
2970,4.0363
2971,4.0365
2972,4.0368
2973,4.0369
2974,4.0371
2975,4.0373
2976,4.0374
2977,4.0376
2978,4.0377
2979,4.0379
2980,4.038
2981,4.0382
2982,4.0385
2983,4.0387
2984,4.0388
2985,4.039
2986,4.0392
2987,4.0393
2988,4.0395
2989,4.0396
2990,4.04
2991,4.0401
2992,4.0403
2993,4.0404
2994,4.0406
2995,4.0408
2996,4.0411
2997,4.0412
2998,4.0414
2999,4.0415
3000,4.0417
3001,4.0419
3002,4.0422
3003,4.0423
3004,4.0425
3005,4.0427
3006,4.043
3007,4.0431
3008,4.0433
3009,4.0435
3010,4.0436
3011,4.0439
3012,4.0441
3013,4.0442
3014,4.0444
3015,4.0447
3016,4.0449
3017,4.045
3018,4.0454
3019,4.0455
3020,4.0457
3021,4.0458
3022,4.0462
3023,4.0463
3024,4.0465
3025,4.0468
3026,4.0469
3027,4.0471
3028,4.0474
3029,4.0476
3030,4.0477
3031,4.0481
3032,4.0482
3033,4.0484
3034,4.0487
3035,4.0489
3036,4.049
3037,4.0493
3038,4.0495
3039,4.0498
3040,4.05
3041,4.0501
3042,4.0504
3043,4.0506
3044,4.0509
3045,4.0511
3046,4.0512
3047,4.0516
3048,4.0517
3049,4.052
3050,4.0522
3051,4.0525
3052,4.0527
3053,4.053
3054,4.0531
3055,4.0535
3056,4.0536
3057,4.0539
3058,4.0541
3059,4.0544
3060,4.0546
3061,4.0549
3062,4.055
3063,4.0554
3064,4.0555
3065,4.0558
3066,4.056
3067,4.0563
3068,4.0566
3069,4.0568
3070,4.0571
3071,4.0573
3072,4.0576
3073,4.0579
3074,4.0581
3075,4.0584
3076,4.0585
3077,4.0589
3078,4.0592
3079,4.0593
3080,4.0597
3081,4.0598
3082,4.0601
3083,4.0605
3084,4.0606
3085,4.0609
3086,4.0612
3087,4.0616
3088,4.0617
3089,4.062
3090,4.0624
3091,4.0625
3092,4.0628
3093,4.0632
3094,4.0633
3095,4.0636
3096,4.0639
3097,4.0641
3098,4.0644
3099,4.0647
3100,4.0651
3101,4.0652
3102,4.0655
3103,4.0659
3104,4.0662
3105,4.0665
3106,4.0666
3107,4.067
3108,4.0673
3109,4.0676
3110,4.0678
3111,4.0681
3112,4.0684
3113,4.0687
3114,4.069
3115,4.0692
3116,4.0695
3117,4.0698
3118,4.0701
3119,4.0705
3120,4.0708
3121,4.0709
3122,4.0713
3123,4.0716
3124,4.0719
3125,4.0722
3126,4.0725
3127,4.0727
3128,4.073
3129,4.0733
3130,4.0736
3131,4.074
3132,4.0743
3133,4.0746
3134,4.0747
3135,4.0751
3136,4.0754
3137,4.0757
3138,4.076
3139,4.0763
3140,4.0767
3141,4.077
3142,4.0773
3143,4.0776
3144,4.0778
3145,4.0781
3146,4.0784
3147,4.0787
3148,4.079
3149,4.0794
3150,4.0797
3151,4.08
3152,4.0803
3153,4.0806
3154,4.0809
3155,4.0811
3156,4.0814
3157,4.0817
3158,4.0821
3159,4.0824
3160,4.0827
3161,4.083
3162,4.0833
3163,4.0836
3164,4.084
3165,4.0843
3166,4.0846
3167,4.0849
3168,4.0852
3169,4.0854
3170,4.0857
3171,4.086
3172,4.0863
3173,4.0867
3174,4.087
3175,4.0873
3176,4.0876
3177,4.0879
3178,4.0883
3179,4.0886
3180,4.0889
3181,4.0892
3182,4.0895
3183,4.0898
3184,4.09
3185,4.0903
3186,4.0906
3187,4.091
3188,4.0913
3189,4.0916
3190,4.0919
3191,4.0922
3192,4.0925
3193,4.0929
3194,4.0932
3195,4.0935
3196,4.0938
3197,4.0941
3198,4.0944
3199,4.0948
3200,4.0949
3201,4.0952
3202,4.0956
3203,4.0959
3204,4.0962
3205,4.0965
3206,4.0968
3207,4.0971
3208,4.0975
3209,4.0978
3210,4.0981
3211,4.0983
3212,4.0986
3213,4.0989
3214,4.0992
3215,4.0995
3216,4.0998
3217,4.1002
3218,4.1005
3219,4.1006
3220,4.101
3221,4.1013
3222,4.1016
3223,4.1019
3224,4.1022
3225,4.1026
3226,4.1029
3227,4.103
3228,4.1033
3229,4.1037
3230,4.104
3231,4.1043
3232,4.1046
3233,4.1049
3234,4.1053
3235,4.1054
3236,4.1057
3237,4.106
3238,4.1064
3239,4.1067
3240,4.1068
3241,4.1072
3242,4.1075
3243,4.1078
3244,4.1081
3245,4.1084
3246,4.1086
3247,4.1089
3248,4.1092
3249,4.1095
3250,4.1097
3251,4.11
3252,4.1103
3253,4.1107
3254,4.111
3255,4.1111
3256,4.1114
3257,4.1118
3258,4.1121
3259,4.1122
3260,4.1126
3261,4.1129
3262,4.1132
3263,4.1134
3264,4.1137
3265,4.114
3266,4.1143
3267,4.1145
3268,4.1148
3269,4.1151
3270,4.1154
3271,4.1156
3272,4.1159
3273,4.1162
3274,4.1164
3275,4.1167
3276,4.117
3277,4.1172
3278,4.1175
3279,4.1178
3280,4.118
3281,4.1183
3282,4.1186
3283,4.1188
3284,4.1191
3285,4.1194
3286,4.1195
3287,4.1199
3288,4.1202
3289,4.1203
3290,4.1207
3291,4.1208
3292,4.1211
3293,4.1215
3294,4.1216
3295,4.1219
3296,4.1223
3297,4.1224
3298,4.1227
3299,4.1229
3300,4.1232
3301,4.1234
3302,4.1237
3303,4.124
3304,4.1242
3305,4.1245
3306,4.1246
3307,4.125
3308,4.1251
3309,4.1254
3310,4.1256
3311,4.1259
3312,4.1261
3313,4.1264
3314,4.1265
3315,4.1269
3316,4.127
3317,4.1273
3318,4.1275
3319,4.1278
3320,4.128
3321,4.1283
3322,4.1284
3323,4.1288
3324,4.1289
3325,4.1292
3326,4.1294
3327,4.1297
3328,4.1299
3329,4.13
3330,4.1304
3331,4.1305
3332,4.1308
3333,4.131
3334,4.1311
3335,4.1315
3336,4.1316
3337,4.1319
3338,4.1321
3339,4.1323
3340,4.1326
3341,4.1327
3342,4.1331
3343,4.1332
3344,4.1334
3345,4.1337
3346,4.1338
3347,4.134
3348,4.1343
3349,4.1345
3350,4.1346
3351,4.135
3352,4.1351
3353,4.1353
3354,4.1354
3355,4.1358
3356,4.1359
3357,4.1361
3358,4.1362
3359,4.1365
3360,4.1367
3361,4.1369
3362,4.1372
3363,4.1373
3364,4.1375
3365,4.1377
3366,4.138
3367,4.1381
3368,4.1383
3369,4.1385
3370,4.1388
3371,4.1389
3372,4.1391
3373,4.1392
3374,4.1394
3375,4.1397
3376,4.1399
3377,4.14
3378,4.1402
3379,4.1404
3380,4.1405
3381,4.1408
3382,4.141
3383,4.1412
3384,4.1413
3385,4.1415
3386,4.1416
3387,4.1418
3388,4.1421
3389,4.1423
3390,4.1424
3391,4.1426
3392,4.1427
3393,4.1429
3394,4.1431
3395,4.1432
3396,4.1434
3397,4.1437
3398,4.1439
3399,4.144
3400,4.1442
3401,4.1443
3402,4.1445
3403,4.1447
3404,4.1448
3405,4.145
3406,4.1451
3407,4.1453
3408,4.1454
3409,4.1456
3410,4.1458
3411,4.1459
3412,4.1461
3413,4.1462
3414,4.1464
3415,4.1466
3416,4.1467
3417,4.1469
3418,4.147
3419,4.1472
3420,4.1474
3421,4.1475
3422,4.1477
3423,4.1478
3424,4.148
3425,4.1481
3426,4.1483
3427,4.1485
3428,4.1485
3429,4.1486
3430,4.1488
3431,4.1489
3432,4.1491
3433,4.1493
3434,4.1494
3435,4.1496
3436,4.1497
3437,4.1499
3438,4.1499
3439,4.1501
3440,4.1502
3441,4.1504
3442,4.1505
3443,4.1507
3444,4.1508
3445,4.1508
3446,4.151
3447,4.1512
3448,4.1513
3449,4.1515
3450,4.1516
3451,4.1518
3452,4.1518
3453,4.152
3454,4.1521
3455,4.1523
3456,4.1524
3457,4.1524
3458,4.1526
3459,4.1528
3460,4.1529
3461,4.1529
3462,4.1531
3463,4.1532
3464,4.1534
3465,4.1535
3466,4.1535
3467,4.1537
3468,4.1539
3469,4.1539
3470,4.154
3471,4.1542
3472,4.1543
3473,4.1543
3474,4.1545
3475,4.1547
3476,4.1548
3477,4.1548
3478,4.155
3479,4.1551
3480,4.1551
3481,4.1553
3482,4.1555
3483,4.1555
3484,4.1556
3485,4.1558
3486,4.1559
3487,4.1559
3488,4.1561
3489,4.1562
3490,4.1562
3491,4.1564
3492,4.1566
3493,4.1566
3494,4.1567
3495,4.1567
3496,4.1569
3497,4.157
3498,4.157
3499,4.1572
3500,4.1574
3501,4.1574
3502,4.1575
3503,4.1575
3504,4.1577
3505,4.1578
3506,4.1578
3507,4.158
3508,4.1582
3509,4.1582
3510,4.1583
3511,4.1583
3512,4.1585
3513,4.1586
3514,4.1586
3515,4.1588
3516,4.1588
3517,4.1589
3518,4.1589
3519,4.1591
3520,4.1591
3521,4.1593
3522,4.1594
3523,4.1594
3524,4.1596
3525,4.1596
3526,4.1597
3527,4.1597
3528,4.1599
3529,4.1599
3530,4.1601
3531,4.1602
3532,4.1602
3533,4.1604
3534,4.1604
3535,4.1605
3536,4.1605
3537,4.1607
3538,4.1607
3539,4.1609
3540,4.1609
3541,4.161
3542,4.161
3543,4.1612
3544,4.1612
3545,4.1613
3546,4.1613
3547,4.1615
3548,4.1617
3549,4.1617
3550,4.1618
3551,4.1618
3552,4.1618
3553,4.162
3554,4.1621
3555,4.1621
3556,4.1623
3557,4.1623
3558,4.1624
3559,4.1624
3560,4.1626
3561,4.1626
3562,4.1628
3563,4.1628
3564,4.1629
3565,4.1629
3566,4.1631
3567,4.1631
3568,4.1632
3569,4.1632
3570,4.1634
3571,4.1634
3572,4.1636
3573,4.1636
3574,4.1637
3575,4.1637
3576,4.1639
3577,4.1639
3578,4.164
3579,4.164
3580,4.1642
3581,4.1642
3582,4.1644
3583,4.1644
3584,4.1645
3585,4.1645
3586,4.1647
3587,4.1647
3588,4.1648
3589,4.1648
3590,4.165
3591,4.165
3592,4.1651
3593,4.1651
3594,4.1653
3595,4.1653
3596,4.1655
3597,4.1655
3598,4.1656
3599,4.1656
3600,4.1658
3601,4.1658
3602,4.1659
3603,4.1659
3604,4.1661
3605,4.1661
3606,4.1663
3607,4.1664
3608,4.1664
3609,4.1666
3610,4.1666
3611,4.1667
3612,4.1667
3613,4.1669
3614,4.1669
3615,4.1671
3616,4.1671
3617,4.1672
3618,4.1672
3619,4.1674
3620,4.1675
3621,4.1675
3622,4.1677
3623,4.1677
3624,4.1678
3625,4.1678
3626,4.168
3627,4.168
3628,4.1682
3629,4.1683
3630,4.1683
3631,4.1685
3632,4.1685
3633,4.1686
3634,4.1686
3635,4.1688
3636,4.1688
3637,4.169
3638,4.1691
3639,4.1691
3640,4.1693
3641,4.1693
3642,4.1694
3643,4.1696
3644,4.1696
3645,4.1698
3646,4.1698
3647,4.1699
3648,4.1699
3649,4.1701
3650,4.1702
3651,4.1702
3652,4.1704
3653,4.1705
3654,4.1705
3655,4.1707
3656,4.1707
3657,4.1709
3658,4.171
3659,4.171
3660,4.1712
3661,4.1713
3662,4.1713
3663,4.1715
3664,4.1717
3665,4.1717
3666,4.1718
3667,4.172
3668,4.172
3669,4.1721
3670,4.1723
3671,4.1723
3672,4.1725
3673,4.1726
3674,4.1726
3675,4.1728
3676,4.1729
3677,4.1729
3678,4.1731
3679,4.1732
3680,4.1734
3681,4.1734
3682,4.1736
3683,4.1737
3684,4.1737
3685,4.1739
3686,4.174
3687,4.1742
3688,4.1742
3689,4.1744
3690,4.1745
3691,4.1747
3692,4.1747
3693,4.1748
3694,4.175
3695,4.1752
3696,4.1753
3697,4.1753
3698,4.1755
3699,4.1756
3700,4.1758
3701,4.1759
3702,4.1759
3703,4.1761
3704,4.1763
3705,4.1764
3706,4.1766
3707,4.1766
3708,4.1767
3709,4.1769
3710,4.1771
3711,4.1772
3712,4.1774
3713,4.1775
3714,4.1777
3715,4.1777
3716,4.1779
3717,4.178
3718,4.1782
3719,4.1783
3720,4.1785
3721,4.1786
3722,4.1786
3723,4.179
3724,4.1791
3725,4.1791
3726,4.1793
3727,4.1794
3728,4.1796
3729,4.1798
3730,4.1799
3731,4.1801
3732,4.1802
3733,4.1804
3734,4.1806
3735,4.1807
3736,4.1809
3737,4.181
3738,4.1812
3739,4.1813
3740,4.1815
3741,4.1817
3742,4.1818
3743,4.1821
3744,4.1823
3745,4.1825
3746,4.1826
3747,4.1828
3748,4.1829
3749,4.1831
3750,4.1833
3751,4.1834
3752,4.1837
3753,4.1839
3754,4.1841
3755,4.1842
3756,4.1844
3757,4.1845
3758,4.1848
3759,4.185
3760,4.1852
3761,4.1853
3762,4.1855
3763,4.1858
3764,4.186
3765,4.1861
3766,4.1864
3767,4.1866
3768,4.1868
3769,4.1869
3770,4.1872
3771,4.1874
3772,4.1875
3773,4.1879
3774,4.188
3775,4.1883
3776,4.1885
3777,4.1887
3778,4.189
3779,4.1891
3780,4.1895
3781,4.1896
3782,4.1899
3783,4.1901
3784,4.1902
3785,4.1906
3786,4.1909
3787,4.191
3788,4.1912
3789,4.1915
3790,4.1918
3791,4.192
3792,4.1923
3793,4.1925
3794,4.1928
3795,4.1931
3796,4.1933
3797,4.1936
3798,4.1939
3799,4.1941
3800,4.1944
3801,4.1947
3802,4.1949
3803,4.1952
3804,4.1955
3805,4.1958
3806,4.196
3807,4.1963
3808,4.1966
3809,4.1969
3810,4.1972
3811,4.1976
3812,4.1979
3813,4.1982
3814,4.1983
3815,4.1987
3816,4.199
3817,4.1993
3818,4.1996
3819,4.1999
3820,4.2003
3821,4.2007
3822,4.2011
3823,4.2014
3824,4.2017
3825,4.202
3826,4.2023
3827,4.2026
3828,4.203
3829,4.2034
3830,4.2038
3831,4.2041
3832,4.2045
3833,4.2049
3834,4.2052
3835,4.2057
3836,4.206
3837,4.2063
3838,4.2068
3839,4.2071
3840,4.2076
3841,4.2079
3842,4.2084
3843,4.2087
3844,4.2092
3845,4.2095
3846,4.2099
3847,4.2104
3848,4.2107
3849,4.2112
3850,4.2117
3851,4.212
3852,4.2125
3853,4.213
3854,4.2134
3855,4.2139
3856,4.2142
3857,4.2147
3858,4.2152
3859,4.2157
3860,4.2161
3861,4.2166
3862,4.2171
3863,4.2176
3864,4.218
3865,4.2185
3866,4.219
3867,4.2196
3868,4.2201
3869,4.2206
3870,4.2211
3871,4.2217
3872,4.2222
3873,4.2227
3874,4.2233
3875,4.2238
3876,4.2244
3877,4.2249
3878,4.2255
3879,4.226
3880,4.2266
3881,4.2271
3882,4.2277
3883,4.2284
3884,4.2289
3885,4.2295
3886,4.2301
3887,4.2308
3888,4.2312
3889,4.2319
3890,4.2325
3891,4.2331
3892,4.2338
3893,4.2344
3894,4.235
3895,4.2357
3896,4.2363
3897,4.237
3898,4.2377
3899,4.2384
3900,4.239
3901,4.2397
3902,4.2404
3903,4.2411
3904,4.2417
3905,4.2425
3906,4.2432
3907,4.2439
3908,4.2446
3909,4.2454
3910,4.2462
3911,4.2468
3912,4.2476
3913,4.2484
3914,4.249
3915,4.2498
3916,4.2506
3917,4.2514
3918,4.2522
3919,4.253
3920,4.2538
3921,4.2546
3922,4.2554
3923,4.2562
3924,4.257
3925,4.2578
3926,4.2586
3927,4.2595
3928,4.2603
3929,4.2611
3930,4.2621
3931,4.2629
3932,4.2636
3933,4.2646
3934,4.2654
3935,4.2663
3936,4.2671
3937,4.2681
3938,4.269
3939,4.2698
3940,4.2708
3941,4.2717
3942,4.2727
3943,4.2737
3944,4.2746
3945,4.2754
3946,4.2764
3947,4.2773
3948,4.2783
3949,4.2794
3950,4.2803
3951,4.2813
3952,4.2822
3953,4.2832
3954,4.2841
3955,4.2853
3956,4.2862
3957,4.2872
3958,4.2883
3959,4.2892
3960,4.2903
3961,4.2913
3962,4.2924
3963,4.2934
3964,4.2945
3965,4.2954
3966,4.2965
3967,4.2976
3968,4.2988
3969,4.2991
3970,4.2991
3971,4.2991
3972,4.2991
3973,4.2991
3974,4.2991
3975,4.2991
3976,4.2991
3977,4.2969
3978,4.295
3979,4.2942
3980,4.2935
3981,4.293
3982,4.2926
3983,4.2922
3984,4.2919
3985,4.2916
3986,4.2913
3987,4.291
3988,4.2908
3989,4.2907
3990,4.2905
3991,4.2903
3992,4.29
3993,4.29
3994,4.2897
3995,4.2897
3996,4.2895
3997,4.2894
3998,4.2892
3999,4.2892
4000,4.2891
4001,4.2889
4002,4.2889
4003,4.2888
4004,4.2886
4005,4.2886
4006,4.2884
4007,4.2883
4008,4.2883
4009,4.2881
4010,4.2881
4011,4.288
4012,4.288
4013,4.2878
4014,4.2878
4015,4.2876
4016,4.2876
4017,4.2875
4018,4.2875
4019,4.2873
4020,4.2873
4021,4.2872
4022,4.2872
4023,4.2872
4024,4.287
4025,4.287
4026,4.2868
4027,4.2868
4028,4.2868
4029,4.2867
4030,4.2867
4031,4.2867
4032,4.2865
4033,4.2865
4034,4.2865
4035,4.2864
4036,4.2864
4037,4.2864
4038,4.2862
4039,4.2862
4040,4.2861
4041,4.2861
4042,4.2861
4043,4.2859
4044,4.2859
4045,4.2859
4046,4.2859
4047,4.2857
4048,4.2857
4049,4.2857
4050,4.2856
4051,4.2856
4052,4.2856
4053,4.2854
4054,4.2854
4055,4.2854
4056,4.2854
4057,4.2853
4058,4.2853
4059,4.2853
4060,4.2853
4061,4.2851
4062,4.2851
4063,4.2851
4064,4.2849
4065,4.2849
4066,4.2849
4067,4.2849
4068,4.2849
4069,4.2848
4070,4.2848
4071,4.2848
4072,4.2848
4073,4.2846
4074,4.2846
4075,4.2846
4076,4.2845
4077,4.2845
4078,4.2845
4079,4.2845
4080,4.2845
4081,4.2843
4082,4.2843
4083,4.2843
4084,4.2843
4085,4.2841
4086,4.2841
4087,4.2841
4088,4.2841
4089,4.2841
4090,4.284
4091,4.284
4092,4.284
4093,4.284
4094,4.2838
4095,4.2838
4096,4.2838
4097,4.2838
4098,4.2838
4099,4.2837
4100,4.2837
4101,4.2837
4102,4.2837
4103,4.2837
4104,4.2835
4105,4.2835
4106,4.2835
4107,4.2835
4108,4.2834
4109,4.2834
4110,4.2834
4111,4.2834
4112,4.2834
4113,4.2834
4114,4.2832
4115,4.2832
4116,4.2832
4117,4.2832
4118,4.2832
4119,4.283
4120,4.283
4121,4.283
4122,4.283
4123,4.283
4124,4.283
4125,4.2829
4126,4.2829
4127,4.2829
4128,4.2829
4129,4.2829
4130,4.2827
4131,4.2827
4132,4.2827
4133,4.2827
4134,4.2827
4135,4.2827
4136,4.2826
4137,4.2826
4138,4.2826
4139,4.2826
4140,4.2826
4141,4.2826
4142,4.2824
4143,4.2824
4144,4.2824
4145,4.2824
4146,4.2824
4147,4.2822
4148,4.2822
4149,4.2822
4150,4.2822
4151,4.2822
4152,4.2822
4153,4.2822
4154,4.2821
4155,4.2821
4156,4.2821
4157,4.2821
4158,4.2767
4159,4.2722
4160,4.27
4161,4.2681
4162,4.2663
4163,4.2648
4164,4.2632
4165,4.2617
4166,4.2603
4167,4.259
4168,4.2578
4169,4.2565
4170,4.2552
4171,4.254
4172,4.2528
4173,4.2517
4174,4.2505
4175,4.2493
4176,4.2482
4177,4.2473
4178,4.2462
4179,4.2451
4180,4.2439
4181,4.243
4182,4.2419
4183,4.2409
4184,4.24
4185,4.239
4186,4.2379
4187,4.2369
4188,4.236
4189,4.235
4190,4.2341
4191,4.2331
4192,4.2323
4193,4.2314
4194,4.2304
4195,4.2296
4196,4.2287
4197,4.2279
4198,4.2269
4199,4.2261
4200,4.2252
4201,4.2244
4202,4.2236
4203,4.2228
4204,4.2218
4205,4.2212
4206,4.2204
4207,4.2196
4208,4.2188
4209,4.218
4210,4.2172
4211,4.2164
4212,4.2157
4213,4.215
4214,4.2142
4215,4.2134
4216,4.2128
4217,4.212
4218,4.2114
4219,4.2107
4220,4.2099
4221,4.2093
4222,4.2087
4223,4.2079
4224,4.2072
4225,4.2066
4226,4.206
4227,4.2053
4228,4.2047
4229,4.2041
4230,4.2034
4231,4.2028
4232,4.2021
4233,4.2015
4234,4.2009
4235,4.2004
4236,4.1998
4237,4.1991
4238,4.1986
4239,4.198
4240,4.1975
4241,4.1969
4242,4.1964
4243,4.1958
4244,4.1953
4245,4.1947
4246,4.1942
4247,4.1937
4248,4.1931
4249,4.1926
4250,4.1921
4251,4.1917
4252,4.1912
4253,4.1907
4254,4.1902
4255,4.1896
4256,4.1891
4257,4.1888
4258,4.1883
4259,4.1878
4260,4.1874
4261,4.1869
4262,4.1864
4263,4.1859
4264,4.1856
4265,4.1851
4266,4.1847
4267,4.1843
4268,4.1839
4269,4.1834
4270,4.1831
4271,4.1826
4272,4.1823
4273,4.1818
4274,4.1815
4275,4.181
4276,4.1807
4277,4.1804
4278,4.1799
4279,4.1796
4280,4.1793
4281,4.1788
4282,4.1785
4283,4.1781
4284,4.1777
4285,4.1774
4286,4.177
4287,4.1767
4288,4.1764
4289,4.1761
4290,4.1758
4291,4.1754
4292,4.1751
4293,4.1748
4294,4.1745
4295,4.1742
4296,4.1739
4297,4.1735
4298,4.1732
4299,4.1729
4300,4.1726
4301,4.1723
4302,4.1721
4303,4.1718
4304,4.1715
4305,4.1712
4306,4.1708
4307,4.1707
4308,4.1704
4309,4.17
4310,4.1697
4311,4.1696
4312,4.1692
4313,4.1691
4314,4.1688
4315,4.1685
4316,4.1683
4317,4.168
4318,4.1678
4319,4.1675
4320,4.1673
4321,4.167
4322,4.1669
4323,4.1665
4324,4.1664
4325,4.1661
4326,4.1659
4327,4.1656
4328,4.1654
4329,4.1653
4330,4.165
4331,4.1648
4332,4.1646
4333,4.1643
4334,4.1642
4335,4.164
4336,4.1637
4337,4.1635
4338,4.1634
4339,4.1632
4340,4.1629
4341,4.1627
4342,4.1626
4343,4.1624
4344,4.1623
4345,4.1619
4346,4.1618
4347,4.1616
4348,4.1615
4349,4.1613
4350,4.161
4351,4.1608
4352,4.1607
4353,4.1605
4354,4.1603
4355,4.1602
4356,4.16
4357,4.1599
4358,4.1597
4359,4.1596
4360,4.1594
4361,4.1592
4362,4.1591
4363,4.1589
4364,4.1588
4365,4.1586
4366,4.1584
4367,4.1583
4368,4.1581
4369,4.158
4370,4.1578
4371,4.1576
4372,4.1575
4373,4.1573
4374,4.1572
4375,4.157
4376,4.1569
4377,4.1567
4378,4.1567
4379,4.1565
4380,4.1564
4381,4.1562
4382,4.1561
4383,4.1559
4384,4.1557
4385,4.1556
4386,4.1556
4387,4.1554
4388,4.1553
4389,4.1551
4390,4.1549
4391,4.1548
4392,4.1548
4393,4.1546
4394,4.1545
4395,4.1543
4396,4.1543
4397,4.1542
4398,4.154
4399,4.1538
4400,4.1538
4401,4.1537
4402,4.1535
4403,4.1534
4404,4.1534
4405,4.1532
4406,4.153
4407,4.1529
4408,4.1529
4409,4.1527
4410,4.1526
4411,4.1526
4412,4.1524
4413,4.1522
4414,4.1522
4415,4.1521
4416,4.1519
4417,4.1519
4418,4.1518
4419,4.1516
4420,4.1516
4421,4.1514
4422,4.1514
4423,4.1513
4424,4.1511
4425,4.1511
4426,4.151
4427,4.1508
4428,4.1508
4429,4.1507
4430,4.1507
4431,4.1505
4432,4.1503
4433,4.1503
4434,4.1502
4435,4.15
4436,4.15
4437,4.1499
4438,4.1499
4439,4.1497
4440,4.1497
4441,4.1495
4442,4.1494
4443,4.1494
4444,4.1492
4445,4.1492
4446,4.1491
4447,4.1491
4448,4.1489
4449,4.1489
4450,4.1487
4451,4.1487
4452,4.1486
4453,4.1484
4454,4.1484
4455,4.1483
4456,4.1483
4457,4.1481
4458,4.1481
4459,4.148
4460,4.148
4461,4.1478
4462,4.1478
4463,4.1476
4464,4.1476
4465,4.1475
4466,4.1475
4467,4.1473
4468,4.1473
4469,4.1472
4470,4.1472
4471,4.147
4472,4.147
4473,4.1468
4474,4.1468
4475,4.1467
4476,4.1467
4477,4.1465
4478,4.1465
4479,4.1464
4480,4.1464
4481,4.1462
4482,4.1462
4483,4.146
4484,4.146
4485,4.1459
4486,4.1459
4487,4.1457
4488,4.1457
4489,4.1456
4490,4.1456
4491,4.1454
4492,4.1454
4493,4.1453
4494,4.1453
4495,4.1451
4496,4.1451
4497,4.1449
4498,4.1449
4499,4.1448
4500,4.1448
4501,4.1448
4502,4.1446
4503,4.1445
4504,4.1445
4505,4.1445
4506,4.1443
4507,4.1443
4508,4.1441
4509,4.1441
4510,4.144
4511,4.144
4512,4.1438
4513,4.1438
4514,4.1437
4515,4.1437
4516,4.1437
4517,4.1435
4518,4.1435
4519,4.1433
4520,4.1433
4521,4.1432
4522,4.1432
4523,4.143
4524,4.143
4525,4.1429
4526,4.1429
4527,4.1429
4528,4.1427
4529,4.1427
4530,4.1426
4531,4.1426
4532,4.1424
4533,4.1424
4534,4.1422
4535,4.1422
4536,4.1422
4537,4.1421
4538,4.1421
4539,4.1419
4540,4.1419
4541,4.1418
4542,4.1418
4543,4.1416
4544,4.1416
4545,4.1414
4546,4.1414
4547,4.1413
4548,4.1413
4549,4.1413
4550,4.1411
4551,4.1411
4552,4.141
4553,4.141
4554,4.1408
4555,4.1408
4556,4.1406
4557,4.1406
4558,4.1406
4559,4.1405
4560,4.1405
4561,4.1403
4562,4.1403
4563,4.1402
4564,4.1402
4565,4.14
4566,4.14
4567,4.1398
4568,4.1398
4569,4.1398
4570,4.1397
4571,4.1397
4572,4.1395
4573,4.1395
4574,4.1394
4575,4.1394
4576,4.1392
4577,4.1392
4578,4.1391
4579,4.1391
4580,4.1389
4581,4.1389
4582,4.1389
4583,4.1387
4584,4.1387
4585,4.1386
4586,4.1386
4587,4.1384
4588,4.1384
4589,4.1383
4590,4.1383
4591,4.1381
4592,4.1381
4593,4.1379
4594,4.1379
4595,4.1378
4596,4.1378
4597,4.1376
4598,4.1376
4599,4.1375
4600,4.1375
4601,4.1373
4602,4.1373
4603,4.1373
4604,4.1371
4605,4.137
4606,4.137
4607,4.1368
4608,4.1368
4609,4.1367
4610,4.1367
4611,4.1365
4612,4.1365
4613,4.1365
4614,4.1364
4615,4.1364
4616,4.1364
4617,4.1364
4618,4.1362
4619,4.1362
4620,4.1362
4621,4.1362
4622,4.136
4623,4.136
4624,4.136
4625,4.136
4626,4.1359
4627,4.1359
4628,4.1359
4629,4.1359
4630,4.1357
4631,4.1357
4632,4.1357
4633,4.1357
4634,4.1356
4635,4.1356
4636,4.1356
4637,4.1356
4638,4.1354
4639,4.1354
4640,4.1352
4641,4.1352
4642,4.1352
4643,4.1352
4644,4.1351
4645,4.1351
4646,4.1351
4647,4.1351
4648,4.1349
4649,4.1349
4650,4.1349
4651,4.1349
4652,4.1348
4653,4.1348
4654,4.1348
4655,4.1346
4656,4.1344
4657,4.1344
4658,4.1343
4659,4.1343
4660,4.1341
4661,4.1341
4662,4.134
4663,4.1338
4664,4.1338
4665,4.1337
4666,4.1337
4667,4.1335
4668,4.1333
4669,4.1333
4670,4.1332
4671,4.1332
4672,4.133
4673,4.1329
4674,4.1329
4675,4.1327
4676,4.1325
4677,4.1325
4678,4.1324
4679,4.1324
4680,4.1322
4681,4.1321
4682,4.1321
4683,4.1319
4684,4.1317
4685,4.1317
4686,4.1316
4687,4.1314
4688,4.1314
4689,4.1313
4690,4.1311
4691,4.1311
4692,4.1309
4693,4.1308
4694,4.1306
4695,4.1306
4696,4.1305
4697,4.1303
4698,4.1302
4699,4.1302
4700,4.13
4701,4.1298
4702,4.1298
4703,4.1297
4704,4.1295
4705,4.1294
4706,4.1294
4707,4.1292
4708,4.129
4709,4.1289
4710,4.1289
4711,4.1287
4712,4.1286
4713,4.1284
4714,4.1282
4715,4.1282
4716,4.1281
4717,4.1279
4718,4.1278
4719,4.1276
4720,4.1275
4721,4.1275
4722,4.1273
4723,4.1271
4724,4.127
4725,4.1268
4726,4.1267
4727,4.1265
4728,4.1263
4729,4.1263
4730,4.1262
4731,4.126
4732,4.1259
4733,4.1257
4734,4.1255
4735,4.1254
4736,4.1252
4737,4.1251
4738,4.1249
4739,4.1248
4740,4.1246
4741,4.1244
4742,4.1244
4743,4.1243
4744,4.1241
4745,4.124
4746,4.1238
4747,4.1236
4748,4.1235
4749,4.1233
4750,4.1232
4751,4.123
4752,4.1228
4753,4.1227
4754,4.1224
4755,4.1222
4756,4.122
4757,4.1219
4758,4.1217
4759,4.1216
4760,4.1214
4761,4.1213
4762,4.1211
4763,4.1209
4764,4.1208
4765,4.1206
4766,4.1205
4767,4.1201
4768,4.12
4769,4.1198
4770,4.1197
4771,4.1195
4772,4.1193
4773,4.1192
4774,4.1189
4775,4.1187
4776,4.1186
4777,4.1184
4778,4.1182
4779,4.1179
4780,4.1178
4781,4.1176
4782,4.1174
4783,4.1171
4784,4.117
4785,4.1168
4786,4.1166
4787,4.1165
4788,4.1162
4789,4.116
4790,4.1159
4791,4.1157
4792,4.1154
4793,4.1152
4794,4.1151
4795,4.1147
4796,4.1146
4797,4.1144
4798,4.1141
4799,4.1139
4800,4.1138
4801,4.1135
4802,4.1133
4803,4.1132
4804,4.1128
4805,4.1127
4806,4.1125
4807,4.1122
4808,4.112
4809,4.1117
4810,4.1116
4811,4.1114
4812,4.1111
4813,4.1109
4814,4.1106
4815,4.1104
4816,4.1103
4817,4.11
4818,4.1098
4819,4.1095
4820,4.1093
4821,4.109
4822,4.1089
4823,4.1085
4824,4.1084
4825,4.1081
4826,4.1079
4827,4.1076
4828,4.1074
4829,4.1071
4830,4.107
4831,4.1066
4832,4.1065
4833,4.1062
4834,4.106
4835,4.1057
4836,4.1054
4837,4.1052
4838,4.1049
4839,4.1047
4840,4.1044
4841,4.1043
4842,4.1039
4843,4.1036
4844,4.1035
4845,4.1031
4846,4.103
4847,4.1027
4848,4.1023
4849,4.1022
4850,4.1019
4851,4.1015
4852,4.1014
4853,4.1011
4854,4.1009
4855,4.1006
4856,4.1003
4857,4.1001
4858,4.0998
4859,4.0995
4860,4.0993
4861,4.099
4862,4.0987
4863,4.0984
4864,4.0982
4865,4.0979
4866,4.0976
4867,4.0974
4868,4.0971
4869,4.0968
4870,4.0965
4871,4.0963
4872,4.096
4873,4.0957
4874,4.0954
4875,4.0952
4876,4.0949
4877,4.0946
4878,4.0942
4879,4.0939
4880,4.0938
4881,4.0934
4882,4.0931
4883,4.0928
4884,4.0925
4885,4.0923
4886,4.092
4887,4.0917
4888,4.0914
4889,4.0911
4890,4.0909
4891,4.0906
4892,4.0903
4893,4.0899
4894,4.0896
4895,4.0893
4896,4.089
4897,4.0888
4898,4.0885
4899,4.0882
4900,4.0879
4901,4.0876
4902,4.0872
4903,4.0871
4904,4.0868
4905,4.0865
4906,4.0861
4907,4.0858
4908,4.0855
4909,4.0852
4910,4.0849
4911,4.0845
4912,4.0842
4913,4.0839
4914,4.0838
4915,4.0834
4916,4.0831
4917,4.0828
4918,4.0825
4919,4.0822
4920,4.0818
4921,4.0815
4922,4.0812
4923,4.0809
4924,4.0806
4925,4.0803
4926,4.0799
4927,4.0796
4928,4.0795
4929,4.0791
4930,4.0788
4931,4.0785
4932,4.0782
4933,4.0779
4934,4.0776
4935,4.0772
4936,4.0769
4937,4.0766
4938,4.0763
4939,4.076
4940,4.0756
4941,4.0753
4942,4.075
4943,4.0747
4944,4.0744
4945,4.0741
4946,4.0737
4947,4.0734
4948,4.0731
4949,4.0728
4950,4.0725
4951,4.0721
4952,4.0718
4953,4.0715
4954,4.0712
4955,4.0709
4956,4.0706
4957,4.0702
4958,4.0699
4959,4.0696
4960,4.0693
4961,4.069
4962,4.0687
4963,4.0683
4964,4.068
4965,4.0677
4966,4.0674
4967,4.0671
4968,4.0667
4969,4.0664
4970,4.0661
4971,4.0658
4972,4.0656
4973,4.0652
4974,4.0648
4975,4.0647
4976,4.0644
4977,4.064
4978,4.0637
4979,4.0634
4980,4.0631
4981,4.0628
4982,4.0625
4983,4.0621
4984,4.0618
4985,4.0615
4986,4.0612
4987,4.0609
4988,4.0605
4989,4.0602
4990,4.0599
4991,4.0596
4992,4.0593
4993,4.059
4994,4.0586
4995,4.0583
4996,4.058
4997,4.0577
4998,4.0574
4999,4.0571
5000,4.0567
5001,4.0564
5002,4.0563
5003,4.0559
5004,4.0556
5005,4.0553
5006,4.055
5007,4.0547
5008,4.0544
5009,4.054
5010,4.0537
5011,4.0534
5012,4.0531
5013,4.0529
5014,4.0526
5015,4.0523
5016,4.052
5017,4.0516
5018,4.0513
5019,4.051
5020,4.0507
5021,4.0504
5022,4.0502
5023,4.0499
5024,4.0496
5025,4.0493
5026,4.0489
5027,4.0486
5028,4.0483
5029,4.0482
5030,4.0478
5031,4.0475
5032,4.0472
5033,4.0469
5034,4.0467
5035,4.0464
5036,4.0461
5037,4.0458
5038,4.0455
5039,4.0453
5040,4.045
5041,4.0447
5042,4.0443
5043,4.0442
5044,4.0439
5045,4.0435
5046,4.0432
5047,4.0429
5048,4.0428
5049,4.0424
5050,4.0421
5051,4.042
5052,4.0416
5053,4.0413
5054,4.041
5055,4.0408
5056,4.0405
5057,4.0402
5058,4.0399
5059,4.0397
5060,4.0394
5061,4.0391
5062,4.0389
5063,4.0386
5064,4.0383
5065,4.0381
5066,4.0378
5067,4.0375
5068,4.0373
5069,4.037
5070,4.0369
5071,4.0366
5072,4.0362
5073,4.0361
5074,4.0358
5075,4.0356
5076,4.0353
5077,4.035
5078,4.0348
5079,4.0345
5080,4.0343
5081,4.034
5082,4.0337
5083,4.0335
5084,4.0332
5085,4.0331
5086,4.0327
5087,4.0326
5088,4.0323
5089,4.0321
5090,4.0318
5091,4.0316
5092,4.0313
5093,4.0311
5094,4.0308
5095,4.0307
5096,4.0304
5097,4.0302
5098,4.0299
5099,4.0297
5100,4.0294
5101,4.0292
5102,4.0291
5103,4.0288
5104,4.0286
5105,4.0283
5106,4.0281
5107,4.0278
5108,4.0277
5109,4.0273
5110,4.0272
5111,4.027
5112,4.0267
5113,4.0265
5114,4.0264
5115,4.0261
5116,4.0259
5117,4.0256
5118,4.0254
5119,4.0253
5120,4.025
5121,4.0248
5122,4.0246
5123,4.0243
5124,4.0242
5125,4.024
5126,4.0237
5127,4.0235
5128,4.0234
5129,4.0232
5130,4.0229
5131,4.0227
5132,4.0226
5133,4.0222
5134,4.0221
5135,4.0219
5136,4.0216
5137,4.0215
5138,4.0213
5139,4.0211
5140,4.021
5141,4.0207
5142,4.0205
5143,4.0203
5144,4.0202
5145,4.02
5146,4.0197
5147,4.0195
5148,4.0194
5149,4.0192
5150,4.0189
5151,4.0188
5152,4.0186
5153,4.0184
5154,4.0183
5155,4.0181
5156,4.0178
5157,4.0176
5158,4.0175
5159,4.0173
5160,4.0172
5161,4.017
5162,4.0167
5163,4.0165
5164,4.0164
5165,4.0162
5166,4.0161
5167,4.0159
5168,4.0157
5169,4.0154
5170,4.0153
5171,4.0151
5172,4.0149
5173,4.0148
5174,4.0146
5175,4.0145
5176,4.0143
5177,4.0141
5178,4.014
5179,4.0138
5180,4.0135
5181,4.0134
5182,4.0132
5183,4.013
5184,4.0129
5185,4.0127
5186,4.0126
5187,4.0124
5188,4.0122
5189,4.0121
5190,4.0119
5191,4.0118
5192,4.0116
5193,4.0114
5194,4.0111
5195,4.0111
5196,4.0108
5197,4.0106
5198,4.0105
5199,4.0103
5200,4.0102
5201,4.01
5202,4.0099
5203,4.0097
5204,4.0095
5205,4.0094
5206,4.0092
5207,4.0091
5208,4.0089
5209,4.0087
5210,4.0086
5211,4.0084
5212,4.0083
5213,4.0081
5214,4.0079
5215,4.0078
5216,4.0076
5217,4.0075
5218,4.0073
5219,4.0072
5220,4.007
5221,4.0068
5222,4.0067
5223,4.0065
5224,4.0064
5225,4.0062
5226,4.006
5227,4.0059
5228,4.0057
5229,4.0056
5230,4.0054
5231,4.0052
5232,4.0051
5233,4.0049
5234,4.0048
5235,4.0046
5236,4.0045
5237,4.0043
5238,4.0041
5239,4.004
5240,4.0038
5241,4.0037
5242,4.0035
5243,4.0033
5244,4.0032
5245,4.003
5246,4.0029
5247,4.0027
5248,4.0025
5249,4.0024
5250,4.0022
5251,4.0021
5252,4.0019
5253,4.0017
5254,4.0016
5255,4.0014
5256,4.0013
5257,4.0011
5258,4.001
5259,4.0008
5260,4.0006
5261,4.0005
5262,4.0003
5263,4.0002
5264,4.0
5265,3.9998
5266,3.9997
5267,3.9995
5268,3.9994
5269,3.9992
5270,3.999
5271,3.9987
5272,3.9987
5273,3.9984
5274,3.9983
5275,3.9981
5276,3.9979
5277,3.9978
5278,3.9976
5279,3.9975
5280,3.9973
5281,3.9971
5282,3.997
5283,3.9968
5284,3.9967
5285,3.9965
5286,3.9963
5287,3.9962
5288,3.996
5289,3.9959
5290,3.9957
5291,3.9956
5292,3.9952
5293,3.9951
5294,3.9949
5295,3.9948
5296,3.9946
5297,3.9944
5298,3.9943
5299,3.9941
5300,3.994
5301,3.9938
5302,3.9936
5303,3.9933
5304,3.9932
5305,3.993
5306,3.9929
5307,3.9927
5308,3.9925
5309,3.9924
5310,3.9922
5311,3.9919
5312,3.9917
5313,3.9916
5314,3.9914
5315,3.9913
5316,3.9911
5317,3.9909
5318,3.9906
5319,3.9905
5320,3.9903
5321,3.9901
5322,3.99
5323,3.9898
5324,3.9895
5325,3.9894
5326,3.9892
5327,3.989
5328,3.9889
5329,3.9887
5330,3.9884
5331,3.9882
5332,3.9881
5333,3.9879
5334,3.9876
5335,3.9874
5336,3.9873
5337,3.9871
5338,3.987
5339,3.9867
5340,3.9865
5341,3.9863
5342,3.9862
5343,3.9859
5344,3.9857
5345,3.9855
5346,3.9854
5347,3.9851
5348,3.9849
5349,3.9847
5350,3.9844
5351,3.9843
5352,3.9841
5353,3.984
5354,3.9836
5355,3.9835
5356,3.9833
5357,3.983
5358,3.9828
5359,3.9827
5360,3.9824
5361,3.9822
5362,3.982
5363,3.9817
5364,3.9816
5365,3.9814
5366,3.9811
5367,3.9809
5368,3.9808
5369,3.9805
5370,3.9803
5371,3.98
5372,3.9798
5373,3.9797
5374,3.9793
5375,3.9792
5376,3.979
5377,3.9787
5378,3.9785
5379,3.9782
5380,3.9781
5381,3.9779
5382,3.9776
5383,3.9774
5384,3.9771
5385,3.977
5386,3.9768
5387,3.9765
5388,3.9762
5389,3.976
5390,3.9758
5391,3.9755
5392,3.9754
5393,3.9751
5394,3.9749
5395,3.9746
5396,3.9744
5397,3.9741
5398,3.9739
5399,3.9736
5400,3.9735
5401,3.9731
5402,3.973
5403,3.9727
5404,3.9725
5405,3.9722
5406,3.972
5407,3.9717
5408,3.9716
5409,3.9712
5410,3.9711
5411,3.9708
5412,3.9704
5413,3.9703
5414,3.97
5415,3.9698
5416,3.9695
5417,3.9692
5418,3.969
5419,3.9687
5420,3.9685
5421,3.9682
5422,3.9681
5423,3.9677
5424,3.9674
5425,3.9673
5426,3.9669
5427,3.9668
5428,3.9665
5429,3.9662
5430,3.966
5431,3.9657
5432,3.9654
5433,3.9652
5434,3.9649
5435,3.9646
5436,3.9644
5437,3.9641
5438,3.9639
5439,3.9636
5440,3.9633
5441,3.9631
5442,3.9628
5443,3.9625
5444,3.9622
5445,3.962
5446,3.9617
5447,3.9614
5448,3.9612
5449,3.9609
5450,3.9606
5451,3.9604
5452,3.9601
5453,3.9598
5454,3.9596
5455,3.9593
5456,3.959
5457,3.9588
5458,3.9585
5459,3.9582
5460,3.9579
5461,3.9577
5462,3.9574
5463,3.9571
5464,3.9568
5465,3.9566
5466,3.9563
5467,3.956
5468,3.9557
5469,3.9555
5470,3.9552
5471,3.9549
5472,3.9546
5473,3.9544
5474,3.9541
5475,3.9538
5476,3.9534
5477,3.9533
5478,3.953
5479,3.9526
5480,3.9523
5481,3.9522
5482,3.9518
5483,3.9515
5484,3.9512
5485,3.9511
5486,3.9507
5487,3.9504
5488,3.9501
5489,3.9498
5490,3.9496
5491,3.9493
5492,3.949
5493,3.9487
5494,3.9484
5495,3.9482
5496,3.9479
5497,3.9476
5498,3.9472
5499,3.9471
5500,3.9468
5501,3.9464
5502,3.9461
5503,3.9458
5504,3.9457
5505,3.9453
5506,3.945
5507,3.9447
5508,3.9444
5509,3.9442
5510,3.9439
5511,3.9436
5512,3.9433
5513,3.9431
5514,3.9428
5515,3.9425
5516,3.9422
5517,3.9418
5518,3.9417
5519,3.9414
5520,3.941
5521,3.9407
5522,3.9404
5523,3.9402
5524,3.9399
5525,3.9396
5526,3.9393
5527,3.9391
5528,3.9388
5529,3.9385
5530,3.9382
5531,3.9379
5532,3.9377
5533,3.9374
5534,3.9371
5535,3.9368
5536,3.9364
5537,3.9363
5538,3.936
5539,3.9356
5540,3.9353
5541,3.9352
5542,3.9348
5543,3.9345
5544,3.9342
5545,3.9339
5546,3.9337
5547,3.9334
5548,3.9331
5549,3.9329
5550,3.9326
5551,3.9323
5552,3.932
5553,3.9317
5554,3.9315
5555,3.9312
5556,3.9309
5557,3.9306
5558,3.9304
5559,3.9301
5560,3.9298
5561,3.9294
5562,3.9293
5563,3.929
5564,3.9286
5565,3.9283
5566,3.9282
5567,3.9279
5568,3.9275
5569,3.9274
5570,3.9271
5571,3.9267
5572,3.9264
5573,3.9263
5574,3.9259
5575,3.9256
5576,3.9255
5577,3.9252
5578,3.9248
5579,3.9247
5580,3.9244
5581,3.924
5582,3.9237
5583,3.9236
5584,3.9232
5585,3.9229
5586,3.9228
5587,3.9225
5588,3.9221
5589,3.922
5590,3.9217
5591,3.9213
5592,3.9212
5593,3.9209
5594,3.9205
5595,3.9204
5596,3.9201
5597,3.9197
5598,3.9196
5599,3.9193
5600,3.919
5601,3.9188
5602,3.9185
5603,3.9182
5604,3.918
5605,3.9177
5606,3.9175
5607,3.9172
5608,3.9169
5609,3.9167
5610,3.9164
5611,3.9161
5612,3.9159
5613,3.9156
5614,3.9153
5615,3.9151
5616,3.9148
5617,3.9147
5618,3.9143
5619,3.914
5620,3.9139
5621,3.9136
5622,3.9134
5623,3.9131
5624,3.9128
5625,3.9126
5626,3.9123
5627,3.9121
5628,3.9118
5629,3.9115
5630,3.9113
5631,3.911
5632,3.9108
5633,3.9105
5634,3.9104
5635,3.9101
5636,3.9099
5637,3.9096
5638,3.9093
5639,3.9091
5640,3.9088
5641,3.9086
5642,3.9083
5643,3.9081
5644,3.9078
5645,3.9075
5646,3.9074
5647,3.9072
5648,3.9069
5649,3.9067
5650,3.9064
5651,3.9061
5652,3.9059
5653,3.9056
5654,3.9054
5655,3.9051
5656,3.905
5657,3.9047
5658,3.9045
5659,3.9042
5660,3.904
5661,3.9037
5662,3.9035
5663,3.9032
5664,3.9031
5665,3.9027
5666,3.9026
5667,3.9023
5668,3.9021
5669,3.9018
5670,3.9016
5671,3.9013
5672,3.9012
5673,3.9008
5674,3.9007
5675,3.9004
5676,3.9002
5677,3.8999
5678,3.8997
5679,3.8994
5680,3.8992
5681,3.8989
5682,3.8988
5683,3.8985
5684,3.8983
5685,3.898
5686,3.8978
5687,3.8977
5688,3.8973
5689,3.8972
5690,3.8969
5691,3.8967
5692,3.8964
5693,3.8962
5694,3.8959
5695,3.8958
5696,3.8954
5697,3.8953
5698,3.895
5699,3.8948
5700,3.8945
5701,3.8943
5702,3.8942
5703,3.8938
5704,3.8937
5705,3.8934
5706,3.8932
5707,3.8929
5708,3.8927
5709,3.8924
5710,3.8923
5711,3.8921
5712,3.8918
5713,3.8916
5714,3.8913
5715,3.8911
5716,3.8908
5717,3.8907
5718,3.8903
5719,3.8902
5720,3.89
5721,3.8897
5722,3.8896
5723,3.8892
5724,3.8891
5725,3.8888
5726,3.8886
5727,3.8883
5728,3.8881
5729,3.8878
5730,3.8876
5731,3.8875
5732,3.8872
5733,3.887
5734,3.8867
5735,3.8865
5736,3.8862
5737,3.8861
5738,3.8859
5739,3.8856
5740,3.8854
5741,3.8851
5742,3.8849
5743,3.8846
5744,3.8845
5745,3.8843
5746,3.884
5747,3.8838
5748,3.8835
5749,3.8834
5750,3.883
5751,3.8829
5752,3.8826
5753,3.8824
5754,3.8822
5755,3.8819
5756,3.8818
5757,3.8814
5758,3.8813
5759,3.881
5760,3.8808
5761,3.8805
5762,3.8803
5763,3.8802
5764,3.8799
5765,3.8797
5766,3.8794
5767,3.8792
5768,3.8789
5769,3.8787
5770,3.8786
5771,3.8783
5772,3.878
5773,3.8778
5774,3.8776
5775,3.8773
5776,3.8772
5777,3.8768
5778,3.8767
5779,3.8764
5780,3.8762
5781,3.8759
5782,3.8757
5783,3.8756
5784,3.8753
5785,3.8751
5786,3.8748
5787,3.8746
5788,3.8743
5789,3.8741
5790,3.8738
5791,3.8737
5792,3.8733
5793,3.8732
5794,3.8729
5795,3.8727
5796,3.8724
5797,3.8722
5798,3.8719
5799,3.8718
5800,3.8714
5801,3.8713
5802,3.871
5803,3.8708
5804,3.8705
5805,3.8703
5806,3.8702
5807,3.8698
5808,3.8697
5809,3.8694
5810,3.8692
5811,3.8689
5812,3.8687
5813,3.8684
5814,3.8683
5815,3.8679
5816,3.8678
5817,3.8675
5818,3.8673
5819,3.867
5820,3.8668
5821,3.8665
5822,3.8664
5823,3.866
5824,3.8659
5825,3.8656
5826,3.8654
5827,3.8651
5828,3.8649
5829,3.8646
5830,3.8643
5831,3.8641
5832,3.8638
5833,3.8637
5834,3.8633
5835,3.8632
5836,3.8629
5837,3.8627
5838,3.8624
5839,3.8622
5840,3.8619
5841,3.8617
5842,3.8614
5843,3.8613
5844,3.8609
5845,3.8608
5846,3.8605
5847,3.8603
5848,3.86
5849,3.8597
5850,3.8595
5851,3.8592
5852,3.859
5853,3.8587
5854,3.8586
5855,3.8582
5856,3.8581
5857,3.8578
5858,3.8576
5859,3.8573
5860,3.8571
5861,3.8568
5862,3.8565
5863,3.8563
5864,3.856
5865,3.8559
5866,3.8555
5867,3.8554
5868,3.8551
5869,3.8549
5870,3.8546
5871,3.8543
5872,3.8541
5873,3.8538
5874,3.8536
5875,3.8533
5876,3.8532
5877,3.8528
5878,3.8527
5879,3.8524
5880,3.8521
5881,3.8519
5882,3.8516
5883,3.8514
5884,3.8511
5885,3.8508
5886,3.8506
5887,3.8503
5888,3.8501
5889,3.8498
5890,3.8497
5891,3.8493
5892,3.8492
5893,3.8489
5894,3.8486
5895,3.8484
5896,3.8481
5897,3.8479
5898,3.8476
5899,3.8474
5900,3.8471
5901,3.8468
5902,3.8466
5903,3.8463
5904,3.8462
5905,3.8459
5906,3.8457
5907,3.8454
5908,3.8451
5909,3.8449
5910,3.8446
5911,3.8444
5912,3.8441
5913,3.8439
5914,3.8436
5915,3.8433
5916,3.8432
5917,3.8428
5918,3.8427
5919,3.8424
5920,3.8422
5921,3.8419
5922,3.8416
5923,3.8414
5924,3.8411
5925,3.8409
5926,3.8406
5927,3.8403
5928,3.8401
5929,3.8398
5930,3.8397
5931,3.8393
5932,3.8392
5933,3.8389
5934,3.8387
5935,3.8384
5936,3.8381
5937,3.8379
5938,3.8376
5939,3.8374
5940,3.8371
5941,3.837
5942,3.8366
5943,3.8363
5944,3.8362
5945,3.8358
5946,3.8357
5947,3.8354
5948,3.8352
5949,3.8349
5950,3.8347
5951,3.8344
5952,3.8341
5953,3.8339
5954,3.8336
5955,3.8335
5956,3.8331
5957,3.833
5958,3.8327
5959,3.8325
5960,3.8322
5961,3.832
5962,3.8317
5963,3.8315
5964,3.8312
5965,3.8311
5966,3.8308
5967,3.8304
5968,3.8303
5969,3.83
5970,3.8298
5971,3.8295
5972,3.8293
5973,3.829
5974,3.8288
5975,3.8285
5976,3.8284
5977,3.8281
5978,3.8279
5979,3.8276
5980,3.8273
5981,3.8271
5982,3.8268
5983,3.8266
5984,3.8263
5985,3.8261
5986,3.826
5987,3.8257
5988,3.8254
5989,3.8252
5990,3.8249
5991,3.8247
5992,3.8244
5993,3.8242
5994,3.8239
5995,3.8238
5996,3.8236
5997,3.8233
5998,3.823
5999,3.8228
6000,3.8226
6001,3.8223
6002,3.8222
6003,3.8219
6004,3.8217
6005,3.8214
6006,3.8212
6007,3.8209
6008,3.8207
6009,3.8204
6010,3.8203
6011,3.8199
6012,3.8198
6013,3.8195
6014,3.8193
6015,3.819
6016,3.8188
6017,3.8185
6018,3.8184
6019,3.8182
6020,3.8179
6021,3.8177
6022,3.8174
6023,3.8172
6024,3.8171
6025,3.8168
6026,3.8165
6027,3.8163
6028,3.8161
6029,3.8158
6030,3.8157
6031,3.8153
6032,3.8152
6033,3.8149
6034,3.8147
6035,3.8144
6036,3.8142
6037,3.8141
6038,3.8138
6039,3.8136
6040,3.8133
6041,3.8131
6042,3.813
6043,3.8126
6044,3.8125
6045,3.8122
6046,3.812
6047,3.8118
6048,3.8115
6049,3.8114
6050,3.811
6051,3.8109
6052,3.8106
6053,3.8104
6054,3.8103
6055,3.8099
6056,3.8098
6057,3.8096
6058,3.8093
6059,3.8091
6060,3.8088
6061,3.8087
6062,3.8085
6063,3.8082
6064,3.808
6065,3.8077
6066,3.8076
6067,3.8074
6068,3.8071
6069,3.8069
6070,3.8068
6071,3.8064
6072,3.8063
6073,3.806
6074,3.8058
6075,3.8056
6076,3.8053
6077,3.8052
6078,3.805
6079,3.8047
6080,3.8045
6081,3.8044
6082,3.8041
6083,3.8039
6084,3.8037
6085,3.8034
6086,3.8033
6087,3.8031
6088,3.8028
6089,3.8026
6090,3.8025
6091,3.8022
6092,3.802
6093,3.8018
6094,3.8015
6095,3.8014
6096,3.8012
6097,3.8009
6098,3.8007
6099,3.8006
6100,3.8004
6101,3.8001
6102,3.7999
6103,3.7996
6104,3.7994
6105,3.7993
6106,3.799
6107,3.7988
6108,3.7987
6109,3.7985
6110,3.7982
6111,3.798
6112,3.7979
6113,3.7975
6114,3.7974
6115,3.7972
6116,3.7969
6117,3.7967
6118,3.7966
6119,3.7964
6120,3.7961
6121,3.796
6122,3.7958
6123,3.7955
6124,3.7953
6125,3.7952
6126,3.795
6127,3.7947
6128,3.7945
6129,3.7944
6130,3.7942
6131,3.7939
6132,3.7937
6133,3.7936
6134,3.7934
6135,3.7931
6136,3.7929
6137,3.7928
6138,3.7925
6139,3.7923
6140,3.7921
6141,3.792
6142,3.7918
6143,3.7915
6144,3.7913
6145,3.7912
6146,3.7909
6147,3.7907
6148,3.7905
6149,3.7904
6150,3.7901
6151,3.7899
6152,3.7898
6153,3.7896
6154,3.7894
6155,3.7891
6156,3.789
6157,3.7888
6158,3.7886
6159,3.7883
6160,3.7882
6161,3.788
6162,3.7878
6163,3.7875
6164,3.7874
6165,3.7872
6166,3.7871
6167,3.7869
6168,3.7866
6169,3.7864
6170,3.7863
6171,3.7861
6172,3.7858
6173,3.7856
6174,3.7855
6175,3.7853
6176,3.7851
6177,3.7848
6178,3.7847
6179,3.7845
6180,3.7844
6181,3.7842
6182,3.7839
6183,3.7837
6184,3.7836
6185,3.7834
6186,3.7832
6187,3.7829
6188,3.7828
6189,3.7826
6190,3.7824
6191,3.7823
6192,3.782
6193,3.7818
6194,3.7816
6195,3.7815
6196,3.7813
6197,3.7812
6198,3.7809
6199,3.7807
6200,3.7805
6201,3.7804
6202,3.7802
6203,3.7799
6204,3.7797
6205,3.7796
6206,3.7794
6207,3.7793
6208,3.7791
6209,3.7788
6210,3.7786
6211,3.7785
6212,3.7783
6213,3.7782
6214,3.7778
6215,3.7777
6216,3.7775
6217,3.7774
6218,3.7772
6219,3.777
6220,3.7767
6221,3.7766
6222,3.7764
6223,3.7762
6224,3.7761
6225,3.7759
6226,3.7758
6227,3.7755
6228,3.7753
6229,3.7751
6230,3.775
6231,3.7748
6232,3.7747
6233,3.7743
6234,3.7742
6235,3.774
6236,3.7739
6237,3.7737
6238,3.7735
6239,3.7732
6240,3.7731
6241,3.7729
6242,3.7728
6243,3.7726
6244,3.7724
6245,3.7723
6246,3.772
6247,3.7718
6248,3.7716
6249,3.7715
6250,3.7713
6251,3.7712
6252,3.771
6253,3.7708
6254,3.7705
6255,3.7704
6256,3.7702
6257,3.77
6258,3.7699
6259,3.7697
6260,3.7694
6261,3.7693
6262,3.7691
6263,3.7689
6264,3.7688
6265,3.7686
6266,3.7685
6267,3.7681
6268,3.768
6269,3.7678
6270,3.7677
6271,3.7675
6272,3.7673
6273,3.7672
6274,3.767
6275,3.7669
6276,3.7666
6277,3.7664
6278,3.7662
6279,3.7661
6280,3.7659
6281,3.7658
6282,3.7656
6283,3.7654
6284,3.7651
6285,3.765
6286,3.7648
6287,3.7646
6288,3.7645
6289,3.7643
6290,3.7642
6291,3.764
6292,3.7639
6293,3.7635
6294,3.7634
6295,3.7632
6296,3.7631
6297,3.7629
6298,3.7627
6299,3.7626
6300,3.7624
6301,3.7621
6302,3.7619
6303,3.7618
6304,3.7616
6305,3.7615
6306,3.7613
6307,3.7611
6308,3.761
6309,3.7608
6310,3.7605
6311,3.7604
6312,3.7602
6313,3.76
6314,3.7599
6315,3.7597
6316,3.7596
6317,3.7594
6318,3.7592
6319,3.7591
6320,3.7588
6321,3.7586
6322,3.7584
6323,3.7583
6324,3.7581
6325,3.758
6326,3.7578
6327,3.7577
6328,3.7575
6329,3.7572
6330,3.757
6331,3.7569
6332,3.7567
6333,3.7565
6334,3.7564
6335,3.7562
6336,3.7561
6337,3.7559
6338,3.7557
6339,3.7556
6340,3.7553
6341,3.7551
6342,3.755
6343,3.7548
6344,3.7546
6345,3.7545
6346,3.7543
6347,3.7542
6348,3.754
6349,3.7537
6350,3.7535
6351,3.7534
6352,3.7532
6353,3.753
6354,3.7529
6355,3.7527
6356,3.7526
6357,3.7524
6358,3.7523
6359,3.7521
6360,3.7518
6361,3.7516
6362,3.7515
6363,3.7513
6364,3.7511
6365,3.751
6366,3.7508
6367,3.7507
6368,3.7505
6369,3.7503
6370,3.7502
6371,3.7499
6372,3.7497
6373,3.7495
6374,3.7494
6375,3.7492
6376,3.7491
6377,3.7489
6378,3.7488
6379,3.7486
6380,3.7484
6381,3.7483
6382,3.748
6383,3.7478
6384,3.7476
6385,3.7475
6386,3.7473
6387,3.7472
6388,3.747
6389,3.7468
6390,3.7467
6391,3.7465
6392,3.7462
6393,3.7461
6394,3.7459
6395,3.7457
6396,3.7456
6397,3.7454
6398,3.7453
6399,3.7451
6400,3.7449
6401,3.7448
6402,3.7446
6403,3.7445
6404,3.7441
6405,3.744
6406,3.7438
6407,3.7437
6408,3.7435
6409,3.7434
6410,3.7432
6411,3.743
6412,3.7429
6413,3.7427
6414,3.7424
6415,3.7422
6416,3.7421
6417,3.7419
6418,3.7418
6419,3.7416
6420,3.7414
6421,3.7413
6422,3.7411
6423,3.741
6424,3.7408
6425,3.7406
6426,3.7403
6427,3.7402
6428,3.74
6429,3.7399
6430,3.7397
6431,3.7395
6432,3.7394
6433,3.7392
6434,3.7391
6435,3.7389
6436,3.7387
6437,3.7386
6438,3.7383
6439,3.7381
6440,3.7379
6441,3.7378
6442,3.7376
6443,3.7375
6444,3.7373
6445,3.7372
6446,3.737
6447,3.7368
6448,3.7365
6449,3.7365
6450,3.7362
6451,3.736
6452,3.7359
6453,3.7357
6454,3.7356
6455,3.7354
6456,3.7352
6457,3.7351
6458,3.7348
6459,3.7346
6460,3.7345
6461,3.7343
6462,3.7341
6463,3.734
6464,3.7338
6465,3.7337
6466,3.7335
6467,3.7333
6468,3.7332
6469,3.7329
6470,3.7327
6471,3.7325
6472,3.7324
6473,3.7322
6474,3.7321
6475,3.7319
6476,3.7317
6477,3.7316
6478,3.7314
6479,3.7313
6480,3.731
6481,3.7308
6482,3.7306
6483,3.7305
6484,3.7303
6485,3.7302
6486,3.73
6487,3.7298
6488,3.7297
6489,3.7294
6490,3.7292
6491,3.729
6492,3.7289
6493,3.7287
6494,3.7286
6495,3.7284
6496,3.7283
6497,3.7281
6498,3.7279
6499,3.7278
6500,3.7275
6501,3.7273
6502,3.7271
6503,3.727
6504,3.7268
6505,3.7267
6506,3.7265
6507,3.7263
6508,3.7262
6509,3.726
6510,3.7257
6511,3.7256
6512,3.7254
6513,3.7252
6514,3.7251
6515,3.7249
6516,3.7248
6517,3.7246
6518,3.7244
6519,3.7241
6520,3.724
6521,3.7238
6522,3.7236
6523,3.7235
6524,3.7233
6525,3.7232
6526,3.723
6527,3.7229
6528,3.7227
6529,3.7224
6530,3.7222
6531,3.7221
6532,3.7219
6533,3.7217
6534,3.7216
6535,3.7214
6536,3.7213
6537,3.7211
6538,3.7208
6539,3.7206
6540,3.7205
6541,3.7203
6542,3.7201
6543,3.72
6544,3.7198
6545,3.7197
6546,3.7195
6547,3.7192
6548,3.719
6549,3.7189
6550,3.7187
6551,3.7186
6552,3.7184
6553,3.7182
6554,3.7181
6555,3.7179
6556,3.7176
6557,3.7174
6558,3.7173
6559,3.7171
6560,3.717
6561,3.7168
6562,3.7167
6563,3.7165
6564,3.7163
6565,3.716
6566,3.7159
6567,3.7157
6568,3.7155
6569,3.7154
6570,3.7152
6571,3.7151
6572,3.7149
6573,3.7146
6574,3.7144
6575,3.7143
6576,3.7141
6577,3.714
6578,3.7138
6579,3.7136
6580,3.7135
6581,3.7133
6582,3.713
6583,3.7128
6584,3.7127
6585,3.7125
6586,3.7124
6587,3.7122
6588,3.712
6589,3.7117
6590,3.7116
6591,3.7114
6592,3.7112
6593,3.7111
6594,3.7109
6595,3.7108
6596,3.7106
6597,3.7105
6598,3.7101
6599,3.71
6600,3.7098
6601,3.7097
6602,3.7095
6603,3.7093
6604,3.709
6605,3.709
6606,3.7087
6607,3.7085
6608,3.7084
6609,3.7082
6610,3.7081
6611,3.7079
6612,3.7078
6613,3.7074
6614,3.7073
6615,3.7071
6616,3.707
6617,3.7068
6618,3.7066
6619,3.7063
6620,3.7062
6621,3.706
6622,3.7058
6623,3.7057
6624,3.7055
6625,3.7054
6626,3.7052
6627,3.7049
6628,3.7047
6629,3.7046
6630,3.7044
6631,3.7043
6632,3.7041
6633,3.7039
6634,3.7038
6635,3.7035
6636,3.7033
6637,3.7031
6638,3.703
6639,3.7028
6640,3.7027
6641,3.7023
6642,3.7022
6643,3.702
6644,3.7019
6645,3.7017
6646,3.7016
6647,3.7014
6648,3.7012
6649,3.7009
6650,3.7008
6651,3.7006
6652,3.7004
6653,3.7003
6654,3.7001
6655,3.6998
6656,3.6996
6657,3.6995
6658,3.6993
6659,3.6992
6660,3.699
6661,3.6989
6662,3.6985
6663,3.6984
6664,3.6982
6665,3.6981
6666,3.6979
6667,3.6977
6668,3.6976
6669,3.6974
6670,3.6971
6671,3.6969
6672,3.6968
6673,3.6966
6674,3.6965
6675,3.6962
6676,3.696
6677,3.6958
6678,3.6957
6679,3.6955
6680,3.6954
6681,3.6952
6682,3.6949
6683,3.6947
6684,3.6946
6685,3.6944
6686,3.6942
6687,3.6941
6688,3.6939
6689,3.6936
6690,3.6935
6691,3.6933
6692,3.6931
6693,3.693
6694,3.6928
6695,3.6925
6696,3.6923
6697,3.6922
6698,3.692
6699,3.6919
6700,3.6917
6701,3.6914
6702,3.6912
6703,3.6911
6704,3.6909
6705,3.6907
6706,3.6906
6707,3.6904
6708,3.6901
6709,3.69
6710,3.6898
6711,3.6896
6712,3.6895
6713,3.6893
6714,3.6892
6715,3.6888
6716,3.6887
6717,3.6885
6718,3.6884
6719,3.6882
6720,3.6879
6721,3.6877
6722,3.6876
6723,3.6874
6724,3.6873
6725,3.6871
6726,3.6868
6727,3.6866
6728,3.6865
6729,3.6863
6730,3.6861
6731,3.686
6732,3.6857
6733,3.6855
6734,3.6853
6735,3.6852
6736,3.685
6737,3.6849
6738,3.6847
6739,3.6844
6740,3.6842
6741,3.6841
6742,3.6839
6743,3.6838
6744,3.6836
6745,3.6833
6746,3.6831
6747,3.683
6748,3.6828
6749,3.6826
6750,3.6825
6751,3.6822
6752,3.682
6753,3.6818
6754,3.6817
6755,3.6815
6756,3.6812
6757,3.6811
6758,3.6809
6759,3.6807
6760,3.6806
6761,3.6804
6762,3.6803
6763,3.6799
6764,3.6798
6765,3.6796
6766,3.6795
6767,3.6793
6768,3.6791
6769,3.6788
6770,3.6787
6771,3.6785
6772,3.6784
6773,3.6782
6774,3.678
6775,3.6779
6776,3.6776
6777,3.6774
6778,3.6772
6779,3.6771
6780,3.6769
6781,3.6766
6782,3.6764
6783,3.6763
6784,3.6761
6785,3.676
6786,3.6758
6787,3.6755
6788,3.6753
6789,3.6752
6790,3.675
6791,3.6749
6792,3.6747
6793,3.6744
6794,3.6742
6795,3.6741
6796,3.6739
6797,3.6737
6798,3.6736
6799,3.6733
6800,3.6731
6801,3.673
6802,3.6728
6803,3.6726
6804,3.6725
6805,3.6723
6806,3.672
6807,3.6718
6808,3.6717
6809,3.6715
6810,3.6714
6811,3.6712
6812,3.6709
6813,3.6707
6814,3.6706
6815,3.6704
6816,3.6702
6817,3.6701
6818,3.6698
6819,3.6696
6820,3.6695
6821,3.6693
6822,3.6691
6823,3.669
6824,3.6688
6825,3.6687
6826,3.6683
6827,3.6682
6828,3.668
6829,3.6679
6830,3.6677
6831,3.6675
6832,3.6672
6833,3.6671
6834,3.6669
6835,3.6668
6836,3.6666
6837,3.6664
6838,3.6661
6839,3.666
6840,3.6658
6841,3.6656
6842,3.6655
6843,3.6653
6844,3.6652
6845,3.665
6846,3.6647
6847,3.6645
6848,3.6644
6849,3.6642
6850,3.6641
6851,3.6639
6852,3.6636
6853,3.6634
6854,3.6633
6855,3.6631
6856,3.6629
6857,3.6628
6858,3.6626
6859,3.6625
6860,3.6621
6861,3.662
6862,3.6618
6863,3.6617
6864,3.6615
6865,3.6613
6866,3.661
6867,3.6609
6868,3.6607
6869,3.6606
6870,3.6604
6871,3.6602
6872,3.6601
6873,3.6599
6874,3.6596
6875,3.6594
6876,3.6593
6877,3.6591
6878,3.659
6879,3.6588
6880,3.6586
6881,3.6585
6882,3.6582
6883,3.658
6884,3.6579
6885,3.6577
6886,3.6575
6887,3.6574
6888,3.6572
6889,3.6569
6890,3.6567
6891,3.6566
6892,3.6564
6893,3.6563
6894,3.6561
6895,3.6559
6896,3.6558
6897,3.6556
6898,3.6553
6899,3.6552
6900,3.655
6901,3.6548
6902,3.6547
6903,3.6545
6904,3.6544
6905,3.6542
6906,3.654
6907,3.6537
6908,3.6536
6909,3.6534
6910,3.6532
6911,3.6531
6912,3.6529
6913,3.6528
6914,3.6526
6915,3.6523
6916,3.6521
6917,3.652
6918,3.6518
6919,3.6517
6920,3.6515
6921,3.6513
6922,3.6512
6923,3.651
6924,3.6509
6925,3.6507
6926,3.6504
6927,3.6502
6928,3.6501
6929,3.6499
6930,3.6497
6931,3.6496
6932,3.6494
6933,3.6493
6934,3.649
6935,3.6488
6936,3.6486
6937,3.6485
6938,3.6483
6939,3.6482
6940,3.648
6941,3.6478
6942,3.6477
6943,3.6475
6944,3.6472
6945,3.647
6946,3.6469
6947,3.6467
6948,3.6466
6949,3.6464
6950,3.6463
6951,3.6461
6952,3.6458
6953,3.6456
6954,3.6455
6955,3.6453
6956,3.6451
6957,3.645
6958,3.6448
6959,3.6447
6960,3.6445
6961,3.6443
6962,3.644
6963,3.6439
6964,3.6437
6965,3.6436
6966,3.6434
6967,3.6432
6968,3.6431
6969,3.6429
6970,3.6428
6971,3.6424
6972,3.6423
6973,3.6421
6974,3.642
6975,3.6418
6976,3.6416
6977,3.6415
6978,3.6413
6979,3.6412
6980,3.6408
6981,3.6407
6982,3.6405
6983,3.6404
6984,3.6402
6985,3.6401
6986,3.6399
6987,3.6397
6988,3.6394
6989,3.6393
6990,3.6391
6991,3.6389
6992,3.6388
6993,3.6386
6994,3.6385
6995,3.6383
6996,3.638
6997,3.6378
6998,3.6377
6999,3.6375
7000,3.6374
7001,3.6372
7002,3.637
7003,3.6367
7004,3.6366
7005,3.6364
7006,3.6362
7007,3.6361
7008,3.6359
7009,3.6358
7010,3.6354
7011,3.6353
7012,3.6351
7013,3.635
7014,3.6348
7015,3.6347
7016,3.6343
7017,3.6342
7018,3.634
7019,3.6339
7020,3.6337
7021,3.6335
7022,3.6334
7023,3.6331
7024,3.6329
7025,3.6327
7026,3.6326
7027,3.6324
7028,3.6321
7029,3.632
7030,3.6318
7031,3.6316
7032,3.6315
7033,3.6312
7034,3.631
7035,3.6308
7036,3.6307
7037,3.6305
7038,3.6304
7039,3.63
7040,3.6299
7041,3.6297
7042,3.6296
7043,3.6294
7044,3.6291
7045,3.6289
7046,3.6288
7047,3.6286
7048,3.6283
7049,3.6281
7050,3.628
7051,3.6278
7052,3.6275
7053,3.6273
7054,3.6272
7055,3.627
7056,3.6267
7057,3.6265
7058,3.6264
7059,3.6262
7060,3.6261
7061,3.6258
7062,3.6256
7063,3.6254
7064,3.6253
7065,3.625
7066,3.6248
7067,3.6246
7068,3.6243
7069,3.6242
7070,3.624
7071,3.6238
7072,3.6235
7073,3.6234
7074,3.6232
7075,3.6229
7076,3.6227
7077,3.6226
7078,3.6224
7079,3.6221
7080,3.6219
7081,3.6216
7082,3.6215
7083,3.6213
7084,3.621
7085,3.6208
7086,3.6207
7087,3.6205
7088,3.6202
7089,3.62
7090,3.6199
7091,3.6196
7092,3.6194
7093,3.6191
7094,3.6189
7095,3.6188
7096,3.6184
7097,3.6183
7098,3.618
7099,3.6178
7100,3.6176
7101,3.6173
7102,3.6172
7103,3.6169
7104,3.6167
7105,3.6165
7106,3.6162
7107,3.6161
7108,3.6157
7109,3.6156
7110,3.6153
7111,3.6151
7112,3.6148
7113,3.6146
7114,3.6145
7115,3.6142
7116,3.614
7117,3.6137
7118,3.6135
7119,3.6132
7120,3.613
7121,3.6127
7122,3.6126
7123,3.6122
7124,3.6121
7125,3.6118
7126,3.6116
7127,3.6113
7128,3.611
7129,3.6108
7130,3.6105
7131,3.6103
7132,3.61
7133,3.6097
7134,3.6095
7135,3.6092
7136,3.6091
7137,3.6087
7138,3.6086
7139,3.6083
7140,3.608
7141,3.6078
7142,3.6075
7143,3.6072
7144,3.607
7145,3.6067
7146,3.6064
7147,3.6062
7148,3.6059
7149,3.6056
7150,3.6054
7151,3.6051
7152,3.6048
7153,3.6045
7154,3.6043
7155,3.604
7156,3.6037
7157,3.6033
7158,3.6032
7159,3.6029
7160,3.6026
7161,3.6022
7162,3.6019
7163,3.6018
7164,3.6014
7165,3.6011
7166,3.6008
7167,3.6005
7168,3.6003
7169,3.6
7170,3.5997
7171,3.5994
7172,3.5991
7173,3.5987
7174,3.5984
7175,3.5981
7176,3.5978
7177,3.5976
7178,3.5973
7179,3.597
7180,3.5967
7181,3.5964
7182,3.596
7183,3.5957
7184,3.5954
7185,3.5951
7186,3.5948
7187,3.5943
7188,3.5941
7189,3.5937
7190,3.5933
7191,3.593
7192,3.5927
7193,3.5924
7194,3.5921
7195,3.5917
7196,3.5913
7197,3.5909
7198,3.5906
7199,3.5903
7200,3.59
7201,3.5895
7202,3.5892
7203,3.5889
7204,3.5886
7205,3.5882
7206,3.5878
7207,3.5875
7208,3.5871
7209,3.5867
7210,3.5863
7211,3.586
7212,3.5855
7213,3.5852
7214,3.5849
7215,3.5844
7216,3.5841
7217,3.5836
7218,3.5833
7219,3.5828
7220,3.5825
7221,3.5821
7222,3.5817
7223,3.5814
7224,3.5809
7225,3.5805
7226,3.5801
7227,3.5797
7228,3.5793
7229,3.5789
7230,3.5786
7231,3.5781
7232,3.5776
7233,3.5773
7234,3.5768
7235,3.5763
7236,3.576
7237,3.5755
7238,3.5751
7239,3.5746
7240,3.5743
7241,3.5738
7242,3.5733
7243,3.5728
7244,3.5725
7245,3.572
7246,3.5716
7247,3.5711
7248,3.5706
7249,3.5701
7250,3.5697
7251,3.5692
7252,3.5687
7253,3.5682
7254,3.5677
7255,3.5673
7256,3.5668
7257,3.5663
7258,3.5658
7259,3.5654
7260,3.5649
7261,3.5644
7262,3.5639
7263,3.5635
7264,3.5628
7265,3.5623
7266,3.5619
7267,3.5614
7268,3.5609
7269,3.5603
7270,3.5598
7271,3.5593
7272,3.5588
7273,3.5582
7274,3.5577
7275,3.5573
7276,3.5566
7277,3.5561
7278,3.5555
7279,3.555
7280,3.5546
7281,3.5539
7282,3.5534
7283,3.5528
7284,3.5523
7285,3.5517
7286,3.5512
7287,3.5506
7288,3.5501
7289,3.5495
7290,3.5488
7291,3.5484
7292,3.5477
7293,3.5472
7294,3.5466
7295,3.546
7296,3.5455
7297,3.5449
7298,3.5442
7299,3.5438
7300,3.5431
7301,3.5425
7302,3.5418
7303,3.5412
7304,3.5407
7305,3.5401
7306,3.5395
7307,3.5388
7308,3.5382
7309,3.5377
7310,3.5371
7311,3.5364
7312,3.5358
7313,3.5352
7314,3.5345
7315,3.5339
7316,3.5333
7317,3.5326
7318,3.532
7319,3.5315
7320,3.5307
7321,3.5301
7322,3.5294
7323,3.529
7324,3.5283
7325,3.5275
7326,3.5269
7327,3.5263
7328,3.5256
7329,3.525
7330,3.5244
7331,3.5237
7332,3.5231
7333,3.5225
7334,3.5217
7335,3.521
7336,3.5204
7337,3.5198
7338,3.5191
7339,3.5185
7340,3.5177
7341,3.5171
7342,3.5164
7343,3.5156
7344,3.515
7345,3.5144
7346,3.5136
7347,3.5129
7348,3.5121
7349,3.5115
7350,3.5109
7351,3.5101
7352,3.5094
7353,3.5086
7354,3.5078
7355,3.5072
7356,3.5064
7357,3.5058
7358,3.505
7359,3.5042
7360,3.5034
7361,3.5026
7362,3.502
7363,3.5012
7364,3.5004
7365,3.4996
7366,3.4988
7367,3.498
7368,3.4972
7369,3.4964
7370,3.4956
7371,3.4946
7372,3.4939
7373,3.4931
7374,3.4921
7375,3.4913
7376,3.4904
7377,3.4896
7378,3.4886
7379,3.4878
7380,3.4869
7381,3.4859
7382,3.4851
7383,3.4842
7384,3.4832
7385,3.4823
7386,3.4813
7387,3.4802
7388,3.4792
7389,3.4783
7390,3.4773
7391,3.4762
7392,3.4753
7393,3.4741
7394,3.4732
7395,3.4721
7396,3.471
7397,3.4699
7398,3.4687
7399,3.4678
7400,3.4667
7401,3.4654
7402,3.4643
7403,3.4632
7404,3.4619
7405,3.4608
7406,3.4595
7407,3.4584
7408,3.4571
7409,3.4559
7410,3.4546
7411,3.4533
7412,3.4521
7413,3.4508
7414,3.4495
7415,3.4481
7416,3.4468
7417,3.4454
7418,3.4441
7419,3.4427
7420,3.4413
7421,3.4398
7422,3.4384
7423,3.437
7424,3.4355
7425,3.4339
7426,3.4325
7427,3.4309
7428,3.4295
7429,3.4279
7430,3.4263
7431,3.4247
7432,3.4231
7433,3.4215
7434,3.42
7435,3.4184
7436,3.4166
7437,3.415
7438,3.4133
7439,3.4117
7440,3.4099
7441,3.4082
7442,3.4064
7443,3.4047
7444,3.4028
7445,3.401
7446,3.3993
7447,3.3974
7448,3.3955
7449,3.3937
7450,3.3918
7451,3.3899
7452,3.388
7453,3.3861
7454,3.384
7455,3.3821
7456,3.3802
7457,3.3782
7458,3.3761
7459,3.3742
7460,3.3721
7461,3.3701
7462,3.368
7463,3.3658
7464,3.3637
7465,3.3616
7466,3.3594
7467,3.3573
7468,3.3551
7469,3.3529
7470,3.3507
7471,3.3484
7472,3.3462
7473,3.3438
7474,3.3416
7475,3.3392
7476,3.337
7477,3.3346
7478,3.3322
7479,3.3298
7480,3.3275
7481,3.3249
7482,3.3225
7483,3.3202
7484,3.3176
7485,3.3151
7486,3.3125
7487,3.31
7488,3.3074
7489,3.3049
7490,3.3022
7491,3.2997
7492,3.297
7493,3.2943
7494,3.2916
7495,3.2888
7496,3.2861
7497,3.2834
7498,3.2806
7499,3.2777
7500,3.275
7501,3.2722
7502,3.2691
7503,3.2663
7504,3.2634
7505,3.2604
7506,3.2574
7507,3.2545
7508,3.2515
7509,3.2485
7510,3.2453
7511,3.2423
7512,3.2391
7513,3.2359
7514,3.2328
7515,3.2296
7516,3.2264
7517,3.2231
7518,3.2199
7519,3.2165
7520,3.2132
7521,3.2097
7522,3.2064
7523,3.2029
7524,3.1995
7525,3.196
7526,3.1925
7527,3.1889
7528,3.1854
7529,3.1817
7530,3.1781
7531,3.1744
7532,3.1706
7533,3.167
7534,3.1631
7535,3.1593
7536,3.1555
7537,3.1515
7538,3.1477
7539,3.1438
7540,3.1398
7541,3.1358
7542,3.1317
7543,3.1277
7544,3.1234
7545,3.1193
7546,3.1152
7547,3.1109
7548,3.1066
7549,3.1023
7550,3.0978
7551,3.0935
7552,3.0891
7553,3.0846
7554,3.08
7555,3.0754
7556,3.0708
7557,3.0662
7558,3.0614
7559,3.0567
7560,3.0519
7561,3.0471
7562,3.0422
7563,3.0373
7564,3.0324
7565,3.0273
7566,3.0222
7567,3.0171
7568,3.0119
7569,3.0066
7570,3.0014
7571,2.9961
7572,2.9907
7573,2.9852
7574,2.9798
7575,2.9742
7576,2.9685
7577,2.9627
7578,2.957
7579,2.9513
7580,2.9454
7581,2.9394
7582,2.9335
7583,2.9275
7584,2.9213
7585,2.9151
7586,2.9087
7587,2.9024
7588,2.896
7589,2.8895
7590,2.883
7591,2.8763
7592,2.8696
7593,2.8628
7594,2.8558
7595,2.849
7596,2.8418
7597,2.8347
7598,2.8275
7599,2.8202
7600,2.8127
7601,2.8053
7602,2.7976
7603,2.79
7604,2.7822
7605,2.7743
7606,2.7663
7607,2.7582
7608,2.7501
7609,2.7417
7610,2.7334
7611,2.725
7612,2.7164
7613,2.7077
7614,2.6989
7615,2.69
7616,2.6811
7617,2.6721
7618,2.6629
7619,2.6537
7620,2.6443
7621,2.6349
7622,2.6254
7623,2.6157
7624,2.606
7625,2.5961
7626,2.5861
7627,2.5761
7628,2.5659
7629,2.5558
7630,2.5454
7631,2.5349
7632,2.5245
7633,2.5138
7634,2.503
7635,2.5
7636,2.5136
7637,2.6142
7638,2.7163
7639,2.8186
7640,2.896
7641,2.9969
7642,3.0799
7643,3.1801
7644,3.1913
7645,3.2691
7646,3.327
7647,3.3701
7648,3.4017
7649,3.4239
7650,3.4393
7651,3.45
7652,3.4573
7653,3.4629
7654,3.4672
7655,3.4705
7656,3.4732
7657,3.4756
7658,3.4776
7659,3.4794
7660,3.481
7661,3.4824
7662,3.4837
7663,3.4848
7664,3.4859
7665,3.4869
7666,3.4878
7667,3.4888
7668,3.4896
7669,3.4902
7670,3.491
7671,3.4916
7672,3.4923
7673,3.4929
7674,3.4934
7675,3.494
7676,3.4945
7677,3.495
7678,3.4956
7679,3.4959
7680,3.4964
7681,3.4969
7682,3.4972
7683,3.4977
7684,3.4981
7685,3.4985
7686,3.4988
7687,3.4991
7688,3.4994
7689,3.4999
7690,3.5002
7691,3.5005
7692,3.5008
7693,3.501
7694,3.5013
7695,3.5016
7696,3.502
7697,3.5021
7698,3.5024
7699,3.5028
7700,3.5029
7701,3.5032
7702,3.5034
7703,3.5037
7704,3.5039
7705,3.5042
7706,3.5043
7707,3.5045
7708,3.5048
7709,3.505
7710,3.5051
7711,3.5055
7712,3.5056
7713,3.5058
7714,3.5059
7715,3.5061
7716,3.5064
7717,3.5066
7718,3.5067
7719,3.5069
7720,3.507
7721,3.5072
7722,3.5074
7723,3.5075
7724,3.5077
7725,3.5078
7726,3.508
7727,3.5082
7728,3.5083
7729,3.5085
7730,3.5086
7731,3.5088
7732,3.5089
7733,3.5091
7734,3.5093
7735,3.5094
7736,3.5094
7737,3.5096
7738,3.5097
7739,3.5099
7740,3.5101
7741,3.5101
7742,3.5102
7743,3.5104
7744,3.5105
7745,3.5107
7746,3.5107
7747,3.5109
7748,3.511
7749,3.511
7750,3.5112
7751,3.5113
7752,3.5115
7753,3.5116
7754,3.5116
7755,3.5118
7756,3.5118
7757,3.512
7758,3.5121
7759,3.5123
7760,3.5123
7761,3.5124
7762,3.5126
7763,3.5126
7764,3.5128
7765,3.5128
7766,3.5129
7767,3.5129
7768,3.5131
7769,3.5132
7770,3.5132
7771,3.5134
7772,3.5134
7773,3.5136
7774,3.5137
7775,3.5137
7776,3.5139
7777,3.5139
7778,3.514
7779,3.514
7780,3.5142
7781,3.5142
7782,3.5144
7783,3.5145
7784,3.5145
7785,3.5145
7786,3.5147
7787,3.5148
7788,3.5148
7789,3.515
7790,3.515
7791,3.5151
7792,3.5151
7793,3.5151
7794,3.5153
7795,3.5155
7796,3.5155
7797,3.5155
7798,3.5156
7799,3.5156
7800,3.5158
7801,3.5158
7802,3.5159
7803,3.5159
7804,3.5161
7805,3.5161
7806,3.5161
7807,3.5163
7808,3.5163
7809,3.5164
7810,3.5164
7811,3.5166
7812,3.5166
7813,3.5166
7814,3.5167
7815,3.5167
7816,3.5169
7817,3.5169
7818,3.5171
7819,3.5171
7820,3.5171
7821,3.5172
7822,3.5252
7823,3.5667
7824,3.5708
7825,3.5732
7826,3.5749
7827,3.5764
7828,3.5776
7829,3.5786
7830,3.5796
7831,3.5803
7832,3.5811
7833,3.5818
7834,3.5824
7835,3.583
7836,3.5837
7837,3.5842
7838,3.5848
7839,3.5853
7840,3.5857
7841,3.5862
7842,3.5867
7843,3.5872
7844,3.5875
7845,3.588
7846,3.5884
7847,3.5888
7848,3.5892
7849,3.5896
7850,3.59
7851,3.5904
7852,3.5907
7853,3.5911
7854,3.5915
7855,3.5918
7856,3.5921
7857,3.5924
7858,3.5929
7859,3.5932
7860,3.5935
7861,3.5938
7862,3.5942
7863,3.5945
7864,3.5948
7865,3.5951
7866,3.5953
7867,3.5956
7868,3.5959
7869,3.5962
7870,3.5966
7871,3.5969
7872,3.5972
7873,3.5973
7874,3.5977
7875,3.598
7876,3.5983
7877,3.5985
7878,3.5988
7879,3.5991
7880,3.5993
7881,3.5996
7882,3.5999
7883,3.6
7884,3.6004
7885,3.6005
7886,3.6008
7887,3.601
7888,3.6013
7889,3.6015
7890,3.6018
7891,3.6021
7892,3.6023
7893,3.6026
7894,3.6027
7895,3.6031
7896,3.6032
7897,3.6034
7898,3.6037
7899,3.6039
7900,3.6042
7901,3.6043
7902,3.6045
7903,3.6048
7904,3.605
7905,3.6051
7906,3.6054
7907,3.6056
7908,3.6059
7909,3.6061
7910,3.6062
7911,3.6064
7912,3.6067
7913,3.6069
7914,3.6072
7915,3.6074
7916,3.6075
7917,3.6077
7918,3.6078
7919,3.6081
7920,3.6083
7921,3.6085
7922,3.6086
7923,3.6088
7924,3.6091
7925,3.6093
7926,3.6094
7927,3.6096
7928,3.6097
7929,3.6101
7930,3.6102
7931,3.6104
7932,3.6105
7933,3.6107
7934,3.6108
7935,3.611
7936,3.6112
7937,3.6115
7938,3.6116
7939,3.6118
7940,3.612
7941,3.6121
7942,3.6123
7943,3.6124
7944,3.6126
7945,3.6128
7946,3.6129
7947,3.6131
7948,3.6132
7949,3.6134
7950,3.6135
7951,3.6137
7952,3.6139
7953,3.6142
7954,3.6143
7955,3.6145
7956,3.6145
7957,3.6148
7958,3.615
7959,3.6151
7960,3.6153
7961,3.6153
7962,3.6155
7963,3.6156
7964,3.6158
7965,3.6159
7966,3.6161
7967,3.6163
7968,3.6164
7969,3.6166
7970,3.6167
7971,3.6169
7972,3.617
7973,3.6172
7974,3.6174
7975,3.6175
7976,3.6177
7977,3.6178
7978,3.618
7979,3.6182
7980,3.6183
7981,3.6185
7982,3.6185
7983,3.6186
7984,3.6188
7985,3.619
7986,3.6191
7987,3.6193
7988,3.6194
7989,3.6196
7990,3.6197
7991,3.6199
7992,3.6201
7993,3.6201
7994,3.6202
7995,3.6204
7996,3.6205
7997,3.6207
7998,3.6209
7999,3.621
8000,3.6212
8001,3.6212
8002,3.6213
8003,3.6215
8004,3.6217
8005,3.6218
8006,3.622
8007,3.6221
8008,3.6221
8009,3.6223
8010,3.6224
8011,3.6226
8012,3.6228
8013,3.6229
8014,3.6229
8015,3.6231
8016,3.6232
8017,3.6234
8018,3.6236
8019,3.6237
8020,3.6239
8021,3.6239
8022,3.624
8023,3.6242
8024,3.6244
8025,3.6245
8026,3.6247
8027,3.6247
8028,3.6248
8029,3.625
8030,3.6251
8031,3.6253
8032,3.6255
8033,3.6255
8034,3.6256
8035,3.6258
8036,3.6259
8037,3.6261
8038,3.6263
8039,3.6263
8040,3.6264
8041,3.6266
8042,3.6267
8043,3.6269
8044,3.6269
8045,3.6271
8046,3.6272
8047,3.6274
8048,3.6275
8049,3.6275
8050,3.6277
8051,3.6278
8052,3.628
8053,3.6282
8054,3.6282
8055,3.6283
8056,3.6285
8057,3.6286
8058,3.6288
8059,3.6288
8060,3.629
8061,3.6291
8062,3.6293
8063,3.6293
8064,3.6294
8065,3.6296
8066,3.6298
8067,3.6299
8068,3.6301
8069,3.6301
8070,3.6302
8071,3.6304
8072,3.6305
8073,3.6305
8074,3.6307
8075,3.6309
8076,3.631
8077,3.631
8078,3.6312
8079,3.6313
8080,3.6315
8081,3.6317
8082,3.6318
8083,3.6318
8084,3.632
8085,3.6321
8086,3.6323
8087,3.6325
8088,3.6325
8089,3.6326
8090,3.6328
8091,3.6329
8092,3.6329
8093,3.6331
8094,3.6332
8095,3.6334
8096,3.6336
8097,3.6337
8098,3.6337
8099,3.6339
8100,3.634
8101,3.6342
8102,3.6342
8103,3.6344
8104,3.6345
8105,3.6347
8106,3.6347
8107,3.6348
8108,3.635
8109,3.6352
8110,3.6352
8111,3.6353
8112,3.6355
8113,3.6356
8114,3.6358
8115,3.6358
8116,3.636
8117,3.6361
8118,3.6363
8119,3.6363
8120,3.6364
8121,3.6366
8122,3.6367
8123,3.6367
8124,3.6369
8125,3.6371
8126,3.6372
8127,3.6372
8128,3.6374
8129,3.6375
8130,3.6377
8131,3.6379
8132,3.6379
8133,3.638
8134,3.6382
8135,3.6383
8136,3.6385
8137,3.6385
8138,3.6387
8139,3.6388
8140,3.639
8141,3.639
8142,3.6391
8143,3.6393
8144,3.6394
8145,3.6394
8146,3.6396
8147,3.6398
8148,3.6399
8149,3.6399
8150,3.6401
8151,3.6402
8152,3.6404
8153,3.6404
8154,3.6406
8155,3.6407
8156,3.6409
8157,3.6409
8158,3.641
8159,3.6412
8160,3.6412
8161,3.6414
8162,3.6415
8163,3.6417
8164,3.6417
8165,3.6418
8166,3.642
8167,3.6421
8168,3.6423
8169,3.6423
8170,3.6425
8171,3.6426
8172,3.6426
8173,3.6428
8174,3.6429
8175,3.6431
8176,3.6433
8177,3.6433
8178,3.6434
8179,3.6436
8180,3.6436
8181,3.6437
8182,3.6439
8183,3.6441
8184,3.6441
8185,3.6442
8186,3.6444
8187,3.6445
8188,3.6445
8189,3.6447
8190,3.6448
8191,3.645
8192,3.645
8193,3.6452
8194,3.6453
8195,3.6455
8196,3.6455
8197,3.6456
8198,3.6458
8199,3.6458
8200,3.646
8201,3.6461
8202,3.6463
8203,3.6464
8204,3.6464
8205,3.6466
8206,3.6468
8207,3.6468
8208,3.6469
8209,3.6471
8210,3.6472
8211,3.6472
8212,3.6474
8213,3.6475
8214,3.6477
8215,3.6477
8216,3.6479
8217,3.648
8218,3.6482
8219,3.6482
8220,3.6483
8221,3.6485
8222,3.6485
8223,3.6487
8224,3.6488
8225,3.649
8226,3.649
8227,3.6491
8228,3.6493
8229,3.6493
8230,3.6495
8231,3.6496
8232,3.6498
8233,3.6499
8234,3.6499
8235,3.6501
8236,3.6502
8237,3.6502
8238,3.6504
8239,3.6506
8240,3.6507
8241,3.6507
8242,3.6509
8243,3.651
8244,3.6512
8245,3.6512
8246,3.6514
8247,3.6515
8248,3.6517
8249,3.6517
8250,3.6518
8251,3.652
8252,3.6522
8253,3.6522
8254,3.6523
8255,3.6525
8256,3.6526
8257,3.6526
8258,3.6528
8259,3.6529
8260,3.6531
8261,3.6531
8262,3.6533
8263,3.6534
8264,3.6534
8265,3.6536
8266,3.6537
8267,3.6539
8268,3.6539
8269,3.6541
8270,3.6542
8271,3.6544
8272,3.6544
8273,3.6545
8274,3.6547
8275,3.6549
8276,3.6549
8277,3.655
8278,3.6552
8279,3.6552
8280,3.6553
8281,3.6555
8282,3.6555
8283,3.6557
8284,3.6558
8285,3.656
8286,3.656
8287,3.6561
8288,3.6563
8289,3.6563
8290,3.6564
8291,3.6566
8292,3.6568
8293,3.6568
8294,3.6569
8295,3.6571
8296,3.6571
8297,3.6572
8298,3.6574
8299,3.6576
8300,3.6576
8301,3.6577
8302,3.6579
8303,3.658
8304,3.658
8305,3.6582
8306,3.6584
8307,3.6584
8308,3.6585
8309,3.6587
8310,3.6588
8311,3.659
8312,3.659
8313,3.6591
8314,3.6593
8315,3.6595
8316,3.6595
8317,3.6596
8318,3.6598
8319,3.6598
8320,3.6599
8321,3.6601
8322,3.6603
8323,3.6603
8324,3.6604
8325,3.6606
8326,3.6606
8327,3.6607
8328,3.6609
8329,3.6609
8330,3.6611
8331,3.6612
8332,3.6614
8333,3.6615
8334,3.6615
8335,3.6617
8336,3.6618
8337,3.6618
8338,3.662
8339,3.6622
8340,3.6623
8341,3.6623
8342,3.6625
8343,3.6626
8344,3.6628
8345,3.6628
8346,3.663
8347,3.6631
8348,3.6631
8349,3.6633
8350,3.6634
8351,3.6636
8352,3.6636
8353,3.6638
8354,3.6639
8355,3.6641
8356,3.6641
8357,3.6642
8358,3.6644
8359,3.6645
8360,3.6645
8361,3.6647
8362,3.6647
8363,3.6649
8364,3.665
8365,3.6652
8366,3.6653
8367,3.6653
8368,3.6655
8369,3.6657
8370,3.6657
8371,3.6658
8372,3.666
8373,3.666
8374,3.6661
8375,3.6663
8376,3.6665
8377,3.6665
8378,3.6666
8379,3.6668
8380,3.6668
8381,3.6669
8382,3.6671
8383,3.6672
8384,3.6672
8385,3.6674
8386,3.6676
8387,3.6676
8388,3.6677
8389,3.6679
8390,3.668
8391,3.668
8392,3.6682
8393,3.6684
8394,3.6685
8395,3.6685
8396,3.6687
8397,3.6688
8398,3.669
8399,3.669
8400,3.6692
8401,3.6693
8402,3.6693
8403,3.6695
8404,3.6696
8405,3.6698
8406,3.6698
8407,3.6699
8408,3.6701
8409,3.6703
8410,3.6703
8411,3.6704
8412,3.6706
8413,3.6707
8414,3.6707
8415,3.6709
8416,3.6709
8417,3.6711
8418,3.6712
8419,3.6714
8420,3.6714
8421,3.6715
8422,3.6717
8423,3.6719
8424,3.6719
8425,3.672
8426,3.6722
8427,3.6723
8428,3.6723
8429,3.6725
8430,3.6726
8431,3.6728
8432,3.6728
8433,3.673
8434,3.6731
8435,3.6731
8436,3.6733
8437,3.6734
8438,3.6734
8439,3.6736
8440,3.6738
8441,3.6739
8442,3.6739
8443,3.6741
8444,3.6742
8445,3.6744
8446,3.6744
8447,3.6746
8448,3.6747
8449,3.6747
8450,3.6749
8451,3.675
8452,3.675
8453,3.6752
8454,3.6754
8455,3.6755
8456,3.6755
8457,3.6757
8458,3.6758
8459,3.6758
8460,3.676
8461,3.6761
8462,3.6763
8463,3.6763
8464,3.6765
8465,3.6766
8466,3.6768
8467,3.6768
8468,3.6769
8469,3.6771
8470,3.6771
8471,3.6773
8472,3.6774
8473,3.6776
8474,3.6776
8475,3.6777
8476,3.6779
8477,3.6779
8478,3.6781
8479,3.6782
8480,3.6784
8481,3.6784
8482,3.6785
8483,3.6787
8484,3.6788
8485,3.6788
8486,3.679
8487,3.6792
8488,3.6792
8489,3.6793
8490,3.6795
8491,3.6796
8492,3.6796
8493,3.6798
8494,3.68
8495,3.6801
8496,3.6801
8497,3.6803
8498,3.6804
8499,3.6806
8500,3.6806
8501,3.6808
8502,3.6809
8503,3.6811
8504,3.6811
8505,3.6812
8506,3.6814
8507,3.6815
8508,3.6815
8509,3.6817
8510,3.6819
8511,3.682
8512,3.682
8513,3.6822
8514,3.6823
8515,3.6825
8516,3.6825
8517,3.6827
8518,3.6828
8519,3.6828
8520,3.683
8521,3.6831
8522,3.6833
8523,3.6833
8524,3.6835
8525,3.6836
8526,3.6838
8527,3.6838
8528,3.6839
8529,3.6841
8530,3.6841
8531,3.6842
8532,3.6844
8533,3.6846
8534,3.6846
8535,3.6847
8536,3.6849
8537,3.685
8538,3.6852
8539,3.6852
8540,3.6854
8541,3.6855
8542,3.6857
8543,3.6857
8544,3.6858
8545,3.686
8546,3.6862
8547,3.6862
8548,3.6863
8549,3.6865
8550,3.6866
8551,3.6866
8552,3.6868
8553,3.6869
8554,3.6871
8555,3.6873
8556,3.6873
8557,3.6874
8558,3.6876
8559,3.6877
8560,3.6877
8561,3.6879
8562,3.6881
8563,3.6882
8564,3.6882
8565,3.6884
8566,3.6885
8567,3.6887
8568,3.6889
8569,3.6889
8570,3.689
8571,3.6892
8572,3.6893
8573,3.6893
8574,3.6895
8575,3.6896
8576,3.6898
8577,3.6898
8578,3.69
8579,3.6901
8580,3.6903
8581,3.6904
8582,3.6904
8583,3.6906
8584,3.6908
8585,3.6909
8586,3.6909
8587,3.6911
8588,3.6912
8589,3.6914
8590,3.6916
8591,3.6916
8592,3.6917
8593,3.6919
8594,3.692
8595,3.6922
8596,3.6922
8597,3.6923
8598,3.6925
8599,3.6927
8600,3.6928
8601,3.6928
8602,3.693
8603,3.6931
8604,3.6933
8605,3.6933
8606,3.6935
8607,3.6936
8608,3.6938
8609,3.6939
8610,3.6939
8611,3.6941
8612,3.6943
8613,3.6944
8614,3.6946
8615,3.6946
8616,3.6947
8617,3.6949
8618,3.695
8619,3.6952
8620,3.6954
8621,3.6954
8622,3.6955
8623,3.6957
8624,3.6958
8625,3.696
8626,3.696
8627,3.6962
8628,3.6963
8629,3.6965
8630,3.6966
8631,3.6966
8632,3.6968
8633,3.697
8634,3.6971
8635,3.6973
8636,3.6974
8637,3.6974
8638,3.6976
8639,3.6978
8640,3.6979
8641,3.6981
8642,3.6982
8643,3.6982
8644,3.6984
8645,3.6985
8646,3.6987
8647,3.6989
8648,3.699
8649,3.699
8650,3.6992
8651,3.6993
8652,3.6995
8653,3.6997
8654,3.6998
8655,3.7
8656,3.7
8657,3.7001
8658,3.7003
8659,3.7005
8660,3.7006
8661,3.7008
8662,3.7009
8663,3.7009
8664,3.7011
8665,3.7012
8666,3.7014
8667,3.7016
8668,3.7017
8669,3.7019
8670,3.702
8671,3.702
8672,3.7022
8673,3.7024
8674,3.7025
8675,3.7027
8676,3.7028
8677,3.7028
8678,3.7032
8679,3.7032
8680,3.7033
8681,3.7035
8682,3.7036
8683,3.7038
8684,3.7039
8685,3.7041
8686,3.7041
8687,3.7043
8688,3.7044
8689,3.7046
8690,3.7047
8691,3.7049
8692,3.7051
8693,3.7052
8694,3.7054
8695,3.7055
8696,3.7055
8697,3.7057
8698,3.7059
8699,3.706
8700,3.7062
8701,3.7063
8702,3.7065
8703,3.7066
8704,3.7068
8705,3.7068
8706,3.707
8707,3.7071
8708,3.7073
8709,3.7074
8710,3.7076
8711,3.7078
8712,3.7079
8713,3.7081
8714,3.7082
8715,3.7084
8716,3.7086
8717,3.7086
8718,3.7087
8719,3.7089
8720,3.709
8721,3.7092
8722,3.7093
8723,3.7095
8724,3.7097
8725,3.7097
8726,3.7098
8727,3.7097
8728,3.7097
8729,3.7097
8730,3.7097
8731,3.7097
8732,3.7097
8733,3.7097
8734,3.7097
8735,3.7097
8736,3.7097
8737,3.7097
8738,3.7097
8739,3.7097
8740,3.7097
8741,3.7095
8742,3.7097
8743,3.7097
8744,3.7097
8745,3.7097
8746,3.7097
8747,3.7095
8748,3.7097
8749,3.7097
8750,3.7097
8751,3.7097
8752,3.7097
8753,3.7097
8754,3.7097
8755,3.7097
8756,3.7097
8757,3.7097
8758,3.7097
8759,3.7097
8760,3.7097
8761,3.7097
8762,3.7097
8763,3.7095
8764,3.7097
8765,3.7097
8766,3.7076
8767,3.7066
8768,3.7063
8769,3.7062
8770,3.7058
8771,3.7058
8772,3.7057
8773,3.7055
8774,3.7055
8775,3.7054
8776,3.7054
8777,3.7052
8778,3.7052
8779,3.7051
8780,3.7051
8781,3.7051
8782,3.7049
8783,3.7049
8784,3.7049
8785,3.7047
8786,3.7047
8787,3.7047
8788,3.7047
8789,3.7046
8790,3.7046
8791,3.7046
8792,3.7046
8793,3.7044
8794,3.7044
8795,3.7044
8796,3.7044
8797,3.7044
8798,3.7044
8799,3.7043
8800,3.7043
8801,3.7043
8802,3.7043
8803,3.7043
8804,3.7043
8805,3.7041
8806,3.7041
8807,3.7041
8808,3.7041
8809,3.7041
8810,3.7041
8811,3.7041
8812,3.7039
8813,3.7039
8814,3.7039
8815,3.7039
8816,3.7039
8817,3.7039
8818,3.7039
8819,3.7039
8820,3.7039
8821,3.7038
8822,3.7038
8823,3.7038
8824,3.7038
8825,3.7038
8826,3.7038
8827,3.7038
8828,3.7038
8829,3.7038
8830,3.7038
8831,3.7038
8832,3.7038
8833,3.7038
8834,3.7036
8835,3.7036
8836,3.7036
8837,3.7036
8838,3.7036
8839,3.7036
8840,3.7036
8841,3.7036
8842,3.7036
8843,3.7036
8844,3.7036
8845,3.7036
8846,3.7036
8847,3.7036
8848,3.7035
8849,3.7035
8850,3.7035
8851,3.7035
8852,3.7035
8853,3.7035
8854,3.7035
8855,3.7035
8856,3.7035
8857,3.7035
8858,3.7035
8859,3.7035
8860,3.7035
8861,3.7035
8862,3.7035
8863,3.7033
8864,3.7033
8865,3.7033
8866,3.7033
8867,3.7033
8868,3.7033
8869,3.7033
8870,3.7033
8871,3.7033
8872,3.7033
8873,3.7033
8874,3.7033
8875,3.7033
8876,3.7033
8877,3.7033
8878,3.7033
8879,3.7033
8880,3.7033
8881,3.7033
8882,3.7033
8883,3.7033
8884,3.7033
8885,3.7033
8886,3.7033
8887,3.7033
8888,3.7033
8889,3.7033
8890,3.7033
8891,3.7033
8892,3.7031
8893,3.7031
8894,3.7031
8895,3.7031
8896,3.7031
8897,3.7031
8898,3.7031
8899,3.7031
8900,3.7031
8901,3.7031
8902,3.7031
8903,3.7031
8904,3.7031
8905,3.7031
8906,3.7031
8907,3.7031
8908,3.7031
8909,3.7031
8910,3.7031
8911,3.7031
8912,3.7031
8913,3.7031
8914,3.7031
8915,3.7031
8916,3.7031
8917,3.7031
8918,3.7031
8919,3.7031
8920,3.7031
8921,3.7031
8922,3.7031
8923,3.7031
8924,3.7031
8925,3.7031
8926,3.7031
8927,3.7031
8928,3.7031
8929,3.7031
8930,3.7031
8931,3.7031
8932,3.7031
8933,3.7031
8934,3.703
8935,3.703
8936,3.7031
8937,3.7031
8938,3.703
8939,3.7031
8940,3.703
8941,3.7031
8942,3.703
8943,3.703
8944,3.703
8945,3.703
8946,3.703
