,voltage
0,3.4228
1,3.4228
2,3.4228
3,3.4228
4,3.4228
5,3.4228
6,3.4228
7,3.4228
8,3.4228
9,3.4228
10,3.4228
11,3.4228
12,3.4228
13,3.4228
14,3.4228
15,3.4228
16,3.4228
17,3.4228
18,3.4228
19,3.4228
20,3.4228
21,3.4228
22,3.4228
23,3.4228
24,3.4228
25,3.4228
26,3.4228
27,3.4228
28,3.4228
29,3.4228
30,3.4228
31,3.4228
32,3.4228
33,3.4228
34,3.4228
35,3.4228
36,3.4228
37,3.4228
38,3.4228
39,3.4228
40,3.4228
41,3.4228
42,3.4228
43,3.4228
44,3.4228
45,3.4228
46,3.4228
47,3.4228
48,3.4228
49,3.4228
50,3.4228
51,3.4228
52,3.4228
53,3.4228
54,3.4226
55,3.4228
56,3.4228
57,3.4228
58,3.4228
59,3.4228
60,3.4228
61,3.5302
62,3.634
63,3.6728
64,3.6659
65,3.6613
66,3.6581
67,3.6558
68,3.6539
69,3.6523
70,3.651
71,3.6499
72,3.6489
73,3.6481
74,3.6475
75,3.6469
76,3.6464
77,3.6459
78,3.6454
79,3.6451
80,3.6448
81,3.6445
82,3.6442
83,3.644
84,3.6437
85,3.6435
86,3.6434
87,3.6434
88,3.6432
89,3.6432
90,3.643
91,3.643
92,3.643
93,3.6429
94,3.6429
95,3.643
96,3.643
97,3.643
98,3.643
99,3.643
100,3.643
101,3.6432
102,3.6434
103,3.6434
104,3.6434
105,3.6435
106,3.6435
107,3.6437
108,3.6438
109,3.6438
110,3.644
111,3.6442
112,3.6442
113,3.6443
114,3.6445
115,3.6446
116,3.6446
117,3.6448
118,3.645
119,3.6451
120,3.6453
121,3.6454
122,3.6456
123,3.6458
124,3.6458
125,3.6459
126,3.6461
127,3.6462
128,3.6464
129,3.6465
130,3.6467
131,3.6469
132,3.647
133,3.6472
134,3.6472
135,3.6473
136,3.6475
137,3.6477
138,3.6478
139,3.648
140,3.6481
141,3.6483
142,3.6485
143,3.6486
144,3.6488
145,3.6489
146,3.6489
147,3.6491
148,3.6492
149,3.6494
150,3.6496
151,3.6497
152,3.6499
153,3.65
154,3.6502
155,3.6504
156,3.6504
157,3.6505
158,3.6507
159,3.6508
160,3.651
161,3.6512
162,3.6513
163,3.6513
164,3.6515
165,3.6516
166,3.6518
167,3.6519
168,3.6521
169,3.6521
170,3.6523
171,3.6524
172,3.6526
173,3.6527
174,3.6529
175,3.6529
176,3.6531
177,3.6532
178,3.6534
179,3.6534
180,3.6535
181,3.6537
182,3.6539
183,3.654
184,3.654
185,3.6542
186,3.6543
187,3.6545
188,3.6545
189,3.6546
190,3.6548
191,3.655
192,3.655
193,3.6551
194,3.6553
195,3.6553
196,3.6554
197,3.6556
198,3.6556
199,3.6558
200,3.6559
201,3.6559
202,3.6561
203,3.6562
204,3.6564
205,3.6564
206,3.6566
207,3.6566
208,3.6567
209,3.6569
210,3.6569
211,3.657
212,3.6572
213,3.6572
214,3.6573
215,3.6573
216,3.6575
217,3.6577
218,3.6577
219,3.6578
220,3.658
221,3.658
222,3.6581
223,3.6581
224,3.6583
225,3.6585
226,3.6585
227,3.6586
228,3.6586
229,3.6588
230,3.6588
231,3.6589
232,3.6591
233,3.6591
234,3.6593
235,3.6593
236,3.6594
237,3.6594
238,3.6596
239,3.6596
240,3.6597
241,3.6599
242,3.6599
243,3.6601
244,3.6601
245,3.6602
246,3.6602
247,3.6604
248,3.6604
249,3.6605
250,3.6605
251,3.6607
252,3.6607
253,3.6608
254,3.6608
255,3.661
256,3.661
257,3.6612
258,3.6612
259,3.6613
260,3.6613
261,3.6615
262,3.6616
263,3.6616
264,3.6616
265,3.6618
266,3.6618
267,3.662
268,3.662
269,3.6621
270,3.6621
271,3.6623
272,3.6623
273,3.6624
274,3.6624
275,3.6626
276,3.6626
277,3.6628
278,3.6628
279,3.6629
280,3.6629
281,3.6631
282,3.6631
283,3.6631
284,3.6632
285,3.6632
286,3.6634
287,3.6634
288,3.6635
289,3.6635
290,3.6637
291,3.6637
292,3.6637
293,3.6639
294,3.6639
295,3.664
296,3.664
297,3.6642
298,3.6642
299,3.6643
300,3.6643
301,3.6643
302,3.6645
303,3.6645
304,3.6647
305,3.6647
306,3.6648
307,3.6648
308,3.665
309,3.665
310,3.665
311,3.6651
312,3.6651
313,3.6653
314,3.6653
315,3.6653
316,3.6655
317,3.6655
318,3.6656
319,3.6656
320,3.6658
321,3.6658
322,3.6658
323,3.6659
324,3.6659
325,3.6661
326,3.6661
327,3.6661
328,3.6662
329,3.6662
330,3.6664
331,3.6664
332,3.6664
333,3.6666
334,3.6666
335,3.6667
336,3.6667
337,3.6667
338,3.6669
339,3.6669
340,3.667
341,3.667
342,3.667
343,3.6672
344,3.6672
345,3.6674
346,3.6674
347,3.6674
348,3.6675
349,3.6675
350,3.6677
351,3.6677
352,3.6677
353,3.6678
354,3.6678
355,3.6678
356,3.668
357,3.668
358,3.6682
359,3.6682
360,3.6682
361,3.6683
362,3.6683
363,3.6685
364,3.6685
365,3.6685
366,3.6686
367,3.6686
368,3.6688
369,3.6688
370,3.6688
371,3.6689
372,3.6689
373,3.6691
374,3.6691
375,3.6691
376,3.6693
377,3.6693
378,3.6693
379,3.6694
380,3.6694
381,3.6694
382,3.6696
383,3.6696
384,3.6697
385,3.6697
386,3.6699
387,3.6699
388,3.6699
389,3.6699
390,3.6701
391,3.6701
392,3.6702
393,3.6702
394,3.6702
395,3.6704
396,3.6704
397,3.6705
398,3.6705
399,3.6705
400,3.6707
401,3.6707
402,3.6709
403,3.6709
404,3.6709
405,3.671
406,3.671
407,3.671
408,3.6712
409,3.6712
410,3.6712
411,3.6713
412,3.6713
413,3.6715
414,3.6715
415,3.6715
416,3.6716
417,3.6716
418,3.6718
419,3.6718
420,3.6718
421,3.672
422,3.672
423,3.672
424,3.6721
425,3.6721
426,3.6721
427,3.6723
428,3.6723
429,3.6724
430,3.6724
431,3.6724
432,3.6726
433,3.6726
434,3.6726
435,3.6728
436,3.6728
437,3.6729
438,3.6729
439,3.6729
440,3.6731
441,3.6731
442,3.6731
443,3.6732
444,3.6732
445,3.6732
446,3.6734
447,3.6734
448,3.6736
449,3.6736
450,3.6736
451,3.6737
452,3.6737
453,3.6737
454,3.6739
455,3.6739
456,3.674
457,3.674
458,3.674
459,3.6742
460,3.6742
461,3.6742
462,3.6744
463,3.6744
464,3.6744
465,3.6745
466,3.6745
467,3.6745
468,3.6747
469,3.6747
470,3.6748
471,3.6748
472,3.6748
473,3.675
474,3.675
475,3.675
476,3.6751
477,3.6751
478,3.6751
479,3.6753
480,3.6753
481,3.6755
482,3.6755
483,3.6755
484,3.6756
485,3.6756
486,3.6756
487,3.6758
488,3.6758
489,3.6758
490,3.6759
491,3.6759
492,3.6761
493,3.6761
494,3.6761
495,3.6763
496,3.6763
497,3.6763
498,3.6764
499,3.6764
500,3.6766
501,3.6766
502,3.6766
503,3.6767
504,3.6767
505,3.6767
506,3.6769
507,3.6769
508,3.6769
509,3.6771
510,3.6771
511,3.6772
512,3.6772
513,3.6772
514,3.6774
515,3.6774
516,3.6774
517,3.6775
518,3.6775
519,3.6775
520,3.6777
521,3.6777
522,3.6778
523,3.6778
524,3.6778
525,3.678
526,3.678
527,3.678
528,3.6782
529,3.6782
530,3.6782
531,3.6783
532,3.6783
533,3.6783
534,3.6785
535,3.6785
536,3.6786
537,3.6786
538,3.6786
539,3.6788
540,3.6788
541,3.6788
542,3.679
543,3.679
544,3.6791
545,3.6791
546,3.6791
547,3.6793
548,3.6793
549,3.6793
550,3.6794
551,3.6794
552,3.6794
553,3.6796
554,3.6796
555,3.6796
556,3.6798
557,3.6798
558,3.6799
559,3.6799
560,3.6799
561,3.6801
562,3.6801
563,3.6801
564,3.6802
565,3.6802
566,3.6804
567,3.6804
568,3.6804
569,3.6805
570,3.6805
571,3.6805
572,3.6807
573,3.6807
574,3.6809
575,3.6809
576,3.6809
577,3.6809
578,3.681
579,3.681
580,3.6812
581,3.6812
582,3.6812
583,3.6813
584,3.6813
585,3.6815
586,3.6815
587,3.6815
588,3.6817
589,3.6817
590,3.6817
591,3.6818
592,3.6818
593,3.6818
594,3.682
595,3.682
596,3.682
597,3.6821
598,3.6821
599,3.6823
600,3.6823
601,3.6823
602,3.6825
603,3.6825
604,3.6825
605,3.6826
606,3.6826
607,3.6828
608,3.6828
609,3.6828
610,3.6829
611,3.6829
612,3.6831
613,3.6831
614,3.6831
615,3.6832
616,3.6832
617,3.6832
618,3.6834
619,3.6834
620,3.6834
621,3.6836
622,3.6836
623,3.6836
624,3.6837
625,3.6837
626,3.6839
627,3.6839
628,3.6839
629,3.684
630,3.684
631,3.684
632,3.6842
633,3.6842
634,3.6844
635,3.6844
636,3.6844
637,3.6845
638,3.6845
639,3.6847
640,3.6847
641,3.6847
642,3.6848
643,3.6848
644,3.6848
645,3.685
646,3.685
647,3.6852
648,3.6852
649,3.6852
650,3.6853
651,3.6853
652,3.6853
653,3.6855
654,3.6855
655,3.6856
656,3.6856
657,3.6856
658,3.6858
659,3.6858
660,3.6859
661,3.6859
662,3.6859
663,3.6861
664,3.6861
665,3.6861
666,3.6863
667,3.6863
668,3.6863
669,3.6864
670,3.6864
671,3.6866
672,3.6866
673,3.6866
674,3.6867
675,3.6867
676,3.6867
677,3.6869
678,3.6869
679,3.6871
680,3.6871
681,3.6871
682,3.6872
683,3.6872
684,3.6872
685,3.6874
686,3.6874
687,3.6875
688,3.6875
689,3.6875
690,3.6877
691,3.6877
692,3.6879
693,3.6879
694,3.6879
695,3.688
696,3.688
697,3.6882
698,3.6882
699,3.6882
700,3.6883
701,3.6883
702,3.6883
703,3.6885
704,3.6885
705,3.6887
706,3.6887
707,3.6887
708,3.6888
709,3.6888
710,3.6888
711,3.689
712,3.689
713,3.6891
714,3.6891
715,3.6891
716,3.6893
717,3.6893
718,3.6894
719,3.6894
720,3.6896
721,3.6896
722,3.6896
723,3.6898
724,3.6898
725,3.6899
726,3.6899
727,3.6899
728,3.6901
729,3.6901
730,3.6901
731,3.6902
732,3.6902
733,3.6904
734,3.6904
735,3.6904
736,3.6906
737,3.6906
738,3.6907
739,3.6907
740,3.6907
741,3.6909
742,3.6909
743,3.691
744,3.691
745,3.6912
746,3.6912
747,3.6912
748,3.6914
749,3.6914
750,3.6915
751,3.6915
752,3.6915
753,3.6917
754,3.6917
755,3.6918
756,3.6918
757,3.6918
758,3.692
759,3.692
760,3.6921
761,3.6921
762,3.6921
763,3.6923
764,3.6923
765,3.6925
766,3.6925
767,3.6925
768,3.6926
769,3.6926
770,3.6928
771,3.6928
772,3.6928
773,3.6929
774,3.6929
775,3.6931
776,3.6931
777,3.6931
778,3.6933
779,3.6933
780,3.6934
781,3.6934
782,3.6936
783,3.6936
784,3.6937
785,3.6937
786,3.6937
787,3.6939
788,3.6939
789,3.6939
790,3.6941
791,3.6941
792,3.6942
793,3.6942
794,3.6944
795,3.6944
796,3.6944
797,3.6945
798,3.6945
799,3.6947
800,3.6947
801,3.6947
802,3.6948
803,3.6948
804,3.6948
805,3.695
806,3.6952
807,3.6952
808,3.6952
809,3.6953
810,3.6953
811,3.6953
812,3.6955
813,3.6956
814,3.6956
815,3.6956
816,3.6958
817,3.6958
818,3.696
819,3.696
820,3.696
821,3.6961
822,3.6961
823,3.6963
824,3.6963
825,3.6963
826,3.6964
827,3.6964
828,3.6966
829,3.6966
830,3.6968
831,3.6968
832,3.6968
833,3.6969
834,3.6969
835,3.6971
836,3.6971
837,3.6971
838,3.6972
839,3.6972
840,3.6974
841,3.6974
842,3.6975
843,3.6975
844,3.6977
845,3.6977
846,3.6977
847,3.6979
848,3.6979
849,3.698
850,3.698
851,3.6982
852,3.6982
853,3.6982
854,3.6983
855,3.6983
856,3.6985
857,3.6985
858,3.6985
859,3.6987
860,3.6987
861,3.6988
862,3.6988
863,3.699
864,3.699
865,3.6991
866,3.6991
867,3.6991
868,3.6993
869,3.6993
870,3.6995
871,3.6995
872,3.6995
873,3.6996
874,3.6996
875,3.6998
876,3.6998
877,3.6999
878,3.6999
879,3.7001
880,3.7001
881,3.7001
882,3.7002
883,3.7002
884,3.7004
885,3.7004
886,3.7006
887,3.7006
888,3.7007
889,3.7007
890,3.7007
891,3.7009
892,3.7009
893,3.701
894,3.701
895,3.7012
896,3.7012
897,3.7012
898,3.7014
899,3.7014
900,3.7015
901,3.7015
902,3.7017
903,3.7017
904,3.7017
905,3.7018
906,3.7018
907,3.702
908,3.702
909,3.7022
910,3.7022
911,3.7022
912,3.7023
913,3.7023
914,3.7025
915,3.7025
916,3.7026
917,3.7026
918,3.7028
919,3.7028
920,3.703
921,3.703
922,3.703
923,3.7031
924,3.7031
925,3.7033
926,3.7033
927,3.7034
928,3.7034
929,3.7036
930,3.7036
931,3.7036
932,3.7037
933,3.7037
934,3.7039
935,3.7039
936,3.7041
937,3.7041
938,3.7041
939,3.7042
940,3.7042
941,3.7044
942,3.7044
943,3.7045
944,3.7045
945,3.7047
946,3.7047
947,3.7049
948,3.7049
949,3.705
950,3.705
951,3.705
952,3.7052
953,3.7052
954,3.7053
955,3.7053
956,3.7055
957,3.7055
958,3.7057
959,3.7057
960,3.7057
961,3.7058
962,3.7058
963,3.706
964,3.706
965,3.7061
966,3.7061
967,3.7061
968,3.7063
969,3.7063
970,3.7064
971,3.7064
972,3.7066
973,3.7066
974,3.7068
975,3.7068
976,3.7069
977,3.7069
978,3.7071
979,3.7071
980,3.7072
981,3.7072
982,3.7074
983,3.7074
984,3.7074
985,3.7076
986,3.7076
987,3.7077
988,3.7077
989,3.7079
990,3.7079
991,3.708
992,3.708
993,3.7082
994,3.7082
995,3.7082
996,3.7084
997,3.7084
998,3.7085
999,3.7085
1000,3.7087
1001,3.7087
1002,3.7088
1003,3.7088
1004,3.709
1005,3.709
1006,3.709
1007,3.7091
1008,3.7091
1009,3.7093
1010,3.7093
1011,3.7095
1012,3.7095
1013,3.7096
1014,3.7096
1015,3.7098
1016,3.7098
1017,3.7098
1018,3.7099
1019,3.7099
1020,3.7101
1021,3.7101
1022,3.7103
1023,3.7103
1024,3.7104
1025,3.7104
1026,3.7106
1027,3.7106
1028,3.7107
1029,3.7107
1030,3.7109
1031,3.7109
1032,3.7109
1033,3.7111
1034,3.7111
1035,3.7112
1036,3.7112
1037,3.7114
1038,3.7114
1039,3.7115
1040,3.7115
1041,3.7117
1042,3.7117
1043,3.7117
1044,3.7118
1045,3.712
1046,3.712
1047,3.712
1048,3.7122
1049,3.7122
1050,3.7123
1051,3.7123
1052,3.7125
1053,3.7125
1054,3.7125
1055,3.7126
1056,3.7126
1057,3.7128
1058,3.7128
1059,3.713
1060,3.713
1061,3.7131
1062,3.7131
1063,3.7133
1064,3.7133
1065,3.7134
1066,3.7134
1067,3.7136
1068,3.7136
1069,3.7138
1070,3.7138
1071,3.7139
1072,3.7139
1073,3.7141
1074,3.7141
1075,3.7141
1076,3.7142
1077,3.7142
1078,3.7144
1079,3.7144
1080,3.7146
1081,3.7146
1082,3.7147
1083,3.7147
1084,3.7149
1085,3.7149
1086,3.715
1087,3.715
1088,3.7152
1089,3.7152
1090,3.7153
1091,3.7153
1092,3.7153
1093,3.7155
1094,3.7155
1095,3.7157
1096,3.7157
1097,3.7158
1098,3.7158
1099,3.716
1100,3.716
1101,3.7161
1102,3.7161
1103,3.7163
1104,3.7163
1105,3.7165
1106,3.7165
1107,3.7166
1108,3.7166
1109,3.7166
1110,3.7168
1111,3.7168
1112,3.7169
1113,3.7169
1114,3.7171
1115,3.7171
1116,3.7173
1117,3.7173
1118,3.7174
1119,3.7174
1120,3.7176
1121,3.7176
1122,3.7177
1123,3.7177
1124,3.7177
1125,3.7179
1126,3.7179
1127,3.718
1128,3.718
1129,3.7182
1130,3.7182
1131,3.7184
1132,3.7184
1133,3.7185
1134,3.7185
1135,3.7187
1136,3.7187
1137,3.7188
1138,3.7188
1139,3.719
1140,3.719
1141,3.7192
1142,3.7192
1143,3.7193
1144,3.7193
1145,3.7193
1146,3.7195
1147,3.7195
1148,3.7196
1149,3.7196
1150,3.7198
1151,3.7198
1152,3.72
1153,3.72
1154,3.7201
1155,3.7201
1156,3.7203
1157,3.7203
1158,3.7204
1159,3.7204
1160,3.7206
1161,3.7206
1162,3.7207
1163,3.7207
1164,3.7209
1165,3.7209
1166,3.7209
1167,3.7211
1168,3.7211
1169,3.7212
1170,3.7212
1171,3.7214
1172,3.7214
1173,3.7215
1174,3.7215
1175,3.7217
1176,3.7217
1177,3.7219
1178,3.7219
1179,3.722
1180,3.722
1181,3.7222
1182,3.7222
1183,3.7223
1184,3.7223
1185,3.7225
1186,3.7225
1187,3.7225
1188,3.7227
1189,3.7228
1190,3.7228
1191,3.7228
1192,3.723
1193,3.723
1194,3.7231
1195,3.7231
1196,3.7233
1197,3.7233
1198,3.7234
1199,3.7234
1200,3.7236
1201,3.7236
1202,3.7238
1203,3.7238
1204,3.7239
1205,3.7239
1206,3.7241
1207,3.7241
1208,3.7242
1209,3.7242
1210,3.7244
1211,3.7244
1212,3.7244
1213,3.7246
1214,3.7246
1215,3.7247
1216,3.7247
1217,3.7249
1218,3.7249
1219,3.725
1220,3.725
1221,3.7252
1222,3.7252
1223,3.7254
1224,3.7254
1225,3.7255
1226,3.7255
1227,3.7257
1228,3.7257
1229,3.7258
1230,3.7258
1231,3.726
1232,3.726
1233,3.7261
1234,3.7261
1235,3.7263
1236,3.7263
1237,3.7265
1238,3.7265
1239,3.7265
1240,3.7266
1241,3.7268
1242,3.7268
1243,3.7269
1244,3.7269
1245,3.7269
1246,3.7271
1247,3.7273
1248,3.7273
1249,3.7273
1250,3.7274
1251,3.7274
1252,3.7276
1253,3.7276
1254,3.7277
1255,3.7277
1256,3.7279
1257,3.7279
1258,3.7281
1259,3.7281
1260,3.7282
1261,3.7282
1262,3.7284
1263,3.7284
1264,3.7285
1265,3.7285
1266,3.7287
1267,3.7287
1268,3.7288
1269,3.7288
1270,3.729
1271,3.729
1272,3.7292
1273,3.7292
1274,3.7293
1275,3.7293
1276,3.7295
1277,3.7295
1278,3.7296
1279,3.7296
1280,3.7298
1281,3.7298
1282,3.73
1283,3.73
1284,3.7301
1285,3.7301
1286,3.7303
1287,3.7303
1288,3.7304
1289,3.7304
1290,3.7306
1291,3.7306
1292,3.7308
1293,3.7308
1294,3.7309
1295,3.7309
1296,3.7311
1297,3.7311
1298,3.7312
1299,3.7312
1300,3.7314
1301,3.7314
1302,3.7316
1303,3.7316
1304,3.7317
1305,3.7317
1306,3.7319
1307,3.7319
1308,3.732
1309,3.732
1310,3.7322
1311,3.7322
1312,3.7323
1313,3.7323
1314,3.7325
1315,3.7327
1316,3.7327
1317,3.7327
1318,3.7328
1319,3.733
1320,3.733
1321,3.733
1322,3.7331
1323,3.7333
1324,3.7333
1325,3.7335
1326,3.7335
1327,3.7336
1328,3.7336
1329,3.7338
1330,3.7338
1331,3.7339
1332,3.7339
1333,3.7341
1334,3.7341
1335,3.7343
1336,3.7343
1337,3.7344
1338,3.7344
1339,3.7346
1340,3.7346
1341,3.7347
1342,3.7347
1343,3.7349
1344,3.7349
1345,3.735
1346,3.7352
1347,3.7352
1348,3.7354
1349,3.7354
1350,3.7355
1351,3.7355
1352,3.7357
1353,3.7357
1354,3.7358
1355,3.7358
1356,3.736
1357,3.736
1358,3.7362
1359,3.7362
1360,3.7363
1361,3.7365
1362,3.7365
1363,3.7366
1364,3.7366
1365,3.7368
1366,3.7368
1367,3.737
1368,3.737
1369,3.7371
1370,3.7371
1371,3.7373
1372,3.7373
1373,3.7374
1374,3.7376
1375,3.7376
1376,3.7377
1377,3.7377
1378,3.7379
1379,3.7379
1380,3.7381
1381,3.7381
1382,3.7382
1383,3.7384
1384,3.7384
1385,3.7385
1386,3.7385
1387,3.7387
1388,3.7387
1389,3.7389
1390,3.7389
1391,3.739
1392,3.739
1393,3.7392
1394,3.7393
1395,3.7393
1396,3.7395
1397,3.7395
1398,3.7397
1399,3.7397
1400,3.7398
1401,3.7398
1402,3.74
1403,3.7401
1404,3.7401
1405,3.7403
1406,3.7403
1407,3.7404
1408,3.7404
1409,3.7406
1410,3.7406
1411,3.7408
1412,3.7408
1413,3.7409
1414,3.7411
1415,3.7411
1416,3.7412
1417,3.7414
1418,3.7414
1419,3.7416
1420,3.7416
1421,3.7417
1422,3.7417
1423,3.7419
1424,3.742
1425,3.742
1426,3.7422
1427,3.7422
1428,3.7424
1429,3.7424
1430,3.7425
1431,3.7425
1432,3.7427
1433,3.7428
1434,3.7428
1435,3.743
1436,3.743
1437,3.7432
1438,3.7433
1439,3.7433
1440,3.7435
1441,3.7435
1442,3.7436
1443,3.7438
1444,3.7438
1445,3.7439
1446,3.7439
1447,3.7441
1448,3.7441
1449,3.7443
1450,3.7444
1451,3.7444
1452,3.7446
1453,3.7446
1454,3.7447
1455,3.7449
1456,3.7449
1457,3.7451
1458,3.7451
1459,3.7452
1460,3.7454
1461,3.7454
1462,3.7455
1463,3.7455
1464,3.7457
1465,3.7459
1466,3.7459
1467,3.746
1468,3.746
1469,3.7462
1470,3.7463
1471,3.7463
1472,3.7465
1473,3.7466
1474,3.7466
1475,3.7468
1476,3.7468
1477,3.747
1478,3.7471
1479,3.7471
1480,3.7473
1481,3.7473
1482,3.7474
1483,3.7476
1484,3.7476
1485,3.7478
1486,3.7478
1487,3.7479
1488,3.7481
1489,3.7481
1490,3.7482
1491,3.7484
1492,3.7484
1493,3.7486
1494,3.7487
1495,3.7487
1496,3.7489
1497,3.7489
1498,3.749
1499,3.7492
1500,3.7492
1501,3.7493
1502,3.7495
1503,3.7495
1504,3.7497
1505,3.7498
1506,3.7498
1507,3.75
1508,3.7501
1509,3.7501
1510,3.7503
1511,3.7505
1512,3.7505
1513,3.7506
1514,3.7508
1515,3.7508
1516,3.7509
1517,3.7509
1518,3.7511
1519,3.7513
1520,3.7513
1521,3.7514
1522,3.7516
1523,3.7516
1524,3.7517
1525,3.7519
1526,3.7519
1527,3.752
1528,3.7522
1529,3.7522
1530,3.7524
1531,3.7525
1532,3.7525
1533,3.7527
1534,3.7528
1535,3.7528
1536,3.753
1537,3.7532
1538,3.7532
1539,3.7533
1540,3.7535
1541,3.7535
1542,3.7536
1543,3.7538
1544,3.7538
1545,3.754
1546,3.7541
1547,3.7543
1548,3.7543
1549,3.7544
1550,3.7546
1551,3.7546
1552,3.7547
1553,3.7549
1554,3.7549
1555,3.7551
1556,3.7552
1557,3.7552
1558,3.7554
1559,3.7555
1560,3.7555
1561,3.7557
1562,3.7559
1563,3.756
1564,3.756
1565,3.7562
1566,3.7563
1567,3.7563
1568,3.7565
1569,3.7567
1570,3.7567
1571,3.7568
1572,3.757
1573,3.7571
1574,3.7571
1575,3.7573
1576,3.7575
1577,3.7575
1578,3.7576
1579,3.7578
1580,3.7579
1581,3.7579
1582,3.7581
1583,3.7582
1584,3.7582
1585,3.7584
1586,3.7586
1587,3.7587
1588,3.7587
1589,3.7589
1590,3.759
1591,3.759
1592,3.7592
1593,3.7594
1594,3.7595
1595,3.7595
1596,3.7597
1597,3.7598
1598,3.76
1599,3.76
1600,3.7602
1601,3.7603
1602,3.7605
1603,3.7605
1604,3.7606
1605,3.7608
1606,3.7609
1607,3.7609
1608,3.7611
1609,3.7613
1610,3.7613
1611,3.7614
1612,3.7616
1613,3.7617
1614,3.7617
1615,3.7619
1616,3.7621
1617,3.7622
1618,3.7622
1619,3.7624
1620,3.7625
1621,3.7627
1622,3.7627
1623,3.7629
1624,3.763
1625,3.7632
1626,3.7632
1627,3.7633
1628,3.7635
1629,3.7636
1630,3.7638
1631,3.7638
1632,3.764
1633,3.7641
1634,3.7643
1635,3.7643
1636,3.7644
1637,3.7646
1638,3.7648
1639,3.7649
1640,3.7649
1641,3.7651
1642,3.7652
1643,3.7654
1644,3.7654
1645,3.7656
1646,3.7657
1647,3.7659
1648,3.766
1649,3.766
1650,3.7662
1651,3.7663
1652,3.7665
1653,3.7667
1654,3.7667
1655,3.7668
1656,3.767
1657,3.7671
1658,3.7673
1659,3.7673
1660,3.7675
1661,3.7676
1662,3.7678
1663,3.7679
1664,3.7679
1665,3.7681
1666,3.7683
1667,3.7684
1668,3.7684
1669,3.7686
1670,3.7687
1671,3.7689
1672,3.7691
1673,3.7692
1674,3.7692
1675,3.7694
1676,3.7695
1677,3.7697
1678,3.7698
1679,3.7698
1680,3.77
1681,3.7702
1682,3.7703
1683,3.7705
1684,3.7705
1685,3.7706
1686,3.7708
1687,3.771
1688,3.7711
1689,3.7713
1690,3.7713
1691,3.7714
1692,3.7716
1693,3.7718
1694,3.7719
1695,3.7719
1696,3.7721
1697,3.7722
1698,3.7724
1699,3.7725
1700,3.7727
1701,3.7729
1702,3.7729
1703,3.773
1704,3.7732
1705,3.7733
1706,3.7735
1707,3.7735
1708,3.7737
1709,3.7738
1710,3.774
1711,3.7741
1712,3.7743
1713,3.7745
1714,3.7746
1715,3.7746
1716,3.7748
1717,3.7749
1718,3.7751
1719,3.7752
1720,3.7754
1721,3.7754
1722,3.7756
1723,3.7757
1724,3.7759
1725,3.776
1726,3.7762
1727,3.7764
1728,3.7764
1729,3.7765
1730,3.7767
1731,3.7768
1732,3.777
1733,3.7772
1734,3.7773
1735,3.7775
1736,3.7775
1737,3.7776
1738,3.7778
1739,3.7779
1740,3.7781
1741,3.7783
1742,3.7784
1743,3.7786
1744,3.7786
1745,3.7787
1746,3.7789
1747,3.7791
1748,3.7792
1749,3.7794
1750,3.7795
1751,3.7797
1752,3.7799
1753,3.7799
1754,3.78
1755,3.7802
1756,3.7803
1757,3.7805
1758,3.7806
1759,3.7808
1760,3.781
1761,3.7811
1762,3.7811
1763,3.7813
1764,3.7814
1765,3.7816
1766,3.7818
1767,3.7819
1768,3.7821
1769,3.7822
1770,3.7824
1771,3.7826
1772,3.7826
1773,3.7827
1774,3.7829
1775,3.783
1776,3.7832
1777,3.7834
1778,3.7835
1779,3.7837
1780,3.7838
1781,3.784
1782,3.7841
1783,3.7841
1784,3.7845
1785,3.7845
1786,3.7846
1787,3.7848
1788,3.7849
1789,3.7851
1790,3.7853
1791,3.7854
1792,3.7856
1793,3.7857
1794,3.7859
1795,3.7861
1796,3.7861
1797,3.7862
1798,3.7864
1799,3.7865
1800,3.7867
1801,3.7868
1802,3.787
1803,3.7872
1804,3.7873
1805,3.7875
1806,3.7876
1807,3.7878
1808,3.788
1809,3.7881
1810,3.7883
1811,3.7884
1812,3.7886
1813,3.7888
1814,3.7888
1815,3.7889
1816,3.7891
1817,3.7892
1818,3.7894
1819,3.7895
1820,3.7897
1821,3.7899
1822,3.79
1823,3.7902
1824,3.7903
1825,3.7905
1826,3.7907
1827,3.7908
1828,3.791
1829,3.7911
1830,3.7913
1831,3.7915
1832,3.7916
1833,3.7918
1834,3.7919
1835,3.7921
1836,3.7921
1837,3.7922
1838,3.7924
1839,3.7926
1840,3.7927
1841,3.7929
1842,3.793
1843,3.7932
1844,3.7934
1845,3.7935
1846,3.7937
1847,3.7938
1848,3.794
1849,3.7942
1850,3.7943
1851,3.7945
1852,3.7946
1853,3.7948
1854,3.7949
1855,3.7951
1856,3.7953
1857,3.7954
1858,3.7956
1859,3.7957
1860,3.7959
1861,3.7961
1862,3.7962
1863,3.7964
1864,3.7965
1865,3.7967
1866,3.7969
1867,3.797
1868,3.7972
1869,3.7973
1870,3.7975
1871,3.7977
1872,3.7978
1873,3.798
1874,3.7981
1875,3.7983
1876,3.7984
1877,3.7986
1878,3.7988
1879,3.7989
1880,3.7991
1881,3.7992
1882,3.7994
1883,3.7996
1884,3.7997
1885,3.7999
1886,3.8
1887,3.8002
1888,3.8005
1889,3.8005
1890,3.8008
1891,3.801
1892,3.8011
1893,3.8013
1894,3.8015
1895,3.8016
1896,3.8018
1897,3.8019
1898,3.8021
1899,3.8023
1900,3.8024
1901,3.8026
1902,3.8027
1903,3.8029
1904,3.8031
1905,3.8032
1906,3.8034
1907,3.8035
1908,3.8037
1909,3.8038
1910,3.804
1911,3.8043
1912,3.8045
1913,3.8046
1914,3.8048
1915,3.805
1916,3.8051
1917,3.8053
1918,3.8054
1919,3.8056
1920,3.8058
1921,3.8059
1922,3.8061
1923,3.8062
1924,3.8064
1925,3.8065
1926,3.8069
1927,3.807
1928,3.8072
1929,3.8073
1930,3.8075
1931,3.8077
1932,3.8078
1933,3.808
1934,3.8081
1935,3.8083
1936,3.8085
1937,3.8086
1938,3.8089
1939,3.8091
1940,3.8092
1941,3.8094
1942,3.8096
1943,3.8097
1944,3.8099
1945,3.81
1946,3.8102
1947,3.8104
1948,3.8107
1949,3.8108
1950,3.811
1951,3.8112
1952,3.8113
1953,3.8115
1954,3.8116
1955,3.8118
1956,3.8121
1957,3.8123
1958,3.8124
1959,3.8126
1960,3.8127
1961,3.8129
1962,3.8131
1963,3.8132
1964,3.8135
1965,3.8137
1966,3.8139
1967,3.814
1968,3.8142
1969,3.8143
1970,3.8145
1971,3.8148
1972,3.815
1973,3.8151
1974,3.8153
1975,3.8154
1976,3.8156
1977,3.8159
1978,3.8161
1979,3.8162
1980,3.8164
1981,3.8166
1982,3.8167
1983,3.8169
1984,3.8172
1985,3.8174
1986,3.8175
1987,3.8177
1988,3.8178
1989,3.818
1990,3.8183
1991,3.8185
1992,3.8186
1993,3.8188
1994,3.8189
1995,3.8193
1996,3.8194
1997,3.8196
1998,3.8197
1999,3.8199
2000,3.8202
2001,3.8204
2002,3.8205
2003,3.8207
2004,3.8208
2005,3.821
2006,3.8213
2007,3.8215
2008,3.8216
2009,3.8218
2010,3.822
2011,3.8223
2012,3.8224
2013,3.8226
2014,3.8228
2015,3.8229
2016,3.8232
2017,3.8234
2018,3.8235
2019,3.8237
2020,3.824
2021,3.8242
2022,3.8243
2023,3.8245
2024,3.8248
2025,3.825
2026,3.8251
2027,3.8253
2028,3.8255
2029,3.8258
2030,3.8259
2031,3.8261
2032,3.8263
2033,3.8266
2034,3.8267
2035,3.8269
2036,3.827
2037,3.8274
2038,3.8275
2039,3.8277
2040,3.8278
2041,3.8282
2042,3.8283
2043,3.8285
2044,3.8288
2045,3.829
2046,3.8291
2047,3.8293
2048,3.8296
2049,3.8297
2050,3.8299
2051,3.8302
2052,3.8304
2053,3.8305
2054,3.8307
2055,3.831
2056,3.8312
2057,3.8313
2058,3.8317
2059,3.8318
2060,3.832
2061,3.8321
2062,3.8324
2063,3.8326
2064,3.8328
2065,3.8331
2066,3.8332
2067,3.8334
2068,3.8337
2069,3.8339
2070,3.834
2071,3.8344
2072,3.8345
2073,3.8347
2074,3.835
2075,3.8351
2076,3.8353
2077,3.8356
2078,3.8358
2079,3.8359
2080,3.8361
2081,3.8364
2082,3.8366
2083,3.8367
2084,3.8371
2085,3.8372
2086,3.8375
2087,3.8377
2088,3.8378
2089,3.8382
2090,3.8383
2091,3.8385
2092,3.8388
2093,3.839
2094,3.8391
2095,3.8394
2096,3.8396
2097,3.8399
2098,3.8401
2099,3.8402
2100,3.8406
2101,3.8407
2102,3.8409
2103,3.8412
2104,3.8413
2105,3.8417
2106,3.8418
2107,3.842
2108,3.8423
2109,3.8425
2110,3.8426
2111,3.8429
2112,3.8431
2113,3.8434
2114,3.8436
2115,3.8437
2116,3.844
2117,3.8442
2118,3.8444
2119,3.8447
2120,3.8448
2121,3.8452
2122,3.8453
2123,3.8456
2124,3.8458
2125,3.846
2126,3.8463
2127,3.8464
2128,3.8467
2129,3.8469
2130,3.8471
2131,3.8474
2132,3.8475
2133,3.8479
2134,3.848
2135,3.8483
2136,3.8485
2137,3.8487
2138,3.849
2139,3.8491
2140,3.8494
2141,3.8496
2142,3.8499
2143,3.8501
2144,3.8502
2145,3.8506
2146,3.8507
2147,3.851
2148,3.8512
2149,3.8515
2150,3.8517
2151,3.852
2152,3.8521
2153,3.8525
2154,3.8526
2155,3.8528
2156,3.8531
2157,3.8533
2158,3.8536
2159,3.8537
2160,3.8541
2161,3.8542
2162,3.8545
2163,3.8547
2164,3.855
2165,3.8552
2166,3.8555
2167,3.8556
2168,3.856
2169,3.8561
2170,3.8563
2171,3.8566
2172,3.8568
2173,3.8571
2174,3.8572
2175,3.8576
2176,3.8577
2177,3.858
2178,3.8582
2179,3.8585
2180,3.8587
2181,3.859
2182,3.8591
2183,3.8595
2184,3.8596
2185,3.8599
2186,3.8601
2187,3.8604
2188,3.8606
2189,3.8609
2190,3.861
2191,3.8612
2192,3.8615
2193,3.8617
2194,3.862
2195,3.8623
2196,3.8625
2197,3.8626
2198,3.863
2199,3.8631
2200,3.8634
2201,3.8636
2202,3.8639
2203,3.8642
2204,3.8644
2205,3.8645
2206,3.8649
2207,3.865
2208,3.8653
2209,3.8657
2210,3.8658
2211,3.866
2212,3.8663
2213,3.8666
2214,3.8668
2215,3.8669
2216,3.8672
2217,3.8676
2218,3.8677
2219,3.8679
2220,3.8682
2221,3.8684
2222,3.8687
2223,3.8688
2224,3.8692
2225,3.8693
2226,3.8696
2227,3.8698
2228,3.8701
2229,3.8704
2230,3.8706
2231,3.8709
2232,3.8711
2233,3.8712
2234,3.8715
2235,3.8719
2236,3.872
2237,3.8723
2238,3.8725
2239,3.8728
2240,3.873
2241,3.8733
2242,3.8734
2243,3.8738
2244,3.8739
2245,3.8742
2246,3.8744
2247,3.8747
2248,3.8749
2249,3.8752
2250,3.8753
2251,3.8757
2252,3.8758
2253,3.8761
2254,3.8763
2255,3.8766
2256,3.8768
2257,3.8771
2258,3.8773
2259,3.8776
2260,3.8777
2261,3.878
2262,3.8782
2263,3.8785
2264,3.8787
2265,3.879
2266,3.8792
2267,3.8795
2268,3.8796
2269,3.88
2270,3.8801
2271,3.8804
2272,3.8806
2273,3.8809
2274,3.8811
2275,3.8814
2276,3.8815
2277,3.8819
2278,3.882
2279,3.8823
2280,3.8825
2281,3.8828
2282,3.883
2283,3.8831
2284,3.8835
2285,3.8838
2286,3.8839
2287,3.8842
2288,3.8844
2289,3.8846
2290,3.8849
2291,3.885
2292,3.8854
2293,3.8855
2294,3.8858
2295,3.886
2296,3.8863
2297,3.8865
2298,3.8868
2299,3.8869
2300,3.8873
2301,3.8874
2302,3.8877
2303,3.8879
2304,3.8882
2305,3.8884
2306,3.8887
2307,3.8889
2308,3.8892
2309,3.8893
2310,3.8896
2311,3.8898
2312,3.8901
2313,3.8903
2314,3.8904
2315,3.8908
2316,3.8911
2317,3.8912
2318,3.8914
2319,3.8917
2320,3.8919
2321,3.8922
2322,3.8923
2323,3.8927
2324,3.8928
2325,3.8931
2326,3.8933
2327,3.8936
2328,3.8938
2329,3.8941
2330,3.8943
2331,3.8944
2332,3.8947
2333,3.8949
2334,3.8952
2335,3.8954
2336,3.8957
2337,3.8958
2338,3.8962
2339,3.8963
2340,3.8966
2341,3.8968
2342,3.897
2343,3.8973
2344,3.8974
2345,3.8978
2346,3.8979
2347,3.8982
2348,3.8984
2349,3.8987
2350,3.8989
2351,3.899
2352,3.8993
2353,3.8995
2354,3.8998
2355,3.9
2356,3.9003
2357,3.9005
2358,3.9008
2359,3.9009
2360,3.9012
2361,3.9014
2362,3.9016
2363,3.9019
2364,3.902
2365,3.9024
2366,3.9025
2367,3.9028
2368,3.903
2369,3.9033
2370,3.9035
2371,3.9038
2372,3.9039
2373,3.9041
2374,3.9044
2375,3.9046
2376,3.9049
2377,3.9051
2378,3.9054
2379,3.9055
2380,3.9057
2381,3.906
2382,3.9062
2383,3.9065
2384,3.9066
2385,3.907
2386,3.9071
2387,3.9073
2388,3.9076
2389,3.9078
2390,3.9081
2391,3.9082
2392,3.9086
2393,3.9087
2394,3.909
2395,3.9092
2396,3.9095
2397,3.9097
2398,3.9098
2399,3.9101
2400,3.9103
2401,3.9106
2402,3.9108
2403,3.9111
2404,3.9113
2405,3.9116
2406,3.9117
2407,3.9119
2408,3.9122
2409,3.9124
2410,3.9127
2411,3.9128
2412,3.9132
2413,3.9133
2414,3.9136
2415,3.9138
2416,3.9141
2417,3.9143
2418,3.9146
2419,3.9148
2420,3.9151
2421,3.9152
2422,3.9154
2423,3.9157
2424,3.9159
2425,3.9162
2426,3.9163
2427,3.9167
2428,3.9168
2429,3.9171
2430,3.9173
2431,3.9176
2432,3.9178
2433,3.9181
2434,3.9182
2435,3.9186
2436,3.9187
2437,3.919
2438,3.9192
2439,3.9194
2440,3.9197
2441,3.9198
2442,3.9202
2443,3.9203
2444,3.9206
2445,3.9208
2446,3.9211
2447,3.9213
2448,3.9216
2449,3.9217
2450,3.9221
2451,3.9222
2452,3.9225
2453,3.9227
2454,3.923
2455,3.9232
2456,3.9235
2457,3.9237
2458,3.924
2459,3.9241
2460,3.9244
2461,3.9246
2462,3.9249
2463,3.9251
2464,3.9254
2465,3.9256
2466,3.9259
2467,3.926
2468,3.9264
2469,3.9265
2470,3.9268
2471,3.927
2472,3.9273
2473,3.9275
2474,3.9278
2475,3.9279
2476,3.9283
2477,3.9284
2478,3.9287
2479,3.9291
2480,3.9292
2481,3.9295
2482,3.9297
2483,3.93
2484,3.9302
2485,3.9305
2486,3.9306
2487,3.931
2488,3.9311
2489,3.9314
2490,3.9316
2491,3.9319
2492,3.9322
2493,3.9324
2494,3.9327
2495,3.9329
2496,3.9332
2497,3.9333
2498,3.9337
2499,3.934
2500,3.9341
2501,3.9345
2502,3.9346
2503,3.9349
2504,3.9351
2505,3.9354
2506,3.9356
2507,3.9359
2508,3.9362
2509,3.9364
2510,3.9367
2511,3.9368
2512,3.9372
2513,3.9375
2514,3.9376
2515,3.938
2516,3.9381
2517,3.9384
2518,3.9386
2519,3.9389
2520,3.9392
2521,3.9394
2522,3.9397
2523,3.94
2524,3.9402
2525,3.9405
2526,3.9407
2527,3.941
2528,3.9413
2529,3.9414
2530,3.9418
2531,3.9421
2532,3.9422
2533,3.9426
2534,3.9427
2535,3.943
2536,3.9434
2537,3.9435
2538,3.9438
2539,3.944
2540,3.9443
2541,3.9446
2542,3.9448
2543,3.9451
2544,3.9454
2545,3.9456
2546,3.9459
2547,3.9461
2548,3.9464
2549,3.9467
2550,3.9468
2551,3.9472
2552,3.9475
2553,3.9476
2554,3.948
2555,3.9483
2556,3.9484
2557,3.9488
2558,3.9491
2559,3.9492
2560,3.9496
2561,3.9499
2562,3.95
2563,3.9503
2564,3.9507
2565,3.9508
2566,3.9511
2567,3.9515
2568,3.9516
2569,3.9519
2570,3.9523
2571,3.9524
2572,3.9527
2573,3.953
2574,3.9532
2575,3.9535
2576,3.9538
2577,3.954
2578,3.9543
2579,3.9546
2580,3.9548
2581,3.9551
2582,3.9554
2583,3.9556
2584,3.9559
2585,3.9562
2586,3.9565
2587,3.9567
2588,3.957
2589,3.9573
2590,3.9575
2591,3.9578
2592,3.9581
2593,3.9584
2594,3.9586
2595,3.9589
2596,3.9592
2597,3.9594
2598,3.9597
2599,3.96
2600,3.9602
2601,3.9605
2602,3.9608
2603,3.9611
2604,3.9613
2605,3.9616
2606,3.9619
2607,3.9621
2608,3.9624
2609,3.9627
2610,3.9629
2611,3.9632
2612,3.9635
2613,3.9639
2614,3.964
2615,3.9643
2616,3.9646
2617,3.965
2618,3.9651
2619,3.9654
2620,3.9658
2621,3.9659
2622,3.9664
2623,3.9666
2624,3.9669
2625,3.967
2626,3.9673
2627,3.9675
2628,3.9678
2629,3.9681
2630,3.9685
2631,3.9686
2632,3.9689
2633,3.9693
2634,3.9696
2635,3.9697
2636,3.97
2637,3.9704
2638,3.9707
2639,3.9708
2640,3.9712
2641,3.9715
2642,3.9716
2643,3.972
2644,3.9723
2645,3.9726
2646,3.9727
2647,3.9731
2648,3.9734
2649,3.9735
2650,3.9739
2651,3.9742
2652,3.9743
2653,3.9747
2654,3.975
2655,3.9751
2656,3.9754
2657,3.9758
2658,3.9759
2659,3.9762
2660,3.9766
2661,3.9769
2662,3.977
2663,3.9774
2664,3.9777
2665,3.9778
2666,3.9782
2667,3.9785
2668,3.9786
2669,3.9789
2670,3.9793
2671,3.9794
2672,3.9797
2673,3.9801
2674,3.9802
2675,3.9805
2676,3.9807
2677,3.981
2678,3.9813
2679,3.9816
2680,3.9818
2681,3.9821
2682,3.9823
2683,3.9826
2684,3.9829
2685,3.9831
2686,3.9834
2687,3.9837
2688,3.9839
2689,3.9842
2690,3.9843
2691,3.9847
2692,3.985
2693,3.9851
2694,3.9855
2695,3.9856
2696,3.9859
2697,3.9863
2698,3.9864
2699,3.9867
2700,3.987
2701,3.9872
2702,3.9875
2703,3.9877
2704,3.988
2705,3.9882
2706,3.9885
2707,3.9886
2708,3.989
2709,3.9893
2710,3.9894
2711,3.9897
2712,3.9899
2713,3.9902
2714,3.9904
2715,3.9907
2716,3.9909
2717,3.9912
2718,3.9915
2719,3.9917
2720,3.992
2721,3.9921
2722,3.9925
2723,3.9926
2724,3.9929
2725,3.9931
2726,3.9934
2727,3.9936
2728,3.9939
2729,3.994
2730,3.9944
2731,3.9945
2732,3.9948
2733,3.995
2734,3.9953
2735,3.9955
2736,3.9958
2737,3.9959
2738,3.9961
2739,3.9964
2740,3.9966
2741,3.9969
2742,3.9971
2743,3.9974
2744,3.9975
2745,3.9977
2746,3.998
2747,3.9982
2748,3.9985
2749,3.9986
2750,3.999
2751,3.9991
2752,3.9993
2753,3.9996
2754,3.9998
2755,4.0001
2756,4.0002
2757,4.0004
2758,4.0007
2759,4.0009
2760,4.001
2761,4.0013
2762,4.0015
2763,4.0018
2764,4.002
2765,4.0021
2766,4.0025
2767,4.0026
2768,4.0028
2769,4.0031
2770,4.0033
2771,4.0034
2772,4.0037
2773,4.0039
2774,4.0041
2775,4.0044
2776,4.0045
2777,4.0047
2778,4.0048
2779,4.0052
2780,4.0053
2781,4.0055
2782,4.0058
2783,4.006
2784,4.0061
2785,4.0063
2786,4.0066
2787,4.0068
2788,4.0069
2789,4.0072
2790,4.0074
2791,4.0075
2792,4.0077
2793,4.0079
2794,4.0082
2795,4.0083
2796,4.0085
2797,4.0087
2798,4.009
2799,4.0091
2800,4.0093
2801,4.0095
2802,4.0096
2803,4.0099
2804,4.0101
2805,4.0102
2806,4.0104
2807,4.0106
2808,4.0109
2809,4.011
2810,4.0112
2811,4.0114
2812,4.0115
2813,4.0117
2814,4.012
2815,4.0122
2816,4.0123
2817,4.0125
2818,4.0126
2819,4.0129
2820,4.0131
2821,4.0133
2822,4.0134
2823,4.0136
2824,4.0137
2825,4.0139
2826,4.0141
2827,4.0144
2828,4.0145
2829,4.0147
2830,4.0149
2831,4.015
2832,4.0152
2833,4.0153
2834,4.0155
2835,4.0158
2836,4.016
2837,4.0161
2838,4.0163
2839,4.0164
2840,4.0166
2841,4.0168
2842,4.0169
2843,4.0171
2844,4.0172
2845,4.0174
2846,4.0176
2847,4.0177
2848,4.018
2849,4.0182
2850,4.0183
2851,4.0185
2852,4.0187
2853,4.0188
2854,4.019
2855,4.0191
2856,4.0193
2857,4.0195
2858,4.0196
2859,4.0198
2860,4.0199
2861,4.0201
2862,4.0203
2863,4.0204
2864,4.0206
2865,4.0207
2866,4.0209
2867,4.0211
2868,4.0212
2869,4.0214
2870,4.0215
2871,4.0217
2872,4.0218
2873,4.0222
2874,4.0222
2875,4.0223
2876,4.0226
2877,4.0228
2878,4.023
2879,4.0231
2880,4.0233
2881,4.0234
2882,4.0236
2883,4.0238
2884,4.0239
2885,4.0241
2886,4.0242
2887,4.0244
2888,4.0245
2889,4.0247
2890,4.0249
2891,4.025
2892,4.0252
2893,4.0253
2894,4.0255
2895,4.0257
2896,4.0258
2897,4.026
2898,4.0261
2899,4.0263
2900,4.0265
2901,4.0266
2902,4.0268
2903,4.0268
2904,4.0269
2905,4.0272
2906,4.0274
2907,4.0276
2908,4.0277
2909,4.0279
2910,4.0279
2911,4.028
2912,4.0282
2913,4.0284
2914,4.0285
2915,4.0287
2916,4.0288
2917,4.029
2918,4.0292
2919,4.0293
2920,4.0295
2921,4.0296
2922,4.0298
2923,4.0299
2924,4.0301
2925,4.0303
2926,4.0304
2927,4.0306
2928,4.0307
2929,4.0311
2930,4.0311
2931,4.0314
2932,4.0314
2933,4.0317
2934,4.0319
2935,4.032
2936,4.0322
2937,4.0323
2938,4.0323
2939,4.0326
2940,4.0328
2941,4.033
2942,4.0331
2943,4.0333
2944,4.0334
2945,4.0336
2946,4.0338
2947,4.0339
2948,4.0341
2949,4.0342
2950,4.0344
2951,4.0346
2952,4.0347
2953,4.0349
2954,4.035
2955,4.0352
2956,4.0354
2957,4.0355
2958,4.0357
2959,4.0358
2960,4.036
2961,4.0361
2962,4.0365
2963,4.0366
2964,4.0368
2965,4.0369
2966,4.0371
2967,4.0373
2968,4.0374
2969,4.0376
2970,4.0377
2971,4.0379
2972,4.0381
2973,4.0382
2974,4.0384
2975,4.0387
2976,4.0388
2977,4.039
2978,4.0392
2979,4.0393
2980,4.0395
2981,4.0396
2982,4.0398
2983,4.0401
2984,4.0403
2985,4.0404
2986,4.0406
2987,4.0408
2988,4.0409
2989,4.0411
2990,4.0414
2991,4.0415
2992,4.0417
2993,4.0419
2994,4.042
2995,4.0423
2996,4.0425
2997,4.0427
2998,4.0428
2999,4.043
3000,4.0431
3001,4.0435
3002,4.0436
3003,4.0438
3004,4.0439
3005,4.0442
3006,4.0444
3007,4.0446
3008,4.0447
3009,4.045
3010,4.0452
3011,4.0454
3012,4.0455
3013,4.0458
3014,4.046
3015,4.0462
3016,4.0463
3017,4.0466
3018,4.0468
3019,4.047
3020,4.0473
3021,4.0474
3022,4.0476
3023,4.0479
3024,4.0481
3025,4.0482
3026,4.0484
3027,4.0487
3028,4.0489
3029,4.0492
3030,4.0493
3031,4.0495
3032,4.0498
3033,4.05
3034,4.0501
3035,4.0504
3036,4.0506
3037,4.0509
3038,4.0511
3039,4.0512
3040,4.0516
3041,4.0517
3042,4.052
3043,4.0522
3044,4.0525
3045,4.0527
3046,4.0528
3047,4.0531
3048,4.0533
3049,4.0536
3050,4.0538
3051,4.0541
3052,4.0543
3053,4.0546
3054,4.0547
3055,4.0551
3056,4.0552
3057,4.0555
3058,4.0557
3059,4.056
3060,4.0562
3061,4.0565
3062,4.0566
3063,4.057
3064,4.0573
3065,4.0574
3066,4.0578
3067,4.0579
3068,4.0582
3069,4.0584
3070,4.0587
3071,4.059
3072,4.0592
3073,4.0595
3074,4.0598
3075,4.06
3076,4.0603
3077,4.0605
3078,4.0608
3079,4.0611
3080,4.0613
3081,4.0616
3082,4.0619
3083,4.062
3084,4.0624
3085,4.0627
3086,4.0628
3087,4.0632
3088,4.0635
3089,4.0638
3090,4.064
3091,4.0643
3092,4.0646
3093,4.0647
3094,4.0651
3095,4.0654
3096,4.0655
3097,4.0659
3098,4.0662
3099,4.0665
3100,4.0668
3101,4.067
3102,4.0673
3103,4.0676
3104,4.0679
3105,4.0681
3106,4.0684
3107,4.0687
3108,4.069
3109,4.0694
3110,4.0695
3111,4.0698
3112,4.0701
3113,4.0705
3114,4.0708
3115,4.0711
3116,4.0713
3117,4.0716
3118,4.0719
3119,4.0722
3120,4.0725
3121,4.0729
3122,4.073
3123,4.0733
3124,4.0736
3125,4.074
3126,4.0743
3127,4.0746
3128,4.0749
3129,4.0751
3130,4.0754
3131,4.0757
3132,4.076
3133,4.0763
3134,4.0767
3135,4.077
3136,4.0773
3137,4.0776
3138,4.0778
3139,4.0781
3140,4.0784
3141,4.0787
3142,4.079
3143,4.0794
3144,4.0797
3145,4.08
3146,4.0803
3147,4.0806
3148,4.081
3149,4.0811
3150,4.0814
3151,4.0817
3152,4.0821
3153,4.0824
3154,4.0827
3155,4.083
3156,4.0833
3157,4.0837
3158,4.084
3159,4.0843
3160,4.0846
3161,4.0849
3162,4.0852
3163,4.0854
3164,4.0859
3165,4.086
3166,4.0864
3167,4.0867
3168,4.087
3169,4.0873
3170,4.0876
3171,4.0879
3172,4.0883
3173,4.0886
3174,4.0889
3175,4.0892
3176,4.0895
3177,4.0899
3178,4.0902
3179,4.0905
3180,4.0906
3181,4.091
3182,4.0913
3183,4.0916
3184,4.0919
3185,4.0922
3186,4.0926
3187,4.0929
3188,4.0932
3189,4.0935
3190,4.0938
3191,4.0941
3192,4.0945
3193,4.0948
3194,4.0951
3195,4.0953
3196,4.0956
3197,4.0959
3198,4.0962
3199,4.0965
3200,4.0968
3201,4.0972
3202,4.0975
3203,4.0978
3204,4.0981
3205,4.0984
3206,4.0987
3207,4.0989
3208,4.0992
3209,4.0995
3210,4.0999
3211,4.1002
3212,4.1005
3213,4.1008
3214,4.1011
3215,4.1015
3216,4.1018
3217,4.1019
3218,4.1022
3219,4.1026
3220,4.1029
3221,4.1032
3222,4.1035
3223,4.1038
3224,4.1042
3225,4.1043
3226,4.1046
3227,4.1049
3228,4.1053
3229,4.1056
3230,4.1059
3231,4.1061
3232,4.1064
3233,4.1067
3234,4.107
3235,4.1073
3236,4.1076
3237,4.1078
3238,4.1081
3239,4.1084
3240,4.1088
3241,4.1091
3242,4.1094
3243,4.1096
3244,4.1099
3245,4.1102
3246,4.1105
3247,4.1108
3248,4.111
3249,4.1113
3250,4.1116
3251,4.1119
3252,4.1121
3253,4.1124
3254,4.1127
3255,4.113
3256,4.1132
3257,4.1135
3258,4.1138
3259,4.1142
3260,4.1143
3261,4.1146
3262,4.115
3263,4.1153
3264,4.1154
3265,4.1158
3266,4.1161
3267,4.1164
3268,4.1165
3269,4.1169
3270,4.1172
3271,4.1173
3272,4.1177
3273,4.118
3274,4.1181
3275,4.1185
3276,4.1188
3277,4.1191
3278,4.1192
3279,4.1196
3280,4.1197
3281,4.12
3282,4.1204
3283,4.1205
3284,4.1208
3285,4.1212
3286,4.1213
3287,4.1216
3288,4.1219
3289,4.1221
3290,4.1224
3291,4.1226
3292,4.1229
3293,4.1232
3294,4.1234
3295,4.1237
3296,4.1239
3297,4.1242
3298,4.1243
3299,4.1246
3300,4.125
3301,4.1251
3302,4.1254
3303,4.1256
3304,4.1259
3305,4.1261
3306,4.1264
3307,4.1266
3308,4.1269
3309,4.1272
3310,4.1273
3311,4.1277
3312,4.1278
3313,4.128
3314,4.1283
3315,4.1285
3316,4.1288
3317,4.1289
3318,4.1293
3319,4.1294
3320,4.1297
3321,4.1299
3322,4.1302
3323,4.1304
3324,4.1307
3325,4.1308
3326,4.1312
3327,4.1313
3328,4.1315
3329,4.1318
3330,4.132
3331,4.1323
3332,4.1324
3333,4.1326
3334,4.1329
3335,4.1331
3336,4.1334
3337,4.1335
3338,4.1337
3339,4.134
3340,4.1342
3341,4.1343
3342,4.1347
3343,4.1348
3344,4.135
3345,4.1353
3346,4.1355
3347,4.1356
3348,4.1359
3349,4.1361
3350,4.1362
3351,4.1366
3352,4.1367
3353,4.1369
3354,4.137
3355,4.1374
3356,4.1375
3357,4.1377
3358,4.138
3359,4.1382
3360,4.1383
3361,4.1385
3362,4.1388
3363,4.1389
3364,4.1391
3365,4.1394
3366,4.1396
3367,4.1397
3368,4.1399
3369,4.1401
3370,4.1402
3371,4.1405
3372,4.1407
3373,4.1409
3374,4.141
3375,4.1413
3376,4.1415
3377,4.1416
3378,4.1418
3379,4.142
3380,4.1421
3381,4.1423
3382,4.1426
3383,4.1428
3384,4.1429
3385,4.1431
3386,4.1432
3387,4.1434
3388,4.1436
3389,4.1437
3390,4.144
3391,4.1442
3392,4.1444
3393,4.1445
3394,4.1447
3395,4.1448
3396,4.145
3397,4.1451
3398,4.1453
3399,4.1455
3400,4.1456
3401,4.1458
3402,4.1459
3403,4.1461
3404,4.1463
3405,4.1464
3406,4.1467
3407,4.1467
3408,4.1471
3409,4.1472
3410,4.1472
3411,4.1474
3412,4.1475
3413,4.1477
3414,4.148
3415,4.148
3416,4.1482
3417,4.1483
3418,4.1485
3419,4.1486
3420,4.1488
3421,4.149
3422,4.1491
3423,4.1493
3424,4.1494
3425,4.1496
3426,4.1498
3427,4.1499
3428,4.1501
3429,4.1502
3430,4.1504
3431,4.1504
3432,4.1505
3433,4.1507
3434,4.1509
3435,4.151
3436,4.1512
3437,4.1513
3438,4.1513
3439,4.1515
3440,4.1517
3441,4.1518
3442,4.152
3443,4.1521
3444,4.1523
3445,4.1523
3446,4.1525
3447,4.1526
3448,4.1528
3449,4.1529
3450,4.1531
3451,4.1531
3452,4.1532
3453,4.1534
3454,4.1536
3455,4.1537
3456,4.1537
3457,4.1539
3458,4.154
3459,4.1542
3460,4.1544
3461,4.1544
3462,4.1545
3463,4.1547
3464,4.1548
3465,4.1548
3466,4.155
3467,4.1552
3468,4.1553
3469,4.1553
3470,4.1555
3471,4.1556
3472,4.1556
3473,4.1558
3474,4.156
3475,4.1561
3476,4.1561
3477,4.1563
3478,4.1564
3479,4.1564
3480,4.1566
3481,4.1567
3482,4.1567
3483,4.1569
3484,4.1571
3485,4.1571
3486,4.1572
3487,4.1574
3488,4.1574
3489,4.1575
3490,4.1577
3491,4.1579
3492,4.1579
3493,4.158
3494,4.158
3495,4.1582
3496,4.1583
3497,4.1583
3498,4.1585
3499,4.1587
3500,4.1587
3501,4.1588
3502,4.1588
3503,4.159
3504,4.1591
3505,4.1591
3506,4.1593
3507,4.1593
3508,4.1594
3509,4.1596
3510,4.1596
3511,4.1598
3512,4.1598
3513,4.1599
3514,4.1601
3515,4.1601
3516,4.1602
3517,4.1602
3518,4.1604
3519,4.1606
3520,4.1606
3521,4.1607
3522,4.1607
3523,4.1609
3524,4.1609
3525,4.161
3526,4.161
3527,4.1612
3528,4.1612
3529,4.1614
3530,4.1615
3531,4.1615
3532,4.1615
3533,4.1617
3534,4.1618
3535,4.1618
3536,4.162
3537,4.162
3538,4.1621
3539,4.1621
3540,4.1623
3541,4.1623
3542,4.1625
3543,4.1625
3544,4.1626
3545,4.1626
3546,4.1628
3547,4.1628
3548,4.1629
3549,4.1631
3550,4.1631
3551,4.1631
3552,4.1633
3553,4.1634
3554,4.1634
3555,4.1636
3556,4.1636
3557,4.1637
3558,4.1637
3559,4.1639
3560,4.1639
3561,4.1641
3562,4.1641
3563,4.1642
3564,4.1642
3565,4.1644
3566,4.1644
3567,4.1645
3568,4.1645
3569,4.1647
3570,4.1647
3571,4.1648
3572,4.1648
3573,4.165
3574,4.165
3575,4.1652
3576,4.1652
3577,4.1653
3578,4.1653
3579,4.1655
3580,4.1655
3581,4.1656
3582,4.1656
3583,4.1658
3584,4.1658
3585,4.166
3586,4.166
3587,4.1661
3588,4.1663
3589,4.1663
3590,4.1664
3591,4.1664
3592,4.1666
3593,4.1666
3594,4.1668
3595,4.1668
3596,4.1669
3597,4.1669
3598,4.1671
3599,4.1671
3600,4.1672
3601,4.1672
3602,4.1674
3603,4.1674
3604,4.1675
3605,4.1675
3606,4.1677
3607,4.1677
3608,4.1679
3609,4.168
3610,4.168
3611,4.1682
3612,4.1682
3613,4.1683
3614,4.1683
3615,4.1685
3616,4.1685
3617,4.1687
3618,4.1687
3619,4.1688
3620,4.1688
3621,4.169
3622,4.1691
3623,4.1691
3624,4.1693
3625,4.1693
3626,4.1695
3627,4.1696
3628,4.1696
3629,4.1698
3630,4.1698
3631,4.1699
3632,4.1699
3633,4.1701
3634,4.1702
3635,4.1702
3636,4.1704
3637,4.1704
3638,4.1706
3639,4.1707
3640,4.1707
3641,4.1709
3642,4.1709
3643,4.171
3644,4.1712
3645,4.1712
3646,4.1714
3647,4.1714
3648,4.1715
3649,4.1717
3650,4.1717
3651,4.1718
3652,4.1718
3653,4.172
3654,4.1722
3655,4.1723
3656,4.1723
3657,4.1725
3658,4.1725
3659,4.1726
3660,4.1728
3661,4.1728
3662,4.173
3663,4.1731
3664,4.1731
3665,4.1733
3666,4.1734
3667,4.1736
3668,4.1736
3669,4.1737
3670,4.1739
3671,4.1739
3672,4.1741
3673,4.1742
3674,4.1742
3675,4.1744
3676,4.1745
3677,4.1747
3678,4.1747
3679,4.1749
3680,4.175
3681,4.175
3682,4.1752
3683,4.1753
3684,4.1755
3685,4.1755
3686,4.1757
3687,4.1758
3688,4.176
3689,4.176
3690,4.1761
3691,4.1763
3692,4.1764
3693,4.1766
3694,4.1768
3695,4.1768
3696,4.1769
3697,4.1771
3698,4.1772
3699,4.1772
3700,4.1774
3701,4.1776
3702,4.1777
3703,4.1779
3704,4.178
3705,4.178
3706,4.1782
3707,4.1784
3708,4.1785
3709,4.1787
3710,4.1788
3711,4.179
3712,4.179
3713,4.1793
3714,4.1793
3715,4.1795
3716,4.1796
3717,4.1798
3718,4.1799
3719,4.1801
3720,4.1803
3721,4.1804
3722,4.1806
3723,4.1807
3724,4.1809
3725,4.1811
3726,4.1812
3727,4.1814
3728,4.1815
3729,4.1817
3730,4.1818
3731,4.182
3732,4.1822
3733,4.1823
3734,4.1825
3735,4.1826
3736,4.1828
3737,4.183
3738,4.1831
3739,4.1833
3740,4.1834
3741,4.1836
3742,4.1838
3743,4.1839
3744,4.1841
3745,4.1844
3746,4.1844
3747,4.1847
3748,4.1849
3749,4.185
3750,4.1852
3751,4.1855
3752,4.1857
3753,4.1858
3754,4.186
3755,4.1861
3756,4.1863
3757,4.1866
3758,4.1868
3759,4.1869
3760,4.1873
3761,4.1874
3762,4.1876
3763,4.1877
3764,4.188
3765,4.1882
3766,4.1884
3767,4.1887
3768,4.1888
3769,4.189
3770,4.1893
3771,4.1895
3772,4.1896
3773,4.19
3774,4.1901
3775,4.1904
3776,4.1906
3777,4.1909
3778,4.1911
3779,4.1914
3780,4.1915
3781,4.1919
3782,4.192
3783,4.1923
3784,4.1925
3785,4.1928
3786,4.193
3787,4.1933
3788,4.1936
3789,4.1938
3790,4.1941
3791,4.1942
3792,4.1946
3793,4.1949
3794,4.1952
3795,4.1954
3796,4.1957
3797,4.196
3798,4.1961
3799,4.1965
3800,4.1968
3801,4.1971
3802,4.1974
3803,4.1976
3804,4.1979
3805,4.1982
3806,4.1985
3807,4.1989
3808,4.1992
3809,4.1995
3810,4.1998
3811,4.2001
3812,4.2004
3813,4.2008
3814,4.2011
3815,4.2014
3816,4.2017
3817,4.202
3818,4.2023
3819,4.2027
3820,4.203
3821,4.2033
3822,4.2036
3823,4.2041
3824,4.2044
3825,4.2047
3826,4.2052
3827,4.2055
3828,4.2058
3829,4.2062
3830,4.2066
3831,4.207
3832,4.2073
3833,4.2077
3834,4.2081
3835,4.2085
3836,4.2089
3837,4.2093
3838,4.2097
3839,4.2101
3840,4.2104
3841,4.2109
3842,4.2114
3843,4.2117
3844,4.2122
3845,4.2127
3846,4.213
3847,4.2135
3848,4.2139
3849,4.2144
3850,4.2149
3851,4.2154
3852,4.2157
3853,4.2162
3854,4.2166
3855,4.2171
3856,4.2176
3857,4.2181
3858,4.2186
3859,4.219
3860,4.2197
3861,4.2201
3862,4.2206
3863,4.2211
3864,4.2216
3865,4.222
3866,4.2227
3867,4.2232
3868,4.2236
3869,4.2243
3870,4.2248
3871,4.2254
3872,4.2259
3873,4.2265
3874,4.227
3875,4.2276
3876,4.2282
3877,4.2287
3878,4.2294
3879,4.2298
3880,4.2305
3881,4.2311
3882,4.2317
3883,4.2324
3884,4.233
3885,4.2335
3886,4.2341
3887,4.2348
3888,4.2354
3889,4.236
3890,4.2367
3891,4.2375
3892,4.2381
3893,4.2387
3894,4.2394
3895,4.24
3896,4.2408
3897,4.2414
3898,4.2421
3899,4.2429
3900,4.2435
3901,4.2443
3902,4.2449
3903,4.2457
3904,4.2464
3905,4.2472
3906,4.2479
3907,4.2486
3908,4.2494
3909,4.2502
3910,4.251
3911,4.2518
3912,4.2524
3913,4.2532
3914,4.254
3915,4.2548
3916,4.2556
3917,4.2564
3918,4.2573
3919,4.2581
3920,4.2589
3921,4.2597
3922,4.2605
3923,4.2615
3924,4.2622
3925,4.263
3926,4.264
3927,4.2648
3928,4.2657
3929,4.2665
3930,4.2675
3931,4.2683
3932,4.2692
3933,4.2702
3934,4.2711
3935,4.2719
3936,4.2729
3937,4.2738
3938,4.2748
3939,4.2758
3940,4.2767
3941,4.2777
3942,4.2786
3943,4.2796
3944,4.2805
3945,4.2815
3946,4.2824
3947,4.2834
3948,4.2845
3949,4.2854
3950,4.2864
3951,4.2875
3952,4.2885
3953,4.2894
3954,4.2905
3955,4.2915
3956,4.2926
3957,4.2935
3958,4.2947
3959,4.2958
3960,4.2967
3961,4.2978
3962,4.299
3963,4.2999
3964,4.3001
3965,4.3001
3966,4.3001
3967,4.3001
3968,4.3001
3969,4.3001
3970,4.3001
3971,4.3001
3972,4.2977
3973,4.2957
3974,4.2948
3975,4.2942
3976,4.2937
3977,4.2934
3978,4.2929
3979,4.2926
3980,4.2923
3981,4.2921
3982,4.2918
3983,4.2916
3984,4.2915
3985,4.2911
3986,4.291
3987,4.2908
3988,4.2907
3989,4.2905
3990,4.2905
3991,4.2903
3992,4.2902
3993,4.29
3994,4.2899
3995,4.2899
3996,4.2897
3997,4.2895
3998,4.2895
3999,4.2894
4000,4.2894
4001,4.2892
4002,4.2891
4003,4.2891
4004,4.2889
4005,4.2889
4006,4.2888
4007,4.2888
4008,4.2886
4009,4.2886
4010,4.2886
4011,4.2884
4012,4.2884
4013,4.2883
4014,4.2883
4015,4.2881
4016,4.2881
4017,4.288
4018,4.288
4019,4.288
4020,4.2878
4021,4.2878
4022,4.2878
4023,4.2876
4024,4.2876
4025,4.2876
4026,4.2875
4027,4.2875
4028,4.2875
4029,4.2873
4030,4.2873
4031,4.2873
4032,4.2872
4033,4.2872
4034,4.287
4035,4.287
4036,4.287
4037,4.287
4038,4.2868
4039,4.2868
4040,4.2868
4041,4.2868
4042,4.2867
4043,4.2867
4044,4.2867
4045,4.2865
4046,4.2865
4047,4.2865
4048,4.2865
4049,4.2864
4050,4.2864
4051,4.2864
4052,4.2864
4053,4.2862
4054,4.2862
4055,4.2862
4056,4.2861
4057,4.2861
4058,4.2861
4059,4.2861
4060,4.2859
4061,4.2859
4062,4.2859
4063,4.2859
4064,4.2857
4065,4.2857
4066,4.2857
4067,4.2857
4068,4.2857
4069,4.2856
4070,4.2856
4071,4.2856
4072,4.2856
4073,4.2856
4074,4.2854
4075,4.2854
4076,4.2854
4077,4.2854
4078,4.2854
4079,4.2853
4080,4.2853
4081,4.2853
4082,4.2853
4083,4.2853
4084,4.2851
4085,4.2851
4086,4.2851
4087,4.2851
4088,4.2849
4089,4.2849
4090,4.2849
4091,4.2849
4092,4.2849
4093,4.2848
4094,4.2848
4095,4.2848
4096,4.2848
4097,4.2848
4098,4.2846
4099,4.2846
4100,4.2846
4101,4.2846
4102,4.2846
4103,4.2846
4104,4.2845
4105,4.2845
4106,4.2845
4107,4.2845
4108,4.2845
4109,4.2845
4110,4.2843
4111,4.2843
4112,4.2843
4113,4.2843
4114,4.2843
4115,4.2841
4116,4.2841
4117,4.2841
4118,4.2841
4119,4.2841
4120,4.284
4121,4.284
4122,4.284
4123,4.284
4124,4.284
4125,4.284
4126,4.284
4127,4.2838
4128,4.2838
4129,4.2838
4130,4.2838
4131,4.2838
4132,4.2838
4133,4.2837
4134,4.2837
4135,4.2837
4136,4.2837
4137,4.2837
4138,4.2837
4139,4.2837
4140,4.2835
4141,4.2835
4142,4.2835
4143,4.2835
4144,4.2835
4145,4.2835
4146,4.2835
4147,4.2834
4148,4.2834
4149,4.2834
4150,4.2834
4151,4.2834
4152,4.2834
4153,4.278
4154,4.2733
4155,4.2711
4156,4.2691
4157,4.2673
4158,4.2657
4159,4.2641
4160,4.2627
4161,4.2613
4162,4.26
4163,4.2587
4164,4.2575
4165,4.2562
4166,4.2549
4167,4.2538
4168,4.2527
4169,4.2516
4170,4.2503
4171,4.2492
4172,4.2482
4173,4.2471
4174,4.246
4175,4.2449
4176,4.2439
4177,4.2428
4178,4.2419
4179,4.2409
4180,4.2398
4181,4.2389
4182,4.2379
4183,4.237
4184,4.236
4185,4.235
4186,4.2341
4187,4.2333
4188,4.2323
4189,4.2314
4190,4.2304
4191,4.2296
4192,4.2287
4193,4.2279
4194,4.2271
4195,4.2262
4196,4.2254
4197,4.2246
4198,4.2238
4199,4.2228
4200,4.222
4201,4.2212
4202,4.2204
4203,4.2196
4204,4.2188
4205,4.2182
4206,4.2174
4207,4.2166
4208,4.216
4209,4.2152
4210,4.2144
4211,4.2138
4212,4.213
4213,4.2123
4214,4.2115
4215,4.2109
4216,4.2103
4217,4.2095
4218,4.2088
4219,4.2082
4220,4.2076
4221,4.2069
4222,4.2063
4223,4.2057
4224,4.205
4225,4.2042
4226,4.2037
4227,4.2031
4228,4.2025
4229,4.2018
4230,4.2012
4231,4.2007
4232,4.2001
4233,4.1995
4234,4.199
4235,4.1983
4236,4.1979
4237,4.1972
4238,4.1968
4239,4.1961
4240,4.1956
4241,4.1952
4242,4.1945
4243,4.1941
4244,4.1936
4245,4.1931
4246,4.1925
4247,4.192
4248,4.1915
4249,4.191
4250,4.1906
4251,4.1901
4252,4.1896
4253,4.1891
4254,4.1887
4255,4.1883
4256,4.1879
4257,4.1874
4258,4.1869
4259,4.1864
4260,4.1861
4261,4.1856
4262,4.1852
4263,4.1848
4264,4.1844
4265,4.1839
4266,4.1836
4267,4.1831
4268,4.1828
4269,4.1823
4270,4.182
4271,4.1815
4272,4.1812
4273,4.1809
4274,4.1804
4275,4.1801
4276,4.1798
4277,4.1794
4278,4.179
4279,4.1786
4280,4.1783
4281,4.178
4282,4.1777
4283,4.1772
4284,4.1769
4285,4.1766
4286,4.1763
4287,4.1759
4288,4.1756
4289,4.1753
4290,4.175
4291,4.1747
4292,4.1744
4293,4.174
4294,4.1737
4295,4.1736
4296,4.1732
4297,4.1729
4298,4.1726
4299,4.1723
4300,4.1721
4301,4.1718
4302,4.1715
4303,4.1712
4304,4.171
4305,4.1707
4306,4.1704
4307,4.1702
4308,4.1699
4309,4.1697
4310,4.1694
4311,4.1693
4312,4.1689
4313,4.1686
4314,4.1685
4315,4.1682
4316,4.168
4317,4.1677
4318,4.1675
4319,4.1672
4320,4.167
4321,4.1667
4322,4.1666
4323,4.1662
4324,4.1661
4325,4.1659
4326,4.1656
4327,4.1655
4328,4.1653
4329,4.165
4330,4.1648
4331,4.1647
4332,4.1643
4333,4.1642
4334,4.164
4335,4.1639
4336,4.1635
4337,4.1634
4338,4.1632
4339,4.1631
4340,4.1629
4341,4.1626
4342,4.1624
4343,4.1623
4344,4.1621
4345,4.162
4346,4.1618
4347,4.1616
4348,4.1613
4349,4.1612
4350,4.161
4351,4.1608
4352,4.1607
4353,4.1605
4354,4.1604
4355,4.1602
4356,4.16
4357,4.1599
4358,4.1597
4359,4.1596
4360,4.1594
4361,4.1593
4362,4.1591
4363,4.1589
4364,4.1588
4365,4.1586
4366,4.1585
4367,4.1583
4368,4.1581
4369,4.158
4370,4.158
4371,4.1578
4372,4.1577
4373,4.1575
4374,4.1573
4375,4.1572
4376,4.157
4377,4.1569
4378,4.1567
4379,4.1567
4380,4.1566
4381,4.1564
4382,4.1562
4383,4.1561
4384,4.1559
4385,4.1559
4386,4.1558
4387,4.1556
4388,4.1554
4389,4.1553
4390,4.1553
4391,4.1551
4392,4.155
4393,4.1548
4394,4.1548
4395,4.1546
4396,4.1545
4397,4.1543
4398,4.1543
4399,4.1542
4400,4.154
4401,4.1539
4402,4.1539
4403,4.1537
4404,4.1535
4405,4.1535
4406,4.1534
4407,4.1532
4408,4.1532
4409,4.1531
4410,4.1529
4411,4.1527
4412,4.1527
4413,4.1526
4414,4.1524
4415,4.1524
4416,4.1523
4417,4.1523
4418,4.1521
4419,4.1521
4420,4.1519
4421,4.1518
4422,4.1518
4423,4.1516
4424,4.1515
4425,4.1515
4426,4.1513
4427,4.1512
4428,4.1512
4429,4.151
4430,4.151
4431,4.1508
4432,4.1508
4433,4.1507
4434,4.1505
4435,4.1505
4436,4.1504
4437,4.1504
4438,4.1502
4439,4.15
4440,4.15
4441,4.1499
4442,4.1499
4443,4.1497
4444,4.1497
4445,4.1496
4446,4.1496
4447,4.1494
4448,4.1494
4449,4.1492
4450,4.1491
4451,4.1491
4452,4.1489
4453,4.1489
4454,4.1488
4455,4.1488
4456,4.1486
4457,4.1486
4458,4.1484
4459,4.1484
4460,4.1483
4461,4.1483
4462,4.1481
4463,4.1481
4464,4.148
4465,4.148
4466,4.1478
4467,4.1478
4468,4.1477
4469,4.1477
4470,4.1475
4471,4.1475
4472,4.1473
4473,4.1473
4474,4.1472
4475,4.1472
4476,4.147
4477,4.147
4478,4.1469
4479,4.1469
4480,4.1467
4481,4.1467
4482,4.1465
4483,4.1465
4484,4.1464
4485,4.1464
4486,4.1462
4487,4.1462
4488,4.1462
4489,4.1461
4490,4.1461
4491,4.1459
4492,4.1459
4493,4.1457
4494,4.1457
4495,4.1456
4496,4.1456
4497,4.1454
4498,4.1454
4499,4.1453
4500,4.1453
4501,4.1453
4502,4.1451
4503,4.1451
4504,4.145
4505,4.145
4506,4.1448
4507,4.1448
4508,4.1446
4509,4.1446
4510,4.1445
4511,4.1445
4512,4.1445
4513,4.1443
4514,4.1443
4515,4.1442
4516,4.1442
4517,4.144
4518,4.144
4519,4.1438
4520,4.1438
4521,4.1437
4522,4.1437
4523,4.1437
4524,4.1435
4525,4.1435
4526,4.1434
4527,4.1434
4528,4.1432
4529,4.1432
4530,4.1432
4531,4.1432
4532,4.1432
4533,4.143
4534,4.143
4535,4.143
4536,4.143
4537,4.1429
4538,4.1429
4539,4.1429
4540,4.1429
4541,4.1427
4542,4.1427
4543,4.1427
4544,4.1427
4545,4.1426
4546,4.1426
4547,4.1426
4548,4.1426
4549,4.1426
4550,4.1426
4551,4.1424
4552,4.1424
4553,4.1424
4554,4.1424
4555,4.1423
4556,4.1423
4557,4.1423
4558,4.1423
4559,4.1421
4560,4.1421
4561,4.1421
4562,4.1421
4563,4.1419
4564,4.1419
4565,4.1419
4566,4.1419
4567,4.1419
4568,4.1419
4569,4.1418
4570,4.1418
4571,4.1418
4572,4.1416
4573,4.1416
4574,4.1415
4575,4.1415
4576,4.1413
4577,4.1413
4578,4.1411
4579,4.1411
4580,4.1411
4581,4.141
4582,4.141
4583,4.1408
4584,4.1408
4585,4.1407
4586,4.1407
4587,4.1407
4588,4.1405
4589,4.1405
4590,4.1403
4591,4.1403
4592,4.1402
4593,4.1402
4594,4.14
4595,4.14
4596,4.1399
4597,4.1399
4598,4.1397
4599,4.1397
4600,4.1397
4601,4.1396
4602,4.1396
4603,4.1394
4604,4.1394
4605,4.1392
4606,4.1392
4607,4.1391
4608,4.1391
4609,4.1389
4610,4.1389
4611,4.1389
4612,4.1388
4613,4.1386
4614,4.1386
4615,4.1386
4616,4.1384
4617,4.1384
4618,4.1383
4619,4.1383
4620,4.1381
4621,4.1381
4622,4.138
4623,4.138
4624,4.1378
4625,4.1378
4626,4.1376
4627,4.1376
4628,4.1375
4629,4.1375
4630,4.1373
4631,4.1373
4632,4.1372
4633,4.1372
4634,4.137
4635,4.137
4636,4.1369
4637,4.1369
4638,4.1367
4639,4.1365
4640,4.1365
4641,4.1364
4642,4.1364
4643,4.1362
4644,4.1362
4645,4.1361
4646,4.1361
4647,4.1359
4648,4.1359
4649,4.1357
4650,4.1356
4651,4.1356
4652,4.1354
4653,4.1354
4654,4.1353
4655,4.1353
4656,4.1351
4657,4.1351
4658,4.1349
4659,4.1348
4660,4.1348
4661,4.1346
4662,4.1345
4663,4.1345
4664,4.1343
4665,4.1343
4666,4.1341
4667,4.134
4668,4.134
4669,4.1338
4670,4.1338
4671,4.1337
4672,4.1335
4673,4.1335
4674,4.1334
4675,4.1334
4676,4.1332
4677,4.133
4678,4.1329
4679,4.1329
4680,4.1327
4681,4.1326
4682,4.1326
4683,4.1324
4684,4.1324
4685,4.1322
4686,4.1321
4687,4.1319
4688,4.1319
4689,4.1318
4690,4.1316
4691,4.1314
4692,4.1314
4693,4.1313
4694,4.1311
4695,4.1311
4696,4.131
4697,4.1308
4698,4.1308
4699,4.1307
4700,4.1305
4701,4.1303
4702,4.1302
4703,4.1302
4704,4.13
4705,4.1299
4706,4.1297
4707,4.1297
4708,4.1295
4709,4.1294
4710,4.1292
4711,4.1291
4712,4.1291
4713,4.1289
4714,4.1287
4715,4.1286
4716,4.1284
4717,4.1283
4718,4.1281
4719,4.128
4720,4.128
4721,4.1278
4722,4.1276
4723,4.1275
4724,4.1273
4725,4.1272
4726,4.127
4727,4.1268
4728,4.1267
4729,4.1267
4730,4.1265
4731,4.1264
4732,4.1262
4733,4.126
4734,4.1259
4735,4.1257
4736,4.1256
4737,4.1254
4738,4.1253
4739,4.1251
4740,4.1249
4741,4.1248
4742,4.1246
4743,4.1245
4744,4.1243
4745,4.1241
4746,4.124
4747,4.1238
4748,4.1237
4749,4.1235
4750,4.1233
4751,4.1232
4752,4.123
4753,4.1229
4754,4.1227
4755,4.1225
4756,4.1224
4757,4.1222
4758,4.1219
4759,4.1218
4760,4.1216
4761,4.1214
4762,4.1213
4763,4.1211
4764,4.121
4765,4.1208
4766,4.1205
4767,4.1203
4768,4.1202
4769,4.12
4770,4.1198
4771,4.1197
4772,4.1195
4773,4.1192
4774,4.1191
4775,4.1189
4776,4.1187
4777,4.1184
4778,4.1183
4779,4.1181
4780,4.1179
4781,4.1176
4782,4.1175
4783,4.1173
4784,4.1171
4785,4.117
4786,4.1167
4787,4.1165
4788,4.1164
4789,4.116
4790,4.1159
4791,4.1157
4792,4.1154
4793,4.1152
4794,4.1151
4795,4.1148
4796,4.1146
4797,4.1144
4798,4.1141
4799,4.114
4800,4.1138
4801,4.1135
4802,4.1133
4803,4.113
4804,4.1129
4805,4.1127
4806,4.1124
4807,4.1122
4808,4.1119
4809,4.1117
4810,4.1116
4811,4.1113
4812,4.1111
4813,4.1108
4814,4.1106
4815,4.1103
4816,4.1102
4817,4.1098
4818,4.1097
4819,4.1094
4820,4.1092
4821,4.109
4822,4.1087
4823,4.1084
4824,4.1082
4825,4.1079
4826,4.1078
4827,4.1075
4828,4.1073
4829,4.107
4830,4.1068
4831,4.1065
4832,4.1063
4833,4.106
4834,4.1059
4835,4.1055
4836,4.1052
4837,4.1051
4838,4.1048
4839,4.1046
4840,4.1043
4841,4.104
4842,4.1038
4843,4.1035
4844,4.1032
4845,4.103
4846,4.1027
4847,4.1025
4848,4.1022
4849,4.1019
4850,4.1017
4851,4.1014
4852,4.1011
4853,4.1009
4854,4.1006
4855,4.1003
4856,4.1001
4857,4.0998
4858,4.0995
4859,4.0994
4860,4.099
4861,4.0987
4862,4.0984
4863,4.0982
4864,4.0979
4865,4.0976
4866,4.0973
4867,4.0971
4868,4.0968
4869,4.0965
4870,4.0963
4871,4.096
4872,4.0957
4873,4.0954
4874,4.0951
4875,4.0949
4876,4.0946
4877,4.0943
4878,4.0939
4879,4.0938
4880,4.0935
4881,4.0932
4882,4.0928
4883,4.0925
4884,4.0922
4885,4.092
4886,4.0917
4887,4.0914
4888,4.0911
4889,4.0908
4890,4.0906
4891,4.0903
4892,4.09
4893,4.0897
4894,4.0893
4895,4.089
4896,4.0887
4897,4.0884
4898,4.0882
4899,4.0879
4900,4.0876
4901,4.0873
4902,4.087
4903,4.0866
4904,4.0863
4905,4.0862
4906,4.0858
4907,4.0855
4908,4.0852
4909,4.0849
4910,4.0846
4911,4.0843
4912,4.0839
4913,4.0836
4914,4.0833
4915,4.083
4916,4.0827
4917,4.0823
4918,4.0822
4919,4.0819
4920,4.0816
4921,4.0812
4922,4.0809
4923,4.0806
4924,4.0803
4925,4.08
4926,4.0796
4927,4.0793
4928,4.079
4929,4.0787
4930,4.0784
4931,4.0781
4932,4.0777
4933,4.0774
4934,4.0771
4935,4.0768
4936,4.0765
4937,4.0762
4938,4.0758
4939,4.0755
4940,4.0752
4941,4.0749
4942,4.0747
4943,4.0742
4944,4.0741
4945,4.0738
4946,4.0733
4947,4.0731
4948,4.0728
4949,4.0725
4950,4.0722
4951,4.0719
4952,4.0715
4953,4.0712
4954,4.0709
4955,4.0706
4956,4.0703
4957,4.07
4958,4.0696
4959,4.0693
4960,4.069
4961,4.0687
4962,4.0684
4963,4.068
4964,4.0677
4965,4.0674
4966,4.0671
4967,4.0668
4968,4.0665
4969,4.0661
4970,4.0658
4971,4.0655
4972,4.0652
4973,4.0649
4974,4.0646
4975,4.0642
4976,4.0639
4977,4.0636
4978,4.0633
4979,4.063
4980,4.0626
4981,4.0623
4982,4.062
4983,4.0617
4984,4.0614
4985,4.0611
4986,4.0609
4987,4.0606
4988,4.0603
4989,4.0599
4990,4.0596
4991,4.0593
4992,4.059
4993,4.0587
4994,4.0584
4995,4.058
4996,4.0577
4997,4.0574
4998,4.0571
4999,4.0568
5000,4.0564
5001,4.0561
5002,4.056
5003,4.0557
5004,4.0553
5005,4.055
5006,4.0547
5007,4.0544
5008,4.0541
5009,4.0537
5010,4.0534
5011,4.0533
5012,4.053
5013,4.0526
5014,4.0523
5015,4.052
5016,4.0517
5017,4.0514
5018,4.051
5019,4.0507
5020,4.0506
5021,4.0503
5022,4.0499
5023,4.0496
5024,4.0493
5025,4.049
5026,4.0488
5027,4.0485
5028,4.0482
5029,4.0479
5030,4.0476
5031,4.0474
5032,4.0471
5033,4.0468
5034,4.0464
5035,4.0461
5036,4.046
5037,4.0456
5038,4.0453
5039,4.045
5040,4.0447
5041,4.0445
5042,4.0442
5043,4.0439
5044,4.0437
5045,4.0434
5046,4.0431
5047,4.0428
5048,4.0425
5049,4.0423
5050,4.042
5051,4.0417
5052,4.0415
5053,4.0412
5054,4.0409
5055,4.0407
5056,4.0404
5057,4.0401
5058,4.0399
5059,4.0396
5060,4.0393
5061,4.0391
5062,4.0388
5063,4.0385
5064,4.0383
5065,4.038
5066,4.0377
5067,4.0375
5068,4.0372
5069,4.0371
5070,4.0367
5071,4.0364
5072,4.0363
5073,4.036
5074,4.0358
5075,4.0355
5076,4.0352
5077,4.035
5078,4.0347
5079,4.0345
5080,4.0342
5081,4.034
5082,4.0337
5083,4.0336
5084,4.0333
5085,4.0331
5086,4.0328
5087,4.0326
5088,4.0323
5089,4.0321
5090,4.0318
5091,4.0317
5092,4.0313
5093,4.0312
5094,4.0309
5095,4.0307
5096,4.0304
5097,4.0302
5098,4.0299
5099,4.0298
5100,4.0294
5101,4.0293
5102,4.0291
5103,4.0288
5104,4.0286
5105,4.0283
5106,4.0282
5107,4.028
5108,4.0277
5109,4.0275
5110,4.0274
5111,4.0271
5112,4.0269
5113,4.0267
5114,4.0264
5115,4.0263
5116,4.0259
5117,4.0258
5118,4.0256
5119,4.0253
5120,4.0251
5121,4.025
5122,4.0247
5123,4.0245
5124,4.0244
5125,4.0242
5126,4.0239
5127,4.0237
5128,4.0236
5129,4.0232
5130,4.0231
5131,4.0229
5132,4.0228
5133,4.0224
5134,4.0223
5135,4.0221
5136,4.022
5137,4.0217
5138,4.0215
5139,4.0213
5140,4.0212
5141,4.021
5142,4.0207
5143,4.0205
5144,4.0204
5145,4.0202
5146,4.0201
5147,4.0197
5148,4.0196
5149,4.0194
5150,4.0193
5151,4.0191
5152,4.0188
5153,4.0186
5154,4.0185
5155,4.0183
5156,4.0182
5157,4.018
5158,4.0177
5159,4.0175
5160,4.0174
5161,4.0172
5162,4.017
5163,4.0169
5164,4.0167
5165,4.0166
5166,4.0162
5167,4.0161
5168,4.0159
5169,4.0158
5170,4.0156
5171,4.0155
5172,4.0153
5173,4.0151
5174,4.015
5175,4.0148
5176,4.0145
5177,4.0143
5178,4.0142
5179,4.014
5180,4.0139
5181,4.0137
5182,4.0135
5183,4.0134
5184,4.0132
5185,4.0131
5186,4.0129
5187,4.0128
5188,4.0126
5189,4.0124
5190,4.0123
5191,4.0121
5192,4.012
5193,4.0116
5194,4.0115
5195,4.0113
5196,4.0112
5197,4.011
5198,4.0108
5199,4.0107
5200,4.0105
5201,4.0104
5202,4.0102
5203,4.0101
5204,4.0099
5205,4.0097
5206,4.0096
5207,4.0094
5208,4.0093
5209,4.0091
5210,4.0089
5211,4.0088
5212,4.0086
5213,4.0085
5214,4.0083
5215,4.0081
5216,4.008
5217,4.0078
5218,4.0077
5219,4.0075
5220,4.0074
5221,4.0072
5222,4.007
5223,4.0069
5224,4.0067
5225,4.0066
5226,4.0064
5227,4.0062
5228,4.0061
5229,4.0059
5230,4.0058
5231,4.0056
5232,4.0054
5233,4.0053
5234,4.0051
5235,4.005
5236,4.0048
5237,4.0046
5238,4.0045
5239,4.0043
5240,4.0042
5241,4.004
5242,4.0039
5243,4.0037
5244,4.0035
5245,4.0034
5246,4.0032
5247,4.0031
5248,4.0029
5249,4.0027
5250,4.0026
5251,4.0024
5252,4.0023
5253,4.0021
5254,4.0019
5255,4.0018
5256,4.0016
5257,4.0015
5258,4.0013
5259,4.0012
5260,4.001
5261,4.0008
5262,4.0007
5263,4.0005
5264,4.0004
5265,4.0002
5266,4.0
5267,3.9999
5268,3.9997
5269,3.9996
5270,3.9992
5271,3.9992
5272,3.9991
5273,3.9988
5274,3.9986
5275,3.9985
5276,3.9983
5277,3.9981
5278,3.998
5279,3.9978
5280,3.9977
5281,3.9975
5282,3.9973
5283,3.9972
5284,3.997
5285,3.9969
5286,3.9967
5287,3.9965
5288,3.9964
5289,3.9962
5290,3.9959
5291,3.9958
5292,3.9956
5293,3.9954
5294,3.9953
5295,3.9951
5296,3.995
5297,3.9948
5298,3.9946
5299,3.9943
5300,3.9942
5301,3.994
5302,3.9938
5303,3.9937
5304,3.9935
5305,3.9934
5306,3.9932
5307,3.993
5308,3.9927
5309,3.9926
5310,3.9924
5311,3.9923
5312,3.9921
5313,3.9919
5314,3.9918
5315,3.9915
5316,3.9913
5317,3.9911
5318,3.991
5319,3.9908
5320,3.9905
5321,3.9903
5322,3.9902
5323,3.99
5324,3.9899
5325,3.9897
5326,3.9894
5327,3.9892
5328,3.9891
5329,3.9889
5330,3.9888
5331,3.9884
5332,3.9883
5333,3.9881
5334,3.988
5335,3.9876
5336,3.9875
5337,3.9873
5338,3.9872
5339,3.9869
5340,3.9867
5341,3.9865
5342,3.9864
5343,3.9861
5344,3.9859
5345,3.9857
5346,3.9856
5347,3.9853
5348,3.9851
5349,3.9849
5350,3.9846
5351,3.9845
5352,3.9843
5353,3.984
5354,3.9838
5355,3.9837
5356,3.9835
5357,3.9832
5358,3.983
5359,3.9829
5360,3.9826
5361,3.9824
5362,3.9822
5363,3.9819
5364,3.9818
5365,3.9815
5366,3.9813
5367,3.9811
5368,3.9808
5369,3.9807
5370,3.9805
5371,3.9802
5372,3.98
5373,3.9797
5374,3.9795
5375,3.9792
5376,3.9791
5377,3.9789
5378,3.9786
5379,3.9784
5380,3.9781
5381,3.978
5382,3.9778
5383,3.9775
5384,3.9773
5385,3.977
5386,3.9768
5387,3.9765
5388,3.9764
5389,3.976
5390,3.9759
5391,3.9756
5392,3.9754
5393,3.9751
5394,3.9749
5395,3.9746
5396,3.9745
5397,3.9741
5398,3.974
5399,3.9737
5400,3.9735
5401,3.9732
5402,3.973
5403,3.9727
5404,3.9726
5405,3.9722
5406,3.9721
5407,3.9718
5408,3.9716
5409,3.9713
5410,3.971
5411,3.9708
5412,3.9705
5413,3.9703
5414,3.97
5415,3.9699
5416,3.9695
5417,3.9692
5418,3.9691
5419,3.9687
5420,3.9686
5421,3.9683
5422,3.9679
5423,3.9678
5424,3.9675
5425,3.9671
5426,3.967
5427,3.9667
5428,3.9665
5429,3.9662
5430,3.9659
5431,3.9657
5432,3.9654
5433,3.9651
5434,3.9649
5435,3.9646
5436,3.9643
5437,3.9641
5438,3.9638
5439,3.9635
5440,3.9633
5441,3.963
5442,3.9627
5443,3.9625
5444,3.9622
5445,3.9621
5446,3.9617
5447,3.9614
5448,3.9613
5449,3.961
5450,3.9606
5451,3.9603
5452,3.9602
5453,3.9598
5454,3.9595
5455,3.9594
5456,3.9589
5457,3.9587
5458,3.9584
5459,3.9581
5460,3.9579
5461,3.9576
5462,3.9575
5463,3.957
5464,3.9568
5465,3.9565
5466,3.9562
5467,3.956
5468,3.9557
5469,3.9554
5470,3.9551
5471,3.9549
5472,3.9546
5473,3.9543
5474,3.954
5475,3.9538
5476,3.9535
5477,3.9532
5478,3.9528
5479,3.9527
5480,3.9524
5481,3.9521
5482,3.9517
5483,3.9514
5484,3.9513
5485,3.9509
5486,3.9506
5487,3.9503
5488,3.9501
5489,3.9498
5490,3.9495
5491,3.9492
5492,3.9489
5493,3.9487
5494,3.9484
5495,3.9481
5496,3.9478
5497,3.9476
5498,3.9473
5499,3.947
5500,3.9467
5501,3.9463
5502,3.9462
5503,3.9459
5504,3.9455
5505,3.9452
5506,3.9449
5507,3.9447
5508,3.9444
5509,3.9441
5510,3.9438
5511,3.9436
5512,3.9433
5513,3.943
5514,3.9427
5515,3.9424
5516,3.9422
5517,3.9419
5518,3.9416
5519,3.9412
5520,3.9409
5521,3.9408
5522,3.9405
5523,3.9401
5524,3.9398
5525,3.9397
5526,3.9393
5527,3.939
5528,3.9387
5529,3.9384
5530,3.9382
5531,3.9379
5532,3.9376
5533,3.9373
5534,3.9371
5535,3.9368
5536,3.9365
5537,3.9362
5538,3.9358
5539,3.9357
5540,3.9354
5541,3.9351
5542,3.9347
5543,3.9346
5544,3.9343
5545,3.9339
5546,3.9336
5547,3.9335
5548,3.9331
5549,3.9328
5550,3.9325
5551,3.9324
5552,3.932
5553,3.9317
5554,3.9314
5555,3.9312
5556,3.9309
5557,3.9306
5558,3.9303
5559,3.9301
5560,3.9298
5561,3.9295
5562,3.9292
5563,3.929
5564,3.9287
5565,3.9284
5566,3.9282
5567,3.9279
5568,3.9276
5569,3.9273
5570,3.9271
5571,3.9268
5572,3.9265
5573,3.9263
5574,3.926
5575,3.9257
5576,3.9255
5577,3.9252
5578,3.9249
5579,3.9247
5580,3.9244
5581,3.9241
5582,3.9238
5583,3.9236
5584,3.9233
5585,3.923
5586,3.9228
5587,3.9225
5588,3.9222
5589,3.922
5590,3.9217
5591,3.9214
5592,3.9212
5593,3.9209
5594,3.9206
5595,3.9204
5596,3.9201
5597,3.9198
5598,3.9196
5599,3.9193
5600,3.9192
5601,3.9188
5602,3.9185
5603,3.9184
5604,3.9181
5605,3.9177
5606,3.9176
5607,3.9173
5608,3.9171
5609,3.9168
5610,3.9165
5611,3.9163
5612,3.916
5613,3.9157
5614,3.9155
5615,3.9152
5616,3.915
5617,3.9147
5618,3.9146
5619,3.9142
5620,3.9139
5621,3.9138
5622,3.9134
5623,3.9133
5624,3.913
5625,3.9126
5626,3.9125
5627,3.9122
5628,3.912
5629,3.9117
5630,3.9115
5631,3.9112
5632,3.9109
5633,3.9107
5634,3.9104
5635,3.9103
5636,3.9099
5637,3.9098
5638,3.9095
5639,3.9093
5640,3.909
5641,3.9088
5642,3.9085
5643,3.9082
5644,3.908
5645,3.9077
5646,3.9076
5647,3.9072
5648,3.9071
5649,3.9068
5650,3.9066
5651,3.9063
5652,3.9061
5653,3.9058
5654,3.9057
5655,3.9053
5656,3.9052
5657,3.9049
5658,3.9047
5659,3.9044
5660,3.9042
5661,3.9039
5662,3.9037
5663,3.9034
5664,3.9033
5665,3.903
5666,3.9028
5667,3.9025
5668,3.9023
5669,3.902
5670,3.9018
5671,3.9015
5672,3.9014
5673,3.901
5674,3.9009
5675,3.9006
5676,3.9004
5677,3.9001
5678,3.8999
5679,3.8996
5680,3.8995
5681,3.8991
5682,3.899
5683,3.8988
5684,3.8985
5685,3.8983
5686,3.898
5687,3.8979
5688,3.8976
5689,3.8974
5690,3.8971
5691,3.8969
5692,3.8966
5693,3.8964
5694,3.8963
5695,3.896
5696,3.8958
5697,3.8955
5698,3.8953
5699,3.895
5700,3.8949
5701,3.8945
5702,3.8944
5703,3.8941
5704,3.8939
5705,3.8936
5706,3.8934
5707,3.8933
5708,3.8929
5709,3.8928
5710,3.8925
5711,3.8923
5712,3.892
5713,3.8918
5714,3.8915
5715,3.8914
5716,3.8912
5717,3.8909
5718,3.8907
5719,3.8904
5720,3.8902
5721,3.8899
5722,3.8898
5723,3.8896
5724,3.8893
5725,3.8891
5726,3.8888
5727,3.8887
5728,3.8883
5729,3.8882
5730,3.8879
5731,3.8877
5732,3.8875
5733,3.8872
5734,3.8871
5735,3.8867
5736,3.8866
5737,3.8863
5738,3.8861
5739,3.886
5740,3.8856
5741,3.8855
5742,3.8852
5743,3.885
5744,3.8847
5745,3.8845
5746,3.8842
5747,3.884
5748,3.8839
5749,3.8836
5750,3.8834
5751,3.8831
5752,3.8829
5753,3.8826
5754,3.8825
5755,3.8821
5756,3.882
5757,3.8818
5758,3.8815
5759,3.8813
5760,3.881
5761,3.8809
5762,3.8806
5763,3.8804
5764,3.8801
5765,3.8799
5766,3.8798
5767,3.8794
5768,3.8793
5769,3.879
5770,3.8788
5771,3.8785
5772,3.8783
5773,3.878
5774,3.8778
5775,3.8775
5776,3.8774
5777,3.8772
5778,3.8769
5779,3.8767
5780,3.8764
5781,3.8763
5782,3.8759
5783,3.8758
5784,3.8755
5785,3.8753
5786,3.875
5787,3.8748
5788,3.8745
5789,3.8744
5790,3.874
5791,3.8739
5792,3.8736
5793,3.8734
5794,3.8731
5795,3.8729
5796,3.8726
5797,3.8724
5798,3.8723
5799,3.872
5800,3.8717
5801,3.8715
5802,3.8713
5803,3.871
5804,3.8709
5805,3.8705
5806,3.8702
5807,3.8701
5808,3.8699
5809,3.8696
5810,3.8694
5811,3.8691
5812,3.8688
5813,3.8686
5814,3.8683
5815,3.8682
5816,3.868
5817,3.8677
5818,3.8674
5819,3.8672
5820,3.8669
5821,3.8667
5822,3.8664
5823,3.8662
5824,3.8661
5825,3.8658
5826,3.8655
5827,3.8653
5828,3.865
5829,3.8648
5830,3.8645
5831,3.8643
5832,3.864
5833,3.8639
5834,3.8635
5835,3.8634
5836,3.8631
5837,3.8629
5838,3.8626
5839,3.8624
5840,3.8621
5841,3.8618
5842,3.8616
5843,3.8613
5844,3.8612
5845,3.8608
5846,3.8607
5847,3.8604
5848,3.8602
5849,3.8599
5850,3.8597
5851,3.8594
5852,3.8593
5853,3.8589
5854,3.8586
5855,3.8585
5856,3.8581
5857,3.858
5858,3.8577
5859,3.8575
5860,3.8572
5861,3.857
5862,3.8567
5863,3.8566
5864,3.8562
5865,3.8559
5866,3.8558
5867,3.8554
5868,3.8553
5869,3.855
5870,3.8548
5871,3.8545
5872,3.8543
5873,3.854
5874,3.8537
5875,3.8535
5876,3.8532
5877,3.8531
5878,3.8527
5879,3.8526
5880,3.8523
5881,3.8519
5882,3.8518
5883,3.8515
5884,3.8513
5885,3.851
5886,3.8508
5887,3.8505
5888,3.8502
5889,3.85
5890,3.8497
5891,3.8496
5892,3.8492
5893,3.8491
5894,3.8488
5895,3.8485
5896,3.8483
5897,3.848
5898,3.8478
5899,3.8475
5900,3.8473
5901,3.847
5902,3.8467
5903,3.8465
5904,3.8462
5905,3.8461
5906,3.8458
5907,3.8456
5908,3.8453
5909,3.845
5910,3.8448
5911,3.8445
5912,3.8443
5913,3.844
5914,3.8438
5915,3.8435
5916,3.8432
5917,3.8431
5918,3.8427
5919,3.8426
5920,3.8423
5921,3.8421
5922,3.8418
5923,3.8416
5924,3.8413
5925,3.841
5926,3.8408
5927,3.8405
5928,3.8403
5929,3.84
5930,3.8397
5931,3.8396
5932,3.8392
5933,3.8391
5934,3.8388
5935,3.8386
5936,3.8383
5937,3.8381
5938,3.8378
5939,3.8376
5940,3.8373
5941,3.837
5942,3.8369
5943,3.8365
5944,3.8364
5945,3.8361
5946,3.8359
5947,3.8356
5948,3.8354
5949,3.8351
5950,3.8348
5951,3.8346
5952,3.8343
5953,3.8342
5954,3.8338
5955,3.8337
5956,3.8334
5957,3.8332
5958,3.8329
5959,3.8327
5960,3.8324
5961,3.8321
5962,3.8319
5963,3.8316
5964,3.8315
5965,3.8311
5966,3.831
5967,3.8307
5968,3.8305
5969,3.8302
5970,3.83
5971,3.8297
5972,3.8295
5973,3.8292
5974,3.8291
5975,3.8288
5976,3.8286
5977,3.8283
5978,3.8281
5979,3.8278
5980,3.8275
5981,3.8273
5982,3.827
5983,3.8268
5984,3.8265
5985,3.8264
5986,3.826
5987,3.8259
5988,3.8256
5989,3.8254
5990,3.8251
5991,3.8249
5992,3.8248
5993,3.8245
5994,3.8243
5995,3.824
5996,3.8238
5997,3.8235
5998,3.8233
5999,3.823
6000,3.8229
6001,3.8226
6002,3.8224
6003,3.8221
6004,3.8219
6005,3.8216
6006,3.8214
6007,3.8211
6008,3.821
6009,3.8206
6010,3.8205
6011,3.8202
6012,3.82
6013,3.8199
6014,3.8195
6015,3.8194
6016,3.8191
6017,3.8189
6018,3.8186
6019,3.8184
6020,3.8181
6021,3.8179
6022,3.8178
6023,3.8175
6024,3.8173
6025,3.817
6026,3.8168
6027,3.8165
6028,3.8164
6029,3.8162
6030,3.8159
6031,3.8157
6032,3.8154
6033,3.8152
6034,3.8149
6035,3.8148
6036,3.8144
6037,3.8143
6038,3.8141
6039,3.8138
6040,3.8137
6041,3.8133
6042,3.8132
6043,3.813
6044,3.8127
6045,3.8125
6046,3.8122
6047,3.8121
6048,3.8119
6049,3.8116
6050,3.8114
6051,3.8111
6052,3.811
6053,3.8108
6054,3.8105
6055,3.8103
6056,3.81
6057,3.8098
6058,3.8097
6059,3.8094
6060,3.8092
6061,3.809
6062,3.8087
6063,3.8086
6064,3.8084
6065,3.8081
6066,3.8079
6067,3.8076
6068,3.8075
6069,3.8073
6070,3.807
6071,3.8068
6072,3.8067
6073,3.8063
6074,3.8062
6075,3.806
6076,3.8057
6077,3.8056
6078,3.8054
6079,3.8051
6080,3.8049
6081,3.8048
6082,3.8044
6083,3.8043
6084,3.804
6085,3.8038
6086,3.8036
6087,3.8033
6088,3.8032
6089,3.803
6090,3.8029
6091,3.8025
6092,3.8024
6093,3.8022
6094,3.8019
6095,3.8017
6096,3.8016
6097,3.8013
6098,3.8011
6099,3.8009
6100,3.8006
6101,3.8005
6102,3.8003
6103,3.8
6104,3.7998
6105,3.7997
6106,3.7994
6107,3.7992
6108,3.799
6109,3.7989
6110,3.7986
6111,3.7984
6112,3.7982
6113,3.7979
6114,3.7978
6115,3.7976
6116,3.7974
6117,3.7971
6118,3.797
6119,3.7968
6120,3.7967
6121,3.7963
6122,3.7962
6123,3.796
6124,3.7957
6125,3.7955
6126,3.7954
6127,3.7952
6128,3.7949
6129,3.7947
6130,3.7946
6131,3.7943
6132,3.7941
6133,3.794
6134,3.7938
6135,3.7935
6136,3.7933
6137,3.7932
6138,3.7928
6139,3.7927
6140,3.7925
6141,3.7924
6142,3.7922
6143,3.7919
6144,3.7917
6145,3.7916
6146,3.7914
6147,3.7911
6148,3.7909
6149,3.7908
6150,3.7906
6151,3.7903
6152,3.7901
6153,3.79
6154,3.7898
6155,3.7895
6156,3.7893
6157,3.7892
6158,3.789
6159,3.7887
6160,3.7885
6161,3.7884
6162,3.7882
6163,3.7879
6164,3.7878
6165,3.7876
6166,3.7874
6167,3.7871
6168,3.787
6169,3.7868
6170,3.7866
6171,3.7865
6172,3.7862
6173,3.786
6174,3.7858
6175,3.7857
6176,3.7855
6177,3.7852
6178,3.7851
6179,3.7849
6180,3.7847
6181,3.7846
6182,3.7843
6183,3.7841
6184,3.7839
6185,3.7838
6186,3.7836
6187,3.7833
6188,3.7831
6189,3.783
6190,3.7828
6191,3.7827
6192,3.7824
6193,3.7822
6194,3.782
6195,3.7819
6196,3.7817
6197,3.7814
6198,3.7812
6199,3.7811
6200,3.7809
6201,3.7808
6202,3.7806
6203,3.7803
6204,3.7801
6205,3.78
6206,3.7798
6207,3.7797
6208,3.7793
6209,3.7792
6210,3.779
6211,3.7789
6212,3.7787
6213,3.7785
6214,3.7782
6215,3.7781
6216,3.7779
6217,3.7777
6218,3.7776
6219,3.7774
6220,3.7771
6221,3.7769
6222,3.7768
6223,3.7766
6224,3.7765
6225,3.7763
6226,3.776
6227,3.7758
6228,3.7757
6229,3.7755
6230,3.7754
6231,3.7752
6232,3.7749
6233,3.7747
6234,3.7746
6235,3.7744
6236,3.7742
6237,3.7741
6238,3.7739
6239,3.7736
6240,3.7735
6241,3.7733
6242,3.7731
6243,3.773
6244,3.7728
6245,3.7725
6246,3.7723
6247,3.7722
6248,3.772
6249,3.7719
6250,3.7717
6251,3.7715
6252,3.7712
6253,3.7711
6254,3.7709
6255,3.7708
6256,3.7706
6257,3.7704
6258,3.7703
6259,3.7701
6260,3.7698
6261,3.7696
6262,3.7695
6263,3.7693
6264,3.7692
6265,3.769
6266,3.7688
6267,3.7685
6268,3.7684
6269,3.7682
6270,3.7681
6271,3.7679
6272,3.7677
6273,3.7676
6274,3.7674
6275,3.7671
6276,3.7669
6277,3.7668
6278,3.7666
6279,3.7665
6280,3.7663
6281,3.7661
6282,3.766
6283,3.7657
6284,3.7655
6285,3.7654
6286,3.7652
6287,3.765
6288,3.7649
6289,3.7647
6290,3.7646
6291,3.7644
6292,3.7641
6293,3.7639
6294,3.7638
6295,3.7636
6296,3.7634
6297,3.7633
6298,3.7631
6299,3.763
6300,3.7626
6301,3.7625
6302,3.7623
6303,3.7622
6304,3.762
6305,3.7619
6306,3.7617
6307,3.7615
6308,3.7614
6309,3.7611
6310,3.7609
6311,3.7607
6312,3.7606
6313,3.7604
6314,3.7603
6315,3.7601
6316,3.7599
6317,3.7596
6318,3.7595
6319,3.7593
6320,3.7592
6321,3.759
6322,3.7588
6323,3.7587
6324,3.7585
6325,3.7584
6326,3.758
6327,3.7579
6328,3.7577
6329,3.7576
6330,3.7574
6331,3.7572
6332,3.7571
6333,3.7569
6334,3.7568
6335,3.7566
6336,3.7563
6337,3.7561
6338,3.756
6339,3.7558
6340,3.7557
6341,3.7555
6342,3.7553
6343,3.7552
6344,3.755
6345,3.7549
6346,3.7547
6347,3.7544
6348,3.7542
6349,3.7541
6350,3.7539
6351,3.7538
6352,3.7536
6353,3.7534
6354,3.7533
6355,3.7531
6356,3.753
6357,3.7526
6358,3.7525
6359,3.7523
6360,3.7522
6361,3.752
6362,3.7518
6363,3.7517
6364,3.7515
6365,3.7514
6366,3.7512
6367,3.7509
6368,3.7507
6369,3.7506
6370,3.7504
6371,3.7503
6372,3.7501
6373,3.7499
6374,3.7498
6375,3.7496
6376,3.7495
6377,3.7491
6378,3.749
6379,3.7488
6380,3.7487
6381,3.7485
6382,3.7483
6383,3.7482
6384,3.748
6385,3.7479
6386,3.7477
6387,3.7476
6388,3.7474
6389,3.7471
6390,3.7469
6391,3.7468
6392,3.7466
6393,3.7464
6394,3.7463
6395,3.7461
6396,3.746
6397,3.7458
6398,3.7455
6399,3.7453
6400,3.7452
6401,3.745
6402,3.7449
6403,3.7447
6404,3.7445
6405,3.7444
6406,3.7442
6407,3.7441
6408,3.7439
6409,3.7437
6410,3.7436
6411,3.7433
6412,3.7431
6413,3.7429
6414,3.7428
6415,3.7426
6416,3.7425
6417,3.7423
6418,3.7422
6419,3.742
6420,3.7418
6421,3.7417
6422,3.7414
6423,3.7412
6424,3.741
6425,3.7409
6426,3.7407
6427,3.7406
6428,3.7404
6429,3.7402
6430,3.7401
6431,3.7398
6432,3.7396
6433,3.7394
6434,3.7393
6435,3.7391
6436,3.739
6437,3.7388
6438,3.7387
6439,3.7385
6440,3.7383
6441,3.7382
6442,3.738
6443,3.7377
6444,3.7375
6445,3.7374
6446,3.7372
6447,3.7371
6448,3.7369
6449,3.7367
6450,3.7366
6451,3.7364
6452,3.7363
6453,3.736
6454,3.7358
6455,3.7356
6456,3.7355
6457,3.7353
6458,3.7352
6459,3.735
6460,3.7348
6461,3.7347
6462,3.7345
6463,3.7344
6464,3.734
6465,3.7339
6466,3.7337
6467,3.7336
6468,3.7334
6469,3.7333
6470,3.7331
6471,3.7329
6472,3.7328
6473,3.7325
6474,3.7323
6475,3.7321
6476,3.732
6477,3.7318
6478,3.7317
6479,3.7315
6480,3.7313
6481,3.7312
6482,3.731
6483,3.7309
6484,3.7306
6485,3.7304
6486,3.7302
6487,3.7301
6488,3.7299
6489,3.7298
6490,3.7296
6491,3.7294
6492,3.7293
6493,3.7291
6494,3.7288
6495,3.7286
6496,3.7285
6497,3.7283
6498,3.7282
6499,3.728
6500,3.7279
6501,3.7277
6502,3.7275
6503,3.7274
6504,3.7272
6505,3.7269
6506,3.7267
6507,3.7266
6508,3.7264
6509,3.7263
6510,3.7261
6511,3.7259
6512,3.7258
6513,3.7256
6514,3.7253
6515,3.7251
6516,3.725
6517,3.7248
6518,3.7247
6519,3.7245
6520,3.7244
6521,3.7242
6522,3.724
6523,3.7237
6524,3.7236
6525,3.7234
6526,3.7232
6527,3.7231
6528,3.7229
6529,3.7228
6530,3.7226
6531,3.7224
6532,3.7223
6533,3.722
6534,3.7218
6535,3.7217
6536,3.7215
6537,3.7213
6538,3.7212
6539,3.721
6540,3.7209
6541,3.7207
6542,3.7204
6543,3.7202
6544,3.7201
6545,3.7199
6546,3.7197
6547,3.7196
6548,3.7194
6549,3.7191
6550,3.719
6551,3.7188
6552,3.7186
6553,3.7185
6554,3.7183
6555,3.7182
6556,3.718
6557,3.7178
6558,3.7175
6559,3.7174
6560,3.7172
6561,3.717
6562,3.7169
6563,3.7167
6564,3.7166
6565,3.7164
6566,3.7161
6567,3.7159
6568,3.7158
6569,3.7156
6570,3.7155
6571,3.7153
6572,3.7151
6573,3.715
6574,3.7147
6575,3.7145
6576,3.7143
6577,3.7142
6578,3.714
6579,3.7139
6580,3.7137
6581,3.7135
6582,3.7132
6583,3.7131
6584,3.7129
6585,3.7128
6586,3.7126
6587,3.7124
6588,3.7123
6589,3.7121
6590,3.7118
6591,3.7116
6592,3.7115
6593,3.7113
6594,3.7112
6595,3.711
6596,3.7108
6597,3.7107
6598,3.7104
6599,3.7102
6600,3.7101
6601,3.7099
6602,3.7097
6603,3.7096
6604,3.7094
6605,3.7091
6606,3.7089
6607,3.7088
6608,3.7086
6609,3.7085
6610,3.7083
6611,3.7081
6612,3.7078
6613,3.7077
6614,3.7075
6615,3.7074
6616,3.7072
6617,3.707
6618,3.7069
6619,3.7067
6620,3.7064
6621,3.7062
6622,3.7061
6623,3.7059
6624,3.7058
6625,3.7056
6626,3.7054
6627,3.7051
6628,3.705
6629,3.7048
6630,3.7047
6631,3.7045
6632,3.7043
6633,3.7042
6634,3.7039
6635,3.7037
6636,3.7035
6637,3.7034
6638,3.7032
6639,3.7031
6640,3.7029
6641,3.7026
6642,3.7024
6643,3.7023
6644,3.7021
6645,3.702
6646,3.7018
6647,3.7016
6648,3.7013
6649,3.7012
6650,3.701
6651,3.7008
6652,3.7007
6653,3.7005
6654,3.7004
6655,3.7
6656,3.6999
6657,3.6997
6658,3.6996
6659,3.6994
6660,3.6992
6661,3.6989
6662,3.6988
6663,3.6986
6664,3.6985
6665,3.6983
6666,3.6981
6667,3.698
6668,3.6977
6669,3.6975
6670,3.6973
6671,3.6972
6672,3.697
6673,3.6969
6674,3.6967
6675,3.6964
6676,3.6962
6677,3.6961
6678,3.6959
6679,3.6958
6680,3.6956
6681,3.6953
6682,3.6951
6683,3.695
6684,3.6948
6685,3.6946
6686,3.6945
6687,3.6942
6688,3.694
6689,3.6938
6690,3.6937
6691,3.6935
6692,3.6934
6693,3.6932
6694,3.6929
6695,3.6927
6696,3.6926
6697,3.6924
6698,3.6923
6699,3.6921
6700,3.6918
6701,3.6916
6702,3.6915
6703,3.6913
6704,3.6911
6705,3.691
6706,3.6907
6707,3.6905
6708,3.6904
6709,3.6902
6710,3.69
6711,3.6899
6712,3.6897
6713,3.6894
6714,3.6892
6715,3.6891
6716,3.6889
6717,3.6888
6718,3.6884
6719,3.6883
6720,3.6881
6721,3.688
6722,3.6878
6723,3.6876
6724,3.6875
6725,3.6872
6726,3.687
6727,3.6869
6728,3.6867
6729,3.6865
6730,3.6862
6731,3.6861
6732,3.6859
6733,3.6857
6734,3.6856
6735,3.6854
6736,3.6853
6737,3.6849
6738,3.6848
6739,3.6846
6740,3.6845
6741,3.6843
6742,3.6842
6743,3.6838
6744,3.6837
6745,3.6835
6746,3.6834
6747,3.6832
6748,3.683
6749,3.6827
6750,3.6826
6751,3.6824
6752,3.6822
6753,3.6821
6754,3.6819
6755,3.6816
6756,3.6815
6757,3.6813
6758,3.6811
6759,3.681
6760,3.6808
6761,3.6805
6762,3.6803
6763,3.6802
6764,3.68
6765,3.6799
6766,3.6797
6767,3.6794
6768,3.6792
6769,3.6791
6770,3.6789
6771,3.6788
6772,3.6786
6773,3.6783
6774,3.6781
6775,3.678
6776,3.6778
6777,3.6776
6778,3.6775
6779,3.6773
6780,3.677
6781,3.6768
6782,3.6767
6783,3.6765
6784,3.6764
6785,3.6762
6786,3.6759
6787,3.6757
6788,3.6756
6789,3.6754
6790,3.6753
6791,3.6751
6792,3.6748
6793,3.6746
6794,3.6745
6795,3.6743
6796,3.6741
6797,3.674
6798,3.6737
6799,3.6735
6800,3.6733
6801,3.6732
6802,3.673
6803,3.6729
6804,3.6727
6805,3.6724
6806,3.6722
6807,3.6721
6808,3.6719
6809,3.6718
6810,3.6716
6811,3.6713
6812,3.6711
6813,3.671
6814,3.6708
6815,3.6706
6816,3.6705
6817,3.6703
6818,3.67
6819,3.6699
6820,3.6697
6821,3.6695
6822,3.6694
6823,3.6691
6824,3.6689
6825,3.6687
6826,3.6686
6827,3.6684
6828,3.6683
6829,3.6681
6830,3.6678
6831,3.6676
6832,3.6675
6833,3.6673
6834,3.6672
6835,3.667
6836,3.6668
6837,3.6665
6838,3.6664
6839,3.6662
6840,3.666
6841,3.6659
6842,3.6657
6843,3.6656
6844,3.6652
6845,3.6651
6846,3.6649
6847,3.6648
6848,3.6646
6849,3.6645
6850,3.6643
6851,3.664
6852,3.6638
6853,3.6637
6854,3.6635
6855,3.6633
6856,3.663
6857,3.6629
6858,3.6627
6859,3.6625
6860,3.6624
6861,3.6622
6862,3.6621
6863,3.6619
6864,3.6616
6865,3.6614
6866,3.6613
6867,3.6611
6868,3.661
6869,3.6608
6870,3.6606
6871,3.6605
6872,3.6602
6873,3.66
6874,3.6598
6875,3.6597
6876,3.6595
6877,3.6594
6878,3.6592
6879,3.6589
6880,3.6587
6881,3.6586
6882,3.6584
6883,3.6583
6884,3.6581
6885,3.6579
6886,3.6578
6887,3.6575
6888,3.6573
6889,3.6571
6890,3.657
6891,3.6568
6892,3.6567
6893,3.6565
6894,3.6563
6895,3.656
6896,3.6559
6897,3.6557
6898,3.6556
6899,3.6554
6900,3.6552
6901,3.6551
6902,3.6549
6903,3.6546
6904,3.6544
6905,3.6543
6906,3.6541
6907,3.654
6908,3.6538
6909,3.6536
6910,3.6535
6911,3.6533
6912,3.653
6913,3.6529
6914,3.6527
6915,3.6525
6916,3.6524
6917,3.6522
6918,3.6521
6919,3.6519
6920,3.6517
6921,3.6514
6922,3.6513
6923,3.6511
6924,3.6509
6925,3.6508
6926,3.6506
6927,3.6505
6928,3.6503
6929,3.65
6930,3.6498
6931,3.6497
6932,3.6495
6933,3.6494
6934,3.6492
6935,3.649
6936,3.6489
6937,3.6487
6938,3.6484
6939,3.6482
6940,3.6481
6941,3.6479
6942,3.6478
6943,3.6476
6944,3.6474
6945,3.6473
6946,3.6471
6947,3.6468
6948,3.6467
6949,3.6465
6950,3.6463
6951,3.6462
6952,3.646
6953,3.6459
6954,3.6457
6955,3.6455
6956,3.6452
6957,3.6451
6958,3.6449
6959,3.6447
6960,3.6446
6961,3.6444
6962,3.6443
6963,3.6441
6964,3.6438
6965,3.6436
6966,3.6435
6967,3.6433
6968,3.6432
6969,3.643
6970,3.6428
6971,3.6427
6972,3.6424
6973,3.6422
6974,3.642
6975,3.6419
6976,3.6417
6977,3.6416
6978,3.6414
6979,3.6413
6980,3.6409
6981,3.6408
6982,3.6406
6983,3.6405
6984,3.6403
6985,3.6401
6986,3.6398
6987,3.6397
6988,3.6395
6989,3.6393
6990,3.6392
6991,3.639
6992,3.6389
6993,3.6387
6994,3.6384
6995,3.6382
6996,3.6381
6997,3.6379
6998,3.6378
6999,3.6376
7000,3.6374
7001,3.6371
7002,3.637
7003,3.6368
7004,3.6366
7005,3.6365
7006,3.6362
7007,3.636
7008,3.6358
7009,3.6357
7010,3.6355
7011,3.6354
7012,3.6351
7013,3.6349
7014,3.6347
7015,3.6346
7016,3.6344
7017,3.6341
7018,3.6339
7019,3.6338
7020,3.6336
7021,3.6335
7022,3.6333
7023,3.6331
7024,3.6328
7025,3.6327
7026,3.6325
7027,3.6324
7028,3.632
7029,3.6319
7030,3.6317
7031,3.6316
7032,3.6314
7033,3.6311
7034,3.6309
7035,3.6308
7036,3.6306
7037,3.6304
7038,3.6301
7039,3.63
7040,3.6298
7041,3.6297
7042,3.6293
7043,3.6292
7044,3.629
7045,3.6289
7046,3.6285
7047,3.6284
7048,3.6282
7049,3.6281
7050,3.6277
7051,3.6276
7052,3.6274
7053,3.6273
7054,3.627
7055,3.6268
7056,3.6266
7057,3.6265
7058,3.6262
7059,3.626
7060,3.6258
7061,3.6255
7062,3.6254
7063,3.6252
7064,3.625
7065,3.6247
7066,3.6246
7067,3.6244
7068,3.6243
7069,3.6239
7070,3.6238
7071,3.6236
7072,3.6233
7073,3.6231
7074,3.623
7075,3.6227
7076,3.6225
7077,3.6222
7078,3.622
7079,3.6219
7080,3.6215
7081,3.6214
7082,3.6212
7083,3.6209
7084,3.6208
7085,3.6206
7086,3.6203
7087,3.6201
7088,3.6198
7089,3.6196
7090,3.6195
7091,3.6192
7092,3.619
7093,3.6187
7094,3.6185
7095,3.6184
7096,3.6181
7097,3.6179
7098,3.6176
7099,3.6174
7100,3.6171
7101,3.6169
7102,3.6168
7103,3.6165
7104,3.6163
7105,3.616
7106,3.6158
7107,3.6155
7108,3.6154
7109,3.615
7110,3.6149
7111,3.6146
7112,3.6144
7113,3.6141
7114,3.6139
7115,3.6136
7116,3.6134
7117,3.6131
7118,3.613
7119,3.6127
7120,3.6123
7121,3.6122
7122,3.6119
7123,3.6117
7124,3.6114
7125,3.6111
7126,3.6109
7127,3.6106
7128,3.6104
7129,3.6101
7130,3.6098
7131,3.6096
7132,3.6093
7133,3.6092
7134,3.6088
7135,3.6085
7136,3.6084
7137,3.608
7138,3.6077
7139,3.6074
7140,3.6072
7141,3.6069
7142,3.6066
7143,3.6065
7144,3.6061
7145,3.6058
7146,3.6057
7147,3.6053
7148,3.605
7149,3.6047
7150,3.6045
7151,3.6042
7152,3.6039
7153,3.6036
7154,3.6033
7155,3.603
7156,3.6028
7157,3.6025
7158,3.6022
7159,3.6018
7160,3.6015
7161,3.6012
7162,3.6009
7163,3.6007
7164,3.6004
7165,3.6001
7166,3.5998
7167,3.5995
7168,3.5991
7169,3.5988
7170,3.5985
7171,3.5982
7172,3.5979
7173,3.5976
7174,3.5972
7175,3.5969
7176,3.5966
7177,3.5963
7178,3.596
7179,3.5956
7180,3.5953
7181,3.595
7182,3.5947
7183,3.5942
7184,3.5939
7185,3.5936
7186,3.5933
7187,3.5929
7188,3.5926
7189,3.5923
7190,3.5918
7191,3.5915
7192,3.5912
7193,3.5909
7194,3.5904
7195,3.5901
7196,3.5898
7197,3.5895
7198,3.589
7199,3.5887
7200,3.5883
7201,3.5879
7202,3.5875
7203,3.5872
7204,3.5868
7205,3.5864
7206,3.5861
7207,3.5856
7208,3.5853
7209,3.5848
7210,3.5845
7211,3.584
7212,3.5837
7213,3.5833
7214,3.5829
7215,3.5825
7216,3.5821
7217,3.5817
7218,3.5813
7219,3.5809
7220,3.5804
7221,3.5801
7222,3.5796
7223,3.5791
7224,3.5788
7225,3.5783
7226,3.5779
7227,3.5774
7228,3.5771
7229,3.5766
7230,3.5761
7231,3.5756
7232,3.5753
7233,3.5748
7234,3.5744
7235,3.5739
7236,3.5734
7237,3.5729
7238,3.5725
7239,3.572
7240,3.5715
7241,3.571
7242,3.5707
7243,3.5702
7244,3.5696
7245,3.5691
7246,3.5686
7247,3.5682
7248,3.5677
7249,3.5672
7250,3.5667
7251,3.5663
7252,3.5658
7253,3.5651
7254,3.5647
7255,3.5642
7256,3.5637
7257,3.5632
7258,3.5626
7259,3.5621
7260,3.5616
7261,3.561
7262,3.5605
7263,3.5599
7264,3.5594
7265,3.5589
7266,3.5583
7267,3.5578
7268,3.5572
7269,3.5567
7270,3.5561
7271,3.5556
7272,3.555
7273,3.5545
7274,3.5539
7275,3.5532
7276,3.5527
7277,3.5521
7278,3.5515
7279,3.551
7280,3.5504
7281,3.5497
7282,3.5493
7283,3.5486
7284,3.548
7285,3.5473
7286,3.5469
7287,3.5462
7288,3.5456
7289,3.545
7290,3.5443
7291,3.5437
7292,3.5431
7293,3.5426
7294,3.5419
7295,3.5413
7296,3.5407
7297,3.54
7298,3.5394
7299,3.5388
7300,3.5381
7301,3.5375
7302,3.5369
7303,3.5361
7304,3.5354
7305,3.5348
7306,3.5342
7307,3.5335
7308,3.5329
7309,3.5322
7310,3.5316
7311,3.5308
7312,3.5302
7313,3.5295
7314,3.5289
7315,3.5281
7316,3.5275
7317,3.5268
7318,3.5262
7319,3.5254
7320,3.5248
7321,3.524
7322,3.5234
7323,3.5227
7324,3.5219
7325,3.5213
7326,3.5206
7327,3.5199
7328,3.5192
7329,3.5184
7330,3.5178
7331,3.517
7332,3.5162
7333,3.5156
7334,3.5148
7335,3.5141
7336,3.5133
7337,3.5125
7338,3.5118
7339,3.5111
7340,3.5103
7341,3.5095
7342,3.5087
7343,3.5079
7344,3.5071
7345,3.5065
7346,3.5057
7347,3.5049
7348,3.5041
7349,3.5033
7350,3.5024
7351,3.5016
7352,3.5008
7353,3.5
7354,3.499
7355,3.4982
7356,3.4975
7357,3.4965
7358,3.4957
7359,3.4947
7360,3.494
7361,3.493
7362,3.492
7363,3.4913
7364,3.4903
7365,3.4893
7366,3.4884
7367,3.4874
7368,3.4865
7369,3.4855
7370,3.4846
7371,3.4835
7372,3.4825
7373,3.4816
7374,3.4804
7375,3.4795
7376,3.4784
7377,3.4774
7378,3.4763
7379,3.4752
7380,3.4741
7381,3.473
7382,3.4719
7383,3.4708
7384,3.4696
7385,3.4684
7386,3.4673
7387,3.466
7388,3.4649
7389,3.4636
7390,3.4625
7391,3.4612
7392,3.46
7393,3.4587
7394,3.4574
7395,3.456
7396,3.4547
7397,3.4534
7398,3.452
7399,3.4507
7400,3.4493
7401,3.4479
7402,3.4464
7403,3.4452
7404,3.4437
7405,3.4422
7406,3.4407
7407,3.4393
7408,3.4377
7409,3.4363
7410,3.4347
7411,3.4331
7412,3.4315
7413,3.4299
7414,3.4283
7415,3.4267
7416,3.425
7417,3.4234
7418,3.4217
7419,3.4201
7420,3.4183
7421,3.4166
7422,3.4148
7423,3.4131
7424,3.4113
7425,3.4096
7426,3.4077
7427,3.4059
7428,3.404
7429,3.4021
7430,3.4002
7431,3.3983
7432,3.3964
7433,3.3945
7434,3.3926
7435,3.3905
7436,3.3886
7437,3.3865
7438,3.3845
7439,3.3824
7440,3.3803
7441,3.3783
7442,3.3762
7443,3.374
7444,3.3719
7445,3.3697
7446,3.3676
7447,3.3654
7448,3.3632
7449,3.3608
7450,3.3586
7451,3.3564
7452,3.354
7453,3.3517
7454,3.3494
7455,3.347
7456,3.3446
7457,3.3422
7458,3.3398
7459,3.3373
7460,3.3349
7461,3.3325
7462,3.33
7463,3.3274
7464,3.3249
7465,3.3224
7466,3.3197
7467,3.3171
7468,3.3144
7469,3.3117
7470,3.3092
7471,3.3065
7472,3.3036
7473,3.3009
7474,3.298
7475,3.2953
7476,3.2925
7477,3.2896
7478,3.2868
7479,3.2839
7480,3.2809
7481,3.278
7482,3.275
7483,3.2721
7484,3.269
7485,3.2659
7486,3.2629
7487,3.2599
7488,3.2567
7489,3.2536
7490,3.2504
7491,3.2472
7492,3.2439
7493,3.2407
7494,3.2373
7495,3.234
7496,3.2307
7497,3.2273
7498,3.224
7499,3.2205
7500,3.217
7501,3.2135
7502,3.21
7503,3.2064
7504,3.2029
7505,3.1992
7506,3.1955
7507,3.1917
7508,3.1881
7509,3.1843
7510,3.1805
7511,3.1766
7512,3.1728
7513,3.169
7514,3.165
7515,3.1611
7516,3.1571
7517,3.153
7518,3.1488
7519,3.1447
7520,3.1406
7521,3.1364
7522,3.1321
7523,3.1279
7524,3.1236
7525,3.1193
7526,3.1148
7527,3.1104
7528,3.1059
7529,3.1013
7530,3.0969
7531,3.0923
7532,3.0876
7533,3.0829
7534,3.0781
7535,3.0733
7536,3.0684
7537,3.0637
7538,3.0587
7539,3.0536
7540,3.0487
7541,3.0436
7542,3.0384
7543,3.0333
7544,3.0281
7545,3.0227
7546,3.0174
7547,3.012
7548,3.0066
7549,3.001
7550,2.9955
7551,2.9898
7552,2.9842
7553,2.9783
7554,2.9726
7555,2.9667
7556,2.9607
7557,2.9548
7558,2.9486
7559,2.9424
7560,2.9364
7561,2.93
7562,2.9236
7563,2.9173
7564,2.9108
7565,2.9041
7566,2.8974
7567,2.8908
7568,2.8839
7569,2.8769
7570,2.8699
7571,2.8629
7572,2.8558
7573,2.8485
7574,2.8412
7575,2.8337
7576,2.8262
7577,2.8186
7578,2.8108
7579,2.803
7580,2.7951
7581,2.787
7582,2.7789
7583,2.7706
7584,2.7624
7585,2.7538
7586,2.7453
7587,2.7366
7588,2.7279
7589,2.7188
7590,2.7099
7591,2.7007
7592,2.6915
7593,2.6821
7594,2.6727
7595,2.6632
7596,2.6535
7597,2.6436
7598,2.6338
7599,2.6239
7600,2.6138
7601,2.6036
7602,2.5933
7603,2.5829
7604,2.5723
7605,2.5618
7606,2.551
7607,2.5402
7608,2.5292
7609,2.5183
7610,2.507
7611,2.5
7612,2.5141
7613,2.6181
7614,2.7215
7615,2.8243
7616,2.9105
7617,3.0109
7618,3.0964
7619,3.197
7620,3.2079
7621,3.2857
7622,3.3425
7623,3.3835
7624,3.4128
7625,3.4331
7626,3.4469
7627,3.4563
7628,3.4628
7629,3.4677
7630,3.4717
7631,3.4747
7632,3.4773
7633,3.4795
7634,3.4814
7635,3.483
7636,3.4846
7637,3.4859
7638,3.4871
7639,3.4882
7640,3.4892
7641,3.4901
7642,3.4909
7643,3.4919
7644,3.4925
7645,3.4933
7646,3.494
7647,3.4946
7648,3.4952
7649,3.4959
7650,3.4963
7651,3.497
7652,3.4975
7653,3.4979
7654,3.4984
7655,3.4989
7656,3.4994
7657,3.4997
7658,3.5002
7659,3.5005
7660,3.5009
7661,3.5013
7662,3.5016
7663,3.5019
7664,3.5024
7665,3.5027
7666,3.5029
7667,3.5033
7668,3.5035
7669,3.5038
7670,3.5041
7671,3.5044
7672,3.5046
7673,3.5049
7674,3.5052
7675,3.5054
7676,3.5057
7677,3.5059
7678,3.5062
7679,3.5063
7680,3.5067
7681,3.5068
7682,3.5071
7683,3.5073
7684,3.5075
7685,3.5076
7686,3.5079
7687,3.5081
7688,3.5083
7689,3.5084
7690,3.5087
7691,3.5089
7692,3.5091
7693,3.5092
7694,3.5094
7695,3.5095
7696,3.5097
7697,3.5098
7698,3.51
7699,3.5102
7700,3.5105
7701,3.5106
7702,3.5108
7703,3.511
7704,3.511
7705,3.5111
7706,3.5113
7707,3.5114
7708,3.5116
7709,3.5118
7710,3.5119
7711,3.5121
7712,3.5122
7713,3.5124
7714,3.5124
7715,3.5125
7716,3.5127
7717,3.5129
7718,3.513
7719,3.513
7720,3.5132
7721,3.5133
7722,3.5135
7723,3.5135
7724,3.5137
7725,3.5138
7726,3.514
7727,3.514
7728,3.5141
7729,3.5143
7730,3.5143
7731,3.5145
7732,3.5146
7733,3.5148
7734,3.5148
7735,3.5149
7736,3.5151
7737,3.5151
7738,3.5152
7739,3.5152
7740,3.5154
7741,3.5156
7742,3.5156
7743,3.5157
7744,3.5159
7745,3.5159
7746,3.516
7747,3.516
7748,3.5162
7749,3.5162
7750,3.5164
7751,3.5165
7752,3.5165
7753,3.5167
7754,3.5167
7755,3.5168
7756,3.5168
7757,3.517
7758,3.517
7759,3.5172
7760,3.5172
7761,3.5173
7762,3.5173
7763,3.5175
7764,3.5175
7765,3.5176
7766,3.5176
7767,3.5178
7768,3.5178
7769,3.5179
7770,3.5179
7771,3.5181
7772,3.5181
7773,3.5183
7774,3.5183
7775,3.5184
7776,3.5184
7777,3.5184
7778,3.5186
7779,3.5186
7780,3.5187
7781,3.5187
7782,3.5189
7783,3.5189
7784,3.5191
7785,3.5191
7786,3.5191
7787,3.5192
7788,3.5192
7789,3.5194
7790,3.5194
7791,3.5194
7792,3.5195
7793,3.5195
7794,3.5197
7795,3.5197
7796,3.5197
7797,3.5199
7798,3.5283
7799,3.5723
7800,3.5762
7801,3.5784
7802,3.58
7803,3.5812
7804,3.5824
7805,3.5833
7806,3.5841
7807,3.5849
7808,3.5855
7809,3.5862
7810,3.5868
7811,3.5874
7812,3.5879
7813,3.5885
7814,3.589
7815,3.5895
7816,3.59
7817,3.5905
7818,3.5908
7819,3.5913
7820,3.5917
7821,3.592
7822,3.5925
7823,3.5928
7824,3.5933
7825,3.5936
7826,3.594
7827,3.5944
7828,3.5947
7829,3.5951
7830,3.5954
7831,3.5957
7832,3.5962
7833,3.5965
7834,3.5968
7835,3.5971
7836,3.5974
7837,3.5978
7838,3.5981
7839,3.5984
7840,3.5987
7841,3.5989
7842,3.5992
7843,3.5995
7844,3.5998
7845,3.6001
7846,3.6003
7847,3.6006
7848,3.6009
7849,3.6013
7850,3.6014
7851,3.6017
7852,3.6021
7853,3.6022
7854,3.6025
7855,3.6027
7856,3.603
7857,3.6033
7858,3.6035
7859,3.6038
7860,3.604
7861,3.6043
7862,3.6044
7863,3.6048
7864,3.6049
7865,3.6052
7866,3.6054
7867,3.6057
7868,3.6059
7869,3.606
7870,3.6063
7871,3.6065
7872,3.6068
7873,3.607
7874,3.6071
7875,3.6075
7876,3.6076
7877,3.6079
7878,3.6081
7879,3.6083
7880,3.6084
7881,3.6087
7882,3.6089
7883,3.609
7884,3.6094
7885,3.6095
7886,3.6097
7887,3.6098
7888,3.61
7889,3.6103
7890,3.6105
7891,3.6106
7892,3.6108
7893,3.611
7894,3.6113
7895,3.6114
7896,3.6116
7897,3.6117
7898,3.6119
7899,3.6121
7900,3.6124
7901,3.6125
7902,3.6127
7903,3.6129
7904,3.613
7905,3.6132
7906,3.6133
7907,3.6135
7908,3.6137
7909,3.614
7910,3.6141
7911,3.6143
7912,3.6144
7913,3.6146
7914,3.6148
7915,3.6149
7916,3.6151
7917,3.6152
7918,3.6154
7919,3.6156
7920,3.6157
7921,3.6159
7922,3.616
7923,3.6162
7924,3.6164
7925,3.6165
7926,3.6167
7927,3.6168
7928,3.617
7929,3.6171
7930,3.6173
7931,3.6175
7932,3.6176
7933,3.6178
7934,3.6179
7935,3.6181
7936,3.6183
7937,3.6184
7938,3.6186
7939,3.6187
7940,3.6189
7941,3.6189
7942,3.6191
7943,3.6192
7944,3.6194
7945,3.6195
7946,3.6197
7947,3.6199
7948,3.62
7949,3.6202
7950,3.6203
7951,3.6205
7952,3.6206
7953,3.6208
7954,3.6208
7955,3.621
7956,3.6211
7957,3.6213
7958,3.6214
7959,3.6216
7960,3.6218
7961,3.6219
7962,3.6221
7963,3.6221
7964,3.6222
7965,3.6224
7966,3.6226
7967,3.6227
7968,3.6229
7969,3.623
7970,3.623
7971,3.6232
7972,3.6233
7973,3.6235
7974,3.6237
7975,3.6238
7976,3.624
7977,3.624
7978,3.6241
7979,3.6243
7980,3.6245
7981,3.6246
7982,3.6248
7983,3.6248
7984,3.6249
7985,3.6251
7986,3.6253
7987,3.6254
7988,3.6256
7989,3.6256
7990,3.6257
7991,3.6259
7992,3.626
7993,3.6262
7994,3.6264
7995,3.6264
7996,3.6265
7997,3.6267
7998,3.6268
7999,3.627
8000,3.627
8001,3.6272
8002,3.6273
8003,3.6275
8004,3.6276
8005,3.6278
8006,3.6278
8007,3.628
8008,3.6281
8009,3.6283
8010,3.6284
8011,3.6284
8012,3.6286
8013,3.6287
8014,3.6289
8015,3.6291
8016,3.6291
8017,3.6292
8018,3.6294
8019,3.6295
8020,3.6297
8021,3.6299
8022,3.6299
8023,3.63
8024,3.6302
8025,3.6303
8026,3.6303
8027,3.6305
8028,3.6307
8029,3.6308
8030,3.631
8031,3.631
8032,3.6311
8033,3.6313
8034,3.6315
8035,3.6316
8036,3.6316
8037,3.6318
8038,3.6319
8039,3.6321
8040,3.6322
8041,3.6322
8042,3.6324
8043,3.6326
8044,3.6327
8045,3.6327
8046,3.6329
8047,3.633
8048,3.6332
8049,3.6334
8050,3.6334
8051,3.6335
8052,3.6337
8053,3.6338
8054,3.634
8055,3.634
8056,3.6342
8057,3.6343
8058,3.6345
8059,3.6345
8060,3.6346
8061,3.6348
8062,3.6349
8063,3.6351
8064,3.6351
8065,3.6353
8066,3.6354
8067,3.6356
8068,3.6356
8069,3.6357
8070,3.6359
8071,3.6361
8072,3.6362
8073,3.6362
8074,3.6364
8075,3.6365
8076,3.6367
8077,3.6367
8078,3.6369
8079,3.637
8080,3.6372
8081,3.6373
8082,3.6373
8083,3.6375
8084,3.6376
8085,3.6378
8086,3.6378
8087,3.638
8088,3.6381
8089,3.6383
8090,3.6384
8091,3.6384
8092,3.6386
8093,3.6388
8094,3.6389
8095,3.6389
8096,3.6391
8097,3.6392
8098,3.6394
8099,3.6394
8100,3.6396
8101,3.6397
8102,3.6399
8103,3.64
8104,3.64
8105,3.6402
8106,3.6403
8107,3.6405
8108,3.6405
8109,3.6407
8110,3.6408
8111,3.641
8112,3.6411
8113,3.6411
8114,3.6413
8115,3.6415
8116,3.6416
8117,3.6416
8118,3.6418
8119,3.6419
8120,3.6421
8121,3.6421
8122,3.6423
8123,3.6424
8124,3.6426
8125,3.6426
8126,3.6427
8127,3.6429
8128,3.643
8129,3.643
8130,3.6432
8131,3.6434
8132,3.6435
8133,3.6435
8134,3.6437
8135,3.6438
8136,3.644
8137,3.644
8138,3.6442
8139,3.6443
8140,3.6445
8141,3.6445
8142,3.6446
8143,3.6448
8144,3.645
8145,3.645
8146,3.6451
8147,3.6453
8148,3.6454
8149,3.6454
8150,3.6456
8151,3.6458
8152,3.6459
8153,3.6459
8154,3.6461
8155,3.6462
8156,3.6464
8157,3.6464
8158,3.6465
8159,3.6467
8160,3.6469
8161,3.6469
8162,3.647
8163,3.6472
8164,3.6473
8165,3.6473
8166,3.6475
8167,3.6477
8168,3.6478
8169,3.6478
8170,3.648
8171,3.6481
8172,3.6483
8173,3.6483
8174,3.6485
8175,3.6486
8176,3.6486
8177,3.6488
8178,3.6489
8179,3.6491
8180,3.6492
8181,3.6492
8182,3.6494
8183,3.6496
8184,3.6497
8185,3.6497
8186,3.6499
8187,3.65
8188,3.65
8189,3.6502
8190,3.6504
8191,3.6505
8192,3.6507
8193,3.6507
8194,3.6508
8195,3.651
8196,3.651
8197,3.6512
8198,3.6513
8199,3.6515
8200,3.6515
8201,3.6516
8202,3.6518
8203,3.6519
8204,3.6519
8205,3.6521
8206,3.6523
8207,3.6524
8208,3.6524
8209,3.6526
8210,3.6527
8211,3.6529
8212,3.6529
8213,3.6531
8214,3.6532
8215,3.6534
8216,3.6534
8217,3.6535
8218,3.6535
8219,3.6537
8220,3.6539
8221,3.654
8222,3.654
8223,3.6542
8224,3.6543
8225,3.6545
8226,3.6546
8227,3.6546
8228,3.6548
8229,3.655
8230,3.655
8231,3.6551
8232,3.6553
8233,3.6554
8234,3.6554
8235,3.6556
8236,3.6558
8237,3.6558
8238,3.6559
8239,3.6561
8240,3.6562
8241,3.6562
8242,3.6564
8243,3.6566
8244,3.6567
8245,3.6567
8246,3.6569
8247,3.657
8248,3.6572
8249,3.6572
8250,3.6573
8251,3.6575
8252,3.6577
8253,3.6577
8254,3.6578
8255,3.658
8256,3.658
8257,3.6581
8258,3.6583
8259,3.6585
8260,3.6585
8261,3.6586
8262,3.6588
8263,3.6589
8264,3.6589
8265,3.6591
8266,3.6593
8267,3.6594
8268,3.6594
8269,3.6596
8270,3.6597
8271,3.6597
8272,3.6599
8273,3.6601
8274,3.6602
8275,3.6602
8276,3.6604
8277,3.6605
8278,3.6605
8279,3.6607
8280,3.6608
8281,3.661
8282,3.661
8283,3.6612
8284,3.6613
8285,3.6613
8286,3.6615
8287,3.6616
8288,3.6618
8289,3.6618
8290,3.662
8291,3.6621
8292,3.6623
8293,3.6623
8294,3.6624
8295,3.6626
8296,3.6626
8297,3.6628
8298,3.6629
8299,3.6631
8300,3.6631
8301,3.6632
8302,3.6634
8303,3.6635
8304,3.6635
8305,3.6637
8306,3.6639
8307,3.6639
8308,3.664
8309,3.6642
8310,3.6643
8311,3.6643
8312,3.6645
8313,3.6647
8314,3.6647
8315,3.6648
8316,3.665
8317,3.6651
8318,3.6651
8319,3.6653
8320,3.6655
8321,3.6655
8322,3.6656
8323,3.6658
8324,3.6659
8325,3.6659
8326,3.6661
8327,3.6662
8328,3.6662
8329,3.6664
8330,3.6666
8331,3.6667
8332,3.6667
8333,3.6669
8334,3.667
8335,3.667
8336,3.6672
8337,3.6674
8338,3.6674
8339,3.6675
8340,3.6677
8341,3.6678
8342,3.6678
8343,3.668
8344,3.6682
8345,3.6683
8346,3.6683
8347,3.6685
8348,3.6686
8349,3.6686
8350,3.6688
8351,3.6689
8352,3.6689
8353,3.6691
8354,3.6693
8355,3.6694
8356,3.6694
8357,3.6696
8358,3.6697
8359,3.6699
8360,3.6699
8361,3.6701
8362,3.6702
8363,3.6702
8364,3.6704
8365,3.6705
8366,3.6707
8367,3.6707
8368,3.6709
8369,3.671
8370,3.671
8371,3.6712
8372,3.6713
8373,3.6715
8374,3.6715
8375,3.6716
8376,3.6718
8377,3.6718
8378,3.672
8379,3.6721
8380,3.6723
8381,3.6723
8382,3.6724
8383,3.6726
8384,3.6726
8385,3.6728
8386,3.6729
8387,3.6729
8388,3.6731
8389,3.6732
8390,3.6734
8391,3.6734
8392,3.6736
8393,3.6737
8394,3.6737
8395,3.6739
8396,3.674
8397,3.6742
8398,3.6742
8399,3.6744
8400,3.6745
8401,3.6745
8402,3.6747
8403,3.6748
8404,3.675
8405,3.675
8406,3.6751
8407,3.6753
8408,3.6753
8409,3.6755
8410,3.6756
8411,3.6758
8412,3.6758
8413,3.6759
8414,3.6761
8415,3.6761
8416,3.6763
8417,3.6764
8418,3.6766
8419,3.6766
8420,3.6767
8421,3.6769
8422,3.6771
8423,3.6771
8424,3.6772
8425,3.6774
8426,3.6774
8427,3.6775
8428,3.6777
8429,3.6778
8430,3.6778
8431,3.678
8432,3.6782
8433,3.6782
8434,3.6783
8435,3.6785
8436,3.6785
8437,3.6786
8438,3.6788
8439,3.679
8440,3.679
8441,3.6791
8442,3.6793
8443,3.6794
8444,3.6794
8445,3.6796
8446,3.6798
8447,3.6798
8448,3.6799
8449,3.6801
8450,3.6801
8451,3.6802
8452,3.6804
8453,3.6805
8454,3.6805
8455,3.6807
8456,3.6809
8457,3.681
8458,3.681
8459,3.6812
8460,3.6813
8461,3.6813
8462,3.6815
8463,3.6817
8464,3.6818
8465,3.6818
8466,3.682
8467,3.6821
8468,3.6821
8469,3.6823
8470,3.6825
8471,3.6826
8472,3.6826
8473,3.6828
8474,3.6829
8475,3.6831
8476,3.6831
8477,3.6832
8478,3.6834
8479,3.6836
8480,3.6836
8481,3.6837
8482,3.6839
8483,3.684
8484,3.684
8485,3.6842
8486,3.6844
8487,3.6845
8488,3.6845
8489,3.6847
8490,3.6848
8491,3.685
8492,3.685
8493,3.6852
8494,3.6853
8495,3.6855
8496,3.6855
8497,3.6856
8498,3.6858
8499,3.6859
8500,3.6859
8501,3.6861
8502,3.6863
8503,3.6864
8504,3.6864
8505,3.6866
8506,3.6867
8507,3.6869
8508,3.6869
8509,3.6871
8510,3.6872
8511,3.6874
8512,3.6874
8513,3.6875
8514,3.6877
8515,3.6879
8516,3.6879
8517,3.688
8518,3.6882
8519,3.6883
8520,3.6883
8521,3.6885
8522,3.6887
8523,3.6888
8524,3.6888
8525,3.689
8526,3.6891
8527,3.6893
8528,3.6893
8529,3.6894
8530,3.6896
8531,3.6898
8532,3.6899
8533,3.6899
8534,3.6901
8535,3.6902
8536,3.6904
8537,3.6906
8538,3.6906
8539,3.6907
8540,3.6909
8541,3.691
8542,3.691
8543,3.6912
8544,3.6914
8545,3.6915
8546,3.6915
8547,3.6917
8548,3.6918
8549,3.692
8550,3.6921
8551,3.6921
8552,3.6923
8553,3.6925
8554,3.6926
8555,3.6928
8556,3.6928
8557,3.6929
8558,3.6931
8559,3.6933
8560,3.6933
8561,3.6934
8562,3.6936
8563,3.6937
8564,3.6939
8565,3.6939
8566,3.6941
8567,3.6942
8568,3.6944
8569,3.6945
8570,3.6945
8571,3.6947
8572,3.6948
8573,3.695
8574,3.6952
8575,3.6952
8576,3.6953
8577,3.6955
8578,3.6956
8579,3.6958
8580,3.696
8581,3.696
8582,3.6961
8583,3.6963
8584,3.6964
8585,3.6966
8586,3.6968
8587,3.6968
8588,3.6969
8589,3.6971
8590,3.6972
8591,3.6974
8592,3.6974
8593,3.6975
8594,3.6977
8595,3.6979
8596,3.698
8597,3.6982
8598,3.6983
8599,3.6983
8600,3.6985
8601,3.6987
8602,3.6988
8603,3.699
8604,3.6991
8605,3.6991
8606,3.6993
8607,3.6995
8608,3.6996
8609,3.6998
8610,3.6999
8611,3.7001
8612,3.7001
8613,3.7002
8614,3.7004
8615,3.7006
8616,3.7007
8617,3.7009
8618,3.7009
8619,3.701
8620,3.7012
8621,3.7014
8622,3.7015
8623,3.7017
8624,3.7018
8625,3.702
8626,3.7022
8627,3.7022
8628,3.7023
8629,3.7025
8630,3.7026
8631,3.7028
8632,3.703
8633,3.7031
8634,3.7031
8635,3.7033
8636,3.7034
8637,3.7036
8638,3.7037
8639,3.7039
8640,3.7041
8641,3.7042
8642,3.7044
8643,3.7044
8644,3.7045
8645,3.7047
8646,3.7049
8647,3.705
8648,3.7052
8649,3.7053
8650,3.7055
8651,3.7057
8652,3.7057
8653,3.7058
8654,3.706
8655,3.7061
8656,3.7063
8657,3.7064
8658,3.7066
8659,3.7068
8660,3.7069
8661,3.7071
8662,3.7071
8663,3.7072
8664,3.7074
8665,3.7076
8666,3.7077
8667,3.7079
8668,3.708
8669,3.7082
8670,3.7084
8671,3.7085
8672,3.7087
8673,3.7088
8674,3.709
8675,3.7091
8676,3.7091
8677,3.7093
8678,3.7095
8679,3.7096
8680,3.7098
8681,3.7099
8682,3.7101
8683,3.7103
8684,3.7103
8685,3.7101
8686,3.7101
8687,3.7101
8688,3.7101
8689,3.7101
8690,3.7101
8691,3.7101
8692,3.7101
8693,3.7101
8694,3.7101
8695,3.7101
8696,3.7101
8697,3.7101
8698,3.7101
8699,3.7101
8700,3.7101
8701,3.7101
8702,3.7101
8703,3.7101
8704,3.7101
8705,3.7101
8706,3.7101
8707,3.7101
8708,3.7101
8709,3.7101
8710,3.7101
8711,3.7101
8712,3.7101
8713,3.7101
8714,3.7101
8715,3.7101
8716,3.7101
8717,3.7101
8718,3.7101
8719,3.7101
8720,3.7101
8721,3.7101
8722,3.7101
8723,3.708
8724,3.707
8725,3.7067
8726,3.7066
8727,3.7064
8728,3.7062
8729,3.7061
8730,3.7061
8731,3.7059
8732,3.7059
8733,3.7058
8734,3.7058
8735,3.7056
8736,3.7056
8737,3.7056
8738,3.7054
8739,3.7054
8740,3.7054
8741,3.7053
8742,3.7053
8743,3.7053
8744,3.7053
8745,3.7051
8746,3.7051
8747,3.7051
8748,3.7051
8749,3.7051
8750,3.705
8751,3.705
8752,3.705
8753,3.705
8754,3.705
8755,3.705
8756,3.7048
8757,3.7048
8758,3.7048
8759,3.7048
8760,3.7048
8761,3.7048
8762,3.7048
8763,3.7047
8764,3.7047
8765,3.7047
8766,3.7047
8767,3.7047
8768,3.7047
8769,3.7047
8770,3.7047
8771,3.7047
8772,3.7045
8773,3.7047
8774,3.7045
8775,3.7045
8776,3.7045
8777,3.7045
8778,3.7045
8779,3.7045
8780,3.7045
8781,3.7045
8782,3.7045
8783,3.7045
8784,3.7043
8785,3.7043
8786,3.7043
8787,3.7043
8788,3.7043
8789,3.7043
8790,3.7043
8791,3.7043
8792,3.7043
8793,3.7043
8794,3.7043
8795,3.7043
8796,3.7043
8797,3.7043
8798,3.7043
8799,3.7043
8800,3.7043
8801,3.7043
8802,3.7043
8803,3.7043
8804,3.7042
8805,3.7042
8806,3.7042
8807,3.7042
8808,3.7042
8809,3.7042
8810,3.7042
8811,3.7042
8812,3.7042
8813,3.7042
8814,3.7042
8815,3.7042
8816,3.7042
8817,3.7042
8818,3.7042
8819,3.7042
8820,3.7042
8821,3.7042
8822,3.7042
8823,3.7042
8824,3.7042
8825,3.7042
8826,3.7042
8827,3.7042
8828,3.7042
8829,3.704
8830,3.7042
8831,3.704
8832,3.704
8833,3.704
8834,3.704
8835,3.704
8836,3.704
8837,3.704
8838,3.704
8839,3.704
8840,3.704
8841,3.704
8842,3.704
8843,3.704
8844,3.704
8845,3.704
8846,3.704
8847,3.704
8848,3.704
8849,3.704
8850,3.704
8851,3.704
8852,3.704
8853,3.704
8854,3.704
8855,3.704
8856,3.704
8857,3.704
8858,3.704
8859,3.704
8860,3.704
8861,3.704
8862,3.704
8863,3.704
8864,3.704
8865,3.704
8866,3.704
8867,3.704
8868,3.7039
8869,3.704
8870,3.7039
8871,3.7039
8872,3.704
8873,3.7039
8874,3.7039
8875,3.704
8876,3.7039
8877,3.7039
8878,3.7039
8879,3.7039
8880,3.7039
8881,3.7039
8882,3.7039
8883,3.7039
8884,3.7039
8885,3.7039
8886,3.7039
8887,3.7039
8888,3.7039
8889,3.7039
8890,3.7039
8891,3.7039
8892,3.7039
8893,3.7039
8894,3.7039
8895,3.7039
8896,3.7039
8897,3.7039
8898,3.7039
8899,3.7039
8900,3.7039
8901,3.7039
8902,3.7039
8903,3.7039
