,voltage
0,3.4179
1,3.4179
2,3.4171
3,3.4169
4,3.4169
5,3.4171
6,3.4171
7,3.4171
8,3.4169
9,3.4169
10,3.4169
11,3.4169
12,3.4169
13,3.4169
14,3.4169
15,3.4169
16,3.4169
17,3.4171
18,3.4169
19,3.4169
20,3.4169
21,3.4169
22,3.4169
23,3.4169
24,3.4169
25,3.4169
26,3.4169
27,3.4169
28,3.4169
29,3.4169
30,3.4169
31,3.4169
32,3.4169
33,3.4169
34,3.4169
35,3.4169
36,3.4169
37,3.4169
38,3.4169
39,3.4169
40,3.4169
41,3.4169
42,3.4169
43,3.4169
44,3.4169
45,3.4169
46,3.4169
47,3.4169
48,3.4169
49,3.4169
50,3.4169
51,3.4169
52,3.4169
53,3.4169
54,3.4169
55,3.4169
56,3.4169
57,3.4169
58,3.4169
59,3.4169
60,3.4169
61,3.4169
62,3.4169
63,3.516
64,3.6161
65,3.6172
66,3.6209
67,3.6221
68,3.6229
69,3.6232
70,3.6236
71,3.6237
72,3.6237
73,3.6239
74,3.6239
75,3.624
76,3.624
77,3.624
78,3.6242
79,3.6242
80,3.6242
81,3.6244
82,3.6245
83,3.6245
84,3.6247
85,3.6247
86,3.6248
87,3.625
88,3.6251
89,3.6251
90,3.6253
91,3.6255
92,3.6256
93,3.6258
94,3.6259
95,3.6259
96,3.6261
97,3.6263
98,3.6264
99,3.6266
100,3.6267
101,3.6269
102,3.6271
103,3.6272
104,3.6275
105,3.6277
106,3.6278
107,3.628
108,3.6282
109,3.6283
110,3.6285
111,3.6286
112,3.6288
113,3.629
114,3.6293
115,3.6294
116,3.6296
117,3.6298
118,3.6299
119,3.6301
120,3.6302
121,3.6305
122,3.6307
123,3.6309
124,3.631
125,3.6312
126,3.6315
127,3.6317
128,3.6318
129,3.632
130,3.6321
131,3.6323
132,3.6326
133,3.6328
134,3.6329
135,3.6331
136,3.6332
137,3.6334
138,3.6336
139,3.6337
140,3.6339
141,3.6342
142,3.6344
143,3.6345
144,3.6347
145,3.6348
146,3.635
147,3.6352
148,3.6353
149,3.6355
150,3.6356
151,3.6358
152,3.636
153,3.6361
154,3.6363
155,3.6364
156,3.6366
157,3.6367
158,3.6369
159,3.6371
160,3.6372
161,3.6374
162,3.6375
163,3.6377
164,3.6379
165,3.638
166,3.6382
167,3.6383
168,3.6385
169,3.6387
170,3.6388
171,3.639
172,3.6391
173,3.6393
174,3.6394
175,3.6394
176,3.6396
177,3.6398
178,3.6399
179,3.6401
180,3.6402
181,3.6404
182,3.6406
183,3.6406
184,3.6407
185,3.6409
186,3.641
187,3.6412
188,3.6414
189,3.6414
190,3.6415
191,3.6417
192,3.6418
193,3.642
194,3.642
195,3.6421
196,3.6423
197,3.6425
198,3.6426
199,3.6426
200,3.6428
201,3.6429
202,3.6431
203,3.6431
204,3.6433
205,3.6434
206,3.6436
207,3.6436
208,3.6437
209,3.6439
210,3.6441
211,3.6441
212,3.6442
213,3.6444
214,3.6444
215,3.6445
216,3.6447
217,3.6447
218,3.6448
219,3.645
220,3.6452
221,3.6452
222,3.6453
223,3.6455
224,3.6455
225,3.6456
226,3.6456
227,3.6458
228,3.646
229,3.646
230,3.6461
231,3.6463
232,3.6463
233,3.6464
234,3.6466
235,3.6466
236,3.6468
237,3.6468
238,3.6469
239,3.6471
240,3.6471
241,3.6472
242,3.6474
243,3.6474
244,3.6475
245,3.6475
246,3.6477
247,3.6479
248,3.6479
249,3.648
250,3.648
251,3.6482
252,3.6482
253,3.6483
254,3.6483
255,3.6485
256,3.6487
257,3.6487
258,3.6488
259,3.6488
260,3.649
261,3.6491
262,3.6491
263,3.6493
264,3.6493
265,3.6493
266,3.6495
267,3.6496
268,3.6496
269,3.6498
270,3.6498
271,3.6499
272,3.6499
273,3.6501
274,3.6502
275,3.6502
276,3.6504
277,3.6504
278,3.6506
279,3.6506
280,3.6507
281,3.6507
282,3.6509
283,3.6509
284,3.651
285,3.651
286,3.6512
287,3.6512
288,3.6514
289,3.6514
290,3.6515
291,3.6515
292,3.6517
293,3.6517
294,3.6518
295,3.6518
296,3.652
297,3.652
298,3.6522
299,3.6522
300,3.6523
301,3.6523
302,3.6525
303,3.6525
304,3.6526
305,3.6526
306,3.6528
307,3.6528
308,3.6529
309,3.6529
310,3.6529
311,3.6531
312,3.6531
313,3.6533
314,3.6533
315,3.6534
316,3.6534
317,3.6536
318,3.6536
319,3.6537
320,3.6537
321,3.6539
322,3.6539
323,3.6541
324,3.6541
325,3.6542
326,3.6542
327,3.6542
328,3.6544
329,3.6544
330,3.6545
331,3.6545
332,3.6547
333,3.6547
334,3.6549
335,3.6549
336,3.6549
337,3.655
338,3.655
339,3.6552
340,3.6552
341,3.6553
342,3.6553
343,3.6555
344,3.6555
345,3.6557
346,3.6557
347,3.6557
348,3.6558
349,3.6558
350,3.656
351,3.656
352,3.6561
353,3.6561
354,3.6563
355,3.6563
356,3.6563
357,3.6564
358,3.6564
359,3.6566
360,3.6566
361,3.6568
362,3.6568
363,3.6568
364,3.6569
365,3.6569
366,3.6571
367,3.6571
368,3.6572
369,3.6572
370,3.6572
371,3.6574
372,3.6574
373,3.6576
374,3.6576
375,3.6577
376,3.6577
377,3.6577
378,3.6579
379,3.6579
380,3.658
381,3.658
382,3.658
383,3.6582
384,3.6582
385,3.6584
386,3.6584
387,3.6585
388,3.6585
389,3.6585
390,3.6587
391,3.6587
392,3.6588
393,3.6588
394,3.659
395,3.659
396,3.659
397,3.6591
398,3.6591
399,3.6593
400,3.6593
401,3.6593
402,3.6595
403,3.6595
404,3.6596
405,3.6596
406,3.6596
407,3.6598
408,3.6598
409,3.6599
410,3.6599
411,3.6601
412,3.6601
413,3.6601
414,3.6603
415,3.6603
416,3.6604
417,3.6604
418,3.6604
419,3.6606
420,3.6606
421,3.6607
422,3.6607
423,3.6609
424,3.6609
425,3.6609
426,3.6611
427,3.6611
428,3.6612
429,3.6612
430,3.6612
431,3.6614
432,3.6614
433,3.6615
434,3.6615
435,3.6615
436,3.6617
437,3.6617
438,3.6618
439,3.6618
440,3.6618
441,3.662
442,3.662
443,3.6622
444,3.6622
445,3.6622
446,3.6623
447,3.6623
448,3.6625
449,3.6625
450,3.6625
451,3.6626
452,3.6626
453,3.6628
454,3.6628
455,3.6628
456,3.663
457,3.663
458,3.6631
459,3.6631
460,3.6631
461,3.6633
462,3.6633
463,3.6634
464,3.6634
465,3.6634
466,3.6636
467,3.6636
468,3.6638
469,3.6638
470,3.6638
471,3.6639
472,3.6639
473,3.6641
474,3.6641
475,3.6641
476,3.6642
477,3.6642
478,3.6644
479,3.6644
480,3.6645
481,3.6645
482,3.6645
483,3.6647
484,3.6647
485,3.6647
486,3.6649
487,3.6649
488,3.665
489,3.665
490,3.665
491,3.6652
492,3.6652
493,3.6653
494,3.6653
495,3.6653
496,3.6655
497,3.6655
498,3.6657
499,3.6657
500,3.6657
501,3.6658
502,3.6658
503,3.666
504,3.666
505,3.666
506,3.6661
507,3.6661
508,3.6663
509,3.6663
510,3.6663
511,3.6665
512,3.6665
513,3.6666
514,3.6666
515,3.6666
516,3.6668
517,3.6668
518,3.6669
519,3.6669
520,3.6669
521,3.6671
522,3.6671
523,3.6671
524,3.6672
525,3.6672
526,3.6674
527,3.6674
528,3.6674
529,3.6676
530,3.6676
531,3.6677
532,3.6677
533,3.6677
534,3.6679
535,3.6679
536,3.668
537,3.668
538,3.6682
539,3.6682
540,3.6682
541,3.6684
542,3.6684
543,3.6684
544,3.6685
545,3.6685
546,3.6687
547,3.6687
548,3.6687
549,3.6688
550,3.6688
551,3.6688
552,3.669
553,3.669
554,3.6692
555,3.6692
556,3.6693
557,3.6693
558,3.6693
559,3.6695
560,3.6695
561,3.6696
562,3.6696
563,3.6696
564,3.6698
565,3.6698
566,3.6698
567,3.6699
568,3.6699
569,3.6701
570,3.6701
571,3.6701
572,3.6703
573,3.6703
574,3.6704
575,3.6704
576,3.6704
577,3.6706
578,3.6706
579,3.6707
580,3.6707
581,3.6709
582,3.6709
583,3.6709
584,3.6711
585,3.6711
586,3.6711
587,3.6712
588,3.6712
589,3.6714
590,3.6714
591,3.6714
592,3.6715
593,3.6715
594,3.6717
595,3.6717
596,3.6717
597,3.6719
598,3.6719
599,3.672
600,3.672
601,3.672
602,3.6722
603,3.6722
604,3.6722
605,3.6723
606,3.6723
607,3.6725
608,3.6725
609,3.6725
610,3.6726
611,3.6726
612,3.6728
613,3.6728
614,3.673
615,3.673
616,3.673
617,3.6731
618,3.6731
619,3.6731
620,3.6733
621,3.6733
622,3.6734
623,3.6734
624,3.6734
625,3.6736
626,3.6736
627,3.6738
628,3.6738
629,3.6738
630,3.6739
631,3.6739
632,3.6741
633,3.6741
634,3.6741
635,3.6742
636,3.6742
637,3.6744
638,3.6744
639,3.6744
640,3.6746
641,3.6746
642,3.6747
643,3.6747
644,3.6747
645,3.6749
646,3.6749
647,3.675
648,3.675
649,3.675
650,3.6752
651,3.6752
652,3.6754
653,3.6754
654,3.6754
655,3.6755
656,3.6755
657,3.6755
658,3.6757
659,3.6757
660,3.6757
661,3.6758
662,3.6758
663,3.676
664,3.676
665,3.676
666,3.6761
667,3.6761
668,3.6763
669,3.6763
670,3.6765
671,3.6765
672,3.6765
673,3.6766
674,3.6766
675,3.6766
676,3.6768
677,3.6768
678,3.6769
679,3.6769
680,3.6771
681,3.6771
682,3.6771
683,3.6773
684,3.6773
685,3.6774
686,3.6774
687,3.6774
688,3.6776
689,3.6776
690,3.6777
691,3.6777
692,3.6779
693,3.6779
694,3.6779
695,3.6781
696,3.6781
697,3.6782
698,3.6782
699,3.6782
700,3.6784
701,3.6784
702,3.6785
703,3.6785
704,3.6785
705,3.6787
706,3.6787
707,3.6788
708,3.6788
709,3.6788
710,3.679
711,3.679
712,3.6792
713,3.6792
714,3.6793
715,3.6793
716,3.6793
717,3.6795
718,3.6795
719,3.6796
720,3.6796
721,3.6796
722,3.6798
723,3.6798
724,3.68
725,3.68
726,3.68
727,3.6801
728,3.6801
729,3.6803
730,3.6803
731,3.6804
732,3.6804
733,3.6804
734,3.6806
735,3.6806
736,3.6808
737,3.6808
738,3.6808
739,3.6809
740,3.6809
741,3.6811
742,3.6811
743,3.6812
744,3.6812
745,3.6812
746,3.6814
747,3.6814
748,3.6815
749,3.6815
750,3.6815
751,3.6817
752,3.6817
753,3.6819
754,3.6819
755,3.682
756,3.682
757,3.682
758,3.6822
759,3.6822
760,3.6823
761,3.6823
762,3.6825
763,3.6825
764,3.6825
765,3.6827
766,3.6827
767,3.6828
768,3.6828
769,3.6828
770,3.683
771,3.683
772,3.6831
773,3.6831
774,3.6833
775,3.6833
776,3.6833
777,3.6835
778,3.6835
779,3.6836
780,3.6836
781,3.6838
782,3.6838
783,3.6839
784,3.6839
785,3.6839
786,3.6841
787,3.6841
788,3.6842
789,3.6842
790,3.6844
791,3.6844
792,3.6844
793,3.6846
794,3.6846
795,3.6847
796,3.6847
797,3.6849
798,3.6849
799,3.6849
800,3.685
801,3.685
802,3.6852
803,3.6852
804,3.6854
805,3.6854
806,3.6854
807,3.6855
808,3.6855
809,3.6857
810,3.6857
811,3.6858
812,3.6858
813,3.686
814,3.686
815,3.686
816,3.6862
817,3.6862
818,3.6863
819,3.6863
820,3.6865
821,3.6865
822,3.6866
823,3.6866
824,3.6866
825,3.6868
826,3.6868
827,3.6869
828,3.6869
829,3.6871
830,3.6871
831,3.6871
832,3.6873
833,3.6873
834,3.6874
835,3.6874
836,3.6876
837,3.6876
838,3.6877
839,3.6877
840,3.6879
841,3.6879
842,3.6879
843,3.6881
844,3.6881
845,3.6882
846,3.6882
847,3.6884
848,3.6884
849,3.6884
850,3.6885
851,3.6885
852,3.6887
853,3.6887
854,3.6889
855,3.6889
856,3.689
857,3.689
858,3.689
859,3.6892
860,3.6892
861,3.6893
862,3.6893
863,3.6895
864,3.6895
865,3.6896
866,3.6896
867,3.6896
868,3.6898
869,3.6898
870,3.69
871,3.69
872,3.6901
873,3.6901
874,3.6903
875,3.6903
876,3.6904
877,3.6904
878,3.6906
879,3.6906
880,3.6906
881,3.6908
882,3.6908
883,3.6909
884,3.6909
885,3.6911
886,3.6911
887,3.6912
888,3.6912
889,3.6914
890,3.6914
891,3.6914
892,3.6916
893,3.6916
894,3.6917
895,3.6917
896,3.6919
897,3.6919
898,3.692
899,3.692
900,3.692
901,3.6922
902,3.6923
903,3.6923
904,3.6923
905,3.6925
906,3.6925
907,3.6927
908,3.6927
909,3.6928
910,3.6928
911,3.693
912,3.693
913,3.693
914,3.6931
915,3.6931
916,3.6933
917,3.6933
918,3.6935
919,3.6935
920,3.6936
921,3.6936
922,3.6938
923,3.6938
924,3.6939
925,3.6939
926,3.6941
927,3.6941
928,3.6941
929,3.6943
930,3.6943
931,3.6944
932,3.6944
933,3.6946
934,3.6946
935,3.6947
936,3.6947
937,3.6949
938,3.6949
939,3.695
940,3.695
941,3.6952
942,3.6952
943,3.6954
944,3.6954
945,3.6954
946,3.6955
947,3.6955
948,3.6957
949,3.6957
950,3.6958
951,3.6958
952,3.696
953,3.696
954,3.6962
955,3.6962
956,3.6963
957,3.6963
958,3.6965
959,3.6965
960,3.6966
961,3.6966
962,3.6966
963,3.6968
964,3.6968
965,3.697
966,3.697
967,3.6971
968,3.6971
969,3.6973
970,3.6973
971,3.6974
972,3.6974
973,3.6976
974,3.6976
975,3.6978
976,3.6978
977,3.6979
978,3.6979
979,3.6981
980,3.6981
981,3.6981
982,3.6982
983,3.6982
984,3.6984
985,3.6985
986,3.6985
987,3.6985
988,3.6987
989,3.6987
990,3.6989
991,3.6989
992,3.699
993,3.699
994,3.6992
995,3.6992
996,3.6993
997,3.6993
998,3.6995
999,3.6995
1000,3.6997
1001,3.6997
1002,3.6998
1003,3.6998
1004,3.7
1005,3.7
1006,3.7001
1007,3.7001
1008,3.7003
1009,3.7003
1010,3.7005
1011,3.7005
1012,3.7006
1013,3.7006
1014,3.7008
1015,3.7008
1016,3.7009
1017,3.7009
1018,3.7011
1019,3.7011
1020,3.7011
1021,3.7012
1022,3.7012
1023,3.7014
1024,3.7014
1025,3.7016
1026,3.7017
1027,3.7017
1028,3.7017
1029,3.7019
1030,3.7019
1031,3.702
1032,3.702
1033,3.7022
1034,3.7022
1035,3.7024
1036,3.7024
1037,3.7025
1038,3.7025
1039,3.7027
1040,3.7027
1041,3.7028
1042,3.7028
1043,3.703
1044,3.703
1045,3.7032
1046,3.7032
1047,3.7033
1048,3.7033
1049,3.7035
1050,3.7035
1051,3.7036
1052,3.7036
1053,3.7038
1054,3.7038
1055,3.7039
1056,3.7039
1057,3.7041
1058,3.7041
1059,3.7043
1060,3.7043
1061,3.7044
1062,3.7044
1063,3.7046
1064,3.7046
1065,3.7047
1066,3.7047
1067,3.7049
1068,3.7049
1069,3.7051
1070,3.7051
1071,3.7052
1072,3.7052
1073,3.7054
1074,3.7054
1075,3.7055
1076,3.7055
1077,3.7057
1078,3.7057
1079,3.7059
1080,3.7059
1081,3.706
1082,3.706
1083,3.7062
1084,3.7062
1085,3.7063
1086,3.7063
1087,3.7065
1088,3.7065
1089,3.7066
1090,3.7066
1091,3.7068
1092,3.7068
1093,3.707
1094,3.707
1095,3.7071
1096,3.7071
1097,3.7073
1098,3.7073
1099,3.7074
1100,3.7074
1101,3.7076
1102,3.7076
1103,3.7078
1104,3.7078
1105,3.7079
1106,3.7079
1107,3.7081
1108,3.7081
1109,3.7082
1110,3.7082
1111,3.7084
1112,3.7084
1113,3.7086
1114,3.7086
1115,3.7087
1116,3.7087
1117,3.7089
1118,3.7089
1119,3.709
1120,3.709
1121,3.7092
1122,3.7092
1123,3.7093
1124,3.7093
1125,3.7095
1126,3.7095
1127,3.7097
1128,3.7097
1129,3.7098
1130,3.7098
1131,3.71
1132,3.71
1133,3.7101
1134,3.7101
1135,3.7103
1136,3.7103
1137,3.7105
1138,3.7105
1139,3.7106
1140,3.7106
1141,3.7108
1142,3.7108
1143,3.7109
1144,3.7109
1145,3.7111
1146,3.7111
1147,3.7113
1148,3.7113
1149,3.7114
1150,3.7114
1151,3.7116
1152,3.7116
1153,3.7117
1154,3.7117
1155,3.7119
1156,3.7119
1157,3.712
1158,3.7122
1159,3.7122
1160,3.7124
1161,3.7124
1162,3.7125
1163,3.7125
1164,3.7127
1165,3.7127
1166,3.7128
1167,3.7128
1168,3.713
1169,3.713
1170,3.7132
1171,3.7132
1172,3.7133
1173,3.7133
1174,3.7135
1175,3.7135
1176,3.7136
1177,3.7136
1178,3.7138
1179,3.7138
1180,3.714
1181,3.714
1182,3.7141
1183,3.7141
1184,3.7143
1185,3.7143
1186,3.7144
1187,3.7144
1188,3.7146
1189,3.7146
1190,3.7148
1191,3.7149
1192,3.7149
1193,3.7151
1194,3.7151
1195,3.7152
1196,3.7152
1197,3.7154
1198,3.7154
1199,3.7155
1200,3.7155
1201,3.7157
1202,3.7157
1203,3.7159
1204,3.7159
1205,3.716
1206,3.716
1207,3.7162
1208,3.7162
1209,3.7163
1210,3.7163
1211,3.7165
1212,3.7165
1213,3.7167
1214,3.7167
1215,3.7168
1216,3.7168
1217,3.717
1218,3.7171
1219,3.7171
1220,3.7173
1221,3.7173
1222,3.7175
1223,3.7175
1224,3.7176
1225,3.7176
1226,3.7178
1227,3.7178
1228,3.7179
1229,3.7179
1230,3.7181
1231,3.7181
1232,3.7182
1233,3.7182
1234,3.7184
1235,3.7184
1236,3.7186
1237,3.7186
1238,3.7187
1239,3.7189
1240,3.7189
1241,3.719
1242,3.719
1243,3.7192
1244,3.7192
1245,3.7194
1246,3.7194
1247,3.7195
1248,3.7195
1249,3.7197
1250,3.7197
1251,3.7198
1252,3.7198
1253,3.72
1254,3.7202
1255,3.7202
1256,3.7203
1257,3.7203
1258,3.7205
1259,3.7205
1260,3.7206
1261,3.7206
1262,3.7208
1263,3.7208
1264,3.7209
1265,3.7209
1266,3.7211
1267,3.7211
1268,3.7213
1269,3.7214
1270,3.7214
1271,3.7216
1272,3.7216
1273,3.7217
1274,3.7217
1275,3.7219
1276,3.7219
1277,3.7221
1278,3.7221
1279,3.7222
1280,3.7222
1281,3.7224
1282,3.7225
1283,3.7225
1284,3.7227
1285,3.7227
1286,3.7229
1287,3.7229
1288,3.723
1289,3.723
1290,3.7232
1291,3.7232
1292,3.7233
1293,3.7235
1294,3.7235
1295,3.7236
1296,3.7236
1297,3.7238
1298,3.7238
1299,3.724
1300,3.724
1301,3.7241
1302,3.7243
1303,3.7243
1304,3.7244
1305,3.7244
1306,3.7246
1307,3.7246
1308,3.7248
1309,3.7248
1310,3.7249
1311,3.7249
1312,3.7251
1313,3.7252
1314,3.7252
1315,3.7254
1316,3.7254
1317,3.7256
1318,3.7256
1319,3.7257
1320,3.7257
1321,3.7259
1322,3.7259
1323,3.726
1324,3.7262
1325,3.7262
1326,3.7263
1327,3.7263
1328,3.7265
1329,3.7265
1330,3.7267
1331,3.7268
1332,3.7268
1333,3.727
1334,3.727
1335,3.7271
1336,3.7273
1337,3.7273
1338,3.7275
1339,3.7275
1340,3.7276
1341,3.7276
1342,3.7278
1343,3.7278
1344,3.7279
1345,3.7281
1346,3.7281
1347,3.7283
1348,3.7283
1349,3.7284
1350,3.7286
1351,3.7286
1352,3.7287
1353,3.7287
1354,3.7289
1355,3.7289
1356,3.729
1357,3.729
1358,3.7292
1359,3.7294
1360,3.7294
1361,3.7295
1362,3.7295
1363,3.7297
1364,3.7298
1365,3.7298
1366,3.73
1367,3.73
1368,3.7302
1369,3.7303
1370,3.7303
1371,3.7305
1372,3.7305
1373,3.7306
1374,3.7308
1375,3.7308
1376,3.731
1377,3.731
1378,3.7311
1379,3.7311
1380,3.7313
1381,3.7314
1382,3.7314
1383,3.7316
1384,3.7316
1385,3.7317
1386,3.7319
1387,3.7319
1388,3.7321
1389,3.7321
1390,3.7322
1391,3.7324
1392,3.7324
1393,3.7325
1394,3.7325
1395,3.7327
1396,3.7329
1397,3.7329
1398,3.733
1399,3.733
1400,3.7332
1401,3.7333
1402,3.7333
1403,3.7335
1404,3.7335
1405,3.7337
1406,3.7338
1407,3.7338
1408,3.734
1409,3.7341
1410,3.7341
1411,3.7343
1412,3.7343
1413,3.7345
1414,3.7346
1415,3.7346
1416,3.7348
1417,3.7349
1418,3.7349
1419,3.7351
1420,3.7351
1421,3.7352
1422,3.7354
1423,3.7354
1424,3.7356
1425,3.7356
1426,3.7357
1427,3.7359
1428,3.7359
1429,3.736
1430,3.7362
1431,3.7362
1432,3.7364
1433,3.7364
1434,3.7365
1435,3.7367
1436,3.7367
1437,3.7368
1438,3.737
1439,3.737
1440,3.7372
1441,3.7373
1442,3.7373
1443,3.7375
1444,3.7376
1445,3.7376
1446,3.7378
1447,3.7378
1448,3.7379
1449,3.7381
1450,3.7381
1451,3.7383
1452,3.7384
1453,3.7384
1454,3.7386
1455,3.7387
1456,3.7387
1457,3.7389
1458,3.7391
1459,3.7391
1460,3.7392
1461,3.7394
1462,3.7394
1463,3.7395
1464,3.7397
1465,3.7397
1466,3.7399
1467,3.7399
1468,3.74
1469,3.7402
1470,3.7402
1471,3.7403
1472,3.7405
1473,3.7405
1474,3.7406
1475,3.7408
1476,3.7408
1477,3.741
1478,3.7411
1479,3.7411
1480,3.7413
1481,3.7414
1482,3.7416
1483,3.7416
1484,3.7418
1485,3.7418
1486,3.7419
1487,3.7421
1488,3.7422
1489,3.7422
1490,3.7424
1491,3.7426
1492,3.7426
1493,3.7427
1494,3.7429
1495,3.7429
1496,3.743
1497,3.7432
1498,3.7432
1499,3.7433
1500,3.7435
1501,3.7435
1502,3.7437
1503,3.7438
1504,3.7438
1505,3.744
1506,3.7441
1507,3.7443
1508,3.7443
1509,3.7445
1510,3.7446
1511,3.7446
1512,3.7448
1513,3.7449
1514,3.7449
1515,3.7451
1516,3.7453
1517,3.7454
1518,3.7454
1519,3.7456
1520,3.7457
1521,3.7457
1522,3.7459
1523,3.746
1524,3.7462
1525,3.7462
1526,3.7464
1527,3.7465
1528,3.7465
1529,3.7467
1530,3.7468
1531,3.747
1532,3.747
1533,3.7472
1534,3.7473
1535,3.7473
1536,3.7475
1537,3.7476
1538,3.7478
1539,3.7478
1540,3.748
1541,3.7481
1542,3.7483
1543,3.7483
1544,3.7484
1545,3.7486
1546,3.7486
1547,3.7487
1548,3.7489
1549,3.7491
1550,3.7491
1551,3.7492
1552,3.7494
1553,3.7494
1554,3.7495
1555,3.7497
1556,3.7499
1557,3.7499
1558,3.75
1559,3.7502
1560,3.7503
1561,3.7503
1562,3.7505
1563,3.7507
1564,3.7508
1565,3.751
1566,3.751
1567,3.7511
1568,3.7513
1569,3.7514
1570,3.7514
1571,3.7516
1572,3.7518
1573,3.7519
1574,3.7519
1575,3.7521
1576,3.7522
1577,3.7524
1578,3.7524
1579,3.7526
1580,3.7527
1581,3.7529
1582,3.753
1583,3.753
1584,3.7532
1585,3.7534
1586,3.7535
1587,3.7535
1588,3.7537
1589,3.7538
1590,3.754
1591,3.754
1592,3.7541
1593,3.7543
1594,3.7545
1595,3.7546
1596,3.7546
1597,3.7548
1598,3.7549
1599,3.7551
1600,3.7553
1601,3.7553
1602,3.7554
1603,3.7556
1604,3.7557
1605,3.7557
1606,3.7559
1607,3.7561
1608,3.7562
1609,3.7562
1610,3.7564
1611,3.7565
1612,3.7567
1613,3.7569
1614,3.757
1615,3.757
1616,3.7572
1617,3.7573
1618,3.7575
1619,3.7576
1620,3.7576
1621,3.7578
1622,3.758
1623,3.7581
1624,3.7583
1625,3.7584
1626,3.7584
1627,3.7586
1628,3.7588
1629,3.7589
1630,3.7591
1631,3.7591
1632,3.7592
1633,3.7594
1634,3.7596
1635,3.7597
1636,3.7599
1637,3.7599
1638,3.76
1639,3.7602
1640,3.7603
1641,3.7605
1642,3.7605
1643,3.7607
1644,3.7608
1645,3.761
1646,3.7611
1647,3.7613
1648,3.7613
1649,3.7615
1650,3.7616
1651,3.7618
1652,3.7619
1653,3.7621
1654,3.7621
1655,3.7623
1656,3.7624
1657,3.7626
1658,3.7627
1659,3.7629
1660,3.7629
1661,3.763
1662,3.7632
1663,3.7634
1664,3.7635
1665,3.7637
1666,3.7638
1667,3.7638
1668,3.764
1669,3.7642
1670,3.7643
1671,3.7645
1672,3.7646
1673,3.7648
1674,3.7648
1675,3.765
1676,3.7651
1677,3.7653
1678,3.7654
1679,3.7656
1680,3.7657
1681,3.7657
1682,3.7659
1683,3.7661
1684,3.7662
1685,3.7664
1686,3.7665
1687,3.7667
1688,3.7667
1689,3.7669
1690,3.767
1691,3.7672
1692,3.7673
1693,3.7675
1694,3.7677
1695,3.7678
1696,3.7678
1697,3.768
1698,3.7681
1699,3.7683
1700,3.7684
1701,3.7686
1702,3.7688
1703,3.7689
1704,3.7689
1705,3.7691
1706,3.7692
1707,3.7694
1708,3.7696
1709,3.7697
1710,3.7699
1711,3.77
1712,3.7702
1713,3.7702
1714,3.7704
1715,3.7705
1716,3.7707
1717,3.7708
1718,3.771
1719,3.7711
1720,3.7713
1721,3.7715
1722,3.7716
1723,3.7716
1724,3.7718
1725,3.7719
1726,3.7721
1727,3.7723
1728,3.7724
1729,3.7726
1730,3.7727
1731,3.7729
1732,3.7731
1733,3.7732
1734,3.7732
1735,3.7734
1736,3.7735
1737,3.7737
1738,3.7738
1739,3.774
1740,3.7742
1741,3.7743
1742,3.7745
1743,3.7746
1744,3.7748
1745,3.7748
1746,3.775
1747,3.7751
1748,3.7753
1749,3.7754
1750,3.7756
1751,3.7758
1752,3.7759
1753,3.7761
1754,3.7762
1755,3.7764
1756,3.7765
1757,3.7767
1758,3.7769
1759,3.7769
1760,3.777
1761,3.7772
1762,3.7773
1763,3.7775
1764,3.7777
1765,3.7778
1766,3.778
1767,3.7781
1768,3.7783
1769,3.7785
1770,3.7786
1771,3.7788
1772,3.7788
1773,3.7789
1774,3.7791
1775,3.7793
1776,3.7794
1777,3.7796
1778,3.7797
1779,3.7799
1780,3.78
1781,3.7802
1782,3.7804
1783,3.7805
1784,3.7807
1785,3.7808
1786,3.781
1787,3.7812
1788,3.7813
1789,3.7815
1790,3.7816
1791,3.7818
1792,3.7818
1793,3.782
1794,3.7821
1795,3.7823
1796,3.7824
1797,3.7826
1798,3.7827
1799,3.7829
1800,3.7831
1801,3.7832
1802,3.7834
1803,3.7835
1804,3.7837
1805,3.7839
1806,3.784
1807,3.7842
1808,3.7843
1809,3.7845
1810,3.7847
1811,3.7848
1812,3.785
1813,3.7851
1814,3.7853
1815,3.7854
1816,3.7856
1817,3.7858
1818,3.7859
1819,3.7861
1820,3.7862
1821,3.7864
1822,3.7866
1823,3.7867
1824,3.7869
1825,3.7869
1826,3.7872
1827,3.7874
1828,3.7874
1829,3.7875
1830,3.7877
1831,3.7878
1832,3.788
1833,3.7881
1834,3.7883
1835,3.7885
1836,3.7886
1837,3.7888
1838,3.7889
1839,3.7891
1840,3.7893
1841,3.7894
1842,3.7896
1843,3.7897
1844,3.7899
1845,3.7901
1846,3.7902
1847,3.7904
1848,3.7905
1849,3.7907
1850,3.791
1851,3.791
1852,3.7912
1853,3.7915
1854,3.7915
1855,3.7916
1856,3.7918
1857,3.792
1858,3.7921
1859,3.7923
1860,3.7924
1861,3.7928
1862,3.7929
1863,3.7931
1864,3.7932
1865,3.7934
1866,3.7935
1867,3.7937
1868,3.7939
1869,3.794
1870,3.7942
1871,3.7943
1872,3.7945
1873,3.7947
1874,3.7948
1875,3.795
1876,3.7951
1877,3.7953
1878,3.7955
1879,3.7956
1880,3.7958
1881,3.7959
1882,3.7961
1883,3.7963
1884,3.7964
1885,3.7966
1886,3.7967
1887,3.7969
1888,3.797
1889,3.7972
1890,3.7974
1891,3.7975
1892,3.7977
1893,3.7978
1894,3.7982
1895,3.7983
1896,3.7985
1897,3.7986
1898,3.7988
1899,3.799
1900,3.7991
1901,3.7993
1902,3.7994
1903,3.7996
1904,3.7997
1905,3.7999
1906,3.8001
1907,3.8002
1908,3.8004
1909,3.8005
1910,3.8007
1911,3.801
1912,3.801
1913,3.8013
1914,3.8015
1915,3.8017
1916,3.8018
1917,3.802
1918,3.8021
1919,3.8023
1920,3.8024
1921,3.8026
1922,3.8028
1923,3.8029
1924,3.8031
1925,3.8032
1926,3.8036
1927,3.8037
1928,3.8039
1929,3.804
1930,3.8042
1931,3.8044
1932,3.8045
1933,3.8047
1934,3.8048
1935,3.805
1936,3.8051
1937,3.8055
1938,3.8056
1939,3.8058
1940,3.8059
1941,3.8061
1942,3.8063
1943,3.8064
1944,3.8066
1945,3.8067
1946,3.8071
1947,3.8072
1948,3.8074
1949,3.8075
1950,3.8077
1951,3.8078
1952,3.808
1953,3.8082
1954,3.8083
1955,3.8086
1956,3.8088
1957,3.809
1958,3.8091
1959,3.8093
1960,3.8094
1961,3.8096
1962,3.8098
1963,3.8101
1964,3.8102
1965,3.8104
1966,3.8105
1967,3.8107
1968,3.8109
1969,3.811
1970,3.8112
1971,3.8115
1972,3.8117
1973,3.8118
1974,3.812
1975,3.8121
1976,3.8123
1977,3.8126
1978,3.8128
1979,3.8129
1980,3.8131
1981,3.8132
1982,3.8134
1983,3.8136
1984,3.8139
1985,3.814
1986,3.8142
1987,3.8144
1988,3.8145
1989,3.8147
1990,3.815
1991,3.8152
1992,3.8153
1993,3.8155
1994,3.8156
1995,3.8159
1996,3.8161
1997,3.8163
1998,3.8164
1999,3.8166
2000,3.8167
2001,3.8171
2002,3.8172
2003,3.8174
2004,3.8175
2005,3.8177
2006,3.818
2007,3.8182
2008,3.8183
2009,3.8185
2010,3.8187
2011,3.819
2012,3.8191
2013,3.8193
2014,3.8194
2015,3.8196
2016,3.8199
2017,3.8201
2018,3.8202
2019,3.8204
2020,3.8206
2021,3.8209
2022,3.821
2023,3.8212
2024,3.8214
2025,3.8217
2026,3.8218
2027,3.822
2028,3.8221
2029,3.8225
2030,3.8226
2031,3.8228
2032,3.8229
2033,3.8231
2034,3.8234
2035,3.8236
2036,3.8237
2037,3.8239
2038,3.8242
2039,3.8244
2040,3.8245
2041,3.8247
2042,3.825
2043,3.8252
2044,3.8253
2045,3.8256
2046,3.8258
2047,3.826
2048,3.8261
2049,3.8264
2050,3.8266
2051,3.8268
2052,3.8269
2053,3.8272
2054,3.8274
2055,3.8275
2056,3.8279
2057,3.828
2058,3.8282
2059,3.8283
2060,3.8287
2061,3.8288
2062,3.829
2063,3.8293
2064,3.8295
2065,3.8296
2066,3.8298
2067,3.8301
2068,3.8302
2069,3.8304
2070,3.8307
2071,3.8309
2072,3.831
2073,3.8314
2074,3.8315
2075,3.8317
2076,3.8318
2077,3.8322
2078,3.8323
2079,3.8326
2080,3.8328
2081,3.8329
2082,3.8331
2083,3.8334
2084,3.8336
2085,3.8337
2086,3.8341
2087,3.8342
2088,3.8344
2089,3.8347
2090,3.8349
2091,3.835
2092,3.8353
2093,3.8355
2094,3.8356
2095,3.836
2096,3.8361
2097,3.8363
2098,3.8366
2099,3.8368
2100,3.8371
2101,3.8372
2102,3.8374
2103,3.8377
2104,3.8379
2105,3.838
2106,3.8384
2107,3.8385
2108,3.8387
2109,3.839
2110,3.8391
2111,3.8395
2112,3.8396
2113,3.8398
2114,3.8401
2115,3.8403
2116,3.8406
2117,3.8407
2118,3.8409
2119,3.8412
2120,3.8414
2121,3.8417
2122,3.8418
2123,3.842
2124,3.8423
2125,3.8425
2126,3.8428
2127,3.843
2128,3.8431
2129,3.8434
2130,3.8436
2131,3.8439
2132,3.8441
2133,3.8442
2134,3.8445
2135,3.8447
2136,3.845
2137,3.8452
2138,3.8455
2139,3.8457
2140,3.8458
2141,3.8461
2142,3.8463
2143,3.8466
2144,3.8468
2145,3.8471
2146,3.8472
2147,3.8474
2148,3.8477
2149,3.8479
2150,3.8482
2151,3.8484
2152,3.8487
2153,3.8488
2154,3.849
2155,3.8493
2156,3.8495
2157,3.8498
2158,3.8499
2159,3.8503
2160,3.8504
2161,3.8507
2162,3.8509
2163,3.8512
2164,3.8514
2165,3.8515
2166,3.8519
2167,3.852
2168,3.8523
2169,3.8525
2170,3.8528
2171,3.853
2172,3.8533
2173,3.8534
2174,3.8538
2175,3.8539
2176,3.8542
2177,3.8544
2178,3.8547
2179,3.8549
2180,3.855
2181,3.8553
2182,3.8555
2183,3.8558
2184,3.856
2185,3.8563
2186,3.8565
2187,3.8568
2188,3.8569
2189,3.8573
2190,3.8574
2191,3.8577
2192,3.8579
2193,3.8582
2194,3.8584
2195,3.8587
2196,3.8588
2197,3.859
2198,3.8593
2199,3.8596
2200,3.8598
2201,3.8601
2202,3.8603
2203,3.8606
2204,3.8608
2205,3.8611
2206,3.8612
2207,3.8615
2208,3.8617
2209,3.862
2210,3.8622
2211,3.8623
2212,3.8627
2213,3.863
2214,3.8631
2215,3.8635
2216,3.8636
2217,3.8639
2218,3.8641
2219,3.8644
2220,3.8646
2221,3.8649
2222,3.865
2223,3.8654
2224,3.8655
2225,3.8658
2226,3.866
2227,3.8663
2228,3.8665
2229,3.8668
2230,3.8669
2231,3.8673
2232,3.8674
2233,3.8677
2234,3.8679
2235,3.8682
2236,3.8684
2237,3.8687
2238,3.8689
2239,3.8692
2240,3.8693
2241,3.8696
2242,3.8698
2243,3.8701
2244,3.8703
2245,3.8706
2246,3.8708
2247,3.8711
2248,3.8712
2249,3.8716
2250,3.8717
2251,3.872
2252,3.8722
2253,3.8725
2254,3.8727
2255,3.873
2256,3.8731
2257,3.8735
2258,3.8736
2259,3.8739
2260,3.8741
2261,3.8744
2262,3.8746
2263,3.8749
2264,3.875
2265,3.8754
2266,3.8755
2267,3.8758
2268,3.876
2269,3.8763
2270,3.8765
2271,3.8768
2272,3.877
2273,3.8773
2274,3.8774
2275,3.8778
2276,3.8779
2277,3.8782
2278,3.8784
2279,3.8787
2280,3.8789
2281,3.8792
2282,3.8793
2283,3.8797
2284,3.8798
2285,3.8801
2286,3.8803
2287,3.8806
2288,3.8808
2289,3.8811
2290,3.8812
2291,3.8816
2292,3.8817
2293,3.882
2294,3.8822
2295,3.8825
2296,3.8827
2297,3.883
2298,3.8832
2299,3.8835
2300,3.8836
2301,3.8838
2302,3.8841
2303,3.8843
2304,3.8846
2305,3.8847
2306,3.8851
2307,3.8852
2308,3.8855
2309,3.8857
2310,3.886
2311,3.8862
2312,3.8865
2313,3.8866
2314,3.887
2315,3.8871
2316,3.8874
2317,3.8876
2318,3.8879
2319,3.8881
2320,3.8884
2321,3.8886
2322,3.8887
2323,3.889
2324,3.8892
2325,3.8895
2326,3.8897
2327,3.89
2328,3.8901
2329,3.8905
2330,3.8906
2331,3.8909
2332,3.8911
2333,3.8914
2334,3.8916
2335,3.8919
2336,3.892
2337,3.8924
2338,3.8925
2339,3.8928
2340,3.893
2341,3.8932
2342,3.8935
2343,3.8936
2344,3.894
2345,3.8941
2346,3.8944
2347,3.8946
2348,3.8949
2349,3.8951
2350,3.8954
2351,3.8955
2352,3.8957
2353,3.896
2354,3.8962
2355,3.8965
2356,3.8967
2357,3.897
2358,3.8971
2359,3.8975
2360,3.8976
2361,3.8978
2362,3.8981
2363,3.8982
2364,3.8986
2365,3.8987
2366,3.899
2367,3.8992
2368,3.8995
2369,3.8997
2370,3.8998
2371,3.9002
2372,3.9003
2373,3.9006
2374,3.9008
2375,3.9011
2376,3.9013
2377,3.9016
2378,3.9017
2379,3.9019
2380,3.9022
2381,3.9024
2382,3.9027
2383,3.9029
2384,3.9032
2385,3.9033
2386,3.9036
2387,3.9038
2388,3.904
2389,3.9043
2390,3.9044
2391,3.9048
2392,3.9049
2393,3.9052
2394,3.9054
2395,3.9057
2396,3.9059
2397,3.906
2398,3.9063
2399,3.9065
2400,3.9068
2401,3.907
2402,3.9073
2403,3.9075
2404,3.9078
2405,3.9079
2406,3.9081
2407,3.9084
2408,3.9086
2409,3.9089
2410,3.909
2411,3.9094
2412,3.9095
2413,3.9098
2414,3.91
2415,3.9102
2416,3.9105
2417,3.9106
2418,3.911
2419,3.9111
2420,3.9114
2421,3.9116
2422,3.9119
2423,3.9121
2424,3.9124
2425,3.9125
2426,3.9129
2427,3.913
2428,3.9132
2429,3.9135
2430,3.9137
2431,3.914
2432,3.9141
2433,3.9144
2434,3.9146
2435,3.9149
2436,3.9151
2437,3.9154
2438,3.9156
2439,3.9157
2440,3.916
2441,3.9162
2442,3.9165
2443,3.9167
2444,3.917
2445,3.9171
2446,3.9175
2447,3.9176
2448,3.9179
2449,3.9181
2450,3.9184
2451,3.9186
2452,3.9189
2453,3.9191
2454,3.9192
2455,3.9195
2456,3.9197
2457,3.92
2458,3.9202
2459,3.9205
2460,3.9206
2461,3.921
2462,3.9211
2463,3.9214
2464,3.9216
2465,3.9219
2466,3.9221
2467,3.9224
2468,3.9226
2469,3.9229
2470,3.923
2471,3.9233
2472,3.9235
2473,3.9238
2474,3.924
2475,3.9243
2476,3.9245
2477,3.9248
2478,3.9249
2479,3.9253
2480,3.9254
2481,3.9257
2482,3.9259
2483,3.9262
2484,3.9264
2485,3.9267
2486,3.9268
2487,3.9272
2488,3.9273
2489,3.9276
2490,3.928
2491,3.9281
2492,3.9284
2493,3.9286
2494,3.9289
2495,3.9291
2496,3.9294
2497,3.9295
2498,3.9299
2499,3.93
2500,3.9303
2501,3.9305
2502,3.9308
2503,3.931
2504,3.9313
2505,3.9316
2506,3.9318
2507,3.9321
2508,3.9322
2509,3.9326
2510,3.9327
2511,3.933
2512,3.9334
2513,3.9335
2514,3.9338
2515,3.934
2516,3.9343
2517,3.9345
2518,3.9348
2519,3.9351
2520,3.9353
2521,3.9356
2522,3.9357
2523,3.9361
2524,3.9362
2525,3.9365
2526,3.9367
2527,3.937
2528,3.9373
2529,3.9375
2530,3.9378
2531,3.938
2532,3.9383
2533,3.9386
2534,3.9388
2535,3.9391
2536,3.9392
2537,3.9396
2538,3.9399
2539,3.94
2540,3.9403
2541,3.9405
2542,3.9408
2543,3.9411
2544,3.9413
2545,3.9416
2546,3.9418
2547,3.9421
2548,3.9424
2549,3.9426
2550,3.9429
2551,3.9432
2552,3.9434
2553,3.9437
2554,3.9438
2555,3.9442
2556,3.9445
2557,3.9446
2558,3.945
2559,3.9453
2560,3.9454
2561,3.9457
2562,3.9461
2563,3.9462
2564,3.9465
2565,3.9467
2566,3.947
2567,3.9473
2568,3.9475
2569,3.9478
2570,3.9481
2571,3.9483
2572,3.9486
2573,3.9489
2574,3.9491
2575,3.9494
2576,3.9497
2577,3.9499
2578,3.9502
2579,3.9505
2580,3.9507
2581,3.951
2582,3.9513
2583,3.9515
2584,3.9518
2585,3.9521
2586,3.9523
2587,3.9526
2588,3.9529
2589,3.9531
2590,3.9534
2591,3.9537
2592,3.9538
2593,3.9542
2594,3.9545
2595,3.9546
2596,3.955
2597,3.9553
2598,3.9556
2599,3.9558
2600,3.9561
2601,3.9562
2602,3.9565
2603,3.9569
2604,3.9572
2605,3.9573
2606,3.9577
2607,3.958
2608,3.9581
2609,3.9585
2610,3.9588
2611,3.9591
2612,3.9593
2613,3.9596
2614,3.9599
2615,3.96
2616,3.9604
2617,3.9607
2618,3.9608
2619,3.9612
2620,3.9615
2621,3.9616
2622,3.962
2623,3.9623
2624,3.9626
2625,3.9627
2626,3.9631
2627,3.9634
2628,3.9635
2629,3.9639
2630,3.9642
2631,3.9643
2632,3.9647
2633,3.965
2634,3.9653
2635,3.9654
2636,3.9658
2637,3.9661
2638,3.9662
2639,3.9666
2640,3.9669
2641,3.967
2642,3.9674
2643,3.9677
2644,3.968
2645,3.9681
2646,3.9685
2647,3.9688
2648,3.9689
2649,3.9693
2650,3.9696
2651,3.9697
2652,3.9701
2653,3.9704
2654,3.9705
2655,3.9708
2656,3.9712
2657,3.9715
2658,3.9716
2659,3.972
2660,3.9723
2661,3.9724
2662,3.9728
2663,3.9731
2664,3.9732
2665,3.9735
2666,3.9739
2667,3.974
2668,3.9743
2669,3.9747
2670,3.9748
2671,3.9751
2672,3.9755
2673,3.9756
2674,3.9759
2675,3.9762
2676,3.9764
2677,3.9767
2678,3.977
2679,3.9772
2680,3.9775
2681,3.9778
2682,3.978
2683,3.9783
2684,3.9786
2685,3.9788
2686,3.9791
2687,3.9794
2688,3.9796
2689,3.9799
2690,3.9802
2691,3.9804
2692,3.9807
2693,3.9809
2694,3.9812
2695,3.9815
2696,3.9817
2697,3.982
2698,3.9823
2699,3.9824
2700,3.9828
2701,3.9829
2702,3.9832
2703,3.9836
2704,3.9837
2705,3.984
2706,3.9842
2707,3.9845
2708,3.9848
2709,3.985
2710,3.9853
2711,3.9855
2712,3.9858
2713,3.9859
2714,3.9863
2715,3.9866
2716,3.9867
2717,3.9871
2718,3.9872
2719,3.9875
2720,3.9877
2721,3.988
2722,3.9883
2723,3.9885
2724,3.9888
2725,3.989
2726,3.9893
2727,3.9894
2728,3.9898
2729,3.9899
2730,3.9902
2731,3.9904
2732,3.9907
2733,3.9909
2734,3.9912
2735,3.9913
2736,3.9917
2737,3.9918
2738,3.9921
2739,3.9923
2740,3.9926
2741,3.9928
2742,3.9931
2743,3.9932
2744,3.9936
2745,3.9937
2746,3.994
2747,3.9942
2748,3.9944
2749,3.9947
2750,3.9948
2751,3.9952
2752,3.9953
2753,3.9956
2754,3.9958
2755,3.9961
2756,3.9963
2757,3.9964
2758,3.9967
2759,3.9969
2760,3.9972
2761,3.9974
2762,3.9975
2763,3.9979
2764,3.998
2765,3.9983
2766,3.9985
2767,3.9987
2768,3.999
2769,3.9991
2770,3.9994
2771,3.9996
2772,3.9998
2773,4.0001
2774,4.0002
2775,4.0004
2776,4.0007
2777,4.0009
2778,4.001
2779,4.0014
2780,4.0015
2781,4.0017
2782,4.002
2783,4.0021
2784,4.0023
2785,4.0026
2786,4.0028
2787,4.0029
2788,4.0031
2789,4.0034
2790,4.0036
2791,4.0037
2792,4.0041
2793,4.0042
2794,4.0044
2795,4.0045
2796,4.0048
2797,4.005
2798,4.0052
2799,4.0055
2800,4.0056
2801,4.0058
2802,4.006
2803,4.0061
2804,4.0064
2805,4.0066
2806,4.0068
2807,4.0069
2808,4.0072
2809,4.0074
2810,4.0075
2811,4.0077
2812,4.008
2813,4.0082
2814,4.0083
2815,4.0085
2816,4.0087
2817,4.0088
2818,4.0091
2819,4.0093
2820,4.0095
2821,4.0096
2822,4.0098
2823,4.0099
2824,4.0102
2825,4.0104
2826,4.0106
2827,4.0107
2828,4.0109
2829,4.011
2830,4.0112
2831,4.0115
2832,4.0117
2833,4.0118
2834,4.012
2835,4.0122
2836,4.0123
2837,4.0125
2838,4.0128
2839,4.0129
2840,4.0131
2841,4.0133
2842,4.0134
2843,4.0136
2844,4.0137
2845,4.0139
2846,4.0141
2847,4.0142
2848,4.0144
2849,4.0147
2850,4.0149
2851,4.015
2852,4.0152
2853,4.0153
2854,4.0155
2855,4.0156
2856,4.0158
2857,4.016
2858,4.0161
2859,4.0163
2860,4.0166
2861,4.0168
2862,4.0169
2863,4.0171
2864,4.0172
2865,4.0174
2866,4.0176
2867,4.0177
2868,4.0179
2869,4.018
2870,4.0182
2871,4.0183
2872,4.0185
2873,4.0187
2874,4.0188
2875,4.019
2876,4.0191
2877,4.0193
2878,4.0195
2879,4.0196
2880,4.0198
2881,4.0199
2882,4.0201
2883,4.0203
2884,4.0204
2885,4.0206
2886,4.0207
2887,4.0209
2888,4.0211
2889,4.0212
2890,4.0214
2891,4.0215
2892,4.0217
2893,4.0218
2894,4.022
2895,4.0222
2896,4.0223
2897,4.0225
2898,4.0226
2899,4.0228
2900,4.023
2901,4.0231
2902,4.0233
2903,4.0234
2904,4.0236
2905,4.0238
2906,4.0239
2907,4.0241
2908,4.0242
2909,4.0244
2910,4.0245
2911,4.0247
2912,4.0249
2913,4.025
2914,4.0252
2915,4.0253
2916,4.0255
2917,4.0257
2918,4.0258
2919,4.026
2920,4.0261
2921,4.0263
2922,4.0265
2923,4.0266
2924,4.0268
2925,4.0269
2926,4.0271
2927,4.0272
2928,4.0274
2929,4.0276
2930,4.0277
2931,4.0279
2932,4.028
2933,4.0282
2934,4.0284
2935,4.0285
2936,4.0287
2937,4.0288
2938,4.029
2939,4.0292
2940,4.0293
2941,4.0295
2942,4.0296
2943,4.0298
2944,4.0299
2945,4.0301
2946,4.0303
2947,4.0304
2948,4.0306
2949,4.0307
2950,4.0309
2951,4.0311
2952,4.0312
2953,4.0314
2954,4.0315
2955,4.0317
2956,4.0319
2957,4.032
2958,4.0322
2959,4.0325
2960,4.0326
2961,4.0328
2962,4.033
2963,4.0331
2964,4.0333
2965,4.0334
2966,4.0336
2967,4.0338
2968,4.0339
2969,4.0341
2970,4.0342
2971,4.0344
2972,4.0346
2973,4.0347
2974,4.0349
2975,4.035
2976,4.0352
2977,4.0353
2978,4.0355
2979,4.0358
2980,4.036
2981,4.0361
2982,4.0363
2983,4.0365
2984,4.0366
2985,4.0368
2986,4.0369
2987,4.0371
2988,4.0373
2989,4.0376
2990,4.0377
2991,4.0379
2992,4.038
2993,4.0382
2994,4.0384
2995,4.0385
2996,4.0387
2997,4.039
2998,4.0392
2999,4.0393
3000,4.0395
3001,4.0396
3002,4.0398
3003,4.04
3004,4.0403
3005,4.0404
3006,4.0406
3007,4.0408
3008,4.0409
3009,4.0411
3010,4.0414
3011,4.0415
3012,4.0417
3013,4.0419
3014,4.0422
3015,4.0423
3016,4.0425
3017,4.0427
3018,4.043
3019,4.0431
3020,4.0433
3021,4.0435
3022,4.0436
3023,4.0439
3024,4.0441
3025,4.0442
3026,4.0444
3027,4.0447
3028,4.0449
3029,4.045
3030,4.0454
3031,4.0455
3032,4.0457
3033,4.0458
3034,4.0462
3035,4.0463
3036,4.0466
3037,4.0468
3038,4.0469
3039,4.0471
3040,4.0474
3041,4.0476
3042,4.0477
3043,4.0481
3044,4.0482
3045,4.0485
3046,4.0487
3047,4.0489
3048,4.0492
3049,4.0493
3050,4.0496
3051,4.0498
3052,4.05
3053,4.0503
3054,4.0504
3055,4.0508
3056,4.0509
3057,4.0512
3058,4.0514
3059,4.0517
3060,4.0519
3061,4.052
3062,4.0523
3063,4.0525
3064,4.0528
3065,4.053
3066,4.0533
3067,4.0535
3068,4.0538
3069,4.0539
3070,4.0543
3071,4.0544
3072,4.0547
3073,4.055
3074,4.0552
3075,4.0555
3076,4.0557
3077,4.056
3078,4.0562
3079,4.0565
3080,4.0568
3081,4.057
3082,4.0573
3083,4.0574
3084,4.0578
3085,4.0579
3086,4.0582
3087,4.0585
3088,4.0587
3089,4.059
3090,4.0593
3091,4.0595
3092,4.0598
3093,4.0601
3094,4.0603
3095,4.0606
3096,4.0609
3097,4.0611
3098,4.0614
3099,4.0617
3100,4.0619
3101,4.0622
3102,4.0625
3103,4.0627
3104,4.063
3105,4.0633
3106,4.0636
3107,4.0638
3108,4.0641
3109,4.0644
3110,4.0647
3111,4.0649
3112,4.0652
3113,4.0655
3114,4.0659
3115,4.066
3116,4.0663
3117,4.0666
3118,4.067
3119,4.0671
3120,4.0674
3121,4.0678
3122,4.0681
3123,4.0684
3124,4.0687
3125,4.0689
3126,4.0692
3127,4.0695
3128,4.0698
3129,4.0701
3130,4.0705
3131,4.0706
3132,4.0709
3133,4.0713
3134,4.0716
3135,4.0719
3136,4.0722
3137,4.0725
3138,4.0727
3139,4.073
3140,4.0733
3141,4.0736
3142,4.074
3143,4.0743
3144,4.0746
3145,4.0749
3146,4.0751
3147,4.0754
3148,4.0757
3149,4.076
3150,4.0763
3151,4.0767
3152,4.077
3153,4.0773
3154,4.0776
3155,4.0778
3156,4.0781
3157,4.0784
3158,4.0787
3159,4.079
3160,4.0794
3161,4.0797
3162,4.08
3163,4.0803
3164,4.0806
3165,4.0809
3166,4.0811
3167,4.0816
3168,4.0817
3169,4.0821
3170,4.0824
3171,4.0827
3172,4.083
3173,4.0833
3174,4.0836
3175,4.084
3176,4.0843
3177,4.0846
3178,4.0849
3179,4.0852
3180,4.0856
3181,4.0859
3182,4.0862
3183,4.0863
3184,4.0867
3185,4.087
3186,4.0873
3187,4.0876
3188,4.0879
3189,4.0883
3190,4.0886
3191,4.0889
3192,4.0892
3193,4.0895
3194,4.0898
3195,4.0902
3196,4.0905
3197,4.0908
3198,4.091
3199,4.0913
3200,4.0916
3201,4.0919
3202,4.0922
3203,4.0925
3204,4.0929
3205,4.0932
3206,4.0935
3207,4.0938
3208,4.0941
3209,4.0944
3210,4.0948
3211,4.0951
3212,4.0954
3213,4.0956
3214,4.0959
3215,4.0962
3216,4.0965
3217,4.0968
3218,4.0971
3219,4.0975
3220,4.0978
3221,4.0981
3222,4.0984
3223,4.0986
3224,4.0991
3225,4.0992
3226,4.0995
3227,4.0998
3228,4.1002
3229,4.1005
3230,4.1008
3231,4.1011
3232,4.1013
3233,4.1016
3234,4.1019
3235,4.1022
3236,4.1026
3237,4.1029
3238,4.1032
3239,4.1035
3240,4.1037
3241,4.104
3242,4.1043
3243,4.1046
3244,4.1049
3245,4.1053
3246,4.1056
3247,4.1057
3248,4.106
3249,4.1064
3250,4.1067
3251,4.107
3252,4.1073
3253,4.1075
3254,4.1078
3255,4.1081
3256,4.1084
3257,4.1087
3258,4.1089
3259,4.1092
3260,4.1095
3261,4.1099
3262,4.1102
3263,4.1103
3264,4.1107
3265,4.111
3266,4.1113
3267,4.1114
3268,4.1118
3269,4.1121
3270,4.1124
3271,4.1127
3272,4.1129
3273,4.1132
3274,4.1135
3275,4.1138
3276,4.114
3277,4.1143
3278,4.1146
3279,4.1148
3280,4.1151
3281,4.1154
3282,4.1157
3283,4.1159
3284,4.1162
3285,4.1165
3286,4.1167
3287,4.117
3288,4.1173
3289,4.1175
3290,4.1178
3291,4.1181
3292,4.1183
3293,4.1186
3294,4.1189
3295,4.1191
3296,4.1194
3297,4.1197
3298,4.1199
3299,4.1202
3300,4.1205
3301,4.1207
3302,4.121
3303,4.1213
3304,4.1215
3305,4.1218
3306,4.1219
3307,4.1223
3308,4.1226
3309,4.1227
3310,4.123
3311,4.1232
3312,4.1235
3313,4.1237
3314,4.124
3315,4.1242
3316,4.1245
3317,4.1248
3318,4.125
3319,4.1253
3320,4.1254
3321,4.1257
3322,4.1259
3323,4.1262
3324,4.1264
3325,4.1267
3326,4.1269
3327,4.1272
3328,4.1273
3329,4.1277
3330,4.1278
3331,4.1281
3332,4.1283
3333,4.1286
3334,4.1288
3335,4.1291
3336,4.1292
3337,4.1294
3338,4.1297
3339,4.1299
3340,4.1302
3341,4.1304
3342,4.1307
3343,4.1308
3344,4.1311
3345,4.1313
3346,4.1315
3347,4.1318
3348,4.1319
3349,4.1323
3350,4.1324
3351,4.1326
3352,4.1329
3353,4.1331
3354,4.1332
3355,4.1335
3356,4.1337
3357,4.1338
3358,4.1342
3359,4.1343
3360,4.1345
3361,4.1348
3362,4.135
3363,4.1351
3364,4.1354
3365,4.1356
3366,4.1358
3367,4.1361
3368,4.1362
3369,4.1364
3370,4.1365
3371,4.1369
3372,4.137
3373,4.1372
3374,4.1375
3375,4.1377
3376,4.1378
3377,4.138
3378,4.1381
3379,4.1385
3380,4.1386
3381,4.1388
3382,4.1389
3383,4.1391
3384,4.1394
3385,4.1396
3386,4.1397
3387,4.1399
3388,4.14
3389,4.1404
3390,4.1405
3391,4.1407
3392,4.1408
3393,4.141
3394,4.1412
3395,4.1415
3396,4.1416
3397,4.1418
3398,4.142
3399,4.1421
3400,4.1423
3401,4.1424
3402,4.1426
3403,4.1429
3404,4.1431
3405,4.1432
3406,4.1434
3407,4.1435
3408,4.1437
3409,4.1439
3410,4.144
3411,4.1442
3412,4.1443
3413,4.1445
3414,4.1447
3415,4.1448
3416,4.145
3417,4.1451
3418,4.1453
3419,4.1454
3420,4.1456
3421,4.1458
3422,4.1459
3423,4.1461
3424,4.1462
3425,4.1464
3426,4.1467
3427,4.1467
3428,4.1469
3429,4.147
3430,4.1472
3431,4.1474
3432,4.1475
3433,4.1477
3434,4.1478
3435,4.148
3436,4.1481
3437,4.1483
3438,4.1485
3439,4.1486
3440,4.1488
3441,4.1489
3442,4.1489
3443,4.1493
3444,4.1493
3445,4.1494
3446,4.1496
3447,4.1497
3448,4.1499
3449,4.1501
3450,4.1502
3451,4.1504
3452,4.1504
3453,4.1505
3454,4.1507
3455,4.1508
3456,4.151
3457,4.1512
3458,4.1513
3459,4.1513
3460,4.1515
3461,4.1516
3462,4.1518
3463,4.152
3464,4.152
3465,4.1521
3466,4.1523
3467,4.1524
3468,4.1526
3469,4.1526
3470,4.1528
3471,4.1529
3472,4.1531
3473,4.1531
3474,4.1532
3475,4.1534
3476,4.1535
3477,4.1535
3478,4.1537
3479,4.1539
3480,4.154
3481,4.154
3482,4.1542
3483,4.1543
3484,4.1545
3485,4.1545
3486,4.1547
3487,4.1548
3488,4.1548
3489,4.155
3490,4.1551
3491,4.1551
3492,4.1553
3493,4.1555
3494,4.1556
3495,4.1556
3496,4.1558
3497,4.1559
3498,4.1559
3499,4.1561
3500,4.1562
3501,4.1562
3502,4.1564
3503,4.1566
3504,4.1566
3505,4.1567
3506,4.1569
3507,4.1569
3508,4.157
3509,4.157
3510,4.1572
3511,4.1574
3512,4.1574
3513,4.1575
3514,4.1577
3515,4.1577
3516,4.1578
3517,4.1578
3518,4.158
3519,4.158
3520,4.1582
3521,4.1583
3522,4.1583
3523,4.1585
3524,4.1586
3525,4.1586
3526,4.1588
3527,4.1588
3528,4.1589
3529,4.1589
3530,4.1591
3531,4.1593
3532,4.1593
3533,4.1593
3534,4.1594
3535,4.1596
3536,4.1596
3537,4.1597
3538,4.1597
3539,4.1599
3540,4.1599
3541,4.1601
3542,4.1601
3543,4.1602
3544,4.1604
3545,4.1604
3546,4.1605
3547,4.1605
3548,4.1607
3549,4.1607
3550,4.1609
3551,4.1609
3552,4.161
3553,4.161
3554,4.1612
3555,4.1612
3556,4.1613
3557,4.1613
3558,4.1615
3559,4.1615
3560,4.1617
3561,4.1617
3562,4.1618
3563,4.1618
3564,4.162
3565,4.162
3566,4.1621
3567,4.1621
3568,4.1623
3569,4.1623
3570,4.1624
3571,4.1624
3572,4.1626
3573,4.1626
3574,4.1628
3575,4.1628
3576,4.1629
3577,4.1629
3578,4.1631
3579,4.1631
3580,4.1632
3581,4.1632
3582,4.1634
3583,4.1634
3584,4.1636
3585,4.1636
3586,4.1637
3587,4.1637
3588,4.1639
3589,4.1639
3590,4.164
3591,4.164
3592,4.1642
3593,4.1642
3594,4.1644
3595,4.1644
3596,4.1645
3597,4.1645
3598,4.1647
3599,4.1647
3600,4.1648
3601,4.1648
3602,4.1648
3603,4.165
3604,4.1651
3605,4.1651
3606,4.1651
3607,4.1653
3608,4.1653
3609,4.1655
3610,4.1655
3611,4.1656
3612,4.1658
3613,4.1658
3614,4.1659
3615,4.1659
3616,4.1659
3617,4.1661
3618,4.1663
3619,4.1663
3620,4.1664
3621,4.1664
3622,4.1666
3623,4.1666
3624,4.1667
3625,4.1667
3626,4.1669
3627,4.1669
3628,4.1671
3629,4.1671
3630,4.1672
3631,4.1672
3632,4.1674
3633,4.1674
3634,4.1675
3635,4.1677
3636,4.1677
3637,4.1678
3638,4.1678
3639,4.168
3640,4.168
3641,4.1682
3642,4.1682
3643,4.1683
3644,4.1683
3645,4.1685
3646,4.1686
3647,4.1686
3648,4.1688
3649,4.1688
3650,4.169
3651,4.169
3652,4.1691
3653,4.1693
3654,4.1693
3655,4.1694
3656,4.1694
3657,4.1696
3658,4.1696
3659,4.1698
3660,4.1699
3661,4.1699
3662,4.1701
3663,4.1701
3664,4.1702
3665,4.1704
3666,4.1704
3667,4.1705
3668,4.1705
3669,4.1707
3670,4.1709
3671,4.1709
3672,4.171
3673,4.1712
3674,4.1712
3675,4.1713
3676,4.1715
3677,4.1715
3678,4.1717
3679,4.1717
3680,4.1718
3681,4.172
3682,4.172
3683,4.1721
3684,4.1723
3685,4.1723
3686,4.1725
3687,4.1726
3688,4.1726
3689,4.1728
3690,4.1729
3691,4.1731
3692,4.1731
3693,4.1732
3694,4.1734
3695,4.1734
3696,4.1736
3697,4.1737
3698,4.1737
3699,4.1739
3700,4.174
3701,4.1742
3702,4.1742
3703,4.1744
3704,4.1745
3705,4.1747
3706,4.1747
3707,4.1748
3708,4.175
3709,4.1752
3710,4.1752
3711,4.1753
3712,4.1755
3713,4.1756
3714,4.1758
3715,4.1759
3716,4.1759
3717,4.1761
3718,4.1763
3719,4.1764
3720,4.1766
3721,4.1766
3722,4.1767
3723,4.1769
3724,4.1771
3725,4.1772
3726,4.1774
3727,4.1774
3728,4.1775
3729,4.1777
3730,4.1779
3731,4.178
3732,4.1782
3733,4.1783
3734,4.1785
3735,4.1786
3736,4.1786
3737,4.1788
3738,4.179
3739,4.1791
3740,4.1793
3741,4.1794
3742,4.1796
3743,4.1798
3744,4.1799
3745,4.1801
3746,4.1802
3747,4.1804
3748,4.1806
3749,4.1807
3750,4.1809
3751,4.181
3752,4.1812
3753,4.1813
3754,4.1815
3755,4.1817
3756,4.1818
3757,4.182
3758,4.1823
3759,4.1825
3760,4.1826
3761,4.1828
3762,4.1829
3763,4.1831
3764,4.1833
3765,4.1834
3766,4.1837
3767,4.1839
3768,4.1841
3769,4.1842
3770,4.1844
3771,4.1847
3772,4.1848
3773,4.185
3774,4.1852
3775,4.1853
3776,4.1855
3777,4.1858
3778,4.186
3779,4.1861
3780,4.1864
3781,4.1866
3782,4.1868
3783,4.1869
3784,4.1872
3785,4.1874
3786,4.1875
3787,4.1879
3788,4.188
3789,4.1883
3790,4.1885
3791,4.1887
3792,4.189
3793,4.1891
3794,4.1895
3795,4.1896
3796,4.1899
3797,4.1901
3798,4.1904
3799,4.1906
3800,4.1909
3801,4.191
3802,4.1914
3803,4.1915
3804,4.1918
3805,4.192
3806,4.1923
3807,4.1926
3808,4.1928
3809,4.1931
3810,4.1934
3811,4.1936
3812,4.1939
3813,4.1942
3814,4.1944
3815,4.1947
3816,4.195
3817,4.1953
3818,4.1955
3819,4.1958
3820,4.1961
3821,4.1964
3822,4.1968
3823,4.1971
3824,4.1974
3825,4.1977
3826,4.1979
3827,4.1982
3828,4.1985
3829,4.1988
3830,4.1991
3831,4.1995
3832,4.1998
3833,4.2001
3834,4.2004
3835,4.2009
3836,4.2012
3837,4.2015
3838,4.2018
3839,4.2022
3840,4.2025
3841,4.203
3842,4.2033
3843,4.2036
3844,4.2039
3845,4.2044
3846,4.2047
3847,4.205
3848,4.2055
3849,4.2058
3850,4.2061
3851,4.2066
3852,4.2069
3853,4.2074
3854,4.2077
3855,4.2082
3856,4.2085
3857,4.209
3858,4.2095
3859,4.2098
3860,4.2103
3861,4.2107
3862,4.2111
3863,4.2115
3864,4.212
3865,4.2125
3866,4.2128
3867,4.2133
3868,4.2138
3869,4.2142
3870,4.2147
3871,4.2152
3872,4.2157
3873,4.2161
3874,4.2166
3875,4.2171
3876,4.2176
3877,4.218
3878,4.2185
3879,4.2192
3880,4.2196
3881,4.2201
3882,4.2206
3883,4.2212
3884,4.2217
3885,4.2222
3886,4.2228
3887,4.2233
3888,4.2238
3889,4.2244
3890,4.2249
3891,4.2255
3892,4.2262
3893,4.2266
3894,4.2273
3895,4.2279
3896,4.2284
3897,4.229
3898,4.2296
3899,4.2303
3900,4.2308
3901,4.2314
3902,4.232
3903,4.2327
3904,4.2333
3905,4.2339
3906,4.2346
3907,4.2352
3908,4.2358
3909,4.2366
3910,4.2373
3911,4.2379
3912,4.2385
3913,4.2393
3914,4.24
3915,4.2406
3916,4.2414
3917,4.242
3918,4.2427
3919,4.2435
3920,4.2441
3921,4.2449
3922,4.2457
3923,4.2463
3924,4.2471
3925,4.2479
3926,4.2487
3927,4.2493
3928,4.2501
3929,4.2509
3930,4.2517
3931,4.2525
3932,4.2533
3933,4.2541
3934,4.2549
3935,4.2557
3936,4.2565
3937,4.2573
3938,4.2582
3939,4.259
3940,4.2598
3941,4.2606
3942,4.2616
3943,4.2624
3944,4.2632
3945,4.2641
3946,4.2651
3947,4.2659
3948,4.2668
3949,4.2676
3950,4.2686
3951,4.2695
3952,4.2703
3953,4.2713
3954,4.2722
3955,4.2732
3956,4.2741
3957,4.2749
3958,4.276
3959,4.277
3960,4.2779
3961,4.2789
3962,4.2798
3963,4.2808
3964,4.2818
3965,4.2827
3966,4.2837
3967,4.2848
3968,4.2857
3969,4.2867
3970,4.2878
3971,4.2887
3972,4.2899
3973,4.2908
3974,4.2919
3975,4.2929
3976,4.294
3977,4.2949
3978,4.2961
3979,4.2972
3980,4.2981
3981,4.2992
3982,4.2991
3983,4.2991
3984,4.2991
3985,4.2991
3986,4.2991
3987,4.2991
3988,4.2991
3989,4.297
3990,4.2953
3991,4.2945
3992,4.294
3993,4.2935
3994,4.293
3995,4.2927
3996,4.2926
3997,4.2922
3998,4.2919
3999,4.2918
4000,4.2916
4001,4.2915
4002,4.2913
4003,4.2911
4004,4.291
4005,4.2908
4006,4.2907
4007,4.2905
4008,4.2903
4009,4.2903
4010,4.2902
4011,4.29
4012,4.29
4013,4.2899
4014,4.2897
4015,4.2897
4016,4.2895
4017,4.2895
4018,4.2894
4019,4.2894
4020,4.2892
4021,4.2892
4022,4.2891
4023,4.2889
4024,4.2889
4025,4.2889
4026,4.2888
4027,4.2888
4028,4.2886
4029,4.2886
4030,4.2884
4031,4.2884
4032,4.2884
4033,4.2883
4034,4.2883
4035,4.2881
4036,4.2881
4037,4.288
4038,4.288
4039,4.288
4040,4.288
4041,4.2878
4042,4.2878
4043,4.2878
4044,4.2876
4045,4.2876
4046,4.2875
4047,4.2875
4048,4.2875
4049,4.2875
4050,4.2873
4051,4.2873
4052,4.2872
4053,4.2872
4054,4.2872
4055,4.2872
4056,4.287
4057,4.287
4058,4.287
4059,4.2868
4060,4.2868
4061,4.2868
4062,4.2868
4063,4.2867
4064,4.2867
4065,4.2867
4066,4.2865
4067,4.2865
4068,4.2865
4069,4.2865
4070,4.2864
4071,4.2864
4072,4.2864
4073,4.2862
4074,4.2862
4075,4.2862
4076,4.2862
4077,4.2862
4078,4.2861
4079,4.2861
4080,4.2861
4081,4.2861
4082,4.2859
4083,4.2859
4084,4.2859
4085,4.2859
4086,4.2857
4087,4.2857
4088,4.2857
4089,4.2857
4090,4.2857
4091,4.2856
4092,4.2856
4093,4.2856
4094,4.2856
4095,4.2854
4096,4.2854
4097,4.2854
4098,4.2854
4099,4.2854
4100,4.2853
4101,4.2853
4102,4.2853
4103,4.2853
4104,4.2853
4105,4.2851
4106,4.2851
4107,4.2851
4108,4.2851
4109,4.2851
4110,4.2849
4111,4.2849
4112,4.2849
4113,4.2849
4114,4.2849
4115,4.2848
4116,4.2848
4117,4.2848
4118,4.2848
4119,4.2848
4120,4.2846
4121,4.2846
4122,4.2846
4123,4.2846
4124,4.2846
4125,4.2846
4126,4.2845
4127,4.2845
4128,4.2845
4129,4.2845
4130,4.2845
4131,4.2843
4132,4.2843
4133,4.2843
4134,4.2843
4135,4.2843
4136,4.2841
4137,4.2841
4138,4.2841
4139,4.2841
4140,4.2841
4141,4.2841
4142,4.284
4143,4.284
4144,4.284
4145,4.284
4146,4.284
4147,4.284
4148,4.284
4149,4.2838
4150,4.2838
4151,4.2838
4152,4.2838
4153,4.2838
4154,4.2838
4155,4.2837
4156,4.2837
4157,4.2837
4158,4.2837
4159,4.2837
4160,4.2837
4161,4.2835
4162,4.2835
4163,4.2835
4164,4.2835
4165,4.2835
4166,4.2835
4167,4.2834
4168,4.2834
4169,4.2834
4170,4.2784
4171,4.2743
4172,4.2719
4173,4.2702
4174,4.2684
4175,4.2668
4176,4.2654
4177,4.264
4178,4.2627
4179,4.2613
4180,4.26
4181,4.2589
4182,4.2576
4183,4.2563
4184,4.2552
4185,4.2541
4186,4.253
4187,4.2519
4188,4.2508
4189,4.2497
4190,4.2485
4191,4.2476
4192,4.2465
4193,4.2454
4194,4.2444
4195,4.2435
4196,4.2423
4197,4.2414
4198,4.2404
4199,4.2395
4200,4.2385
4201,4.2376
4202,4.2366
4203,4.2357
4204,4.2347
4205,4.2339
4206,4.233
4207,4.232
4208,4.2312
4209,4.2303
4210,4.2295
4211,4.2285
4212,4.2277
4213,4.2269
4214,4.226
4215,4.2252
4216,4.2244
4217,4.2236
4218,4.2228
4219,4.222
4220,4.2212
4221,4.2204
4222,4.2196
4223,4.2188
4224,4.2182
4225,4.2174
4226,4.2166
4227,4.216
4228,4.2152
4229,4.2144
4230,4.2137
4231,4.213
4232,4.2123
4233,4.2117
4234,4.2109
4235,4.2102
4236,4.2096
4237,4.209
4238,4.2082
4239,4.2075
4240,4.2069
4241,4.2063
4242,4.2056
4243,4.205
4244,4.2045
4245,4.2039
4246,4.2033
4247,4.2026
4248,4.202
4249,4.2015
4250,4.2009
4251,4.2002
4252,4.1998
4253,4.1991
4254,4.1986
4255,4.198
4256,4.1975
4257,4.1969
4258,4.1964
4259,4.1958
4260,4.1953
4261,4.1948
4262,4.1944
4263,4.1937
4264,4.1932
4265,4.1928
4266,4.1923
4267,4.1918
4268,4.1913
4269,4.1909
4270,4.1904
4271,4.1899
4272,4.1894
4273,4.189
4274,4.1885
4275,4.188
4276,4.1877
4277,4.1872
4278,4.1867
4279,4.1864
4280,4.1859
4281,4.1855
4282,4.1851
4283,4.1847
4284,4.1842
4285,4.1839
4286,4.1834
4287,4.1831
4288,4.1826
4289,4.1823
4290,4.182
4291,4.1815
4292,4.1812
4293,4.1808
4294,4.1804
4295,4.1801
4296,4.1797
4297,4.1794
4298,4.1789
4299,4.1786
4300,4.1783
4301,4.178
4302,4.1777
4303,4.1774
4304,4.1769
4305,4.1766
4306,4.1762
4307,4.1759
4308,4.1756
4309,4.1753
4310,4.1751
4311,4.1748
4312,4.1745
4313,4.1742
4314,4.1739
4315,4.1735
4316,4.1732
4317,4.1731
4318,4.1727
4319,4.1724
4320,4.1721
4321,4.1718
4322,4.1716
4323,4.1713
4324,4.171
4325,4.1708
4326,4.1705
4327,4.1702
4328,4.17
4329,4.1697
4330,4.1696
4331,4.1692
4332,4.1689
4333,4.1688
4334,4.1685
4335,4.1683
4336,4.168
4337,4.1678
4338,4.1675
4339,4.1673
4340,4.1672
4341,4.1669
4342,4.1667
4343,4.1664
4344,4.1662
4345,4.1661
4346,4.1658
4347,4.1656
4348,4.1654
4349,4.1651
4350,4.165
4351,4.1648
4352,4.1645
4353,4.1643
4354,4.1642
4355,4.164
4356,4.1638
4357,4.1635
4358,4.1634
4359,4.1632
4360,4.1631
4361,4.1629
4362,4.1626
4363,4.1624
4364,4.1623
4365,4.1621
4366,4.1619
4367,4.1618
4368,4.1616
4369,4.1615
4370,4.1613
4371,4.161
4372,4.1608
4373,4.1607
4374,4.1605
4375,4.1603
4376,4.1602
4377,4.16
4378,4.1599
4379,4.1597
4380,4.1596
4381,4.1594
4382,4.1592
4383,4.1591
4384,4.1589
4385,4.1588
4386,4.1588
4387,4.1586
4388,4.1584
4389,4.1583
4390,4.1581
4391,4.158
4392,4.1578
4393,4.1576
4394,4.1575
4395,4.1573
4396,4.1573
4397,4.1572
4398,4.157
4399,4.1569
4400,4.1567
4401,4.1565
4402,4.1564
4403,4.1564
4404,4.1562
4405,4.1561
4406,4.1559
4407,4.1557
4408,4.1557
4409,4.1556
4410,4.1554
4411,4.1553
4412,4.1553
4413,4.1551
4414,4.1549
4415,4.1548
4416,4.1548
4417,4.1546
4418,4.1545
4419,4.1543
4420,4.1543
4421,4.1542
4422,4.154
4423,4.154
4424,4.1538
4425,4.1537
4426,4.1537
4427,4.1535
4428,4.1534
4429,4.1532
4430,4.1532
4431,4.153
4432,4.153
4433,4.1529
4434,4.1527
4435,4.1527
4436,4.1526
4437,4.1524
4438,4.1524
4439,4.1522
4440,4.1521
4441,4.1521
4442,4.1519
4443,4.1519
4444,4.1518
4445,4.1518
4446,4.1516
4447,4.1514
4448,4.1514
4449,4.1513
4450,4.1511
4451,4.1511
4452,4.151
4453,4.151
4454,4.1508
4455,4.1508
4456,4.1507
4457,4.1505
4458,4.1505
4459,4.1503
4460,4.1503
4461,4.1502
4462,4.1502
4463,4.15
4464,4.15
4465,4.1499
4466,4.1497
4467,4.1497
4468,4.1495
4469,4.1495
4470,4.1494
4471,4.1494
4472,4.1492
4473,4.1492
4474,4.1491
4475,4.1491
4476,4.1489
4477,4.1489
4478,4.1489
4479,4.1487
4480,4.1486
4481,4.1486
4482,4.1484
4483,4.1484
4484,4.1483
4485,4.1483
4486,4.1481
4487,4.1481
4488,4.148
4489,4.148
4490,4.1478
4491,4.1478
4492,4.1476
4493,4.1476
4494,4.1475
4495,4.1475
4496,4.1473
4497,4.1473
4498,4.1472
4499,4.1472
4500,4.1472
4501,4.147
4502,4.147
4503,4.1468
4504,4.1468
4505,4.1467
4506,4.1467
4507,4.1465
4508,4.1465
4509,4.1464
4510,4.1464
4511,4.1464
4512,4.1462
4513,4.146
4514,4.146
4515,4.146
4516,4.1459
4517,4.1459
4518,4.1457
4519,4.1457
4520,4.1456
4521,4.1456
4522,4.1454
4523,4.1454
4524,4.1454
4525,4.1453
4526,4.1453
4527,4.1451
4528,4.1451
4529,4.1449
4530,4.1449
4531,4.1448
4532,4.1448
4533,4.1448
4534,4.1446
4535,4.1446
4536,4.1445
4537,4.1445
4538,4.1443
4539,4.1443
4540,4.1441
4541,4.1441
4542,4.144
4543,4.144
4544,4.144
4545,4.1438
4546,4.1438
4547,4.1437
4548,4.1437
4549,4.1435
4550,4.1435
4551,4.1435
4552,4.1433
4553,4.1433
4554,4.1432
4555,4.1432
4556,4.143
4557,4.143
4558,4.1429
4559,4.1429
4560,4.1429
4561,4.1427
4562,4.1427
4563,4.1426
4564,4.1426
4565,4.1424
4566,4.1424
4567,4.1422
4568,4.1422
4569,4.1422
4570,4.1421
4571,4.1421
4572,4.1419
4573,4.1419
4574,4.1419
4575,4.1418
4576,4.1418
4577,4.1416
4578,4.1416
4579,4.1414
4580,4.1414
4581,4.1413
4582,4.1413
4583,4.1411
4584,4.1411
4585,4.141
4586,4.141
4587,4.141
4588,4.1408
4589,4.1408
4590,4.1406
4591,4.1406
4592,4.1405
4593,4.1405
4594,4.1403
4595,4.1403
4596,4.1403
4597,4.1402
4598,4.14
4599,4.14
4600,4.14
4601,4.1398
4602,4.1398
4603,4.1397
4604,4.1397
4605,4.1395
4606,4.1395
4607,4.1394
4608,4.1394
4609,4.1392
4610,4.1392
4611,4.1391
4612,4.1391
4613,4.1389
4614,4.1389
4615,4.1389
4616,4.1387
4617,4.1387
4618,4.1386
4619,4.1386
4620,4.1384
4621,4.1384
4622,4.1383
4623,4.1381
4624,4.1381
4625,4.1379
4626,4.1379
4627,4.1378
4628,4.1378
4629,4.1376
4630,4.1376
4631,4.1375
4632,4.1375
4633,4.1373
4634,4.1373
4635,4.1371
4636,4.1371
4637,4.137
4638,4.137
4639,4.1368
4640,4.1368
4641,4.1367
4642,4.1367
4643,4.1365
4644,4.1364
4645,4.1364
4646,4.1362
4647,4.1362
4648,4.136
4649,4.136
4650,4.1359
4651,4.1357
4652,4.1357
4653,4.1356
4654,4.1356
4655,4.1354
4656,4.1354
4657,4.1352
4658,4.1351
4659,4.1351
4660,4.1349
4661,4.1349
4662,4.1348
4663,4.1346
4664,4.1346
4665,4.1344
4666,4.1343
4667,4.1343
4668,4.1341
4669,4.1341
4670,4.134
4671,4.1338
4672,4.1338
4673,4.1337
4674,4.1335
4675,4.1335
4676,4.1333
4677,4.1332
4678,4.1332
4679,4.133
4680,4.133
4681,4.1329
4682,4.1329
4683,4.1329
4684,4.1329
4685,4.1327
4686,4.1327
4687,4.1325
4688,4.1325
4689,4.1324
4690,4.1324
4691,4.1324
4692,4.1324
4693,4.1322
4694,4.1322
4695,4.1321
4696,4.1321
4697,4.1321
4698,4.1321
4699,4.1319
4700,4.1319
4701,4.1317
4702,4.1317
4703,4.1316
4704,4.1316
4705,4.1316
4706,4.1316
4707,4.1314
4708,4.1314
4709,4.1313
4710,4.1313
4711,4.1311
4712,4.1311
4713,4.1311
4714,4.1311
4715,4.1309
4716,4.1309
4717,4.1308
4718,4.1308
4719,4.1306
4720,4.1306
4721,4.1306
4722,4.1305
4723,4.1303
4724,4.1302
4725,4.13
4726,4.13
4727,4.1298
4728,4.1297
4729,4.1295
4730,4.1295
4731,4.1294
4732,4.1292
4733,4.129
4734,4.1289
4735,4.1287
4736,4.1286
4737,4.1284
4738,4.1282
4739,4.1282
4740,4.1281
4741,4.1279
4742,4.1278
4743,4.1276
4744,4.1275
4745,4.1273
4746,4.1271
4747,4.127
4748,4.127
4749,4.1268
4750,4.1267
4751,4.1265
4752,4.1263
4753,4.1262
4754,4.126
4755,4.1259
4756,4.1257
4757,4.1255
4758,4.1254
4759,4.1252
4760,4.1251
4761,4.1249
4762,4.1248
4763,4.1246
4764,4.1244
4765,4.1243
4766,4.1241
4767,4.124
4768,4.1238
4769,4.1236
4770,4.1235
4771,4.1233
4772,4.123
4773,4.1228
4774,4.1227
4775,4.1225
4776,4.1224
4777,4.1222
4778,4.122
4779,4.1219
4780,4.1217
4781,4.1214
4782,4.1213
4783,4.1211
4784,4.1209
4785,4.1208
4786,4.1206
4787,4.1203
4788,4.1201
4789,4.12
4790,4.1198
4791,4.1197
4792,4.1195
4793,4.1192
4794,4.119
4795,4.1189
4796,4.1187
4797,4.1186
4798,4.1182
4799,4.1181
4800,4.1179
4801,4.1176
4802,4.1174
4803,4.1173
4804,4.1171
4805,4.1168
4806,4.1166
4807,4.1165
4808,4.1162
4809,4.116
4810,4.1159
4811,4.1157
4812,4.1154
4813,4.1152
4814,4.1151
4815,4.1147
4816,4.1146
4817,4.1144
4818,4.1141
4819,4.1139
4820,4.1136
4821,4.1135
4822,4.1133
4823,4.113
4824,4.1128
4825,4.1125
4826,4.1124
4827,4.1122
4828,4.1119
4829,4.1117
4830,4.1114
4831,4.1112
4832,4.1109
4833,4.1108
4834,4.1106
4835,4.1103
4836,4.1101
4837,4.1098
4838,4.1097
4839,4.1093
4840,4.1092
4841,4.1089
4842,4.1087
4843,4.1084
4844,4.1082
4845,4.1079
4846,4.1077
4847,4.1074
4848,4.1073
4849,4.107
4850,4.1066
4851,4.1065
4852,4.1062
4853,4.106
4854,4.1057
4855,4.1054
4856,4.1052
4857,4.1049
4858,4.1047
4859,4.1044
4860,4.1043
4861,4.1039
4862,4.1036
4863,4.1035
4864,4.1031
4865,4.1028
4866,4.1027
4867,4.1023
4868,4.102
4869,4.1019
4870,4.1015
4871,4.1014
4872,4.1011
4873,4.1008
4874,4.1006
4875,4.1003
4876,4.1
4877,4.0996
4878,4.0995
4879,4.0992
4880,4.0988
4881,4.0987
4882,4.0984
4883,4.0981
4884,4.0977
4885,4.0976
4886,4.0973
4887,4.0969
4888,4.0966
4889,4.0965
4890,4.0961
4891,4.0958
4892,4.0955
4893,4.0954
4894,4.095
4895,4.0947
4896,4.0944
4897,4.0941
4898,4.0939
4899,4.0936
4900,4.0933
4901,4.093
4902,4.0927
4903,4.0923
4904,4.0922
4905,4.0919
4906,4.0915
4907,4.0912
4908,4.0909
4909,4.0907
4910,4.0904
4911,4.0901
4912,4.0898
4913,4.0895
4914,4.0892
4915,4.0888
4916,4.0887
4917,4.0884
4918,4.088
4919,4.0877
4920,4.0874
4921,4.0871
4922,4.0868
4923,4.0865
4924,4.0861
4925,4.0858
4926,4.0857
4927,4.0853
4928,4.085
4929,4.0847
4930,4.0844
4931,4.0841
4932,4.0838
4933,4.0834
4934,4.0831
4935,4.0828
4936,4.0825
4937,4.0822
4938,4.082
4939,4.0817
4940,4.0814
4941,4.081
4942,4.0807
4943,4.0804
4944,4.0801
4945,4.0798
4946,4.0795
4947,4.0791
4948,4.0788
4949,4.0785
4950,4.0782
4951,4.0779
4952,4.0776
4953,4.0772
4954,4.0769
4955,4.0766
4956,4.0763
4957,4.076
4958,4.0756
4959,4.0753
4960,4.075
4961,4.0749
4962,4.0744
4963,4.0741
4964,4.0739
4965,4.0736
4966,4.0733
4967,4.0728
4968,4.0725
4969,4.0723
4970,4.072
4971,4.0717
4972,4.0714
4973,4.071
4974,4.0707
4975,4.0704
4976,4.0701
4977,4.0698
4978,4.0694
4979,4.0691
4980,4.0688
4981,4.0685
4982,4.0682
4983,4.0679
4984,4.0675
4985,4.0672
4986,4.0669
4987,4.0666
4988,4.0663
4989,4.066
4990,4.0656
4991,4.0653
4992,4.065
4993,4.0647
4994,4.0644
4995,4.064
4996,4.0637
4997,4.0634
4998,4.0631
4999,4.0628
5000,4.0625
5001,4.0621
5002,4.0618
5003,4.0615
5004,4.0612
5005,4.0609
5006,4.0605
5007,4.0602
5008,4.0599
5009,4.0596
5010,4.0594
5011,4.0591
5012,4.0588
5013,4.0585
5014,4.0582
5015,4.0578
5016,4.0575
5017,4.0572
5018,4.0569
5019,4.0566
5020,4.0563
5021,4.0559
5022,4.0556
5023,4.0553
5024,4.055
5025,4.0548
5026,4.0545
5027,4.0542
5028,4.0539
5029,4.0536
5030,4.0532
5031,4.0529
5032,4.0526
5033,4.0523
5034,4.052
5035,4.0518
5036,4.0515
5037,4.0512
5038,4.0509
5039,4.0505
5040,4.0502
5041,4.0499
5042,4.0497
5043,4.0494
5044,4.0491
5045,4.0488
5046,4.0485
5047,4.0482
5048,4.048
5049,4.0477
5050,4.0474
5051,4.047
5052,4.0467
5053,4.0464
5054,4.0462
5055,4.0459
5056,4.0456
5057,4.0453
5058,4.0451
5059,4.0448
5060,4.0445
5061,4.0442
5062,4.044
5063,4.0437
5064,4.0434
5065,4.0431
5066,4.0429
5067,4.0426
5068,4.0423
5069,4.042
5070,4.0418
5071,4.0415
5072,4.0412
5073,4.0408
5074,4.0407
5075,4.0404
5076,4.04
5077,4.0399
5078,4.0396
5079,4.0393
5080,4.0391
5081,4.0388
5082,4.0385
5083,4.0383
5084,4.038
5085,4.0377
5086,4.0375
5087,4.0372
5088,4.0369
5089,4.0367
5090,4.0364
5091,4.0362
5092,4.0359
5093,4.0358
5094,4.0354
5095,4.0351
5096,4.035
5097,4.0346
5098,4.0345
5099,4.0342
5100,4.034
5101,4.0337
5102,4.0334
5103,4.0332
5104,4.0329
5105,4.0327
5106,4.0324
5107,4.0323
5108,4.0319
5109,4.0318
5110,4.0315
5111,4.0313
5112,4.0311
5113,4.0308
5114,4.0307
5115,4.0304
5116,4.0302
5117,4.0299
5118,4.0297
5119,4.0294
5120,4.0292
5121,4.0289
5122,4.0288
5123,4.0284
5124,4.0283
5125,4.0281
5126,4.0278
5127,4.0277
5128,4.0275
5129,4.0272
5130,4.027
5131,4.0267
5132,4.0265
5133,4.0264
5134,4.0261
5135,4.0259
5136,4.0257
5137,4.0254
5138,4.0253
5139,4.0251
5140,4.0248
5141,4.0246
5142,4.0245
5143,4.0242
5144,4.024
5145,4.0238
5146,4.0235
5147,4.0234
5148,4.0232
5149,4.023
5150,4.0227
5151,4.0226
5152,4.0224
5153,4.0221
5154,4.0219
5155,4.0218
5156,4.0216
5157,4.0215
5158,4.0211
5159,4.021
5160,4.0208
5161,4.0207
5162,4.0203
5163,4.0202
5164,4.02
5165,4.0199
5166,4.0197
5167,4.0194
5168,4.0192
5169,4.0191
5170,4.0189
5171,4.0188
5172,4.0184
5173,4.0183
5174,4.0181
5175,4.018
5176,4.0178
5177,4.0176
5178,4.0173
5179,4.0172
5180,4.017
5181,4.0168
5182,4.0167
5183,4.0165
5184,4.0164
5185,4.0162
5186,4.0159
5187,4.0157
5188,4.0156
5189,4.0154
5190,4.0153
5191,4.0151
5192,4.0149
5193,4.0148
5194,4.0146
5195,4.0145
5196,4.0141
5197,4.014
5198,4.0138
5199,4.0137
5200,4.0135
5201,4.0134
5202,4.0132
5203,4.013
5204,4.0129
5205,4.0127
5206,4.0126
5207,4.0124
5208,4.0122
5209,4.0121
5210,4.0119
5211,4.0118
5212,4.0116
5213,4.0113
5214,4.0111
5215,4.011
5216,4.0108
5217,4.0106
5218,4.0105
5219,4.0103
5220,4.0102
5221,4.01
5222,4.0099
5223,4.0097
5224,4.0095
5225,4.0094
5226,4.0092
5227,4.0091
5228,4.0089
5229,4.0087
5230,4.0086
5231,4.0084
5232,4.0083
5233,4.0081
5234,4.0079
5235,4.0078
5236,4.0076
5237,4.0075
5238,4.0073
5239,4.0072
5240,4.007
5241,4.0068
5242,4.0067
5243,4.0065
5244,4.0064
5245,4.0062
5246,4.006
5247,4.0059
5248,4.0057
5249,4.0056
5250,4.0054
5251,4.0052
5252,4.0051
5253,4.0049
5254,4.0048
5255,4.0046
5256,4.0045
5257,4.0043
5258,4.0041
5259,4.004
5260,4.0038
5261,4.0037
5262,4.0035
5263,4.0033
5264,4.0032
5265,4.003
5266,4.0029
5267,4.0027
5268,4.0025
5269,4.0024
5270,4.0022
5271,4.0021
5272,4.0019
5273,4.0017
5274,4.0016
5275,4.0014
5276,4.0013
5277,4.0011
5278,4.001
5279,4.0008
5280,4.0006
5281,4.0005
5282,4.0003
5283,4.0002
5284,4.0
5285,3.9998
5286,3.9997
5287,3.9995
5288,3.9994
5289,3.9992
5290,3.999
5291,3.9989
5292,3.9987
5293,3.9986
5294,3.9984
5295,3.9983
5296,3.9981
5297,3.9979
5298,3.9978
5299,3.9975
5300,3.9973
5301,3.9971
5302,3.997
5303,3.9968
5304,3.9967
5305,3.9965
5306,3.9963
5307,3.9962
5308,3.996
5309,3.9959
5310,3.9957
5311,3.9956
5312,3.9954
5313,3.9952
5314,3.9949
5315,3.9948
5316,3.9946
5317,3.9944
5318,3.9943
5319,3.9941
5320,3.994
5321,3.9938
5322,3.9936
5323,3.9935
5324,3.9933
5325,3.993
5326,3.9929
5327,3.9927
5328,3.9925
5329,3.9924
5330,3.9922
5331,3.9921
5332,3.9917
5333,3.9916
5334,3.9914
5335,3.9913
5336,3.9911
5337,3.9909
5338,3.9908
5339,3.9906
5340,3.9903
5341,3.9901
5342,3.99
5343,3.9898
5344,3.9897
5345,3.9894
5346,3.9892
5347,3.989
5348,3.9889
5349,3.9887
5350,3.9884
5351,3.9882
5352,3.9881
5353,3.9879
5354,3.9878
5355,3.9874
5356,3.9873
5357,3.9871
5358,3.987
5359,3.9867
5360,3.9865
5361,3.9863
5362,3.9862
5363,3.9859
5364,3.9857
5365,3.9855
5366,3.9854
5367,3.9851
5368,3.9849
5369,3.9847
5370,3.9844
5371,3.9843
5372,3.9841
5373,3.984
5374,3.9836
5375,3.9835
5376,3.9833
5377,3.983
5378,3.9828
5379,3.9827
5380,3.9824
5381,3.9822
5382,3.982
5383,3.9819
5384,3.9816
5385,3.9814
5386,3.9811
5387,3.9809
5388,3.9808
5389,3.9805
5390,3.9803
5391,3.9801
5392,3.9798
5393,3.9797
5394,3.9793
5395,3.9792
5396,3.979
5397,3.9787
5398,3.9785
5399,3.9782
5400,3.9781
5401,3.9779
5402,3.9776
5403,3.9774
5404,3.9771
5405,3.977
5406,3.9766
5407,3.9765
5408,3.9763
5409,3.976
5410,3.9758
5411,3.9755
5412,3.9754
5413,3.9751
5414,3.9749
5415,3.9746
5416,3.9744
5417,3.9741
5418,3.9739
5419,3.9736
5420,3.9735
5421,3.9731
5422,3.973
5423,3.9727
5424,3.9725
5425,3.9722
5426,3.972
5427,3.9717
5428,3.9716
5429,3.9712
5430,3.9711
5431,3.9708
5432,3.9704
5433,3.9703
5434,3.97
5435,3.9698
5436,3.9695
5437,3.9693
5438,3.969
5439,3.9687
5440,3.9685
5441,3.9682
5442,3.9681
5443,3.9677
5444,3.9674
5445,3.9673
5446,3.9669
5447,3.9668
5448,3.9665
5449,3.9662
5450,3.966
5451,3.9657
5452,3.9655
5453,3.9652
5454,3.9649
5455,3.9647
5456,3.9644
5457,3.9641
5458,3.9639
5459,3.9636
5460,3.9633
5461,3.9631
5462,3.9628
5463,3.9625
5464,3.9623
5465,3.962
5466,3.9617
5467,3.9615
5468,3.9612
5469,3.9609
5470,3.9607
5471,3.9604
5472,3.9601
5473,3.9598
5474,3.9596
5475,3.9593
5476,3.959
5477,3.9588
5478,3.9585
5479,3.9582
5480,3.9579
5481,3.9577
5482,3.9574
5483,3.9571
5484,3.9569
5485,3.9566
5486,3.9563
5487,3.956
5488,3.9558
5489,3.9555
5490,3.9552
5491,3.955
5492,3.9547
5493,3.9544
5494,3.9541
5495,3.9538
5496,3.9536
5497,3.9533
5498,3.953
5499,3.9526
5500,3.9525
5501,3.9522
5502,3.9518
5503,3.9515
5504,3.9514
5505,3.9511
5506,3.9507
5507,3.9504
5508,3.9503
5509,3.9499
5510,3.9496
5511,3.9493
5512,3.9491
5513,3.9488
5514,3.9485
5515,3.9482
5516,3.948
5517,3.9477
5518,3.9474
5519,3.9471
5520,3.9468
5521,3.9466
5522,3.9463
5523,3.946
5524,3.9457
5525,3.9455
5526,3.9452
5527,3.9449
5528,3.9445
5529,3.9442
5530,3.9441
5531,3.9437
5532,3.9434
5533,3.9431
5534,3.943
5535,3.9426
5536,3.9423
5537,3.942
5538,3.9417
5539,3.9415
5540,3.9412
5541,3.9409
5542,3.9406
5543,3.9404
5544,3.9401
5545,3.9398
5546,3.9395
5547,3.9391
5548,3.939
5549,3.9387
5550,3.9383
5551,3.938
5552,3.9379
5553,3.9375
5554,3.9372
5555,3.9369
5556,3.9368
5557,3.9364
5558,3.9361
5559,3.9358
5560,3.9356
5561,3.9353
5562,3.935
5563,3.9347
5564,3.9345
5565,3.9342
5566,3.9339
5567,3.9336
5568,3.9334
5569,3.9331
5570,3.9328
5571,3.9325
5572,3.9323
5573,3.932
5574,3.9317
5575,3.9313
5576,3.9312
5577,3.9309
5578,3.9306
5579,3.9304
5580,3.9301
5581,3.9298
5582,3.9294
5583,3.9293
5584,3.929
5585,3.9286
5586,3.9283
5587,3.9282
5588,3.9279
5589,3.9275
5590,3.9274
5591,3.9271
5592,3.9267
5593,3.9264
5594,3.9263
5595,3.9259
5596,3.9256
5597,3.9255
5598,3.9252
5599,3.9248
5600,3.9247
5601,3.9244
5602,3.924
5603,3.9239
5604,3.9236
5605,3.9232
5606,3.9229
5607,3.9228
5608,3.9225
5609,3.9223
5610,3.922
5611,3.9217
5612,3.9215
5613,3.9212
5614,3.9209
5615,3.9207
5616,3.9204
5617,3.9201
5618,3.9199
5619,3.9196
5620,3.9193
5621,3.9191
5622,3.9188
5623,3.9186
5624,3.9183
5625,3.918
5626,3.9178
5627,3.9175
5628,3.9174
5629,3.917
5630,3.9167
5631,3.9166
5632,3.9163
5633,3.9159
5634,3.9158
5635,3.9155
5636,3.9153
5637,3.915
5638,3.9147
5639,3.9145
5640,3.9142
5641,3.914
5642,3.9137
5643,3.9136
5644,3.9132
5645,3.9129
5646,3.9128
5647,3.9124
5648,3.9123
5649,3.912
5650,3.9118
5651,3.9115
5652,3.9112
5653,3.911
5654,3.9107
5655,3.9105
5656,3.9102
5657,3.9101
5658,3.9097
5659,3.9096
5660,3.9093
5661,3.9089
5662,3.9088
5663,3.9085
5664,3.9083
5665,3.908
5666,3.9078
5667,3.9075
5668,3.9074
5669,3.907
5670,3.9069
5671,3.9066
5672,3.9064
5673,3.9061
5674,3.9059
5675,3.9056
5676,3.9054
5677,3.9051
5678,3.905
5679,3.9047
5680,3.9045
5681,3.9042
5682,3.904
5683,3.9037
5684,3.9034
5685,3.9032
5686,3.9031
5687,3.9027
5688,3.9026
5689,3.9023
5690,3.9021
5691,3.9018
5692,3.9016
5693,3.9013
5694,3.9012
5695,3.9008
5696,3.9007
5697,3.9004
5698,3.9002
5699,3.8999
5700,3.8997
5701,3.8994
5702,3.8992
5703,3.8989
5704,3.8988
5705,3.8986
5706,3.8983
5707,3.8981
5708,3.8978
5709,3.8977
5710,3.8973
5711,3.8972
5712,3.8969
5713,3.8967
5714,3.8964
5715,3.8962
5716,3.8959
5717,3.8958
5718,3.8956
5719,3.8953
5720,3.8951
5721,3.8948
5722,3.8946
5723,3.8943
5724,3.8942
5725,3.8938
5726,3.8937
5727,3.8935
5728,3.8932
5729,3.8931
5730,3.8927
5731,3.8926
5732,3.8923
5733,3.8921
5734,3.8918
5735,3.8916
5736,3.8915
5737,3.8911
5738,3.891
5739,3.8907
5740,3.8905
5741,3.8902
5742,3.89
5743,3.8899
5744,3.8896
5745,3.8894
5746,3.8891
5747,3.8889
5748,3.8886
5749,3.8884
5750,3.8881
5751,3.888
5752,3.8878
5753,3.8875
5754,3.8873
5755,3.887
5756,3.8869
5757,3.8865
5758,3.8864
5759,3.8861
5760,3.8859
5761,3.8857
5762,3.8854
5763,3.8853
5764,3.8849
5765,3.8848
5766,3.8846
5767,3.8843
5768,3.8842
5769,3.8838
5770,3.8837
5771,3.8834
5772,3.8832
5773,3.8829
5774,3.8827
5775,3.8826
5776,3.8822
5777,3.8821
5778,3.8818
5779,3.8816
5780,3.8813
5781,3.8811
5782,3.8808
5783,3.8807
5784,3.8805
5785,3.8802
5786,3.88
5787,3.8797
5788,3.8795
5789,3.8792
5790,3.8791
5791,3.8787
5792,3.8786
5793,3.8783
5794,3.8781
5795,3.878
5796,3.8776
5797,3.8775
5798,3.8772
5799,3.877
5800,3.8767
5801,3.8765
5802,3.8762
5803,3.876
5804,3.8759
5805,3.8756
5806,3.8753
5807,3.8751
5808,3.8749
5809,3.8746
5810,3.8745
5811,3.8741
5812,3.874
5813,3.8737
5814,3.8735
5815,3.8732
5816,3.873
5817,3.8727
5818,3.8726
5819,3.8722
5820,3.8721
5821,3.8718
5822,3.8716
5823,3.8713
5824,3.8711
5825,3.8708
5826,3.8706
5827,3.8703
5828,3.8702
5829,3.8698
5830,3.8697
5831,3.8695
5832,3.8692
5833,3.8689
5834,3.8687
5835,3.8684
5836,3.8683
5837,3.8679
5838,3.8678
5839,3.8676
5840,3.8673
5841,3.867
5842,3.8668
5843,3.8667
5844,3.8664
5845,3.866
5846,3.8659
5847,3.8657
5848,3.8654
5849,3.8651
5850,3.8649
5851,3.8646
5852,3.8644
5853,3.8641
5854,3.864
5855,3.8637
5856,3.8635
5857,3.8632
5858,3.863
5859,3.8627
5860,3.8625
5861,3.8622
5862,3.8621
5863,3.8617
5864,3.8616
5865,3.8613
5866,3.8609
5867,3.8608
5868,3.8605
5869,3.8603
5870,3.86
5871,3.8598
5872,3.8595
5873,3.8594
5874,3.859
5875,3.8589
5876,3.8586
5877,3.8584
5878,3.8581
5879,3.8578
5880,3.8576
5881,3.8573
5882,3.8571
5883,3.8568
5884,3.8567
5885,3.8563
5886,3.8562
5887,3.8559
5888,3.8555
5889,3.8554
5890,3.8551
5891,3.8549
5892,3.8546
5893,3.8544
5894,3.8541
5895,3.854
5896,3.8536
5897,3.8533
5898,3.8532
5899,3.8528
5900,3.8527
5901,3.8524
5902,3.8522
5903,3.8519
5904,3.8517
5905,3.8514
5906,3.8511
5907,3.8509
5908,3.8506
5909,3.8505
5910,3.8501
5911,3.8498
5912,3.8497
5913,3.8493
5914,3.8492
5915,3.8489
5916,3.8487
5917,3.8484
5918,3.8482
5919,3.8479
5920,3.8476
5921,3.8474
5922,3.8471
5923,3.847
5924,3.8466
5925,3.8465
5926,3.8462
5927,3.8459
5928,3.8457
5929,3.8454
5930,3.8452
5931,3.8449
5932,3.8447
5933,3.8444
5934,3.8441
5935,3.8439
5936,3.8436
5937,3.8435
5938,3.8432
5939,3.843
5940,3.8427
5941,3.8424
5942,3.8422
5943,3.8419
5944,3.8417
5945,3.8414
5946,3.8412
5947,3.8409
5948,3.8408
5949,3.8404
5950,3.8401
5951,3.84
5952,3.8397
5953,3.8395
5954,3.8392
5955,3.839
5956,3.8387
5957,3.8385
5958,3.8382
5959,3.8379
5960,3.8377
5961,3.8374
5962,3.8373
5963,3.837
5964,3.8368
5965,3.8365
5966,3.8362
5967,3.836
5968,3.8357
5969,3.8355
5970,3.8352
5971,3.835
5972,3.8347
5973,3.8346
5974,3.8343
5975,3.8339
5976,3.8338
5977,3.8335
5978,3.8333
5979,3.833
5980,3.8328
5981,3.8325
5982,3.8323
5983,3.832
5984,3.8319
5985,3.8315
5986,3.8314
5987,3.8311
5988,3.8309
5989,3.8306
5990,3.8304
5991,3.8301
5992,3.8298
5993,3.8296
5994,3.8293
5995,3.8292
5996,3.8288
5997,3.8287
5998,3.8284
5999,3.8282
6000,3.8279
6001,3.8277
6002,3.8274
6003,3.8273
6004,3.8269
6005,3.8268
6006,3.8265
6007,3.8263
6008,3.826
6009,3.8258
6010,3.8255
6011,3.8254
6012,3.825
6013,3.8249
6014,3.8246
6015,3.8244
6016,3.8241
6017,3.8239
6018,3.8236
6019,3.8234
6020,3.8231
6021,3.823
6022,3.8226
6023,3.8225
6024,3.8223
6025,3.822
6026,3.8219
6027,3.8215
6028,3.8214
6029,3.8211
6030,3.8209
6031,3.8206
6032,3.8204
6033,3.8201
6034,3.8199
6035,3.8196
6036,3.8195
6037,3.8192
6038,3.819
6039,3.8188
6040,3.8185
6041,3.8184
6042,3.818
6043,3.8179
6044,3.8176
6045,3.8174
6046,3.8172
6047,3.8169
6048,3.8168
6049,3.8165
6050,3.8163
6051,3.816
6052,3.8158
6053,3.8155
6054,3.8153
6055,3.8152
6056,3.8149
6057,3.8147
6058,3.8144
6059,3.8142
6060,3.8139
6061,3.8138
6062,3.8136
6063,3.8133
6064,3.8131
6065,3.8128
6066,3.8126
6067,3.8125
6068,3.8122
6069,3.812
6070,3.8117
6071,3.8115
6072,3.8114
6073,3.811
6074,3.8109
6075,3.8106
6076,3.8104
6077,3.8103
6078,3.8099
6079,3.8098
6080,3.8095
6081,3.8093
6082,3.8091
6083,3.8088
6084,3.8087
6085,3.8085
6086,3.8082
6087,3.808
6088,3.8077
6089,3.8076
6090,3.8074
6091,3.8071
6092,3.8069
6093,3.8068
6094,3.8064
6095,3.8063
6096,3.8061
6097,3.8058
6098,3.8056
6099,3.8055
6100,3.8052
6101,3.805
6102,3.8049
6103,3.8045
6104,3.8044
6105,3.8042
6106,3.8039
6107,3.8037
6108,3.8036
6109,3.8033
6110,3.8031
6111,3.8029
6112,3.8026
6113,3.8025
6114,3.8023
6115,3.802
6116,3.8018
6117,3.8017
6118,3.8014
6119,3.8012
6120,3.801
6121,3.8007
6122,3.8006
6123,3.8004
6124,3.8001
6125,3.7999
6126,3.7998
6127,3.7994
6128,3.7993
6129,3.7991
6130,3.799
6131,3.7987
6132,3.7985
6133,3.7983
6134,3.798
6135,3.7979
6136,3.7977
6137,3.7975
6138,3.7972
6139,3.7971
6140,3.7969
6141,3.7967
6142,3.7964
6143,3.7963
6144,3.7961
6145,3.7958
6146,3.7956
6147,3.7955
6148,3.7953
6149,3.795
6150,3.7948
6151,3.7947
6152,3.7944
6153,3.7942
6154,3.794
6155,3.7939
6156,3.7936
6157,3.7934
6158,3.7933
6159,3.7931
6160,3.7928
6161,3.7926
6162,3.7925
6163,3.7923
6164,3.792
6165,3.7918
6166,3.7917
6167,3.7915
6168,3.7912
6169,3.791
6170,3.7909
6171,3.7907
6172,3.7904
6173,3.7902
6174,3.7901
6175,3.7899
6176,3.7898
6177,3.7894
6178,3.7893
6179,3.7891
6180,3.789
6181,3.7886
6182,3.7885
6183,3.7883
6184,3.7882
6185,3.7878
6186,3.7877
6187,3.7875
6188,3.7874
6189,3.7872
6190,3.7869
6191,3.7867
6192,3.7866
6193,3.7864
6194,3.7863
6195,3.7859
6196,3.7858
6197,3.7856
6198,3.7855
6199,3.7853
6200,3.785
6201,3.7848
6202,3.7847
6203,3.7845
6204,3.7842
6205,3.784
6206,3.7839
6207,3.7837
6208,3.7836
6209,3.7832
6210,3.7831
6211,3.7829
6212,3.7828
6213,3.7826
6214,3.7823
6215,3.7821
6216,3.782
6217,3.7818
6218,3.7816
6219,3.7815
6220,3.7812
6221,3.781
6222,3.7809
6223,3.7807
6224,3.7805
6225,3.7804
6226,3.7801
6227,3.7799
6228,3.7797
6229,3.7796
6230,3.7794
6231,3.7793
6232,3.7789
6233,3.7788
6234,3.7786
6235,3.7785
6236,3.7783
6237,3.7782
6238,3.7778
6239,3.7777
6240,3.7775
6241,3.7774
6242,3.7772
6243,3.7769
6244,3.7767
6245,3.7766
6246,3.7764
6247,3.7762
6248,3.7761
6249,3.7759
6250,3.7756
6251,3.7755
6252,3.7753
6253,3.7751
6254,3.775
6255,3.7748
6256,3.7747
6257,3.7743
6258,3.7742
6259,3.774
6260,3.7739
6261,3.7737
6262,3.7735
6263,3.7732
6264,3.7731
6265,3.7729
6266,3.7728
6267,3.7726
6268,3.7724
6269,3.7723
6270,3.772
6271,3.7718
6272,3.7716
6273,3.7715
6274,3.7713
6275,3.7712
6276,3.771
6277,3.7707
6278,3.7705
6279,3.7704
6280,3.7702
6281,3.77
6282,3.7699
6283,3.7697
6284,3.7696
6285,3.7693
6286,3.7691
6287,3.7689
6288,3.7688
6289,3.7686
6290,3.7685
6291,3.7683
6292,3.768
6293,3.7678
6294,3.7677
6295,3.7675
6296,3.7673
6297,3.7672
6298,3.767
6299,3.7669
6300,3.7666
6301,3.7664
6302,3.7662
6303,3.7661
6304,3.7659
6305,3.7658
6306,3.7656
6307,3.7654
6308,3.7653
6309,3.765
6310,3.7648
6311,3.7646
6312,3.7645
6313,3.7643
6314,3.7642
6315,3.764
6316,3.7639
6317,3.7635
6318,3.7634
6319,3.7632
6320,3.7631
6321,3.7629
6322,3.7627
6323,3.7626
6324,3.7624
6325,3.7623
6326,3.7619
6327,3.7618
6328,3.7616
6329,3.7615
6330,3.7613
6331,3.7611
6332,3.761
6333,3.7608
6334,3.7607
6335,3.7605
6336,3.7602
6337,3.76
6338,3.7599
6339,3.7597
6340,3.7596
6341,3.7594
6342,3.7592
6343,3.7591
6344,3.7589
6345,3.7588
6346,3.7584
6347,3.7583
6348,3.7581
6349,3.758
6350,3.7578
6351,3.7577
6352,3.7575
6353,3.7573
6354,3.7572
6355,3.757
6356,3.7567
6357,3.7565
6358,3.7564
6359,3.7562
6360,3.7561
6361,3.7559
6362,3.7557
6363,3.7556
6364,3.7554
6365,3.7553
6366,3.7551
6367,3.7548
6368,3.7546
6369,3.7545
6370,3.7543
6371,3.7542
6372,3.754
6373,3.7538
6374,3.7537
6375,3.7535
6376,3.7534
6377,3.753
6378,3.753
6379,3.7527
6380,3.7526
6381,3.7524
6382,3.7523
6383,3.7521
6384,3.7519
6385,3.7518
6386,3.7516
6387,3.7515
6388,3.7513
6389,3.751
6390,3.7508
6391,3.7507
6392,3.7505
6393,3.7503
6394,3.7502
6395,3.75
6396,3.7499
6397,3.7497
6398,3.7495
6399,3.7494
6400,3.7491
6401,3.7489
6402,3.7488
6403,3.7486
6404,3.7484
6405,3.7483
6406,3.7481
6407,3.748
6408,3.7478
6409,3.7476
6410,3.7475
6411,3.7472
6412,3.747
6413,3.7468
6414,3.7467
6415,3.7465
6416,3.7464
6417,3.7462
6418,3.7461
6419,3.7459
6420,3.7457
6421,3.7456
6422,3.7454
6423,3.7451
6424,3.7449
6425,3.7448
6426,3.7446
6427,3.7445
6428,3.7443
6429,3.7441
6430,3.744
6431,3.7438
6432,3.7437
6433,3.7435
6434,3.7432
6435,3.743
6436,3.7429
6437,3.7427
6438,3.7426
6439,3.7424
6440,3.7422
6441,3.7421
6442,3.7419
6443,3.7418
6444,3.7416
6445,3.7413
6446,3.7411
6447,3.741
6448,3.7408
6449,3.7406
6450,3.7405
6451,3.7403
6452,3.7402
6453,3.74
6454,3.7399
6455,3.7397
6456,3.7395
6457,3.7392
6458,3.7391
6459,3.7389
6460,3.7387
6461,3.7386
6462,3.7384
6463,3.7383
6464,3.7381
6465,3.7379
6466,3.7378
6467,3.7376
6468,3.7375
6469,3.7372
6470,3.737
6471,3.7368
6472,3.7367
6473,3.7365
6474,3.7364
6475,3.7362
6476,3.736
6477,3.7359
6478,3.7357
6479,3.7356
6480,3.7352
6481,3.7351
6482,3.7349
6483,3.7348
6484,3.7346
6485,3.7345
6486,3.7343
6487,3.7341
6488,3.734
6489,3.7338
6490,3.7337
6491,3.7333
6492,3.7332
6493,3.733
6494,3.7329
6495,3.7327
6496,3.7325
6497,3.7324
6498,3.7322
6499,3.7321
6500,3.7319
6501,3.7317
6502,3.7316
6503,3.7313
6504,3.7311
6505,3.731
6506,3.7308
6507,3.7306
6508,3.7305
6509,3.7303
6510,3.7302
6511,3.73
6512,3.7298
6513,3.7295
6514,3.7294
6515,3.7292
6516,3.729
6517,3.7289
6518,3.7287
6519,3.7286
6520,3.7284
6521,3.7283
6522,3.7281
6523,3.7279
6524,3.7276
6525,3.7275
6526,3.7273
6527,3.7271
6528,3.727
6529,3.7268
6530,3.7267
6531,3.7265
6532,3.7263
6533,3.7262
6534,3.726
6535,3.7257
6536,3.7256
6537,3.7254
6538,3.7252
6539,3.7251
6540,3.7249
6541,3.7248
6542,3.7246
6543,3.7244
6544,3.7243
6545,3.7241
6546,3.7238
6547,3.7236
6548,3.7235
6549,3.7233
6550,3.7232
6551,3.723
6552,3.7229
6553,3.7227
6554,3.7225
6555,3.7222
6556,3.7221
6557,3.7219
6558,3.7217
6559,3.7216
6560,3.7214
6561,3.7213
6562,3.7211
6563,3.7209
6564,3.7208
6565,3.7205
6566,3.7203
6567,3.7201
6568,3.72
6569,3.7198
6570,3.7197
6571,3.7195
6572,3.7194
6573,3.7192
6574,3.719
6575,3.7187
6576,3.7186
6577,3.7184
6578,3.7182
6579,3.7181
6580,3.7179
6581,3.7178
6582,3.7176
6583,3.7174
6584,3.7171
6585,3.717
6586,3.7168
6587,3.7167
6588,3.7165
6589,3.7163
6590,3.7162
6591,3.716
6592,3.7159
6593,3.7155
6594,3.7154
6595,3.7152
6596,3.7151
6597,3.7149
6598,3.7147
6599,3.7146
6600,3.7144
6601,3.7143
6602,3.714
6603,3.7138
6604,3.7136
6605,3.7135
6606,3.7133
6607,3.7132
6608,3.713
6609,3.7128
6610,3.7127
6611,3.7124
6612,3.7122
6613,3.712
6614,3.7119
6615,3.7117
6616,3.7116
6617,3.7114
6618,3.7112
6619,3.7111
6620,3.7108
6621,3.7106
6622,3.7105
6623,3.7103
6624,3.7101
6625,3.71
6626,3.7098
6627,3.7097
6628,3.7093
6629,3.7092
6630,3.709
6631,3.7089
6632,3.7087
6633,3.7085
6634,3.7084
6635,3.7082
6636,3.7081
6637,3.7079
6638,3.7076
6639,3.7074
6640,3.7073
6641,3.7071
6642,3.707
6643,3.7068
6644,3.7066
6645,3.7063
6646,3.7062
6647,3.706
6648,3.7058
6649,3.7057
6650,3.7055
6651,3.7054
6652,3.7052
6653,3.7051
6654,3.7047
6655,3.7046
6656,3.7044
6657,3.7043
6658,3.7041
6659,3.7039
6660,3.7038
6661,3.7036
6662,3.7033
6663,3.7031
6664,3.703
6665,3.7028
6666,3.7027
6667,3.7025
6668,3.7023
6669,3.7022
6670,3.7019
6671,3.7017
6672,3.7016
6673,3.7014
6674,3.7012
6675,3.7011
6676,3.7008
6677,3.7006
6678,3.7004
6679,3.7003
6680,3.7001
6681,3.7
6682,3.6998
6683,3.6996
6684,3.6995
6685,3.6992
6686,3.699
6687,3.6989
6688,3.6987
6689,3.6985
6690,3.6984
6691,3.6982
6692,3.6981
6693,3.6977
6694,3.6976
6695,3.6974
6696,3.6973
6697,3.6971
6698,3.6969
6699,3.6966
6700,3.6966
6701,3.6963
6702,3.6962
6703,3.696
6704,3.6958
6705,3.6957
6706,3.6955
6707,3.6952
6708,3.695
6709,3.6949
6710,3.6947
6711,3.6946
6712,3.6944
6713,3.6942
6714,3.6939
6715,3.6938
6716,3.6936
6717,3.6935
6718,3.6933
6719,3.6931
6720,3.693
6721,3.6928
6722,3.6925
6723,3.6923
6724,3.6922
6725,3.692
6726,3.6919
6727,3.6917
6728,3.6915
6729,3.6912
6730,3.6911
6731,3.6909
6732,3.6907
6733,3.6906
6734,3.6904
6735,3.6903
6736,3.69
6737,3.6898
6738,3.6896
6739,3.6895
6740,3.6893
6741,3.6892
6742,3.689
6743,3.6887
6744,3.6885
6745,3.6884
6746,3.6882
6747,3.688
6748,3.6879
6749,3.6877
6750,3.6874
6751,3.6873
6752,3.6871
6753,3.6869
6754,3.6868
6755,3.6866
6756,3.6865
6757,3.6861
6758,3.686
6759,3.6858
6760,3.6857
6761,3.6855
6762,3.6853
6763,3.6852
6764,3.685
6765,3.6847
6766,3.6846
6767,3.6844
6768,3.6842
6769,3.6841
6770,3.6839
6771,3.6836
6772,3.6834
6773,3.6833
6774,3.6831
6775,3.683
6776,3.6828
6777,3.6826
6778,3.6823
6779,3.6822
6780,3.682
6781,3.6818
6782,3.6817
6783,3.6815
6784,3.6814
6785,3.6812
6786,3.6809
6787,3.6807
6788,3.6806
6789,3.6804
6790,3.6803
6791,3.6801
6792,3.6798
6793,3.6796
6794,3.6795
6795,3.6793
6796,3.6791
6797,3.679
6798,3.6788
6799,3.6787
6800,3.6784
6801,3.6782
6802,3.678
6803,3.6779
6804,3.6777
6805,3.6776
6806,3.6774
6807,3.6771
6808,3.6769
6809,3.6768
6810,3.6766
6811,3.6764
6812,3.6763
6813,3.6761
6814,3.676
6815,3.6757
6816,3.6755
6817,3.6753
6818,3.6752
6819,3.675
6820,3.6749
6821,3.6745
6822,3.6744
6823,3.6742
6824,3.6741
6825,3.6739
6826,3.6737
6827,3.6736
6828,3.6734
6829,3.6731
6830,3.673
6831,3.6728
6832,3.6726
6833,3.6725
6834,3.6723
6835,3.6722
6836,3.672
6837,3.6718
6838,3.6715
6839,3.6714
6840,3.6712
6841,3.671
6842,3.6709
6843,3.6707
6844,3.6706
6845,3.6702
6846,3.6701
6847,3.6699
6848,3.6698
6849,3.6696
6850,3.6695
6851,3.6693
6852,3.6691
6853,3.669
6854,3.6687
6855,3.6685
6856,3.6683
6857,3.6682
6858,3.668
6859,3.6679
6860,3.6677
6861,3.6675
6862,3.6672
6863,3.6671
6864,3.6669
6865,3.6668
6866,3.6666
6867,3.6664
6868,3.6663
6869,3.6661
6870,3.666
6871,3.6656
6872,3.6655
6873,3.6653
6874,3.6652
6875,3.665
6876,3.6648
6877,3.6647
6878,3.6645
6879,3.6642
6880,3.6641
6881,3.6639
6882,3.6637
6883,3.6636
6884,3.6634
6885,3.6633
6886,3.6631
6887,3.6629
6888,3.6626
6889,3.6625
6890,3.6623
6891,3.6621
6892,3.662
6893,3.6618
6894,3.6617
6895,3.6615
6896,3.6613
6897,3.6612
6898,3.661
6899,3.6607
6900,3.6606
6901,3.6604
6902,3.6602
6903,3.6601
6904,3.6599
6905,3.6598
6906,3.6596
6907,3.6594
6908,3.6593
6909,3.659
6910,3.6588
6911,3.6586
6912,3.6585
6913,3.6583
6914,3.6582
6915,3.658
6916,3.6579
6917,3.6577
6918,3.6575
6919,3.6574
6920,3.6571
6921,3.6569
6922,3.6567
6923,3.6566
6924,3.6564
6925,3.6563
6926,3.6561
6927,3.6559
6928,3.6558
6929,3.6556
6930,3.6555
6931,3.6552
6932,3.655
6933,3.6548
6934,3.6547
6935,3.6545
6936,3.6544
6937,3.6542
6938,3.654
6939,3.6539
6940,3.6537
6941,3.6536
6942,3.6534
6943,3.6532
6944,3.6529
6945,3.6528
6946,3.6526
6947,3.6524
6948,3.6523
6949,3.6521
6950,3.652
6951,3.6518
6952,3.6517
6953,3.6515
6954,3.6513
6955,3.6512
6956,3.651
6957,3.6507
6958,3.6505
6959,3.6504
6960,3.6502
6961,3.6501
6962,3.6499
6963,3.6497
6964,3.6496
6965,3.6494
6966,3.6493
6967,3.6491
6968,3.649
6969,3.6488
6970,3.6485
6971,3.6483
6972,3.6482
6973,3.648
6974,3.6478
6975,3.6477
6976,3.6475
6977,3.6474
6978,3.6472
6979,3.647
6980,3.6469
6981,3.6467
6982,3.6466
6983,3.6463
6984,3.6461
6985,3.6459
6986,3.6458
6987,3.6456
6988,3.6455
6989,3.6453
6990,3.6451
6991,3.645
6992,3.6448
6993,3.6447
6994,3.6445
6995,3.6443
6996,3.6442
6997,3.6439
6998,3.6437
6999,3.6436
7000,3.6434
7001,3.6432
7002,3.6431
7003,3.6429
7004,3.6428
7005,3.6426
7006,3.6424
7007,3.6423
7008,3.6421
7009,3.6418
7010,3.6416
7011,3.6415
7012,3.6413
7013,3.6412
7014,3.641
7015,3.6408
7016,3.6407
7017,3.6405
7018,3.6404
7019,3.6401
7020,3.6399
7021,3.6397
7022,3.6396
7023,3.6394
7024,3.6393
7025,3.6391
7026,3.6389
7027,3.6388
7028,3.6386
7029,3.6383
7030,3.6381
7031,3.638
7032,3.6378
7033,3.6377
7034,3.6375
7035,3.6374
7036,3.6372
7037,3.6369
7038,3.6367
7039,3.6366
7040,3.6364
7041,3.6362
7042,3.6361
7043,3.6359
7044,3.6358
7045,3.6356
7046,3.6353
7047,3.6351
7048,3.635
7049,3.6348
7050,3.6347
7051,3.6345
7052,3.6343
7053,3.6342
7054,3.6339
7055,3.6337
7056,3.6335
7057,3.6334
7058,3.6332
7059,3.6331
7060,3.6329
7061,3.6326
7062,3.6324
7063,3.6323
7064,3.6321
7065,3.632
7066,3.6318
7067,3.6315
7068,3.6313
7069,3.6312
7070,3.631
7071,3.6308
7072,3.6307
7073,3.6304
7074,3.6302
7075,3.63
7076,3.6299
7077,3.6297
7078,3.6296
7079,3.6292
7080,3.6291
7081,3.6289
7082,3.6288
7083,3.6286
7084,3.6283
7085,3.6281
7086,3.628
7087,3.6278
7088,3.6277
7089,3.6273
7090,3.6272
7091,3.627
7092,3.6269
7093,3.6265
7094,3.6264
7095,3.6262
7096,3.6261
7097,3.6259
7098,3.6256
7099,3.6254
7100,3.6253
7101,3.6251
7102,3.6248
7103,3.6246
7104,3.6245
7105,3.6243
7106,3.624
7107,3.6238
7108,3.6237
7109,3.6235
7110,3.6232
7111,3.6231
7112,3.6229
7113,3.6226
7114,3.6224
7115,3.6223
7116,3.6221
7117,3.6218
7118,3.6216
7119,3.6215
7120,3.6213
7121,3.621
7122,3.6208
7123,3.6205
7124,3.6203
7125,3.6202
7126,3.62
7127,3.6197
7128,3.6196
7129,3.6194
7130,3.6191
7131,3.6189
7132,3.6188
7133,3.6184
7134,3.6183
7135,3.618
7136,3.6178
7137,3.6176
7138,3.6173
7139,3.6172
7140,3.617
7141,3.6167
7142,3.6165
7143,3.6162
7144,3.6161
7145,3.6159
7146,3.6156
7147,3.6154
7148,3.6151
7149,3.6149
7150,3.6148
7151,3.6145
7152,3.6143
7153,3.614
7154,3.6138
7155,3.6135
7156,3.6134
7157,3.613
7158,3.6129
7159,3.6126
7160,3.6124
7161,3.6122
7162,3.6119
7163,3.6116
7164,3.6114
7165,3.6111
7166,3.611
7167,3.6107
7168,3.6105
7169,3.6102
7170,3.61
7171,3.6097
7172,3.6095
7173,3.6092
7174,3.6091
7175,3.6087
7176,3.6086
7177,3.6083
7178,3.608
7179,3.6078
7180,3.6075
7181,3.6073
7182,3.607
7183,3.6067
7184,3.6065
7185,3.6062
7186,3.6059
7187,3.6057
7188,3.6054
7189,3.6051
7190,3.6049
7191,3.6046
7192,3.6045
7193,3.6041
7194,3.6038
7195,3.6035
7196,3.6033
7197,3.603
7198,3.6027
7199,3.6024
7200,3.6022
7201,3.6019
7202,3.6016
7203,3.6013
7204,3.6011
7205,3.6008
7206,3.6005
7207,3.6002
7208,3.5998
7209,3.5997
7210,3.5994
7211,3.5991
7212,3.5987
7213,3.5984
7214,3.5983
7215,3.5978
7216,3.5976
7217,3.5973
7218,3.597
7219,3.5967
7220,3.5964
7221,3.596
7222,3.5957
7223,3.5954
7224,3.5951
7225,3.5948
7226,3.5944
7227,3.5941
7228,3.5938
7229,3.5935
7230,3.5932
7231,3.5929
7232,3.5925
7233,3.5922
7234,3.5919
7235,3.5916
7236,3.5913
7237,3.5909
7238,3.5906
7239,3.5903
7240,3.5898
7241,3.5895
7242,3.5892
7243,3.5889
7244,3.5886
7245,3.5882
7246,3.5879
7247,3.5875
7248,3.5871
7249,3.5868
7250,3.5865
7251,3.586
7252,3.5857
7253,3.5854
7254,3.5851
7255,3.5846
7256,3.5843
7257,3.584
7258,3.5835
7259,3.5832
7260,3.5828
7261,3.5824
7262,3.5821
7263,3.5817
7264,3.5813
7265,3.5809
7266,3.5805
7267,3.5801
7268,3.5797
7269,3.5793
7270,3.5789
7271,3.5786
7272,3.5781
7273,3.5778
7274,3.5773
7275,3.577
7276,3.5765
7277,3.5762
7278,3.5757
7279,3.5752
7280,3.5749
7281,3.5744
7282,3.5741
7283,3.5736
7284,3.5732
7285,3.5728
7286,3.5724
7287,3.5719
7288,3.5716
7289,3.5711
7290,3.5706
7291,3.5701
7292,3.5698
7293,3.5693
7294,3.5689
7295,3.5684
7296,3.5679
7297,3.5676
7298,3.5671
7299,3.5666
7300,3.5662
7301,3.5657
7302,3.5652
7303,3.5647
7304,3.5644
7305,3.5639
7306,3.5635
7307,3.563
7308,3.5625
7309,3.562
7310,3.5615
7311,3.5611
7312,3.5606
7313,3.5601
7314,3.5596
7315,3.5592
7316,3.5587
7317,3.5582
7318,3.5577
7319,3.5571
7320,3.5566
7321,3.5561
7322,3.5557
7323,3.5552
7324,3.5547
7325,3.5542
7326,3.5536
7327,3.5531
7328,3.5527
7329,3.5522
7330,3.5517
7331,3.5512
7332,3.5506
7333,3.5501
7334,3.5496
7335,3.5492
7336,3.5485
7337,3.548
7338,3.5476
7339,3.5469
7340,3.5465
7341,3.546
7342,3.5455
7343,3.5449
7344,3.5444
7345,3.5439
7346,3.5433
7347,3.5428
7348,3.5423
7349,3.5417
7350,3.5412
7351,3.5407
7352,3.5401
7353,3.5396
7354,3.5391
7355,3.5385
7356,3.538
7357,3.5374
7358,3.5369
7359,3.5364
7360,3.5358
7361,3.5353
7362,3.5347
7363,3.5342
7364,3.5337
7365,3.5331
7366,3.5326
7367,3.532
7368,3.5315
7369,3.5309
7370,3.5304
7371,3.5299
7372,3.5293
7373,3.5288
7374,3.5282
7375,3.5277
7376,3.5271
7377,3.5266
7378,3.526
7379,3.5255
7380,3.5248
7381,3.5244
7382,3.5237
7383,3.5233
7384,3.5228
7385,3.5221
7386,3.5217
7387,3.521
7388,3.5204
7389,3.5199
7390,3.5193
7391,3.5188
7392,3.5182
7393,3.5177
7394,3.5171
7395,3.5164
7396,3.5159
7397,3.5153
7398,3.5148
7399,3.5142
7400,3.5136
7401,3.5131
7402,3.5124
7403,3.5118
7404,3.5113
7405,3.5107
7406,3.5101
7407,3.5094
7408,3.5088
7409,3.5083
7410,3.5077
7411,3.507
7412,3.5064
7413,3.5058
7414,3.5051
7415,3.5047
7416,3.504
7417,3.5032
7418,3.5028
7419,3.502
7420,3.5013
7421,3.5007
7422,3.5
7423,3.4994
7424,3.4988
7425,3.4981
7426,3.4975
7427,3.4967
7428,3.4961
7429,3.4954
7430,3.4946
7431,3.494
7432,3.4932
7433,3.4926
7434,3.4919
7435,3.4911
7436,3.4904
7437,3.4897
7438,3.4889
7439,3.4881
7440,3.4875
7441,3.4867
7442,3.4859
7443,3.4851
7444,3.4843
7445,3.4835
7446,3.4827
7447,3.4819
7448,3.4811
7449,3.4803
7450,3.4795
7451,3.4788
7452,3.4778
7453,3.477
7454,3.4762
7455,3.4753
7456,3.4745
7457,3.4735
7458,3.4727
7459,3.4718
7460,3.4708
7461,3.4699
7462,3.4689
7463,3.4681
7464,3.4672
7465,3.4662
7466,3.4651
7467,3.4641
7468,3.4632
7469,3.4622
7470,3.4613
7471,3.4602
7472,3.4592
7473,3.4581
7474,3.457
7475,3.456
7476,3.4549
7477,3.4538
7478,3.4527
7479,3.4516
7480,3.4506
7481,3.4494
7482,3.4482
7483,3.4471
7484,3.446
7485,3.4447
7486,3.4436
7487,3.4424
7488,3.4413
7489,3.44
7490,3.4387
7491,3.4376
7492,3.4363
7493,3.4351
7494,3.4338
7495,3.4325
7496,3.4311
7497,3.4298
7498,3.4285
7499,3.4271
7500,3.4258
7501,3.4244
7502,3.4231
7503,3.4217
7504,3.4203
7505,3.4188
7506,3.4174
7507,3.416
7508,3.4146
7509,3.4131
7510,3.4115
7511,3.4101
7512,3.4087
7513,3.4071
7514,3.4055
7515,3.4039
7516,3.4025
7517,3.4009
7518,3.3993
7519,3.3977
7520,3.3961
7521,3.3944
7522,3.3928
7523,3.3912
7524,3.3894
7525,3.3877
7526,3.3861
7527,3.3844
7528,3.3826
7529,3.3809
7530,3.3791
7531,3.3774
7532,3.3756
7533,3.3737
7534,3.372
7535,3.3701
7536,3.3683
7537,3.3664
7538,3.3645
7539,3.3626
7540,3.3607
7541,3.3588
7542,3.3569
7543,3.355
7544,3.3529
7545,3.351
7546,3.3489
7547,3.347
7548,3.3449
7549,3.3429
7550,3.3408
7551,3.3387
7552,3.3365
7553,3.3345
7554,3.3322
7555,3.33
7556,3.3279
7557,3.3257
7558,3.3235
7559,3.3213
7560,3.319
7561,3.3167
7562,3.3144
7563,3.3121
7564,3.3098
7565,3.3074
7566,3.3051
7567,3.3027
7568,3.3003
7569,3.2977
7570,3.2954
7571,3.2928
7572,3.2903
7573,3.2877
7574,3.2852
7575,3.2827
7576,3.2801
7577,3.2774
7578,3.2749
7579,3.2722
7580,3.2695
7581,3.2668
7582,3.2641
7583,3.2612
7584,3.2585
7585,3.2556
7586,3.2528
7587,3.2499
7588,3.2471
7589,3.244
7590,3.241
7591,3.2382
7592,3.2351
7593,3.2321
7594,3.2289
7595,3.2259
7596,3.2227
7597,3.2196
7598,3.2164
7599,3.2132
7600,3.2099
7601,3.2065
7602,3.2034
7603,3.1999
7604,3.1965
7605,3.1932
7606,3.1897
7607,3.1862
7608,3.1827
7609,3.179
7610,3.1755
7611,3.1719
7612,3.1682
7613,3.1644
7614,3.1608
7615,3.1569
7616,3.1531
7617,3.1493
7618,3.1453
7619,3.1414
7620,3.1374
7621,3.1334
7622,3.1293
7623,3.1252
7624,3.121
7625,3.1169
7626,3.1126
7627,3.1083
7628,3.104
7629,3.0996
7630,3.0951
7631,3.0907
7632,3.0861
7633,3.0816
7634,3.077
7635,3.0722
7636,3.0675
7637,3.0627
7638,3.0579
7639,3.053
7640,3.0481
7641,3.043
7642,3.0381
7643,3.0328
7644,3.0277
7645,3.0225
7646,3.0173
7647,3.0119
7648,3.0065
7649,3.0009
7650,2.9953
7651,2.9898
7652,2.984
7653,2.9783
7654,2.9724
7655,2.9666
7656,2.9607
7657,2.9546
7658,2.9484
7659,2.9422
7660,2.936
7661,2.9297
7662,2.9232
7663,2.9167
7664,2.9101
7665,2.9035
7666,2.8966
7667,2.8898
7668,2.8828
7669,2.8758
7670,2.8687
7671,2.8614
7672,2.854
7673,2.8466
7674,2.839
7675,2.8313
7676,2.8237
7677,2.8157
7678,2.8078
7679,2.7997
7680,2.7916
7681,2.7832
7682,2.7749
7683,2.7663
7684,2.7577
7685,2.749
7686,2.7401
7687,2.731
7688,2.722
7689,2.7128
7690,2.7036
7691,2.6942
7692,2.6846
7693,2.6749
7694,2.6653
7695,2.6552
7696,2.6454
7697,2.6354
7698,2.625
7699,2.6147
7700,2.6044
7701,2.5939
7702,2.5833
7703,2.5724
7704,2.5616
7705,2.5507
7706,2.5395
7707,2.5283
7708,2.517
7709,2.5055
7710,2.5
7711,2.5194
7712,2.6212
7713,2.7244
7714,2.8266
7715,2.885
7716,2.9852
7717,3.0648
7718,3.1649
7719,3.1741
7720,3.2509
7721,3.3097
7722,3.3543
7723,3.3877
7724,3.4118
7725,3.4289
7726,3.4408
7727,3.449
7728,3.4552
7729,3.4598
7730,3.4635
7731,3.4665
7732,3.4691
7733,3.4713
7734,3.4732
7735,3.4749
7736,3.4764
7737,3.4778
7738,3.4791
7739,3.4802
7740,3.4811
7741,3.4821
7742,3.483
7743,3.4838
7744,3.4846
7745,3.4854
7746,3.4862
7747,3.4869
7748,3.4875
7749,3.4881
7750,3.4886
7751,3.4892
7752,3.4897
7753,3.4902
7754,3.4907
7755,3.4911
7756,3.4916
7757,3.4921
7758,3.4924
7759,3.4929
7760,3.4932
7761,3.4937
7762,3.494
7763,3.4943
7764,3.4948
7765,3.4951
7766,3.4954
7767,3.4958
7768,3.4961
7769,3.4964
7770,3.4966
7771,3.4969
7772,3.4972
7773,3.4975
7774,3.4977
7775,3.498
7776,3.4983
7777,3.4985
7778,3.4988
7779,3.4989
7780,3.4993
7781,3.4994
7782,3.4997
7783,3.4999
7784,3.5
7785,3.5004
7786,3.5005
7787,3.5007
7788,3.501
7789,3.5012
7790,3.5013
7791,3.5015
7792,3.5016
7793,3.502
7794,3.5021
7795,3.5023
7796,3.5024
7797,3.5026
7798,3.5028
7799,3.5029
7800,3.5031
7801,3.5032
7802,3.5034
7803,3.5035
7804,3.5037
7805,3.5039
7806,3.504
7807,3.5042
7808,3.5043
7809,3.5045
7810,3.5047
7811,3.5048
7812,3.505
7813,3.505
7814,3.5051
7815,3.5053
7816,3.5055
7817,3.5056
7818,3.5056
7819,3.5058
7820,3.5059
7821,3.5061
7822,3.5062
7823,3.5062
7824,3.5064
7825,3.5066
7826,3.5067
7827,3.5067
7828,3.5069
7829,3.507
7830,3.5072
7831,3.5072
7832,3.5074
7833,3.5074
7834,3.5075
7835,3.5077
7836,3.5078
7837,3.5078
7838,3.508
7839,3.5082
7840,3.5082
7841,3.5083
7842,3.5083
7843,3.5085
7844,3.5086
7845,3.5086
7846,3.5088
7847,3.5088
7848,3.5089
7849,3.5091
7850,3.5091
7851,3.5093
7852,3.5093
7853,3.5094
7854,3.5094
7855,3.5096
7856,3.5096
7857,3.5097
7858,3.5099
7859,3.5099
7860,3.5101
7861,3.5101
7862,3.5102
7863,3.5102
7864,3.5104
7865,3.5104
7866,3.5105
7867,3.5105
7868,3.5107
7869,3.5107
7870,3.5109
7871,3.5109
7872,3.5109
7873,3.511
7874,3.511
7875,3.5112
7876,3.5112
7877,3.5113
7878,3.5113
7879,3.5113
7880,3.5115
7881,3.5115
7882,3.5116
7883,3.5116
7884,3.5118
7885,3.5118
7886,3.5118
7887,3.512
7888,3.512
7889,3.5121
7890,3.5121
7891,3.5121
7892,3.5123
7893,3.5123
7894,3.5124
7895,3.5124
7896,3.5126
7897,3.5201
7898,3.5579
7899,3.5619
7900,3.5643
7901,3.566
7902,3.5675
7903,3.5686
7904,3.5695
7905,3.5705
7906,3.5713
7907,3.5719
7908,3.5726
7909,3.5732
7910,3.5738
7911,3.5745
7912,3.5749
7913,3.5754
7914,3.5759
7915,3.5764
7916,3.5769
7917,3.5773
7918,3.5778
7919,3.5783
7920,3.5786
7921,3.5791
7922,3.5794
7923,3.5799
7924,3.5802
7925,3.5805
7926,3.581
7927,3.5813
7928,3.5816
7929,3.5819
7930,3.5824
7931,3.5827
7932,3.583
7933,3.5834
7934,3.5837
7935,3.584
7936,3.5843
7937,3.5846
7938,3.585
7939,3.5851
7940,3.5854
7941,3.5857
7942,3.5861
7943,3.5864
7944,3.5867
7945,3.587
7946,3.5872
7947,3.5875
7948,3.5878
7949,3.588
7950,3.5883
7951,3.5886
7952,3.5888
7953,3.5891
7954,3.5894
7955,3.5896
7956,3.5899
7957,3.5902
7958,3.5904
7959,3.5907
7960,3.5908
7961,3.5911
7962,3.5913
7963,3.5916
7964,3.5918
7965,3.5921
7966,3.5923
7967,3.5926
7968,3.5927
7969,3.5931
7970,3.5932
7971,3.5934
7972,3.5937
7973,3.5938
7974,3.5942
7975,3.5943
7976,3.5945
7977,3.5948
7978,3.595
7979,3.5951
7980,3.5954
7981,3.5956
7982,3.5958
7983,3.5959
7984,3.5962
7985,3.5964
7986,3.5966
7987,3.5969
7988,3.597
7989,3.5972
7990,3.5973
7991,3.5977
7992,3.5978
7993,3.598
7994,3.5981
7995,3.5983
7996,3.5986
7997,3.5988
7998,3.5989
7999,3.5991
8000,3.5993
8001,3.5994
8002,3.5996
8003,3.5999
8004,3.6
8005,3.6002
8006,3.6004
8007,3.6005
8008,3.6007
8009,3.6008
8010,3.601
8011,3.6013
8012,3.6013
8013,3.6016
8014,3.6018
8015,3.602
8016,3.6021
8017,3.6023
8018,3.6024
8019,3.6026
8020,3.6027
8021,3.6029
8022,3.6031
8023,3.6032
8024,3.6034
8025,3.6035
8026,3.6037
8027,3.6039
8028,3.604
8029,3.6042
8030,3.6043
8031,3.6045
8032,3.6047
8033,3.6048
8034,3.605
8035,3.6051
8036,3.6053
8037,3.6054
8038,3.6056
8039,3.6058
8040,3.6059
8041,3.6061
8042,3.6062
8043,3.6064
8044,3.6066
8045,3.6067
8046,3.6067
8047,3.6069
8048,3.607
8049,3.6072
8050,3.6074
8051,3.6075
8052,3.6077
8053,3.6078
8054,3.608
8055,3.6081
8056,3.6083
8057,3.6085
8058,3.6085
8059,3.6086
8060,3.6088
8061,3.6089
8062,3.6091
8063,3.6093
8064,3.6094
8065,3.6096
8066,3.6096
8067,3.6097
8068,3.6099
8069,3.6101
8070,3.6102
8071,3.6104
8072,3.6105
8073,3.6107
8074,3.6107
8075,3.6108
8076,3.611
8077,3.6112
8078,3.6113
8079,3.6115
8080,3.6116
8081,3.6116
8082,3.6118
8083,3.612
8084,3.6121
8085,3.6123
8086,3.6124
8087,3.6126
8088,3.6126
8089,3.6128
8090,3.6129
8091,3.6131
8092,3.6132
8093,3.6134
8094,3.6134
8095,3.6135
8096,3.6137
8097,3.6139
8098,3.614
8099,3.6142
8100,3.6143
8101,3.6143
8102,3.6145
8103,3.6147
8104,3.6148
8105,3.6148
8106,3.615
8107,3.6151
8108,3.6153
8109,3.6155
8110,3.6156
8111,3.6158
8112,3.6158
8113,3.6159
8114,3.6161
8115,3.6163
8116,3.6164
8117,3.6164
8118,3.6166
8119,3.6167
8120,3.6169
8121,3.617
8122,3.617
8123,3.6172
8124,3.6174
8125,3.6175
8126,3.6177
8127,3.6177
8128,3.6178
8129,3.618
8130,3.6182
8131,3.6183
8132,3.6183
8133,3.6185
8134,3.6186
8135,3.6188
8136,3.6188
8137,3.619
8138,3.6191
8139,3.6193
8140,3.6194
8141,3.6196
8142,3.6196
8143,3.6197
8144,3.6199
8145,3.6201
8146,3.6201
8147,3.6202
8148,3.6204
8149,3.6205
8150,3.6207
8151,3.6207
8152,3.6209
8153,3.621
8154,3.6212
8155,3.6213
8156,3.6213
8157,3.6215
8158,3.6217
8159,3.6218
8160,3.622
8161,3.622
8162,3.6221
8163,3.6223
8164,3.6224
8165,3.6226
8166,3.6226
8167,3.6228
8168,3.6229
8169,3.6231
8170,3.6231
8171,3.6232
8172,3.6234
8173,3.6236
8174,3.6237
8175,3.6237
8176,3.6239
8177,3.624
8178,3.6242
8179,3.6242
8180,3.6244
8181,3.6245
8182,3.6247
8183,3.6248
8184,3.6248
8185,3.625
8186,3.6251
8187,3.6253
8188,3.6255
8189,3.6255
8190,3.6256
8191,3.6258
8192,3.6259
8193,3.6259
8194,3.6261
8195,3.6263
8196,3.6264
8197,3.6264
8198,3.6266
8199,3.6267
8200,3.6269
8201,3.6271
8202,3.6271
8203,3.6272
8204,3.6274
8205,3.6275
8206,3.6277
8207,3.6277
8208,3.6278
8209,3.628
8210,3.6282
8211,3.6282
8212,3.6283
8213,3.6285
8214,3.6286
8215,3.6286
8216,3.6288
8217,3.629
8218,3.6291
8219,3.6293
8220,3.6293
8221,3.6294
8222,3.6296
8223,3.6298
8224,3.6298
8225,3.6299
8226,3.6301
8227,3.6302
8228,3.6302
8229,3.6304
8230,3.6305
8231,3.6307
8232,3.6309
8233,3.6309
8234,3.631
8235,3.6312
8236,3.6313
8237,3.6313
8238,3.6315
8239,3.6317
8240,3.6318
8241,3.632
8242,3.632
8243,3.6321
8244,3.6323
8245,3.6325
8246,3.6325
8247,3.6326
8248,3.6328
8249,3.6329
8250,3.6329
8251,3.6331
8252,3.6332
8253,3.6334
8254,3.6334
8255,3.6336
8256,3.6337
8257,3.6339
8258,3.634
8259,3.634
8260,3.6342
8261,3.6344
8262,3.6345
8263,3.6347
8264,3.6347
8265,3.6348
8266,3.635
8267,3.635
8268,3.6352
8269,3.6353
8270,3.6355
8271,3.6356
8272,3.6356
8273,3.6358
8274,3.636
8275,3.6361
8276,3.6361
8277,3.6363
8278,3.6364
8279,3.6366
8280,3.6367
8281,3.6367
8282,3.6369
8283,3.6371
8284,3.6371
8285,3.6372
8286,3.6374
8287,3.6375
8288,3.6377
8289,3.6377
8290,3.6379
8291,3.638
8292,3.6382
8293,3.6383
8294,3.6383
8295,3.6385
8296,3.6387
8297,3.6387
8298,3.6388
8299,3.639
8300,3.6391
8301,3.6391
8302,3.6393
8303,3.6394
8304,3.6396
8305,3.6398
8306,3.6398
8307,3.6399
8308,3.6401
8309,3.6402
8310,3.6402
8311,3.6404
8312,3.6406
8313,3.6407
8314,3.6407
8315,3.6409
8316,3.641
8317,3.6412
8318,3.6412
8319,3.6414
8320,3.6415
8321,3.6417
8322,3.6417
8323,3.6418
8324,3.642
8325,3.6421
8326,3.6421
8327,3.6423
8328,3.6425
8329,3.6426
8330,3.6426
8331,3.6428
8332,3.6429
8333,3.6431
8334,3.6433
8335,3.6433
8336,3.6434
8337,3.6436
8338,3.6436
8339,3.6437
8340,3.6439
8341,3.6441
8342,3.6442
8343,3.6442
8344,3.6444
8345,3.6445
8346,3.6445
8347,3.6447
8348,3.6448
8349,3.645
8350,3.6452
8351,3.6452
8352,3.6453
8353,3.6455
8354,3.6456
8355,3.6456
8356,3.6458
8357,3.646
8358,3.6461
8359,3.6461
8360,3.6463
8361,3.6464
8362,3.6466
8363,3.6466
8364,3.6468
8365,3.6469
8366,3.6471
8367,3.6471
8368,3.6472
8369,3.6474
8370,3.6475
8371,3.6475
8372,3.6477
8373,3.6479
8374,3.648
8375,3.648
8376,3.6482
8377,3.6483
8378,3.6483
8379,3.6485
8380,3.6487
8381,3.6488
8382,3.6488
8383,3.649
8384,3.6491
8385,3.6493
8386,3.6493
8387,3.6495
8388,3.6496
8389,3.6498
8390,3.6498
8391,3.6499
8392,3.6501
8393,3.6502
8394,3.6502
8395,3.6504
8396,3.6506
8397,3.6506
8398,3.6507
8399,3.6509
8400,3.651
8401,3.6512
8402,3.6512
8403,3.6514
8404,3.6515
8405,3.6517
8406,3.6517
8407,3.6518
8408,3.652
8409,3.6522
8410,3.6522
8411,3.6523
8412,3.6525
8413,3.6526
8414,3.6526
8415,3.6528
8416,3.6529
8417,3.6529
8418,3.6531
8419,3.6533
8420,3.6534
8421,3.6534
8422,3.6536
8423,3.6537
8424,3.6539
8425,3.6539
8426,3.6541
8427,3.6542
8428,3.6544
8429,3.6544
8430,3.6545
8431,3.6547
8432,3.6547
8433,3.6549
8434,3.655
8435,3.6552
8436,3.6552
8437,3.6553
8438,3.6555
8439,3.6557
8440,3.6557
8441,3.6558
8442,3.656
8443,3.6561
8444,3.6561
8445,3.6563
8446,3.6564
8447,3.6566
8448,3.6566
8449,3.6568
8450,3.6569
8451,3.6569
8452,3.6571
8453,3.6572
8454,3.6574
8455,3.6574
8456,3.6576
8457,3.6577
8458,3.6579
8459,3.6579
8460,3.658
8461,3.6582
8462,3.6584
8463,3.6584
8464,3.6585
8465,3.6587
8466,3.6587
8467,3.6588
8468,3.659
8469,3.6591
8470,3.6591
8471,3.6593
8472,3.6595
8473,3.6596
8474,3.6596
8475,3.6598
8476,3.6599
8477,3.6599
8478,3.6601
8479,3.6603
8480,3.6604
8481,3.6604
8482,3.6606
8483,3.6607
8484,3.6609
8485,3.6609
8486,3.6611
8487,3.6612
8488,3.6612
8489,3.6614
8490,3.6615
8491,3.6617
8492,3.6617
8493,3.6618
8494,3.662
8495,3.6622
8496,3.6622
8497,3.6623
8498,3.6625
8499,3.6625
8500,3.6626
8501,3.6628
8502,3.663
8503,3.663
8504,3.6631
8505,3.6633
8506,3.6633
8507,3.6634
8508,3.6636
8509,3.6638
8510,3.6638
8511,3.6639
8512,3.6641
8513,3.6642
8514,3.6642
8515,3.6644
8516,3.6645
8517,3.6645
8518,3.6647
8519,3.6649
8520,3.665
8521,3.665
8522,3.6652
8523,3.6653
8524,3.6655
8525,3.6655
8526,3.6657
8527,3.6658
8528,3.6658
8529,3.666
8530,3.6661
8531,3.6663
8532,3.6663
8533,3.6665
8534,3.6666
8535,3.6666
8536,3.6668
8537,3.6669
8538,3.6671
8539,3.6671
8540,3.6672
8541,3.6674
8542,3.6676
8543,3.6676
8544,3.6677
8545,3.6679
8546,3.6679
8547,3.668
8548,3.6682
8549,3.6684
8550,3.6684
8551,3.6685
8552,3.6687
8553,3.6688
8554,3.6688
8555,3.669
8556,3.6692
8557,3.6692
8558,3.6693
8559,3.6695
8560,3.6696
8561,3.6696
8562,3.6698
8563,3.6699
8564,3.6699
8565,3.6701
8566,3.6703
8567,3.6704
8568,3.6704
8569,3.6706
8570,3.6707
8571,3.6709
8572,3.6709
8573,3.6711
8574,3.6712
8575,3.6712
8576,3.6714
8577,3.6715
8578,3.6717
8579,3.6717
8580,3.6719
8581,3.672
8582,3.672
8583,3.6722
8584,3.6723
8585,3.6725
8586,3.6725
8587,3.6726
8588,3.6728
8589,3.673
8590,3.673
8591,3.6731
8592,3.6733
8593,3.6733
8594,3.6734
8595,3.6736
8596,3.6738
8597,3.6738
8598,3.6739
8599,3.6741
8600,3.6742
8601,3.6742
8602,3.6744
8603,3.6746
8604,3.6746
8605,3.6747
8606,3.6749
8607,3.675
8608,3.675
8609,3.6752
8610,3.6754
8611,3.6755
8612,3.6755
8613,3.6757
8614,3.6758
8615,3.676
8616,3.676
8617,3.6761
8618,3.6763
8619,3.6765
8620,3.6765
8621,3.6766
8622,3.6768
8623,3.6768
8624,3.6769
8625,3.6771
8626,3.6773
8627,3.6773
8628,3.6774
8629,3.6776
8630,3.6777
8631,3.6777
8632,3.6779
8633,3.6781
8634,3.6782
8635,3.6782
8636,3.6784
8637,3.6785
8638,3.6785
8639,3.6787
8640,3.6788
8641,3.679
8642,3.6792
8643,3.6792
8644,3.6793
8645,3.6795
8646,3.6796
8647,3.6796
8648,3.6798
8649,3.68
8650,3.6801
8651,3.6801
8652,3.6803
8653,3.6804
8654,3.6806
8655,3.6806
8656,3.6808
8657,3.6809
8658,3.6811
8659,3.6811
8660,3.6812
8661,3.6814
8662,3.6815
8663,3.6815
8664,3.6817
8665,3.6819
8666,3.682
8667,3.682
8668,3.6822
8669,3.6823
8670,3.6825
8671,3.6825
8672,3.6827
8673,3.6828
8674,3.683
8675,3.6831
8676,3.6831
8677,3.6833
8678,3.6835
8679,3.6836
8680,3.6838
8681,3.6838
8682,3.6839
8683,3.6841
8684,3.6842
8685,3.6842
8686,3.6844
8687,3.6846
8688,3.6847
8689,3.6849
8690,3.6849
8691,3.685
8692,3.6852
8693,3.6854
8694,3.6854
8695,3.6855
8696,3.6857
8697,3.6858
8698,3.686
8699,3.686
8700,3.6862
8701,3.6863
8702,3.6865
8703,3.6866
8704,3.6866
8705,3.6868
8706,3.6869
8707,3.6871
8708,3.6871
8709,3.6873
8710,3.6874
8711,3.6876
8712,3.6877
8713,3.6877
8714,3.6879
8715,3.6881
8716,3.6882
8717,3.6884
8718,3.6885
8719,3.6885
8720,3.6887
8721,3.6889
8722,3.689
8723,3.6892
8724,3.6892
8725,3.6893
8726,3.6895
8727,3.6896
8728,3.6898
8729,3.69
8730,3.69
8731,3.6901
8732,3.6903
8733,3.6904
8734,3.6906
8735,3.6908
8736,3.6908
8737,3.6909
8738,3.6911
8739,3.6912
8740,3.6914
8741,3.6914
8742,3.6916
8743,3.6917
8744,3.6919
8745,3.692
8746,3.6922
8747,3.6922
8748,3.6923
8749,3.6925
8750,3.6927
8751,3.6928
8752,3.693
8753,3.693
8754,3.6931
8755,3.6933
8756,3.6935
8757,3.6936
8758,3.6938
8759,3.6939
8760,3.6941
8761,3.6941
8762,3.6943
8763,3.6944
8764,3.6946
8765,3.6947
8766,3.6949
8767,3.695
8768,3.695
8769,3.6952
8770,3.6954
8771,3.6955
8772,3.6957
8773,3.6958
8774,3.696
8775,3.6962
8776,3.6962
8777,3.6963
8778,3.6965
8779,3.6966
8780,3.6968
8781,3.697
8782,3.6971
8783,3.6973
8784,3.6974
8785,3.6974
8786,3.6976
8787,3.6978
8788,3.6979
8789,3.6981
8790,3.6982
8791,3.6984
8792,3.6985
8793,3.6985
8794,3.6987
8795,3.6989
8796,3.699
8797,3.6992
8798,3.6993
8799,3.6995
8800,3.6997
8801,3.6998
8802,3.7
8803,3.7001
8804,3.7001
8805,3.7003
8806,3.7005
8807,3.7006
8808,3.7008
8809,3.7009
8810,3.7011
8811,3.7012
8812,3.7014
8813,3.7016
8814,3.7017
8815,3.7017
8816,3.7019
8817,3.702
8818,3.7022
8819,3.7024
8820,3.7025
8821,3.7027
8822,3.7028
8823,3.703
8824,3.7032
8825,3.7033
8826,3.7035
8827,3.7036
8828,3.7038
8829,3.7038
8830,3.7041
8831,3.7041
8832,3.7043
8833,3.7044
8834,3.7046
8835,3.7047
8836,3.7049
8837,3.7051
8838,3.7052
8839,3.7054
8840,3.7055
8841,3.7057
8842,3.7059
8843,3.706
8844,3.7062
8845,3.7063
8846,3.7065
8847,3.7066
8848,3.7068
8849,3.707
8850,3.707
8851,3.7073
8852,3.7073
8853,3.7074
8854,3.7076
8855,3.7078
8856,3.7079
8857,3.7081
8858,3.7082
8859,3.7084
8860,3.7086
8861,3.7087
8862,3.7089
8863,3.709
8864,3.7092
8865,3.7093
8866,3.7093
8867,3.7095
8868,3.7093
8869,3.7092
8870,3.7092
8871,3.7092
8872,3.7093
8873,3.7093
8874,3.7093
8875,3.7092
8876,3.7092
8877,3.7093
8878,3.7093
8879,3.7092
8880,3.7092
8881,3.7092
8882,3.7092
8883,3.7093
8884,3.7093
8885,3.7092
8886,3.7092
8887,3.7092
8888,3.7092
8889,3.7092
8890,3.7092
8891,3.7092
8892,3.7092
8893,3.7093
8894,3.7092
8895,3.7092
8896,3.7093
8897,3.7092
8898,3.7092
8899,3.7092
8900,3.7073
8901,3.7065
8902,3.7062
8903,3.706
8904,3.7058
8905,3.7057
8906,3.7057
8907,3.7055
8908,3.7054
8909,3.7054
8910,3.7054
8911,3.7052
8912,3.7052
8913,3.7052
8914,3.7051
8915,3.7051
8916,3.7051
8917,3.7051
8918,3.7049
8919,3.7049
8920,3.7049
8921,3.7049
8922,3.7047
8923,3.7047
8924,3.7047
8925,3.7047
8926,3.7047
8927,3.7047
8928,3.7047
8929,3.7047
8930,3.7046
8931,3.7046
8932,3.7046
8933,3.7046
8934,3.7046
8935,3.7046
8936,3.7046
8937,3.7046
8938,3.7044
8939,3.7044
8940,3.7044
8941,3.7044
8942,3.7044
8943,3.7044
8944,3.7044
8945,3.7044
8946,3.7044
8947,3.7044
8948,3.7043
8949,3.7043
8950,3.7043
8951,3.7043
8952,3.7043
8953,3.7043
8954,3.7043
8955,3.7043
8956,3.7043
8957,3.7043
8958,3.7043
8959,3.7043
8960,3.7043
8961,3.7041
8962,3.7043
8963,3.7043
8964,3.7041
8965,3.7041
8966,3.7041
8967,3.7041
8968,3.7041
8969,3.7041
8970,3.7041
8971,3.7041
8972,3.7041
8973,3.7041
8974,3.7041
8975,3.7041
8976,3.7041
8977,3.7041
8978,3.7041
8979,3.7041
8980,3.7041
8981,3.7041
8982,3.7041
8983,3.7041
8984,3.7041
8985,3.7041
8986,3.7041
8987,3.7039
8988,3.7039
8989,3.7041
8990,3.7041
8991,3.7039
8992,3.7039
8993,3.7039
8994,3.7039
8995,3.7039
8996,3.7039
8997,3.7039
8998,3.7039
8999,3.7039
9000,3.7039
9001,3.7039
9002,3.7039
9003,3.7039
9004,3.7039
9005,3.7039
9006,3.7039
9007,3.7039
9008,3.7039
9009,3.7039
9010,3.7039
9011,3.7039
9012,3.7039
9013,3.7039
9014,3.7039
9015,3.7039
9016,3.7039
9017,3.7039
9018,3.7039
9019,3.7039
9020,3.7039
9021,3.7039
9022,3.7039
9023,3.7039
9024,3.7039
9025,3.7039
9026,3.7039
9027,3.7039
9028,3.7039
9029,3.7039
9030,3.7038
9031,3.7038
9032,3.7038
9033,3.7039
9034,3.7038
9035,3.7038
9036,3.7038
9037,3.7038
9038,3.7038
9039,3.7038
9040,3.7038
9041,3.7038
9042,3.7038
9043,3.7038
9044,3.7038
9045,3.7038
9046,3.7038
9047,3.7038
9048,3.7038
9049,3.7038
9050,3.7038
9051,3.7038
9052,3.7038
9053,3.7038
9054,3.7038
9055,3.7038
9056,3.7038
9057,3.7038
9058,3.7038
9059,3.7038
9060,3.7038
9061,3.7038
9062,3.7038
9063,3.7038
9064,3.7038
9065,3.7038
9066,3.7038
9067,3.7038
9068,3.7038
9069,3.7038
9070,3.7038
9071,3.7038
9072,3.7038
9073,3.7038
9074,3.7038
9075,3.7038
9076,3.7038
9077,3.7038
9078,3.7038
9079,3.7038
9080,3.7038
