,voltage
0,3.4207
1,3.4207
2,3.4207
3,3.4207
4,3.4207
5,3.4207
6,3.4207
7,3.4207
8,3.4207
9,3.4207
10,3.4207
11,3.4207
12,3.4207
13,3.4207
14,3.4207
15,3.4207
16,3.4207
17,3.4207
18,3.4207
19,3.4207
20,3.4207
21,3.4207
22,3.4207
23,3.4207
24,3.4207
25,3.4207
26,3.4207
27,3.4207
28,3.4207
29,3.4207
30,3.4207
31,3.4207
32,3.4207
33,3.4207
34,3.4207
35,3.4207
36,3.4207
37,3.4207
38,3.4207
39,3.4207
40,3.4207
41,3.4207
42,3.4207
43,3.4207
44,3.4207
45,3.4207
46,3.4207
47,3.4207
48,3.4207
49,3.4207
50,3.4205
51,3.4207
52,3.4207
53,3.4207
54,3.4207
55,3.4207
56,3.4207
57,3.4207
58,3.4207
59,3.4207
60,3.4207
61,3.5708
62,3.6588
63,3.6521
64,3.648
65,3.645
66,3.6429
67,3.6412
68,3.6398
69,3.6388
70,3.6378
71,3.6371
72,3.6364
73,3.6359
74,3.6355
75,3.6351
76,3.6348
77,3.6345
78,3.6344
79,3.6342
80,3.634
81,3.6339
82,3.6339
83,3.6339
84,3.6339
85,3.6339
86,3.6339
87,3.634
88,3.634
89,3.634
90,3.6342
91,3.6344
92,3.6345
93,3.6345
94,3.6347
95,3.6348
96,3.635
97,3.6351
98,3.6353
99,3.6355
100,3.6356
101,3.6359
102,3.6361
103,3.6363
104,3.6364
105,3.6367
106,3.6369
107,3.6371
108,3.6374
109,3.6375
110,3.6378
111,3.638
112,3.6382
113,3.6385
114,3.6386
115,3.639
116,3.6391
117,3.6393
118,3.6396
119,3.6398
120,3.6401
121,3.6402
122,3.6404
123,3.6407
124,3.6409
125,3.6412
126,3.6413
127,3.6415
128,3.6418
129,3.642
130,3.6423
131,3.6425
132,3.6426
133,3.6429
134,3.6431
135,3.6432
136,3.6436
137,3.6437
138,3.6439
139,3.6442
140,3.6444
141,3.6445
142,3.6448
143,3.645
144,3.6452
145,3.6455
146,3.6456
147,3.6458
148,3.6459
149,3.6461
150,3.6464
151,3.6466
152,3.6467
153,3.6469
154,3.6472
155,3.6474
156,3.6475
157,3.6477
158,3.6479
159,3.648
160,3.6482
161,3.6485
162,3.6486
163,3.6488
164,3.649
165,3.6491
166,3.6493
167,3.6494
168,3.6496
169,3.6498
170,3.6501
171,3.6502
172,3.6504
173,3.6506
174,3.6507
175,3.6509
176,3.651
177,3.6512
178,3.6513
179,3.6515
180,3.6517
181,3.6518
182,3.6518
183,3.6521
184,3.6521
185,3.6523
186,3.6525
187,3.6526
188,3.6528
189,3.6529
190,3.6531
191,3.6533
192,3.6534
193,3.6536
194,3.6537
195,3.6537
196,3.6539
197,3.654
198,3.6542
199,3.6544
200,3.6545
201,3.6547
202,3.6547
203,3.6548
204,3.655
205,3.6552
206,3.6553
207,3.6553
208,3.6555
209,3.6556
210,3.6558
211,3.656
212,3.656
213,3.6561
214,3.6563
215,3.6564
216,3.6564
217,3.6566
218,3.6568
219,3.6569
220,3.6569
221,3.6571
222,3.6572
223,3.6574
224,3.6574
225,3.6575
226,3.6577
227,3.6577
228,3.6579
229,3.658
230,3.658
231,3.6582
232,3.6583
233,3.6583
234,3.6585
235,3.6587
236,3.6587
237,3.6588
238,3.659
239,3.659
240,3.6591
241,3.6593
242,3.6593
243,3.6595
244,3.6595
245,3.6596
246,3.6598
247,3.6598
248,3.6599
249,3.6601
250,3.6601
251,3.6602
252,3.6602
253,3.6604
254,3.6606
255,3.6606
256,3.6607
257,3.6607
258,3.6609
259,3.661
260,3.661
261,3.6612
262,3.6612
263,3.6614
264,3.6614
265,3.6615
266,3.6615
267,3.6617
268,3.6617
269,3.6618
270,3.662
271,3.662
272,3.6622
273,3.6622
274,3.6623
275,3.6623
276,3.6625
277,3.6625
278,3.6626
279,3.6626
280,3.6628
281,3.6628
282,3.6629
283,3.6631
284,3.6631
285,3.6631
286,3.6633
287,3.6634
288,3.6634
289,3.6636
290,3.6636
291,3.6637
292,3.6637
293,3.6639
294,3.6639
295,3.6641
296,3.6641
297,3.6641
298,3.6642
299,3.6642
300,3.6644
301,3.6644
302,3.6645
303,3.6645
304,3.6647
305,3.6647
306,3.6649
307,3.6649
308,3.665
309,3.665
310,3.6652
311,3.6652
312,3.6653
313,3.6653
314,3.6655
315,3.6655
316,3.6656
317,3.6656
318,3.6656
319,3.6658
320,3.6658
321,3.666
322,3.666
323,3.6661
324,3.6661
325,3.6663
326,3.6663
327,3.6664
328,3.6664
329,3.6666
330,3.6666
331,3.6666
332,3.6668
333,3.6668
334,3.6669
335,3.6669
336,3.6671
337,3.6671
338,3.6671
339,3.6672
340,3.6672
341,3.6674
342,3.6674
343,3.6676
344,3.6676
345,3.6677
346,3.6677
347,3.6677
348,3.6679
349,3.6679
350,3.668
351,3.668
352,3.6682
353,3.6682
354,3.6683
355,3.6683
356,3.6683
357,3.6685
358,3.6685
359,3.6687
360,3.6687
361,3.6687
362,3.6688
363,3.6688
364,3.669
365,3.669
366,3.669
367,3.6691
368,3.6691
369,3.6693
370,3.6693
371,3.6695
372,3.6695
373,3.6695
374,3.6696
375,3.6696
376,3.6698
377,3.6698
378,3.6698
379,3.6699
380,3.6699
381,3.6701
382,3.6701
383,3.6701
384,3.6703
385,3.6703
386,3.6704
387,3.6704
388,3.6706
389,3.6706
390,3.6706
391,3.6707
392,3.6707
393,3.6707
394,3.6709
395,3.6709
396,3.671
397,3.671
398,3.671
399,3.6712
400,3.6712
401,3.6714
402,3.6714
403,3.6715
404,3.6715
405,3.6715
406,3.6717
407,3.6717
408,3.6718
409,3.6718
410,3.6718
411,3.672
412,3.672
413,3.6722
414,3.6722
415,3.6722
416,3.6723
417,3.6723
418,3.6723
419,3.6725
420,3.6725
421,3.6726
422,3.6726
423,3.6726
424,3.6728
425,3.6728
426,3.673
427,3.673
428,3.673
429,3.6731
430,3.6731
431,3.6733
432,3.6733
433,3.6733
434,3.6734
435,3.6734
436,3.6736
437,3.6736
438,3.6736
439,3.6738
440,3.6738
441,3.6739
442,3.6739
443,3.6739
444,3.6741
445,3.6741
446,3.6742
447,3.6742
448,3.6742
449,3.6744
450,3.6744
451,3.6744
452,3.6745
453,3.6745
454,3.6747
455,3.6747
456,3.6747
457,3.6749
458,3.6749
459,3.6749
460,3.675
461,3.675
462,3.675
463,3.6752
464,3.6752
465,3.6753
466,3.6753
467,3.6755
468,3.6755
469,3.6755
470,3.6757
471,3.6757
472,3.6757
473,3.6758
474,3.6758
475,3.676
476,3.676
477,3.676
478,3.6761
479,3.6761
480,3.6761
481,3.6763
482,3.6763
483,3.6765
484,3.6765
485,3.6765
486,3.6766
487,3.6766
488,3.6766
489,3.6768
490,3.6768
491,3.6768
492,3.6769
493,3.6769
494,3.6771
495,3.6771
496,3.6771
497,3.6772
498,3.6772
499,3.6774
500,3.6774
501,3.6774
502,3.6776
503,3.6776
504,3.6776
505,3.6777
506,3.6777
507,3.6779
508,3.6779
509,3.6779
510,3.678
511,3.678
512,3.678
513,3.6782
514,3.6782
515,3.6784
516,3.6784
517,3.6784
518,3.6785
519,3.6785
520,3.6785
521,3.6787
522,3.6787
523,3.6788
524,3.6788
525,3.6788
526,3.679
527,3.679
528,3.6792
529,3.6792
530,3.6792
531,3.6793
532,3.6793
533,3.6793
534,3.6795
535,3.6795
536,3.6795
537,3.6796
538,3.6796
539,3.6798
540,3.6798
541,3.6798
542,3.6799
543,3.6799
544,3.6801
545,3.6801
546,3.6801
547,3.6803
548,3.6803
549,3.6803
550,3.6804
551,3.6804
552,3.6806
553,3.6806
554,3.6806
555,3.6807
556,3.6807
557,3.6807
558,3.6809
559,3.6809
560,3.6811
561,3.6811
562,3.6811
563,3.6812
564,3.6812
565,3.6814
566,3.6814
567,3.6814
568,3.6815
569,3.6815
570,3.6815
571,3.6817
572,3.6817
573,3.6817
574,3.6819
575,3.6819
576,3.682
577,3.682
578,3.682
579,3.6822
580,3.6822
581,3.6822
582,3.6823
583,3.6823
584,3.6825
585,3.6825
586,3.6825
587,3.6826
588,3.6826
589,3.6828
590,3.6828
591,3.6828
592,3.683
593,3.683
594,3.683
595,3.6831
596,3.6831
597,3.6833
598,3.6833
599,3.6833
600,3.6834
601,3.6834
602,3.6834
603,3.6836
604,3.6836
605,3.6838
606,3.6838
607,3.6838
608,3.6839
609,3.6839
610,3.6841
611,3.6841
612,3.6841
613,3.6842
614,3.6842
615,3.6842
616,3.6844
617,3.6844
618,3.6846
619,3.6846
620,3.6846
621,3.6847
622,3.6847
623,3.6847
624,3.6849
625,3.6849
626,3.685
627,3.685
628,3.685
629,3.6852
630,3.6852
631,3.6852
632,3.6853
633,3.6853
634,3.6855
635,3.6855
636,3.6855
637,3.6857
638,3.6857
639,3.6858
640,3.6858
641,3.6858
642,3.686
643,3.686
644,3.6861
645,3.6861
646,3.6861
647,3.6863
648,3.6863
649,3.6863
650,3.6865
651,3.6865
652,3.6866
653,3.6866
654,3.6866
655,3.6868
656,3.6868
657,3.6869
658,3.6869
659,3.6869
660,3.6871
661,3.6871
662,3.6871
663,3.6873
664,3.6873
665,3.6874
666,3.6874
667,3.6874
668,3.6876
669,3.6876
670,3.6876
671,3.6877
672,3.6877
673,3.6879
674,3.6879
675,3.688
676,3.688
677,3.688
678,3.6882
679,3.6882
680,3.6882
681,3.6884
682,3.6884
683,3.6885
684,3.6885
685,3.6885
686,3.6887
687,3.6887
688,3.6887
689,3.6888
690,3.6888
691,3.689
692,3.689
693,3.6892
694,3.6892
695,3.6892
696,3.6893
697,3.6893
698,3.6893
699,3.6895
700,3.6895
701,3.6896
702,3.6896
703,3.6896
704,3.6898
705,3.6898
706,3.69
707,3.69
708,3.69
709,3.6901
710,3.6901
711,3.6903
712,3.6903
713,3.6903
714,3.6904
715,3.6904
716,3.6906
717,3.6906
718,3.6906
719,3.6907
720,3.6907
721,3.6909
722,3.6909
723,3.6909
724,3.6911
725,3.6911
726,3.6912
727,3.6912
728,3.6912
729,3.6914
730,3.6914
731,3.6914
732,3.6915
733,3.6915
734,3.6917
735,3.6917
736,3.6917
737,3.6919
738,3.6919
739,3.692
740,3.692
741,3.692
742,3.6922
743,3.6922
744,3.6923
745,3.6923
746,3.6923
747,3.6925
748,3.6925
749,3.6927
750,3.6927
751,3.6927
752,3.6928
753,3.6928
754,3.693
755,3.693
756,3.693
757,3.6931
758,3.6931
759,3.6933
760,3.6933
761,3.6933
762,3.6935
763,3.6935
764,3.6936
765,3.6936
766,3.6936
767,3.6938
768,3.6938
769,3.6939
770,3.6939
771,3.6939
772,3.6941
773,3.6941
774,3.6942
775,3.6942
776,3.6944
777,3.6944
778,3.6944
779,3.6946
780,3.6946
781,3.6946
782,3.6947
783,3.6947
784,3.6949
785,3.6949
786,3.695
787,3.695
788,3.695
789,3.6952
790,3.6952
791,3.6954
792,3.6954
793,3.6954
794,3.6955
795,3.6955
796,3.6957
797,3.6957
798,3.6958
799,3.6958
800,3.6958
801,3.696
802,3.696
803,3.6962
804,3.6962
805,3.6962
806,3.6963
807,3.6963
808,3.6965
809,3.6965
810,3.6965
811,3.6966
812,3.6966
813,3.6968
814,3.6968
815,3.6968
816,3.6969
817,3.6969
818,3.6971
819,3.6971
820,3.6973
821,3.6973
822,3.6974
823,3.6974
824,3.6974
825,3.6976
826,3.6976
827,3.6977
828,3.6977
829,3.6977
830,3.6979
831,3.6979
832,3.6981
833,3.6981
834,3.6982
835,3.6982
836,3.6982
837,3.6984
838,3.6984
839,3.6985
840,3.6985
841,3.6987
842,3.6987
843,3.6987
844,3.6989
845,3.6989
846,3.699
847,3.699
848,3.699
849,3.6992
850,3.6992
851,3.6993
852,3.6993
853,3.6995
854,3.6995
855,3.6995
856,3.6996
857,3.6996
858,3.6998
859,3.6998
860,3.7
861,3.7
862,3.7
863,3.7001
864,3.7001
865,3.7003
866,3.7003
867,3.7004
868,3.7004
869,3.7004
870,3.7006
871,3.7006
872,3.7008
873,3.7008
874,3.7008
875,3.7009
876,3.7009
877,3.7011
878,3.7011
879,3.7012
880,3.7012
881,3.7014
882,3.7014
883,3.7016
884,3.7016
885,3.7016
886,3.7017
887,3.7017
888,3.7019
889,3.7019
890,3.7019
891,3.702
892,3.702
893,3.7022
894,3.7022
895,3.7023
896,3.7023
897,3.7025
898,3.7025
899,3.7027
900,3.7027
901,3.7027
902,3.7028
903,3.7028
904,3.703
905,3.703
906,3.7031
907,3.7031
908,3.7033
909,3.7033
910,3.7033
911,3.7035
912,3.7035
913,3.7036
914,3.7036
915,3.7038
916,3.7038
917,3.7038
918,3.7039
919,3.7039
920,3.7041
921,3.7041
922,3.7043
923,3.7043
924,3.7044
925,3.7044
926,3.7044
927,3.7046
928,3.7046
929,3.7047
930,3.7047
931,3.7049
932,3.7049
933,3.705
934,3.705
935,3.705
936,3.7052
937,3.7052
938,3.7054
939,3.7054
940,3.7055
941,3.7055
942,3.7057
943,3.7057
944,3.7058
945,3.7058
946,3.7058
947,3.706
948,3.706
949,3.7062
950,3.7062
951,3.7063
952,3.7063
953,3.7065
954,3.7065
955,3.7066
956,3.7066
957,3.7066
958,3.7068
959,3.7068
960,3.707
961,3.707
962,3.7071
963,3.7071
964,3.7073
965,3.7073
966,3.7074
967,3.7074
968,3.7074
969,3.7076
970,3.7076
971,3.7077
972,3.7077
973,3.7079
974,3.7079
975,3.7081
976,3.7081
977,3.7081
978,3.7082
979,3.7082
980,3.7084
981,3.7084
982,3.7085
983,3.7085
984,3.7087
985,3.7087
986,3.7089
987,3.7089
988,3.709
989,3.709
990,3.7092
991,3.7092
992,3.7093
993,3.7093
994,3.7095
995,3.7095
996,3.7095
997,3.7097
998,3.7097
999,3.7098
1000,3.7098
1001,3.71
1002,3.71
1003,3.7101
1004,3.7101
1005,3.7103
1006,3.7103
1007,3.7103
1008,3.7104
1009,3.7104
1010,3.7106
1011,3.7106
1012,3.7108
1013,3.7108
1014,3.7109
1015,3.7109
1016,3.7111
1017,3.7111
1018,3.7112
1019,3.7112
1020,3.7114
1021,3.7114
1022,3.7114
1023,3.7116
1024,3.7116
1025,3.7117
1026,3.7117
1027,3.7119
1028,3.7119
1029,3.712
1030,3.712
1031,3.7122
1032,3.7122
1033,3.7124
1034,3.7124
1035,3.7125
1036,3.7125
1037,3.7125
1038,3.7127
1039,3.7127
1040,3.7128
1041,3.7128
1042,3.713
1043,3.713
1044,3.7132
1045,3.7132
1046,3.7133
1047,3.7133
1048,3.7135
1049,3.7135
1050,3.7136
1051,3.7136
1052,3.7138
1053,3.7138
1054,3.7139
1055,3.7139
1056,3.7141
1057,3.7141
1058,3.7143
1059,3.7143
1060,3.7144
1061,3.7144
1062,3.7144
1063,3.7146
1064,3.7146
1065,3.7147
1066,3.7147
1067,3.7149
1068,3.7149
1069,3.7151
1070,3.7151
1071,3.7152
1072,3.7152
1073,3.7154
1074,3.7154
1075,3.7155
1076,3.7155
1077,3.7157
1078,3.7157
1079,3.7159
1080,3.7159
1081,3.716
1082,3.716
1083,3.716
1084,3.7162
1085,3.7162
1086,3.7163
1087,3.7163
1088,3.7165
1089,3.7165
1090,3.7166
1091,3.7166
1092,3.7168
1093,3.7168
1094,3.717
1095,3.717
1096,3.7171
1097,3.7171
1098,3.7173
1099,3.7173
1100,3.7174
1101,3.7174
1102,3.7174
1103,3.7176
1104,3.7178
1105,3.7178
1106,3.7179
1107,3.7179
1108,3.7181
1109,3.7181
1110,3.7182
1111,3.7182
1112,3.7184
1113,3.7184
1114,3.7184
1115,3.7186
1116,3.7186
1117,3.7187
1118,3.7187
1119,3.7189
1120,3.7189
1121,3.719
1122,3.719
1123,3.7192
1124,3.7192
1125,3.7193
1126,3.7193
1127,3.7195
1128,3.7195
1129,3.7197
1130,3.7197
1131,3.7198
1132,3.7198
1133,3.72
1134,3.72
1135,3.7201
1136,3.7201
1137,3.7203
1138,3.7203
1139,3.7205
1140,3.7205
1141,3.7206
1142,3.7206
1143,3.7208
1144,3.7208
1145,3.7209
1146,3.7209
1147,3.7211
1148,3.7211
1149,3.7213
1150,3.7213
1151,3.7213
1152,3.7214
1153,3.7216
1154,3.7216
1155,3.7216
1156,3.7217
1157,3.7217
1158,3.7219
1159,3.722
1160,3.722
1161,3.7222
1162,3.7222
1163,3.7222
1164,3.7224
1165,3.7225
1166,3.7225
1167,3.7225
1168,3.7227
1169,3.7227
1170,3.7228
1171,3.7228
1172,3.723
1173,3.723
1174,3.7232
1175,3.7232
1176,3.7233
1177,3.7233
1178,3.7235
1179,3.7235
1180,3.7236
1181,3.7236
1182,3.7238
1183,3.7238
1184,3.724
1185,3.724
1186,3.7241
1187,3.7241
1188,3.7243
1189,3.7243
1190,3.7244
1191,3.7244
1192,3.7246
1193,3.7246
1194,3.7247
1195,3.7247
1196,3.7249
1197,3.7249
1198,3.7251
1199,3.7251
1200,3.7252
1201,3.7252
1202,3.7254
1203,3.7254
1204,3.7255
1205,3.7255
1206,3.7257
1207,3.7257
1208,3.7259
1209,3.7259
1210,3.726
1211,3.726
1212,3.7262
1213,3.7262
1214,3.7263
1215,3.7263
1216,3.7265
1217,3.7265
1218,3.7267
1219,3.7267
1220,3.7268
1221,3.7268
1222,3.727
1223,3.727
1224,3.7271
1225,3.7271
1226,3.7273
1227,3.7273
1228,3.7274
1229,3.7274
1230,3.7276
1231,3.7276
1232,3.7278
1233,3.7278
1234,3.7279
1235,3.7279
1236,3.7281
1237,3.7281
1238,3.7282
1239,3.7282
1240,3.7284
1241,3.7284
1242,3.7286
1243,3.7286
1244,3.7287
1245,3.7287
1246,3.7289
1247,3.7289
1248,3.729
1249,3.729
1250,3.7292
1251,3.7292
1252,3.7294
1253,3.7294
1254,3.7295
1255,3.7295
1256,3.7297
1257,3.7297
1258,3.7298
1259,3.7298
1260,3.73
1261,3.73
1262,3.7301
1263,3.7303
1264,3.7303
1265,3.7303
1266,3.7305
1267,3.7305
1268,3.7306
1269,3.7306
1270,3.7308
1271,3.7309
1272,3.7309
1273,3.7311
1274,3.7311
1275,3.7313
1276,3.7313
1277,3.7314
1278,3.7314
1279,3.7316
1280,3.7316
1281,3.7316
1282,3.7317
1283,3.7319
1284,3.7319
1285,3.7321
1286,3.7321
1287,3.7322
1288,3.7322
1289,3.7324
1290,3.7324
1291,3.7325
1292,3.7325
1293,3.7327
1294,3.7327
1295,3.7329
1296,3.7329
1297,3.733
1298,3.733
1299,3.7332
1300,3.7332
1301,3.7333
1302,3.7333
1303,3.7335
1304,3.7335
1305,3.7336
1306,3.7336
1307,3.7338
1308,3.734
1309,3.734
1310,3.734
1311,3.7341
1312,3.7343
1313,3.7343
1314,3.7344
1315,3.7344
1316,3.7344
1317,3.7346
1318,3.7348
1319,3.7348
1320,3.7349
1321,3.7349
1322,3.7351
1323,3.7351
1324,3.7352
1325,3.7352
1326,3.7354
1327,3.7354
1328,3.7356
1329,3.7356
1330,3.7357
1331,3.7357
1332,3.7359
1333,3.736
1334,3.736
1335,3.7362
1336,3.7362
1337,3.7363
1338,3.7363
1339,3.7365
1340,3.7365
1341,3.7367
1342,3.7367
1343,3.7368
1344,3.7368
1345,3.737
1346,3.737
1347,3.7371
1348,3.7371
1349,3.7373
1350,3.7375
1351,3.7375
1352,3.7376
1353,3.7376
1354,3.7376
1355,3.7378
1356,3.7379
1357,3.7379
1358,3.7381
1359,3.7381
1360,3.7383
1361,3.7383
1362,3.7384
1363,3.7384
1364,3.7386
1365,3.7386
1366,3.7387
1367,3.7389
1368,3.7389
1369,3.739
1370,3.739
1371,3.7392
1372,3.7392
1373,3.7394
1374,3.7394
1375,3.7395
1376,3.7397
1377,3.7397
1378,3.7398
1379,3.7398
1380,3.74
1381,3.74
1382,3.7402
1383,3.7402
1384,3.7403
1385,3.7403
1386,3.7405
1387,3.7406
1388,3.7406
1389,3.7408
1390,3.7408
1391,3.741
1392,3.741
1393,3.7411
1394,3.7411
1395,3.7413
1396,3.7413
1397,3.7414
1398,3.7416
1399,3.7416
1400,3.7417
1401,3.7417
1402,3.7419
1403,3.7419
1404,3.7421
1405,3.7421
1406,3.7422
1407,3.7424
1408,3.7424
1409,3.7425
1410,3.7425
1411,3.7427
1412,3.7427
1413,3.7429
1414,3.7429
1415,3.743
1416,3.7432
1417,3.7432
1418,3.7433
1419,3.7433
1420,3.7435
1421,3.7435
1422,3.7437
1423,3.7437
1424,3.7438
1425,3.744
1426,3.744
1427,3.7441
1428,3.7441
1429,3.7443
1430,3.7443
1431,3.7444
1432,3.7446
1433,3.7446
1434,3.7448
1435,3.7448
1436,3.7449
1437,3.7449
1438,3.7451
1439,3.7452
1440,3.7452
1441,3.7454
1442,3.7454
1443,3.7456
1444,3.7457
1445,3.7457
1446,3.7459
1447,3.7459
1448,3.746
1449,3.7462
1450,3.7462
1451,3.7464
1452,3.7464
1453,3.7465
1454,3.7465
1455,3.7467
1456,3.7468
1457,3.7468
1458,3.747
1459,3.747
1460,3.7471
1461,3.7473
1462,3.7473
1463,3.7475
1464,3.7475
1465,3.7476
1466,3.7478
1467,3.7478
1468,3.7479
1469,3.7479
1470,3.7481
1471,3.7481
1472,3.7483
1473,3.7484
1474,3.7484
1475,3.7486
1476,3.7486
1477,3.7487
1478,3.7489
1479,3.7489
1480,3.7491
1481,3.7491
1482,3.7492
1483,3.7494
1484,3.7494
1485,3.7495
1486,3.7495
1487,3.7497
1488,3.7499
1489,3.7499
1490,3.75
1491,3.75
1492,3.7502
1493,3.7503
1494,3.7503
1495,3.7505
1496,3.7506
1497,3.7506
1498,3.7508
1499,3.7508
1500,3.751
1501,3.7511
1502,3.7511
1503,3.7513
1504,3.7513
1505,3.7514
1506,3.7516
1507,3.7516
1508,3.7518
1509,3.7519
1510,3.7519
1511,3.7521
1512,3.7521
1513,3.7522
1514,3.7524
1515,3.7524
1516,3.7526
1517,3.7527
1518,3.7527
1519,3.7529
1520,3.7529
1521,3.753
1522,3.7532
1523,3.7532
1524,3.7533
1525,3.7535
1526,3.7535
1527,3.7537
1528,3.7537
1529,3.7538
1530,3.754
1531,3.754
1532,3.7541
1533,3.7543
1534,3.7543
1535,3.7545
1536,3.7546
1537,3.7546
1538,3.7548
1539,3.7549
1540,3.7549
1541,3.7551
1542,3.7553
1543,3.7553
1544,3.7554
1545,3.7554
1546,3.7556
1547,3.7557
1548,3.7557
1549,3.7559
1550,3.756
1551,3.756
1552,3.7562
1553,3.7564
1554,3.7565
1555,3.7565
1556,3.7567
1557,3.7567
1558,3.7568
1559,3.757
1560,3.757
1561,3.7572
1562,3.7573
1563,3.7573
1564,3.7575
1565,3.7576
1566,3.7576
1567,3.7578
1568,3.758
1569,3.758
1570,3.7581
1571,3.7583
1572,3.7583
1573,3.7584
1574,3.7586
1575,3.7587
1576,3.7587
1577,3.7589
1578,3.7591
1579,3.7591
1580,3.7592
1581,3.7594
1582,3.7594
1583,3.7595
1584,3.7597
1585,3.7597
1586,3.7599
1587,3.76
1588,3.76
1589,3.7602
1590,3.7603
1591,3.7603
1592,3.7605
1593,3.7607
1594,3.7607
1595,3.7608
1596,3.761
1597,3.7611
1598,3.7611
1599,3.7613
1600,3.7614
1601,3.7614
1602,3.7616
1603,3.7618
1604,3.7619
1605,3.7619
1606,3.7621
1607,3.7622
1608,3.7622
1609,3.7624
1610,3.7626
1611,3.7626
1612,3.7627
1613,3.7629
1614,3.763
1615,3.763
1616,3.7632
1617,3.7634
1618,3.7635
1619,3.7635
1620,3.7637
1621,3.7638
1622,3.764
1623,3.764
1624,3.7641
1625,3.7643
1626,3.7643
1627,3.7645
1628,3.7646
1629,3.7646
1630,3.7648
1631,3.7649
1632,3.7651
1633,3.7651
1634,3.7653
1635,3.7654
1636,3.7656
1637,3.7656
1638,3.7657
1639,3.7659
1640,3.7661
1641,3.7661
1642,3.7662
1643,3.7664
1644,3.7665
1645,3.7665
1646,3.7667
1647,3.7668
1648,3.767
1649,3.767
1650,3.7672
1651,3.7673
1652,3.7675
1653,3.7675
1654,3.7676
1655,3.7678
1656,3.768
1657,3.768
1658,3.7681
1659,3.7683
1660,3.7684
1661,3.7684
1662,3.7686
1663,3.7688
1664,3.7689
1665,3.7689
1666,3.7691
1667,3.7692
1668,3.7694
1669,3.7695
1670,3.7695
1671,3.7697
1672,3.7699
1673,3.77
1674,3.77
1675,3.7702
1676,3.7703
1677,3.7705
1678,3.7707
1679,3.7707
1680,3.7708
1681,3.771
1682,3.7711
1683,3.7711
1684,3.7713
1685,3.7715
1686,3.7716
1687,3.7718
1688,3.7718
1689,3.7719
1690,3.7721
1691,3.7723
1692,3.7724
1693,3.7724
1694,3.7726
1695,3.7727
1696,3.7729
1697,3.7729
1698,3.773
1699,3.7732
1700,3.7734
1701,3.7735
1702,3.7735
1703,3.7737
1704,3.7738
1705,3.774
1706,3.7742
1707,3.7742
1708,3.7743
1709,3.7745
1710,3.7746
1711,3.7748
1712,3.775
1713,3.775
1714,3.7751
1715,3.7753
1716,3.7754
1717,3.7756
1718,3.7757
1719,3.7757
1720,3.7759
1721,3.7761
1722,3.7762
1723,3.7764
1724,3.7765
1725,3.7765
1726,3.7767
1727,3.7769
1728,3.777
1729,3.7772
1730,3.7772
1731,3.7773
1732,3.7775
1733,3.7777
1734,3.7778
1735,3.778
1736,3.778
1737,3.7781
1738,3.7783
1739,3.7784
1740,3.7786
1741,3.7788
1742,3.7789
1743,3.7789
1744,3.7791
1745,3.7792
1746,3.7794
1747,3.7796
1748,3.7797
1749,3.7797
1750,3.7799
1751,3.78
1752,3.7802
1753,3.7804
1754,3.7805
1755,3.7807
1756,3.7808
1757,3.7808
1758,3.781
1759,3.7811
1760,3.7813
1761,3.7815
1762,3.7816
1763,3.7818
1764,3.7818
1765,3.7819
1766,3.7821
1767,3.7823
1768,3.7824
1769,3.7826
1770,3.7827
1771,3.7827
1772,3.7829
1773,3.7831
1774,3.7832
1775,3.7834
1776,3.7835
1777,3.7837
1778,3.7838
1779,3.7838
1780,3.784
1781,3.7842
1782,3.7843
1783,3.7845
1784,3.7846
1785,3.7848
1786,3.785
1787,3.7851
1788,3.7853
1789,3.7853
1790,3.7854
1791,3.7856
1792,3.7858
1793,3.7859
1794,3.7861
1795,3.7862
1796,3.7864
1797,3.7865
1798,3.7865
1799,3.7867
1800,3.7869
1801,3.787
1802,3.7872
1803,3.7873
1804,3.7875
1805,3.7877
1806,3.7878
1807,3.788
1808,3.7881
1809,3.7881
1810,3.7883
1811,3.7885
1812,3.7886
1813,3.7888
1814,3.7889
1815,3.7891
1816,3.7893
1817,3.7894
1818,3.7896
1819,3.7897
1820,3.7899
1821,3.79
1822,3.79
1823,3.7902
1824,3.7904
1825,3.7905
1826,3.7907
1827,3.7908
1828,3.791
1829,3.7912
1830,3.7913
1831,3.7915
1832,3.7916
1833,3.7918
1834,3.792
1835,3.7921
1836,3.7921
1837,3.7924
1838,3.7924
1839,3.7926
1840,3.7927
1841,3.7929
1842,3.7931
1843,3.7932
1844,3.7934
1845,3.7935
1846,3.7937
1847,3.7939
1848,3.794
1849,3.7942
1850,3.7943
1851,3.7945
1852,3.7947
1853,3.7948
1854,3.795
1855,3.7951
1856,3.7953
1857,3.7954
1858,3.7956
1859,3.7958
1860,3.7959
1861,3.7961
1862,3.7962
1863,3.7962
1864,3.7966
1865,3.7966
1866,3.7967
1867,3.7969
1868,3.797
1869,3.7972
1870,3.7974
1871,3.7975
1872,3.7977
1873,3.7978
1874,3.798
1875,3.7981
1876,3.7983
1877,3.7985
1878,3.7986
1879,3.7988
1880,3.7989
1881,3.7991
1882,3.7993
1883,3.7994
1884,3.7996
1885,3.7997
1886,3.7999
1887,3.8001
1888,3.8002
1889,3.8004
1890,3.8005
1891,3.8007
1892,3.8008
1893,3.801
1894,3.8012
1895,3.8013
1896,3.8015
1897,3.8016
1898,3.8018
1899,3.802
1900,3.8021
1901,3.8023
1902,3.8024
1903,3.8028
1904,3.8029
1905,3.8031
1906,3.8032
1907,3.8034
1908,3.8035
1909,3.8037
1910,3.8039
1911,3.804
1912,3.8042
1913,3.8043
1914,3.8045
1915,3.8047
1916,3.8048
1917,3.805
1918,3.8051
1919,3.8053
1920,3.8055
1921,3.8056
1922,3.8058
1923,3.8059
1924,3.8061
1925,3.8062
1926,3.8064
1927,3.8066
1928,3.8067
1929,3.8069
1930,3.807
1931,3.8074
1932,3.8075
1933,3.8077
1934,3.8078
1935,3.808
1936,3.8082
1937,3.8083
1938,3.8085
1939,3.8086
1940,3.8088
1941,3.809
1942,3.8091
1943,3.8093
1944,3.8096
1945,3.8097
1946,3.8099
1947,3.8101
1948,3.8102
1949,3.8104
1950,3.8105
1951,3.8107
1952,3.8109
1953,3.811
1954,3.8112
1955,3.8115
1956,3.8117
1957,3.8118
1958,3.812
1959,3.8121
1960,3.8123
1961,3.8124
1962,3.8126
1963,3.8128
1964,3.8131
1965,3.8131
1966,3.8134
1967,3.8136
1968,3.8137
1969,3.8139
1970,3.814
1971,3.8142
1972,3.8144
1973,3.8147
1974,3.8148
1975,3.815
1976,3.8151
1977,3.8153
1978,3.8155
1979,3.8156
1980,3.8158
1981,3.8161
1982,3.8163
1983,3.8164
1984,3.8166
1985,3.8167
1986,3.8169
1987,3.8171
1988,3.8174
1989,3.8175
1990,3.8177
1991,3.8178
1992,3.818
1993,3.8182
1994,3.8185
1995,3.8186
1996,3.8188
1997,3.819
1998,3.8191
1999,3.8193
2000,3.8196
2001,3.8198
2002,3.8199
2003,3.8201
2004,3.8202
2005,3.8204
2006,3.8207
2007,3.8209
2008,3.821
2009,3.8212
2010,3.8213
2011,3.8217
2012,3.8218
2013,3.822
2014,3.8221
2015,3.8223
2016,3.8226
2017,3.8228
2018,3.8229
2019,3.8231
2020,3.8232
2021,3.8236
2022,3.8237
2023,3.8239
2024,3.824
2025,3.8244
2026,3.8245
2027,3.8247
2028,3.8248
2029,3.825
2030,3.8252
2031,3.8255
2032,3.8256
2033,3.8258
2034,3.8259
2035,3.8263
2036,3.8264
2037,3.8266
2038,3.8267
2039,3.8271
2040,3.8272
2041,3.8274
2042,3.8275
2043,3.8279
2044,3.828
2045,3.8282
2046,3.8283
2047,3.8287
2048,3.8288
2049,3.829
2050,3.8291
2051,3.8294
2052,3.8296
2053,3.8298
2054,3.8299
2055,3.8302
2056,3.8304
2057,3.8306
2058,3.8307
2059,3.831
2060,3.8312
2061,3.8314
2062,3.8317
2063,3.8318
2064,3.832
2065,3.8321
2066,3.8325
2067,3.8326
2068,3.8328
2069,3.8331
2070,3.8333
2071,3.8334
2072,3.8336
2073,3.8339
2074,3.8341
2075,3.8342
2076,3.8345
2077,3.8347
2078,3.8348
2079,3.8352
2080,3.8353
2081,3.8355
2082,3.8358
2083,3.836
2084,3.8361
2085,3.8364
2086,3.8366
2087,3.8368
2088,3.8369
2089,3.8372
2090,3.8374
2091,3.8375
2092,3.8379
2093,3.838
2094,3.8383
2095,3.8385
2096,3.8387
2097,3.839
2098,3.8391
2099,3.8393
2100,3.8396
2101,3.8398
2102,3.8399
2103,3.8402
2104,3.8404
2105,3.8406
2106,3.8409
2107,3.841
2108,3.8412
2109,3.8415
2110,3.8417
2111,3.842
2112,3.8422
2113,3.8423
2114,3.8426
2115,3.8428
2116,3.8431
2117,3.8433
2118,3.8434
2119,3.8437
2120,3.8439
2121,3.8441
2122,3.8444
2123,3.8445
2124,3.8449
2125,3.845
2126,3.8452
2127,3.8455
2128,3.8457
2129,3.846
2130,3.8461
2131,3.8463
2132,3.8466
2133,3.8468
2134,3.8471
2135,3.8472
2136,3.8474
2137,3.8477
2138,3.8479
2139,3.8482
2140,3.8484
2141,3.8487
2142,3.8488
2143,3.849
2144,3.8493
2145,3.8495
2146,3.8498
2147,3.8499
2148,3.8503
2149,3.8504
2150,3.8506
2151,3.8509
2152,3.8511
2153,3.8514
2154,3.8515
2155,3.8518
2156,3.852
2157,3.8522
2158,3.8525
2159,3.8526
2160,3.853
2161,3.8531
2162,3.8534
2163,3.8536
2164,3.8539
2165,3.8541
2166,3.8544
2167,3.8545
2168,3.8547
2169,3.855
2170,3.8552
2171,3.8555
2172,3.8557
2173,3.856
2174,3.8561
2175,3.8565
2176,3.8566
2177,3.8569
2178,3.8571
2179,3.8574
2180,3.8576
2181,3.8577
2182,3.858
2183,3.8582
2184,3.8585
2185,3.8587
2186,3.859
2187,3.8592
2188,3.8595
2189,3.8596
2190,3.8599
2191,3.8601
2192,3.8604
2193,3.8606
2194,3.8609
2195,3.8611
2196,3.8614
2197,3.8615
2198,3.8619
2199,3.862
2200,3.8623
2201,3.8625
2202,3.8626
2203,3.863
2204,3.8633
2205,3.8634
2206,3.8636
2207,3.8639
2208,3.8642
2209,3.8644
2210,3.8646
2211,3.8649
2212,3.865
2213,3.8654
2214,3.8655
2215,3.8658
2216,3.8661
2217,3.8663
2218,3.8665
2219,3.8668
2220,3.8669
2221,3.8673
2222,3.8676
2223,3.8677
2224,3.8679
2225,3.8682
2226,3.8685
2227,3.8687
2228,3.8688
2229,3.8692
2230,3.8693
2231,3.8696
2232,3.8698
2233,3.8701
2234,3.8703
2235,3.8706
2236,3.8708
2237,3.8711
2238,3.8712
2239,3.8715
2240,3.8717
2241,3.872
2242,3.8723
2243,3.8725
2244,3.8727
2245,3.873
2246,3.8733
2247,3.8735
2248,3.8736
2249,3.8739
2250,3.8741
2251,3.8744
2252,3.8746
2253,3.8749
2254,3.8752
2255,3.8754
2256,3.8755
2257,3.8758
2258,3.876
2259,3.8763
2260,3.8765
2261,3.8768
2262,3.8769
2263,3.8773
2264,3.8774
2265,3.8777
2266,3.8779
2267,3.8782
2268,3.8784
2269,3.8787
2270,3.8789
2271,3.8792
2272,3.8793
2273,3.8796
2274,3.8798
2275,3.8801
2276,3.8803
2277,3.8806
2278,3.8808
2279,3.8811
2280,3.8812
2281,3.8816
2282,3.8817
2283,3.882
2284,3.8822
2285,3.8825
2286,3.8827
2287,3.883
2288,3.8831
2289,3.8835
2290,3.8836
2291,3.8839
2292,3.8841
2293,3.8844
2294,3.8846
2295,3.8849
2296,3.8851
2297,3.8852
2298,3.8855
2299,3.8857
2300,3.886
2301,3.8862
2302,3.8865
2303,3.8866
2304,3.887
2305,3.8871
2306,3.8874
2307,3.8876
2308,3.8879
2309,3.8881
2310,3.8884
2311,3.8885
2312,3.8889
2313,3.889
2314,3.8893
2315,3.8895
2316,3.8897
2317,3.89
2318,3.8901
2319,3.8905
2320,3.8906
2321,3.8909
2322,3.8911
2323,3.8914
2324,3.8916
2325,3.8919
2326,3.892
2327,3.8924
2328,3.8925
2329,3.8927
2330,3.893
2331,3.8932
2332,3.8935
2333,3.8936
2334,3.8939
2335,3.8941
2336,3.8944
2337,3.8946
2338,3.8949
2339,3.8951
2340,3.8952
2341,3.8955
2342,3.8959
2343,3.896
2344,3.8962
2345,3.8965
2346,3.8966
2347,3.897
2348,3.8971
2349,3.8974
2350,3.8976
2351,3.8978
2352,3.8981
2353,3.8982
2354,3.8986
2355,3.8987
2356,3.899
2357,3.8992
2358,3.8995
2359,3.8997
2360,3.8998
2361,3.9001
2362,3.9003
2363,3.9006
2364,3.9008
2365,3.9011
2366,3.9013
2367,3.9016
2368,3.9017
2369,3.902
2370,3.9022
2371,3.9024
2372,3.9027
2373,3.9028
2374,3.9032
2375,3.9033
2376,3.9036
2377,3.9038
2378,3.9041
2379,3.9043
2380,3.9044
2381,3.9048
2382,3.9049
2383,3.9052
2384,3.9054
2385,3.9057
2386,3.9059
2387,3.906
2388,3.9063
2389,3.9065
2390,3.9068
2391,3.907
2392,3.9073
2393,3.9075
2394,3.9078
2395,3.9079
2396,3.9081
2397,3.9084
2398,3.9086
2399,3.9089
2400,3.909
2401,3.9094
2402,3.9095
2403,3.9098
2404,3.91
2405,3.9102
2406,3.9105
2407,3.9106
2408,3.9109
2409,3.9111
2410,3.9114
2411,3.9116
2412,3.9119
2413,3.9121
2414,3.9122
2415,3.9125
2416,3.9127
2417,3.913
2418,3.9132
2419,3.9135
2420,3.9136
2421,3.914
2422,3.9141
2423,3.9144
2424,3.9146
2425,3.9148
2426,3.9151
2427,3.9152
2428,3.9156
2429,3.9157
2430,3.916
2431,3.9162
2432,3.9165
2433,3.9167
2434,3.917
2435,3.9171
2436,3.9175
2437,3.9176
2438,3.9178
2439,3.9181
2440,3.9183
2441,3.9186
2442,3.9187
2443,3.919
2444,3.9192
2445,3.9195
2446,3.9197
2447,3.92
2448,3.9202
2449,3.9205
2450,3.9206
2451,3.921
2452,3.9211
2453,3.9214
2454,3.9216
2455,3.9219
2456,3.9221
2457,3.9222
2458,3.9225
2459,3.9227
2460,3.923
2461,3.9232
2462,3.9235
2463,3.9237
2464,3.924
2465,3.9241
2466,3.9245
2467,3.9246
2468,3.9249
2469,3.9251
2470,3.9254
2471,3.9256
2472,3.9259
2473,3.926
2474,3.9264
2475,3.9265
2476,3.9268
2477,3.9272
2478,3.9273
2479,3.9276
2480,3.9278
2481,3.9279
2482,3.9283
2483,3.9284
2484,3.9287
2485,3.9291
2486,3.9292
2487,3.9295
2488,3.9297
2489,3.93
2490,3.9302
2491,3.9305
2492,3.9306
2493,3.931
2494,3.9311
2495,3.9314
2496,3.9318
2497,3.9319
2498,3.9322
2499,3.9324
2500,3.9327
2501,3.9329
2502,3.9332
2503,3.9333
2504,3.9337
2505,3.934
2506,3.9341
2507,3.9345
2508,3.9346
2509,3.9349
2510,3.9351
2511,3.9354
2512,3.9356
2513,3.9359
2514,3.936
2515,3.9364
2516,3.9367
2517,3.9368
2518,3.9372
2519,3.9373
2520,3.9376
2521,3.938
2522,3.9381
2523,3.9384
2524,3.9386
2525,3.9389
2526,3.9392
2527,3.9394
2528,3.9397
2529,3.9399
2530,3.9402
2531,3.9405
2532,3.9407
2533,3.941
2534,3.9411
2535,3.9414
2536,3.9418
2537,3.9419
2538,3.9422
2539,3.9424
2540,3.9427
2541,3.943
2542,3.9432
2543,3.9435
2544,3.9438
2545,3.944
2546,3.9443
2547,3.9446
2548,3.9448
2549,3.9451
2550,3.9453
2551,3.9456
2552,3.9459
2553,3.9461
2554,3.9464
2555,3.9465
2556,3.9469
2557,3.9472
2558,3.9473
2559,3.9476
2560,3.948
2561,3.9481
2562,3.9484
2563,3.9488
2564,3.9489
2565,3.9492
2566,3.9496
2567,3.9497
2568,3.95
2569,3.9503
2570,3.9505
2571,3.9508
2572,3.951
2573,3.9513
2574,3.9516
2575,3.9518
2576,3.9521
2577,3.9524
2578,3.9527
2579,3.9529
2580,3.9532
2581,3.9535
2582,3.9537
2583,3.954
2584,3.9543
2585,3.9545
2586,3.9548
2587,3.9551
2588,3.9553
2589,3.9556
2590,3.9559
2591,3.9561
2592,3.9564
2593,3.9567
2594,3.9569
2595,3.9572
2596,3.9575
2597,3.9578
2598,3.958
2599,3.9583
2600,3.9586
2601,3.9588
2602,3.9591
2603,3.9594
2604,3.9596
2605,3.9599
2606,3.9602
2607,3.9605
2608,3.9607
2609,3.961
2610,3.9613
2611,3.9615
2612,3.9618
2613,3.9621
2614,3.9623
2615,3.9626
2616,3.9629
2617,3.9632
2618,3.9634
2619,3.9637
2620,3.964
2621,3.9642
2622,3.9645
2623,3.9648
2624,3.965
2625,3.9653
2626,3.9656
2627,3.9659
2628,3.9661
2629,3.9664
2630,3.9667
2631,3.967
2632,3.9672
2633,3.9675
2634,3.9678
2635,3.968
2636,3.9683
2637,3.9686
2638,3.9688
2639,3.9691
2640,3.9694
2641,3.9697
2642,3.9699
2643,3.9702
2644,3.9705
2645,3.9707
2646,3.971
2647,3.9713
2648,3.9715
2649,3.9718
2650,3.9721
2651,3.9724
2652,3.9726
2653,3.9729
2654,3.9732
2655,3.9734
2656,3.9737
2657,3.974
2658,3.9742
2659,3.9745
2660,3.9748
2661,3.975
2662,3.9753
2663,3.9756
2664,3.9759
2665,3.9761
2666,3.9764
2667,3.9767
2668,3.9769
2669,3.9772
2670,3.9775
2671,3.9777
2672,3.978
2673,3.9783
2674,3.9785
2675,3.9788
2676,3.9791
2677,3.9793
2678,3.9796
2679,3.9799
2680,3.9801
2681,3.9804
2682,3.9807
2683,3.9808
2684,3.9812
2685,3.9813
2686,3.9816
2687,3.982
2688,3.9821
2689,3.9824
2690,3.9828
2691,3.9829
2692,3.9832
2693,3.9836
2694,3.9837
2695,3.984
2696,3.9842
2697,3.9845
2698,3.9848
2699,3.985
2700,3.9853
2701,3.9855
2702,3.9858
2703,3.9861
2704,3.9863
2705,3.9866
2706,3.9867
2707,3.987
2708,3.9874
2709,3.9875
2710,3.9878
2711,3.988
2712,3.9883
2713,3.9886
2714,3.9888
2715,3.9891
2716,3.9893
2717,3.9896
2718,3.9897
2719,3.9901
2720,3.9902
2721,3.9905
2722,3.9909
2723,3.991
2724,3.9912
2725,3.9915
2726,3.9918
2727,3.992
2728,3.9923
2729,3.9924
2730,3.9928
2731,3.9929
2732,3.9932
2733,3.9934
2734,3.9937
2735,3.9939
2736,3.9942
2737,3.9944
2738,3.9947
2739,3.9948
2740,3.9951
2741,3.9953
2742,3.9956
2743,3.9958
2744,3.9959
2745,3.9963
2746,3.9964
2747,3.9967
2748,3.9969
2749,3.9972
2750,3.9974
2751,3.9977
2752,3.9978
2753,3.998
2754,3.9983
2755,3.9985
2756,3.9988
2757,3.999
2758,3.9993
2759,3.9994
2760,3.9996
2761,3.9999
2762,4.0001
2763,4.0004
2764,4.0006
2765,4.0007
2766,4.001
2767,4.0012
2768,4.0013
2769,4.0017
2770,4.0018
2771,4.002
2772,4.0023
2773,4.0025
2774,4.0026
2775,4.0029
2776,4.0031
2777,4.0033
2778,4.0036
2779,4.0037
2780,4.0039
2781,4.0042
2782,4.0044
2783,4.0045
2784,4.0048
2785,4.005
2786,4.0052
2787,4.0055
2788,4.0056
2789,4.0058
2790,4.006
2791,4.0063
2792,4.0064
2793,4.0066
2794,4.0067
2795,4.0071
2796,4.0072
2797,4.0074
2798,4.0075
2799,4.0079
2800,4.008
2801,4.0082
2802,4.0083
2803,4.0087
2804,4.0088
2805,4.009
2806,4.0091
2807,4.0094
2808,4.0096
2809,4.0098
2810,4.0099
2811,4.0101
2812,4.0104
2813,4.0106
2814,4.0107
2815,4.0109
2816,4.011
2817,4.0112
2818,4.0115
2819,4.0117
2820,4.0118
2821,4.012
2822,4.0121
2823,4.0123
2824,4.0126
2825,4.0128
2826,4.0129
2827,4.0131
2828,4.0133
2829,4.0134
2830,4.0136
2831,4.0137
2832,4.0141
2833,4.0142
2834,4.0144
2835,4.0145
2836,4.0147
2837,4.0148
2838,4.015
2839,4.0152
2840,4.0155
2841,4.0156
2842,4.0158
2843,4.016
2844,4.0161
2845,4.0163
2846,4.0164
2847,4.0166
2848,4.0168
2849,4.0169
2850,4.0171
2851,4.0172
2852,4.0174
2853,4.0177
2854,4.0179
2855,4.018
2856,4.0182
2857,4.0183
2858,4.0185
2859,4.0187
2860,4.0188
2861,4.019
2862,4.0191
2863,4.0193
2864,4.0195
2865,4.0196
2866,4.0198
2867,4.0199
2868,4.0201
2869,4.0203
2870,4.0204
2871,4.0206
2872,4.0209
2873,4.021
2874,4.021
2875,4.0214
2876,4.0215
2877,4.0217
2878,4.0218
2879,4.022
2880,4.0222
2881,4.0223
2882,4.0225
2883,4.0226
2884,4.0228
2885,4.023
2886,4.0231
2887,4.0233
2888,4.0234
2889,4.0236
2890,4.0237
2891,4.0239
2892,4.0241
2893,4.0242
2894,4.0244
2895,4.0245
2896,4.0247
2897,4.0249
2898,4.025
2899,4.0252
2900,4.0253
2901,4.0255
2902,4.0257
2903,4.0258
2904,4.026
2905,4.0261
2906,4.0263
2907,4.0264
2908,4.0266
2909,4.0268
2910,4.0269
2911,4.0271
2912,4.0272
2913,4.0274
2914,4.0276
2915,4.0277
2916,4.0279
2917,4.028
2918,4.0282
2919,4.0282
2920,4.0284
2921,4.0287
2922,4.0287
2923,4.0288
2924,4.029
2925,4.0291
2926,4.0293
2927,4.0295
2928,4.0296
2929,4.0298
2930,4.0299
2931,4.0301
2932,4.0303
2933,4.0304
2934,4.0306
2935,4.0307
2936,4.0309
2937,4.0311
2938,4.0312
2939,4.0314
2940,4.0315
2941,4.0317
2942,4.0318
2943,4.032
2944,4.0322
2945,4.0323
2946,4.0325
2947,4.0326
2948,4.0328
2949,4.033
2950,4.0331
2951,4.0333
2952,4.0334
2953,4.0338
2954,4.0338
2955,4.0341
2956,4.0342
2957,4.0344
2958,4.0345
2959,4.0347
2960,4.0349
2961,4.035
2962,4.0352
2963,4.0353
2964,4.0355
2965,4.0357
2966,4.0358
2967,4.036
2968,4.0361
2969,4.0363
2970,4.0365
2971,4.0366
2972,4.0368
2973,4.0369
2974,4.0371
2975,4.0374
2976,4.0376
2977,4.0377
2978,4.0379
2979,4.038
2980,4.0382
2981,4.0384
2982,4.0385
2983,4.0387
2984,4.0388
2985,4.039
2986,4.0393
2987,4.0395
2988,4.0396
2989,4.0398
2990,4.04
2991,4.0401
2992,4.0403
2993,4.0404
2994,4.0407
2995,4.0409
2996,4.0411
2997,4.0412
2998,4.0414
2999,4.0415
3000,4.0417
3001,4.042
3002,4.0422
3003,4.0423
3004,4.0425
3005,4.0427
3006,4.043
3007,4.0431
3008,4.0433
3009,4.0434
3010,4.0436
3011,4.0439
3012,4.0441
3013,4.0442
3014,4.0444
3015,4.0446
3016,4.0449
3017,4.045
3018,4.0452
3019,4.0454
3020,4.0455
3021,4.0458
3022,4.046
3023,4.0461
3024,4.0465
3025,4.0466
3026,4.0468
3027,4.0469
3028,4.0473
3029,4.0474
3030,4.0476
3031,4.0479
3032,4.0481
3033,4.0482
3034,4.0485
3035,4.0487
3036,4.0488
3037,4.0492
3038,4.0493
3039,4.0495
3040,4.0498
3041,4.05
3042,4.0501
3043,4.0504
3044,4.0506
3045,4.0509
3046,4.0511
3047,4.0512
3048,4.0515
3049,4.0517
3050,4.052
3051,4.0522
3052,4.0523
3053,4.0527
3054,4.0528
3055,4.0531
3056,4.0533
3057,4.0536
3058,4.0538
3059,4.0541
3060,4.0542
3061,4.0546
3062,4.0547
3063,4.055
3064,4.0552
3065,4.0555
3066,4.0557
3067,4.056
3068,4.0562
3069,4.0565
3070,4.0566
3071,4.0569
3072,4.0571
3073,4.0574
3074,4.0576
3075,4.0579
3076,4.0582
3077,4.0584
3078,4.0587
3079,4.0589
3080,4.0592
3081,4.0595
3082,4.0597
3083,4.06
3084,4.0601
3085,4.0604
3086,4.0608
3087,4.0609
3088,4.0612
3089,4.0616
3090,4.0617
3091,4.062
3092,4.0624
3093,4.0625
3094,4.0628
3095,4.0631
3096,4.0633
3097,4.0636
3098,4.0639
3099,4.0641
3100,4.0644
3101,4.0647
3102,4.0651
3103,4.0652
3104,4.0655
3105,4.0658
3106,4.066
3107,4.0663
3108,4.0666
3109,4.067
3110,4.0671
3111,4.0674
3112,4.0678
3113,4.0681
3114,4.0682
3115,4.0685
3116,4.0689
3117,4.0692
3118,4.0695
3119,4.0697
3120,4.07
3121,4.0703
3122,4.0706
3123,4.0709
3124,4.0711
3125,4.0714
3126,4.0717
3127,4.072
3128,4.0724
3129,4.0727
3130,4.0728
3131,4.0732
3132,4.0735
3133,4.0738
3134,4.0741
3135,4.0744
3136,4.0747
3137,4.0749
3138,4.0752
3139,4.0755
3140,4.0759
3141,4.0762
3142,4.0765
3143,4.0768
3144,4.0771
3145,4.0773
3146,4.0776
3147,4.0779
3148,4.0782
3149,4.0786
3150,4.0789
3151,4.0792
3152,4.0795
3153,4.0798
3154,4.0801
3155,4.0803
3156,4.0806
3157,4.0809
3158,4.0813
3159,4.0816
3160,4.0819
3161,4.0822
3162,4.0825
3163,4.0828
3164,4.0832
3165,4.0835
3166,4.0838
3167,4.0841
3168,4.0843
3169,4.0846
3170,4.0849
3171,4.0852
3172,4.0855
3173,4.0859
3174,4.0862
3175,4.0865
3176,4.0868
3177,4.0871
3178,4.0875
3179,4.0878
3180,4.0881
3181,4.0882
3182,4.0886
3183,4.0889
3184,4.0892
3185,4.0895
3186,4.0898
3187,4.0902
3188,4.0905
3189,4.0908
3190,4.0911
3191,4.0914
3192,4.0917
3193,4.0921
3194,4.0924
3195,4.0927
3196,4.0929
3197,4.0932
3198,4.0935
3199,4.0938
3200,4.0941
3201,4.0944
3202,4.0948
3203,4.0951
3204,4.0954
3205,4.0957
3206,4.096
3207,4.0964
3208,4.0965
3209,4.0968
3210,4.0971
3211,4.0975
3212,4.0978
3213,4.0981
3214,4.0984
3215,4.0987
3216,4.0991
3217,4.0992
3218,4.0997
3219,4.0998
3220,4.1002
3221,4.1005
3222,4.1008
3223,4.1011
3224,4.1014
3225,4.1018
3226,4.1021
3227,4.1022
3228,4.1025
3229,4.1029
3230,4.1032
3231,4.1035
3232,4.1038
3233,4.1041
3234,4.1045
3235,4.1046
3236,4.1049
3237,4.1052
3238,4.1056
3239,4.1059
3240,4.1062
3241,4.1065
3242,4.1067
3243,4.107
3244,4.1073
3245,4.1076
3246,4.1079
3247,4.1081
3248,4.1084
3249,4.1087
3250,4.1091
3251,4.1094
3252,4.1097
3253,4.1099
3254,4.1102
3255,4.1105
3256,4.1108
3257,4.111
3258,4.1113
3259,4.1116
3260,4.1119
3261,4.1122
3262,4.1124
3263,4.1127
3264,4.113
3265,4.1133
3266,4.1135
3267,4.1138
3268,4.1141
3269,4.1145
3270,4.1146
3271,4.1149
3272,4.1153
3273,4.1154
3274,4.1157
3275,4.1161
3276,4.1164
3277,4.1165
3278,4.1168
3279,4.1172
3280,4.1175
3281,4.1176
3282,4.118
3283,4.1183
3284,4.1184
3285,4.1188
3286,4.1191
3287,4.1192
3288,4.1195
3289,4.1197
3290,4.12
3291,4.1203
3292,4.1207
3293,4.1208
3294,4.1211
3295,4.1213
3296,4.1216
3297,4.1219
3298,4.1221
3299,4.1224
3300,4.1226
3301,4.1229
3302,4.1232
3303,4.1234
3304,4.1237
3305,4.1238
3306,4.1242
3307,4.1245
3308,4.1246
3309,4.1249
3310,4.1251
3311,4.1254
3312,4.1256
3313,4.1259
3314,4.1262
3315,4.1264
3316,4.1267
3317,4.1269
3318,4.1272
3319,4.1273
3320,4.1276
3321,4.1278
3322,4.1281
3323,4.1283
3324,4.1286
3325,4.1288
3326,4.1291
3327,4.1292
3328,4.1296
3329,4.1297
3330,4.1299
3331,4.1302
3332,4.1303
3333,4.1307
3334,4.1308
3335,4.1311
3336,4.1313
3337,4.1315
3338,4.1318
3339,4.1319
3340,4.1323
3341,4.1324
3342,4.1327
3343,4.1329
3344,4.1331
3345,4.1334
3346,4.1335
3347,4.1337
3348,4.134
3349,4.1342
3350,4.1343
3351,4.1346
3352,4.1348
3353,4.135
3354,4.1353
3355,4.1354
3356,4.1356
3357,4.1359
3358,4.1361
3359,4.1362
3360,4.1365
3361,4.1367
3362,4.1369
3363,4.1372
3364,4.1373
3365,4.1375
3366,4.1377
3367,4.138
3368,4.1381
3369,4.1383
3370,4.1386
3371,4.1388
3372,4.1389
3373,4.1391
3374,4.1392
3375,4.1396
3376,4.1397
3377,4.1399
3378,4.14
3379,4.1402
3380,4.1405
3381,4.1407
3382,4.1408
3383,4.141
3384,4.1412
3385,4.1415
3386,4.1416
3387,4.1418
3388,4.1419
3389,4.1421
3390,4.1423
3391,4.1426
3392,4.1427
3393,4.1429
3394,4.1431
3395,4.1432
3396,4.1434
3397,4.1435
3398,4.1437
3399,4.1439
3400,4.1442
3401,4.1443
3402,4.1445
3403,4.1446
3404,4.1448
3405,4.145
3406,4.1451
3407,4.1453
3408,4.1454
3409,4.1456
3410,4.1458
3411,4.1459
3412,4.1461
3413,4.1462
3414,4.1464
3415,4.1467
3416,4.1469
3417,4.1469
3418,4.147
3419,4.1472
3420,4.1473
3421,4.1475
3422,4.1477
3423,4.1478
3424,4.148
3425,4.1481
3426,4.1483
3427,4.1485
3428,4.1486
3429,4.1488
3430,4.1489
3431,4.1491
3432,4.1493
3433,4.1494
3434,4.1496
3435,4.1497
3436,4.1499
3437,4.15
3438,4.1502
3439,4.1504
3440,4.1504
3441,4.1505
3442,4.1507
3443,4.1508
3444,4.151
3445,4.1512
3446,4.1513
3447,4.1515
3448,4.1515
3449,4.1516
3450,4.1518
3451,4.152
3452,4.1521
3453,4.1523
3454,4.1523
3455,4.1524
3456,4.1526
3457,4.1527
3458,4.1529
3459,4.1531
3460,4.1531
3461,4.1532
3462,4.1534
3463,4.1535
3464,4.1537
3465,4.1537
3466,4.1539
3467,4.154
3468,4.1542
3469,4.1543
3470,4.1543
3471,4.1545
3472,4.1547
3473,4.1548
3474,4.1548
3475,4.155
3476,4.1551
3477,4.1553
3478,4.1553
3479,4.1555
3480,4.1556
3481,4.1556
3482,4.1558
3483,4.1559
3484,4.1559
3485,4.1561
3486,4.1562
3487,4.1564
3488,4.1564
3489,4.1566
3490,4.1567
3491,4.1567
3492,4.1569
3493,4.157
3494,4.157
3495,4.1572
3496,4.1574
3497,4.1575
3498,4.1575
3499,4.1577
3500,4.1577
3501,4.1578
3502,4.158
3503,4.158
3504,4.1582
3505,4.1583
3506,4.1583
3507,4.1585
3508,4.1586
3509,4.1586
3510,4.1588
3511,4.1588
3512,4.1589
3513,4.1591
3514,4.1591
3515,4.1593
3516,4.1593
3517,4.1594
3518,4.1596
3519,4.1596
3520,4.1597
3521,4.1597
3522,4.1599
3523,4.1601
3524,4.1601
3525,4.1602
3526,4.1602
3527,4.1604
3528,4.1604
3529,4.1605
3530,4.1607
3531,4.1607
3532,4.1607
3533,4.1609
3534,4.161
3535,4.161
3536,4.1612
3537,4.1612
3538,4.1613
3539,4.1613
3540,4.1615
3541,4.1616
3542,4.1616
3543,4.1616
3544,4.1618
3545,4.162
3546,4.162
3547,4.1621
3548,4.1621
3549,4.1623
3550,4.1623
3551,4.1624
3552,4.1624
3553,4.1626
3554,4.1626
3555,4.1628
3556,4.1628
3557,4.1629
3558,4.1629
3559,4.1631
3560,4.1631
3561,4.1632
3562,4.1632
3563,4.1634
3564,4.1634
3565,4.1636
3566,4.1636
3567,4.1637
3568,4.1637
3569,4.1639
3570,4.1639
3571,4.164
3572,4.1642
3573,4.1642
3574,4.1643
3575,4.1643
3576,4.1643
3577,4.1645
3578,4.1645
3579,4.1647
3580,4.1648
3581,4.1648
3582,4.1648
3583,4.165
3584,4.165
3585,4.1651
3586,4.1651
3587,4.1653
3588,4.1655
3589,4.1655
3590,4.1656
3591,4.1656
3592,4.1658
3593,4.1658
3594,4.1659
3595,4.1659
3596,4.1661
3597,4.1661
3598,4.1663
3599,4.1663
3600,4.1664
3601,4.1664
3602,4.1666
3603,4.1666
3604,4.1667
3605,4.1667
3606,4.1669
3607,4.1669
3608,4.167
3609,4.167
3610,4.1672
3611,4.1672
3612,4.1674
3613,4.1674
3614,4.1675
3615,4.1677
3616,4.1677
3617,4.1678
3618,4.1678
3619,4.1678
3620,4.168
3621,4.1682
3622,4.1682
3623,4.1683
3624,4.1683
3625,4.1685
3626,4.1685
3627,4.1686
3628,4.1688
3629,4.1688
3630,4.169
3631,4.169
3632,4.1691
3633,4.1691
3634,4.1693
3635,4.1693
3636,4.1694
3637,4.1694
3638,4.1696
3639,4.1697
3640,4.1697
3641,4.1699
3642,4.1699
3643,4.1701
3644,4.1701
3645,4.1702
3646,4.1704
3647,4.1704
3648,4.1705
3649,4.1705
3650,4.1707
3651,4.1709
3652,4.1709
3653,4.171
3654,4.171
3655,4.1712
3656,4.1713
3657,4.1713
3658,4.1715
3659,4.1717
3660,4.1717
3661,4.1718
3662,4.1718
3663,4.172
3664,4.1721
3665,4.1721
3666,4.1723
3667,4.1725
3668,4.1725
3669,4.1726
3670,4.1726
3671,4.1728
3672,4.1729
3673,4.1729
3674,4.1731
3675,4.1732
3676,4.1732
3677,4.1734
3678,4.1736
3679,4.1736
3680,4.1737
3681,4.1739
3682,4.174
3683,4.174
3684,4.1742
3685,4.1744
3686,4.1744
3687,4.1745
3688,4.1747
3689,4.1747
3690,4.1748
3691,4.175
3692,4.1752
3693,4.1752
3694,4.1753
3695,4.1755
3696,4.1756
3697,4.1756
3698,4.1758
3699,4.1759
3700,4.1761
3701,4.1761
3702,4.1763
3703,4.1764
3704,4.1766
3705,4.1767
3706,4.1767
3707,4.1769
3708,4.1771
3709,4.1772
3710,4.1774
3711,4.1774
3712,4.1775
3713,4.1777
3714,4.1779
3715,4.178
3716,4.1782
3717,4.1783
3718,4.1783
3719,4.1785
3720,4.1786
3721,4.1788
3722,4.179
3723,4.1791
3724,4.1793
3725,4.1794
3726,4.1794
3727,4.1796
3728,4.1798
3729,4.1799
3730,4.1801
3731,4.1802
3732,4.1804
3733,4.1806
3734,4.1807
3735,4.1809
3736,4.181
3737,4.1812
3738,4.1813
3739,4.1815
3740,4.1817
3741,4.1818
3742,4.182
3743,4.1821
3744,4.1823
3745,4.1825
3746,4.1826
3747,4.1828
3748,4.1829
3749,4.1831
3750,4.1833
3751,4.1834
3752,4.1836
3753,4.1837
3754,4.1839
3755,4.1842
3756,4.1844
3757,4.1845
3758,4.1847
3759,4.1848
3760,4.185
3761,4.1853
3762,4.1855
3763,4.1856
3764,4.1858
3765,4.186
3766,4.1863
3767,4.1864
3768,4.1866
3769,4.1867
3770,4.1871
3771,4.1872
3772,4.1874
3773,4.1875
3774,4.1877
3775,4.188
3776,4.1882
3777,4.1883
3778,4.1887
3779,4.1888
3780,4.189
3781,4.1893
3782,4.1894
3783,4.1896
3784,4.1899
3785,4.1901
3786,4.1904
3787,4.1906
3788,4.1909
3789,4.191
3790,4.1914
3791,4.1915
3792,4.1918
3793,4.192
3794,4.1923
3795,4.1925
3796,4.1928
3797,4.1929
3798,4.1933
3799,4.1934
3800,4.1937
3801,4.1941
3802,4.1942
3803,4.1945
3804,4.1949
3805,4.195
3806,4.1953
3807,4.1956
3808,4.1958
3809,4.1961
3810,4.1964
3811,4.1968
3812,4.1969
3813,4.1972
3814,4.1976
3815,4.1979
3816,4.1982
3817,4.1983
3818,4.1987
3819,4.199
3820,4.1993
3821,4.1996
3822,4.1999
3823,4.2003
3824,4.2006
3825,4.2009
3826,4.2012
3827,4.2015
3828,4.2018
3829,4.2022
3830,4.2025
3831,4.2028
3832,4.2033
3833,4.2036
3834,4.2039
3835,4.2042
3836,4.2045
3837,4.2049
3838,4.2053
3839,4.2057
3840,4.206
3841,4.2064
3842,4.2068
3843,4.2071
3844,4.2076
3845,4.2079
3846,4.2084
3847,4.2087
3848,4.2091
3849,4.2095
3850,4.2099
3851,4.2103
3852,4.2107
3853,4.2111
3854,4.2115
3855,4.212
3856,4.2123
3857,4.2128
3858,4.2133
3859,4.2136
3860,4.2141
3861,4.2146
3862,4.215
3863,4.2155
3864,4.216
3865,4.2163
3866,4.2168
3867,4.2173
3868,4.2177
3869,4.2182
3870,4.2187
3871,4.2193
3872,4.2198
3873,4.2203
3874,4.2207
3875,4.2212
3876,4.2217
3877,4.2223
3878,4.2228
3879,4.2233
3880,4.2239
3881,4.2244
3882,4.2249
3883,4.2255
3884,4.226
3885,4.2266
3886,4.2271
3887,4.2277
3888,4.2282
3889,4.2288
3890,4.2295
3891,4.23
3892,4.2306
3893,4.2312
3894,4.2319
3895,4.2323
3896,4.233
3897,4.2336
3898,4.2343
3899,4.2349
3900,4.2355
3901,4.2362
3902,4.2368
3903,4.2374
3904,4.2381
3905,4.2389
3906,4.2395
3907,4.2401
3908,4.2408
3909,4.2416
3910,4.2422
3911,4.2428
3912,4.2436
3913,4.2443
3914,4.2451
3915,4.2457
3916,4.2465
3917,4.2471
3918,4.2479
3919,4.2487
3920,4.2493
3921,4.2501
3922,4.2509
3923,4.2517
3924,4.2525
3925,4.2533
3926,4.2541
3927,4.2547
3928,4.2557
3929,4.2563
3930,4.2573
3931,4.2581
3932,4.2589
3933,4.2597
3934,4.2605
3935,4.2613
3936,4.2622
3937,4.263
3938,4.264
3939,4.2648
3940,4.2655
3941,4.2665
3942,4.2675
3943,4.2682
3944,4.2692
3945,4.27
3946,4.271
3947,4.2719
3948,4.2727
3949,4.2737
3950,4.2746
3951,4.2756
3952,4.2765
3953,4.2775
3954,4.2784
3955,4.2794
3956,4.2803
3957,4.2813
3958,4.2822
3959,4.2832
3960,4.2843
3961,4.2852
3962,4.2862
3963,4.2872
3964,4.2883
3965,4.2892
3966,4.2903
3967,4.2913
3968,4.2922
3969,4.2934
3970,4.2945
3971,4.2954
3972,4.2965
3973,4.2975
3974,4.2986
3975,4.2997
3976,4.3005
3977,4.3005
3978,4.3005
3979,4.3007
3980,4.3005
3981,4.3005
3982,4.3007
3983,4.3005
3984,4.3005
3985,4.2984
3986,4.2965
3987,4.2956
3988,4.2949
3989,4.2945
3990,4.294
3991,4.2937
3992,4.2934
3993,4.293
3994,4.2929
3995,4.2926
3996,4.2922
3997,4.2921
3998,4.2919
3999,4.2916
4000,4.2914
4001,4.2913
4002,4.2911
4003,4.291
4004,4.2908
4005,4.2908
4006,4.2907
4007,4.2905
4008,4.2903
4009,4.2903
4010,4.2902
4011,4.29
4012,4.29
4013,4.2899
4014,4.2897
4015,4.2897
4016,4.2895
4017,4.2895
4018,4.2894
4019,4.2894
4020,4.2892
4021,4.2892
4022,4.2891
4023,4.2891
4024,4.2889
4025,4.2889
4026,4.2887
4027,4.2887
4028,4.2887
4029,4.2886
4030,4.2886
4031,4.2884
4032,4.2884
4033,4.2884
4034,4.2883
4035,4.2883
4036,4.2883
4037,4.2881
4038,4.2881
4039,4.2881
4040,4.288
4041,4.288
4042,4.288
4043,4.2878
4044,4.2878
4045,4.2878
4046,4.2878
4047,4.2876
4048,4.2876
4049,4.2876
4050,4.2875
4051,4.2875
4052,4.2875
4053,4.2873
4054,4.2873
4055,4.2873
4056,4.2873
4057,4.2872
4058,4.2872
4059,4.2872
4060,4.2872
4061,4.287
4062,4.287
4063,4.287
4064,4.2868
4065,4.2868
4066,4.2868
4067,4.2868
4068,4.2867
4069,4.2867
4070,4.2867
4071,4.2867
4072,4.2867
4073,4.2865
4074,4.2865
4075,4.2865
4076,4.2865
4077,4.2864
4078,4.2864
4079,4.2864
4080,4.2864
4081,4.2864
4082,4.2862
4083,4.2862
4084,4.2862
4085,4.2862
4086,4.286
4087,4.286
4088,4.286
4089,4.286
4090,4.286
4091,4.2859
4092,4.2859
4093,4.2859
4094,4.2859
4095,4.2859
4096,4.2857
4097,4.2857
4098,4.2857
4099,4.2857
4100,4.2857
4101,4.2856
4102,4.2856
4103,4.2856
4104,4.2856
4105,4.2856
4106,4.2856
4107,4.2854
4108,4.2854
4109,4.2854
4110,4.2854
4111,4.2853
4112,4.2853
4113,4.2853
4114,4.2853
4115,4.2853
4116,4.2853
4117,4.2851
4118,4.2851
4119,4.2851
4120,4.2851
4121,4.2851
4122,4.2851
4123,4.2849
4124,4.2849
4125,4.2849
4126,4.2849
4127,4.2849
4128,4.2849
4129,4.2848
4130,4.2848
4131,4.2848
4132,4.2848
4133,4.2848
4134,4.2848
4135,4.2846
4136,4.2846
4137,4.2846
4138,4.2846
4139,4.2846
4140,4.2846
4141,4.2846
4142,4.2845
4143,4.2845
4144,4.2845
4145,4.2845
4146,4.2845
4147,4.2845
4148,4.2843
4149,4.2843
4150,4.2843
4151,4.2843
4152,4.2843
4153,4.2843
4154,4.2841
4155,4.2841
4156,4.2841
4157,4.2841
4158,4.2841
4159,4.2841
4160,4.2841
4161,4.284
4162,4.284
4163,4.284
4164,4.284
4165,4.284
4166,4.2787
4167,4.2741
4168,4.2719
4169,4.2698
4170,4.2681
4171,4.2665
4172,4.2649
4173,4.2635
4174,4.2621
4175,4.2608
4176,4.2595
4177,4.2582
4178,4.257
4179,4.2557
4180,4.2546
4181,4.2533
4182,4.2522
4183,4.2511
4184,4.25
4185,4.2489
4186,4.2478
4187,4.2468
4188,4.2457
4189,4.2446
4190,4.2436
4191,4.2425
4192,4.2416
4193,4.2406
4194,4.2396
4195,4.2387
4196,4.2376
4197,4.2368
4198,4.2358
4199,4.2349
4200,4.2339
4201,4.233
4202,4.2322
4203,4.2312
4204,4.2303
4205,4.2295
4206,4.2287
4207,4.2277
4208,4.2269
4209,4.226
4210,4.2252
4211,4.2244
4212,4.2236
4213,4.2228
4214,4.222
4215,4.2212
4216,4.2204
4217,4.2196
4218,4.2188
4219,4.218
4220,4.2172
4221,4.2166
4222,4.2158
4223,4.215
4224,4.2144
4225,4.2136
4226,4.213
4227,4.2122
4228,4.2115
4229,4.2109
4230,4.2101
4231,4.2095
4232,4.2088
4233,4.2082
4234,4.2076
4235,4.2069
4236,4.2063
4237,4.2056
4238,4.205
4239,4.2044
4240,4.2037
4241,4.2031
4242,4.2025
4243,4.2018
4244,4.2014
4245,4.2007
4246,4.2001
4247,4.1996
4248,4.199
4249,4.1985
4250,4.1979
4251,4.1974
4252,4.1967
4253,4.1963
4254,4.1958
4255,4.1952
4256,4.1947
4257,4.1942
4258,4.1937
4259,4.1931
4260,4.1926
4261,4.1921
4262,4.1917
4263,4.1912
4264,4.1907
4265,4.1902
4266,4.1898
4267,4.1893
4268,4.1888
4269,4.1883
4270,4.188
4271,4.1875
4272,4.1871
4273,4.1866
4274,4.1863
4275,4.1858
4276,4.1853
4277,4.185
4278,4.1845
4279,4.184
4280,4.1837
4281,4.1834
4282,4.1829
4283,4.1826
4284,4.1821
4285,4.1818
4286,4.1813
4287,4.181
4288,4.1807
4289,4.1802
4290,4.1799
4291,4.1796
4292,4.1793
4293,4.1788
4294,4.1785
4295,4.1782
4296,4.1778
4297,4.1775
4298,4.1772
4299,4.1769
4300,4.1766
4301,4.1762
4302,4.1759
4303,4.1756
4304,4.1753
4305,4.175
4306,4.1747
4307,4.1743
4308,4.174
4309,4.1737
4310,4.1734
4311,4.1732
4312,4.1729
4313,4.1726
4314,4.1723
4315,4.172
4316,4.1718
4317,4.1715
4318,4.1712
4319,4.171
4320,4.1707
4321,4.1704
4322,4.1702
4323,4.1699
4324,4.1697
4325,4.1694
4326,4.1691
4327,4.1689
4328,4.1686
4329,4.1685
4330,4.1681
4331,4.168
4332,4.1677
4333,4.1675
4334,4.1672
4335,4.167
4336,4.1669
4337,4.1666
4338,4.1664
4339,4.1662
4340,4.1659
4341,4.1658
4342,4.1656
4343,4.1653
4344,4.1651
4345,4.165
4346,4.1646
4347,4.1645
4348,4.1643
4349,4.164
4350,4.1639
4351,4.1637
4352,4.1635
4353,4.1634
4354,4.1632
4355,4.1629
4356,4.1627
4357,4.1626
4358,4.1624
4359,4.1623
4360,4.1621
4361,4.1619
4362,4.1616
4363,4.1615
4364,4.1613
4365,4.1612
4366,4.161
4367,4.1608
4368,4.1607
4369,4.1605
4370,4.1604
4371,4.1602
4372,4.16
4373,4.1599
4374,4.1597
4375,4.1596
4376,4.1594
4377,4.1592
4378,4.1591
4379,4.1589
4380,4.1588
4381,4.1586
4382,4.1584
4383,4.1583
4384,4.1583
4385,4.1581
4386,4.158
4387,4.1578
4388,4.1577
4389,4.1575
4390,4.1573
4391,4.1572
4392,4.157
4393,4.157
4394,4.1569
4395,4.1567
4396,4.1565
4397,4.1564
4398,4.1562
4399,4.1562
4400,4.1561
4401,4.1559
4402,4.1557
4403,4.1557
4404,4.1556
4405,4.1554
4406,4.1553
4407,4.1553
4408,4.1551
4409,4.155
4410,4.1548
4411,4.1548
4412,4.1546
4413,4.1545
4414,4.1543
4415,4.1543
4416,4.1542
4417,4.154
4418,4.154
4419,4.1538
4420,4.1537
4421,4.1537
4422,4.1535
4423,4.1534
4424,4.1534
4425,4.1532
4426,4.153
4427,4.1529
4428,4.1529
4429,4.1527
4430,4.1527
4431,4.1526
4432,4.1524
4433,4.1524
4434,4.1523
4435,4.1521
4436,4.1521
4437,4.1519
4438,4.1519
4439,4.1518
4440,4.1516
4441,4.1516
4442,4.1515
4443,4.1515
4444,4.1513
4445,4.1511
4446,4.1511
4447,4.151
4448,4.151
4449,4.1508
4450,4.1508
4451,4.1507
4452,4.1505
4453,4.1505
4454,4.1503
4455,4.1503
4456,4.1502
4457,4.1502
4458,4.15
4459,4.15
4460,4.1499
4461,4.1499
4462,4.1497
4463,4.1496
4464,4.1496
4465,4.1494
4466,4.1494
4467,4.1492
4468,4.1492
4469,4.1491
4470,4.1491
4471,4.1489
4472,4.1489
4473,4.1488
4474,4.1488
4475,4.1486
4476,4.1484
4477,4.1484
4478,4.1484
4479,4.1483
4480,4.1483
4481,4.1481
4482,4.1481
4483,4.148
4484,4.148
4485,4.1478
4486,4.1478
4487,4.1476
4488,4.1476
4489,4.1475
4490,4.1475
4491,4.1473
4492,4.1473
4493,4.1472
4494,4.1472
4495,4.147
4496,4.147
4497,4.1468
4498,4.1468
4499,4.1467
4500,4.1467
4501,4.1465
4502,4.1465
4503,4.1464
4504,4.1464
4505,4.1462
4506,4.1462
4507,4.1461
4508,4.1461
4509,4.1459
4510,4.1459
4511,4.1459
4512,4.1457
4513,4.1457
4514,4.1456
4515,4.1456
4516,4.1454
4517,4.1454
4518,4.1453
4519,4.1453
4520,4.1451
4521,4.1451
4522,4.1449
4523,4.1449
4524,4.1449
4525,4.1448
4526,4.1448
4527,4.1446
4528,4.1446
4529,4.1445
4530,4.1445
4531,4.1445
4532,4.1443
4533,4.1441
4534,4.1441
4535,4.1441
4536,4.144
4537,4.144
4538,4.1438
4539,4.1438
4540,4.1437
4541,4.1437
4542,4.1435
4543,4.1435
4544,4.1435
4545,4.1434
4546,4.1434
4547,4.1432
4548,4.1432
4549,4.143
4550,4.143
4551,4.1429
4552,4.1429
4553,4.1429
4554,4.1427
4555,4.1427
4556,4.1426
4557,4.1426
4558,4.1424
4559,4.1424
4560,4.1422
4561,4.1422
4562,4.1422
4563,4.1421
4564,4.1419
4565,4.1419
4566,4.1419
4567,4.1418
4568,4.1418
4569,4.1416
4570,4.1416
4571,4.1414
4572,4.1414
4573,4.1414
4574,4.1413
4575,4.1413
4576,4.1411
4577,4.1411
4578,4.141
4579,4.141
4580,4.1408
4581,4.1408
4582,4.1407
4583,4.1407
4584,4.1405
4585,4.1405
4586,4.1403
4587,4.1403
4588,4.1403
4589,4.1402
4590,4.1402
4591,4.14
4592,4.14
4593,4.1399
4594,4.1399
4595,4.1397
4596,4.1397
4597,4.1395
4598,4.1395
4599,4.1394
4600,4.1394
4601,4.1392
4602,4.1392
4603,4.1392
4604,4.1391
4605,4.1391
4606,4.1389
4607,4.1387
4608,4.1387
4609,4.1387
4610,4.1386
4611,4.1386
4612,4.1384
4613,4.1384
4614,4.1384
4615,4.1384
4616,4.1383
4617,4.1383
4618,4.1383
4619,4.1383
4620,4.1381
4621,4.1381
4622,4.1381
4623,4.1381
4624,4.138
4625,4.138
4626,4.138
4627,4.138
4628,4.1378
4629,4.1378
4630,4.1378
4631,4.1378
4632,4.1376
4633,4.1376
4634,4.1376
4635,4.1376
4636,4.1375
4637,4.1375
4638,4.1375
4639,4.1375
4640,4.1373
4641,4.1373
4642,4.1373
4643,4.1373
4644,4.1372
4645,4.1372
4646,4.137
4647,4.137
4648,4.137
4649,4.137
4650,4.1368
4651,4.1368
4652,4.1368
4653,4.1368
4654,4.1367
4655,4.1367
4656,4.1365
4657,4.1365
4658,4.1364
4659,4.1364
4660,4.1362
4661,4.1362
4662,4.136
4663,4.1359
4664,4.1359
4665,4.1357
4666,4.1357
4667,4.1356
4668,4.1356
4669,4.1354
4670,4.1354
4671,4.1353
4672,4.1351
4673,4.1351
4674,4.1349
4675,4.1349
4676,4.1348
4677,4.1346
4678,4.1346
4679,4.1345
4680,4.1345
4681,4.1343
4682,4.1343
4683,4.1341
4684,4.134
4685,4.134
4686,4.1338
4687,4.1337
4688,4.1337
4689,4.1335
4690,4.1333
4691,4.1333
4692,4.1332
4693,4.1332
4694,4.133
4695,4.1329
4696,4.1329
4697,4.1327
4698,4.1325
4699,4.1324
4700,4.1324
4701,4.1322
4702,4.1321
4703,4.1321
4704,4.1319
4705,4.1318
4706,4.1318
4707,4.1316
4708,4.1314
4709,4.1313
4710,4.1313
4711,4.1311
4712,4.131
4713,4.1308
4714,4.1308
4715,4.1306
4716,4.1305
4717,4.1303
4718,4.1303
4719,4.1302
4720,4.13
4721,4.1298
4722,4.1298
4723,4.1297
4724,4.1295
4725,4.1294
4726,4.1294
4727,4.1292
4728,4.1291
4729,4.1289
4730,4.1287
4731,4.1286
4732,4.1284
4733,4.1284
4734,4.1283
4735,4.1281
4736,4.1279
4737,4.1278
4738,4.1276
4739,4.1275
4740,4.1273
4741,4.1273
4742,4.1271
4743,4.127
4744,4.1268
4745,4.1267
4746,4.1265
4747,4.1264
4748,4.1262
4749,4.126
4750,4.1259
4751,4.1257
4752,4.1256
4753,4.1254
4754,4.1254
4755,4.1252
4756,4.1251
4757,4.1249
4758,4.1248
4759,4.1244
4760,4.1244
4761,4.1243
4762,4.1241
4763,4.1238
4764,4.1237
4765,4.1237
4766,4.1233
4767,4.1232
4768,4.123
4769,4.1229
4770,4.1227
4771,4.1225
4772,4.1224
4773,4.1222
4774,4.1221
4775,4.1219
4776,4.1217
4777,4.1216
4778,4.1213
4779,4.1211
4780,4.1209
4781,4.1208
4782,4.1206
4783,4.1205
4784,4.1203
4785,4.12
4786,4.1198
4787,4.1197
4788,4.1195
4789,4.1194
4790,4.119
4791,4.1189
4792,4.1187
4793,4.1186
4794,4.1184
4795,4.1181
4796,4.1179
4797,4.1178
4798,4.1176
4799,4.1173
4800,4.1171
4801,4.117
4802,4.1168
4803,4.1165
4804,4.1163
4805,4.1162
4806,4.1159
4807,4.1157
4808,4.1155
4809,4.1152
4810,4.1151
4811,4.1149
4812,4.1146
4813,4.1144
4814,4.1143
4815,4.114
4816,4.1138
4817,4.1136
4818,4.1133
4819,4.1132
4820,4.113
4821,4.1127
4822,4.1125
4823,4.1122
4824,4.1121
4825,4.1117
4826,4.1116
4827,4.1114
4828,4.1111
4829,4.1109
4830,4.1106
4831,4.1105
4832,4.1101
4833,4.11
4834,4.1097
4835,4.1095
4836,4.1092
4837,4.109
4838,4.1089
4839,4.1086
4840,4.1084
4841,4.1081
4842,4.1078
4843,4.1076
4844,4.1073
4845,4.1071
4846,4.1068
4847,4.1066
4848,4.1063
4849,4.1062
4850,4.1059
4851,4.1055
4852,4.1054
4853,4.1051
4854,4.1049
4855,4.1046
4856,4.1043
4857,4.1041
4858,4.1038
4859,4.1036
4860,4.1033
4861,4.103
4862,4.1028
4863,4.1025
4864,4.1022
4865,4.102
4866,4.1017
4867,4.1016
4868,4.1012
4869,4.1009
4870,4.1006
4871,4.1005
4872,4.1001
4873,4.1
4874,4.0997
4875,4.0993
4876,4.099
4877,4.0989
4878,4.0985
4879,4.0982
4880,4.0979
4881,4.0977
4882,4.0974
4883,4.0971
4884,4.097
4885,4.0966
4886,4.0963
4887,4.096
4888,4.0957
4889,4.0955
4890,4.0952
4891,4.0949
4892,4.0946
4893,4.0944
4894,4.0941
4895,4.0938
4896,4.0935
4897,4.0931
4898,4.093
4899,4.0927
4900,4.0923
4901,4.092
4902,4.0917
4903,4.0914
4904,4.0912
4905,4.0909
4906,4.0906
4907,4.0903
4908,4.09
4909,4.0896
4910,4.0895
4911,4.0892
4912,4.0889
4913,4.0885
4914,4.0882
4915,4.0879
4916,4.0876
4917,4.0873
4918,4.0871
4919,4.0868
4920,4.0865
4921,4.0861
4922,4.0858
4923,4.0855
4924,4.0852
4925,4.0849
4926,4.0846
4927,4.0842
4928,4.0841
4929,4.0838
4930,4.0834
4931,4.0831
4932,4.0828
4933,4.0825
4934,4.0822
4935,4.0819
4936,4.0815
4937,4.0812
4938,4.0809
4939,4.0806
4940,4.0803
4941,4.08
4942,4.0796
4943,4.0793
4944,4.0792
4945,4.0788
4946,4.0785
4947,4.0782
4948,4.0779
4949,4.0776
4950,4.0773
4951,4.0769
4952,4.0766
4953,4.0763
4954,4.076
4955,4.0757
4956,4.0753
4957,4.075
4958,4.0747
4959,4.0744
4960,4.0741
4961,4.0738
4962,4.0734
4963,4.0731
4964,4.0728
4965,4.0725
4966,4.0722
4967,4.0718
4968,4.0715
4969,4.0712
4970,4.0709
4971,4.0706
4972,4.0703
4973,4.0699
4974,4.0696
4975,4.0693
4976,4.069
4977,4.0687
4978,4.0684
4979,4.068
4980,4.0679
4981,4.0674
4982,4.0671
4983,4.0668
4984,4.0666
4985,4.0663
4986,4.066
4987,4.0657
4988,4.0653
4989,4.065
4990,4.0647
4991,4.0644
4992,4.0641
4993,4.0637
4994,4.0634
4995,4.0631
4996,4.0628
4997,4.0625
4998,4.0622
4999,4.0618
5000,4.0615
5001,4.0612
5002,4.0609
5003,4.0606
5004,4.0602
5005,4.0599
5006,4.0596
5007,4.0593
5008,4.0591
5009,4.0588
5010,4.0585
5011,4.0582
5012,4.0579
5013,4.0575
5014,4.0572
5015,4.0569
5016,4.0566
5017,4.0563
5018,4.056
5019,4.0556
5020,4.0555
5021,4.0552
5022,4.0548
5023,4.0545
5024,4.0542
5025,4.0539
5026,4.0536
5027,4.0533
5028,4.0529
5029,4.0528
5030,4.0525
5031,4.0521
5032,4.0518
5033,4.0515
5034,4.0512
5035,4.0509
5036,4.0507
5037,4.0504
5038,4.0501
5039,4.0498
5040,4.0494
5041,4.0491
5042,4.049
5043,4.0486
5044,4.0483
5045,4.048
5046,4.0477
5047,4.0474
5048,4.0472
5049,4.0469
5050,4.0466
5051,4.0463
5052,4.0461
5053,4.0458
5054,4.0455
5055,4.0452
5056,4.045
5057,4.0447
5058,4.0444
5059,4.044
5060,4.0437
5061,4.0436
5062,4.0432
5063,4.0429
5064,4.0428
5065,4.0425
5066,4.0421
5067,4.0418
5068,4.0417
5069,4.0413
5070,4.041
5071,4.0409
5072,4.0405
5073,4.0402
5074,4.0401
5075,4.0398
5076,4.0394
5077,4.0393
5078,4.039
5079,4.0386
5080,4.0385
5081,4.0382
5082,4.038
5083,4.0377
5084,4.0374
5085,4.0372
5086,4.0369
5087,4.0367
5088,4.0364
5089,4.0361
5090,4.0359
5091,4.0356
5092,4.0355
5093,4.0351
5094,4.0348
5095,4.0347
5096,4.0343
5097,4.0342
5098,4.0339
5099,4.0337
5100,4.0334
5101,4.0332
5102,4.0329
5103,4.0328
5104,4.0324
5105,4.0323
5106,4.032
5107,4.0318
5108,4.0315
5109,4.0313
5110,4.031
5111,4.0309
5112,4.0307
5113,4.0304
5114,4.0302
5115,4.0299
5116,4.0297
5117,4.0296
5118,4.0293
5119,4.0291
5120,4.0288
5121,4.0286
5122,4.0283
5123,4.0282
5124,4.028
5125,4.0277
5126,4.0275
5127,4.0272
5128,4.027
5129,4.0269
5130,4.0266
5131,4.0264
5132,4.0262
5133,4.0259
5134,4.0258
5135,4.0256
5136,4.0253
5137,4.0251
5138,4.025
5139,4.0247
5140,4.0245
5141,4.0243
5142,4.0242
5143,4.0239
5144,4.0237
5145,4.0235
5146,4.0232
5147,4.0231
5148,4.0229
5149,4.0227
5150,4.0224
5151,4.0223
5152,4.0221
5153,4.022
5154,4.0218
5155,4.0215
5156,4.0213
5157,4.0212
5158,4.021
5159,4.0207
5160,4.0205
5161,4.0204
5162,4.0202
5163,4.02
5164,4.0199
5165,4.0196
5166,4.0194
5167,4.0193
5168,4.0191
5169,4.0189
5170,4.0188
5171,4.0185
5172,4.0183
5173,4.0181
5174,4.018
5175,4.0178
5176,4.0177
5177,4.0175
5178,4.0172
5179,4.017
5180,4.0169
5181,4.0167
5182,4.0166
5183,4.0164
5184,4.0162
5185,4.0161
5186,4.0158
5187,4.0158
5188,4.0154
5189,4.0153
5190,4.0151
5191,4.015
5192,4.0148
5193,4.0146
5194,4.0145
5195,4.0143
5196,4.0142
5197,4.014
5198,4.0138
5199,4.0135
5200,4.0134
5201,4.0132
5202,4.0131
5203,4.0129
5204,4.0127
5205,4.0126
5206,4.0124
5207,4.0123
5208,4.0121
5209,4.0119
5210,4.0118
5211,4.0116
5212,4.0115
5213,4.0113
5214,4.0111
5215,4.011
5216,4.0108
5217,4.0107
5218,4.0105
5219,4.0104
5220,4.0102
5221,4.01
5222,4.0099
5223,4.0097
5224,4.0096
5225,4.0094
5226,4.0092
5227,4.0091
5228,4.0089
5229,4.0088
5230,4.0086
5231,4.0084
5232,4.0083
5233,4.0081
5234,4.008
5235,4.0078
5236,4.0077
5237,4.0075
5238,4.0073
5239,4.0072
5240,4.007
5241,4.0069
5242,4.0067
5243,4.0065
5244,4.0064
5245,4.0062
5246,4.0061
5247,4.0059
5248,4.0057
5249,4.0056
5250,4.0054
5251,4.0053
5252,4.0051
5253,4.005
5254,4.0048
5255,4.0046
5256,4.0045
5257,4.0043
5258,4.0042
5259,4.004
5260,4.0038
5261,4.0037
5262,4.0035
5263,4.0034
5264,4.0032
5265,4.003
5266,4.0029
5267,4.0027
5268,4.0026
5269,4.0024
5270,4.0022
5271,4.0021
5272,4.0019
5273,4.0018
5274,4.0016
5275,4.0015
5276,4.0013
5277,4.0011
5278,4.001
5279,4.0008
5280,4.0005
5281,4.0003
5282,4.0002
5283,4.0
5284,3.9999
5285,3.9997
5286,3.9995
5287,3.9994
5288,3.9992
5289,3.9991
5290,3.9989
5291,3.9988
5292,3.9986
5293,3.9984
5294,3.9983
5295,3.9981
5296,3.998
5297,3.9978
5298,3.9976
5299,3.9975
5300,3.9973
5301,3.9972
5302,3.9968
5303,3.9967
5304,3.9965
5305,3.9964
5306,3.9962
5307,3.9961
5308,3.9959
5309,3.9957
5310,3.9956
5311,3.9954
5312,3.9953
5313,3.9951
5314,3.9948
5315,3.9946
5316,3.9945
5317,3.9943
5318,3.9941
5319,3.994
5320,3.9938
5321,3.9937
5322,3.9935
5323,3.9932
5324,3.993
5325,3.9929
5326,3.9927
5327,3.9926
5328,3.9924
5329,3.9922
5330,3.9919
5331,3.9918
5332,3.9916
5333,3.9914
5334,3.9913
5335,3.9911
5336,3.9908
5337,3.9906
5338,3.9905
5339,3.9903
5340,3.9902
5341,3.99
5342,3.9897
5343,3.9895
5344,3.9894
5345,3.9892
5346,3.9891
5347,3.9887
5348,3.9886
5349,3.9884
5350,3.9883
5351,3.9881
5352,3.9878
5353,3.9876
5354,3.9875
5355,3.9872
5356,3.987
5357,3.9868
5358,3.9867
5359,3.9865
5360,3.9862
5361,3.986
5362,3.9859
5363,3.9856
5364,3.9854
5365,3.9852
5366,3.9851
5367,3.9848
5368,3.9846
5369,3.9845
5370,3.9841
5371,3.984
5372,3.9838
5373,3.9835
5374,3.9833
5375,3.9832
5376,3.983
5377,3.9827
5378,3.9825
5379,3.9822
5380,3.9821
5381,3.9819
5382,3.9816
5383,3.9814
5384,3.9813
5385,3.981
5386,3.9808
5387,3.9805
5388,3.9803
5389,3.9802
5390,3.9798
5391,3.9797
5392,3.9794
5393,3.9792
5394,3.9791
5395,3.9787
5396,3.9786
5397,3.9783
5398,3.9781
5399,3.9778
5400,3.9776
5401,3.9775
5402,3.9771
5403,3.977
5404,3.9767
5405,3.9765
5406,3.9762
5407,3.976
5408,3.9757
5409,3.9756
5410,3.9752
5411,3.9751
5412,3.9748
5413,3.9746
5414,3.9743
5415,3.9741
5416,3.9738
5417,3.9736
5418,3.9733
5419,3.9732
5420,3.9729
5421,3.9727
5422,3.9724
5423,3.9722
5424,3.9719
5425,3.9716
5426,3.9714
5427,3.9711
5428,3.9709
5429,3.9706
5430,3.9705
5431,3.9702
5432,3.9698
5433,3.9697
5434,3.9694
5435,3.9692
5436,3.9689
5437,3.9686
5438,3.9684
5439,3.9681
5440,3.9679
5441,3.9676
5442,3.9673
5443,3.9671
5444,3.9668
5445,3.9665
5446,3.9663
5447,3.966
5448,3.9659
5449,3.9655
5450,3.9652
5451,3.9651
5452,3.9647
5453,3.9644
5454,3.9643
5455,3.964
5456,3.9636
5457,3.9635
5458,3.9632
5459,3.9628
5460,3.9627
5461,3.9624
5462,3.962
5463,3.9619
5464,3.9616
5465,3.9613
5466,3.9609
5467,3.9608
5468,3.9605
5469,3.9601
5470,3.96
5471,3.9597
5472,3.9593
5473,3.959
5474,3.9589
5475,3.9586
5476,3.9582
5477,3.9581
5478,3.9578
5479,3.9574
5480,3.9571
5481,3.957
5482,3.9566
5483,3.9563
5484,3.956
5485,3.9559
5486,3.9555
5487,3.9552
5488,3.9549
5489,3.9547
5490,3.9544
5491,3.9541
5492,3.9538
5493,3.9536
5494,3.9533
5495,3.953
5496,3.9527
5497,3.9525
5498,3.9522
5499,3.9519
5500,3.9516
5501,3.9514
5502,3.9511
5503,3.9508
5504,3.9504
5505,3.9501
5506,3.95
5507,3.9497
5508,3.9493
5509,3.949
5510,3.9489
5511,3.9485
5512,3.9482
5513,3.9479
5514,3.9476
5515,3.9474
5516,3.9471
5517,3.9468
5518,3.9465
5519,3.9462
5520,3.946
5521,3.9457
5522,3.9454
5523,3.945
5524,3.9449
5525,3.9446
5526,3.9443
5527,3.9439
5528,3.9436
5529,3.9433
5530,3.9431
5531,3.9428
5532,3.9425
5533,3.9422
5534,3.942
5535,3.9417
5536,3.9414
5537,3.9411
5538,3.9408
5539,3.9406
5540,3.9403
5541,3.94
5542,3.9396
5543,3.9395
5544,3.9392
5545,3.9388
5546,3.9385
5547,3.9382
5548,3.9381
5549,3.9377
5550,3.9374
5551,3.9371
5552,3.9369
5553,3.9366
5554,3.9363
5555,3.936
5556,3.9358
5557,3.9355
5558,3.9352
5559,3.9349
5560,3.9346
5561,3.9344
5562,3.9341
5563,3.9338
5564,3.9336
5565,3.9333
5566,3.933
5567,3.9327
5568,3.9323
5569,3.9322
5570,3.9319
5571,3.9315
5572,3.9314
5573,3.9311
5574,3.9307
5575,3.9304
5576,3.9303
5577,3.9299
5578,3.9296
5579,3.9293
5580,3.9292
5581,3.9288
5582,3.9285
5583,3.9284
5584,3.928
5585,3.9277
5586,3.9274
5587,3.9272
5588,3.9269
5589,3.9266
5590,3.9265
5591,3.9261
5592,3.9258
5593,3.9255
5594,3.9253
5595,3.925
5596,3.9247
5597,3.9245
5598,3.9242
5599,3.9239
5600,3.9238
5601,3.9234
5602,3.9231
5603,3.923
5604,3.9226
5605,3.9223
5606,3.9222
5607,3.9218
5608,3.9215
5609,3.9214
5610,3.9211
5611,3.9207
5612,3.9206
5613,3.9203
5614,3.9201
5615,3.9198
5616,3.9195
5617,3.9193
5618,3.919
5619,3.9187
5620,3.9185
5621,3.9182
5622,3.9179
5623,3.9177
5624,3.9174
5625,3.9171
5626,3.9169
5627,3.9166
5628,3.9164
5629,3.9161
5630,3.9158
5631,3.9156
5632,3.9153
5633,3.9152
5634,3.9149
5635,3.9147
5636,3.9144
5637,3.9141
5638,3.9139
5639,3.9136
5640,3.9134
5641,3.9131
5642,3.9129
5643,3.9126
5644,3.9123
5645,3.9122
5646,3.9118
5647,3.9117
5648,3.9114
5649,3.9112
5650,3.9109
5651,3.9106
5652,3.9104
5653,3.9101
5654,3.9099
5655,3.9096
5656,3.9095
5657,3.9091
5658,3.909
5659,3.9087
5660,3.9085
5661,3.9082
5662,3.9079
5663,3.9077
5664,3.9074
5665,3.9072
5666,3.9069
5667,3.9067
5668,3.9064
5669,3.9063
5670,3.906
5671,3.9058
5672,3.9055
5673,3.9053
5674,3.905
5675,3.9048
5676,3.9045
5677,3.9044
5678,3.904
5679,3.9039
5680,3.9036
5681,3.9034
5682,3.9031
5683,3.9029
5684,3.9026
5685,3.9025
5686,3.9021
5687,3.902
5688,3.9017
5689,3.9015
5690,3.9012
5691,3.901
5692,3.9007
5693,3.9006
5694,3.9002
5695,3.9001
5696,3.8998
5697,3.8996
5698,3.8994
5699,3.8991
5700,3.899
5701,3.8986
5702,3.8985
5703,3.8982
5704,3.898
5705,3.8977
5706,3.8975
5707,3.8972
5708,3.8971
5709,3.8969
5710,3.8966
5711,3.8964
5712,3.8961
5713,3.8959
5714,3.8956
5715,3.8955
5716,3.8952
5717,3.895
5718,3.8947
5719,3.8945
5720,3.8942
5721,3.894
5722,3.8939
5723,3.8936
5724,3.8934
5725,3.8931
5726,3.8929
5727,3.8926
5728,3.8924
5729,3.8921
5730,3.892
5731,3.8918
5732,3.8915
5733,3.8913
5734,3.891
5735,3.8909
5736,3.8905
5737,3.8904
5738,3.8902
5739,3.8899
5740,3.8897
5741,3.8894
5742,3.8893
5743,3.889
5744,3.8888
5745,3.8885
5746,3.8883
5747,3.8882
5748,3.8878
5749,3.8877
5750,3.8874
5751,3.8872
5752,3.887
5753,3.8867
5754,3.8866
5755,3.8863
5756,3.8861
5757,3.8858
5758,3.8856
5759,3.8855
5760,3.8851
5761,3.885
5762,3.8847
5763,3.8845
5764,3.8842
5765,3.884
5766,3.8837
5767,3.8836
5768,3.8834
5769,3.8831
5770,3.8829
5771,3.8826
5772,3.8824
5773,3.8821
5774,3.882
5775,3.8816
5776,3.8815
5777,3.8813
5778,3.881
5779,3.8808
5780,3.8805
5781,3.8804
5782,3.8801
5783,3.8799
5784,3.8796
5785,3.8794
5786,3.8793
5787,3.8789
5788,3.8788
5789,3.8785
5790,3.8783
5791,3.878
5792,3.8778
5793,3.8775
5794,3.8774
5795,3.877
5796,3.8769
5797,3.8767
5798,3.8764
5799,3.8762
5800,3.8759
5801,3.8758
5802,3.8754
5803,3.8753
5804,3.875
5805,3.8748
5806,3.8745
5807,3.8743
5808,3.874
5809,3.8739
5810,3.8735
5811,3.8734
5812,3.8732
5813,3.8729
5814,3.8727
5815,3.8724
5816,3.8723
5817,3.872
5818,3.8718
5819,3.8715
5820,3.8713
5821,3.871
5822,3.8708
5823,3.8705
5824,3.8704
5825,3.87
5826,3.8699
5827,3.8696
5828,3.8694
5829,3.8691
5830,3.8689
5831,3.8686
5832,3.8685
5833,3.8681
5834,3.868
5835,3.8677
5836,3.8675
5837,3.8672
5838,3.867
5839,3.8667
5840,3.8665
5841,3.8662
5842,3.8661
5843,3.8658
5844,3.8656
5845,3.8653
5846,3.8651
5847,3.8648
5848,3.8646
5849,3.8643
5850,3.8642
5851,3.8638
5852,3.8637
5853,3.8634
5854,3.8632
5855,3.8629
5856,3.8627
5857,3.8624
5858,3.8623
5859,3.8619
5860,3.8616
5861,3.8615
5862,3.8611
5863,3.861
5864,3.8607
5865,3.8605
5866,3.8602
5867,3.86
5868,3.8597
5869,3.8596
5870,3.8592
5871,3.8589
5872,3.8588
5873,3.8584
5874,3.8583
5875,3.858
5876,3.8578
5877,3.8575
5878,3.8573
5879,3.857
5880,3.8569
5881,3.8565
5882,3.8564
5883,3.8561
5884,3.8557
5885,3.8556
5886,3.8553
5887,3.8551
5888,3.8548
5889,3.8546
5890,3.8543
5891,3.854
5892,3.8538
5893,3.8535
5894,3.8534
5895,3.853
5896,3.8529
5897,3.8526
5898,3.8524
5899,3.8521
5900,3.8519
5901,3.8516
5902,3.8513
5903,3.8511
5904,3.8508
5905,3.8507
5906,3.8503
5907,3.8502
5908,3.8499
5909,3.8495
5910,3.8494
5911,3.8491
5912,3.8489
5913,3.8486
5914,3.8484
5915,3.8481
5916,3.8478
5917,3.8476
5918,3.8473
5919,3.8472
5920,3.8468
5921,3.8467
5922,3.8464
5923,3.846
5924,3.8459
5925,3.8456
5926,3.8454
5927,3.8451
5928,3.8448
5929,3.8446
5930,3.8443
5931,3.8441
5932,3.8438
5933,3.8437
5934,3.8433
5935,3.8432
5936,3.8429
5937,3.8426
5938,3.8424
5939,3.8421
5940,3.8419
5941,3.8416
5942,3.8414
5943,3.8411
5944,3.841
5945,3.8406
5946,3.8403
5947,3.8402
5948,3.8399
5949,3.8397
5950,3.8394
5951,3.8392
5952,3.8389
5953,3.8386
5954,3.8384
5955,3.8381
5956,3.8379
5957,3.8376
5958,3.8375
5959,3.8372
5960,3.837
5961,3.8367
5962,3.8364
5963,3.8362
5964,3.8359
5965,3.8357
5966,3.8354
5967,3.8352
5968,3.8349
5969,3.8348
5970,3.8344
5971,3.8343
5972,3.834
5973,3.8338
5974,3.8335
5975,3.8332
5976,3.833
5977,3.8327
5978,3.8325
5979,3.8322
5980,3.8321
5981,3.8317
5982,3.8316
5983,3.8313
5984,3.8311
5985,3.8308
5986,3.8306
5987,3.8303
5988,3.8302
5989,3.8298
5990,3.8297
5991,3.8294
5992,3.8292
5993,3.8289
5994,3.8286
5995,3.8284
5996,3.8281
5997,3.8279
5998,3.8276
5999,3.8275
6000,3.8271
6001,3.827
6002,3.8267
6003,3.8265
6004,3.8262
6005,3.826
6006,3.8257
6007,3.8256
6008,3.8252
6009,3.8251
6010,3.8248
6011,3.8246
6012,3.8243
6013,3.8241
6014,3.8238
6015,3.8236
6016,3.8233
6017,3.8232
6018,3.823
6019,3.8227
6020,3.8225
6021,3.8222
6022,3.8221
6023,3.8217
6024,3.8216
6025,3.8213
6026,3.8211
6027,3.8208
6028,3.8206
6029,3.8203
6030,3.8201
6031,3.8198
6032,3.8197
6033,3.8195
6034,3.8192
6035,3.819
6036,3.8187
6037,3.8186
6038,3.8182
6039,3.8181
6040,3.8178
6041,3.8176
6042,3.8174
6043,3.8171
6044,3.817
6045,3.8167
6046,3.8165
6047,3.8162
6048,3.816
6049,3.8159
6050,3.8155
6051,3.8154
6052,3.8151
6053,3.8149
6054,3.8146
6055,3.8144
6056,3.8143
6057,3.814
6058,3.8138
6059,3.8135
6060,3.8133
6061,3.8132
6062,3.8128
6063,3.8127
6064,3.8124
6065,3.8122
6066,3.812
6067,3.8117
6068,3.8116
6069,3.8113
6070,3.8111
6071,3.8109
6072,3.8106
6073,3.8105
6074,3.8101
6075,3.81
6076,3.8098
6077,3.8095
6078,3.8093
6079,3.8092
6080,3.8089
6081,3.8087
6082,3.8085
6083,3.8082
6084,3.8081
6085,3.8078
6086,3.8076
6087,3.8074
6088,3.8071
6089,3.807
6090,3.8068
6091,3.8065
6092,3.8063
6093,3.8062
6094,3.8058
6095,3.8057
6096,3.8054
6097,3.8052
6098,3.8051
6099,3.8049
6100,3.8046
6101,3.8044
6102,3.8041
6103,3.8039
6104,3.8038
6105,3.8036
6106,3.8033
6107,3.8031
6108,3.8028
6109,3.8027
6110,3.8025
6111,3.8024
6112,3.802
6113,3.8019
6114,3.8017
6115,3.8014
6116,3.8012
6117,3.8011
6118,3.8009
6119,3.8006
6120,3.8004
6121,3.8001
6122,3.8
6123,3.7998
6124,3.7995
6125,3.7993
6126,3.7992
6127,3.799
6128,3.7987
6129,3.7985
6130,3.7984
6131,3.7982
6132,3.7979
6133,3.7977
6134,3.7976
6135,3.7973
6136,3.7971
6137,3.7969
6138,3.7966
6139,3.7965
6140,3.7963
6141,3.7962
6142,3.7958
6143,3.7957
6144,3.7955
6145,3.7954
6146,3.795
6147,3.7949
6148,3.7947
6149,3.7946
6150,3.7942
6151,3.7941
6152,3.7939
6153,3.7938
6154,3.7935
6155,3.7933
6156,3.7931
6157,3.7928
6158,3.7927
6159,3.7925
6160,3.7923
6161,3.7922
6162,3.7919
6163,3.7917
6164,3.7915
6165,3.7914
6166,3.7911
6167,3.7909
6168,3.7908
6169,3.7906
6170,3.7903
6171,3.7901
6172,3.79
6173,3.7898
6174,3.7895
6175,3.7893
6176,3.7892
6177,3.789
6178,3.7888
6179,3.7885
6180,3.7884
6181,3.7882
6182,3.7881
6183,3.7879
6184,3.7876
6185,3.7874
6186,3.7873
6187,3.7871
6188,3.7868
6189,3.7866
6190,3.7865
6191,3.7863
6192,3.7861
6193,3.7858
6194,3.7857
6195,3.7855
6196,3.7853
6197,3.7852
6198,3.7849
6199,3.7847
6200,3.7846
6201,3.7844
6202,3.7842
6203,3.7839
6204,3.7838
6205,3.7836
6206,3.7834
6207,3.7833
6208,3.783
6209,3.7828
6210,3.7826
6211,3.7825
6212,3.7823
6213,3.7822
6214,3.7819
6215,3.7817
6216,3.7815
6217,3.7814
6218,3.7812
6219,3.7809
6220,3.7807
6221,3.7806
6222,3.7804
6223,3.7803
6224,3.7801
6225,3.7798
6226,3.7796
6227,3.7795
6228,3.7793
6229,3.7792
6230,3.7788
6231,3.7787
6232,3.7785
6233,3.7784
6234,3.7782
6235,3.778
6236,3.7779
6237,3.7776
6238,3.7774
6239,3.7772
6240,3.7771
6241,3.7769
6242,3.7768
6243,3.7765
6244,3.7763
6245,3.7761
6246,3.776
6247,3.7758
6248,3.7757
6249,3.7755
6250,3.7752
6251,3.775
6252,3.7749
6253,3.7747
6254,3.7745
6255,3.7744
6256,3.7742
6257,3.7739
6258,3.7737
6259,3.7736
6260,3.7734
6261,3.7733
6262,3.7731
6263,3.773
6264,3.7726
6265,3.7725
6266,3.7723
6267,3.7722
6268,3.772
6269,3.7718
6270,3.7717
6271,3.7714
6272,3.7712
6273,3.771
6274,3.7709
6275,3.7707
6276,3.7706
6277,3.7704
6278,3.7701
6279,3.7699
6280,3.7698
6281,3.7696
6282,3.7695
6283,3.7693
6284,3.7691
6285,3.769
6286,3.7687
6287,3.7685
6288,3.7683
6289,3.7682
6290,3.768
6291,3.7679
6292,3.7677
6293,3.7676
6294,3.7674
6295,3.7671
6296,3.7669
6297,3.7668
6298,3.7666
6299,3.7664
6300,3.7663
6301,3.7661
6302,3.766
6303,3.7658
6304,3.7655
6305,3.7653
6306,3.7652
6307,3.765
6308,3.7649
6309,3.7647
6310,3.7645
6311,3.7644
6312,3.7641
6313,3.7639
6314,3.7637
6315,3.7636
6316,3.7634
6317,3.7633
6318,3.7631
6319,3.7629
6320,3.7628
6321,3.7625
6322,3.7623
6323,3.7621
6324,3.762
6325,3.7618
6326,3.7617
6327,3.7615
6328,3.7614
6329,3.7612
6330,3.7609
6331,3.7607
6332,3.7606
6333,3.7604
6334,3.7602
6335,3.7601
6336,3.7599
6337,3.7598
6338,3.7596
6339,3.7594
6340,3.7593
6341,3.759
6342,3.7588
6343,3.7587
6344,3.7585
6345,3.7583
6346,3.7582
6347,3.758
6348,3.7579
6349,3.7577
6350,3.7575
6351,3.7572
6352,3.7571
6353,3.7569
6354,3.7567
6355,3.7566
6356,3.7564
6357,3.7563
6358,3.7561
6359,3.756
6360,3.7558
6361,3.7556
6362,3.7553
6363,3.7552
6364,3.755
6365,3.7548
6366,3.7547
6367,3.7545
6368,3.7544
6369,3.7542
6370,3.754
6371,3.7537
6372,3.7536
6373,3.7534
6374,3.7533
6375,3.7531
6376,3.7529
6377,3.7528
6378,3.7526
6379,3.7525
6380,3.7523
6381,3.7521
6382,3.752
6383,3.7517
6384,3.7515
6385,3.7513
6386,3.7512
6387,3.751
6388,3.7509
6389,3.7507
6390,3.7506
6391,3.7504
6392,3.7502
6393,3.7501
6394,3.7499
6395,3.7496
6396,3.7494
6397,3.7493
6398,3.7491
6399,3.749
6400,3.7488
6401,3.7486
6402,3.7485
6403,3.7483
6404,3.7482
6405,3.7478
6406,3.7477
6407,3.7475
6408,3.7474
6409,3.7472
6410,3.7471
6411,3.7469
6412,3.7467
6413,3.7466
6414,3.7464
6415,3.7463
6416,3.7461
6417,3.7459
6418,3.7456
6419,3.7455
6420,3.7453
6421,3.7451
6422,3.745
6423,3.7448
6424,3.7447
6425,3.7445
6426,3.7444
6427,3.7442
6428,3.7439
6429,3.7437
6430,3.7436
6431,3.7434
6432,3.7432
6433,3.7431
6434,3.7429
6435,3.7428
6436,3.7426
6437,3.7424
6438,3.7423
6439,3.7421
6440,3.742
6441,3.7417
6442,3.7415
6443,3.7413
6444,3.7412
6445,3.741
6446,3.7409
6447,3.7407
6448,3.7405
6449,3.7404
6450,3.7402
6451,3.7401
6452,3.7397
6453,3.7396
6454,3.7394
6455,3.7393
6456,3.7391
6457,3.739
6458,3.7388
6459,3.7386
6460,3.7385
6461,3.7383
6462,3.7382
6463,3.7378
6464,3.7377
6465,3.7375
6466,3.7374
6467,3.7372
6468,3.737
6469,3.7369
6470,3.7367
6471,3.7366
6472,3.7364
6473,3.7361
6474,3.7359
6475,3.7358
6476,3.7356
6477,3.7355
6478,3.7353
6479,3.7351
6480,3.735
6481,3.7348
6482,3.7347
6483,3.7345
6484,3.7342
6485,3.734
6486,3.7339
6487,3.7337
6488,3.7335
6489,3.7334
6490,3.7332
6491,3.7331
6492,3.7329
6493,3.7328
6494,3.7326
6495,3.7324
6496,3.7321
6497,3.732
6498,3.7318
6499,3.7316
6500,3.7315
6501,3.7313
6502,3.7312
6503,3.731
6504,3.7308
6505,3.7305
6506,3.7304
6507,3.7302
6508,3.7301
6509,3.7299
6510,3.7297
6511,3.7296
6512,3.7294
6513,3.7293
6514,3.7291
6515,3.7289
6516,3.7288
6517,3.7285
6518,3.7283
6519,3.7281
6520,3.728
6521,3.7278
6522,3.7277
6523,3.7275
6524,3.7274
6525,3.7272
6526,3.7269
6527,3.7267
6528,3.7266
6529,3.7264
6530,3.7262
6531,3.7261
6532,3.7259
6533,3.7258
6534,3.7256
6535,3.7254
6536,3.7251
6537,3.725
6538,3.7248
6539,3.7246
6540,3.7245
6541,3.7243
6542,3.7242
6543,3.724
6544,3.7239
6545,3.7235
6546,3.7234
6547,3.7232
6548,3.7231
6549,3.7229
6550,3.7227
6551,3.7226
6552,3.7224
6553,3.7223
6554,3.7221
6555,3.7218
6556,3.7216
6557,3.7215
6558,3.7213
6559,3.7212
6560,3.721
6561,3.7208
6562,3.7207
6563,3.7205
6564,3.7202
6565,3.72
6566,3.7199
6567,3.7197
6568,3.7196
6569,3.7194
6570,3.7192
6571,3.7191
6572,3.7189
6573,3.7186
6574,3.7185
6575,3.7183
6576,3.7181
6577,3.718
6578,3.7178
6579,3.7177
6580,3.7175
6581,3.7173
6582,3.717
6583,3.7169
6584,3.7167
6585,3.7165
6586,3.7164
6587,3.7162
6588,3.7161
6589,3.7159
6590,3.7158
6591,3.7154
6592,3.7153
6593,3.7151
6594,3.715
6595,3.7148
6596,3.7146
6597,3.7145
6598,3.7143
6599,3.714
6600,3.7138
6601,3.7137
6602,3.7135
6603,3.7134
6604,3.7132
6605,3.713
6606,3.7129
6607,3.7127
6608,3.7124
6609,3.7123
6610,3.7121
6611,3.7119
6612,3.7118
6613,3.7116
6614,3.7115
6615,3.7113
6616,3.711
6617,3.7108
6618,3.7107
6619,3.7105
6620,3.7103
6621,3.7102
6622,3.71
6623,3.7097
6624,3.7096
6625,3.7094
6626,3.7092
6627,3.7091
6628,3.7089
6629,3.7088
6630,3.7086
6631,3.7083
6632,3.7081
6633,3.708
6634,3.7078
6635,3.7076
6636,3.7075
6637,3.7073
6638,3.707
6639,3.7069
6640,3.7067
6641,3.7065
6642,3.7064
6643,3.7062
6644,3.7061
6645,3.7059
6646,3.7056
6647,3.7054
6648,3.7053
6649,3.7051
6650,3.7049
6651,3.7048
6652,3.7046
6653,3.7043
6654,3.7042
6655,3.704
6656,3.7038
6657,3.7037
6658,3.7035
6659,3.7034
6660,3.703
6661,3.7029
6662,3.7027
6663,3.7026
6664,3.7024
6665,3.7022
6666,3.7021
6667,3.7018
6668,3.7016
6669,3.7015
6670,3.7013
6671,3.7011
6672,3.701
6673,3.7008
6674,3.7005
6675,3.7003
6676,3.7002
6677,3.7
6678,3.6999
6679,3.6997
6680,3.6995
6681,3.6992
6682,3.6991
6683,3.6989
6684,3.6987
6685,3.6986
6686,3.6984
6687,3.6983
6688,3.6981
6689,3.6978
6690,3.6976
6691,3.6975
6692,3.6973
6693,3.6972
6694,3.697
6695,3.6967
6696,3.6965
6697,3.6964
6698,3.6962
6699,3.696
6700,3.6959
6701,3.6956
6702,3.6954
6703,3.6953
6704,3.6951
6705,3.6949
6706,3.6948
6707,3.6946
6708,3.6943
6709,3.6941
6710,3.694
6711,3.6938
6712,3.6937
6713,3.6935
6714,3.6933
6715,3.693
6716,3.6929
6717,3.6927
6718,3.6926
6719,3.6924
6720,3.6922
6721,3.6919
6722,3.6918
6723,3.6916
6724,3.6914
6725,3.6913
6726,3.6911
6727,3.691
6728,3.6906
6729,3.6905
6730,3.6903
6731,3.6902
6732,3.69
6733,3.6898
6734,3.6895
6735,3.6894
6736,3.6892
6737,3.6891
6738,3.6889
6739,3.6887
6740,3.6884
6741,3.6883
6742,3.6881
6743,3.6879
6744,3.6878
6745,3.6876
6746,3.6873
6747,3.6871
6748,3.687
6749,3.6868
6750,3.6867
6751,3.6865
6752,3.6862
6753,3.686
6754,3.6859
6755,3.6857
6756,3.6856
6757,3.6854
6758,3.6852
6759,3.6849
6760,3.6848
6761,3.6846
6762,3.6844
6763,3.6843
6764,3.6841
6765,3.6838
6766,3.6837
6767,3.6835
6768,3.6833
6769,3.6832
6770,3.683
6771,3.6827
6772,3.6825
6773,3.6824
6774,3.6822
6775,3.6821
6776,3.6819
6777,3.6817
6778,3.6814
6779,3.6813
6780,3.6811
6781,3.681
6782,3.6808
6783,3.6805
6784,3.6803
6785,3.6802
6786,3.68
6787,3.6798
6788,3.6797
6789,3.6794
6790,3.6792
6791,3.679
6792,3.6789
6793,3.6787
6794,3.6786
6795,3.6784
6796,3.6781
6797,3.6779
6798,3.6778
6799,3.6776
6800,3.6775
6801,3.6773
6802,3.677
6803,3.6768
6804,3.6767
6805,3.6765
6806,3.6763
6807,3.6762
6808,3.676
6809,3.6757
6810,3.6755
6811,3.6754
6812,3.6752
6813,3.6751
6814,3.6748
6815,3.6746
6816,3.6744
6817,3.6743
6818,3.6741
6819,3.674
6820,3.6738
6821,3.6735
6822,3.6733
6823,3.6732
6824,3.673
6825,3.6728
6826,3.6727
6827,3.6725
6828,3.6722
6829,3.6721
6830,3.6719
6831,3.6717
6832,3.6716
6833,3.6713
6834,3.6711
6835,3.6709
6836,3.6708
6837,3.6706
6838,3.6705
6839,3.6701
6840,3.67
6841,3.6698
6842,3.6697
6843,3.6695
6844,3.6694
6845,3.6692
6846,3.6689
6847,3.6687
6848,3.6686
6849,3.6684
6850,3.6682
6851,3.6681
6852,3.6679
6853,3.6676
6854,3.6674
6855,3.6673
6856,3.6671
6857,3.667
6858,3.6668
6859,3.6667
6860,3.6663
6861,3.6662
6862,3.666
6863,3.6659
6864,3.6657
6865,3.6655
6866,3.6654
6867,3.6651
6868,3.6649
6869,3.6647
6870,3.6646
6871,3.6644
6872,3.6643
6873,3.6641
6874,3.6639
6875,3.6636
6876,3.6635
6877,3.6633
6878,3.6632
6879,3.663
6880,3.6628
6881,3.6627
6882,3.6624
6883,3.6622
6884,3.662
6885,3.6619
6886,3.6617
6887,3.6616
6888,3.6614
6889,3.6612
6890,3.6609
6891,3.6608
6892,3.6606
6893,3.6605
6894,3.6603
6895,3.6601
6896,3.66
6897,3.6598
6898,3.6595
6899,3.6593
6900,3.6592
6901,3.659
6902,3.6589
6903,3.6587
6904,3.6585
6905,3.6584
6906,3.6581
6907,3.6579
6908,3.6578
6909,3.6576
6910,3.6574
6911,3.6573
6912,3.6571
6913,3.657
6914,3.6566
6915,3.6565
6916,3.6563
6917,3.6562
6918,3.656
6919,3.6558
6920,3.6557
6921,3.6555
6922,3.6554
6923,3.6551
6924,3.6549
6925,3.6547
6926,3.6546
6927,3.6544
6928,3.6543
6929,3.6541
6930,3.6539
6931,3.6538
6932,3.6535
6933,3.6533
6934,3.6531
6935,3.653
6936,3.6528
6937,3.6527
6938,3.6525
6939,3.6523
6940,3.6522
6941,3.6519
6942,3.6517
6943,3.6516
6944,3.6514
6945,3.6512
6946,3.6511
6947,3.6509
6948,3.6508
6949,3.6506
6950,3.6503
6951,3.6501
6952,3.65
6953,3.6498
6954,3.6496
6955,3.6495
6956,3.6493
6957,3.6492
6958,3.649
6959,3.6489
6960,3.6485
6961,3.6484
6962,3.6482
6963,3.6481
6964,3.6479
6965,3.6477
6966,3.6476
6967,3.6474
6968,3.6473
6969,3.6471
6970,3.6468
6971,3.6466
6972,3.6465
6973,3.6463
6974,3.6462
6975,3.646
6976,3.6458
6977,3.6457
6978,3.6455
6979,3.6452
6980,3.645
6981,3.6449
6982,3.6447
6983,3.6446
6984,3.6444
6985,3.6442
6986,3.6441
6987,3.6439
6988,3.6436
6989,3.6435
6990,3.6433
6991,3.6431
6992,3.643
6993,3.6428
6994,3.6427
6995,3.6425
6996,3.6422
6997,3.642
6998,3.6419
6999,3.6417
7000,3.6415
7001,3.6414
7002,3.6412
7003,3.6411
7004,3.6409
7005,3.6407
7006,3.6404
7007,3.6403
7008,3.6401
7009,3.64
7010,3.6398
7011,3.6396
7012,3.6395
7013,3.6392
7014,3.639
7015,3.6388
7016,3.6387
7017,3.6385
7018,3.6384
7019,3.6382
7020,3.6379
7021,3.6377
7022,3.6376
7023,3.6374
7024,3.6373
7025,3.6371
7026,3.6369
7027,3.6366
7028,3.6365
7029,3.6363
7030,3.6361
7031,3.636
7032,3.6358
7033,3.6357
7034,3.6353
7035,3.6352
7036,3.635
7037,3.6349
7038,3.6347
7039,3.6344
7040,3.6342
7041,3.6341
7042,3.6339
7043,3.6338
7044,3.6336
7045,3.6333
7046,3.6331
7047,3.633
7048,3.6328
7049,3.6326
7050,3.6325
7051,3.6322
7052,3.632
7053,3.6319
7054,3.6317
7055,3.6315
7056,3.6312
7057,3.6311
7058,3.6309
7059,3.6307
7060,3.6306
7061,3.6303
7062,3.6301
7063,3.6299
7064,3.6298
7065,3.6296
7066,3.6293
7067,3.6291
7068,3.629
7069,3.6288
7070,3.6285
7071,3.6284
7072,3.6282
7073,3.628
7074,3.6277
7075,3.6276
7076,3.6274
7077,3.6272
7078,3.6269
7079,3.6268
7080,3.6266
7081,3.6264
7082,3.6261
7083,3.626
7084,3.6258
7085,3.6255
7086,3.6253
7087,3.6252
7088,3.625
7089,3.6247
7090,3.6245
7091,3.6244
7092,3.6241
7093,3.6239
7094,3.6237
7095,3.6234
7096,3.6233
7097,3.6231
7098,3.623
7099,3.6226
7100,3.6225
7101,3.6222
7102,3.622
7103,3.6218
7104,3.6215
7105,3.6214
7106,3.6212
7107,3.621
7108,3.6207
7109,3.6206
7110,3.6203
7111,3.6201
7112,3.6199
7113,3.6196
7114,3.6195
7115,3.6191
7116,3.619
7117,3.6188
7118,3.6185
7119,3.6183
7120,3.618
7121,3.6179
7122,3.6177
7123,3.6174
7124,3.6172
7125,3.6169
7126,3.6168
7127,3.6164
7128,3.6163
7129,3.616
7130,3.6158
7131,3.6156
7132,3.6153
7133,3.6152
7134,3.6148
7135,3.6147
7136,3.6144
7137,3.6142
7138,3.6139
7139,3.6137
7140,3.6134
7141,3.6133
7142,3.6129
7143,3.6126
7144,3.6125
7145,3.6121
7146,3.612
7147,3.6117
7148,3.6115
7149,3.6112
7150,3.611
7151,3.6107
7152,3.6104
7153,3.6102
7154,3.6099
7155,3.6096
7156,3.6094
7157,3.6091
7158,3.609
7159,3.6087
7160,3.6083
7161,3.6082
7162,3.6079
7163,3.6075
7164,3.6074
7165,3.6071
7166,3.6067
7167,3.6066
7168,3.6063
7169,3.606
7170,3.6056
7171,3.6055
7172,3.6052
7173,3.6048
7174,3.6045
7175,3.6044
7176,3.604
7177,3.6037
7178,3.6034
7179,3.6031
7180,3.6029
7181,3.6026
7182,3.6023
7183,3.602
7184,3.6017
7185,3.6013
7186,3.6012
7187,3.6009
7188,3.6005
7189,3.6002
7190,3.5999
7191,3.5996
7192,3.5993
7193,3.599
7194,3.5986
7195,3.5983
7196,3.598
7197,3.5977
7198,3.5975
7199,3.5971
7200,3.5967
7201,3.5964
7202,3.5961
7203,3.5958
7204,3.5955
7205,3.5951
7206,3.5948
7207,3.5945
7208,3.5942
7209,3.5939
7210,3.5936
7211,3.5932
7212,3.5929
7213,3.5924
7214,3.5921
7215,3.5918
7216,3.5915
7217,3.5912
7218,3.5907
7219,3.5904
7220,3.5901
7221,3.5897
7222,3.5894
7223,3.5889
7224,3.5886
7225,3.5882
7226,3.5878
7227,3.5875
7228,3.5872
7229,3.5867
7230,3.5864
7231,3.5861
7232,3.5856
7233,3.5853
7234,3.5848
7235,3.5845
7236,3.584
7237,3.5837
7238,3.5834
7239,3.5829
7240,3.5824
7241,3.5821
7242,3.5816
7243,3.5813
7244,3.5808
7245,3.5805
7246,3.58
7247,3.5796
7248,3.5793
7249,3.5788
7250,3.5785
7251,3.578
7252,3.5775
7253,3.577
7254,3.5767
7255,3.5762
7256,3.5758
7257,3.5753
7258,3.575
7259,3.5745
7260,3.574
7261,3.5735
7262,3.5731
7263,3.5726
7264,3.5723
7265,3.5718
7266,3.5713
7267,3.5708
7268,3.5704
7269,3.5699
7270,3.5694
7271,3.5689
7272,3.5684
7273,3.568
7274,3.5675
7275,3.567
7276,3.5665
7277,3.5661
7278,3.5656
7279,3.565
7280,3.5645
7281,3.564
7282,3.5635
7283,3.563
7284,3.5624
7285,3.5619
7286,3.5615
7287,3.561
7288,3.5603
7289,3.5599
7290,3.5594
7291,3.5589
7292,3.5583
7293,3.5578
7294,3.5572
7295,3.5567
7296,3.5562
7297,3.5556
7298,3.5551
7299,3.5545
7300,3.554
7301,3.5534
7302,3.5529
7303,3.5522
7304,3.5518
7305,3.5511
7306,3.5505
7307,3.55
7308,3.5494
7309,3.5489
7310,3.5483
7311,3.5476
7312,3.5472
7313,3.5465
7314,3.5459
7315,3.5454
7316,3.5448
7317,3.5441
7318,3.5435
7319,3.543
7320,3.5424
7321,3.5418
7322,3.5411
7323,3.5405
7324,3.5398
7325,3.5394
7326,3.5387
7327,3.5381
7328,3.5375
7329,3.5368
7330,3.5362
7331,3.5356
7332,3.5349
7333,3.5343
7334,3.5337
7335,3.533
7336,3.5324
7337,3.5319
7338,3.5311
7339,3.5305
7340,3.5298
7341,3.5292
7342,3.5286
7343,3.5279
7344,3.5273
7345,3.5267
7346,3.526
7347,3.5254
7348,3.5248
7349,3.524
7350,3.5233
7351,3.5227
7352,3.522
7353,3.5214
7354,3.5208
7355,3.52
7356,3.5193
7357,3.5187
7358,3.5179
7359,3.5173
7360,3.5166
7361,3.5159
7362,3.5152
7363,3.5146
7364,3.5138
7365,3.5132
7366,3.5124
7367,3.5117
7368,3.5109
7369,3.5103
7370,3.5095
7371,3.5089
7372,3.5081
7373,3.5073
7374,3.5065
7375,3.5058
7376,3.505
7377,3.5043
7378,3.5035
7379,3.5027
7380,3.502
7381,3.5012
7382,3.5004
7383,3.4996
7384,3.4989
7385,3.4979
7386,3.4971
7387,3.4963
7388,3.4955
7389,3.4946
7390,3.4938
7391,3.493
7392,3.492
7393,3.4912
7394,3.4903
7395,3.4893
7396,3.4885
7397,3.4876
7398,3.4866
7399,3.4857
7400,3.4847
7401,3.4838
7402,3.4828
7403,3.4818
7404,3.4809
7405,3.4799
7406,3.4788
7407,3.4779
7408,3.4769
7409,3.4758
7410,3.4747
7411,3.4737
7412,3.4726
7413,3.4715
7414,3.4704
7415,3.4693
7416,3.4682
7417,3.4671
7418,3.466
7419,3.4647
7420,3.4636
7421,3.4625
7422,3.4612
7423,3.4599
7424,3.4586
7425,3.4575
7426,3.4563
7427,3.455
7428,3.4537
7429,3.4523
7430,3.451
7431,3.4496
7432,3.4483
7433,3.4469
7434,3.4456
7435,3.4442
7436,3.4428
7437,3.4413
7438,3.4399
7439,3.4385
7440,3.4369
7441,3.4354
7442,3.4339
7443,3.4324
7444,3.4308
7445,3.4293
7446,3.4277
7447,3.4261
7448,3.4245
7449,3.4229
7450,3.4213
7451,3.4196
7452,3.418
7453,3.4162
7454,3.4145
7455,3.4129
7456,3.4111
7457,3.4094
7458,3.4076
7459,3.4057
7460,3.404
7461,3.4021
7462,3.4003
7463,3.3984
7464,3.3965
7465,3.3946
7466,3.3927
7467,3.3908
7468,3.3889
7469,3.387
7470,3.3849
7471,3.383
7472,3.3809
7473,3.3789
7474,3.3768
7475,3.3747
7476,3.3727
7477,3.3706
7478,3.3684
7479,3.3663
7480,3.3641
7481,3.362
7482,3.3598
7483,3.3576
7484,3.3554
7485,3.3531
7486,3.3508
7487,3.3485
7488,3.3463
7489,3.3439
7490,3.3415
7491,3.3392
7492,3.3368
7493,3.3344
7494,3.332
7495,3.3295
7496,3.327
7497,3.3245
7498,3.3221
7499,3.3196
7500,3.317
7501,3.3145
7502,3.3118
7503,3.3092
7504,3.3065
7505,3.304
7506,3.3013
7507,3.2986
7508,3.2959
7509,3.2932
7510,3.2903
7511,3.2876
7512,3.2848
7513,3.2819
7514,3.2791
7515,3.2762
7516,3.2733
7517,3.2703
7518,3.2675
7519,3.2644
7520,3.2614
7521,3.2584
7522,3.2554
7523,3.2522
7524,3.2492
7525,3.246
7526,3.2428
7527,3.2397
7528,3.2365
7529,3.2332
7530,3.23
7531,3.2266
7532,3.2233
7533,3.22
7534,3.2165
7535,3.2131
7536,3.2096
7537,3.2061
7538,3.2028
7539,3.1992
7540,3.1957
7541,3.192
7542,3.1884
7543,3.1847
7544,3.1811
7545,3.1772
7546,3.1736
7547,3.1698
7548,3.166
7549,3.162
7550,3.1582
7551,3.1542
7552,3.1502
7553,3.1463
7554,3.1421
7555,3.1382
7556,3.134
7557,3.1297
7558,3.1256
7559,3.1213
7560,3.1172
7561,3.1129
7562,3.1085
7563,3.104
7564,3.0997
7565,3.0951
7566,3.0907
7567,3.0861
7568,3.0815
7569,3.0768
7570,3.0721
7571,3.0673
7572,3.0626
7573,3.0578
7574,3.0529
7575,3.0479
7576,3.043
7577,3.0379
7578,3.0328
7579,3.0278
7580,3.0225
7581,3.0174
7582,3.012
7583,3.0068
7584,3.0014
7585,2.996
7586,2.9904
7587,2.9849
7588,2.9793
7589,2.9736
7590,2.9679
7591,2.962
7592,2.9561
7593,2.9502
7594,2.9442
7595,2.9382
7596,2.9321
7597,2.9259
7598,2.9196
7599,2.9132
7600,2.9069
7601,2.9004
7602,2.8939
7603,2.8872
7604,2.8805
7605,2.8737
7606,2.8668
7607,2.8599
7608,2.8529
7609,2.8457
7610,2.8384
7611,2.8313
7612,2.8238
7613,2.8163
7614,2.8087
7615,2.8011
7616,2.7933
7617,2.7854
7618,2.7774
7619,2.7693
7620,2.7612
7621,2.753
7622,2.7445
7623,2.7361
7624,2.7275
7625,2.7188
7626,2.7101
7627,2.7012
7628,2.6923
7629,2.6831
7630,2.674
7631,2.6646
7632,2.6553
7633,2.6457
7634,2.6362
7635,2.6265
7636,2.6168
7637,2.6068
7638,2.597
7639,2.5868
7640,2.5766
7641,2.5663
7642,2.556
7643,2.5453
7644,2.5349
7645,2.5241
7646,2.5132
7647,2.5023
7648,2.4999
7649,2.5201
7650,2.6203
7651,2.7244
7652,2.8263
7653,2.8977
7654,2.9985
7655,3.0818
7656,3.1822
7657,3.1933
7658,3.2713
7659,3.3295
7660,3.3725
7661,3.4037
7662,3.4259
7663,3.4412
7664,3.4515
7665,3.459
7666,3.4644
7667,3.4685
7668,3.4718
7669,3.4747
7670,3.4769
7671,3.479
7672,3.4807
7673,3.4823
7674,3.4838
7675,3.485
7676,3.4861
7677,3.4873
7678,3.4882
7679,3.4892
7680,3.49
7681,3.4907
7682,3.4915
7683,3.4922
7684,3.493
7685,3.4936
7686,3.4941
7687,3.4947
7688,3.4954
7689,3.4958
7690,3.4963
7691,3.4968
7692,3.4973
7693,3.4977
7694,3.4982
7695,3.4985
7696,3.499
7697,3.4993
7698,3.4996
7699,3.5001
7700,3.5004
7701,3.5008
7702,3.5011
7703,3.5014
7704,3.5017
7705,3.502
7706,3.5023
7707,3.5027
7708,3.503
7709,3.5033
7710,3.5035
7711,3.5038
7712,3.5041
7713,3.5043
7714,3.5046
7715,3.5047
7716,3.505
7717,3.5052
7718,3.5055
7719,3.5057
7720,3.506
7721,3.5062
7722,3.5063
7723,3.5066
7724,3.5068
7725,3.507
7726,3.5071
7727,3.5074
7728,3.5076
7729,3.5077
7730,3.5079
7731,3.5081
7732,3.5082
7733,3.5084
7734,3.5087
7735,3.5089
7736,3.509
7737,3.5092
7738,3.5093
7739,3.5095
7740,3.5097
7741,3.5098
7742,3.51
7743,3.5101
7744,3.5103
7745,3.5105
7746,3.5105
7747,3.5106
7748,3.5108
7749,3.5109
7750,3.5111
7751,3.5112
7752,3.5114
7753,3.5114
7754,3.5116
7755,3.5117
7756,3.5119
7757,3.512
7758,3.512
7759,3.5122
7760,3.5124
7761,3.5125
7762,3.5127
7763,3.5127
7764,3.5128
7765,3.513
7766,3.513
7767,3.5132
7768,3.5133
7769,3.5135
7770,3.5135
7771,3.5136
7772,3.5136
7773,3.5138
7774,3.5139
7775,3.5141
7776,3.5141
7777,3.5143
7778,3.5143
7779,3.5144
7780,3.5146
7781,3.5146
7782,3.5147
7783,3.5147
7784,3.5149
7785,3.5151
7786,3.5151
7787,3.5152
7788,3.5152
7789,3.5154
7790,3.5155
7791,3.5155
7792,3.5157
7793,3.5157
7794,3.5159
7795,3.5159
7796,3.516
7797,3.516
7798,3.5162
7799,3.5162
7800,3.5163
7801,3.5163
7802,3.5165
7803,3.5165
7804,3.5166
7805,3.5166
7806,3.5168
7807,3.5168
7808,3.517
7809,3.517
7810,3.5171
7811,3.5171
7812,3.5173
7813,3.5173
7814,3.5173
7815,3.5174
7816,3.5174
7817,3.5176
7818,3.5176
7819,3.5178
7820,3.5178
7821,3.5178
7822,3.5179
7823,3.5179
7824,3.5179
7825,3.5181
7826,3.5182
7827,3.5182
7828,3.5184
7829,3.5184
7830,3.5184
7831,3.5186
7832,3.5186
7833,3.5186
7834,3.5187
7835,3.5273
7836,3.5684
7837,3.5724
7838,3.5748
7839,3.5765
7840,3.578
7841,3.5791
7842,3.5802
7843,3.581
7844,3.5818
7845,3.5826
7846,3.5832
7847,3.5838
7848,3.5845
7849,3.5851
7850,3.5856
7851,3.5861
7852,3.5867
7853,3.5872
7854,3.5876
7855,3.588
7856,3.5884
7857,3.5889
7858,3.5894
7859,3.5897
7860,3.5902
7861,3.5905
7862,3.591
7863,3.5913
7864,3.5918
7865,3.5921
7866,3.5924
7867,3.5927
7868,3.5932
7869,3.5935
7870,3.5938
7871,3.5942
7872,3.5945
7873,3.5948
7874,3.5951
7875,3.5954
7876,3.5957
7877,3.5961
7878,3.5964
7879,3.5967
7880,3.597
7881,3.5973
7882,3.5977
7883,3.598
7884,3.5981
7885,3.5984
7886,3.5988
7887,3.5991
7888,3.5994
7889,3.5996
7890,3.5999
7891,3.6002
7892,3.6004
7893,3.6007
7894,3.601
7895,3.6011
7896,3.6015
7897,3.6018
7898,3.6019
7899,3.6023
7900,3.6024
7901,3.6027
7902,3.6029
7903,3.6032
7904,3.6034
7905,3.6037
7906,3.6038
7907,3.6042
7908,3.6043
7909,3.6046
7910,3.6048
7911,3.6051
7912,3.6053
7913,3.6056
7914,3.6058
7915,3.6059
7916,3.6062
7917,3.6064
7918,3.6067
7919,3.6069
7920,3.607
7921,3.6073
7922,3.6075
7923,3.6077
7924,3.608
7925,3.6081
7926,3.6083
7927,3.6085
7928,3.6088
7929,3.6089
7930,3.6091
7931,3.6092
7932,3.6096
7933,3.6097
7934,3.6099
7935,3.61
7936,3.6104
7937,3.6105
7938,3.6107
7939,3.6108
7940,3.611
7941,3.6113
7942,3.6115
7943,3.6116
7944,3.6118
7945,3.6119
7946,3.6121
7947,3.6123
7948,3.6126
7949,3.6127
7950,3.6129
7951,3.6131
7952,3.6132
7953,3.6134
7954,3.6135
7955,3.6137
7956,3.6139
7957,3.6142
7958,3.6143
7959,3.6145
7960,3.6146
7961,3.6148
7962,3.615
7963,3.6151
7964,3.6153
7965,3.6154
7966,3.6156
7967,3.6158
7968,3.6159
7969,3.6161
7970,3.6162
7971,3.6164
7972,3.6166
7973,3.6167
7974,3.6169
7975,3.617
7976,3.6172
7977,3.6174
7978,3.6175
7979,3.6177
7980,3.6178
7981,3.618
7982,3.6181
7983,3.6183
7984,3.6185
7985,3.6186
7986,3.6188
7987,3.6189
7988,3.6191
7989,3.6193
7990,3.6193
7991,3.6194
7992,3.6196
7993,3.6197
7994,3.6199
7995,3.6201
7996,3.6202
7997,3.6204
7998,3.6205
7999,3.6207
8000,3.6208
8001,3.6208
8002,3.621
8003,3.6212
8004,3.6213
8005,3.6215
8006,3.6216
8007,3.6218
8008,3.622
8009,3.6221
8010,3.6223
8011,3.6223
8012,3.6224
8013,3.6226
8014,3.6228
8015,3.6229
8016,3.6231
8017,3.6232
8018,3.6234
8019,3.6234
8020,3.6235
8021,3.6237
8022,3.6239
8023,3.624
8024,3.6242
8025,3.6243
8026,3.6243
8027,3.6245
8028,3.6247
8029,3.6248
8030,3.625
8031,3.6251
8032,3.6253
8033,3.6253
8034,3.6255
8035,3.6256
8036,3.6258
8037,3.6259
8038,3.6261
8039,3.6262
8040,3.6262
8041,3.6264
8042,3.6266
8043,3.6267
8044,3.6269
8045,3.627
8046,3.627
8047,3.6272
8048,3.6274
8049,3.6275
8050,3.6277
8051,3.6277
8052,3.6278
8053,3.628
8054,3.6282
8055,3.6283
8056,3.6285
8057,3.6285
8058,3.6286
8059,3.6288
8060,3.6289
8061,3.6291
8062,3.6291
8063,3.6293
8064,3.6294
8065,3.6296
8066,3.6297
8067,3.6297
8068,3.6299
8069,3.6301
8070,3.6302
8071,3.6304
8072,3.6304
8073,3.6305
8074,3.6307
8075,3.6309
8076,3.631
8077,3.631
8078,3.6312
8079,3.6313
8080,3.6315
8081,3.6316
8082,3.6316
8083,3.6318
8084,3.632
8085,3.6321
8086,3.6321
8087,3.6323
8088,3.6324
8089,3.6326
8090,3.6328
8091,3.6329
8092,3.6329
8093,3.6331
8094,3.6332
8095,3.6334
8096,3.6336
8097,3.6336
8098,3.6337
8099,3.6339
8100,3.634
8101,3.634
8102,3.6342
8103,3.6344
8104,3.6345
8105,3.6347
8106,3.6347
8107,3.6348
8108,3.635
8109,3.6351
8110,3.6351
8111,3.6353
8112,3.6355
8113,3.6356
8114,3.6358
8115,3.6358
8116,3.6359
8117,3.6361
8118,3.6363
8119,3.6364
8120,3.6364
8121,3.6366
8122,3.6367
8123,3.6367
8124,3.6369
8125,3.6371
8126,3.6372
8127,3.6374
8128,3.6374
8129,3.6375
8130,3.6377
8131,3.6378
8132,3.638
8133,3.638
8134,3.6382
8135,3.6383
8136,3.6385
8137,3.6385
8138,3.6386
8139,3.6388
8140,3.639
8141,3.639
8142,3.6391
8143,3.6393
8144,3.6394
8145,3.6396
8146,3.6396
8147,3.6398
8148,3.6399
8149,3.6401
8150,3.6401
8151,3.6402
8152,3.6404
8153,3.6405
8154,3.6405
8155,3.6407
8156,3.6409
8157,3.641
8158,3.641
8159,3.6412
8160,3.6413
8161,3.6415
8162,3.6415
8163,3.6417
8164,3.6418
8165,3.642
8166,3.6421
8167,3.6421
8168,3.6423
8169,3.6425
8170,3.6425
8171,3.6426
8172,3.6428
8173,3.6429
8174,3.6431
8175,3.6431
8176,3.6432
8177,3.6434
8178,3.6436
8179,3.6436
8180,3.6437
8181,3.6439
8182,3.6439
8183,3.644
8184,3.6442
8185,3.6444
8186,3.6445
8187,3.6445
8188,3.6447
8189,3.6448
8190,3.645
8191,3.645
8192,3.6452
8193,3.6453
8194,3.6455
8195,3.6455
8196,3.6456
8197,3.6458
8198,3.6459
8199,3.6459
8200,3.6461
8201,3.6463
8202,3.6463
8203,3.6464
8204,3.6466
8205,3.6467
8206,3.6469
8207,3.6469
8208,3.6471
8209,3.6472
8210,3.6472
8211,3.6474
8212,3.6475
8213,3.6477
8214,3.6477
8215,3.6479
8216,3.648
8217,3.6482
8218,3.6482
8219,3.6483
8220,3.6485
8221,3.6486
8222,3.6486
8223,3.6488
8224,3.649
8225,3.6491
8226,3.6491
8227,3.6493
8228,3.6494
8229,3.6496
8230,3.6496
8231,3.6498
8232,3.6499
8233,3.6499
8234,3.6501
8235,3.6502
8236,3.6504
8237,3.6504
8238,3.6506
8239,3.6507
8240,3.6507
8241,3.6509
8242,3.651
8243,3.6512
8244,3.6512
8245,3.6513
8246,3.6515
8247,3.6517
8248,3.6517
8249,3.6518
8250,3.652
8251,3.6521
8252,3.6521
8253,3.6523
8254,3.6525
8255,3.6526
8256,3.6526
8257,3.6528
8258,3.6529
8259,3.6529
8260,3.6531
8261,3.6533
8262,3.6534
8263,3.6534
8264,3.6536
8265,3.6537
8266,3.6539
8267,3.6539
8268,3.654
8269,3.6542
8270,3.6542
8271,3.6544
8272,3.6545
8273,3.6547
8274,3.6547
8275,3.6548
8276,3.655
8277,3.655
8278,3.6552
8279,3.6553
8280,3.6555
8281,3.6555
8282,3.6556
8283,3.6558
8284,3.656
8285,3.656
8286,3.6561
8287,3.6563
8288,3.6563
8289,3.6564
8290,3.6566
8291,3.6568
8292,3.6568
8293,3.6569
8294,3.6571
8295,3.6572
8296,3.6572
8297,3.6574
8298,3.6575
8299,3.6575
8300,3.6577
8301,3.6579
8302,3.658
8303,3.658
8304,3.6582
8305,3.6583
8306,3.6585
8307,3.6585
8308,3.6587
8309,3.6588
8310,3.6588
8311,3.659
8312,3.6591
8313,3.6593
8314,3.6593
8315,3.6595
8316,3.6596
8317,3.6598
8318,3.6598
8319,3.6599
8320,3.6601
8321,3.6601
8322,3.6602
8323,3.6604
8324,3.6606
8325,3.6606
8326,3.6607
8327,3.6609
8328,3.6609
8329,3.661
8330,3.6612
8331,3.6614
8332,3.6614
8333,3.6615
8334,3.6617
8335,3.6618
8336,3.6618
8337,3.662
8338,3.6622
8339,3.6622
8340,3.6623
8341,3.6625
8342,3.6626
8343,3.6626
8344,3.6628
8345,3.6629
8346,3.6631
8347,3.6631
8348,3.6633
8349,3.6634
8350,3.6634
8351,3.6636
8352,3.6637
8353,3.6637
8354,3.6639
8355,3.6641
8356,3.6642
8357,3.6642
8358,3.6644
8359,3.6645
8360,3.6647
8361,3.6647
8362,3.6649
8363,3.665
8364,3.665
8365,3.6652
8366,3.6653
8367,3.6655
8368,3.6655
8369,3.6656
8370,3.6658
8371,3.666
8372,3.666
8373,3.6661
8374,3.6663
8375,3.6663
8376,3.6664
8377,3.6666
8378,3.6668
8379,3.6668
8380,3.6669
8381,3.6671
8382,3.6671
8383,3.6672
8384,3.6674
8385,3.6676
8386,3.6676
8387,3.6677
8388,3.6679
8389,3.668
8390,3.668
8391,3.6682
8392,3.6683
8393,3.6683
8394,3.6685
8395,3.6687
8396,3.6687
8397,3.6688
8398,3.669
8399,3.6691
8400,3.6691
8401,3.6693
8402,3.6695
8403,3.6696
8404,3.6696
8405,3.6698
8406,3.6699
8407,3.6699
8408,3.6701
8409,3.6703
8410,3.6704
8411,3.6704
8412,3.6706
8413,3.6707
8414,3.6707
8415,3.6709
8416,3.671
8417,3.6712
8418,3.6712
8419,3.6714
8420,3.6715
8421,3.6717
8422,3.6717
8423,3.6718
8424,3.672
8425,3.672
8426,3.6722
8427,3.6723
8428,3.6725
8429,3.6725
8430,3.6726
8431,3.6728
8432,3.6728
8433,3.673
8434,3.6731
8435,3.6731
8436,3.6733
8437,3.6734
8438,3.6736
8439,3.6738
8440,3.6738
8441,3.6739
8442,3.6741
8443,3.6741
8444,3.6742
8445,3.6744
8446,3.6744
8447,3.6745
8448,3.6747
8449,3.6749
8450,3.6749
8451,3.675
8452,3.6752
8453,3.6753
8454,3.6753
8455,3.6755
8456,3.6757
8457,3.6757
8458,3.6758
8459,3.676
8460,3.676
8461,3.6761
8462,3.6763
8463,3.6765
8464,3.6765
8465,3.6766
8466,3.6768
8467,3.6769
8468,3.6769
8469,3.6771
8470,3.6772
8471,3.6774
8472,3.6774
8473,3.6776
8474,3.6777
8475,3.6777
8476,3.6779
8477,3.678
8478,3.678
8479,3.6782
8480,3.6784
8481,3.6785
8482,3.6785
8483,3.6787
8484,3.6788
8485,3.679
8486,3.679
8487,3.6792
8488,3.6793
8489,3.6795
8490,3.6795
8491,3.6796
8492,3.6798
8493,3.6798
8494,3.6799
8495,3.6801
8496,3.6803
8497,3.6803
8498,3.6804
8499,3.6806
8500,3.6807
8501,3.6807
8502,3.6809
8503,3.6811
8504,3.6811
8505,3.6812
8506,3.6814
8507,3.6815
8508,3.6815
8509,3.6817
8510,3.6819
8511,3.682
8512,3.682
8513,3.6822
8514,3.6823
8515,3.6825
8516,3.6825
8517,3.6826
8518,3.6828
8519,3.6828
8520,3.683
8521,3.6831
8522,3.6833
8523,3.6833
8524,3.6834
8525,3.6836
8526,3.6838
8527,3.6838
8528,3.6839
8529,3.6841
8530,3.6842
8531,3.6842
8532,3.6844
8533,3.6846
8534,3.6847
8535,3.6847
8536,3.6849
8537,3.685
8538,3.6852
8539,3.6852
8540,3.6853
8541,3.6855
8542,3.6857
8543,3.6857
8544,3.6858
8545,3.686
8546,3.6861
8547,3.6861
8548,3.6863
8549,3.6865
8550,3.6866
8551,3.6866
8552,3.6868
8553,3.6869
8554,3.6871
8555,3.6871
8556,3.6873
8557,3.6874
8558,3.6876
8559,3.6876
8560,3.6877
8561,3.6879
8562,3.688
8563,3.6882
8564,3.6882
8565,3.6884
8566,3.6885
8567,3.6887
8568,3.6887
8569,3.6888
8570,3.689
8571,3.6892
8572,3.6892
8573,3.6893
8574,3.6895
8575,3.6896
8576,3.6898
8577,3.6898
8578,3.69
8579,3.6901
8580,3.6903
8581,3.6903
8582,3.6904
8583,3.6906
8584,3.6907
8585,3.6907
8586,3.6909
8587,3.6911
8588,3.6912
8589,3.6914
8590,3.6914
8591,3.6915
8592,3.6917
8593,3.6919
8594,3.6919
8595,3.692
8596,3.6922
8597,3.6923
8598,3.6925
8599,3.6925
8600,3.6927
8601,3.6928
8602,3.693
8603,3.6931
8604,3.6931
8605,3.6933
8606,3.6935
8607,3.6936
8608,3.6938
8609,3.6938
8610,3.6939
8611,3.6941
8612,3.6942
8613,3.6942
8614,3.6944
8615,3.6946
8616,3.6947
8617,3.6949
8618,3.6949
8619,3.695
8620,3.6952
8621,3.6954
8622,3.6955
8623,3.6955
8624,3.6957
8625,3.6958
8626,3.696
8627,3.6962
8628,3.6962
8629,3.6963
8630,3.6965
8631,3.6966
8632,3.6966
8633,3.6968
8634,3.6969
8635,3.6971
8636,3.6973
8637,3.6974
8638,3.6974
8639,3.6976
8640,3.6977
8641,3.6979
8642,3.6981
8643,3.6982
8644,3.6982
8645,3.6984
8646,3.6985
8647,3.6987
8648,3.6989
8649,3.6989
8650,3.699
8651,3.6992
8652,3.6993
8653,3.6995
8654,3.6996
8655,3.6998
8656,3.7
8657,3.7
8658,3.7001
8659,3.7003
8660,3.7004
8661,3.7006
8662,3.7008
8663,3.7008
8664,3.7009
8665,3.7011
8666,3.7012
8667,3.7014
8668,3.7016
8669,3.7016
8670,3.7017
8671,3.7019
8672,3.702
8673,3.7022
8674,3.7023
8675,3.7025
8676,3.7025
8677,3.7027
8678,3.7028
8679,3.703
8680,3.7031
8681,3.7033
8682,3.7033
8683,3.7035
8684,3.7036
8685,3.7038
8686,3.7039
8687,3.7041
8688,3.7043
8689,3.7044
8690,3.7046
8691,3.7046
8692,3.7047
8693,3.7049
8694,3.705
8695,3.7052
8696,3.7054
8697,3.7055
8698,3.7057
8699,3.7057
8700,3.7058
8701,3.706
8702,3.7062
8703,3.7063
8704,3.7065
8705,3.7066
8706,3.7068
8707,3.7068
8708,3.7071
8709,3.7071
8710,3.7073
8711,3.7074
8712,3.7076
8713,3.7077
8714,3.7079
8715,3.7081
8716,3.7082
8717,3.7084
8718,3.7084
8719,3.7085
8720,3.7087
8721,3.7089
8722,3.709
8723,3.7092
8724,3.7093
8725,3.7095
8726,3.7097
8727,3.7098
8728,3.71
8729,3.71
8730,3.7101
8731,3.7103
8732,3.7104
8733,3.7104
8734,3.7106
8735,3.7106
8736,3.7106
8737,3.7108
8738,3.7108
8739,3.7106
8740,3.7106
8741,3.7106
8742,3.7106
8743,3.7106
8744,3.7106
8745,3.7106
8746,3.7106
8747,3.7106
8748,3.7106
8749,3.7106
8750,3.7108
8751,3.7106
8752,3.7106
8753,3.7106
8754,3.7106
8755,3.7106
8756,3.7106
8757,3.7106
8758,3.7106
8759,3.7106
8760,3.7106
8761,3.7106
8762,3.7106
8763,3.7106
8764,3.7106
8765,3.7106
8766,3.7106
8767,3.7106
8768,3.7108
8769,3.7106
8770,3.7106
8771,3.7108
8772,3.7106
8773,3.7106
8774,3.7106
8775,3.7106
8776,3.7088
8777,3.7078
8778,3.7075
8779,3.7072
8780,3.707
8781,3.7069
8782,3.7067
8783,3.7065
8784,3.7064
8785,3.7064
8786,3.7062
8787,3.7062
8788,3.7061
8789,3.7061
8790,3.7059
8791,3.7059
8792,3.7059
8793,3.7057
8794,3.7057
8795,3.7057
8796,3.7057
8797,3.7056
8798,3.7056
8799,3.7056
8800,3.7056
8801,3.7054
8802,3.7054
8803,3.7054
8804,3.7054
8805,3.7053
8806,3.7053
8807,3.7053
8808,3.7053
8809,3.7053
8810,3.7053
8811,3.7053
8812,3.7051
8813,3.7051
8814,3.7051
8815,3.7051
8816,3.7051
8817,3.7051
8818,3.7051
8819,3.7051
8820,3.7049
8821,3.7049
8822,3.7049
8823,3.7049
8824,3.7049
8825,3.7049
8826,3.7049
8827,3.7049
8828,3.7048
8829,3.7049
8830,3.7048
8831,3.7048
8832,3.7048
8833,3.7048
8834,3.7048
8835,3.7048
8836,3.7048
8837,3.7048
8838,3.7048
8839,3.7048
8840,3.7046
8841,3.7046
8842,3.7046
8843,3.7046
8844,3.7046
8845,3.7046
8846,3.7046
8847,3.7046
8848,3.7046
8849,3.7046
8850,3.7046
8851,3.7046
8852,3.7046
8853,3.7046
8854,3.7046
8855,3.7046
8856,3.7046
8857,3.7046
8858,3.7046
8859,3.7046
8860,3.7046
8861,3.7046
8862,3.7045
8863,3.7045
8864,3.7045
8865,3.7045
8866,3.7045
8867,3.7045
8868,3.7045
8869,3.7045
8870,3.7045
8871,3.7045
8872,3.7045
8873,3.7045
8874,3.7045
8875,3.7045
8876,3.7045
8877,3.7045
8878,3.7045
8879,3.7045
8880,3.7045
8881,3.7045
8882,3.7045
8883,3.7045
8884,3.7045
8885,3.7045
8886,3.7045
8887,3.7045
8888,3.7045
8889,3.7043
8890,3.7043
8891,3.7045
8892,3.7043
8893,3.7043
8894,3.7043
8895,3.7043
8896,3.7043
8897,3.7043
8898,3.7043
8899,3.7043
8900,3.7043
8901,3.7043
8902,3.7043
8903,3.7043
8904,3.7043
8905,3.7043
8906,3.7043
8907,3.7043
8908,3.7043
8909,3.7043
8910,3.7043
8911,3.7043
8912,3.7043
8913,3.7043
8914,3.7043
8915,3.7043
8916,3.7043
8917,3.7043
8918,3.7043
8919,3.7043
8920,3.7043
8921,3.7043
8922,3.7043
8923,3.7043
8924,3.7043
8925,3.7043
8926,3.7043
8927,3.7043
8928,3.7043
8929,3.7043
8930,3.7042
8931,3.7042
8932,3.7042
8933,3.7042
8934,3.7043
8935,3.7042
8936,3.7042
8937,3.7043
8938,3.7043
8939,3.7042
8940,3.7042
8941,3.7042
8942,3.7042
8943,3.7043
8944,3.7042
8945,3.7042
8946,3.7042
8947,3.7042
8948,3.7043
8949,3.7042
8950,3.7042
8951,3.7042
8952,3.7042
8953,3.7042
8954,3.7042
8955,3.7042
8956,3.7042
