,voltage
0,3.4213
1,3.4213
2,3.4213
3,3.4213
4,3.4213
5,3.4212
6,3.4212
7,3.4212
8,3.4212
9,3.4212
10,3.4212
11,3.4212
12,3.4212
13,3.4212
14,3.4212
15,3.4212
16,3.4212
17,3.4212
18,3.4212
19,3.4212
20,3.4212
21,3.4212
22,3.4212
23,3.4212
24,3.4212
25,3.4212
26,3.4212
27,3.4212
28,3.4212
29,3.4212
30,3.4212
31,3.4212
32,3.4212
33,3.4212
34,3.4212
35,3.4212
36,3.4212
37,3.4212
38,3.4212
39,3.4212
40,3.4212
41,3.4212
42,3.4212
43,3.4212
44,3.4212
45,3.4212
46,3.4212
47,3.4212
48,3.4212
49,3.4212
50,3.4212
51,3.4212
52,3.4212
53,3.4212
54,3.4212
55,3.4212
56,3.4212
57,3.4212
58,3.4212
59,3.4212
60,3.4212
61,3.4878
62,3.5917
63,3.6391
64,3.6402
65,3.6399
66,3.6391
67,3.6384
68,3.6378
69,3.6373
70,3.6369
71,3.6365
72,3.6362
73,3.6359
74,3.6357
75,3.6354
76,3.6353
77,3.6351
78,3.6351
79,3.6349
80,3.6349
81,3.6348
82,3.6348
83,3.6348
84,3.6348
85,3.6346
86,3.6348
87,3.6348
88,3.6348
89,3.6348
90,3.6349
91,3.6349
92,3.6349
93,3.6351
94,3.6351
95,3.6353
96,3.6354
97,3.6354
98,3.6356
99,3.6356
100,3.6357
101,3.6359
102,3.6361
103,3.6361
104,3.6362
105,3.6364
106,3.6365
107,3.6367
108,3.6367
109,3.6369
110,3.637
111,3.6372
112,3.6373
113,3.6375
114,3.6376
115,3.6378
116,3.638
117,3.6381
118,3.6383
119,3.6383
120,3.6386
121,3.6386
122,3.6388
123,3.6389
124,3.6391
125,3.6392
126,3.6394
127,3.6396
128,3.6397
129,3.6399
130,3.64
131,3.6402
132,3.6403
133,3.6405
134,3.6407
135,3.6408
136,3.641
137,3.6411
138,3.6411
139,3.6413
140,3.6415
141,3.6416
142,3.6418
143,3.6419
144,3.6421
145,3.6423
146,3.6424
147,3.6424
148,3.6426
149,3.6427
150,3.6429
151,3.643
152,3.6432
153,3.6434
154,3.6434
155,3.6435
156,3.6437
157,3.6438
158,3.644
159,3.6442
160,3.6442
161,3.6443
162,3.6445
163,3.6446
164,3.6448
165,3.6448
166,3.645
167,3.6451
168,3.6453
169,3.6453
170,3.6454
171,3.6456
172,3.6458
173,3.6459
174,3.6459
175,3.6461
176,3.6462
177,3.6462
178,3.6464
179,3.6465
180,3.6467
181,3.6467
182,3.6469
183,3.647
184,3.6472
185,3.6472
186,3.6473
187,3.6475
188,3.6475
189,3.6477
190,3.6478
191,3.6478
192,3.648
193,3.6481
194,3.6481
195,3.6483
196,3.6485
197,3.6485
198,3.6486
199,3.6488
200,3.6488
201,3.6489
202,3.6489
203,3.6491
204,3.6492
205,3.6492
206,3.6494
207,3.6496
208,3.6496
209,3.6497
210,3.6499
211,3.6499
212,3.65
213,3.65
214,3.6502
215,3.6502
216,3.6504
217,3.6505
218,3.6505
219,3.6507
220,3.6507
221,3.6508
222,3.6508
223,3.651
224,3.6512
225,3.6512
226,3.6513
227,3.6513
228,3.6515
229,3.6515
230,3.6516
231,3.6516
232,3.6518
233,3.6519
234,3.6519
235,3.6521
236,3.6521
237,3.6523
238,3.6523
239,3.6524
240,3.6524
241,3.6526
242,3.6526
243,3.6527
244,3.6527
245,3.6529
246,3.6529
247,3.6531
248,3.6531
249,3.6532
250,3.6532
251,3.6534
252,3.6535
253,3.6535
254,3.6535
255,3.6537
256,3.6537
257,3.6539
258,3.6539
259,3.654
260,3.654
261,3.6542
262,3.6542
263,3.6543
264,3.6543
265,3.6545
266,3.6545
267,3.6546
268,3.6546
269,3.6548
270,3.6548
271,3.655
272,3.655
273,3.6551
274,3.6551
275,3.6551
276,3.6553
277,3.6553
278,3.6554
279,3.6554
280,3.6556
281,3.6556
282,3.6558
283,3.6558
284,3.6559
285,3.6559
286,3.6561
287,3.6561
288,3.6562
289,3.6562
290,3.6564
291,3.6564
292,3.6564
293,3.6566
294,3.6566
295,3.6567
296,3.6567
297,3.6567
298,3.6569
299,3.6569
300,3.657
301,3.657
302,3.6572
303,3.6572
304,3.6573
305,3.6573
306,3.6573
307,3.6575
308,3.6575
309,3.6577
310,3.6577
311,3.6578
312,3.6578
313,3.6578
314,3.658
315,3.658
316,3.6581
317,3.6581
318,3.6583
319,3.6583
320,3.6583
321,3.6585
322,3.6585
323,3.6586
324,3.6586
325,3.6588
326,3.6588
327,3.6588
328,3.6589
329,3.6589
330,3.6591
331,3.6591
332,3.6591
333,3.6593
334,3.6593
335,3.6594
336,3.6594
337,3.6594
338,3.6596
339,3.6596
340,3.6597
341,3.6597
342,3.6597
343,3.6599
344,3.6599
345,3.6601
346,3.6601
347,3.6602
348,3.6602
349,3.6602
350,3.6604
351,3.6604
352,3.6605
353,3.6605
354,3.6605
355,3.6607
356,3.6607
357,3.6607
358,3.6608
359,3.6608
360,3.661
361,3.661
362,3.661
363,3.6612
364,3.6612
365,3.6613
366,3.6613
367,3.6615
368,3.6615
369,3.6615
370,3.6616
371,3.6616
372,3.6616
373,3.6618
374,3.6618
375,3.662
376,3.662
377,3.6621
378,3.6621
379,3.6621
380,3.6623
381,3.6623
382,3.6623
383,3.6624
384,3.6624
385,3.6626
386,3.6626
387,3.6626
388,3.6628
389,3.6628
390,3.6629
391,3.6629
392,3.6629
393,3.6631
394,3.6631
395,3.6631
396,3.6632
397,3.6632
398,3.6634
399,3.6634
400,3.6635
401,3.6635
402,3.6635
403,3.6637
404,3.6637
405,3.6637
406,3.6639
407,3.6639
408,3.664
409,3.664
410,3.664
411,3.6642
412,3.6642
413,3.6643
414,3.6643
415,3.6643
416,3.6645
417,3.6645
418,3.6647
419,3.6647
420,3.6647
421,3.6648
422,3.6648
423,3.6648
424,3.665
425,3.665
426,3.6651
427,3.6651
428,3.6651
429,3.6653
430,3.6653
431,3.6653
432,3.6655
433,3.6655
434,3.6656
435,3.6656
436,3.6656
437,3.6658
438,3.6658
439,3.6658
440,3.6659
441,3.6659
442,3.6661
443,3.6661
444,3.6661
445,3.6662
446,3.6662
447,3.6662
448,3.6664
449,3.6664
450,3.6666
451,3.6666
452,3.6666
453,3.6667
454,3.6667
455,3.6669
456,3.6669
457,3.6669
458,3.667
459,3.667
460,3.6672
461,3.6672
462,3.6672
463,3.6674
464,3.6674
465,3.6674
466,3.6675
467,3.6675
468,3.6677
469,3.6677
470,3.6677
471,3.6678
472,3.6678
473,3.6678
474,3.668
475,3.668
476,3.6682
477,3.6682
478,3.6682
479,3.6683
480,3.6683
481,3.6683
482,3.6685
483,3.6685
484,3.6686
485,3.6686
486,3.6686
487,3.6688
488,3.6688
489,3.6688
490,3.6689
491,3.6689
492,3.6691
493,3.6691
494,3.6691
495,3.6693
496,3.6693
497,3.6693
498,3.6694
499,3.6694
500,3.6696
501,3.6696
502,3.6696
503,3.6697
504,3.6697
505,3.6697
506,3.6699
507,3.6699
508,3.6701
509,3.6701
510,3.6702
511,3.6702
512,3.6702
513,3.6704
514,3.6704
515,3.6704
516,3.6705
517,3.6705
518,3.6705
519,3.6707
520,3.6707
521,3.6709
522,3.6709
523,3.6709
524,3.671
525,3.671
526,3.6712
527,3.6712
528,3.6712
529,3.6713
530,3.6713
531,3.6715
532,3.6715
533,3.6715
534,3.6716
535,3.6716
536,3.6716
537,3.6718
538,3.6718
539,3.6718
540,3.672
541,3.672
542,3.6721
543,3.6721
544,3.6721
545,3.6723
546,3.6723
547,3.6724
548,3.6724
549,3.6724
550,3.6726
551,3.6726
552,3.6728
553,3.6728
554,3.6728
555,3.6729
556,3.6729
557,3.6729
558,3.6731
559,3.6731
560,3.6732
561,3.6732
562,3.6732
563,3.6734
564,3.6734
565,3.6736
566,3.6736
567,3.6736
568,3.6737
569,3.6737
570,3.6737
571,3.6739
572,3.6739
573,3.674
574,3.674
575,3.674
576,3.6742
577,3.6742
578,3.6744
579,3.6744
580,3.6744
581,3.6745
582,3.6745
583,3.6745
584,3.6747
585,3.6747
586,3.6748
587,3.6748
588,3.6748
589,3.675
590,3.675
591,3.675
592,3.6751
593,3.6751
594,3.6753
595,3.6753
596,3.6753
597,3.6755
598,3.6755
599,3.6756
600,3.6756
601,3.6756
602,3.6758
603,3.6758
604,3.6759
605,3.6759
606,3.6759
607,3.6761
608,3.6761
609,3.6761
610,3.6763
611,3.6763
612,3.6764
613,3.6764
614,3.6764
615,3.6766
616,3.6766
617,3.6766
618,3.6767
619,3.6767
620,3.6769
621,3.6769
622,3.6769
623,3.6771
624,3.6771
625,3.6772
626,3.6772
627,3.6772
628,3.6774
629,3.6774
630,3.6775
631,3.6775
632,3.6775
633,3.6777
634,3.6777
635,3.6778
636,3.6778
637,3.678
638,3.678
639,3.678
640,3.6782
641,3.6782
642,3.6782
643,3.6783
644,3.6783
645,3.6785
646,3.6785
647,3.6785
648,3.6786
649,3.6786
650,3.6788
651,3.6788
652,3.6788
653,3.679
654,3.679
655,3.6791
656,3.6791
657,3.6791
658,3.6793
659,3.6793
660,3.6794
661,3.6794
662,3.6794
663,3.6796
664,3.6796
665,3.6798
666,3.6798
667,3.6798
668,3.6799
669,3.6799
670,3.6801
671,3.6801
672,3.6801
673,3.6802
674,3.6802
675,3.6804
676,3.6804
677,3.6804
678,3.6805
679,3.6805
680,3.6807
681,3.6807
682,3.6807
683,3.6809
684,3.6809
685,3.681
686,3.681
687,3.681
688,3.6812
689,3.6812
690,3.6813
691,3.6813
692,3.6815
693,3.6815
694,3.6815
695,3.6817
696,3.6817
697,3.6817
698,3.6818
699,3.6818
700,3.682
701,3.682
702,3.6821
703,3.6821
704,3.6821
705,3.6823
706,3.6823
707,3.6825
708,3.6825
709,3.6825
710,3.6826
711,3.6826
712,3.6828
713,3.6828
714,3.6829
715,3.6829
716,3.6829
717,3.6831
718,3.6831
719,3.6831
720,3.6832
721,3.6832
722,3.6834
723,3.6834
724,3.6836
725,3.6836
726,3.6836
727,3.6837
728,3.6837
729,3.6839
730,3.6839
731,3.684
732,3.684
733,3.684
734,3.6842
735,3.6842
736,3.6844
737,3.6844
738,3.6844
739,3.6845
740,3.6845
741,3.6847
742,3.6847
743,3.6847
744,3.6848
745,3.6848
746,3.685
747,3.685
748,3.685
749,3.6852
750,3.6852
751,3.6853
752,3.6853
753,3.6855
754,3.6855
755,3.6856
756,3.6856
757,3.6856
758,3.6858
759,3.6858
760,3.6859
761,3.6859
762,3.6859
763,3.6861
764,3.6861
765,3.6863
766,3.6863
767,3.6864
768,3.6864
769,3.6864
770,3.6866
771,3.6866
772,3.6867
773,3.6867
774,3.6867
775,3.6869
776,3.6869
777,3.6871
778,3.6871
779,3.6872
780,3.6872
781,3.6872
782,3.6874
783,3.6874
784,3.6875
785,3.6875
786,3.6877
787,3.6877
788,3.6877
789,3.6879
790,3.6879
791,3.688
792,3.688
793,3.6882
794,3.6882
795,3.6882
796,3.6883
797,3.6883
798,3.6885
799,3.6885
800,3.6887
801,3.6887
802,3.6887
803,3.6888
804,3.6888
805,3.689
806,3.689
807,3.6891
808,3.6891
809,3.6891
810,3.6893
811,3.6893
812,3.6894
813,3.6894
814,3.6894
815,3.6896
816,3.6896
817,3.6898
818,3.6898
819,3.6899
820,3.6899
821,3.6899
822,3.6901
823,3.6901
824,3.6902
825,3.6902
826,3.6904
827,3.6904
828,3.6906
829,3.6906
830,3.6906
831,3.6907
832,3.6907
833,3.6909
834,3.6909
835,3.6909
836,3.691
837,3.691
838,3.6912
839,3.6912
840,3.6914
841,3.6914
842,3.6914
843,3.6915
844,3.6915
845,3.6917
846,3.6917
847,3.6918
848,3.6918
849,3.692
850,3.692
851,3.692
852,3.6921
853,3.6921
854,3.6923
855,3.6923
856,3.6925
857,3.6925
858,3.6926
859,3.6926
860,3.6926
861,3.6928
862,3.6928
863,3.6929
864,3.6929
865,3.6931
866,3.6931
867,3.6933
868,3.6933
869,3.6933
870,3.6934
871,3.6934
872,3.6936
873,3.6936
874,3.6937
875,3.6937
876,3.6939
877,3.6939
878,3.6939
879,3.6941
880,3.6941
881,3.6942
882,3.6942
883,3.6944
884,3.6944
885,3.6945
886,3.6945
887,3.6947
888,3.6947
889,3.6947
890,3.6948
891,3.6948
892,3.695
893,3.695
894,3.6952
895,3.6952
896,3.6953
897,3.6953
898,3.6953
899,3.6955
900,3.6955
901,3.6956
902,3.6956
903,3.6958
904,3.6958
905,3.696
906,3.696
907,3.696
908,3.6961
909,3.6961
910,3.6963
911,3.6963
912,3.6964
913,3.6964
914,3.6966
915,3.6966
916,3.6966
917,3.6968
918,3.6968
919,3.6969
920,3.6969
921,3.6971
922,3.6971
923,3.6972
924,3.6972
925,3.6974
926,3.6974
927,3.6975
928,3.6975
929,3.6975
930,3.6977
931,3.6977
932,3.6979
933,3.6979
934,3.698
935,3.698
936,3.6982
937,3.6982
938,3.6982
939,3.6983
940,3.6983
941,3.6985
942,3.6985
943,3.6987
944,3.6987
945,3.6988
946,3.6988
947,3.699
948,3.699
949,3.699
950,3.6991
951,3.6991
952,3.6993
953,3.6993
954,3.6995
955,3.6995
956,3.6996
957,3.6996
958,3.6998
959,3.6998
960,3.6999
961,3.6999
962,3.6999
963,3.7001
964,3.7001
965,3.7002
966,3.7002
967,3.7004
968,3.7004
969,3.7006
970,3.7006
971,3.7007
972,3.7007
973,3.7009
974,3.7009
975,3.7009
976,3.701
977,3.701
978,3.7012
979,3.7012
980,3.7014
981,3.7014
982,3.7015
983,3.7015
984,3.7015
985,3.7017
986,3.7018
987,3.7018
988,3.7018
989,3.702
990,3.702
991,3.7022
992,3.7022
993,3.7023
994,3.7023
995,3.7025
996,3.7025
997,3.7026
998,3.7026
999,3.7028
1000,3.7028
1001,3.7028
1002,3.703
1003,3.703
1004,3.7031
1005,3.7031
1006,3.7033
1007,3.7033
1008,3.7034
1009,3.7034
1010,3.7036
1011,3.7036
1012,3.7037
1013,3.7037
1014,3.7039
1015,3.7039
1016,3.7039
1017,3.7041
1018,3.7041
1019,3.7042
1020,3.7042
1021,3.7044
1022,3.7044
1023,3.7045
1024,3.7045
1025,3.7047
1026,3.7047
1027,3.7049
1028,3.7049
1029,3.705
1030,3.705
1031,3.705
1032,3.7052
1033,3.7052
1034,3.7053
1035,3.7053
1036,3.7055
1037,3.7055
1038,3.7057
1039,3.7057
1040,3.7058
1041,3.7058
1042,3.706
1043,3.706
1044,3.7061
1045,3.7061
1046,3.7061
1047,3.7063
1048,3.7063
1049,3.7064
1050,3.7064
1051,3.7066
1052,3.7066
1053,3.7068
1054,3.7068
1055,3.7069
1056,3.7069
1057,3.7071
1058,3.7071
1059,3.7071
1060,3.7072
1061,3.7072
1062,3.7074
1063,3.7074
1064,3.7076
1065,3.7076
1066,3.7077
1067,3.7077
1068,3.7079
1069,3.7079
1070,3.708
1071,3.708
1072,3.7082
1073,3.7082
1074,3.7084
1075,3.7084
1076,3.7085
1077,3.7085
1078,3.7085
1079,3.7087
1080,3.7087
1081,3.7088
1082,3.7088
1083,3.709
1084,3.709
1085,3.7091
1086,3.7091
1087,3.7093
1088,3.7093
1089,3.7095
1090,3.7095
1091,3.7096
1092,3.7096
1093,3.7098
1094,3.7098
1095,3.7099
1096,3.7099
1097,3.7099
1098,3.7101
1099,3.7101
1100,3.7103
1101,3.7103
1102,3.7104
1103,3.7104
1104,3.7106
1105,3.7106
1106,3.7107
1107,3.7107
1108,3.7109
1109,3.7109
1110,3.7111
1111,3.7111
1112,3.7111
1113,3.7112
1114,3.7112
1115,3.7114
1116,3.7114
1117,3.7115
1118,3.7115
1119,3.7117
1120,3.7117
1121,3.7118
1122,3.7118
1123,3.712
1124,3.712
1125,3.7122
1126,3.7122
1127,3.7123
1128,3.7123
1129,3.7125
1130,3.7125
1131,3.7125
1132,3.7126
1133,3.7126
1134,3.7128
1135,3.7128
1136,3.713
1137,3.713
1138,3.7131
1139,3.7131
1140,3.7133
1141,3.7133
1142,3.7134
1143,3.7134
1144,3.7136
1145,3.7136
1146,3.7138
1147,3.7138
1148,3.7139
1149,3.7139
1150,3.7141
1151,3.7141
1152,3.7142
1153,3.7142
1154,3.7144
1155,3.7144
1156,3.7146
1157,3.7146
1158,3.7147
1159,3.7147
1160,3.7149
1161,3.7149
1162,3.715
1163,3.715
1164,3.715
1165,3.7152
1166,3.7152
1167,3.7153
1168,3.7153
1169,3.7155
1170,3.7155
1171,3.7157
1172,3.7157
1173,3.7158
1174,3.7158
1175,3.716
1176,3.716
1177,3.7161
1178,3.7161
1179,3.7163
1180,3.7163
1181,3.7165
1182,3.7165
1183,3.7166
1184,3.7166
1185,3.7168
1186,3.7168
1187,3.7169
1188,3.7169
1189,3.7171
1190,3.7171
1191,3.7173
1192,3.7173
1193,3.7174
1194,3.7174
1195,3.7176
1196,3.7176
1197,3.7177
1198,3.7177
1199,3.7179
1200,3.7179
1201,3.718
1202,3.718
1203,3.7182
1204,3.7182
1205,3.7184
1206,3.7184
1207,3.7184
1208,3.7185
1209,3.7187
1210,3.7187
1211,3.7188
1212,3.7188
1213,3.719
1214,3.719
1215,3.7192
1216,3.7192
1217,3.7193
1218,3.7193
1219,3.7195
1220,3.7195
1221,3.7196
1222,3.7196
1223,3.7196
1224,3.7198
1225,3.72
1226,3.72
1227,3.7201
1228,3.7201
1229,3.7203
1230,3.7203
1231,3.7204
1232,3.7204
1233,3.7206
1234,3.7206
1235,3.7207
1236,3.7207
1237,3.7209
1238,3.7209
1239,3.7211
1240,3.7211
1241,3.7212
1242,3.7212
1243,3.7214
1244,3.7214
1245,3.7215
1246,3.7215
1247,3.7217
1248,3.7217
1249,3.7219
1250,3.7219
1251,3.722
1252,3.722
1253,3.7222
1254,3.7222
1255,3.7223
1256,3.7223
1257,3.7225
1258,3.7225
1259,3.7227
1260,3.7227
1261,3.7228
1262,3.7228
1263,3.723
1264,3.7231
1265,3.7231
1266,3.7233
1267,3.7233
1268,3.7234
1269,3.7234
1270,3.7236
1271,3.7236
1272,3.7238
1273,3.7238
1274,3.7239
1275,3.7239
1276,3.7241
1277,3.7241
1278,3.7242
1279,3.7242
1280,3.7244
1281,3.7244
1282,3.7246
1283,3.7247
1284,3.7247
1285,3.7247
1286,3.7249
1287,3.725
1288,3.725
1289,3.7252
1290,3.7252
1291,3.7254
1292,3.7254
1293,3.7255
1294,3.7255
1295,3.7257
1296,3.7257
1297,3.7258
1298,3.7258
1299,3.726
1300,3.7261
1301,3.7261
1302,3.7263
1303,3.7263
1304,3.7265
1305,3.7265
1306,3.7266
1307,3.7266
1308,3.7268
1309,3.7269
1310,3.7269
1311,3.7269
1312,3.7271
1313,3.7273
1314,3.7273
1315,3.7274
1316,3.7274
1317,3.7276
1318,3.7276
1319,3.7277
1320,3.7279
1321,3.7279
1322,3.7281
1323,3.7281
1324,3.7282
1325,3.7282
1326,3.7284
1327,3.7284
1328,3.7285
1329,3.7285
1330,3.7287
1331,3.7288
1332,3.7288
1333,3.729
1334,3.729
1335,3.7292
1336,3.7292
1337,3.7293
1338,3.7295
1339,3.7295
1340,3.7295
1341,3.7296
1342,3.7298
1343,3.7298
1344,3.73
1345,3.73
1346,3.7301
1347,3.7301
1348,3.7303
1349,3.7304
1350,3.7304
1351,3.7306
1352,3.7306
1353,3.7308
1354,3.7309
1355,3.7309
1356,3.7311
1357,3.7311
1358,3.7312
1359,3.7312
1360,3.7314
1361,3.7316
1362,3.7316
1363,3.7317
1364,3.7317
1365,3.7319
1366,3.732
1367,3.732
1368,3.7322
1369,3.7322
1370,3.7323
1371,3.7323
1372,3.7325
1373,3.7327
1374,3.7327
1375,3.7328
1376,3.7328
1377,3.733
1378,3.7331
1379,3.7331
1380,3.7333
1381,3.7333
1382,3.7335
1383,3.7336
1384,3.7336
1385,3.7338
1386,3.7338
1387,3.7339
1388,3.7339
1389,3.7341
1390,3.7343
1391,3.7343
1392,3.7344
1393,3.7346
1394,3.7346
1395,3.7347
1396,3.7347
1397,3.7349
1398,3.7349
1399,3.735
1400,3.7352
1401,3.7352
1402,3.7354
1403,3.7355
1404,3.7355
1405,3.7357
1406,3.7357
1407,3.7358
1408,3.736
1409,3.736
1410,3.7362
1411,3.7362
1412,3.7363
1413,3.7365
1414,3.7365
1415,3.7366
1416,3.7366
1417,3.7368
1418,3.737
1419,3.737
1420,3.7371
1421,3.7373
1422,3.7373
1423,3.7374
1424,3.7376
1425,3.7376
1426,3.7377
1427,3.7377
1428,3.7379
1429,3.7381
1430,3.7381
1431,3.7382
1432,3.7384
1433,3.7384
1434,3.7385
1435,3.7385
1436,3.7387
1437,3.7389
1438,3.7389
1439,3.739
1440,3.7392
1441,3.7392
1442,3.7393
1443,3.7395
1444,3.7395
1445,3.7397
1446,3.7398
1447,3.7398
1448,3.74
1449,3.74
1450,3.7401
1451,3.7403
1452,3.7403
1453,3.7404
1454,3.7406
1455,3.7406
1456,3.7408
1457,3.7409
1458,3.7409
1459,3.7411
1460,3.7412
1461,3.7412
1462,3.7414
1463,3.7416
1464,3.7416
1465,3.7417
1466,3.7419
1467,3.7419
1468,3.742
1469,3.7422
1470,3.7422
1471,3.7424
1472,3.7425
1473,3.7425
1474,3.7427
1475,3.7428
1476,3.7428
1477,3.743
1478,3.7432
1479,3.7433
1480,3.7433
1481,3.7435
1482,3.7436
1483,3.7436
1484,3.7438
1485,3.7439
1486,3.7439
1487,3.7441
1488,3.7443
1489,3.7443
1490,3.7444
1491,3.7446
1492,3.7447
1493,3.7447
1494,3.7449
1495,3.7449
1496,3.7451
1497,3.7452
1498,3.7454
1499,3.7454
1500,3.7455
1501,3.7457
1502,3.7457
1503,3.7459
1504,3.746
1505,3.7462
1506,3.7462
1507,3.7463
1508,3.7465
1509,3.7465
1510,3.7466
1511,3.7468
1512,3.747
1513,3.747
1514,3.7471
1515,3.7473
1516,3.7473
1517,3.7474
1518,3.7476
1519,3.7478
1520,3.7478
1521,3.7479
1522,3.7481
1523,3.7482
1524,3.7482
1525,3.7484
1526,3.7484
1527,3.7486
1528,3.7487
1529,3.7489
1530,3.749
1531,3.749
1532,3.7492
1533,3.7493
1534,3.7495
1535,3.7495
1536,3.7497
1537,3.7498
1538,3.7498
1539,3.75
1540,3.7501
1541,3.7503
1542,3.7503
1543,3.7505
1544,3.7506
1545,3.7508
1546,3.7508
1547,3.7509
1548,3.7511
1549,3.7513
1550,3.7513
1551,3.7514
1552,3.7516
1553,3.7517
1554,3.7519
1555,3.7519
1556,3.752
1557,3.7522
1558,3.7522
1559,3.7524
1560,3.7525
1561,3.7527
1562,3.7528
1563,3.7528
1564,3.753
1565,3.7532
1566,3.7533
1567,3.7533
1568,3.7535
1569,3.7536
1570,3.7538
1571,3.754
1572,3.754
1573,3.7541
1574,3.7543
1575,3.7544
1576,3.7544
1577,3.7546
1578,3.7547
1579,3.7549
1580,3.7551
1581,3.7551
1582,3.7552
1583,3.7554
1584,3.7555
1585,3.7555
1586,3.7557
1587,3.7559
1588,3.756
1589,3.7562
1590,3.7562
1591,3.7563
1592,3.7565
1593,3.7567
1594,3.7568
1595,3.7568
1596,3.757
1597,3.7571
1598,3.7573
1599,3.7575
1600,3.7575
1601,3.7576
1602,3.7578
1603,3.7579
1604,3.7581
1605,3.7581
1606,3.7582
1607,3.7584
1608,3.7586
1609,3.7587
1610,3.7587
1611,3.7589
1612,3.759
1613,3.7592
1614,3.7594
1615,3.7595
1616,3.7595
1617,3.7597
1618,3.7598
1619,3.76
1620,3.7602
1621,3.7602
1622,3.7603
1623,3.7605
1624,3.7606
1625,3.7608
1626,3.7609
1627,3.7611
1628,3.7611
1629,3.7613
1630,3.7614
1631,3.7616
1632,3.7617
1633,3.7619
1634,3.7619
1635,3.7621
1636,3.7622
1637,3.7624
1638,3.7625
1639,3.7625
1640,3.7627
1641,3.7629
1642,3.763
1643,3.7632
1644,3.7633
1645,3.7635
1646,3.7635
1647,3.7636
1648,3.7638
1649,3.764
1650,3.7641
1651,3.7643
1652,3.7644
1653,3.7646
1654,3.7646
1655,3.7648
1656,3.7649
1657,3.7651
1658,3.7652
1659,3.7654
1660,3.7654
1661,3.7656
1662,3.7657
1663,3.7659
1664,3.766
1665,3.7662
1666,3.7663
1667,3.7665
1668,3.7665
1669,3.7667
1670,3.7668
1671,3.767
1672,3.7671
1673,3.7673
1674,3.7675
1675,3.7676
1676,3.7676
1677,3.7678
1678,3.7679
1679,3.7681
1680,3.7683
1681,3.7684
1682,3.7686
1683,3.7687
1684,3.7687
1685,3.7689
1686,3.7691
1687,3.7692
1688,3.7694
1689,3.7695
1690,3.7697
1691,3.7698
1692,3.7698
1693,3.77
1694,3.7702
1695,3.7703
1696,3.7705
1697,3.7706
1698,3.7708
1699,3.771
1700,3.7711
1701,3.7713
1702,3.7714
1703,3.7714
1704,3.7716
1705,3.7718
1706,3.7719
1707,3.7721
1708,3.7722
1709,3.7724
1710,3.7725
1711,3.7727
1712,3.7727
1713,3.7729
1714,3.773
1715,3.7732
1716,3.7733
1717,3.7735
1718,3.7737
1719,3.7738
1720,3.774
1721,3.7741
1722,3.7743
1723,3.7745
1724,3.7745
1725,3.7746
1726,3.7748
1727,3.7749
1728,3.7751
1729,3.7752
1730,3.7754
1731,3.7756
1732,3.7757
1733,3.7759
1734,3.776
1735,3.7762
1736,3.7764
1737,3.7764
1738,3.7765
1739,3.7767
1740,3.7768
1741,3.777
1742,3.7772
1743,3.7773
1744,3.7775
1745,3.7776
1746,3.7778
1747,3.7779
1748,3.7781
1749,3.7783
1750,3.7784
1751,3.7786
1752,3.7786
1753,3.7787
1754,3.7789
1755,3.7791
1756,3.7792
1757,3.7794
1758,3.7795
1759,3.7797
1760,3.7799
1761,3.78
1762,3.7802
1763,3.7803
1764,3.7805
1765,3.7806
1766,3.7808
1767,3.781
1768,3.7811
1769,3.7811
1770,3.7814
1771,3.7816
1772,3.7816
1773,3.7818
1774,3.7819
1775,3.7821
1776,3.7822
1777,3.7824
1778,3.7826
1779,3.7827
1780,3.7829
1781,3.783
1782,3.7832
1783,3.7834
1784,3.7835
1785,3.7837
1786,3.7838
1787,3.784
1788,3.7841
1789,3.7843
1790,3.7845
1791,3.7846
1792,3.7848
1793,3.7849
1794,3.7851
1795,3.7853
1796,3.7854
1797,3.7856
1798,3.7857
1799,3.7859
1800,3.7861
1801,3.7862
1802,3.7862
1803,3.7865
1804,3.7865
1805,3.7867
1806,3.7868
1807,3.787
1808,3.7872
1809,3.7873
1810,3.7875
1811,3.7876
1812,3.7878
1813,3.788
1814,3.7881
1815,3.7883
1816,3.7884
1817,3.7886
1818,3.7888
1819,3.7889
1820,3.7891
1821,3.7892
1822,3.7894
1823,3.7895
1824,3.7897
1825,3.7899
1826,3.79
1827,3.7902
1828,3.7903
1829,3.7905
1830,3.7907
1831,3.7908
1832,3.791
1833,3.7911
1834,3.7913
1835,3.7915
1836,3.7916
1837,3.7918
1838,3.7921
1839,3.7921
1840,3.7922
1841,3.7926
1842,3.7927
1843,3.7929
1844,3.793
1845,3.7932
1846,3.7934
1847,3.7935
1848,3.7937
1849,3.7938
1850,3.794
1851,3.7942
1852,3.7943
1853,3.7945
1854,3.7946
1855,3.7948
1856,3.7949
1857,3.7951
1858,3.7953
1859,3.7954
1860,3.7956
1861,3.7957
1862,3.7959
1863,3.7961
1864,3.7962
1865,3.7964
1866,3.7965
1867,3.7967
1868,3.7969
1869,3.797
1870,3.7972
1871,3.7973
1872,3.7975
1873,3.7977
1874,3.7978
1875,3.798
1876,3.7983
1877,3.7984
1878,3.7986
1879,3.7988
1880,3.7989
1881,3.7991
1882,3.7992
1883,3.7994
1884,3.7996
1885,3.7997
1886,3.7999
1887,3.8
1888,3.8002
1889,3.8004
1890,3.8005
1891,3.8007
1892,3.801
1893,3.801
1894,3.8013
1895,3.8015
1896,3.8016
1897,3.8018
1898,3.8019
1899,3.8021
1900,3.8023
1901,3.8024
1902,3.8026
1903,3.8027
1904,3.8029
1905,3.8031
1906,3.8032
1907,3.8035
1908,3.8037
1909,3.8038
1910,3.804
1911,3.8042
1912,3.8043
1913,3.8045
1914,3.8046
1915,3.8048
1916,3.805
1917,3.8051
1918,3.8054
1919,3.8056
1920,3.8058
1921,3.8059
1922,3.8061
1923,3.8062
1924,3.8064
1925,3.8065
1926,3.8067
1927,3.8069
1928,3.8072
1929,3.8073
1930,3.8075
1931,3.8077
1932,3.8078
1933,3.808
1934,3.8081
1935,3.8083
1936,3.8085
1937,3.8086
1938,3.8089
1939,3.8091
1940,3.8092
1941,3.8094
1942,3.8096
1943,3.8097
1944,3.8099
1945,3.8102
1946,3.8104
1947,3.8105
1948,3.8107
1949,3.8108
1950,3.811
1951,3.8112
1952,3.8113
1953,3.8116
1954,3.8118
1955,3.812
1956,3.8121
1957,3.8123
1958,3.8124
1959,3.8126
1960,3.8129
1961,3.8131
1962,3.8132
1963,3.8134
1964,3.8135
1965,3.8137
1966,3.814
1967,3.8142
1968,3.8143
1969,3.8145
1970,3.8147
1971,3.8148
1972,3.8151
1973,3.8153
1974,3.8154
1975,3.8156
1976,3.8158
1977,3.8159
1978,3.8162
1979,3.8164
1980,3.8166
1981,3.8167
1982,3.8169
1983,3.8172
1984,3.8174
1985,3.8175
1986,3.8177
1987,3.8178
1988,3.818
1989,3.8183
1990,3.8185
1991,3.8186
1992,3.8188
1993,3.8189
1994,3.8193
1995,3.8194
1996,3.8196
1997,3.8197
1998,3.8199
1999,3.8202
2000,3.8204
2001,3.8205
2002,3.8207
2003,3.821
2004,3.8212
2005,3.8213
2006,3.8215
2007,3.8216
2008,3.822
2009,3.8221
2010,3.8223
2011,3.8224
2012,3.8228
2013,3.8229
2014,3.8231
2015,3.8232
2016,3.8234
2017,3.8237
2018,3.8239
2019,3.824
2020,3.8242
2021,3.8245
2022,3.8247
2023,3.8248
2024,3.825
2025,3.8253
2026,3.8255
2027,3.8256
2028,3.8258
2029,3.8261
2030,3.8263
2031,3.8264
2032,3.8267
2033,3.8269
2034,3.827
2035,3.8272
2036,3.8275
2037,3.8277
2038,3.8278
2039,3.828
2040,3.8283
2041,3.8285
2042,3.8286
2043,3.829
2044,3.8291
2045,3.8293
2046,3.8294
2047,3.8297
2048,3.8299
2049,3.8301
2050,3.8304
2051,3.8305
2052,3.8307
2053,3.831
2054,3.8312
2055,3.8313
2056,3.8317
2057,3.8318
2058,3.832
2059,3.8321
2060,3.8324
2061,3.8326
2062,3.8328
2063,3.8331
2064,3.8332
2065,3.8334
2066,3.8337
2067,3.8339
2068,3.834
2069,3.8344
2070,3.8345
2071,3.8347
2072,3.835
2073,3.8351
2074,3.8353
2075,3.8356
2076,3.8358
2077,3.8359
2078,3.8363
2079,3.8364
2080,3.8366
2081,3.8369
2082,3.8371
2083,3.8372
2084,3.8375
2085,3.8377
2086,3.838
2087,3.8382
2088,3.8383
2089,3.8386
2090,3.8388
2091,3.8391
2092,3.8393
2093,3.8394
2094,3.8398
2095,3.8399
2096,3.8401
2097,3.8404
2098,3.8406
2099,3.8407
2100,3.841
2101,3.8412
2102,3.8415
2103,3.8417
2104,3.8418
2105,3.8421
2106,3.8423
2107,3.8426
2108,3.8428
2109,3.8429
2110,3.8433
2111,3.8434
2112,3.8437
2113,3.8439
2114,3.844
2115,3.8444
2116,3.8445
2117,3.8448
2118,3.845
2119,3.8453
2120,3.8455
2121,3.8456
2122,3.846
2123,3.8461
2124,3.8464
2125,3.8466
2126,3.8467
2127,3.8471
2128,3.8472
2129,3.8475
2130,3.8477
2131,3.848
2132,3.8482
2133,3.8485
2134,3.8487
2135,3.8488
2136,3.8491
2137,3.8493
2138,3.8496
2139,3.8498
2140,3.8501
2141,3.8502
2142,3.8506
2143,3.8507
2144,3.851
2145,3.8512
2146,3.8514
2147,3.8517
2148,3.8518
2149,3.8521
2150,3.8523
2151,3.8526
2152,3.8528
2153,3.8531
2154,3.8533
2155,3.8536
2156,3.8537
2157,3.8541
2158,3.8542
2159,3.8545
2160,3.8547
2161,3.855
2162,3.8552
2163,3.8553
2164,3.8556
2165,3.8558
2166,3.8561
2167,3.8563
2168,3.8566
2169,3.8568
2170,3.8571
2171,3.8572
2172,3.8576
2173,3.8577
2174,3.858
2175,3.8582
2176,3.8585
2177,3.8587
2178,3.859
2179,3.8591
2180,3.8595
2181,3.8596
2182,3.8599
2183,3.8601
2184,3.8604
2185,3.8606
2186,3.8609
2187,3.861
2188,3.8614
2189,3.8615
2190,3.8618
2191,3.862
2192,3.8623
2193,3.8625
2194,3.8628
2195,3.863
2196,3.8633
2197,3.8634
2198,3.8637
2199,3.8639
2200,3.8642
2201,3.8644
2202,3.8647
2203,3.8649
2204,3.8652
2205,3.8653
2206,3.8657
2207,3.8658
2208,3.8661
2209,3.8663
2210,3.8666
2211,3.8668
2212,3.8671
2213,3.8672
2214,3.8676
2215,3.8679
2216,3.868
2217,3.8684
2218,3.8685
2219,3.8688
2220,3.869
2221,3.8693
2222,3.8695
2223,3.8698
2224,3.8699
2225,3.8703
2226,3.8704
2227,3.8707
2228,3.8709
2229,3.8712
2230,3.8714
2231,3.8717
2232,3.8719
2233,3.8722
2234,3.8723
2235,3.8726
2236,3.8728
2237,3.8731
2238,3.8733
2239,3.8736
2240,3.8738
2241,3.8741
2242,3.8742
2243,3.8746
2244,3.8749
2245,3.875
2246,3.8753
2247,3.8755
2248,3.8758
2249,3.876
2250,3.8763
2251,3.8765
2252,3.8768
2253,3.8769
2254,3.8773
2255,3.8774
2256,3.8776
2257,3.8779
2258,3.8782
2259,3.8784
2260,3.8787
2261,3.8788
2262,3.8792
2263,3.8793
2264,3.8796
2265,3.8798
2266,3.8801
2267,3.8803
2268,3.8806
2269,3.8807
2270,3.8811
2271,3.8812
2272,3.8815
2273,3.8817
2274,3.882
2275,3.8822
2276,3.8825
2277,3.8827
2278,3.883
2279,3.8831
2280,3.8835
2281,3.8836
2282,3.8839
2283,3.8841
2284,3.8844
2285,3.8846
2286,3.8847
2287,3.885
2288,3.8852
2289,3.8855
2290,3.8857
2291,3.886
2292,3.8862
2293,3.8865
2294,3.8866
2295,3.8869
2296,3.8871
2297,3.8874
2298,3.8876
2299,3.8879
2300,3.8881
2301,3.8884
2302,3.8885
2303,3.8889
2304,3.889
2305,3.8893
2306,3.8895
2307,3.8898
2308,3.89
2309,3.8903
2310,3.8904
2311,3.8908
2312,3.8909
2313,3.8912
2314,3.8914
2315,3.8917
2316,3.8919
2317,3.8922
2318,3.8923
2319,3.8927
2320,3.8928
2321,3.893
2322,3.8933
2323,3.8935
2324,3.8938
2325,3.8939
2326,3.8943
2327,3.8944
2328,3.8947
2329,3.8949
2330,3.8952
2331,3.8954
2332,3.8957
2333,3.8958
2334,3.896
2335,3.8963
2336,3.8965
2337,3.8968
2338,3.897
2339,3.8973
2340,3.8974
2341,3.8978
2342,3.8979
2343,3.8982
2344,3.8984
2345,3.8987
2346,3.8989
2347,3.899
2348,3.8993
2349,3.8995
2350,3.8998
2351,3.9
2352,3.9003
2353,3.9005
2354,3.9008
2355,3.9009
2356,3.9012
2357,3.9014
2358,3.9017
2359,3.9019
2360,3.902
2361,3.9024
2362,3.9025
2363,3.9028
2364,3.903
2365,3.9033
2366,3.9035
2367,3.9038
2368,3.9039
2369,3.9041
2370,3.9044
2371,3.9046
2372,3.9049
2373,3.9051
2374,3.9054
2375,3.9055
2376,3.9059
2377,3.906
2378,3.9063
2379,3.9065
2380,3.9068
2381,3.907
2382,3.9071
2383,3.9074
2384,3.9076
2385,3.9079
2386,3.9081
2387,3.9084
2388,3.9086
2389,3.9089
2390,3.909
2391,3.9094
2392,3.9095
2393,3.9097
2394,3.91
2395,3.9101
2396,3.9105
2397,3.9106
2398,3.9109
2399,3.9111
2400,3.9114
2401,3.9116
2402,3.9119
2403,3.9121
2404,3.9122
2405,3.9125
2406,3.9127
2407,3.913
2408,3.9132
2409,3.9135
2410,3.9136
2411,3.914
2412,3.9141
2413,3.9144
2414,3.9146
2415,3.9148
2416,3.9151
2417,3.9152
2418,3.9155
2419,3.9157
2420,3.916
2421,3.9162
2422,3.9165
2423,3.9167
2424,3.917
2425,3.9171
2426,3.9175
2427,3.9176
2428,3.9178
2429,3.9181
2430,3.9182
2431,3.9186
2432,3.9187
2433,3.919
2434,3.9192
2435,3.9195
2436,3.9197
2437,3.92
2438,3.9202
2439,3.9205
2440,3.9206
2441,3.921
2442,3.9211
2443,3.9214
2444,3.9216
2445,3.9219
2446,3.9221
2447,3.9224
2448,3.9225
2449,3.9229
2450,3.923
2451,3.9233
2452,3.9235
2453,3.9238
2454,3.924
2455,3.9243
2456,3.9244
2457,3.9248
2458,3.9249
2459,3.9252
2460,3.9254
2461,3.9257
2462,3.9259
2463,3.9262
2464,3.9264
2465,3.9267
2466,3.9268
2467,3.9271
2468,3.9273
2469,3.9276
2470,3.9278
2471,3.9281
2472,3.9284
2473,3.9286
2474,3.9289
2475,3.9291
2476,3.9294
2477,3.9295
2478,3.9298
2479,3.93
2480,3.9303
2481,3.9305
2482,3.9308
2483,3.931
2484,3.9313
2485,3.9314
2486,3.9318
2487,3.9321
2488,3.9322
2489,3.9325
2490,3.9327
2491,3.933
2492,3.9332
2493,3.9335
2494,3.9338
2495,3.934
2496,3.9343
2497,3.9345
2498,3.9348
2499,3.9349
2500,3.9353
2501,3.9356
2502,3.9357
2503,3.936
2504,3.9362
2505,3.9365
2506,3.9367
2507,3.937
2508,3.9373
2509,3.9375
2510,3.9378
2511,3.938
2512,3.9383
2513,3.9386
2514,3.9387
2515,3.9391
2516,3.9392
2517,3.9395
2518,3.9399
2519,3.94
2520,3.9403
2521,3.9405
2522,3.9408
2523,3.9411
2524,3.9413
2525,3.9416
2526,3.9418
2527,3.9421
2528,3.9424
2529,3.9426
2530,3.9429
2531,3.9432
2532,3.9434
2533,3.9437
2534,3.9438
2535,3.9441
2536,3.9445
2537,3.9446
2538,3.9449
2539,3.9453
2540,3.9454
2541,3.9457
2542,3.9461
2543,3.9462
2544,3.9465
2545,3.9467
2546,3.947
2547,3.9473
2548,3.9475
2549,3.9478
2550,3.9481
2551,3.9483
2552,3.9486
2553,3.9489
2554,3.9492
2555,3.9494
2556,3.9497
2557,3.9499
2558,3.9502
2559,3.9505
2560,3.9507
2561,3.951
2562,3.9513
2563,3.9516
2564,3.9518
2565,3.9521
2566,3.9524
2567,3.9526
2568,3.9529
2569,3.9532
2570,3.9534
2571,3.9537
2572,3.954
2573,3.9542
2574,3.9545
2575,3.9548
2576,3.955
2577,3.9553
2578,3.9556
2579,3.9557
2580,3.9561
2581,3.9564
2582,3.9567
2583,3.9569
2584,3.9572
2585,3.9575
2586,3.9577
2587,3.958
2588,3.9583
2589,3.9584
2590,3.9588
2591,3.9591
2592,3.9594
2593,3.9596
2594,3.9599
2595,3.9602
2596,3.9604
2597,3.9607
2598,3.961
2599,3.9611
2600,3.9615
2601,3.9618
2602,3.9621
2603,3.9623
2604,3.9626
2605,3.9629
2606,3.9631
2607,3.9634
2608,3.9637
2609,3.964
2610,3.9642
2611,3.9645
2612,3.9648
2613,3.9651
2614,3.9653
2615,3.9656
2616,3.9659
2617,3.9661
2618,3.9664
2619,3.9667
2620,3.967
2621,3.9672
2622,3.9675
2623,3.9678
2624,3.968
2625,3.9683
2626,3.9686
2627,3.9688
2628,3.9691
2629,3.9694
2630,3.9697
2631,3.9699
2632,3.9702
2633,3.9705
2634,3.9707
2635,3.971
2636,3.9713
2637,3.9716
2638,3.9718
2639,3.9721
2640,3.9724
2641,3.9726
2642,3.9729
2643,3.9732
2644,3.9734
2645,3.9737
2646,3.974
2647,3.9742
2648,3.9745
2649,3.9748
2650,3.975
2651,3.9753
2652,3.9756
2653,3.9759
2654,3.9761
2655,3.9764
2656,3.9767
2657,3.9769
2658,3.9772
2659,3.9775
2660,3.9777
2661,3.978
2662,3.9783
2663,3.9785
2664,3.9788
2665,3.9791
2666,3.9793
2667,3.9796
2668,3.9799
2669,3.9801
2670,3.9804
2671,3.9807
2672,3.9809
2673,3.9812
2674,3.9813
2675,3.9816
2676,3.982
2677,3.9821
2678,3.9824
2679,3.9828
2680,3.9829
2681,3.9832
2682,3.9834
2683,3.9837
2684,3.984
2685,3.9842
2686,3.9845
2687,3.9848
2688,3.985
2689,3.9853
2690,3.9855
2691,3.9858
2692,3.9861
2693,3.9863
2694,3.9866
2695,3.9867
2696,3.987
2697,3.9874
2698,3.9875
2699,3.9877
2700,3.988
2701,3.9883
2702,3.9885
2703,3.9888
2704,3.989
2705,3.9893
2706,3.9896
2707,3.9897
2708,3.9901
2709,3.9902
2710,3.9905
2711,3.9907
2712,3.991
2713,3.9912
2714,3.9915
2715,3.9917
2716,3.992
2717,3.9921
2718,3.9925
2719,3.9926
2720,3.9929
2721,3.9931
2722,3.9934
2723,3.9936
2724,3.9939
2725,3.994
2726,3.9944
2727,3.9945
2728,3.9948
2729,3.995
2730,3.9953
2731,3.9955
2732,3.9958
2733,3.9959
2734,3.9961
2735,3.9964
2736,3.9966
2737,3.9969
2738,3.9971
2739,3.9974
2740,3.9975
2741,3.9979
2742,3.998
2743,3.9982
2744,3.9985
2745,3.9986
2746,3.999
2747,3.9991
2748,3.9993
2749,3.9996
2750,3.9998
2751,4.0001
2752,4.0002
2753,4.0004
2754,4.0007
2755,4.0009
2756,4.0012
2757,4.0013
2758,4.0015
2759,4.0018
2760,4.002
2761,4.0021
2762,4.0023
2763,4.0026
2764,4.0028
2765,4.0029
2766,4.0033
2767,4.0034
2768,4.0036
2769,4.0039
2770,4.0041
2771,4.0042
2772,4.0045
2773,4.0047
2774,4.0048
2775,4.005
2776,4.0053
2777,4.0055
2778,4.0056
2779,4.006
2780,4.0061
2781,4.0063
2782,4.0064
2783,4.0068
2784,4.0069
2785,4.0071
2786,4.0072
2787,4.0074
2788,4.0077
2789,4.0079
2790,4.008
2791,4.0083
2792,4.0085
2793,4.0087
2794,4.0088
2795,4.009
2796,4.0093
2797,4.0095
2798,4.0096
2799,4.0098
2800,4.0099
2801,4.0101
2802,4.0104
2803,4.0106
2804,4.0107
2805,4.0109
2806,4.011
2807,4.0114
2808,4.0115
2809,4.0117
2810,4.0118
2811,4.012
2812,4.0122
2813,4.0125
2814,4.0126
2815,4.0128
2816,4.0129
2817,4.0131
2818,4.0133
2819,4.0134
2820,4.0137
2821,4.0139
2822,4.0139
2823,4.0142
2824,4.0142
2825,4.0145
2826,4.0147
2827,4.015
2828,4.0152
2829,4.0153
2830,4.0155
2831,4.0156
2832,4.0158
2833,4.016
2834,4.016
2835,4.0163
2836,4.0164
2837,4.0166
2838,4.0168
2839,4.0171
2840,4.0171
2841,4.0172
2842,4.0174
2843,4.0177
2844,4.0179
2845,4.018
2846,4.0182
2847,4.0183
2848,4.0185
2849,4.0187
2850,4.0188
2851,4.019
2852,4.0191
2853,4.0193
2854,4.0195
2855,4.0196
2856,4.0198
2857,4.0199
2858,4.0201
2859,4.0203
2860,4.0204
2861,4.0206
2862,4.0207
2863,4.0209
2864,4.0211
2865,4.0212
2866,4.0215
2867,4.0217
2868,4.0218
2869,4.0218
2870,4.0222
2871,4.0223
2872,4.0225
2873,4.0226
2874,4.0226
2875,4.023
2876,4.0231
2877,4.0233
2878,4.0234
2879,4.0236
2880,4.0238
2881,4.0239
2882,4.0241
2883,4.0242
2884,4.0244
2885,4.0245
2886,4.0247
2887,4.0249
2888,4.025
2889,4.0252
2890,4.0253
2891,4.0255
2892,4.0257
2893,4.0258
2894,4.026
2895,4.0261
2896,4.0263
2897,4.0263
2898,4.0266
2899,4.0268
2900,4.0269
2901,4.0271
2902,4.0272
2903,4.0274
2904,4.0276
2905,4.0277
2906,4.0279
2907,4.028
2908,4.0282
2909,4.0284
2910,4.0285
2911,4.0285
2912,4.0287
2913,4.029
2914,4.0292
2915,4.0293
2916,4.0295
2917,4.0295
2918,4.0298
2919,4.0299
2920,4.0301
2921,4.0303
2922,4.0304
2923,4.0306
2924,4.0307
2925,4.0309
2926,4.0311
2927,4.0312
2928,4.0314
2929,4.0315
2930,4.0317
2931,4.0319
2932,4.032
2933,4.0322
2934,4.0323
2935,4.0325
2936,4.0326
2937,4.0328
2938,4.033
2939,4.0331
2940,4.0333
2941,4.0334
2942,4.0336
2943,4.0338
2944,4.0339
2945,4.0341
2946,4.0342
2947,4.0344
2948,4.0346
2949,4.0347
2950,4.0349
2951,4.035
2952,4.0354
2953,4.0355
2954,4.0357
2955,4.0358
2956,4.036
2957,4.0361
2958,4.0363
2959,4.0365
2960,4.0366
2961,4.0368
2962,4.0369
2963,4.0371
2964,4.0374
2965,4.0376
2966,4.0377
2967,4.0379
2968,4.0381
2969,4.0382
2970,4.0384
2971,4.0385
2972,4.0387
2973,4.039
2974,4.0392
2975,4.0393
2976,4.0395
2977,4.0396
2978,4.0398
2979,4.04
2980,4.0401
2981,4.0404
2982,4.0406
2983,4.0408
2984,4.0409
2985,4.0411
2986,4.0412
2987,4.0415
2988,4.0417
2989,4.0419
2990,4.042
2991,4.0422
2992,4.0425
2993,4.0427
2994,4.0428
2995,4.043
2996,4.0433
2997,4.0435
2998,4.0436
2999,4.0438
3000,4.0439
3001,4.0442
3002,4.0444
3003,4.0446
3004,4.0447
3005,4.045
3006,4.0452
3007,4.0454
3008,4.0457
3009,4.0458
3010,4.046
3011,4.0462
3012,4.0465
3013,4.0466
3014,4.0468
3015,4.0471
3016,4.0473
3017,4.0474
3018,4.0477
3019,4.0479
3020,4.0481
3021,4.0484
3022,4.0485
3023,4.0487
3024,4.049
3025,4.0492
3026,4.0493
3027,4.0497
3028,4.0498
3029,4.0501
3030,4.0503
3031,4.0504
3032,4.0508
3033,4.0509
3034,4.0512
3035,4.0514
3036,4.0517
3037,4.0519
3038,4.0522
3039,4.0524
3040,4.0527
3041,4.0528
3042,4.053
3043,4.0533
3044,4.0535
3045,4.0538
3046,4.0539
3047,4.0543
3048,4.0544
3049,4.0547
3050,4.0549
3051,4.0552
3052,4.0554
3053,4.0557
3054,4.056
3055,4.0562
3056,4.0565
3057,4.0566
3058,4.057
3059,4.0571
3060,4.0574
3061,4.0578
3062,4.0579
3063,4.0582
3064,4.0584
3065,4.0587
3066,4.059
3067,4.0592
3068,4.0595
3069,4.0598
3070,4.06
3071,4.0603
3072,4.0606
3073,4.0608
3074,4.0611
3075,4.0613
3076,4.0616
3077,4.0619
3078,4.062
3079,4.0624
3080,4.0627
3081,4.063
3082,4.0632
3083,4.0635
3084,4.0638
3085,4.064
3086,4.0643
3087,4.0646
3088,4.0649
3089,4.0651
3090,4.0654
3091,4.0657
3092,4.066
3093,4.0663
3094,4.0665
3095,4.0668
3096,4.0671
3097,4.0674
3098,4.0676
3099,4.0679
3100,4.0682
3101,4.0686
3102,4.0689
3103,4.069
3104,4.0694
3105,4.0697
3106,4.07
3107,4.0703
3108,4.0705
3109,4.0708
3110,4.0711
3111,4.0714
3112,4.0717
3113,4.0721
3114,4.0724
3115,4.0725
3116,4.0729
3117,4.0732
3118,4.0735
3119,4.0738
3120,4.0741
3121,4.0744
3122,4.0746
3123,4.0749
3124,4.0752
3125,4.0756
3126,4.0759
3127,4.0762
3128,4.0765
3129,4.0768
3130,4.0771
3131,4.0775
3132,4.0776
3133,4.0779
3134,4.0783
3135,4.0786
3136,4.0789
3137,4.0792
3138,4.0795
3139,4.0798
3140,4.0802
3141,4.0805
3142,4.0808
3143,4.081
3144,4.0814
3145,4.0816
3146,4.0819
3147,4.0822
3148,4.0825
3149,4.0829
3150,4.0832
3151,4.0835
3152,4.0838
3153,4.0841
3154,4.0844
3155,4.0848
3156,4.0851
3157,4.0854
3158,4.0857
3159,4.086
3160,4.0864
3161,4.0867
3162,4.0868
3163,4.0872
3164,4.0875
3165,4.0878
3166,4.0881
3167,4.0884
3168,4.0887
3169,4.0891
3170,4.0894
3171,4.0897
3172,4.09
3173,4.0903
3174,4.0906
3175,4.091
3176,4.0913
3177,4.0916
3178,4.0918
3179,4.0922
3180,4.0924
3181,4.0927
3182,4.093
3183,4.0933
3184,4.0937
3185,4.094
3186,4.0943
3187,4.0946
3188,4.0949
3189,4.0953
3190,4.0956
3191,4.0959
3192,4.0962
3193,4.0965
3194,4.0967
3195,4.097
3196,4.0973
3197,4.0976
3198,4.098
3199,4.0983
3200,4.0986
3201,4.0989
3202,4.0992
3203,4.0995
3204,4.0999
3205,4.1002
3206,4.1005
3207,4.1008
3208,4.101
3209,4.1013
3210,4.1016
3211,4.1019
3212,4.1022
3213,4.1026
3214,4.1029
3215,4.1032
3216,4.1034
3217,4.1037
3218,4.104
3219,4.1043
3220,4.1046
3221,4.1049
3222,4.1053
3223,4.1056
3224,4.1057
3225,4.1061
3226,4.1064
3227,4.1067
3228,4.107
3229,4.1073
3230,4.1075
3231,4.1078
3232,4.1081
3233,4.1084
3234,4.1088
3235,4.1091
3236,4.1092
3237,4.1096
3238,4.1099
3239,4.1102
3240,4.1105
3241,4.1107
3242,4.111
3243,4.1113
3244,4.1116
3245,4.1119
3246,4.1121
3247,4.1124
3248,4.1127
3249,4.113
3250,4.1134
3251,4.1135
3252,4.1138
3253,4.1142
3254,4.1143
3255,4.1146
3256,4.115
3257,4.1153
3258,4.1154
3259,4.1158
3260,4.1161
3261,4.1164
3262,4.1165
3263,4.1169
3264,4.1172
3265,4.1173
3266,4.1177
3267,4.118
3268,4.1183
3269,4.1185
3270,4.1188
3271,4.1191
3272,4.1192
3273,4.1196
3274,4.1197
3275,4.12
3276,4.1204
3277,4.1207
3278,4.1208
3279,4.1212
3280,4.1213
3281,4.1216
3282,4.1219
3283,4.1221
3284,4.1224
3285,4.1227
3286,4.1229
3287,4.1232
3288,4.1234
3289,4.1237
3290,4.1239
3291,4.1242
3292,4.1245
3293,4.1246
3294,4.125
3295,4.1251
3296,4.1254
3297,4.1256
3298,4.1259
3299,4.1262
3300,4.1264
3301,4.1267
3302,4.1269
3303,4.1272
3304,4.1273
3305,4.1277
3306,4.1278
3307,4.1281
3308,4.1283
3309,4.1286
3310,4.1288
3311,4.1291
3312,4.1293
3313,4.1294
3314,4.1297
3315,4.1299
3316,4.1302
3317,4.1304
3318,4.1307
3319,4.1308
3320,4.1312
3321,4.1313
3322,4.1315
3323,4.1318
3324,4.132
3325,4.1323
3326,4.1324
3327,4.1328
3328,4.1329
3329,4.1331
3330,4.1334
3331,4.1335
3332,4.1337
3333,4.134
3334,4.1342
3335,4.1345
3336,4.1347
3337,4.1348
3338,4.1351
3339,4.1353
3340,4.1355
3341,4.1358
3342,4.1359
3343,4.1361
3344,4.1364
3345,4.1366
3346,4.1367
3347,4.1369
3348,4.1372
3349,4.1374
3350,4.1375
3351,4.1378
3352,4.138
3353,4.1382
3354,4.1383
3355,4.1386
3356,4.1388
3357,4.1389
3358,4.1391
3359,4.1394
3360,4.1396
3361,4.1397
3362,4.1399
3363,4.1401
3364,4.1404
3365,4.1405
3366,4.1407
3367,4.1409
3368,4.141
3369,4.1413
3370,4.1415
3371,4.1416
3372,4.1418
3373,4.142
3374,4.1421
3375,4.1423
3376,4.1426
3377,4.1428
3378,4.1429
3379,4.1431
3380,4.1432
3381,4.1434
3382,4.1436
3383,4.1437
3384,4.144
3385,4.1442
3386,4.1444
3387,4.1445
3388,4.1447
3389,4.1448
3390,4.145
3391,4.1451
3392,4.1453
3393,4.1455
3394,4.1456
3395,4.1458
3396,4.1459
3397,4.1461
3398,4.1463
3399,4.1464
3400,4.1466
3401,4.1467
3402,4.1469
3403,4.1471
3404,4.1472
3405,4.1474
3406,4.1475
3407,4.1477
3408,4.1478
3409,4.148
3410,4.1482
3411,4.1483
3412,4.1485
3413,4.1486
3414,4.1488
3415,4.149
3416,4.1491
3417,4.1493
3418,4.1494
3419,4.1496
3420,4.1498
3421,4.1499
3422,4.1499
3423,4.1501
3424,4.1502
3425,4.1504
3426,4.1505
3427,4.1507
3428,4.1509
3429,4.151
3430,4.1512
3431,4.1512
3432,4.1513
3433,4.1515
3434,4.1517
3435,4.1518
3436,4.152
3437,4.1521
3438,4.1521
3439,4.1523
3440,4.1525
3441,4.1526
3442,4.1528
3443,4.1529
3444,4.1529
3445,4.1531
3446,4.1532
3447,4.1534
3448,4.1534
3449,4.1536
3450,4.1537
3451,4.1539
3452,4.154
3453,4.1542
3454,4.1542
3455,4.1544
3456,4.1545
3457,4.1547
3458,4.1547
3459,4.1548
3460,4.155
3461,4.1552
3462,4.1552
3463,4.1553
3464,4.1555
3465,4.1555
3466,4.1556
3467,4.1558
3468,4.156
3469,4.156
3470,4.1561
3471,4.1563
3472,4.1563
3473,4.1564
3474,4.1566
3475,4.1566
3476,4.1567
3477,4.1569
3478,4.1569
3479,4.1571
3480,4.1572
3481,4.1572
3482,4.1574
3483,4.1575
3484,4.1575
3485,4.1577
3486,4.1579
3487,4.1579
3488,4.158
3489,4.1582
3490,4.1582
3491,4.1583
3492,4.1585
3493,4.1585
3494,4.1587
3495,4.1587
3496,4.1588
3497,4.159
3498,4.159
3499,4.1591
3500,4.1591
3501,4.1593
3502,4.1593
3503,4.1594
3504,4.1596
3505,4.1596
3506,4.1598
3507,4.1598
3508,4.1599
3509,4.1601
3510,4.1601
3511,4.1602
3512,4.1602
3513,4.1604
3514,4.1604
3515,4.1606
3516,4.1607
3517,4.1607
3518,4.1609
3519,4.1609
3520,4.161
3521,4.161
3522,4.1612
3523,4.1612
3524,4.1614
3525,4.1614
3526,4.1615
3527,4.1615
3528,4.1617
3529,4.1618
3530,4.1618
3531,4.162
3532,4.162
3533,4.1621
3534,4.1621
3535,4.1623
3536,4.1623
3537,4.1625
3538,4.1625
3539,4.1626
3540,4.1626
3541,4.1628
3542,4.1628
3543,4.1629
3544,4.1629
3545,4.1631
3546,4.1631
3547,4.1633
3548,4.1633
3549,4.1634
3550,4.1634
3551,4.1636
3552,4.1636
3553,4.1637
3554,4.1637
3555,4.1639
3556,4.1639
3557,4.1641
3558,4.1641
3559,4.1642
3560,4.1644
3561,4.1644
3562,4.1644
3563,4.1645
3564,4.1645
3565,4.1647
3566,4.1647
3567,4.1648
3568,4.1648
3569,4.165
3570,4.165
3571,4.1652
3572,4.1652
3573,4.1653
3574,4.1653
3575,4.1655
3576,4.1656
3577,4.1656
3578,4.1656
3579,4.1658
3580,4.166
3581,4.166
3582,4.166
3583,4.1661
3584,4.1663
3585,4.1663
3586,4.1664
3587,4.1664
3588,4.1666
3589,4.1666
3590,4.1668
3591,4.1668
3592,4.1669
3593,4.1669
3594,4.1671
3595,4.1671
3596,4.1672
3597,4.1672
3598,4.1674
3599,4.1674
3600,4.1675
3601,4.1675
3602,4.1677
3603,4.1677
3604,4.1679
3605,4.1679
3606,4.168
3607,4.1682
3608,4.1682
3609,4.1683
3610,4.1683
3611,4.1685
3612,4.1685
3613,4.1687
3614,4.1687
3615,4.1688
3616,4.169
3617,4.169
3618,4.1691
3619,4.1691
3620,4.1693
3621,4.1693
3622,4.1695
3623,4.1695
3624,4.1696
3625,4.1698
3626,4.1698
3627,4.1699
3628,4.1699
3629,4.1701
3630,4.1702
3631,4.1702
3632,4.1704
3633,4.1704
3634,4.1706
3635,4.1706
3636,4.1707
3637,4.1709
3638,4.1709
3639,4.171
3640,4.1712
3641,4.1712
3642,4.1714
3643,4.1714
3644,4.1715
3645,4.1717
3646,4.1717
3647,4.1718
3648,4.1718
3649,4.172
3650,4.1722
3651,4.1722
3652,4.1723
3653,4.1725
3654,4.1725
3655,4.1726
3656,4.1728
3657,4.1728
3658,4.173
3659,4.1731
3660,4.1731
3661,4.1733
3662,4.1734
3663,4.1734
3664,4.1736
3665,4.1737
3666,4.1739
3667,4.1739
3668,4.1741
3669,4.1742
3670,4.1742
3671,4.1744
3672,4.1745
3673,4.1745
3674,4.1747
3675,4.1749
3676,4.175
3677,4.175
3678,4.1752
3679,4.1753
3680,4.1755
3681,4.1755
3682,4.1757
3683,4.1758
3684,4.176
3685,4.176
3686,4.1761
3687,4.1763
3688,4.1764
3689,4.1766
3690,4.1766
3691,4.1768
3692,4.1769
3693,4.1771
3694,4.1772
3695,4.1774
3696,4.1774
3697,4.1776
3698,4.1777
3699,4.1779
3700,4.178
3701,4.1782
3702,4.1784
3703,4.1784
3704,4.1785
3705,4.1787
3706,4.1788
3707,4.179
3708,4.1791
3709,4.1793
3710,4.1795
3711,4.1796
3712,4.1796
3713,4.1798
3714,4.1799
3715,4.1801
3716,4.1803
3717,4.1804
3718,4.1806
3719,4.1807
3720,4.1809
3721,4.1811
3722,4.1812
3723,4.1814
3724,4.1815
3725,4.1817
3726,4.1818
3727,4.182
3728,4.1822
3729,4.1823
3730,4.1825
3731,4.1826
3732,4.183
3733,4.1831
3734,4.1833
3735,4.1834
3736,4.1836
3737,4.1838
3738,4.1839
3739,4.1841
3740,4.1842
3741,4.1844
3742,4.1847
3743,4.1849
3744,4.185
3745,4.1852
3746,4.1853
3747,4.1855
3748,4.1858
3749,4.186
3750,4.1861
3751,4.1865
3752,4.1866
3753,4.1868
3754,4.1869
3755,4.1873
3756,4.1874
3757,4.1876
3758,4.1879
3759,4.188
3760,4.1882
3761,4.1885
3762,4.1887
3763,4.1888
3764,4.1892
3765,4.1893
3766,4.1895
3767,4.1898
3768,4.19
3769,4.1903
3770,4.1904
3771,4.1907
3772,4.1909
3773,4.1912
3774,4.1914
3775,4.1917
3776,4.1919
3777,4.1922
3778,4.1923
3779,4.1927
3780,4.1928
3781,4.1931
3782,4.1934
3783,4.1936
3784,4.1939
3785,4.1942
3786,4.1944
3787,4.1947
3788,4.195
3789,4.1952
3790,4.1955
3791,4.1958
3792,4.1961
3793,4.1963
3794,4.1966
3795,4.1969
3796,4.1973
3797,4.1976
3798,4.1979
3799,4.1981
3800,4.1984
3801,4.1987
3802,4.199
3803,4.1993
3804,4.1996
3805,4.2
3806,4.2003
3807,4.2006
3808,4.2009
3809,4.2012
3810,4.2016
3811,4.2019
3812,4.2022
3813,4.2027
3814,4.203
3815,4.2033
3816,4.2036
3817,4.2039
3818,4.2044
3819,4.2047
3820,4.205
3821,4.2055
3822,4.2058
3823,4.2062
3824,4.2066
3825,4.207
3826,4.2073
3827,4.2077
3828,4.2081
3829,4.2085
3830,4.2089
3831,4.2093
3832,4.2098
3833,4.2101
3834,4.2106
3835,4.2109
3836,4.2114
3837,4.2119
3838,4.2124
3839,4.2127
3840,4.2132
3841,4.2136
3842,4.2141
3843,4.2146
3844,4.2149
3845,4.2154
3846,4.2159
3847,4.2163
3848,4.2168
3849,4.2173
3850,4.2178
3851,4.2182
3852,4.2187
3853,4.2193
3854,4.2198
3855,4.2203
3856,4.2208
3857,4.2213
3858,4.2219
3859,4.2224
3860,4.2228
3861,4.2235
3862,4.224
3863,4.2246
3864,4.2251
3865,4.2257
3866,4.2262
3867,4.2268
3868,4.2273
3869,4.2279
3870,4.2286
3871,4.229
3872,4.2297
3873,4.2297
3874,4.2303
3875,4.2303
3876,4.2309
3877,4.2309
3878,4.2316
3879,4.2316
3880,4.2321
3881,4.2321
3882,4.2327
3883,4.2327
3884,4.2333
3885,4.2333
3886,4.234
3887,4.234
3888,4.2346
3889,4.2346
3890,4.2352
3891,4.2352
3892,4.2359
3893,4.2359
3894,4.2365
3895,4.2365
3896,4.2373
3897,4.2373
3898,4.2379
3899,4.2379
3900,4.2386
3901,4.2386
3902,4.2392
3903,4.2392
3904,4.24
3905,4.24
3906,4.2406
3907,4.2406
3908,4.2413
3909,4.2413
3910,4.2419
3911,4.2419
3912,4.2427
3913,4.2427
3914,4.2433
3915,4.2441
3916,4.2448
3917,4.2456
3918,4.2464
3919,4.247
3920,4.2478
3921,4.2486
3922,4.2492
3923,4.25
3924,4.2508
3925,4.2516
3926,4.2524
3927,4.2532
3928,4.254
3929,4.2548
3930,4.2556
3931,4.2564
3932,4.2572
3933,4.258
3934,4.2589
3935,4.2597
3936,4.2605
3937,4.2615
3938,4.2622
3939,4.263
3940,4.264
3941,4.2648
3942,4.2657
3943,4.2665
3944,4.2675
3945,4.2684
3946,4.2692
3947,4.2702
3948,4.2711
3949,4.2719
3950,4.2729
3951,4.2738
3952,4.2748
3953,4.2758
3954,4.2767
3955,4.2777
3956,4.2786
3957,4.2796
3958,4.2805
3959,4.2815
3960,4.2824
3961,4.2835
3962,4.2845
3963,4.2854
3964,4.2866
3965,4.2875
3966,4.2885
3967,4.2896
3968,4.2905
3969,4.2916
3970,4.2926
3971,4.2937
3972,4.2948
3973,4.2958
3974,4.2969
3975,4.298
3976,4.299
3977,4.3001
3978,4.2999
3979,4.2999
3980,4.2999
3981,4.2999
3982,4.2999
3983,4.2999
3984,4.2999
3985,4.2975
3986,4.2957
3987,4.295
3988,4.2943
3989,4.2938
3990,4.2934
3991,4.293
3992,4.2927
3993,4.2926
3994,4.2923
3995,4.2919
3996,4.2918
3997,4.2916
3998,4.2915
3999,4.2913
4000,4.2911
4001,4.291
4002,4.2908
4003,4.2907
4004,4.2905
4005,4.2905
4006,4.2903
4007,4.2902
4008,4.2902
4009,4.29
4010,4.2899
4011,4.2899
4012,4.2897
4013,4.2895
4014,4.2895
4015,4.2894
4016,4.2894
4017,4.2892
4018,4.2892
4019,4.2891
4020,4.2891
4021,4.2889
4022,4.2889
4023,4.2888
4024,4.2888
4025,4.2888
4026,4.2886
4027,4.2886
4028,4.2884
4029,4.2884
4030,4.2883
4031,4.2883
4032,4.2883
4033,4.2881
4034,4.2881
4035,4.2881
4036,4.288
4037,4.288
4038,4.288
4039,4.2878
4040,4.2878
4041,4.2878
4042,4.2876
4043,4.2876
4044,4.2875
4045,4.2875
4046,4.2875
4047,4.2875
4048,4.2873
4049,4.2873
4050,4.2873
4051,4.2872
4052,4.2872
4053,4.2872
4054,4.2872
4055,4.287
4056,4.287
4057,4.2868
4058,4.2868
4059,4.2868
4060,4.2868
4061,4.2868
4062,4.2867
4063,4.2867
4064,4.2867
4065,4.2865
4066,4.2865
4067,4.2865
4068,4.2865
4069,4.2864
4070,4.2864
4071,4.2864
4072,4.2864
4073,4.2862
4074,4.2862
4075,4.2862
4076,4.2862
4077,4.2861
4078,4.2861
4079,4.2861
4080,4.2861
4081,4.2861
4082,4.2859
4083,4.2859
4084,4.2859
4085,4.2859
4086,4.2857
4087,4.2857
4088,4.2857
4089,4.2857
4090,4.2857
4091,4.2856
4092,4.2856
4093,4.2856
4094,4.2856
4095,4.2856
4096,4.2854
4097,4.2854
4098,4.2854
4099,4.2854
4100,4.2853
4101,4.2853
4102,4.2853
4103,4.2853
4104,4.2853
4105,4.2851
4106,4.2851
4107,4.2851
4108,4.2851
4109,4.2851
4110,4.2849
4111,4.2849
4112,4.2849
4113,4.2849
4114,4.2849
4115,4.2849
4116,4.2848
4117,4.2848
4118,4.2848
4119,4.2848
4120,4.2848
4121,4.2846
4122,4.2846
4123,4.2846
4124,4.2846
4125,4.2846
4126,4.2846
4127,4.2845
4128,4.2845
4129,4.2845
4130,4.2845
4131,4.2845
4132,4.2843
4133,4.2843
4134,4.2843
4135,4.2843
4136,4.2843
4137,4.2843
4138,4.2841
4139,4.2841
4140,4.2841
4141,4.2841
4142,4.2841
4143,4.2841
4144,4.284
4145,4.284
4146,4.284
4147,4.284
4148,4.284
4149,4.284
4150,4.284
4151,4.284
4152,4.2838
4153,4.2838
4154,4.2838
4155,4.2838
4156,4.2838
4157,4.2838
4158,4.2837
4159,4.2837
4160,4.2837
4161,4.2837
4162,4.2837
4163,4.2837
4164,4.2837
4165,4.2835
4166,4.2781
4167,4.2738
4168,4.2716
4169,4.2697
4170,4.2679
4171,4.2664
4172,4.2648
4173,4.2633
4174,4.2619
4175,4.2606
4176,4.2594
4177,4.2581
4178,4.2568
4179,4.2557
4180,4.2544
4181,4.2533
4182,4.2522
4183,4.2511
4184,4.25
4185,4.2489
4186,4.2478
4187,4.2466
4188,4.2457
4189,4.2446
4190,4.2436
4191,4.2425
4192,4.2416
4193,4.2406
4194,4.2397
4195,4.2387
4196,4.2377
4197,4.2368
4198,4.2358
4199,4.2349
4200,4.2339
4201,4.233
4202,4.2322
4203,4.2312
4204,4.2303
4205,4.2295
4206,4.2285
4207,4.2277
4208,4.2269
4209,4.226
4210,4.2252
4211,4.2244
4212,4.2236
4213,4.2228
4214,4.222
4215,4.2212
4216,4.2204
4217,4.2196
4218,4.2188
4219,4.218
4220,4.2173
4221,4.2166
4222,4.2158
4223,4.215
4224,4.2144
4225,4.2136
4226,4.213
4227,4.2122
4228,4.2115
4229,4.2109
4230,4.2101
4231,4.2095
4232,4.2088
4233,4.2082
4234,4.2074
4235,4.2068
4236,4.2061
4237,4.2055
4238,4.2049
4239,4.2042
4240,4.2036
4241,4.2031
4242,4.2025
4243,4.2018
4244,4.2012
4245,4.2007
4246,4.2001
4247,4.1995
4248,4.199
4249,4.1983
4250,4.1979
4251,4.1972
4252,4.1968
4253,4.1961
4254,4.1956
4255,4.1952
4256,4.1945
4257,4.1941
4258,4.1936
4259,4.1931
4260,4.1926
4261,4.192
4262,4.1915
4263,4.191
4264,4.1906
4265,4.1901
4266,4.1896
4267,4.1891
4268,4.1888
4269,4.1883
4270,4.1879
4271,4.1874
4272,4.1869
4273,4.1866
4274,4.1861
4275,4.1856
4276,4.1853
4277,4.1848
4278,4.1844
4279,4.184
4280,4.1836
4281,4.1832
4282,4.1828
4283,4.1825
4284,4.182
4285,4.1817
4286,4.1812
4287,4.1809
4288,4.1805
4289,4.1802
4290,4.1798
4291,4.1794
4292,4.1791
4293,4.1788
4294,4.1783
4295,4.178
4296,4.1777
4297,4.1774
4298,4.1771
4299,4.1767
4300,4.1764
4301,4.1761
4302,4.1758
4303,4.1755
4304,4.1751
4305,4.1748
4306,4.1745
4307,4.1742
4308,4.1739
4309,4.1736
4310,4.1732
4311,4.1731
4312,4.1728
4313,4.1724
4314,4.1721
4315,4.1718
4316,4.1716
4317,4.1713
4318,4.171
4319,4.1709
4320,4.1705
4321,4.1702
4322,4.1701
4323,4.1697
4324,4.1696
4325,4.1693
4326,4.1689
4327,4.1688
4328,4.1685
4329,4.1683
4330,4.168
4331,4.1678
4332,4.1675
4333,4.1674
4334,4.1672
4335,4.1669
4336,4.1667
4337,4.1664
4338,4.1662
4339,4.1661
4340,4.1658
4341,4.1656
4342,4.1653
4343,4.1651
4344,4.165
4345,4.1647
4346,4.1645
4347,4.1643
4348,4.1642
4349,4.1639
4350,4.1637
4351,4.1635
4352,4.1634
4353,4.1632
4354,4.1629
4355,4.1628
4356,4.1626
4357,4.1624
4358,4.1623
4359,4.1621
4360,4.1618
4361,4.1616
4362,4.1615
4363,4.1613
4364,4.1612
4365,4.161
4366,4.1608
4367,4.1607
4368,4.1605
4369,4.1604
4370,4.1602
4371,4.16
4372,4.1599
4373,4.1597
4374,4.1596
4375,4.1594
4376,4.1593
4377,4.1591
4378,4.1589
4379,4.1588
4380,4.1586
4381,4.1585
4382,4.1583
4383,4.1581
4384,4.158
4385,4.1578
4386,4.1577
4387,4.1575
4388,4.1575
4389,4.1573
4390,4.1572
4391,4.157
4392,4.1569
4393,4.1567
4394,4.1567
4395,4.1566
4396,4.1564
4397,4.1562
4398,4.1561
4399,4.1559
4400,4.1559
4401,4.1558
4402,4.1556
4403,4.1554
4404,4.1553
4405,4.1553
4406,4.1551
4407,4.155
4408,4.1548
4409,4.1548
4410,4.1546
4411,4.1545
4412,4.1543
4413,4.1543
4414,4.1542
4415,4.154
4416,4.1539
4417,4.1539
4418,4.1537
4419,4.1535
4420,4.1535
4421,4.1534
4422,4.1532
4423,4.1532
4424,4.1531
4425,4.1529
4426,4.1529
4427,4.1527
4428,4.1526
4429,4.1526
4430,4.1524
4431,4.1523
4432,4.1523
4433,4.1521
4434,4.1521
4435,4.1519
4436,4.1518
4437,4.1518
4438,4.1516
4439,4.1515
4440,4.1515
4441,4.1513
4442,4.1513
4443,4.1512
4444,4.1512
4445,4.151
4446,4.1508
4447,4.1508
4448,4.1507
4449,4.1507
4450,4.1505
4451,4.1504
4452,4.1504
4453,4.1502
4454,4.1502
4455,4.15
4456,4.15
4457,4.1499
4458,4.1499
4459,4.1497
4460,4.1497
4461,4.1496
4462,4.1496
4463,4.1494
4464,4.1492
4465,4.1492
4466,4.1491
4467,4.1491
4468,4.1489
4469,4.1489
4470,4.1488
4471,4.1488
4472,4.1486
4473,4.1486
4474,4.1484
4475,4.1484
4476,4.1483
4477,4.1483
4478,4.1481
4479,4.1481
4480,4.148
4481,4.148
4482,4.1478
4483,4.1478
4484,4.1477
4485,4.1477
4486,4.1475
4487,4.1475
4488,4.1473
4489,4.1473
4490,4.1472
4491,4.1472
4492,4.147
4493,4.147
4494,4.1469
4495,4.1469
4496,4.1467
4497,4.1467
4498,4.1467
4499,4.1465
4500,4.1465
4501,4.1464
4502,4.1464
4503,4.1462
4504,4.1462
4505,4.1461
4506,4.1461
4507,4.1459
4508,4.1459
4509,4.1457
4510,4.1457
4511,4.1457
4512,4.1456
4513,4.1456
4514,4.1454
4515,4.1454
4516,4.1453
4517,4.1453
4518,4.1451
4519,4.1451
4520,4.1451
4521,4.145
4522,4.145
4523,4.1448
4524,4.1448
4525,4.1446
4526,4.1446
4527,4.1445
4528,4.1445
4529,4.1443
4530,4.1443
4531,4.1443
4532,4.1442
4533,4.1442
4534,4.144
4535,4.144
4536,4.1438
4537,4.1438
4538,4.1437
4539,4.1437
4540,4.1437
4541,4.1435
4542,4.1435
4543,4.1434
4544,4.1434
4545,4.1432
4546,4.1432
4547,4.143
4548,4.143
4549,4.143
4550,4.1429
4551,4.1429
4552,4.1427
4553,4.1427
4554,4.1426
4555,4.1426
4556,4.1426
4557,4.1424
4558,4.1424
4559,4.1423
4560,4.1423
4561,4.1421
4562,4.1421
4563,4.1419
4564,4.1419
4565,4.1419
4566,4.1418
4567,4.1418
4568,4.1416
4569,4.1416
4570,4.1415
4571,4.1415
4572,4.1415
4573,4.1413
4574,4.1413
4575,4.1411
4576,4.1411
4577,4.141
4578,4.141
4579,4.1408
4580,4.1408
4581,4.1407
4582,4.1407
4583,4.1405
4584,4.1405
4585,4.1405
4586,4.1403
4587,4.1403
4588,4.1402
4589,4.1402
4590,4.14
4591,4.14
4592,4.1399
4593,4.1399
4594,4.1397
4595,4.1397
4596,4.1396
4597,4.1396
4598,4.1396
4599,4.1394
4600,4.1394
4601,4.1392
4602,4.1392
4603,4.1391
4604,4.1391
4605,4.1389
4606,4.1389
4607,4.1388
4608,4.1388
4609,4.1386
4610,4.1386
4611,4.1384
4612,4.1384
4613,4.1383
4614,4.1383
4615,4.1381
4616,4.1381
4617,4.1381
4618,4.138
4619,4.138
4620,4.1378
4621,4.1376
4622,4.1376
4623,4.1375
4624,4.1375
4625,4.1373
4626,4.1373
4627,4.1372
4628,4.1372
4629,4.137
4630,4.137
4631,4.1369
4632,4.1369
4633,4.1367
4634,4.1367
4635,4.1365
4636,4.1364
4637,4.1364
4638,4.1362
4639,4.1362
4640,4.1361
4641,4.1361
4642,4.1359
4643,4.1357
4644,4.1357
4645,4.1356
4646,4.1356
4647,4.1354
4648,4.1354
4649,4.1353
4650,4.1351
4651,4.1351
4652,4.1349
4653,4.1349
4654,4.1348
4655,4.1348
4656,4.1346
4657,4.1345
4658,4.1345
4659,4.1343
4660,4.1341
4661,4.1341
4662,4.134
4663,4.1338
4664,4.1338
4665,4.1337
4666,4.1335
4667,4.1335
4668,4.1334
4669,4.1334
4670,4.1332
4671,4.133
4672,4.133
4673,4.1329
4674,4.1327
4675,4.1326
4676,4.1326
4677,4.1324
4678,4.1322
4679,4.1322
4680,4.1321
4681,4.1319
4682,4.1318
4683,4.1318
4684,4.1316
4685,4.1314
4686,4.1313
4687,4.1313
4688,4.1311
4689,4.131
4690,4.131
4691,4.1308
4692,4.1307
4693,4.1305
4694,4.1303
4695,4.1303
4696,4.1302
4697,4.13
4698,4.1299
4699,4.1297
4700,4.1297
4701,4.1295
4702,4.1294
4703,4.1292
4704,4.1291
4705,4.1289
4706,4.1289
4707,4.1287
4708,4.1286
4709,4.1284
4710,4.1283
4711,4.1281
4712,4.128
4713,4.1278
4714,4.1278
4715,4.1276
4716,4.1275
4717,4.1273
4718,4.1272
4719,4.127
4720,4.1268
4721,4.1267
4722,4.1265
4723,4.1264
4724,4.1262
4725,4.126
4726,4.1259
4727,4.1257
4728,4.1256
4729,4.1256
4730,4.1253
4731,4.1251
4732,4.1251
4733,4.1248
4734,4.1246
4735,4.1245
4736,4.1243
4737,4.1241
4738,4.124
4739,4.1238
4740,4.1237
4741,4.1235
4742,4.1233
4743,4.1232
4744,4.123
4745,4.1229
4746,4.1227
4747,4.1225
4748,4.1224
4749,4.1221
4750,4.1219
4751,4.1218
4752,4.1216
4753,4.1214
4754,4.1213
4755,4.1211
4756,4.1208
4757,4.1206
4758,4.1205
4759,4.1203
4760,4.1202
4761,4.12
4762,4.1197
4763,4.1195
4764,4.1194
4765,4.1192
4766,4.1191
4767,4.1187
4768,4.1186
4769,4.1184
4770,4.1183
4771,4.1179
4772,4.1178
4773,4.1176
4774,4.1175
4775,4.1171
4776,4.117
4777,4.1168
4778,4.1165
4779,4.1164
4780,4.1162
4781,4.116
4782,4.1157
4783,4.1156
4784,4.1154
4785,4.1151
4786,4.1149
4787,4.1146
4788,4.1144
4789,4.1143
4790,4.1141
4791,4.1138
4792,4.1137
4793,4.1133
4794,4.1132
4795,4.113
4796,4.1127
4797,4.1125
4798,4.1122
4799,4.1121
4800,4.1117
4801,4.1116
4802,4.1114
4803,4.1111
4804,4.111
4805,4.1106
4806,4.1105
4807,4.1102
4808,4.11
4809,4.1097
4810,4.1095
4811,4.1092
4812,4.109
4813,4.1087
4814,4.1086
4815,4.1082
4816,4.1081
4817,4.1079
4818,4.1076
4819,4.1073
4820,4.1071
4821,4.1068
4822,4.1065
4823,4.1063
4824,4.106
4825,4.1059
4826,4.1055
4827,4.1054
4828,4.1051
4829,4.1048
4830,4.1046
4831,4.1043
4832,4.104
4833,4.1038
4834,4.1035
4835,4.1033
4836,4.103
4837,4.1027
4838,4.1025
4839,4.1022
4840,4.1019
4841,4.1017
4842,4.1014
4843,4.1011
4844,4.1009
4845,4.1006
4846,4.1003
4847,4.1001
4848,4.0998
4849,4.0995
4850,4.0994
4851,4.099
4852,4.0987
4853,4.0984
4854,4.0982
4855,4.0979
4856,4.0976
4857,4.0973
4858,4.0971
4859,4.0968
4860,4.0965
4861,4.0962
4862,4.096
4863,4.0957
4864,4.0954
4865,4.0951
4866,4.0947
4867,4.0946
4868,4.0943
4869,4.0939
4870,4.0936
4871,4.0933
4872,4.0932
4873,4.0928
4874,4.0925
4875,4.0922
4876,4.0919
4877,4.0917
4878,4.0914
4879,4.0911
4880,4.0908
4881,4.0905
4882,4.0901
4883,4.09
4884,4.0895
4885,4.0893
4886,4.089
4887,4.0887
4888,4.0884
4889,4.0881
4890,4.0878
4891,4.0874
4892,4.0871
4893,4.087
4894,4.0866
4895,4.0863
4896,4.086
4897,4.0857
4898,4.0854
4899,4.085
4900,4.0847
4901,4.0844
4902,4.0841
4903,4.0839
4904,4.0835
4905,4.0833
4906,4.083
4907,4.0827
4908,4.0823
4909,4.082
4910,4.0817
4911,4.0814
4912,4.0811
4913,4.0808
4914,4.0804
4915,4.0801
4916,4.0798
4917,4.0795
4918,4.0792
4919,4.0789
4920,4.0785
4921,4.0782
4922,4.0779
4923,4.0776
4924,4.0773
4925,4.0769
4926,4.0766
4927,4.0763
4928,4.0762
4929,4.0757
4930,4.0754
4931,4.0752
4932,4.0749
4933,4.0746
4934,4.0742
4935,4.0739
4936,4.0736
4937,4.0733
4938,4.073
4939,4.0727
4940,4.0723
4941,4.072
4942,4.0717
4943,4.0714
4944,4.0711
4945,4.0707
4946,4.0704
4947,4.0701
4948,4.0698
4949,4.0695
4950,4.0692
4951,4.0688
4952,4.0685
4953,4.0682
4954,4.0679
4955,4.0676
4956,4.0673
4957,4.0669
4958,4.0666
4959,4.0663
4960,4.066
4961,4.0657
4962,4.0653
4963,4.065
4964,4.0647
4965,4.0644
4966,4.0641
4967,4.0638
4968,4.0634
4969,4.0631
4970,4.0628
4971,4.0625
4972,4.0622
4973,4.0619
4974,4.0615
4975,4.0612
4976,4.0609
4977,4.0606
4978,4.0603
4979,4.0599
4980,4.0596
4981,4.0593
4982,4.059
4983,4.0587
4984,4.0584
4985,4.0582
4986,4.0579
4987,4.0576
4988,4.0572
4989,4.0569
4990,4.0566
4991,4.0563
4992,4.056
4993,4.0557
4994,4.0553
4995,4.055
4996,4.0547
4997,4.0544
4998,4.0542
4999,4.0539
5000,4.0536
5001,4.0533
5002,4.053
5003,4.0526
5004,4.0523
5005,4.052
5006,4.0517
5007,4.0514
5008,4.0512
5009,4.0509
5010,4.0506
5011,4.0503
5012,4.0499
5013,4.0496
5014,4.0493
5015,4.0491
5016,4.0488
5017,4.0485
5018,4.0482
5019,4.0479
5020,4.0476
5021,4.0474
5022,4.0471
5023,4.0468
5024,4.0464
5025,4.0461
5026,4.046
5027,4.0456
5028,4.0453
5029,4.045
5030,4.0447
5031,4.0445
5032,4.0442
5033,4.0439
5034,4.0436
5035,4.0434
5036,4.0431
5037,4.0428
5038,4.0426
5039,4.0423
5040,4.042
5041,4.0417
5042,4.0415
5043,4.0412
5044,4.0409
5045,4.0406
5046,4.0404
5047,4.0401
5048,4.0398
5049,4.0396
5050,4.0393
5051,4.039
5052,4.0388
5053,4.0385
5054,4.0382
5055,4.038
5056,4.0377
5057,4.0374
5058,4.0372
5059,4.0369
5060,4.0366
5061,4.0364
5062,4.0361
5063,4.036
5064,4.0356
5065,4.0355
5066,4.0352
5067,4.0348
5068,4.0347
5069,4.0344
5070,4.0342
5071,4.0339
5072,4.0337
5073,4.0334
5074,4.0333
5075,4.0329
5076,4.0328
5077,4.0325
5078,4.0323
5079,4.032
5080,4.0318
5081,4.0315
5082,4.0313
5083,4.031
5084,4.0309
5085,4.0305
5086,4.0304
5087,4.0301
5088,4.0299
5089,4.0296
5090,4.0294
5091,4.0293
5092,4.029
5093,4.0288
5094,4.0285
5095,4.0283
5096,4.028
5097,4.0278
5098,4.0277
5099,4.0274
5100,4.0272
5101,4.0269
5102,4.0267
5103,4.0266
5104,4.0263
5105,4.0261
5106,4.0259
5107,4.0256
5108,4.0255
5109,4.0253
5110,4.025
5111,4.0248
5112,4.0247
5113,4.0244
5114,4.0242
5115,4.024
5116,4.0237
5117,4.0236
5118,4.0234
5119,4.0232
5120,4.0229
5121,4.0228
5122,4.0226
5123,4.0223
5124,4.0221
5125,4.022
5126,4.0218
5127,4.0217
5128,4.0213
5129,4.0212
5130,4.021
5131,4.0209
5132,4.0205
5133,4.0204
5134,4.0202
5135,4.0201
5136,4.0197
5137,4.0196
5138,4.0194
5139,4.0193
5140,4.0191
5141,4.0189
5142,4.0186
5143,4.0185
5144,4.0183
5145,4.0182
5146,4.018
5147,4.0178
5148,4.0175
5149,4.0174
5150,4.0172
5151,4.017
5152,4.0169
5153,4.0167
5154,4.0166
5155,4.0164
5156,4.0161
5157,4.0159
5158,4.0158
5159,4.0156
5160,4.0155
5161,4.0153
5162,4.0151
5163,4.015
5164,4.0148
5165,4.0145
5166,4.0143
5167,4.0142
5168,4.014
5169,4.0139
5170,4.0137
5171,4.0135
5172,4.0134
5173,4.0132
5174,4.0131
5175,4.0129
5176,4.0128
5177,4.0126
5178,4.0124
5179,4.0123
5180,4.0121
5181,4.012
5182,4.0116
5183,4.0115
5184,4.0113
5185,4.0112
5186,4.011
5187,4.0108
5188,4.0107
5189,4.0105
5190,4.0104
5191,4.0102
5192,4.0101
5193,4.0099
5194,4.0097
5195,4.0096
5196,4.0094
5197,4.0093
5198,4.0091
5199,4.0089
5200,4.0088
5201,4.0086
5202,4.0085
5203,4.0083
5204,4.0081
5205,4.008
5206,4.0078
5207,4.0077
5208,4.0075
5209,4.0074
5210,4.0072
5211,4.007
5212,4.0069
5213,4.0067
5214,4.0066
5215,4.0064
5216,4.0062
5217,4.0061
5218,4.0059
5219,4.0058
5220,4.0056
5221,4.0054
5222,4.0053
5223,4.0051
5224,4.005
5225,4.0048
5226,4.0046
5227,4.0045
5228,4.0043
5229,4.0042
5230,4.004
5231,4.0039
5232,4.0037
5233,4.0035
5234,4.0034
5235,4.0032
5236,4.0031
5237,4.0029
5238,4.0027
5239,4.0026
5240,4.0024
5241,4.0023
5242,4.0021
5243,4.0019
5244,4.0018
5245,4.0016
5246,4.0015
5247,4.0013
5248,4.0012
5249,4.001
5250,4.0008
5251,4.0007
5252,4.0004
5253,4.0004
5254,4.0
5255,3.9999
5256,3.9997
5257,3.9996
5258,3.9994
5259,3.9992
5260,3.9991
5261,3.9989
5262,3.9988
5263,3.9986
5264,3.9985
5265,3.9983
5266,3.9981
5267,3.998
5268,3.9978
5269,3.9977
5270,3.9975
5271,3.9973
5272,3.9972
5273,3.997
5274,3.9969
5275,3.9967
5276,3.9964
5277,3.9962
5278,3.9961
5279,3.9959
5280,3.9958
5281,3.9956
5282,3.9954
5283,3.9953
5284,3.9951
5285,3.995
5286,3.9948
5287,3.9945
5288,3.9943
5289,3.9942
5290,3.994
5291,3.9938
5292,3.9937
5293,3.9935
5294,3.9934
5295,3.9932
5296,3.9929
5297,3.9927
5298,3.9926
5299,3.9924
5300,3.9923
5301,3.9921
5302,3.9919
5303,3.9916
5304,3.9915
5305,3.9913
5306,3.9911
5307,3.991
5308,3.9907
5309,3.9905
5310,3.9903
5311,3.9902
5312,3.99
5313,3.9899
5314,3.9896
5315,3.9894
5316,3.9892
5317,3.9891
5318,3.9889
5319,3.9886
5320,3.9884
5321,3.9883
5322,3.9881
5323,3.988
5324,3.9876
5325,3.9875
5326,3.9873
5327,3.9872
5328,3.9869
5329,3.9867
5330,3.9865
5331,3.9864
5332,3.9861
5333,3.9859
5334,3.9857
5335,3.9856
5336,3.9853
5337,3.9851
5338,3.9849
5339,3.9846
5340,3.9845
5341,3.9843
5342,3.984
5343,3.9838
5344,3.9837
5345,3.9835
5346,3.9832
5347,3.983
5348,3.9829
5349,3.9826
5350,3.9824
5351,3.9822
5352,3.9819
5353,3.9818
5354,3.9815
5355,3.9813
5356,3.9811
5357,3.9808
5358,3.9807
5359,3.9805
5360,3.9802
5361,3.98
5362,3.9797
5363,3.9795
5364,3.9794
5365,3.9791
5366,3.9789
5367,3.9786
5368,3.9784
5369,3.9783
5370,3.978
5371,3.9778
5372,3.9775
5373,3.9773
5374,3.977
5375,3.9768
5376,3.9765
5377,3.9764
5378,3.976
5379,3.9759
5380,3.9757
5381,3.9754
5382,3.9753
5383,3.9749
5384,3.9748
5385,3.9745
5386,3.9743
5387,3.974
5388,3.9738
5389,3.9735
5390,3.9733
5391,3.973
5392,3.9727
5393,3.9726
5394,3.9722
5395,3.9721
5396,3.9718
5397,3.9716
5398,3.9713
5399,3.9711
5400,3.9708
5401,3.9706
5402,3.9703
5403,3.97
5404,3.9699
5405,3.9695
5406,3.9694
5407,3.9691
5408,3.9687
5409,3.9686
5410,3.9683
5411,3.9681
5412,3.9678
5413,3.9675
5414,3.9673
5415,3.967
5416,3.9667
5417,3.9665
5418,3.9662
5419,3.966
5420,3.9657
5421,3.9654
5422,3.9652
5423,3.9649
5424,3.9646
5425,3.9644
5426,3.9641
5427,3.9638
5428,3.9637
5429,3.9633
5430,3.963
5431,3.9629
5432,3.9625
5433,3.9622
5434,3.9621
5435,3.9617
5436,3.9614
5437,3.9611
5438,3.961
5439,3.9606
5440,3.9605
5441,3.9602
5442,3.9598
5443,3.9595
5444,3.9594
5445,3.959
5446,3.9587
5447,3.9584
5448,3.9583
5449,3.9579
5450,3.9576
5451,3.9575
5452,3.9571
5453,3.9568
5454,3.9565
5455,3.9563
5456,3.956
5457,3.9557
5458,3.9554
5459,3.9552
5460,3.9549
5461,3.9546
5462,3.9543
5463,3.9541
5464,3.9538
5465,3.9535
5466,3.9532
5467,3.953
5468,3.9527
5469,3.9524
5470,3.9521
5471,3.9519
5472,3.9516
5473,3.9513
5474,3.9509
5475,3.9506
5476,3.9505
5477,3.9501
5478,3.9498
5479,3.9495
5480,3.9492
5481,3.949
5482,3.9487
5483,3.9484
5484,3.9481
5485,3.9479
5486,3.9476
5487,3.9473
5488,3.947
5489,3.9468
5490,3.9465
5491,3.9462
5492,3.9459
5493,3.9455
5494,3.9454
5495,3.9451
5496,3.9447
5497,3.9444
5498,3.9441
5499,3.944
5500,3.9436
5501,3.9433
5502,3.943
5503,3.9427
5504,3.9425
5505,3.9422
5506,3.9419
5507,3.9416
5508,3.9412
5509,3.9411
5510,3.9408
5511,3.9405
5512,3.9401
5513,3.94
5514,3.9397
5515,3.9393
5516,3.939
5517,3.9387
5518,3.9385
5519,3.9382
5520,3.9379
5521,3.9376
5522,3.9374
5523,3.9371
5524,3.9368
5525,3.9365
5526,3.9362
5527,3.936
5528,3.9357
5529,3.9354
5530,3.9351
5531,3.9349
5532,3.9346
5533,3.9343
5534,3.9339
5535,3.9338
5536,3.9335
5537,3.9331
5538,3.9328
5539,3.9327
5540,3.9324
5541,3.932
5542,3.9317
5543,3.9316
5544,3.9312
5545,3.9309
5546,3.9306
5547,3.9304
5548,3.9301
5549,3.9298
5550,3.9295
5551,3.9293
5552,3.929
5553,3.9287
5554,3.9285
5555,3.9282
5556,3.9279
5557,3.9276
5558,3.9274
5559,3.9271
5560,3.9268
5561,3.9266
5562,3.9263
5563,3.926
5564,3.9257
5565,3.9255
5566,3.9252
5567,3.9249
5568,3.9247
5569,3.9244
5570,3.9241
5571,3.9239
5572,3.9236
5573,3.9233
5574,3.9231
5575,3.9228
5576,3.9225
5577,3.9223
5578,3.922
5579,3.9217
5580,3.9215
5581,3.9212
5582,3.9209
5583,3.9208
5584,3.9204
5585,3.9201
5586,3.92
5587,3.9196
5588,3.9193
5589,3.9192
5590,3.9188
5591,3.9185
5592,3.9184
5593,3.9181
5594,3.9179
5595,3.9176
5596,3.9173
5597,3.9171
5598,3.9168
5599,3.9165
5600,3.9163
5601,3.916
5602,3.9158
5603,3.9155
5604,3.9152
5605,3.915
5606,3.9147
5607,3.9146
5608,3.9142
5609,3.9139
5610,3.9138
5611,3.9134
5612,3.9133
5613,3.913
5614,3.9126
5615,3.9125
5616,3.9122
5617,3.912
5618,3.9117
5619,3.9115
5620,3.9112
5621,3.9109
5622,3.9107
5623,3.9104
5624,3.9103
5625,3.9099
5626,3.9098
5627,3.9095
5628,3.9093
5629,3.909
5630,3.9088
5631,3.9085
5632,3.9082
5633,3.908
5634,3.9077
5635,3.9076
5636,3.9072
5637,3.9071
5638,3.9068
5639,3.9066
5640,3.9063
5641,3.906
5642,3.9058
5643,3.9055
5644,3.9053
5645,3.905
5646,3.9049
5647,3.9045
5648,3.9044
5649,3.9041
5650,3.9039
5651,3.9036
5652,3.9034
5653,3.9031
5654,3.903
5655,3.9026
5656,3.9025
5657,3.9023
5658,3.902
5659,3.9017
5660,3.9015
5661,3.9012
5662,3.901
5663,3.9007
5664,3.9006
5665,3.9004
5666,3.9001
5667,3.8999
5668,3.8996
5669,3.8995
5670,3.8991
5671,3.899
5672,3.8987
5673,3.8985
5674,3.8982
5675,3.898
5676,3.8977
5677,3.8976
5678,3.8972
5679,3.8971
5680,3.8969
5681,3.8966
5682,3.8964
5683,3.8961
5684,3.896
5685,3.8956
5686,3.8955
5687,3.8952
5688,3.895
5689,3.8947
5690,3.8945
5691,3.8942
5692,3.8941
5693,3.8939
5694,3.8936
5695,3.8934
5696,3.8931
5697,3.8929
5698,3.8926
5699,3.8925
5700,3.8922
5701,3.892
5702,3.8917
5703,3.8915
5704,3.8912
5705,3.891
5706,3.8909
5707,3.8906
5708,3.8904
5709,3.8901
5710,3.8899
5711,3.8898
5712,3.8894
5713,3.8893
5714,3.889
5715,3.8888
5716,3.8885
5717,3.8883
5718,3.888
5719,3.8879
5720,3.8877
5721,3.8874
5722,3.8872
5723,3.8869
5724,3.8867
5725,3.8864
5726,3.8863
5727,3.886
5728,3.8858
5729,3.8855
5730,3.8853
5731,3.8852
5732,3.8848
5733,3.8847
5734,3.8844
5735,3.8842
5736,3.8839
5737,3.8837
5738,3.8834
5739,3.8833
5740,3.8831
5741,3.8828
5742,3.8826
5743,3.8823
5744,3.8821
5745,3.8818
5746,3.8817
5747,3.8813
5748,3.8812
5749,3.881
5750,3.8807
5751,3.8806
5752,3.8802
5753,3.8801
5754,3.8798
5755,3.8796
5756,3.8793
5757,3.8791
5758,3.8788
5759,3.8786
5760,3.8785
5761,3.8782
5762,3.878
5763,3.8777
5764,3.8775
5765,3.8772
5766,3.8771
5767,3.8767
5768,3.8766
5769,3.8763
5770,3.8761
5771,3.8758
5772,3.8756
5773,3.8753
5774,3.8751
5775,3.875
5776,3.8747
5777,3.8745
5778,3.8742
5779,3.874
5780,3.8737
5781,3.8736
5782,3.8732
5783,3.8731
5784,3.8728
5785,3.8726
5786,3.8723
5787,3.8721
5788,3.8718
5789,3.8717
5790,3.8713
5791,3.8712
5792,3.8709
5793,3.8707
5794,3.8704
5795,3.8702
5796,3.8699
5797,3.8697
5798,3.8694
5799,3.8693
5800,3.869
5801,3.8688
5802,3.8685
5803,3.8683
5804,3.868
5805,3.8678
5806,3.8675
5807,3.8674
5808,3.867
5809,3.8669
5810,3.8666
5811,3.8664
5812,3.8661
5813,3.8659
5814,3.8656
5815,3.8655
5816,3.8651
5817,3.865
5818,3.8647
5819,3.8645
5820,3.8642
5821,3.8639
5822,3.8637
5823,3.8634
5824,3.8632
5825,3.8629
5826,3.8628
5827,3.8624
5828,3.8623
5829,3.862
5830,3.8618
5831,3.8615
5832,3.8612
5833,3.861
5834,3.8608
5835,3.8605
5836,3.8602
5837,3.8601
5838,3.8597
5839,3.8596
5840,3.8593
5841,3.8591
5842,3.8588
5843,3.8586
5844,3.8583
5845,3.858
5846,3.8578
5847,3.8575
5848,3.8574
5849,3.857
5850,3.8569
5851,3.8566
5852,3.8562
5853,3.8561
5854,3.8558
5855,3.8556
5856,3.8553
5857,3.8551
5858,3.8548
5859,3.8547
5860,3.8543
5861,3.854
5862,3.8539
5863,3.8535
5864,3.8534
5865,3.8531
5866,3.8529
5867,3.8526
5868,3.8523
5869,3.8521
5870,3.8518
5871,3.8516
5872,3.8513
5873,3.8512
5874,3.8508
5875,3.8505
5876,3.8504
5877,3.85
5878,3.8499
5879,3.8496
5880,3.8494
5881,3.8491
5882,3.8488
5883,3.8486
5884,3.8483
5885,3.8481
5886,3.8478
5887,3.8477
5888,3.8473
5889,3.847
5890,3.8469
5891,3.8465
5892,3.8464
5893,3.8461
5894,3.8459
5895,3.8456
5896,3.8453
5897,3.8451
5898,3.8448
5899,3.8446
5900,3.8443
5901,3.844
5902,3.8438
5903,3.8435
5904,3.8434
5905,3.8431
5906,3.8429
5907,3.8426
5908,3.8423
5909,3.8421
5910,3.8418
5911,3.8416
5912,3.8413
5913,3.8411
5914,3.8408
5915,3.8405
5916,3.8403
5917,3.84
5918,3.8399
5919,3.8396
5920,3.8394
5921,3.8391
5922,3.8389
5923,3.8386
5924,3.8384
5925,3.8381
5926,3.8378
5927,3.8376
5928,3.8373
5929,3.837
5930,3.8369
5931,3.8365
5932,3.8364
5933,3.8361
5934,3.8359
5935,3.8356
5936,3.8354
5937,3.8351
5938,3.8349
5939,3.8346
5940,3.8343
5941,3.8342
5942,3.8338
5943,3.8337
5944,3.8334
5945,3.8332
5946,3.8329
5947,3.8326
5948,3.8324
5949,3.8321
5950,3.8319
5951,3.8316
5952,3.8315
5953,3.8311
5954,3.831
5955,3.8307
5956,3.8305
5957,3.8302
5958,3.83
5959,3.8297
5960,3.8295
5961,3.8292
5962,3.8291
5963,3.8288
5964,3.8286
5965,3.8283
5966,3.8281
5967,3.8278
5968,3.8275
5969,3.8273
5970,3.827
5971,3.8268
5972,3.8265
5973,3.8264
5974,3.826
5975,3.8259
5976,3.8256
5977,3.8254
5978,3.8251
5979,3.8249
5980,3.8246
5981,3.8245
5982,3.8241
5983,3.824
5984,3.8237
5985,3.8235
5986,3.8232
5987,3.823
5988,3.8227
5989,3.8226
5990,3.8224
5991,3.8221
5992,3.8219
5993,3.8216
5994,3.8214
5995,3.8211
5996,3.821
5997,3.8206
5998,3.8205
5999,3.8202
6000,3.82
6001,3.8197
6002,3.8195
6003,3.8192
6004,3.8191
6005,3.8189
6006,3.8186
6007,3.8184
6008,3.8181
6009,3.8179
6010,3.8176
6011,3.8175
6012,3.8172
6013,3.817
6014,3.8168
6015,3.8165
6016,3.8164
6017,3.816
6018,3.8159
6019,3.8156
6020,3.8154
6021,3.8151
6022,3.8149
6023,3.8148
6024,3.8144
6025,3.8143
6026,3.814
6027,3.8138
6028,3.8137
6029,3.8133
6030,3.8132
6031,3.8129
6032,3.8127
6033,3.8125
6034,3.8122
6035,3.8121
6036,3.8117
6037,3.8116
6038,3.8114
6039,3.8111
6040,3.811
6041,3.8106
6042,3.8105
6043,3.8103
6044,3.81
6045,3.8098
6046,3.8095
6047,3.8094
6048,3.8092
6049,3.8089
6050,3.8087
6051,3.8086
6052,3.8083
6053,3.8081
6054,3.8078
6055,3.8076
6056,3.8075
6057,3.8071
6058,3.807
6059,3.8068
6060,3.8065
6061,3.8063
6062,3.8062
6063,3.8059
6064,3.8057
6065,3.8054
6066,3.8052
6067,3.8051
6068,3.8048
6069,3.8046
6070,3.8044
6071,3.8041
6072,3.804
6073,3.8038
6074,3.8035
6075,3.8033
6076,3.8032
6077,3.8029
6078,3.8027
6079,3.8025
6080,3.8022
6081,3.8021
6082,3.8019
6083,3.8016
6084,3.8014
6085,3.8013
6086,3.8009
6087,3.8008
6088,3.8006
6089,3.8005
6090,3.8001
6091,3.8
6092,3.7998
6093,3.7995
6094,3.7994
6095,3.7992
6096,3.7989
6097,3.7987
6098,3.7986
6099,3.7984
6100,3.7981
6101,3.7979
6102,3.7978
6103,3.7974
6104,3.7973
6105,3.7971
6106,3.7968
6107,3.7967
6108,3.7965
6109,3.7963
6110,3.796
6111,3.7959
6112,3.7957
6113,3.7954
6114,3.7952
6115,3.7951
6116,3.7949
6117,3.7946
6118,3.7944
6119,3.7943
6120,3.7941
6121,3.7938
6122,3.7936
6123,3.7935
6124,3.7933
6125,3.793
6126,3.7928
6127,3.7927
6128,3.7925
6129,3.7922
6130,3.792
6131,3.7919
6132,3.7917
6133,3.7914
6134,3.7913
6135,3.7911
6136,3.7909
6137,3.7906
6138,3.7905
6139,3.7903
6140,3.7901
6141,3.7898
6142,3.7897
6143,3.7895
6144,3.7893
6145,3.7892
6146,3.7889
6147,3.7887
6148,3.7885
6149,3.7884
6150,3.7881
6151,3.7879
6152,3.7878
6153,3.7876
6154,3.7874
6155,3.7871
6156,3.787
6157,3.7868
6158,3.7866
6159,3.7865
6160,3.7862
6161,3.786
6162,3.7858
6163,3.7857
6164,3.7854
6165,3.7852
6166,3.7851
6167,3.7849
6168,3.7847
6169,3.7846
6170,3.7843
6171,3.7841
6172,3.7839
6173,3.7838
6174,3.7835
6175,3.7833
6176,3.7831
6177,3.783
6178,3.7828
6179,3.7825
6180,3.7824
6181,3.7822
6182,3.782
6183,3.7819
6184,3.7817
6185,3.7814
6186,3.7812
6187,3.7811
6188,3.7809
6189,3.7808
6190,3.7804
6191,3.7803
6192,3.7801
6193,3.78
6194,3.7798
6195,3.7797
6196,3.7793
6197,3.7792
6198,3.779
6199,3.7789
6200,3.7787
6201,3.7784
6202,3.7782
6203,3.7781
6204,3.7779
6205,3.7777
6206,3.7776
6207,3.7774
6208,3.7771
6209,3.7769
6210,3.7768
6211,3.7766
6212,3.7765
6213,3.7763
6214,3.776
6215,3.7758
6216,3.7757
6217,3.7755
6218,3.7754
6219,3.7752
6220,3.7749
6221,3.7747
6222,3.7746
6223,3.7744
6224,3.7742
6225,3.7741
6226,3.7739
6227,3.7736
6228,3.7735
6229,3.7733
6230,3.7731
6231,3.773
6232,3.7728
6233,3.7727
6234,3.7723
6235,3.7722
6236,3.772
6237,3.7719
6238,3.7717
6239,3.7715
6240,3.7712
6241,3.7711
6242,3.7709
6243,3.7708
6244,3.7706
6245,3.7704
6246,3.7703
6247,3.7701
6248,3.7698
6249,3.7696
6250,3.7695
6251,3.7693
6252,3.7692
6253,3.769
6254,3.7688
6255,3.7685
6256,3.7684
6257,3.7682
6258,3.7681
6259,3.7679
6260,3.7677
6261,3.7676
6262,3.7674
6263,3.7671
6264,3.7669
6265,3.7668
6266,3.7666
6267,3.7665
6268,3.7663
6269,3.7661
6270,3.766
6271,3.7657
6272,3.7655
6273,3.7654
6274,3.7652
6275,3.765
6276,3.7649
6277,3.7647
6278,3.7646
6279,3.7642
6280,3.7641
6281,3.7639
6282,3.7638
6283,3.7636
6284,3.7634
6285,3.7633
6286,3.7631
6287,3.763
6288,3.7626
6289,3.7625
6290,3.7623
6291,3.7622
6292,3.762
6293,3.7619
6294,3.7617
6295,3.7615
6296,3.7614
6297,3.7611
6298,3.7609
6299,3.7607
6300,3.7606
6301,3.7604
6302,3.7603
6303,3.7601
6304,3.7599
6305,3.7598
6306,3.7596
6307,3.7593
6308,3.7592
6309,3.759
6310,3.7588
6311,3.7587
6312,3.7585
6313,3.7584
6314,3.7582
6315,3.758
6316,3.7577
6317,3.7576
6318,3.7574
6319,3.7572
6320,3.7571
6321,3.7569
6322,3.7568
6323,3.7566
6324,3.7565
6325,3.7561
6326,3.756
6327,3.7558
6328,3.7557
6329,3.7555
6330,3.7553
6331,3.7552
6332,3.755
6333,3.7549
6334,3.7547
6335,3.7544
6336,3.7542
6337,3.7541
6338,3.7539
6339,3.7538
6340,3.7536
6341,3.7534
6342,3.7533
6343,3.7531
6344,3.753
6345,3.7528
6346,3.7525
6347,3.7523
6348,3.7522
6349,3.752
6350,3.7518
6351,3.7517
6352,3.7515
6353,3.7514
6354,3.7512
6355,3.751
6356,3.7507
6357,3.7506
6358,3.7504
6359,3.7503
6360,3.7501
6361,3.7499
6362,3.7498
6363,3.7496
6364,3.7495
6365,3.7493
6366,3.7491
6367,3.749
6368,3.7487
6369,3.7485
6370,3.7483
6371,3.7482
6372,3.748
6373,3.7479
6374,3.7477
6375,3.7476
6376,3.7474
6377,3.7472
6378,3.7469
6379,3.7468
6380,3.7466
6381,3.7464
6382,3.7463
6383,3.7461
6384,3.746
6385,3.7458
6386,3.7456
6387,3.7455
6388,3.7453
6389,3.7452
6390,3.7449
6391,3.7447
6392,3.7445
6393,3.7444
6394,3.7442
6395,3.7441
6396,3.7439
6397,3.7437
6398,3.7436
6399,3.7434
6400,3.7431
6401,3.7429
6402,3.7428
6403,3.7426
6404,3.7425
6405,3.7423
6406,3.7422
6407,3.742
6408,3.7418
6409,3.7417
6410,3.7414
6411,3.7412
6412,3.741
6413,3.7409
6414,3.7407
6415,3.7406
6416,3.7404
6417,3.7402
6418,3.7401
6419,3.7399
6420,3.7398
6421,3.7394
6422,3.7393
6423,3.7391
6424,3.739
6425,3.7388
6426,3.7387
6427,3.7385
6428,3.7383
6429,3.7382
6430,3.738
6431,3.7379
6432,3.7375
6433,3.7374
6434,3.7372
6435,3.7371
6436,3.7369
6437,3.7367
6438,3.7366
6439,3.7364
6440,3.7363
6441,3.7361
6442,3.736
6443,3.7358
6444,3.7356
6445,3.7353
6446,3.7352
6447,3.735
6448,3.7348
6449,3.7347
6450,3.7345
6451,3.7344
6452,3.7342
6453,3.734
6454,3.7339
6455,3.7336
6456,3.7334
6457,3.7333
6458,3.7331
6459,3.7329
6460,3.7328
6461,3.7326
6462,3.7325
6463,3.7323
6464,3.732
6465,3.732
6466,3.7317
6467,3.7315
6468,3.7313
6469,3.7312
6470,3.731
6471,3.7309
6472,3.7307
6473,3.7306
6474,3.7304
6475,3.7302
6476,3.7299
6477,3.7298
6478,3.7296
6479,3.7294
6480,3.7293
6481,3.7291
6482,3.729
6483,3.7288
6484,3.7286
6485,3.7285
6486,3.7283
6487,3.728
6488,3.7279
6489,3.7277
6490,3.7275
6491,3.7274
6492,3.7272
6493,3.7271
6494,3.7269
6495,3.7267
6496,3.7264
6497,3.7263
6498,3.7261
6499,3.7259
6500,3.7258
6501,3.7256
6502,3.7255
6503,3.7253
6504,3.7251
6505,3.725
6506,3.7247
6507,3.7245
6508,3.7244
6509,3.7242
6510,3.724
6511,3.7239
6512,3.7237
6513,3.7236
6514,3.7234
6515,3.7232
6516,3.7229
6517,3.7228
6518,3.7226
6519,3.7224
6520,3.7223
6521,3.7221
6522,3.722
6523,3.7218
6524,3.7217
6525,3.7213
6526,3.7212
6527,3.721
6528,3.7209
6529,3.7207
6530,3.7205
6531,3.7204
6532,3.7202
6533,3.7201
6534,3.7197
6535,3.7196
6536,3.7194
6537,3.7193
6538,3.7191
6539,3.719
6540,3.7188
6541,3.7186
6542,3.7183
6543,3.7182
6544,3.718
6545,3.7178
6546,3.7177
6547,3.7175
6548,3.7174
6549,3.7172
6550,3.717
6551,3.7167
6552,3.7166
6553,3.7164
6554,3.7163
6555,3.7161
6556,3.7159
6557,3.7158
6558,3.7156
6559,3.7153
6560,3.7153
6561,3.715
6562,3.7148
6563,3.7147
6564,3.7145
6565,3.7143
6566,3.7142
6567,3.714
6568,3.7137
6569,3.7135
6570,3.7134
6571,3.7132
6572,3.7131
6573,3.7129
6574,3.7128
6575,3.7126
6576,3.7124
6577,3.7121
6578,3.712
6579,3.7118
6580,3.7116
6581,3.7115
6582,3.7113
6583,3.7112
6584,3.711
6585,3.7107
6586,3.7105
6587,3.7104
6588,3.7102
6589,3.7101
6590,3.7099
6591,3.7097
6592,3.7094
6593,3.7094
6594,3.7091
6595,3.7089
6596,3.7088
6597,3.7086
6598,3.7085
6599,3.7083
6600,3.708
6601,3.7078
6602,3.7077
6603,3.7075
6604,3.7074
6605,3.7072
6606,3.707
6607,3.7067
6608,3.7066
6609,3.7064
6610,3.7062
6611,3.7061
6612,3.7059
6613,3.7058
6614,3.7056
6615,3.7053
6616,3.7051
6617,3.705
6618,3.7048
6619,3.7047
6620,3.7045
6621,3.7043
6622,3.7042
6623,3.7039
6624,3.7037
6625,3.7035
6626,3.7034
6627,3.7032
6628,3.7031
6629,3.7029
6630,3.7026
6631,3.7024
6632,3.7023
6633,3.7021
6634,3.702
6635,3.7018
6636,3.7016
6637,3.7013
6638,3.7012
6639,3.701
6640,3.7008
6641,3.7007
6642,3.7005
6643,3.7004
6644,3.7002
6645,3.6999
6646,3.6997
6647,3.6996
6648,3.6994
6649,3.6992
6650,3.6991
6651,3.6989
6652,3.6986
6653,3.6985
6654,3.6983
6655,3.6981
6656,3.698
6657,3.6978
6658,3.6977
6659,3.6973
6660,3.6972
6661,3.697
6662,3.6969
6663,3.6967
6664,3.6965
6665,3.6964
6666,3.6961
6667,3.6959
6668,3.6958
6669,3.6956
6670,3.6954
6671,3.6953
6672,3.695
6673,3.6948
6674,3.6946
6675,3.6945
6676,3.6943
6677,3.6942
6678,3.694
6679,3.6937
6680,3.6935
6681,3.6934
6682,3.6932
6683,3.6931
6684,3.6929
6685,3.6927
6686,3.6924
6687,3.6923
6688,3.6921
6689,3.6919
6690,3.6918
6691,3.6916
6692,3.6913
6693,3.6911
6694,3.691
6695,3.6908
6696,3.6907
6697,3.6905
6698,3.6904
6699,3.69
6700,3.6899
6701,3.6897
6702,3.6896
6703,3.6894
6704,3.6892
6705,3.6891
6706,3.6888
6707,3.6886
6708,3.6884
6709,3.6883
6710,3.6881
6711,3.688
6712,3.6876
6713,3.6875
6714,3.6873
6715,3.6872
6716,3.687
6717,3.6869
6718,3.6865
6719,3.6864
6720,3.6862
6721,3.6861
6722,3.6859
6723,3.6857
6724,3.6856
6725,3.6853
6726,3.6851
6727,3.6849
6728,3.6848
6729,3.6846
6730,3.6845
6731,3.6842
6732,3.684
6733,3.6838
6734,3.6837
6735,3.6835
6736,3.6834
6737,3.6832
6738,3.6829
6739,3.6827
6740,3.6826
6741,3.6824
6742,3.6822
6743,3.6821
6744,3.6819
6745,3.6816
6746,3.6815
6747,3.6813
6748,3.6811
6749,3.681
6750,3.6808
6751,3.6805
6752,3.6803
6753,3.6802
6754,3.68
6755,3.6799
6756,3.6797
6757,3.6795
6758,3.6792
6759,3.6791
6760,3.6789
6761,3.6788
6762,3.6786
6763,3.6784
6764,3.6783
6765,3.678
6766,3.6778
6767,3.6776
6768,3.6775
6769,3.6773
6770,3.6772
6771,3.677
6772,3.6767
6773,3.6765
6774,3.6764
6775,3.6762
6776,3.6761
6777,3.6759
6778,3.6756
6779,3.6754
6780,3.6753
6781,3.6751
6782,3.6749
6783,3.6748
6784,3.6746
6785,3.6743
6786,3.6741
6787,3.674
6788,3.6738
6789,3.6737
6790,3.6735
6791,3.6733
6792,3.673
6793,3.6729
6794,3.6727
6795,3.6726
6796,3.6724
6797,3.6722
6798,3.6721
6799,3.6718
6800,3.6716
6801,3.6714
6802,3.6713
6803,3.6711
6804,3.671
6805,3.6708
6806,3.6705
6807,3.6703
6808,3.6702
6809,3.67
6810,3.6699
6811,3.6697
6812,3.6695
6813,3.6692
6814,3.6691
6815,3.6689
6816,3.6687
6817,3.6686
6818,3.6684
6819,3.6683
6820,3.6679
6821,3.6678
6822,3.6676
6823,3.6675
6824,3.6673
6825,3.6672
6826,3.667
6827,3.6667
6828,3.6665
6829,3.6664
6830,3.6662
6831,3.666
6832,3.6659
6833,3.6657
6834,3.6656
6835,3.6652
6836,3.6651
6837,3.6649
6838,3.6648
6839,3.6646
6840,3.6645
6841,3.6643
6842,3.664
6843,3.6638
6844,3.6637
6845,3.6635
6846,3.6633
6847,3.6632
6848,3.663
6849,3.6627
6850,3.6625
6851,3.6624
6852,3.6622
6853,3.6621
6854,3.6619
6855,3.6617
6856,3.6616
6857,3.6614
6858,3.6611
6859,3.661
6860,3.6608
6861,3.6606
6862,3.6605
6863,3.6603
6864,3.6602
6865,3.66
6866,3.6597
6867,3.6595
6868,3.6594
6869,3.6592
6870,3.659
6871,3.6589
6872,3.6587
6873,3.6586
6874,3.6584
6875,3.6583
6876,3.6579
6877,3.6578
6878,3.6576
6879,3.6575
6880,3.6573
6881,3.6571
6882,3.657
6883,3.6568
6884,3.6567
6885,3.6565
6886,3.6563
6887,3.656
6888,3.6559
6889,3.6557
6890,3.6556
6891,3.6554
6892,3.6552
6893,3.6551
6894,3.6549
6895,3.6548
6896,3.6546
6897,3.6544
6898,3.6543
6899,3.654
6900,3.6538
6901,3.6536
6902,3.6535
6903,3.6533
6904,3.6532
6905,3.653
6906,3.6529
6907,3.6527
6908,3.6525
6909,3.6522
6910,3.6521
6911,3.6519
6912,3.6517
6913,3.6516
6914,3.6514
6915,3.6513
6916,3.6511
6917,3.6509
6918,3.6508
6919,3.6506
6920,3.6505
6921,3.6503
6922,3.65
6923,3.6498
6924,3.6497
6925,3.6495
6926,3.6494
6927,3.6492
6928,3.649
6929,3.6489
6930,3.6487
6931,3.6486
6932,3.6484
6933,3.6481
6934,3.6479
6935,3.6478
6936,3.6476
6937,3.6474
6938,3.6473
6939,3.6471
6940,3.647
6941,3.6468
6942,3.6467
6943,3.6463
6944,3.6462
6945,3.646
6946,3.6459
6947,3.6457
6948,3.6455
6949,3.6454
6950,3.6452
6951,3.6451
6952,3.6449
6953,3.6446
6954,3.6444
6955,3.6443
6956,3.6441
6957,3.644
6958,3.6438
6959,3.6436
6960,3.6435
6961,3.6433
6962,3.643
6963,3.6428
6964,3.6427
6965,3.6425
6966,3.6424
6967,3.6422
6968,3.642
6969,3.6419
6970,3.6416
6971,3.6414
6972,3.6413
6973,3.6411
6974,3.6409
6975,3.6408
6976,3.6406
6977,3.6405
6978,3.6403
6979,3.6401
6980,3.6398
6981,3.6397
6982,3.6395
6983,3.6393
6984,3.6392
6985,3.639
6986,3.6389
6987,3.6387
6988,3.6386
6989,3.6382
6990,3.6381
6991,3.6379
6992,3.6378
6993,3.6376
6994,3.6374
6995,3.6373
6996,3.637
6997,3.6368
6998,3.6366
6999,3.6365
7000,3.6363
7001,3.6362
7002,3.6358
7003,3.6357
7004,3.6355
7005,3.6354
7006,3.6352
7007,3.6351
7008,3.6347
7009,3.6346
7010,3.6344
7011,3.6343
7012,3.6341
7013,3.6339
7014,3.6336
7015,3.6335
7016,3.6333
7017,3.6331
7018,3.633
7019,3.6327
7020,3.6325
7021,3.6324
7022,3.6322
7023,3.632
7024,3.6317
7025,3.6316
7026,3.6314
7027,3.6312
7028,3.6309
7029,3.6308
7030,3.6306
7031,3.6304
7032,3.6303
7033,3.63
7034,3.6298
7035,3.6297
7036,3.6295
7037,3.6293
7038,3.629
7039,3.6289
7040,3.6287
7041,3.6285
7042,3.6282
7043,3.6281
7044,3.6279
7045,3.6277
7046,3.6274
7047,3.6273
7048,3.6271
7049,3.6268
7050,3.6266
7051,3.6265
7052,3.6263
7053,3.626
7054,3.6258
7055,3.6257
7056,3.6255
7057,3.6252
7058,3.625
7059,3.6249
7060,3.6247
7061,3.6244
7062,3.6243
7063,3.6241
7064,3.6238
7065,3.6236
7066,3.6235
7067,3.6231
7068,3.623
7069,3.6228
7070,3.6227
7071,3.6223
7072,3.6222
7073,3.6219
7074,3.6217
7075,3.6215
7076,3.6212
7077,3.6211
7078,3.6209
7079,3.6206
7080,3.6204
7081,3.6203
7082,3.62
7083,3.6198
7084,3.6195
7085,3.6193
7086,3.6192
7087,3.6188
7088,3.6187
7089,3.6184
7090,3.6182
7091,3.6181
7092,3.6177
7093,3.6176
7094,3.6173
7095,3.6171
7096,3.6168
7097,3.6166
7098,3.6165
7099,3.6161
7100,3.616
7101,3.6157
7102,3.6155
7103,3.6152
7104,3.615
7105,3.6147
7106,3.6146
7107,3.6142
7108,3.6141
7109,3.6138
7110,3.6136
7111,3.6133
7112,3.6131
7113,3.6128
7114,3.6127
7115,3.6123
7116,3.6122
7117,3.6119
7118,3.6115
7119,3.6114
7120,3.6111
7121,3.6109
7122,3.6106
7123,3.6103
7124,3.6101
7125,3.6098
7126,3.6096
7127,3.6093
7128,3.609
7129,3.6088
7130,3.6085
7131,3.6082
7132,3.608
7133,3.6077
7134,3.6074
7135,3.6072
7136,3.6069
7137,3.6066
7138,3.6065
7139,3.6061
7140,3.6058
7141,3.6055
7142,3.6053
7143,3.605
7144,3.6047
7145,3.6044
7146,3.6042
7147,3.6039
7148,3.6036
7149,3.6033
7150,3.603
7151,3.6028
7152,3.6025
7153,3.6022
7154,3.6018
7155,3.6015
7156,3.6012
7157,3.6009
7158,3.6007
7159,3.6004
7160,3.6001
7161,3.5998
7162,3.5995
7163,3.5991
7164,3.5988
7165,3.5985
7166,3.5982
7167,3.5979
7168,3.5976
7169,3.5972
7170,3.5969
7171,3.5966
7172,3.5963
7173,3.596
7174,3.5956
7175,3.5953
7176,3.595
7177,3.5947
7178,3.5944
7179,3.5941
7180,3.5937
7181,3.5933
7182,3.5929
7183,3.5926
7184,3.5923
7185,3.592
7186,3.5917
7187,3.5912
7188,3.5909
7189,3.5906
7190,3.5902
7191,3.5898
7192,3.5895
7193,3.5891
7194,3.5888
7195,3.5883
7196,3.588
7197,3.5877
7198,3.5872
7199,3.5869
7200,3.5866
7201,3.5861
7202,3.5858
7203,3.5853
7204,3.585
7205,3.5847
7206,3.5842
7207,3.5839
7208,3.5834
7209,3.5831
7210,3.5826
7211,3.5823
7212,3.5818
7213,3.5815
7214,3.581
7215,3.5806
7216,3.5802
7217,3.5798
7218,3.5794
7219,3.579
7220,3.5785
7221,3.578
7222,3.5777
7223,3.5772
7224,3.5767
7225,3.5764
7226,3.5759
7227,3.5755
7228,3.575
7229,3.5745
7230,3.5742
7231,3.5737
7232,3.5732
7233,3.5728
7234,3.5723
7235,3.5718
7236,3.5713
7237,3.571
7238,3.5705
7239,3.5701
7240,3.5696
7241,3.5691
7242,3.5686
7243,3.5682
7244,3.5677
7245,3.5672
7246,3.5666
7247,3.5661
7248,3.5656
7249,3.5651
7250,3.5647
7251,3.5642
7252,3.5637
7253,3.5631
7254,3.5626
7255,3.5621
7256,3.5616
7257,3.561
7258,3.5605
7259,3.5601
7260,3.5596
7261,3.5589
7262,3.5585
7263,3.558
7264,3.5574
7265,3.5569
7266,3.5562
7267,3.5558
7268,3.5551
7269,3.5547
7270,3.554
7271,3.5535
7272,3.5529
7273,3.5524
7274,3.552
7275,3.5513
7276,3.5507
7277,3.5502
7278,3.5496
7279,3.5491
7280,3.5485
7281,3.5478
7282,3.5473
7283,3.5467
7284,3.5461
7285,3.5456
7286,3.545
7287,3.5443
7288,3.5437
7289,3.5432
7290,3.5426
7291,3.5419
7292,3.5413
7293,3.5408
7294,3.5402
7295,3.5396
7296,3.5389
7297,3.5383
7298,3.5378
7299,3.5372
7300,3.5365
7301,3.5359
7302,3.5353
7303,3.5346
7304,3.534
7305,3.5334
7306,3.5329
7307,3.5322
7308,3.5316
7309,3.531
7310,3.5303
7311,3.5297
7312,3.5291
7313,3.5284
7314,3.5278
7315,3.5272
7316,3.5265
7317,3.5259
7318,3.5253
7319,3.5246
7320,3.524
7321,3.5232
7322,3.5226
7323,3.5219
7324,3.5213
7325,3.5206
7326,3.52
7327,3.5194
7328,3.5186
7329,3.5179
7330,3.5173
7331,3.5167
7332,3.516
7333,3.5152
7334,3.5146
7335,3.514
7336,3.5132
7337,3.5125
7338,3.5118
7339,3.5111
7340,3.5105
7341,3.5097
7342,3.5091
7343,3.5083
7344,3.5076
7345,3.5068
7346,3.5062
7347,3.5054
7348,3.5046
7349,3.504
7350,3.5032
7351,3.5024
7352,3.5016
7353,3.5008
7354,3.5002
7355,3.4994
7356,3.4986
7357,3.4978
7358,3.497
7359,3.4962
7360,3.4954
7361,3.4944
7362,3.4936
7363,3.4928
7364,3.4919
7365,3.4911
7366,3.4903
7367,3.4893
7368,3.4886
7369,3.4876
7370,3.4868
7371,3.4859
7372,3.4849
7373,3.4841
7374,3.4832
7375,3.4822
7376,3.4812
7377,3.4803
7378,3.4793
7379,3.4784
7380,3.4773
7381,3.4763
7382,3.4752
7383,3.4743
7384,3.4733
7385,3.4722
7386,3.4712
7387,3.4701
7388,3.469
7389,3.4679
7390,3.4668
7391,3.4657
7392,3.4646
7393,3.4634
7394,3.4622
7395,3.4611
7396,3.46
7397,3.4587
7398,3.4576
7399,3.4563
7400,3.455
7401,3.4538
7402,3.4525
7403,3.4512
7404,3.4499
7405,3.4487
7406,3.4474
7407,3.446
7408,3.4447
7409,3.4433
7410,3.442
7411,3.4406
7412,3.4391
7413,3.4377
7414,3.4363
7415,3.4348
7416,3.4334
7417,3.432
7418,3.4304
7419,3.4288
7420,3.4274
7421,3.4258
7422,3.4242
7423,3.4228
7424,3.4212
7425,3.4194
7426,3.4178
7427,3.4163
7428,3.4145
7429,3.4129
7430,3.4112
7431,3.4096
7432,3.4078
7433,3.4061
7434,3.4043
7435,3.4026
7436,3.4007
7437,3.3989
7438,3.397
7439,3.3953
7440,3.3934
7441,3.3916
7442,3.3897
7443,3.3877
7444,3.3857
7445,3.3838
7446,3.3819
7447,3.3799
7448,3.378
7449,3.3759
7450,3.3738
7451,3.3719
7452,3.3699
7453,3.3676
7454,3.3656
7455,3.3635
7456,3.3613
7457,3.3592
7458,3.357
7459,3.3548
7460,3.3525
7461,3.3503
7462,3.3481
7463,3.3457
7464,3.3435
7465,3.3411
7466,3.3387
7467,3.3365
7468,3.3341
7469,3.3316
7470,3.3292
7471,3.3268
7472,3.3243
7473,3.3219
7474,3.3193
7475,3.3168
7476,3.3143
7477,3.3116
7478,3.309
7479,3.3063
7480,3.3038
7481,3.3011
7482,3.2984
7483,3.2957
7484,3.2928
7485,3.2901
7486,3.2872
7487,3.2845
7488,3.2817
7489,3.2787
7490,3.2758
7491,3.2729
7492,3.2699
7493,3.2669
7494,3.2639
7495,3.2609
7496,3.2578
7497,3.2547
7498,3.2516
7499,3.2485
7500,3.2453
7501,3.242
7502,3.2388
7503,3.2354
7504,3.2321
7505,3.2288
7506,3.2254
7507,3.2219
7508,3.2186
7509,3.2151
7510,3.2116
7511,3.2081
7512,3.2044
7513,3.2008
7514,3.1971
7515,3.1935
7516,3.1898
7517,3.186
7518,3.1822
7519,3.1784
7520,3.1744
7521,3.1706
7522,3.1666
7523,3.1627
7524,3.1585
7525,3.1545
7526,3.1504
7527,3.1463
7528,3.1422
7529,3.1379
7530,3.1336
7531,3.1291
7532,3.1248
7533,3.1204
7534,3.1159
7535,3.1115
7536,3.1069
7537,3.1023
7538,3.0977
7539,3.0929
7540,3.0881
7541,3.0834
7542,3.0784
7543,3.0735
7544,3.0686
7545,3.0637
7546,3.0586
7547,3.0533
7548,3.0482
7549,3.043
7550,3.0376
7551,3.0323
7552,3.0268
7553,3.0214
7554,3.0158
7555,3.0103
7556,3.0045
7557,2.9988
7558,2.9929
7559,2.9872
7560,2.9812
7561,2.9751
7562,2.9691
7563,2.9629
7564,2.9567
7565,2.9503
7566,2.944
7567,2.9375
7568,2.931
7569,2.9243
7570,2.9176
7571,2.9108
7572,2.9039
7573,2.897
7574,2.8898
7575,2.8827
7576,2.8753
7577,2.868
7578,2.8606
7579,2.8531
7580,2.8453
7581,2.8375
7582,2.8297
7583,2.8218
7584,2.8135
7585,2.8054
7586,2.797
7587,2.7886
7588,2.78
7589,2.7714
7590,2.7625
7591,2.7536
7592,2.7446
7593,2.7355
7594,2.7261
7595,2.7167
7596,2.7072
7597,2.6975
7598,2.6877
7599,2.6778
7600,2.6678
7601,2.6576
7602,2.6475
7603,2.6371
7604,2.6266
7605,2.616
7606,2.6053
7607,2.5945
7608,2.5836
7609,2.5725
7610,2.5613
7611,2.55
7612,2.5386
7613,2.5272
7614,2.5154
7615,2.5036
7616,2.5
7617,2.514
7618,2.6196
7619,2.721
7620,2.8216
7621,2.9098
7622,3.0101
7623,3.0954
7624,3.1954
7625,3.2062
7626,3.2839
7627,3.3406
7628,3.3819
7629,3.4113
7630,3.4315
7631,3.4452
7632,3.4545
7633,3.4612
7634,3.4661
7635,3.47
7636,3.473
7637,3.4755
7638,3.4777
7639,3.4797
7640,3.4814
7641,3.4828
7642,3.4841
7643,3.4854
7644,3.4865
7645,3.4876
7646,3.4886
7647,3.4893
7648,3.4903
7649,3.4911
7650,3.4917
7651,3.4925
7652,3.4932
7653,3.4938
7654,3.4943
7655,3.4949
7656,3.4954
7657,3.496
7658,3.4965
7659,3.497
7660,3.4975
7661,3.4978
7662,3.4982
7663,3.4987
7664,3.499
7665,3.4995
7666,3.4998
7667,3.5002
7668,3.5005
7669,3.5009
7670,3.5013
7671,3.5016
7672,3.5019
7673,3.5022
7674,3.5024
7675,3.5027
7676,3.503
7677,3.5033
7678,3.5035
7679,3.5038
7680,3.5041
7681,3.5043
7682,3.5046
7683,3.5048
7684,3.5051
7685,3.5052
7686,3.5056
7687,3.5057
7688,3.506
7689,3.5062
7690,3.5063
7691,3.5067
7692,3.5068
7693,3.507
7694,3.5071
7695,3.5075
7696,3.5076
7697,3.5078
7698,3.5079
7699,3.5081
7700,3.5083
7701,3.5084
7702,3.5086
7703,3.5087
7704,3.5091
7705,3.5092
7706,3.5092
7707,3.5095
7708,3.5095
7709,3.5097
7710,3.51
7711,3.51
7712,3.5102
7713,3.5103
7714,3.5105
7715,3.5106
7716,3.5108
7717,3.511
7718,3.5111
7719,3.5111
7720,3.5113
7721,3.5114
7722,3.5116
7723,3.5118
7724,3.5118
7725,3.5119
7726,3.5121
7727,3.5122
7728,3.5124
7729,3.5124
7730,3.5125
7731,3.5127
7732,3.5127
7733,3.5129
7734,3.513
7735,3.5132
7736,3.5132
7737,3.5133
7738,3.5135
7739,3.5135
7740,3.5137
7741,3.5138
7742,3.5138
7743,3.514
7744,3.5141
7745,3.5141
7746,3.5143
7747,3.5143
7748,3.5145
7749,3.5146
7750,3.5146
7751,3.5148
7752,3.5149
7753,3.5149
7754,3.5151
7755,3.5151
7756,3.5152
7757,3.5152
7758,3.5154
7759,3.5154
7760,3.5156
7761,3.5156
7762,3.5157
7763,3.5159
7764,3.5159
7765,3.516
7766,3.516
7767,3.5162
7768,3.5162
7769,3.5164
7770,3.5164
7771,3.5165
7772,3.5165
7773,3.5167
7774,3.5167
7775,3.5168
7776,3.5168
7777,3.5168
7778,3.517
7779,3.517
7780,3.5172
7781,3.5172
7782,3.5173
7783,3.5173
7784,3.5175
7785,3.5175
7786,3.5176
7787,3.5176
7788,3.5178
7789,3.5178
7790,3.5178
7791,3.5179
7792,3.5179
7793,3.5181
7794,3.5181
7795,3.5183
7796,3.5183
7797,3.5183
7798,3.5184
7799,3.5184
7800,3.5184
7801,3.5186
7802,3.5186
7803,3.5267
7804,3.5688
7805,3.5723
7806,3.5746
7807,3.5762
7808,3.5774
7809,3.5784
7810,3.5793
7811,3.5801
7812,3.5809
7813,3.5816
7814,3.5822
7815,3.5828
7816,3.5835
7817,3.5839
7818,3.5846
7819,3.5851
7820,3.5855
7821,3.586
7822,3.5865
7823,3.5868
7824,3.5873
7825,3.5878
7826,3.5881
7827,3.5885
7828,3.5889
7829,3.5893
7830,3.5897
7831,3.59
7832,3.5905
7833,3.5908
7834,3.5911
7835,3.5914
7836,3.5917
7837,3.5922
7838,3.5924
7839,3.5928
7840,3.5932
7841,3.5935
7842,3.5938
7843,3.5941
7844,3.5943
7845,3.5946
7846,3.5949
7847,3.5952
7848,3.5955
7849,3.5959
7850,3.596
7851,3.5963
7852,3.5967
7853,3.597
7854,3.5973
7855,3.5974
7856,3.5976
7857,3.5979
7858,3.5982
7859,3.5984
7860,3.5987
7861,3.599
7862,3.5992
7863,3.5995
7864,3.5998
7865,3.6
7866,3.6001
7867,3.6005
7868,3.6008
7869,3.6009
7870,3.6011
7871,3.6014
7872,3.6016
7873,3.6019
7874,3.6021
7875,3.6024
7876,3.6025
7877,3.6027
7878,3.603
7879,3.6032
7880,3.6033
7881,3.6036
7882,3.6038
7883,3.604
7884,3.6043
7885,3.6044
7886,3.6046
7887,3.6049
7888,3.6051
7889,3.6052
7890,3.6054
7891,3.6057
7892,3.6059
7893,3.606
7894,3.6062
7895,3.6065
7896,3.6067
7897,3.6068
7898,3.607
7899,3.6071
7900,3.6073
7901,3.6076
7902,3.6078
7903,3.6079
7904,3.6081
7905,3.6083
7906,3.6084
7907,3.6086
7908,3.6089
7909,3.609
7910,3.6092
7911,3.6094
7912,3.6095
7913,3.6097
7914,3.6098
7915,3.61
7916,3.6102
7917,3.6103
7918,3.6105
7919,3.6106
7920,3.6108
7921,3.611
7922,3.6113
7923,3.6113
7924,3.6116
7925,3.6117
7926,3.6119
7927,3.6121
7928,3.6122
7929,3.6124
7930,3.6125
7931,3.6127
7932,3.6129
7933,3.613
7934,3.6132
7935,3.6133
7936,3.6135
7937,3.6137
7938,3.6138
7939,3.614
7940,3.614
7941,3.6143
7942,3.6143
7943,3.6144
7944,3.6146
7945,3.6148
7946,3.6149
7947,3.6151
7948,3.6152
7949,3.6154
7950,3.6156
7951,3.6157
7952,3.6159
7953,3.616
7954,3.6162
7955,3.6164
7956,3.6164
7957,3.6165
7958,3.6167
7959,3.6168
7960,3.617
7961,3.6171
7962,3.6173
7963,3.6175
7964,3.6176
7965,3.6178
7966,3.6179
7967,3.6179
7968,3.6181
7969,3.6183
7970,3.6184
7971,3.6186
7972,3.6187
7973,3.6189
7974,3.6191
7975,3.6191
7976,3.6192
7977,3.6194
7978,3.6195
7979,3.6197
7980,3.6199
7981,3.62
7982,3.6202
7983,3.6202
7984,3.6203
7985,3.6205
7986,3.6206
7987,3.6208
7988,3.621
7989,3.6211
7990,3.6211
7991,3.6213
7992,3.6214
7993,3.6216
7994,3.6218
7995,3.6219
7996,3.6221
7997,3.6221
7998,3.6222
7999,3.6224
8000,3.6226
8001,3.6227
8002,3.6229
8003,3.6229
8004,3.623
8005,3.6232
8006,3.6233
8007,3.6235
8008,3.6237
8009,3.6238
8010,3.6238
8011,3.624
8012,3.6241
8013,3.6243
8014,3.6245
8015,3.6245
8016,3.6246
8017,3.6248
8018,3.6249
8019,3.6251
8020,3.6253
8021,3.6254
8022,3.6254
8023,3.6256
8024,3.6257
8025,3.6259
8026,3.626
8027,3.626
8028,3.6262
8029,3.6264
8030,3.6265
8031,3.6267
8032,3.6268
8033,3.6268
8034,3.627
8035,3.6272
8036,3.6273
8037,3.6275
8038,3.6275
8039,3.6276
8040,3.6278
8041,3.628
8042,3.6281
8043,3.6281
8044,3.6283
8045,3.6284
8046,3.6286
8047,3.6287
8048,3.6289
8049,3.6289
8050,3.6291
8051,3.6292
8052,3.6294
8053,3.6295
8054,3.6295
8055,3.6297
8056,3.6299
8057,3.63
8058,3.6302
8059,3.6303
8060,3.6303
8061,3.6305
8062,3.6307
8063,3.6308
8064,3.631
8065,3.631
8066,3.6311
8067,3.6313
8068,3.6315
8069,3.6316
8070,3.6316
8071,3.6318
8072,3.6319
8073,3.6321
8074,3.6322
8075,3.6322
8076,3.6324
8077,3.6326
8078,3.6327
8079,3.6329
8080,3.6329
8081,3.633
8082,3.6332
8083,3.6334
8084,3.6335
8085,3.6335
8086,3.6337
8087,3.6338
8088,3.634
8089,3.6342
8090,3.6342
8091,3.6343
8092,3.6345
8093,3.6346
8094,3.6346
8095,3.6348
8096,3.6349
8097,3.6351
8098,3.6353
8099,3.6353
8100,3.6354
8101,3.6356
8102,3.6357
8103,3.6359
8104,3.6359
8105,3.6361
8106,3.6362
8107,3.6364
8108,3.6365
8109,3.6365
8110,3.6367
8111,3.6369
8112,3.637
8113,3.637
8114,3.6372
8115,3.6373
8116,3.6375
8117,3.6376
8118,3.6376
8119,3.6378
8120,3.638
8121,3.6381
8122,3.6381
8123,3.6383
8124,3.6384
8125,3.6386
8126,3.6388
8127,3.6388
8128,3.6389
8129,3.6391
8130,3.6392
8131,3.6394
8132,3.6396
8133,3.6396
8134,3.6397
8135,3.6399
8136,3.64
8137,3.64
8138,3.6402
8139,3.6403
8140,3.6405
8141,3.6405
8142,3.6407
8143,3.6408
8144,3.641
8145,3.6411
8146,3.6411
8147,3.6413
8148,3.6415
8149,3.6416
8150,3.6416
8151,3.6418
8152,3.6419
8153,3.6421
8154,3.6423
8155,3.6423
8156,3.6424
8157,3.6426
8158,3.6427
8159,3.6429
8160,3.6429
8161,3.643
8162,3.6432
8163,3.6434
8164,3.6434
8165,3.6435
8166,3.6437
8167,3.6438
8168,3.6438
8169,3.644
8170,3.6442
8171,3.6443
8172,3.6443
8173,3.6445
8174,3.6446
8175,3.6448
8176,3.645
8177,3.645
8178,3.6451
8179,3.6453
8180,3.6454
8181,3.6454
8182,3.6456
8183,3.6458
8184,3.6459
8185,3.6459
8186,3.6461
8187,3.6462
8188,3.6464
8189,3.6465
8190,3.6465
8191,3.6467
8192,3.6469
8193,3.647
8194,3.647
8195,3.6472
8196,3.6473
8197,3.6475
8198,3.6475
8199,3.6477
8200,3.6478
8201,3.648
8202,3.648
8203,3.6481
8204,3.6483
8205,3.6485
8206,3.6486
8207,3.6486
8208,3.6488
8209,3.6489
8210,3.6491
8211,3.6491
8212,3.6492
8213,3.6494
8214,3.6496
8215,3.6496
8216,3.6497
8217,3.6499
8218,3.65
8219,3.65
8220,3.6502
8221,3.6504
8222,3.6505
8223,3.6505
8224,3.6507
8225,3.6508
8226,3.651
8227,3.651
8228,3.6512
8229,3.6513
8230,3.6515
8231,3.6515
8232,3.6516
8233,3.6518
8234,3.6519
8235,3.6519
8236,3.6521
8237,3.6523
8238,3.6524
8239,3.6524
8240,3.6526
8241,3.6527
8242,3.6529
8243,3.6529
8244,3.6531
8245,3.6532
8246,3.6534
8247,3.6534
8248,3.6535
8249,3.6537
8250,3.6539
8251,3.654
8252,3.654
8253,3.6542
8254,3.6543
8255,3.6543
8256,3.6545
8257,3.6546
8258,3.6548
8259,3.6548
8260,3.655
8261,3.6551
8262,3.6553
8263,3.6553
8264,3.6554
8265,3.6556
8266,3.6558
8267,3.6558
8268,3.6559
8269,3.6561
8270,3.6562
8271,3.6562
8272,3.6564
8273,3.6566
8274,3.6567
8275,3.6567
8276,3.6569
8277,3.657
8278,3.6572
8279,3.6572
8280,3.6573
8281,3.6575
8282,3.6575
8283,3.6577
8284,3.6578
8285,3.658
8286,3.658
8287,3.6581
8288,3.6583
8289,3.6585
8290,3.6585
8291,3.6586
8292,3.6588
8293,3.6589
8294,3.6589
8295,3.6591
8296,3.6593
8297,3.6594
8298,3.6594
8299,3.6596
8300,3.6597
8301,3.6597
8302,3.6599
8303,3.6601
8304,3.6602
8305,3.6602
8306,3.6604
8307,3.6605
8308,3.6607
8309,3.6607
8310,3.6608
8311,3.661
8312,3.6612
8313,3.6612
8314,3.6613
8315,3.6615
8316,3.6616
8317,3.6616
8318,3.6618
8319,3.662
8320,3.662
8321,3.6621
8322,3.6623
8323,3.6623
8324,3.6624
8325,3.6626
8326,3.6628
8327,3.6628
8328,3.6629
8329,3.6631
8330,3.6632
8331,3.6632
8332,3.6634
8333,3.6635
8334,3.6637
8335,3.6637
8336,3.6639
8337,3.664
8338,3.664
8339,3.6642
8340,3.6643
8341,3.6645
8342,3.6645
8343,3.6647
8344,3.6648
8345,3.6648
8346,3.665
8347,3.6651
8348,3.6653
8349,3.6653
8350,3.6655
8351,3.6656
8352,3.6656
8353,3.6658
8354,3.6659
8355,3.6661
8356,3.6661
8357,3.6662
8358,3.6664
8359,3.6664
8360,3.6666
8361,3.6667
8362,3.6669
8363,3.6669
8364,3.667
8365,3.6672
8366,3.6672
8367,3.6674
8368,3.6675
8369,3.6677
8370,3.6677
8371,3.6678
8372,3.668
8373,3.668
8374,3.6682
8375,3.6683
8376,3.6685
8377,3.6685
8378,3.6686
8379,3.6688
8380,3.6688
8381,3.6689
8382,3.6691
8383,3.6693
8384,3.6693
8385,3.6694
8386,3.6696
8387,3.6697
8388,3.6697
8389,3.6699
8390,3.6701
8391,3.6701
8392,3.6702
8393,3.6704
8394,3.6704
8395,3.6705
8396,3.6707
8397,3.6709
8398,3.6709
8399,3.671
8400,3.6712
8401,3.6712
8402,3.6713
8403,3.6715
8404,3.6715
8405,3.6716
8406,3.6718
8407,3.672
8408,3.672
8409,3.6721
8410,3.6723
8411,3.6723
8412,3.6724
8413,3.6726
8414,3.6728
8415,3.6728
8416,3.6729
8417,3.6731
8418,3.6731
8419,3.6732
8420,3.6734
8421,3.6736
8422,3.6736
8423,3.6737
8424,3.6739
8425,3.6739
8426,3.674
8427,3.6742
8428,3.6742
8429,3.6744
8430,3.6745
8431,3.6747
8432,3.6747
8433,3.6748
8434,3.675
8435,3.675
8436,3.6751
8437,3.6753
8438,3.6755
8439,3.6755
8440,3.6756
8441,3.6758
8442,3.6758
8443,3.6759
8444,3.6761
8445,3.6763
8446,3.6763
8447,3.6764
8448,3.6766
8449,3.6766
8450,3.6767
8451,3.6769
8452,3.6771
8453,3.6771
8454,3.6772
8455,3.6774
8456,3.6775
8457,3.6775
8458,3.6777
8459,3.6778
8460,3.6778
8461,3.678
8462,3.6782
8463,3.6783
8464,3.6783
8465,3.6785
8466,3.6786
8467,3.6788
8468,3.6788
8469,3.679
8470,3.6791
8471,3.6791
8472,3.6793
8473,3.6794
8474,3.6794
8475,3.6796
8476,3.6798
8477,3.6799
8478,3.6799
8479,3.6801
8480,3.6802
8481,3.6804
8482,3.6804
8483,3.6805
8484,3.6807
8485,3.6807
8486,3.6809
8487,3.681
8488,3.6812
8489,3.6812
8490,3.6813
8491,3.6815
8492,3.6817
8493,3.6817
8494,3.6818
8495,3.682
8496,3.682
8497,3.6821
8498,3.6823
8499,3.6825
8500,3.6826
8501,3.6826
8502,3.6828
8503,3.6829
8504,3.6829
8505,3.6831
8506,3.6832
8507,3.6834
8508,3.6834
8509,3.6836
8510,3.6837
8511,3.6839
8512,3.684
8513,3.684
8514,3.6842
8515,3.6844
8516,3.6844
8517,3.6845
8518,3.6847
8519,3.6848
8520,3.6848
8521,3.685
8522,3.6852
8523,3.6853
8524,3.6853
8525,3.6855
8526,3.6856
8527,3.6858
8528,3.6859
8529,3.6859
8530,3.6861
8531,3.6863
8532,3.6864
8533,3.6864
8534,3.6866
8535,3.6867
8536,3.6869
8537,3.6869
8538,3.6871
8539,3.6872
8540,3.6874
8541,3.6874
8542,3.6875
8543,3.6877
8544,3.6879
8545,3.688
8546,3.688
8547,3.6882
8548,3.6883
8549,3.6885
8550,3.6885
8551,3.6887
8552,3.6888
8553,3.689
8554,3.6891
8555,3.6891
8556,3.6893
8557,3.6894
8558,3.6896
8559,3.6898
8560,3.6898
8561,3.6899
8562,3.6901
8563,3.6902
8564,3.6902
8565,3.6904
8566,3.6906
8567,3.6907
8568,3.6909
8569,3.6909
8570,3.691
8571,3.6912
8572,3.6914
8573,3.6915
8574,3.6917
8575,3.6917
8576,3.6918
8577,3.692
8578,3.6921
8579,3.6921
8580,3.6923
8581,3.6925
8582,3.6926
8583,3.6928
8584,3.6928
8585,3.6929
8586,3.6931
8587,3.6933
8588,3.6934
8589,3.6936
8590,3.6936
8591,3.6937
8592,3.6939
8593,3.6941
8594,3.6942
8595,3.6944
8596,3.6944
8597,3.6945
8598,3.6947
8599,3.6948
8600,3.695
8601,3.695
8602,3.6952
8603,3.6953
8604,3.6955
8605,3.6956
8606,3.6958
8607,3.6958
8608,3.696
8609,3.6961
8610,3.6963
8611,3.6964
8612,3.6966
8613,3.6966
8614,3.6968
8615,3.6969
8616,3.6971
8617,3.6972
8618,3.6974
8619,3.6975
8620,3.6975
8621,3.6977
8622,3.6979
8623,3.698
8624,3.6982
8625,3.6983
8626,3.6985
8627,3.6985
8628,3.6987
8629,3.6988
8630,3.699
8631,3.6991
8632,3.6993
8633,3.6995
8634,3.6995
8635,3.6996
8636,3.6998
8637,3.6999
8638,3.7001
8639,3.7002
8640,3.7004
8641,3.7006
8642,3.7006
8643,3.7007
8644,3.7009
8645,3.701
8646,3.7012
8647,3.7014
8648,3.7015
8649,3.7017
8650,3.7018
8651,3.7018
8652,3.702
8653,3.7022
8654,3.7023
8655,3.7025
8656,3.7026
8657,3.7028
8658,3.703
8659,3.7031
8660,3.7031
8661,3.7033
8662,3.7034
8663,3.7036
8664,3.7037
8665,3.7039
8666,3.7041
8667,3.7042
8668,3.7044
8669,3.7045
8670,3.7045
8671,3.7047
8672,3.7049
8673,3.705
8674,3.7052
8675,3.7053
8676,3.7055
8677,3.7057
8678,3.7058
8679,3.706
8680,3.7061
8681,3.7063
8682,3.7064
8683,3.7066
8684,3.7066
8685,3.7068
8686,3.7069
8687,3.7071
8688,3.7072
8689,3.7074
8690,3.7076
8691,3.7077
8692,3.7079
8693,3.708
8694,3.7082
8695,3.7084
8696,3.7085
8697,3.7085
8698,3.7087
8699,3.7088
8700,3.709
8701,3.7091
8702,3.7093
8703,3.7095
8704,3.7096
8705,3.7098
8706,3.7099
8707,3.7101
8708,3.7103
8709,3.7104
8710,3.7104
8711,3.7106
8712,3.7104
8713,3.7104
8714,3.7104
8715,3.7104
8716,3.7104
8717,3.7104
8718,3.7104
8719,3.7104
8720,3.7104
8721,3.7104
8722,3.7104
8723,3.7104
8724,3.7104
8725,3.7104
8726,3.7104
8727,3.7104
8728,3.7104
8729,3.7104
8730,3.7104
8731,3.7104
8732,3.7104
8733,3.7104
8734,3.7104
8735,3.7104
8736,3.7104
8737,3.7104
8738,3.7104
8739,3.7104
8740,3.7104
8741,3.7104
8742,3.7104
8743,3.7104
8744,3.7104
8745,3.7104
8746,3.7104
8747,3.7104
8748,3.7083
8749,3.7075
8750,3.7072
8751,3.707
8752,3.7069
8753,3.7067
8754,3.7066
8755,3.7066
8756,3.7064
8757,3.7062
8758,3.7062
8759,3.7062
8760,3.7061
8761,3.7061
8762,3.7061
8763,3.7059
8764,3.7059
8765,3.7059
8766,3.7058
8767,3.7058
8768,3.7058
8769,3.7058
8770,3.7058
8771,3.7056
8772,3.7056
8773,3.7056
8774,3.7056
8775,3.7056
8776,3.7054
8777,3.7054
8778,3.7054
8779,3.7054
8780,3.7054
8781,3.7054
8782,3.7054
8783,3.7053
8784,3.7053
8785,3.7053
8786,3.7053
8787,3.7053
8788,3.7053
8789,3.7053
8790,3.7053
8791,3.7053
8792,3.7051
8793,3.7051
8794,3.7051
8795,3.7051
8796,3.7051
8797,3.7051
8798,3.7051
8799,3.7051
8800,3.7051
8801,3.7051
8802,3.705
8803,3.7051
8804,3.705
8805,3.705
8806,3.705
8807,3.705
8808,3.705
8809,3.705
8810,3.705
8811,3.705
8812,3.705
8813,3.705
8814,3.705
8815,3.705
8816,3.705
8817,3.705
8818,3.7048
8819,3.7048
8820,3.7048
8821,3.7048
8822,3.7048
8823,3.7048
8824,3.7048
8825,3.7048
8826,3.7048
8827,3.7048
8828,3.7048
8829,3.7048
8830,3.7048
8831,3.7048
8832,3.7048
8833,3.7048
8834,3.7048
8835,3.7048
8836,3.7048
8837,3.7048
8838,3.7048
8839,3.7047
8840,3.7048
8841,3.7048
8842,3.7047
8843,3.7047
8844,3.7047
8845,3.7048
8846,3.7047
8847,3.7047
8848,3.7047
8849,3.7047
8850,3.7047
8851,3.7047
8852,3.7047
8853,3.7047
8854,3.7047
8855,3.7047
8856,3.7047
8857,3.7047
8858,3.7047
8859,3.7047
8860,3.7047
8861,3.7047
8862,3.7047
8863,3.7047
8864,3.7047
8865,3.7047
8866,3.7047
8867,3.7047
8868,3.7047
8869,3.7047
8870,3.7047
8871,3.7047
8872,3.7047
8873,3.7047
8874,3.7045
8875,3.7047
8876,3.7047
8877,3.7047
8878,3.7047
8879,3.7047
8880,3.7047
8881,3.7047
8882,3.7045
8883,3.7047
8884,3.7047
8885,3.7045
8886,3.7047
8887,3.7045
8888,3.7045
8889,3.7045
8890,3.7045
8891,3.7045
8892,3.7047
8893,3.7047
8894,3.7045
8895,3.7047
8896,3.7045
8897,3.7047
8898,3.7045
8899,3.7047
8900,3.7045
8901,3.7045
8902,3.7047
8903,3.7045
8904,3.7045
8905,3.7045
8906,3.7045
8907,3.7045
8908,3.7045
8909,3.7045
8910,3.7045
8911,3.7045
8912,3.7045
8913,3.7045
8914,3.7045
8915,3.7045
8916,3.7045
8917,3.7045
8918,3.7045
8919,3.7045
8920,3.7045
8921,3.7045
8922,3.7045
8923,3.7045
8924,3.7045
8925,3.7045
8926,3.7045
8927,3.7045
8928,3.7045
