,voltage
0,3.4209
1,3.4207
2,3.4207
3,3.4207
4,3.4207
5,3.4207
6,3.4207
7,3.4207
8,3.4207
9,3.4207
10,3.4207
11,3.4207
12,3.4207
13,3.4207
14,3.4207
15,3.4207
16,3.4207
17,3.4207
18,3.4207
19,3.4207
20,3.4207
21,3.4207
22,3.4207
23,3.4207
24,3.4207
25,3.4207
26,3.4207
27,3.4207
28,3.4207
29,3.4207
30,3.4207
31,3.4207
32,3.4207
33,3.4207
34,3.4207
35,3.4207
36,3.4207
37,3.4207
38,3.4207
39,3.4207
40,3.4207
41,3.4207
42,3.4207
43,3.4207
44,3.4207
45,3.4207
46,3.4207
47,3.4207
48,3.4207
49,3.4207
50,3.4207
51,3.4207
52,3.4207
53,3.4207
54,3.4207
55,3.4207
56,3.4207
57,3.4207
58,3.4207
59,3.4207
60,3.4207
61,3.4838
62,3.5875
63,3.6383
64,3.6382
65,3.6371
66,3.6361
67,3.6353
68,3.6347
69,3.634
70,3.6336
71,3.6331
72,3.6328
73,3.6325
74,3.6323
75,3.632
76,3.6318
77,3.6317
78,3.6315
79,3.6315
80,3.6313
81,3.6313
82,3.6313
83,3.6313
84,3.6313
85,3.6313
86,3.6313
87,3.6313
88,3.6313
89,3.6315
90,3.6315
91,3.6317
92,3.6317
93,3.6318
94,3.6318
95,3.632
96,3.632
97,3.6321
98,3.6323
99,3.6325
100,3.6325
101,3.6326
102,3.6328
103,3.6329
104,3.6331
105,3.6332
106,3.6334
107,3.6334
108,3.6336
109,3.6337
110,3.6339
111,3.634
112,3.6342
113,3.6344
114,3.6345
115,3.6347
116,3.6348
117,3.635
118,3.6352
119,3.6353
120,3.6355
121,3.6356
122,3.6358
123,3.636
124,3.6361
125,3.6363
126,3.6364
127,3.6366
128,3.6367
129,3.6369
130,3.6371
131,3.6372
132,3.6374
133,3.6375
134,3.6377
135,3.6379
136,3.638
137,3.6382
138,3.6383
139,3.6385
140,3.6387
141,3.6388
142,3.639
143,3.6391
144,3.6393
145,3.6394
146,3.6396
147,3.6396
148,3.6398
149,3.6399
150,3.6401
151,3.6402
152,3.6404
153,3.6406
154,3.6407
155,3.6409
156,3.641
157,3.641
158,3.6412
159,3.6414
160,3.6415
161,3.6417
162,3.6418
163,3.6418
164,3.642
165,3.6421
166,3.6423
167,3.6425
168,3.6425
169,3.6426
170,3.6428
171,3.6429
172,3.6431
173,3.6433
174,3.6433
175,3.6434
176,3.6436
177,3.6437
178,3.6437
179,3.6439
180,3.6441
181,3.6442
182,3.6442
183,3.6444
184,3.6445
185,3.6447
186,3.6447
187,3.6448
188,3.645
189,3.645
190,3.6452
191,3.6453
192,3.6453
193,3.6455
194,3.6456
195,3.6456
196,3.6458
197,3.646
198,3.646
199,3.6461
200,3.6463
201,3.6463
202,3.6464
203,3.6466
204,3.6466
205,3.6468
206,3.6469
207,3.6469
208,3.6471
209,3.6472
210,3.6472
211,3.6474
212,3.6474
213,3.6475
214,3.6477
215,3.6477
216,3.6479
217,3.6479
218,3.648
219,3.6482
220,3.6482
221,3.6483
222,3.6483
223,3.6485
224,3.6487
225,3.6487
226,3.6488
227,3.6488
228,3.649
229,3.649
230,3.6491
231,3.6491
232,3.6493
233,3.6495
234,3.6495
235,3.6496
236,3.6496
237,3.6498
238,3.6498
239,3.6499
240,3.6499
241,3.6501
242,3.6501
243,3.6502
244,3.6504
245,3.6504
246,3.6506
247,3.6506
248,3.6507
249,3.6507
250,3.6509
251,3.6509
252,3.651
253,3.651
254,3.6512
255,3.6512
256,3.6514
257,3.6514
258,3.6515
259,3.6515
260,3.6517
261,3.6517
262,3.6518
263,3.6518
264,3.652
265,3.652
266,3.6522
267,3.6522
268,3.6523
269,3.6523
270,3.6525
271,3.6525
272,3.6525
273,3.6526
274,3.6526
275,3.6528
276,3.6528
277,3.6529
278,3.6529
279,3.6531
280,3.6531
281,3.6533
282,3.6533
283,3.6534
284,3.6534
285,3.6536
286,3.6536
287,3.6537
288,3.6537
289,3.6537
290,3.6539
291,3.6539
292,3.6541
293,3.6541
294,3.6542
295,3.6542
296,3.6544
297,3.6544
298,3.6544
299,3.6545
300,3.6545
301,3.6547
302,3.6547
303,3.6547
304,3.6549
305,3.6549
306,3.655
307,3.655
308,3.6552
309,3.6552
310,3.6553
311,3.6553
312,3.6555
313,3.6555
314,3.6555
315,3.6557
316,3.6557
317,3.6558
318,3.6558
319,3.6558
320,3.656
321,3.656
322,3.6561
323,3.6561
324,3.6563
325,3.6563
326,3.6563
327,3.6564
328,3.6564
329,3.6566
330,3.6566
331,3.6566
332,3.6568
333,3.6568
334,3.6569
335,3.6569
336,3.6569
337,3.6571
338,3.6571
339,3.6572
340,3.6572
341,3.6574
342,3.6574
343,3.6574
344,3.6576
345,3.6576
346,3.6577
347,3.6577
348,3.6579
349,3.6579
350,3.6579
351,3.658
352,3.658
353,3.6582
354,3.6582
355,3.6582
356,3.6584
357,3.6584
358,3.6585
359,3.6585
360,3.6585
361,3.6587
362,3.6587
363,3.6588
364,3.6588
365,3.6588
366,3.659
367,3.659
368,3.659
369,3.6591
370,3.6591
371,3.6593
372,3.6593
373,3.6595
374,3.6595
375,3.6595
376,3.6596
377,3.6596
378,3.6596
379,3.6598
380,3.6598
381,3.6599
382,3.6599
383,3.6599
384,3.6601
385,3.6601
386,3.6603
387,3.6603
388,3.6603
389,3.6604
390,3.6604
391,3.6604
392,3.6606
393,3.6606
394,3.6607
395,3.6607
396,3.6609
397,3.6609
398,3.6609
399,3.6611
400,3.6611
401,3.6611
402,3.6612
403,3.6612
404,3.6614
405,3.6614
406,3.6614
407,3.6615
408,3.6615
409,3.6617
410,3.6617
411,3.6617
412,3.6618
413,3.6618
414,3.662
415,3.662
416,3.662
417,3.6622
418,3.6622
419,3.6622
420,3.6623
421,3.6623
422,3.6625
423,3.6625
424,3.6625
425,3.6626
426,3.6626
427,3.6628
428,3.6628
429,3.6628
430,3.663
431,3.663
432,3.6631
433,3.6631
434,3.6631
435,3.6633
436,3.6633
437,3.6633
438,3.6634
439,3.6634
440,3.6636
441,3.6636
442,3.6636
443,3.6638
444,3.6638
445,3.6638
446,3.6639
447,3.6639
448,3.6641
449,3.6641
450,3.6641
451,3.6642
452,3.6642
453,3.6642
454,3.6644
455,3.6644
456,3.6645
457,3.6645
458,3.6645
459,3.6647
460,3.6647
461,3.6649
462,3.6649
463,3.6649
464,3.665
465,3.665
466,3.665
467,3.6652
468,3.6652
469,3.6653
470,3.6653
471,3.6653
472,3.6655
473,3.6655
474,3.6657
475,3.6657
476,3.6657
477,3.6658
478,3.6658
479,3.6658
480,3.666
481,3.666
482,3.6661
483,3.6661
484,3.6661
485,3.6663
486,3.6663
487,3.6663
488,3.6665
489,3.6665
490,3.6666
491,3.6666
492,3.6666
493,3.6668
494,3.6668
495,3.6669
496,3.6669
497,3.6669
498,3.6671
499,3.6671
500,3.6672
501,3.6672
502,3.6672
503,3.6674
504,3.6674
505,3.6674
506,3.6676
507,3.6676
508,3.6677
509,3.6677
510,3.6677
511,3.6679
512,3.6679
513,3.6679
514,3.668
515,3.668
516,3.6682
517,3.6682
518,3.6682
519,3.6684
520,3.6684
521,3.6684
522,3.6685
523,3.6685
524,3.6687
525,3.6687
526,3.6687
527,3.6688
528,3.6688
529,3.669
530,3.669
531,3.669
532,3.6692
533,3.6692
534,3.6693
535,3.6693
536,3.6693
537,3.6695
538,3.6695
539,3.6695
540,3.6696
541,3.6696
542,3.6698
543,3.6698
544,3.6698
545,3.6699
546,3.6699
547,3.6699
548,3.6701
549,3.6701
550,3.6703
551,3.6703
552,3.6703
553,3.6704
554,3.6704
555,3.6704
556,3.6706
557,3.6706
558,3.6707
559,3.6707
560,3.6707
561,3.6709
562,3.6709
563,3.6709
564,3.6711
565,3.6711
566,3.6712
567,3.6712
568,3.6712
569,3.6714
570,3.6714
571,3.6715
572,3.6715
573,3.6715
574,3.6717
575,3.6717
576,3.6719
577,3.6719
578,3.6719
579,3.672
580,3.672
581,3.672
582,3.6722
583,3.6722
584,3.6723
585,3.6723
586,3.6723
587,3.6725
588,3.6725
589,3.6725
590,3.6726
591,3.6726
592,3.6728
593,3.6728
594,3.6728
595,3.673
596,3.673
597,3.6731
598,3.6731
599,3.6731
600,3.6733
601,3.6733
602,3.6734
603,3.6734
604,3.6734
605,3.6736
606,3.6736
607,3.6738
608,3.6738
609,3.6738
610,3.6739
611,3.6739
612,3.6739
613,3.6741
614,3.6741
615,3.6742
616,3.6742
617,3.6742
618,3.6744
619,3.6744
620,3.6746
621,3.6746
622,3.6746
623,3.6747
624,3.6747
625,3.6749
626,3.6749
627,3.6749
628,3.675
629,3.675
630,3.6752
631,3.6752
632,3.6752
633,3.6754
634,3.6754
635,3.6755
636,3.6755
637,3.6755
638,3.6757
639,3.6757
640,3.6757
641,3.6758
642,3.6758
643,3.676
644,3.676
645,3.676
646,3.6761
647,3.6761
648,3.6763
649,3.6763
650,3.6765
651,3.6765
652,3.6765
653,3.6766
654,3.6766
655,3.6766
656,3.6768
657,3.6768
658,3.6769
659,3.6769
660,3.6769
661,3.6771
662,3.6771
663,3.6773
664,3.6773
665,3.6774
666,3.6774
667,3.6774
668,3.6776
669,3.6776
670,3.6777
671,3.6777
672,3.6777
673,3.6779
674,3.6779
675,3.6781
676,3.6781
677,3.6781
678,3.6782
679,3.6782
680,3.6782
681,3.6784
682,3.6784
683,3.6785
684,3.6785
685,3.6787
686,3.6787
687,3.6787
688,3.6788
689,3.6788
690,3.679
691,3.679
692,3.679
693,3.6792
694,3.6792
695,3.6793
696,3.6793
697,3.6795
698,3.6795
699,3.6795
700,3.6796
701,3.6796
702,3.6796
703,3.6798
704,3.6798
705,3.68
706,3.68
707,3.6801
708,3.6801
709,3.6801
710,3.6803
711,3.6803
712,3.6804
713,3.6804
714,3.6806
715,3.6806
716,3.6806
717,3.6808
718,3.6808
719,3.6809
720,3.6809
721,3.6809
722,3.6811
723,3.6811
724,3.6812
725,3.6812
726,3.6812
727,3.6814
728,3.6814
729,3.6815
730,3.6815
731,3.6817
732,3.6817
733,3.6817
734,3.6819
735,3.6819
736,3.682
737,3.682
738,3.682
739,3.6822
740,3.6822
741,3.6823
742,3.6823
743,3.6825
744,3.6825
745,3.6825
746,3.6827
747,3.6827
748,3.6828
749,3.6828
750,3.683
751,3.683
752,3.683
753,3.6831
754,3.6831
755,3.6833
756,3.6833
757,3.6835
758,3.6835
759,3.6835
760,3.6836
761,3.6836
762,3.6838
763,3.6838
764,3.6838
765,3.6839
766,3.6839
767,3.6841
768,3.6841
769,3.6842
770,3.6842
771,3.6842
772,3.6844
773,3.6844
774,3.6846
775,3.6846
776,3.6847
777,3.6847
778,3.6847
779,3.6849
780,3.6849
781,3.685
782,3.685
783,3.6852
784,3.6852
785,3.6852
786,3.6854
787,3.6854
788,3.6855
789,3.6855
790,3.6857
791,3.6857
792,3.6857
793,3.6858
794,3.6858
795,3.686
796,3.686
797,3.6862
798,3.6862
799,3.6863
800,3.6863
801,3.6863
802,3.6865
803,3.6865
804,3.6866
805,3.6866
806,3.6868
807,3.6868
808,3.6868
809,3.6869
810,3.6869
811,3.6871
812,3.6871
813,3.6873
814,3.6873
815,3.6873
816,3.6874
817,3.6874
818,3.6876
819,3.6876
820,3.6877
821,3.6877
822,3.6879
823,3.6879
824,3.6879
825,3.6881
826,3.6881
827,3.6882
828,3.6882
829,3.6884
830,3.6884
831,3.6884
832,3.6885
833,3.6885
834,3.6887
835,3.6887
836,3.6887
837,3.6889
838,3.689
839,3.689
840,3.689
841,3.6892
842,3.6892
843,3.6893
844,3.6893
845,3.6895
846,3.6895
847,3.6896
848,3.6896
849,3.6896
850,3.6898
851,3.6898
852,3.69
853,3.69
854,3.6901
855,3.6901
856,3.6903
857,3.6903
858,3.6903
859,3.6904
860,3.6904
861,3.6906
862,3.6906
863,3.6908
864,3.6908
865,3.6909
866,3.6909
867,3.6909
868,3.6911
869,3.6911
870,3.6912
871,3.6912
872,3.6914
873,3.6914
874,3.6916
875,3.6916
876,3.6916
877,3.6917
878,3.6917
879,3.6919
880,3.6919
881,3.692
882,3.692
883,3.6922
884,3.6922
885,3.6923
886,3.6923
887,3.6925
888,3.6925
889,3.6925
890,3.6927
891,3.6927
892,3.6928
893,3.6928
894,3.693
895,3.693
896,3.6931
897,3.6931
898,3.6931
899,3.6933
900,3.6933
901,3.6935
902,3.6935
903,3.6936
904,3.6936
905,3.6938
906,3.6938
907,3.6939
908,3.6939
909,3.6939
910,3.6941
911,3.6941
912,3.6943
913,3.6943
914,3.6944
915,3.6944
916,3.6946
917,3.6946
918,3.6947
919,3.6947
920,3.6949
921,3.6949
922,3.6949
923,3.695
924,3.695
925,3.6952
926,3.6952
927,3.6954
928,3.6954
929,3.6955
930,3.6955
931,3.6957
932,3.6957
933,3.6958
934,3.6958
935,3.696
936,3.696
937,3.696
938,3.6962
939,3.6962
940,3.6963
941,3.6963
942,3.6965
943,3.6965
944,3.6966
945,3.6966
946,3.6968
947,3.6968
948,3.697
949,3.697
950,3.697
951,3.6971
952,3.6971
953,3.6973
954,3.6973
955,3.6974
956,3.6974
957,3.6976
958,3.6976
959,3.6976
960,3.6978
961,3.6979
962,3.6979
963,3.6979
964,3.6981
965,3.6981
966,3.6982
967,3.6982
968,3.6984
969,3.6984
970,3.6985
971,3.6985
972,3.6987
973,3.6987
974,3.6989
975,3.6989
976,3.699
977,3.699
978,3.6992
979,3.6992
980,3.6992
981,3.6993
982,3.6993
983,3.6995
984,3.6995
985,3.6997
986,3.6997
987,3.6998
988,3.6998
989,3.7
990,3.7
991,3.7001
992,3.7001
993,3.7001
994,3.7003
995,3.7003
996,3.7005
997,3.7005
998,3.7006
999,3.7006
1000,3.7008
1001,3.7008
1002,3.7009
1003,3.7009
1004,3.7011
1005,3.7011
1006,3.7012
1007,3.7012
1008,3.7014
1009,3.7014
1010,3.7016
1011,3.7016
1012,3.7017
1013,3.7017
1014,3.7017
1015,3.7019
1016,3.7019
1017,3.702
1018,3.702
1019,3.7022
1020,3.7022
1021,3.7024
1022,3.7024
1023,3.7025
1024,3.7025
1025,3.7027
1026,3.7027
1027,3.7028
1028,3.7028
1029,3.703
1030,3.703
1031,3.703
1032,3.7032
1033,3.7032
1034,3.7033
1035,3.7033
1036,3.7035
1037,3.7035
1038,3.7036
1039,3.7036
1040,3.7038
1041,3.7038
1042,3.7039
1043,3.7039
1044,3.7041
1045,3.7041
1046,3.7043
1047,3.7043
1048,3.7044
1049,3.7044
1050,3.7046
1051,3.7046
1052,3.7047
1053,3.7047
1054,3.7049
1055,3.7049
1056,3.7049
1057,3.7051
1058,3.7051
1059,3.7052
1060,3.7052
1061,3.7054
1062,3.7054
1063,3.7055
1064,3.7055
1065,3.7057
1066,3.7057
1067,3.7059
1068,3.7059
1069,3.706
1070,3.706
1071,3.7062
1072,3.7062
1073,3.7063
1074,3.7063
1075,3.7063
1076,3.7065
1077,3.7066
1078,3.7066
1079,3.7068
1080,3.7068
1081,3.7068
1082,3.707
1083,3.707
1084,3.7071
1085,3.7071
1086,3.7073
1087,3.7073
1088,3.7074
1089,3.7074
1090,3.7076
1091,3.7076
1092,3.7078
1093,3.7078
1094,3.7079
1095,3.7079
1096,3.7081
1097,3.7081
1098,3.7082
1099,3.7082
1100,3.7084
1101,3.7084
1102,3.7086
1103,3.7086
1104,3.7087
1105,3.7087
1106,3.7089
1107,3.7089
1108,3.7089
1109,3.709
1110,3.7092
1111,3.7092
1112,3.7092
1113,3.7093
1114,3.7093
1115,3.7095
1116,3.7095
1117,3.7097
1118,3.7097
1119,3.7098
1120,3.7098
1121,3.71
1122,3.71
1123,3.7101
1124,3.7101
1125,3.7103
1126,3.7103
1127,3.7105
1128,3.7105
1129,3.7106
1130,3.7106
1131,3.7108
1132,3.7108
1133,3.7109
1134,3.7109
1135,3.7109
1136,3.7111
1137,3.7111
1138,3.7113
1139,3.7114
1140,3.7114
1141,3.7114
1142,3.7116
1143,3.7116
1144,3.7117
1145,3.7117
1146,3.7119
1147,3.7119
1148,3.712
1149,3.712
1150,3.7122
1151,3.7124
1152,3.7124
1153,3.7124
1154,3.7125
1155,3.7125
1156,3.7127
1157,3.7127
1158,3.7128
1159,3.7128
1160,3.713
1161,3.713
1162,3.7132
1163,3.7132
1164,3.7133
1165,3.7133
1166,3.7135
1167,3.7135
1168,3.7136
1169,3.7136
1170,3.7138
1171,3.7138
1172,3.714
1173,3.714
1174,3.7141
1175,3.7141
1176,3.7143
1177,3.7143
1178,3.7144
1179,3.7144
1180,3.7146
1181,3.7146
1182,3.7148
1183,3.7148
1184,3.7149
1185,3.7149
1186,3.7151
1187,3.7151
1188,3.7152
1189,3.7152
1190,3.7154
1191,3.7154
1192,3.7155
1193,3.7155
1194,3.7157
1195,3.7157
1196,3.7159
1197,3.7159
1198,3.716
1199,3.716
1200,3.7162
1201,3.7162
1202,3.7163
1203,3.7163
1204,3.7165
1205,3.7165
1206,3.7167
1207,3.7167
1208,3.7168
1209,3.7168
1210,3.717
1211,3.717
1212,3.7171
1213,3.7171
1214,3.7173
1215,3.7173
1216,3.7175
1217,3.7175
1218,3.7176
1219,3.7176
1220,3.7178
1221,3.7178
1222,3.7179
1223,3.7179
1224,3.7181
1225,3.7181
1226,3.7182
1227,3.7182
1228,3.7184
1229,3.7186
1230,3.7186
1231,3.7187
1232,3.7187
1233,3.7187
1234,3.7189
1235,3.719
1236,3.719
1237,3.7192
1238,3.7192
1239,3.7192
1240,3.7194
1241,3.7195
1242,3.7195
1243,3.7197
1244,3.7197
1245,3.7198
1246,3.7198
1247,3.72
1248,3.72
1249,3.7202
1250,3.7202
1251,3.7203
1252,3.7203
1253,3.7205
1254,3.7205
1255,3.7206
1256,3.7206
1257,3.7208
1258,3.7208
1259,3.7209
1260,3.7211
1261,3.7211
1262,3.7213
1263,3.7213
1264,3.7214
1265,3.7214
1266,3.7216
1267,3.7216
1268,3.7217
1269,3.7217
1270,3.7219
1271,3.7219
1272,3.7221
1273,3.7222
1274,3.7222
1275,3.7222
1276,3.7224
1277,3.7225
1278,3.7225
1279,3.7227
1280,3.7227
1281,3.7229
1282,3.7229
1283,3.723
1284,3.723
1285,3.7232
1286,3.7232
1287,3.7233
1288,3.7235
1289,3.7235
1290,3.7236
1291,3.7236
1292,3.7238
1293,3.7238
1294,3.724
1295,3.724
1296,3.7241
1297,3.7241
1298,3.7243
1299,3.7243
1300,3.7244
1301,3.7246
1302,3.7246
1303,3.7248
1304,3.7248
1305,3.7249
1306,3.7249
1307,3.7251
1308,3.7251
1309,3.7252
1310,3.7254
1311,3.7254
1312,3.7256
1313,3.7256
1314,3.7257
1315,3.7257
1316,3.7259
1317,3.7259
1318,3.726
1319,3.7262
1320,3.7262
1321,3.7263
1322,3.7263
1323,3.7265
1324,3.7265
1325,3.7267
1326,3.7267
1327,3.7268
1328,3.727
1329,3.727
1330,3.7271
1331,3.7271
1332,3.7273
1333,3.7275
1334,3.7275
1335,3.7276
1336,3.7276
1337,3.7278
1338,3.7278
1339,3.7279
1340,3.7279
1341,3.7281
1342,3.7283
1343,3.7283
1344,3.7284
1345,3.7284
1346,3.7286
1347,3.7287
1348,3.7287
1349,3.7289
1350,3.7289
1351,3.729
1352,3.729
1353,3.7292
1354,3.7294
1355,3.7294
1356,3.7295
1357,3.7295
1358,3.7297
1359,3.7297
1360,3.7298
1361,3.73
1362,3.73
1363,3.7302
1364,3.7302
1365,3.7303
1366,3.7305
1367,3.7305
1368,3.7306
1369,3.7306
1370,3.7308
1371,3.731
1372,3.731
1373,3.7311
1374,3.7311
1375,3.7313
1376,3.7314
1377,3.7314
1378,3.7316
1379,3.7316
1380,3.7317
1381,3.7319
1382,3.7319
1383,3.7321
1384,3.7321
1385,3.7322
1386,3.7324
1387,3.7324
1388,3.7325
1389,3.7325
1390,3.7327
1391,3.7329
1392,3.7329
1393,3.733
1394,3.733
1395,3.7332
1396,3.7333
1397,3.7333
1398,3.7335
1399,3.7337
1400,3.7337
1401,3.7338
1402,3.7338
1403,3.734
1404,3.7341
1405,3.7341
1406,3.7343
1407,3.7345
1408,3.7345
1409,3.7346
1410,3.7346
1411,3.7348
1412,3.7349
1413,3.7349
1414,3.7351
1415,3.7352
1416,3.7352
1417,3.7354
1418,3.7356
1419,3.7356
1420,3.7357
1421,3.7357
1422,3.7359
1423,3.736
1424,3.736
1425,3.7362
1426,3.7364
1427,3.7364
1428,3.7365
1429,3.7367
1430,3.7367
1431,3.7368
1432,3.737
1433,3.737
1434,3.7372
1435,3.7372
1436,3.7373
1437,3.7375
1438,3.7375
1439,3.7376
1440,3.7378
1441,3.7378
1442,3.7379
1443,3.7381
1444,3.7381
1445,3.7383
1446,3.7384
1447,3.7384
1448,3.7386
1449,3.7386
1450,3.7387
1451,3.7389
1452,3.7391
1453,3.7391
1454,3.7392
1455,3.7394
1456,3.7394
1457,3.7395
1458,3.7397
1459,3.7397
1460,3.7399
1461,3.74
1462,3.74
1463,3.7402
1464,3.7403
1465,3.7403
1466,3.7405
1467,3.7406
1468,3.7406
1469,3.7408
1470,3.741
1471,3.7411
1472,3.7411
1473,3.7413
1474,3.7414
1475,3.7414
1476,3.7416
1477,3.7418
1478,3.7418
1479,3.7419
1480,3.7421
1481,3.7421
1482,3.7422
1483,3.7424
1484,3.7424
1485,3.7426
1486,3.7427
1487,3.7429
1488,3.7429
1489,3.743
1490,3.7432
1491,3.7432
1492,3.7433
1493,3.7435
1494,3.7437
1495,3.7437
1496,3.7438
1497,3.744
1498,3.744
1499,3.7441
1500,3.7443
1501,3.7443
1502,3.7445
1503,3.7446
1504,3.7448
1505,3.7448
1506,3.7449
1507,3.7451
1508,3.7453
1509,3.7453
1510,3.7454
1511,3.7456
1512,3.7456
1513,3.7457
1514,3.7459
1515,3.746
1516,3.746
1517,3.7462
1518,3.7464
1519,3.7465
1520,3.7465
1521,3.7467
1522,3.7468
1523,3.7468
1524,3.747
1525,3.7472
1526,3.7473
1527,3.7475
1528,3.7475
1529,3.7476
1530,3.7478
1531,3.7478
1532,3.748
1533,3.7481
1534,3.7483
1535,3.7483
1536,3.7484
1537,3.7486
1538,3.7487
1539,3.7489
1540,3.7489
1541,3.7491
1542,3.7492
1543,3.7494
1544,3.7494
1545,3.7495
1546,3.7497
1547,3.7499
1548,3.7499
1549,3.75
1550,3.7502
1551,3.7503
1552,3.7503
1553,3.7505
1554,3.7507
1555,3.7508
1556,3.751
1557,3.751
1558,3.7511
1559,3.7513
1560,3.7514
1561,3.7514
1562,3.7516
1563,3.7518
1564,3.7519
1565,3.7521
1566,3.7521
1567,3.7522
1568,3.7524
1569,3.7526
1570,3.7526
1571,3.7527
1572,3.7529
1573,3.753
1574,3.7532
1575,3.7532
1576,3.7534
1577,3.7535
1578,3.7537
1579,3.7538
1580,3.7538
1581,3.754
1582,3.7541
1583,3.7543
1584,3.7545
1585,3.7545
1586,3.7546
1587,3.7548
1588,3.7549
1589,3.7551
1590,3.7551
1591,3.7553
1592,3.7554
1593,3.7556
1594,3.7557
1595,3.7557
1596,3.7559
1597,3.7561
1598,3.7562
1599,3.7564
1600,3.7565
1601,3.7565
1602,3.7567
1603,3.7569
1604,3.757
1605,3.7572
1606,3.7572
1607,3.7573
1608,3.7575
1609,3.7576
1610,3.7578
1611,3.758
1612,3.758
1613,3.7581
1614,3.7583
1615,3.7584
1616,3.7586
1617,3.7588
1618,3.7588
1619,3.7589
1620,3.7591
1621,3.7592
1622,3.7594
1623,3.7596
1624,3.7597
1625,3.7597
1626,3.7599
1627,3.76
1628,3.7602
1629,3.7603
1630,3.7603
1631,3.7605
1632,3.7607
1633,3.7608
1634,3.761
1635,3.7611
1636,3.7613
1637,3.7615
1638,3.7615
1639,3.7616
1640,3.7618
1641,3.7619
1642,3.7621
1643,3.7623
1644,3.7624
1645,3.7624
1646,3.7626
1647,3.7627
1648,3.7629
1649,3.763
1650,3.7632
1651,3.7634
1652,3.7634
1653,3.7635
1654,3.7637
1655,3.7638
1656,3.764
1657,3.7642
1658,3.7643
1659,3.7643
1660,3.7645
1661,3.7646
1662,3.7648
1663,3.765
1664,3.7651
1665,3.7653
1666,3.7654
1667,3.7656
1668,3.7657
1669,3.7657
1670,3.7659
1671,3.7661
1672,3.7662
1673,3.7664
1674,3.7665
1675,3.7667
1676,3.7669
1677,3.7669
1678,3.767
1679,3.7672
1680,3.7673
1681,3.7675
1682,3.7677
1683,3.7678
1684,3.768
1685,3.768
1686,3.7681
1687,3.7683
1688,3.7684
1689,3.7686
1690,3.7688
1691,3.7689
1692,3.7691
1693,3.7692
1694,3.7694
1695,3.7696
1696,3.7696
1697,3.7697
1698,3.7699
1699,3.77
1700,3.7702
1701,3.7704
1702,3.7705
1703,3.7707
1704,3.7708
1705,3.771
1706,3.7711
1707,3.7711
1708,3.7713
1709,3.7715
1710,3.7716
1711,3.7718
1712,3.7719
1713,3.7721
1714,3.7723
1715,3.7724
1716,3.7726
1717,3.7727
1718,3.7729
1719,3.7731
1720,3.7731
1721,3.7732
1722,3.7734
1723,3.7735
1724,3.7737
1725,3.7738
1726,3.774
1727,3.7742
1728,3.7743
1729,3.7745
1730,3.7746
1731,3.7748
1732,3.775
1733,3.7751
1734,3.7753
1735,3.7753
1736,3.7754
1737,3.7756
1738,3.7758
1739,3.7759
1740,3.7761
1741,3.7762
1742,3.7764
1743,3.7765
1744,3.7767
1745,3.7769
1746,3.777
1747,3.7772
1748,3.7773
1749,3.7775
1750,3.7777
1751,3.7778
1752,3.7778
1753,3.778
1754,3.7781
1755,3.7783
1756,3.7785
1757,3.7786
1758,3.7788
1759,3.7789
1760,3.7791
1761,3.7793
1762,3.7794
1763,3.7796
1764,3.7797
1765,3.7799
1766,3.78
1767,3.7802
1768,3.7804
1769,3.7805
1770,3.7807
1771,3.7808
1772,3.781
1773,3.7812
1774,3.7813
1775,3.7815
1776,3.7815
1777,3.7816
1778,3.7818
1779,3.782
1780,3.7821
1781,3.7823
1782,3.7824
1783,3.7826
1784,3.7827
1785,3.7829
1786,3.7831
1787,3.7832
1788,3.7834
1789,3.7835
1790,3.7837
1791,3.7839
1792,3.784
1793,3.7842
1794,3.7843
1795,3.7845
1796,3.7847
1797,3.7848
1798,3.785
1799,3.7851
1800,3.7853
1801,3.7854
1802,3.7856
1803,3.7858
1804,3.7859
1805,3.7861
1806,3.7862
1807,3.7864
1808,3.7866
1809,3.7867
1810,3.7869
1811,3.787
1812,3.7872
1813,3.7874
1814,3.7875
1815,3.7877
1816,3.7878
1817,3.788
1818,3.7881
1819,3.7883
1820,3.7885
1821,3.7886
1822,3.7888
1823,3.7889
1824,3.7891
1825,3.7893
1826,3.7894
1827,3.7896
1828,3.7897
1829,3.7899
1830,3.7901
1831,3.7902
1832,3.7904
1833,3.7905
1834,3.7907
1835,3.7908
1836,3.791
1837,3.7912
1838,3.7913
1839,3.7915
1840,3.7916
1841,3.7918
1842,3.792
1843,3.7921
1844,3.7923
1845,3.7924
1846,3.7926
1847,3.7928
1848,3.7929
1849,3.7931
1850,3.7932
1851,3.7935
1852,3.7937
1853,3.7937
1854,3.794
1855,3.7942
1856,3.7943
1857,3.7945
1858,3.7947
1859,3.7948
1860,3.795
1861,3.7951
1862,3.7953
1863,3.7955
1864,3.7956
1865,3.7958
1866,3.7959
1867,3.7961
1868,3.7963
1869,3.7964
1870,3.7966
1871,3.7967
1872,3.7969
1873,3.797
1874,3.7974
1875,3.7975
1876,3.7977
1877,3.7978
1878,3.798
1879,3.7982
1880,3.7983
1881,3.7985
1882,3.7986
1883,3.7988
1884,3.799
1885,3.7991
1886,3.7993
1887,3.7994
1888,3.7996
1889,3.7999
1890,3.8001
1891,3.8002
1892,3.8004
1893,3.8005
1894,3.8007
1895,3.8009
1896,3.801
1897,3.8012
1898,3.8013
1899,3.8015
1900,3.8017
1901,3.8018
1902,3.802
1903,3.8023
1904,3.8024
1905,3.8026
1906,3.8028
1907,3.8029
1908,3.8031
1909,3.8032
1910,3.8034
1911,3.8036
1912,3.8039
1913,3.8039
1914,3.8042
1915,3.8044
1916,3.8045
1917,3.8047
1918,3.8048
1919,3.805
1920,3.8051
1921,3.8053
1922,3.8055
1923,3.8058
1924,3.8059
1925,3.8061
1926,3.8063
1927,3.8064
1928,3.8066
1929,3.8067
1930,3.8069
1931,3.8071
1932,3.8074
1933,3.8075
1934,3.8077
1935,3.8078
1936,3.808
1937,3.8082
1938,3.8083
1939,3.8086
1940,3.8088
1941,3.809
1942,3.8091
1943,3.8093
1944,3.8094
1945,3.8096
1946,3.8098
1947,3.8101
1948,3.8102
1949,3.8104
1950,3.8105
1951,3.8107
1952,3.8109
1953,3.811
1954,3.8113
1955,3.8115
1956,3.8117
1957,3.8118
1958,3.812
1959,3.8121
1960,3.8125
1961,3.8126
1962,3.8128
1963,3.8129
1964,3.8131
1965,3.8132
1966,3.8136
1967,3.8137
1968,3.8139
1969,3.814
1970,3.8142
1971,3.8144
1972,3.8147
1973,3.8148
1974,3.815
1975,3.8152
1976,3.8153
1977,3.8156
1978,3.8158
1979,3.8159
1980,3.8161
1981,3.8163
1982,3.8164
1983,3.8167
1984,3.8169
1985,3.8171
1986,3.8172
1987,3.8174
1988,3.8177
1989,3.8179
1990,3.818
1991,3.8182
1992,3.8183
1993,3.8187
1994,3.8188
1995,3.819
1996,3.8191
1997,3.8194
1998,3.8196
1999,3.8198
2000,3.8199
2001,3.8202
2002,3.8204
2003,3.8206
2004,3.8207
2005,3.8209
2006,3.8212
2007,3.8214
2008,3.8215
2009,3.8217
2010,3.822
2011,3.8221
2012,3.8223
2013,3.8225
2014,3.8228
2015,3.8229
2016,3.8231
2017,3.8233
2018,3.8236
2019,3.8237
2020,3.8239
2021,3.8241
2022,3.8244
2023,3.8245
2024,3.8247
2025,3.8248
2026,3.8252
2027,3.8253
2028,3.8255
2029,3.8258
2030,3.826
2031,3.8261
2032,3.8263
2033,3.8266
2034,3.8268
2035,3.8269
2036,3.8271
2037,3.8274
2038,3.8275
2039,3.8277
2040,3.828
2041,3.8282
2042,3.8283
2043,3.8287
2044,3.8288
2045,3.829
2046,3.8291
2047,3.8295
2048,3.8296
2049,3.8298
2050,3.8301
2051,3.8302
2052,3.8304
2053,3.8306
2054,3.8309
2055,3.831
2056,3.8312
2057,3.8315
2058,3.8317
2059,3.8318
2060,3.8322
2061,3.8323
2062,3.8325
2063,3.8328
2064,3.8329
2065,3.8333
2066,3.8334
2067,3.8336
2068,3.8339
2069,3.8341
2070,3.8342
2071,3.8345
2072,3.8347
2073,3.8349
2074,3.8352
2075,3.8353
2076,3.8355
2077,3.8358
2078,3.836
2079,3.8361
2080,3.8364
2081,3.8366
2082,3.8368
2083,3.8371
2084,3.8372
2085,3.8376
2086,3.8377
2087,3.8379
2088,3.8382
2089,3.8384
2090,3.8387
2091,3.8388
2092,3.839
2093,3.8393
2094,3.8395
2095,3.8398
2096,3.8399
2097,3.8401
2098,3.8404
2099,3.8406
2100,3.8407
2101,3.8411
2102,3.8412
2103,3.8415
2104,3.8417
2105,3.8418
2106,3.8422
2107,3.8423
2108,3.8426
2109,3.8428
2110,3.8431
2111,3.8433
2112,3.8434
2113,3.8438
2114,3.8439
2115,3.8442
2116,3.8444
2117,3.8445
2118,3.8449
2119,3.845
2120,3.8453
2121,3.8455
2122,3.8458
2123,3.846
2124,3.8463
2125,3.8465
2126,3.8466
2127,3.8469
2128,3.8471
2129,3.8474
2130,3.8476
2131,3.8479
2132,3.848
2133,3.8482
2134,3.8485
2135,3.8487
2136,3.849
2137,3.8492
2138,3.8495
2139,3.8496
2140,3.8499
2141,3.8501
2142,3.8504
2143,3.8506
2144,3.8507
2145,3.8511
2146,3.8514
2147,3.8515
2148,3.8517
2149,3.852
2150,3.8522
2151,3.8525
2152,3.8526
2153,3.853
2154,3.8531
2155,3.8534
2156,3.8536
2157,3.8539
2158,3.8541
2159,3.8544
2160,3.8546
2161,3.8549
2162,3.855
2163,3.8553
2164,3.8555
2165,3.8558
2166,3.856
2167,3.8563
2168,3.8565
2169,3.8568
2170,3.8569
2171,3.8573
2172,3.8574
2173,3.8576
2174,3.8579
2175,3.8582
2176,3.8584
2177,3.8587
2178,3.8588
2179,3.8592
2180,3.8593
2181,3.8596
2182,3.8598
2183,3.8601
2184,3.8603
2185,3.8606
2186,3.8608
2187,3.8611
2188,3.8612
2189,3.8615
2190,3.8617
2191,3.862
2192,3.8622
2193,3.8625
2194,3.8627
2195,3.863
2196,3.8631
2197,3.8635
2198,3.8636
2199,3.8639
2200,3.8641
2201,3.8644
2202,3.8646
2203,3.8649
2204,3.865
2205,3.8654
2206,3.8655
2207,3.8658
2208,3.866
2209,3.8663
2210,3.8665
2211,3.8668
2212,3.8671
2213,3.8673
2214,3.8676
2215,3.8677
2216,3.8681
2217,3.8682
2218,3.8685
2219,3.8687
2220,3.869
2221,3.8692
2222,3.8695
2223,3.8696
2224,3.87
2225,3.8701
2226,3.8704
2227,3.8706
2228,3.8709
2229,3.8711
2230,3.8714
2231,3.8716
2232,3.8719
2233,3.872
2234,3.8723
2235,3.8725
2236,3.8728
2237,3.873
2238,3.8733
2239,3.8735
2240,3.8738
2241,3.8739
2242,3.8743
2243,3.8744
2244,3.8747
2245,3.875
2246,3.8752
2247,3.8755
2248,3.8757
2249,3.876
2250,3.8762
2251,3.8765
2252,3.8766
2253,3.877
2254,3.8771
2255,3.8774
2256,3.8776
2257,3.8779
2258,3.8781
2259,3.8784
2260,3.8785
2261,3.8789
2262,3.879
2263,3.8793
2264,3.8795
2265,3.8798
2266,3.88
2267,3.8803
2268,3.8805
2269,3.8808
2270,3.8809
2271,3.8812
2272,3.8814
2273,3.8817
2274,3.8819
2275,3.8822
2276,3.8824
2277,3.8827
2278,3.8828
2279,3.8832
2280,3.8833
2281,3.8836
2282,3.8838
2283,3.8841
2284,3.8843
2285,3.8846
2286,3.8847
2287,3.8851
2288,3.8852
2289,3.8855
2290,3.8857
2291,3.886
2292,3.8862
2293,3.8865
2294,3.8866
2295,3.887
2296,3.8871
2297,3.8874
2298,3.8876
2299,3.8879
2300,3.8881
2301,3.8884
2302,3.8886
2303,3.8889
2304,3.889
2305,3.8892
2306,3.8895
2307,3.8897
2308,3.89
2309,3.8901
2310,3.8905
2311,3.8906
2312,3.8909
2313,3.8911
2314,3.8914
2315,3.8916
2316,3.8919
2317,3.892
2318,3.8924
2319,3.8925
2320,3.8928
2321,3.893
2322,3.8933
2323,3.8935
2324,3.8938
2325,3.894
2326,3.8941
2327,3.8944
2328,3.8946
2329,3.8949
2330,3.8951
2331,3.8954
2332,3.8955
2333,3.8959
2334,3.896
2335,3.8963
2336,3.8965
2337,3.8968
2338,3.897
2339,3.8971
2340,3.8975
2341,3.8976
2342,3.8979
2343,3.8981
2344,3.8984
2345,3.8986
2346,3.8989
2347,3.899
2348,3.8994
2349,3.8995
2350,3.8997
2351,3.9
2352,3.9002
2353,3.9005
2354,3.9006
2355,3.9009
2356,3.9011
2357,3.9014
2358,3.9016
2359,3.9019
2360,3.9021
2361,3.9024
2362,3.9025
2363,3.9027
2364,3.903
2365,3.9032
2366,3.9035
2367,3.9036
2368,3.904
2369,3.9041
2370,3.9044
2371,3.9046
2372,3.9049
2373,3.9051
2374,3.9052
2375,3.9056
2376,3.9057
2377,3.906
2378,3.9062
2379,3.9065
2380,3.9067
2381,3.907
2382,3.9071
2383,3.9073
2384,3.9076
2385,3.9078
2386,3.9081
2387,3.9083
2388,3.9086
2389,3.9087
2390,3.909
2391,3.9092
2392,3.9095
2393,3.9097
2394,3.9098
2395,3.9102
2396,3.9105
2397,3.9106
2398,3.9108
2399,3.9111
2400,3.9113
2401,3.9116
2402,3.9117
2403,3.9121
2404,3.9122
2405,3.9125
2406,3.9127
2407,3.913
2408,3.9132
2409,3.9135
2410,3.9137
2411,3.9138
2412,3.9141
2413,3.9143
2414,3.9146
2415,3.9148
2416,3.9151
2417,3.9152
2418,3.9156
2419,3.9157
2420,3.916
2421,3.9162
2422,3.9165
2423,3.9167
2424,3.917
2425,3.9171
2426,3.9175
2427,3.9176
2428,3.9179
2429,3.9181
2430,3.9184
2431,3.9186
2432,3.9187
2433,3.9191
2434,3.9192
2435,3.9195
2436,3.9197
2437,3.92
2438,3.9202
2439,3.9205
2440,3.9206
2441,3.921
2442,3.9211
2443,3.9214
2444,3.9216
2445,3.9219
2446,3.9221
2447,3.9224
2448,3.9226
2449,3.9229
2450,3.923
2451,3.9233
2452,3.9235
2453,3.9238
2454,3.924
2455,3.9243
2456,3.9246
2457,3.9248
2458,3.9251
2459,3.9253
2460,3.9256
2461,3.9257
2462,3.926
2463,3.9262
2464,3.9265
2465,3.9267
2466,3.927
2467,3.9272
2468,3.9275
2469,3.9276
2470,3.928
2471,3.9283
2472,3.9284
2473,3.9287
2474,3.9289
2475,3.9292
2476,3.9294
2477,3.9297
2478,3.9299
2479,3.9302
2480,3.9303
2481,3.9307
2482,3.9308
2483,3.9311
2484,3.9314
2485,3.9316
2486,3.9319
2487,3.9321
2488,3.9324
2489,3.9326
2490,3.9329
2491,3.933
2492,3.9334
2493,3.9337
2494,3.9338
2495,3.9341
2496,3.9343
2497,3.9346
2498,3.9349
2499,3.9351
2500,3.9354
2501,3.9356
2502,3.9359
2503,3.9361
2504,3.9364
2505,3.9367
2506,3.9368
2507,3.9372
2508,3.9373
2509,3.9376
2510,3.938
2511,3.9381
2512,3.9384
2513,3.9388
2514,3.9389
2515,3.9392
2516,3.9394
2517,3.9397
2518,3.94
2519,3.9402
2520,3.9405
2521,3.9407
2522,3.941
2523,3.9413
2524,3.9415
2525,3.9418
2526,3.9419
2527,3.9423
2528,3.9426
2529,3.9427
2530,3.943
2531,3.9434
2532,3.9435
2533,3.9438
2534,3.9442
2535,3.9443
2536,3.9446
2537,3.945
2538,3.9451
2539,3.9454
2540,3.9457
2541,3.9459
2542,3.9462
2543,3.9464
2544,3.9467
2545,3.947
2546,3.9472
2547,3.9475
2548,3.9478
2549,3.948
2550,3.9483
2551,3.9486
2552,3.9488
2553,3.9491
2554,3.9494
2555,3.9496
2556,3.9499
2557,3.9502
2558,3.9505
2559,3.9507
2560,3.951
2561,3.9511
2562,3.9515
2563,3.9518
2564,3.9521
2565,3.9523
2566,3.9526
2567,3.9529
2568,3.9531
2569,3.9534
2570,3.9537
2571,3.954
2572,3.9542
2573,3.9545
2574,3.9548
2575,3.955
2576,3.9553
2577,3.9556
2578,3.9558
2579,3.9561
2580,3.9564
2581,3.9567
2582,3.9569
2583,3.9572
2584,3.9575
2585,3.9577
2586,3.958
2587,3.9583
2588,3.9585
2589,3.9588
2590,3.9591
2591,3.9593
2592,3.9596
2593,3.9599
2594,3.9602
2595,3.9604
2596,3.9607
2597,3.961
2598,3.9612
2599,3.9615
2600,3.9618
2601,3.9621
2602,3.9623
2603,3.9626
2604,3.9629
2605,3.9632
2606,3.9634
2607,3.9637
2608,3.964
2609,3.9642
2610,3.9645
2611,3.9648
2612,3.965
2613,3.9653
2614,3.9656
2615,3.9659
2616,3.9661
2617,3.9664
2618,3.9667
2619,3.967
2620,3.9672
2621,3.9675
2622,3.9678
2623,3.968
2624,3.9683
2625,3.9686
2626,3.9688
2627,3.9691
2628,3.9694
2629,3.9697
2630,3.9699
2631,3.9702
2632,3.9705
2633,3.9708
2634,3.971
2635,3.9713
2636,3.9716
2637,3.9718
2638,3.9721
2639,3.9724
2640,3.9726
2641,3.9729
2642,3.9732
2643,3.9734
2644,3.9737
2645,3.974
2646,3.9742
2647,3.9745
2648,3.9748
2649,3.975
2650,3.9753
2651,3.9756
2652,3.9759
2653,3.9761
2654,3.9764
2655,3.9767
2656,3.9769
2657,3.9772
2658,3.9775
2659,3.9777
2660,3.978
2661,3.9783
2662,3.9785
2663,3.9788
2664,3.9791
2665,3.9793
2666,3.9796
2667,3.9797
2668,3.9801
2669,3.9804
2670,3.9805
2671,3.9809
2672,3.9812
2673,3.9813
2674,3.9817
2675,3.982
2676,3.9821
2677,3.9824
2678,3.9828
2679,3.9829
2680,3.9832
2681,3.9834
2682,3.9837
2683,3.9839
2684,3.9842
2685,3.9845
2686,3.9847
2687,3.985
2688,3.9853
2689,3.9855
2690,3.9858
2691,3.9859
2692,3.9863
2693,3.9864
2694,3.9867
2695,3.9871
2696,3.9872
2697,3.9875
2698,3.9877
2699,3.988
2700,3.9882
2701,3.9885
2702,3.9886
2703,3.989
2704,3.9893
2705,3.9894
2706,3.9898
2707,3.9899
2708,3.9902
2709,3.9904
2710,3.9907
2711,3.9909
2712,3.9912
2713,3.9913
2714,3.9917
2715,3.9918
2716,3.9921
2717,3.9923
2718,3.9926
2719,3.9928
2720,3.9931
2721,3.9932
2722,3.9936
2723,3.9937
2724,3.994
2725,3.9942
2726,3.9945
2727,3.9947
2728,3.9948
2729,3.9952
2730,3.9953
2731,3.9956
2732,3.9958
2733,3.9961
2734,3.9963
2735,3.9966
2736,3.9967
2737,3.9969
2738,3.9972
2739,3.9974
2740,3.9977
2741,3.9979
2742,3.998
2743,3.9983
2744,3.9985
2745,3.9988
2746,3.999
2747,3.9991
2748,3.9994
2749,3.9996
2750,3.9998
2751,4.0001
2752,4.0002
2753,4.0006
2754,4.0007
2755,4.0009
2756,4.0012
2757,4.0014
2758,4.0015
2759,4.0018
2760,4.002
2761,4.0021
2762,4.0025
2763,4.0026
2764,4.0028
2765,4.0031
2766,4.0033
2767,4.0034
2768,4.0036
2769,4.0039
2770,4.0041
2771,4.0042
2772,4.0045
2773,4.0047
2774,4.0048
2775,4.005
2776,4.0053
2777,4.0055
2778,4.0056
2779,4.0058
2780,4.0061
2781,4.0063
2782,4.0064
2783,4.0066
2784,4.0069
2785,4.0071
2786,4.0072
2787,4.0074
2788,4.0075
2789,4.0079
2790,4.008
2791,4.0082
2792,4.0083
2793,4.0087
2794,4.0088
2795,4.009
2796,4.0091
2797,4.0093
2798,4.0095
2799,4.0098
2800,4.0099
2801,4.0101
2802,4.0102
2803,4.0104
2804,4.0106
2805,4.0109
2806,4.011
2807,4.0112
2808,4.0114
2809,4.0115
2810,4.0117
2811,4.0118
2812,4.0122
2813,4.0123
2814,4.0125
2815,4.0126
2816,4.0128
2817,4.0129
2818,4.0131
2819,4.0133
2820,4.0136
2821,4.0137
2822,4.0139
2823,4.0141
2824,4.0142
2825,4.0144
2826,4.0145
2827,4.0147
2828,4.0149
2829,4.0152
2830,4.0153
2831,4.0155
2832,4.0156
2833,4.0158
2834,4.016
2835,4.0161
2836,4.0163
2837,4.0164
2838,4.0166
2839,4.0168
2840,4.0169
2841,4.0171
2842,4.0172
2843,4.0174
2844,4.0176
2845,4.0177
2846,4.0179
2847,4.0182
2848,4.0183
2849,4.0185
2850,4.0187
2851,4.0188
2852,4.019
2853,4.0191
2854,4.0193
2855,4.0195
2856,4.0196
2857,4.0198
2858,4.0199
2859,4.0201
2860,4.0203
2861,4.0204
2862,4.0206
2863,4.0207
2864,4.0209
2865,4.0211
2866,4.0212
2867,4.0214
2868,4.0215
2869,4.0217
2870,4.0218
2871,4.022
2872,4.0222
2873,4.0223
2874,4.0225
2875,4.0226
2876,4.0228
2877,4.023
2878,4.0231
2879,4.0233
2880,4.0234
2881,4.0236
2882,4.0238
2883,4.0239
2884,4.0241
2885,4.0242
2886,4.0244
2887,4.0245
2888,4.0247
2889,4.0249
2890,4.025
2891,4.0252
2892,4.0253
2893,4.0255
2894,4.0257
2895,4.0258
2896,4.026
2897,4.0261
2898,4.0263
2899,4.0265
2900,4.0266
2901,4.0268
2902,4.0269
2903,4.0271
2904,4.0272
2905,4.0274
2906,4.0276
2907,4.0277
2908,4.0279
2909,4.028
2910,4.0282
2911,4.0284
2912,4.0285
2913,4.0287
2914,4.0288
2915,4.029
2916,4.0292
2917,4.0293
2918,4.0295
2919,4.0296
2920,4.0298
2921,4.0299
2922,4.0301
2923,4.0303
2924,4.0304
2925,4.0306
2926,4.0309
2927,4.0311
2928,4.0312
2929,4.0314
2930,4.0315
2931,4.0317
2932,4.0319
2933,4.032
2934,4.0322
2935,4.0323
2936,4.0325
2937,4.0326
2938,4.0328
2939,4.033
2940,4.0331
2941,4.0333
2942,4.0334
2943,4.0336
2944,4.0338
2945,4.0339
2946,4.0341
2947,4.0342
2948,4.0346
2949,4.0347
2950,4.0349
2951,4.035
2952,4.0352
2953,4.0353
2954,4.0355
2955,4.0357
2956,4.0358
2957,4.036
2958,4.0361
2959,4.0363
2960,4.0366
2961,4.0368
2962,4.0369
2963,4.0371
2964,4.0373
2965,4.0374
2966,4.0376
2967,4.0379
2968,4.0379
2969,4.0382
2970,4.0384
2971,4.0385
2972,4.0387
2973,4.0388
2974,4.039
2975,4.0393
2976,4.0395
2977,4.0396
2978,4.0398
2979,4.04
2980,4.0401
2981,4.0404
2982,4.0406
2983,4.0408
2984,4.0409
2985,4.0411
2986,4.0414
2987,4.0415
2988,4.0417
2989,4.0419
2990,4.0422
2991,4.0423
2992,4.0425
2993,4.0427
2994,4.043
2995,4.0431
2996,4.0433
2997,4.0435
2998,4.0436
2999,4.0439
3000,4.0441
3001,4.0442
3002,4.0446
3003,4.0447
3004,4.0449
3005,4.0452
3006,4.0454
3007,4.0455
3008,4.0457
3009,4.046
3010,4.0462
3011,4.0463
3012,4.0466
3013,4.0468
3014,4.0469
3015,4.0473
3016,4.0474
3017,4.0477
3018,4.0479
3019,4.0481
3020,4.0484
3021,4.0485
3022,4.0487
3023,4.049
3024,4.0492
3025,4.0495
3026,4.0496
3027,4.0498
3028,4.0501
3029,4.0503
3030,4.0506
3031,4.0508
3032,4.0511
3033,4.0512
3034,4.0516
3035,4.0517
3036,4.052
3037,4.0522
3038,4.0525
3039,4.0527
3040,4.053
3041,4.0531
3042,4.0535
3043,4.0536
3044,4.0539
3045,4.0541
3046,4.0544
3047,4.0546
3048,4.0549
3049,4.0552
3050,4.0554
3051,4.0557
3052,4.0558
3053,4.0562
3054,4.0563
3055,4.0566
3056,4.057
3057,4.0571
3058,4.0574
3059,4.0576
3060,4.0579
3061,4.0582
3062,4.0584
3063,4.0587
3064,4.059
3065,4.0592
3066,4.0595
3067,4.0598
3068,4.06
3069,4.0603
3070,4.0606
3071,4.0608
3072,4.0611
3073,4.0614
3074,4.0616
3075,4.0619
3076,4.0622
3077,4.0625
3078,4.0627
3079,4.063
3080,4.0633
3081,4.0636
3082,4.0638
3083,4.0641
3084,4.0644
3085,4.0647
3086,4.0649
3087,4.0652
3088,4.0655
3089,4.0659
3090,4.066
3091,4.0663
3092,4.0666
3093,4.067
3094,4.0673
3095,4.0674
3096,4.0678
3097,4.0681
3098,4.0684
3099,4.0687
3100,4.069
3101,4.0692
3102,4.0695
3103,4.0698
3104,4.0701
3105,4.0705
3106,4.0708
3107,4.0709
3108,4.0713
3109,4.0716
3110,4.0719
3111,4.0722
3112,4.0725
3113,4.0728
3114,4.0732
3115,4.0733
3116,4.0736
3117,4.074
3118,4.0743
3119,4.0746
3120,4.0749
3121,4.0752
3122,4.0755
3123,4.0759
3124,4.076
3125,4.0765
3126,4.0767
3127,4.077
3128,4.0773
3129,4.0776
3130,4.0779
3131,4.0782
3132,4.0786
3133,4.0789
3134,4.0792
3135,4.0795
3136,4.0798
3137,4.08
3138,4.0803
3139,4.0806
3140,4.0809
3141,4.0813
3142,4.0816
3143,4.0819
3144,4.0822
3145,4.0825
3146,4.0829
3147,4.0832
3148,4.0835
3149,4.0838
3150,4.0841
3151,4.0844
3152,4.0848
3153,4.0851
3154,4.0854
3155,4.0857
3156,4.086
3157,4.0862
3158,4.0865
3159,4.0868
3160,4.0871
3161,4.0875
3162,4.0878
3163,4.0881
3164,4.0884
3165,4.0887
3166,4.089
3167,4.0894
3168,4.0897
3169,4.09
3170,4.0903
3171,4.0906
3172,4.091
3173,4.0913
3174,4.0916
3175,4.0919
3176,4.0922
3177,4.0925
3178,4.0927
3179,4.093
3180,4.0933
3181,4.0937
3182,4.094
3183,4.0943
3184,4.0946
3185,4.0949
3186,4.0952
3187,4.0956
3188,4.0959
3189,4.0962
3190,4.0965
3191,4.0968
3192,4.0971
3193,4.0973
3194,4.0976
3195,4.0979
3196,4.0983
3197,4.0986
3198,4.0989
3199,4.0992
3200,4.0995
3201,4.0998
3202,4.1002
3203,4.1005
3204,4.1006
3205,4.101
3206,4.1013
3207,4.1016
3208,4.1019
3209,4.1022
3210,4.1026
3211,4.1029
3212,4.1032
3213,4.1033
3214,4.1037
3215,4.104
3216,4.1043
3217,4.1046
3218,4.1049
3219,4.1053
3220,4.1056
3221,4.1057
3222,4.106
3223,4.1064
3224,4.1067
3225,4.107
3226,4.1073
3227,4.1075
3228,4.1078
3229,4.1081
3230,4.1084
3231,4.1087
3232,4.1089
3233,4.1092
3234,4.1095
3235,4.1099
3236,4.1102
3237,4.1103
3238,4.1107
3239,4.111
3240,4.1113
3241,4.1116
3242,4.1118
3243,4.1121
3244,4.1124
3245,4.1127
3246,4.1129
3247,4.1132
3248,4.1135
3249,4.1138
3250,4.114
3251,4.1143
3252,4.1146
3253,4.1148
3254,4.1151
3255,4.1154
3256,4.1157
3257,4.1161
3258,4.1162
3259,4.1165
3260,4.1168
3261,4.117
3262,4.1173
3263,4.1176
3264,4.1178
3265,4.1181
3266,4.1184
3267,4.1186
3268,4.1189
3269,4.1192
3270,4.1194
3271,4.1197
3272,4.12
3273,4.1202
3274,4.1205
3275,4.1207
3276,4.121
3277,4.1213
3278,4.1215
3279,4.1218
3280,4.1221
3281,4.1223
3282,4.1226
3283,4.1227
3284,4.123
3285,4.1234
3286,4.1235
3287,4.1238
3288,4.124
3289,4.1243
3290,4.1245
3291,4.1248
3292,4.125
3293,4.1253
3294,4.1256
3295,4.1257
3296,4.1261
3297,4.1262
3298,4.1265
3299,4.1267
3300,4.127
3301,4.1272
3302,4.1275
3303,4.1277
3304,4.128
3305,4.1281
3306,4.1284
3307,4.1286
3308,4.1289
3309,4.1291
3310,4.1292
3311,4.1296
3312,4.1297
3313,4.13
3314,4.1302
3315,4.1305
3316,4.1307
3317,4.1308
3318,4.1311
3319,4.1313
3320,4.1316
3321,4.1318
3322,4.1319
3323,4.1323
3324,4.1324
3325,4.1327
3326,4.1329
3327,4.1331
3328,4.1334
3329,4.1335
3330,4.1337
3331,4.134
3332,4.1342
3333,4.1345
3334,4.1346
3335,4.1348
3336,4.135
3337,4.1353
3338,4.1354
3339,4.1356
3340,4.1359
3341,4.1361
3342,4.1362
3343,4.1364
3344,4.1367
3345,4.1369
3346,4.137
3347,4.1373
3348,4.1375
3349,4.1377
3350,4.1378
3351,4.138
3352,4.1383
3353,4.1385
3354,4.1386
3355,4.1388
3356,4.1391
3357,4.1392
3358,4.1394
3359,4.1396
3360,4.1397
3361,4.14
3362,4.1402
3363,4.1404
3364,4.1405
3365,4.1407
3366,4.141
3367,4.1412
3368,4.1413
3369,4.1415
3370,4.1416
3371,4.1418
3372,4.142
3373,4.1421
3374,4.1423
3375,4.1426
3376,4.1427
3377,4.1429
3378,4.1431
3379,4.1432
3380,4.1434
3381,4.1435
3382,4.1437
3383,4.1439
3384,4.144
3385,4.1442
3386,4.1445
3387,4.1447
3388,4.1448
3389,4.145
3390,4.1451
3391,4.1453
3392,4.1454
3393,4.1456
3394,4.1458
3395,4.1459
3396,4.1461
3397,4.1462
3398,4.1464
3399,4.1466
3400,4.1467
3401,4.1469
3402,4.147
3403,4.1472
3404,4.1474
3405,4.1474
3406,4.1477
3407,4.1478
3408,4.1478
3409,4.148
3410,4.1481
3411,4.1483
3412,4.1485
3413,4.1486
3414,4.1488
3415,4.1489
3416,4.1491
3417,4.1493
3418,4.1494
3419,4.1496
3420,4.1496
3421,4.1497
3422,4.1499
3423,4.1501
3424,4.1502
3425,4.1504
3426,4.1505
3427,4.1505
3428,4.1507
3429,4.1508
3430,4.151
3431,4.1512
3432,4.1513
3433,4.1513
3434,4.1515
3435,4.1516
3436,4.1518
3437,4.152
3438,4.1521
3439,4.1521
3440,4.1523
3441,4.1524
3442,4.1526
3443,4.1526
3444,4.1528
3445,4.1529
3446,4.1531
3447,4.1532
3448,4.1532
3449,4.1534
3450,4.1535
3451,4.1537
3452,4.1537
3453,4.1539
3454,4.154
3455,4.1542
3456,4.1542
3457,4.1543
3458,4.1545
3459,4.1547
3460,4.1547
3461,4.1548
3462,4.155
3463,4.155
3464,4.1551
3465,4.1553
3466,4.1553
3467,4.1555
3468,4.1556
3469,4.1556
3470,4.1558
3471,4.1559
3472,4.1561
3473,4.1561
3474,4.1562
3475,4.1562
3476,4.1564
3477,4.1566
3478,4.1566
3479,4.1567
3480,4.1569
3481,4.1569
3482,4.157
3483,4.1572
3484,4.1572
3485,4.1574
3486,4.1574
3487,4.1575
3488,4.1577
3489,4.1577
3490,4.1578
3491,4.1578
3492,4.158
3493,4.1582
3494,4.1582
3495,4.1583
3496,4.1583
3497,4.1585
3498,4.1586
3499,4.1586
3500,4.1588
3501,4.1588
3502,4.1589
3503,4.1589
3504,4.1591
3505,4.1593
3506,4.1593
3507,4.1594
3508,4.1594
3509,4.1596
3510,4.1596
3511,4.1597
3512,4.1597
3513,4.1599
3514,4.1599
3515,4.1601
3516,4.1602
3517,4.1602
3518,4.1604
3519,4.1604
3520,4.1605
3521,4.1605
3522,4.1607
3523,4.1607
3524,4.1609
3525,4.1609
3526,4.161
3527,4.1612
3528,4.1612
3529,4.1612
3530,4.1613
3531,4.1613
3532,4.1615
3533,4.1617
3534,4.1617
3535,4.1617
3536,4.1618
3537,4.1618
3538,4.162
3539,4.1621
3540,4.1621
3541,4.1623
3542,4.1623
3543,4.1624
3544,4.1624
3545,4.1626
3546,4.1626
3547,4.1628
3548,4.1628
3549,4.1629
3550,4.1629
3551,4.1631
3552,4.1631
3553,4.1632
3554,4.1632
3555,4.1634
3556,4.1634
3557,4.1636
3558,4.1636
3559,4.1637
3560,4.1637
3561,4.1639
3562,4.1639
3563,4.164
3564,4.164
3565,4.1642
3566,4.1642
3567,4.1644
3568,4.1644
3569,4.1645
3570,4.1645
3571,4.1647
3572,4.1647
3573,4.1648
3574,4.1648
3575,4.165
3576,4.165
3577,4.1651
3578,4.1651
3579,4.1653
3580,4.1653
3581,4.1655
3582,4.1655
3583,4.1656
3584,4.1656
3585,4.1658
3586,4.1658
3587,4.1659
3588,4.1659
3589,4.1661
3590,4.1663
3591,4.1663
3592,4.1664
3593,4.1664
3594,4.1666
3595,4.1666
3596,4.1667
3597,4.1667
3598,4.1669
3599,4.1669
3600,4.1671
3601,4.1671
3602,4.1672
3603,4.1672
3604,4.1674
3605,4.1674
3606,4.1675
3607,4.1675
3608,4.1677
3609,4.1678
3610,4.1678
3611,4.168
3612,4.168
3613,4.1682
3614,4.1682
3615,4.1683
3616,4.1685
3617,4.1685
3618,4.1686
3619,4.1686
3620,4.1688
3621,4.1688
3622,4.169
3623,4.1691
3624,4.1691
3625,4.1693
3626,4.1693
3627,4.1694
3628,4.1696
3629,4.1696
3630,4.1698
3631,4.1698
3632,4.1699
3633,4.1701
3634,4.1701
3635,4.1702
3636,4.1704
3637,4.1704
3638,4.1705
3639,4.1705
3640,4.1707
3641,4.1709
3642,4.1709
3643,4.171
3644,4.1712
3645,4.1712
3646,4.1713
3647,4.1713
3648,4.1715
3649,4.1717
3650,4.1717
3651,4.1718
3652,4.172
3653,4.172
3654,4.1721
3655,4.1723
3656,4.1723
3657,4.1725
3658,4.1726
3659,4.1728
3660,4.1728
3661,4.1729
3662,4.1731
3663,4.1731
3664,4.1732
3665,4.1734
3666,4.1736
3667,4.1736
3668,4.1737
3669,4.1739
3670,4.174
3671,4.174
3672,4.1742
3673,4.1744
3674,4.1745
3675,4.1745
3676,4.1747
3677,4.1748
3678,4.175
3679,4.175
3680,4.1752
3681,4.1753
3682,4.1755
3683,4.1756
3684,4.1756
3685,4.1758
3686,4.1759
3687,4.1761
3688,4.1763
3689,4.1763
3690,4.1764
3691,4.1766
3692,4.1767
3693,4.1769
3694,4.1771
3695,4.1772
3696,4.1772
3697,4.1774
3698,4.1775
3699,4.1777
3700,4.1779
3701,4.178
3702,4.1782
3703,4.1783
3704,4.1785
3705,4.1786
3706,4.1788
3707,4.1788
3708,4.1791
3709,4.1791
3710,4.1793
3711,4.1794
3712,4.1796
3713,4.1798
3714,4.1799
3715,4.1801
3716,4.1802
3717,4.1804
3718,4.1806
3719,4.1807
3720,4.1809
3721,4.1812
3722,4.1813
3723,4.1815
3724,4.1817
3725,4.1818
3726,4.182
3727,4.1821
3728,4.1823
3729,4.1825
3730,4.1826
3731,4.1828
3732,4.1829
3733,4.1833
3734,4.1834
3735,4.1836
3736,4.1837
3737,4.1839
3738,4.1842
3739,4.1844
3740,4.1845
3741,4.1847
3742,4.1848
3743,4.1852
3744,4.1853
3745,4.1855
3746,4.1856
3747,4.186
3748,4.1861
3749,4.1863
3750,4.1866
3751,4.1868
3752,4.1869
3753,4.1872
3754,4.1874
3755,4.1875
3756,4.1879
3757,4.188
3758,4.1883
3759,4.1885
3760,4.1887
3761,4.189
3762,4.1891
3763,4.1895
3764,4.1896
3765,4.1899
3766,4.1901
3767,4.1904
3768,4.1906
3769,4.1909
3770,4.191
3771,4.1914
3772,4.1915
3773,4.1918
3774,4.1922
3775,4.1923
3776,4.1926
3777,4.1929
3778,4.1931
3779,4.1934
3780,4.1937
3781,4.1939
3782,4.1942
3783,4.1945
3784,4.1949
3785,4.195
3786,4.1953
3787,4.1956
3788,4.196
3789,4.1963
3790,4.1966
3791,4.1968
3792,4.1971
3793,4.1974
3794,4.1977
3795,4.198
3796,4.1983
3797,4.1987
3798,4.199
3799,4.1993
3800,4.1996
3801,4.1999
3802,4.2003
3803,4.2007
3804,4.2011
3805,4.2014
3806,4.2017
3807,4.202
3808,4.2023
3809,4.2028
3810,4.2031
3811,4.2034
3812,4.2038
3813,4.2042
3814,4.2045
3815,4.2049
3816,4.2053
3817,4.2057
3818,4.206
3819,4.2065
3820,4.2068
3821,4.2072
3822,4.2076
3823,4.208
3824,4.2085
3825,4.2088
3826,4.2093
3827,4.2096
3828,4.2101
3829,4.2106
3830,4.2111
3831,4.2114
3832,4.2119
3833,4.2123
3834,4.2128
3835,4.2133
3836,4.2136
3837,4.2141
3838,4.2146
3839,4.215
3840,4.2155
3841,4.216
3842,4.2165
3843,4.2171
3844,4.2176
3845,4.218
3846,4.2185
3847,4.219
3848,4.2195
3849,4.2201
3850,4.2206
3851,4.2211
3852,4.2217
3853,4.2222
3854,4.2227
3855,4.2233
3856,4.2238
3857,4.2244
3858,4.2249
3859,4.2255
3860,4.2262
3861,4.2266
3862,4.2273
3863,4.2279
3864,4.2284
3865,4.229
3866,4.2296
3867,4.2303
3868,4.2309
3869,4.2316
3870,4.2322
3871,4.2328
3872,4.2335
3873,4.2335
3874,4.2341
3875,4.2341
3876,4.2347
3877,4.2347
3878,4.2354
3879,4.2354
3880,4.236
3881,4.236
3882,4.2366
3883,4.2366
3884,4.2373
3885,4.2373
3886,4.2381
3887,4.2381
3888,4.2387
3889,4.2387
3890,4.2393
3891,4.2393
3892,4.2401
3893,4.2401
3894,4.2408
3895,4.2408
3896,4.2416
3897,4.2416
3898,4.2422
3899,4.2422
3900,4.2428
3901,4.2428
3902,4.2436
3903,4.2436
3904,4.2444
3905,4.2444
3906,4.2451
3907,4.2451
3908,4.2459
3909,4.2459
3910,4.2466
3911,4.2466
3912,4.2473
3913,4.2473
3914,4.2481
3915,4.2489
3916,4.2497
3917,4.2505
3918,4.2513
3919,4.252
3920,4.2528
3921,4.2536
3922,4.2544
3923,4.2552
3924,4.256
3925,4.2568
3926,4.2578
3927,4.2586
3928,4.2594
3929,4.2601
3930,4.2611
3931,4.2619
3932,4.2629
3933,4.2636
3934,4.2646
3935,4.2654
3936,4.2663
3937,4.2673
3938,4.2681
3939,4.269
3940,4.27
3941,4.271
3942,4.2719
3943,4.2727
3944,4.2737
3945,4.2746
3946,4.2756
3947,4.2765
3948,4.2775
3949,4.2786
3950,4.2795
3951,4.2805
3952,4.2814
3953,4.2824
3954,4.2835
3955,4.2845
3956,4.2854
3957,4.2865
3958,4.2875
3959,4.2886
3960,4.2895
3961,4.2907
3962,4.2916
3963,4.2927
3964,4.2938
3965,4.2948
3966,4.2959
3967,4.297
3968,4.298
3969,4.2991
3970,4.2989
3971,4.2989
3972,4.2989
3973,4.2989
3974,4.2989
3975,4.2989
3976,4.2989
3977,4.2969
3978,4.295
3979,4.2942
3980,4.2935
3981,4.293
3982,4.2927
3983,4.2924
3984,4.2921
3985,4.2918
3986,4.2915
3987,4.2913
3988,4.2911
3989,4.291
3990,4.2908
3991,4.2907
3992,4.2905
3993,4.2903
3994,4.2902
3995,4.29
3996,4.2899
3997,4.2897
3998,4.2897
3999,4.2895
4000,4.2894
4001,4.2894
4002,4.2892
4003,4.2892
4004,4.2891
4005,4.2889
4006,4.2889
4007,4.2888
4008,4.2888
4009,4.2886
4010,4.2886
4011,4.2884
4012,4.2884
4013,4.2883
4014,4.2883
4015,4.2881
4016,4.2881
4017,4.288
4018,4.288
4019,4.288
4020,4.2878
4021,4.2878
4022,4.2876
4023,4.2876
4024,4.2876
4025,4.2875
4026,4.2875
4027,4.2875
4028,4.2873
4029,4.2873
4030,4.2873
4031,4.2872
4032,4.2872
4033,4.287
4034,4.287
4035,4.287
4036,4.2868
4037,4.2868
4038,4.2868
4039,4.2868
4040,4.2867
4041,4.2867
4042,4.2867
4043,4.2865
4044,4.2865
4045,4.2865
4046,4.2864
4047,4.2864
4048,4.2864
4049,4.2864
4050,4.2862
4051,4.2862
4052,4.2862
4053,4.2861
4054,4.2861
4055,4.2861
4056,4.2861
4057,4.2859
4058,4.2859
4059,4.2859
4060,4.2859
4061,4.2857
4062,4.2857
4063,4.2857
4064,4.2857
4065,4.2856
4066,4.2856
4067,4.2856
4068,4.2856
4069,4.2854
4070,4.2854
4071,4.2854
4072,4.2854
4073,4.2853
4074,4.2853
4075,4.2853
4076,4.2853
4077,4.2853
4078,4.2851
4079,4.2851
4080,4.2851
4081,4.2851
4082,4.2849
4083,4.2849
4084,4.2849
4085,4.2849
4086,4.2849
4087,4.2848
4088,4.2848
4089,4.2848
4090,4.2848
4091,4.2848
4092,4.2846
4093,4.2846
4094,4.2846
4095,4.2846
4096,4.2845
4097,4.2845
4098,4.2845
4099,4.2845
4100,4.2845
4101,4.2845
4102,4.2843
4103,4.2843
4104,4.2843
4105,4.2843
4106,4.2843
4107,4.2841
4108,4.2841
4109,4.2841
4110,4.2841
4111,4.2841
4112,4.2841
4113,4.284
4114,4.284
4115,4.284
4116,4.284
4117,4.284
4118,4.2838
4119,4.2838
4120,4.2838
4121,4.2838
4122,4.2838
4123,4.2838
4124,4.2837
4125,4.2837
4126,4.2837
4127,4.2837
4128,4.2837
4129,4.2837
4130,4.2835
4131,4.2835
4132,4.2835
4133,4.2835
4134,4.2835
4135,4.2835
4136,4.2835
4137,4.2834
4138,4.2834
4139,4.2834
4140,4.2834
4141,4.2834
4142,4.2834
4143,4.2832
4144,4.2832
4145,4.2832
4146,4.2832
4147,4.2832
4148,4.2832
4149,4.283
4150,4.283
4151,4.283
4152,4.283
4153,4.283
4154,4.283
4155,4.283
4156,4.2829
4157,4.2829
4158,4.2776
4159,4.2733
4160,4.271
4161,4.269
4162,4.2673
4163,4.2659
4164,4.2643
4165,4.2628
4166,4.2616
4167,4.2601
4168,4.2589
4169,4.2576
4170,4.2563
4171,4.2552
4172,4.254
4173,4.2528
4174,4.2517
4175,4.2506
4176,4.2495
4177,4.2484
4178,4.2473
4179,4.2462
4180,4.2452
4181,4.2441
4182,4.2431
4183,4.242
4184,4.2411
4185,4.2401
4186,4.2392
4187,4.2382
4188,4.2373
4189,4.2363
4190,4.2354
4191,4.2344
4192,4.2335
4193,4.2325
4194,4.2315
4195,4.2307
4196,4.2298
4197,4.229
4198,4.228
4199,4.2273
4200,4.2263
4201,4.2255
4202,4.2247
4203,4.2239
4204,4.223
4205,4.2222
4206,4.2214
4207,4.2206
4208,4.2198
4209,4.219
4210,4.2182
4211,4.2176
4212,4.2168
4213,4.216
4214,4.2153
4215,4.2145
4216,4.2137
4217,4.2131
4218,4.2123
4219,4.2117
4220,4.2109
4221,4.2102
4222,4.2096
4223,4.2088
4224,4.2082
4225,4.2075
4226,4.2069
4227,4.2061
4228,4.2056
4229,4.205
4230,4.2044
4231,4.2037
4232,4.2031
4233,4.2025
4234,4.2018
4235,4.2012
4236,4.2006
4237,4.2001
4238,4.1994
4239,4.1988
4240,4.1983
4241,4.1977
4242,4.1972
4243,4.1966
4244,4.1961
4245,4.1955
4246,4.195
4247,4.1945
4248,4.1939
4249,4.1934
4250,4.1929
4251,4.1924
4252,4.1918
4253,4.1913
4254,4.1909
4255,4.1904
4256,4.1899
4257,4.1894
4258,4.189
4259,4.1885
4260,4.188
4261,4.1875
4262,4.1872
4263,4.1867
4264,4.1863
4265,4.1858
4266,4.1855
4267,4.185
4268,4.1845
4269,4.1842
4270,4.1837
4271,4.1832
4272,4.1829
4273,4.1824
4274,4.1821
4275,4.1816
4276,4.1813
4277,4.1808
4278,4.1805
4279,4.1802
4280,4.1799
4281,4.1794
4282,4.1791
4283,4.1788
4284,4.1783
4285,4.178
4286,4.1777
4287,4.1774
4288,4.177
4289,4.1767
4290,4.1762
4291,4.1759
4292,4.1756
4293,4.1753
4294,4.175
4295,4.1747
4296,4.1743
4297,4.174
4298,4.1737
4299,4.1734
4300,4.1732
4301,4.1729
4302,4.1726
4303,4.1723
4304,4.1719
4305,4.1716
4306,4.1715
4307,4.1712
4308,4.1708
4309,4.1705
4310,4.1704
4311,4.17
4312,4.1697
4313,4.1696
4314,4.1692
4315,4.1691
4316,4.1688
4317,4.1685
4318,4.1683
4319,4.168
4320,4.1678
4321,4.1675
4322,4.1673
4323,4.167
4324,4.1669
4325,4.1665
4326,4.1664
4327,4.1661
4328,4.1659
4329,4.1658
4330,4.1654
4331,4.1653
4332,4.165
4333,4.1648
4334,4.1646
4335,4.1643
4336,4.1642
4337,4.164
4338,4.1638
4339,4.1635
4340,4.1634
4341,4.1632
4342,4.1629
4343,4.1627
4344,4.1626
4345,4.1624
4346,4.1623
4347,4.1619
4348,4.1618
4349,4.1616
4350,4.1615
4351,4.1613
4352,4.1611
4353,4.161
4354,4.1608
4355,4.1605
4356,4.1603
4357,4.1602
4358,4.16
4359,4.1599
4360,4.1597
4361,4.1596
4362,4.1594
4363,4.1592
4364,4.1591
4365,4.1589
4366,4.1588
4367,4.1586
4368,4.1584
4369,4.1583
4370,4.1581
4371,4.158
4372,4.1578
4373,4.1576
4374,4.1575
4375,4.1573
4376,4.1572
4377,4.1572
4378,4.157
4379,4.1569
4380,4.1567
4381,4.1565
4382,4.1564
4383,4.1562
4384,4.1561
4385,4.1561
4386,4.1559
4387,4.1557
4388,4.1556
4389,4.1554
4390,4.1553
4391,4.1553
4392,4.1551
4393,4.1549
4394,4.1548
4395,4.1546
4396,4.1546
4397,4.1545
4398,4.1543
4399,4.1542
4400,4.1542
4401,4.154
4402,4.1538
4403,4.1537
4404,4.1537
4405,4.1535
4406,4.1534
4407,4.1532
4408,4.1532
4409,4.153
4410,4.1529
4411,4.1529
4412,4.1527
4413,4.1526
4414,4.1526
4415,4.1524
4416,4.1522
4417,4.1521
4418,4.1521
4419,4.1519
4420,4.1519
4421,4.1518
4422,4.1516
4423,4.1516
4424,4.1514
4425,4.1513
4426,4.1513
4427,4.1511
4428,4.151
4429,4.151
4430,4.1508
4431,4.1508
4432,4.1507
4433,4.1505
4434,4.1505
4435,4.1503
4436,4.1503
4437,4.1502
4438,4.1502
4439,4.15
4440,4.1499
4441,4.1499
4442,4.1497
4443,4.1497
4444,4.1495
4445,4.1495
4446,4.1494
4447,4.1494
4448,4.1492
4449,4.1491
4450,4.1491
4451,4.1489
4452,4.1489
4453,4.1487
4454,4.1487
4455,4.1486
4456,4.1486
4457,4.1484
4458,4.1484
4459,4.1483
4460,4.1483
4461,4.1481
4462,4.148
4463,4.148
4464,4.1478
4465,4.1478
4466,4.1476
4467,4.1476
4468,4.1475
4469,4.1475
4470,4.1473
4471,4.1473
4472,4.1472
4473,4.1472
4474,4.147
4475,4.147
4476,4.147
4477,4.1468
4478,4.1468
4479,4.1467
4480,4.1465
4481,4.1465
4482,4.1465
4483,4.1464
4484,4.1464
4485,4.1462
4486,4.1462
4487,4.146
4488,4.146
4489,4.1459
4490,4.1459
4491,4.1457
4492,4.1457
4493,4.1456
4494,4.1456
4495,4.1454
4496,4.1454
4497,4.1453
4498,4.1453
4499,4.1453
4500,4.1451
4501,4.1451
4502,4.1449
4503,4.1449
4504,4.1448
4505,4.1448
4506,4.1446
4507,4.1446
4508,4.1445
4509,4.1445
4510,4.1445
4511,4.1443
4512,4.1443
4513,4.1441
4514,4.1441
4515,4.144
4516,4.144
4517,4.1438
4518,4.1438
4519,4.1438
4520,4.1437
4521,4.1437
4522,4.1435
4523,4.1435
4524,4.1433
4525,4.1433
4526,4.1432
4527,4.1432
4528,4.1432
4529,4.143
4530,4.1429
4531,4.1429
4532,4.1429
4533,4.1427
4534,4.1427
4535,4.1426
4536,4.1426
4537,4.1424
4538,4.1424
4539,4.1424
4540,4.1422
4541,4.1422
4542,4.1421
4543,4.1421
4544,4.1419
4545,4.1419
4546,4.1419
4547,4.1418
4548,4.1418
4549,4.1416
4550,4.1416
4551,4.1414
4552,4.1414
4553,4.1414
4554,4.1413
4555,4.1413
4556,4.1411
4557,4.1411
4558,4.141
4559,4.141
4560,4.141
4561,4.1408
4562,4.1408
4563,4.1406
4564,4.1406
4565,4.1405
4566,4.1405
4567,4.1403
4568,4.1403
4569,4.1402
4570,4.1402
4571,4.14
4572,4.14
4573,4.14
4574,4.1398
4575,4.1398
4576,4.1397
4577,4.1397
4578,4.1395
4579,4.1395
4580,4.1394
4581,4.1394
4582,4.1394
4583,4.1392
4584,4.1392
4585,4.1391
4586,4.1391
4587,4.1389
4588,4.1389
4589,4.1387
4590,4.1387
4591,4.1386
4592,4.1386
4593,4.1384
4594,4.1384
4595,4.1383
4596,4.1383
4597,4.1381
4598,4.1381
4599,4.1381
4600,4.1379
4601,4.1378
4602,4.1378
4603,4.1378
4604,4.1376
4605,4.1376
4606,4.1375
4607,4.1373
4608,4.1373
4609,4.1371
4610,4.1371
4611,4.137
4612,4.137
4613,4.1368
4614,4.1368
4615,4.1367
4616,4.1367
4617,4.1365
4618,4.1365
4619,4.1364
4620,4.1364
4621,4.1362
4622,4.1362
4623,4.136
4624,4.136
4625,4.1359
4626,4.1359
4627,4.1357
4628,4.1357
4629,4.1356
4630,4.1354
4631,4.1354
4632,4.1352
4633,4.1352
4634,4.1351
4635,4.1351
4636,4.1349
4637,4.1348
4638,4.1348
4639,4.1346
4640,4.1346
4641,4.1344
4642,4.1343
4643,4.1343
4644,4.1341
4645,4.1341
4646,4.134
4647,4.1338
4648,4.1338
4649,4.1337
4650,4.1335
4651,4.1335
4652,4.1333
4653,4.1333
4654,4.1332
4655,4.133
4656,4.133
4657,4.1329
4658,4.1327
4659,4.1327
4660,4.1325
4661,4.1324
4662,4.1324
4663,4.1322
4664,4.1321
4665,4.1321
4666,4.1319
4667,4.1317
4668,4.1317
4669,4.1316
4670,4.1314
4671,4.1313
4672,4.1313
4673,4.1311
4674,4.1309
4675,4.1308
4676,4.1308
4677,4.1306
4678,4.1305
4679,4.1303
4680,4.1303
4681,4.1302
4682,4.13
4683,4.1298
4684,4.1298
4685,4.1297
4686,4.1295
4687,4.1294
4688,4.1292
4689,4.1292
4690,4.129
4691,4.1289
4692,4.1287
4693,4.1286
4694,4.1286
4695,4.1284
4696,4.1282
4697,4.1281
4698,4.1279
4699,4.1278
4700,4.1276
4701,4.1276
4702,4.1275
4703,4.1273
4704,4.1271
4705,4.127
4706,4.1268
4707,4.1267
4708,4.1265
4709,4.1263
4710,4.1262
4711,4.126
4712,4.1259
4713,4.1259
4714,4.1257
4715,4.1255
4716,4.1254
4717,4.1252
4718,4.1251
4719,4.1249
4720,4.1248
4721,4.1246
4722,4.1244
4723,4.1243
4724,4.1241
4725,4.124
4726,4.1238
4727,4.1236
4728,4.1235
4729,4.1233
4730,4.1232
4731,4.1228
4732,4.1227
4733,4.1225
4734,4.1224
4735,4.1222
4736,4.122
4737,4.1219
4738,4.1217
4739,4.1216
4740,4.1214
4741,4.1213
4742,4.1211
4743,4.1208
4744,4.1206
4745,4.1205
4746,4.1203
4747,4.1201
4748,4.12
4749,4.1197
4750,4.1195
4751,4.1193
4752,4.1192
4753,4.119
4754,4.1187
4755,4.1186
4756,4.1184
4757,4.1182
4758,4.1181
4759,4.1178
4760,4.1176
4761,4.1174
4762,4.1173
4763,4.117
4764,4.1168
4765,4.1166
4766,4.1163
4767,4.1162
4768,4.116
4769,4.1159
4770,4.1155
4771,4.1154
4772,4.1152
4773,4.1149
4774,4.1147
4775,4.1146
4776,4.1143
4777,4.1141
4778,4.1139
4779,4.1136
4780,4.1135
4781,4.1132
4782,4.113
4783,4.1128
4784,4.1125
4785,4.1124
4786,4.1122
4787,4.1119
4788,4.1117
4789,4.1114
4790,4.1112
4791,4.1109
4792,4.1108
4793,4.1106
4794,4.1103
4795,4.1101
4796,4.1098
4797,4.1097
4798,4.1093
4799,4.1092
4800,4.1089
4801,4.1087
4802,4.1084
4803,4.1082
4804,4.1079
4805,4.1077
4806,4.1074
4807,4.1073
4808,4.107
4809,4.1068
4810,4.1065
4811,4.1063
4812,4.106
4813,4.1057
4814,4.1055
4815,4.1052
4816,4.105
4817,4.1047
4818,4.1044
4819,4.1043
4820,4.1039
4821,4.1038
4822,4.1035
4823,4.1031
4824,4.103
4825,4.1027
4826,4.1023
4827,4.1022
4828,4.1019
4829,4.1017
4830,4.1014
4831,4.1011
4832,4.1009
4833,4.1006
4834,4.1003
4835,4.1001
4836,4.0998
4837,4.0995
4838,4.0992
4839,4.099
4840,4.0987
4841,4.0984
4842,4.0982
4843,4.0979
4844,4.0976
4845,4.0973
4846,4.0971
4847,4.0968
4848,4.0965
4849,4.0961
4850,4.096
4851,4.0957
4852,4.0954
4853,4.095
4854,4.0947
4855,4.0946
4856,4.0942
4857,4.0939
4858,4.0936
4859,4.0934
4860,4.0931
4861,4.0928
4862,4.0925
4863,4.0922
4864,4.092
4865,4.0917
4866,4.0914
4867,4.0911
4868,4.0907
4869,4.0904
4870,4.0901
4871,4.0899
4872,4.0896
4873,4.0893
4874,4.089
4875,4.0887
4876,4.0884
4877,4.088
4878,4.0877
4879,4.0874
4880,4.0872
4881,4.0869
4882,4.0866
4883,4.0863
4884,4.086
4885,4.0857
4886,4.0853
4887,4.085
4888,4.0847
4889,4.0844
4890,4.0842
4891,4.0839
4892,4.0836
4893,4.0833
4894,4.083
4895,4.0826
4896,4.0823
4897,4.082
4898,4.0817
4899,4.0814
4900,4.081
4901,4.0807
4902,4.0804
4903,4.0801
4904,4.0798
4905,4.0795
4906,4.0791
4907,4.079
4908,4.0785
4909,4.0782
4910,4.078
4911,4.0777
4912,4.0774
4913,4.0771
4914,4.0768
4915,4.0764
4916,4.0761
4917,4.0758
4918,4.0755
4919,4.0752
4920,4.0749
4921,4.0745
4922,4.0742
4923,4.0739
4924,4.0736
4925,4.0733
4926,4.0729
4927,4.0726
4928,4.0723
4929,4.072
4930,4.0717
4931,4.0714
4932,4.071
4933,4.0707
4934,4.0704
4935,4.0701
4936,4.0698
4937,4.0694
4938,4.0691
4939,4.0688
4940,4.0685
4941,4.0682
4942,4.0679
4943,4.0675
4944,4.0672
4945,4.0669
4946,4.0666
4947,4.0663
4948,4.066
4949,4.0656
4950,4.0653
4951,4.065
4952,4.0647
4953,4.0644
4954,4.064
4955,4.0637
4956,4.0634
4957,4.0631
4958,4.0628
4959,4.0625
4960,4.0621
4961,4.0618
4962,4.0615
4963,4.0612
4964,4.0609
4965,4.0605
4966,4.0602
4967,4.0599
4968,4.0596
4969,4.0593
4970,4.059
4971,4.0586
4972,4.0583
4973,4.058
4974,4.0578
4975,4.0574
4976,4.0572
4977,4.0569
4978,4.0566
4979,4.0563
4980,4.0559
4981,4.0556
4982,4.0553
4983,4.055
4984,4.0547
4985,4.0544
4986,4.054
4987,4.0537
4988,4.0534
4989,4.0531
4990,4.0529
4991,4.0526
4992,4.0523
4993,4.052
4994,4.0516
4995,4.0513
4996,4.051
4997,4.0507
4998,4.0504
4999,4.0502
5000,4.0499
5001,4.0496
5002,4.0493
5003,4.0489
5004,4.0486
5005,4.0483
5006,4.0482
5007,4.0478
5008,4.0475
5009,4.0472
5010,4.0469
5011,4.0466
5012,4.0462
5013,4.0461
5014,4.0458
5015,4.0455
5016,4.0451
5017,4.0448
5018,4.0447
5019,4.0443
5020,4.044
5021,4.0437
5022,4.0435
5023,4.0432
5024,4.0429
5025,4.0426
5026,4.0424
5027,4.0421
5028,4.0418
5029,4.0415
5030,4.0412
5031,4.041
5032,4.0407
5033,4.0404
5034,4.0402
5035,4.0399
5036,4.0396
5037,4.0394
5038,4.0391
5039,4.0388
5040,4.0385
5041,4.0383
5042,4.038
5043,4.0377
5044,4.0375
5045,4.0372
5046,4.037
5047,4.0367
5048,4.0364
5049,4.0362
5050,4.0359
5051,4.0356
5052,4.0354
5053,4.0351
5054,4.035
5055,4.0346
5056,4.0343
5057,4.0342
5058,4.0339
5059,4.0337
5060,4.0334
5061,4.0332
5062,4.0329
5063,4.0326
5064,4.0324
5065,4.0321
5066,4.0319
5067,4.0316
5068,4.0315
5069,4.0311
5070,4.031
5071,4.0307
5072,4.0305
5073,4.0302
5074,4.03
5075,4.0297
5076,4.0296
5077,4.0292
5078,4.0291
5079,4.0288
5080,4.0286
5081,4.0284
5082,4.0281
5083,4.028
5084,4.0277
5085,4.0275
5086,4.0272
5087,4.027
5088,4.0269
5089,4.0265
5090,4.0264
5091,4.0262
5092,4.0259
5093,4.0257
5094,4.0254
5095,4.0253
5096,4.0251
5097,4.0248
5098,4.0246
5099,4.0245
5100,4.0242
5101,4.024
5102,4.0238
5103,4.0235
5104,4.0234
5105,4.0232
5106,4.0229
5107,4.0227
5108,4.0226
5109,4.0224
5110,4.0221
5111,4.0219
5112,4.0218
5113,4.0215
5114,4.0213
5115,4.0211
5116,4.021
5117,4.0207
5118,4.0205
5119,4.0203
5120,4.0202
5121,4.0199
5122,4.0197
5123,4.0195
5124,4.0194
5125,4.0192
5126,4.0189
5127,4.0188
5128,4.0186
5129,4.0184
5130,4.0183
5131,4.018
5132,4.0178
5133,4.0176
5134,4.0175
5135,4.0173
5136,4.0172
5137,4.0168
5138,4.0167
5139,4.0165
5140,4.0164
5141,4.0162
5142,4.0161
5143,4.0159
5144,4.0156
5145,4.0154
5146,4.0153
5147,4.0151
5148,4.0149
5149,4.0148
5150,4.0146
5151,4.0145
5152,4.0143
5153,4.0141
5154,4.0138
5155,4.0137
5156,4.0135
5157,4.0134
5158,4.0132
5159,4.013
5160,4.0129
5161,4.0127
5162,4.0126
5163,4.0124
5164,4.0122
5165,4.0121
5166,4.0118
5167,4.0116
5168,4.0114
5169,4.0113
5170,4.0111
5171,4.011
5172,4.0108
5173,4.0106
5174,4.0105
5175,4.0103
5176,4.0102
5177,4.01
5178,4.0099
5179,4.0097
5180,4.0095
5181,4.0094
5182,4.0092
5183,4.0091
5184,4.0089
5185,4.0087
5186,4.0086
5187,4.0084
5188,4.0083
5189,4.0081
5190,4.0079
5191,4.0078
5192,4.0076
5193,4.0075
5194,4.0072
5195,4.0072
5196,4.007
5197,4.0067
5198,4.0067
5199,4.0065
5200,4.0062
5201,4.0062
5202,4.006
5203,4.0057
5204,4.0057
5205,4.0056
5206,4.0054
5207,4.0051
5208,4.0049
5209,4.0048
5210,4.0046
5211,4.0045
5212,4.0043
5213,4.0041
5214,4.0041
5215,4.0038
5216,4.0037
5217,4.0035
5218,4.0033
5219,4.0033
5220,4.003
5221,4.003
5222,4.0027
5223,4.0025
5224,4.0024
5225,4.0022
5226,4.0021
5227,4.0019
5228,4.0017
5229,4.0016
5230,4.0014
5231,4.0013
5232,4.0011
5233,4.001
5234,4.0008
5235,4.0006
5236,4.0005
5237,4.0003
5238,4.0002
5239,4.0
5240,3.9998
5241,3.9997
5242,3.9995
5243,3.9994
5244,3.9992
5245,3.999
5246,3.9989
5247,3.9987
5248,3.9986
5249,3.9984
5250,3.9983
5251,3.9981
5252,3.9979
5253,3.9978
5254,3.9976
5255,3.9975
5256,3.9973
5257,3.9971
5258,3.9968
5259,3.9967
5260,3.9965
5261,3.9963
5262,3.9962
5263,3.996
5264,3.9959
5265,3.9957
5266,3.9956
5267,3.9954
5268,3.9952
5269,3.9951
5270,3.9949
5271,3.9948
5272,3.9944
5273,3.9943
5274,3.9941
5275,3.994
5276,3.9938
5277,3.9936
5278,3.9935
5279,3.9933
5280,3.9932
5281,3.993
5282,3.9927
5283,3.9925
5284,3.9924
5285,3.9922
5286,3.9921
5287,3.9919
5288,3.9917
5289,3.9916
5290,3.9913
5291,3.9911
5292,3.9909
5293,3.9908
5294,3.9906
5295,3.9905
5296,3.9901
5297,3.99
5298,3.9898
5299,3.9897
5300,3.9895
5301,3.9894
5302,3.9892
5303,3.9889
5304,3.9887
5305,3.9886
5306,3.9884
5307,3.9881
5308,3.9879
5309,3.9878
5310,3.9876
5311,3.9873
5312,3.9871
5313,3.987
5314,3.9868
5315,3.9867
5316,3.9863
5317,3.9862
5318,3.986
5319,3.9859
5320,3.9855
5321,3.9854
5322,3.9852
5323,3.9851
5324,3.9847
5325,3.9846
5326,3.9844
5327,3.9841
5328,3.984
5329,3.9838
5330,3.9836
5331,3.9833
5332,3.9832
5333,3.983
5334,3.9827
5335,3.9825
5336,3.9824
5337,3.982
5338,3.9819
5339,3.9817
5340,3.9814
5341,3.9812
5342,3.9809
5343,3.9808
5344,3.9806
5345,3.9803
5346,3.9801
5347,3.98
5348,3.9797
5349,3.9795
5350,3.9793
5351,3.979
5352,3.9789
5353,3.9785
5354,3.9784
5355,3.9782
5356,3.9779
5357,3.9778
5358,3.9774
5359,3.9773
5360,3.9771
5361,3.9768
5362,3.9766
5363,3.9763
5364,3.9762
5365,3.9758
5366,3.9757
5367,3.9754
5368,3.9752
5369,3.9749
5370,3.9747
5371,3.9744
5372,3.9743
5373,3.9739
5374,3.9738
5375,3.9735
5376,3.9733
5377,3.9731
5378,3.9728
5379,3.9725
5380,3.9723
5381,3.972
5382,3.9719
5383,3.9716
5384,3.9714
5385,3.9711
5386,3.9709
5387,3.9706
5388,3.9704
5389,3.9701
5390,3.9698
5391,3.9696
5392,3.9693
5393,3.9692
5394,3.9689
5395,3.9687
5396,3.9684
5397,3.9681
5398,3.9679
5399,3.9676
5400,3.9674
5401,3.9671
5402,3.9668
5403,3.9666
5404,3.9663
5405,3.9662
5406,3.9658
5407,3.9655
5408,3.9654
5409,3.965
5410,3.9647
5411,3.9646
5412,3.9642
5413,3.9639
5414,3.9638
5415,3.9635
5416,3.9631
5417,3.963
5418,3.9627
5419,3.9623
5420,3.9622
5421,3.9619
5422,3.9615
5423,3.9612
5424,3.9611
5425,3.9607
5426,3.9604
5427,3.9603
5428,3.96
5429,3.9596
5430,3.9595
5431,3.9592
5432,3.9588
5433,3.9585
5434,3.9584
5435,3.958
5436,3.9577
5437,3.9576
5438,3.9573
5439,3.9569
5440,3.9566
5441,3.9565
5442,3.9561
5443,3.9558
5444,3.9555
5445,3.9553
5446,3.955
5447,3.9547
5448,3.9544
5449,3.9542
5450,3.9539
5451,3.9536
5452,3.9534
5453,3.9531
5454,3.9528
5455,3.9525
5456,3.9522
5457,3.952
5458,3.9517
5459,3.9514
5460,3.9511
5461,3.9509
5462,3.9506
5463,3.9503
5464,3.9499
5465,3.9496
5466,3.9495
5467,3.9491
5468,3.9488
5469,3.9485
5470,3.9484
5471,3.948
5472,3.9477
5473,3.9474
5474,3.9471
5475,3.9469
5476,3.9466
5477,3.9463
5478,3.946
5479,3.9458
5480,3.9455
5481,3.9452
5482,3.9449
5483,3.9445
5484,3.9442
5485,3.9441
5486,3.9437
5487,3.9434
5488,3.9431
5489,3.943
5490,3.9426
5491,3.9423
5492,3.942
5493,3.9417
5494,3.9414
5495,3.9412
5496,3.9409
5497,3.9406
5498,3.9402
5499,3.9401
5500,3.9398
5501,3.9395
5502,3.9391
5503,3.9388
5504,3.9387
5505,3.9383
5506,3.938
5507,3.9377
5508,3.9375
5509,3.9372
5510,3.9369
5511,3.9366
5512,3.9363
5513,3.9361
5514,3.9358
5515,3.9355
5516,3.9352
5517,3.935
5518,3.9347
5519,3.9344
5520,3.9341
5521,3.9337
5522,3.9336
5523,3.9333
5524,3.9329
5525,3.9326
5526,3.9325
5527,3.9321
5528,3.9318
5529,3.9315
5530,3.9313
5531,3.931
5532,3.9307
5533,3.9304
5534,3.9302
5535,3.9299
5536,3.9296
5537,3.9294
5538,3.9291
5539,3.9288
5540,3.9285
5541,3.9283
5542,3.928
5543,3.9277
5544,3.9274
5545,3.9272
5546,3.9269
5547,3.9266
5548,3.9264
5549,3.9261
5550,3.9258
5551,3.9255
5552,3.9253
5553,3.925
5554,3.9247
5555,3.9245
5556,3.9242
5557,3.9239
5558,3.9236
5559,3.9234
5560,3.9231
5561,3.9228
5562,3.9226
5563,3.9223
5564,3.922
5565,3.9218
5566,3.9215
5567,3.9212
5568,3.921
5569,3.9207
5570,3.9204
5571,3.9202
5572,3.9199
5573,3.9196
5574,3.9194
5575,3.9191
5576,3.9188
5577,3.9186
5578,3.9183
5579,3.918
5580,3.9178
5581,3.9175
5582,3.9174
5583,3.917
5584,3.9167
5585,3.9166
5586,3.9163
5587,3.9159
5588,3.9158
5589,3.9155
5590,3.9151
5591,3.915
5592,3.9147
5593,3.9145
5594,3.9142
5595,3.914
5596,3.9137
5597,3.9134
5598,3.9132
5599,3.9129
5600,3.9126
5601,3.9124
5602,3.9121
5603,3.912
5604,3.9116
5605,3.9115
5606,3.9112
5607,3.911
5608,3.9107
5609,3.9104
5610,3.9102
5611,3.9099
5612,3.9097
5613,3.9094
5614,3.9093
5615,3.9089
5616,3.9086
5617,3.9085
5618,3.9081
5619,3.908
5620,3.9077
5621,3.9075
5622,3.9072
5623,3.907
5624,3.9067
5625,3.9064
5626,3.9062
5627,3.9059
5628,3.9058
5629,3.9054
5630,3.9053
5631,3.905
5632,3.9048
5633,3.9045
5634,3.9043
5635,3.904
5636,3.9039
5637,3.9035
5638,3.9034
5639,3.9031
5640,3.9029
5641,3.9026
5642,3.9024
5643,3.9021
5644,3.9019
5645,3.9016
5646,3.9015
5647,3.9012
5648,3.901
5649,3.9007
5650,3.9005
5651,3.9002
5652,3.9
5653,3.8997
5654,3.8996
5655,3.8992
5656,3.8991
5657,3.8988
5658,3.8986
5659,3.8983
5660,3.8981
5661,3.898
5662,3.8977
5663,3.8973
5664,3.8972
5665,3.8969
5666,3.8967
5667,3.8965
5668,3.8962
5669,3.8961
5670,3.8958
5671,3.8956
5672,3.8953
5673,3.8951
5674,3.8948
5675,3.8946
5676,3.8943
5677,3.8942
5678,3.894
5679,3.8937
5680,3.8935
5681,3.8932
5682,3.8931
5683,3.8927
5684,3.8926
5685,3.8923
5686,3.8921
5687,3.8918
5688,3.8916
5689,3.8913
5690,3.8911
5691,3.891
5692,3.8907
5693,3.8905
5694,3.8902
5695,3.89
5696,3.8897
5697,3.8896
5698,3.8892
5699,3.8891
5700,3.8889
5701,3.8886
5702,3.8884
5703,3.8881
5704,3.888
5705,3.8876
5706,3.8875
5707,3.8872
5708,3.887
5709,3.8867
5710,3.8865
5711,3.8864
5712,3.8861
5713,3.8859
5714,3.8856
5715,3.8854
5716,3.8851
5717,3.8849
5718,3.8846
5719,3.8845
5720,3.8843
5721,3.884
5722,3.8838
5723,3.8835
5724,3.8834
5725,3.883
5726,3.8829
5727,3.8826
5728,3.8824
5729,3.8822
5730,3.8819
5731,3.8818
5732,3.8814
5733,3.8813
5734,3.881
5735,3.8808
5736,3.8805
5737,3.8803
5738,3.88
5739,3.8799
5740,3.8795
5741,3.8794
5742,3.8792
5743,3.8789
5744,3.8787
5745,3.8784
5746,3.8783
5747,3.878
5748,3.8778
5749,3.8775
5750,3.8773
5751,3.8772
5752,3.8768
5753,3.8767
5754,3.8764
5755,3.8762
5756,3.8759
5757,3.8757
5758,3.8754
5759,3.8753
5760,3.8749
5761,3.8748
5762,3.8745
5763,3.8743
5764,3.874
5765,3.8738
5766,3.8735
5767,3.8733
5768,3.873
5769,3.8729
5770,3.8726
5771,3.8724
5772,3.8722
5773,3.8719
5774,3.8718
5775,3.8714
5776,3.8713
5777,3.871
5778,3.8708
5779,3.8705
5780,3.8703
5781,3.87
5782,3.8698
5783,3.8695
5784,3.8694
5785,3.8691
5786,3.8689
5787,3.8686
5788,3.8684
5789,3.8681
5790,3.8679
5791,3.8676
5792,3.8675
5793,3.8671
5794,3.867
5795,3.8667
5796,3.8665
5797,3.8662
5798,3.8659
5799,3.8657
5800,3.8654
5801,3.8652
5802,3.8649
5803,3.8648
5804,3.8644
5805,3.8643
5806,3.864
5807,3.8638
5808,3.8635
5809,3.8633
5810,3.863
5811,3.8629
5812,3.8625
5813,3.8624
5814,3.8621
5815,3.8617
5816,3.8616
5817,3.8614
5818,3.8611
5819,3.8608
5820,3.8606
5821,3.8603
5822,3.8602
5823,3.8598
5824,3.8597
5825,3.8594
5826,3.859
5827,3.8589
5828,3.8586
5829,3.8584
5830,3.8581
5831,3.8579
5832,3.8576
5833,3.8575
5834,3.8571
5835,3.8568
5836,3.8567
5837,3.8563
5838,3.8562
5839,3.8559
5840,3.8557
5841,3.8554
5842,3.8552
5843,3.8549
5844,3.8546
5845,3.8544
5846,3.8541
5847,3.854
5848,3.8536
5849,3.8535
5850,3.8532
5851,3.8528
5852,3.8527
5853,3.8524
5854,3.8522
5855,3.8519
5856,3.8517
5857,3.8514
5858,3.8511
5859,3.8509
5860,3.8506
5861,3.8505
5862,3.8501
5863,3.85
5864,3.8497
5865,3.8493
5866,3.8492
5867,3.8489
5868,3.8487
5869,3.8484
5870,3.8482
5871,3.8479
5872,3.8476
5873,3.8474
5874,3.8471
5875,3.847
5876,3.8466
5877,3.8465
5878,3.8462
5879,3.8459
5880,3.8457
5881,3.8454
5882,3.8452
5883,3.8449
5884,3.8446
5885,3.8444
5886,3.8441
5887,3.8439
5888,3.8436
5889,3.8435
5890,3.8432
5891,3.8428
5892,3.8427
5893,3.8424
5894,3.8422
5895,3.8419
5896,3.8417
5897,3.8414
5898,3.8411
5899,3.8409
5900,3.8406
5901,3.8404
5902,3.8401
5903,3.84
5904,3.8397
5905,3.8393
5906,3.8392
5907,3.8389
5908,3.8387
5909,3.8384
5910,3.8382
5911,3.8379
5912,3.8376
5913,3.8374
5914,3.8371
5915,3.837
5916,3.8366
5917,3.8365
5918,3.8362
5919,3.8358
5920,3.8357
5921,3.8354
5922,3.8352
5923,3.8349
5924,3.8347
5925,3.8344
5926,3.8341
5927,3.8339
5928,3.8336
5929,3.8335
5930,3.8331
5931,3.833
5932,3.8327
5933,3.8325
5934,3.8322
5935,3.8319
5936,3.8317
5937,3.8314
5938,3.8312
5939,3.8309
5940,3.8308
5941,3.8304
5942,3.8303
5943,3.83
5944,3.8298
5945,3.8295
5946,3.8293
5947,3.829
5948,3.8288
5949,3.8285
5950,3.8282
5951,3.8281
5952,3.8277
5953,3.8276
5954,3.8273
5955,3.8271
5956,3.8268
5957,3.8266
5958,3.8263
5959,3.8261
5960,3.8258
5961,3.8257
5962,3.8254
5963,3.8252
5964,3.8249
5965,3.8247
5966,3.8244
5967,3.8242
5968,3.8239
5969,3.8238
5970,3.8234
5971,3.8233
5972,3.823
5973,3.8228
5974,3.8225
5975,3.8223
5976,3.822
5977,3.8219
5978,3.8215
5979,3.8214
5980,3.8211
5981,3.8209
5982,3.8206
5983,3.8204
5984,3.8201
5985,3.8199
5986,3.8198
5987,3.8195
5988,3.8193
5989,3.819
5990,3.8188
5991,3.8185
5992,3.8184
5993,3.818
5994,3.8179
5995,3.8176
5996,3.8174
5997,3.8172
5998,3.8169
5999,3.8168
6000,3.8165
6001,3.8163
6002,3.816
6003,3.8158
6004,3.8155
6005,3.8153
6006,3.815
6007,3.8149
6008,3.8147
6009,3.8144
6010,3.8142
6011,3.8139
6012,3.8138
6013,3.8134
6014,3.8133
6015,3.8131
6016,3.8128
6017,3.8126
6018,3.8123
6019,3.8122
6020,3.8118
6021,3.8117
6022,3.8115
6023,3.8112
6024,3.811
6025,3.8107
6026,3.8106
6027,3.8104
6028,3.8101
6029,3.8099
6030,3.8096
6031,3.8095
6032,3.8093
6033,3.809
6034,3.8088
6035,3.8087
6036,3.8083
6037,3.8082
6038,3.8079
6039,3.8077
6040,3.8076
6041,3.8072
6042,3.8071
6043,3.8069
6044,3.8066
6045,3.8064
6046,3.8061
6047,3.806
6048,3.8058
6049,3.8055
6050,3.8053
6051,3.8052
6052,3.8049
6053,3.8047
6054,3.8045
6055,3.8042
6056,3.8041
6057,3.8037
6058,3.8036
6059,3.8034
6060,3.8031
6061,3.8029
6062,3.8028
6063,3.8025
6064,3.8023
6065,3.8022
6066,3.8018
6067,3.8017
6068,3.8015
6069,3.8012
6070,3.801
6071,3.8009
6072,3.8006
6073,3.8004
6074,3.8002
6075,3.8001
6076,3.7998
6077,3.7996
6078,3.7993
6079,3.7991
6080,3.799
6081,3.7988
6082,3.7985
6083,3.7983
6084,3.7982
6085,3.7979
6086,3.7977
6087,3.7975
6088,3.7974
6089,3.7971
6090,3.7969
6091,3.7967
6092,3.7964
6093,3.7963
6094,3.7961
6095,3.7958
6096,3.7956
6097,3.7955
6098,3.7953
6099,3.795
6100,3.7948
6101,3.7947
6102,3.7944
6103,3.7942
6104,3.794
6105,3.7939
6106,3.7936
6107,3.7934
6108,3.7933
6109,3.7931
6110,3.7928
6111,3.7926
6112,3.7925
6113,3.7923
6114,3.792
6115,3.7918
6116,3.7917
6117,3.7915
6118,3.7912
6119,3.791
6120,3.7909
6121,3.7907
6122,3.7904
6123,3.7902
6124,3.7901
6125,3.7899
6126,3.7896
6127,3.7894
6128,3.7893
6129,3.7891
6130,3.7888
6131,3.7886
6132,3.7885
6133,3.7883
6134,3.788
6135,3.7878
6136,3.7877
6137,3.7875
6138,3.7874
6139,3.7871
6140,3.7869
6141,3.7867
6142,3.7866
6143,3.7863
6144,3.7861
6145,3.7859
6146,3.7858
6147,3.7856
6148,3.7853
6149,3.7851
6150,3.785
6151,3.7848
6152,3.7847
6153,3.7844
6154,3.7842
6155,3.784
6156,3.7839
6157,3.7836
6158,3.7834
6159,3.7832
6160,3.7831
6161,3.7829
6162,3.7826
6163,3.7824
6164,3.7823
6165,3.7821
6166,3.782
6167,3.7816
6168,3.7815
6169,3.7813
6170,3.7812
6171,3.781
6172,3.7807
6173,3.7805
6174,3.7804
6175,3.7802
6176,3.7801
6177,3.7799
6178,3.7796
6179,3.7794
6180,3.7793
6181,3.7791
6182,3.7789
6183,3.7786
6184,3.7785
6185,3.7783
6186,3.7782
6187,3.778
6188,3.7778
6189,3.7777
6190,3.7774
6191,3.7772
6192,3.777
6193,3.7769
6194,3.7767
6195,3.7764
6196,3.7762
6197,3.7761
6198,3.7759
6199,3.7758
6200,3.7756
6201,3.7753
6202,3.7751
6203,3.775
6204,3.7748
6205,3.7747
6206,3.7745
6207,3.7742
6208,3.774
6209,3.7739
6210,3.7737
6211,3.7735
6212,3.7734
6213,3.7731
6214,3.7729
6215,3.7728
6216,3.7726
6217,3.7724
6218,3.7723
6219,3.7721
6220,3.772
6221,3.7716
6222,3.7715
6223,3.7713
6224,3.7712
6225,3.771
6226,3.7708
6227,3.7705
6228,3.7704
6229,3.7702
6230,3.77
6231,3.7699
6232,3.7697
6233,3.7696
6234,3.7693
6235,3.7691
6236,3.7689
6237,3.7688
6238,3.7686
6239,3.7685
6240,3.7683
6241,3.768
6242,3.7678
6243,3.7677
6244,3.7675
6245,3.7673
6246,3.7672
6247,3.767
6248,3.7669
6249,3.7666
6250,3.7664
6251,3.7662
6252,3.7661
6253,3.7659
6254,3.7658
6255,3.7656
6256,3.7654
6257,3.7651
6258,3.765
6259,3.7648
6260,3.7646
6261,3.7645
6262,3.7643
6263,3.7642
6264,3.7639
6265,3.7639
6266,3.7635
6267,3.7634
6268,3.7632
6269,3.7631
6270,3.7629
6271,3.7627
6272,3.7626
6273,3.7623
6274,3.7621
6275,3.7619
6276,3.7618
6277,3.7616
6278,3.7615
6279,3.7613
6280,3.7611
6281,3.761
6282,3.7608
6283,3.7605
6284,3.7604
6285,3.7602
6286,3.76
6287,3.7599
6288,3.7597
6289,3.7596
6290,3.7594
6291,3.7592
6292,3.7589
6293,3.7588
6294,3.7586
6295,3.7584
6296,3.7583
6297,3.7581
6298,3.758
6299,3.7578
6300,3.7577
6301,3.7573
6302,3.7572
6303,3.757
6304,3.7569
6305,3.7567
6306,3.7565
6307,3.7564
6308,3.7562
6309,3.7561
6310,3.7557
6311,3.7556
6312,3.7554
6313,3.7553
6314,3.7551
6315,3.755
6316,3.7548
6317,3.7546
6318,3.7545
6319,3.7543
6320,3.754
6321,3.7538
6322,3.7537
6323,3.7535
6324,3.7534
6325,3.7532
6326,3.753
6327,3.7529
6328,3.7527
6329,3.7524
6330,3.7523
6331,3.7521
6332,3.7519
6333,3.7518
6334,3.7516
6335,3.7515
6336,3.7513
6337,3.7511
6338,3.751
6339,3.7508
6340,3.7505
6341,3.7503
6342,3.7502
6343,3.75
6344,3.7499
6345,3.7497
6346,3.7495
6347,3.7494
6348,3.7492
6349,3.7491
6350,3.7488
6351,3.7486
6352,3.7484
6353,3.7483
6354,3.7481
6355,3.748
6356,3.7478
6357,3.7476
6358,3.7475
6359,3.7473
6360,3.747
6361,3.7468
6362,3.7467
6363,3.7465
6364,3.7464
6365,3.7462
6366,3.7461
6367,3.7459
6368,3.7457
6369,3.7456
6370,3.7454
6371,3.7453
6372,3.7449
6373,3.7448
6374,3.7446
6375,3.7445
6376,3.7443
6377,3.7441
6378,3.744
6379,3.7438
6380,3.7437
6381,3.7435
6382,3.7432
6383,3.743
6384,3.7429
6385,3.7427
6386,3.7426
6387,3.7424
6388,3.7422
6389,3.7421
6390,3.7419
6391,3.7418
6392,3.7414
6393,3.7413
6394,3.7411
6395,3.741
6396,3.7408
6397,3.7406
6398,3.7405
6399,3.7403
6400,3.7402
6401,3.74
6402,3.7397
6403,3.7395
6404,3.7394
6405,3.7392
6406,3.7391
6407,3.7389
6408,3.7387
6409,3.7386
6410,3.7384
6411,3.7383
6412,3.7381
6413,3.7378
6414,3.7376
6415,3.7375
6416,3.7373
6417,3.7372
6418,3.737
6419,3.7368
6420,3.7367
6421,3.7365
6422,3.7364
6423,3.7362
6424,3.7359
6425,3.7357
6426,3.7356
6427,3.7354
6428,3.7352
6429,3.7351
6430,3.7349
6431,3.7348
6432,3.7346
6433,3.7345
6434,3.7341
6435,3.734
6436,3.7338
6437,3.7337
6438,3.7335
6439,3.7333
6440,3.7332
6441,3.733
6442,3.7329
6443,3.7325
6444,3.7325
6445,3.7322
6446,3.7321
6447,3.7319
6448,3.7317
6449,3.7316
6450,3.7314
6451,3.7313
6452,3.7311
6453,3.731
6454,3.7308
6455,3.7305
6456,3.7303
6457,3.7302
6458,3.73
6459,3.7298
6460,3.7297
6461,3.7295
6462,3.7294
6463,3.7292
6464,3.729
6465,3.7287
6466,3.7286
6467,3.7284
6468,3.7283
6469,3.7281
6470,3.7279
6471,3.7278
6472,3.7276
6473,3.7275
6474,3.7273
6475,3.727
6476,3.7268
6477,3.7267
6478,3.7265
6479,3.7263
6480,3.7262
6481,3.726
6482,3.7259
6483,3.7257
6484,3.7256
6485,3.7252
6486,3.7251
6487,3.7249
6488,3.7248
6489,3.7246
6490,3.7244
6491,3.7243
6492,3.7241
6493,3.724
6494,3.7236
6495,3.7235
6496,3.7233
6497,3.7232
6498,3.723
6499,3.7229
6500,3.7227
6501,3.7225
6502,3.7224
6503,3.7222
6504,3.7219
6505,3.7217
6506,3.7216
6507,3.7214
6508,3.7213
6509,3.7211
6510,3.7209
6511,3.7208
6512,3.7206
6513,3.7203
6514,3.7201
6515,3.72
6516,3.7198
6517,3.7197
6518,3.7195
6519,3.7194
6520,3.7192
6521,3.7189
6522,3.7187
6523,3.7186
6524,3.7184
6525,3.7182
6526,3.7181
6527,3.7179
6528,3.7178
6529,3.7176
6530,3.7173
6531,3.7171
6532,3.717
6533,3.7168
6534,3.7167
6535,3.7165
6536,3.7163
6537,3.7162
6538,3.7159
6539,3.7157
6540,3.7155
6541,3.7154
6542,3.7152
6543,3.7151
6544,3.7149
6545,3.7147
6546,3.7146
6547,3.7144
6548,3.7141
6549,3.714
6550,3.7138
6551,3.7136
6552,3.7135
6553,3.7133
6554,3.7132
6555,3.7128
6556,3.7127
6557,3.7125
6558,3.7124
6559,3.7122
6560,3.712
6561,3.7119
6562,3.7117
6563,3.7114
6564,3.7112
6565,3.7111
6566,3.7109
6567,3.7108
6568,3.7106
6569,3.7105
6570,3.7103
6571,3.71
6572,3.7098
6573,3.7097
6574,3.7095
6575,3.7093
6576,3.7092
6577,3.709
6578,3.7089
6579,3.7087
6580,3.7084
6581,3.7082
6582,3.7081
6583,3.7079
6584,3.7078
6585,3.7076
6586,3.7073
6587,3.7071
6588,3.707
6589,3.7068
6590,3.7066
6591,3.7065
6592,3.7063
6593,3.7062
6594,3.7058
6595,3.7057
6596,3.7055
6597,3.7054
6598,3.7052
6599,3.7051
6600,3.7049
6601,3.7047
6602,3.7044
6603,3.7043
6604,3.7041
6605,3.7039
6606,3.7038
6607,3.7036
6608,3.7035
6609,3.7031
6610,3.703
6611,3.7028
6612,3.7027
6613,3.7025
6614,3.7023
6615,3.7022
6616,3.7019
6617,3.7017
6618,3.7016
6619,3.7014
6620,3.7012
6621,3.7011
6622,3.7009
6623,3.7006
6624,3.7004
6625,3.7003
6626,3.7001
6627,3.7
6628,3.6998
6629,3.6996
6630,3.6995
6631,3.6992
6632,3.699
6633,3.6989
6634,3.6987
6635,3.6985
6636,3.6984
6637,3.6981
6638,3.6979
6639,3.6977
6640,3.6976
6641,3.6974
6642,3.6973
6643,3.6971
6644,3.6968
6645,3.6966
6646,3.6965
6647,3.6963
6648,3.6962
6649,3.696
6650,3.6958
6651,3.6955
6652,3.6954
6653,3.6952
6654,3.695
6655,3.6949
6656,3.6947
6657,3.6946
6658,3.6942
6659,3.6941
6660,3.6939
6661,3.6938
6662,3.6936
6663,3.6935
6664,3.6931
6665,3.693
6666,3.6928
6667,3.6927
6668,3.6925
6669,3.6923
6670,3.6922
6671,3.6919
6672,3.6917
6673,3.6915
6674,3.6914
6675,3.6912
6676,3.6911
6677,3.6907
6678,3.6906
6679,3.6904
6680,3.6903
6681,3.6901
6682,3.69
6683,3.6898
6684,3.6895
6685,3.6893
6686,3.6892
6687,3.689
6688,3.6888
6689,3.6887
6690,3.6884
6691,3.6882
6692,3.688
6693,3.6879
6694,3.6877
6695,3.6876
6696,3.6874
6697,3.6871
6698,3.6869
6699,3.6868
6700,3.6866
6701,3.6865
6702,3.6863
6703,3.686
6704,3.6858
6705,3.6857
6706,3.6855
6707,3.6853
6708,3.6852
6709,3.685
6710,3.6847
6711,3.6846
6712,3.6844
6713,3.6842
6714,3.6841
6715,3.6839
6716,3.6836
6717,3.6834
6718,3.6833
6719,3.6831
6720,3.683
6721,3.6828
6722,3.6826
6723,3.6823
6724,3.6822
6725,3.682
6726,3.6818
6727,3.6817
6728,3.6815
6729,3.6812
6730,3.6811
6731,3.6809
6732,3.6807
6733,3.6806
6734,3.6804
6735,3.6801
6736,3.6799
6737,3.6798
6738,3.6796
6739,3.6795
6740,3.6793
6741,3.6791
6742,3.6788
6743,3.6787
6744,3.6785
6745,3.6784
6746,3.6782
6747,3.678
6748,3.6777
6749,3.6776
6750,3.6774
6751,3.6772
6752,3.6771
6753,3.6769
6754,3.6766
6755,3.6764
6756,3.6763
6757,3.6761
6758,3.676
6759,3.6758
6760,3.6757
6761,3.6753
6762,3.6752
6763,3.675
6764,3.6749
6765,3.6747
6766,3.6745
6767,3.6744
6768,3.6741
6769,3.6739
6770,3.6737
6771,3.6736
6772,3.6734
6773,3.6733
6774,3.673
6775,3.6728
6776,3.6726
6777,3.6725
6778,3.6723
6779,3.6722
6780,3.672
6781,3.6718
6782,3.6715
6783,3.6714
6784,3.6712
6785,3.671
6786,3.6709
6787,3.6707
6788,3.6704
6789,3.6702
6790,3.6701
6791,3.6699
6792,3.6698
6793,3.6696
6794,3.6695
6795,3.6693
6796,3.669
6797,3.6688
6798,3.6687
6799,3.6685
6800,3.6683
6801,3.6682
6802,3.668
6803,3.6677
6804,3.6675
6805,3.6674
6806,3.6672
6807,3.6671
6808,3.6669
6809,3.6668
6810,3.6664
6811,3.6663
6812,3.6661
6813,3.666
6814,3.6658
6815,3.6656
6816,3.6655
6817,3.6652
6818,3.665
6819,3.6648
6820,3.6647
6821,3.6645
6822,3.6644
6823,3.6642
6824,3.6641
6825,3.6637
6826,3.6636
6827,3.6634
6828,3.6633
6829,3.6631
6830,3.6629
6831,3.6628
6832,3.6625
6833,3.6623
6834,3.6621
6835,3.662
6836,3.6618
6837,3.6617
6838,3.6615
6839,3.6613
6840,3.6612
6841,3.6609
6842,3.6607
6843,3.6606
6844,3.6604
6845,3.6602
6846,3.6601
6847,3.6599
6848,3.6596
6849,3.6594
6850,3.6593
6851,3.6591
6852,3.659
6853,3.6588
6854,3.6586
6855,3.6585
6856,3.6583
6857,3.658
6858,3.6579
6859,3.6577
6860,3.6575
6861,3.6574
6862,3.6572
6863,3.6571
6864,3.6569
6865,3.6567
6866,3.6564
6867,3.6563
6868,3.6561
6869,3.6559
6870,3.6558
6871,3.6556
6872,3.6555
6873,3.6553
6874,3.6552
6875,3.655
6876,3.6548
6877,3.6545
6878,3.6544
6879,3.6542
6880,3.654
6881,3.6539
6882,3.6537
6883,3.6536
6884,3.6534
6885,3.6532
6886,3.6531
6887,3.6529
6888,3.6526
6889,3.6524
6890,3.6523
6891,3.6521
6892,3.652
6893,3.6518
6894,3.6517
6895,3.6515
6896,3.6513
6897,3.6512
6898,3.6509
6899,3.6509
6900,3.6505
6901,3.6504
6902,3.6502
6903,3.6501
6904,3.6499
6905,3.6497
6906,3.6496
6907,3.6494
6908,3.6493
6909,3.6491
6910,3.6488
6911,3.6488
6912,3.6485
6913,3.6483
6914,3.6482
6915,3.648
6916,3.6478
6917,3.6477
6918,3.6475
6919,3.6474
6920,3.6472
6921,3.647
6922,3.6469
6923,3.6467
6924,3.6466
6925,3.6463
6926,3.6461
6927,3.6459
6928,3.6458
6929,3.6456
6930,3.6455
6931,3.6453
6932,3.6451
6933,3.645
6934,3.6448
6935,3.6447
6936,3.6443
6937,3.6442
6938,3.644
6939,3.6439
6940,3.6437
6941,3.6436
6942,3.6434
6943,3.6432
6944,3.6429
6945,3.6428
6946,3.6426
6947,3.6424
6948,3.6423
6949,3.6421
6950,3.642
6951,3.6418
6952,3.6415
6953,3.6413
6954,3.6412
6955,3.641
6956,3.6408
6957,3.6407
6958,3.6405
6959,3.6404
6960,3.6401
6961,3.6399
6962,3.6397
6963,3.6396
6964,3.6394
6965,3.6393
6966,3.6391
6967,3.6389
6968,3.6388
6969,3.6385
6970,3.6383
6971,3.6381
6972,3.638
6973,3.6378
6974,3.6377
6975,3.6375
6976,3.6374
6977,3.637
6978,3.6369
6979,3.6367
6980,3.6366
6981,3.6364
6982,3.6362
6983,3.6361
6984,3.6359
6985,3.6358
6986,3.6354
6987,3.6353
6988,3.6351
6989,3.635
6990,3.6348
6991,3.6347
6992,3.6343
6993,3.6342
6994,3.634
6995,3.6339
6996,3.6337
6997,3.6335
6998,3.6332
6999,3.6331
7000,3.6329
7001,3.6327
7002,3.6326
7003,3.6324
7004,3.6321
7005,3.632
7006,3.6318
7007,3.6316
7008,3.6315
7009,3.6312
7010,3.631
7011,3.6308
7012,3.6307
7013,3.6304
7014,3.6302
7015,3.63
7016,3.6299
7017,3.6297
7018,3.6296
7019,3.6292
7020,3.6291
7021,3.6289
7022,3.6288
7023,3.6285
7024,3.6283
7025,3.6281
7026,3.628
7027,3.6277
7028,3.6275
7029,3.6273
7030,3.6272
7031,3.627
7032,3.6267
7033,3.6265
7034,3.6264
7035,3.6262
7036,3.6259
7037,3.6258
7038,3.6256
7039,3.6253
7040,3.6251
7041,3.625
7042,3.6248
7043,3.6245
7044,3.6243
7045,3.6242
7046,3.624
7047,3.6237
7048,3.6235
7049,3.6234
7050,3.6231
7051,3.6229
7052,3.6227
7053,3.6224
7054,3.6223
7055,3.6221
7056,3.6219
7057,3.6216
7058,3.6215
7059,3.6213
7060,3.621
7061,3.6208
7062,3.6207
7063,3.6203
7064,3.6202
7065,3.62
7066,3.6197
7067,3.6196
7068,3.6194
7069,3.6191
7070,3.6189
7071,3.6188
7072,3.6184
7073,3.6183
7074,3.6181
7075,3.6178
7076,3.6176
7077,3.6175
7078,3.6172
7079,3.617
7080,3.6167
7081,3.6165
7082,3.6164
7083,3.6161
7084,3.6159
7085,3.6156
7086,3.6154
7087,3.6151
7088,3.6149
7089,3.6146
7090,3.6145
7091,3.6143
7092,3.614
7093,3.6138
7094,3.6135
7095,3.6134
7096,3.613
7097,3.6129
7098,3.6126
7099,3.6124
7100,3.6121
7101,3.6119
7102,3.6116
7103,3.6114
7104,3.6111
7105,3.611
7106,3.6107
7107,3.6105
7108,3.6102
7109,3.6099
7110,3.6097
7111,3.6094
7112,3.6091
7113,3.6089
7114,3.6086
7115,3.6084
7116,3.6081
7117,3.6078
7118,3.6076
7119,3.6073
7120,3.607
7121,3.6068
7122,3.6065
7123,3.6062
7124,3.606
7125,3.6057
7126,3.6054
7127,3.6053
7128,3.6049
7129,3.6046
7130,3.6043
7131,3.6041
7132,3.6038
7133,3.6035
7134,3.6033
7135,3.603
7136,3.6027
7137,3.6024
7138,3.6021
7139,3.6019
7140,3.6016
7141,3.6013
7142,3.601
7143,3.6008
7144,3.6005
7145,3.6002
7146,3.5998
7147,3.5995
7148,3.5992
7149,3.5989
7150,3.5986
7151,3.5983
7152,3.5981
7153,3.5978
7154,3.5975
7155,3.5971
7156,3.5968
7157,3.5965
7158,3.5962
7159,3.5959
7160,3.5956
7161,3.5952
7162,3.5949
7163,3.5946
7164,3.5943
7165,3.594
7166,3.5937
7167,3.5933
7168,3.593
7169,3.5925
7170,3.5922
7171,3.5919
7172,3.5916
7173,3.5913
7174,3.5909
7175,3.5906
7176,3.5902
7177,3.5898
7178,3.5895
7179,3.5892
7180,3.5889
7181,3.5884
7182,3.5881
7183,3.5878
7184,3.5875
7185,3.587
7186,3.5867
7187,3.5862
7188,3.5859
7189,3.5855
7190,3.5851
7191,3.5848
7192,3.5844
7193,3.584
7194,3.5836
7195,3.5833
7196,3.5828
7197,3.5825
7198,3.5821
7199,3.5817
7200,3.5813
7201,3.5809
7202,3.5805
7203,3.5801
7204,3.5797
7205,3.5793
7206,3.5789
7207,3.5784
7208,3.5781
7209,3.5776
7210,3.5773
7211,3.5768
7212,3.5763
7213,3.5759
7214,3.5755
7215,3.5751
7216,3.5746
7217,3.5743
7218,3.5738
7219,3.5733
7220,3.5728
7221,3.5724
7222,3.5719
7223,3.5716
7224,3.5711
7225,3.5706
7226,3.5701
7227,3.5697
7228,3.5692
7229,3.5687
7230,3.5682
7231,3.5677
7232,3.5673
7233,3.5668
7234,3.5663
7235,3.5658
7236,3.5654
7237,3.5649
7238,3.5644
7239,3.5639
7240,3.5635
7241,3.5628
7242,3.5623
7243,3.5619
7244,3.5614
7245,3.5609
7246,3.5604
7247,3.5598
7248,3.5593
7249,3.5588
7250,3.5584
7251,3.5577
7252,3.5573
7253,3.5568
7254,3.5561
7255,3.5557
7256,3.5552
7257,3.5546
7258,3.5541
7259,3.5536
7260,3.553
7261,3.5525
7262,3.5519
7263,3.5514
7264,3.5507
7265,3.5503
7266,3.5496
7267,3.5492
7268,3.5485
7269,3.548
7270,3.5474
7271,3.5469
7272,3.5463
7273,3.5458
7274,3.5452
7275,3.5447
7276,3.5441
7277,3.5434
7278,3.543
7279,3.5423
7280,3.5417
7281,3.5412
7282,3.5406
7283,3.5399
7284,3.5395
7285,3.5388
7286,3.5382
7287,3.5376
7288,3.5371
7289,3.5364
7290,3.5358
7291,3.5352
7292,3.5347
7293,3.5341
7294,3.5334
7295,3.5328
7296,3.5322
7297,3.5317
7298,3.531
7299,3.5304
7300,3.5298
7301,3.5291
7302,3.5285
7303,3.528
7304,3.5274
7305,3.5267
7306,3.5261
7307,3.5255
7308,3.5248
7309,3.5242
7310,3.5236
7311,3.5229
7312,3.5223
7313,3.5217
7314,3.521
7315,3.5205
7316,3.5198
7317,3.5193
7318,3.5185
7319,3.5178
7320,3.5172
7321,3.5166
7322,3.5159
7323,3.5153
7324,3.5147
7325,3.514
7326,3.5134
7327,3.5126
7328,3.512
7329,3.5113
7330,3.5107
7331,3.5101
7332,3.5093
7333,3.5086
7334,3.508
7335,3.5072
7336,3.5066
7337,3.5059
7338,3.5051
7339,3.5045
7340,3.5037
7341,3.5031
7342,3.5023
7343,3.5016
7344,3.5008
7345,3.5
7346,3.4994
7347,3.4986
7348,3.4978
7349,3.497
7350,3.4964
7351,3.4956
7352,3.4948
7353,3.494
7354,3.4932
7355,3.4924
7356,3.4916
7357,3.4908
7358,3.49
7359,3.4891
7360,3.4883
7361,3.4875
7362,3.4867
7363,3.4857
7364,3.485
7365,3.484
7366,3.4832
7367,3.4823
7368,3.4813
7369,3.4805
7370,3.4795
7371,3.4786
7372,3.4776
7373,3.4767
7374,3.4757
7375,3.4748
7376,3.4738
7377,3.4729
7378,3.4719
7379,3.4708
7380,3.4699
7381,3.4689
7382,3.4678
7383,3.4667
7384,3.4657
7385,3.4646
7386,3.4635
7387,3.4624
7388,3.4613
7389,3.4602
7390,3.459
7391,3.4579
7392,3.4568
7393,3.4556
7394,3.4544
7395,3.4532
7396,3.4521
7397,3.4508
7398,3.4495
7399,3.4482
7400,3.4471
7401,3.4459
7402,3.4444
7403,3.4432
7404,3.4419
7405,3.4406
7406,3.4392
7407,3.4379
7408,3.4365
7409,3.4352
7410,3.4338
7411,3.4324
7412,3.4309
7413,3.4295
7414,3.4281
7415,3.4266
7416,3.425
7417,3.4236
7418,3.422
7419,3.4206
7420,3.419
7421,3.4174
7422,3.416
7423,3.4144
7424,3.4128
7425,3.4112
7426,3.4095
7427,3.4079
7428,3.4063
7429,3.4045
7430,3.403
7431,3.4012
7432,3.3995
7433,3.3977
7434,3.396
7435,3.3942
7436,3.3925
7437,3.3906
7438,3.3888
7439,3.3869
7440,3.3852
7441,3.3832
7442,3.3813
7443,3.3794
7444,3.3775
7445,3.3756
7446,3.3737
7447,3.3718
7448,3.3697
7449,3.3678
7450,3.3658
7451,3.3637
7452,3.3618
7453,3.3597
7454,3.3577
7455,3.3554
7456,3.3534
7457,3.3513
7458,3.3491
7459,3.3469
7460,3.3448
7461,3.3426
7462,3.3403
7463,3.3381
7464,3.3357
7465,3.3335
7466,3.3313
7467,3.3289
7468,3.3265
7469,3.3241
7470,3.3217
7471,3.3194
7472,3.317
7473,3.3144
7474,3.3121
7475,3.3095
7476,3.307
7477,3.3046
7478,3.3019
7479,3.2993
7480,3.2968
7481,3.2941
7482,3.2916
7483,3.2888
7484,3.2861
7485,3.2834
7486,3.2807
7487,3.2779
7488,3.2752
7489,3.2723
7490,3.2695
7491,3.2666
7492,3.2637
7493,3.2609
7494,3.2579
7495,3.2548
7496,3.2518
7497,3.249
7498,3.2458
7499,3.2428
7500,3.2396
7501,3.2364
7502,3.2332
7503,3.23
7504,3.2269
7505,3.2237
7506,3.2204
7507,3.217
7508,3.2137
7509,3.2102
7510,3.2068
7511,3.2034
7512,3.1999
7513,3.1964
7514,3.1929
7515,3.1892
7516,3.1856
7517,3.1819
7518,3.1782
7519,3.1746
7520,3.1708
7521,3.167
7522,3.1631
7523,3.1592
7524,3.1554
7525,3.1514
7526,3.1474
7527,3.1433
7528,3.1391
7529,3.135
7530,3.1309
7531,3.1268
7532,3.1225
7533,3.1182
7534,3.1139
7535,3.1094
7536,3.105
7537,3.1005
7538,3.0959
7539,3.0915
7540,3.0867
7541,3.0821
7542,3.0773
7543,3.0726
7544,3.0678
7545,3.0629
7546,3.0579
7547,3.053
7548,3.0479
7549,3.0428
7550,3.0378
7551,3.0325
7552,3.0273
7553,3.0219
7554,3.0166
7555,3.0111
7556,3.0057
7557,2.9999
7558,2.9944
7559,2.9887
7560,2.9829
7561,2.9771
7562,2.9712
7563,2.9651
7564,2.9591
7565,2.9529
7566,2.9467
7567,2.9405
7568,2.9341
7569,2.9276
7570,2.9211
7571,2.9146
7572,2.9079
7573,2.9011
7574,2.8943
7575,2.8873
7576,2.8803
7577,2.8731
7578,2.8658
7579,2.8585
7580,2.851
7581,2.8436
7582,2.8359
7583,2.8281
7584,2.8204
7585,2.8124
7586,2.8043
7587,2.796
7588,2.7878
7589,2.7794
7590,2.7709
7591,2.7622
7592,2.7535
7593,2.7446
7594,2.7357
7595,2.7264
7596,2.7172
7597,2.7078
7598,2.6983
7599,2.6888
7600,2.6791
7601,2.6692
7602,2.6592
7603,2.6492
7604,2.639
7605,2.6287
7606,2.6184
7607,2.6079
7608,2.5972
7609,2.5864
7610,2.5756
7611,2.5647
7612,2.5537
7613,2.5424
7614,2.5311
7615,2.5197
7616,2.5081
7617,2.5
7618,2.514
7619,2.6181
7620,2.7182
7621,2.8202
7622,2.9046
7623,3.0061
7624,3.0886
7625,3.1892
7626,3.1983
7627,3.2757
7628,3.333
7629,3.3748
7630,3.4052
7631,3.4263
7632,3.4408
7633,3.4506
7634,3.4575
7635,3.4627
7636,3.4667
7637,3.4699
7638,3.4726
7639,3.4748
7640,3.4768
7641,3.4786
7642,3.48
7643,3.4815
7644,3.4827
7645,3.4838
7646,3.485
7647,3.4859
7648,3.4869
7649,3.4877
7650,3.4884
7651,3.4892
7652,3.4899
7653,3.4905
7654,3.4911
7655,3.4918
7656,3.4924
7657,3.4929
7658,3.4934
7659,3.494
7660,3.4945
7661,3.495
7662,3.4954
7663,3.4958
7664,3.4962
7665,3.4966
7666,3.497
7667,3.4973
7668,3.4977
7669,3.4981
7670,3.4985
7671,3.4988
7672,3.4991
7673,3.4994
7674,3.4997
7675,3.5
7676,3.5004
7677,3.5005
7678,3.5008
7679,3.5012
7680,3.5015
7681,3.5016
7682,3.502
7683,3.5021
7684,3.5024
7685,3.5026
7686,3.5029
7687,3.5031
7688,3.5034
7689,3.5035
7690,3.5039
7691,3.504
7692,3.5042
7693,3.5043
7694,3.5047
7695,3.5048
7696,3.505
7697,3.5051
7698,3.5053
7699,3.5056
7700,3.5058
7701,3.5059
7702,3.5061
7703,3.5062
7704,3.5064
7705,3.5066
7706,3.5067
7707,3.5069
7708,3.507
7709,3.5072
7710,3.5074
7711,3.5075
7712,3.5077
7713,3.5078
7714,3.508
7715,3.5082
7716,3.5083
7717,3.5085
7718,3.5085
7719,3.5086
7720,3.5088
7721,3.5089
7722,3.5091
7723,3.5093
7724,3.5093
7725,3.5094
7726,3.5096
7727,3.5097
7728,3.5099
7729,3.5099
7730,3.5101
7731,3.5102
7732,3.5102
7733,3.5104
7734,3.5105
7735,3.5107
7736,3.5107
7737,3.5109
7738,3.511
7739,3.511
7740,3.5112
7741,3.5113
7742,3.5113
7743,3.5115
7744,3.5116
7745,3.5116
7746,3.5118
7747,3.512
7748,3.512
7749,3.5121
7750,3.5121
7751,3.5123
7752,3.5123
7753,3.5124
7754,3.5126
7755,3.5126
7756,3.5128
7757,3.5128
7758,3.5129
7759,3.5129
7760,3.5131
7761,3.5131
7762,3.5132
7763,3.5134
7764,3.5134
7765,3.5136
7766,3.5136
7767,3.5137
7768,3.5137
7769,3.5139
7770,3.5139
7771,3.514
7772,3.514
7773,3.5142
7774,3.5142
7775,3.5144
7776,3.5144
7777,3.5145
7778,3.5145
7779,3.5147
7780,3.5147
7781,3.5148
7782,3.5148
7783,3.5148
7784,3.515
7785,3.515
7786,3.5151
7787,3.5151
7788,3.5153
7789,3.5153
7790,3.5155
7791,3.5155
7792,3.5155
7793,3.5156
7794,3.5156
7795,3.5158
7796,3.5158
7797,3.5159
7798,3.5159
7799,3.5159
7800,3.5161
7801,3.5161
7802,3.5161
7803,3.5163
7804,3.5246
7805,3.5659
7806,3.5695
7807,3.5716
7808,3.5732
7809,3.5745
7810,3.5756
7811,3.5765
7812,3.5773
7813,3.5781
7814,3.5788
7815,3.5794
7816,3.58
7817,3.5805
7818,3.5811
7819,3.5816
7820,3.5821
7821,3.5826
7822,3.583
7823,3.5835
7824,3.584
7825,3.5843
7826,3.5848
7827,3.5851
7828,3.5856
7829,3.5861
7830,3.5864
7831,3.5867
7832,3.587
7833,3.5875
7834,3.5878
7835,3.5881
7836,3.5884
7837,3.5888
7838,3.5891
7839,3.5896
7840,3.5899
7841,3.5902
7842,3.5905
7843,3.5908
7844,3.5911
7845,3.5913
7846,3.5916
7847,3.5919
7848,3.5923
7849,3.5926
7850,3.5929
7851,3.5931
7852,3.5934
7853,3.5937
7854,3.594
7855,3.5942
7856,3.5945
7857,3.5948
7858,3.595
7859,3.5953
7860,3.5956
7861,3.5958
7862,3.5961
7863,3.5962
7864,3.5966
7865,3.5967
7866,3.597
7867,3.5972
7868,3.5975
7869,3.5977
7870,3.598
7871,3.5981
7872,3.5985
7873,3.5986
7874,3.5989
7875,3.5991
7876,3.5993
7877,3.5996
7878,3.5997
7879,3.5999
7880,3.6002
7881,3.6004
7882,3.6007
7883,3.6008
7884,3.601
7885,3.6012
7886,3.6015
7887,3.6016
7888,3.6018
7889,3.6021
7890,3.6023
7891,3.6024
7892,3.6026
7893,3.6029
7894,3.6031
7895,3.6032
7896,3.6034
7897,3.6035
7898,3.6039
7899,3.604
7900,3.6042
7901,3.6043
7902,3.6045
7903,3.6047
7904,3.605
7905,3.6051
7906,3.6053
7907,3.6054
7908,3.6056
7909,3.6058
7910,3.6059
7911,3.6061
7912,3.6064
7913,3.6066
7914,3.6067
7915,3.6069
7916,3.607
7917,3.6072
7918,3.6074
7919,3.6075
7920,3.6077
7921,3.6078
7922,3.608
7923,3.6081
7924,3.6083
7925,3.6085
7926,3.6086
7927,3.6088
7928,3.6089
7929,3.6091
7930,3.6093
7931,3.6094
7932,3.6096
7933,3.6097
7934,3.6099
7935,3.6101
7936,3.6102
7937,3.6104
7938,3.6105
7939,3.6107
7940,3.6108
7941,3.611
7942,3.6112
7943,3.6113
7944,3.6115
7945,3.6116
7946,3.6118
7947,3.612
7948,3.6121
7949,3.6123
7950,3.6123
7951,3.6124
7952,3.6126
7953,3.6128
7954,3.6129
7955,3.6131
7956,3.6132
7957,3.6134
7958,3.6135
7959,3.6137
7960,3.6137
7961,3.6139
7962,3.614
7963,3.6142
7964,3.6143
7965,3.6145
7966,3.6147
7967,3.6148
7968,3.6148
7969,3.615
7970,3.6151
7971,3.6153
7972,3.6155
7973,3.6156
7974,3.6158
7975,3.6158
7976,3.6159
7977,3.6161
7978,3.6163
7979,3.6164
7980,3.6166
7981,3.6167
7982,3.6167
7983,3.6169
7984,3.617
7985,3.6172
7986,3.6174
7987,3.6175
7988,3.6177
7989,3.6177
7990,3.6178
7991,3.618
7992,3.6182
7993,3.6183
7994,3.6185
7995,3.6185
7996,3.6186
7997,3.6188
7998,3.619
7999,3.6191
8000,3.6193
8001,3.6193
8002,3.6194
8003,3.6196
8004,3.6197
8005,3.6199
8006,3.6201
8007,3.6201
8008,3.6202
8009,3.6204
8010,3.6205
8011,3.6207
8012,3.6207
8013,3.6209
8014,3.621
8015,3.6212
8016,3.6213
8017,3.6215
8018,3.6215
8019,3.6217
8020,3.6218
8021,3.622
8022,3.6221
8023,3.6221
8024,3.6223
8025,3.6224
8026,3.6226
8027,3.6228
8028,3.6229
8029,3.6229
8030,3.6231
8031,3.6232
8032,3.6234
8033,3.6236
8034,3.6236
8035,3.6237
8036,3.6239
8037,3.624
8038,3.6242
8039,3.6242
8040,3.6244
8041,3.6245
8042,3.6247
8043,3.6248
8044,3.625
8045,3.625
8046,3.6251
8047,3.6253
8048,3.6255
8049,3.6255
8050,3.6256
8051,3.6258
8052,3.6259
8053,3.6261
8054,3.6263
8055,3.6263
8056,3.6264
8057,3.6266
8058,3.6267
8059,3.6267
8060,3.6269
8061,3.6271
8062,3.6272
8063,3.6274
8064,3.6274
8065,3.6275
8066,3.6277
8067,3.6278
8068,3.628
8069,3.6282
8070,3.6282
8071,3.6283
8072,3.6285
8073,3.6286
8074,3.6286
8075,3.6288
8076,3.629
8077,3.6291
8078,3.6293
8079,3.6293
8080,3.6294
8081,3.6296
8082,3.6298
8083,3.6299
8084,3.6299
8085,3.6301
8086,3.6302
8087,3.6304
8088,3.6305
8089,3.6305
8090,3.6307
8091,3.6309
8092,3.631
8093,3.6312
8094,3.6312
8095,3.6313
8096,3.6315
8097,3.6317
8098,3.6317
8099,3.6318
8100,3.632
8101,3.6321
8102,3.6323
8103,3.6323
8104,3.6325
8105,3.6326
8106,3.6328
8107,3.6328
8108,3.6329
8109,3.6331
8110,3.6332
8111,3.6334
8112,3.6334
8113,3.6336
8114,3.6337
8115,3.6339
8116,3.6339
8117,3.634
8118,3.6342
8119,3.6344
8120,3.6344
8121,3.6345
8122,3.6347
8123,3.6348
8124,3.635
8125,3.635
8126,3.6352
8127,3.6353
8128,3.6355
8129,3.6355
8130,3.6356
8131,3.6358
8132,3.636
8133,3.6361
8134,3.6361
8135,3.6363
8136,3.6364
8137,3.6366
8138,3.6366
8139,3.6367
8140,3.6369
8141,3.6371
8142,3.6372
8143,3.6372
8144,3.6374
8145,3.6375
8146,3.6377
8147,3.6377
8148,3.6379
8149,3.638
8150,3.6382
8151,3.6383
8152,3.6383
8153,3.6385
8154,3.6387
8155,3.6388
8156,3.6388
8157,3.639
8158,3.6391
8159,3.6393
8160,3.6394
8161,3.6394
8162,3.6396
8163,3.6398
8164,3.6399
8165,3.6399
8166,3.6401
8167,3.6402
8168,3.6404
8169,3.6406
8170,3.6406
8171,3.6407
8172,3.6409
8173,3.641
8174,3.641
8175,3.6412
8176,3.6414
8177,3.6415
8178,3.6415
8179,3.6417
8180,3.6418
8181,3.642
8182,3.642
8183,3.6421
8184,3.6423
8185,3.6425
8186,3.6425
8187,3.6426
8188,3.6428
8189,3.6429
8190,3.6429
8191,3.6431
8192,3.6433
8193,3.6434
8194,3.6436
8195,3.6436
8196,3.6437
8197,3.6439
8198,3.6441
8199,3.6441
8200,3.6442
8201,3.6444
8202,3.6445
8203,3.6445
8204,3.6447
8205,3.6448
8206,3.645
8207,3.645
8208,3.6452
8209,3.6453
8210,3.6455
8211,3.6456
8212,3.6456
8213,3.6458
8214,3.646
8215,3.6461
8216,3.6461
8217,3.6463
8218,3.6464
8219,3.6466
8220,3.6466
8221,3.6468
8222,3.6469
8223,3.6471
8224,3.6471
8225,3.6472
8226,3.6474
8227,3.6475
8228,3.6475
8229,3.6477
8230,3.6479
8231,3.648
8232,3.648
8233,3.6482
8234,3.6483
8235,3.6485
8236,3.6485
8237,3.6487
8238,3.6488
8239,3.649
8240,3.649
8241,3.6491
8242,3.6493
8243,3.6495
8244,3.6495
8245,3.6496
8246,3.6498
8247,3.6499
8248,3.6499
8249,3.6501
8250,3.6502
8251,3.6504
8252,3.6504
8253,3.6506
8254,3.6507
8255,3.6509
8256,3.6509
8257,3.651
8258,3.6512
8259,3.6514
8260,3.6514
8261,3.6515
8262,3.6517
8263,3.6518
8264,3.6518
8265,3.652
8266,3.6522
8267,3.6523
8268,3.6523
8269,3.6525
8270,3.6526
8271,3.6528
8272,3.6528
8273,3.6529
8274,3.6531
8275,3.6533
8276,3.6533
8277,3.6534
8278,3.6536
8279,3.6537
8280,3.6537
8281,3.6539
8282,3.6541
8283,3.6542
8284,3.6542
8285,3.6544
8286,3.6545
8287,3.6547
8288,3.6547
8289,3.6549
8290,3.655
8291,3.655
8292,3.6552
8293,3.6553
8294,3.6555
8295,3.6555
8296,3.6557
8297,3.6558
8298,3.656
8299,3.656
8300,3.6561
8301,3.6563
8302,3.6564
8303,3.6564
8304,3.6566
8305,3.6568
8306,3.6569
8307,3.6569
8308,3.6571
8309,3.6572
8310,3.6572
8311,3.6574
8312,3.6576
8313,3.6577
8314,3.6577
8315,3.6579
8316,3.658
8317,3.6582
8318,3.6582
8319,3.6584
8320,3.6585
8321,3.6587
8322,3.6587
8323,3.6588
8324,3.659
8325,3.659
8326,3.6591
8327,3.6593
8328,3.6595
8329,3.6595
8330,3.6596
8331,3.6598
8332,3.6599
8333,3.6599
8334,3.6601
8335,3.6603
8336,3.6603
8337,3.6604
8338,3.6606
8339,3.6607
8340,3.6607
8341,3.6609
8342,3.6611
8343,3.6612
8344,3.6612
8345,3.6614
8346,3.6615
8347,3.6617
8348,3.6617
8349,3.6618
8350,3.662
8351,3.662
8352,3.6622
8353,3.6623
8354,3.6625
8355,3.6625
8356,3.6626
8357,3.6628
8358,3.6628
8359,3.663
8360,3.6631
8361,3.6633
8362,3.6633
8363,3.6634
8364,3.6636
8365,3.6638
8366,3.6638
8367,3.6639
8368,3.6641
8369,3.6641
8370,3.6642
8371,3.6644
8372,3.6645
8373,3.6645
8374,3.6647
8375,3.6649
8376,3.6649
8377,3.665
8378,3.6652
8379,3.6652
8380,3.6653
8381,3.6655
8382,3.6657
8383,3.6657
8384,3.6658
8385,3.666
8386,3.6661
8387,3.6661
8388,3.6663
8389,3.6665
8390,3.6665
8391,3.6666
8392,3.6668
8393,3.6669
8394,3.6669
8395,3.6671
8396,3.6672
8397,3.6672
8398,3.6674
8399,3.6676
8400,3.6676
8401,3.6677
8402,3.6679
8403,3.668
8404,3.668
8405,3.6682
8406,3.6684
8407,3.6684
8408,3.6685
8409,3.6687
8410,3.6688
8411,3.6688
8412,3.669
8413,3.6692
8414,3.6693
8415,3.6693
8416,3.6695
8417,3.6696
8418,3.6696
8419,3.6698
8420,3.6699
8421,3.6699
8422,3.6701
8423,3.6703
8424,3.6704
8425,3.6704
8426,3.6706
8427,3.6707
8428,3.6707
8429,3.6709
8430,3.6711
8431,3.6712
8432,3.6712
8433,3.6714
8434,3.6715
8435,3.6717
8436,3.6717
8437,3.6719
8438,3.672
8439,3.672
8440,3.6722
8441,3.6723
8442,3.6723
8443,3.6725
8444,3.6726
8445,3.6728
8446,3.6728
8447,3.673
8448,3.6731
8449,3.6733
8450,3.6733
8451,3.6734
8452,3.6736
8453,3.6736
8454,3.6738
8455,3.6739
8456,3.6741
8457,3.6741
8458,3.6742
8459,3.6744
8460,3.6744
8461,3.6746
8462,3.6747
8463,3.6749
8464,3.6749
8465,3.675
8466,3.6752
8467,3.6752
8468,3.6754
8469,3.6755
8470,3.6755
8471,3.6757
8472,3.6758
8473,3.676
8474,3.676
8475,3.6761
8476,3.6763
8477,3.6765
8478,3.6765
8479,3.6766
8480,3.6768
8481,3.6768
8482,3.6769
8483,3.6771
8484,3.6773
8485,3.6773
8486,3.6774
8487,3.6776
8488,3.6776
8489,3.6777
8490,3.6779
8491,3.6781
8492,3.6782
8493,3.6782
8494,3.6784
8495,3.6785
8496,3.6785
8497,3.6787
8498,3.6788
8499,3.679
8500,3.679
8501,3.6792
8502,3.6793
8503,3.6795
8504,3.6795
8505,3.6796
8506,3.6798
8507,3.6798
8508,3.68
8509,3.6801
8510,3.6803
8511,3.6803
8512,3.6804
8513,3.6806
8514,3.6808
8515,3.6808
8516,3.6809
8517,3.6811
8518,3.6811
8519,3.6812
8520,3.6814
8521,3.6815
8522,3.6817
8523,3.6817
8524,3.6819
8525,3.682
8526,3.6822
8527,3.6822
8528,3.6823
8529,3.6825
8530,3.6827
8531,3.6827
8532,3.6828
8533,3.683
8534,3.6831
8535,3.6831
8536,3.6833
8537,3.6835
8538,3.6836
8539,3.6836
8540,3.6838
8541,3.6839
8542,3.6841
8543,3.6841
8544,3.6842
8545,3.6844
8546,3.6846
8547,3.6846
8548,3.6847
8549,3.6849
8550,3.685
8551,3.6852
8552,3.6852
8553,3.6854
8554,3.6855
8555,3.6857
8556,3.6857
8557,3.6858
8558,3.686
8559,3.6862
8560,3.6862
8561,3.6863
8562,3.6865
8563,3.6866
8564,3.6868
8565,3.6868
8566,3.6869
8567,3.6871
8568,3.6873
8569,3.6873
8570,3.6874
8571,3.6876
8572,3.6877
8573,3.6879
8574,3.6879
8575,3.6881
8576,3.6882
8577,3.6884
8578,3.6885
8579,3.6885
8580,3.6887
8581,3.6889
8582,3.689
8583,3.6892
8584,3.6893
8585,3.6893
8586,3.6895
8587,3.6896
8588,3.6898
8589,3.6898
8590,3.69
8591,3.6901
8592,3.6903
8593,3.6904
8594,3.6906
8595,3.6906
8596,3.6908
8597,3.6909
8598,3.6911
8599,3.6912
8600,3.6912
8601,3.6914
8602,3.6916
8603,3.6917
8604,3.6919
8605,3.692
8606,3.692
8607,3.6922
8608,3.6923
8609,3.6925
8610,3.6927
8611,3.6927
8612,3.6928
8613,3.693
8614,3.6931
8615,3.6933
8616,3.6935
8617,3.6935
8618,3.6936
8619,3.6938
8620,3.6939
8621,3.6941
8622,3.6943
8623,3.6944
8624,3.6944
8625,3.6946
8626,3.6947
8627,3.6949
8628,3.695
8629,3.6952
8630,3.6954
8631,3.6954
8632,3.6955
8633,3.6957
8634,3.6958
8635,3.696
8636,3.6962
8637,3.6962
8638,3.6963
8639,3.6965
8640,3.6966
8641,3.6968
8642,3.697
8643,3.6971
8644,3.6973
8645,3.6973
8646,3.6974
8647,3.6976
8648,3.6978
8649,3.6979
8650,3.6981
8651,3.6982
8652,3.6984
8653,3.6984
8654,3.6985
8655,3.6987
8656,3.6989
8657,3.699
8658,3.6992
8659,3.6993
8660,3.6995
8661,3.6997
8662,3.6997
8663,3.6998
8664,3.7
8665,3.7001
8666,3.7003
8667,3.7005
8668,3.7006
8669,3.7008
8670,3.7009
8671,3.7011
8672,3.7011
8673,3.7012
8674,3.7014
8675,3.7016
8676,3.7017
8677,3.7019
8678,3.702
8679,3.7022
8680,3.7024
8681,3.7025
8682,3.7027
8683,3.7027
8684,3.7028
8685,3.703
8686,3.7032
8687,3.7033
8688,3.7035
8689,3.7036
8690,3.7038
8691,3.7039
8692,3.7041
8693,3.7043
8694,3.7044
8695,3.7046
8696,3.7047
8697,3.7049
8698,3.7049
8699,3.7051
8700,3.7052
8701,3.7054
8702,3.7055
8703,3.7057
8704,3.7059
8705,3.706
8706,3.7062
8707,3.7063
8708,3.7065
8709,3.7066
8710,3.7068
8711,3.707
8712,3.7071
8713,3.7073
8714,3.7074
8715,3.7076
8716,3.7078
8717,3.7078
8718,3.7079
8719,3.7081
8720,3.7082
8721,3.7084
8722,3.7086
8723,3.7087
8724,3.7089
8725,3.709
8726,3.7092
8727,3.7093
8728,3.7095
8729,3.7097
8730,3.7093
8731,3.7093
8732,3.7093
8733,3.7093
8734,3.7093
8735,3.7093
8736,3.7093
8737,3.7093
8738,3.7093
8739,3.7093
8740,3.7093
8741,3.7093
8742,3.7093
8743,3.7093
8744,3.7093
8745,3.7093
8746,3.7093
8747,3.7093
8748,3.7093
8749,3.7093
8750,3.7093
8751,3.7093
8752,3.7093
8753,3.7093
8754,3.7093
8755,3.7093
8756,3.7093
8757,3.7093
8758,3.7093
8759,3.7093
8760,3.7093
8761,3.7093
8762,3.7093
8763,3.7093
8764,3.7073
8765,3.7065
8766,3.7062
8767,3.7058
8768,3.7057
8769,3.7057
8770,3.7055
8771,3.7055
8772,3.7054
8773,3.7054
8774,3.7052
8775,3.7052
8776,3.7051
8777,3.7051
8778,3.7051
8779,3.7049
8780,3.7049
8781,3.7049
8782,3.7049
8783,3.7049
8784,3.7047
8785,3.7047
8786,3.7047
8787,3.7047
8788,3.7046
8789,3.7046
8790,3.7046
8791,3.7046
8792,3.7046
8793,3.7046
8794,3.7046
8795,3.7044
8796,3.7044
8797,3.7044
8798,3.7044
8799,3.7044
8800,3.7044
8801,3.7044
8802,3.7043
8803,3.7043
8804,3.7043
8805,3.7043
8806,3.7043
8807,3.7043
8808,3.7043
8809,3.7043
8810,3.7043
8811,3.7043
8812,3.7043
8813,3.7043
8814,3.7041
8815,3.7041
8816,3.7041
8817,3.7041
8818,3.7041
8819,3.7041
8820,3.7041
8821,3.7041
8822,3.7041
8823,3.7041
8824,3.7041
8825,3.7041
8826,3.7041
8827,3.7041
8828,3.7041
8829,3.7039
8830,3.7039
8831,3.7039
8832,3.7039
8833,3.7039
8834,3.7039
8835,3.7039
8836,3.7039
8837,3.7039
8838,3.7039
8839,3.7039
8840,3.7039
8841,3.7039
8842,3.7039
8843,3.7039
8844,3.7039
8845,3.7039
8846,3.7039
8847,3.7039
8848,3.7039
8849,3.7039
8850,3.7039
8851,3.7039
8852,3.7038
8853,3.7039
8854,3.7038
8855,3.7038
8856,3.7038
8857,3.7038
8858,3.7038
8859,3.7038
8860,3.7038
8861,3.7038
8862,3.7038
8863,3.7038
8864,3.7038
8865,3.7038
8866,3.7038
8867,3.7038
8868,3.7038
8869,3.7038
8870,3.7038
8871,3.7038
8872,3.7038
8873,3.7038
8874,3.7038
8875,3.7038
8876,3.7038
8877,3.7038
8878,3.7038
8879,3.7038
8880,3.7038
8881,3.7038
8882,3.7038
8883,3.7038
8884,3.7038
8885,3.7038
8886,3.7038
8887,3.7038
8888,3.7038
8889,3.7038
8890,3.7036
8891,3.7038
8892,3.7036
8893,3.7036
8894,3.7036
8895,3.7036
8896,3.7036
8897,3.7036
8898,3.7038
8899,3.7036
8900,3.7036
8901,3.7036
8902,3.7036
8903,3.7036
8904,3.7036
8905,3.7036
8906,3.7036
8907,3.7036
8908,3.7036
8909,3.7036
8910,3.7036
8911,3.7036
8912,3.7036
8913,3.7036
8914,3.7036
8915,3.7036
8916,3.7036
8917,3.7036
8918,3.7036
8919,3.7036
8920,3.7036
8921,3.7036
8922,3.7036
8923,3.7036
8924,3.7036
8925,3.7036
8926,3.7036
8927,3.7036
8928,3.7036
8929,3.7036
8930,3.7036
8931,3.7036
8932,3.7036
8933,3.7036
8934,3.7036
8935,3.7036
8936,3.7036
8937,3.7036
8938,3.7036
8939,3.7036
8940,3.7036
8941,3.7036
8942,3.7036
8943,3.7036
8944,3.7036
