,voltage
0,3.4229
1,3.4229
2,3.4231
3,3.4229
4,3.4231
5,3.4229
6,3.4231
7,3.4231
8,3.4231
9,3.4231
10,3.4231
11,3.4231
12,3.4229
13,3.4229
14,3.4229
15,3.4231
16,3.4231
17,3.4231
18,3.4231
19,3.4231
20,3.4231
21,3.4231
22,3.4231
23,3.4231
24,3.4231
25,3.4231
26,3.4231
27,3.4231
28,3.4231
29,3.4231
30,3.4231
31,3.4231
32,3.4229
33,3.4231
34,3.4231
35,3.4231
36,3.4231
37,3.4231
38,3.4231
39,3.4231
40,3.4231
41,3.4231
42,3.4231
43,3.4231
44,3.4229
45,3.4231
46,3.4231
47,3.4231
48,3.4231
49,3.4231
50,3.4231
51,3.4231
52,3.4231
53,3.4231
54,3.4229
55,3.4231
56,3.4231
57,3.4231
58,3.4231
59,3.4231
60,3.4231
61,3.5812
62,3.6663
63,3.659
64,3.6546
65,3.6515
66,3.6493
67,3.6476
68,3.6461
69,3.645
70,3.6441
71,3.6433
72,3.6425
73,3.6418
74,3.6414
75,3.6409
76,3.6406
77,3.6401
78,3.6399
79,3.6396
80,3.6393
81,3.6391
82,3.639
83,3.639
84,3.6388
85,3.6387
86,3.6387
87,3.6387
88,3.6387
89,3.6385
90,3.6385
91,3.6387
92,3.6387
93,3.6387
94,3.6387
95,3.6388
96,3.6388
97,3.639
98,3.639
99,3.6391
100,3.6393
101,3.6393
102,3.6395
103,3.6396
104,3.6398
105,3.6399
106,3.6399
107,3.6401
108,3.6403
109,3.6404
110,3.6406
111,3.6407
112,3.6409
113,3.641
114,3.6412
115,3.6414
116,3.6415
117,3.6417
118,3.6418
119,3.642
120,3.6423
121,3.6425
122,3.6426
123,3.6428
124,3.643
125,3.6431
126,3.6433
127,3.6434
128,3.6436
129,3.6437
130,3.6441
131,3.6442
132,3.6444
133,3.6445
134,3.6447
135,3.6449
136,3.645
137,3.6452
138,3.6455
139,3.6457
140,3.6458
141,3.646
142,3.6461
143,3.6463
144,3.6464
145,3.6466
146,3.6469
147,3.6471
148,3.6472
149,3.6474
150,3.6476
151,3.6477
152,3.6479
153,3.648
154,3.6482
155,3.6484
156,3.6485
157,3.6487
158,3.6488
159,3.649
160,3.6491
161,3.6493
162,3.6496
163,3.6498
164,3.6498
165,3.6499
166,3.6501
167,3.6503
168,3.6504
169,3.6506
170,3.6507
171,3.6509
172,3.6511
173,3.6512
174,3.6514
175,3.6515
176,3.6517
177,3.6518
178,3.652
179,3.6522
180,3.6523
181,3.6523
182,3.6526
183,3.6526
184,3.6528
185,3.653
186,3.6531
187,3.6533
188,3.6534
189,3.6536
190,3.6536
191,3.6538
192,3.6539
193,3.6541
194,3.6542
195,3.6544
196,3.6544
197,3.6546
198,3.6547
199,3.6549
200,3.655
201,3.6552
202,3.6552
203,3.6553
204,3.6555
205,3.6555
206,3.6557
207,3.6558
208,3.656
209,3.6561
210,3.6561
211,3.6563
212,3.6565
213,3.6566
214,3.6566
215,3.6568
216,3.6569
217,3.6569
218,3.6571
219,3.6573
220,3.6574
221,3.6574
222,3.6576
223,3.6577
224,3.6577
225,3.6579
226,3.658
227,3.658
228,3.6582
229,3.6584
230,3.6584
231,3.6585
232,3.6587
233,3.6587
234,3.6588
235,3.659
236,3.659
237,3.6592
238,3.6593
239,3.6593
240,3.6595
241,3.6595
242,3.6596
243,3.6598
244,3.6598
245,3.66
246,3.66
247,3.6601
248,3.6603
249,3.6603
250,3.6604
251,3.6604
252,3.6606
253,3.6607
254,3.6607
255,3.6609
256,3.6609
257,3.6611
258,3.6611
259,3.6612
260,3.6612
261,3.6614
262,3.6615
263,3.6615
264,3.6617
265,3.6617
266,3.6619
267,3.6619
268,3.662
269,3.6622
270,3.6622
271,3.6623
272,3.6623
273,3.6625
274,3.6625
275,3.6627
276,3.6627
277,3.6628
278,3.6628
279,3.663
280,3.663
281,3.6631
282,3.6631
283,3.6633
284,3.6633
285,3.6634
286,3.6634
287,3.6636
288,3.6636
289,3.6638
290,3.6638
291,3.6639
292,3.6639
293,3.6641
294,3.6641
295,3.6642
296,3.6642
297,3.6644
298,3.6644
299,3.6646
300,3.6646
301,3.6647
302,3.6647
303,3.6649
304,3.6649
305,3.665
306,3.665
307,3.6652
308,3.6652
309,3.6652
310,3.6654
311,3.6654
312,3.6655
313,3.6655
314,3.6657
315,3.6657
316,3.6658
317,3.6658
318,3.666
319,3.666
320,3.6661
321,3.6661
322,3.6663
323,3.6663
324,3.6663
325,3.6665
326,3.6665
327,3.6666
328,3.6666
329,3.6668
330,3.6668
331,3.6669
332,3.6669
333,3.6669
334,3.6671
335,3.6671
336,3.6673
337,3.6673
338,3.6673
339,3.6674
340,3.6676
341,3.6676
342,3.6676
343,3.6677
344,3.6677
345,3.6679
346,3.6679
347,3.6681
348,3.6681
349,3.6681
350,3.6682
351,3.6682
352,3.6684
353,3.6684
354,3.6685
355,3.6685
356,3.6685
357,3.6687
358,3.6687
359,3.6688
360,3.6688
361,3.669
362,3.669
363,3.669
364,3.6692
365,3.6692
366,3.6693
367,3.6693
368,3.6695
369,3.6695
370,3.6695
371,3.6696
372,3.6696
373,3.6698
374,3.6698
375,3.6698
376,3.67
377,3.67
378,3.67
379,3.6701
380,3.6701
381,3.6703
382,3.6703
383,3.6704
384,3.6704
385,3.6704
386,3.6706
387,3.6706
388,3.6708
389,3.6708
390,3.6708
391,3.6709
392,3.6709
393,3.6711
394,3.6711
395,3.6711
396,3.6712
397,3.6712
398,3.6712
399,3.6714
400,3.6714
401,3.6715
402,3.6715
403,3.6717
404,3.6717
405,3.6717
406,3.6719
407,3.6719
408,3.672
409,3.672
410,3.672
411,3.6722
412,3.6722
413,3.6723
414,3.6723
415,3.6723
416,3.6725
417,3.6725
418,3.6727
419,3.6727
420,3.6727
421,3.6728
422,3.6728
423,3.6728
424,3.673
425,3.673
426,3.6731
427,3.6731
428,3.6731
429,3.6733
430,3.6733
431,3.6735
432,3.6735
433,3.6735
434,3.6736
435,3.6736
436,3.6738
437,3.6738
438,3.6738
439,3.6739
440,3.6739
441,3.6741
442,3.6741
443,3.6741
444,3.6742
445,3.6742
446,3.6744
447,3.6744
448,3.6744
449,3.6746
450,3.6746
451,3.6746
452,3.6747
453,3.6747
454,3.6749
455,3.6749
456,3.6749
457,3.675
458,3.675
459,3.6752
460,3.6752
461,3.6752
462,3.6754
463,3.6754
464,3.6754
465,3.6755
466,3.6755
467,3.6757
468,3.6757
469,3.6757
470,3.6758
471,3.6758
472,3.6758
473,3.676
474,3.676
475,3.676
476,3.6762
477,3.6762
478,3.6763
479,3.6763
480,3.6763
481,3.6765
482,3.6765
483,3.6766
484,3.6766
485,3.6766
486,3.6768
487,3.6768
488,3.6768
489,3.6769
490,3.6769
491,3.6771
492,3.6771
493,3.6771
494,3.6773
495,3.6773
496,3.6773
497,3.6774
498,3.6774
499,3.6776
500,3.6776
501,3.6776
502,3.6777
503,3.6777
504,3.6779
505,3.6779
506,3.6779
507,3.6781
508,3.6781
509,3.6781
510,3.6782
511,3.6782
512,3.6782
513,3.6784
514,3.6784
515,3.6785
516,3.6785
517,3.6785
518,3.6787
519,3.6787
520,3.6789
521,3.6789
522,3.6789
523,3.679
524,3.679
525,3.679
526,3.6792
527,3.6792
528,3.6793
529,3.6793
530,3.6793
531,3.6795
532,3.6795
533,3.6795
534,3.6796
535,3.6796
536,3.6798
537,3.6798
538,3.6798
539,3.68
540,3.68
541,3.68
542,3.6801
543,3.6801
544,3.6803
545,3.6803
546,3.6803
547,3.6804
548,3.6804
549,3.6804
550,3.6806
551,3.6806
552,3.6808
553,3.6808
554,3.6808
555,3.6809
556,3.6809
557,3.6809
558,3.6811
559,3.6811
560,3.6812
561,3.6812
562,3.6812
563,3.6814
564,3.6814
565,3.6814
566,3.6816
567,3.6816
568,3.6817
569,3.6817
570,3.6817
571,3.6819
572,3.6819
573,3.682
574,3.682
575,3.682
576,3.6822
577,3.6822
578,3.6822
579,3.6823
580,3.6823
581,3.6823
582,3.6825
583,3.6825
584,3.6827
585,3.6827
586,3.6827
587,3.6828
588,3.6828
589,3.683
590,3.683
591,3.683
592,3.6831
593,3.6831
594,3.6831
595,3.6833
596,3.6833
597,3.6835
598,3.6835
599,3.6835
600,3.6836
601,3.6836
602,3.6836
603,3.6838
604,3.6838
605,3.6839
606,3.6839
607,3.6839
608,3.6841
609,3.6841
610,3.6843
611,3.6843
612,3.6843
613,3.6844
614,3.6844
615,3.6844
616,3.6846
617,3.6846
618,3.6847
619,3.6847
620,3.6847
621,3.6849
622,3.6849
623,3.6851
624,3.6851
625,3.6851
626,3.6852
627,3.6852
628,3.6854
629,3.6854
630,3.6854
631,3.6855
632,3.6855
633,3.6855
634,3.6857
635,3.6857
636,3.6857
637,3.6858
638,3.6858
639,3.686
640,3.686
641,3.686
642,3.6862
643,3.6862
644,3.6863
645,3.6863
646,3.6863
647,3.6865
648,3.6865
649,3.6865
650,3.6866
651,3.6866
652,3.6868
653,3.6868
654,3.6868
655,3.687
656,3.687
657,3.6871
658,3.6871
659,3.6871
660,3.6873
661,3.6873
662,3.6874
663,3.6874
664,3.6874
665,3.6876
666,3.6876
667,3.6876
668,3.6878
669,3.6878
670,3.6879
671,3.6879
672,3.6879
673,3.6881
674,3.6881
675,3.6882
676,3.6882
677,3.6882
678,3.6884
679,3.6884
680,3.6885
681,3.6885
682,3.6885
683,3.6887
684,3.6887
685,3.6889
686,3.6889
687,3.6889
688,3.689
689,3.689
690,3.689
691,3.6892
692,3.6892
693,3.6893
694,3.6893
695,3.6893
696,3.6895
697,3.6895
698,3.6897
699,3.6897
700,3.6897
701,3.6898
702,3.6898
703,3.69
704,3.69
705,3.69
706,3.6901
707,3.6901
708,3.6903
709,3.6903
710,3.6903
711,3.6905
712,3.6905
713,3.6905
714,3.6906
715,3.6906
716,3.6908
717,3.6908
718,3.6909
719,3.6909
720,3.6909
721,3.6911
722,3.6911
723,3.6911
724,3.6912
725,3.6912
726,3.6914
727,3.6914
728,3.6914
729,3.6916
730,3.6916
731,3.6916
732,3.6917
733,3.6917
734,3.6919
735,3.6919
736,3.692
737,3.692
738,3.692
739,3.6922
740,3.6922
741,3.6924
742,3.6924
743,3.6924
744,3.6925
745,3.6925
746,3.6925
747,3.6927
748,3.6927
749,3.6928
750,3.6928
751,3.6928
752,3.693
753,3.693
754,3.6932
755,3.6932
756,3.6933
757,3.6933
758,3.6933
759,3.6935
760,3.6935
761,3.6936
762,3.6936
763,3.6936
764,3.6938
765,3.6938
766,3.6938
767,3.6939
768,3.6939
769,3.6941
770,3.6941
771,3.6943
772,3.6943
773,3.6943
774,3.6944
775,3.6944
776,3.6946
777,3.6946
778,3.6947
779,3.6947
780,3.6947
781,3.6949
782,3.6949
783,3.6949
784,3.6951
785,3.6951
786,3.6952
787,3.6952
788,3.6952
789,3.6954
790,3.6954
791,3.6955
792,3.6955
793,3.6957
794,3.6957
795,3.6957
796,3.6959
797,3.6959
798,3.696
799,3.696
800,3.6962
801,3.6962
802,3.6962
803,3.6963
804,3.6963
805,3.6965
806,3.6965
807,3.6965
808,3.6966
809,3.6966
810,3.6968
811,3.6968
812,3.6968
813,3.697
814,3.697
815,3.6971
816,3.6971
817,3.6973
818,3.6973
819,3.6973
820,3.6974
821,3.6974
822,3.6976
823,3.6976
824,3.6976
825,3.6978
826,3.6978
827,3.6979
828,3.6979
829,3.6979
830,3.6981
831,3.6981
832,3.6982
833,3.6982
834,3.6984
835,3.6984
836,3.6984
837,3.6986
838,3.6986
839,3.6987
840,3.6987
841,3.6989
842,3.6989
843,3.6989
844,3.699
845,3.699
846,3.6992
847,3.6992
848,3.6993
849,3.6993
850,3.6993
851,3.6995
852,3.6995
853,3.6997
854,3.6997
855,3.6998
856,3.6998
857,3.6998
858,3.7
859,3.7
860,3.7001
861,3.7001
862,3.7003
863,3.7003
864,3.7003
865,3.7005
866,3.7005
867,3.7006
868,3.7006
869,3.7008
870,3.7008
871,3.7008
872,3.7009
873,3.7009
874,3.7011
875,3.7011
876,3.7013
877,3.7013
878,3.7013
879,3.7014
880,3.7014
881,3.7016
882,3.7016
883,3.7017
884,3.7017
885,3.7019
886,3.7019
887,3.7019
888,3.702
889,3.702
890,3.7022
891,3.7022
892,3.7024
893,3.7024
894,3.7024
895,3.7025
896,3.7025
897,3.7027
898,3.7027
899,3.7028
900,3.7028
901,3.7028
902,3.703
903,3.703
904,3.7032
905,3.7032
906,3.7033
907,3.7033
908,3.7035
909,3.7035
910,3.7035
911,3.7036
912,3.7036
913,3.7038
914,3.7038
915,3.704
916,3.704
917,3.7041
918,3.7041
919,3.7041
920,3.7043
921,3.7043
922,3.7044
923,3.7044
924,3.7046
925,3.7046
926,3.7047
927,3.7047
928,3.7047
929,3.7049
930,3.7049
931,3.7051
932,3.7051
933,3.7052
934,3.7052
935,3.7054
936,3.7054
937,3.7055
938,3.7055
939,3.7055
940,3.7057
941,3.7057
942,3.7059
943,3.7059
944,3.706
945,3.706
946,3.706
947,3.7062
948,3.7062
949,3.7063
950,3.7063
951,3.7065
952,3.7065
953,3.7067
954,3.7067
955,3.7068
956,3.7068
957,3.707
958,3.707
959,3.707
960,3.7071
961,3.7071
962,3.7073
963,3.7073
964,3.7074
965,3.7074
966,3.7076
967,3.7076
968,3.7078
969,3.7078
970,3.7078
971,3.7079
972,3.7079
973,3.7081
974,3.7081
975,3.7082
976,3.7082
977,3.7084
978,3.7084
979,3.7086
980,3.7086
981,3.7087
982,3.7087
983,3.7087
984,3.7089
985,3.7089
986,3.709
987,3.709
988,3.7092
989,3.7092
990,3.7094
991,3.7094
992,3.7095
993,3.7095
994,3.7095
995,3.7097
996,3.7098
997,3.7098
998,3.7098
999,3.71
1000,3.71
1001,3.7101
1002,3.7101
1003,3.7103
1004,3.7103
1005,3.7105
1006,3.7105
1007,3.7106
1008,3.7106
1009,3.7106
1010,3.7108
1011,3.7108
1012,3.7109
1013,3.7109
1014,3.7111
1015,3.7111
1016,3.7113
1017,3.7113
1018,3.7114
1019,3.7114
1020,3.7116
1021,3.7116
1022,3.7117
1023,3.7117
1024,3.7119
1025,3.7119
1026,3.7119
1027,3.7121
1028,3.7121
1029,3.7122
1030,3.7122
1031,3.7124
1032,3.7124
1033,3.7125
1034,3.7125
1035,3.7125
1036,3.7127
1037,3.7128
1038,3.7128
1039,3.713
1040,3.713
1041,3.713
1042,3.7132
1043,3.7132
1044,3.7133
1045,3.7133
1046,3.7135
1047,3.7135
1048,3.7136
1049,3.7136
1050,3.7138
1051,3.7138
1052,3.714
1053,3.714
1054,3.7141
1055,3.7141
1056,3.7143
1057,3.7143
1058,3.7144
1059,3.7144
1060,3.7144
1061,3.7146
1062,3.7146
1063,3.7148
1064,3.7149
1065,3.7149
1066,3.7149
1067,3.7151
1068,3.7151
1069,3.7152
1070,3.7152
1071,3.7154
1072,3.7154
1073,3.7156
1074,3.7156
1075,3.7157
1076,3.7157
1077,3.7159
1078,3.7159
1079,3.716
1080,3.716
1081,3.7162
1082,3.7162
1083,3.7163
1084,3.7163
1085,3.7165
1086,3.7165
1087,3.7165
1088,3.7167
1089,3.7167
1090,3.7168
1091,3.7168
1092,3.717
1093,3.717
1094,3.7171
1095,3.7171
1096,3.7173
1097,3.7173
1098,3.7175
1099,3.7175
1100,3.7176
1101,3.7176
1102,3.7178
1103,3.7178
1104,3.7179
1105,3.7179
1106,3.7181
1107,3.7181
1108,3.7183
1109,3.7183
1110,3.7184
1111,3.7184
1112,3.7186
1113,3.7186
1114,3.7187
1115,3.7187
1116,3.7187
1117,3.7189
1118,3.7189
1119,3.719
1120,3.719
1121,3.7192
1122,3.7192
1123,3.7194
1124,3.7194
1125,3.7195
1126,3.7195
1127,3.7197
1128,3.7197
1129,3.7198
1130,3.7198
1131,3.72
1132,3.72
1133,3.7202
1134,3.7202
1135,3.7203
1136,3.7203
1137,3.7205
1138,3.7205
1139,3.7206
1140,3.7206
1141,3.7208
1142,3.7208
1143,3.721
1144,3.721
1145,3.7211
1146,3.7211
1147,3.7213
1148,3.7213
1149,3.7214
1150,3.7214
1151,3.7216
1152,3.7216
1153,3.7217
1154,3.7217
1155,3.7217
1156,3.7219
1157,3.7221
1158,3.7221
1159,3.7221
1160,3.7222
1161,3.7222
1162,3.7224
1163,3.7224
1164,3.7225
1165,3.7225
1166,3.7227
1167,3.7227
1168,3.7229
1169,3.7229
1170,3.723
1171,3.723
1172,3.7232
1173,3.7232
1174,3.7233
1175,3.7233
1176,3.7235
1177,3.7235
1178,3.7237
1179,3.7237
1180,3.7238
1181,3.7238
1182,3.724
1183,3.724
1184,3.7241
1185,3.7241
1186,3.7243
1187,3.7243
1188,3.7244
1189,3.7244
1190,3.7246
1191,3.7246
1192,3.7248
1193,3.7248
1194,3.7249
1195,3.7249
1196,3.7251
1197,3.7251
1198,3.7252
1199,3.7252
1200,3.7254
1201,3.7254
1202,3.7256
1203,3.7256
1204,3.7257
1205,3.7257
1206,3.7259
1207,3.7259
1208,3.726
1209,3.726
1210,3.7262
1211,3.7262
1212,3.7264
1213,3.7264
1214,3.7265
1215,3.7265
1216,3.7267
1217,3.7267
1218,3.7268
1219,3.7268
1220,3.727
1221,3.727
1222,3.7271
1223,3.7271
1224,3.7273
1225,3.7273
1226,3.7275
1227,3.7275
1228,3.7276
1229,3.7276
1230,3.7278
1231,3.7278
1232,3.7279
1233,3.7279
1234,3.7281
1235,3.7281
1236,3.7283
1237,3.7283
1238,3.7284
1239,3.7284
1240,3.7286
1241,3.7286
1242,3.7287
1243,3.7287
1244,3.7289
1245,3.7289
1246,3.7291
1247,3.7291
1248,3.7292
1249,3.7292
1250,3.7294
1251,3.7294
1252,3.7295
1253,3.7295
1254,3.7297
1255,3.7297
1256,3.7298
1257,3.7298
1258,3.73
1259,3.73
1260,3.7302
1261,3.7302
1262,3.7303
1263,3.7303
1264,3.7305
1265,3.7305
1266,3.7306
1267,3.7306
1268,3.7308
1269,3.7308
1270,3.731
1271,3.731
1272,3.7311
1273,3.7311
1274,3.7313
1275,3.7313
1276,3.7314
1277,3.7314
1278,3.7316
1279,3.7316
1280,3.7318
1281,3.7319
1282,3.7319
1283,3.7319
1284,3.7321
1285,3.7322
1286,3.7322
1287,3.7322
1288,3.7324
1289,3.7325
1290,3.7325
1291,3.7327
1292,3.7327
1293,3.7329
1294,3.7329
1295,3.733
1296,3.733
1297,3.733
1298,3.7332
1299,3.7333
1300,3.7333
1301,3.7335
1302,3.7335
1303,3.7337
1304,3.7337
1305,3.7338
1306,3.7338
1307,3.734
1308,3.734
1309,3.7341
1310,3.7341
1311,3.7343
1312,3.7343
1313,3.7345
1314,3.7345
1315,3.7346
1316,3.7346
1317,3.7348
1318,3.7349
1319,3.7349
1320,3.7351
1321,3.7351
1322,3.7352
1323,3.7352
1324,3.7354
1325,3.7354
1326,3.7356
1327,3.7356
1328,3.7357
1329,3.7357
1330,3.7359
1331,3.7359
1332,3.736
1333,3.736
1334,3.7362
1335,3.7362
1336,3.7364
1337,3.7364
1338,3.7365
1339,3.7365
1340,3.7367
1341,3.7367
1342,3.7368
1343,3.737
1344,3.737
1345,3.7372
1346,3.7372
1347,3.7373
1348,3.7373
1349,3.7375
1350,3.7375
1351,3.7376
1352,3.7376
1353,3.7378
1354,3.7378
1355,3.7379
1356,3.7379
1357,3.7381
1358,3.7381
1359,3.7383
1360,3.7383
1361,3.7384
1362,3.7386
1363,3.7386
1364,3.7387
1365,3.7387
1366,3.7389
1367,3.7389
1368,3.7391
1369,3.7391
1370,3.7392
1371,3.7392
1372,3.7394
1373,3.7394
1374,3.7395
1375,3.7397
1376,3.7397
1377,3.7399
1378,3.7399
1379,3.74
1380,3.74
1381,3.7402
1382,3.7402
1383,3.7403
1384,3.7405
1385,3.7405
1386,3.7406
1387,3.7406
1388,3.7408
1389,3.7408
1390,3.741
1391,3.741
1392,3.7411
1393,3.7411
1394,3.7413
1395,3.7413
1396,3.7414
1397,3.7416
1398,3.7416
1399,3.7418
1400,3.7418
1401,3.7419
1402,3.7419
1403,3.7421
1404,3.7422
1405,3.7422
1406,3.7424
1407,3.7424
1408,3.7426
1409,3.7426
1410,3.7427
1411,3.7427
1412,3.7429
1413,3.743
1414,3.743
1415,3.7432
1416,3.7432
1417,3.7433
1418,3.7433
1419,3.7435
1420,3.7435
1421,3.7437
1422,3.7438
1423,3.7438
1424,3.744
1425,3.744
1426,3.7441
1427,3.7441
1428,3.7443
1429,3.7445
1430,3.7445
1431,3.7446
1432,3.7446
1433,3.7448
1434,3.7448
1435,3.7449
1436,3.7451
1437,3.7451
1438,3.7453
1439,3.7453
1440,3.7454
1441,3.7454
1442,3.7456
1443,3.7457
1444,3.7457
1445,3.7459
1446,3.7459
1447,3.746
1448,3.746
1449,3.7462
1450,3.7464
1451,3.7464
1452,3.7465
1453,3.7465
1454,3.7467
1455,3.7467
1456,3.7468
1457,3.747
1458,3.747
1459,3.7472
1460,3.7472
1461,3.7473
1462,3.7475
1463,3.7475
1464,3.7476
1465,3.7476
1466,3.7478
1467,3.748
1468,3.748
1469,3.7481
1470,3.7481
1471,3.7483
1472,3.7484
1473,3.7484
1474,3.7486
1475,3.7486
1476,3.7488
1477,3.7489
1478,3.7489
1479,3.7491
1480,3.7491
1481,3.7492
1482,3.7492
1483,3.7494
1484,3.7495
1485,3.7495
1486,3.7497
1487,3.7497
1488,3.7499
1489,3.75
1490,3.75
1491,3.7502
1492,3.7502
1493,3.7503
1494,3.7505
1495,3.7505
1496,3.7507
1497,3.7508
1498,3.7508
1499,3.751
1500,3.751
1501,3.7511
1502,3.7513
1503,3.7513
1504,3.7515
1505,3.7515
1506,3.7516
1507,3.7518
1508,3.7518
1509,3.7519
1510,3.7521
1511,3.7521
1512,3.7522
1513,3.7524
1514,3.7524
1515,3.7526
1516,3.7526
1517,3.7527
1518,3.7529
1519,3.7529
1520,3.753
1521,3.7532
1522,3.7532
1523,3.7534
1524,3.7534
1525,3.7535
1526,3.7537
1527,3.7537
1528,3.7538
1529,3.754
1530,3.754
1531,3.7542
1532,3.7542
1533,3.7543
1534,3.7545
1535,3.7545
1536,3.7546
1537,3.7548
1538,3.7548
1539,3.7549
1540,3.7551
1541,3.7551
1542,3.7553
1543,3.7554
1544,3.7554
1545,3.7556
1546,3.7556
1547,3.7557
1548,3.7559
1549,3.7561
1550,3.7561
1551,3.7562
1552,3.7562
1553,3.7564
1554,3.7565
1555,3.7565
1556,3.7567
1557,3.7569
1558,3.7569
1559,3.757
1560,3.7572
1561,3.7572
1562,3.7573
1563,3.7575
1564,3.7576
1565,3.7576
1566,3.7578
1567,3.7578
1568,3.758
1569,3.7581
1570,3.7581
1571,3.7583
1572,3.7584
1573,3.7584
1574,3.7586
1575,3.7588
1576,3.7589
1577,3.7589
1578,3.7591
1579,3.7592
1580,3.7592
1581,3.7594
1582,3.7596
1583,3.7596
1584,3.7597
1585,3.7599
1586,3.7599
1587,3.76
1588,3.7602
1589,3.7602
1590,3.7603
1591,3.7605
1592,3.7605
1593,3.7607
1594,3.7608
1595,3.761
1596,3.761
1597,3.7611
1598,3.7613
1599,3.7613
1600,3.7615
1601,3.7616
1602,3.7616
1603,3.7618
1604,3.7619
1605,3.7621
1606,3.7621
1607,3.7623
1608,3.7624
1609,3.7624
1610,3.7626
1611,3.7627
1612,3.7627
1613,3.7629
1614,3.763
1615,3.7632
1616,3.7632
1617,3.7634
1618,3.7635
1619,3.7637
1620,3.7637
1621,3.7638
1622,3.764
1623,3.764
1624,3.7642
1625,3.7643
1626,3.7645
1627,3.7645
1628,3.7646
1629,3.7648
1630,3.765
1631,3.765
1632,3.7651
1633,3.7653
1634,3.7653
1635,3.7654
1636,3.7656
1637,3.7657
1638,3.7657
1639,3.7659
1640,3.7661
1641,3.7662
1642,3.7662
1643,3.7664
1644,3.7665
1645,3.7667
1646,3.7667
1647,3.7669
1648,3.767
1649,3.7672
1650,3.7672
1651,3.7673
1652,3.7675
1653,3.7677
1654,3.7677
1655,3.7678
1656,3.768
1657,3.7681
1658,3.7681
1659,3.7683
1660,3.7684
1661,3.7686
1662,3.7686
1663,3.7688
1664,3.7689
1665,3.7691
1666,3.7691
1667,3.7692
1668,3.7694
1669,3.7696
1670,3.7697
1671,3.7697
1672,3.7699
1673,3.77
1674,3.7702
1675,3.7702
1676,3.7704
1677,3.7705
1678,3.7707
1679,3.7708
1680,3.7708
1681,3.771
1682,3.7711
1683,3.7713
1684,3.7715
1685,3.7715
1686,3.7716
1687,3.7718
1688,3.7719
1689,3.7719
1690,3.7721
1691,3.7723
1692,3.7724
1693,3.7726
1694,3.7726
1695,3.7727
1696,3.7729
1697,3.7731
1698,3.7732
1699,3.7732
1700,3.7734
1701,3.7735
1702,3.7737
1703,3.7738
1704,3.7738
1705,3.774
1706,3.7742
1707,3.7743
1708,3.7745
1709,3.7746
1710,3.7746
1711,3.7748
1712,3.775
1713,3.7751
1714,3.7753
1715,3.7753
1716,3.7754
1717,3.7756
1718,3.7758
1719,3.7759
1720,3.7759
1721,3.7761
1722,3.7762
1723,3.7764
1724,3.7766
1725,3.7767
1726,3.7767
1727,3.7769
1728,3.777
1729,3.7772
1730,3.7773
1731,3.7775
1732,3.7775
1733,3.7777
1734,3.7778
1735,3.778
1736,3.7781
1737,3.7783
1738,3.7783
1739,3.7785
1740,3.7786
1741,3.7788
1742,3.7789
1743,3.7791
1744,3.7791
1745,3.7793
1746,3.7794
1747,3.7796
1748,3.7797
1749,3.7799
1750,3.78
1751,3.78
1752,3.7802
1753,3.7804
1754,3.7805
1755,3.7807
1756,3.7808
1757,3.781
1758,3.781
1759,3.7812
1760,3.7813
1761,3.7815
1762,3.7816
1763,3.7818
1764,3.782
1765,3.7821
1766,3.7821
1767,3.7823
1768,3.7824
1769,3.7826
1770,3.7827
1771,3.7829
1772,3.7831
1773,3.7832
1774,3.7832
1775,3.7834
1776,3.7835
1777,3.7837
1778,3.7839
1779,3.784
1780,3.7842
1781,3.7843
1782,3.7843
1783,3.7845
1784,3.7847
1785,3.7848
1786,3.785
1787,3.7851
1788,3.7853
1789,3.7854
1790,3.7856
1791,3.7858
1792,3.7858
1793,3.7859
1794,3.7861
1795,3.7862
1796,3.7864
1797,3.7866
1798,3.7867
1799,3.7869
1800,3.787
1801,3.7872
1802,3.7872
1803,3.7874
1804,3.7875
1805,3.7877
1806,3.7878
1807,3.788
1808,3.7881
1809,3.7883
1810,3.7885
1811,3.7886
1812,3.7888
1813,3.7888
1814,3.7889
1815,3.7891
1816,3.7893
1817,3.7894
1818,3.7896
1819,3.7897
1820,3.7899
1821,3.7901
1822,3.7902
1823,3.7904
1824,3.7905
1825,3.7907
1826,3.7908
1827,3.7908
1828,3.791
1829,3.7912
1830,3.7913
1831,3.7915
1832,3.7916
1833,3.7918
1834,3.792
1835,3.7921
1836,3.7923
1837,3.7924
1838,3.7926
1839,3.7928
1840,3.7929
1841,3.7931
1842,3.7932
1843,3.7934
1844,3.7934
1845,3.7935
1846,3.7937
1847,3.7939
1848,3.794
1849,3.7942
1850,3.7943
1851,3.7945
1852,3.7947
1853,3.7948
1854,3.795
1855,3.7951
1856,3.7953
1857,3.7955
1858,3.7956
1859,3.7958
1860,3.7959
1861,3.7961
1862,3.7962
1863,3.7964
1864,3.7966
1865,3.7967
1866,3.7969
1867,3.797
1868,3.7972
1869,3.7974
1870,3.7975
1871,3.7977
1872,3.7978
1873,3.798
1874,3.7982
1875,3.7983
1876,3.7985
1877,3.7986
1878,3.7988
1879,3.7989
1880,3.7991
1881,3.7993
1882,3.7994
1883,3.7996
1884,3.7997
1885,3.7997
1886,3.7999
1887,3.8002
1888,3.8002
1889,3.8005
1890,3.8007
1891,3.8009
1892,3.801
1893,3.8012
1894,3.8013
1895,3.8015
1896,3.8016
1897,3.8018
1898,3.802
1899,3.8021
1900,3.8023
1901,3.8024
1902,3.8026
1903,3.8028
1904,3.8029
1905,3.8031
1906,3.8032
1907,3.8034
1908,3.8036
1909,3.8037
1910,3.8039
1911,3.804
1912,3.8042
1913,3.8043
1914,3.8045
1915,3.8047
1916,3.8048
1917,3.805
1918,3.8051
1919,3.8053
1920,3.8055
1921,3.8056
1922,3.8058
1923,3.8061
1924,3.8063
1925,3.8064
1926,3.8066
1927,3.8067
1928,3.8069
1929,3.807
1930,3.8072
1931,3.8074
1932,3.8075
1933,3.8077
1934,3.8078
1935,3.808
1936,3.8082
1937,3.8083
1938,3.8085
1939,3.8086
1940,3.809
1941,3.8091
1942,3.8093
1943,3.8094
1944,3.8096
1945,3.8098
1946,3.8099
1947,3.8101
1948,3.8102
1949,3.8104
1950,3.8107
1951,3.8109
1952,3.811
1953,3.8112
1954,3.8113
1955,3.8115
1956,3.8117
1957,3.8118
1958,3.812
1959,3.8121
1960,3.8123
1961,3.8126
1962,3.8128
1963,3.8129
1964,3.8131
1965,3.8132
1966,3.8134
1967,3.8136
1968,3.8137
1969,3.8139
1970,3.8142
1971,3.8144
1972,3.8145
1973,3.8147
1974,3.8148
1975,3.815
1976,3.8152
1977,3.8153
1978,3.8156
1979,3.8158
1980,3.8159
1981,3.8161
1982,3.8163
1983,3.8164
1984,3.8167
1985,3.8169
1986,3.8171
1987,3.8172
1988,3.8174
1989,3.8175
1990,3.8177
1991,3.8179
1992,3.8182
1993,3.8183
1994,3.8185
1995,3.8186
1996,3.8188
1997,3.819
1998,3.8193
1999,3.8194
2000,3.8196
2001,3.8198
2002,3.8199
2003,3.8201
2004,3.8204
2005,3.8206
2006,3.8207
2007,3.8209
2008,3.821
2009,3.8213
2010,3.8215
2011,3.8217
2012,3.8218
2013,3.8221
2014,3.8223
2015,3.8225
2016,3.8226
2017,3.8228
2018,3.8229
2019,3.8233
2020,3.8234
2021,3.8236
2022,3.8237
2023,3.8239
2024,3.8242
2025,3.8244
2026,3.8245
2027,3.8247
2028,3.825
2029,3.8252
2030,3.8253
2031,3.8255
2032,3.8256
2033,3.826
2034,3.8261
2035,3.8263
2036,3.8264
2037,3.8267
2038,3.8269
2039,3.8271
2040,3.8272
2041,3.8275
2042,3.8277
2043,3.8279
2044,3.828
2045,3.8283
2046,3.8285
2047,3.8287
2048,3.8288
2049,3.8291
2050,3.8293
2051,3.8294
2052,3.8296
2053,3.8299
2054,3.8301
2055,3.8302
2056,3.8304
2057,3.8307
2058,3.8309
2059,3.831
2060,3.8314
2061,3.8315
2062,3.8317
2063,3.8318
2064,3.8321
2065,3.8323
2066,3.8325
2067,3.8328
2068,3.8329
2069,3.8331
2070,3.8333
2071,3.8336
2072,3.8337
2073,3.8339
2074,3.8342
2075,3.8344
2076,3.8345
2077,3.8347
2078,3.835
2079,3.8352
2080,3.8353
2081,3.8356
2082,3.8358
2083,3.836
2084,3.8363
2085,3.8364
2086,3.8366
2087,3.8369
2088,3.8371
2089,3.8372
2090,3.8376
2091,3.8377
2092,3.8379
2093,3.8382
2094,3.8383
2095,3.8385
2096,3.8388
2097,3.839
2098,3.8391
2099,3.8395
2100,3.8396
2101,3.8399
2102,3.8401
2103,3.8403
2104,3.8406
2105,3.8407
2106,3.8409
2107,3.8412
2108,3.8414
2109,3.8415
2110,3.8418
2111,3.842
2112,3.8422
2113,3.8425
2114,3.8426
2115,3.843
2116,3.8431
2117,3.8433
2118,3.8436
2119,3.8437
2120,3.8441
2121,3.8442
2122,3.8444
2123,3.8447
2124,3.8449
2125,3.8452
2126,3.8453
2127,3.8455
2128,3.8458
2129,3.846
2130,3.8461
2131,3.8464
2132,3.8466
2133,3.8469
2134,3.8471
2135,3.8474
2136,3.8476
2137,3.8477
2138,3.848
2139,3.8482
2140,3.8485
2141,3.8487
2142,3.849
2143,3.8491
2144,3.8493
2145,3.8496
2146,3.8498
2147,3.8501
2148,3.8503
2149,3.8506
2150,3.8507
2151,3.8509
2152,3.8512
2153,3.8514
2154,3.8517
2155,3.8518
2156,3.8522
2157,3.8523
2158,3.8525
2159,3.8528
2160,3.853
2161,3.8533
2162,3.8534
2163,3.8538
2164,3.8539
2165,3.8542
2166,3.8544
2167,3.8547
2168,3.8549
2169,3.855
2170,3.8553
2171,3.8555
2172,3.8558
2173,3.856
2174,3.8563
2175,3.8565
2176,3.8568
2177,3.8569
2178,3.8572
2179,3.8574
2180,3.8577
2181,3.8579
2182,3.858
2183,3.8584
2184,3.8585
2185,3.8588
2186,3.859
2187,3.8593
2188,3.8595
2189,3.8598
2190,3.8599
2191,3.8603
2192,3.8604
2193,3.8607
2194,3.8609
2195,3.8612
2196,3.8614
2197,3.8617
2198,3.8619
2199,3.8622
2200,3.8623
2201,3.8626
2202,3.8628
2203,3.8631
2204,3.8633
2205,3.8636
2206,3.8638
2207,3.8641
2208,3.8642
2209,3.8646
2210,3.8647
2211,3.865
2212,3.8652
2213,3.8653
2214,3.8657
2215,3.866
2216,3.8661
2217,3.8665
2218,3.8666
2219,3.8669
2220,3.8671
2221,3.8674
2222,3.8676
2223,3.8679
2224,3.868
2225,3.8684
2226,3.8685
2227,3.8688
2228,3.869
2229,3.8693
2230,3.8695
2231,3.8698
2232,3.87
2233,3.8703
2234,3.8704
2235,3.8708
2236,3.8709
2237,3.8712
2238,3.8714
2239,3.8717
2240,3.8719
2241,3.8722
2242,3.8723
2243,3.8725
2244,3.8728
2245,3.873
2246,3.8733
2247,3.8736
2248,3.8738
2249,3.8741
2250,3.8742
2251,3.8746
2252,3.8747
2253,3.8749
2254,3.8752
2255,3.8755
2256,3.8757
2257,3.876
2258,3.8762
2259,3.8765
2260,3.8766
2261,3.8768
2262,3.8771
2263,3.8773
2264,3.8776
2265,3.8777
2266,3.8781
2267,3.8782
2268,3.8785
2269,3.8787
2270,3.879
2271,3.8792
2272,3.8795
2273,3.8796
2274,3.88
2275,3.8801
2276,3.8804
2277,3.8806
2278,3.8809
2279,3.8811
2280,3.8814
2281,3.8816
2282,3.8819
2283,3.882
2284,3.8823
2285,3.8825
2286,3.8828
2287,3.883
2288,3.8833
2289,3.8835
2290,3.8838
2291,3.8839
2292,3.8843
2293,3.8844
2294,3.8847
2295,3.8849
2296,3.8852
2297,3.8854
2298,3.8857
2299,3.8858
2300,3.8862
2301,3.8863
2302,3.8866
2303,3.8868
2304,3.887
2305,3.8873
2306,3.8874
2307,3.8877
2308,3.8879
2309,3.8882
2310,3.8884
2311,3.8887
2312,3.8889
2313,3.8892
2314,3.8893
2315,3.8897
2316,3.8898
2317,3.8901
2318,3.8903
2319,3.8906
2320,3.8908
2321,3.8909
2322,3.8912
2323,3.8914
2324,3.8917
2325,3.8919
2326,3.8922
2327,3.8924
2328,3.8927
2329,3.8928
2330,3.8931
2331,3.8933
2332,3.8936
2333,3.8938
2334,3.8939
2335,3.8943
2336,3.8944
2337,3.8947
2338,3.8949
2339,3.8952
2340,3.8954
2341,3.8957
2342,3.8959
2343,3.8962
2344,3.8963
2345,3.8965
2346,3.8968
2347,3.897
2348,3.8973
2349,3.8974
2350,3.8978
2351,3.8979
2352,3.8982
2353,3.8984
2354,3.8986
2355,3.8989
2356,3.899
2357,3.8993
2358,3.8995
2359,3.8998
2360,3.9
2361,3.9003
2362,3.9005
2363,3.9008
2364,3.9009
2365,3.9011
2366,3.9014
2367,3.9016
2368,3.9019
2369,3.902
2370,3.9024
2371,3.9025
2372,3.9028
2373,3.903
2374,3.9032
2375,3.9035
2376,3.9036
2377,3.904
2378,3.9041
2379,3.9044
2380,3.9046
2381,3.9049
2382,3.9051
2383,3.9052
2384,3.9055
2385,3.9057
2386,3.906
2387,3.9062
2388,3.9063
2389,3.9067
2390,3.9068
2391,3.9071
2392,3.9073
2393,3.9076
2394,3.9078
2395,3.9081
2396,3.9082
2397,3.9086
2398,3.9087
2399,3.9089
2400,3.9092
2401,3.9094
2402,3.9097
2403,3.9098
2404,3.9101
2405,3.9103
2406,3.9106
2407,3.9108
2408,3.9109
2409,3.9113
2410,3.9114
2411,3.9117
2412,3.9119
2413,3.9122
2414,3.9124
2415,3.9127
2416,3.9128
2417,3.913
2418,3.9133
2419,3.9135
2420,3.9138
2421,3.914
2422,3.9143
2423,3.9144
2424,3.9148
2425,3.9149
2426,3.9152
2427,3.9154
2428,3.9157
2429,3.9159
2430,3.916
2431,3.9163
2432,3.9165
2433,3.9168
2434,3.917
2435,3.9173
2436,3.9175
2437,3.9178
2438,3.9179
2439,3.9182
2440,3.9184
2441,3.9187
2442,3.9189
2443,3.9192
2444,3.9194
2445,3.9197
2446,3.9198
2447,3.92
2448,3.9203
2449,3.9205
2450,3.9208
2451,3.9209
2452,3.9213
2453,3.9214
2454,3.9217
2455,3.9219
2456,3.9222
2457,3.9224
2458,3.9227
2459,3.9229
2460,3.9232
2461,3.9233
2462,3.9236
2463,3.9238
2464,3.9241
2465,3.9243
2466,3.9246
2467,3.9248
2468,3.9251
2469,3.9252
2470,3.9256
2471,3.9257
2472,3.926
2473,3.9262
2474,3.9265
2475,3.9267
2476,3.927
2477,3.9271
2478,3.9275
2479,3.9276
2480,3.9279
2481,3.9281
2482,3.9284
2483,3.9286
2484,3.9289
2485,3.9291
2486,3.9294
2487,3.9295
2488,3.9298
2489,3.93
2490,3.9303
2491,3.9306
2492,3.9308
2493,3.9311
2494,3.9313
2495,3.9316
2496,3.9318
2497,3.9321
2498,3.9322
2499,3.9325
2500,3.9327
2501,3.933
2502,3.9333
2503,3.9335
2504,3.9338
2505,3.934
2506,3.9343
2507,3.9345
2508,3.9348
2509,3.9349
2510,3.9352
2511,3.9356
2512,3.9357
2513,3.936
2514,3.9362
2515,3.9365
2516,3.9367
2517,3.937
2518,3.9373
2519,3.9375
2520,3.9378
2521,3.9379
2522,3.9383
2523,3.9384
2524,3.9387
2525,3.9391
2526,3.9392
2527,3.9395
2528,3.9397
2529,3.94
2530,3.9403
2531,3.9405
2532,3.9408
2533,3.941
2534,3.9413
2535,3.9416
2536,3.9418
2537,3.9421
2538,3.9424
2539,3.9426
2540,3.9429
2541,3.943
2542,3.9433
2543,3.9437
2544,3.9438
2545,3.9441
2546,3.9443
2547,3.9446
2548,3.9449
2549,3.9451
2550,3.9454
2551,3.9456
2552,3.9459
2553,3.9462
2554,3.9465
2555,3.9467
2556,3.947
2557,3.9473
2558,3.9475
2559,3.9478
2560,3.948
2561,3.9483
2562,3.9486
2563,3.9487
2564,3.9491
2565,3.9494
2566,3.9495
2567,3.9499
2568,3.9502
2569,3.9503
2570,3.9507
2571,3.951
2572,3.9511
2573,3.9514
2574,3.9518
2575,3.9519
2576,3.9522
2577,3.9526
2578,3.9527
2579,3.953
2580,3.9534
2581,3.9535
2582,3.9538
2583,3.9541
2584,3.9543
2585,3.9546
2586,3.9549
2587,3.9551
2588,3.9554
2589,3.9557
2590,3.9561
2591,3.9562
2592,3.9565
2593,3.9569
2594,3.957
2595,3.9573
2596,3.9576
2597,3.9578
2598,3.9581
2599,3.9584
2600,3.9586
2601,3.9589
2602,3.9592
2603,3.9596
2604,3.9597
2605,3.96
2606,3.9603
2607,3.9605
2608,3.9608
2609,3.9611
2610,3.9613
2611,3.9616
2612,3.9619
2613,3.9623
2614,3.9624
2615,3.9627
2616,3.963
2617,3.9634
2618,3.9635
2619,3.9638
2620,3.964
2621,3.9643
2622,3.9646
2623,3.965
2624,3.9651
2625,3.9654
2626,3.9657
2627,3.9659
2628,3.9662
2629,3.9665
2630,3.9669
2631,3.967
2632,3.9673
2633,3.9677
2634,3.9678
2635,3.9681
2636,3.9684
2637,3.9688
2638,3.9689
2639,3.9692
2640,3.9696
2641,3.9697
2642,3.97
2643,3.9704
2644,3.9707
2645,3.9708
2646,3.9711
2647,3.9715
2648,3.9716
2649,3.9719
2650,3.9723
2651,3.9724
2652,3.9727
2653,3.9731
2654,3.9734
2655,3.9735
2656,3.9738
2657,3.9742
2658,3.9743
2659,3.9746
2660,3.975
2661,3.9751
2662,3.9754
2663,3.9758
2664,3.9759
2665,3.9762
2666,3.9765
2667,3.9767
2668,3.977
2669,3.9773
2670,3.9775
2671,3.9778
2672,3.9781
2673,3.9785
2674,3.9786
2675,3.9789
2676,3.9791
2677,3.9794
2678,3.9797
2679,3.9799
2680,3.9802
2681,3.9805
2682,3.9807
2683,3.981
2684,3.9813
2685,3.9816
2686,3.9818
2687,3.9821
2688,3.9823
2689,3.9826
2690,3.9829
2691,3.9831
2692,3.9834
2693,3.9835
2694,3.9839
2695,3.9842
2696,3.9843
2697,3.9846
2698,3.985
2699,3.9851
2700,3.9854
2701,3.9856
2702,3.9859
2703,3.9862
2704,3.9864
2705,3.9867
2706,3.9869
2707,3.9872
2708,3.9875
2709,3.9877
2710,3.988
2711,3.9881
2712,3.9885
2713,3.9886
2714,3.9889
2715,3.9893
2716,3.9894
2717,3.9897
2718,3.9899
2719,3.9902
2720,3.9904
2721,3.9907
2722,3.9908
2723,3.9912
2724,3.9913
2725,3.9916
2726,3.992
2727,3.9921
2728,3.9924
2729,3.9926
2730,3.9928
2731,3.9931
2732,3.9934
2733,3.9935
2734,3.9939
2735,3.994
2736,3.9942
2737,3.9945
2738,3.9947
2739,3.995
2740,3.9951
2741,3.9955
2742,3.9956
2743,3.9959
2744,3.9961
2745,3.9964
2746,3.9966
2747,3.9969
2748,3.997
2749,3.9974
2750,3.9975
2751,3.9978
2752,3.998
2753,3.9982
2754,3.9985
2755,3.9986
2756,3.9989
2757,3.9991
2758,3.9993
2759,3.9996
2760,3.9997
2761,4.0001
2762,4.0002
2763,4.0005
2764,4.0007
2765,4.0009
2766,4.0012
2767,4.0013
2768,4.0015
2769,4.0018
2770,4.002
2771,4.0021
2772,4.0024
2773,4.0026
2774,4.0028
2775,4.0031
2776,4.0032
2777,4.0034
2778,4.0037
2779,4.0039
2780,4.004
2781,4.0043
2782,4.0045
2783,4.0047
2784,4.005
2785,4.0051
2786,4.0053
2787,4.0056
2788,4.0058
2789,4.0059
2790,4.0061
2791,4.0064
2792,4.0066
2793,4.0067
2794,4.0069
2795,4.0072
2796,4.0074
2797,4.0075
2798,4.0078
2799,4.008
2800,4.0082
2801,4.0083
2802,4.0085
2803,4.0088
2804,4.009
2805,4.0091
2806,4.0093
2807,4.0094
2808,4.0097
2809,4.0099
2810,4.0101
2811,4.0102
2812,4.0104
2813,4.0107
2814,4.0109
2815,4.011
2816,4.0112
2817,4.0113
2818,4.0117
2819,4.0118
2820,4.012
2821,4.0121
2822,4.0123
2823,4.0124
2824,4.0128
2825,4.0129
2826,4.0131
2827,4.0132
2828,4.0134
2829,4.0136
2830,4.0137
2831,4.014
2832,4.0142
2833,4.0144
2834,4.0145
2835,4.0147
2836,4.0148
2837,4.015
2838,4.0151
2839,4.0153
2840,4.0156
2841,4.0158
2842,4.0159
2843,4.0161
2844,4.0163
2845,4.0164
2846,4.0166
2847,4.0167
2848,4.0169
2849,4.0171
2850,4.0174
2851,4.0175
2852,4.0177
2853,4.0178
2854,4.018
2855,4.0182
2856,4.0183
2857,4.0185
2858,4.0186
2859,4.0188
2860,4.019
2861,4.0191
2862,4.0193
2863,4.0194
2864,4.0196
2865,4.0198
2866,4.0199
2867,4.0202
2868,4.0202
2869,4.0204
2870,4.0207
2871,4.0207
2872,4.021
2873,4.0212
2874,4.0213
2875,4.0215
2876,4.0217
2877,4.0217
2878,4.022
2879,4.0221
2880,4.0223
2881,4.0223
2882,4.0226
2883,4.0228
2884,4.0229
2885,4.0231
2886,4.0233
2887,4.0234
2888,4.0236
2889,4.0237
2890,4.0239
2891,4.024
2892,4.0242
2893,4.0244
2894,4.0245
2895,4.0247
2896,4.0248
2897,4.025
2898,4.0252
2899,4.0253
2900,4.0255
2901,4.0256
2902,4.0258
2903,4.026
2904,4.0261
2905,4.0263
2906,4.0264
2907,4.0266
2908,4.0267
2909,4.0269
2910,4.0271
2911,4.0272
2912,4.0274
2913,4.0275
2914,4.0277
2915,4.0279
2916,4.028
2917,4.0282
2918,4.0283
2919,4.0285
2920,4.0287
2921,4.0288
2922,4.029
2923,4.0291
2924,4.0293
2925,4.0294
2926,4.0296
2927,4.0298
2928,4.0299
2929,4.0301
2930,4.0302
2931,4.0304
2932,4.0304
2933,4.0307
2934,4.0309
2935,4.0309
2936,4.031
2937,4.0312
2938,4.0314
2939,4.0317
2940,4.0317
2941,4.0318
2942,4.032
2943,4.0321
2944,4.0323
2945,4.0325
2946,4.0328
2947,4.0329
2948,4.0331
2949,4.0333
2950,4.0334
2951,4.0336
2952,4.0337
2953,4.0339
2954,4.0341
2955,4.0342
2956,4.0344
2957,4.0345
2958,4.0347
2959,4.0348
2960,4.035
2961,4.0352
2962,4.0353
2963,4.0355
2964,4.0356
2965,4.0358
2966,4.036
2967,4.0361
2968,4.0363
2969,4.0364
2970,4.0366
2971,4.0368
2972,4.0369
2973,4.0372
2974,4.0374
2975,4.0375
2976,4.0377
2977,4.0379
2978,4.038
2979,4.0382
2980,4.0383
2981,4.0385
2982,4.0387
2983,4.0388
2984,4.039
2985,4.0393
2986,4.0395
2987,4.0396
2988,4.0398
2989,4.0399
2990,4.0401
2991,4.0402
2992,4.0404
2993,4.0407
2994,4.0409
2995,4.041
2996,4.0412
2997,4.0414
2998,4.0415
2999,4.0417
3000,4.0418
3001,4.0422
3002,4.0423
3003,4.0425
3004,4.0426
3005,4.0428
3006,4.0431
3007,4.0433
3008,4.0434
3009,4.0436
3010,4.0437
3011,4.0441
3012,4.0442
3013,4.0444
3014,4.0445
3015,4.0449
3016,4.045
3017,4.0452
3018,4.0453
3019,4.0456
3020,4.0458
3021,4.046
3022,4.0461
3023,4.0464
3024,4.0466
3025,4.0468
3026,4.0469
3027,4.0472
3028,4.0474
3029,4.0476
3030,4.0479
3031,4.048
3032,4.0482
3033,4.0485
3034,4.0487
3035,4.0488
3036,4.0491
3037,4.0493
3038,4.0495
3039,4.0498
3040,4.0499
3041,4.0501
3042,4.0504
3043,4.0506
3044,4.0507
3045,4.0511
3046,4.0512
3047,4.0515
3048,4.0517
3049,4.052
3050,4.0522
3051,4.0523
3052,4.0526
3053,4.0528
3054,4.0531
3055,4.0533
3056,4.0536
3057,4.0538
3058,4.0539
3059,4.0542
3060,4.0544
3061,4.0547
3062,4.0549
3063,4.0552
3064,4.0553
3065,4.0557
3066,4.0558
3067,4.0561
3068,4.0565
3069,4.0566
3070,4.0569
3071,4.0571
3072,4.0574
3073,4.0576
3074,4.0579
3075,4.058
3076,4.0584
3077,4.0587
3078,4.0588
3079,4.0592
3080,4.0593
3081,4.0596
3082,4.0598
3083,4.0601
3084,4.0604
3085,4.0606
3086,4.0609
3087,4.0612
3088,4.0614
3089,4.0617
3090,4.062
3091,4.0622
3092,4.0625
3093,4.0628
3094,4.063
3095,4.0633
3096,4.0636
3097,4.0638
3098,4.0641
3099,4.0644
3100,4.0646
3101,4.0649
3102,4.0652
3103,4.0655
3104,4.0657
3105,4.066
3106,4.0663
3107,4.0666
3108,4.0668
3109,4.0671
3110,4.0674
3111,4.0677
3112,4.068
3113,4.0682
3114,4.0685
3115,4.0688
3116,4.069
3117,4.0693
3118,4.0696
3119,4.07
3120,4.0703
3121,4.0706
3122,4.0707
3123,4.0711
3124,4.0714
3125,4.0717
3126,4.072
3127,4.0723
3128,4.0725
3129,4.0728
3130,4.0731
3131,4.0734
3132,4.0738
3133,4.0739
3134,4.0742
3135,4.0746
3136,4.0749
3137,4.0752
3138,4.0755
3139,4.0758
3140,4.0761
3141,4.0765
3142,4.0766
3143,4.0769
3144,4.0773
3145,4.0776
3146,4.0779
3147,4.0782
3148,4.0785
3149,4.0788
3150,4.079
3151,4.0793
3152,4.0796
3153,4.08
3154,4.0803
3155,4.0806
3156,4.0809
3157,4.0812
3158,4.0816
3159,4.0819
3160,4.0822
3161,4.0823
3162,4.0827
3163,4.083
3164,4.0833
3165,4.0836
3166,4.0839
3167,4.0843
3168,4.0846
3169,4.0849
3170,4.0852
3171,4.0855
3172,4.0858
3173,4.0862
3174,4.0865
3175,4.0866
3176,4.087
3177,4.0873
3178,4.0876
3179,4.0879
3180,4.0882
3181,4.0885
3182,4.0889
3183,4.0892
3184,4.0895
3185,4.0898
3186,4.0901
3187,4.0904
3188,4.0908
3189,4.0909
3190,4.0912
3191,4.0916
3192,4.0919
3193,4.0922
3194,4.0925
3195,4.0928
3196,4.0931
3197,4.0935
3198,4.0938
3199,4.0941
3200,4.0944
3201,4.0947
3202,4.0951
3203,4.0954
3204,4.0955
3205,4.0958
3206,4.0962
3207,4.0965
3208,4.0968
3209,4.0971
3210,4.0974
3211,4.0978
3212,4.0981
3213,4.0984
3214,4.0985
3215,4.0989
3216,4.0992
3217,4.0995
3218,4.0998
3219,4.1001
3220,4.1005
3221,4.1008
3222,4.1011
3223,4.1014
3224,4.1017
3225,4.102
3226,4.1022
3227,4.1025
3228,4.1028
3229,4.1032
3230,4.1035
3231,4.1036
3232,4.1039
3233,4.1043
3234,4.1046
3235,4.1049
3236,4.1052
3237,4.1055
3238,4.1059
3239,4.106
3240,4.1063
3241,4.1066
3242,4.107
3243,4.1073
3244,4.1076
3245,4.1078
3246,4.1081
3247,4.1084
3248,4.1087
3249,4.109
3250,4.1093
3251,4.1095
3252,4.1098
3253,4.1101
3254,4.1105
3255,4.1106
3256,4.1109
3257,4.1113
3258,4.1116
3259,4.1119
3260,4.112
3261,4.1124
3262,4.1127
3263,4.113
3264,4.1133
3265,4.1135
3266,4.1138
3267,4.1141
3268,4.1144
3269,4.1146
3270,4.1149
3271,4.1152
3272,4.1154
3273,4.1157
3274,4.116
3275,4.1163
3276,4.1165
3277,4.1168
3278,4.1171
3279,4.1173
3280,4.1176
3281,4.1179
3282,4.1182
3283,4.1184
3284,4.1187
3285,4.1189
3286,4.1192
3287,4.1195
3288,4.1197
3289,4.12
3290,4.1203
3291,4.1206
3292,4.1208
3293,4.1211
3294,4.1213
3295,4.1216
3296,4.1219
3297,4.1221
3298,4.1224
3299,4.1225
3300,4.1229
3301,4.1232
3302,4.1233
3303,4.1236
3304,4.1238
3305,4.1241
3306,4.1244
3307,4.1246
3308,4.1249
3309,4.1251
3310,4.1254
3311,4.1257
3312,4.1259
3313,4.126
3314,4.1263
3315,4.1265
3316,4.1268
3317,4.1271
3318,4.1273
3319,4.1276
3320,4.1278
3321,4.1281
3322,4.1283
3323,4.1286
3324,4.1287
3325,4.129
3326,4.1292
3327,4.1295
3328,4.1297
3329,4.13
3330,4.1302
3331,4.1303
3332,4.1306
3333,4.1308
3334,4.1311
3335,4.1313
3336,4.1316
3337,4.1317
3338,4.1321
3339,4.1322
3340,4.1324
3341,4.1327
3342,4.1329
3343,4.133
3344,4.1333
3345,4.1335
3346,4.1338
3347,4.134
3348,4.1341
3349,4.1344
3350,4.1346
3351,4.1348
3352,4.1351
3353,4.1352
3354,4.1354
3355,4.1357
3356,4.1359
3357,4.136
3358,4.1364
3359,4.1365
3360,4.1367
3361,4.137
3362,4.1371
3363,4.1373
3364,4.1376
3365,4.1378
3366,4.1379
3367,4.1381
3368,4.1384
3369,4.1386
3370,4.1387
3371,4.1389
3372,4.1391
3373,4.1394
3374,4.1395
3375,4.1397
3376,4.1398
3377,4.1402
3378,4.1403
3379,4.1405
3380,4.1406
3381,4.1408
3382,4.1411
3383,4.1413
3384,4.1414
3385,4.1416
3386,4.1418
3387,4.1421
3388,4.1422
3389,4.1424
3390,4.1426
3391,4.1427
3392,4.1429
3393,4.143
3394,4.1433
3395,4.1435
3396,4.1437
3397,4.1438
3398,4.144
3399,4.1441
3400,4.1443
3401,4.1445
3402,4.1446
3403,4.1448
3404,4.1449
3405,4.1451
3406,4.1454
3407,4.1456
3408,4.1457
3409,4.1459
3410,4.146
3411,4.1462
3412,4.1464
3413,4.1465
3414,4.1467
3415,4.1468
3416,4.147
3417,4.1472
3418,4.1473
3419,4.1475
3420,4.1476
3421,4.1478
3422,4.148
3423,4.1481
3424,4.1483
3425,4.1484
3426,4.1486
3427,4.1487
3428,4.1489
3429,4.1491
3430,4.1492
3431,4.1494
3432,4.1494
3433,4.1495
3434,4.1499
3435,4.1499
3436,4.15
3437,4.1502
3438,4.1503
3439,4.1505
3440,4.1507
3441,4.1508
3442,4.151
3443,4.1511
3444,4.1511
3445,4.1513
3446,4.1514
3447,4.1516
3448,4.1518
3449,4.1519
3450,4.1521
3451,4.1521
3452,4.1522
3453,4.1524
3454,4.1526
3455,4.1527
3456,4.1529
3457,4.1529
3458,4.153
3459,4.1532
3460,4.1534
3461,4.1535
3462,4.1537
3463,4.1537
3464,4.1538
3465,4.154
3466,4.1541
3467,4.1541
3468,4.1543
3469,4.1545
3470,4.1546
3471,4.1546
3472,4.1548
3473,4.1549
3474,4.1551
3475,4.1553
3476,4.1553
3477,4.1554
3478,4.1556
3479,4.1556
3480,4.1557
3481,4.1559
3482,4.1559
3483,4.1561
3484,4.1562
3485,4.1564
3486,4.1564
3487,4.1565
3488,4.1567
3489,4.1567
3490,4.1568
3491,4.157
3492,4.1572
3493,4.1572
3494,4.1573
3495,4.1575
3496,4.1575
3497,4.1576
3498,4.1578
3499,4.1578
3500,4.158
3501,4.1581
3502,4.1581
3503,4.1583
3504,4.1583
3505,4.1584
3506,4.1586
3507,4.1586
3508,4.1588
3509,4.1589
3510,4.1589
3511,4.1591
3512,4.1592
3513,4.1592
3514,4.1594
3515,4.1594
3516,4.1595
3517,4.1597
3518,4.1597
3519,4.1599
3520,4.1599
3521,4.16
3522,4.1602
3523,4.1602
3524,4.1603
3525,4.1603
3526,4.1605
3527,4.1605
3528,4.1607
3529,4.1607
3530,4.1608
3531,4.1608
3532,4.161
3533,4.161
3534,4.1611
3535,4.1613
3536,4.1613
3537,4.1615
3538,4.1615
3539,4.1616
3540,4.1616
3541,4.1618
3542,4.1618
3543,4.1619
3544,4.1619
3545,4.1621
3546,4.1622
3547,4.1622
3548,4.1624
3549,4.1624
3550,4.1626
3551,4.1626
3552,4.1627
3553,4.1627
3554,4.1629
3555,4.1629
3556,4.163
3557,4.163
3558,4.1632
3559,4.1632
3560,4.1634
3561,4.1634
3562,4.1635
3563,4.1635
3564,4.1637
3565,4.1637
3566,4.1638
3567,4.1638
3568,4.164
3569,4.164
3570,4.1642
3571,4.1642
3572,4.1643
3573,4.1645
3574,4.1645
3575,4.1645
3576,4.1646
3577,4.1648
3578,4.1648
3579,4.1648
3580,4.1649
3581,4.1649
3582,4.1651
3583,4.1651
3584,4.1653
3585,4.1653
3586,4.1654
3587,4.1656
3588,4.1656
3589,4.1657
3590,4.1657
3591,4.1659
3592,4.1659
3593,4.1661
3594,4.1661
3595,4.1662
3596,4.1662
3597,4.1664
3598,4.1664
3599,4.1665
3600,4.1665
3601,4.1667
3602,4.1667
3603,4.1669
3604,4.1669
3605,4.167
3606,4.167
3607,4.1672
3608,4.1672
3609,4.1673
3610,4.1673
3611,4.1675
3612,4.1675
3613,4.1676
3614,4.1676
3615,4.1678
3616,4.168
3617,4.168
3618,4.168
3619,4.1681
3620,4.1683
3621,4.1683
3622,4.1684
3623,4.1684
3624,4.1686
3625,4.1686
3626,4.1688
3627,4.1688
3628,4.1689
3629,4.1691
3630,4.1691
3631,4.1692
3632,4.1692
3633,4.1694
3634,4.1694
3635,4.1696
3636,4.1696
3637,4.1697
3638,4.1699
3639,4.1699
3640,4.17
3641,4.17
3642,4.1702
3643,4.1702
3644,4.1703
3645,4.1703
3646,4.1705
3647,4.1707
3648,4.1707
3649,4.1708
3650,4.171
3651,4.171
3652,4.1711
3653,4.1711
3654,4.1713
3655,4.1713
3656,4.1715
3657,4.1716
3658,4.1716
3659,4.1718
3660,4.1719
3661,4.1719
3662,4.1721
3663,4.1721
3664,4.1723
3665,4.1724
3666,4.1724
3667,4.1726
3668,4.1727
3669,4.1727
3670,4.1729
3671,4.173
3672,4.173
3673,4.1732
3674,4.1734
3675,4.1734
3676,4.1735
3677,4.1737
3678,4.1737
3679,4.1738
3680,4.174
3681,4.174
3682,4.1742
3683,4.1743
3684,4.1745
3685,4.1745
3686,4.1746
3687,4.1748
3688,4.1748
3689,4.175
3690,4.1751
3691,4.1753
3692,4.1753
3693,4.1754
3694,4.1756
3695,4.1758
3696,4.1758
3697,4.1759
3698,4.1761
3699,4.1762
3700,4.1762
3701,4.1764
3702,4.1765
3703,4.1767
3704,4.1767
3705,4.1769
3706,4.177
3707,4.1772
3708,4.1773
3709,4.1773
3710,4.1775
3711,4.1777
3712,4.1778
3713,4.178
3714,4.1781
3715,4.1781
3716,4.1783
3717,4.1785
3718,4.1786
3719,4.1788
3720,4.1789
3721,4.1791
3722,4.1792
3723,4.1792
3724,4.1794
3725,4.1796
3726,4.1797
3727,4.1799
3728,4.18
3729,4.1802
3730,4.1804
3731,4.1805
3732,4.1807
3733,4.1808
3734,4.181
3735,4.1812
3736,4.1813
3737,4.1815
3738,4.1816
3739,4.1818
3740,4.1819
3741,4.1821
3742,4.1823
3743,4.1823
3744,4.1824
3745,4.1827
3746,4.1829
3747,4.1831
3748,4.1832
3749,4.1834
3750,4.1835
3751,4.1837
3752,4.1839
3753,4.184
3754,4.1842
3755,4.1843
3756,4.1846
3757,4.1848
3758,4.185
3759,4.1851
3760,4.1853
3761,4.1854
3762,4.1858
3763,4.1859
3764,4.1861
3765,4.1862
3766,4.1864
3767,4.1866
3768,4.1869
3769,4.187
3770,4.1872
3771,4.1875
3772,4.1877
3773,4.1878
3774,4.188
3775,4.1883
3776,4.1885
3777,4.1886
3778,4.1889
3779,4.1891
3780,4.1893
3781,4.1896
3782,4.1897
3783,4.1899
3784,4.1902
3785,4.1904
3786,4.1907
3787,4.1908
3788,4.1912
3789,4.1913
3790,4.1915
3791,4.1918
3792,4.192
3793,4.1923
3794,4.1924
3795,4.1927
3796,4.1931
3797,4.1932
3798,4.1935
3799,4.1937
3800,4.194
3801,4.1943
3802,4.1945
3803,4.1948
3804,4.1951
3805,4.1953
3806,4.1956
3807,4.1959
3808,4.1961
3809,4.1964
3810,4.1967
3811,4.197
3812,4.1972
3813,4.1975
3814,4.1978
3815,4.1981
3816,4.1985
3817,4.1988
3818,4.1989
3819,4.1993
3820,4.1996
3821,4.1999
3822,4.2002
3823,4.2005
3824,4.2008
3825,4.2012
3826,4.2015
3827,4.2018
3828,4.2021
3829,4.2024
3830,4.2029
3831,4.2032
3832,4.2035
3833,4.2039
3834,4.2042
3835,4.2045
3836,4.2048
3837,4.2053
3838,4.2056
3839,4.2059
3840,4.2064
3841,4.2067
3842,4.207
3843,4.2075
3844,4.2078
3845,4.2083
3846,4.2086
3847,4.209
3848,4.2094
3849,4.2097
3850,4.2102
3851,4.2107
3852,4.211
3853,4.2115
3854,4.2118
3855,4.2123
3856,4.2128
3857,4.2131
3858,4.2136
3859,4.214
3860,4.2145
3861,4.215
3862,4.2153
3863,4.2158
3864,4.2163
3865,4.2167
3866,4.2172
3867,4.2177
3868,4.2182
3869,4.2186
3870,4.2191
3871,4.2196
3872,4.2201
3873,4.2205
3874,4.2212
3875,4.2217
3876,4.2221
3877,4.2226
3878,4.2232
3879,4.2237
3880,4.2242
3881,4.2248
3882,4.2253
3883,4.2259
3884,4.2264
3885,4.2271
3886,4.2275
3887,4.2282
3888,4.2286
3889,4.2293
3890,4.2299
3891,4.2304
3892,4.231
3893,4.2317
3894,4.2323
3895,4.2328
3896,4.2334
3897,4.234
3898,4.2347
3899,4.2353
3900,4.236
3901,4.2366
3902,4.2372
3903,4.2379
3904,4.2385
3905,4.2393
3906,4.2399
3907,4.2406
3908,4.2412
3909,4.242
3910,4.2426
3911,4.2433
3912,4.2441
3913,4.2447
3914,4.2455
3915,4.2461
3916,4.2469
3917,4.2477
3918,4.2483
3919,4.2491
3920,4.2499
3921,4.2506
3922,4.2514
3923,4.2522
3924,4.253
3925,4.2537
3926,4.2545
3927,4.2553
3928,4.2561
3929,4.2569
3930,4.2577
3931,4.2585
3932,4.2593
3933,4.2601
3934,4.2611
3935,4.2618
3936,4.2626
3937,4.2636
3938,4.2644
3939,4.2653
3940,4.2661
3941,4.2669
3942,4.2679
3943,4.2688
3944,4.2696
3945,4.2706
3946,4.2715
3947,4.2723
3948,4.2733
3949,4.2742
3950,4.2752
3951,4.2761
3952,4.2771
3953,4.2781
3954,4.279
3955,4.28
3956,4.2809
3957,4.2819
3958,4.2828
3959,4.2838
3960,4.2847
3961,4.2858
3962,4.2868
3963,4.2877
3964,4.2889
3965,4.2898
3966,4.2908
3967,4.2919
3968,4.2928
3969,4.2939
3970,4.295
3971,4.296
3972,4.2971
3973,4.2981
3974,4.2992
3975,4.3003
3976,4.3012
3977,4.3009
3978,4.3009
3979,4.3009
3980,4.3009
3981,4.3009
3982,4.3009
3983,4.3009
3984,4.2999
3985,4.2978
3986,4.2971
3987,4.2964
3988,4.2959
3989,4.2955
3990,4.2951
3991,4.2948
3992,4.2945
3993,4.2942
3994,4.2939
3995,4.2937
3996,4.2934
3997,4.2932
3998,4.2931
3999,4.2929
4000,4.2926
4001,4.2924
4002,4.2924
4003,4.2923
4004,4.2921
4005,4.292
4006,4.2918
4007,4.2918
4008,4.2916
4009,4.2915
4010,4.2915
4011,4.2913
4012,4.2912
4013,4.2912
4014,4.291
4015,4.291
4016,4.2909
4017,4.2909
4018,4.2907
4019,4.2907
4020,4.2905
4021,4.2905
4022,4.2904
4023,4.2904
4024,4.2902
4025,4.2902
4026,4.2901
4027,4.2901
4028,4.2901
4029,4.2899
4030,4.2899
4031,4.2899
4032,4.2897
4033,4.2897
4034,4.2897
4035,4.2896
4036,4.2896
4037,4.2896
4038,4.2894
4039,4.2894
4040,4.2894
4041,4.2893
4042,4.2893
4043,4.2893
4044,4.2891
4045,4.2891
4046,4.2891
4047,4.2889
4048,4.2889
4049,4.2889
4050,4.2888
4051,4.2888
4052,4.2888
4053,4.2888
4054,4.2886
4055,4.2886
4056,4.2886
4057,4.2886
4058,4.2885
4059,4.2885
4060,4.2885
4061,4.2885
4062,4.2883
4063,4.2883
4064,4.2883
4065,4.2881
4066,4.2881
4067,4.2881
4068,4.2881
4069,4.2881
4070,4.288
4071,4.288
4072,4.288
4073,4.288
4074,4.2878
4075,4.2878
4076,4.2878
4077,4.2878
4078,4.2878
4079,4.2877
4080,4.2877
4081,4.2877
4082,4.2877
4083,4.2875
4084,4.2875
4085,4.2875
4086,4.2875
4087,4.2875
4088,4.2874
4089,4.2874
4090,4.2874
4091,4.2874
4092,4.2874
4093,4.2874
4094,4.2872
4095,4.2872
4096,4.2872
4097,4.2872
4098,4.287
4099,4.287
4100,4.287
4101,4.287
4102,4.287
4103,4.287
4104,4.2869
4105,4.2869
4106,4.2869
4107,4.2869
4108,4.2869
4109,4.2867
4110,4.2867
4111,4.2867
4112,4.2867
4113,4.2866
4114,4.2866
4115,4.2866
4116,4.2866
4117,4.2866
4118,4.2866
4119,4.2864
4120,4.2864
4121,4.2864
4122,4.2864
4123,4.2864
4124,4.2864
4125,4.2862
4126,4.2862
4127,4.2862
4128,4.2862
4129,4.2862
4130,4.2861
4131,4.2861
4132,4.2861
4133,4.2861
4134,4.2861
4135,4.2861
4136,4.2861
4137,4.2859
4138,4.2859
4139,4.2859
4140,4.2859
4141,4.2859
4142,4.2859
4143,4.2859
4144,4.2858
4145,4.2858
4146,4.2858
4147,4.2858
4148,4.2858
4149,4.2856
4150,4.2856
4151,4.2856
4152,4.2856
4153,4.2856
4154,4.2856
4155,4.2856
4156,4.2854
4157,4.2854
4158,4.2854
4159,4.2854
4160,4.2854
4161,4.2854
4162,4.2854
4163,4.2853
4164,4.2853
4165,4.2799
4166,4.2754
4167,4.273
4168,4.271
4169,4.2692
4170,4.2676
4171,4.266
4172,4.2646
4173,4.2633
4174,4.2619
4175,4.2606
4176,4.2594
4177,4.2581
4178,4.257
4179,4.2557
4180,4.2544
4181,4.2533
4182,4.2522
4183,4.2511
4184,4.25
4185,4.2489
4186,4.2479
4187,4.2468
4188,4.2457
4189,4.2447
4190,4.2436
4191,4.2427
4192,4.2417
4193,4.2408
4194,4.2397
4195,4.2387
4196,4.2377
4197,4.2368
4198,4.236
4199,4.235
4200,4.2341
4201,4.2331
4202,4.2323
4203,4.2314
4204,4.2306
4205,4.2296
4206,4.2288
4207,4.2279
4208,4.2271
4209,4.2263
4210,4.2253
4211,4.2246
4212,4.2238
4213,4.223
4214,4.2222
4215,4.2214
4216,4.2206
4217,4.2198
4218,4.2191
4219,4.2184
4220,4.2176
4221,4.2168
4222,4.2161
4223,4.2153
4224,4.2147
4225,4.2139
4226,4.2133
4227,4.2125
4228,4.2118
4229,4.2112
4230,4.2106
4231,4.2098
4232,4.2091
4233,4.2085
4234,4.2079
4235,4.2072
4236,4.2066
4237,4.206
4238,4.2053
4239,4.2047
4240,4.204
4241,4.2034
4242,4.2029
4243,4.2023
4244,4.2017
4245,4.2012
4246,4.2005
4247,4.1999
4248,4.1994
4249,4.1988
4250,4.1983
4251,4.1977
4252,4.1972
4253,4.1967
4254,4.1961
4255,4.1956
4256,4.1951
4257,4.1947
4258,4.194
4259,4.1935
4260,4.1931
4261,4.1926
4262,4.1921
4263,4.1916
4264,4.1912
4265,4.1907
4266,4.1902
4267,4.1897
4268,4.1893
4269,4.1889
4270,4.1885
4271,4.188
4272,4.1875
4273,4.1872
4274,4.1867
4275,4.1862
4276,4.1859
4277,4.1854
4278,4.1851
4279,4.1846
4280,4.1842
4281,4.1839
4282,4.1834
4283,4.1831
4284,4.1827
4285,4.1823
4286,4.1819
4287,4.1816
4288,4.1811
4289,4.1808
4290,4.1805
4291,4.1802
4292,4.1797
4293,4.1794
4294,4.1791
4295,4.1788
4296,4.1784
4297,4.1781
4298,4.1778
4299,4.1775
4300,4.177
4301,4.1767
4302,4.1764
4303,4.1761
4304,4.1759
4305,4.1756
4306,4.1753
4307,4.1749
4308,4.1746
4309,4.1743
4310,4.174
4311,4.1738
4312,4.1735
4313,4.1732
4314,4.1729
4315,4.1727
4316,4.1724
4317,4.1721
4318,4.1719
4319,4.1716
4320,4.1713
4321,4.1711
4322,4.1708
4323,4.1705
4324,4.1703
4325,4.17
4326,4.1699
4327,4.1695
4328,4.1694
4329,4.1691
4330,4.1689
4331,4.1686
4332,4.1684
4333,4.1681
4334,4.168
4335,4.1678
4336,4.1675
4337,4.1673
4338,4.167
4339,4.1668
4340,4.1667
4341,4.1664
4342,4.1662
4343,4.166
4344,4.1657
4345,4.1656
4346,4.1654
4347,4.1652
4348,4.1649
4349,4.1648
4350,4.1646
4351,4.1645
4352,4.1643
4353,4.164
4354,4.1638
4355,4.1637
4356,4.1635
4357,4.1633
4358,4.1632
4359,4.1629
4360,4.1627
4361,4.1625
4362,4.1624
4363,4.1622
4364,4.1621
4365,4.1619
4366,4.1618
4367,4.1616
4368,4.1614
4369,4.1613
4370,4.1611
4371,4.161
4372,4.1608
4373,4.1606
4374,4.1605
4375,4.1603
4376,4.1602
4377,4.16
4378,4.1598
4379,4.1597
4380,4.1595
4381,4.1594
4382,4.1592
4383,4.159
4384,4.1589
4385,4.1587
4386,4.1587
4387,4.1586
4388,4.1584
4389,4.1583
4390,4.1581
4391,4.1579
4392,4.1578
4393,4.1578
4394,4.1576
4395,4.1575
4396,4.1573
4397,4.1571
4398,4.157
4399,4.157
4400,4.1568
4401,4.1567
4402,4.1565
4403,4.1563
4404,4.1563
4405,4.1562
4406,4.156
4407,4.1559
4408,4.1559
4409,4.1557
4410,4.1556
4411,4.1554
4412,4.1554
4413,4.1552
4414,4.1551
4415,4.1551
4416,4.1549
4417,4.1548
4418,4.1548
4419,4.1546
4420,4.1544
4421,4.1544
4422,4.1543
4423,4.1541
4424,4.1541
4425,4.154
4426,4.1538
4427,4.1538
4428,4.1536
4429,4.1535
4430,4.1535
4431,4.1533
4432,4.1532
4433,4.1532
4434,4.153
4435,4.1528
4436,4.1528
4437,4.1527
4438,4.1527
4439,4.1525
4440,4.1524
4441,4.1524
4442,4.1522
4443,4.1522
4444,4.1521
4445,4.1519
4446,4.1519
4447,4.1517
4448,4.1517
4449,4.1516
4450,4.1516
4451,4.1514
4452,4.1514
4453,4.1513
4454,4.1511
4455,4.1511
4456,4.1509
4457,4.1509
4458,4.1508
4459,4.1508
4460,4.1506
4461,4.1505
4462,4.1505
4463,4.1503
4464,4.1503
4465,4.1503
4466,4.1501
4467,4.15
4468,4.15
4469,4.1498
4470,4.1498
4471,4.1497
4472,4.1497
4473,4.1495
4474,4.1495
4475,4.1494
4476,4.1494
4477,4.1492
4478,4.1492
4479,4.149
4480,4.149
4481,4.1489
4482,4.1489
4483,4.1487
4484,4.1487
4485,4.1486
4486,4.1486
4487,4.1484
4488,4.1484
4489,4.1482
4490,4.1482
4491,4.1481
4492,4.1481
4493,4.1479
4494,4.1479
4495,4.1478
4496,4.1478
4497,4.1476
4498,4.1476
4499,4.1474
4500,4.1474
4501,4.1473
4502,4.1473
4503,4.1471
4504,4.1471
4505,4.147
4506,4.147
4507,4.1468
4508,4.1468
4509,4.1468
4510,4.1466
4511,4.1466
4512,4.1465
4513,4.1465
4514,4.1463
4515,4.1463
4516,4.1462
4517,4.1462
4518,4.1462
4519,4.146
4520,4.146
4521,4.1459
4522,4.1459
4523,4.1457
4524,4.1457
4525,4.1455
4526,4.1455
4527,4.1454
4528,4.1454
4529,4.1452
4530,4.1452
4531,4.1451
4532,4.1451
4533,4.1449
4534,4.1449
4535,4.1449
4536,4.1447
4537,4.1447
4538,4.1446
4539,4.1446
4540,4.1444
4541,4.1444
4542,4.1443
4543,4.1443
4544,4.1443
4545,4.1441
4546,4.1441
4547,4.1439
4548,4.1439
4549,4.1438
4550,4.1438
4551,4.1438
4552,4.1436
4553,4.1436
4554,4.1435
4555,4.1435
4556,4.1433
4557,4.1433
4558,4.1431
4559,4.1431
4560,4.143
4561,4.143
4562,4.1428
4563,4.1428
4564,4.1428
4565,4.1427
4566,4.1427
4567,4.1425
4568,4.1425
4569,4.1424
4570,4.1424
4571,4.1422
4572,4.1422
4573,4.142
4574,4.142
4575,4.1419
4576,4.1419
4577,4.1419
4578,4.1417
4579,4.1417
4580,4.1416
4581,4.1416
4582,4.1414
4583,4.1414
4584,4.1412
4585,4.1412
4586,4.1411
4587,4.1411
4588,4.1411
4589,4.1409
4590,4.1409
4591,4.1408
4592,4.1408
4593,4.1406
4594,4.1406
4595,4.1404
4596,4.1404
4597,4.1403
4598,4.1403
4599,4.1401
4600,4.1401
4601,4.14
4602,4.14
4603,4.1398
4604,4.1398
4605,4.1397
4606,4.1397
4607,4.1397
4608,4.1395
4609,4.1393
4610,4.1393
4611,4.1393
4612,4.1393
4613,4.1392
4614,4.1392
4615,4.1392
4616,4.1392
4617,4.139
4618,4.139
4619,4.1389
4620,4.1389
4621,4.1389
4622,4.1389
4623,4.1389
4624,4.1389
4625,4.1387
4626,4.1387
4627,4.1387
4628,4.1387
4629,4.1385
4630,4.1385
4631,4.1384
4632,4.1384
4633,4.1384
4634,4.1384
4635,4.1382
4636,4.1382
4637,4.1382
4638,4.1382
4639,4.1381
4640,4.1381
4641,4.1381
4642,4.1381
4643,4.1379
4644,4.1379
4645,4.1379
4646,4.1379
4647,4.1377
4648,4.1377
4649,4.1377
4650,4.1377
4651,4.1376
4652,4.1376
4653,4.1376
4654,4.1374
4655,4.1374
4656,4.1373
4657,4.1371
4658,4.1371
4659,4.1371
4660,4.1369
4661,4.1368
4662,4.1368
4663,4.1366
4664,4.1366
4665,4.1365
4666,4.1365
4667,4.1363
4668,4.1363
4669,4.1362
4670,4.136
4671,4.136
4672,4.1358
4673,4.1358
4674,4.1357
4675,4.1355
4676,4.1355
4677,4.1354
4678,4.1352
4679,4.1352
4680,4.135
4681,4.135
4682,4.1349
4683,4.1347
4684,4.1347
4685,4.1346
4686,4.1344
4687,4.1344
4688,4.1342
4689,4.1342
4690,4.1341
4691,4.1339
4692,4.1339
4693,4.1338
4694,4.1336
4695,4.1336
4696,4.1335
4697,4.1333
4698,4.1333
4699,4.1331
4700,4.133
4701,4.133
4702,4.1328
4703,4.1327
4704,4.1325
4705,4.1325
4706,4.1323
4707,4.1322
4708,4.1322
4709,4.132
4710,4.1319
4711,4.1317
4712,4.1317
4713,4.1315
4714,4.1314
4715,4.1312
4716,4.1312
4717,4.1311
4718,4.1309
4719,4.1307
4720,4.1307
4721,4.1306
4722,4.1304
4723,4.1303
4724,4.1301
4725,4.1301
4726,4.13
4727,4.1298
4728,4.1296
4729,4.1295
4730,4.1293
4731,4.1292
4732,4.1292
4733,4.129
4734,4.1288
4735,4.1287
4736,4.1285
4737,4.1284
4738,4.1284
4739,4.1282
4740,4.128
4741,4.1279
4742,4.1277
4743,4.1276
4744,4.1274
4745,4.1273
4746,4.1271
4747,4.1269
4748,4.1268
4749,4.1266
4750,4.1265
4751,4.1263
4752,4.1261
4753,4.126
4754,4.126
4755,4.1258
4756,4.1257
4757,4.1253
4758,4.1252
4759,4.1252
4760,4.125
4761,4.1247
4762,4.1245
4763,4.1244
4764,4.1242
4765,4.1241
4766,4.1239
4767,4.1238
4768,4.1236
4769,4.1234
4770,4.1233
4771,4.1231
4772,4.123
4773,4.1228
4774,4.1226
4775,4.1223
4776,4.1222
4777,4.122
4778,4.1218
4779,4.1217
4780,4.1215
4781,4.1214
4782,4.121
4783,4.1209
4784,4.1207
4785,4.1206
4786,4.1204
4787,4.1203
4788,4.1199
4789,4.1198
4790,4.1196
4791,4.1195
4792,4.1193
4793,4.119
4794,4.1188
4795,4.1187
4796,4.1185
4797,4.1182
4798,4.118
4799,4.1179
4800,4.1177
4801,4.1174
4802,4.1172
4803,4.1171
4804,4.1168
4805,4.1166
4806,4.1164
4807,4.1163
4808,4.116
4809,4.1158
4810,4.1156
4811,4.1153
4812,4.1152
4813,4.1148
4814,4.1147
4815,4.1145
4816,4.1142
4817,4.1141
4818,4.1139
4819,4.1136
4820,4.1134
4821,4.1131
4822,4.1129
4823,4.1128
4824,4.1125
4825,4.1123
4826,4.112
4827,4.1118
4828,4.1115
4829,4.1114
4830,4.111
4831,4.1109
4832,4.1107
4833,4.1104
4834,4.1102
4835,4.1099
4836,4.1096
4837,4.1094
4838,4.1091
4839,4.109
4840,4.1086
4841,4.1085
4842,4.1082
4843,4.108
4844,4.1077
4845,4.1075
4846,4.1072
4847,4.1071
4848,4.1067
4849,4.1064
4850,4.1063
4851,4.1059
4852,4.1058
4853,4.1055
4854,4.1052
4855,4.105
4856,4.1047
4857,4.1045
4858,4.1042
4859,4.1039
4860,4.1037
4861,4.1034
4862,4.1032
4863,4.1029
4864,4.1026
4865,4.1024
4866,4.1021
4867,4.1018
4868,4.1017
4869,4.1013
4870,4.101
4871,4.1007
4872,4.1005
4873,4.1002
4874,4.0999
4875,4.0997
4876,4.0994
4877,4.0991
4878,4.0988
4879,4.0986
4880,4.0983
4881,4.098
4882,4.0977
4883,4.0975
4884,4.0972
4885,4.0969
4886,4.0966
4887,4.0964
4888,4.0961
4889,4.0958
4890,4.0955
4891,4.0953
4892,4.095
4893,4.0947
4894,4.0943
4895,4.094
4896,4.0937
4897,4.0935
4898,4.0932
4899,4.0929
4900,4.0926
4901,4.0923
4902,4.0921
4903,4.0918
4904,4.0915
4905,4.0912
4906,4.0908
4907,4.0905
4908,4.0902
4909,4.09
4910,4.0897
4911,4.0894
4912,4.0891
4913,4.0888
4914,4.0885
4915,4.0881
4916,4.0878
4917,4.0875
4918,4.0873
4919,4.087
4920,4.0867
4921,4.0864
4922,4.0861
4923,4.0858
4924,4.0854
4925,4.0851
4926,4.0848
4927,4.0845
4928,4.0843
4929,4.084
4930,4.0837
4931,4.0834
4932,4.0831
4933,4.0827
4934,4.0824
4935,4.0821
4936,4.0818
4937,4.0815
4938,4.0811
4939,4.0808
4940,4.0805
4941,4.0802
4942,4.0799
4943,4.0796
4944,4.0794
4945,4.0789
4946,4.0788
4947,4.0784
4948,4.0781
4949,4.0778
4950,4.0775
4951,4.0772
4952,4.0769
4953,4.0765
4954,4.0762
4955,4.0759
4956,4.0756
4957,4.0753
4958,4.0749
4959,4.0746
4960,4.0743
4961,4.074
4962,4.0737
4963,4.0734
4964,4.073
4965,4.0727
4966,4.0724
4967,4.0721
4968,4.0718
4969,4.0714
4970,4.0711
4971,4.0708
4972,4.0705
4973,4.0702
4974,4.0699
4975,4.0695
4976,4.0692
4977,4.0689
4978,4.0686
4979,4.0683
4980,4.0679
4981,4.0676
4982,4.0673
4983,4.067
4984,4.0667
4985,4.0664
4986,4.066
4987,4.0657
4988,4.0654
4989,4.0651
4990,4.0649
4991,4.0644
4992,4.0643
4993,4.064
4994,4.0637
4995,4.0633
4996,4.063
4997,4.0627
4998,4.0624
4999,4.0621
5000,4.0617
5001,4.0614
5002,4.0611
5003,4.0608
5004,4.0605
5005,4.0602
5006,4.0598
5007,4.0595
5008,4.0592
5009,4.0589
5010,4.0586
5011,4.0584
5012,4.0581
5013,4.0578
5014,4.0575
5015,4.0571
5016,4.0568
5017,4.0565
5018,4.0562
5019,4.0559
5020,4.0555
5021,4.0552
5022,4.0549
5023,4.0547
5024,4.0544
5025,4.0541
5026,4.0538
5027,4.0535
5028,4.0532
5029,4.0528
5030,4.0527
5031,4.0524
5032,4.052
5033,4.0517
5034,4.0514
5035,4.0511
5036,4.0508
5037,4.0506
5038,4.0503
5039,4.05
5040,4.0497
5041,4.0493
5042,4.049
5043,4.0489
5044,4.0485
5045,4.0482
5046,4.0479
5047,4.0476
5048,4.0474
5049,4.0471
5050,4.0468
5051,4.0465
5052,4.0463
5053,4.046
5054,4.0457
5055,4.0454
5056,4.0451
5057,4.0449
5058,4.0446
5059,4.0443
5060,4.0439
5061,4.0438
5062,4.0435
5063,4.0431
5064,4.043
5065,4.0427
5066,4.0423
5067,4.042
5068,4.0419
5069,4.0416
5070,4.0412
5071,4.0411
5072,4.0408
5073,4.0404
5074,4.0403
5075,4.04
5076,4.0396
5077,4.0395
5078,4.0392
5079,4.039
5080,4.0387
5081,4.0384
5082,4.0382
5083,4.0379
5084,4.0377
5085,4.0374
5086,4.0371
5087,4.0369
5088,4.0366
5089,4.0365
5090,4.0361
5091,4.0358
5092,4.0357
5093,4.0354
5094,4.0352
5095,4.0349
5096,4.0347
5097,4.0344
5098,4.0342
5099,4.0339
5100,4.0338
5101,4.0334
5102,4.0333
5103,4.033
5104,4.0328
5105,4.0325
5106,4.0323
5107,4.032
5108,4.0319
5109,4.0315
5110,4.0314
5111,4.0311
5112,4.0309
5113,4.0307
5114,4.0304
5115,4.0303
5116,4.0299
5117,4.0298
5118,4.0295
5119,4.0293
5120,4.0292
5121,4.0288
5122,4.0287
5123,4.0285
5124,4.0282
5125,4.028
5126,4.0277
5127,4.0276
5128,4.0274
5129,4.0271
5130,4.0269
5131,4.0268
5132,4.0264
5133,4.0263
5134,4.0261
5135,4.0258
5136,4.0257
5137,4.0255
5138,4.0253
5139,4.025
5140,4.0249
5141,4.0247
5142,4.0244
5143,4.0242
5144,4.0241
5145,4.0239
5146,4.0236
5147,4.0234
5148,4.0233
5149,4.0231
5150,4.0228
5151,4.0226
5152,4.0225
5153,4.0223
5154,4.0222
5155,4.0218
5156,4.0217
5157,4.0215
5158,4.0214
5159,4.021
5160,4.0209
5161,4.0207
5162,4.0206
5163,4.0204
5164,4.0202
5165,4.0199
5166,4.0198
5167,4.0196
5168,4.0195
5169,4.0193
5170,4.0191
5171,4.0188
5172,4.0187
5173,4.0185
5174,4.0183
5175,4.0182
5176,4.018
5177,4.0179
5178,4.0175
5179,4.0174
5180,4.0172
5181,4.0171
5182,4.0169
5183,4.0168
5184,4.0166
5185,4.0164
5186,4.0163
5187,4.0161
5188,4.0158
5189,4.0156
5190,4.0155
5191,4.0153
5192,4.0152
5193,4.015
5194,4.0148
5195,4.0147
5196,4.0145
5197,4.0144
5198,4.0142
5199,4.014
5200,4.0139
5201,4.0137
5202,4.0136
5203,4.0133
5204,4.0131
5205,4.0129
5206,4.0128
5207,4.0126
5208,4.0125
5209,4.0123
5210,4.0121
5211,4.012
5212,4.0118
5213,4.0117
5214,4.0115
5215,4.0113
5216,4.0112
5217,4.011
5218,4.0109
5219,4.0107
5220,4.0106
5221,4.0104
5222,4.0102
5223,4.0101
5224,4.0099
5225,4.0098
5226,4.0096
5227,4.0094
5228,4.0093
5229,4.0091
5230,4.009
5231,4.0088
5232,4.0086
5233,4.0085
5234,4.0083
5235,4.0082
5236,4.008
5237,4.0078
5238,4.0077
5239,4.0075
5240,4.0074
5241,4.0072
5242,4.0071
5243,4.0069
5244,4.0067
5245,4.0066
5246,4.0064
5247,4.0063
5248,4.0061
5249,4.0059
5250,4.0058
5251,4.0056
5252,4.0055
5253,4.0053
5254,4.0051
5255,4.005
5256,4.0048
5257,4.0047
5258,4.0045
5259,4.0043
5260,4.0042
5261,4.004
5262,4.0039
5263,4.0037
5264,4.0036
5265,4.0034
5266,4.0032
5267,4.0031
5268,4.0029
5269,4.0028
5270,4.0026
5271,4.0024
5272,4.0023
5273,4.0021
5274,4.002
5275,4.0018
5276,4.0016
5277,4.0015
5278,4.0013
5279,4.0012
5280,4.001
5281,4.0009
5282,4.0007
5283,4.0005
5284,4.0004
5285,4.0002
5286,3.9999
5287,3.9997
5288,3.9996
5289,3.9994
5290,3.9993
5291,3.9991
5292,3.9989
5293,3.9988
5294,3.9986
5295,3.9985
5296,3.9983
5297,3.9981
5298,3.998
5299,3.9978
5300,3.9977
5301,3.9975
5302,3.9972
5303,3.997
5304,3.9969
5305,3.9967
5306,3.9966
5307,3.9964
5308,3.9962
5309,3.9961
5310,3.9959
5311,3.9958
5312,3.9956
5313,3.9953
5314,3.9951
5315,3.995
5316,3.9948
5317,3.9947
5318,3.9945
5319,3.9943
5320,3.9942
5321,3.9939
5322,3.9937
5323,3.9935
5324,3.9934
5325,3.9932
5326,3.9931
5327,3.9929
5328,3.9927
5329,3.9924
5330,3.9923
5331,3.9921
5332,3.9919
5333,3.9918
5334,3.9916
5335,3.9913
5336,3.9912
5337,3.991
5338,3.9908
5339,3.9907
5340,3.9904
5341,3.9902
5342,3.99
5343,3.9899
5344,3.9896
5345,3.9894
5346,3.9892
5347,3.9891
5348,3.9889
5349,3.9886
5350,3.9885
5351,3.9883
5352,3.9881
5353,3.9878
5354,3.9877
5355,3.9875
5356,3.9873
5357,3.987
5358,3.9869
5359,3.9867
5360,3.9865
5361,3.9862
5362,3.9861
5363,3.9859
5364,3.9856
5365,3.9854
5366,3.9853
5367,3.9851
5368,3.9848
5369,3.9846
5370,3.9845
5371,3.9842
5372,3.984
5373,3.9838
5374,3.9835
5375,3.9834
5376,3.9832
5377,3.9829
5378,3.9827
5379,3.9824
5380,3.9822
5381,3.9821
5382,3.9818
5383,3.9816
5384,3.9815
5385,3.9811
5386,3.981
5387,3.9808
5388,3.9805
5389,3.9803
5390,3.98
5391,3.9799
5392,3.9795
5393,3.9794
5394,3.9791
5395,3.9789
5396,3.9788
5397,3.9784
5398,3.9783
5399,3.978
5400,3.9778
5401,3.9775
5402,3.9773
5403,3.977
5404,3.9768
5405,3.9765
5406,3.9764
5407,3.976
5408,3.9759
5409,3.9756
5410,3.9754
5411,3.9751
5412,3.9749
5413,3.9746
5414,3.9745
5415,3.9741
5416,3.974
5417,3.9737
5418,3.9735
5419,3.9732
5420,3.973
5421,3.9727
5422,3.9724
5423,3.9722
5424,3.9719
5425,3.9718
5426,3.9714
5427,3.9713
5428,3.9711
5429,3.9708
5430,3.9705
5431,3.9702
5432,3.97
5433,3.9698
5434,3.9695
5435,3.9692
5436,3.9691
5437,3.9687
5438,3.9684
5439,3.9683
5440,3.9679
5441,3.9676
5442,3.9675
5443,3.9671
5444,3.9668
5445,3.9667
5446,3.9664
5447,3.9662
5448,3.9659
5449,3.9656
5450,3.9654
5451,3.9651
5452,3.9648
5453,3.9646
5454,3.9643
5455,3.964
5456,3.9636
5457,3.9635
5458,3.9632
5459,3.963
5460,3.9627
5461,3.9624
5462,3.9621
5463,3.9619
5464,3.9616
5465,3.9613
5466,3.9611
5467,3.9608
5468,3.9605
5469,3.9603
5470,3.96
5471,3.9597
5472,3.9594
5473,3.959
5474,3.9589
5475,3.9586
5476,3.9582
5477,3.9581
5478,3.9578
5479,3.9574
5480,3.9571
5481,3.957
5482,3.9567
5483,3.9563
5484,3.956
5485,3.9559
5486,3.9555
5487,3.9552
5488,3.9549
5489,3.9547
5490,3.9544
5491,3.9541
5492,3.9538
5493,3.9535
5494,3.9533
5495,3.953
5496,3.9527
5497,3.9524
5498,3.9522
5499,3.9519
5500,3.9516
5501,3.9512
5502,3.9511
5503,3.9508
5504,3.9505
5505,3.9501
5506,3.9498
5507,3.9497
5508,3.9493
5509,3.949
5510,3.9487
5511,3.9484
5512,3.9482
5513,3.9479
5514,3.9476
5515,3.9473
5516,3.947
5517,3.9468
5518,3.9465
5519,3.9462
5520,3.9458
5521,3.9457
5522,3.9454
5523,3.945
5524,3.9447
5525,3.9444
5526,3.9443
5527,3.9439
5528,3.9436
5529,3.9433
5530,3.9431
5531,3.9428
5532,3.9425
5533,3.9422
5534,3.9419
5535,3.9417
5536,3.9414
5537,3.9411
5538,3.9408
5539,3.9404
5540,3.9403
5541,3.94
5542,3.9396
5543,3.9393
5544,3.9392
5545,3.9388
5546,3.9385
5547,3.9382
5548,3.9379
5549,3.9377
5550,3.9374
5551,3.9371
5552,3.9368
5553,3.9366
5554,3.9363
5555,3.936
5556,3.9357
5557,3.9353
5558,3.9352
5559,3.9349
5560,3.9346
5561,3.9344
5562,3.9341
5563,3.9338
5564,3.9334
5565,3.9333
5566,3.933
5567,3.9326
5568,3.9323
5569,3.9322
5570,3.9318
5571,3.9315
5572,3.9312
5573,3.9309
5574,3.9307
5575,3.9304
5576,3.9301
5577,3.9299
5578,3.9296
5579,3.9293
5580,3.929
5581,3.9288
5582,3.9285
5583,3.9282
5584,3.9279
5585,3.9277
5586,3.9274
5587,3.9271
5588,3.9269
5589,3.9266
5590,3.9263
5591,3.9261
5592,3.9258
5593,3.9255
5594,3.9253
5595,3.925
5596,3.9247
5597,3.9245
5598,3.9242
5599,3.9239
5600,3.9237
5601,3.9234
5602,3.9231
5603,3.9229
5604,3.9226
5605,3.9223
5606,3.9222
5607,3.9218
5608,3.9215
5609,3.9212
5610,3.921
5611,3.9207
5612,3.9206
5613,3.9202
5614,3.9199
5615,3.9198
5616,3.9194
5617,3.9191
5618,3.919
5619,3.9187
5620,3.9183
5621,3.9182
5622,3.9179
5623,3.9177
5624,3.9174
5625,3.9171
5626,3.9169
5627,3.9166
5628,3.9164
5629,3.9161
5630,3.9158
5631,3.9156
5632,3.9153
5633,3.9152
5634,3.9148
5635,3.9145
5636,3.9144
5637,3.914
5638,3.9139
5639,3.9136
5640,3.9134
5641,3.9131
5642,3.9128
5643,3.9126
5644,3.9123
5645,3.9121
5646,3.9118
5647,3.9117
5648,3.9113
5649,3.911
5650,3.9109
5651,3.9105
5652,3.9104
5653,3.9101
5654,3.9099
5655,3.9096
5656,3.9094
5657,3.9091
5658,3.909
5659,3.9086
5660,3.9085
5661,3.9082
5662,3.908
5663,3.9077
5664,3.9074
5665,3.9072
5666,3.9069
5667,3.9067
5668,3.9064
5669,3.9063
5670,3.9059
5671,3.9058
5672,3.9055
5673,3.9053
5674,3.905
5675,3.9048
5676,3.9045
5677,3.9043
5678,3.904
5679,3.9039
5680,3.9035
5681,3.9034
5682,3.9031
5683,3.9029
5684,3.9026
5685,3.9024
5686,3.9021
5687,3.902
5688,3.9016
5689,3.9015
5690,3.9013
5691,3.901
5692,3.9008
5693,3.9005
5694,3.9004
5695,3.9001
5696,3.8999
5697,3.8996
5698,3.8994
5699,3.8991
5700,3.8989
5701,3.8986
5702,3.8985
5703,3.8981
5704,3.898
5705,3.8977
5706,3.8975
5707,3.8973
5708,3.897
5709,3.8969
5710,3.8966
5711,3.8964
5712,3.8961
5713,3.8959
5714,3.8956
5715,3.8954
5716,3.8951
5717,3.895
5718,3.8948
5719,3.8945
5720,3.8943
5721,3.894
5722,3.8939
5723,3.8935
5724,3.8934
5725,3.8931
5726,3.8929
5727,3.8927
5728,3.8924
5729,3.8923
5730,3.8919
5731,3.8918
5732,3.8915
5733,3.8913
5734,3.891
5735,3.8908
5736,3.8907
5737,3.8904
5738,3.8902
5739,3.8899
5740,3.8897
5741,3.8894
5742,3.8892
5743,3.8891
5744,3.8888
5745,3.8886
5746,3.8883
5747,3.8881
5748,3.8878
5749,3.8877
5750,3.8875
5751,3.8872
5752,3.887
5753,3.8867
5754,3.8865
5755,3.8862
5756,3.8861
5757,3.8857
5758,3.8856
5759,3.8854
5760,3.8851
5761,3.8849
5762,3.8846
5763,3.8845
5764,3.8842
5765,3.884
5766,3.8837
5767,3.8835
5768,3.8834
5769,3.883
5770,3.8829
5771,3.8826
5772,3.8824
5773,3.8821
5774,3.8819
5775,3.8816
5776,3.8814
5777,3.8813
5778,3.881
5779,3.8808
5780,3.8805
5781,3.8803
5782,3.88
5783,3.8799
5784,3.8795
5785,3.8794
5786,3.8791
5787,3.8789
5788,3.8787
5789,3.8784
5790,3.8783
5791,3.878
5792,3.8778
5793,3.8775
5794,3.8773
5795,3.877
5796,3.8768
5797,3.8765
5798,3.8764
5799,3.8762
5800,3.8759
5801,3.8757
5802,3.8754
5803,3.8752
5804,3.8749
5805,3.8748
5806,3.8745
5807,3.8743
5808,3.874
5809,3.8738
5810,3.8735
5811,3.8733
5812,3.873
5813,3.8729
5814,3.8725
5815,3.8724
5816,3.8721
5817,3.8719
5818,3.8716
5819,3.8714
5820,3.8711
5821,3.871
5822,3.8706
5823,3.8705
5824,3.8703
5825,3.87
5826,3.8698
5827,3.8695
5828,3.8694
5829,3.869
5830,3.8689
5831,3.8686
5832,3.8683
5833,3.8681
5834,3.8679
5835,3.8676
5836,3.8673
5837,3.8671
5838,3.867
5839,3.8667
5840,3.8663
5841,3.8662
5842,3.8659
5843,3.8657
5844,3.8654
5845,3.8652
5846,3.8649
5847,3.8648
5848,3.8644
5849,3.8643
5850,3.864
5851,3.8638
5852,3.8635
5853,3.8633
5854,3.863
5855,3.8628
5856,3.8625
5857,3.8624
5858,3.8621
5859,3.8617
5860,3.8616
5861,3.8613
5862,3.8611
5863,3.8608
5864,3.8606
5865,3.8603
5866,3.86
5867,3.8598
5868,3.8597
5869,3.8593
5870,3.859
5871,3.8589
5872,3.8586
5873,3.8584
5874,3.8581
5875,3.8579
5876,3.8576
5877,3.8574
5878,3.8571
5879,3.857
5880,3.8566
5881,3.8563
5882,3.8562
5883,3.8559
5884,3.8557
5885,3.8554
5886,3.8552
5887,3.8549
5888,3.8547
5889,3.8544
5890,3.8541
5891,3.8539
5892,3.8536
5893,3.8535
5894,3.8531
5895,3.853
5896,3.8527
5897,3.8524
5898,3.8522
5899,3.8519
5900,3.8517
5901,3.8514
5902,3.8512
5903,3.8509
5904,3.8506
5905,3.8504
5906,3.8501
5907,3.85
5908,3.8497
5909,3.8495
5910,3.8492
5911,3.8489
5912,3.8487
5913,3.8484
5914,3.8482
5915,3.8479
5916,3.8477
5917,3.8474
5918,3.8473
5919,3.8469
5920,3.8466
5921,3.8465
5922,3.8462
5923,3.846
5924,3.8457
5925,3.8454
5926,3.8452
5927,3.8449
5928,3.8447
5929,3.8444
5930,3.8442
5931,3.8439
5932,3.8436
5933,3.8435
5934,3.8431
5935,3.843
5936,3.8427
5937,3.8425
5938,3.8422
5939,3.8419
5940,3.8417
5941,3.8414
5942,3.8412
5943,3.8409
5944,3.8407
5945,3.8404
5946,3.8403
5947,3.84
5948,3.8396
5949,3.8395
5950,3.8392
5951,3.839
5952,3.8387
5953,3.8385
5954,3.8382
5955,3.8379
5956,3.8377
5957,3.8374
5958,3.8372
5959,3.8369
5960,3.8368
5961,3.8365
5962,3.8363
5963,3.836
5964,3.8358
5965,3.8355
5966,3.8352
5967,3.835
5968,3.8347
5969,3.8345
5970,3.8342
5971,3.8341
5972,3.8338
5973,3.8336
5974,3.8333
5975,3.8331
5976,3.8328
5977,3.8326
5978,3.8323
5979,3.8322
5980,3.8318
5981,3.8315
5982,3.8314
5983,3.831
5984,3.8309
5985,3.8306
5986,3.8304
5987,3.8301
5988,3.8299
5989,3.8296
5990,3.8295
5991,3.8291
5992,3.829
5993,3.8287
5994,3.8285
5995,3.8282
5996,3.828
5997,3.8277
5998,3.8276
5999,3.8272
6000,3.8271
6001,3.8268
6002,3.8266
6003,3.8263
6004,3.8261
6005,3.8258
6006,3.8256
6007,3.8253
6008,3.8252
6009,3.8248
6010,3.8247
6011,3.8244
6012,3.8242
6013,3.8239
6014,3.8237
6015,3.8234
6016,3.8233
6017,3.8229
6018,3.8228
6019,3.8225
6020,3.8223
6021,3.822
6022,3.8218
6023,3.8215
6024,3.8214
6025,3.8212
6026,3.8209
6027,3.8207
6028,3.8204
6029,3.8202
6030,3.8199
6031,3.8198
6032,3.8194
6033,3.8193
6034,3.819
6035,3.8188
6036,3.8186
6037,3.8183
6038,3.8182
6039,3.8179
6040,3.8177
6041,3.8174
6042,3.8172
6043,3.8171
6044,3.8167
6045,3.8166
6046,3.8163
6047,3.8161
6048,3.8158
6049,3.8156
6050,3.8153
6051,3.8151
6052,3.815
6053,3.8147
6054,3.8145
6055,3.8142
6056,3.814
6057,3.8139
6058,3.8136
6059,3.8134
6060,3.8131
6061,3.8129
6062,3.8128
6063,3.8124
6064,3.8123
6065,3.812
6066,3.8118
6067,3.8117
6068,3.8113
6069,3.8112
6070,3.811
6071,3.8107
6072,3.8105
6073,3.8102
6074,3.8101
6075,3.8099
6076,3.8096
6077,3.8094
6078,3.8091
6079,3.8089
6080,3.8088
6081,3.8085
6082,3.8083
6083,3.8082
6084,3.8078
6085,3.8077
6086,3.8075
6087,3.8072
6088,3.807
6089,3.8067
6090,3.8066
6091,3.8064
6092,3.8061
6093,3.8059
6094,3.8058
6095,3.8055
6096,3.8053
6097,3.8051
6098,3.8048
6099,3.8047
6100,3.8045
6101,3.8042
6102,3.804
6103,3.8039
6104,3.8035
6105,3.8034
6106,3.8032
6107,3.8031
6108,3.8027
6109,3.8026
6110,3.8023
6111,3.8021
6112,3.802
6113,3.8018
6114,3.8015
6115,3.8013
6116,3.8012
6117,3.8008
6118,3.8007
6119,3.8005
6120,3.8002
6121,3.8
6122,3.7999
6123,3.7996
6124,3.7994
6125,3.7993
6126,3.7991
6127,3.7988
6128,3.7986
6129,3.7985
6130,3.7981
6131,3.798
6132,3.7978
6133,3.7977
6134,3.7973
6135,3.7972
6136,3.797
6137,3.7969
6138,3.7965
6139,3.7964
6140,3.7962
6141,3.7959
6142,3.7958
6143,3.7956
6144,3.7954
6145,3.7951
6146,3.795
6147,3.7948
6148,3.7946
6149,3.7943
6150,3.7942
6151,3.794
6152,3.7937
6153,3.7935
6154,3.7934
6155,3.7932
6156,3.7931
6157,3.7927
6158,3.7926
6159,3.7924
6160,3.7921
6161,3.7919
6162,3.7918
6163,3.7916
6164,3.7915
6165,3.7911
6166,3.791
6167,3.7908
6168,3.7907
6169,3.7903
6170,3.7902
6171,3.79
6172,3.7899
6173,3.7896
6174,3.7894
6175,3.7892
6176,3.7891
6177,3.7889
6178,3.7886
6179,3.7884
6180,3.7883
6181,3.7881
6182,3.788
6183,3.7876
6184,3.7875
6185,3.7873
6186,3.7872
6187,3.7868
6188,3.7867
6189,3.7865
6190,3.7864
6191,3.7862
6192,3.7859
6193,3.7857
6194,3.7856
6195,3.7854
6196,3.7853
6197,3.7849
6198,3.7848
6199,3.7846
6200,3.7845
6201,3.7843
6202,3.7841
6203,3.7838
6204,3.7837
6205,3.7835
6206,3.7834
6207,3.783
6208,3.7829
6209,3.7827
6210,3.7826
6211,3.7824
6212,3.7822
6213,3.7819
6214,3.7818
6215,3.7816
6216,3.7814
6217,3.7813
6218,3.781
6219,3.7808
6220,3.7806
6221,3.7805
6222,3.7803
6223,3.7802
6224,3.78
6225,3.7797
6226,3.7795
6227,3.7794
6228,3.7792
6229,3.7791
6230,3.7789
6231,3.7786
6232,3.7784
6233,3.7783
6234,3.7781
6235,3.7779
6236,3.7776
6237,3.7775
6238,3.7773
6239,3.7772
6240,3.777
6241,3.7768
6242,3.7767
6243,3.7764
6244,3.7762
6245,3.776
6246,3.7759
6247,3.7757
6248,3.7756
6249,3.7754
6250,3.7751
6251,3.7749
6252,3.7748
6253,3.7746
6254,3.7744
6255,3.7743
6256,3.7741
6257,3.7738
6258,3.7737
6259,3.7735
6260,3.7733
6261,3.7732
6262,3.773
6263,3.7729
6264,3.7725
6265,3.7724
6266,3.7722
6267,3.7721
6268,3.7719
6269,3.7717
6270,3.7714
6271,3.7713
6272,3.7711
6273,3.771
6274,3.7708
6275,3.7706
6276,3.7705
6277,3.7703
6278,3.7702
6279,3.7698
6280,3.7697
6281,3.7695
6282,3.7694
6283,3.7692
6284,3.769
6285,3.7689
6286,3.7686
6287,3.7684
6288,3.7682
6289,3.7681
6290,3.7679
6291,3.7678
6292,3.7676
6293,3.7675
6294,3.7673
6295,3.767
6296,3.7668
6297,3.7667
6298,3.7665
6299,3.7663
6300,3.7662
6301,3.766
6302,3.7659
6303,3.7657
6304,3.7654
6305,3.7652
6306,3.7651
6307,3.7649
6308,3.7647
6309,3.7646
6310,3.7644
6311,3.7643
6312,3.764
6313,3.7638
6314,3.7636
6315,3.7635
6316,3.7633
6317,3.7632
6318,3.763
6319,3.7628
6320,3.7627
6321,3.7624
6322,3.7622
6323,3.762
6324,3.7619
6325,3.7617
6326,3.7616
6327,3.7614
6328,3.7613
6329,3.7611
6330,3.7608
6331,3.7606
6332,3.7605
6333,3.7603
6334,3.7601
6335,3.76
6336,3.7598
6337,3.7597
6338,3.7595
6339,3.7593
6340,3.759
6341,3.7589
6342,3.7587
6343,3.7585
6344,3.7584
6345,3.7582
6346,3.7581
6347,3.7579
6348,3.7578
6349,3.7576
6350,3.7574
6351,3.7573
6352,3.757
6353,3.7568
6354,3.7566
6355,3.7565
6356,3.7563
6357,3.7562
6358,3.756
6359,3.7558
6360,3.7555
6361,3.7554
6362,3.7552
6363,3.7551
6364,3.7549
6365,3.7547
6366,3.7546
6367,3.7544
6368,3.7543
6369,3.7541
6370,3.7539
6371,3.7538
6372,3.7535
6373,3.7533
6374,3.7531
6375,3.753
6376,3.7528
6377,3.7527
6378,3.7525
6379,3.7523
6380,3.7522
6381,3.752
6382,3.7519
6383,3.7516
6384,3.7514
6385,3.7512
6386,3.7511
6387,3.7509
6388,3.7508
6389,3.7506
6390,3.7504
6391,3.7503
6392,3.7501
6393,3.7498
6394,3.7496
6395,3.7495
6396,3.7493
6397,3.7492
6398,3.749
6399,3.7489
6400,3.7487
6401,3.7485
6402,3.7484
6403,3.7482
6404,3.7479
6405,3.7477
6406,3.7476
6407,3.7474
6408,3.7473
6409,3.7471
6410,3.7469
6411,3.7468
6412,3.7466
6413,3.7465
6414,3.7463
6415,3.7461
6416,3.7458
6417,3.7457
6418,3.7455
6419,3.7454
6420,3.7452
6421,3.745
6422,3.7449
6423,3.7447
6424,3.7446
6425,3.7444
6426,3.7442
6427,3.7439
6428,3.7438
6429,3.7436
6430,3.7434
6431,3.7433
6432,3.7431
6433,3.743
6434,3.7428
6435,3.7427
6436,3.7425
6437,3.7423
6438,3.742
6439,3.7419
6440,3.7417
6441,3.7415
6442,3.7414
6443,3.7412
6444,3.7411
6445,3.7409
6446,3.7407
6447,3.7406
6448,3.7404
6449,3.7401
6450,3.7399
6451,3.7398
6452,3.7396
6453,3.7395
6454,3.7393
6455,3.7392
6456,3.739
6457,3.7388
6458,3.7387
6459,3.7385
6460,3.7382
6461,3.738
6462,3.7379
6463,3.7377
6464,3.7376
6465,3.7374
6466,3.7372
6467,3.7371
6468,3.7369
6469,3.7368
6470,3.7364
6471,3.7363
6472,3.7361
6473,3.736
6474,3.7358
6475,3.7357
6476,3.7355
6477,3.7353
6478,3.7352
6479,3.735
6480,3.7349
6481,3.7347
6482,3.7344
6483,3.7342
6484,3.7341
6485,3.7339
6486,3.7337
6487,3.7336
6488,3.7334
6489,3.7333
6490,3.7331
6491,3.733
6492,3.7328
6493,3.7325
6494,3.7323
6495,3.7322
6496,3.732
6497,3.7318
6498,3.7317
6499,3.7315
6500,3.7314
6501,3.7312
6502,3.7309
6503,3.7307
6504,3.7306
6505,3.7304
6506,3.7302
6507,3.7301
6508,3.7299
6509,3.7298
6510,3.7296
6511,3.7295
6512,3.7293
6513,3.729
6514,3.7288
6515,3.7287
6516,3.7285
6517,3.7283
6518,3.7282
6519,3.728
6520,3.7279
6521,3.7277
6522,3.7274
6523,3.7272
6524,3.7271
6525,3.7269
6526,3.7268
6527,3.7266
6528,3.7264
6529,3.7263
6530,3.7261
6531,3.726
6532,3.7256
6533,3.7255
6534,3.7253
6535,3.7252
6536,3.725
6537,3.7248
6538,3.7247
6539,3.7245
6540,3.7244
6541,3.7242
6542,3.7239
6543,3.7237
6544,3.7236
6545,3.7234
6546,3.7233
6547,3.7231
6548,3.7229
6549,3.7228
6550,3.7226
6551,3.7223
6552,3.7221
6553,3.722
6554,3.7218
6555,3.7217
6556,3.7215
6557,3.7213
6558,3.7212
6559,3.7209
6560,3.7209
6561,3.7206
6562,3.7204
6563,3.7202
6564,3.7201
6565,3.7199
6566,3.7198
6567,3.7196
6568,3.7194
6569,3.7191
6570,3.719
6571,3.7188
6572,3.7186
6573,3.7185
6574,3.7183
6575,3.7182
6576,3.718
6577,3.7177
6578,3.7175
6579,3.7174
6580,3.7172
6581,3.7171
6582,3.7169
6583,3.7167
6584,3.7166
6585,3.7164
6586,3.7163
6587,3.7159
6588,3.7158
6589,3.7156
6590,3.7155
6591,3.7153
6592,3.7151
6593,3.7148
6594,3.7147
6595,3.7145
6596,3.7143
6597,3.7142
6598,3.714
6599,3.7139
6600,3.7137
6601,3.7136
6602,3.7132
6603,3.7131
6604,3.7129
6605,3.7128
6606,3.7126
6607,3.7124
6608,3.7123
6609,3.7121
6610,3.712
6611,3.7116
6612,3.7115
6613,3.7113
6614,3.7112
6615,3.711
6616,3.7109
6617,3.7105
6618,3.7104
6619,3.7102
6620,3.7101
6621,3.7099
6622,3.7097
6623,3.7096
6624,3.7094
6625,3.7091
6626,3.7089
6627,3.7088
6628,3.7086
6629,3.7085
6630,3.7083
6631,3.7081
6632,3.708
6633,3.7078
6634,3.7075
6635,3.7074
6636,3.7072
6637,3.707
6638,3.7069
6639,3.7067
6640,3.7066
6641,3.7062
6642,3.7061
6643,3.7059
6644,3.7058
6645,3.7056
6646,3.7054
6647,3.7051
6648,3.705
6649,3.7048
6650,3.7047
6651,3.7045
6652,3.7043
6653,3.7042
6654,3.704
6655,3.7037
6656,3.7035
6657,3.7034
6658,3.7032
6659,3.7031
6660,3.7029
6661,3.7026
6662,3.7024
6663,3.7023
6664,3.7021
6665,3.7019
6666,3.7018
6667,3.7016
6668,3.7015
6669,3.7012
6670,3.701
6671,3.7008
6672,3.7007
6673,3.7005
6674,3.7004
6675,3.7
6676,3.6999
6677,3.6997
6678,3.6996
6679,3.6994
6680,3.6992
6681,3.6991
6682,3.6988
6683,3.6986
6684,3.6985
6685,3.6983
6686,3.6981
6687,3.698
6688,3.6978
6689,3.6975
6690,3.6973
6691,3.6972
6692,3.697
6693,3.6969
6694,3.6967
6695,3.6965
6696,3.6962
6697,3.6961
6698,3.6959
6699,3.6957
6700,3.6956
6701,3.6954
6702,3.6951
6703,3.695
6704,3.6948
6705,3.6946
6706,3.6945
6707,3.6943
6708,3.694
6709,3.6938
6710,3.6937
6711,3.6935
6712,3.6934
6713,3.6932
6714,3.6929
6715,3.6927
6716,3.6926
6717,3.6924
6718,3.6922
6719,3.6921
6720,3.6919
6721,3.6916
6722,3.6915
6723,3.6913
6724,3.6911
6725,3.691
6726,3.6908
6727,3.6905
6728,3.6903
6729,3.6902
6730,3.69
6731,3.6899
6732,3.6897
6733,3.6894
6734,3.6892
6735,3.6891
6736,3.6889
6737,3.6888
6738,3.6886
6739,3.6883
6740,3.6881
6741,3.688
6742,3.6878
6743,3.6876
6744,3.6875
6745,3.6872
6746,3.687
6747,3.6868
6748,3.6867
6749,3.6865
6750,3.6864
6751,3.686
6752,3.6859
6753,3.6857
6754,3.6856
6755,3.6854
6756,3.6853
6757,3.6849
6758,3.6848
6759,3.6846
6760,3.6845
6761,3.6843
6762,3.6841
6763,3.684
6764,3.6837
6765,3.6835
6766,3.6833
6767,3.6832
6768,3.683
6769,3.6829
6770,3.6826
6771,3.6824
6772,3.6822
6773,3.6821
6774,3.6819
6775,3.6816
6776,3.6814
6777,3.6813
6778,3.6811
6779,3.681
6780,3.6808
6781,3.6806
6782,3.6803
6783,3.6802
6784,3.68
6785,3.6798
6786,3.6797
6787,3.6795
6788,3.6792
6789,3.6791
6790,3.6789
6791,3.6787
6792,3.6786
6793,3.6784
6794,3.6781
6795,3.6779
6796,3.6778
6797,3.6776
6798,3.6775
6799,3.6773
6800,3.677
6801,3.6768
6802,3.6767
6803,3.6765
6804,3.6764
6805,3.6762
6806,3.6759
6807,3.6757
6808,3.6756
6809,3.6754
6810,3.6752
6811,3.6751
6812,3.6748
6813,3.6746
6814,3.6744
6815,3.6743
6816,3.6741
6817,3.674
6818,3.6738
6819,3.6735
6820,3.6733
6821,3.6732
6822,3.673
6823,3.6729
6824,3.6727
6825,3.6724
6826,3.6722
6827,3.6721
6828,3.6719
6829,3.6717
6830,3.6716
6831,3.6713
6832,3.6711
6833,3.6709
6834,3.6708
6835,3.6706
6836,3.6705
6837,3.6703
6838,3.67
6839,3.6698
6840,3.6697
6841,3.6695
6842,3.6694
6843,3.6692
6844,3.669
6845,3.6687
6846,3.6686
6847,3.6684
6848,3.6682
6849,3.6681
6850,3.6679
6851,3.6676
6852,3.6674
6853,3.6673
6854,3.6671
6855,3.667
6856,3.6668
6857,3.6667
6858,3.6663
6859,3.6662
6860,3.666
6861,3.6659
6862,3.6657
6863,3.6655
6864,3.6654
6865,3.6651
6866,3.6649
6867,3.6647
6868,3.6646
6869,3.6644
6870,3.6643
6871,3.6641
6872,3.6638
6873,3.6636
6874,3.6635
6875,3.6633
6876,3.6632
6877,3.663
6878,3.6628
6879,3.6627
6880,3.6624
6881,3.6622
6882,3.662
6883,3.6619
6884,3.6617
6885,3.6616
6886,3.6614
6887,3.6612
6888,3.6609
6889,3.6608
6890,3.6606
6891,3.6605
6892,3.6603
6893,3.6601
6894,3.66
6895,3.6598
6896,3.6595
6897,3.6593
6898,3.6592
6899,3.659
6900,3.6589
6901,3.6587
6902,3.6585
6903,3.6582
6904,3.6581
6905,3.6579
6906,3.6577
6907,3.6576
6908,3.6574
6909,3.6573
6910,3.6571
6911,3.657
6912,3.6566
6913,3.6565
6914,3.6563
6915,3.6562
6916,3.656
6917,3.6558
6918,3.6557
6919,3.6555
6920,3.6552
6921,3.655
6922,3.6549
6923,3.6547
6924,3.6546
6925,3.6544
6926,3.6543
6927,3.6541
6928,3.6539
6929,3.6538
6930,3.6535
6931,3.6533
6932,3.6531
6933,3.653
6934,3.6528
6935,3.6527
6936,3.6525
6937,3.6523
6938,3.652
6939,3.6519
6940,3.6517
6941,3.6515
6942,3.6514
6943,3.6512
6944,3.6511
6945,3.6509
6946,3.6508
6947,3.6506
6948,3.6503
6949,3.6501
6950,3.65
6951,3.6498
6952,3.6496
6953,3.6495
6954,3.6493
6955,3.6492
6956,3.649
6957,3.6487
6958,3.6485
6959,3.6484
6960,3.6482
6961,3.648
6962,3.6479
6963,3.6477
6964,3.6476
6965,3.6474
6966,3.6473
6967,3.6469
6968,3.6468
6969,3.6466
6970,3.6465
6971,3.6463
6972,3.6461
6973,3.646
6974,3.6458
6975,3.6455
6976,3.6453
6977,3.6452
6978,3.645
6979,3.6449
6980,3.6447
6981,3.6446
6982,3.6444
6983,3.6442
6984,3.6439
6985,3.6438
6986,3.6436
6987,3.6434
6988,3.6433
6989,3.6431
6990,3.643
6991,3.6428
6992,3.6425
6993,3.6423
6994,3.6422
6995,3.642
6996,3.6418
6997,3.6417
6998,3.6415
6999,3.6414
7000,3.6412
7001,3.6409
7002,3.6407
7003,3.6406
7004,3.6404
7005,3.6403
7006,3.6401
7007,3.6399
7008,3.6398
7009,3.6395
7010,3.6393
7011,3.6391
7012,3.639
7013,3.6388
7014,3.6387
7015,3.6384
7016,3.6382
7017,3.638
7018,3.6379
7019,3.6377
7020,3.6376
7021,3.6374
7022,3.6371
7023,3.6369
7024,3.6368
7025,3.6366
7026,3.6364
7027,3.6363
7028,3.636
7029,3.6358
7030,3.6356
7031,3.6355
7032,3.6353
7033,3.6352
7034,3.6349
7035,3.6347
7036,3.6345
7037,3.6344
7038,3.6342
7039,3.6341
7040,3.6337
7041,3.6336
7042,3.6334
7043,3.6333
7044,3.6329
7045,3.6328
7046,3.6326
7047,3.6325
7048,3.6323
7049,3.6322
7050,3.6318
7051,3.6317
7052,3.6315
7053,3.6314
7054,3.6312
7055,3.6309
7056,3.6307
7057,3.6306
7058,3.6304
7059,3.6302
7060,3.6299
7061,3.6298
7062,3.6296
7063,3.6294
7064,3.6291
7065,3.629
7066,3.6288
7067,3.6287
7068,3.6283
7069,3.6282
7070,3.628
7071,3.6279
7072,3.6277
7073,3.6274
7074,3.6272
7075,3.6271
7076,3.6267
7077,3.6266
7078,3.6264
7079,3.6263
7080,3.626
7081,3.6258
7082,3.6256
7083,3.6253
7084,3.6252
7085,3.625
7086,3.6248
7087,3.6245
7088,3.6244
7089,3.6242
7090,3.6239
7091,3.6237
7092,3.6236
7093,3.6232
7094,3.6231
7095,3.6229
7096,3.6226
7097,3.6225
7098,3.6223
7099,3.622
7100,3.6218
7101,3.6217
7102,3.6213
7103,3.6212
7104,3.6209
7105,3.6207
7106,3.6205
7107,3.6202
7108,3.6201
7109,3.6197
7110,3.6196
7111,3.6194
7112,3.6191
7113,3.619
7114,3.6186
7115,3.6185
7116,3.6183
7117,3.618
7118,3.6178
7119,3.6175
7120,3.6174
7121,3.617
7122,3.6169
7123,3.6166
7124,3.6164
7125,3.6163
7126,3.6159
7127,3.6158
7128,3.6155
7129,3.6153
7130,3.615
7131,3.6148
7132,3.6145
7133,3.6143
7134,3.614
7135,3.6139
7136,3.6135
7137,3.6132
7138,3.6131
7139,3.6128
7140,3.6126
7141,3.6123
7142,3.6121
7143,3.6118
7144,3.6115
7145,3.6113
7146,3.611
7147,3.6108
7148,3.6105
7149,3.6102
7150,3.6101
7151,3.6097
7152,3.6096
7153,3.6093
7154,3.6089
7155,3.6088
7156,3.6085
7157,3.6081
7158,3.6078
7159,3.6077
7160,3.6073
7161,3.6072
7162,3.6069
7163,3.6066
7164,3.6062
7165,3.6061
7166,3.6058
7167,3.6054
7168,3.6051
7169,3.605
7170,3.6046
7171,3.6043
7172,3.604
7173,3.6037
7174,3.6035
7175,3.6032
7176,3.6029
7177,3.6026
7178,3.6023
7179,3.6019
7180,3.6018
7181,3.6015
7182,3.6011
7183,3.6008
7184,3.6005
7185,3.6002
7186,3.5999
7187,3.5996
7188,3.5992
7189,3.5989
7190,3.5986
7191,3.5983
7192,3.598
7193,3.5976
7194,3.5973
7195,3.597
7196,3.5967
7197,3.5964
7198,3.5961
7199,3.5957
7200,3.5954
7201,3.5951
7202,3.5948
7203,3.5945
7204,3.5942
7205,3.5938
7206,3.5934
7207,3.593
7208,3.5927
7209,3.5924
7210,3.5921
7211,3.5916
7212,3.5913
7213,3.591
7214,3.5907
7215,3.5903
7216,3.5899
7217,3.5895
7218,3.5892
7219,3.5887
7220,3.5884
7221,3.5881
7222,3.5876
7223,3.5873
7224,3.587
7225,3.5865
7226,3.5862
7227,3.5857
7228,3.5854
7229,3.5851
7230,3.5846
7231,3.5843
7232,3.5838
7233,3.5835
7234,3.583
7235,3.5827
7236,3.5822
7237,3.5819
7238,3.5814
7239,3.581
7240,3.5806
7241,3.5802
7242,3.5797
7243,3.5794
7244,3.5789
7245,3.5786
7246,3.5781
7247,3.5776
7248,3.5771
7249,3.5768
7250,3.5763
7251,3.5759
7252,3.5754
7253,3.5751
7254,3.5746
7255,3.5741
7256,3.5736
7257,3.5732
7258,3.5727
7259,3.5722
7260,3.5717
7261,3.5714
7262,3.5709
7263,3.5705
7264,3.57
7265,3.5695
7266,3.569
7267,3.5686
7268,3.5679
7269,3.5674
7270,3.567
7271,3.5665
7272,3.566
7273,3.5655
7274,3.5651
7275,3.5646
7276,3.5639
7277,3.5635
7278,3.563
7279,3.5625
7280,3.5619
7281,3.5614
7282,3.5609
7283,3.5604
7284,3.5598
7285,3.5593
7286,3.5589
7287,3.5582
7288,3.5577
7289,3.5571
7290,3.5566
7291,3.556
7292,3.5555
7293,3.555
7294,3.5544
7295,3.5538
7296,3.5533
7297,3.5527
7298,3.5522
7299,3.5515
7300,3.5511
7301,3.5504
7302,3.5498
7303,3.5493
7304,3.5487
7305,3.5482
7306,3.5476
7307,3.5469
7308,3.5463
7309,3.5458
7310,3.5452
7311,3.5445
7312,3.5439
7313,3.5434
7314,3.5428
7315,3.5422
7316,3.5415
7317,3.5409
7318,3.5404
7319,3.5398
7320,3.5391
7321,3.5385
7322,3.5379
7323,3.5372
7324,3.5366
7325,3.536
7326,3.5353
7327,3.5347
7328,3.5341
7329,3.5334
7330,3.5328
7331,3.5321
7332,3.5315
7333,3.5309
7334,3.5302
7335,3.5296
7336,3.529
7337,3.5283
7338,3.5277
7339,3.5271
7340,3.5264
7341,3.5256
7342,3.525
7343,3.5244
7344,3.5237
7345,3.5231
7346,3.5223
7347,3.5217
7348,3.521
7349,3.5204
7350,3.5197
7351,3.5189
7352,3.5183
7353,3.5177
7354,3.5169
7355,3.5162
7356,3.5155
7357,3.5148
7358,3.5142
7359,3.5134
7360,3.5127
7361,3.512
7362,3.5112
7363,3.5105
7364,3.5097
7365,3.5091
7366,3.5083
7367,3.5075
7368,3.5067
7369,3.5061
7370,3.5053
7371,3.5045
7372,3.5037
7373,3.5031
7374,3.5023
7375,3.5015
7376,3.5005
7377,3.4997
7378,3.4989
7379,3.4981
7380,3.4973
7381,3.4965
7382,3.4956
7383,3.4948
7384,3.494
7385,3.493
7386,3.4922
7387,3.4913
7388,3.4903
7389,3.4895
7390,3.4886
7391,3.4876
7392,3.4867
7393,3.4857
7394,3.4849
7395,3.484
7396,3.4829
7397,3.4819
7398,3.481
7399,3.48
7400,3.4789
7401,3.4779
7402,3.4768
7403,3.4759
7404,3.4747
7405,3.4736
7406,3.4725
7407,3.4714
7408,3.4705
7409,3.4692
7410,3.4681
7411,3.467
7412,3.4658
7413,3.4646
7414,3.4635
7415,3.4622
7416,3.4611
7417,3.4598
7418,3.4585
7419,3.4573
7420,3.456
7421,3.4547
7422,3.4534
7423,3.452
7424,3.4507
7425,3.4493
7426,3.448
7427,3.4466
7428,3.4452
7429,3.4437
7430,3.4423
7431,3.4409
7432,3.4395
7433,3.438
7434,3.4364
7435,3.435
7436,3.4334
7437,3.4318
7438,3.4304
7439,3.4288
7440,3.4272
7441,3.4255
7442,3.4239
7443,3.4223
7444,3.4205
7445,3.4189
7446,3.4172
7447,3.4154
7448,3.4139
7449,3.4121
7450,3.4102
7451,3.4084
7452,3.4067
7453,3.4048
7454,3.403
7455,3.4011
7456,3.3992
7457,3.3975
7458,3.3956
7459,3.3937
7460,3.3918
7461,3.3897
7462,3.3878
7463,3.3857
7464,3.3838
7465,3.3817
7466,3.3797
7467,3.3776
7468,3.3755
7469,3.3735
7470,3.3714
7471,3.3692
7472,3.3671
7473,3.3649
7474,3.3627
7475,3.3604
7476,3.3582
7477,3.356
7478,3.3538
7479,3.3514
7480,3.3491
7481,3.3468
7482,3.3445
7483,3.3422
7484,3.3398
7485,3.3374
7486,3.335
7487,3.3325
7488,3.3301
7489,3.3275
7490,3.3249
7491,3.3224
7492,3.3199
7493,3.3173
7494,3.3148
7495,3.3121
7496,3.3095
7497,3.3068
7498,3.3041
7499,3.3014
7500,3.2987
7501,3.296
7502,3.2933
7503,3.2905
7504,3.2876
7505,3.2847
7506,3.282
7507,3.279
7508,3.2762
7509,3.2733
7510,3.2703
7511,3.2672
7512,3.2642
7513,3.2612
7514,3.2582
7515,3.255
7516,3.252
7517,3.2488
7518,3.2456
7519,3.2425
7520,3.2393
7521,3.2359
7522,3.2328
7523,3.2294
7524,3.2261
7525,3.2227
7526,3.2192
7527,3.2159
7528,3.2124
7529,3.2089
7530,3.2054
7531,3.2018
7532,3.1983
7533,3.1946
7534,3.191
7535,3.1873
7536,3.1836
7537,3.1798
7538,3.176
7539,3.1722
7540,3.1684
7541,3.1646
7542,3.1606
7543,3.1566
7544,3.1526
7545,3.1485
7546,3.1445
7547,3.1404
7548,3.1363
7549,3.1321
7550,3.1278
7551,3.1237
7552,3.1193
7553,3.115
7554,3.1107
7555,3.1062
7556,3.1018
7557,3.0972
7558,3.0927
7559,3.0881
7560,3.0835
7561,3.0787
7562,3.074
7563,3.0692
7564,3.0644
7565,3.0595
7566,3.0546
7567,3.0496
7568,3.0447
7569,3.0396
7570,3.0345
7571,3.0293
7572,3.0241
7573,3.0188
7574,3.0136
7575,3.0082
7576,3.0026
7577,2.9972
7578,2.9916
7579,2.9861
7580,2.9803
7581,2.9746
7582,2.9687
7583,2.9629
7584,2.957
7585,2.9511
7586,2.9449
7587,2.9389
7588,2.9327
7589,2.9265
7590,2.9201
7591,2.9137
7592,2.9072
7593,2.9007
7594,2.894
7595,2.8872
7596,2.8805
7597,2.8737
7598,2.8667
7599,2.8595
7600,2.8524
7601,2.8452
7602,2.8379
7603,2.8304
7604,2.823
7605,2.8153
7606,2.8077
7607,2.7999
7608,2.7921
7609,2.784
7610,2.7761
7611,2.7678
7612,2.7596
7613,2.7511
7614,2.7425
7615,2.734
7616,2.7252
7617,2.7165
7618,2.7076
7619,2.6985
7620,2.6893
7621,2.6801
7622,2.6709
7623,2.6613
7624,2.6518
7625,2.6422
7626,2.6324
7627,2.6225
7628,2.6127
7629,2.6025
7630,2.5923
7631,2.5822
7632,2.5718
7633,2.5613
7634,2.5507
7635,2.54
7636,2.5292
7637,2.5183
7638,2.5073
7639,2.5
7640,2.5202
7641,2.6256
7642,2.7297
7643,2.8297
7644,2.8993
7645,3.0001
7646,3.0833
7647,3.184
7648,3.1949
7649,3.2731
7650,3.3312
7651,3.3738
7652,3.4051
7653,3.4271
7654,3.4423
7655,3.4526
7656,3.46
7657,3.4654
7658,3.4695
7659,3.4728
7660,3.4755
7661,3.4779
7662,3.4798
7663,3.4816
7664,3.4832
7665,3.4846
7666,3.4859
7667,3.487
7668,3.4881
7669,3.4891
7670,3.49
7671,3.4908
7672,3.4916
7673,3.4924
7674,3.493
7675,3.4937
7676,3.4945
7677,3.4949
7678,3.4956
7679,3.4961
7680,3.4967
7681,3.4972
7682,3.4976
7683,3.4981
7684,3.4986
7685,3.4989
7686,3.4994
7687,3.4997
7688,3.5002
7689,3.5005
7690,3.501
7691,3.5013
7692,3.5016
7693,3.5019
7694,3.5023
7695,3.5026
7696,3.5029
7697,3.5032
7698,3.5035
7699,3.5038
7700,3.504
7701,3.5043
7702,3.5046
7703,3.5048
7704,3.5051
7705,3.5054
7706,3.5056
7707,3.5059
7708,3.5061
7709,3.5064
7710,3.5065
7711,3.5067
7712,3.507
7713,3.5072
7714,3.5073
7715,3.5077
7716,3.5078
7717,3.508
7718,3.5081
7719,3.5085
7720,3.5086
7721,3.5088
7722,3.5089
7723,3.5091
7724,3.5093
7725,3.5096
7726,3.5097
7727,3.5099
7728,3.51
7729,3.5102
7730,3.5104
7731,3.5105
7732,3.5107
7733,3.5108
7734,3.511
7735,3.5112
7736,3.5112
7737,3.5113
7738,3.5115
7739,3.5116
7740,3.5118
7741,3.512
7742,3.5121
7743,3.5123
7744,3.5123
7745,3.5124
7746,3.5126
7747,3.5127
7748,3.5127
7749,3.5129
7750,3.5131
7751,3.5132
7752,3.5134
7753,3.5134
7754,3.5135
7755,3.5137
7756,3.5139
7757,3.5139
7758,3.514
7759,3.5142
7760,3.5142
7761,3.5143
7762,3.5145
7763,3.5145
7764,3.5147
7765,3.5148
7766,3.5148
7767,3.515
7768,3.5151
7769,3.5151
7770,3.5153
7771,3.5153
7772,3.5155
7773,3.5156
7774,3.5156
7775,3.5158
7776,3.5158
7777,3.5159
7778,3.5161
7779,3.5161
7780,3.5162
7781,3.5162
7782,3.5164
7783,3.5164
7784,3.5166
7785,3.5166
7786,3.5167
7787,3.5167
7788,3.5169
7789,3.5169
7790,3.517
7791,3.5172
7792,3.5172
7793,3.5174
7794,3.5174
7795,3.5175
7796,3.5175
7797,3.5177
7798,3.5177
7799,3.5177
7800,3.5178
7801,3.5178
7802,3.518
7803,3.518
7804,3.5182
7805,3.5182
7806,3.5183
7807,3.5183
7808,3.5185
7809,3.5185
7810,3.5185
7811,3.5186
7812,3.5186
7813,3.5188
7814,3.5188
7815,3.5189
7816,3.5189
7817,3.5189
7818,3.5191
7819,3.5191
7820,3.5193
7821,3.5193
7822,3.5193
7823,3.5194
7824,3.5194
7825,3.5196
7826,3.5273
7827,3.5686
7828,3.5726
7829,3.575
7830,3.5766
7831,3.578
7832,3.5791
7833,3.58
7834,3.581
7835,3.5818
7836,3.5826
7837,3.5832
7838,3.5839
7839,3.5845
7840,3.5851
7841,3.5856
7842,3.5861
7843,3.5866
7844,3.5872
7845,3.5877
7846,3.588
7847,3.5885
7848,3.5889
7849,3.5894
7850,3.5897
7851,3.5902
7852,3.5905
7853,3.591
7854,3.5913
7855,3.5918
7856,3.5921
7857,3.5924
7858,3.5929
7859,3.5932
7860,3.5936
7861,3.5939
7862,3.5942
7863,3.5945
7864,3.5948
7865,3.5953
7866,3.5956
7867,3.5959
7868,3.5963
7869,3.5966
7870,3.5969
7871,3.597
7872,3.5974
7873,3.5977
7874,3.598
7875,3.5983
7876,3.5986
7877,3.5988
7878,3.5991
7879,3.5994
7880,3.5997
7881,3.5999
7882,3.6002
7883,3.6005
7884,3.6009
7885,3.601
7886,3.6013
7887,3.6015
7888,3.6018
7889,3.6021
7890,3.6023
7891,3.6026
7892,3.6029
7893,3.6031
7894,3.6034
7895,3.6036
7896,3.6039
7897,3.604
7898,3.6044
7899,3.6045
7900,3.6048
7901,3.605
7902,3.6053
7903,3.6055
7904,3.6056
7905,3.6059
7906,3.6061
7907,3.6064
7908,3.6066
7909,3.6067
7910,3.6071
7911,3.6072
7912,3.6074
7913,3.6077
7914,3.6078
7915,3.608
7916,3.6083
7917,3.6085
7918,3.6086
7919,3.609
7920,3.6091
7921,3.6093
7922,3.6094
7923,3.6098
7924,3.6099
7925,3.6101
7926,3.6102
7927,3.6105
7928,3.6107
7929,3.6109
7930,3.611
7931,3.6112
7932,3.6115
7933,3.6117
7934,3.6118
7935,3.612
7936,3.6121
7937,3.6123
7938,3.6126
7939,3.6128
7940,3.6129
7941,3.6131
7942,3.6132
7943,3.6134
7944,3.6136
7945,3.6137
7946,3.6139
7947,3.6142
7948,3.6144
7949,3.6145
7950,3.6147
7951,3.6148
7952,3.615
7953,3.6152
7954,3.6153
7955,3.6155
7956,3.6156
7957,3.6158
7958,3.6159
7959,3.6161
7960,3.6163
7961,3.6164
7962,3.6166
7963,3.6167
7964,3.6169
7965,3.6171
7966,3.6172
7967,3.6174
7968,3.6175
7969,3.6177
7970,3.6179
7971,3.618
7972,3.6182
7973,3.6183
7974,3.6185
7975,3.6186
7976,3.6188
7977,3.619
7978,3.6191
7979,3.6193
7980,3.6194
7981,3.6196
7982,3.6198
7983,3.6199
7984,3.6201
7985,3.6202
7986,3.6202
7987,3.6204
7988,3.6206
7989,3.6207
7990,3.6209
7991,3.621
7992,3.6212
7993,3.6213
7994,3.6215
7995,3.6217
7996,3.6218
7997,3.622
7998,3.622
7999,3.6221
8000,3.6223
8001,3.6225
8002,3.6226
8003,3.6228
8004,3.6229
8005,3.6231
8006,3.6231
8007,3.6233
8008,3.6234
8009,3.6236
8010,3.6237
8011,3.6239
8012,3.6241
8013,3.6242
8014,3.6242
8015,3.6244
8016,3.6245
8017,3.6247
8018,3.6248
8019,3.625
8020,3.6252
8021,3.6252
8022,3.6253
8023,3.6255
8024,3.6256
8025,3.6258
8026,3.626
8027,3.6261
8028,3.6261
8029,3.6263
8030,3.6264
8031,3.6266
8032,3.6268
8033,3.6269
8034,3.6269
8035,3.6271
8036,3.6272
8037,3.6274
8038,3.6275
8039,3.6277
8040,3.6277
8041,3.6279
8042,3.628
8043,3.6282
8044,3.6283
8045,3.6285
8046,3.6285
8047,3.6287
8048,3.6288
8049,3.629
8050,3.6291
8051,3.6291
8052,3.6293
8053,3.6295
8054,3.6296
8055,3.6298
8056,3.6299
8057,3.6299
8058,3.6301
8059,3.6302
8060,3.6304
8061,3.6306
8062,3.6306
8063,3.6307
8064,3.6309
8065,3.631
8066,3.6312
8067,3.6312
8068,3.6314
8069,3.6315
8070,3.6317
8071,3.6318
8072,3.632
8073,3.632
8074,3.6322
8075,3.6323
8076,3.6325
8077,3.6326
8078,3.6326
8079,3.6328
8080,3.6329
8081,3.6331
8082,3.6331
8083,3.6333
8084,3.6334
8085,3.6336
8086,3.6337
8087,3.6337
8088,3.6339
8089,3.6341
8090,3.6342
8091,3.6344
8092,3.6344
8093,3.6345
8094,3.6347
8095,3.6349
8096,3.635
8097,3.635
8098,3.6352
8099,3.6353
8100,3.6355
8101,3.6356
8102,3.6356
8103,3.6358
8104,3.636
8105,3.6361
8106,3.6361
8107,3.6363
8108,3.6364
8109,3.6366
8110,3.6368
8111,3.6368
8112,3.6369
8113,3.6371
8114,3.6372
8115,3.6372
8116,3.6374
8117,3.6376
8118,3.6377
8119,3.6379
8120,3.6379
8121,3.638
8122,3.6382
8123,3.6383
8124,3.6383
8125,3.6385
8126,3.6387
8127,3.6388
8128,3.639
8129,3.639
8130,3.6391
8131,3.6393
8132,3.6395
8133,3.6395
8134,3.6396
8135,3.6398
8136,3.6399
8137,3.6399
8138,3.6401
8139,3.6403
8140,3.6404
8141,3.6406
8142,3.6406
8143,3.6407
8144,3.6409
8145,3.641
8146,3.641
8147,3.6412
8148,3.6414
8149,3.6415
8150,3.6415
8151,3.6417
8152,3.6418
8153,3.642
8154,3.642
8155,3.6422
8156,3.6423
8157,3.6425
8158,3.6426
8159,3.6426
8160,3.6428
8161,3.643
8162,3.6431
8163,3.6431
8164,3.6433
8165,3.6434
8166,3.6436
8167,3.6436
8168,3.6437
8169,3.6439
8170,3.6441
8171,3.6441
8172,3.6442
8173,3.6444
8174,3.6445
8175,3.6445
8176,3.6447
8177,3.6449
8178,3.645
8179,3.645
8180,3.6452
8181,3.6453
8182,3.6455
8183,3.6455
8184,3.6457
8185,3.6458
8186,3.646
8187,3.646
8188,3.6461
8189,3.6463
8190,3.6464
8191,3.6464
8192,3.6466
8193,3.6468
8194,3.6469
8195,3.6469
8196,3.6471
8197,3.6472
8198,3.6474
8199,3.6474
8200,3.6476
8201,3.6477
8202,3.6479
8203,3.6479
8204,3.648
8205,3.6482
8206,3.6484
8207,3.6484
8208,3.6485
8209,3.6487
8210,3.6487
8211,3.6488
8212,3.649
8213,3.6491
8214,3.6491
8215,3.6493
8216,3.6495
8217,3.6495
8218,3.6496
8219,3.6498
8220,3.6499
8221,3.6501
8222,3.6501
8223,3.6503
8224,3.6504
8225,3.6506
8226,3.6506
8227,3.6507
8228,3.6509
8229,3.6509
8230,3.6511
8231,3.6512
8232,3.6514
8233,3.6514
8234,3.6515
8235,3.6517
8236,3.6518
8237,3.6518
8238,3.652
8239,3.6522
8240,3.6523
8241,3.6523
8242,3.6525
8243,3.6526
8244,3.6526
8245,3.6528
8246,3.653
8247,3.6531
8248,3.6531
8249,3.6533
8250,3.6534
8251,3.6536
8252,3.6536
8253,3.6538
8254,3.6539
8255,3.6541
8256,3.6541
8257,3.6542
8258,3.6544
8259,3.6544
8260,3.6546
8261,3.6547
8262,3.6549
8263,3.6549
8264,3.655
8265,3.6552
8266,3.6553
8267,3.6553
8268,3.6555
8269,3.6557
8270,3.6558
8271,3.6558
8272,3.656
8273,3.6561
8274,3.6561
8275,3.6563
8276,3.6565
8277,3.6566
8278,3.6566
8279,3.6568
8280,3.6569
8281,3.6571
8282,3.6571
8283,3.6573
8284,3.6574
8285,3.6574
8286,3.6576
8287,3.6577
8288,3.6579
8289,3.6579
8290,3.658
8291,3.6582
8292,3.6584
8293,3.6584
8294,3.6585
8295,3.6587
8296,3.6587
8297,3.6588
8298,3.659
8299,3.6592
8300,3.6592
8301,3.6593
8302,3.6595
8303,3.6595
8304,3.6596
8305,3.6598
8306,3.66
8307,3.66
8308,3.6601
8309,3.6603
8310,3.6604
8311,3.6604
8312,3.6606
8313,3.6607
8314,3.6609
8315,3.6609
8316,3.6611
8317,3.6612
8318,3.6612
8319,3.6614
8320,3.6615
8321,3.6617
8322,3.6617
8323,3.6619
8324,3.662
8325,3.662
8326,3.6622
8327,3.6623
8328,3.6625
8329,3.6625
8330,3.6627
8331,3.6628
8332,3.663
8333,3.663
8334,3.6631
8335,3.6633
8336,3.6634
8337,3.6634
8338,3.6636
8339,3.6638
8340,3.6638
8341,3.6639
8342,3.6641
8343,3.6641
8344,3.6642
8345,3.6644
8346,3.6646
8347,3.6647
8348,3.6647
8349,3.6649
8350,3.665
8351,3.665
8352,3.6652
8353,3.6654
8354,3.6655
8355,3.6655
8356,3.6657
8357,3.6658
8358,3.666
8359,3.666
8360,3.6661
8361,3.6663
8362,3.6663
8363,3.6665
8364,3.6666
8365,3.6668
8366,3.6668
8367,3.6669
8368,3.6671
8369,3.6671
8370,3.6673
8371,3.6674
8372,3.6676
8373,3.6676
8374,3.6677
8375,3.6679
8376,3.6679
8377,3.6681
8378,3.6682
8379,3.6684
8380,3.6684
8381,3.6685
8382,3.6687
8383,3.6688
8384,3.6688
8385,3.669
8386,3.6692
8387,3.6692
8388,3.6693
8389,3.6695
8390,3.6696
8391,3.6696
8392,3.6698
8393,3.67
8394,3.6701
8395,3.6701
8396,3.6703
8397,3.6704
8398,3.6704
8399,3.6706
8400,3.6708
8401,3.6709
8402,3.6709
8403,3.6711
8404,3.6712
8405,3.6712
8406,3.6714
8407,3.6715
8408,3.6717
8409,3.6717
8410,3.6719
8411,3.672
8412,3.6722
8413,3.6722
8414,3.6723
8415,3.6725
8416,3.6725
8417,3.6727
8418,3.6728
8419,3.6728
8420,3.673
8421,3.6731
8422,3.6733
8423,3.6733
8424,3.6735
8425,3.6736
8426,3.6738
8427,3.6738
8428,3.6739
8429,3.6741
8430,3.6742
8431,3.6742
8432,3.6744
8433,3.6746
8434,3.6746
8435,3.6747
8436,3.6749
8437,3.675
8438,3.675
8439,3.6752
8440,3.6754
8441,3.6754
8442,3.6755
8443,3.6757
8444,3.6758
8445,3.6758
8446,3.676
8447,3.6762
8448,3.6762
8449,3.6763
8450,3.6765
8451,3.6766
8452,3.6766
8453,3.6768
8454,3.6769
8455,3.6771
8456,3.6771
8457,3.6773
8458,3.6774
8459,3.6776
8460,3.6776
8461,3.6777
8462,3.6779
8463,3.6779
8464,3.6781
8465,3.6782
8466,3.6784
8467,3.6784
8468,3.6785
8469,3.6787
8470,3.6787
8471,3.6789
8472,3.679
8473,3.6792
8474,3.6792
8475,3.6793
8476,3.6795
8477,3.6795
8478,3.6796
8479,3.6798
8480,3.68
8481,3.68
8482,3.6801
8483,3.6803
8484,3.6804
8485,3.6804
8486,3.6806
8487,3.6808
8488,3.6809
8489,3.6809
8490,3.6811
8491,3.6812
8492,3.6814
8493,3.6814
8494,3.6816
8495,3.6817
8496,3.6817
8497,3.6819
8498,3.682
8499,3.6822
8500,3.6822
8501,3.6823
8502,3.6825
8503,3.6827
8504,3.6827
8505,3.6828
8506,3.683
8507,3.6831
8508,3.6831
8509,3.6833
8510,3.6835
8511,3.6836
8512,3.6836
8513,3.6838
8514,3.6839
8515,3.6839
8516,3.6841
8517,3.6843
8518,3.6844
8519,3.6844
8520,3.6846
8521,3.6847
8522,3.6849
8523,3.6849
8524,3.6851
8525,3.6852
8526,3.6854
8527,3.6854
8528,3.6855
8529,3.6857
8530,3.6858
8531,3.686
8532,3.686
8533,3.6862
8534,3.6863
8535,3.6865
8536,3.6865
8537,3.6866
8538,3.6868
8539,3.687
8540,3.687
8541,3.6871
8542,3.6873
8543,3.6874
8544,3.6874
8545,3.6876
8546,3.6878
8547,3.6879
8548,3.6879
8549,3.6881
8550,3.6882
8551,3.6884
8552,3.6884
8553,3.6885
8554,3.6887
8555,3.6889
8556,3.6889
8557,3.689
8558,3.6892
8559,3.6893
8560,3.6893
8561,3.6895
8562,3.6897
8563,3.6898
8564,3.69
8565,3.69
8566,3.6901
8567,3.6903
8568,3.6905
8569,3.6905
8570,3.6906
8571,3.6908
8572,3.6909
8573,3.6911
8574,3.6911
8575,3.6912
8576,3.6914
8577,3.6916
8578,3.6916
8579,3.6917
8580,3.6919
8581,3.692
8582,3.6922
8583,3.6922
8584,3.6924
8585,3.6925
8586,3.6927
8587,3.6928
8588,3.6928
8589,3.693
8590,3.6932
8591,3.6933
8592,3.6933
8593,3.6935
8594,3.6936
8595,3.6938
8596,3.6939
8597,3.6939
8598,3.6941
8599,3.6943
8600,3.6944
8601,3.6946
8602,3.6946
8603,3.6947
8604,3.6949
8605,3.6951
8606,3.6952
8607,3.6952
8608,3.6954
8609,3.6955
8610,3.6957
8611,3.6959
8612,3.6959
8613,3.696
8614,3.6962
8615,3.6963
8616,3.6963
8617,3.6965
8618,3.6966
8619,3.6968
8620,3.697
8621,3.6971
8622,3.6971
8623,3.6973
8624,3.6974
8625,3.6976
8626,3.6978
8627,3.6978
8628,3.6979
8629,3.6981
8630,3.6982
8631,3.6984
8632,3.6984
8633,3.6986
8634,3.6987
8635,3.6989
8636,3.699
8637,3.6992
8638,3.6992
8639,3.6993
8640,3.6995
8641,3.6997
8642,3.6998
8643,3.7
8644,3.7
8645,3.7001
8646,3.7003
8647,3.7005
8648,3.7006
8649,3.7008
8650,3.7009
8651,3.7009
8652,3.7011
8653,3.7013
8654,3.7014
8655,3.7016
8656,3.7017
8657,3.7019
8658,3.7019
8659,3.702
8660,3.7022
8661,3.7024
8662,3.7025
8663,3.7027
8664,3.7028
8665,3.7028
8666,3.703
8667,3.7032
8668,3.7033
8669,3.7035
8670,3.7036
8671,3.7038
8672,3.7038
8673,3.704
8674,3.7041
8675,3.7043
8676,3.7044
8677,3.7046
8678,3.7047
8679,3.7049
8680,3.7049
8681,3.7051
8682,3.7052
8683,3.7054
8684,3.7055
8685,3.7057
8686,3.7059
8687,3.706
8688,3.706
8689,3.7062
8690,3.7063
8691,3.7065
8692,3.7067
8693,3.7068
8694,3.707
8695,3.7071
8696,3.7071
8697,3.7073
8698,3.7074
8699,3.7076
8700,3.7078
8701,3.7079
8702,3.7081
8703,3.7082
8704,3.7084
8705,3.7084
8706,3.7086
8707,3.7087
8708,3.7089
8709,3.709
8710,3.7092
8711,3.7094
8712,3.7095
8713,3.7097
8714,3.7098
8715,3.7098
8716,3.71
8717,3.7101
8718,3.7103
8719,3.7105
8720,3.7106
8721,3.7108
8722,3.7109
8723,3.7109
8724,3.7111
8725,3.7113
8726,3.7111
8727,3.7111
8728,3.7111
8729,3.7111
8730,3.7111
8731,3.7111
8732,3.7111
8733,3.7111
8734,3.7111
8735,3.7111
8736,3.7111
8737,3.7111
8738,3.7111
8739,3.7111
8740,3.7111
8741,3.7111
8742,3.7111
8743,3.7109
8744,3.7109
8745,3.7111
8746,3.7111
8747,3.7111
8748,3.7111
8749,3.7111
8750,3.7111
8751,3.7111
8752,3.7111
8753,3.7109
8754,3.7111
8755,3.7111
8756,3.7111
8757,3.7111
8758,3.7111
8759,3.7111
8760,3.7111
8761,3.7109
8762,3.7111
8763,3.7111
8764,3.7111
8765,3.7109
8766,3.7096
8767,3.7088
8768,3.7085
8769,3.7081
8770,3.708
8771,3.708
8772,3.7078
8773,3.7077
8774,3.7077
8775,3.7075
8776,3.7075
8777,3.7074
8778,3.7074
8779,3.7072
8780,3.7072
8781,3.7072
8782,3.707
8783,3.707
8784,3.7069
8785,3.7069
8786,3.7069
8787,3.7069
8788,3.7067
8789,3.7067
8790,3.7067
8791,3.7067
8792,3.7066
8793,3.7066
8794,3.7066
8795,3.7066
8796,3.7066
8797,3.7066
8798,3.7064
8799,3.7064
8800,3.7064
8801,3.7064
8802,3.7064
8803,3.7062
8804,3.7062
8805,3.7062
8806,3.7062
8807,3.7062
8808,3.7062
8809,3.7062
8810,3.7061
8811,3.7061
8812,3.7061
8813,3.7061
8814,3.7061
8815,3.7061
8816,3.7061
8817,3.7061
8818,3.7061
8819,3.7061
8820,3.7059
8821,3.7059
8822,3.7059
8823,3.7059
8824,3.7059
8825,3.7059
8826,3.7059
8827,3.7059
8828,3.7058
8829,3.7059
8830,3.7058
8831,3.7058
8832,3.7058
8833,3.7058
8834,3.7058
8835,3.7058
8836,3.7058
8837,3.7058
8838,3.7058
8839,3.7058
8840,3.7058
8841,3.7058
8842,3.7056
8843,3.7058
8844,3.7056
8845,3.7056
8846,3.7056
8847,3.7056
8848,3.7056
8849,3.7056
8850,3.7056
8851,3.7056
8852,3.7056
8853,3.7056
8854,3.7056
8855,3.7056
8856,3.7056
8857,3.7056
8858,3.7056
8859,3.7056
8860,3.7056
8861,3.7056
8862,3.7056
8863,3.7054
8864,3.7054
8865,3.7054
8866,3.7054
8867,3.7054
8868,3.7054
8869,3.7054
8870,3.7054
8871,3.7054
8872,3.7054
8873,3.7054
8874,3.7054
8875,3.7054
8876,3.7054
8877,3.7054
8878,3.7054
8879,3.7054
8880,3.7054
8881,3.7054
8882,3.7054
8883,3.7054
8884,3.7054
8885,3.7054
8886,3.7054
8887,3.7054
8888,3.7053
8889,3.7053
8890,3.7053
8891,3.7053
8892,3.7053
8893,3.7053
8894,3.7053
8895,3.7053
8896,3.7053
8897,3.7053
8898,3.7053
8899,3.7053
8900,3.7053
8901,3.7053
8902,3.7053
8903,3.7053
8904,3.7053
8905,3.7053
8906,3.7053
8907,3.7053
8908,3.7053
8909,3.7053
8910,3.7053
8911,3.7053
8912,3.7053
8913,3.7053
8914,3.7053
8915,3.7053
8916,3.7053
8917,3.7053
8918,3.7053
8919,3.7053
8920,3.7053
8921,3.7053
8922,3.7053
8923,3.7053
8924,3.7053
8925,3.7053
8926,3.7053
8927,3.7053
8928,3.7053
8929,3.7053
8930,3.7053
8931,3.7053
8932,3.7053
8933,3.7053
8934,3.7051
8935,3.7051
8936,3.7051
8937,3.7053
8938,3.7053
8939,3.7053
8940,3.7051
8941,3.7051
8942,3.7051
8943,3.7053
8944,3.7053
8945,3.7051
8946,3.7051
