,voltage
0,3.4221
1,3.4221
2,3.422
3,3.422
4,3.4221
5,3.422
6,3.4221
7,3.4221
8,3.4221
9,3.4221
10,3.4221
11,3.4221
12,3.4221
13,3.422
14,3.422
15,3.4221
16,3.4221
17,3.4221
18,3.422
19,3.422
20,3.422
21,3.422
22,3.422
23,3.4221
24,3.422
25,3.422
26,3.4221
27,3.4221
28,3.422
29,3.4221
30,3.422
31,3.422
32,3.422
33,3.422
34,3.422
35,3.4221
36,3.422
37,3.422
38,3.4221
39,3.422
40,3.4221
41,3.422
42,3.422
43,3.422
44,3.422
45,3.422
46,3.422
47,3.422
48,3.422
49,3.422
50,3.422
51,3.4221
52,3.422
53,3.422
54,3.422
55,3.422
56,3.422
57,3.422
58,3.422
59,3.422
60,3.422
61,3.5945
62,3.6719
63,3.6638
64,3.6588
65,3.6555
66,3.6531
67,3.6512
68,3.6498
69,3.6485
70,3.6474
71,3.6464
72,3.6457
73,3.645
74,3.6444
75,3.6439
76,3.6434
77,3.6431
78,3.6428
79,3.6425
80,3.6422
81,3.642
82,3.6417
83,3.6415
84,3.6415
85,3.6414
86,3.6412
87,3.6412
88,3.6412
89,3.641
90,3.641
91,3.641
92,3.641
93,3.6412
94,3.6412
95,3.6412
96,3.6412
97,3.6414
98,3.6414
99,3.6415
100,3.6415
101,3.6417
102,3.6418
103,3.6418
104,3.642
105,3.6422
106,3.6423
107,3.6423
108,3.6425
109,3.6426
110,3.6428
111,3.643
112,3.6431
113,3.6433
114,3.6433
115,3.6434
116,3.6436
117,3.6437
118,3.6439
119,3.6441
120,3.6442
121,3.6444
122,3.6445
123,3.6447
124,3.6449
125,3.645
126,3.6452
127,3.6453
128,3.6455
129,3.6457
130,3.6458
131,3.646
132,3.6461
133,3.6463
134,3.6464
135,3.6466
136,3.6468
137,3.6469
138,3.6471
139,3.6472
140,3.6474
141,3.6476
142,3.6477
143,3.6479
144,3.648
145,3.6482
146,3.6484
147,3.6485
148,3.6487
149,3.6488
150,3.649
151,3.6491
152,3.6493
153,3.6495
154,3.6496
155,3.6498
156,3.6499
157,3.6501
158,3.6503
159,3.6504
160,3.6506
161,3.6506
162,3.6509
163,3.6509
164,3.6511
165,3.6512
166,3.6514
167,3.6515
168,3.6517
169,3.6518
170,3.6518
171,3.652
172,3.6522
173,3.6523
174,3.6525
175,3.6526
176,3.6528
177,3.6528
178,3.653
179,3.6531
180,3.6533
181,3.6533
182,3.6534
183,3.6536
184,3.6538
185,3.6539
186,3.6539
187,3.6541
188,3.6542
189,3.6544
190,3.6544
191,3.6546
192,3.6547
193,3.6549
194,3.6549
195,3.655
196,3.6552
197,3.6553
198,3.6553
199,3.6555
200,3.6557
201,3.6557
202,3.6558
203,3.656
204,3.656
205,3.6561
206,3.6563
207,3.6563
208,3.6565
209,3.6566
210,3.6566
211,3.6568
212,3.6569
213,3.6569
214,3.6571
215,3.6573
216,3.6573
217,3.6574
218,3.6574
219,3.6576
220,3.6577
221,3.6577
222,3.6579
223,3.6579
224,3.658
225,3.6582
226,3.6582
227,3.6584
228,3.6585
229,3.6585
230,3.6587
231,3.6587
232,3.6588
233,3.6588
234,3.659
235,3.6592
236,3.6592
237,3.6593
238,3.6593
239,3.6595
240,3.6596
241,3.6596
242,3.6598
243,3.6598
244,3.66
245,3.66
246,3.6601
247,3.6601
248,3.6603
249,3.6603
250,3.6604
251,3.6604
252,3.6606
253,3.6606
254,3.6607
255,3.6607
256,3.6609
257,3.6611
258,3.6611
259,3.6612
260,3.6612
261,3.6614
262,3.6614
263,3.6614
264,3.6615
265,3.6617
266,3.6617
267,3.6619
268,3.6619
269,3.6619
270,3.662
271,3.662
272,3.6622
273,3.6622
274,3.6623
275,3.6623
276,3.6625
277,3.6625
278,3.6627
279,3.6627
280,3.6628
281,3.6628
282,3.663
283,3.663
284,3.6631
285,3.6631
286,3.6633
287,3.6633
288,3.6633
289,3.6634
290,3.6634
291,3.6636
292,3.6636
293,3.6638
294,3.6638
295,3.6639
296,3.6639
297,3.6639
298,3.6641
299,3.6641
300,3.6642
301,3.6642
302,3.6644
303,3.6644
304,3.6646
305,3.6646
306,3.6647
307,3.6647
308,3.6647
309,3.6649
310,3.6649
311,3.665
312,3.665
313,3.6652
314,3.6652
315,3.6652
316,3.6654
317,3.6654
318,3.6655
319,3.6655
320,3.6655
321,3.6657
322,3.6657
323,3.6658
324,3.6658
325,3.666
326,3.666
327,3.666
328,3.6661
329,3.6661
330,3.6663
331,3.6663
332,3.6663
333,3.6665
334,3.6665
335,3.6666
336,3.6666
337,3.6666
338,3.6668
339,3.6668
340,3.6669
341,3.6669
342,3.6669
343,3.6671
344,3.6671
345,3.6673
346,3.6673
347,3.6673
348,3.6674
349,3.6674
350,3.6676
351,3.6676
352,3.6676
353,3.6677
354,3.6677
355,3.6679
356,3.6679
357,3.6679
358,3.6681
359,3.6681
360,3.6682
361,3.6682
362,3.6682
363,3.6684
364,3.6684
365,3.6684
366,3.6685
367,3.6685
368,3.6687
369,3.6687
370,3.6688
371,3.6688
372,3.6688
373,3.669
374,3.669
375,3.669
376,3.6692
377,3.6692
378,3.6693
379,3.6693
380,3.6693
381,3.6695
382,3.6695
383,3.6695
384,3.6696
385,3.6696
386,3.6698
387,3.6698
388,3.6698
389,3.67
390,3.67
391,3.6701
392,3.6701
393,3.6701
394,3.6703
395,3.6703
396,3.6704
397,3.6704
398,3.6704
399,3.6706
400,3.6706
401,3.6706
402,3.6708
403,3.6708
404,3.6709
405,3.6709
406,3.6709
407,3.6711
408,3.6711
409,3.6711
410,3.6712
411,3.6712
412,3.6714
413,3.6714
414,3.6714
415,3.6715
416,3.6715
417,3.6717
418,3.6717
419,3.6717
420,3.6719
421,3.6719
422,3.6719
423,3.672
424,3.672
425,3.672
426,3.6722
427,3.6722
428,3.6723
429,3.6723
430,3.6723
431,3.6725
432,3.6725
433,3.6727
434,3.6727
435,3.6727
436,3.6728
437,3.6728
438,3.6728
439,3.673
440,3.673
441,3.6731
442,3.6731
443,3.6731
444,3.6733
445,3.6733
446,3.6733
447,3.6735
448,3.6735
449,3.6735
450,3.6736
451,3.6736
452,3.6738
453,3.6738
454,3.6738
455,3.6739
456,3.6739
457,3.6739
458,3.6741
459,3.6741
460,3.6742
461,3.6742
462,3.6742
463,3.6744
464,3.6744
465,3.6744
466,3.6746
467,3.6746
468,3.6747
469,3.6747
470,3.6747
471,3.6749
472,3.6749
473,3.6749
474,3.675
475,3.675
476,3.675
477,3.6752
478,3.6752
479,3.6752
480,3.6754
481,3.6754
482,3.6755
483,3.6755
484,3.6755
485,3.6757
486,3.6757
487,3.6757
488,3.6758
489,3.6758
490,3.676
491,3.676
492,3.676
493,3.6762
494,3.6762
495,3.6762
496,3.6763
497,3.6763
498,3.6763
499,3.6765
500,3.6765
501,3.6766
502,3.6766
503,3.6766
504,3.6768
505,3.6768
506,3.6768
507,3.6769
508,3.6769
509,3.6771
510,3.6771
511,3.6771
512,3.6773
513,3.6773
514,3.6773
515,3.6774
516,3.6774
517,3.6776
518,3.6776
519,3.6776
520,3.6777
521,3.6777
522,3.6777
523,3.6779
524,3.6779
525,3.6779
526,3.6781
527,3.6781
528,3.6782
529,3.6782
530,3.6782
531,3.6784
532,3.6784
533,3.6784
534,3.6785
535,3.6785
536,3.6787
537,3.6787
538,3.6787
539,3.6789
540,3.6789
541,3.6789
542,3.679
543,3.679
544,3.679
545,3.6792
546,3.6792
547,3.6793
548,3.6793
549,3.6793
550,3.6795
551,3.6795
552,3.6795
553,3.6796
554,3.6796
555,3.6796
556,3.6798
557,3.6798
558,3.6798
559,3.68
560,3.68
561,3.6801
562,3.6801
563,3.6801
564,3.6803
565,3.6803
566,3.6803
567,3.6804
568,3.6804
569,3.6806
570,3.6806
571,3.6806
572,3.6808
573,3.6808
574,3.6809
575,3.6809
576,3.6809
577,3.6811
578,3.6811
579,3.6811
580,3.6812
581,3.6812
582,3.6812
583,3.6814
584,3.6814
585,3.6814
586,3.6816
587,3.6816
588,3.6817
589,3.6817
590,3.6817
591,3.6819
592,3.6819
593,3.682
594,3.682
595,3.682
596,3.6822
597,3.6822
598,3.6822
599,3.6823
600,3.6823
601,3.6823
602,3.6825
603,3.6825
604,3.6827
605,3.6827
606,3.6827
607,3.6828
608,3.6828
609,3.683
610,3.683
611,3.683
612,3.6831
613,3.6831
614,3.6831
615,3.6833
616,3.6833
617,3.6835
618,3.6835
619,3.6835
620,3.6836
621,3.6836
622,3.6836
623,3.6838
624,3.6838
625,3.6839
626,3.6839
627,3.6839
628,3.6841
629,3.6841
630,3.6841
631,3.6843
632,3.6843
633,3.6843
634,3.6844
635,3.6844
636,3.6846
637,3.6846
638,3.6846
639,3.6847
640,3.6847
641,3.6849
642,3.6849
643,3.6849
644,3.6851
645,3.6851
646,3.6851
647,3.6852
648,3.6852
649,3.6854
650,3.6854
651,3.6854
652,3.6855
653,3.6855
654,3.6855
655,3.6857
656,3.6857
657,3.6858
658,3.6858
659,3.6858
660,3.686
661,3.686
662,3.686
663,3.6862
664,3.6862
665,3.6863
666,3.6863
667,3.6863
668,3.6865
669,3.6865
670,3.6866
671,3.6866
672,3.6866
673,3.6868
674,3.6868
675,3.6868
676,3.687
677,3.687
678,3.6871
679,3.6871
680,3.6871
681,3.6873
682,3.6873
683,3.6873
684,3.6874
685,3.6874
686,3.6876
687,3.6876
688,3.6878
689,3.6878
690,3.6878
691,3.6879
692,3.6879
693,3.6879
694,3.6881
695,3.6881
696,3.6882
697,3.6882
698,3.6882
699,3.6884
700,3.6884
701,3.6885
702,3.6885
703,3.6885
704,3.6887
705,3.6887
706,3.6889
707,3.6889
708,3.6889
709,3.689
710,3.689
711,3.689
712,3.6892
713,3.6892
714,3.6893
715,3.6893
716,3.6895
717,3.6895
718,3.6895
719,3.6897
720,3.6897
721,3.6898
722,3.6898
723,3.6898
724,3.69
725,3.69
726,3.69
727,3.6901
728,3.6901
729,3.6903
730,3.6903
731,3.6903
732,3.6905
733,3.6905
734,3.6906
735,3.6906
736,3.6908
737,3.6908
738,3.6908
739,3.6909
740,3.6909
741,3.6911
742,3.6911
743,3.6911
744,3.6912
745,3.6912
746,3.6914
747,3.6914
748,3.6914
749,3.6916
750,3.6916
751,3.6917
752,3.6917
753,3.6919
754,3.6919
755,3.6919
756,3.692
757,3.692
758,3.692
759,3.6922
760,3.6922
761,3.6924
762,3.6924
763,3.6925
764,3.6925
765,3.6925
766,3.6927
767,3.6927
768,3.6928
769,3.6928
770,3.6928
771,3.693
772,3.693
773,3.6932
774,3.6932
775,3.6932
776,3.6933
777,3.6933
778,3.6935
779,3.6935
780,3.6935
781,3.6936
782,3.6936
783,3.6938
784,3.6938
785,3.6939
786,3.6939
787,3.6939
788,3.6941
789,3.6941
790,3.6943
791,3.6943
792,3.6944
793,3.6944
794,3.6944
795,3.6946
796,3.6946
797,3.6947
798,3.6947
799,3.6947
800,3.6949
801,3.6949
802,3.6951
803,3.6951
804,3.6951
805,3.6952
806,3.6952
807,3.6954
808,3.6954
809,3.6955
810,3.6955
811,3.6955
812,3.6957
813,3.6957
814,3.6959
815,3.6959
816,3.696
817,3.696
818,3.696
819,3.6962
820,3.6962
821,3.6963
822,3.6963
823,3.6965
824,3.6965
825,3.6965
826,3.6966
827,3.6966
828,3.6968
829,3.6968
830,3.697
831,3.697
832,3.697
833,3.6971
834,3.6971
835,3.6973
836,3.6973
837,3.6974
838,3.6974
839,3.6974
840,3.6976
841,3.6976
842,3.6978
843,3.6978
844,3.6979
845,3.6979
846,3.6979
847,3.6981
848,3.6981
849,3.6982
850,3.6982
851,3.6984
852,3.6984
853,3.6984
854,3.6986
855,3.6986
856,3.6987
857,3.6987
858,3.6989
859,3.6989
860,3.6989
861,3.699
862,3.699
863,3.6992
864,3.6992
865,3.6993
866,3.6993
867,3.6995
868,3.6995
869,3.6995
870,3.6997
871,3.6997
872,3.6998
873,3.6998
874,3.7
875,3.7
876,3.7
877,3.7001
878,3.7001
879,3.7003
880,3.7003
881,3.7005
882,3.7005
883,3.7006
884,3.7006
885,3.7006
886,3.7008
887,3.7008
888,3.7009
889,3.7009
890,3.7011
891,3.7011
892,3.7013
893,3.7013
894,3.7013
895,3.7014
896,3.7014
897,3.7016
898,3.7016
899,3.7017
900,3.7017
901,3.7017
902,3.7019
903,3.7019
904,3.702
905,3.702
906,3.7022
907,3.7022
908,3.7024
909,3.7024
910,3.7025
911,3.7025
912,3.7025
913,3.7027
914,3.7027
915,3.7028
916,3.7028
917,3.703
918,3.703
919,3.7032
920,3.7032
921,3.7032
922,3.7033
923,3.7033
924,3.7035
925,3.7035
926,3.7036
927,3.7036
928,3.7038
929,3.7038
930,3.704
931,3.704
932,3.704
933,3.7041
934,3.7041
935,3.7043
936,3.7043
937,3.7044
938,3.7044
939,3.7046
940,3.7046
941,3.7046
942,3.7047
943,3.7047
944,3.7049
945,3.7049
946,3.7051
947,3.7051
948,3.7051
949,3.7052
950,3.7054
951,3.7054
952,3.7054
953,3.7055
954,3.7055
955,3.7057
956,3.7057
957,3.7059
958,3.7059
959,3.706
960,3.706
961,3.706
962,3.7062
963,3.7062
964,3.7063
965,3.7063
966,3.7065
967,3.7065
968,3.7067
969,3.7067
970,3.7068
971,3.7068
972,3.707
973,3.707
974,3.707
975,3.7071
976,3.7071
977,3.7073
978,3.7073
979,3.7074
980,3.7074
981,3.7076
982,3.7076
983,3.7078
984,3.7078
985,3.7078
986,3.7079
987,3.7079
988,3.7081
989,3.7081
990,3.7082
991,3.7082
992,3.7084
993,3.7084
994,3.7086
995,3.7086
996,3.7086
997,3.7087
998,3.7087
999,3.7089
1000,3.7089
1001,3.709
1002,3.709
1003,3.7092
1004,3.7092
1005,3.7094
1006,3.7094
1007,3.7095
1008,3.7095
1009,3.7097
1010,3.7097
1011,3.7098
1012,3.7098
1013,3.7098
1014,3.71
1015,3.71
1016,3.7101
1017,3.7101
1018,3.7103
1019,3.7103
1020,3.7105
1021,3.7105
1022,3.7106
1023,3.7106
1024,3.7106
1025,3.7108
1026,3.7109
1027,3.7109
1028,3.7109
1029,3.7111
1030,3.7111
1031,3.7113
1032,3.7113
1033,3.7114
1034,3.7114
1035,3.7116
1036,3.7116
1037,3.7116
1038,3.7117
1039,3.7119
1040,3.7119
1041,3.7119
1042,3.7121
1043,3.7121
1044,3.7122
1045,3.7122
1046,3.7124
1047,3.7124
1048,3.7125
1049,3.7125
1050,3.7127
1051,3.7127
1052,3.7128
1053,3.7128
1054,3.7128
1055,3.713
1056,3.713
1057,3.7132
1058,3.7132
1059,3.7133
1060,3.7133
1061,3.7135
1062,3.7135
1063,3.7136
1064,3.7136
1065,3.7138
1066,3.7138
1067,3.714
1068,3.714
1069,3.7141
1070,3.7141
1071,3.7141
1072,3.7143
1073,3.7143
1074,3.7144
1075,3.7144
1076,3.7146
1077,3.7146
1078,3.7148
1079,3.7148
1080,3.7149
1081,3.7149
1082,3.7151
1083,3.7151
1084,3.7152
1085,3.7152
1086,3.7154
1087,3.7154
1088,3.7156
1089,3.7156
1090,3.7156
1091,3.7157
1092,3.7157
1093,3.7159
1094,3.7159
1095,3.716
1096,3.716
1097,3.7162
1098,3.7162
1099,3.7163
1100,3.7163
1101,3.7165
1102,3.7165
1103,3.7167
1104,3.7167
1105,3.7168
1106,3.7168
1107,3.7168
1108,3.717
1109,3.717
1110,3.7171
1111,3.7171
1112,3.7173
1113,3.7173
1114,3.7175
1115,3.7175
1116,3.7176
1117,3.7176
1118,3.7178
1119,3.7178
1120,3.7179
1121,3.7179
1122,3.7181
1123,3.7181
1124,3.7183
1125,3.7183
1126,3.7183
1127,3.7184
1128,3.7184
1129,3.7186
1130,3.7186
1131,3.7187
1132,3.7187
1133,3.7189
1134,3.7189
1135,3.719
1136,3.719
1137,3.7192
1138,3.7192
1139,3.7194
1140,3.7194
1141,3.7195
1142,3.7195
1143,3.7197
1144,3.7197
1145,3.7198
1146,3.7198
1147,3.72
1148,3.72
1149,3.72
1150,3.7202
1151,3.7202
1152,3.7203
1153,3.7203
1154,3.7205
1155,3.7205
1156,3.7206
1157,3.7206
1158,3.7208
1159,3.7208
1160,3.721
1161,3.721
1162,3.7211
1163,3.7211
1164,3.7213
1165,3.7213
1166,3.7214
1167,3.7214
1168,3.7216
1169,3.7216
1170,3.7216
1171,3.7217
1172,3.7217
1173,3.7219
1174,3.7219
1175,3.7221
1176,3.7221
1177,3.7222
1178,3.7222
1179,3.7224
1180,3.7224
1181,3.7225
1182,3.7225
1183,3.7227
1184,3.7227
1185,3.7229
1186,3.7229
1187,3.723
1188,3.723
1189,3.7232
1190,3.7232
1191,3.7233
1192,3.7233
1193,3.7235
1194,3.7235
1195,3.7237
1196,3.7237
1197,3.7237
1198,3.7238
1199,3.7238
1200,3.724
1201,3.724
1202,3.7241
1203,3.7241
1204,3.7243
1205,3.7243
1206,3.7244
1207,3.7244
1208,3.7246
1209,3.7246
1210,3.7248
1211,3.7248
1212,3.7249
1213,3.7249
1214,3.7251
1215,3.7251
1216,3.7252
1217,3.7252
1218,3.7254
1219,3.7254
1220,3.7256
1221,3.7256
1222,3.7257
1223,3.7257
1224,3.7259
1225,3.7259
1226,3.726
1227,3.726
1228,3.7262
1229,3.7262
1230,3.7264
1231,3.7264
1232,3.7264
1233,3.7265
1234,3.7267
1235,3.7267
1236,3.7268
1237,3.7268
1238,3.7268
1239,3.727
1240,3.7271
1241,3.7271
1242,3.7271
1243,3.7273
1244,3.7273
1245,3.7275
1246,3.7275
1247,3.7276
1248,3.7276
1249,3.7278
1250,3.7278
1251,3.7279
1252,3.7279
1253,3.7281
1254,3.7281
1255,3.7283
1256,3.7283
1257,3.7284
1258,3.7284
1259,3.7286
1260,3.7286
1261,3.7287
1262,3.7287
1263,3.7289
1264,3.7289
1265,3.7291
1266,3.7291
1267,3.7292
1268,3.7292
1269,3.7294
1270,3.7294
1271,3.7295
1272,3.7295
1273,3.7297
1274,3.7297
1275,3.7298
1276,3.7298
1277,3.73
1278,3.73
1279,3.7302
1280,3.7302
1281,3.7303
1282,3.7303
1283,3.7305
1284,3.7305
1285,3.7306
1286,3.7306
1287,3.7308
1288,3.731
1289,3.731
1290,3.731
1291,3.7311
1292,3.7311
1293,3.7313
1294,3.7314
1295,3.7314
1296,3.7316
1297,3.7316
1298,3.7316
1299,3.7318
1300,3.7319
1301,3.7319
1302,3.7321
1303,3.7321
1304,3.7321
1305,3.7322
1306,3.7324
1307,3.7324
1308,3.7325
1309,3.7325
1310,3.7327
1311,3.7327
1312,3.7329
1313,3.7329
1314,3.733
1315,3.733
1316,3.7332
1317,3.7332
1318,3.7333
1319,3.7333
1320,3.7335
1321,3.7335
1322,3.7337
1323,3.7337
1324,3.7338
1325,3.7338
1326,3.734
1327,3.7341
1328,3.7341
1329,3.7343
1330,3.7343
1331,3.7345
1332,3.7345
1333,3.7346
1334,3.7346
1335,3.7348
1336,3.7348
1337,3.7349
1338,3.7349
1339,3.7351
1340,3.7351
1341,3.7352
1342,3.7352
1343,3.7354
1344,3.7354
1345,3.7356
1346,3.7357
1347,3.7357
1348,3.7359
1349,3.7359
1350,3.736
1351,3.736
1352,3.7362
1353,3.7362
1354,3.7364
1355,3.7364
1356,3.7365
1357,3.7365
1358,3.7367
1359,3.7368
1360,3.7368
1361,3.737
1362,3.737
1363,3.7372
1364,3.7372
1365,3.7373
1366,3.7373
1367,3.7375
1368,3.7375
1369,3.7376
1370,3.7378
1371,3.7378
1372,3.7379
1373,3.7379
1374,3.7381
1375,3.7381
1376,3.7383
1377,3.7383
1378,3.7384
1379,3.7384
1380,3.7386
1381,3.7387
1382,3.7387
1383,3.7389
1384,3.7389
1385,3.7391
1386,3.7391
1387,3.7392
1388,3.7392
1389,3.7394
1390,3.7395
1391,3.7395
1392,3.7397
1393,3.7397
1394,3.7399
1395,3.7399
1396,3.74
1397,3.7402
1398,3.7402
1399,3.7403
1400,3.7403
1401,3.7405
1402,3.7405
1403,3.7406
1404,3.7408
1405,3.7408
1406,3.741
1407,3.741
1408,3.7411
1409,3.7411
1410,3.7413
1411,3.7414
1412,3.7414
1413,3.7416
1414,3.7416
1415,3.7418
1416,3.7418
1417,3.7419
1418,3.7421
1419,3.7421
1420,3.7422
1421,3.7422
1422,3.7424
1423,3.7424
1424,3.7426
1425,3.7427
1426,3.7427
1427,3.7429
1428,3.7429
1429,3.743
1430,3.7432
1431,3.7432
1432,3.7433
1433,3.7433
1434,3.7435
1435,3.7437
1436,3.7437
1437,3.7438
1438,3.7438
1439,3.744
1440,3.7441
1441,3.7441
1442,3.7443
1443,3.7443
1444,3.7445
1445,3.7446
1446,3.7446
1447,3.7448
1448,3.7448
1449,3.7449
1450,3.7451
1451,3.7451
1452,3.7453
1453,3.7453
1454,3.7454
1455,3.7456
1456,3.7456
1457,3.7457
1458,3.7457
1459,3.7459
1460,3.746
1461,3.746
1462,3.7462
1463,3.7462
1464,3.7464
1465,3.7465
1466,3.7465
1467,3.7467
1468,3.7468
1469,3.7468
1470,3.747
1471,3.747
1472,3.7472
1473,3.7473
1474,3.7473
1475,3.7475
1476,3.7476
1477,3.7476
1478,3.7478
1479,3.7478
1480,3.748
1481,3.7481
1482,3.7481
1483,3.7483
1484,3.7484
1485,3.7484
1486,3.7486
1487,3.7488
1488,3.7488
1489,3.7489
1490,3.7489
1491,3.7491
1492,3.7492
1493,3.7492
1494,3.7494
1495,3.7495
1496,3.7495
1497,3.7497
1498,3.7499
1499,3.7499
1500,3.75
1501,3.7502
1502,3.7502
1503,3.7503
1504,3.7505
1505,3.7505
1506,3.7507
1507,3.7507
1508,3.7508
1509,3.751
1510,3.751
1511,3.7511
1512,3.7513
1513,3.7513
1514,3.7515
1515,3.7516
1516,3.7516
1517,3.7518
1518,3.7519
1519,3.7519
1520,3.7521
1521,3.7522
1522,3.7522
1523,3.7524
1524,3.7526
1525,3.7526
1526,3.7527
1527,3.7529
1528,3.7529
1529,3.753
1530,3.7532
1531,3.7532
1532,3.7534
1533,3.7535
1534,3.7537
1535,3.7537
1536,3.7538
1537,3.754
1538,3.754
1539,3.7542
1540,3.7543
1541,3.7543
1542,3.7545
1543,3.7546
1544,3.7546
1545,3.7548
1546,3.7549
1547,3.7551
1548,3.7551
1549,3.7553
1550,3.7554
1551,3.7554
1552,3.7556
1553,3.7557
1554,3.7557
1555,3.7559
1556,3.7561
1557,3.7562
1558,3.7562
1559,3.7564
1560,3.7565
1561,3.7565
1562,3.7567
1563,3.7569
1564,3.7569
1565,3.757
1566,3.7572
1567,3.7573
1568,3.7573
1569,3.7575
1570,3.7576
1571,3.7576
1572,3.7578
1573,3.758
1574,3.7581
1575,3.7581
1576,3.7583
1577,3.7584
1578,3.7586
1579,3.7586
1580,3.7588
1581,3.7589
1582,3.7589
1583,3.7591
1584,3.7592
1585,3.7594
1586,3.7594
1587,3.7596
1588,3.7597
1589,3.7599
1590,3.7599
1591,3.76
1592,3.7602
1593,3.7603
1594,3.7603
1595,3.7605
1596,3.7607
1597,3.7608
1598,3.7608
1599,3.761
1600,3.7611
1601,3.7611
1602,3.7613
1603,3.7615
1604,3.7616
1605,3.7618
1606,3.7618
1607,3.7619
1608,3.7621
1609,3.7623
1610,3.7623
1611,3.7624
1612,3.7626
1613,3.7627
1614,3.7627
1615,3.7629
1616,3.763
1617,3.7632
1618,3.7632
1619,3.7634
1620,3.7635
1621,3.7637
1622,3.7638
1623,3.7638
1624,3.764
1625,3.7642
1626,3.7643
1627,3.7643
1628,3.7645
1629,3.7646
1630,3.7648
1631,3.765
1632,3.765
1633,3.7651
1634,3.7653
1635,3.7654
1636,3.7654
1637,3.7656
1638,3.7657
1639,3.7659
1640,3.7661
1641,3.7662
1642,3.7662
1643,3.7664
1644,3.7665
1645,3.7667
1646,3.7667
1647,3.7669
1648,3.767
1649,3.7672
1650,3.7673
1651,3.7673
1652,3.7675
1653,3.7677
1654,3.7678
1655,3.768
1656,3.7681
1657,3.7681
1658,3.7683
1659,3.7684
1660,3.7686
1661,3.7688
1662,3.7688
1663,3.7689
1664,3.7691
1665,3.7692
1666,3.7694
1667,3.7694
1668,3.7696
1669,3.7697
1670,3.7699
1671,3.77
1672,3.77
1673,3.7702
1674,3.7704
1675,3.7705
1676,3.7707
1677,3.7708
1678,3.7708
1679,3.771
1680,3.7711
1681,3.7713
1682,3.7715
1683,3.7716
1684,3.7718
1685,3.7718
1686,3.7719
1687,3.7721
1688,3.7723
1689,3.7724
1690,3.7726
1691,3.7726
1692,3.7727
1693,3.7729
1694,3.7731
1695,3.7732
1696,3.7734
1697,3.7734
1698,3.7735
1699,3.7737
1700,3.7738
1701,3.774
1702,3.7742
1703,3.7742
1704,3.7743
1705,3.7745
1706,3.7746
1707,3.7748
1708,3.775
1709,3.7751
1710,3.7751
1711,3.7753
1712,3.7754
1713,3.7756
1714,3.7758
1715,3.7759
1716,3.7761
1717,3.7762
1718,3.7762
1719,3.7764
1720,3.7766
1721,3.7767
1722,3.7769
1723,3.777
1724,3.7772
1725,3.7773
1726,3.7773
1727,3.7775
1728,3.7777
1729,3.7778
1730,3.778
1731,3.7781
1732,3.7783
1733,3.7785
1734,3.7786
1735,3.7786
1736,3.7788
1737,3.7789
1738,3.7791
1739,3.7793
1740,3.7794
1741,3.7796
1742,3.7797
1743,3.7799
1744,3.7799
1745,3.78
1746,3.7802
1747,3.7804
1748,3.7805
1749,3.7807
1750,3.7808
1751,3.781
1752,3.7812
1753,3.7813
1754,3.7813
1755,3.7815
1756,3.7816
1757,3.7818
1758,3.782
1759,3.7821
1760,3.7823
1761,3.7824
1762,3.7826
1763,3.7827
1764,3.7827
1765,3.7829
1766,3.7831
1767,3.7832
1768,3.7834
1769,3.7835
1770,3.7837
1771,3.7839
1772,3.784
1773,3.7842
1774,3.7843
1775,3.7845
1776,3.7847
1777,3.7848
1778,3.7848
1779,3.785
1780,3.7851
1781,3.7853
1782,3.7854
1783,3.7856
1784,3.7858
1785,3.7859
1786,3.7861
1787,3.7862
1788,3.7864
1789,3.7866
1790,3.7867
1791,3.7869
1792,3.7869
1793,3.787
1794,3.7872
1795,3.7874
1796,3.7875
1797,3.7877
1798,3.7878
1799,3.788
1800,3.7881
1801,3.7883
1802,3.7885
1803,3.7886
1804,3.7888
1805,3.7889
1806,3.7891
1807,3.7893
1808,3.7894
1809,3.7896
1810,3.7897
1811,3.7899
1812,3.7899
1813,3.7901
1814,3.7904
1815,3.7904
1816,3.7905
1817,3.7907
1818,3.7908
1819,3.791
1820,3.7912
1821,3.7913
1822,3.7915
1823,3.7916
1824,3.7918
1825,3.792
1826,3.7921
1827,3.7923
1828,3.7924
1829,3.7926
1830,3.7928
1831,3.7929
1832,3.7931
1833,3.7932
1834,3.7934
1835,3.7935
1836,3.7937
1837,3.7939
1838,3.794
1839,3.7942
1840,3.7943
1841,3.7945
1842,3.7947
1843,3.7948
1844,3.795
1845,3.7951
1846,3.7953
1847,3.7955
1848,3.7956
1849,3.7958
1850,3.7959
1851,3.7961
1852,3.7962
1853,3.7964
1854,3.7966
1855,3.7967
1856,3.7969
1857,3.797
1858,3.7972
1859,3.7974
1860,3.7975
1861,3.7977
1862,3.7978
1863,3.798
1864,3.7982
1865,3.7983
1866,3.7985
1867,3.7986
1868,3.7988
1869,3.7989
1870,3.7991
1871,3.7993
1872,3.7994
1873,3.7996
1874,3.7997
1875,3.7999
1876,3.8001
1877,3.8002
1878,3.8004
1879,3.8005
1880,3.8009
1881,3.801
1882,3.8012
1883,3.8013
1884,3.8015
1885,3.8016
1886,3.8018
1887,3.802
1888,3.8021
1889,3.8023
1890,3.8024
1891,3.8026
1892,3.8028
1893,3.8029
1894,3.8031
1895,3.8032
1896,3.8034
1897,3.8036
1898,3.8037
1899,3.8039
1900,3.8042
1901,3.8043
1902,3.8045
1903,3.8047
1904,3.8048
1905,3.805
1906,3.8051
1907,3.8053
1908,3.8055
1909,3.8056
1910,3.8058
1911,3.8059
1912,3.8061
1913,3.8063
1914,3.8064
1915,3.8067
1916,3.8069
1917,3.807
1918,3.8072
1919,3.8074
1920,3.8075
1921,3.8077
1922,3.8078
1923,3.808
1924,3.8082
1925,3.8085
1926,3.8086
1927,3.8088
1928,3.809
1929,3.8091
1930,3.8093
1931,3.8094
1932,3.8096
1933,3.8098
1934,3.8099
1935,3.8102
1936,3.8104
1937,3.8105
1938,3.8107
1939,3.8109
1940,3.811
1941,3.8112
1942,3.8113
1943,3.8115
1944,3.8118
1945,3.812
1946,3.8121
1947,3.8123
1948,3.8125
1949,3.8126
1950,3.8128
1951,3.8131
1952,3.8132
1953,3.8134
1954,3.8136
1955,3.8137
1956,3.8139
1957,3.814
1958,3.8144
1959,3.8145
1960,3.8147
1961,3.8148
1962,3.815
1963,3.8152
1964,3.8153
1965,3.8156
1966,3.8158
1967,3.8159
1968,3.8161
1969,3.8163
1970,3.8164
1971,3.8167
1972,3.8169
1973,3.8171
1974,3.8172
1975,3.8174
1976,3.8175
1977,3.8179
1978,3.818
1979,3.8182
1980,3.8183
1981,3.8185
1982,3.8188
1983,3.819
1984,3.8191
1985,3.8193
1986,3.8194
1987,3.8198
1988,3.8199
1989,3.8201
1990,3.8202
1991,3.8204
1992,3.8206
1993,3.8209
1994,3.821
1995,3.8212
1996,3.8213
1997,3.8215
1998,3.8218
1999,3.822
2000,3.8221
2001,3.8223
2002,3.8226
2003,3.8228
2004,3.8229
2005,3.8231
2006,3.8233
2007,3.8236
2008,3.8237
2009,3.8239
2010,3.824
2011,3.8244
2012,3.8245
2013,3.8247
2014,3.8248
2015,3.8252
2016,3.8253
2017,3.8255
2018,3.8256
2019,3.826
2020,3.8261
2021,3.8263
2022,3.8264
2023,3.8267
2024,3.8269
2025,3.8271
2026,3.8272
2027,3.8275
2028,3.8277
2029,3.8279
2030,3.828
2031,3.8283
2032,3.8285
2033,3.8287
2034,3.829
2035,3.8291
2036,3.8293
2037,3.8294
2038,3.8298
2039,3.8299
2040,3.8301
2041,3.8302
2042,3.8306
2043,3.8307
2044,3.8309
2045,3.8312
2046,3.8314
2047,3.8315
2048,3.8318
2049,3.832
2050,3.8321
2051,3.8323
2052,3.8326
2053,3.8328
2054,3.8329
2055,3.8333
2056,3.8334
2057,3.8336
2058,3.8339
2059,3.8341
2060,3.8342
2061,3.8345
2062,3.8347
2063,3.8349
2064,3.8352
2065,3.8353
2066,3.8355
2067,3.8358
2068,3.836
2069,3.8361
2070,3.8364
2071,3.8366
2072,3.8368
2073,3.8371
2074,3.8372
2075,3.8374
2076,3.8377
2077,3.8379
2078,3.838
2079,3.8383
2080,3.8385
2081,3.8388
2082,3.839
2083,3.8391
2084,3.8395
2085,3.8396
2086,3.8398
2087,3.8401
2088,3.8403
2089,3.8406
2090,3.8407
2091,3.8409
2092,3.8412
2093,3.8414
2094,3.8417
2095,3.8418
2096,3.842
2097,3.8423
2098,3.8425
2099,3.8426
2100,3.843
2101,3.8431
2102,3.8434
2103,3.8436
2104,3.8437
2105,3.8441
2106,3.8442
2107,3.8445
2108,3.8447
2109,3.845
2110,3.8452
2111,3.8453
2112,3.8457
2113,3.8458
2114,3.8461
2115,3.8463
2116,3.8464
2117,3.8468
2118,3.8469
2119,3.8472
2120,3.8474
2121,3.8477
2122,3.8479
2123,3.848
2124,3.8484
2125,3.8485
2126,3.8488
2127,3.849
2128,3.8493
2129,3.8495
2130,3.8496
2131,3.8499
2132,3.8501
2133,3.8504
2134,3.8506
2135,3.8509
2136,3.8511
2137,3.8514
2138,3.8515
2139,3.8517
2140,3.852
2141,3.8522
2142,3.8525
2143,3.8526
2144,3.853
2145,3.8531
2146,3.8534
2147,3.8536
2148,3.8539
2149,3.8541
2150,3.8544
2151,3.8545
2152,3.8549
2153,3.855
2154,3.8552
2155,3.8555
2156,3.8557
2157,3.856
2158,3.8561
2159,3.8565
2160,3.8566
2161,3.8569
2162,3.8571
2163,3.8574
2164,3.8576
2165,3.8579
2166,3.858
2167,3.8584
2168,3.8585
2169,3.8588
2170,3.859
2171,3.8593
2172,3.8595
2173,3.8598
2174,3.8599
2175,3.8603
2176,3.8604
2177,3.8607
2178,3.8609
2179,3.8612
2180,3.8614
2181,3.8617
2182,3.8619
2183,3.8622
2184,3.8623
2185,3.8626
2186,3.8628
2187,3.8631
2188,3.8633
2189,3.8636
2190,3.8638
2191,3.8641
2192,3.8642
2193,3.8646
2194,3.8647
2195,3.865
2196,3.8652
2197,3.8655
2198,3.8657
2199,3.866
2200,3.8661
2201,3.8665
2202,3.8666
2203,3.8669
2204,3.8671
2205,3.8674
2206,3.8676
2207,3.8679
2208,3.868
2209,3.8684
2210,3.8685
2211,3.8688
2212,3.869
2213,3.8693
2214,3.8696
2215,3.8698
2216,3.8701
2217,3.8703
2218,3.8706
2219,3.8708
2220,3.8711
2221,3.8712
2222,3.8715
2223,3.8717
2224,3.872
2225,3.8722
2226,3.8725
2227,3.8727
2228,3.873
2229,3.8731
2230,3.8735
2231,3.8736
2232,3.8739
2233,3.8741
2234,3.8744
2235,3.8746
2236,3.8749
2237,3.875
2238,3.8754
2239,3.8755
2240,3.8758
2241,3.8762
2242,3.8763
2243,3.8765
2244,3.8768
2245,3.8771
2246,3.8773
2247,3.8776
2248,3.8777
2249,3.8781
2250,3.8782
2251,3.8785
2252,3.8787
2253,3.879
2254,3.8792
2255,3.8795
2256,3.8796
2257,3.88
2258,3.8801
2259,3.8804
2260,3.8806
2261,3.8809
2262,3.8811
2263,3.8814
2264,3.8816
2265,3.8819
2266,3.882
2267,3.8823
2268,3.8825
2269,3.8828
2270,3.883
2271,3.8833
2272,3.8835
2273,3.8838
2274,3.8839
2275,3.8843
2276,3.8844
2277,3.8847
2278,3.8849
2279,3.8852
2280,3.8854
2281,3.8857
2282,3.8858
2283,3.8862
2284,3.8863
2285,3.8865
2286,3.8868
2287,3.8871
2288,3.8873
2289,3.8874
2290,3.8877
2291,3.8879
2292,3.8882
2293,3.8884
2294,3.8887
2295,3.8889
2296,3.8892
2297,3.8893
2298,3.8897
2299,3.8898
2300,3.8901
2301,3.8903
2302,3.8906
2303,3.8908
2304,3.8911
2305,3.8912
2306,3.8916
2307,3.8917
2308,3.892
2309,3.8922
2310,3.8925
2311,3.8927
2312,3.8928
2313,3.8931
2314,3.8933
2315,3.8936
2316,3.8938
2317,3.8941
2318,3.8943
2319,3.8946
2320,3.8947
2321,3.8951
2322,3.8952
2323,3.8955
2324,3.8957
2325,3.896
2326,3.8962
2327,3.8965
2328,3.8966
2329,3.8968
2330,3.8971
2331,3.8973
2332,3.8976
2333,3.8978
2334,3.8981
2335,3.8982
2336,3.8986
2337,3.8987
2338,3.899
2339,3.8992
2340,3.8995
2341,3.8997
2342,3.8998
2343,3.9001
2344,3.9003
2345,3.9006
2346,3.9008
2347,3.9011
2348,3.9013
2349,3.9016
2350,3.9017
2351,3.9019
2352,3.9022
2353,3.9024
2354,3.9027
2355,3.9028
2356,3.9032
2357,3.9033
2358,3.9036
2359,3.9038
2360,3.9041
2361,3.9043
2362,3.9046
2363,3.9047
2364,3.9049
2365,3.9052
2366,3.9054
2367,3.9057
2368,3.9059
2369,3.9062
2370,3.9063
2371,3.9067
2372,3.9068
2373,3.9071
2374,3.9073
2375,3.9074
2376,3.9078
2377,3.9079
2378,3.9082
2379,3.9084
2380,3.9087
2381,3.9089
2382,3.9092
2383,3.9094
2384,3.9097
2385,3.9098
2386,3.91
2387,3.9103
2388,3.9105
2389,3.9108
2390,3.9109
2391,3.9113
2392,3.9114
2393,3.9117
2394,3.9119
2395,3.9122
2396,3.9124
2397,3.9127
2398,3.9128
2399,3.9132
2400,3.9133
2401,3.9135
2402,3.9138
2403,3.914
2404,3.9143
2405,3.9144
2406,3.9148
2407,3.9149
2408,3.9152
2409,3.9154
2410,3.9157
2411,3.9159
2412,3.9162
2413,3.9163
2414,3.9165
2415,3.9168
2416,3.9171
2417,3.9173
2418,3.9175
2419,3.9178
2420,3.9179
2421,3.9182
2422,3.9184
2423,3.9187
2424,3.9189
2425,3.9192
2426,3.9194
2427,3.9197
2428,3.9198
2429,3.9202
2430,3.9203
2431,3.9206
2432,3.9208
2433,3.9211
2434,3.9213
2435,3.9216
2436,3.9217
2437,3.9221
2438,3.9222
2439,3.9225
2440,3.9227
2441,3.923
2442,3.9232
2443,3.9235
2444,3.9236
2445,3.924
2446,3.9241
2447,3.9244
2448,3.9246
2449,3.9249
2450,3.9251
2451,3.9254
2452,3.9256
2453,3.9259
2454,3.926
2455,3.9263
2456,3.9265
2457,3.9268
2458,3.927
2459,3.9273
2460,3.9275
2461,3.9278
2462,3.9281
2463,3.9283
2464,3.9286
2465,3.9287
2466,3.9291
2467,3.9292
2468,3.9295
2469,3.9297
2470,3.93
2471,3.9302
2472,3.9305
2473,3.9306
2474,3.931
2475,3.9313
2476,3.9314
2477,3.9318
2478,3.9319
2479,3.9322
2480,3.9324
2481,3.9327
2482,3.9329
2483,3.9332
2484,3.9335
2485,3.9337
2486,3.934
2487,3.9341
2488,3.9345
2489,3.9348
2490,3.9349
2491,3.9352
2492,3.9354
2493,3.9357
2494,3.9359
2495,3.9362
2496,3.9365
2497,3.9367
2498,3.937
2499,3.9372
2500,3.9375
2501,3.9378
2502,3.9379
2503,3.9383
2504,3.9384
2505,3.9387
2506,3.9391
2507,3.9392
2508,3.9395
2509,3.9397
2510,3.94
2511,3.9403
2512,3.9405
2513,3.9408
2514,3.941
2515,3.9413
2516,3.9416
2517,3.9418
2518,3.9421
2519,3.9424
2520,3.9426
2521,3.9429
2522,3.943
2523,3.9433
2524,3.9437
2525,3.9438
2526,3.9441
2527,3.9445
2528,3.9446
2529,3.9449
2530,3.9453
2531,3.9454
2532,3.9457
2533,3.9459
2534,3.9462
2535,3.9465
2536,3.9467
2537,3.947
2538,3.9473
2539,3.9475
2540,3.9478
2541,3.9481
2542,3.9483
2543,3.9486
2544,3.9489
2545,3.9491
2546,3.9494
2547,3.9497
2548,3.95
2549,3.9502
2550,3.9505
2551,3.9507
2552,3.951
2553,3.9513
2554,3.9516
2555,3.9518
2556,3.9521
2557,3.9524
2558,3.9526
2559,3.9529
2560,3.9532
2561,3.9534
2562,3.9537
2563,3.954
2564,3.9543
2565,3.9545
2566,3.9548
2567,3.9551
2568,3.9553
2569,3.9556
2570,3.9559
2571,3.9561
2572,3.9564
2573,3.9567
2574,3.9569
2575,3.9572
2576,3.9575
2577,3.9578
2578,3.958
2579,3.9583
2580,3.9586
2581,3.9588
2582,3.9591
2583,3.9594
2584,3.9596
2585,3.9599
2586,3.9602
2587,3.9605
2588,3.9607
2589,3.961
2590,3.9613
2591,3.9615
2592,3.9618
2593,3.9621
2594,3.9624
2595,3.9626
2596,3.9629
2597,3.9632
2598,3.9634
2599,3.9637
2600,3.964
2601,3.9643
2602,3.9645
2603,3.9648
2604,3.9651
2605,3.9654
2606,3.9656
2607,3.9659
2608,3.9662
2609,3.9664
2610,3.9667
2611,3.967
2612,3.9673
2613,3.9675
2614,3.9678
2615,3.9681
2616,3.9684
2617,3.9686
2618,3.9689
2619,3.9692
2620,3.9694
2621,3.9697
2622,3.97
2623,3.9704
2624,3.9705
2625,3.9708
2626,3.9711
2627,3.9715
2628,3.9716
2629,3.9719
2630,3.9723
2631,3.9724
2632,3.9727
2633,3.9731
2634,3.9732
2635,3.9735
2636,3.9738
2637,3.9742
2638,3.9743
2639,3.9746
2640,3.975
2641,3.9751
2642,3.9754
2643,3.9758
2644,3.9759
2645,3.9762
2646,3.9765
2647,3.9769
2648,3.977
2649,3.9773
2650,3.9777
2651,3.9778
2652,3.9781
2653,3.9785
2654,3.9786
2655,3.9789
2656,3.9792
2657,3.9794
2658,3.9797
2659,3.98
2660,3.9802
2661,3.9805
2662,3.9808
2663,3.981
2664,3.9813
2665,3.9816
2666,3.9818
2667,3.9821
2668,3.9824
2669,3.9826
2670,3.9829
2671,3.9832
2672,3.9834
2673,3.9837
2674,3.984
2675,3.9842
2676,3.9845
2677,3.9846
2678,3.985
2679,3.9853
2680,3.9854
2681,3.9858
2682,3.9859
2683,3.9862
2684,3.9866
2685,3.9867
2686,3.987
2687,3.9872
2688,3.9875
2689,3.9878
2690,3.988
2691,3.9883
2692,3.9885
2693,3.9888
2694,3.9891
2695,3.9893
2696,3.9896
2697,3.9897
2698,3.9901
2699,3.9902
2700,3.9905
2701,3.9907
2702,3.991
2703,3.9913
2704,3.9915
2705,3.9918
2706,3.992
2707,3.9923
2708,3.9924
2709,3.9928
2710,3.9929
2711,3.9932
2712,3.9934
2713,3.9937
2714,3.9939
2715,3.9942
2716,3.9943
2717,3.9947
2718,3.9948
2719,3.9951
2720,3.9953
2721,3.9956
2722,3.9958
2723,3.9961
2724,3.9962
2725,3.9966
2726,3.9967
2727,3.9969
2728,3.9972
2729,3.9974
2730,3.9977
2731,3.9978
2732,3.9982
2733,3.9983
2734,3.9986
2735,3.9988
2736,3.9989
2737,3.9993
2738,3.9994
2739,3.9997
2740,3.9999
2741,4.0002
2742,4.0004
2743,4.0005
2744,4.0009
2745,4.001
2746,4.0012
2747,4.0015
2748,4.0016
2749,4.002
2750,4.0021
2751,4.0023
2752,4.0026
2753,4.0028
2754,4.0029
2755,4.0032
2756,4.0034
2757,4.0036
2758,4.0039
2759,4.004
2760,4.0042
2761,4.0045
2762,4.0047
2763,4.0048
2764,4.005
2765,4.0053
2766,4.0055
2767,4.0056
2768,4.0058
2769,4.0061
2770,4.0063
2771,4.0064
2772,4.0067
2773,4.0069
2774,4.007
2775,4.0074
2776,4.0075
2777,4.0077
2778,4.0078
2779,4.0082
2780,4.0083
2781,4.0085
2782,4.0086
2783,4.009
2784,4.0091
2785,4.0093
2786,4.0094
2787,4.0096
2788,4.0099
2789,4.0101
2790,4.0102
2791,4.0104
2792,4.0105
2793,4.0109
2794,4.011
2795,4.0112
2796,4.0113
2797,4.0115
2798,4.0118
2799,4.012
2800,4.0121
2801,4.0123
2802,4.0124
2803,4.0126
2804,4.0129
2805,4.0131
2806,4.0132
2807,4.0134
2808,4.0136
2809,4.0137
2810,4.0139
2811,4.014
2812,4.0144
2813,4.0145
2814,4.0147
2815,4.0148
2816,4.015
2817,4.0151
2818,4.0153
2819,4.0156
2820,4.0158
2821,4.0159
2822,4.0161
2823,4.0163
2824,4.0164
2825,4.0166
2826,4.0167
2827,4.0169
2828,4.0171
2829,4.0172
2830,4.0175
2831,4.0177
2832,4.0178
2833,4.018
2834,4.0182
2835,4.0183
2836,4.0185
2837,4.0186
2838,4.0188
2839,4.019
2840,4.0191
2841,4.0193
2842,4.0194
2843,4.0196
2844,4.0198
2845,4.0199
2846,4.0202
2847,4.0202
2848,4.0206
2849,4.0207
2850,4.0209
2851,4.021
2852,4.0212
2853,4.0213
2854,4.0215
2855,4.0217
2856,4.0218
2857,4.022
2858,4.0221
2859,4.0223
2860,4.0225
2861,4.0226
2862,4.0228
2863,4.0229
2864,4.0231
2865,4.0233
2866,4.0234
2867,4.0236
2868,4.0237
2869,4.0239
2870,4.024
2871,4.0242
2872,4.0244
2873,4.0245
2874,4.0247
2875,4.0248
2876,4.025
2877,4.0252
2878,4.0253
2879,4.0255
2880,4.0256
2881,4.0258
2882,4.026
2883,4.0261
2884,4.0263
2885,4.0264
2886,4.0266
2887,4.0267
2888,4.0269
2889,4.0271
2890,4.0272
2891,4.0274
2892,4.0275
2893,4.0277
2894,4.0279
2895,4.028
2896,4.0282
2897,4.0283
2898,4.0285
2899,4.0287
2900,4.0288
2901,4.029
2902,4.0291
2903,4.0293
2904,4.0294
2905,4.0296
2906,4.0298
2907,4.0299
2908,4.0301
2909,4.0302
2910,4.0304
2911,4.0306
2912,4.0307
2913,4.0309
2914,4.031
2915,4.0312
2916,4.0314
2917,4.0315
2918,4.0317
2919,4.0318
2920,4.032
2921,4.0321
2922,4.0323
2923,4.0325
2924,4.0326
2925,4.0328
2926,4.0329
2927,4.0331
2928,4.0333
2929,4.0334
2930,4.0337
2931,4.0339
2932,4.0341
2933,4.0342
2934,4.0344
2935,4.0345
2936,4.0347
2937,4.0348
2938,4.035
2939,4.0352
2940,4.0353
2941,4.0355
2942,4.0356
2943,4.0358
2944,4.036
2945,4.0361
2946,4.0363
2947,4.0364
2948,4.0366
2949,4.0368
2950,4.0371
2951,4.0372
2952,4.0374
2953,4.0375
2954,4.0377
2955,4.0379
2956,4.038
2957,4.0382
2958,4.0383
2959,4.0385
2960,4.0388
2961,4.039
2962,4.0391
2963,4.0393
2964,4.0395
2965,4.0396
2966,4.0398
2967,4.0399
2968,4.0402
2969,4.0404
2970,4.0406
2971,4.0407
2972,4.0409
2973,4.041
2974,4.0414
2975,4.0415
2976,4.0417
2977,4.0418
2978,4.042
2979,4.0422
2980,4.0423
2981,4.0426
2982,4.0428
2983,4.0429
2984,4.0431
2985,4.0434
2986,4.0436
2987,4.0437
2988,4.0439
2989,4.0442
2990,4.0444
2991,4.0445
2992,4.0447
2993,4.045
2994,4.0452
2995,4.0453
2996,4.0455
2997,4.0456
2998,4.046
2999,4.0461
3000,4.0463
3001,4.0466
3002,4.0468
3003,4.0469
3004,4.0472
3005,4.0474
3006,4.0476
3007,4.0479
3008,4.048
3009,4.0482
3010,4.0483
3011,4.0487
3012,4.0488
3013,4.049
3014,4.0493
3015,4.0495
3016,4.0498
3017,4.0499
3018,4.0501
3019,4.0504
3020,4.0506
3021,4.0509
3022,4.0511
3023,4.0512
3024,4.0515
3025,4.0517
3026,4.052
3027,4.0522
3028,4.0525
3029,4.0526
3030,4.053
3031,4.0531
3032,4.0533
3033,4.0536
3034,4.0538
3035,4.0541
3036,4.0542
3037,4.0545
3038,4.0547
3039,4.055
3040,4.0552
3041,4.0555
3042,4.0558
3043,4.056
3044,4.0563
3045,4.0565
3046,4.0568
3047,4.0569
3048,4.0572
3049,4.0574
3050,4.0577
3051,4.058
3052,4.0582
3053,4.0585
3054,4.0587
3055,4.059
3056,4.0593
3057,4.0595
3058,4.0598
3059,4.0599
3060,4.0603
3061,4.0606
3062,4.0607
3063,4.0611
3064,4.0614
3065,4.0615
3066,4.0619
3067,4.0622
3068,4.0623
3069,4.0626
3070,4.063
3071,4.0633
3072,4.0634
3073,4.0638
3074,4.0641
3075,4.0642
3076,4.0646
3077,4.0649
3078,4.065
3079,4.0653
3080,4.0657
3081,4.066
3082,4.0663
3083,4.0665
3084,4.0668
3085,4.0671
3086,4.0674
3087,4.0676
3088,4.0679
3089,4.0682
3090,4.0685
3091,4.0688
3092,4.069
3093,4.0693
3094,4.0696
3095,4.07
3096,4.0703
3097,4.0704
3098,4.0707
3099,4.0711
3100,4.0714
3101,4.0717
3102,4.072
3103,4.0723
3104,4.0725
3105,4.0728
3106,4.0731
3107,4.0734
3108,4.0738
3109,4.0741
3110,4.0744
3111,4.0747
3112,4.0749
3113,4.0752
3114,4.0755
3115,4.0758
3116,4.0761
3117,4.0765
3118,4.0768
3119,4.0769
3120,4.0774
3121,4.0776
3122,4.0779
3123,4.0782
3124,4.0785
3125,4.0788
3126,4.0792
3127,4.0795
3128,4.0798
3129,4.0801
3130,4.0804
3131,4.0808
3132,4.0811
3133,4.0812
3134,4.0816
3135,4.0819
3136,4.0822
3137,4.0825
3138,4.0828
3139,4.0831
3140,4.0835
3141,4.0838
3142,4.0841
3143,4.0844
3144,4.0847
3145,4.085
3146,4.0854
3147,4.0857
3148,4.0858
3149,4.0862
3150,4.0865
3151,4.0868
3152,4.0871
3153,4.0874
3154,4.0877
3155,4.0881
3156,4.0884
3157,4.0887
3158,4.089
3159,4.0893
3160,4.0897
3161,4.09
3162,4.0903
3163,4.0906
3164,4.0909
3165,4.0912
3166,4.0916
3167,4.0919
3168,4.092
3169,4.0924
3170,4.0927
3171,4.093
3172,4.0933
3173,4.0936
3174,4.0939
3175,4.0943
3176,4.0946
3177,4.0949
3178,4.0952
3179,4.0955
3180,4.0958
3181,4.0962
3182,4.0965
3183,4.0968
3184,4.0971
3185,4.0973
3186,4.0976
3187,4.0979
3188,4.0982
3189,4.0985
3190,4.0989
3191,4.0992
3192,4.0995
3193,4.0998
3194,4.1001
3195,4.1005
3196,4.1008
3197,4.1009
3198,4.1012
3199,4.1016
3200,4.1019
3201,4.1022
3202,4.1025
3203,4.1028
3204,4.1032
3205,4.1035
3206,4.1036
3207,4.1039
3208,4.1043
3209,4.1046
3210,4.1049
3211,4.1052
3212,4.1055
3213,4.1057
3214,4.106
3215,4.1063
3216,4.1066
3217,4.107
3218,4.1073
3219,4.1076
3220,4.1079
3221,4.1081
3222,4.1084
3223,4.1087
3224,4.109
3225,4.1093
3226,4.1095
3227,4.1098
3228,4.1101
3229,4.1105
3230,4.1108
3231,4.1109
3232,4.1113
3233,4.1116
3234,4.1119
3235,4.1122
3236,4.1124
3237,4.1127
3238,4.113
3239,4.1133
3240,4.1135
3241,4.1138
3242,4.1141
3243,4.1144
3244,4.1146
3245,4.1149
3246,4.1152
3247,4.1155
3248,4.1157
3249,4.116
3250,4.1163
3251,4.1167
3252,4.1168
3253,4.1171
3254,4.1175
3255,4.1176
3256,4.1179
3257,4.1182
3258,4.1186
3259,4.1187
3260,4.119
3261,4.1194
3262,4.1195
3263,4.1198
3264,4.1202
3265,4.1203
3266,4.1206
3267,4.1209
3268,4.1211
3269,4.1214
3270,4.1217
3271,4.1219
3272,4.1222
3273,4.1224
3274,4.1227
3275,4.123
3276,4.1232
3277,4.1235
3278,4.1236
3279,4.124
3280,4.1243
3281,4.1244
3282,4.1248
3283,4.1249
3284,4.1252
3285,4.1254
3286,4.1257
3287,4.126
3288,4.1262
3289,4.1265
3290,4.1267
3291,4.127
3292,4.1271
3293,4.1275
3294,4.1276
3295,4.1279
3296,4.1281
3297,4.1284
3298,4.1286
3299,4.1289
3300,4.129
3301,4.1294
3302,4.1295
3303,4.1298
3304,4.13
3305,4.1303
3306,4.1305
3307,4.1308
3308,4.131
3309,4.1313
3310,4.1314
3311,4.1316
3312,4.1319
3313,4.1321
3314,4.1324
3315,4.1325
3316,4.1327
3317,4.133
3318,4.1332
3319,4.1335
3320,4.1337
3321,4.1338
3322,4.1341
3323,4.1343
3324,4.1346
3325,4.1348
3326,4.1349
3327,4.1352
3328,4.1354
3329,4.1356
3330,4.1359
3331,4.136
3332,4.1362
3333,4.1365
3334,4.1367
3335,4.1368
3336,4.1371
3337,4.1373
3338,4.1375
3339,4.1376
3340,4.1379
3341,4.1381
3342,4.1383
3343,4.1384
3344,4.1387
3345,4.1389
3346,4.1391
3347,4.1392
3348,4.1395
3349,4.1397
3350,4.1398
3351,4.14
3352,4.1403
3353,4.1405
3354,4.1406
3355,4.1408
3356,4.141
3357,4.1411
3358,4.1414
3359,4.1416
3360,4.1418
3361,4.1419
3362,4.1421
3363,4.1424
3364,4.1426
3365,4.1427
3366,4.1429
3367,4.143
3368,4.1432
3369,4.1433
3370,4.1437
3371,4.1438
3372,4.144
3373,4.1441
3374,4.1443
3375,4.1445
3376,4.1446
3377,4.1448
3378,4.1449
3379,4.1451
3380,4.1453
3381,4.1456
3382,4.1457
3383,4.1459
3384,4.146
3385,4.1462
3386,4.1464
3387,4.1465
3388,4.1467
3389,4.1468
3390,4.147
3391,4.1472
3392,4.1473
3393,4.1475
3394,4.1476
3395,4.1478
3396,4.148
3397,4.1481
3398,4.1483
3399,4.1484
3400,4.1486
3401,4.1487
3402,4.1489
3403,4.1491
3404,4.1492
3405,4.1494
3406,4.1495
3407,4.1495
3408,4.1497
3409,4.1499
3410,4.15
3411,4.1502
3412,4.1503
3413,4.1505
3414,4.1507
3415,4.1508
3416,4.151
3417,4.1511
3418,4.1513
3419,4.1513
3420,4.1514
3421,4.1516
3422,4.1518
3423,4.1519
3424,4.1521
3425,4.1522
3426,4.1522
3427,4.1524
3428,4.1526
3429,4.1527
3430,4.1529
3431,4.153
3432,4.153
3433,4.1532
3434,4.1534
3435,4.1535
3436,4.1537
3437,4.1537
3438,4.1538
3439,4.154
3440,4.1541
3441,4.1543
3442,4.1543
3443,4.1545
3444,4.1546
3445,4.1548
3446,4.1548
3447,4.1549
3448,4.1551
3449,4.1553
3450,4.1553
3451,4.1554
3452,4.1556
3453,4.1557
3454,4.1557
3455,4.1559
3456,4.1561
3457,4.1562
3458,4.1562
3459,4.1564
3460,4.1565
3461,4.1565
3462,4.1567
3463,4.1568
3464,4.1568
3465,4.157
3466,4.1572
3467,4.1572
3468,4.1573
3469,4.1575
3470,4.1575
3471,4.1576
3472,4.1578
3473,4.158
3474,4.158
3475,4.1581
3476,4.1581
3477,4.1583
3478,4.1584
3479,4.1584
3480,4.1586
3481,4.1588
3482,4.1588
3483,4.1589
3484,4.1589
3485,4.1591
3486,4.1592
3487,4.1592
3488,4.1594
3489,4.1595
3490,4.1595
3491,4.1597
3492,4.1597
3493,4.1599
3494,4.1599
3495,4.16
3496,4.1602
3497,4.1602
3498,4.1603
3499,4.1603
3500,4.1605
3501,4.1607
3502,4.1607
3503,4.1608
3504,4.1608
3505,4.161
3506,4.161
3507,4.1611
3508,4.1611
3509,4.1613
3510,4.1615
3511,4.1615
3512,4.1616
3513,4.1616
3514,4.1618
3515,4.1618
3516,4.1619
3517,4.1619
3518,4.1621
3519,4.1622
3520,4.1622
3521,4.1624
3522,4.1624
3523,4.1626
3524,4.1626
3525,4.1627
3526,4.1627
3527,4.1629
3528,4.1629
3529,4.163
3530,4.163
3531,4.1632
3532,4.1632
3533,4.1634
3534,4.1634
3535,4.1635
3536,4.1635
3537,4.1637
3538,4.1637
3539,4.1638
3540,4.1638
3541,4.164
3542,4.1642
3543,4.1642
3544,4.1643
3545,4.1643
3546,4.1645
3547,4.1645
3548,4.1646
3549,4.1646
3550,4.1648
3551,4.1648
3552,4.1649
3553,4.1649
3554,4.1651
3555,4.1651
3556,4.1653
3557,4.1653
3558,4.1654
3559,4.1654
3560,4.1656
3561,4.1656
3562,4.1657
3563,4.1657
3564,4.1659
3565,4.1659
3566,4.1661
3567,4.1661
3568,4.1662
3569,4.1662
3570,4.1664
3571,4.1664
3572,4.1665
3573,4.1667
3574,4.1667
3575,4.1669
3576,4.1669
3577,4.167
3578,4.167
3579,4.167
3580,4.1672
3581,4.1673
3582,4.1673
3583,4.1675
3584,4.1675
3585,4.1676
3586,4.1676
3587,4.1678
3588,4.1678
3589,4.168
3590,4.168
3591,4.1681
3592,4.1683
3593,4.1683
3594,4.1684
3595,4.1684
3596,4.1686
3597,4.1686
3598,4.1688
3599,4.1688
3600,4.1689
3601,4.1689
3602,4.1691
3603,4.1692
3604,4.1692
3605,4.1694
3606,4.1694
3607,4.1696
3608,4.1697
3609,4.1697
3610,4.1699
3611,4.1699
3612,4.17
3613,4.17
3614,4.1702
3615,4.1703
3616,4.1703
3617,4.1705
3618,4.1705
3619,4.1707
3620,4.1708
3621,4.1708
3622,4.171
3623,4.171
3624,4.1711
3625,4.1713
3626,4.1713
3627,4.1715
3628,4.1715
3629,4.1716
3630,4.1718
3631,4.1718
3632,4.1719
3633,4.1719
3634,4.1721
3635,4.1723
3636,4.1723
3637,4.1724
3638,4.1726
3639,4.1727
3640,4.1727
3641,4.1729
3642,4.1729
3643,4.173
3644,4.1732
3645,4.1732
3646,4.1734
3647,4.1735
3648,4.1735
3649,4.1737
3650,4.1738
3651,4.1738
3652,4.174
3653,4.1742
3654,4.1743
3655,4.1743
3656,4.1745
3657,4.1746
3658,4.1748
3659,4.1748
3660,4.175
3661,4.1751
3662,4.1751
3663,4.1753
3664,4.1754
3665,4.1756
3666,4.1756
3667,4.1758
3668,4.1759
3669,4.1761
3670,4.1762
3671,4.1762
3672,4.1764
3673,4.1765
3674,4.1767
3675,4.1767
3676,4.1769
3677,4.177
3678,4.1772
3679,4.1773
3680,4.1773
3681,4.1775
3682,4.1777
3683,4.1778
3684,4.178
3685,4.1781
3686,4.1783
3687,4.1783
3688,4.1785
3689,4.1786
3690,4.1788
3691,4.1789
3692,4.1791
3693,4.1792
3694,4.1794
3695,4.1794
3696,4.1796
3697,4.1797
3698,4.1799
3699,4.18
3700,4.1802
3701,4.1804
3702,4.1805
3703,4.1807
3704,4.1808
3705,4.181
3706,4.1812
3707,4.1813
3708,4.1815
3709,4.1816
3710,4.1818
3711,4.1819
3712,4.1821
3713,4.1823
3714,4.1824
3715,4.1826
3716,4.1827
3717,4.1829
3718,4.1831
3719,4.1832
3720,4.1834
3721,4.1835
3722,4.1837
3723,4.184
3724,4.1842
3725,4.1843
3726,4.1845
3727,4.1846
3728,4.1848
3729,4.185
3730,4.1853
3731,4.1854
3732,4.1856
3733,4.1858
3734,4.1859
3735,4.1862
3736,4.1864
3737,4.1866
3738,4.1867
3739,4.187
3740,4.1872
3741,4.1873
3742,4.1875
3743,4.1878
3744,4.188
3745,4.1881
3746,4.1885
3747,4.1886
3748,4.1888
3749,4.1889
3750,4.1893
3751,4.1894
3752,4.1897
3753,4.1899
3754,4.1902
3755,4.1904
3756,4.1905
3757,4.1908
3758,4.191
3759,4.1913
3760,4.1915
3761,4.1918
3762,4.192
3763,4.1923
3764,4.1924
3765,4.1927
3766,4.1931
3767,4.1932
3768,4.1935
3769,4.1937
3770,4.194
3771,4.1943
3772,4.1945
3773,4.1948
3774,4.1951
3775,4.1953
3776,4.1956
3777,4.1959
3778,4.1962
3779,4.1964
3780,4.1967
3781,4.197
3782,4.1974
3783,4.1977
3784,4.1978
3785,4.1981
3786,4.1985
3787,4.1988
3788,4.1991
3789,4.1994
3790,4.1997
3791,4.2001
3792,4.2004
3793,4.2007
3794,4.201
3795,4.2013
3796,4.2016
3797,4.202
3798,4.2023
3799,4.2026
3800,4.2029
3801,4.2034
3802,4.2037
3803,4.204
3804,4.2043
3805,4.2047
3806,4.2051
3807,4.2055
3808,4.2058
3809,4.2063
3810,4.2066
3811,4.2069
3812,4.2074
3813,4.2077
3814,4.2082
3815,4.2085
3816,4.209
3817,4.2093
3818,4.2097
3819,4.2101
3820,4.2105
3821,4.2109
3822,4.2113
3823,4.2118
3824,4.2121
3825,4.2126
3826,4.2131
3827,4.2136
3828,4.2139
3829,4.2144
3830,4.2148
3831,4.2153
3832,4.2158
3833,4.2163
3834,4.2167
3835,4.2171
3836,4.2177
3837,4.2182
3838,4.2186
3839,4.2191
3840,4.2196
3841,4.2201
3842,4.2205
3843,4.221
3844,4.2217
3845,4.2221
3846,4.2226
3847,4.2232
3848,4.2237
3849,4.2242
3850,4.2248
3851,4.2253
3852,4.2259
3853,4.2264
3854,4.2271
3855,4.2275
3856,4.2282
3857,4.2288
3858,4.2293
3859,4.2299
3860,4.2306
3861,4.2312
3862,4.2317
3863,4.2323
3864,4.2329
3865,4.2336
3866,4.2342
3867,4.2348
3868,4.2355
3869,4.2361
3870,4.2368
3871,4.2374
3872,4.2382
3873,4.2388
3874,4.2395
3875,4.2401
3876,4.2409
3877,4.2415
3878,4.2422
3879,4.2429
3880,4.2436
3881,4.2444
3882,4.245
3883,4.2458
3884,4.2464
3885,4.2472
3886,4.248
3887,4.2487
3888,4.2495
3889,4.2503
3890,4.251
3891,4.2518
3892,4.2526
3893,4.2534
3894,4.2541
3895,4.2549
3896,4.2558
3897,4.2566
3898,4.2574
3899,4.2582
3900,4.259
3901,4.2598
3902,4.2607
3903,4.2615
3904,4.2625
3905,4.2633
3906,4.2641
3907,4.265
3908,4.2658
3909,4.2668
3910,4.2676
3911,4.2685
3912,4.2695
3913,4.2704
3914,4.2712
3915,4.2722
3916,4.2731
3917,4.2741
3918,4.275
3919,4.276
3920,4.2769
3921,4.2779
3922,4.2788
3923,4.2798
3924,4.2808
3925,4.2817
3926,4.2827
3927,4.2838
3928,4.2847
3929,4.2857
3930,4.2868
3931,4.2877
3932,4.2889
3933,4.2898
3934,4.2908
3935,4.2919
3936,4.293
3937,4.2939
3938,4.295
3939,4.2962
3940,4.2971
3941,4.2982
3942,4.2993
3943,4.3005
3944,4.3014
3945,4.3009
3946,4.3011
3947,4.3011
3948,4.3009
3949,4.3011
3950,4.3009
3951,4.3011
3952,4.2999
3953,4.298
3954,4.2971
3955,4.2964
3956,4.2959
3957,4.2955
3958,4.2951
3959,4.2948
3960,4.2945
3961,4.2942
3962,4.294
3963,4.2937
3964,4.2936
3965,4.2932
3966,4.2931
3967,4.2929
3968,4.2928
3969,4.2926
3970,4.2924
3971,4.2923
3972,4.2921
3973,4.2921
3974,4.292
3975,4.2918
3976,4.2916
3977,4.2916
3978,4.2915
3979,4.2915
3980,4.2913
3981,4.2912
3982,4.2912
3983,4.291
3984,4.291
3985,4.2909
3986,4.2909
3987,4.2907
3988,4.2907
3989,4.2905
3990,4.2905
3991,4.2904
3992,4.2904
3993,4.2904
3994,4.2902
3995,4.2902
3996,4.2901
3997,4.2901
3998,4.2899
3999,4.2899
4000,4.2899
4001,4.2899
4002,4.2897
4003,4.2897
4004,4.2896
4005,4.2896
4006,4.2896
4007,4.2894
4008,4.2894
4009,4.2894
4010,4.2894
4011,4.2893
4012,4.2893
4013,4.2893
4014,4.2891
4015,4.2891
4016,4.2891
4017,4.2891
4018,4.2889
4019,4.2889
4020,4.2889
4021,4.2888
4022,4.2888
4023,4.2888
4024,4.2888
4025,4.2886
4026,4.2886
4027,4.2886
4028,4.2886
4029,4.2885
4030,4.2885
4031,4.2885
4032,4.2885
4033,4.2885
4034,4.2883
4035,4.2883
4036,4.2883
4037,4.2881
4038,4.2881
4039,4.2881
4040,4.2881
4041,4.2881
4042,4.288
4043,4.288
4044,4.288
4045,4.288
4046,4.2878
4047,4.2878
4048,4.2878
4049,4.2878
4050,4.2878
4051,4.2877
4052,4.2877
4053,4.2877
4054,4.2877
4055,4.2875
4056,4.2875
4057,4.2875
4058,4.2875
4059,4.2875
4060,4.2875
4061,4.2874
4062,4.2874
4063,4.2874
4064,4.2874
4065,4.2874
4066,4.2872
4067,4.2872
4068,4.2872
4069,4.2872
4070,4.287
4071,4.287
4072,4.287
4073,4.287
4074,4.287
4075,4.2869
4076,4.2869
4077,4.2869
4078,4.2869
4079,4.2869
4080,4.2869
4081,4.2867
4082,4.2867
4083,4.2867
4084,4.2867
4085,4.2867
4086,4.2866
4087,4.2866
4088,4.2866
4089,4.2866
4090,4.2866
4091,4.2866
4092,4.2864
4093,4.2864
4094,4.2864
4095,4.2864
4096,4.2864
4097,4.2864
4098,4.2864
4099,4.2862
4100,4.2862
4101,4.2862
4102,4.2862
4103,4.2861
4104,4.2861
4105,4.2861
4106,4.2861
4107,4.2861
4108,4.2861
4109,4.2861
4110,4.2859
4111,4.2859
4112,4.2859
4113,4.2859
4114,4.2859
4115,4.2859
4116,4.2858
4117,4.2858
4118,4.2858
4119,4.2858
4120,4.2858
4121,4.2858
4122,4.2856
4123,4.2856
4124,4.2856
4125,4.2856
4126,4.2856
4127,4.2856
4128,4.2856
4129,4.2856
4130,4.2854
4131,4.2854
4132,4.2854
4133,4.2799
4134,4.2754
4135,4.273
4136,4.271
4137,4.2692
4138,4.2676
4139,4.266
4140,4.2646
4141,4.2632
4142,4.2619
4143,4.2605
4144,4.2592
4145,4.2581
4146,4.2568
4147,4.2556
4148,4.2544
4149,4.2533
4150,4.2521
4151,4.2509
4152,4.2498
4153,4.2487
4154,4.2478
4155,4.2467
4156,4.2455
4157,4.2446
4158,4.2435
4159,4.2425
4160,4.2416
4161,4.2406
4162,4.2395
4163,4.2385
4164,4.2376
4165,4.2366
4166,4.2357
4167,4.2347
4168,4.2339
4169,4.233
4170,4.232
4171,4.2312
4172,4.2303
4173,4.2295
4174,4.2285
4175,4.2277
4176,4.2268
4177,4.226
4178,4.2252
4179,4.2244
4180,4.2234
4181,4.2226
4182,4.222
4183,4.2211
4184,4.2203
4185,4.2196
4186,4.2188
4187,4.218
4188,4.2172
4189,4.2166
4190,4.2158
4191,4.215
4192,4.2144
4193,4.2136
4194,4.2129
4195,4.2122
4196,4.2115
4197,4.2109
4198,4.2101
4199,4.2094
4200,4.2088
4201,4.2082
4202,4.2075
4203,4.2069
4204,4.2063
4205,4.2056
4206,4.205
4207,4.2044
4208,4.2037
4209,4.2031
4210,4.2025
4211,4.202
4212,4.2013
4213,4.2007
4214,4.2002
4215,4.1996
4216,4.199
4217,4.1985
4218,4.198
4219,4.1974
4220,4.1969
4221,4.1963
4222,4.1958
4223,4.1953
4224,4.1947
4225,4.1942
4226,4.1937
4227,4.1932
4228,4.1928
4229,4.1923
4230,4.1918
4231,4.1913
4232,4.1908
4233,4.1904
4234,4.1899
4235,4.1894
4236,4.1889
4237,4.1885
4238,4.188
4239,4.1877
4240,4.1872
4241,4.1867
4242,4.1864
4243,4.1859
4244,4.1854
4245,4.1851
4246,4.1846
4247,4.1843
4248,4.1839
4249,4.1835
4250,4.1831
4251,4.1827
4252,4.1823
4253,4.1819
4254,4.1816
4255,4.1811
4256,4.1808
4257,4.1805
4258,4.18
4259,4.1797
4260,4.1794
4261,4.1791
4262,4.1788
4263,4.1783
4264,4.178
4265,4.1777
4266,4.1773
4267,4.177
4268,4.1767
4269,4.1764
4270,4.1761
4271,4.1757
4272,4.1754
4273,4.1751
4274,4.1748
4275,4.1746
4276,4.1743
4277,4.174
4278,4.1737
4279,4.1734
4280,4.1732
4281,4.1729
4282,4.1726
4283,4.1722
4284,4.1721
4285,4.1718
4286,4.1714
4287,4.1713
4288,4.171
4289,4.1707
4290,4.1705
4291,4.1702
4292,4.17
4293,4.1697
4294,4.1694
4295,4.1692
4296,4.1689
4297,4.1687
4298,4.1684
4299,4.1683
4300,4.1681
4301,4.1678
4302,4.1676
4303,4.1673
4304,4.1672
4305,4.1668
4306,4.1667
4307,4.1665
4308,4.1664
4309,4.166
4310,4.1659
4311,4.1657
4312,4.1654
4313,4.1652
4314,4.1651
4315,4.1648
4316,4.1646
4317,4.1645
4318,4.1643
4319,4.1641
4320,4.164
4321,4.1637
4322,4.1635
4323,4.1633
4324,4.1632
4325,4.163
4326,4.1629
4327,4.1625
4328,4.1624
4329,4.1622
4330,4.1621
4331,4.1619
4332,4.1618
4333,4.1616
4334,4.1614
4335,4.1613
4336,4.1611
4337,4.161
4338,4.1608
4339,4.1606
4340,4.1605
4341,4.1603
4342,4.1602
4343,4.16
4344,4.1598
4345,4.1597
4346,4.1595
4347,4.1594
4348,4.1592
4349,4.159
4350,4.1589
4351,4.1587
4352,4.1586
4353,4.1586
4354,4.1584
4355,4.1583
4356,4.1581
4357,4.1579
4358,4.1578
4359,4.1576
4360,4.1576
4361,4.1575
4362,4.1573
4363,4.1571
4364,4.157
4365,4.1568
4366,4.1568
4367,4.1567
4368,4.1565
4369,4.1563
4370,4.1562
4371,4.1562
4372,4.156
4373,4.1559
4374,4.1557
4375,4.1557
4376,4.1556
4377,4.1554
4378,4.1552
4379,4.1552
4380,4.1551
4381,4.1549
4382,4.1549
4383,4.1548
4384,4.1546
4385,4.1544
4386,4.1544
4387,4.1543
4388,4.1541
4389,4.1541
4390,4.154
4391,4.1538
4392,4.1538
4393,4.1536
4394,4.1535
4395,4.1535
4396,4.1533
4397,4.1532
4398,4.1532
4399,4.153
4400,4.153
4401,4.1528
4402,4.1527
4403,4.1527
4404,4.1525
4405,4.1525
4406,4.1524
4407,4.1522
4408,4.1522
4409,4.1521
4410,4.1521
4411,4.1519
4412,4.1517
4413,4.1517
4414,4.1516
4415,4.1516
4416,4.1514
4417,4.1513
4418,4.1513
4419,4.1511
4420,4.1511
4421,4.1509
4422,4.1509
4423,4.1508
4424,4.1508
4425,4.1506
4426,4.1505
4427,4.1505
4428,4.1503
4429,4.1503
4430,4.1501
4431,4.1501
4432,4.15
4433,4.15
4434,4.1498
4435,4.1498
4436,4.1497
4437,4.1497
4438,4.1495
4439,4.1495
4440,4.1494
4441,4.1494
4442,4.1492
4443,4.1492
4444,4.149
4445,4.149
4446,4.1489
4447,4.1489
4448,4.1487
4449,4.1487
4450,4.1486
4451,4.1484
4452,4.1484
4453,4.1484
4454,4.1482
4455,4.1482
4456,4.1481
4457,4.1481
4458,4.1479
4459,4.1479
4460,4.1478
4461,4.1478
4462,4.1476
4463,4.1476
4464,4.1474
4465,4.1474
4466,4.1473
4467,4.1473
4468,4.1471
4469,4.1471
4470,4.147
4471,4.147
4472,4.1468
4473,4.1468
4474,4.1466
4475,4.1466
4476,4.1466
4477,4.1465
4478,4.1465
4479,4.1463
4480,4.1463
4481,4.1462
4482,4.1462
4483,4.146
4484,4.146
4485,4.1459
4486,4.1459
4487,4.1459
4488,4.1457
4489,4.1457
4490,4.1455
4491,4.1455
4492,4.1454
4493,4.1454
4494,4.1452
4495,4.1452
4496,4.1452
4497,4.1451
4498,4.1449
4499,4.1449
4500,4.1449
4501,4.1447
4502,4.1447
4503,4.1446
4504,4.1446
4505,4.1444
4506,4.1444
4507,4.1444
4508,4.1443
4509,4.1443
4510,4.1441
4511,4.1441
4512,4.1439
4513,4.1439
4514,4.1438
4515,4.1438
4516,4.1438
4517,4.1436
4518,4.1436
4519,4.1435
4520,4.1435
4521,4.1433
4522,4.1433
4523,4.1431
4524,4.1431
4525,4.1431
4526,4.143
4527,4.143
4528,4.143
4529,4.1428
4530,4.1428
4531,4.1428
4532,4.1428
4533,4.1427
4534,4.1427
4535,4.1427
4536,4.1427
4537,4.1427
4538,4.1427
4539,4.1425
4540,4.1425
4541,4.1425
4542,4.1425
4543,4.1424
4544,4.1424
4545,4.1424
4546,4.1424
4547,4.1422
4548,4.1422
4549,4.1422
4550,4.1422
4551,4.142
4552,4.142
4553,4.142
4554,4.142
4555,4.1419
4556,4.1419
4557,4.1419
4558,4.1419
4559,4.1417
4560,4.1417
4561,4.1417
4562,4.1417
4563,4.1417
4564,4.1417
4565,4.1416
4566,4.1416
4567,4.1416
4568,4.1416
4569,4.1414
4570,4.1414
4571,4.1412
4572,4.1412
4573,4.1411
4574,4.1411
4575,4.1409
4576,4.1409
4577,4.1408
4578,4.1408
4579,4.1408
4580,4.1406
4581,4.1406
4582,4.1404
4583,4.1404
4584,4.1403
4585,4.1403
4586,4.1401
4587,4.1401
4588,4.14
4589,4.14
4590,4.1398
4591,4.1398
4592,4.1398
4593,4.1397
4594,4.1397
4595,4.1395
4596,4.1395
4597,4.1393
4598,4.1393
4599,4.1392
4600,4.1392
4601,4.139
4602,4.139
4603,4.1389
4604,4.1389
4605,4.1387
4606,4.1387
4607,4.1385
4608,4.1384
4609,4.1384
4610,4.1384
4611,4.1382
4612,4.1381
4613,4.1381
4614,4.1379
4615,4.1379
4616,4.1377
4617,4.1377
4618,4.1376
4619,4.1376
4620,4.1374
4621,4.1374
4622,4.1373
4623,4.1373
4624,4.1371
4625,4.1369
4626,4.1369
4627,4.1368
4628,4.1368
4629,4.1366
4630,4.1366
4631,4.1365
4632,4.1363
4633,4.1363
4634,4.1362
4635,4.1362
4636,4.136
4637,4.136
4638,4.1358
4639,4.1357
4640,4.1357
4641,4.1355
4642,4.1355
4643,4.1354
4644,4.1352
4645,4.1352
4646,4.135
4647,4.1349
4648,4.1349
4649,4.1347
4650,4.1347
4651,4.1346
4652,4.1344
4653,4.1344
4654,4.1342
4655,4.1341
4656,4.1341
4657,4.1339
4658,4.1338
4659,4.1338
4660,4.1336
4661,4.1335
4662,4.1333
4663,4.1333
4664,4.1331
4665,4.133
4666,4.133
4667,4.1328
4668,4.1327
4669,4.1327
4670,4.1325
4671,4.1323
4672,4.1322
4673,4.1322
4674,4.132
4675,4.1319
4676,4.1317
4677,4.1317
4678,4.1315
4679,4.1314
4680,4.1312
4681,4.1311
4682,4.1311
4683,4.1309
4684,4.1307
4685,4.1306
4686,4.1304
4687,4.1304
4688,4.1303
4689,4.1301
4690,4.13
4691,4.1298
4692,4.1298
4693,4.1296
4694,4.1295
4695,4.1293
4696,4.1292
4697,4.129
4698,4.1288
4699,4.1288
4700,4.1287
4701,4.1285
4702,4.1284
4703,4.1282
4704,4.128
4705,4.1279
4706,4.1277
4707,4.1276
4708,4.1274
4709,4.1273
4710,4.1271
4711,4.1271
4712,4.1268
4713,4.1268
4714,4.1266
4715,4.1265
4716,4.1263
4717,4.1261
4718,4.126
4719,4.1258
4720,4.1257
4721,4.1253
4722,4.1252
4723,4.1252
4724,4.1249
4725,4.1247
4726,4.1245
4727,4.1244
4728,4.1242
4729,4.1241
4730,4.1239
4731,4.1238
4732,4.1236
4733,4.1234
4734,4.1233
4735,4.1231
4736,4.123
4737,4.1226
4738,4.1225
4739,4.1223
4740,4.1222
4741,4.122
4742,4.1218
4743,4.1217
4744,4.1214
4745,4.1212
4746,4.121
4747,4.1209
4748,4.1207
4749,4.1206
4750,4.1203
4751,4.1201
4752,4.1199
4753,4.1198
4754,4.1195
4755,4.1193
4756,4.1191
4757,4.119
4758,4.1187
4759,4.1185
4760,4.1183
4761,4.1182
4762,4.1179
4763,4.1177
4764,4.1176
4765,4.1172
4766,4.1171
4767,4.1169
4768,4.1168
4769,4.1164
4770,4.1163
4771,4.1161
4772,4.1158
4773,4.1156
4774,4.1155
4775,4.1152
4776,4.115
4777,4.1147
4778,4.1145
4779,4.1144
4780,4.1141
4781,4.1139
4782,4.1136
4783,4.1134
4784,4.1131
4785,4.1129
4786,4.1128
4787,4.1125
4788,4.1123
4789,4.112
4790,4.1118
4791,4.1115
4792,4.1114
4793,4.111
4794,4.1109
4795,4.1106
4796,4.1104
4797,4.1102
4798,4.1099
4799,4.1096
4800,4.1094
4801,4.1091
4802,4.109
4803,4.1086
4804,4.1085
4805,4.1082
4806,4.108
4807,4.1077
4808,4.1075
4809,4.1072
4810,4.1069
4811,4.1067
4812,4.1064
4813,4.1063
4814,4.1059
4815,4.1056
4816,4.1055
4817,4.1052
4818,4.105
4819,4.1047
4820,4.1044
4821,4.1042
4822,4.1039
4823,4.1036
4824,4.1034
4825,4.1031
4826,4.1029
4827,4.1026
4828,4.1023
4829,4.102
4830,4.1018
4831,4.1015
4832,4.1012
4833,4.101
4834,4.1007
4835,4.1004
4836,4.1002
4837,4.0999
4838,4.0996
4839,4.0993
4840,4.0991
4841,4.0988
4842,4.0985
4843,4.0982
4844,4.098
4845,4.0977
4846,4.0974
4847,4.097
4848,4.0967
4849,4.0966
4850,4.0962
4851,4.0959
4852,4.0956
4853,4.0955
4854,4.0951
4855,4.0948
4856,4.0945
4857,4.0942
4858,4.0939
4859,4.0937
4860,4.0934
4861,4.0931
4862,4.0927
4863,4.0924
4864,4.0921
4865,4.092
4866,4.0916
4867,4.0913
4868,4.091
4869,4.0907
4870,4.0904
4871,4.09
4872,4.0899
4873,4.0896
4874,4.0893
4875,4.0889
4876,4.0886
4877,4.0883
4878,4.088
4879,4.0877
4880,4.0873
4881,4.087
4882,4.0869
4883,4.0865
4884,4.0862
4885,4.0859
4886,4.0856
4887,4.0853
4888,4.085
4889,4.0846
4890,4.0843
4891,4.084
4892,4.0837
4893,4.0834
4894,4.0831
4895,4.0829
4896,4.0824
4897,4.0823
4898,4.0819
4899,4.0816
4900,4.0813
4901,4.081
4902,4.0807
4903,4.0803
4904,4.08
4905,4.0797
4906,4.0794
4907,4.0791
4908,4.0788
4909,4.0784
4910,4.0781
4911,4.0778
4912,4.0775
4913,4.0772
4914,4.0769
4915,4.0765
4916,4.0762
4917,4.0759
4918,4.0756
4919,4.0753
4920,4.0749
4921,4.0746
4922,4.0743
4923,4.074
4924,4.0737
4925,4.0734
4926,4.073
4927,4.0727
4928,4.0724
4929,4.0721
4930,4.0718
4931,4.0714
4932,4.0711
4933,4.0708
4934,4.0705
4935,4.0702
4936,4.0699
4937,4.0695
4938,4.0692
4939,4.0689
4940,4.0686
4941,4.0683
4942,4.0679
4943,4.0676
4944,4.0673
4945,4.067
4946,4.0667
4947,4.0664
4948,4.066
4949,4.0657
4950,4.0654
4951,4.0651
4952,4.0648
4953,4.0644
4954,4.0641
4955,4.0638
4956,4.0635
4957,4.0632
4958,4.0629
4959,4.0625
4960,4.0622
4961,4.0619
4962,4.0616
4963,4.0613
4964,4.061
4965,4.0608
4966,4.0603
4967,4.0602
4968,4.0598
4969,4.0595
4970,4.0592
4971,4.0589
4972,4.0586
4973,4.0582
4974,4.0579
4975,4.0576
4976,4.0573
4977,4.057
4978,4.0567
4979,4.0563
4980,4.056
4981,4.0557
4982,4.0555
4983,4.0552
4984,4.0549
4985,4.0546
4986,4.0543
4987,4.054
4988,4.0536
4989,4.0533
4990,4.053
4991,4.0527
4992,4.0525
4993,4.0522
4994,4.0519
4995,4.0516
4996,4.0513
4997,4.0509
4998,4.0508
4999,4.0505
5000,4.0501
5001,4.0498
5002,4.0495
5003,4.0492
5004,4.0489
5005,4.0487
5006,4.0484
5007,4.0481
5008,4.0478
5009,4.0474
5010,4.0473
5011,4.047
5012,4.0466
5013,4.0463
5014,4.046
5015,4.0458
5016,4.0455
5017,4.0452
5018,4.0449
5019,4.0447
5020,4.0444
5021,4.0441
5022,4.0438
5023,4.0436
5024,4.0433
5025,4.043
5026,4.0427
5027,4.0425
5028,4.0422
5029,4.0419
5030,4.0417
5031,4.0414
5032,4.0411
5033,4.0408
5034,4.0406
5035,4.0403
5036,4.0401
5037,4.0398
5038,4.0395
5039,4.0393
5040,4.039
5041,4.0387
5042,4.0385
5043,4.0382
5044,4.0379
5045,4.0377
5046,4.0374
5047,4.0373
5048,4.0369
5049,4.0366
5050,4.0365
5051,4.0361
5052,4.036
5053,4.0357
5054,4.0354
5055,4.0352
5056,4.0349
5057,4.0347
5058,4.0344
5059,4.0342
5060,4.0339
5061,4.0338
5062,4.0334
5063,4.0333
5064,4.033
5065,4.0328
5066,4.0325
5067,4.0323
5068,4.032
5069,4.0319
5070,4.0315
5071,4.0314
5072,4.0311
5073,4.0309
5074,4.0307
5075,4.0304
5076,4.0303
5077,4.0299
5078,4.0298
5079,4.0295
5080,4.0293
5081,4.0292
5082,4.0288
5083,4.0287
5084,4.0284
5085,4.0282
5086,4.028
5087,4.0277
5088,4.0276
5089,4.0274
5090,4.0271
5091,4.0269
5092,4.0268
5093,4.0264
5094,4.0263
5095,4.0261
5096,4.0258
5097,4.0257
5098,4.0255
5099,4.0252
5100,4.025
5101,4.0249
5102,4.0245
5103,4.0244
5104,4.0242
5105,4.0241
5106,4.0237
5107,4.0236
5108,4.0234
5109,4.0233
5110,4.023
5111,4.0228
5112,4.0226
5113,4.0223
5114,4.0222
5115,4.022
5116,4.0218
5117,4.0217
5118,4.0214
5119,4.0212
5120,4.021
5121,4.0209
5122,4.0207
5123,4.0204
5124,4.0202
5125,4.0201
5126,4.0199
5127,4.0198
5128,4.0196
5129,4.0193
5130,4.0191
5131,4.019
5132,4.0188
5133,4.0187
5134,4.0185
5135,4.0182
5136,4.018
5137,4.0179
5138,4.0177
5139,4.0175
5140,4.0174
5141,4.0172
5142,4.0171
5143,4.0168
5144,4.0166
5145,4.0164
5146,4.0163
5147,4.0161
5148,4.016
5149,4.0158
5150,4.0156
5151,4.0155
5152,4.0153
5153,4.0152
5154,4.0148
5155,4.0147
5156,4.0145
5157,4.0144
5158,4.0142
5159,4.014
5160,4.0139
5161,4.0137
5162,4.0136
5163,4.0134
5164,4.0133
5165,4.0131
5166,4.0129
5167,4.0128
5168,4.0126
5169,4.0125
5170,4.0121
5171,4.012
5172,4.0118
5173,4.0117
5174,4.0115
5175,4.0113
5176,4.0112
5177,4.011
5178,4.0109
5179,4.0107
5180,4.0106
5181,4.0104
5182,4.0102
5183,4.0101
5184,4.0099
5185,4.0098
5186,4.0096
5187,4.0094
5188,4.0093
5189,4.0091
5190,4.009
5191,4.0088
5192,4.0086
5193,4.0085
5194,4.0083
5195,4.0082
5196,4.008
5197,4.0078
5198,4.0077
5199,4.0075
5200,4.0074
5201,4.0072
5202,4.0071
5203,4.0069
5204,4.0067
5205,4.0066
5206,4.0064
5207,4.0063
5208,4.0061
5209,4.0059
5210,4.0058
5211,4.0056
5212,4.0055
5213,4.0053
5214,4.0051
5215,4.005
5216,4.0048
5217,4.0047
5218,4.0045
5219,4.0043
5220,4.0042
5221,4.004
5222,4.0039
5223,4.0037
5224,4.0036
5225,4.0034
5226,4.0032
5227,4.0031
5228,4.0029
5229,4.0028
5230,4.0026
5231,4.0024
5232,4.0021
5233,4.0021
5234,4.002
5235,4.0016
5236,4.0015
5237,4.0013
5238,4.0012
5239,4.001
5240,4.0009
5241,4.0007
5242,4.0005
5243,4.0004
5244,4.0002
5245,4.0001
5246,3.9999
5247,3.9997
5248,3.9996
5249,3.9994
5250,3.9993
5251,3.9991
5252,3.9989
5253,3.9988
5254,3.9986
5255,3.9983
5256,3.9981
5257,3.998
5258,3.9978
5259,3.9977
5260,3.9975
5261,3.9974
5262,3.9972
5263,3.997
5264,3.9969
5265,3.9967
5266,3.9966
5267,3.9962
5268,3.9961
5269,3.9959
5270,3.9958
5271,3.9956
5272,3.9954
5273,3.9953
5274,3.9951
5275,3.995
5276,3.9947
5277,3.9945
5278,3.9943
5279,3.9942
5280,3.994
5281,3.9939
5282,3.9937
5283,3.9934
5284,3.9932
5285,3.9931
5286,3.9929
5287,3.9927
5288,3.9926
5289,3.9923
5290,3.9921
5291,3.9919
5292,3.9918
5293,3.9916
5294,3.9915
5295,3.9912
5296,3.991
5297,3.9908
5298,3.9907
5299,3.9905
5300,3.9902
5301,3.99
5302,3.9899
5303,3.9897
5304,3.9896
5305,3.9892
5306,3.9891
5307,3.9889
5308,3.9888
5309,3.9885
5310,3.9883
5311,3.9881
5312,3.988
5313,3.9877
5314,3.9875
5315,3.9873
5316,3.987
5317,3.9869
5318,3.9867
5319,3.9865
5320,3.9862
5321,3.9861
5322,3.9859
5323,3.9856
5324,3.9854
5325,3.9853
5326,3.985
5327,3.9848
5328,3.9846
5329,3.9843
5330,3.9842
5331,3.984
5332,3.9837
5333,3.9835
5334,3.9834
5335,3.983
5336,3.9829
5337,3.9826
5338,3.9824
5339,3.9822
5340,3.9819
5341,3.9818
5342,3.9816
5343,3.9813
5344,3.9811
5345,3.981
5346,3.9807
5347,3.9805
5348,3.9802
5349,3.98
5350,3.9797
5351,3.9795
5352,3.9794
5353,3.9791
5354,3.9789
5355,3.9786
5356,3.9784
5357,3.9781
5358,3.978
5359,3.9776
5360,3.9775
5361,3.9772
5362,3.977
5363,3.9767
5364,3.9765
5365,3.9762
5366,3.976
5367,3.9757
5368,3.9756
5369,3.9753
5370,3.9751
5371,3.9748
5372,3.9746
5373,3.9743
5374,3.9741
5375,3.9738
5376,3.9737
5377,3.9733
5378,3.9732
5379,3.9729
5380,3.9726
5381,3.9724
5382,3.9721
5383,3.9719
5384,3.9716
5385,3.9713
5386,3.9711
5387,3.9708
5388,3.9706
5389,3.9703
5390,3.9702
5391,3.9698
5392,3.9695
5393,3.9694
5394,3.9691
5395,3.9687
5396,3.9686
5397,3.9683
5398,3.9679
5399,3.9678
5400,3.9675
5401,3.9673
5402,3.967
5403,3.9667
5404,3.9665
5405,3.9662
5406,3.9659
5407,3.9657
5408,3.9654
5409,3.9651
5410,3.9649
5411,3.9646
5412,3.9643
5413,3.964
5414,3.9638
5415,3.9635
5416,3.9632
5417,3.963
5418,3.9627
5419,3.9624
5420,3.9622
5421,3.9619
5422,3.9616
5423,3.9613
5424,3.9611
5425,3.9608
5426,3.9605
5427,3.9603
5428,3.96
5429,3.9597
5430,3.9594
5431,3.9592
5432,3.9589
5433,3.9586
5434,3.9582
5435,3.9581
5436,3.9578
5437,3.9574
5438,3.9573
5439,3.957
5440,3.9567
5441,3.9563
5442,3.956
5443,3.9559
5444,3.9555
5445,3.9552
5446,3.9549
5447,3.9547
5448,3.9544
5449,3.9541
5450,3.9538
5451,3.9535
5452,3.9533
5453,3.953
5454,3.9527
5455,3.9524
5456,3.9522
5457,3.9519
5458,3.9516
5459,3.9512
5460,3.9509
5461,3.9508
5462,3.9505
5463,3.9501
5464,3.9498
5465,3.9495
5466,3.9493
5467,3.949
5468,3.9487
5469,3.9484
5470,3.9481
5471,3.9479
5472,3.9476
5473,3.9473
5474,3.947
5475,3.9466
5476,3.9465
5477,3.9462
5478,3.9458
5479,3.9455
5480,3.9452
5481,3.945
5482,3.9447
5483,3.9444
5484,3.9441
5485,3.9438
5486,3.9436
5487,3.9433
5488,3.943
5489,3.9427
5490,3.9423
5491,3.9422
5492,3.9419
5493,3.9415
5494,3.9412
5495,3.9411
5496,3.9408
5497,3.9404
5498,3.9401
5499,3.9398
5500,3.9395
5501,3.9393
5502,3.939
5503,3.9387
5504,3.9384
5505,3.9382
5506,3.9379
5507,3.9376
5508,3.9373
5509,3.9369
5510,3.9368
5511,3.9365
5512,3.9361
5513,3.9358
5514,3.9357
5515,3.9353
5516,3.935
5517,3.9347
5518,3.9344
5519,3.9342
5520,3.9339
5521,3.9336
5522,3.9333
5523,3.9331
5524,3.9328
5525,3.9325
5526,3.9322
5527,3.932
5528,3.9317
5529,3.9314
5530,3.9312
5531,3.9309
5532,3.9306
5533,3.9303
5534,3.9301
5535,3.9298
5536,3.9295
5537,3.9291
5538,3.929
5539,3.9287
5540,3.9284
5541,3.928
5542,3.9279
5543,3.9276
5544,3.9272
5545,3.9269
5546,3.9268
5547,3.9264
5548,3.9261
5549,3.926
5550,3.9256
5551,3.9253
5552,3.9252
5553,3.9249
5554,3.9245
5555,3.9244
5556,3.9241
5557,3.9237
5558,3.9236
5559,3.9233
5560,3.9229
5561,3.9226
5562,3.9225
5563,3.9222
5564,3.9218
5565,3.9217
5566,3.9214
5567,3.921
5568,3.9209
5569,3.9206
5570,3.9202
5571,3.9201
5572,3.9198
5573,3.9196
5574,3.9193
5575,3.919
5576,3.9188
5577,3.9185
5578,3.9182
5579,3.918
5580,3.9177
5581,3.9175
5582,3.9172
5583,3.9169
5584,3.9167
5585,3.9164
5586,3.9161
5587,3.916
5588,3.9156
5589,3.9153
5590,3.9152
5591,3.9148
5592,3.9147
5593,3.9144
5594,3.9142
5595,3.9139
5596,3.9136
5597,3.9134
5598,3.9131
5599,3.9129
5600,3.9126
5601,3.9123
5602,3.9121
5603,3.9118
5604,3.9117
5605,3.9113
5606,3.9112
5607,3.9109
5608,3.9107
5609,3.9104
5610,3.9101
5611,3.9099
5612,3.9096
5613,3.9094
5614,3.9091
5615,3.909
5616,3.9086
5617,3.9085
5618,3.9082
5619,3.908
5620,3.9077
5621,3.9074
5622,3.9072
5623,3.9069
5624,3.9067
5625,3.9064
5626,3.9063
5627,3.9059
5628,3.9058
5629,3.9055
5630,3.9053
5631,3.905
5632,3.9048
5633,3.9045
5634,3.9043
5635,3.904
5636,3.9039
5637,3.9035
5638,3.9034
5639,3.9031
5640,3.9029
5641,3.9026
5642,3.9024
5643,3.9021
5644,3.902
5645,3.9016
5646,3.9015
5647,3.9012
5648,3.901
5649,3.9007
5650,3.9005
5651,3.9002
5652,3.9001
5653,3.8997
5654,3.8996
5655,3.8993
5656,3.8991
5657,3.8988
5658,3.8986
5659,3.8985
5660,3.8981
5661,3.898
5662,3.8977
5663,3.8975
5664,3.8972
5665,3.897
5666,3.8967
5667,3.8966
5668,3.8962
5669,3.8961
5670,3.8958
5671,3.8956
5672,3.8953
5673,3.8951
5674,3.895
5675,3.8946
5676,3.8945
5677,3.8942
5678,3.894
5679,3.8937
5680,3.8935
5681,3.8932
5682,3.8931
5683,3.8927
5684,3.8926
5685,3.8924
5686,3.8921
5687,3.8919
5688,3.8916
5689,3.8915
5690,3.8911
5691,3.891
5692,3.8907
5693,3.8905
5694,3.8902
5695,3.89
5696,3.8899
5697,3.8896
5698,3.8894
5699,3.8891
5700,3.8889
5701,3.8886
5702,3.8884
5703,3.8881
5704,3.888
5705,3.8877
5706,3.8875
5707,3.8873
5708,3.887
5709,3.8869
5710,3.8865
5711,3.8864
5712,3.8861
5713,3.8859
5714,3.8856
5715,3.8854
5716,3.8853
5717,3.8849
5718,3.8848
5719,3.8845
5720,3.8843
5721,3.884
5722,3.8838
5723,3.8835
5724,3.8834
5725,3.8832
5726,3.8829
5727,3.8827
5728,3.8824
5729,3.8822
5730,3.8819
5731,3.8818
5732,3.8814
5733,3.8813
5734,3.881
5735,3.8808
5736,3.8807
5737,3.8803
5738,3.8802
5739,3.8799
5740,3.8797
5741,3.8794
5742,3.8792
5743,3.8789
5744,3.8787
5745,3.8784
5746,3.8783
5747,3.878
5748,3.8778
5749,3.8775
5750,3.8773
5751,3.877
5752,3.8768
5753,3.8765
5754,3.8764
5755,3.876
5756,3.8759
5757,3.8757
5758,3.8754
5759,3.8752
5760,3.8749
5761,3.8748
5762,3.8745
5763,3.8743
5764,3.874
5765,3.8738
5766,3.8735
5767,3.8733
5768,3.873
5769,3.8729
5770,3.8725
5771,3.8724
5772,3.8721
5773,3.8719
5774,3.8716
5775,3.8714
5776,3.8711
5777,3.871
5778,3.8706
5779,3.8705
5780,3.8702
5781,3.87
5782,3.8697
5783,3.8695
5784,3.8692
5785,3.869
5786,3.8687
5787,3.8686
5788,3.8683
5789,3.8681
5790,3.8678
5791,3.8675
5792,3.8673
5793,3.867
5794,3.8668
5795,3.8665
5796,3.8663
5797,3.866
5798,3.8659
5799,3.8656
5800,3.8654
5801,3.8651
5802,3.8649
5803,3.8646
5804,3.8644
5805,3.8641
5806,3.8638
5807,3.8636
5808,3.8633
5809,3.8632
5810,3.8628
5811,3.8627
5812,3.8624
5813,3.8622
5814,3.8619
5815,3.8616
5816,3.8614
5817,3.8611
5818,3.8609
5819,3.8606
5820,3.8605
5821,3.8601
5822,3.86
5823,3.8597
5824,3.8593
5825,3.8592
5826,3.8589
5827,3.8587
5828,3.8584
5829,3.8582
5830,3.8579
5831,3.8578
5832,3.8574
5833,3.8571
5834,3.857
5835,3.8566
5836,3.8565
5837,3.8562
5838,3.856
5839,3.8557
5840,3.8554
5841,3.8552
5842,3.8549
5843,3.8547
5844,3.8544
5845,3.8543
5846,3.8539
5847,3.8536
5848,3.8535
5849,3.8531
5850,3.853
5851,3.8527
5852,3.8525
5853,3.8522
5854,3.8519
5855,3.8517
5856,3.8514
5857,3.8512
5858,3.8509
5859,3.8506
5860,3.8504
5861,3.8501
5862,3.85
5863,3.8497
5864,3.8495
5865,3.8492
5866,3.849
5867,3.8487
5868,3.8484
5869,3.8482
5870,3.8479
5871,3.8476
5872,3.8474
5873,3.8471
5874,3.8469
5875,3.8466
5876,3.8465
5877,3.8462
5878,3.8458
5879,3.8457
5880,3.8454
5881,3.8452
5882,3.8449
5883,3.8446
5884,3.8444
5885,3.8441
5886,3.8439
5887,3.8436
5888,3.8435
5889,3.8431
5890,3.8428
5891,3.8427
5892,3.8423
5893,3.8422
5894,3.8419
5895,3.8417
5896,3.8414
5897,3.8411
5898,3.8409
5899,3.8406
5900,3.8404
5901,3.8401
5902,3.84
5903,3.8396
5904,3.8393
5905,3.8392
5906,3.8388
5907,3.8387
5908,3.8384
5909,3.8382
5910,3.8379
5911,3.8376
5912,3.8374
5913,3.8371
5914,3.8369
5915,3.8366
5916,3.8365
5917,3.8361
5918,3.8358
5919,3.8357
5920,3.8353
5921,3.8352
5922,3.8349
5923,3.8347
5924,3.8344
5925,3.8342
5926,3.8339
5927,3.8336
5928,3.8334
5929,3.8331
5930,3.833
5931,3.8326
5932,3.8325
5933,3.8322
5934,3.832
5935,3.8317
5936,3.8315
5937,3.8312
5938,3.8309
5939,3.8307
5940,3.8304
5941,3.8303
5942,3.8299
5943,3.8298
5944,3.8295
5945,3.8293
5946,3.829
5947,3.8288
5948,3.8285
5949,3.8283
5950,3.828
5951,3.8279
5952,3.8276
5953,3.8274
5954,3.8271
5955,3.8269
5956,3.8266
5957,3.8264
5958,3.8261
5959,3.826
5960,3.8256
5961,3.8255
5962,3.8252
5963,3.825
5964,3.8247
5965,3.8245
5966,3.8242
5967,3.8241
5968,3.8237
5969,3.8236
5970,3.8233
5971,3.8231
5972,3.8228
5973,3.8226
5974,3.8223
5975,3.8221
5976,3.8218
5977,3.8217
5978,3.8214
5979,3.8212
5980,3.8209
5981,3.8207
5982,3.8204
5983,3.8202
5984,3.8201
5985,3.8198
5986,3.8196
5987,3.8193
5988,3.8191
5989,3.8188
5990,3.8186
5991,3.8183
5992,3.8182
5993,3.8179
5994,3.8177
5995,3.8174
5996,3.8172
5997,3.8171
5998,3.8167
5999,3.8166
6000,3.8163
6001,3.8161
6002,3.8158
6003,3.8156
6004,3.8153
6005,3.8151
6006,3.815
6007,3.8147
6008,3.8145
6009,3.8142
6010,3.814
6011,3.8139
6012,3.8136
6013,3.8134
6014,3.8131
6015,3.8129
6016,3.8128
6017,3.8124
6018,3.8123
6019,3.812
6020,3.8118
6021,3.8117
6022,3.8113
6023,3.8112
6024,3.8109
6025,3.8107
6026,3.8105
6027,3.8102
6028,3.8101
6029,3.8097
6030,3.8096
6031,3.8094
6032,3.8091
6033,3.8089
6034,3.8086
6035,3.8085
6036,3.8083
6037,3.8082
6038,3.8078
6039,3.8077
6040,3.8074
6041,3.8072
6042,3.807
6043,3.8067
6044,3.8066
6045,3.8064
6046,3.8061
6047,3.8059
6048,3.8056
6049,3.8055
6050,3.8053
6051,3.805
6052,3.8048
6053,3.8047
6054,3.8043
6055,3.8042
6056,3.804
6057,3.8037
6058,3.8035
6059,3.8034
6060,3.8031
6061,3.8029
6062,3.8027
6063,3.8024
6064,3.8023
6065,3.8021
6066,3.8018
6067,3.8016
6068,3.8015
6069,3.8013
6070,3.801
6071,3.8008
6072,3.8007
6073,3.8004
6074,3.8002
6075,3.8
6076,3.7997
6077,3.7996
6078,3.7994
6079,3.7991
6080,3.7989
6081,3.7988
6082,3.7986
6083,3.7983
6084,3.7981
6085,3.798
6086,3.7977
6087,3.7975
6088,3.7973
6089,3.7972
6090,3.7969
6091,3.7967
6092,3.7965
6093,3.7962
6094,3.7961
6095,3.7959
6096,3.7958
6097,3.7954
6098,3.7953
6099,3.7951
6100,3.7948
6101,3.7946
6102,3.7945
6103,3.7943
6104,3.794
6105,3.7938
6106,3.7937
6107,3.7935
6108,3.7932
6109,3.7931
6110,3.7929
6111,3.7927
6112,3.7924
6113,3.7923
6114,3.7921
6115,3.7919
6116,3.7916
6117,3.7915
6118,3.7913
6119,3.7911
6120,3.7908
6121,3.7907
6122,3.7905
6123,3.7903
6124,3.79
6125,3.7899
6126,3.7897
6127,3.7896
6128,3.7894
6129,3.7891
6130,3.7889
6131,3.7888
6132,3.7884
6133,3.7883
6134,3.7881
6135,3.788
6136,3.7878
6137,3.7875
6138,3.7873
6139,3.7872
6140,3.787
6141,3.7867
6142,3.7865
6143,3.7864
6144,3.7862
6145,3.7861
6146,3.7857
6147,3.7856
6148,3.7854
6149,3.7853
6150,3.7849
6151,3.7848
6152,3.7846
6153,3.7845
6154,3.7843
6155,3.784
6156,3.7838
6157,3.7837
6158,3.7835
6159,3.7834
6160,3.783
6161,3.7829
6162,3.7827
6163,3.7826
6164,3.7824
6165,3.7821
6166,3.7819
6167,3.7818
6168,3.7816
6169,3.7814
6170,3.7811
6171,3.781
6172,3.7808
6173,3.7806
6174,3.7805
6175,3.7802
6176,3.78
6177,3.7799
6178,3.7797
6179,3.7795
6180,3.7794
6181,3.7791
6182,3.7789
6183,3.7787
6184,3.7786
6185,3.7784
6186,3.7781
6187,3.7779
6188,3.7778
6189,3.7776
6190,3.7775
6191,3.7773
6192,3.777
6193,3.7768
6194,3.7767
6195,3.7765
6196,3.7764
6197,3.7762
6198,3.7759
6199,3.7757
6200,3.7756
6201,3.7754
6202,3.7752
6203,3.7751
6204,3.7748
6205,3.7746
6206,3.7744
6207,3.7743
6208,3.7741
6209,3.774
6210,3.7737
6211,3.7735
6212,3.7733
6213,3.7732
6214,3.773
6215,3.7729
6216,3.7727
6217,3.7724
6218,3.7722
6219,3.7721
6220,3.7719
6221,3.7717
6222,3.7716
6223,3.7713
6224,3.7711
6225,3.771
6226,3.7708
6227,3.7706
6228,3.7705
6229,3.7703
6230,3.7702
6231,3.7698
6232,3.7697
6233,3.7695
6234,3.7694
6235,3.7692
6236,3.769
6237,3.7689
6238,3.7686
6239,3.7684
6240,3.7682
6241,3.7681
6242,3.7679
6243,3.7678
6244,3.7676
6245,3.7673
6246,3.7671
6247,3.767
6248,3.7668
6249,3.7667
6250,3.7665
6251,3.7663
6252,3.766
6253,3.7659
6254,3.7657
6255,3.7655
6256,3.7654
6257,3.7652
6258,3.7651
6259,3.7649
6260,3.7646
6261,3.7644
6262,3.7643
6263,3.7641
6264,3.764
6265,3.7638
6266,3.7636
6267,3.7635
6268,3.7633
6269,3.763
6270,3.7628
6271,3.7627
6272,3.7625
6273,3.7624
6274,3.7622
6275,3.762
6276,3.7619
6277,3.7616
6278,3.7614
6279,3.7613
6280,3.7611
6281,3.7609
6282,3.7608
6283,3.7606
6284,3.7605
6285,3.7603
6286,3.76
6287,3.7598
6288,3.7597
6289,3.7595
6290,3.7593
6291,3.7592
6292,3.759
6293,3.7589
6294,3.7585
6295,3.7584
6296,3.7582
6297,3.7581
6298,3.7579
6299,3.7578
6300,3.7576
6301,3.7574
6302,3.7573
6303,3.757
6304,3.7568
6305,3.7566
6306,3.7565
6307,3.7563
6308,3.7562
6309,3.756
6310,3.7558
6311,3.7557
6312,3.7555
6313,3.7552
6314,3.7551
6315,3.7549
6316,3.7547
6317,3.7546
6318,3.7544
6319,3.7543
6320,3.7541
6321,3.7539
6322,3.7538
6323,3.7535
6324,3.7533
6325,3.7531
6326,3.753
6327,3.7528
6328,3.7527
6329,3.7525
6330,3.7523
6331,3.752
6332,3.7519
6333,3.7517
6334,3.7516
6335,3.7514
6336,3.7512
6337,3.7511
6338,3.7509
6339,3.7508
6340,3.7506
6341,3.7503
6342,3.7501
6343,3.75
6344,3.7498
6345,3.7496
6346,3.7495
6347,3.7493
6348,3.7492
6349,3.749
6350,3.7489
6351,3.7485
6352,3.7484
6353,3.7482
6354,3.7481
6355,3.7479
6356,3.7477
6357,3.7476
6358,3.7474
6359,3.7473
6360,3.7471
6361,3.7468
6362,3.7466
6363,3.7465
6364,3.7463
6365,3.7461
6366,3.746
6367,3.7458
6368,3.7457
6369,3.7455
6370,3.7454
6371,3.745
6372,3.7449
6373,3.7447
6374,3.7446
6375,3.7444
6376,3.7442
6377,3.7441
6378,3.7439
6379,3.7438
6380,3.7436
6381,3.7433
6382,3.7431
6383,3.743
6384,3.7428
6385,3.7427
6386,3.7425
6387,3.7423
6388,3.7422
6389,3.742
6390,3.7419
6391,3.7417
6392,3.7414
6393,3.7412
6394,3.7411
6395,3.7409
6396,3.7407
6397,3.7406
6398,3.7404
6399,3.7403
6400,3.7399
6401,3.7398
6402,3.7396
6403,3.7395
6404,3.7393
6405,3.7392
6406,3.739
6407,3.7388
6408,3.7387
6409,3.7385
6410,3.7382
6411,3.738
6412,3.7379
6413,3.7377
6414,3.7376
6415,3.7374
6416,3.7372
6417,3.7371
6418,3.7369
6419,3.7368
6420,3.7364
6421,3.7363
6422,3.7361
6423,3.736
6424,3.7358
6425,3.7357
6426,3.7355
6427,3.7353
6428,3.7352
6429,3.7349
6430,3.7347
6431,3.7345
6432,3.7344
6433,3.7342
6434,3.7341
6435,3.7339
6436,3.7337
6437,3.7336
6438,3.7333
6439,3.7331
6440,3.733
6441,3.7328
6442,3.7326
6443,3.7325
6444,3.7323
6445,3.7322
6446,3.732
6447,3.7318
6448,3.7317
6449,3.7314
6450,3.7312
6451,3.731
6452,3.7309
6453,3.7307
6454,3.7306
6455,3.7304
6456,3.7302
6457,3.7301
6458,3.7298
6459,3.7296
6460,3.7295
6461,3.7293
6462,3.7291
6463,3.729
6464,3.7288
6465,3.7287
6466,3.7283
6467,3.7282
6468,3.728
6469,3.7279
6470,3.7277
6471,3.7275
6472,3.7274
6473,3.7272
6474,3.7271
6475,3.7268
6476,3.7266
6477,3.7264
6478,3.7263
6479,3.7261
6480,3.726
6481,3.7258
6482,3.7256
6483,3.7255
6484,3.7252
6485,3.725
6486,3.7248
6487,3.7247
6488,3.7245
6489,3.7244
6490,3.7242
6491,3.724
6492,3.7237
6493,3.7236
6494,3.7234
6495,3.7233
6496,3.7231
6497,3.7229
6498,3.7228
6499,3.7226
6500,3.7225
6501,3.7223
6502,3.722
6503,3.7218
6504,3.7217
6505,3.7215
6506,3.7213
6507,3.7212
6508,3.721
6509,3.7209
6510,3.7206
6511,3.7204
6512,3.7202
6513,3.7201
6514,3.7199
6515,3.7198
6516,3.7196
6517,3.7193
6518,3.7191
6519,3.719
6520,3.7188
6521,3.7186
6522,3.7185
6523,3.7183
6524,3.7182
6525,3.7178
6526,3.7177
6527,3.7175
6528,3.7174
6529,3.7172
6530,3.7171
6531,3.7169
6532,3.7167
6533,3.7164
6534,3.7163
6535,3.7161
6536,3.7159
6537,3.7158
6538,3.7156
6539,3.7155
6540,3.7153
6541,3.715
6542,3.7148
6543,3.7147
6544,3.7145
6545,3.7143
6546,3.7142
6547,3.714
6548,3.7137
6549,3.7136
6550,3.7134
6551,3.7132
6552,3.7131
6553,3.7129
6554,3.7128
6555,3.7126
6556,3.7123
6557,3.7121
6558,3.712
6559,3.7118
6560,3.7116
6561,3.7115
6562,3.7113
6563,3.711
6564,3.7109
6565,3.7107
6566,3.7105
6567,3.7104
6568,3.7102
6569,3.7101
6570,3.7097
6571,3.7096
6572,3.7094
6573,3.7093
6574,3.7091
6575,3.7089
6576,3.7088
6577,3.7085
6578,3.7083
6579,3.7081
6580,3.708
6581,3.7078
6582,3.7077
6583,3.7075
6584,3.7072
6585,3.707
6586,3.7069
6587,3.7067
6588,3.7066
6589,3.7064
6590,3.7062
6591,3.7059
6592,3.7058
6593,3.7056
6594,3.7054
6595,3.7053
6596,3.7051
6597,3.7048
6598,3.7047
6599,3.7045
6600,3.7043
6601,3.7042
6602,3.704
6603,3.7039
6604,3.7035
6605,3.7034
6606,3.7032
6607,3.7031
6608,3.7029
6609,3.7027
6610,3.7026
6611,3.7023
6612,3.7021
6613,3.7019
6614,3.7018
6615,3.7016
6616,3.7015
6617,3.7012
6618,3.701
6619,3.7008
6620,3.7007
6621,3.7005
6622,3.7004
6623,3.7002
6624,3.6999
6625,3.6997
6626,3.6996
6627,3.6994
6628,3.6992
6629,3.6991
6630,3.6988
6631,3.6986
6632,3.6985
6633,3.6983
6634,3.6981
6635,3.698
6636,3.6977
6637,3.6975
6638,3.6973
6639,3.6972
6640,3.697
6641,3.6969
6642,3.6965
6643,3.6964
6644,3.6962
6645,3.6961
6646,3.6959
6647,3.6957
6648,3.6954
6649,3.6953
6650,3.6951
6651,3.695
6652,3.6948
6653,3.6946
6654,3.6943
6655,3.6942
6656,3.694
6657,3.6938
6658,3.6937
6659,3.6935
6660,3.6932
6661,3.693
6662,3.6929
6663,3.6927
6664,3.6926
6665,3.6924
6666,3.6921
6667,3.6919
6668,3.6918
6669,3.6916
6670,3.6915
6671,3.6913
6672,3.691
6673,3.6908
6674,3.6907
6675,3.6905
6676,3.6903
6677,3.69
6678,3.6899
6679,3.6897
6680,3.6895
6681,3.6894
6682,3.6892
6683,3.6889
6684,3.6888
6685,3.6886
6686,3.6884
6687,3.6883
6688,3.6881
6689,3.6878
6690,3.6876
6691,3.6875
6692,3.6873
6693,3.6872
6694,3.687
6695,3.6867
6696,3.6865
6697,3.6864
6698,3.6862
6699,3.686
6700,3.6859
6701,3.6856
6702,3.6854
6703,3.6853
6704,3.6851
6705,3.6849
6706,3.6848
6707,3.6845
6708,3.6843
6709,3.6841
6710,3.684
6711,3.6838
6712,3.6835
6713,3.6833
6714,3.6832
6715,3.683
6716,3.6829
6717,3.6827
6718,3.6824
6719,3.6822
6720,3.6821
6721,3.6819
6722,3.6818
6723,3.6816
6724,3.6813
6725,3.6811
6726,3.681
6727,3.6808
6728,3.6806
6729,3.6805
6730,3.6802
6731,3.68
6732,3.6798
6733,3.6797
6734,3.6795
6735,3.6792
6736,3.6791
6737,3.6789
6738,3.6787
6739,3.6786
6740,3.6784
6741,3.6781
6742,3.6779
6743,3.6778
6744,3.6776
6745,3.6775
6746,3.6773
6747,3.677
6748,3.6768
6749,3.6767
6750,3.6765
6751,3.6764
6752,3.6762
6753,3.6759
6754,3.6757
6755,3.6756
6756,3.6754
6757,3.6752
6758,3.6751
6759,3.6748
6760,3.6746
6761,3.6744
6762,3.6743
6763,3.6741
6764,3.674
6765,3.6736
6766,3.6735
6767,3.6733
6768,3.6732
6769,3.673
6770,3.6729
6771,3.6725
6772,3.6724
6773,3.6722
6774,3.6721
6775,3.6719
6776,3.6717
6777,3.6714
6778,3.6713
6779,3.6711
6780,3.6709
6781,3.6708
6782,3.6706
6783,3.6703
6784,3.6701
6785,3.67
6786,3.6698
6787,3.6697
6788,3.6695
6789,3.6694
6790,3.669
6791,3.6689
6792,3.6687
6793,3.6686
6794,3.6684
6795,3.6681
6796,3.6679
6797,3.6678
6798,3.6676
6799,3.6674
6800,3.6673
6801,3.6671
6802,3.6668
6803,3.6667
6804,3.6665
6805,3.6663
6806,3.6662
6807,3.666
6808,3.6659
6809,3.6655
6810,3.6654
6811,3.6652
6812,3.6651
6813,3.6649
6814,3.6646
6815,3.6644
6816,3.6643
6817,3.6641
6818,3.6639
6819,3.6638
6820,3.6636
6821,3.6633
6822,3.6632
6823,3.663
6824,3.6628
6825,3.6627
6826,3.6625
6827,3.6624
6828,3.662
6829,3.6619
6830,3.6617
6831,3.6616
6832,3.6614
6833,3.6612
6834,3.6611
6835,3.6609
6836,3.6606
6837,3.6605
6838,3.6603
6839,3.6601
6840,3.66
6841,3.6598
6842,3.6595
6843,3.6593
6844,3.6592
6845,3.659
6846,3.6589
6847,3.6587
6848,3.6585
6849,3.6582
6850,3.6581
6851,3.6579
6852,3.6577
6853,3.6576
6854,3.6574
6855,3.6573
6856,3.6571
6857,3.6568
6858,3.6566
6859,3.6565
6860,3.6563
6861,3.6562
6862,3.656
6863,3.6558
6864,3.6557
6865,3.6554
6866,3.6552
6867,3.655
6868,3.6549
6869,3.6547
6870,3.6546
6871,3.6544
6872,3.6543
6873,3.6539
6874,3.6538
6875,3.6536
6876,3.6535
6877,3.6533
6878,3.6531
6879,3.653
6880,3.6527
6881,3.6525
6882,3.6523
6883,3.6522
6884,3.652
6885,3.6519
6886,3.6517
6887,3.6515
6888,3.6512
6889,3.6511
6890,3.6509
6891,3.6508
6892,3.6506
6893,3.6504
6894,3.6503
6895,3.6501
6896,3.65
6897,3.6496
6898,3.6495
6899,3.6493
6900,3.6492
6901,3.649
6902,3.6488
6903,3.6487
6904,3.6485
6905,3.6482
6906,3.648
6907,3.6479
6908,3.6477
6909,3.6476
6910,3.6474
6911,3.6473
6912,3.6469
6913,3.6468
6914,3.6466
6915,3.6465
6916,3.6463
6917,3.6461
6918,3.646
6919,3.6458
6920,3.6457
6921,3.6453
6922,3.6452
6923,3.645
6924,3.6449
6925,3.6447
6926,3.6446
6927,3.6444
6928,3.6442
6929,3.6439
6930,3.6438
6931,3.6436
6932,3.6434
6933,3.6433
6934,3.6431
6935,3.643
6936,3.6426
6937,3.6425
6938,3.6423
6939,3.6422
6940,3.642
6941,3.6418
6942,3.6417
6943,3.6415
6944,3.6412
6945,3.6411
6946,3.6409
6947,3.6407
6948,3.6406
6949,3.6404
6950,3.6401
6951,3.6399
6952,3.6398
6953,3.6396
6954,3.6395
6955,3.6393
6956,3.6391
6957,3.6388
6958,3.6387
6959,3.6385
6960,3.6384
6961,3.6382
6962,3.638
6963,3.6377
6964,3.6376
6965,3.6374
6966,3.6372
6967,3.6371
6968,3.6368
6969,3.6366
6970,3.6364
6971,3.6363
6972,3.6361
6973,3.636
6974,3.6356
6975,3.6355
6976,3.6353
6977,3.6352
6978,3.635
6979,3.6347
6980,3.6345
6981,3.6344
6982,3.6342
6983,3.6341
6984,3.6337
6985,3.6336
6986,3.6334
6987,3.6333
6988,3.6331
6989,3.6328
6990,3.6326
6991,3.6325
6992,3.6323
6993,3.6322
6994,3.6318
6995,3.6317
6996,3.6315
6997,3.6314
6998,3.6312
6999,3.6309
7000,3.6307
7001,3.6306
7002,3.6302
7003,3.6301
7004,3.6299
7005,3.6298
7006,3.6296
7007,3.6293
7008,3.6291
7009,3.629
7010,3.6287
7011,3.6285
7012,3.6283
7013,3.6282
7014,3.6279
7015,3.6277
7016,3.6275
7017,3.6274
7018,3.6271
7019,3.6269
7020,3.6267
7021,3.6264
7022,3.6263
7023,3.6261
7024,3.626
7025,3.6256
7026,3.6255
7027,3.6253
7028,3.625
7029,3.6248
7030,3.6247
7031,3.6244
7032,3.6242
7033,3.624
7034,3.6237
7035,3.6236
7036,3.6234
7037,3.6231
7038,3.6229
7039,3.6228
7040,3.6225
7041,3.6223
7042,3.6221
7043,3.6218
7044,3.6217
7045,3.6213
7046,3.6212
7047,3.621
7048,3.6207
7049,3.6205
7050,3.6202
7051,3.6201
7052,3.6199
7053,3.6196
7054,3.6194
7055,3.6191
7056,3.619
7057,3.6186
7058,3.6185
7059,3.6183
7060,3.618
7061,3.6178
7062,3.6175
7063,3.6174
7064,3.617
7065,3.6169
7066,3.6166
7067,3.6164
7068,3.6161
7069,3.6159
7070,3.6156
7071,3.6155
7072,3.6151
7073,3.615
7074,3.6147
7075,3.6145
7076,3.6142
7077,3.614
7078,3.6137
7079,3.6135
7080,3.6132
7081,3.6129
7082,3.6128
7083,3.6124
7084,3.6123
7085,3.612
7086,3.6116
7087,3.6115
7088,3.6112
7089,3.611
7090,3.6107
7091,3.6104
7092,3.6102
7093,3.6099
7094,3.6096
7095,3.6094
7096,3.6091
7097,3.6088
7098,3.6086
7099,3.6083
7100,3.608
7101,3.6078
7102,3.6075
7103,3.6072
7104,3.6069
7105,3.6067
7106,3.6064
7107,3.6061
7108,3.6058
7109,3.6056
7110,3.6053
7111,3.605
7112,3.6046
7113,3.6043
7114,3.6042
7115,3.6039
7116,3.6035
7117,3.6032
7118,3.6029
7119,3.6026
7120,3.6023
7121,3.6021
7122,3.6018
7123,3.6015
7124,3.6011
7125,3.6008
7126,3.6005
7127,3.6002
7128,3.5999
7129,3.5996
7130,3.5992
7131,3.5989
7132,3.5986
7133,3.5983
7134,3.598
7135,3.5976
7136,3.5973
7137,3.597
7138,3.5967
7139,3.5964
7140,3.5961
7141,3.5957
7142,3.5954
7143,3.5949
7144,3.5946
7145,3.5943
7146,3.594
7147,3.5937
7148,3.5932
7149,3.5929
7150,3.5926
7151,3.5922
7152,3.5919
7153,3.5914
7154,3.5911
7155,3.5908
7156,3.5905
7157,3.59
7158,3.5897
7159,3.5894
7160,3.5889
7161,3.5886
7162,3.5883
7163,3.5878
7164,3.5875
7165,3.587
7166,3.5867
7167,3.5864
7168,3.5859
7169,3.5856
7170,3.5851
7171,3.5848
7172,3.5843
7173,3.584
7174,3.5835
7175,3.5832
7176,3.5827
7177,3.5822
7178,3.5819
7179,3.5814
7180,3.581
7181,3.5806
7182,3.5802
7183,3.5797
7184,3.5794
7185,3.5789
7186,3.5784
7187,3.5779
7188,3.5776
7189,3.5771
7190,3.5767
7191,3.5762
7192,3.5759
7193,3.5754
7194,3.5749
7195,3.5744
7196,3.574
7197,3.5735
7198,3.573
7199,3.5725
7200,3.5721
7201,3.5716
7202,3.5711
7203,3.5706
7204,3.5701
7205,3.5697
7206,3.5692
7207,3.5687
7208,3.5682
7209,3.5676
7210,3.5671
7211,3.5666
7212,3.5662
7213,3.5657
7214,3.5651
7215,3.5646
7216,3.5641
7217,3.5636
7218,3.563
7219,3.5625
7220,3.562
7221,3.5614
7222,3.5609
7223,3.5603
7224,3.5598
7225,3.5593
7226,3.5587
7227,3.5582
7228,3.5576
7229,3.5571
7230,3.5565
7231,3.556
7232,3.5554
7233,3.5547
7234,3.5542
7235,3.5536
7236,3.553
7237,3.5525
7238,3.5519
7239,3.5512
7240,3.5507
7241,3.5501
7242,3.5495
7243,3.5488
7244,3.5484
7245,3.5477
7246,3.5471
7247,3.5465
7248,3.5458
7249,3.5452
7250,3.5445
7251,3.5439
7252,3.5433
7253,3.5428
7254,3.5422
7255,3.5415
7256,3.5409
7257,3.5401
7258,3.5395
7259,3.5388
7260,3.5382
7261,3.5376
7262,3.5369
7263,3.5363
7264,3.5356
7265,3.535
7266,3.5344
7267,3.5336
7268,3.5329
7269,3.5323
7270,3.5317
7271,3.5309
7272,3.5302
7273,3.5296
7274,3.529
7275,3.5282
7276,3.5275
7277,3.5269
7278,3.5261
7279,3.5255
7280,3.5248
7281,3.524
7282,3.5234
7283,3.5226
7284,3.522
7285,3.5212
7286,3.5205
7287,3.5197
7288,3.5191
7289,3.5183
7290,3.5177
7291,3.5169
7292,3.5161
7293,3.5155
7294,3.5147
7295,3.5139
7296,3.5132
7297,3.5124
7298,3.5116
7299,3.5108
7300,3.51
7301,3.5093
7302,3.5086
7303,3.5078
7304,3.507
7305,3.5062
7306,3.5054
7307,3.5045
7308,3.5037
7309,3.5029
7310,3.5021
7311,3.5013
7312,3.5003
7313,3.4996
7314,3.4988
7315,3.4978
7316,3.497
7317,3.4961
7318,3.4953
7319,3.4943
7320,3.4934
7321,3.4924
7322,3.4916
7323,3.4906
7324,3.4897
7325,3.4887
7326,3.4878
7327,3.4868
7328,3.4857
7329,3.4848
7330,3.4838
7331,3.4827
7332,3.4817
7333,3.4806
7334,3.4797
7335,3.4786
7336,3.4775
7337,3.4765
7338,3.4754
7339,3.4743
7340,3.4732
7341,3.4719
7342,3.4708
7343,3.4697
7344,3.4685
7345,3.4673
7346,3.4662
7347,3.4649
7348,3.4636
7349,3.4623
7350,3.4611
7351,3.4598
7352,3.4585
7353,3.4573
7354,3.456
7355,3.4546
7356,3.4533
7357,3.4519
7358,3.4504
7359,3.4492
7360,3.4477
7361,3.4463
7362,3.4449
7363,3.4434
7364,3.4418
7365,3.4404
7366,3.4388
7367,3.4374
7368,3.4358
7369,3.4342
7370,3.4326
7371,3.431
7372,3.4294
7373,3.4278
7374,3.4261
7375,3.4245
7376,3.4228
7377,3.421
7378,3.4194
7379,3.4177
7380,3.4159
7381,3.4142
7382,3.4123
7383,3.4105
7384,3.4086
7385,3.4069
7386,3.405
7387,3.403
7388,3.4011
7389,3.3992
7390,3.3973
7391,3.3954
7392,3.3933
7393,3.3914
7394,3.3894
7395,3.3873
7396,3.3852
7397,3.3833
7398,3.3813
7399,3.379
7400,3.377
7401,3.3747
7402,3.3727
7403,3.3705
7404,3.3682
7405,3.366
7406,3.3638
7407,3.3615
7408,3.3593
7409,3.3569
7410,3.3547
7411,3.3523
7412,3.3499
7413,3.3476
7414,3.3452
7415,3.3428
7416,3.3402
7417,3.3379
7418,3.3353
7419,3.3328
7420,3.3304
7421,3.3277
7422,3.3251
7423,3.3226
7424,3.3199
7425,3.3173
7426,3.3146
7427,3.3119
7428,3.3092
7429,3.3065
7430,3.3038
7431,3.3009
7432,3.2981
7433,3.2954
7434,3.2925
7435,3.2897
7436,3.2866
7437,3.2838
7438,3.2808
7439,3.2779
7440,3.2749
7441,3.2719
7442,3.2688
7443,3.2658
7444,3.2626
7445,3.2595
7446,3.2563
7447,3.2531
7448,3.2499
7449,3.2466
7450,3.2434
7451,3.2401
7452,3.2367
7453,3.2334
7454,3.2301
7455,3.2266
7456,3.2231
7457,3.2196
7458,3.2161
7459,3.2126
7460,3.2091
7461,3.2054
7462,3.2018
7463,3.1981
7464,3.1943
7465,3.1906
7466,3.1868
7467,3.183
7468,3.1792
7469,3.1754
7470,3.1714
7471,3.1674
7472,3.1635
7473,3.1595
7474,3.1553
7475,3.1512
7476,3.1471
7477,3.1429
7478,3.1388
7479,3.1345
7480,3.1302
7481,3.1258
7482,3.1215
7483,3.117
7484,3.1126
7485,3.1081
7486,3.1035
7487,3.0989
7488,3.0943
7489,3.0897
7490,3.0849
7491,3.0802
7492,3.0752
7493,3.0705
7494,3.0655
7495,3.0606
7496,3.0555
7497,3.0504
7498,3.0454
7499,3.0401
7500,3.035
7501,3.0296
7502,3.0244
7503,3.019
7504,3.0136
7505,3.008
7506,3.0024
7507,2.9969
7508,2.9911
7509,2.9854
7510,2.9797
7511,2.9738
7512,2.9679
7513,2.9619
7514,2.9559
7515,2.9497
7516,2.9435
7517,2.9373
7518,2.9309
7519,2.9245
7520,2.918
7521,2.9115
7522,2.9048
7523,2.8982
7524,2.8913
7525,2.8845
7526,2.8775
7527,2.8705
7528,2.8634
7529,2.856
7530,2.8487
7531,2.8414
7532,2.8338
7533,2.8262
7534,2.8185
7535,2.8107
7536,2.8028
7537,2.7948
7538,2.7867
7539,2.7785
7540,2.77
7541,2.7616
7542,2.7532
7543,2.7445
7544,2.7357
7545,2.7268
7546,2.7178
7547,2.7087
7548,2.6995
7549,2.6901
7550,2.6806
7551,2.671
7552,2.6613
7553,2.6516
7554,2.6418
7555,2.6318
7556,2.6217
7557,2.6114
7558,2.6011
7559,2.5907
7560,2.5803
7561,2.5696
7562,2.5588
7563,2.548
7564,2.537
7565,2.5259
7566,2.5148
7567,2.5035
7568,2.5
7569,2.5145
7570,2.6187
7571,2.7189
7572,2.8209
7573,2.9136
7574,3.015
7575,3.1002
7576,3.2008
7577,3.2119
7578,3.2895
7579,3.346
7580,3.3868
7581,3.4158
7582,3.4355
7583,3.4488
7584,3.4579
7585,3.4644
7586,3.4692
7587,3.473
7588,3.476
7589,3.4784
7590,3.4806
7591,3.4825
7592,3.4841
7593,3.4856
7594,3.4868
7595,3.4881
7596,3.4892
7597,3.4902
7598,3.4911
7599,3.4919
7600,3.4927
7601,3.4935
7602,3.4943
7603,3.4949
7604,3.4956
7605,3.4962
7606,3.4968
7607,3.4973
7608,3.4978
7609,3.4984
7610,3.4989
7611,3.4994
7612,3.4997
7613,3.5002
7614,3.5007
7615,3.501
7616,3.5015
7617,3.5018
7618,3.5021
7619,3.5026
7620,3.5029
7621,3.5032
7622,3.5035
7623,3.5038
7624,3.5042
7625,3.5043
7626,3.5046
7627,3.505
7628,3.5053
7629,3.5056
7630,3.5058
7631,3.5061
7632,3.5064
7633,3.5065
7634,3.5069
7635,3.507
7636,3.5072
7637,3.5075
7638,3.5077
7639,3.508
7640,3.5081
7641,3.5083
7642,3.5086
7643,3.5088
7644,3.5089
7645,3.5093
7646,3.5094
7647,3.5096
7648,3.5097
7649,3.5099
7650,3.51
7651,3.5102
7652,3.5104
7653,3.5107
7654,3.5108
7655,3.511
7656,3.5112
7657,3.5113
7658,3.5115
7659,3.5116
7660,3.5118
7661,3.512
7662,3.5121
7663,3.5123
7664,3.5123
7665,3.5124
7666,3.5126
7667,3.5127
7668,3.5129
7669,3.5131
7670,3.5132
7671,3.5134
7672,3.5134
7673,3.5135
7674,3.5137
7675,3.5139
7676,3.514
7677,3.514
7678,3.5142
7679,3.5143
7680,3.5145
7681,3.5145
7682,3.5147
7683,3.5148
7684,3.5148
7685,3.515
7686,3.5151
7687,3.5153
7688,3.5153
7689,3.5155
7690,3.5156
7691,3.5156
7692,3.5158
7693,3.5159
7694,3.5159
7695,3.5161
7696,3.5161
7697,3.5162
7698,3.5164
7699,3.5164
7700,3.5166
7701,3.5167
7702,3.5167
7703,3.5169
7704,3.5169
7705,3.517
7706,3.517
7707,3.5172
7708,3.5174
7709,3.5174
7710,3.5175
7711,3.5175
7712,3.5177
7713,3.5177
7714,3.5178
7715,3.5178
7716,3.518
7717,3.518
7718,3.5182
7719,3.5182
7720,3.5183
7721,3.5183
7722,3.5185
7723,3.5185
7724,3.5186
7725,3.5186
7726,3.5188
7727,3.5188
7728,3.5189
7729,3.5189
7730,3.5191
7731,3.5191
7732,3.5191
7733,3.5193
7734,3.5193
7735,3.5194
7736,3.5194
7737,3.5196
7738,3.5196
7739,3.5197
7740,3.5197
7741,3.5197
7742,3.5199
7743,3.5199
7744,3.5201
7745,3.5201
7746,3.5201
7747,3.5202
7748,3.5202
7749,3.5204
7750,3.5204
7751,3.5204
7752,3.5205
7753,3.5205
7754,3.5207
7755,3.5357
7756,3.5727
7757,3.5766
7758,3.5786
7759,3.5804
7760,3.5816
7761,3.5826
7762,3.5835
7763,3.5845
7764,3.5851
7765,3.5859
7766,3.5866
7767,3.5872
7768,3.5878
7769,3.5883
7770,3.5888
7771,3.5894
7772,3.5899
7773,3.5904
7774,3.5909
7775,3.5912
7776,3.5916
7777,3.5921
7778,3.5924
7779,3.5929
7780,3.5932
7781,3.5937
7782,3.594
7783,3.5945
7784,3.5948
7785,3.5951
7786,3.5955
7787,3.5959
7788,3.5963
7789,3.5966
7790,3.5969
7791,3.5972
7792,3.5975
7793,3.5978
7794,3.5982
7795,3.5985
7796,3.5988
7797,3.5991
7798,3.5994
7799,3.5996
7800,3.5999
7801,3.6002
7802,3.6005
7803,3.6009
7804,3.601
7805,3.6013
7806,3.6017
7807,3.6018
7808,3.6021
7809,3.6024
7810,3.6026
7811,3.6029
7812,3.6032
7813,3.6034
7814,3.6037
7815,3.6039
7816,3.6042
7817,3.6044
7818,3.6047
7819,3.605
7820,3.6051
7821,3.6053
7822,3.6056
7823,3.6058
7824,3.6061
7825,3.6063
7826,3.6066
7827,3.6067
7828,3.6069
7829,3.6072
7830,3.6074
7831,3.6075
7832,3.6078
7833,3.608
7834,3.6082
7835,3.6085
7836,3.6086
7837,3.6088
7838,3.6091
7839,3.6093
7840,3.6094
7841,3.6096
7842,3.6099
7843,3.6101
7844,3.6102
7845,3.6104
7846,3.6107
7847,3.6109
7848,3.611
7849,3.6112
7850,3.6115
7851,3.6117
7852,3.6118
7853,3.612
7854,3.6121
7855,3.6123
7856,3.6125
7857,3.6128
7858,3.6129
7859,3.6131
7860,3.6132
7861,3.6134
7862,3.6136
7863,3.6137
7864,3.6139
7865,3.614
7866,3.6142
7867,3.6145
7868,3.6147
7869,3.6148
7870,3.615
7871,3.6152
7872,3.6153
7873,3.6155
7874,3.6156
7875,3.6158
7876,3.6159
7877,3.6161
7878,3.6163
7879,3.6164
7880,3.6166
7881,3.6167
7882,3.6169
7883,3.6171
7884,3.6172
7885,3.6174
7886,3.6175
7887,3.6177
7888,3.6179
7889,3.618
7890,3.6182
7891,3.6183
7892,3.6185
7893,3.6186
7894,3.6188
7895,3.619
7896,3.6191
7897,3.6191
7898,3.6193
7899,3.6194
7900,3.6196
7901,3.6198
7902,3.6199
7903,3.6201
7904,3.6202
7905,3.6204
7906,3.6206
7907,3.6207
7908,3.6209
7909,3.621
7910,3.621
7911,3.6212
7912,3.6213
7913,3.6215
7914,3.6217
7915,3.6218
7916,3.622
7917,3.6221
7918,3.6221
7919,3.6223
7920,3.6225
7921,3.6226
7922,3.6228
7923,3.6229
7924,3.6231
7925,3.6233
7926,3.6234
7927,3.6234
7928,3.6236
7929,3.6237
7930,3.6239
7931,3.6241
7932,3.6242
7933,3.6242
7934,3.6244
7935,3.6245
7936,3.6247
7937,3.6248
7938,3.625
7939,3.6252
7940,3.6252
7941,3.6253
7942,3.6255
7943,3.6256
7944,3.6258
7945,3.626
7946,3.626
7947,3.6261
7948,3.6263
7949,3.6264
7950,3.6266
7951,3.6268
7952,3.6268
7953,3.6269
7954,3.6271
7955,3.6272
7956,3.6274
7957,3.6275
7958,3.6275
7959,3.6277
7960,3.6279
7961,3.628
7962,3.6282
7963,3.6282
7964,3.6283
7965,3.6285
7966,3.6287
7967,3.6288
7968,3.629
7969,3.629
7970,3.6291
7971,3.6293
7972,3.6295
7973,3.6296
7974,3.6296
7975,3.6298
7976,3.6299
7977,3.6301
7978,3.6302
7979,3.6302
7980,3.6304
7981,3.6306
7982,3.6307
7983,3.6307
7984,3.6309
7985,3.631
7986,3.6312
7987,3.6314
7988,3.6315
7989,3.6315
7990,3.6317
7991,3.6318
7992,3.632
7993,3.6322
7994,3.6322
7995,3.6323
7996,3.6325
7997,3.6326
7998,3.6326
7999,3.6328
8000,3.6329
8001,3.6331
8002,3.6331
8003,3.6333
8004,3.6334
8005,3.6336
8006,3.6337
8007,3.6339
8008,3.6339
8009,3.6341
8010,3.6342
8011,3.6344
8012,3.6344
8013,3.6345
8014,3.6347
8015,3.6349
8016,3.635
8017,3.635
8018,3.6352
8019,3.6353
8020,3.6355
8021,3.6355
8022,3.6356
8023,3.6358
8024,3.636
8025,3.636
8026,3.6361
8027,3.6363
8028,3.6364
8029,3.6366
8030,3.6366
8031,3.6368
8032,3.6369
8033,3.6371
8034,3.6371
8035,3.6372
8036,3.6374
8037,3.6376
8038,3.6377
8039,3.6377
8040,3.6379
8041,3.638
8042,3.6382
8043,3.6382
8044,3.6383
8045,3.6385
8046,3.6387
8047,3.6387
8048,3.6388
8049,3.639
8050,3.6391
8051,3.6393
8052,3.6393
8053,3.6395
8054,3.6396
8055,3.6398
8056,3.6398
8057,3.6399
8058,3.6401
8059,3.6403
8060,3.6404
8061,3.6404
8062,3.6406
8063,3.6407
8064,3.6409
8065,3.6409
8066,3.641
8067,3.6412
8068,3.6414
8069,3.6415
8070,3.6415
8071,3.6417
8072,3.6418
8073,3.6418
8074,3.642
8075,3.6422
8076,3.6423
8077,3.6425
8078,3.6425
8079,3.6426
8080,3.6428
8081,3.643
8082,3.643
8083,3.6431
8084,3.6433
8085,3.6434
8086,3.6434
8087,3.6436
8088,3.6437
8089,3.6439
8090,3.6439
8091,3.6441
8092,3.6442
8093,3.6444
8094,3.6445
8095,3.6445
8096,3.6447
8097,3.6449
8098,3.6449
8099,3.645
8100,3.6452
8101,3.6453
8102,3.6453
8103,3.6455
8104,3.6457
8105,3.6458
8106,3.6458
8107,3.646
8108,3.6461
8109,3.6463
8110,3.6464
8111,3.6464
8112,3.6466
8113,3.6468
8114,3.6469
8115,3.6469
8116,3.6471
8117,3.6472
8118,3.6474
8119,3.6474
8120,3.6476
8121,3.6477
8122,3.6477
8123,3.6479
8124,3.648
8125,3.6482
8126,3.6484
8127,3.6484
8128,3.6485
8129,3.6487
8130,3.6488
8131,3.6488
8132,3.649
8133,3.6491
8134,3.6491
8135,3.6493
8136,3.6495
8137,3.6496
8138,3.6496
8139,3.6498
8140,3.6499
8141,3.6501
8142,3.6501
8143,3.6503
8144,3.6504
8145,3.6506
8146,3.6506
8147,3.6507
8148,3.6509
8149,3.6511
8150,3.6511
8151,3.6512
8152,3.6514
8153,3.6515
8154,3.6515
8155,3.6517
8156,3.6518
8157,3.652
8158,3.652
8159,3.6522
8160,3.6523
8161,3.6523
8162,3.6525
8163,3.6526
8164,3.6528
8165,3.6528
8166,3.653
8167,3.6531
8168,3.6533
8169,3.6533
8170,3.6534
8171,3.6536
8172,3.6536
8173,3.6538
8174,3.6539
8175,3.6541
8176,3.6542
8177,3.6542
8178,3.6544
8179,3.6546
8180,3.6546
8181,3.6547
8182,3.6549
8183,3.655
8184,3.655
8185,3.6552
8186,3.6553
8187,3.6555
8188,3.6555
8189,3.6557
8190,3.6558
8191,3.656
8192,3.656
8193,3.6561
8194,3.6563
8195,3.6563
8196,3.6565
8197,3.6566
8198,3.6568
8199,3.6568
8200,3.6569
8201,3.6571
8202,3.6571
8203,3.6573
8204,3.6574
8205,3.6576
8206,3.6576
8207,3.6577
8208,3.6579
8209,3.658
8210,3.658
8211,3.6582
8212,3.6584
8213,3.6585
8214,3.6585
8215,3.6587
8216,3.6588
8217,3.6588
8218,3.659
8219,3.6592
8220,3.6593
8221,3.6593
8222,3.6595
8223,3.6596
8224,3.6598
8225,3.6598
8226,3.66
8227,3.6601
8228,3.6601
8229,3.6603
8230,3.6604
8231,3.6606
8232,3.6606
8233,3.6607
8234,3.6609
8235,3.6611
8236,3.6611
8237,3.6612
8238,3.6614
8239,3.6615
8240,3.6615
8241,3.6617
8242,3.6619
8243,3.6619
8244,3.662
8245,3.6622
8246,3.6623
8247,3.6623
8248,3.6625
8249,3.6627
8250,3.6628
8251,3.6628
8252,3.663
8253,3.6631
8254,3.6631
8255,3.6633
8256,3.6634
8257,3.6634
8258,3.6636
8259,3.6638
8260,3.6639
8261,3.6639
8262,3.6641
8263,3.6642
8264,3.6644
8265,3.6644
8266,3.6646
8267,3.6647
8268,3.6649
8269,3.6649
8270,3.665
8271,3.6652
8272,3.6652
8273,3.6654
8274,3.6655
8275,3.6657
8276,3.6657
8277,3.6658
8278,3.666
8279,3.6661
8280,3.6661
8281,3.6663
8282,3.6665
8283,3.6665
8284,3.6666
8285,3.6668
8286,3.6668
8287,3.6669
8288,3.6671
8289,3.6673
8290,3.6673
8291,3.6674
8292,3.6676
8293,3.6676
8294,3.6677
8295,3.6679
8296,3.6681
8297,3.6681
8298,3.6682
8299,3.6684
8300,3.6684
8301,3.6685
8302,3.6687
8303,3.6688
8304,3.6688
8305,3.669
8306,3.6692
8307,3.6692
8308,3.6693
8309,3.6695
8310,3.6696
8311,3.6696
8312,3.6698
8313,3.67
8314,3.67
8315,3.6701
8316,3.6703
8317,3.6704
8318,3.6704
8319,3.6706
8320,3.6708
8321,3.6708
8322,3.6709
8323,3.6711
8324,3.6712
8325,3.6712
8326,3.6714
8327,3.6715
8328,3.6715
8329,3.6717
8330,3.6719
8331,3.672
8332,3.672
8333,3.6722
8334,3.6723
8335,3.6723
8336,3.6725
8337,3.6727
8338,3.6728
8339,3.6728
8340,3.673
8341,3.6731
8342,3.6731
8343,3.6733
8344,3.6735
8345,3.6735
8346,3.6736
8347,3.6738
8348,3.6739
8349,3.6739
8350,3.6741
8351,3.6742
8352,3.6744
8353,3.6744
8354,3.6746
8355,3.6747
8356,3.6747
8357,3.6749
8358,3.675
8359,3.6752
8360,3.6752
8361,3.6754
8362,3.6755
8363,3.6755
8364,3.6757
8365,3.6758
8366,3.6758
8367,3.676
8368,3.6762
8369,3.6763
8370,3.6763
8371,3.6765
8372,3.6766
8373,3.6768
8374,3.6768
8375,3.6769
8376,3.6771
8377,3.6771
8378,3.6773
8379,3.6774
8380,3.6776
8381,3.6776
8382,3.6777
8383,3.6779
8384,3.6779
8385,3.6781
8386,3.6782
8387,3.6784
8388,3.6784
8389,3.6785
8390,3.6787
8391,3.6787
8392,3.6789
8393,3.679
8394,3.6792
8395,3.6792
8396,3.6793
8397,3.6795
8398,3.6795
8399,3.6796
8400,3.6798
8401,3.68
8402,3.68
8403,3.6801
8404,3.6803
8405,3.6804
8406,3.6804
8407,3.6806
8408,3.6808
8409,3.6809
8410,3.6809
8411,3.6811
8412,3.6812
8413,3.6812
8414,3.6814
8415,3.6816
8416,3.6817
8417,3.6817
8418,3.6819
8419,3.682
8420,3.6822
8421,3.6822
8422,3.6823
8423,3.6825
8424,3.6825
8425,3.6827
8426,3.6828
8427,3.683
8428,3.683
8429,3.6831
8430,3.6833
8431,3.6835
8432,3.6835
8433,3.6836
8434,3.6838
8435,3.6839
8436,3.6839
8437,3.6841
8438,3.6843
8439,3.6843
8440,3.6844
8441,3.6846
8442,3.6847
8443,3.6847
8444,3.6849
8445,3.6851
8446,3.6852
8447,3.6852
8448,3.6854
8449,3.6855
8450,3.6857
8451,3.6857
8452,3.6858
8453,3.686
8454,3.6862
8455,3.6862
8456,3.6863
8457,3.6865
8458,3.6866
8459,3.6866
8460,3.6868
8461,3.687
8462,3.6871
8463,3.6871
8464,3.6873
8465,3.6874
8466,3.6876
8467,3.6876
8468,3.6878
8469,3.6879
8470,3.6881
8471,3.6882
8472,3.6882
8473,3.6884
8474,3.6885
8475,3.6887
8476,3.6887
8477,3.6889
8478,3.689
8479,3.6892
8480,3.6892
8481,3.6893
8482,3.6895
8483,3.6897
8484,3.6898
8485,3.6898
8486,3.69
8487,3.6901
8488,3.6903
8489,3.6903
8490,3.6905
8491,3.6906
8492,3.6908
8493,3.6908
8494,3.6909
8495,3.6911
8496,3.6912
8497,3.6914
8498,3.6914
8499,3.6916
8500,3.6917
8501,3.6919
8502,3.692
8503,3.692
8504,3.6922
8505,3.6924
8506,3.6925
8507,3.6927
8508,3.6928
8509,3.6928
8510,3.693
8511,3.6932
8512,3.6933
8513,3.6933
8514,3.6935
8515,3.6936
8516,3.6938
8517,3.6939
8518,3.6939
8519,3.6941
8520,3.6943
8521,3.6944
8522,3.6946
8523,3.6946
8524,3.6947
8525,3.6949
8526,3.6951
8527,3.6952
8528,3.6954
8529,3.6954
8530,3.6955
8531,3.6957
8532,3.6959
8533,3.696
8534,3.696
8535,3.6962
8536,3.6963
8537,3.6965
8538,3.6966
8539,3.6968
8540,3.6968
8541,3.697
8542,3.6971
8543,3.6973
8544,3.6974
8545,3.6976
8546,3.6976
8547,3.6978
8548,3.6979
8549,3.6981
8550,3.6982
8551,3.6984
8552,3.6984
8553,3.6986
8554,3.6987
8555,3.6989
8556,3.699
8557,3.6992
8558,3.6993
8559,3.6993
8560,3.6995
8561,3.6997
8562,3.6998
8563,3.7
8564,3.7001
8565,3.7003
8566,3.7003
8567,3.7005
8568,3.7006
8569,3.7008
8570,3.7009
8571,3.7011
8572,3.7011
8573,3.7013
8574,3.7014
8575,3.7016
8576,3.7017
8577,3.7019
8578,3.702
8579,3.7022
8580,3.7024
8581,3.7024
8582,3.7025
8583,3.7027
8584,3.7028
8585,3.703
8586,3.7032
8587,3.7033
8588,3.7035
8589,3.7035
8590,3.7036
8591,3.7038
8592,3.704
8593,3.7041
8594,3.7043
8595,3.7044
8596,3.7046
8597,3.7047
8598,3.7049
8599,3.7049
8600,3.7051
8601,3.7052
8602,3.7054
8603,3.7055
8604,3.7057
8605,3.7059
8606,3.706
8607,3.7062
8608,3.7063
8609,3.7065
8610,3.7065
8611,3.7067
8612,3.7068
8613,3.707
8614,3.7071
8615,3.7073
8616,3.7074
8617,3.7076
8618,3.7078
8619,3.7079
8620,3.7081
8621,3.7082
8622,3.7084
8623,3.7084
8624,3.7086
8625,3.7087
8626,3.7089
8627,3.709
8628,3.7092
8629,3.7094
8630,3.7095
8631,3.7097
8632,3.7098
8633,3.71
8634,3.7101
8635,3.7103
8636,3.7105
8637,3.7105
8638,3.7106
8639,3.7108
8640,3.7109
8641,3.7111
8642,3.7113
8643,3.7108
8644,3.7108
8645,3.7108
8646,3.7108
8647,3.7108
8648,3.7108
8649,3.7108
8650,3.7108
8651,3.7108
8652,3.7108
8653,3.7108
8654,3.7108
8655,3.7108
8656,3.7108
8657,3.7108
8658,3.7108
8659,3.7108
8660,3.7108
8661,3.7108
8662,3.7108
8663,3.7108
8664,3.7108
8665,3.7108
8666,3.7108
8667,3.7108
8668,3.7108
8669,3.7108
8670,3.7108
8671,3.7108
8672,3.7108
8673,3.7108
8674,3.7108
8675,3.7108
8676,3.7108
8677,3.7108
8678,3.7108
8679,3.7094
8680,3.7085
8681,3.7081
8682,3.708
8683,3.7077
8684,3.7075
8685,3.7075
8686,3.7074
8687,3.7072
8688,3.7072
8689,3.707
8690,3.707
8691,3.707
8692,3.7069
8693,3.7069
8694,3.7067
8695,3.7067
8696,3.7067
8697,3.7067
8698,3.7066
8699,3.7066
8700,3.7066
8701,3.7066
8702,3.7064
8703,3.7064
8704,3.7064
8705,3.7064
8706,3.7064
8707,3.7062
8708,3.7062
8709,3.7062
8710,3.7062
8711,3.7062
8712,3.7062
8713,3.7062
8714,3.7061
8715,3.7061
8716,3.7061
8717,3.7061
8718,3.7061
8719,3.7061
8720,3.7061
8721,3.7061
8722,3.7061
8723,3.7059
8724,3.7059
8725,3.7059
8726,3.7059
8727,3.7059
8728,3.7059
8729,3.7059
8730,3.7059
8731,3.7059
8732,3.7059
8733,3.7059
8734,3.7059
8735,3.7059
8736,3.7059
8737,3.7059
8738,3.7058
8739,3.7059
8740,3.7058
8741,3.7058
8742,3.7058
8743,3.7058
8744,3.7058
8745,3.7058
8746,3.7058
8747,3.7058
8748,3.7058
8749,3.7058
8750,3.7058
8751,3.7058
8752,3.7058
8753,3.7058
8754,3.7058
8755,3.7058
8756,3.7058
8757,3.7058
8758,3.7058
8759,3.7058
8760,3.7058
8761,3.7058
8762,3.7058
8763,3.7058
8764,3.7058
8765,3.7058
8766,3.7056
8767,3.7056
8768,3.7056
8769,3.7056
8770,3.7056
8771,3.7056
8772,3.7056
8773,3.7056
8774,3.7056
8775,3.7056
8776,3.7056
8777,3.7056
8778,3.7056
8779,3.7056
8780,3.7056
8781,3.7056
8782,3.7056
8783,3.7056
8784,3.7056
8785,3.7056
8786,3.7056
8787,3.7056
8788,3.7056
8789,3.7056
8790,3.7056
8791,3.7056
8792,3.7056
8793,3.7056
8794,3.7056
8795,3.7056
8796,3.7056
8797,3.7056
8798,3.7056
8799,3.7056
8800,3.7056
8801,3.7056
8802,3.7056
8803,3.7056
8804,3.7056
8805,3.7056
8806,3.7056
8807,3.7056
8808,3.7056
8809,3.7056
8810,3.7056
8811,3.7056
8812,3.7056
8813,3.7056
8814,3.7056
8815,3.7054
8816,3.7056
8817,3.7056
8818,3.7056
8819,3.7056
8820,3.7056
8821,3.7054
8822,3.7054
8823,3.7054
8824,3.7054
8825,3.7054
8826,3.7054
8827,3.7054
8828,3.7054
8829,3.7054
8830,3.7054
8831,3.7054
8832,3.7054
8833,3.7054
8834,3.7054
8835,3.7054
8836,3.7054
8837,3.7054
8838,3.7054
8839,3.7054
8840,3.7054
8841,3.7054
8842,3.7054
8843,3.7054
8844,3.7054
8845,3.7054
8846,3.7054
8847,3.7054
8848,3.7054
8849,3.7054
8850,3.7054
8851,3.7054
8852,3.7054
8853,3.7054
8854,3.7054
8855,3.7054
8856,3.7054
8857,3.7054
8858,3.7054
8859,3.7054
