,voltage
0,3.4203
1,3.4203
2,3.4203
3,3.4203
4,3.4203
5,3.4203
6,3.4203
7,3.4203
8,3.4203
9,3.4203
10,3.4203
11,3.4203
12,3.4203
13,3.4203
14,3.4203
15,3.4203
16,3.4203
17,3.4203
18,3.4203
19,3.4203
20,3.4203
21,3.4203
22,3.4203
23,3.4203
24,3.4203
25,3.4203
26,3.4203
27,3.4203
28,3.4203
29,3.4203
30,3.4203
31,3.4203
32,3.4203
33,3.4203
34,3.4203
35,3.4203
36,3.4203
37,3.4203
38,3.4203
39,3.4203
40,3.4203
41,3.4203
42,3.4203
43,3.4203
44,3.4203
45,3.4203
46,3.4203
47,3.4203
48,3.4203
49,3.4203
50,3.4203
51,3.4203
52,3.4203
53,3.4203
54,3.4203
55,3.4203
56,3.4203
57,3.4203
58,3.4203
59,3.4203
60,3.4203
61,3.4739
62,3.5781
63,3.6361
64,3.6385
65,3.6391
66,3.6389
67,3.6388
68,3.6385
69,3.6382
70,3.638
71,3.6377
72,3.6375
73,3.6375
74,3.6374
75,3.6372
76,3.6372
77,3.6372
78,3.6372
79,3.637
80,3.6372
81,3.6372
82,3.6372
83,3.6372
84,3.6372
85,3.6374
86,3.6374
87,3.6375
88,3.6375
89,3.6377
90,3.6377
91,3.6378
92,3.6378
93,3.638
94,3.6382
95,3.6382
96,3.6383
97,3.6385
98,3.6386
99,3.6386
100,3.6388
101,3.6389
102,3.6391
103,3.6393
104,3.6394
105,3.6394
106,3.6396
107,3.6397
108,3.6399
109,3.6401
110,3.6402
111,3.6404
112,3.6405
113,3.6405
114,3.6407
115,3.6409
116,3.641
117,3.6412
118,3.6413
119,3.6415
120,3.6416
121,3.6418
122,3.642
123,3.6421
124,3.6423
125,3.6424
126,3.6426
127,3.6426
128,3.6428
129,3.6429
130,3.6431
131,3.6432
132,3.6434
133,3.6436
134,3.6437
135,3.6439
136,3.644
137,3.644
138,3.6442
139,3.6443
140,3.6445
141,3.6447
142,3.6448
143,3.645
144,3.645
145,3.6451
146,3.6453
147,3.6455
148,3.6456
149,3.6458
150,3.6458
151,3.6459
152,3.6461
153,3.6463
154,3.6464
155,3.6466
156,3.6466
157,3.6467
158,3.6469
159,3.647
160,3.6472
161,3.6472
162,3.6474
163,3.6475
164,3.6475
165,3.6477
166,3.6478
167,3.648
168,3.6482
169,3.6482
170,3.6483
171,3.6485
172,3.6486
173,3.6486
174,3.6488
175,3.649
176,3.649
177,3.6491
178,3.6493
179,3.6493
180,3.6494
181,3.6496
182,3.6497
183,3.6497
184,3.6499
185,3.6501
186,3.6501
187,3.6502
188,3.6504
189,3.6504
190,3.6505
191,3.6507
192,3.6507
193,3.6509
194,3.651
195,3.651
196,3.6512
197,3.6513
198,3.6513
199,3.6515
200,3.6517
201,3.6517
202,3.6518
203,3.6518
204,3.652
205,3.6521
206,3.6521
207,3.6523
208,3.6523
209,3.6525
210,3.6526
211,3.6526
212,3.6528
213,3.6528
214,3.6529
215,3.6531
216,3.6531
217,3.6532
218,3.6532
219,3.6534
220,3.6534
221,3.6536
222,3.6537
223,3.6537
224,3.6539
225,3.6539
226,3.654
227,3.654
228,3.6542
229,3.6544
230,3.6544
231,3.6545
232,3.6545
233,3.6547
234,3.6547
235,3.6548
236,3.6548
237,3.655
238,3.655
239,3.6552
240,3.6553
241,3.6553
242,3.6555
243,3.6555
244,3.6555
245,3.6556
246,3.6556
247,3.6558
248,3.6559
249,3.6559
250,3.6561
251,3.6561
252,3.6563
253,3.6563
254,3.6564
255,3.6564
256,3.6566
257,3.6566
258,3.6567
259,3.6567
260,3.6569
261,3.6569
262,3.6571
263,3.6571
264,3.6572
265,3.6574
266,3.6572
267,3.6574
268,3.6574
269,3.6575
270,3.6575
271,3.6577
272,3.6579
273,3.6579
274,3.6579
275,3.658
276,3.658
277,3.6582
278,3.6582
279,3.6582
280,3.6583
281,3.6583
282,3.6585
283,3.6586
284,3.6586
285,3.6588
286,3.6588
287,3.659
288,3.659
289,3.6591
290,3.6591
291,3.6591
292,3.6593
293,3.6593
294,3.6593
295,3.6594
296,3.6596
297,3.6596
298,3.6596
299,3.6598
300,3.6598
301,3.6599
302,3.6599
303,3.6601
304,3.6601
305,3.6601
306,3.6601
307,3.6602
308,3.6602
309,3.6604
310,3.6604
311,3.6606
312,3.6606
313,3.6606
314,3.6607
315,3.6607
316,3.6609
317,3.6609
318,3.661
319,3.661
320,3.661
321,3.6612
322,3.6612
323,3.6613
324,3.6613
325,3.6615
326,3.6615
327,3.6615
328,3.6617
329,3.6617
330,3.6617
331,3.6618
332,3.6618
333,3.662
334,3.662
335,3.6621
336,3.6621
337,3.6623
338,3.6623
339,3.6623
340,3.6625
341,3.6625
342,3.6626
343,3.6626
344,3.6626
345,3.6628
346,3.6628
347,3.6629
348,3.6629
349,3.6629
350,3.6631
351,3.6631
352,3.6633
353,3.6633
354,3.6633
355,3.6634
356,3.6634
357,3.6636
358,3.6636
359,3.6637
360,3.6637
361,3.6637
362,3.6639
363,3.6639
364,3.6639
365,3.664
366,3.664
367,3.6642
368,3.6642
369,3.6642
370,3.6644
371,3.6644
372,3.6645
373,3.6645
374,3.6645
375,3.6647
376,3.6647
377,3.6648
378,3.6648
379,3.6648
380,3.665
381,3.665
382,3.6652
383,3.6652
384,3.6652
385,3.6653
386,3.6653
387,3.6655
388,3.6655
389,3.6655
390,3.6656
391,3.6656
392,3.6656
393,3.6658
394,3.6658
395,3.666
396,3.666
397,3.666
398,3.6661
399,3.6661
400,3.6661
401,3.6663
402,3.6663
403,3.6664
404,3.6664
405,3.6664
406,3.6666
407,3.6666
408,3.6668
409,3.6668
410,3.6668
411,3.6669
412,3.6669
413,3.6671
414,3.6671
415,3.6671
416,3.6672
417,3.6672
418,3.6672
419,3.6674
420,3.6674
421,3.6675
422,3.6675
423,3.6675
424,3.6677
425,3.6677
426,3.6679
427,3.6679
428,3.6679
429,3.668
430,3.668
431,3.668
432,3.6682
433,3.6682
434,3.6682
435,3.6683
436,3.6683
437,3.6685
438,3.6685
439,3.6685
440,3.6687
441,3.6687
442,3.6688
443,3.6688
444,3.6688
445,3.669
446,3.669
447,3.669
448,3.6691
449,3.6691
450,3.6693
451,3.6693
452,3.6693
453,3.6695
454,3.6695
455,3.6696
456,3.6696
457,3.6696
458,3.6698
459,3.6698
460,3.6699
461,3.6699
462,3.6699
463,3.6701
464,3.6701
465,3.6701
466,3.6702
467,3.6702
468,3.6702
469,3.6704
470,3.6704
471,3.6706
472,3.6706
473,3.6706
474,3.6707
475,3.6707
476,3.6707
477,3.6709
478,3.6709
479,3.671
480,3.671
481,3.671
482,3.6712
483,3.6712
484,3.6712
485,3.6714
486,3.6714
487,3.6715
488,3.6715
489,3.6715
490,3.6717
491,3.6717
492,3.6717
493,3.6718
494,3.6718
495,3.672
496,3.672
497,3.672
498,3.6722
499,3.6722
500,3.6722
501,3.6723
502,3.6723
503,3.6725
504,3.6725
505,3.6725
506,3.6726
507,3.6726
508,3.6726
509,3.6728
510,3.6728
511,3.6728
512,3.6729
513,3.6729
514,3.6731
515,3.6731
516,3.6731
517,3.6733
518,3.6733
519,3.6734
520,3.6734
521,3.6734
522,3.6736
523,3.6736
524,3.6736
525,3.6737
526,3.6737
527,3.6737
528,3.6739
529,3.6739
530,3.6741
531,3.6741
532,3.6741
533,3.6742
534,3.6742
535,3.6742
536,3.6744
537,3.6744
538,3.6745
539,3.6745
540,3.6745
541,3.6747
542,3.6747
543,3.6749
544,3.6749
545,3.6749
546,3.675
547,3.675
548,3.675
549,3.6752
550,3.6752
551,3.6752
552,3.6753
553,3.6753
554,3.6755
555,3.6755
556,3.6755
557,3.6756
558,3.6756
559,3.6756
560,3.6758
561,3.6758
562,3.676
563,3.676
564,3.676
565,3.6761
566,3.6761
567,3.6761
568,3.6763
569,3.6763
570,3.6764
571,3.6764
572,3.6764
573,3.6766
574,3.6766
575,3.6766
576,3.6768
577,3.6768
578,3.6768
579,3.6769
580,3.6769
581,3.6771
582,3.6771
583,3.6771
584,3.6772
585,3.6772
586,3.6774
587,3.6774
588,3.6774
589,3.6776
590,3.6776
591,3.6776
592,3.6777
593,3.6777
594,3.6779
595,3.6779
596,3.6779
597,3.678
598,3.678
599,3.678
600,3.6782
601,3.6782
602,3.6783
603,3.6783
604,3.6783
605,3.6785
606,3.6785
607,3.6787
608,3.6787
609,3.6787
610,3.6788
611,3.6788
612,3.6788
613,3.679
614,3.679
615,3.679
616,3.6791
617,3.6791
618,3.6793
619,3.6793
620,3.6793
621,3.6795
622,3.6795
623,3.6795
624,3.6796
625,3.6796
626,3.6798
627,3.6798
628,3.6798
629,3.6799
630,3.6799
631,3.6801
632,3.6801
633,3.6801
634,3.6803
635,3.6803
636,3.6803
637,3.6804
638,3.6804
639,3.6806
640,3.6806
641,3.6806
642,3.6807
643,3.6807
644,3.6807
645,3.6809
646,3.6809
647,3.681
648,3.681
649,3.6812
650,3.6812
651,3.6812
652,3.6814
653,3.6814
654,3.6815
655,3.6815
656,3.6815
657,3.6817
658,3.6817
659,3.6818
660,3.6818
661,3.6818
662,3.682
663,3.682
664,3.682
665,3.6822
666,3.6822
667,3.6823
668,3.6823
669,3.6823
670,3.6825
671,3.6825
672,3.6825
673,3.6826
674,3.6828
675,3.6828
676,3.6828
677,3.683
678,3.683
679,3.683
680,3.6831
681,3.6831
682,3.6833
683,3.6833
684,3.6833
685,3.6834
686,3.6834
687,3.6834
688,3.6836
689,3.6836
690,3.6838
691,3.6838
692,3.6838
693,3.6839
694,3.6839
695,3.6841
696,3.6841
697,3.6841
698,3.6842
699,3.6842
700,3.6844
701,3.6844
702,3.6844
703,3.6845
704,3.6845
705,3.6847
706,3.6847
707,3.6847
708,3.6849
709,3.6849
710,3.6849
711,3.685
712,3.685
713,3.6852
714,3.6852
715,3.6852
716,3.6853
717,3.6853
718,3.6855
719,3.6855
720,3.6855
721,3.6857
722,3.6857
723,3.6858
724,3.6858
725,3.686
726,3.686
727,3.686
728,3.6861
729,3.6861
730,3.6861
731,3.6863
732,3.6863
733,3.6865
734,3.6865
735,3.6866
736,3.6866
737,3.6866
738,3.6868
739,3.6868
740,3.6869
741,3.6869
742,3.6869
743,3.6871
744,3.6871
745,3.6872
746,3.6872
747,3.6872
748,3.6874
749,3.6874
750,3.6876
751,3.6876
752,3.6876
753,3.6877
754,3.6877
755,3.6879
756,3.6879
757,3.6879
758,3.688
759,3.688
760,3.6882
761,3.6882
762,3.6884
763,3.6884
764,3.6884
765,3.6885
766,3.6885
767,3.6887
768,3.6887
769,3.6887
770,3.6888
771,3.6888
772,3.689
773,3.689
774,3.689
775,3.6892
776,3.6892
777,3.6893
778,3.6893
779,3.6895
780,3.6895
781,3.6895
782,3.6896
783,3.6896
784,3.6898
785,3.6898
786,3.6898
787,3.6899
788,3.6899
789,3.6901
790,3.6901
791,3.6901
792,3.6903
793,3.6903
794,3.6904
795,3.6904
796,3.6906
797,3.6906
798,3.6907
799,3.6907
800,3.6907
801,3.6909
802,3.6909
803,3.6911
804,3.6911
805,3.6911
806,3.6912
807,3.6912
808,3.6914
809,3.6914
810,3.6915
811,3.6915
812,3.6917
813,3.6917
814,3.6917
815,3.6919
816,3.6919
817,3.6919
818,3.692
819,3.692
820,3.6922
821,3.6922
822,3.6923
823,3.6923
824,3.6923
825,3.6925
826,3.6925
827,3.6926
828,3.6926
829,3.6928
830,3.6928
831,3.693
832,3.693
833,3.693
834,3.6931
835,3.6931
836,3.6933
837,3.6933
838,3.6933
839,3.6934
840,3.6934
841,3.6936
842,3.6936
843,3.6938
844,3.6938
845,3.6939
846,3.6939
847,3.6941
848,3.6941
849,3.6941
850,3.6942
851,3.6942
852,3.6944
853,3.6944
854,3.6944
855,3.6946
856,3.6946
857,3.6947
858,3.6947
859,3.6949
860,3.6949
861,3.695
862,3.695
863,3.695
864,3.6952
865,3.6952
866,3.6953
867,3.6953
868,3.6955
869,3.6955
870,3.6955
871,3.6957
872,3.6957
873,3.6958
874,3.6958
875,3.696
876,3.696
877,3.696
878,3.6961
879,3.6961
880,3.6963
881,3.6963
882,3.6965
883,3.6965
884,3.6965
885,3.6966
886,3.6966
887,3.6968
888,3.6968
889,3.6969
890,3.6969
891,3.6971
892,3.6971
893,3.6973
894,3.6973
895,3.6973
896,3.6974
897,3.6974
898,3.6976
899,3.6976
900,3.6977
901,3.6977
902,3.6977
903,3.6979
904,3.6979
905,3.6981
906,3.6981
907,3.6982
908,3.6982
909,3.6984
910,3.6984
911,3.6984
912,3.6985
913,3.6985
914,3.6987
915,3.6987
916,3.6988
917,3.6988
918,3.6988
919,3.699
920,3.699
921,3.6992
922,3.6992
923,3.6993
924,3.6993
925,3.6995
926,3.6995
927,3.6995
928,3.6996
929,3.6996
930,3.6998
931,3.6998
932,3.7
933,3.7
934,3.7001
935,3.7001
936,3.7003
937,3.7003
938,3.7004
939,3.7004
940,3.7004
941,3.7006
942,3.7006
943,3.7008
944,3.7008
945,3.7009
946,3.7009
947,3.7011
948,3.7011
949,3.7011
950,3.7012
951,3.7012
952,3.7014
953,3.7014
954,3.7015
955,3.7015
956,3.7017
957,3.7017
958,3.7019
959,3.7019
960,3.702
961,3.702
962,3.7022
963,3.7022
964,3.7022
965,3.7023
966,3.7023
967,3.7025
968,3.7025
969,3.7027
970,3.7027
971,3.7028
972,3.7028
973,3.7028
974,3.703
975,3.703
976,3.7031
977,3.7031
978,3.7033
979,3.7033
980,3.7035
981,3.7035
982,3.7036
983,3.7036
984,3.7038
985,3.7038
986,3.7038
987,3.7039
988,3.7039
989,3.7041
990,3.7041
991,3.7042
992,3.7042
993,3.7044
994,3.7044
995,3.7044
996,3.7046
997,3.7047
998,3.7047
999,3.7047
1000,3.7049
1001,3.7049
1002,3.705
1003,3.705
1004,3.7052
1005,3.7052
1006,3.7054
1007,3.7054
1008,3.7055
1009,3.7055
1010,3.7055
1011,3.7057
1012,3.7057
1013,3.7058
1014,3.7058
1015,3.706
1016,3.706
1017,3.7062
1018,3.7062
1019,3.7063
1020,3.7063
1021,3.7065
1022,3.7065
1023,3.7065
1024,3.7066
1025,3.7066
1026,3.7068
1027,3.7068
1028,3.7069
1029,3.7069
1030,3.7071
1031,3.7071
1032,3.7073
1033,3.7073
1034,3.7074
1035,3.7074
1036,3.7074
1037,3.7076
1038,3.7076
1039,3.7077
1040,3.7077
1041,3.7079
1042,3.7079
1043,3.7081
1044,3.7081
1045,3.7082
1046,3.7082
1047,3.7084
1048,3.7084
1049,3.7085
1050,3.7085
1051,3.7087
1052,3.7087
1053,3.7089
1054,3.7089
1055,3.7089
1056,3.709
1057,3.709
1058,3.7092
1059,3.7092
1060,3.7093
1061,3.7093
1062,3.7095
1063,3.7095
1064,3.7096
1065,3.7096
1066,3.7098
1067,3.7098
1068,3.71
1069,3.71
1070,3.71
1071,3.7101
1072,3.7101
1073,3.7103
1074,3.7103
1075,3.7104
1076,3.7104
1077,3.7106
1078,3.7106
1079,3.7108
1080,3.7108
1081,3.7109
1082,3.7109
1083,3.7111
1084,3.7111
1085,3.7111
1086,3.7112
1087,3.7112
1088,3.7114
1089,3.7114
1090,3.7116
1091,3.7116
1092,3.7117
1093,3.7117
1094,3.7119
1095,3.7119
1096,3.712
1097,3.712
1098,3.7122
1099,3.7122
1100,3.7123
1101,3.7123
1102,3.7125
1103,3.7125
1104,3.7125
1105,3.7127
1106,3.7127
1107,3.7128
1108,3.7128
1109,3.713
1110,3.713
1111,3.7131
1112,3.7131
1113,3.7133
1114,3.7133
1115,3.7135
1116,3.7135
1117,3.7136
1118,3.7136
1119,3.7136
1120,3.7138
1121,3.7139
1122,3.7139
1123,3.7141
1124,3.7141
1125,3.7143
1126,3.7143
1127,3.7144
1128,3.7144
1129,3.7144
1130,3.7146
1131,3.7146
1132,3.7147
1133,3.7147
1134,3.7149
1135,3.7149
1136,3.7151
1137,3.7151
1138,3.7152
1139,3.7152
1140,3.7152
1141,3.7154
1142,3.7155
1143,3.7155
1144,3.7157
1145,3.7157
1146,3.7157
1147,3.7158
1148,3.7158
1149,3.716
1150,3.716
1151,3.7162
1152,3.7162
1153,3.7163
1154,3.7163
1155,3.7165
1156,3.7165
1157,3.7166
1158,3.7166
1159,3.7168
1160,3.7168
1161,3.717
1162,3.717
1163,3.7171
1164,3.7171
1165,3.7173
1166,3.7173
1167,3.7174
1168,3.7174
1169,3.7174
1170,3.7176
1171,3.7176
1172,3.7178
1173,3.7178
1174,3.7179
1175,3.7179
1176,3.7181
1177,3.7181
1178,3.7182
1179,3.7182
1180,3.7184
1181,3.7184
1182,3.7185
1183,3.7185
1184,3.7187
1185,3.7187
1186,3.7189
1187,3.7189
1188,3.719
1189,3.719
1190,3.7192
1191,3.7192
1192,3.7193
1193,3.7193
1194,3.7195
1195,3.7195
1196,3.7197
1197,3.7197
1198,3.7197
1199,3.7198
1200,3.7198
1201,3.72
1202,3.72
1203,3.7201
1204,3.7201
1205,3.7203
1206,3.7203
1207,3.7205
1208,3.7205
1209,3.7206
1210,3.7206
1211,3.7208
1212,3.7208
1213,3.7209
1214,3.7209
1215,3.7211
1216,3.7211
1217,3.7212
1218,3.7212
1219,3.7214
1220,3.7214
1221,3.7216
1222,3.7216
1223,3.7217
1224,3.7217
1225,3.7219
1226,3.7219
1227,3.722
1228,3.722
1229,3.7222
1230,3.7222
1231,3.7224
1232,3.7224
1233,3.7225
1234,3.7225
1235,3.7227
1236,3.7227
1237,3.7228
1238,3.7228
1239,3.7228
1240,3.723
1241,3.7232
1242,3.7232
1243,3.7232
1244,3.7233
1245,3.7233
1246,3.7235
1247,3.7236
1248,3.7236
1249,3.7238
1250,3.7238
1251,3.7239
1252,3.7239
1253,3.7241
1254,3.7241
1255,3.7243
1256,3.7243
1257,3.7244
1258,3.7244
1259,3.7246
1260,3.7246
1261,3.7247
1262,3.7247
1263,3.7249
1264,3.7249
1265,3.7251
1266,3.7251
1267,3.7252
1268,3.7252
1269,3.7254
1270,3.7254
1271,3.7255
1272,3.7255
1273,3.7257
1274,3.7257
1275,3.7259
1276,3.7259
1277,3.726
1278,3.726
1279,3.7262
1280,3.7262
1281,3.7263
1282,3.7263
1283,3.7265
1284,3.7265
1285,3.7266
1286,3.7266
1287,3.7268
1288,3.7268
1289,3.727
1290,3.7271
1291,3.7271
1292,3.7273
1293,3.7273
1294,3.7274
1295,3.7274
1296,3.7276
1297,3.7276
1298,3.7278
1299,3.7278
1300,3.7279
1301,3.7279
1302,3.7281
1303,3.7281
1304,3.7282
1305,3.7282
1306,3.7284
1307,3.7284
1308,3.7286
1309,3.7287
1310,3.7287
1311,3.7289
1312,3.7289
1313,3.729
1314,3.729
1315,3.7292
1316,3.7292
1317,3.7294
1318,3.7294
1319,3.7295
1320,3.7297
1321,3.7297
1322,3.7298
1323,3.7298
1324,3.73
1325,3.73
1326,3.7301
1327,3.7301
1328,3.7303
1329,3.7303
1330,3.7305
1331,3.7305
1332,3.7306
1333,3.7306
1334,3.7308
1335,3.7308
1336,3.7309
1337,3.7311
1338,3.7311
1339,3.7313
1340,3.7313
1341,3.7314
1342,3.7314
1343,3.7316
1344,3.7316
1345,3.7317
1346,3.7317
1347,3.7319
1348,3.7321
1349,3.7321
1350,3.7322
1351,3.7322
1352,3.7324
1353,3.7324
1354,3.7325
1355,3.7325
1356,3.7327
1357,3.7328
1358,3.7328
1359,3.733
1360,3.733
1361,3.7332
1362,3.7332
1363,3.7333
1364,3.7335
1365,3.7335
1366,3.7336
1367,3.7336
1368,3.7338
1369,3.7338
1370,3.734
1371,3.734
1372,3.7341
1373,3.7343
1374,3.7343
1375,3.7344
1376,3.7344
1377,3.7346
1378,3.7346
1379,3.7348
1380,3.7349
1381,3.7349
1382,3.7351
1383,3.7351
1384,3.7352
1385,3.7352
1386,3.7354
1387,3.7355
1388,3.7357
1389,3.7357
1390,3.7359
1391,3.7359
1392,3.7359
1393,3.736
1394,3.736
1395,3.7362
1396,3.7363
1397,3.7363
1398,3.7365
1399,3.7365
1400,3.7367
1401,3.7368
1402,3.7368
1403,3.737
1404,3.7371
1405,3.7371
1406,3.7373
1407,3.7375
1408,3.7375
1409,3.7376
1410,3.7376
1411,3.7378
1412,3.7378
1413,3.7379
1414,3.7381
1415,3.7381
1416,3.7382
1417,3.7382
1418,3.7384
1419,3.7384
1420,3.7386
1421,3.7386
1422,3.7387
1423,3.7389
1424,3.7389
1425,3.739
1426,3.739
1427,3.7392
1428,3.7394
1429,3.7394
1430,3.7395
1431,3.7397
1432,3.7397
1433,3.7398
1434,3.74
1435,3.74
1436,3.7402
1437,3.7402
1438,3.7403
1439,3.7405
1440,3.7405
1441,3.7406
1442,3.7406
1443,3.7408
1444,3.7409
1445,3.7409
1446,3.7411
1447,3.7413
1448,3.7413
1449,3.7414
1450,3.7416
1451,3.7416
1452,3.7417
1453,3.7417
1454,3.7419
1455,3.7421
1456,3.7421
1457,3.7422
1458,3.7422
1459,3.7424
1460,3.7425
1461,3.7425
1462,3.7427
1463,3.7429
1464,3.7429
1465,3.743
1466,3.7432
1467,3.7432
1468,3.7433
1469,3.7435
1470,3.7435
1471,3.7436
1472,3.7438
1473,3.7438
1474,3.744
1475,3.744
1476,3.7441
1477,3.7443
1478,3.7444
1479,3.7444
1480,3.7446
1481,3.7448
1482,3.7448
1483,3.7449
1484,3.7451
1485,3.7451
1486,3.7452
1487,3.7452
1488,3.7454
1489,3.7456
1490,3.7457
1491,3.7457
1492,3.7459
1493,3.746
1494,3.746
1495,3.7462
1496,3.7464
1497,3.7464
1498,3.7465
1499,3.7467
1500,3.7467
1501,3.7468
1502,3.747
1503,3.747
1504,3.7471
1505,3.7473
1506,3.7473
1507,3.7475
1508,3.7476
1509,3.7476
1510,3.7478
1511,3.7479
1512,3.7481
1513,3.7481
1514,3.7483
1515,3.7484
1516,3.7484
1517,3.7486
1518,3.7487
1519,3.7487
1520,3.7489
1521,3.7491
1522,3.7492
1523,3.7492
1524,3.7494
1525,3.7494
1526,3.7495
1527,3.7497
1528,3.7498
1529,3.7498
1530,3.75
1531,3.7502
1532,3.7503
1533,3.7503
1534,3.7505
1535,3.7506
1536,3.7506
1537,3.7508
1538,3.751
1539,3.7511
1540,3.7511
1541,3.7513
1542,3.7514
1543,3.7514
1544,3.7516
1545,3.7518
1546,3.7519
1547,3.7519
1548,3.7521
1549,3.7522
1550,3.7524
1551,3.7524
1552,3.7525
1553,3.7527
1554,3.7527
1555,3.7529
1556,3.753
1557,3.7532
1558,3.7532
1559,3.7533
1560,3.7535
1561,3.7537
1562,3.7537
1563,3.7538
1564,3.754
1565,3.7541
1566,3.7541
1567,3.7543
1568,3.7545
1569,3.7546
1570,3.7546
1571,3.7548
1572,3.7549
1573,3.7551
1574,3.7551
1575,3.7552
1576,3.7554
1577,3.7556
1578,3.7557
1579,3.7557
1580,3.7559
1581,3.756
1582,3.7562
1583,3.7562
1584,3.7564
1585,3.7565
1586,3.7565
1587,3.7567
1588,3.7568
1589,3.757
1590,3.7572
1591,3.7573
1592,3.7573
1593,3.7575
1594,3.7576
1595,3.7578
1596,3.7579
1597,3.7579
1598,3.7581
1599,3.7583
1600,3.7584
1601,3.7584
1602,3.7586
1603,3.7587
1604,3.7589
1605,3.7591
1606,3.7591
1607,3.7592
1608,3.7594
1609,3.7595
1610,3.7597
1611,3.7599
1612,3.7599
1613,3.76
1614,3.7602
1615,3.7603
1616,3.7605
1617,3.7605
1618,3.7607
1619,3.7608
1620,3.761
1621,3.7611
1622,3.7611
1623,3.7613
1624,3.7614
1625,3.7616
1626,3.7618
1627,3.7618
1628,3.7619
1629,3.7621
1630,3.7622
1631,3.7624
1632,3.7626
1633,3.7626
1634,3.7627
1635,3.7629
1636,3.763
1637,3.7632
1638,3.7634
1639,3.7634
1640,3.7635
1641,3.7637
1642,3.7638
1643,3.764
1644,3.7641
1645,3.7641
1646,3.7643
1647,3.7645
1648,3.7646
1649,3.7648
1650,3.7649
1651,3.7649
1652,3.7651
1653,3.7653
1654,3.7654
1655,3.7656
1656,3.7657
1657,3.7659
1658,3.7659
1659,3.7661
1660,3.7662
1661,3.7664
1662,3.7665
1663,3.7665
1664,3.7667
1665,3.7668
1666,3.767
1667,3.7672
1668,3.7673
1669,3.7675
1670,3.7676
1671,3.7678
1672,3.7678
1673,3.768
1674,3.7681
1675,3.7683
1676,3.7684
1677,3.7686
1678,3.7688
1679,3.7688
1680,3.7689
1681,3.7691
1682,3.7692
1683,3.7694
1684,3.7695
1685,3.7697
1686,3.7699
1687,3.77
1688,3.77
1689,3.7702
1690,3.7703
1691,3.7705
1692,3.7707
1693,3.7708
1694,3.771
1695,3.771
1696,3.7711
1697,3.7713
1698,3.7715
1699,3.7716
1700,3.7718
1701,3.7719
1702,3.7721
1703,3.7722
1704,3.7722
1705,3.7724
1706,3.7726
1707,3.7727
1708,3.7729
1709,3.773
1710,3.7732
1711,3.7734
1712,3.7735
1713,3.7737
1714,3.7737
1715,3.7738
1716,3.774
1717,3.7742
1718,3.7743
1719,3.7745
1720,3.7746
1721,3.7748
1722,3.7749
1723,3.7751
1724,3.7751
1725,3.7753
1726,3.7754
1727,3.7756
1728,3.7757
1729,3.7759
1730,3.7761
1731,3.7762
1732,3.7764
1733,3.7765
1734,3.7767
1735,3.7767
1736,3.7769
1737,3.777
1738,3.7772
1739,3.7773
1740,3.7775
1741,3.7777
1742,3.7778
1743,3.778
1744,3.7781
1745,3.7783
1746,3.7784
1747,3.7784
1748,3.7786
1749,3.7788
1750,3.7789
1751,3.7791
1752,3.7792
1753,3.7794
1754,3.7796
1755,3.7797
1756,3.7799
1757,3.78
1758,3.7802
1759,3.7804
1760,3.7805
1761,3.7807
1762,3.7808
1763,3.7808
1764,3.781
1765,3.7813
1766,3.7813
1767,3.7815
1768,3.7816
1769,3.7818
1770,3.7819
1771,3.7821
1772,3.7823
1773,3.7824
1774,3.7826
1775,3.7827
1776,3.7829
1777,3.7831
1778,3.7832
1779,3.7834
1780,3.7835
1781,3.7837
1782,3.7838
1783,3.784
1784,3.784
1785,3.7842
1786,3.7843
1787,3.7845
1788,3.7846
1789,3.7848
1790,3.785
1791,3.7851
1792,3.7853
1793,3.7854
1794,3.7856
1795,3.7858
1796,3.7859
1797,3.7861
1798,3.7862
1799,3.7864
1800,3.7865
1801,3.7867
1802,3.7869
1803,3.787
1804,3.7872
1805,3.7873
1806,3.7875
1807,3.7877
1808,3.7878
1809,3.788
1810,3.7881
1811,3.7883
1812,3.7885
1813,3.7886
1814,3.7888
1815,3.7889
1816,3.7891
1817,3.7892
1818,3.7894
1819,3.7896
1820,3.7897
1821,3.7899
1822,3.79
1823,3.7902
1824,3.7904
1825,3.7905
1826,3.7907
1827,3.7908
1828,3.791
1829,3.7912
1830,3.7913
1831,3.7915
1832,3.7916
1833,3.7918
1834,3.7919
1835,3.7921
1836,3.7923
1837,3.7924
1838,3.7926
1839,3.7927
1840,3.7929
1841,3.7931
1842,3.7932
1843,3.7934
1844,3.7935
1845,3.7937
1846,3.7939
1847,3.794
1848,3.7942
1849,3.7943
1850,3.7945
1851,3.7947
1852,3.7948
1853,3.795
1854,3.7951
1855,3.7953
1856,3.7954
1857,3.7956
1858,3.7958
1859,3.7959
1860,3.7961
1861,3.7962
1862,3.7964
1863,3.7966
1864,3.7967
1865,3.7969
1866,3.797
1867,3.7974
1868,3.7975
1869,3.7975
1870,3.7978
1871,3.798
1872,3.7981
1873,3.7983
1874,3.7985
1875,3.7986
1876,3.7988
1877,3.7989
1878,3.7991
1879,3.7993
1880,3.7994
1881,3.7996
1882,3.7997
1883,3.7999
1884,3.8001
1885,3.8002
1886,3.8004
1887,3.8005
1888,3.8008
1889,3.8008
1890,3.8012
1891,3.8013
1892,3.8015
1893,3.8016
1894,3.8018
1895,3.802
1896,3.8021
1897,3.8023
1898,3.8024
1899,3.8026
1900,3.8028
1901,3.8029
1902,3.8031
1903,3.8032
1904,3.8035
1905,3.8037
1906,3.8039
1907,3.804
1908,3.8042
1909,3.8043
1910,3.8045
1911,3.8047
1912,3.8048
1913,3.805
1914,3.8051
1915,3.8053
1916,3.8056
1917,3.8058
1918,3.8059
1919,3.8061
1920,3.8062
1921,3.8064
1922,3.8066
1923,3.8067
1924,3.8069
1925,3.8072
1926,3.8074
1927,3.8075
1928,3.8077
1929,3.8078
1930,3.808
1931,3.8082
1932,3.8083
1933,3.8085
1934,3.8088
1935,3.809
1936,3.8091
1937,3.8093
1938,3.8094
1939,3.8096
1940,3.8097
1941,3.8099
1942,3.8101
1943,3.8104
1944,3.8105
1945,3.8107
1946,3.8109
1947,3.811
1948,3.8112
1949,3.8113
1950,3.8117
1951,3.8118
1952,3.812
1953,3.8121
1954,3.8123
1955,3.8124
1956,3.8126
1957,3.8129
1958,3.8131
1959,3.8132
1960,3.8134
1961,3.8136
1962,3.8139
1963,3.814
1964,3.8142
1965,3.8144
1966,3.8145
1967,3.8147
1968,3.8148
1969,3.8151
1970,3.8153
1971,3.8155
1972,3.8156
1973,3.8158
1974,3.8159
1975,3.8163
1976,3.8164
1977,3.8166
1978,3.8167
1979,3.8169
1980,3.8172
1981,3.8174
1982,3.8175
1983,3.8177
1984,3.8178
1985,3.8182
1986,3.8183
1987,3.8185
1988,3.8186
1989,3.8188
1990,3.8191
1991,3.8193
1992,3.8194
1993,3.8196
1994,3.8198
1995,3.8201
1996,3.8202
1997,3.8204
1998,3.8205
1999,3.8209
2000,3.821
2001,3.8212
2002,3.8213
2003,3.8215
2004,3.8218
2005,3.822
2006,3.8221
2007,3.8223
2008,3.8226
2009,3.8228
2010,3.8229
2011,3.8231
2012,3.8233
2013,3.8236
2014,3.8237
2015,3.8239
2016,3.824
2017,3.8244
2018,3.8245
2019,3.8247
2020,3.8248
2021,3.8252
2022,3.8253
2023,3.8255
2024,3.8256
2025,3.826
2026,3.8261
2027,3.8263
2028,3.8264
2029,3.8267
2030,3.8269
2031,3.8271
2032,3.8274
2033,3.8275
2034,3.8277
2035,3.8279
2036,3.8282
2037,3.8283
2038,3.8285
2039,3.8288
2040,3.829
2041,3.8291
2042,3.8293
2043,3.8296
2044,3.8298
2045,3.8299
2046,3.8302
2047,3.8304
2048,3.8306
2049,3.8309
2050,3.831
2051,3.8312
2052,3.8314
2053,3.8317
2054,3.8318
2055,3.832
2056,3.8323
2057,3.8325
2058,3.8326
2059,3.8329
2060,3.8331
2061,3.8333
2062,3.8336
2063,3.8337
2064,3.8339
2065,3.8342
2066,3.8344
2067,3.8345
2068,3.8348
2069,3.835
2070,3.8352
2071,3.8355
2072,3.8356
2073,3.8358
2074,3.8361
2075,3.8363
2076,3.8364
2077,3.8368
2078,3.8369
2079,3.8372
2080,3.8374
2081,3.8375
2082,3.8379
2083,3.838
2084,3.8382
2085,3.8385
2086,3.8387
2087,3.8388
2088,3.8391
2089,3.8393
2090,3.8396
2091,3.8398
2092,3.8399
2093,3.8403
2094,3.8404
2095,3.8406
2096,3.8409
2097,3.841
2098,3.8414
2099,3.8415
2100,3.8417
2101,3.842
2102,3.8422
2103,3.8425
2104,3.8426
2105,3.8428
2106,3.8431
2107,3.8433
2108,3.8436
2109,3.8437
2110,3.8441
2111,3.8442
2112,3.8444
2113,3.8447
2114,3.8449
2115,3.8452
2116,3.8453
2117,3.8455
2118,3.8458
2119,3.846
2120,3.8463
2121,3.8464
2122,3.8468
2123,3.8469
2124,3.8472
2125,3.8474
2126,3.8476
2127,3.8479
2128,3.848
2129,3.8484
2130,3.8485
2131,3.8488
2132,3.849
2133,3.8493
2134,3.8495
2135,3.8496
2136,3.8499
2137,3.8501
2138,3.8504
2139,3.8506
2140,3.8509
2141,3.8511
2142,3.8514
2143,3.8515
2144,3.8517
2145,3.852
2146,3.8522
2147,3.8525
2148,3.8526
2149,3.853
2150,3.8531
2151,3.8534
2152,3.8536
2153,3.8539
2154,3.8541
2155,3.8544
2156,3.8546
2157,3.8549
2158,3.855
2159,3.8553
2160,3.8555
2161,3.8557
2162,3.856
2163,3.8563
2164,3.8565
2165,3.8566
2166,3.8569
2167,3.8571
2168,3.8574
2169,3.8576
2170,3.8579
2171,3.858
2172,3.8584
2173,3.8585
2174,3.8588
2175,3.859
2176,3.8593
2177,3.8595
2178,3.8598
2179,3.86
2180,3.8603
2181,3.8604
2182,3.8607
2183,3.8609
2184,3.8612
2185,3.8614
2186,3.8617
2187,3.8619
2188,3.8622
2189,3.8623
2190,3.8627
2191,3.8628
2192,3.8631
2193,3.8633
2194,3.8636
2195,3.8638
2196,3.8641
2197,3.8642
2198,3.8646
2199,3.8647
2200,3.865
2201,3.8652
2202,3.8655
2203,3.8657
2204,3.866
2205,3.8661
2206,3.8665
2207,3.8666
2208,3.8669
2209,3.8673
2210,3.8674
2211,3.8677
2212,3.8679
2213,3.8682
2214,3.8684
2215,3.8687
2216,3.8688
2217,3.8692
2218,3.8693
2219,3.8696
2220,3.8698
2221,3.8701
2222,3.8703
2223,3.8706
2224,3.8708
2225,3.8711
2226,3.8712
2227,3.8716
2228,3.8717
2229,3.872
2230,3.8722
2231,3.8725
2232,3.8727
2233,3.873
2234,3.8731
2235,3.8735
2236,3.8736
2237,3.8739
2238,3.8741
2239,3.8744
2240,3.8746
2241,3.8749
2242,3.8752
2243,3.8754
2244,3.8757
2245,3.8758
2246,3.8762
2247,3.8763
2248,3.8766
2249,3.8768
2250,3.8771
2251,3.8773
2252,3.8776
2253,3.8777
2254,3.8779
2255,3.8782
2256,3.8785
2257,3.8787
2258,3.879
2259,3.8792
2260,3.8795
2261,3.8797
2262,3.88
2263,3.8801
2264,3.8804
2265,3.8806
2266,3.8809
2267,3.8811
2268,3.8814
2269,3.8816
2270,3.8819
2271,3.882
2272,3.8824
2273,3.8825
2274,3.8828
2275,3.883
2276,3.8833
2277,3.8835
2278,3.8838
2279,3.8839
2280,3.8843
2281,3.8844
2282,3.8847
2283,3.8849
2284,3.8852
2285,3.8854
2286,3.8857
2287,3.8859
2288,3.8862
2289,3.8863
2290,3.8865
2291,3.8868
2292,3.887
2293,3.8873
2294,3.8874
2295,3.8878
2296,3.8879
2297,3.8882
2298,3.8884
2299,3.8887
2300,3.8889
2301,3.8892
2302,3.8893
2303,3.8897
2304,3.8898
2305,3.8901
2306,3.8903
2307,3.8906
2308,3.8908
2309,3.8911
2310,3.8913
2311,3.8916
2312,3.8917
2313,3.892
2314,3.8922
2315,3.8925
2316,3.8927
2317,3.893
2318,3.8932
2319,3.8935
2320,3.8936
2321,3.8938
2322,3.8941
2323,3.8943
2324,3.8946
2325,3.8947
2326,3.8951
2327,3.8952
2328,3.8955
2329,3.8957
2330,3.896
2331,3.8962
2332,3.8965
2333,3.8967
2334,3.8968
2335,3.8971
2336,3.8973
2337,3.8976
2338,3.8978
2339,3.8981
2340,3.8982
2341,3.8986
2342,3.8987
2343,3.899
2344,3.8992
2345,3.8995
2346,3.8997
2347,3.8998
2348,3.9001
2349,3.9003
2350,3.9006
2351,3.9008
2352,3.9011
2353,3.9013
2354,3.9016
2355,3.9017
2356,3.9021
2357,3.9022
2358,3.9024
2359,3.9027
2360,3.9029
2361,3.9032
2362,3.9033
2363,3.9036
2364,3.9038
2365,3.9041
2366,3.9043
2367,3.9044
2368,3.9048
2369,3.9049
2370,3.9052
2371,3.9054
2372,3.9057
2373,3.9059
2374,3.9062
2375,3.9063
2376,3.9067
2377,3.9068
2378,3.907
2379,3.9073
2380,3.9075
2381,3.9078
2382,3.9079
2383,3.9083
2384,3.9084
2385,3.9087
2386,3.9089
2387,3.9092
2388,3.9094
2389,3.9095
2390,3.9098
2391,3.91
2392,3.9103
2393,3.9105
2394,3.9108
2395,3.911
2396,3.9113
2397,3.9114
2398,3.9117
2399,3.9119
2400,3.9121
2401,3.9124
2402,3.9125
2403,3.9129
2404,3.913
2405,3.9133
2406,3.9135
2407,3.9138
2408,3.914
2409,3.9143
2410,3.9144
2411,3.9148
2412,3.9149
2413,3.9152
2414,3.9154
2415,3.9157
2416,3.9159
2417,3.9162
2418,3.9164
2419,3.9165
2420,3.9168
2421,3.917
2422,3.9173
2423,3.9175
2424,3.9178
2425,3.9179
2426,3.9183
2427,3.9184
2428,3.9187
2429,3.9189
2430,3.9192
2431,3.9194
2432,3.9197
2433,3.9199
2434,3.9202
2435,3.9203
2436,3.9206
2437,3.9208
2438,3.9211
2439,3.9213
2440,3.9216
2441,3.9218
2442,3.9221
2443,3.9222
2444,3.9226
2445,3.9227
2446,3.923
2447,3.9232
2448,3.9235
2449,3.9237
2450,3.924
2451,3.9241
2452,3.9245
2453,3.9246
2454,3.9249
2455,3.9251
2456,3.9254
2457,3.9256
2458,3.9259
2459,3.926
2460,3.9264
2461,3.9265
2462,3.9268
2463,3.927
2464,3.9273
2465,3.9275
2466,3.9278
2467,3.928
2468,3.9283
2469,3.9286
2470,3.9287
2471,3.9291
2472,3.9292
2473,3.9295
2474,3.9297
2475,3.93
2476,3.9302
2477,3.9305
2478,3.9307
2479,3.931
2480,3.9311
2481,3.9314
2482,3.9318
2483,3.9319
2484,3.9322
2485,3.9324
2486,3.9327
2487,3.9329
2488,3.9332
2489,3.9335
2490,3.9337
2491,3.934
2492,3.9342
2493,3.9345
2494,3.9346
2495,3.9349
2496,3.9353
2497,3.9354
2498,3.9357
2499,3.9359
2500,3.9362
2501,3.9364
2502,3.9367
2503,3.9369
2504,3.9372
2505,3.9375
2506,3.9376
2507,3.938
2508,3.9381
2509,3.9384
2510,3.9388
2511,3.9389
2512,3.9392
2513,3.9396
2514,3.9397
2515,3.94
2516,3.9402
2517,3.9405
2518,3.9408
2519,3.941
2520,3.9413
2521,3.9415
2522,3.9418
2523,3.9421
2524,3.9423
2525,3.9426
2526,3.9429
2527,3.943
2528,3.9434
2529,3.9435
2530,3.9438
2531,3.9442
2532,3.9443
2533,3.9446
2534,3.945
2535,3.9451
2536,3.9454
2537,3.9457
2538,3.9459
2539,3.9462
2540,3.9464
2541,3.9467
2542,3.947
2543,3.9472
2544,3.9475
2545,3.9478
2546,3.948
2547,3.9483
2548,3.9486
2549,3.9488
2550,3.9491
2551,3.9494
2552,3.9496
2553,3.9499
2554,3.9502
2555,3.9504
2556,3.9507
2557,3.951
2558,3.9512
2559,3.9515
2560,3.9518
2561,3.9519
2562,3.9523
2563,3.9526
2564,3.9529
2565,3.9531
2566,3.9534
2567,3.9537
2568,3.9539
2569,3.9542
2570,3.9545
2571,3.9546
2572,3.955
2573,3.9553
2574,3.9554
2575,3.9558
2576,3.9561
2577,3.9562
2578,3.9566
2579,3.9569
2580,3.9572
2581,3.9573
2582,3.9577
2583,3.958
2584,3.9581
2585,3.9585
2586,3.9588
2587,3.9589
2588,3.9593
2589,3.9596
2590,3.9599
2591,3.96
2592,3.9604
2593,3.9607
2594,3.9608
2595,3.9612
2596,3.9615
2597,3.9618
2598,3.962
2599,3.9623
2600,3.9626
2601,3.9627
2602,3.9631
2603,3.9634
2604,3.9635
2605,3.9639
2606,3.9642
2607,3.9645
2608,3.9647
2609,3.965
2610,3.9653
2611,3.9655
2612,3.9658
2613,3.9661
2614,3.9664
2615,3.9666
2616,3.9669
2617,3.9672
2618,3.9675
2619,3.9677
2620,3.968
2621,3.9683
2622,3.9685
2623,3.9688
2624,3.9691
2625,3.9693
2626,3.9696
2627,3.9699
2628,3.9702
2629,3.9704
2630,3.9707
2631,3.971
2632,3.9712
2633,3.9715
2634,3.9718
2635,3.9721
2636,3.9723
2637,3.9726
2638,3.9729
2639,3.9731
2640,3.9734
2641,3.9737
2642,3.9739
2643,3.9742
2644,3.9745
2645,3.9747
2646,3.975
2647,3.9753
2648,3.9755
2649,3.9758
2650,3.9761
2651,3.9763
2652,3.9766
2653,3.9769
2654,3.977
2655,3.9774
2656,3.9777
2657,3.978
2658,3.9782
2659,3.9785
2660,3.9788
2661,3.979
2662,3.9793
2663,3.9796
2664,3.9798
2665,3.9801
2666,3.9802
2667,3.9805
2668,3.9809
2669,3.981
2670,3.9813
2671,3.9817
2672,3.9818
2673,3.9821
2674,3.9825
2675,3.9826
2676,3.9829
2677,3.9831
2678,3.9834
2679,3.9837
2680,3.9839
2681,3.9842
2682,3.9845
2683,3.9847
2684,3.985
2685,3.9853
2686,3.9855
2687,3.9858
2688,3.9859
2689,3.9863
2690,3.9864
2691,3.9867
2692,3.9869
2693,3.9872
2694,3.9875
2695,3.9877
2696,3.988
2697,3.9882
2698,3.9885
2699,3.9886
2700,3.989
2701,3.9893
2702,3.9894
2703,3.9898
2704,3.9899
2705,3.9902
2706,3.9904
2707,3.9907
2708,3.9909
2709,3.9912
2710,3.9913
2711,3.9917
2712,3.9918
2713,3.9921
2714,3.9923
2715,3.9926
2716,3.9928
2717,3.9931
2718,3.9933
2719,3.9936
2720,3.9937
2721,3.994
2722,3.9942
2723,3.9945
2724,3.9947
2725,3.995
2726,3.9952
2727,3.9955
2728,3.9956
2729,3.996
2730,3.9961
2731,3.9964
2732,3.9966
2733,3.9968
2734,3.9971
2735,3.9972
2736,3.9975
2737,3.9977
2738,3.9979
2739,3.9982
2740,3.9983
2741,3.9987
2742,3.9988
2743,3.999
2744,3.9993
2745,3.9995
2746,3.9998
2747,3.9999
2748,4.0001
2749,4.0004
2750,4.0006
2751,4.0007
2752,4.001
2753,4.0012
2754,4.0015
2755,4.0017
2756,4.0018
2757,4.0022
2758,4.0023
2759,4.0025
2760,4.0028
2761,4.0029
2762,4.0031
2763,4.0034
2764,4.0036
2765,4.0037
2766,4.0041
2767,4.0042
2768,4.0044
2769,4.0045
2770,4.0049
2771,4.005
2772,4.0052
2773,4.0053
2774,4.0056
2775,4.0058
2776,4.006
2777,4.0061
2778,4.0064
2779,4.0066
2780,4.0068
2781,4.0071
2782,4.0072
2783,4.0074
2784,4.0076
2785,4.0077
2786,4.008
2787,4.0082
2788,4.0083
2789,4.0085
2790,4.0088
2791,4.009
2792,4.0091
2793,4.0093
2794,4.0095
2795,4.0098
2796,4.0099
2797,4.0101
2798,4.0103
2799,4.0104
2800,4.0106
2801,4.0109
2802,4.0111
2803,4.0112
2804,4.0114
2805,4.0115
2806,4.0117
2807,4.012
2808,4.0122
2809,4.0123
2810,4.0125
2811,4.0126
2812,4.0128
2813,4.013
2814,4.0133
2815,4.0134
2816,4.0136
2817,4.0138
2818,4.0139
2819,4.0141
2820,4.0142
2821,4.0144
2822,4.0145
2823,4.0149
2824,4.015
2825,4.0152
2826,4.0153
2827,4.0155
2828,4.0157
2829,4.0158
2830,4.016
2831,4.0161
2832,4.0163
2833,4.0165
2834,4.0168
2835,4.0169
2836,4.0171
2837,4.0172
2838,4.0174
2839,4.0176
2840,4.0177
2841,4.0179
2842,4.018
2843,4.0182
2844,4.0184
2845,4.0185
2846,4.0187
2847,4.0188
2848,4.019
2849,4.0192
2850,4.0195
2851,4.0196
2852,4.0198
2853,4.0199
2854,4.0201
2855,4.0203
2856,4.0204
2857,4.0206
2858,4.0207
2859,4.0209
2860,4.0211
2861,4.0212
2862,4.0214
2863,4.0215
2864,4.0217
2865,4.0219
2866,4.022
2867,4.0222
2868,4.0223
2869,4.0225
2870,4.0226
2871,4.0228
2872,4.023
2873,4.0231
2874,4.0233
2875,4.0234
2876,4.0236
2877,4.0238
2878,4.0239
2879,4.0241
2880,4.0242
2881,4.0244
2882,4.0246
2883,4.0247
2884,4.0249
2885,4.025
2886,4.0252
2887,4.0253
2888,4.0255
2889,4.0257
2890,4.0258
2891,4.026
2892,4.0261
2893,4.0263
2894,4.0265
2895,4.0266
2896,4.0268
2897,4.0269
2898,4.0271
2899,4.0273
2900,4.0274
2901,4.0276
2902,4.0277
2903,4.0279
2904,4.0281
2905,4.0282
2906,4.0284
2907,4.0285
2908,4.0287
2909,4.0288
2910,4.029
2911,4.0292
2912,4.0293
2913,4.0295
2914,4.0296
2915,4.0298
2916,4.03
2917,4.0301
2918,4.0303
2919,4.0304
2920,4.0306
2921,4.0308
2922,4.0309
2923,4.0311
2924,4.0312
2925,4.0314
2926,4.0315
2927,4.0317
2928,4.0319
2929,4.032
2930,4.0322
2931,4.0323
2932,4.0325
2933,4.0327
2934,4.033
2935,4.0331
2936,4.0333
2937,4.0335
2938,4.0336
2939,4.0338
2940,4.0339
2941,4.0341
2942,4.0342
2943,4.0344
2944,4.0346
2945,4.0347
2946,4.0349
2947,4.035
2948,4.0352
2949,4.0354
2950,4.0355
2951,4.0357
2952,4.036
2953,4.0362
2954,4.0363
2955,4.0365
2956,4.0366
2957,4.0368
2958,4.0369
2959,4.0371
2960,4.0373
2961,4.0374
2962,4.0377
2963,4.0379
2964,4.0381
2965,4.0382
2966,4.0384
2967,4.0385
2968,4.0387
2969,4.0389
2970,4.039
2971,4.0393
2972,4.0395
2973,4.0396
2974,4.0398
2975,4.04
2976,4.0401
2977,4.0404
2978,4.0406
2979,4.0408
2980,4.0409
2981,4.0411
2982,4.0414
2983,4.0416
2984,4.0417
2985,4.0419
2986,4.042
2987,4.0424
2988,4.0425
2989,4.0427
2990,4.0428
2991,4.043
2992,4.0433
2993,4.0435
2994,4.0436
2995,4.0438
2996,4.0441
2997,4.0443
2998,4.0444
2999,4.0446
3000,4.0449
3001,4.0451
3002,4.0452
3003,4.0455
3004,4.0457
3005,4.0458
3006,4.046
3007,4.0463
3008,4.0465
3009,4.0466
3010,4.047
3011,4.0471
3012,4.0473
3013,4.0476
3014,4.0478
3015,4.0479
3016,4.0482
3017,4.0484
3018,4.0485
3019,4.0489
3020,4.049
3021,4.0493
3022,4.0495
3023,4.0497
3024,4.05
3025,4.0501
3026,4.0505
3027,4.0506
3028,4.0508
3029,4.0511
3030,4.0512
3031,4.0516
3032,4.0517
3033,4.052
3034,4.0522
3035,4.0525
3036,4.0527
3037,4.053
3038,4.0532
3039,4.0535
3040,4.0536
3041,4.0539
3042,4.0541
3043,4.0544
3044,4.0546
3045,4.0549
3046,4.0551
3047,4.0554
3048,4.0555
3049,4.0559
3050,4.056
3051,4.0563
3052,4.0565
3053,4.0568
3054,4.0571
3055,4.0573
3056,4.0576
3057,4.0578
3058,4.0581
3059,4.0584
3060,4.0586
3061,4.0589
3062,4.0592
3063,4.0594
3064,4.0597
3065,4.0598
3066,4.0601
3067,4.0605
3068,4.0608
3069,4.0609
3070,4.0613
3071,4.0614
3072,4.0617
3073,4.0621
3074,4.0624
3075,4.0625
3076,4.0628
3077,4.0632
3078,4.0635
3079,4.0636
3080,4.064
3081,4.0643
3082,4.0644
3083,4.0648
3084,4.0651
3085,4.0654
3086,4.0655
3087,4.0659
3088,4.0662
3089,4.0665
3090,4.0668
3091,4.067
3092,4.0673
3093,4.0676
3094,4.0679
3095,4.0682
3096,4.0684
3097,4.0687
3098,4.069
3099,4.0694
3100,4.0697
3101,4.07
3102,4.0702
3103,4.0705
3104,4.0708
3105,4.0711
3106,4.0714
3107,4.0717
3108,4.0719
3109,4.0722
3110,4.0725
3111,4.0729
3112,4.0732
3113,4.0735
3114,4.0738
3115,4.0741
3116,4.0744
3117,4.0746
3118,4.0749
3119,4.0752
3120,4.0756
3121,4.0759
3122,4.0762
3123,4.0765
3124,4.0767
3125,4.077
3126,4.0773
3127,4.0776
3128,4.0779
3129,4.0783
3130,4.0786
3131,4.0789
3132,4.0792
3133,4.0795
3134,4.0798
3135,4.0802
3136,4.0805
3137,4.0808
3138,4.081
3139,4.0813
3140,4.0816
3141,4.0819
3142,4.0822
3143,4.0825
3144,4.0829
3145,4.0832
3146,4.0835
3147,4.0838
3148,4.0841
3149,4.0845
3150,4.0848
3151,4.0851
3152,4.0854
3153,4.0857
3154,4.0859
3155,4.0862
3156,4.0865
3157,4.0868
3158,4.0872
3159,4.0875
3160,4.0878
3161,4.0881
3162,4.0884
3163,4.0887
3164,4.0891
3165,4.0894
3166,4.0897
3167,4.09
3168,4.0903
3169,4.0907
3170,4.091
3171,4.0913
3172,4.0916
3173,4.0919
3174,4.0921
3175,4.0924
3176,4.0927
3177,4.093
3178,4.0934
3179,4.0937
3180,4.094
3181,4.0943
3182,4.0946
3183,4.0949
3184,4.0953
3185,4.0956
3186,4.0959
3187,4.0962
3188,4.0965
3189,4.0968
3190,4.097
3191,4.0973
3192,4.0976
3193,4.098
3194,4.0983
3195,4.0986
3196,4.0989
3197,4.0992
3198,4.0995
3199,4.0999
3200,4.1002
3201,4.1005
3202,4.1008
3203,4.101
3204,4.1013
3205,4.1016
3206,4.1019
3207,4.1022
3208,4.1026
3209,4.1029
3210,4.1032
3211,4.1034
3212,4.1037
3213,4.104
3214,4.1043
3215,4.1046
3216,4.1049
3217,4.1053
3218,4.1056
3219,4.1057
3220,4.1061
3221,4.1064
3222,4.1067
3223,4.107
3224,4.1073
3225,4.1075
3226,4.1078
3227,4.1081
3228,4.1084
3229,4.1088
3230,4.1091
3231,4.1092
3232,4.1096
3233,4.1099
3234,4.1102
3235,4.1105
3236,4.1107
3237,4.111
3238,4.1113
3239,4.1116
3240,4.1119
3241,4.1123
3242,4.1124
3243,4.1127
3244,4.1131
3245,4.1134
3246,4.1135
3247,4.1138
3248,4.1142
3249,4.1143
3250,4.1146
3251,4.115
3252,4.1153
3253,4.1154
3254,4.1158
3255,4.1161
3256,4.1164
3257,4.1165
3258,4.1169
3259,4.1172
3260,4.1173
3261,4.1177
3262,4.118
3263,4.1181
3264,4.1185
3265,4.1188
3266,4.1191
3267,4.1192
3268,4.1196
3269,4.1199
3270,4.12
3271,4.1204
3272,4.1207
3273,4.1208
3274,4.1212
3275,4.1213
3276,4.1216
3277,4.122
3278,4.1221
3279,4.1224
3280,4.1227
3281,4.1229
3282,4.1232
3283,4.1234
3284,4.1237
3285,4.124
3286,4.1242
3287,4.1245
3288,4.1247
3289,4.125
3290,4.1251
3291,4.1254
3292,4.1256
3293,4.1259
3294,4.1262
3295,4.1264
3296,4.1267
3297,4.1269
3298,4.1272
3299,4.1274
3300,4.1277
3301,4.1278
3302,4.1281
3303,4.1283
3304,4.1286
3305,4.1288
3306,4.1291
3307,4.1293
3308,4.1296
3309,4.1297
3310,4.1301
3311,4.1302
3312,4.1304
3313,4.1307
3314,4.1308
3315,4.1312
3316,4.1313
3317,4.1316
3318,4.1318
3319,4.132
3320,4.1323
3321,4.1324
3322,4.1326
3323,4.1329
3324,4.1332
3325,4.1334
3326,4.1335
3327,4.1339
3328,4.134
3329,4.1342
3330,4.1343
3331,4.1347
3332,4.1348
3333,4.1351
3334,4.1353
3335,4.1355
3336,4.1358
3337,4.1359
3338,4.1361
3339,4.1363
3340,4.1366
3341,4.1367
3342,4.1369
3343,4.1372
3344,4.1374
3345,4.1375
3346,4.1378
3347,4.138
3348,4.1382
3349,4.1383
3350,4.1385
3351,4.1388
3352,4.139
3353,4.1391
3354,4.1393
3355,4.1396
3356,4.1397
3357,4.1399
3358,4.1401
3359,4.1402
3360,4.1405
3361,4.1407
3362,4.1409
3363,4.141
3364,4.1412
3365,4.1415
3366,4.1417
3367,4.1418
3368,4.142
3369,4.1421
3370,4.1423
3371,4.1424
3372,4.1428
3373,4.1429
3374,4.1431
3375,4.1432
3376,4.1434
3377,4.1436
3378,4.1437
3379,4.1439
3380,4.144
3381,4.1444
3382,4.1445
3383,4.1447
3384,4.1448
3385,4.145
3386,4.1451
3387,4.1453
3388,4.1455
3389,4.1456
3390,4.1458
3391,4.1459
3392,4.1461
3393,4.1463
3394,4.1464
3395,4.1466
3396,4.1467
3397,4.1469
3398,4.1471
3399,4.1472
3400,4.1474
3401,4.1475
3402,4.1477
3403,4.1478
3404,4.148
3405,4.1482
3406,4.1483
3407,4.1485
3408,4.1486
3409,4.1488
3410,4.149
3411,4.1491
3412,4.1493
3413,4.1494
3414,4.1496
3415,4.1496
3416,4.1498
3417,4.1499
3418,4.1501
3419,4.1502
3420,4.1504
3421,4.1506
3422,4.1507
3423,4.1509
3424,4.1509
3425,4.151
3426,4.1512
3427,4.1513
3428,4.1515
3429,4.1517
3430,4.1518
3431,4.1518
3432,4.152
3433,4.1521
3434,4.1523
3435,4.1525
3436,4.1526
3437,4.1526
3438,4.1528
3439,4.1529
3440,4.1531
3441,4.1533
3442,4.1533
3443,4.1534
3444,4.1536
3445,4.1537
3446,4.1539
3447,4.1539
3448,4.154
3449,4.1542
3450,4.1544
3451,4.1544
3452,4.1545
3453,4.1547
3454,4.1548
3455,4.1548
3456,4.155
3457,4.1552
3458,4.1552
3459,4.1553
3460,4.1555
3461,4.1556
3462,4.1556
3463,4.1558
3464,4.156
3465,4.1561
3466,4.1561
3467,4.1563
3468,4.1564
3469,4.1564
3470,4.1566
3471,4.1567
3472,4.1567
3473,4.1569
3474,4.1571
3475,4.1571
3476,4.1572
3477,4.1572
3478,4.1574
3479,4.1575
3480,4.1577
3481,4.1577
3482,4.1579
3483,4.1579
3484,4.158
3485,4.1582
3486,4.1582
3487,4.1583
3488,4.1583
3489,4.1585
3490,4.1587
3491,4.1587
3492,4.1588
3493,4.159
3494,4.159
3495,4.1591
3496,4.1591
3497,4.1593
3498,4.1593
3499,4.1594
3500,4.1596
3501,4.1596
3502,4.1598
3503,4.1598
3504,4.1599
3505,4.1601
3506,4.1601
3507,4.1602
3508,4.1602
3509,4.1604
3510,4.1604
3511,4.1606
3512,4.1606
3513,4.1607
3514,4.1607
3515,4.1609
3516,4.161
3517,4.161
3518,4.1612
3519,4.1612
3520,4.1614
3521,4.1614
3522,4.1615
3523,4.1615
3524,4.1617
3525,4.1617
3526,4.1618
3527,4.1618
3528,4.162
3529,4.162
3530,4.1621
3531,4.1623
3532,4.1623
3533,4.1625
3534,4.1625
3535,4.1625
3536,4.1626
3537,4.1628
3538,4.1628
3539,4.1629
3540,4.1629
3541,4.1631
3542,4.1631
3543,4.1633
3544,4.1633
3545,4.1634
3546,4.1634
3547,4.1636
3548,4.1636
3549,4.1637
3550,4.1637
3551,4.1639
3552,4.1639
3553,4.1641
3554,4.1641
3555,4.1642
3556,4.1642
3557,4.1644
3558,4.1644
3559,4.1645
3560,4.1645
3561,4.1647
3562,4.1647
3563,4.1648
3564,4.1648
3565,4.165
3566,4.165
3567,4.1652
3568,4.1652
3569,4.1653
3570,4.1653
3571,4.1655
3572,4.1655
3573,4.1656
3574,4.1656
3575,4.1658
3576,4.1658
3577,4.166
3578,4.166
3579,4.1661
3580,4.1661
3581,4.1663
3582,4.1663
3583,4.1664
3584,4.1664
3585,4.1666
3586,4.1666
3587,4.1668
3588,4.1668
3589,4.1669
3590,4.1669
3591,4.1671
3592,4.1671
3593,4.1672
3594,4.1674
3595,4.1674
3596,4.1676
3597,4.1676
3598,4.1676
3599,4.1677
3600,4.1679
3601,4.1679
3602,4.168
3603,4.168
3604,4.1682
3605,4.1682
3606,4.1683
3607,4.1685
3608,4.1685
3609,4.1687
3610,4.1687
3611,4.1688
3612,4.1688
3613,4.169
3614,4.169
3615,4.1691
3616,4.1693
3617,4.1693
3618,4.1695
3619,4.1695
3620,4.1696
3621,4.1696
3622,4.1698
3623,4.1699
3624,4.1699
3625,4.1701
3626,4.1701
3627,4.1703
3628,4.1704
3629,4.1704
3630,4.1706
3631,4.1706
3632,4.1707
3633,4.1709
3634,4.1709
3635,4.171
3636,4.171
3637,4.1712
3638,4.1714
3639,4.1714
3640,4.1715
3641,4.1717
3642,4.1717
3643,4.1718
3644,4.1718
3645,4.172
3646,4.1722
3647,4.1722
3648,4.1723
3649,4.1725
3650,4.1725
3651,4.1726
3652,4.1728
3653,4.1728
3654,4.173
3655,4.1731
3656,4.1731
3657,4.1733
3658,4.1734
3659,4.1734
3660,4.1736
3661,4.1737
3662,4.1737
3663,4.1739
3664,4.1741
3665,4.1742
3666,4.1742
3667,4.1744
3668,4.1745
3669,4.1745
3670,4.1747
3671,4.1749
3672,4.175
3673,4.175
3674,4.1752
3675,4.1753
3676,4.1755
3677,4.1755
3678,4.1757
3679,4.1758
3680,4.176
3681,4.1761
3682,4.1761
3683,4.1763
3684,4.1764
3685,4.1766
3686,4.1768
3687,4.1768
3688,4.1769
3689,4.1771
3690,4.1772
3691,4.1774
3692,4.1776
3693,4.1776
3694,4.1777
3695,4.1779
3696,4.178
3697,4.1782
3698,4.1784
3699,4.1785
3700,4.1787
3701,4.1787
3702,4.1788
3703,4.179
3704,4.1791
3705,4.1793
3706,4.1795
3707,4.1796
3708,4.1798
3709,4.1799
3710,4.1801
3711,4.1803
3712,4.1804
3713,4.1806
3714,4.1807
3715,4.1809
3716,4.1811
3717,4.1812
3718,4.1814
3719,4.1815
3720,4.1817
3721,4.1818
3722,4.182
3723,4.1822
3724,4.1823
3725,4.1825
3726,4.1826
3727,4.1828
3728,4.183
3729,4.1831
3730,4.1833
3731,4.1834
3732,4.1838
3733,4.1839
3734,4.1841
3735,4.1842
3736,4.1844
3737,4.1846
3738,4.1847
3739,4.185
3740,4.1852
3741,4.1853
3742,4.1855
3743,4.1857
3744,4.186
3745,4.1861
3746,4.1863
3747,4.1865
3748,4.1868
3749,4.1869
3750,4.1871
3751,4.1874
3752,4.1876
3753,4.1877
3754,4.188
3755,4.1882
3756,4.1884
3757,4.1887
3758,4.1888
3759,4.189
3760,4.1893
3761,4.1895
3762,4.1898
3763,4.19
3764,4.1903
3765,4.1904
3766,4.1907
3767,4.1909
3768,4.1911
3769,4.1914
3770,4.1915
3771,4.1919
3772,4.1922
3773,4.1923
3774,4.1927
3775,4.1928
3776,4.1931
3777,4.1934
3778,4.1936
3779,4.1939
3780,4.1942
3781,4.1944
3782,4.1947
3783,4.195
3784,4.1954
3785,4.1955
3786,4.1958
3787,4.1961
3788,4.1965
3789,4.1966
3790,4.1969
3791,4.1973
3792,4.1976
3793,4.1979
3794,4.1982
3795,4.1985
3796,4.1989
3797,4.1992
3798,4.1995
3799,4.1998
3800,4.2001
3801,4.2004
3802,4.2008
3803,4.2011
3804,4.2014
3805,4.2017
3806,4.202
3807,4.2023
3808,4.2028
3809,4.2031
3810,4.2035
3811,4.2038
3812,4.2041
3813,4.2046
3814,4.2049
3815,4.2052
3816,4.2057
3817,4.206
3818,4.2063
3819,4.2068
3820,4.2071
3821,4.2076
3822,4.2079
3823,4.2084
3824,4.2087
3825,4.2092
3826,4.2097
3827,4.21
3828,4.2104
3829,4.2109
3830,4.2112
3831,4.2117
3832,4.2122
3833,4.2125
3834,4.213
3835,4.2135
3836,4.2139
3837,4.2144
3838,4.2149
3839,4.2152
3840,4.2157
3841,4.2162
3842,4.2166
3843,4.2173
3844,4.2178
3845,4.2182
3846,4.2187
3847,4.2192
3848,4.2197
3849,4.2201
3850,4.2208
3851,4.2213
3852,4.2217
3853,4.2224
3854,4.2228
3855,4.2233
3856,4.224
3857,4.2244
3858,4.2251
3859,4.2255
3860,4.2262
3861,4.2267
3862,4.2273
3863,4.2279
3864,4.2284
3865,4.229
3866,4.2297
3867,4.2303
3868,4.2308
3869,4.2314
3870,4.2321
3871,4.2327
3872,4.2333
3873,4.234
3874,4.2346
3875,4.2352
3876,4.2359
3877,4.2365
3878,4.2373
3879,4.2379
3880,4.2386
3881,4.2392
3882,4.24
3883,4.2406
3884,4.2413
3885,4.2421
3886,4.2427
3887,4.2435
3888,4.2441
3889,4.2449
3890,4.2457
3891,4.2464
3892,4.2472
3893,4.2479
3894,4.2486
3895,4.2494
3896,4.2502
3897,4.251
3898,4.2518
3899,4.2526
3900,4.2533
3901,4.2541
3902,4.2549
3903,4.2557
3904,4.2565
3905,4.2573
3906,4.2583
3907,4.2591
3908,4.2599
3909,4.2607
3910,4.2616
3911,4.2624
3912,4.2632
3913,4.2642
3914,4.2651
3915,4.2659
3916,4.2669
3917,4.2678
3918,4.2686
3919,4.2696
3920,4.2703
3921,4.2713
3922,4.2723
3923,4.2732
3924,4.2742
3925,4.2751
3926,4.2761
3927,4.277
3928,4.278
3929,4.2789
3930,4.2799
3931,4.2808
3932,4.2818
3933,4.2829
3934,4.2839
3935,4.2848
3936,4.2859
3937,4.2869
3938,4.2878
3939,4.2889
3940,4.2899
3941,4.291
3942,4.292
3943,4.2931
3944,4.294
3945,4.2951
3946,4.2962
3947,4.2974
3948,4.2983
3949,4.2994
3950,4.3001
3951,4.3001
3952,4.3001
3953,4.2999
3954,4.3001
3955,4.3001
3956,4.3001
3957,4.3001
3958,4.2976
3959,4.2957
3960,4.2949
3961,4.2944
3962,4.2939
3963,4.2934
3964,4.2931
3965,4.2928
3966,4.2925
3967,4.2923
3968,4.2922
3969,4.2918
3970,4.2917
3971,4.2915
3972,4.2914
3973,4.2912
3974,4.291
3975,4.2909
3976,4.2909
3977,4.2907
3978,4.2906
3979,4.2904
3980,4.2904
3981,4.2903
3982,4.2901
3983,4.2901
3984,4.2899
3985,4.2898
3986,4.2898
3987,4.2896
3988,4.2896
3989,4.2895
3990,4.2895
3991,4.2893
3992,4.2893
3993,4.2891
3994,4.2891
3995,4.289
3996,4.289
3997,4.2888
3998,4.2888
3999,4.2888
4000,4.2887
4001,4.2887
4002,4.2885
4003,4.2885
4004,4.2885
4005,4.2883
4006,4.2883
4007,4.2882
4008,4.2882
4009,4.2882
4010,4.288
4011,4.288
4012,4.288
4013,4.2879
4014,4.2879
4015,4.2879
4016,4.2877
4017,4.2877
4018,4.2877
4019,4.2876
4020,4.2876
4021,4.2876
4022,4.2874
4023,4.2874
4024,4.2874
4025,4.2874
4026,4.2872
4027,4.2872
4028,4.2872
4029,4.2871
4030,4.2871
4031,4.2871
4032,4.2869
4033,4.2869
4034,4.2869
4035,4.2869
4036,4.2869
4037,4.2868
4038,4.2868
4039,4.2868
4040,4.2866
4041,4.2866
4042,4.2866
4043,4.2866
4044,4.2864
4045,4.2864
4046,4.2864
4047,4.2864
4048,4.2863
4049,4.2863
4050,4.2863
4051,4.2863
4052,4.2861
4053,4.2861
4054,4.2861
4055,4.2861
4056,4.2861
4057,4.286
4058,4.286
4059,4.286
4060,4.286
4061,4.2858
4062,4.2858
4063,4.2858
4064,4.2858
4065,4.2858
4066,4.2856
4067,4.2856
4068,4.2856
4069,4.2856
4070,4.2856
4071,4.2855
4072,4.2855
4073,4.2855
4074,4.2855
4075,4.2853
4076,4.2853
4077,4.2853
4078,4.2853
4079,4.2853
4080,4.2853
4081,4.2852
4082,4.2852
4083,4.2852
4084,4.2852
4085,4.285
4086,4.285
4087,4.285
4088,4.285
4089,4.285
4090,4.285
4091,4.2849
4092,4.2849
4093,4.2849
4094,4.2849
4095,4.2849
4096,4.2849
4097,4.2847
4098,4.2847
4099,4.2847
4100,4.2847
4101,4.2847
4102,4.2845
4103,4.2845
4104,4.2845
4105,4.2845
4106,4.2845
4107,4.2845
4108,4.2844
4109,4.2844
4110,4.2844
4111,4.2844
4112,4.2844
4113,4.2844
4114,4.2842
4115,4.2842
4116,4.2842
4117,4.2842
4118,4.2842
4119,4.2842
4120,4.2842
4121,4.2841
4122,4.2841
4123,4.2841
4124,4.2841
4125,4.2841
4126,4.2841
4127,4.2839
4128,4.2839
4129,4.2839
4130,4.2839
4131,4.2839
4132,4.2839
4133,4.2837
4134,4.2837
4135,4.2837
4136,4.2837
4137,4.2837
4138,4.2837
4139,4.2785
4140,4.2742
4141,4.272
4142,4.2701
4143,4.2683
4144,4.2667
4145,4.2653
4146,4.2639
4147,4.2625
4148,4.2612
4149,4.2599
4150,4.2586
4151,4.2574
4152,4.2563
4153,4.255
4154,4.2539
4155,4.2528
4156,4.2517
4157,4.2506
4158,4.2494
4159,4.2483
4160,4.2472
4161,4.2463
4162,4.2452
4163,4.2442
4164,4.2431
4165,4.2421
4166,4.2412
4167,4.2401
4168,4.2391
4169,4.2382
4170,4.2372
4171,4.2363
4172,4.2355
4173,4.2345
4174,4.2336
4175,4.2326
4176,4.2318
4177,4.2309
4178,4.2299
4179,4.2291
4180,4.2282
4181,4.2274
4182,4.2266
4183,4.2258
4184,4.2248
4185,4.224
4186,4.2232
4187,4.2224
4188,4.2216
4189,4.2209
4190,4.2201
4191,4.2193
4192,4.2185
4193,4.2178
4194,4.217
4195,4.2162
4196,4.2156
4197,4.2148
4198,4.214
4199,4.2134
4200,4.2126
4201,4.212
4202,4.2113
4203,4.2105
4204,4.2099
4205,4.2093
4206,4.2085
4207,4.2078
4208,4.2072
4209,4.2066
4210,4.2059
4211,4.2053
4212,4.2047
4213,4.204
4214,4.2034
4215,4.2029
4216,4.2023
4217,4.2016
4218,4.201
4219,4.2005
4220,4.1999
4221,4.1994
4222,4.1988
4223,4.1981
4224,4.1977
4225,4.197
4226,4.1966
4227,4.1961
4228,4.1954
4229,4.195
4230,4.1945
4231,4.194
4232,4.1934
4233,4.1929
4234,4.1924
4235,4.192
4236,4.1915
4237,4.191
4238,4.1905
4239,4.19
4240,4.1896
4241,4.1891
4242,4.1886
4243,4.1881
4244,4.1877
4245,4.1873
4246,4.1869
4247,4.1864
4248,4.1859
4249,4.1856
4250,4.1851
4251,4.1848
4252,4.1843
4253,4.1839
4254,4.1835
4255,4.1831
4256,4.1827
4257,4.1823
4258,4.1819
4259,4.1816
4260,4.1812
4261,4.1808
4262,4.1805
4263,4.18
4264,4.1797
4265,4.1794
4266,4.1789
4267,4.1786
4268,4.1783
4269,4.178
4270,4.1777
4271,4.1773
4272,4.177
4273,4.1767
4274,4.1764
4275,4.1761
4276,4.1758
4277,4.1754
4278,4.1751
4279,4.1748
4280,4.1745
4281,4.1742
4282,4.1738
4283,4.1735
4284,4.1732
4285,4.1729
4286,4.1727
4287,4.1724
4288,4.1721
4289,4.1718
4290,4.1716
4291,4.1713
4292,4.171
4293,4.1708
4294,4.1705
4295,4.1702
4296,4.17
4297,4.1697
4298,4.1696
4299,4.1692
4300,4.1689
4301,4.1688
4302,4.1684
4303,4.1683
4304,4.1681
4305,4.1678
4306,4.1675
4307,4.1673
4308,4.167
4309,4.1669
4310,4.1667
4311,4.1664
4312,4.1662
4313,4.1659
4314,4.1657
4315,4.1656
4316,4.1653
4317,4.1651
4318,4.165
4319,4.1646
4320,4.1645
4321,4.1643
4322,4.1642
4323,4.1638
4324,4.1637
4325,4.1635
4326,4.1634
4327,4.1632
4328,4.1629
4329,4.1627
4330,4.1626
4331,4.1624
4332,4.1623
4333,4.1621
4334,4.1619
4335,4.1616
4336,4.1615
4337,4.1613
4338,4.1611
4339,4.161
4340,4.1608
4341,4.1607
4342,4.1605
4343,4.1604
4344,4.1602
4345,4.16
4346,4.1599
4347,4.1597
4348,4.1596
4349,4.1594
4350,4.1592
4351,4.1591
4352,4.1589
4353,4.1588
4354,4.1586
4355,4.1584
4356,4.1583
4357,4.1581
4358,4.158
4359,4.1578
4360,4.1578
4361,4.1577
4362,4.1575
4363,4.1573
4364,4.1572
4365,4.157
4366,4.1569
4367,4.1567
4368,4.1567
4369,4.1565
4370,4.1564
4371,4.1562
4372,4.1561
4373,4.1561
4374,4.1559
4375,4.1557
4376,4.1556
4377,4.1554
4378,4.1554
4379,4.1553
4380,4.1551
4381,4.155
4382,4.155
4383,4.1548
4384,4.1546
4385,4.1545
4386,4.1545
4387,4.1543
4388,4.1542
4389,4.1542
4390,4.154
4391,4.1538
4392,4.1537
4393,4.1537
4394,4.1535
4395,4.1534
4396,4.1534
4397,4.1532
4398,4.153
4399,4.1529
4400,4.1529
4401,4.1527
4402,4.1527
4403,4.1526
4404,4.1524
4405,4.1524
4406,4.1523
4407,4.1521
4408,4.1521
4409,4.1519
4410,4.1519
4411,4.1518
4412,4.1516
4413,4.1516
4414,4.1515
4415,4.1513
4416,4.1513
4417,4.1511
4418,4.1511
4419,4.151
4420,4.151
4421,4.1508
4422,4.1507
4423,4.1507
4424,4.1505
4425,4.1505
4426,4.1503
4427,4.1503
4428,4.1502
4429,4.1502
4430,4.15
4431,4.1499
4432,4.1499
4433,4.1497
4434,4.1497
4435,4.1496
4436,4.1496
4437,4.1494
4438,4.1494
4439,4.1492
4440,4.1492
4441,4.1491
4442,4.1491
4443,4.1489
4444,4.1489
4445,4.1488
4446,4.1488
4447,4.1486
4448,4.1486
4449,4.1484
4450,4.1484
4451,4.1483
4452,4.1481
4453,4.1481
4454,4.1481
4455,4.148
4456,4.1478
4457,4.1478
4458,4.1478
4459,4.1476
4460,4.1476
4461,4.1475
4462,4.1475
4463,4.1473
4464,4.1473
4465,4.1472
4466,4.1472
4467,4.147
4468,4.147
4469,4.1469
4470,4.1469
4471,4.1467
4472,4.1467
4473,4.1465
4474,4.1465
4475,4.1465
4476,4.1464
4477,4.1464
4478,4.1462
4479,4.1462
4480,4.1461
4481,4.1461
4482,4.1459
4483,4.1459
4484,4.1457
4485,4.1457
4486,4.1456
4487,4.1456
4488,4.1456
4489,4.1454
4490,4.1454
4491,4.1453
4492,4.1453
4493,4.1451
4494,4.1451
4495,4.1449
4496,4.1449
4497,4.1449
4498,4.1448
4499,4.1446
4500,4.1446
4501,4.1446
4502,4.1445
4503,4.1445
4504,4.1443
4505,4.1443
4506,4.1442
4507,4.1442
4508,4.1442
4509,4.144
4510,4.144
4511,4.1438
4512,4.1438
4513,4.1437
4514,4.1437
4515,4.1435
4516,4.1435
4517,4.1435
4518,4.1434
4519,4.1434
4520,4.1432
4521,4.1432
4522,4.143
4523,4.143
4524,4.143
4525,4.1429
4526,4.1429
4527,4.1427
4528,4.1427
4529,4.1426
4530,4.1426
4531,4.1424
4532,4.1424
4533,4.1424
4534,4.1422
4535,4.1422
4536,4.1421
4537,4.1421
4538,4.1419
4539,4.1419
4540,4.1419
4541,4.1418
4542,4.1418
4543,4.1416
4544,4.1416
4545,4.1415
4546,4.1415
4547,4.1415
4548,4.1413
4549,4.1411
4550,4.1411
4551,4.1411
4552,4.141
4553,4.141
4554,4.1408
4555,4.1408
4556,4.1407
4557,4.1407
4558,4.1405
4559,4.1405
4560,4.1403
4561,4.1403
4562,4.1403
4563,4.1402
4564,4.1402
4565,4.14
4566,4.14
4567,4.1399
4568,4.1399
4569,4.1397
4570,4.1397
4571,4.1395
4572,4.1395
4573,4.1395
4574,4.1394
4575,4.1394
4576,4.1392
4577,4.1392
4578,4.1391
4579,4.1391
4580,4.1389
4581,4.1389
4582,4.1388
4583,4.1388
4584,4.1386
4585,4.1386
4586,4.1384
4587,4.1384
4588,4.1383
4589,4.1383
4590,4.1381
4591,4.1381
4592,4.138
4593,4.138
4594,4.1378
4595,4.1378
4596,4.1376
4597,4.1376
4598,4.1375
4599,4.1375
4600,4.1373
4601,4.1372
4602,4.1372
4603,4.137
4604,4.137
4605,4.1368
4606,4.1368
4607,4.1367
4608,4.1367
4609,4.1365
4610,4.1364
4611,4.1364
4612,4.1362
4613,4.1362
4614,4.1361
4615,4.1361
4616,4.1359
4617,4.1359
4618,4.1357
4619,4.1356
4620,4.1356
4621,4.1354
4622,4.1354
4623,4.1353
4624,4.1351
4625,4.1351
4626,4.1349
4627,4.1349
4628,4.1348
4629,4.1346
4630,4.1346
4631,4.1345
4632,4.1345
4633,4.1343
4634,4.1341
4635,4.1341
4636,4.134
4637,4.1338
4638,4.1338
4639,4.1337
4640,4.1335
4641,4.1335
4642,4.1334
4643,4.1332
4644,4.1332
4645,4.133
4646,4.1329
4647,4.1327
4648,4.1327
4649,4.1326
4650,4.1324
4651,4.1324
4652,4.1322
4653,4.1321
4654,4.1319
4655,4.1319
4656,4.1318
4657,4.1316
4658,4.1316
4659,4.1314
4660,4.1313
4661,4.1311
4662,4.131
4663,4.131
4664,4.1308
4665,4.1307
4666,4.1305
4667,4.1305
4668,4.1303
4669,4.1302
4670,4.13
4671,4.1299
4672,4.1299
4673,4.1297
4674,4.1295
4675,4.1294
4676,4.1292
4677,4.1291
4678,4.1291
4679,4.1289
4680,4.1287
4681,4.1286
4682,4.1284
4683,4.1283
4684,4.1281
4685,4.128
4686,4.128
4687,4.1278
4688,4.1276
4689,4.1275
4690,4.1273
4691,4.1272
4692,4.127
4693,4.1268
4694,4.1267
4695,4.1265
4696,4.1264
4697,4.1262
4698,4.126
4699,4.1259
4700,4.1257
4701,4.1256
4702,4.1254
4703,4.1253
4704,4.1251
4705,4.1249
4706,4.1248
4707,4.1246
4708,4.1245
4709,4.1243
4710,4.1241
4711,4.124
4712,4.1238
4713,4.1237
4714,4.1235
4715,4.1233
4716,4.1232
4717,4.123
4718,4.1229
4719,4.1227
4720,4.1224
4721,4.1222
4722,4.1221
4723,4.1219
4724,4.1218
4725,4.1216
4726,4.1214
4727,4.1213
4728,4.121
4729,4.1208
4730,4.1207
4731,4.1205
4732,4.1203
4733,4.12
4734,4.1199
4735,4.1197
4736,4.1195
4737,4.1194
4738,4.1191
4739,4.1189
4740,4.1187
4741,4.1186
4742,4.1184
4743,4.1181
4744,4.1179
4745,4.1178
4746,4.1175
4747,4.1173
4748,4.1172
4749,4.117
4750,4.1167
4751,4.1165
4752,4.1164
4753,4.116
4754,4.1159
4755,4.1157
4756,4.1154
4757,4.1153
4758,4.1151
4759,4.1148
4760,4.1146
4761,4.1145
4762,4.1141
4763,4.114
4764,4.1138
4765,4.1135
4766,4.1133
4767,4.113
4768,4.1129
4769,4.1127
4770,4.1124
4771,4.1122
4772,4.1119
4773,4.1118
4774,4.1114
4775,4.1113
4776,4.111
4777,4.1108
4778,4.1106
4779,4.1103
4780,4.1102
4781,4.1099
4782,4.1097
4783,4.1094
4784,4.1092
4785,4.1089
4786,4.1087
4787,4.1084
4788,4.1083
4789,4.1079
4790,4.1078
4791,4.1075
4792,4.1073
4793,4.107
4794,4.1067
4795,4.1065
4796,4.1062
4797,4.106
4798,4.1057
4799,4.1056
4800,4.1052
4801,4.1049
4802,4.1048
4803,4.1045
4804,4.1043
4805,4.104
4806,4.1037
4807,4.1035
4808,4.1032
4809,4.1029
4810,4.1027
4811,4.1024
4812,4.1021
4813,4.1019
4814,4.1016
4815,4.1013
4816,4.1011
4817,4.1008
4818,4.1005
4819,4.1003
4820,4.1
4821,4.0997
4822,4.0994
4823,4.0992
4824,4.0989
4825,4.0986
4826,4.0984
4827,4.0981
4828,4.0978
4829,4.0975
4830,4.0973
4831,4.097
4832,4.0967
4833,4.0964
4834,4.0962
4835,4.0959
4836,4.0956
4837,4.0952
4838,4.0949
4839,4.0948
4840,4.0944
4841,4.0941
4842,4.0938
4843,4.0937
4844,4.0933
4845,4.093
4846,4.0927
4847,4.0924
4848,4.0921
4849,4.0919
4850,4.0916
4851,4.0913
4852,4.091
4853,4.0906
4854,4.0903
4855,4.09
4856,4.0898
4857,4.0895
4858,4.0892
4859,4.0889
4860,4.0886
4861,4.0883
4862,4.0879
4863,4.0876
4864,4.0875
4865,4.0871
4866,4.0868
4867,4.0865
4868,4.0862
4869,4.0859
4870,4.0856
4871,4.0852
4872,4.0849
4873,4.0846
4874,4.0843
4875,4.0841
4876,4.0838
4877,4.0835
4878,4.0832
4879,4.0829
4880,4.0825
4881,4.0822
4882,4.0819
4883,4.0816
4884,4.0813
4885,4.0809
4886,4.0806
4887,4.0803
4888,4.08
4889,4.0797
4890,4.0794
4891,4.079
4892,4.0787
4893,4.0784
4894,4.0781
4895,4.0778
4896,4.0775
4897,4.0771
4898,4.0768
4899,4.0765
4900,4.0762
4901,4.0759
4902,4.0757
4903,4.0754
4904,4.0749
4905,4.0748
4906,4.0744
4907,4.0741
4908,4.0738
4909,4.0735
4910,4.0732
4911,4.0729
4912,4.0725
4913,4.0722
4914,4.0719
4915,4.0716
4916,4.0713
4917,4.0709
4918,4.0706
4919,4.0703
4920,4.07
4921,4.0697
4922,4.0694
4923,4.069
4924,4.0687
4925,4.0684
4926,4.0681
4927,4.0678
4928,4.0675
4929,4.0671
4930,4.0668
4931,4.0665
4932,4.0662
4933,4.0659
4934,4.0655
4935,4.0652
4936,4.0649
4937,4.0646
4938,4.0643
4939,4.064
4940,4.0636
4941,4.0633
4942,4.063
4943,4.0627
4944,4.0624
4945,4.0621
4946,4.0617
4947,4.0614
4948,4.0611
4949,4.0608
4950,4.0605
4951,4.0601
4952,4.0598
4953,4.0595
4954,4.0592
4955,4.0589
4956,4.0586
4957,4.0582
4958,4.0579
4959,4.0576
4960,4.0574
4961,4.0571
4962,4.0568
4963,4.0565
4964,4.0562
4965,4.0559
4966,4.0555
4967,4.0552
4968,4.0549
4969,4.0546
4970,4.0543
4971,4.054
4972,4.0536
4973,4.0535
4974,4.0532
4975,4.0528
4976,4.0525
4977,4.0522
4978,4.0519
4979,4.0516
4980,4.0513
4981,4.0509
4982,4.0508
4983,4.0505
4984,4.0501
4985,4.0498
4986,4.0495
4987,4.0492
4988,4.0489
4989,4.0487
4990,4.0484
4991,4.0481
4992,4.0478
4993,4.0474
4994,4.0471
4995,4.047
4996,4.0466
4997,4.0463
4998,4.046
4999,4.0459
5000,4.0455
5001,4.0452
5002,4.0449
5003,4.0446
5004,4.0444
5005,4.0441
5006,4.0438
5007,4.0435
5008,4.0432
5009,4.043
5010,4.0427
5011,4.0424
5012,4.0422
5013,4.0419
5014,4.0416
5015,4.0412
5016,4.0411
5017,4.0408
5018,4.0405
5019,4.0403
5020,4.04
5021,4.0397
5022,4.0395
5023,4.0392
5024,4.0389
5025,4.0385
5026,4.0384
5027,4.0381
5028,4.0378
5029,4.0376
5030,4.0373
5031,4.0371
5032,4.0368
5033,4.0365
5034,4.0363
5035,4.036
5036,4.0357
5037,4.0355
5038,4.0352
5039,4.0351
5040,4.0347
5041,4.0346
5042,4.0343
5043,4.0341
5044,4.0338
5045,4.0335
5046,4.0333
5047,4.033
5048,4.0328
5049,4.0325
5050,4.0324
5051,4.032
5052,4.0319
5053,4.0316
5054,4.0314
5055,4.0311
5056,4.0309
5057,4.0306
5058,4.0304
5059,4.0301
5060,4.03
5061,4.0298
5062,4.0295
5063,4.0293
5064,4.029
5065,4.0289
5066,4.0285
5067,4.0284
5068,4.0282
5069,4.0279
5070,4.0278
5071,4.0274
5072,4.0273
5073,4.027
5074,4.0268
5075,4.0266
5076,4.0263
5077,4.0262
5078,4.026
5079,4.0257
5080,4.0255
5081,4.0254
5082,4.0251
5083,4.0249
5084,4.0247
5085,4.0244
5086,4.0243
5087,4.0241
5088,4.0238
5089,4.0236
5090,4.0235
5091,4.0233
5092,4.023
5093,4.0228
5094,4.0227
5095,4.0224
5096,4.0222
5097,4.022
5098,4.0219
5099,4.0216
5100,4.0216
5101,4.0214
5102,4.0214
5103,4.0212
5104,4.0212
5105,4.0211
5106,4.0211
5107,4.0208
5108,4.0208
5109,4.0206
5110,4.0206
5111,4.0204
5112,4.0204
5113,4.0203
5114,4.0203
5115,4.0201
5116,4.0201
5117,4.0198
5118,4.0198
5119,4.0197
5120,4.0197
5121,4.0195
5122,4.0195
5123,4.0193
5124,4.0193
5125,4.0192
5126,4.0192
5127,4.0189
5128,4.0189
5129,4.0187
5130,4.0187
5131,4.0185
5132,4.0185
5133,4.0184
5134,4.0184
5135,4.0182
5136,4.0182
5137,4.0181
5138,4.0181
5139,4.0177
5140,4.0177
5141,4.0176
5142,4.0174
5143,4.0173
5144,4.0171
5145,4.017
5146,4.0168
5147,4.0165
5148,4.0163
5149,4.0162
5150,4.016
5151,4.0158
5152,4.0157
5153,4.0155
5154,4.0154
5155,4.0152
5156,4.0149
5157,4.0147
5158,4.0146
5159,4.0144
5160,4.0143
5161,4.0141
5162,4.0139
5163,4.0138
5164,4.0136
5165,4.0135
5166,4.0133
5167,4.013
5168,4.013
5169,4.0127
5170,4.0125
5171,4.0123
5172,4.0122
5173,4.012
5174,4.0119
5175,4.0117
5176,4.0116
5177,4.0114
5178,4.0112
5179,4.0111
5180,4.0109
5181,4.0108
5182,4.0106
5183,4.0104
5184,4.0103
5185,4.0101
5186,4.01
5187,4.0098
5188,4.0096
5189,4.0095
5190,4.0092
5191,4.009
5192,4.0089
5193,4.0087
5194,4.0085
5195,4.0084
5196,4.0082
5197,4.0081
5198,4.0079
5199,4.0077
5200,4.0076
5201,4.0074
5202,4.0073
5203,4.0071
5204,4.0069
5205,4.0068
5206,4.0066
5207,4.0065
5208,4.0063
5209,4.0062
5210,4.006
5211,4.0058
5212,4.0057
5213,4.0055
5214,4.0054
5215,4.0052
5216,4.005
5217,4.0049
5218,4.0047
5219,4.0046
5220,4.0044
5221,4.0042
5222,4.0041
5223,4.0039
5224,4.0038
5225,4.0036
5226,4.0035
5227,4.0033
5228,4.0031
5229,4.003
5230,4.0028
5231,4.0027
5232,4.0025
5233,4.0023
5234,4.0022
5235,4.002
5236,4.0019
5237,4.0017
5238,4.0015
5239,4.0014
5240,4.0012
5241,4.0011
5242,4.0009
5243,4.0008
5244,4.0006
5245,4.0004
5246,4.0003
5247,4.0001
5248,4.0
5249,3.9998
5250,3.9996
5251,3.9995
5252,3.9993
5253,3.9992
5254,3.9988
5255,3.9988
5256,3.9987
5257,3.9984
5258,3.9982
5259,3.9981
5260,3.9979
5261,3.9977
5262,3.9976
5263,3.9974
5264,3.9973
5265,3.9971
5266,3.9969
5267,3.9968
5268,3.9966
5269,3.9965
5270,3.9963
5271,3.9961
5272,3.996
5273,3.9957
5274,3.9955
5275,3.9954
5276,3.9952
5277,3.995
5278,3.9949
5279,3.9947
5280,3.9946
5281,3.9944
5282,3.9942
5283,3.9941
5284,3.9938
5285,3.9936
5286,3.9934
5287,3.9933
5288,3.9931
5289,3.993
5290,3.9928
5291,3.9927
5292,3.9923
5293,3.9922
5294,3.992
5295,3.9919
5296,3.9917
5297,3.9915
5298,3.9914
5299,3.9911
5300,3.9909
5301,3.9907
5302,3.9906
5303,3.9904
5304,3.9903
5305,3.99
5306,3.9898
5307,3.9896
5308,3.9895
5309,3.9893
5310,3.989
5311,3.9888
5312,3.9887
5313,3.9885
5314,3.9882
5315,3.988
5316,3.9879
5317,3.9877
5318,3.9876
5319,3.9873
5320,3.9871
5321,3.9869
5322,3.9868
5323,3.9865
5324,3.9863
5325,3.9861
5326,3.986
5327,3.9857
5328,3.9855
5329,3.9853
5330,3.9852
5331,3.9849
5332,3.9847
5333,3.9846
5334,3.9842
5335,3.9841
5336,3.9839
5337,3.9836
5338,3.9834
5339,3.9833
5340,3.9831
5341,3.9828
5342,3.9826
5343,3.9825
5344,3.9822
5345,3.982
5346,3.9819
5347,3.9815
5348,3.9814
5349,3.9811
5350,3.9809
5351,3.9807
5352,3.9804
5353,3.9803
5354,3.98
5355,3.9798
5356,3.9796
5357,3.9793
5358,3.9792
5359,3.979
5360,3.9787
5361,3.9785
5362,3.9782
5363,3.978
5364,3.9777
5365,3.9776
5366,3.9773
5367,3.9771
5368,3.9769
5369,3.9766
5370,3.9765
5371,3.9761
5372,3.976
5373,3.9757
5374,3.9755
5375,3.9752
5376,3.975
5377,3.9747
5378,3.9746
5379,3.9742
5380,3.9741
5381,3.9738
5382,3.9736
5383,3.9733
5384,3.9731
5385,3.9728
5386,3.9726
5387,3.9723
5388,3.9722
5389,3.9719
5390,3.9717
5391,3.9714
5392,3.9711
5393,3.9709
5394,3.9706
5395,3.9704
5396,3.9701
5397,3.9699
5398,3.9696
5399,3.9693
5400,3.9692
5401,3.9688
5402,3.9687
5403,3.9684
5404,3.968
5405,3.9679
5406,3.9676
5407,3.9674
5408,3.9671
5409,3.9668
5410,3.9666
5411,3.9663
5412,3.966
5413,3.9658
5414,3.9655
5415,3.9652
5416,3.965
5417,3.9647
5418,3.9645
5419,3.9642
5420,3.9639
5421,3.9638
5422,3.9634
5423,3.9631
5424,3.963
5425,3.9626
5426,3.9623
5427,3.962
5428,3.9618
5429,3.9615
5430,3.9612
5431,3.9611
5432,3.9607
5433,3.9604
5434,3.9603
5435,3.9599
5436,3.9596
5437,3.9595
5438,3.9591
5439,3.9588
5440,3.9585
5441,3.9584
5442,3.958
5443,3.9577
5444,3.9574
5445,3.9572
5446,3.9569
5447,3.9566
5448,3.9563
5449,3.9561
5450,3.9558
5451,3.9555
5452,3.9553
5453,3.955
5454,3.9547
5455,3.9544
5456,3.9541
5457,3.9539
5458,3.9536
5459,3.9533
5460,3.9531
5461,3.9528
5462,3.9525
5463,3.9522
5464,3.9518
5465,3.9517
5466,3.9514
5467,3.951
5468,3.9507
5469,3.9506
5470,3.9503
5471,3.9499
5472,3.9496
5473,3.9493
5474,3.9491
5475,3.9488
5476,3.9485
5477,3.9482
5478,3.948
5479,3.9477
5480,3.9474
5481,3.9471
5482,3.9468
5483,3.9466
5484,3.9463
5485,3.946
5486,3.9456
5487,3.9453
5488,3.9452
5489,3.9449
5490,3.9445
5491,3.9442
5492,3.9441
5493,3.9437
5494,3.9434
5495,3.9431
5496,3.9428
5497,3.9426
5498,3.9423
5499,3.942
5500,3.9417
5501,3.9414
5502,3.9412
5503,3.9409
5504,3.9406
5505,3.9402
5506,3.9401
5507,3.9398
5508,3.9395
5509,3.9391
5510,3.939
5511,3.9387
5512,3.9383
5513,3.938
5514,3.9377
5515,3.9375
5516,3.9372
5517,3.9369
5518,3.9366
5519,3.9364
5520,3.9361
5521,3.9358
5522,3.9355
5523,3.9352
5524,3.935
5525,3.9347
5526,3.9344
5527,3.9341
5528,3.9339
5529,3.9336
5530,3.9333
5531,3.9329
5532,3.9328
5533,3.9325
5534,3.9322
5535,3.9318
5536,3.9317
5537,3.9314
5538,3.931
5539,3.9307
5540,3.9306
5541,3.9302
5542,3.9299
5543,3.9296
5544,3.9295
5545,3.9291
5546,3.9288
5547,3.9287
5548,3.9283
5549,3.928
5550,3.9277
5551,3.9275
5552,3.9272
5553,3.9269
5554,3.9268
5555,3.9264
5556,3.9261
5557,3.926
5558,3.9256
5559,3.9253
5560,3.925
5561,3.9248
5562,3.9245
5563,3.9242
5564,3.9241
5565,3.9237
5566,3.9234
5567,3.9233
5568,3.9229
5569,3.9226
5570,3.9225
5571,3.9221
5572,3.9218
5573,3.9217
5574,3.9214
5575,3.921
5576,3.9209
5577,3.9206
5578,3.9202
5579,3.9201
5580,3.9198
5581,3.9194
5582,3.9193
5583,3.919
5584,3.9187
5585,3.9185
5586,3.9182
5587,3.918
5588,3.9177
5589,3.9174
5590,3.9172
5591,3.9169
5592,3.9167
5593,3.9164
5594,3.9161
5595,3.916
5596,3.9156
5597,3.9153
5598,3.9152
5599,3.9148
5600,3.9147
5601,3.9144
5602,3.914
5603,3.9139
5604,3.9136
5605,3.9134
5606,3.9131
5607,3.9128
5608,3.9126
5609,3.9123
5610,3.9121
5611,3.9118
5612,3.9117
5613,3.9113
5614,3.9112
5615,3.9109
5616,3.9106
5617,3.9104
5618,3.9101
5619,3.9099
5620,3.9096
5621,3.9094
5622,3.9091
5623,3.909
5624,3.9086
5625,3.9083
5626,3.9082
5627,3.9079
5628,3.9077
5629,3.9074
5630,3.9072
5631,3.9069
5632,3.9067
5633,3.9064
5634,3.9063
5635,3.9059
5636,3.9058
5637,3.9055
5638,3.9052
5639,3.905
5640,3.9047
5641,3.9045
5642,3.9042
5643,3.904
5644,3.9039
5645,3.9036
5646,3.9034
5647,3.9031
5648,3.9029
5649,3.9026
5650,3.9025
5651,3.9021
5652,3.9018
5653,3.9017
5654,3.9013
5655,3.9012
5656,3.9009
5657,3.9007
5658,3.9005
5659,3.9002
5660,3.9001
5661,3.8998
5662,3.8996
5663,3.8993
5664,3.8991
5665,3.8988
5666,3.8986
5667,3.8983
5668,3.8982
5669,3.8978
5670,3.8977
5671,3.8974
5672,3.8972
5673,3.8969
5674,3.8967
5675,3.8966
5676,3.8963
5677,3.8961
5678,3.8958
5679,3.8956
5680,3.8953
5681,3.8951
5682,3.8948
5683,3.8947
5684,3.8944
5685,3.8942
5686,3.8939
5687,3.8937
5688,3.8934
5689,3.8932
5690,3.8931
5691,3.8928
5692,3.8926
5693,3.8923
5694,3.8921
5695,3.8918
5696,3.8917
5697,3.8913
5698,3.8912
5699,3.891
5700,3.8907
5701,3.8905
5702,3.8902
5703,3.8901
5704,3.8898
5705,3.8896
5706,3.8893
5707,3.8891
5708,3.8888
5709,3.8886
5710,3.8885
5711,3.8882
5712,3.888
5713,3.8877
5714,3.8875
5715,3.8872
5716,3.8871
5717,3.8869
5718,3.8866
5719,3.8864
5720,3.8861
5721,3.8859
5722,3.8856
5723,3.8855
5724,3.8851
5725,3.885
5726,3.8848
5727,3.8845
5728,3.8844
5729,3.884
5730,3.8839
5731,3.8836
5732,3.8834
5733,3.8831
5734,3.8829
5735,3.8828
5736,3.8824
5737,3.8823
5738,3.882
5739,3.8818
5740,3.8815
5741,3.8813
5742,3.881
5743,3.8809
5744,3.8805
5745,3.8804
5746,3.8802
5747,3.8799
5748,3.8797
5749,3.8794
5750,3.8793
5751,3.879
5752,3.8788
5753,3.8785
5754,3.8783
5755,3.878
5756,3.8778
5757,3.8775
5758,3.8774
5759,3.877
5760,3.8769
5761,3.8767
5762,3.8764
5763,3.8763
5764,3.8759
5765,3.8758
5766,3.8755
5767,3.8753
5768,3.875
5769,3.8748
5770,3.8745
5771,3.8743
5772,3.874
5773,3.8739
5774,3.8736
5775,3.8734
5776,3.8731
5777,3.8729
5778,3.8726
5779,3.8724
5780,3.8721
5781,3.872
5782,3.8716
5783,3.8715
5784,3.8713
5785,3.871
5786,3.8707
5787,3.8705
5788,3.8704
5789,3.8701
5790,3.8699
5791,3.8696
5792,3.8693
5793,3.8691
5794,3.8688
5795,3.8686
5796,3.8685
5797,3.8682
5798,3.8678
5799,3.8677
5800,3.8674
5801,3.8672
5802,3.8669
5803,3.8667
5804,3.8664
5805,3.8662
5806,3.8659
5807,3.8658
5808,3.8655
5809,3.8653
5810,3.865
5811,3.8648
5812,3.8645
5813,3.8643
5814,3.864
5815,3.8639
5816,3.8635
5817,3.8632
5818,3.8631
5819,3.8628
5820,3.8626
5821,3.8623
5822,3.8621
5823,3.8618
5824,3.8616
5825,3.8613
5826,3.8612
5827,3.8608
5828,3.8607
5829,3.8604
5830,3.8601
5831,3.8599
5832,3.8596
5833,3.8594
5834,3.8591
5835,3.8589
5836,3.8586
5837,3.8583
5838,3.8581
5839,3.8578
5840,3.8577
5841,3.8574
5842,3.8572
5843,3.8569
5844,3.8567
5845,3.8564
5846,3.8561
5847,3.8559
5848,3.8556
5849,3.8554
5850,3.8551
5851,3.855
5852,3.8547
5853,3.8545
5854,3.8542
5855,3.8539
5856,3.8537
5857,3.8534
5858,3.8532
5859,3.8529
5860,3.8527
5861,3.8524
5862,3.8521
5863,3.852
5864,3.8516
5865,3.8515
5866,3.8512
5867,3.851
5868,3.8507
5869,3.8504
5870,3.8502
5871,3.8499
5872,3.8497
5873,3.8494
5874,3.8491
5875,3.8489
5876,3.8486
5877,3.8485
5878,3.8481
5879,3.848
5880,3.8477
5881,3.8475
5882,3.8472
5883,3.8469
5884,3.8467
5885,3.8464
5886,3.8462
5887,3.8459
5888,3.8456
5889,3.8454
5890,3.8451
5891,3.845
5892,3.8447
5893,3.8445
5894,3.8442
5895,3.8439
5896,3.8437
5897,3.8434
5898,3.8432
5899,3.8429
5900,3.8427
5901,3.8424
5902,3.8421
5903,3.842
5904,3.8416
5905,3.8415
5906,3.8412
5907,3.8408
5908,3.8407
5909,3.8404
5910,3.8402
5911,3.8399
5912,3.8397
5913,3.8394
5914,3.8393
5915,3.8389
5916,3.8386
5917,3.8385
5918,3.8381
5919,3.838
5920,3.8377
5921,3.8375
5922,3.8372
5923,3.8369
5924,3.8367
5925,3.8364
5926,3.8362
5927,3.8359
5928,3.8358
5929,3.8354
5930,3.8351
5931,3.835
5932,3.8346
5933,3.8345
5934,3.8342
5935,3.834
5936,3.8337
5937,3.8335
5938,3.8332
5939,3.8331
5940,3.8327
5941,3.8326
5942,3.8323
5943,3.8319
5944,3.8318
5945,3.8315
5946,3.8313
5947,3.831
5948,3.8308
5949,3.8305
5950,3.8304
5951,3.83
5952,3.8299
5953,3.8296
5954,3.8292
5955,3.8291
5956,3.8288
5957,3.8286
5958,3.8283
5959,3.8281
5960,3.8278
5961,3.8277
5962,3.8273
5963,3.8272
5964,3.8269
5965,3.8267
5966,3.8264
5967,3.8262
5968,3.8259
5969,3.8258
5970,3.8254
5971,3.8253
5972,3.825
5973,3.8248
5974,3.8245
5975,3.8243
5976,3.824
5977,3.8238
5978,3.8235
5979,3.8234
5980,3.8231
5981,3.8229
5982,3.8226
5983,3.8224
5984,3.8221
5985,3.8219
5986,3.8216
5987,3.8215
5988,3.8211
5989,3.821
5990,3.8208
5991,3.8205
5992,3.8204
5993,3.82
5994,3.8199
5995,3.8196
5996,3.8194
5997,3.8191
5998,3.8189
5999,3.8186
6000,3.8184
6001,3.8181
6002,3.818
6003,3.8178
6004,3.8175
6005,3.8173
6006,3.817
6007,3.8169
6008,3.8165
6009,3.8164
6010,3.8161
6011,3.8159
6012,3.8156
6013,3.8154
6014,3.8153
6015,3.815
6016,3.8148
6017,3.8145
6018,3.8143
6019,3.8142
6020,3.8138
6021,3.8137
6022,3.8134
6023,3.8132
6024,3.8129
6025,3.8127
6026,3.8126
6027,3.8123
6028,3.8121
6029,3.8118
6030,3.8116
6031,3.8115
6032,3.8111
6033,3.811
6034,3.8107
6035,3.8105
6036,3.8103
6037,3.81
6038,3.8099
6039,3.8096
6040,3.8094
6041,3.8092
6042,3.8089
6043,3.8088
6044,3.8086
6045,3.8083
6046,3.8081
6047,3.8078
6048,3.8076
6049,3.8075
6050,3.8072
6051,3.807
6052,3.8069
6053,3.8065
6054,3.8064
6055,3.8062
6056,3.8059
6057,3.8057
6058,3.8056
6059,3.8053
6060,3.8051
6061,3.8048
6062,3.8046
6063,3.8045
6064,3.8042
6065,3.804
6066,3.8038
6067,3.8035
6068,3.8034
6069,3.8032
6070,3.8029
6071,3.8027
6072,3.8026
6073,3.8022
6074,3.8021
6075,3.8019
6076,3.8016
6077,3.8015
6078,3.8013
6079,3.8011
6080,3.8008
6081,3.8007
6082,3.8005
6083,3.8002
6084,3.8
6085,3.7999
6086,3.7996
6087,3.7994
6088,3.7992
6089,3.7989
6090,3.7988
6091,3.7986
6092,3.7984
6093,3.7981
6094,3.798
6095,3.7978
6096,3.7975
6097,3.7973
6098,3.7972
6099,3.7969
6100,3.7967
6101,3.7965
6102,3.7964
6103,3.7961
6104,3.7959
6105,3.7957
6106,3.7954
6107,3.7953
6108,3.7951
6109,3.7949
6110,3.7946
6111,3.7945
6112,3.7943
6113,3.7942
6114,3.7938
6115,3.7937
6116,3.7935
6117,3.7932
6118,3.793
6119,3.7929
6120,3.7927
6121,3.7924
6122,3.7922
6123,3.7921
6124,3.7919
6125,3.7916
6126,3.7915
6127,3.7913
6128,3.7911
6129,3.7908
6130,3.7907
6131,3.7905
6132,3.7903
6133,3.7902
6134,3.7899
6135,3.7897
6136,3.7895
6137,3.7892
6138,3.7891
6139,3.7889
6140,3.7888
6141,3.7884
6142,3.7883
6143,3.7881
6144,3.788
6145,3.7878
6146,3.7875
6147,3.7873
6148,3.7872
6149,3.787
6150,3.7868
6151,3.7865
6152,3.7864
6153,3.7862
6154,3.7861
6155,3.7857
6156,3.7856
6157,3.7854
6158,3.7853
6159,3.7851
6160,3.7848
6161,3.7846
6162,3.7845
6163,3.7843
6164,3.784
6165,3.7838
6166,3.7837
6167,3.7835
6168,3.7834
6169,3.7832
6170,3.7829
6171,3.7827
6172,3.7826
6173,3.7824
6174,3.7822
6175,3.7821
6176,3.7818
6177,3.7816
6178,3.7814
6179,3.7813
6180,3.7811
6181,3.7808
6182,3.7807
6183,3.7805
6184,3.7803
6185,3.7802
6186,3.7799
6187,3.7797
6188,3.7795
6189,3.7794
6190,3.7792
6191,3.7789
6192,3.7787
6193,3.7786
6194,3.7784
6195,3.7783
6196,3.7781
6197,3.778
6198,3.7776
6199,3.7775
6200,3.7773
6201,3.7772
6202,3.777
6203,3.7767
6204,3.7765
6205,3.7764
6206,3.7762
6207,3.776
6208,3.7759
6209,3.7757
6210,3.7754
6211,3.7753
6212,3.7751
6213,3.7749
6214,3.7748
6215,3.7746
6216,3.7743
6217,3.7741
6218,3.774
6219,3.7738
6220,3.7737
6221,3.7735
6222,3.7732
6223,3.773
6224,3.7729
6225,3.7727
6226,3.7726
6227,3.7724
6228,3.7722
6229,3.7719
6230,3.7718
6231,3.7716
6232,3.7714
6233,3.7713
6234,3.7711
6235,3.771
6236,3.7708
6237,3.7705
6238,3.7703
6239,3.7702
6240,3.77
6241,3.7699
6242,3.7697
6243,3.7695
6244,3.7692
6245,3.7691
6246,3.7689
6247,3.7687
6248,3.7686
6249,3.7684
6250,3.7683
6251,3.7679
6252,3.7678
6253,3.7676
6254,3.7675
6255,3.7673
6256,3.7672
6257,3.767
6258,3.7668
6259,3.7665
6260,3.7664
6261,3.7662
6262,3.766
6263,3.7659
6264,3.7657
6265,3.7656
6266,3.7654
6267,3.7651
6268,3.7649
6269,3.7648
6270,3.7646
6271,3.7645
6272,3.7643
6273,3.7641
6274,3.764
6275,3.7638
6276,3.7635
6277,3.7633
6278,3.7632
6279,3.763
6280,3.7629
6281,3.7627
6282,3.7625
6283,3.7624
6284,3.7621
6285,3.7619
6286,3.7618
6287,3.7616
6288,3.7614
6289,3.7613
6290,3.7611
6291,3.761
6292,3.7608
6293,3.7605
6294,3.7603
6295,3.7602
6296,3.76
6297,3.7598
6298,3.7597
6299,3.7595
6300,3.7594
6301,3.7592
6302,3.7589
6303,3.7587
6304,3.7586
6305,3.7584
6306,3.7583
6307,3.7581
6308,3.7579
6309,3.7578
6310,3.7576
6311,3.7573
6312,3.7572
6313,3.757
6314,3.7568
6315,3.7567
6316,3.7565
6317,3.7564
6318,3.7562
6319,3.756
6320,3.7559
6321,3.7556
6322,3.7554
6323,3.7552
6324,3.7551
6325,3.7549
6326,3.7548
6327,3.7546
6328,3.7544
6329,3.7543
6330,3.7541
6331,3.7538
6332,3.7537
6333,3.7535
6334,3.7533
6335,3.7532
6336,3.753
6337,3.7529
6338,3.7527
6339,3.7525
6340,3.7524
6341,3.7522
6342,3.7519
6343,3.7518
6344,3.7516
6345,3.7514
6346,3.7513
6347,3.7511
6348,3.751
6349,3.7508
6350,3.7506
6351,3.7505
6352,3.7502
6353,3.75
6354,3.7498
6355,3.7497
6356,3.7495
6357,3.7494
6358,3.7492
6359,3.7491
6360,3.7489
6361,3.7487
6362,3.7484
6363,3.7483
6364,3.7481
6365,3.7479
6366,3.7478
6367,3.7476
6368,3.7475
6369,3.7473
6370,3.7471
6371,3.747
6372,3.7467
6373,3.7465
6374,3.7464
6375,3.7462
6376,3.746
6377,3.7459
6378,3.7457
6379,3.7456
6380,3.7454
6381,3.7452
6382,3.7451
6383,3.7449
6384,3.7446
6385,3.7444
6386,3.7443
6387,3.7441
6388,3.744
6389,3.7438
6390,3.7437
6391,3.7435
6392,3.7433
6393,3.7432
6394,3.7429
6395,3.7427
6396,3.7425
6397,3.7424
6398,3.7422
6399,3.7421
6400,3.7419
6401,3.7417
6402,3.7416
6403,3.7414
6404,3.7413
6405,3.7411
6406,3.7408
6407,3.7406
6408,3.7405
6409,3.7403
6410,3.7402
6411,3.74
6412,3.7398
6413,3.7397
6414,3.7395
6415,3.7394
6416,3.739
6417,3.7389
6418,3.7387
6419,3.7386
6420,3.7384
6421,3.7383
6422,3.7381
6423,3.7379
6424,3.7378
6425,3.7376
6426,3.7375
6427,3.7371
6428,3.737
6429,3.7368
6430,3.7367
6431,3.7365
6432,3.7363
6433,3.7362
6434,3.736
6435,3.7359
6436,3.7357
6437,3.7354
6438,3.7352
6439,3.7351
6440,3.7349
6441,3.7348
6442,3.7346
6443,3.7344
6444,3.7343
6445,3.7341
6446,3.734
6447,3.7338
6448,3.7335
6449,3.7333
6450,3.7332
6451,3.733
6452,3.7329
6453,3.7327
6454,3.7325
6455,3.7324
6456,3.7322
6457,3.7319
6458,3.7317
6459,3.7316
6460,3.7314
6461,3.7313
6462,3.7311
6463,3.7309
6464,3.7308
6465,3.7306
6466,3.7305
6467,3.7302
6468,3.73
6469,3.7298
6470,3.7297
6471,3.7295
6472,3.7294
6473,3.7292
6474,3.729
6475,3.7289
6476,3.7287
6477,3.7286
6478,3.7282
6479,3.7281
6480,3.7279
6481,3.7278
6482,3.7276
6483,3.7275
6484,3.7273
6485,3.7271
6486,3.727
6487,3.7268
6488,3.7265
6489,3.7263
6490,3.7262
6491,3.726
6492,3.7259
6493,3.7257
6494,3.7255
6495,3.7254
6496,3.7252
6497,3.7249
6498,3.7248
6499,3.7246
6500,3.7244
6501,3.7243
6502,3.7241
6503,3.724
6504,3.7238
6505,3.7236
6506,3.7235
6507,3.7232
6508,3.723
6509,3.7228
6510,3.7227
6511,3.7225
6512,3.7224
6513,3.7222
6514,3.7221
6515,3.7219
6516,3.7216
6517,3.7214
6518,3.7213
6519,3.7211
6520,3.7209
6521,3.7208
6522,3.7206
6523,3.7205
6524,3.7201
6525,3.72
6526,3.7198
6527,3.7197
6528,3.7195
6529,3.7194
6530,3.7192
6531,3.719
6532,3.7189
6533,3.7186
6534,3.7184
6535,3.7182
6536,3.7181
6537,3.7179
6538,3.7178
6539,3.7176
6540,3.7174
6541,3.7173
6542,3.717
6543,3.7168
6544,3.7167
6545,3.7165
6546,3.7163
6547,3.7162
6548,3.716
6549,3.7159
6550,3.7157
6551,3.7154
6552,3.7152
6553,3.7151
6554,3.7149
6555,3.7147
6556,3.7146
6557,3.7144
6558,3.7143
6559,3.714
6560,3.7138
6561,3.7136
6562,3.7135
6563,3.7133
6564,3.7132
6565,3.713
6566,3.7128
6567,3.7125
6568,3.7124
6569,3.7122
6570,3.712
6571,3.7119
6572,3.7117
6573,3.7116
6574,3.7114
6575,3.7113
6576,3.7109
6577,3.7108
6578,3.7106
6579,3.7105
6580,3.7103
6581,3.7101
6582,3.71
6583,3.7097
6584,3.7095
6585,3.7094
6586,3.7092
6587,3.709
6588,3.7089
6589,3.7087
6590,3.7086
6591,3.7082
6592,3.7081
6593,3.7079
6594,3.7078
6595,3.7076
6596,3.7074
6597,3.7073
6598,3.7071
6599,3.7068
6600,3.7067
6601,3.7065
6602,3.7063
6603,3.7062
6604,3.706
6605,3.7059
6606,3.7057
6607,3.7054
6608,3.7052
6609,3.7051
6610,3.7049
6611,3.7047
6612,3.7046
6613,3.7044
6614,3.7041
6615,3.704
6616,3.7038
6617,3.7036
6618,3.7035
6619,3.7033
6620,3.7032
6621,3.7028
6622,3.7027
6623,3.7025
6624,3.7024
6625,3.7022
6626,3.702
6627,3.7019
6628,3.7016
6629,3.7014
6630,3.7013
6631,3.7011
6632,3.7009
6633,3.7008
6634,3.7006
6635,3.7005
6636,3.7001
6637,3.7
6638,3.6998
6639,3.6997
6640,3.6995
6641,3.6993
6642,3.699
6643,3.6989
6644,3.6987
6645,3.6986
6646,3.6984
6647,3.6982
6648,3.6981
6649,3.6979
6650,3.6976
6651,3.6974
6652,3.6973
6653,3.6971
6654,3.697
6655,3.6968
6656,3.6965
6657,3.6963
6658,3.6962
6659,3.696
6660,3.6959
6661,3.6957
6662,3.6955
6663,3.6952
6664,3.6951
6665,3.6949
6666,3.6947
6667,3.6946
6668,3.6944
6669,3.6943
6670,3.6939
6671,3.6938
6672,3.6936
6673,3.6935
6674,3.6933
6675,3.6932
6676,3.6928
6677,3.6927
6678,3.6925
6679,3.6924
6680,3.6922
6681,3.692
6682,3.6917
6683,3.6916
6684,3.6914
6685,3.6912
6686,3.6911
6687,3.6909
6688,3.6908
6689,3.6905
6690,3.6903
6691,3.6901
6692,3.69
6693,3.6898
6694,3.6897
6695,3.6893
6696,3.6892
6697,3.689
6698,3.6889
6699,3.6887
6700,3.6885
6701,3.6884
6702,3.6881
6703,3.6879
6704,3.6878
6705,3.6876
6706,3.6874
6707,3.6873
6708,3.6871
6709,3.6868
6710,3.6866
6711,3.6865
6712,3.6863
6713,3.6862
6714,3.6858
6715,3.6857
6716,3.6855
6717,3.6854
6718,3.6852
6719,3.6851
6720,3.6847
6721,3.6846
6722,3.6844
6723,3.6843
6724,3.6841
6725,3.6839
6726,3.6838
6727,3.6835
6728,3.6833
6729,3.6831
6730,3.683
6731,3.6828
6732,3.6827
6733,3.6824
6734,3.6822
6735,3.682
6736,3.6819
6737,3.6817
6738,3.6816
6739,3.6812
6740,3.6811
6741,3.6809
6742,3.6808
6743,3.6806
6744,3.6804
6745,3.6803
6746,3.6801
6747,3.6798
6748,3.6797
6749,3.6795
6750,3.6793
6751,3.6792
6752,3.679
6753,3.6787
6754,3.6785
6755,3.6784
6756,3.6782
6757,3.6781
6758,3.6779
6759,3.6776
6760,3.6774
6761,3.6773
6762,3.6771
6763,3.677
6764,3.6768
6765,3.6766
6766,3.6763
6767,3.6762
6768,3.676
6769,3.6758
6770,3.6757
6771,3.6755
6772,3.6752
6773,3.675
6774,3.6749
6775,3.6747
6776,3.6746
6777,3.6744
6778,3.6741
6779,3.6739
6780,3.6738
6781,3.6736
6782,3.6735
6783,3.6733
6784,3.6731
6785,3.6728
6786,3.6727
6787,3.6725
6788,3.6723
6789,3.6722
6790,3.672
6791,3.6719
6792,3.6716
6793,3.6714
6794,3.6712
6795,3.6711
6796,3.6709
6797,3.6708
6798,3.6706
6799,3.6703
6800,3.6701
6801,3.67
6802,3.6698
6803,3.6696
6804,3.6695
6805,3.6693
6806,3.6692
6807,3.6689
6808,3.6687
6809,3.6685
6810,3.6684
6811,3.6682
6812,3.6681
6813,3.6677
6814,3.6676
6815,3.6674
6816,3.6673
6817,3.6671
6818,3.6669
6819,3.6668
6820,3.6666
6821,3.6663
6822,3.6662
6823,3.666
6824,3.6658
6825,3.6657
6826,3.6655
6827,3.6654
6828,3.665
6829,3.6649
6830,3.6647
6831,3.6646
6832,3.6644
6833,3.6643
6834,3.6641
6835,3.6638
6836,3.6636
6837,3.6635
6838,3.6633
6839,3.6631
6840,3.663
6841,3.6628
6842,3.6627
6843,3.6623
6844,3.6622
6845,3.662
6846,3.6619
6847,3.6617
6848,3.6616
6849,3.6614
6850,3.6612
6851,3.6611
6852,3.6608
6853,3.6606
6854,3.6604
6855,3.6603
6856,3.6601
6857,3.66
6858,3.6598
6859,3.6595
6860,3.6593
6861,3.6592
6862,3.659
6863,3.6589
6864,3.6587
6865,3.6585
6866,3.6584
6867,3.6582
6868,3.6581
6869,3.6577
6870,3.6576
6871,3.6574
6872,3.6573
6873,3.6571
6874,3.6569
6875,3.6568
6876,3.6566
6877,3.6565
6878,3.6562
6879,3.656
6880,3.6558
6881,3.6557
6882,3.6555
6883,3.6554
6884,3.6552
6885,3.655
6886,3.6549
6887,3.6547
6888,3.6544
6889,3.6542
6890,3.6541
6891,3.6539
6892,3.6538
6893,3.6536
6894,3.6535
6895,3.6533
6896,3.6531
6897,3.6528
6898,3.6527
6899,3.6525
6900,3.6523
6901,3.6522
6902,3.652
6903,3.6519
6904,3.6517
6905,3.6515
6906,3.6514
6907,3.6512
6908,3.6509
6909,3.6508
6910,3.6506
6911,3.6504
6912,3.6503
6913,3.6501
6914,3.65
6915,3.6498
6916,3.6496
6917,3.6493
6918,3.6492
6919,3.649
6920,3.6488
6921,3.6487
6922,3.6485
6923,3.6484
6924,3.6482
6925,3.6481
6926,3.6479
6927,3.6476
6928,3.6474
6929,3.6473
6930,3.6471
6931,3.6469
6932,3.6468
6933,3.6466
6934,3.6465
6935,3.6463
6936,3.6461
6937,3.646
6938,3.6457
6939,3.6455
6940,3.6454
6941,3.6452
6942,3.645
6943,3.6449
6944,3.6447
6945,3.6446
6946,3.6444
6947,3.6441
6948,3.6439
6949,3.6438
6950,3.6436
6951,3.6434
6952,3.6433
6953,3.6431
6954,3.643
6955,3.6428
6956,3.6425
6957,3.6423
6958,3.6422
6959,3.642
6960,3.6419
6961,3.6417
6962,3.6415
6963,3.6414
6964,3.6411
6965,3.6409
6966,3.6407
6967,3.6406
6968,3.6404
6969,3.6403
6970,3.6401
6971,3.64
6972,3.6398
6973,3.6395
6974,3.6393
6975,3.6392
6976,3.639
6977,3.6388
6978,3.6387
6979,3.6385
6980,3.6382
6981,3.638
6982,3.6379
6983,3.6377
6984,3.6376
6985,3.6374
6986,3.6373
6987,3.6369
6988,3.6368
6989,3.6366
6990,3.6365
6991,3.6363
6992,3.6361
6993,3.6358
6994,3.6357
6995,3.6355
6996,3.6353
6997,3.6352
6998,3.635
6999,3.6349
7000,3.6346
7001,3.6344
7002,3.6342
7003,3.6341
7004,3.6339
7005,3.6338
7006,3.6334
7007,3.6333
7008,3.6331
7009,3.633
7010,3.6328
7011,3.6325
7012,3.6323
7013,3.6322
7014,3.632
7015,3.6319
7016,3.6317
7017,3.6314
7018,3.6312
7019,3.6311
7020,3.6309
7021,3.6307
7022,3.6304
7023,3.6303
7024,3.6301
7025,3.6299
7026,3.6296
7027,3.6295
7028,3.6293
7029,3.6292
7030,3.6288
7031,3.6287
7032,3.6285
7033,3.6284
7034,3.6282
7035,3.6279
7036,3.6277
7037,3.6276
7038,3.6274
7039,3.6271
7040,3.6269
7041,3.6268
7042,3.6266
7043,3.6263
7044,3.6261
7045,3.626
7046,3.6258
7047,3.6255
7048,3.6253
7049,3.6252
7050,3.625
7051,3.6247
7052,3.6245
7053,3.6244
7054,3.6241
7055,3.6239
7056,3.6238
7057,3.6236
7058,3.6233
7059,3.6231
7060,3.6228
7061,3.6226
7062,3.6225
7063,3.6223
7064,3.622
7065,3.6218
7066,3.6215
7067,3.6214
7068,3.6212
7069,3.6211
7070,3.6207
7071,3.6206
7072,3.6203
7073,3.6201
7074,3.6199
7075,3.6196
7076,3.6195
7077,3.6193
7078,3.619
7079,3.6188
7080,3.6185
7081,3.6184
7082,3.6182
7083,3.6179
7084,3.6177
7085,3.6174
7086,3.6172
7087,3.6171
7088,3.6168
7089,3.6166
7090,3.6163
7091,3.6161
7092,3.6158
7093,3.6157
7094,3.6153
7095,3.6152
7096,3.615
7097,3.6147
7098,3.6145
7099,3.6142
7100,3.6141
7101,3.6138
7102,3.6136
7103,3.6133
7104,3.6131
7105,3.6128
7106,3.6126
7107,3.6123
7108,3.612
7109,3.6118
7110,3.6115
7111,3.6114
7112,3.6111
7113,3.6109
7114,3.6106
7115,3.6103
7116,3.6101
7117,3.6098
7118,3.6096
7119,3.6093
7120,3.609
7121,3.6088
7122,3.6085
7123,3.6084
7124,3.608
7125,3.6077
7126,3.6074
7127,3.6072
7128,3.6069
7129,3.6068
7130,3.6064
7131,3.6061
7132,3.6058
7133,3.6057
7134,3.6053
7135,3.605
7136,3.6047
7137,3.6045
7138,3.6042
7139,3.6039
7140,3.6036
7141,3.6034
7142,3.6031
7143,3.6028
7144,3.6025
7145,3.6023
7146,3.602
7147,3.6017
7148,3.6014
7149,3.601
7150,3.6007
7151,3.6006
7152,3.6003
7153,3.5999
7154,3.5996
7155,3.5993
7156,3.599
7157,3.5987
7158,3.5983
7159,3.598
7160,3.5977
7161,3.5976
7162,3.5971
7163,3.5968
7164,3.5964
7165,3.5961
7166,3.5958
7167,3.5955
7168,3.5952
7169,3.5949
7170,3.5945
7171,3.5942
7172,3.5939
7173,3.5936
7174,3.5933
7175,3.5929
7176,3.5926
7177,3.5922
7178,3.5918
7179,3.5915
7180,3.5912
7181,3.5909
7182,3.5906
7183,3.5901
7184,3.5898
7185,3.5895
7186,3.5891
7187,3.5888
7188,3.5883
7189,3.588
7190,3.5877
7191,3.5872
7192,3.5869
7193,3.5866
7194,3.5861
7195,3.5858
7196,3.5855
7197,3.585
7198,3.5847
7199,3.5842
7200,3.5839
7201,3.5836
7202,3.5831
7203,3.5828
7204,3.5823
7205,3.582
7206,3.5815
7207,3.5812
7208,3.5807
7209,3.5802
7210,3.5799
7211,3.5794
7212,3.5791
7213,3.5787
7214,3.5783
7215,3.5779
7216,3.5774
7217,3.5769
7218,3.5766
7219,3.5761
7220,3.5756
7221,3.5753
7222,3.5748
7223,3.5744
7224,3.5739
7225,3.5736
7226,3.5731
7227,3.5726
7228,3.5721
7229,3.5717
7230,3.5712
7231,3.5707
7232,3.5704
7233,3.5699
7234,3.5694
7235,3.569
7236,3.5685
7237,3.568
7238,3.5675
7239,3.5671
7240,3.5666
7241,3.5661
7242,3.5656
7243,3.5652
7244,3.5645
7245,3.564
7246,3.5636
7247,3.5631
7248,3.5626
7249,3.5621
7250,3.5615
7251,3.561
7252,3.5606
7253,3.5601
7254,3.5596
7255,3.559
7256,3.5585
7257,3.558
7258,3.5574
7259,3.5569
7260,3.5564
7261,3.5558
7262,3.5553
7263,3.5548
7264,3.5542
7265,3.5537
7266,3.5531
7267,3.5526
7268,3.552
7269,3.5515
7270,3.5509
7271,3.5504
7272,3.5498
7273,3.5493
7274,3.5486
7275,3.5482
7276,3.5475
7277,3.5471
7278,3.5464
7279,3.5458
7280,3.5453
7281,3.5447
7282,3.5442
7283,3.5436
7284,3.5429
7285,3.5424
7286,3.5418
7287,3.5412
7288,3.5405
7289,3.5401
7290,3.5394
7291,3.5388
7292,3.5382
7293,3.5377
7294,3.537
7295,3.5364
7296,3.5358
7297,3.5353
7298,3.5347
7299,3.534
7300,3.5334
7301,3.5328
7302,3.5321
7303,3.5316
7304,3.531
7305,3.5304
7306,3.5297
7307,3.5291
7308,3.5285
7309,3.5278
7310,3.5272
7311,3.5266
7312,3.5259
7313,3.5253
7314,3.5248
7315,3.524
7316,3.5236
7317,3.5228
7318,3.5223
7319,3.5216
7320,3.5209
7321,3.5202
7322,3.5196
7323,3.5189
7324,3.5183
7325,3.5177
7326,3.517
7327,3.5164
7328,3.5158
7329,3.515
7330,3.5143
7331,3.5137
7332,3.5131
7333,3.5123
7334,3.5116
7335,3.511
7336,3.5104
7337,3.5096
7338,3.5089
7339,3.5081
7340,3.5075
7341,3.5069
7342,3.5061
7343,3.5053
7344,3.5047
7345,3.5039
7346,3.5032
7347,3.5024
7348,3.5016
7349,3.501
7350,3.5002
7351,3.4994
7352,3.4986
7353,3.4978
7354,3.4972
7355,3.4964
7356,3.4956
7357,3.4948
7358,3.494
7359,3.4931
7360,3.4923
7361,3.4915
7362,3.4907
7363,3.4899
7364,3.4889
7365,3.4881
7366,3.4872
7367,3.4864
7368,3.4854
7369,3.4846
7370,3.4837
7371,3.4827
7372,3.4819
7373,3.481
7374,3.48
7375,3.4791
7376,3.4781
7377,3.4772
7378,3.4762
7379,3.4751
7380,3.4742
7381,3.4732
7382,3.4721
7383,3.4711
7384,3.47
7385,3.4691
7386,3.468
7387,3.4669
7388,3.4657
7389,3.4646
7390,3.4635
7391,3.4624
7392,3.4613
7393,3.4602
7394,3.4591
7395,3.4578
7396,3.4567
7397,3.4554
7398,3.4543
7399,3.453
7400,3.4518
7401,3.4505
7402,3.4492
7403,3.448
7404,3.4467
7405,3.4454
7406,3.4441
7407,3.4427
7408,3.4414
7409,3.44
7410,3.4386
7411,3.4372
7412,3.4359
7413,3.4345
7414,3.433
7415,3.4316
7416,3.43
7417,3.4286
7418,3.4272
7419,3.4256
7420,3.424
7421,3.4226
7422,3.421
7423,3.4194
7424,3.4178
7425,3.4162
7426,3.4146
7427,3.4129
7428,3.4113
7429,3.4095
7430,3.4079
7431,3.4062
7432,3.4044
7433,3.4029
7434,3.4011
7435,3.3994
7436,3.3975
7437,3.3957
7438,3.394
7439,3.3921
7440,3.3903
7441,3.3884
7442,3.3865
7443,3.3846
7444,3.3827
7445,3.3808
7446,3.3789
7447,3.3768
7448,3.3749
7449,3.3728
7450,3.3709
7451,3.3689
7452,3.3668
7453,3.3647
7454,3.3627
7455,3.3605
7456,3.3584
7457,3.3563
7458,3.3541
7459,3.3519
7460,3.3497
7461,3.3474
7462,3.3452
7463,3.343
7464,3.3408
7465,3.3384
7466,3.3362
7467,3.3338
7468,3.3314
7469,3.3291
7470,3.3267
7471,3.3243
7472,3.3217
7473,3.3194
7474,3.3168
7475,3.3143
7476,3.3117
7477,3.3092
7478,3.3067
7479,3.3041
7480,3.3014
7481,3.2989
7482,3.2962
7483,3.2935
7484,3.2908
7485,3.2879
7486,3.2852
7487,3.2825
7488,3.2797
7489,3.2768
7490,3.2739
7491,3.2711
7492,3.2681
7493,3.2652
7494,3.2622
7495,3.2592
7496,3.2561
7497,3.2531
7498,3.2499
7499,3.2469
7500,3.2438
7501,3.2406
7502,3.2374
7503,3.2341
7504,3.2309
7505,3.2276
7506,3.2242
7507,3.2209
7508,3.2174
7509,3.214
7510,3.2106
7511,3.2071
7512,3.2036
7513,3.1999
7514,3.1964
7515,3.1928
7516,3.1891
7517,3.1853
7518,3.1816
7519,3.1778
7520,3.174
7521,3.1702
7522,3.1662
7523,3.1623
7524,3.1583
7525,3.1543
7526,3.1504
7527,3.1462
7528,3.1421
7529,3.1378
7530,3.1337
7531,3.1294
7532,3.1251
7533,3.1208
7534,3.1164
7535,3.1119
7536,3.1075
7537,3.1029
7538,3.0983
7539,3.0936
7540,3.089
7541,3.0843
7542,3.0795
7543,3.0746
7544,3.0698
7545,3.0649
7546,3.0598
7547,3.0547
7548,3.0496
7549,3.0446
7550,3.0393
7551,3.0341
7552,3.0287
7553,3.0233
7554,3.0179
7555,3.0123
7556,3.0068
7557,3.001
7558,2.9953
7559,2.9896
7560,2.9837
7561,2.9779
7562,2.9718
7563,2.9658
7564,2.9596
7565,2.9534
7566,2.9472
7567,2.9408
7568,2.9343
7569,2.9278
7570,2.9213
7571,2.9146
7572,2.9078
7573,2.901
7574,2.894
7575,2.887
7576,2.8798
7577,2.8725
7578,2.8652
7579,2.8578
7580,2.8503
7581,2.8425
7582,2.8349
7583,2.827
7584,2.819
7585,2.8111
7586,2.8028
7587,2.7945
7588,2.7861
7589,2.7776
7590,2.769
7591,2.7601
7592,2.7512
7593,2.7423
7594,2.7331
7595,2.7239
7596,2.7145
7597,2.705
7598,2.6953
7599,2.6856
7600,2.6757
7601,2.6657
7602,2.6556
7603,2.6454
7604,2.6351
7605,2.6247
7606,2.6141
7607,2.6035
7608,2.5927
7609,2.5819
7610,2.5707
7611,2.5596
7612,2.5483
7613,2.5371
7614,2.5256
7615,2.5139
7616,2.5023
7617,2.4999
7618,2.5205
7619,2.6243
7620,2.7272
7621,2.8279
7622,2.9068
7623,3.0082
7624,3.0909
7625,3.1915
7626,3.2009
7627,3.2781
7628,3.3352
7629,3.3771
7630,3.4071
7631,3.4283
7632,3.4426
7633,3.4522
7634,3.4591
7635,3.4642
7636,3.4681
7637,3.4713
7638,3.474
7639,3.4762
7640,3.4781
7641,3.4799
7642,3.4813
7643,3.4827
7644,3.4838
7645,3.485
7646,3.4861
7647,3.487
7648,3.4878
7649,3.4886
7650,3.4894
7651,3.4902
7652,3.4908
7653,3.4915
7654,3.4921
7655,3.4927
7656,3.4934
7657,3.4939
7658,3.4943
7659,3.4948
7660,3.4953
7661,3.4958
7662,3.4962
7663,3.4967
7664,3.4972
7665,3.4975
7666,3.4978
7667,3.4983
7668,3.4986
7669,3.4989
7670,3.4993
7671,3.4997
7672,3.5
7673,3.5004
7674,3.5005
7675,3.5008
7676,3.5012
7677,3.5015
7678,3.5018
7679,3.502
7680,3.5023
7681,3.5024
7682,3.5027
7683,3.5031
7684,3.5032
7685,3.5035
7686,3.5037
7687,3.5039
7688,3.5042
7689,3.5043
7690,3.5047
7691,3.5048
7692,3.505
7693,3.5053
7694,3.5054
7695,3.5056
7696,3.5058
7697,3.5059
7698,3.5061
7699,3.5064
7700,3.5066
7701,3.5067
7702,3.5069
7703,3.507
7704,3.5072
7705,3.5074
7706,3.5075
7707,3.5077
7708,3.5078
7709,3.508
7710,3.5081
7711,3.5083
7712,3.5085
7713,3.5086
7714,3.5088
7715,3.5089
7716,3.5091
7717,3.5093
7718,3.5093
7719,3.5094
7720,3.5096
7721,3.5097
7722,3.5099
7723,3.5101
7724,3.5102
7725,3.5102
7726,3.5104
7727,3.5105
7728,3.5107
7729,3.5107
7730,3.5108
7731,3.511
7732,3.5112
7733,3.5112
7734,3.5113
7735,3.5115
7736,3.5116
7737,3.5116
7738,3.5118
7739,3.512
7740,3.512
7741,3.5121
7742,3.5123
7743,3.5123
7744,3.5124
7745,3.5126
7746,3.5126
7747,3.5128
7748,3.5129
7749,3.5129
7750,3.5131
7751,3.5131
7752,3.5132
7753,3.5134
7754,3.5134
7755,3.5135
7756,3.5135
7757,3.5137
7758,3.5139
7759,3.5139
7760,3.514
7761,3.514
7762,3.5142
7763,3.5142
7764,3.5143
7765,3.5143
7766,3.5145
7767,3.5147
7768,3.5147
7769,3.5148
7770,3.5148
7771,3.515
7772,3.515
7773,3.5151
7774,3.5151
7775,3.5151
7776,3.5153
7777,3.5155
7778,3.5155
7779,3.5155
7780,3.5156
7781,3.5156
7782,3.5158
7783,3.5158
7784,3.5159
7785,3.5159
7786,3.5161
7787,3.5161
7788,3.5162
7789,3.5162
7790,3.5162
7791,3.5164
7792,3.5164
7793,3.5166
7794,3.5166
7795,3.5167
7796,3.5167
7797,3.5167
7798,3.5169
7799,3.5169
7800,3.517
7801,3.517
7802,3.517
7803,3.5172
7804,3.5249
7805,3.5665
7806,3.5703
7807,3.5725
7808,3.5741
7809,3.5754
7810,3.5765
7811,3.5775
7812,3.5783
7813,3.579
7814,3.5797
7815,3.5805
7816,3.581
7817,3.5816
7818,3.5822
7819,3.5827
7820,3.5832
7821,3.5838
7822,3.5841
7823,3.5846
7824,3.5851
7825,3.5856
7826,3.586
7827,3.5864
7828,3.5868
7829,3.5871
7830,3.5876
7831,3.5879
7832,3.5884
7833,3.5887
7834,3.5891
7835,3.5894
7836,3.5899
7837,3.5902
7838,3.5905
7839,3.5908
7840,3.5911
7841,3.5914
7842,3.5918
7843,3.5921
7844,3.5924
7845,3.5927
7846,3.593
7847,3.5933
7848,3.5937
7849,3.594
7850,3.5941
7851,3.5945
7852,3.5948
7853,3.5951
7854,3.5953
7855,3.5956
7856,3.5959
7857,3.5962
7858,3.5964
7859,3.5967
7860,3.597
7861,3.5972
7862,3.5975
7863,3.5976
7864,3.598
7865,3.5983
7866,3.5984
7867,3.5987
7868,3.5989
7869,3.5992
7870,3.5994
7871,3.5997
7872,3.5999
7873,3.6002
7874,3.6003
7875,3.6005
7876,3.6008
7877,3.601
7878,3.6013
7879,3.6014
7880,3.6016
7881,3.6019
7882,3.6021
7883,3.6022
7884,3.6026
7885,3.6027
7886,3.6029
7887,3.6032
7888,3.6034
7889,3.6035
7890,3.6038
7891,3.604
7892,3.6041
7893,3.6043
7894,3.6045
7895,3.6048
7896,3.6049
7897,3.6051
7898,3.6053
7899,3.6056
7900,3.6057
7901,3.6059
7902,3.6061
7903,3.6062
7904,3.6065
7905,3.6067
7906,3.6069
7907,3.607
7908,3.6072
7909,3.6073
7910,3.6075
7911,3.6076
7912,3.6078
7913,3.6081
7914,3.6083
7915,3.6084
7916,3.6086
7917,3.6088
7918,3.6089
7919,3.6091
7920,3.6092
7921,3.6094
7922,3.6096
7923,3.6097
7924,3.6099
7925,3.61
7926,3.6103
7927,3.6103
7928,3.6105
7929,3.6107
7930,3.6108
7931,3.611
7932,3.6111
7933,3.6113
7934,3.6115
7935,3.6116
7936,3.6118
7937,3.6119
7938,3.6121
7939,3.6123
7940,3.6124
7941,3.6126
7942,3.6127
7943,3.6129
7944,3.613
7945,3.6132
7946,3.6134
7947,3.6135
7948,3.6137
7949,3.6138
7950,3.614
7951,3.6142
7952,3.6143
7953,3.6145
7954,3.6146
7955,3.6146
7956,3.615
7957,3.615
7958,3.6151
7959,3.6153
7960,3.6154
7961,3.6156
7962,3.6157
7963,3.6159
7964,3.6161
7965,3.6162
7966,3.6162
7967,3.6164
7968,3.6165
7969,3.6167
7970,3.6169
7971,3.617
7972,3.6172
7973,3.6173
7974,3.6175
7975,3.6175
7976,3.6177
7977,3.6178
7978,3.618
7979,3.6181
7980,3.6183
7981,3.6184
7982,3.6186
7983,3.6186
7984,3.6188
7985,3.6189
7986,3.6191
7987,3.6192
7988,3.6194
7989,3.6196
7990,3.6196
7991,3.6197
7992,3.6199
7993,3.62
7994,3.6202
7995,3.6204
7996,3.6205
7997,3.6205
7998,3.6207
7999,3.6208
8000,3.621
8001,3.6212
8002,3.6213
8003,3.6215
8004,3.6215
8005,3.6216
8006,3.6218
8007,3.6219
8008,3.6221
8009,3.6223
8010,3.6223
8011,3.6224
8012,3.6226
8013,3.6227
8014,3.6229
8015,3.6229
8016,3.6231
8017,3.6232
8018,3.6234
8019,3.6235
8020,3.6237
8021,3.6237
8022,3.6239
8023,3.624
8024,3.6242
8025,3.6243
8026,3.6243
8027,3.6245
8028,3.6246
8029,3.6248
8030,3.625
8031,3.6251
8032,3.6251
8033,3.6253
8034,3.6254
8035,3.6256
8036,3.6258
8037,3.6259
8038,3.6259
8039,3.6261
8040,3.6262
8041,3.6264
8042,3.6266
8043,3.6266
8044,3.6267
8045,3.6269
8046,3.627
8047,3.6272
8048,3.6272
8049,3.6273
8050,3.6275
8051,3.6277
8052,3.6278
8053,3.628
8054,3.628
8055,3.6281
8056,3.6283
8057,3.6285
8058,3.6286
8059,3.6286
8060,3.6288
8061,3.6289
8062,3.6291
8063,3.6293
8064,3.6293
8065,3.6294
8066,3.6296
8067,3.6297
8068,3.6299
8069,3.6299
8070,3.63
8071,3.6302
8072,3.6304
8073,3.6305
8074,3.6305
8075,3.6307
8076,3.6308
8077,3.631
8078,3.631
8079,3.6312
8080,3.6313
8081,3.6315
8082,3.6316
8083,3.6318
8084,3.6318
8085,3.632
8086,3.6321
8087,3.6323
8088,3.6324
8089,3.6324
8090,3.6326
8091,3.6327
8092,3.6329
8093,3.6329
8094,3.6331
8095,3.6332
8096,3.6334
8097,3.6335
8098,3.6335
8099,3.6337
8100,3.6339
8101,3.634
8102,3.6342
8103,3.6342
8104,3.6343
8105,3.6345
8106,3.6347
8107,3.6348
8108,3.6348
8109,3.635
8110,3.6351
8111,3.6353
8112,3.6353
8113,3.6355
8114,3.6356
8115,3.6358
8116,3.6359
8117,3.6359
8118,3.6361
8119,3.6362
8120,3.6364
8121,3.6366
8122,3.6366
8123,3.6367
8124,3.6369
8125,3.637
8126,3.637
8127,3.6372
8128,3.6374
8129,3.6375
8130,3.6377
8131,3.6377
8132,3.6378
8133,3.638
8134,3.6382
8135,3.6383
8136,3.6383
8137,3.6385
8138,3.6386
8139,3.6388
8140,3.6388
8141,3.6389
8142,3.6391
8143,3.6393
8144,3.6393
8145,3.6394
8146,3.6396
8147,3.6397
8148,3.6399
8149,3.6399
8150,3.6401
8151,3.6402
8152,3.6404
8153,3.6404
8154,3.6405
8155,3.6407
8156,3.6409
8157,3.641
8158,3.641
8159,3.6412
8160,3.6413
8161,3.6415
8162,3.6415
8163,3.6416
8164,3.6418
8165,3.642
8166,3.6421
8167,3.6421
8168,3.6423
8169,3.6424
8170,3.6424
8171,3.6426
8172,3.6428
8173,3.6429
8174,3.6431
8175,3.6431
8176,3.6432
8177,3.6434
8178,3.6436
8179,3.6437
8180,3.6437
8181,3.6439
8182,3.644
8183,3.644
8184,3.6442
8185,3.6443
8186,3.6445
8187,3.6447
8188,3.6447
8189,3.6448
8190,3.645
8191,3.6451
8192,3.6451
8193,3.6453
8194,3.6455
8195,3.6456
8196,3.6458
8197,3.6458
8198,3.6459
8199,3.6461
8200,3.6463
8201,3.6463
8202,3.6464
8203,3.6466
8204,3.6467
8205,3.6467
8206,3.6469
8207,3.647
8208,3.6472
8209,3.6472
8210,3.6474
8211,3.6475
8212,3.6477
8213,3.6477
8214,3.6478
8215,3.648
8216,3.6482
8217,3.6482
8218,3.6483
8219,3.6485
8220,3.6486
8221,3.6486
8222,3.6488
8223,3.649
8224,3.6491
8225,3.6491
8226,3.6493
8227,3.6494
8228,3.6496
8229,3.6496
8230,3.6497
8231,3.6499
8232,3.6501
8233,3.6502
8234,3.6502
8235,3.6504
8236,3.6505
8237,3.6507
8238,3.6507
8239,3.6509
8240,3.651
8241,3.651
8242,3.6512
8243,3.6513
8244,3.6515
8245,3.6515
8246,3.6517
8247,3.6518
8248,3.652
8249,3.652
8250,3.6521
8251,3.6523
8252,3.6525
8253,3.6525
8254,3.6526
8255,3.6528
8256,3.6529
8257,3.6529
8258,3.6531
8259,3.6532
8260,3.6534
8261,3.6534
8262,3.6536
8263,3.6537
8264,3.6539
8265,3.6539
8266,3.654
8267,3.6542
8268,3.6542
8269,3.6544
8270,3.6545
8271,3.6547
8272,3.6548
8273,3.6548
8274,3.655
8275,3.6552
8276,3.6552
8277,3.6553
8278,3.6555
8279,3.6556
8280,3.6556
8281,3.6558
8282,3.6559
8283,3.6561
8284,3.6563
8285,3.6563
8286,3.6564
8287,3.6566
8288,3.6566
8289,3.6567
8290,3.6569
8291,3.6571
8292,3.6571
8293,3.6572
8294,3.6574
8295,3.6574
8296,3.6575
8297,3.6577
8298,3.6579
8299,3.6579
8300,3.658
8301,3.6582
8302,3.6583
8303,3.6583
8304,3.6585
8305,3.6586
8306,3.6588
8307,3.6588
8308,3.659
8309,3.6591
8310,3.6593
8311,3.6593
8312,3.6594
8313,3.6596
8314,3.6596
8315,3.6598
8316,3.6599
8317,3.6601
8318,3.6601
8319,3.6602
8320,3.6604
8321,3.6606
8322,3.6606
8323,3.6607
8324,3.6609
8325,3.6609
8326,3.661
8327,3.6612
8328,3.6613
8329,3.6615
8330,3.6615
8331,3.6617
8332,3.6617
8333,3.6618
8334,3.662
8335,3.6621
8336,3.6621
8337,3.6623
8338,3.6625
8339,3.6626
8340,3.6626
8341,3.6628
8342,3.6629
8343,3.6631
8344,3.6631
8345,3.6633
8346,3.6634
8347,3.6634
8348,3.6636
8349,3.6637
8350,3.6639
8351,3.6639
8352,3.664
8353,3.6642
8354,3.6644
8355,3.6644
8356,3.6645
8357,3.6647
8358,3.6648
8359,3.6648
8360,3.665
8361,3.6652
8362,3.6652
8363,3.6653
8364,3.6655
8365,3.6656
8366,3.6656
8367,3.6658
8368,3.666
8369,3.6661
8370,3.6661
8371,3.6663
8372,3.6664
8373,3.6664
8374,3.6666
8375,3.6668
8376,3.6669
8377,3.6671
8378,3.6671
8379,3.6672
8380,3.6674
8381,3.6674
8382,3.6675
8383,3.6677
8384,3.6677
8385,3.6679
8386,3.668
8387,3.6682
8388,3.6682
8389,3.6683
8390,3.6685
8391,3.6687
8392,3.6687
8393,3.6688
8394,3.669
8395,3.669
8396,3.6691
8397,3.6693
8398,3.6695
8399,3.6695
8400,3.6696
8401,3.6698
8402,3.6698
8403,3.6699
8404,3.6701
8405,3.6702
8406,3.6702
8407,3.6704
8408,3.6706
8409,3.6706
8410,3.6707
8411,3.6709
8412,3.671
8413,3.671
8414,3.6712
8415,3.6714
8416,3.6715
8417,3.6715
8418,3.6717
8419,3.6718
8420,3.6718
8421,3.672
8422,3.6722
8423,3.6723
8424,3.6723
8425,3.6725
8426,3.6726
8427,3.6728
8428,3.6728
8429,3.6729
8430,3.6731
8431,3.6731
8432,3.6733
8433,3.6734
8434,3.6736
8435,3.6736
8436,3.6737
8437,3.6739
8438,3.6739
8439,3.6741
8440,3.6742
8441,3.6744
8442,3.6744
8443,3.6745
8444,3.6747
8445,3.6749
8446,3.6749
8447,3.675
8448,3.6752
8449,3.6753
8450,3.6753
8451,3.6755
8452,3.6756
8453,3.6756
8454,3.6758
8455,3.676
8456,3.6761
8457,3.6761
8458,3.6763
8459,3.6764
8460,3.6764
8461,3.6766
8462,3.6768
8463,3.6769
8464,3.6769
8465,3.6771
8466,3.6772
8467,3.6774
8468,3.6774
8469,3.6776
8470,3.6777
8471,3.6779
8472,3.6779
8473,3.678
8474,3.6782
8475,3.6783
8476,3.6783
8477,3.6785
8478,3.6787
8479,3.6788
8480,3.6788
8481,3.679
8482,3.6791
8483,3.6791
8484,3.6793
8485,3.6795
8486,3.6796
8487,3.6796
8488,3.6798
8489,3.6799
8490,3.6801
8491,3.6801
8492,3.6803
8493,3.6804
8494,3.6806
8495,3.6806
8496,3.6807
8497,3.6809
8498,3.681
8499,3.681
8500,3.6812
8501,3.6814
8502,3.6815
8503,3.6815
8504,3.6817
8505,3.6818
8506,3.682
8507,3.682
8508,3.6822
8509,3.6823
8510,3.6823
8511,3.6825
8512,3.6826
8513,3.6828
8514,3.683
8515,3.683
8516,3.6831
8517,3.6833
8518,3.6833
8519,3.6834
8520,3.6836
8521,3.6838
8522,3.6839
8523,3.6839
8524,3.6841
8525,3.6842
8526,3.6844
8527,3.6844
8528,3.6845
8529,3.6847
8530,3.6849
8531,3.6849
8532,3.685
8533,3.6852
8534,3.6853
8535,3.6853
8536,3.6855
8537,3.6857
8538,3.6858
8539,3.686
8540,3.686
8541,3.6861
8542,3.6863
8543,3.6865
8544,3.6865
8545,3.6866
8546,3.6868
8547,3.6869
8548,3.6871
8549,3.6871
8550,3.6872
8551,3.6874
8552,3.6874
8553,3.6876
8554,3.6877
8555,3.6879
8556,3.688
8557,3.6882
8558,3.6882
8559,3.6884
8560,3.6885
8561,3.6887
8562,3.6888
8563,3.6888
8564,3.689
8565,3.6892
8566,3.6893
8567,3.6893
8568,3.6895
8569,3.6896
8570,3.6898
8571,3.6899
8572,3.6899
8573,3.6901
8574,3.6903
8575,3.6904
8576,3.6906
8577,3.6907
8578,3.6907
8579,3.6909
8580,3.6911
8581,3.6912
8582,3.6912
8583,3.6914
8584,3.6915
8585,3.6917
8586,3.6919
8587,3.692
8588,3.692
8589,3.6922
8590,3.6923
8591,3.6925
8592,3.6926
8593,3.6926
8594,3.6928
8595,3.693
8596,3.6931
8597,3.6933
8598,3.6934
8599,3.6936
8600,3.6936
8601,3.6938
8602,3.6939
8603,3.6941
8604,3.6942
8605,3.6942
8606,3.6944
8607,3.6946
8608,3.6947
8609,3.6949
8610,3.695
8611,3.6952
8612,3.6952
8613,3.6953
8614,3.6955
8615,3.6957
8616,3.6958
8617,3.696
8618,3.696
8619,3.6961
8620,3.6963
8621,3.6965
8622,3.6966
8623,3.6968
8624,3.6969
8625,3.6969
8626,3.6971
8627,3.6973
8628,3.6974
8629,3.6976
8630,3.6977
8631,3.6977
8632,3.6979
8633,3.6981
8634,3.6982
8635,3.6984
8636,3.6985
8637,3.6987
8638,3.6988
8639,3.6988
8640,3.699
8641,3.6992
8642,3.6993
8643,3.6995
8644,3.6996
8645,3.6998
8646,3.7
8647,3.7001
8648,3.7001
8649,3.7003
8650,3.7004
8651,3.7006
8652,3.7008
8653,3.7009
8654,3.7011
8655,3.7012
8656,3.7014
8657,3.7014
8658,3.7015
8659,3.7017
8660,3.7019
8661,3.702
8662,3.7022
8663,3.7023
8664,3.7025
8665,3.7027
8666,3.7028
8667,3.703
8668,3.703
8669,3.7031
8670,3.7033
8671,3.7035
8672,3.7036
8673,3.7038
8674,3.7039
8675,3.7041
8676,3.7042
8677,3.7044
8678,3.7046
8679,3.7046
8680,3.7047
8681,3.7049
8682,3.705
8683,3.7052
8684,3.7054
8685,3.7055
8686,3.7057
8687,3.7058
8688,3.706
8689,3.7062
8690,3.7063
8691,3.7065
8692,3.7066
8693,3.7068
8694,3.7069
8695,3.7069
8696,3.7071
8697,3.7073
8698,3.7074
8699,3.7076
8700,3.7077
8701,3.7079
8702,3.7081
8703,3.7082
8704,3.7084
8705,3.7085
8706,3.7087
8707,3.7089
8708,3.709
8709,3.7092
8710,3.7093
8711,3.7095
8712,3.7096
8713,3.7096
8714,3.7098
8715,3.71
8716,3.7101
8717,3.7103
8718,3.7104
8719,3.7104
8720,3.7104
8721,3.7104
8722,3.7104
8723,3.7104
8724,3.7104
8725,3.7104
8726,3.7104
8727,3.7104
8728,3.7104
8729,3.7104
8730,3.7104
8731,3.7104
8732,3.7104
8733,3.7104
8734,3.7104
8735,3.7104
8736,3.7104
8737,3.7104
8738,3.7104
8739,3.7104
8740,3.7104
8741,3.7104
8742,3.7104
8743,3.7104
8744,3.7104
8745,3.7104
8746,3.7104
8747,3.7104
8748,3.7104
8749,3.7104
8750,3.7104
8751,3.7104
8752,3.7104
8753,3.7104
8754,3.7104
8755,3.7104
8756,3.7084
8757,3.7076
8758,3.7071
8759,3.707
8760,3.7068
8761,3.7067
8762,3.7067
8763,3.7065
8764,3.7063
8765,3.7063
8766,3.7063
8767,3.7062
8768,3.7062
8769,3.7062
8770,3.706
8771,3.706
8772,3.7059
8773,3.7059
8774,3.7059
8775,3.7059
8776,3.7059
8777,3.7057
8778,3.7057
8779,3.7057
8780,3.7057
8781,3.7057
8782,3.7055
8783,3.7055
8784,3.7055
8785,3.7055
8786,3.7055
8787,3.7055
8788,3.7054
8789,3.7054
8790,3.7054
8791,3.7054
8792,3.7054
8793,3.7054
8794,3.7054
8795,3.7052
8796,3.7052
8797,3.7052
8798,3.7052
8799,3.7052
8800,3.7052
8801,3.7052
8802,3.7052
8803,3.7052
8804,3.7052
8805,3.7052
8806,3.7051
8807,3.7051
8808,3.7051
8809,3.7051
8810,3.7051
8811,3.7051
8812,3.7051
8813,3.7051
8814,3.7051
8815,3.7051
8816,3.7051
8817,3.7051
8818,3.7051
8819,3.7051
8820,3.7051
8821,3.7051
8822,3.7051
8823,3.7051
8824,3.7049
8825,3.7049
8826,3.7049
8827,3.7049
8828,3.7049
8829,3.7049
8830,3.7049
8831,3.7049
8832,3.7049
8833,3.7049
8834,3.7049
8835,3.7049
8836,3.7049
8837,3.7049
8838,3.7049
8839,3.7049
8840,3.7049
8841,3.7049
8842,3.7049
8843,3.7049
8844,3.7049
8845,3.7049
8846,3.7047
8847,3.7049
8848,3.7049
8849,3.7049
8850,3.7047
8851,3.7047
8852,3.7047
8853,3.7047
8854,3.7047
8855,3.7047
8856,3.7047
8857,3.7047
8858,3.7047
8859,3.7047
8860,3.7047
8861,3.7047
8862,3.7047
8863,3.7047
8864,3.7047
8865,3.7047
8866,3.7047
8867,3.7047
8868,3.7047
8869,3.7047
8870,3.7047
8871,3.7047
8872,3.7047
8873,3.7047
8874,3.7047
8875,3.7047
8876,3.7047
8877,3.7047
8878,3.7047
8879,3.7047
8880,3.7047
8881,3.7047
8882,3.7047
8883,3.7047
8884,3.7047
8885,3.7047
8886,3.7047
8887,3.7047
8888,3.7047
8889,3.7047
8890,3.7047
8891,3.7047
8892,3.7047
8893,3.7047
8894,3.7047
8895,3.7047
8896,3.7047
8897,3.7047
8898,3.7047
8899,3.7047
8900,3.7047
8901,3.7047
8902,3.7047
8903,3.7047
8904,3.7047
8905,3.7046
8906,3.7047
8907,3.7047
8908,3.7047
8909,3.7047
8910,3.7047
8911,3.7047
8912,3.7047
8913,3.7047
8914,3.7047
8915,3.7046
8916,3.7046
8917,3.7047
8918,3.7047
8919,3.7047
8920,3.7047
8921,3.7046
8922,3.7046
8923,3.7046
8924,3.7046
8925,3.7047
8926,3.7046
8927,3.7046
8928,3.7046
8929,3.7046
8930,3.7046
8931,3.7046
8932,3.7046
8933,3.7047
8934,3.7046
8935,3.7046
8936,3.7046
