,voltage
0,3.4069
1,3.4069
2,3.4069
3,3.4069
4,3.4069
5,3.4069
6,3.4069
7,3.4069
8,3.4069
9,3.4069
10,3.4069
11,3.4069
12,3.4069
13,3.4069
14,3.4069
15,3.4069
16,3.4069
17,3.4069
18,3.4069
19,3.4069
20,3.4069
21,3.4069
22,3.4069
23,3.4069
24,3.4069
25,3.4069
26,3.4069
27,3.4069
28,3.4069
29,3.4069
30,3.4069
31,3.4069
32,3.4069
33,3.4069
34,3.4069
35,3.4069
36,3.4069
37,3.4069
38,3.4069
39,3.4069
40,3.4069
41,3.4069
42,3.4069
43,3.4069
44,3.4069
45,3.4069
46,3.4069
47,3.4069
48,3.4069
49,3.4069
50,3.4069
51,3.4069
52,3.4069
53,3.4069
54,3.4069
55,3.4069
56,3.4069
57,3.4069
58,3.4069
59,3.4069
60,3.4069
61,3.5087
62,3.6118
63,3.6518
64,3.6506
65,3.6487
66,3.6469
67,3.6455
68,3.6444
69,3.6434
70,3.6426
71,3.642
72,3.6414
73,3.6409
74,3.6406
75,3.6403
76,3.6399
77,3.6396
78,3.6395
79,3.6391
80,3.639
81,3.6388
82,3.6388
83,3.6387
84,3.6387
85,3.6385
86,3.6385
87,3.6385
88,3.6383
89,3.6383
90,3.6383
91,3.6383
92,3.6383
93,3.6385
94,3.6385
95,3.6385
96,3.6385
97,3.6385
98,3.6387
99,3.6387
100,3.6388
101,3.6388
102,3.639
103,3.639
104,3.6391
105,3.6391
106,3.6393
107,3.6393
108,3.6395
109,3.6395
110,3.6396
111,3.6398
112,3.6398
113,3.6399
114,3.6401
115,3.6403
116,3.6403
117,3.6404
118,3.6406
119,3.6407
120,3.6407
121,3.6409
122,3.641
123,3.6412
124,3.6412
125,3.6414
126,3.6415
127,3.6417
128,3.6418
129,3.6418
130,3.642
131,3.6422
132,3.6423
133,3.6425
134,3.6426
135,3.6428
136,3.6428
137,3.643
138,3.6431
139,3.6433
140,3.6434
141,3.6434
142,3.6437
143,3.6437
144,3.6439
145,3.6441
146,3.6442
147,3.6444
148,3.6445
149,3.6447
150,3.6447
151,3.6449
152,3.645
153,3.6452
154,3.6453
155,3.6455
156,3.6457
157,3.6457
158,3.6458
159,3.646
160,3.6461
161,3.6463
162,3.6464
163,3.6466
164,3.6466
165,3.6468
166,3.6469
167,3.6471
168,3.6472
169,3.6472
170,3.6474
171,3.6476
172,3.6477
173,3.6477
174,3.6479
175,3.648
176,3.6482
177,3.6484
178,3.6484
179,3.6485
180,3.6487
181,3.6488
182,3.649
183,3.649
184,3.6491
185,3.6493
186,3.6495
187,3.6495
188,3.6496
189,3.6498
190,3.6498
191,3.6499
192,3.6501
193,3.6503
194,3.6503
195,3.6504
196,3.6506
197,3.6506
198,3.6507
199,3.6509
200,3.6509
201,3.6511
202,3.6512
203,3.6514
204,3.6514
205,3.6515
206,3.6515
207,3.6517
208,3.6518
209,3.652
210,3.652
211,3.6522
212,3.6522
213,3.6523
214,3.6525
215,3.6525
216,3.6526
217,3.6528
218,3.6528
219,3.653
220,3.653
221,3.6531
222,3.6533
223,3.6533
224,3.6534
225,3.6534
226,3.6536
227,3.6538
228,3.6538
229,3.6539
230,3.6541
231,3.6541
232,3.6542
233,3.6542
234,3.6544
235,3.6545
236,3.6545
237,3.6547
238,3.6547
239,3.6549
240,3.6549
241,3.655
242,3.655
243,3.6552
244,3.6553
245,3.6553
246,3.6555
247,3.6555
248,3.6557
249,3.6557
250,3.6558
251,3.6558
252,3.656
253,3.6561
254,3.6561
255,3.6563
256,3.6563
257,3.6565
258,3.6565
259,3.6566
260,3.6566
261,3.6568
262,3.6568
263,3.6569
264,3.6569
265,3.6571
266,3.6571
267,3.6572
268,3.6572
269,3.6574
270,3.6574
271,3.6576
272,3.6576
273,3.6577
274,3.6577
275,3.6579
276,3.6579
277,3.658
278,3.658
279,3.6582
280,3.6582
281,3.6584
282,3.6584
283,3.6585
284,3.6585
285,3.6587
286,3.6587
287,3.6588
288,3.6588
289,3.659
290,3.659
291,3.659
292,3.6592
293,3.6593
294,3.6593
295,3.6595
296,3.6595
297,3.6595
298,3.6596
299,3.6596
300,3.6598
301,3.6598
302,3.6599
303,3.6599
304,3.6601
305,3.6601
306,3.6603
307,3.6603
308,3.6604
309,3.6604
310,3.6604
311,3.6606
312,3.6606
313,3.6607
314,3.6607
315,3.6609
316,3.6609
317,3.6611
318,3.6611
319,3.6612
320,3.6612
321,3.6612
322,3.6614
323,3.6614
324,3.6615
325,3.6615
326,3.6617
327,3.6617
328,3.6619
329,3.6619
330,3.662
331,3.662
332,3.662
333,3.6622
334,3.6622
335,3.6623
336,3.6623
337,3.6625
338,3.6625
339,3.6625
340,3.6626
341,3.6626
342,3.6628
343,3.6628
344,3.663
345,3.663
346,3.663
347,3.6631
348,3.6631
349,3.6633
350,3.6633
351,3.6634
352,3.6634
353,3.6634
354,3.6636
355,3.6636
356,3.6638
357,3.6638
358,3.6638
359,3.6639
360,3.6639
361,3.6641
362,3.6641
363,3.6642
364,3.6642
365,3.6642
366,3.6644
367,3.6644
368,3.6646
369,3.6646
370,3.6646
371,3.6647
372,3.6647
373,3.6649
374,3.6649
375,3.665
376,3.665
377,3.665
378,3.6652
379,3.6652
380,3.6653
381,3.6653
382,3.6653
383,3.6655
384,3.6655
385,3.6657
386,3.6657
387,3.6657
388,3.6658
389,3.6658
390,3.666
391,3.666
392,3.6661
393,3.6661
394,3.6661
395,3.6663
396,3.6663
397,3.6663
398,3.6665
399,3.6665
400,3.6666
401,3.6666
402,3.6666
403,3.6668
404,3.6668
405,3.6669
406,3.6669
407,3.6669
408,3.6671
409,3.6671
410,3.6673
411,3.6673
412,3.6674
413,3.6674
414,3.6674
415,3.6676
416,3.6676
417,3.6677
418,3.6677
419,3.6677
420,3.6679
421,3.6679
422,3.6681
423,3.6681
424,3.6681
425,3.6682
426,3.6682
427,3.6684
428,3.6684
429,3.6684
430,3.6685
431,3.6685
432,3.6685
433,3.6687
434,3.6687
435,3.6688
436,3.6688
437,3.6688
438,3.669
439,3.669
440,3.6692
441,3.6692
442,3.6693
443,3.6693
444,3.6693
445,3.6695
446,3.6695
447,3.6696
448,3.6696
449,3.6696
450,3.6698
451,3.6698
452,3.67
453,3.67
454,3.67
455,3.6701
456,3.6701
457,3.6701
458,3.6703
459,3.6703
460,3.6704
461,3.6704
462,3.6704
463,3.6706
464,3.6706
465,3.6708
466,3.6708
467,3.6708
468,3.6709
469,3.6709
470,3.6711
471,3.6711
472,3.6711
473,3.6712
474,3.6712
475,3.6712
476,3.6714
477,3.6714
478,3.6715
479,3.6715
480,3.6715
481,3.6717
482,3.6717
483,3.6719
484,3.6719
485,3.6719
486,3.672
487,3.672
488,3.672
489,3.6722
490,3.6722
491,3.6723
492,3.6723
493,3.6723
494,3.6725
495,3.6725
496,3.6727
497,3.6727
498,3.6727
499,3.6728
500,3.6728
501,3.673
502,3.673
503,3.673
504,3.6731
505,3.6731
506,3.6731
507,3.6733
508,3.6733
509,3.6733
510,3.6735
511,3.6735
512,3.6736
513,3.6736
514,3.6736
515,3.6738
516,3.6738
517,3.6739
518,3.6739
519,3.6739
520,3.6741
521,3.6741
522,3.6741
523,3.6742
524,3.6742
525,3.6744
526,3.6744
527,3.6744
528,3.6746
529,3.6746
530,3.6746
531,3.6747
532,3.6747
533,3.6749
534,3.6749
535,3.6749
536,3.675
537,3.675
538,3.6752
539,3.6752
540,3.6754
541,3.6754
542,3.6754
543,3.6755
544,3.6755
545,3.6755
546,3.6757
547,3.6757
548,3.6757
549,3.6758
550,3.6758
551,3.676
552,3.676
553,3.676
554,3.6762
555,3.6762
556,3.6762
557,3.6763
558,3.6763
559,3.6765
560,3.6765
561,3.6765
562,3.6766
563,3.6766
564,3.6768
565,3.6768
566,3.6768
567,3.6769
568,3.6769
569,3.6769
570,3.6771
571,3.6771
572,3.6773
573,3.6773
574,3.6774
575,3.6774
576,3.6774
577,3.6776
578,3.6776
579,3.6776
580,3.6777
581,3.6777
582,3.6779
583,3.6779
584,3.6779
585,3.6781
586,3.6781
587,3.6781
588,3.6782
589,3.6782
590,3.6784
591,3.6784
592,3.6784
593,3.6785
594,3.6785
595,3.6785
596,3.6787
597,3.6787
598,3.6789
599,3.6789
600,3.6789
601,3.679
602,3.679
603,3.679
604,3.6792
605,3.6792
606,3.6793
607,3.6793
608,3.6793
609,3.6795
610,3.6795
611,3.6796
612,3.6796
613,3.6796
614,3.6798
615,3.6798
616,3.6798
617,3.68
618,3.68
619,3.6801
620,3.6801
621,3.6801
622,3.6803
623,3.6803
624,3.6804
625,3.6804
626,3.6804
627,3.6806
628,3.6806
629,3.6806
630,3.6808
631,3.6808
632,3.6809
633,3.6809
634,3.6809
635,3.6811
636,3.6811
637,3.6811
638,3.6812
639,3.6812
640,3.6814
641,3.6814
642,3.6814
643,3.6816
644,3.6816
645,3.6817
646,3.6817
647,3.6817
648,3.6819
649,3.6819
650,3.682
651,3.682
652,3.682
653,3.6822
654,3.6822
655,3.6823
656,3.6823
657,3.6823
658,3.6825
659,3.6825
660,3.6825
661,3.6827
662,3.6827
663,3.6828
664,3.6828
665,3.6828
666,3.683
667,3.683
668,3.6831
669,3.6831
670,3.6831
671,3.6833
672,3.6833
673,3.6835
674,3.6835
675,3.6835
676,3.6836
677,3.6836
678,3.6836
679,3.6838
680,3.6838
681,3.6839
682,3.6839
683,3.6839
684,3.6841
685,3.6841
686,3.6841
687,3.6843
688,3.6843
689,3.6844
690,3.6844
691,3.6846
692,3.6846
693,3.6846
694,3.6847
695,3.6847
696,3.6849
697,3.6849
698,3.6849
699,3.685
700,3.685
701,3.685
702,3.6852
703,3.6852
704,3.6854
705,3.6854
706,3.6854
707,3.6855
708,3.6855
709,3.6857
710,3.6857
711,3.6857
712,3.6858
713,3.6858
714,3.686
715,3.686
716,3.686
717,3.6862
718,3.6862
719,3.6863
720,3.6863
721,3.6863
722,3.6865
723,3.6865
724,3.6865
725,3.6866
726,3.6866
727,3.6868
728,3.6868
729,3.687
730,3.687
731,3.687
732,3.6871
733,3.6871
734,3.6871
735,3.6873
736,3.6873
737,3.6874
738,3.6874
739,3.6874
740,3.6876
741,3.6876
742,3.6877
743,3.6877
744,3.6879
745,3.6879
746,3.6879
747,3.6881
748,3.6881
749,3.6881
750,3.6882
751,3.6882
752,3.6884
753,3.6884
754,3.6885
755,3.6885
756,3.6885
757,3.6887
758,3.6887
759,3.6887
760,3.6889
761,3.6889
762,3.689
763,3.689
764,3.6892
765,3.6892
766,3.6892
767,3.6893
768,3.6893
769,3.6895
770,3.6895
771,3.6895
772,3.6897
773,3.6897
774,3.6898
775,3.6898
776,3.6898
777,3.69
778,3.69
779,3.6901
780,3.6901
781,3.6901
782,3.6903
783,3.6903
784,3.6904
785,3.6904
786,3.6906
787,3.6906
788,3.6906
789,3.6908
790,3.6908
791,3.6909
792,3.6909
793,3.6909
794,3.6911
795,3.6911
796,3.6912
797,3.6912
798,3.6912
799,3.6914
800,3.6914
801,3.6916
802,3.6916
803,3.6916
804,3.6917
805,3.6917
806,3.6917
807,3.6919
808,3.692
809,3.692
810,3.692
811,3.6922
812,3.6922
813,3.6924
814,3.6924
815,3.6925
816,3.6925
817,3.6925
818,3.6927
819,3.6927
820,3.6928
821,3.6928
822,3.6928
823,3.693
824,3.693
825,3.6931
826,3.6931
827,3.6931
828,3.6933
829,3.6933
830,3.6935
831,3.6935
832,3.6936
833,3.6936
834,3.6936
835,3.6938
836,3.6938
837,3.6939
838,3.6939
839,3.6939
840,3.6941
841,3.6941
842,3.6943
843,3.6943
844,3.6944
845,3.6944
846,3.6944
847,3.6946
848,3.6946
849,3.6947
850,3.6947
851,3.6947
852,3.6949
853,3.6949
854,3.6951
855,3.6951
856,3.6952
857,3.6952
858,3.6952
859,3.6954
860,3.6954
861,3.6955
862,3.6955
863,3.6957
864,3.6957
865,3.6957
866,3.6958
867,3.6958
868,3.696
869,3.696
870,3.6962
871,3.6962
872,3.6962
873,3.6963
874,3.6963
875,3.6965
876,3.6965
877,3.6965
878,3.6966
879,3.6966
880,3.6968
881,3.6968
882,3.697
883,3.697
884,3.697
885,3.6971
886,3.6971
887,3.6973
888,3.6973
889,3.6974
890,3.6974
891,3.6976
892,3.6976
893,3.6976
894,3.6978
895,3.6978
896,3.6979
897,3.6979
898,3.6981
899,3.6981
900,3.6981
901,3.6982
902,3.6982
903,3.6984
904,3.6984
905,3.6985
906,3.6985
907,3.6985
908,3.6987
909,3.6987
910,3.6989
911,3.6989
912,3.699
913,3.699
914,3.6992
915,3.6992
916,3.6992
917,3.6993
918,3.6993
919,3.6995
920,3.6995
921,3.6997
922,3.6997
923,3.6997
924,3.6998
925,3.6998
926,3.7
927,3.7
928,3.7001
929,3.7001
930,3.7001
931,3.7003
932,3.7003
933,3.7005
934,3.7005
935,3.7006
936,3.7006
937,3.7008
938,3.7008
939,3.7008
940,3.7009
941,3.7009
942,3.7011
943,3.7011
944,3.7012
945,3.7012
946,3.7012
947,3.7014
948,3.7014
949,3.7016
950,3.7016
951,3.7017
952,3.7017
953,3.7019
954,3.7019
955,3.7019
956,3.702
957,3.702
958,3.7022
959,3.7022
960,3.7022
961,3.7024
962,3.7025
963,3.7025
964,3.7025
965,3.7027
966,3.7027
967,3.7028
968,3.7028
969,3.703
970,3.703
971,3.703
972,3.7032
973,3.7032
974,3.7033
975,3.7033
976,3.7035
977,3.7035
978,3.7035
979,3.7036
980,3.7036
981,3.7038
982,3.7038
983,3.7039
984,3.7039
985,3.7041
986,3.7041
987,3.7043
988,3.7043
989,3.7043
990,3.7044
991,3.7044
992,3.7046
993,3.7046
994,3.7047
995,3.7047
996,3.7049
997,3.7049
998,3.7051
999,3.7051
1000,3.7051
1001,3.7052
1002,3.7052
1003,3.7054
1004,3.7054
1005,3.7055
1006,3.7055
1007,3.7057
1008,3.7057
1009,3.7057
1010,3.7059
1011,3.7059
1012,3.706
1013,3.706
1014,3.7062
1015,3.7062
1016,3.7063
1017,3.7063
1018,3.7065
1019,3.7065
1020,3.7066
1021,3.7066
1022,3.7066
1023,3.7068
1024,3.7068
1025,3.707
1026,3.707
1027,3.7071
1028,3.7071
1029,3.7073
1030,3.7073
1031,3.7073
1032,3.7074
1033,3.7074
1034,3.7076
1035,3.7076
1036,3.7078
1037,3.7078
1038,3.7079
1039,3.7079
1040,3.7081
1041,3.7081
1042,3.7081
1043,3.7082
1044,3.7082
1045,3.7084
1046,3.7084
1047,3.7086
1048,3.7086
1049,3.7087
1050,3.7087
1051,3.7087
1052,3.7089
1053,3.7089
1054,3.709
1055,3.709
1056,3.7092
1057,3.7092
1058,3.7094
1059,3.7094
1060,3.7095
1061,3.7095
1062,3.7097
1063,3.7097
1064,3.7097
1065,3.7098
1066,3.7098
1067,3.71
1068,3.71
1069,3.7101
1070,3.7101
1071,3.7103
1072,3.7103
1073,3.7105
1074,3.7105
1075,3.7105
1076,3.7106
1077,3.7106
1078,3.7108
1079,3.7108
1080,3.7109
1081,3.7109
1082,3.7111
1083,3.7111
1084,3.7113
1085,3.7113
1086,3.7113
1087,3.7114
1088,3.7114
1089,3.7116
1090,3.7116
1091,3.7117
1092,3.7117
1093,3.7119
1094,3.7119
1095,3.7121
1096,3.7121
1097,3.7122
1098,3.7122
1099,3.7124
1100,3.7124
1101,3.7124
1102,3.7125
1103,3.7125
1104,3.7127
1105,3.7127
1106,3.7128
1107,3.7128
1108,3.713
1109,3.713
1110,3.7132
1111,3.7132
1112,3.7132
1113,3.7133
1114,3.7135
1115,3.7135
1116,3.7135
1117,3.7136
1118,3.7136
1119,3.7138
1120,3.7138
1121,3.714
1122,3.714
1123,3.7141
1124,3.7141
1125,3.7143
1126,3.7143
1127,3.7143
1128,3.7144
1129,3.7144
1130,3.7146
1131,3.7146
1132,3.7148
1133,3.7148
1134,3.7149
1135,3.7149
1136,3.7151
1137,3.7151
1138,3.7152
1139,3.7152
1140,3.7154
1141,3.7154
1142,3.7155
1143,3.7155
1144,3.7155
1145,3.7157
1146,3.7157
1147,3.7159
1148,3.7159
1149,3.716
1150,3.716
1151,3.7162
1152,3.7162
1153,3.7163
1154,3.7163
1155,3.7165
1156,3.7165
1157,3.7167
1158,3.7167
1159,3.7167
1160,3.7168
1161,3.7168
1162,3.717
1163,3.717
1164,3.7171
1165,3.7171
1166,3.7173
1167,3.7173
1168,3.7175
1169,3.7175
1170,3.7176
1171,3.7176
1172,3.7178
1173,3.7178
1174,3.7179
1175,3.7179
1176,3.7179
1177,3.7181
1178,3.7182
1179,3.7182
1180,3.7182
1181,3.7184
1182,3.7184
1183,3.7186
1184,3.7186
1185,3.7187
1186,3.7187
1187,3.7189
1188,3.7189
1189,3.719
1190,3.719
1191,3.7192
1192,3.7192
1193,3.7194
1194,3.7194
1195,3.7195
1196,3.7195
1197,3.7197
1198,3.7197
1199,3.7198
1200,3.7198
1201,3.72
1202,3.72
1203,3.72
1204,3.7202
1205,3.7202
1206,3.7203
1207,3.7203
1208,3.7205
1209,3.7205
1210,3.7206
1211,3.7206
1212,3.7208
1213,3.7208
1214,3.7209
1215,3.7209
1216,3.7211
1217,3.7211
1218,3.7213
1219,3.7213
1220,3.7214
1221,3.7214
1222,3.7216
1223,3.7216
1224,3.7217
1225,3.7217
1226,3.7219
1227,3.7219
1228,3.7221
1229,3.7221
1230,3.7221
1231,3.7222
1232,3.7224
1233,3.7224
1234,3.7225
1235,3.7225
1236,3.7225
1237,3.7227
1238,3.7229
1239,3.7229
1240,3.723
1241,3.723
1242,3.7232
1243,3.7232
1244,3.7232
1245,3.7233
1246,3.7233
1247,3.7235
1248,3.7236
1249,3.7236
1250,3.7236
1251,3.7238
1252,3.7238
1253,3.724
1254,3.724
1255,3.7241
1256,3.7241
1257,3.7243
1258,3.7243
1259,3.7244
1260,3.7244
1261,3.7246
1262,3.7246
1263,3.7248
1264,3.7248
1265,3.7249
1266,3.7249
1267,3.7251
1268,3.7251
1269,3.7252
1270,3.7252
1271,3.7254
1272,3.7256
1273,3.7256
1274,3.7256
1275,3.7257
1276,3.7257
1277,3.7259
1278,3.726
1279,3.726
1280,3.726
1281,3.7262
1282,3.7263
1283,3.7263
1284,3.7265
1285,3.7265
1286,3.7267
1287,3.7267
1288,3.7268
1289,3.7268
1290,3.727
1291,3.727
1292,3.7271
1293,3.7271
1294,3.7273
1295,3.7273
1296,3.7275
1297,3.7275
1298,3.7276
1299,3.7276
1300,3.7278
1301,3.7278
1302,3.7279
1303,3.7279
1304,3.7281
1305,3.7281
1306,3.7283
1307,3.7283
1308,3.7284
1309,3.7286
1310,3.7286
1311,3.7287
1312,3.7287
1313,3.7289
1314,3.7289
1315,3.729
1316,3.729
1317,3.7292
1318,3.7292
1319,3.7294
1320,3.7294
1321,3.7295
1322,3.7295
1323,3.7297
1324,3.7297
1325,3.7298
1326,3.7298
1327,3.73
1328,3.7302
1329,3.7302
1330,3.7303
1331,3.7303
1332,3.7305
1333,3.7305
1334,3.7306
1335,3.7306
1336,3.7308
1337,3.7308
1338,3.731
1339,3.731
1340,3.7311
1341,3.7311
1342,3.7313
1343,3.7314
1344,3.7314
1345,3.7316
1346,3.7316
1347,3.7317
1348,3.7317
1349,3.7319
1350,3.7319
1351,3.7321
1352,3.7322
1353,3.7322
1354,3.7324
1355,3.7324
1356,3.7325
1357,3.7325
1358,3.7327
1359,3.7327
1360,3.7329
1361,3.7329
1362,3.733
1363,3.7332
1364,3.7332
1365,3.7333
1366,3.7333
1367,3.7335
1368,3.7335
1369,3.7337
1370,3.7337
1371,3.7338
1372,3.734
1373,3.734
1374,3.7341
1375,3.7341
1376,3.7343
1377,3.7343
1378,3.7344
1379,3.7346
1380,3.7346
1381,3.7348
1382,3.7348
1383,3.7349
1384,3.7349
1385,3.7351
1386,3.7352
1387,3.7352
1388,3.7354
1389,3.7354
1390,3.7356
1391,3.7356
1392,3.7357
1393,3.7359
1394,3.7359
1395,3.736
1396,3.736
1397,3.7362
1398,3.7362
1399,3.7364
1400,3.7365
1401,3.7365
1402,3.7367
1403,3.7367
1404,3.7368
1405,3.737
1406,3.737
1407,3.7371
1408,3.7371
1409,3.7373
1410,3.7373
1411,3.7375
1412,3.7376
1413,3.7376
1414,3.7378
1415,3.7378
1416,3.7379
1417,3.7381
1418,3.7381
1419,3.7383
1420,3.7383
1421,3.7384
1422,3.7386
1423,3.7386
1424,3.7387
1425,3.7387
1426,3.7389
1427,3.7391
1428,3.7391
1429,3.7392
1430,3.7392
1431,3.7394
1432,3.7395
1433,3.7395
1434,3.7397
1435,3.7397
1436,3.7398
1437,3.74
1438,3.74
1439,3.7402
1440,3.7402
1441,3.7403
1442,3.7405
1443,3.7405
1444,3.7406
1445,3.7408
1446,3.7408
1447,3.741
1448,3.7411
1449,3.7411
1450,3.7413
1451,3.7413
1452,3.7414
1453,3.7416
1454,3.7416
1455,3.7418
1456,3.7418
1457,3.7419
1458,3.7421
1459,3.7421
1460,3.7422
1461,3.7422
1462,3.7424
1463,3.7425
1464,3.7425
1465,3.7427
1466,3.7429
1467,3.7429
1468,3.743
1469,3.7432
1470,3.7432
1471,3.7433
1472,3.7435
1473,3.7435
1474,3.7437
1475,3.7438
1476,3.7438
1477,3.744
1478,3.7441
1479,3.7441
1480,3.7443
1481,3.7443
1482,3.7445
1483,3.7446
1484,3.7446
1485,3.7448
1486,3.7449
1487,3.7449
1488,3.7451
1489,3.7452
1490,3.7452
1491,3.7454
1492,3.7456
1493,3.7456
1494,3.7457
1495,3.7457
1496,3.7459
1497,3.746
1498,3.7462
1499,3.7462
1500,3.7464
1501,3.7465
1502,3.7465
1503,3.7467
1504,3.7468
1505,3.7468
1506,3.747
1507,3.7472
1508,3.7472
1509,3.7473
1510,3.7475
1511,3.7475
1512,3.7476
1513,3.7478
1514,3.7478
1515,3.7479
1516,3.7481
1517,3.7481
1518,3.7483
1519,3.7484
1520,3.7484
1521,3.7486
1522,3.7487
1523,3.7487
1524,3.7489
1525,3.7491
1526,3.7492
1527,3.7492
1528,3.7494
1529,3.7495
1530,3.7497
1531,3.7497
1532,3.7499
1533,3.75
1534,3.75
1535,3.7502
1536,3.7503
1537,3.7503
1538,3.7505
1539,3.7506
1540,3.7508
1541,3.7508
1542,3.751
1543,3.7511
1544,3.7511
1545,3.7513
1546,3.7514
1547,3.7516
1548,3.7516
1549,3.7518
1550,3.7519
1551,3.7519
1552,3.7521
1553,3.7522
1554,3.7524
1555,3.7524
1556,3.7526
1557,3.7527
1558,3.7529
1559,3.7529
1560,3.753
1561,3.7532
1562,3.7532
1563,3.7533
1564,3.7535
1565,3.7537
1566,3.7537
1567,3.7538
1568,3.754
1569,3.7541
1570,3.7541
1571,3.7543
1572,3.7545
1573,3.7546
1574,3.7546
1575,3.7548
1576,3.7549
1577,3.7551
1578,3.7551
1579,3.7553
1580,3.7554
1581,3.7554
1582,3.7556
1583,3.7557
1584,3.7559
1585,3.756
1586,3.756
1587,3.7562
1588,3.7564
1589,3.7565
1590,3.7565
1591,3.7567
1592,3.7568
1593,3.757
1594,3.757
1595,3.7572
1596,3.7573
1597,3.7575
1598,3.7576
1599,3.7576
1600,3.7578
1601,3.758
1602,3.7581
1603,3.7583
1604,3.7583
1605,3.7584
1606,3.7586
1607,3.7588
1608,3.7588
1609,3.7589
1610,3.7591
1611,3.7592
1612,3.7592
1613,3.7594
1614,3.7595
1615,3.7597
1616,3.7597
1617,3.7599
1618,3.76
1619,3.7602
1620,3.7603
1621,3.7605
1622,3.7605
1623,3.7607
1624,3.7608
1625,3.761
1626,3.7611
1627,3.7611
1628,3.7613
1629,3.7615
1630,3.7616
1631,3.7618
1632,3.7618
1633,3.7619
1634,3.7621
1635,3.7622
1636,3.7624
1637,3.7624
1638,3.7626
1639,3.7627
1640,3.7629
1641,3.763
1642,3.7632
1643,3.7632
1644,3.7634
1645,3.7635
1646,3.7637
1647,3.7638
1648,3.7638
1649,3.764
1650,3.7642
1651,3.7643
1652,3.7645
1653,3.7646
1654,3.7648
1655,3.7648
1656,3.7649
1657,3.7651
1658,3.7653
1659,3.7654
1660,3.7654
1661,3.7656
1662,3.7657
1663,3.7659
1664,3.7661
1665,3.7662
1666,3.7662
1667,3.7664
1668,3.7665
1669,3.7667
1670,3.7669
1671,3.767
1672,3.7672
1673,3.7672
1674,3.7673
1675,3.7675
1676,3.7676
1677,3.7678
1678,3.768
1679,3.768
1680,3.7681
1681,3.7683
1682,3.7684
1683,3.7686
1684,3.7688
1685,3.7689
1686,3.7689
1687,3.7691
1688,3.7692
1689,3.7694
1690,3.7696
1691,3.7697
1692,3.7699
1693,3.77
1694,3.77
1695,3.7702
1696,3.7703
1697,3.7705
1698,3.7707
1699,3.7708
1700,3.771
1701,3.7711
1702,3.7711
1703,3.7713
1704,3.7715
1705,3.7716
1706,3.7718
1707,3.7719
1708,3.7721
1709,3.7723
1710,3.7723
1711,3.7724
1712,3.7726
1713,3.7727
1714,3.7729
1715,3.773
1716,3.7732
1717,3.7734
1718,3.7735
1719,3.7735
1720,3.7737
1721,3.7738
1722,3.774
1723,3.7742
1724,3.7743
1725,3.7745
1726,3.7746
1727,3.7748
1728,3.775
1729,3.775
1730,3.7751
1731,3.7753
1732,3.7754
1733,3.7756
1734,3.7757
1735,3.7759
1736,3.7761
1737,3.7762
1738,3.7764
1739,3.7764
1740,3.7765
1741,3.7767
1742,3.7769
1743,3.777
1744,3.7772
1745,3.7773
1746,3.7775
1747,3.7777
1748,3.7778
1749,3.778
1750,3.7781
1751,3.7783
1752,3.7783
1753,3.7784
1754,3.7786
1755,3.7788
1756,3.7789
1757,3.7791
1758,3.7792
1759,3.7794
1760,3.7796
1761,3.7797
1762,3.7799
1763,3.78
1764,3.7802
1765,3.7804
1766,3.7805
1767,3.7805
1768,3.7807
1769,3.7808
1770,3.781
1771,3.7811
1772,3.7813
1773,3.7815
1774,3.7816
1775,3.7818
1776,3.7819
1777,3.7821
1778,3.7823
1779,3.7824
1780,3.7826
1781,3.7827
1782,3.7829
1783,3.7829
1784,3.7832
1785,3.7832
1786,3.7834
1787,3.7835
1788,3.7837
1789,3.7838
1790,3.784
1791,3.7842
1792,3.7843
1793,3.7845
1794,3.7846
1795,3.7848
1796,3.785
1797,3.7851
1798,3.7853
1799,3.7854
1800,3.7856
1801,3.7858
1802,3.7859
1803,3.7861
1804,3.7862
1805,3.7864
1806,3.7865
1807,3.7867
1808,3.7869
1809,3.787
1810,3.7872
1811,3.7872
1812,3.7875
1813,3.7875
1814,3.7877
1815,3.7878
1816,3.788
1817,3.7881
1818,3.7883
1819,3.7885
1820,3.7886
1821,3.7888
1822,3.7889
1823,3.7891
1824,3.7892
1825,3.7894
1826,3.7896
1827,3.7897
1828,3.7899
1829,3.79
1830,3.7902
1831,3.7904
1832,3.7905
1833,3.7907
1834,3.7908
1835,3.791
1836,3.7912
1837,3.7913
1838,3.7915
1839,3.7916
1840,3.7918
1841,3.7919
1842,3.7921
1843,3.7923
1844,3.7924
1845,3.7926
1846,3.7927
1847,3.7929
1848,3.7931
1849,3.7932
1850,3.7934
1851,3.7935
1852,3.7937
1853,3.7939
1854,3.794
1855,3.7942
1856,3.7943
1857,3.7945
1858,3.7948
1859,3.7948
1860,3.795
1861,3.7951
1862,3.7954
1863,3.7956
1864,3.7958
1865,3.7959
1866,3.7961
1867,3.7962
1868,3.7964
1869,3.7966
1870,3.7967
1871,3.7969
1872,3.797
1873,3.7972
1874,3.7973
1875,3.7975
1876,3.7977
1877,3.7978
1878,3.798
1879,3.7981
1880,3.7983
1881,3.7985
1882,3.7986
1883,3.7988
1884,3.7989
1885,3.7991
1886,3.7993
1887,3.7996
1888,3.7996
1889,3.7999
1890,3.8
1891,3.8002
1892,3.8004
1893,3.8005
1894,3.8007
1895,3.8008
1896,3.801
1897,3.8012
1898,3.8013
1899,3.8015
1900,3.8016
1901,3.8018
1902,3.802
1903,3.8021
1904,3.8024
1905,3.8026
1906,3.8028
1907,3.8029
1908,3.8031
1909,3.8032
1910,3.8034
1911,3.8035
1912,3.8037
1913,3.8039
1914,3.804
1915,3.8042
1916,3.8043
1917,3.8047
1918,3.8048
1919,3.805
1920,3.8051
1921,3.8053
1922,3.8055
1923,3.8056
1924,3.8058
1925,3.8059
1926,3.8061
1927,3.8064
1928,3.8066
1929,3.8067
1930,3.8069
1931,3.807
1932,3.8072
1933,3.8074
1934,3.8075
1935,3.8077
1936,3.808
1937,3.8082
1938,3.8083
1939,3.8085
1940,3.8086
1941,3.8088
1942,3.8089
1943,3.8091
1944,3.8093
1945,3.8096
1946,3.8097
1947,3.8099
1948,3.8101
1949,3.8102
1950,3.8104
1951,3.8105
1952,3.8107
1953,3.8109
1954,3.8112
1955,3.8113
1956,3.8115
1957,3.8116
1958,3.8118
1959,3.812
1960,3.8123
1961,3.8124
1962,3.8126
1963,3.8128
1964,3.8129
1965,3.8131
1966,3.8132
1967,3.8136
1968,3.8137
1969,3.8139
1970,3.814
1971,3.8142
1972,3.8143
1973,3.8147
1974,3.8148
1975,3.815
1976,3.8151
1977,3.8153
1978,3.8155
1979,3.8158
1980,3.8159
1981,3.8161
1982,3.8163
1983,3.8164
1984,3.8166
1985,3.8169
1986,3.817
1987,3.8172
1988,3.8174
1989,3.8175
1990,3.8178
1991,3.818
1992,3.8182
1993,3.8183
1994,3.8185
1995,3.8188
1996,3.819
1997,3.8191
1998,3.8193
1999,3.8194
2000,3.8197
2001,3.8199
2002,3.8201
2003,3.8202
2004,3.8204
2005,3.8207
2006,3.8209
2007,3.821
2008,3.8212
2009,3.8215
2010,3.8217
2011,3.8218
2012,3.822
2013,3.8221
2014,3.8224
2015,3.8226
2016,3.8228
2017,3.8229
2018,3.8232
2019,3.8234
2020,3.8236
2021,3.8237
2022,3.824
2023,3.8242
2024,3.8244
2025,3.8245
2026,3.8248
2027,3.825
2028,3.8251
2029,3.8253
2030,3.8256
2031,3.8258
2032,3.8259
2033,3.8261
2034,3.8264
2035,3.8266
2036,3.8267
2037,3.8269
2038,3.8272
2039,3.8274
2040,3.8275
2041,3.8278
2042,3.828
2043,3.8282
2044,3.8283
2045,3.8286
2046,3.8288
2047,3.829
2048,3.8291
2049,3.8294
2050,3.8296
2051,3.8298
2052,3.8301
2053,3.8302
2054,3.8304
2055,3.8307
2056,3.8309
2057,3.831
2058,3.8313
2059,3.8315
2060,3.8317
2061,3.832
2062,3.8321
2063,3.8323
2064,3.8326
2065,3.8328
2066,3.8329
2067,3.8331
2068,3.8334
2069,3.8336
2070,3.8337
2071,3.834
2072,3.8342
2073,3.8345
2074,3.8347
2075,3.8348
2076,3.8352
2077,3.8353
2078,3.8355
2079,3.8356
2080,3.8359
2081,3.8361
2082,3.8364
2083,3.8366
2084,3.8367
2085,3.8371
2086,3.8372
2087,3.8374
2088,3.8377
2089,3.8379
2090,3.8382
2091,3.8383
2092,3.8385
2093,3.8388
2094,3.839
2095,3.8391
2096,3.8394
2097,3.8396
2098,3.8398
2099,3.8401
2100,3.8402
2101,3.8406
2102,3.8407
2103,3.841
2104,3.8412
2105,3.8413
2106,3.8417
2107,3.8418
2108,3.842
2109,3.8423
2110,3.8425
2111,3.8428
2112,3.8429
2113,3.8431
2114,3.8434
2115,3.8436
2116,3.8439
2117,3.844
2118,3.8442
2119,3.8445
2120,3.8447
2121,3.845
2122,3.8452
2123,3.8455
2124,3.8456
2125,3.8458
2126,3.8461
2127,3.8463
2128,3.8466
2129,3.8468
2130,3.8471
2131,3.8472
2132,3.8474
2133,3.8477
2134,3.8479
2135,3.8482
2136,3.8483
2137,3.8487
2138,3.8488
2139,3.8491
2140,3.8493
2141,3.8495
2142,3.8498
2143,3.8499
2144,3.8502
2145,3.8504
2146,3.8507
2147,3.8509
2148,3.8512
2149,3.8514
2150,3.8517
2151,3.8518
2152,3.8522
2153,3.8523
2154,3.8525
2155,3.8528
2156,3.8529
2157,3.8533
2158,3.8534
2159,3.8537
2160,3.8539
2161,3.8542
2162,3.8544
2163,3.8547
2164,3.8549
2165,3.8552
2166,3.8553
2167,3.8556
2168,3.8558
2169,3.8561
2170,3.8563
2171,3.8566
2172,3.8568
2173,3.8571
2174,3.8572
2175,3.8576
2176,3.8577
2177,3.858
2178,3.8582
2179,3.8583
2180,3.8587
2181,3.8588
2182,3.8591
2183,3.8595
2184,3.8596
2185,3.8599
2186,3.8601
2187,3.8603
2188,3.8606
2189,3.8609
2190,3.861
2191,3.8614
2192,3.8615
2193,3.8618
2194,3.862
2195,3.8622
2196,3.8625
2197,3.8628
2198,3.863
2199,3.8633
2200,3.8634
2201,3.8637
2202,3.8639
2203,3.8642
2204,3.8644
2205,3.8647
2206,3.8649
2207,3.8652
2208,3.8653
2209,3.8657
2210,3.8658
2211,3.8661
2212,3.8663
2213,3.8666
2214,3.8668
2215,3.8671
2216,3.8672
2217,3.8676
2218,3.8677
2219,3.868
2220,3.8682
2221,3.8685
2222,3.8687
2223,3.869
2224,3.8691
2225,3.8695
2226,3.8696
2227,3.8699
2228,3.8701
2229,3.8704
2230,3.8706
2231,3.8709
2232,3.8712
2233,3.8714
2234,3.8717
2235,3.8718
2236,3.8722
2237,3.8723
2238,3.8726
2239,3.8728
2240,3.8731
2241,3.8733
2242,3.8736
2243,3.8738
2244,3.8741
2245,3.8742
2246,3.8745
2247,3.8747
2248,3.875
2249,3.8752
2250,3.8755
2251,3.8757
2252,3.876
2253,3.8761
2254,3.8765
2255,3.8766
2256,3.8769
2257,3.8771
2258,3.8774
2259,3.8776
2260,3.8779
2261,3.878
2262,3.8784
2263,3.8785
2264,3.8788
2265,3.879
2266,3.8793
2267,3.8795
2268,3.8798
2269,3.8799
2270,3.8803
2271,3.8804
2272,3.8807
2273,3.8809
2274,3.8812
2275,3.8814
2276,3.8817
2277,3.8819
2278,3.8822
2279,3.8823
2280,3.8826
2281,3.8828
2282,3.8831
2283,3.8833
2284,3.8836
2285,3.8838
2286,3.8841
2287,3.8842
2288,3.8846
2289,3.8847
2290,3.885
2291,3.8852
2292,3.8855
2293,3.8857
2294,3.886
2295,3.8861
2296,3.8865
2297,3.8866
2298,3.8869
2299,3.8871
2300,3.8874
2301,3.8876
2302,3.8879
2303,3.888
2304,3.8884
2305,3.8885
2306,3.8888
2307,3.889
2308,3.8892
2309,3.8895
2310,3.8896
2311,3.89
2312,3.8901
2313,3.8904
2314,3.8906
2315,3.8909
2316,3.8911
2317,3.8914
2318,3.8915
2319,3.8919
2320,3.892
2321,3.8923
2322,3.8925
2323,3.8928
2324,3.893
2325,3.8933
2326,3.8935
2327,3.8938
2328,3.8939
2329,3.8941
2330,3.8944
2331,3.8946
2332,3.8949
2333,3.895
2334,3.8954
2335,3.8955
2336,3.8958
2337,3.896
2338,3.8963
2339,3.8965
2340,3.8968
2341,3.8969
2342,3.8971
2343,3.8974
2344,3.8976
2345,3.8979
2346,3.8981
2347,3.8984
2348,3.8985
2349,3.8989
2350,3.899
2351,3.8993
2352,3.8995
2353,3.8998
2354,3.9
2355,3.9001
2356,3.9004
2357,3.9006
2358,3.9009
2359,3.9011
2360,3.9014
2361,3.9016
2362,3.9019
2363,3.902
2364,3.9022
2365,3.9025
2366,3.9027
2367,3.903
2368,3.9031
2369,3.9035
2370,3.9036
2371,3.9039
2372,3.9041
2373,3.9044
2374,3.9046
2375,3.9047
2376,3.905
2377,3.9052
2378,3.9055
2379,3.9057
2380,3.906
2381,3.9062
2382,3.9065
2383,3.9066
2384,3.9068
2385,3.9071
2386,3.9073
2387,3.9076
2388,3.9077
2389,3.9081
2390,3.9082
2391,3.9085
2392,3.9087
2393,3.909
2394,3.9092
2395,3.9093
2396,3.9097
2397,3.9098
2398,3.9101
2399,3.9103
2400,3.9106
2401,3.9108
2402,3.9111
2403,3.9112
2404,3.9116
2405,3.9117
2406,3.9119
2407,3.9122
2408,3.9124
2409,3.9127
2410,3.9128
2411,3.9131
2412,3.9133
2413,3.9136
2414,3.9138
2415,3.9141
2416,3.9143
2417,3.9144
2418,3.9147
2419,3.9149
2420,3.9152
2421,3.9154
2422,3.9157
2423,3.9158
2424,3.9162
2425,3.9163
2426,3.9166
2427,3.9168
2428,3.9171
2429,3.9173
2430,3.9176
2431,3.9178
2432,3.9181
2433,3.9182
2434,3.9185
2435,3.9187
2436,3.919
2437,3.9192
2438,3.9193
2439,3.9197
2440,3.92
2441,3.9201
2442,3.9205
2443,3.9206
2444,3.9208
2445,3.9211
2446,3.9212
2447,3.9216
2448,3.9217
2449,3.922
2450,3.9222
2451,3.9225
2452,3.9227
2453,3.923
2454,3.9232
2455,3.9235
2456,3.9236
2457,3.9239
2458,3.9241
2459,3.9244
2460,3.9246
2461,3.9249
2462,3.9251
2463,3.9254
2464,3.9255
2465,3.9259
2466,3.926
2467,3.9263
2468,3.9266
2469,3.9268
2470,3.9271
2471,3.9273
2472,3.9276
2473,3.9278
2474,3.9281
2475,3.9282
2476,3.9286
2477,3.9287
2478,3.929
2479,3.9292
2480,3.9295
2481,3.9297
2482,3.93
2483,3.9301
2484,3.9305
2485,3.9306
2486,3.9309
2487,3.9313
2488,3.9314
2489,3.9317
2490,3.9319
2491,3.9322
2492,3.9324
2493,3.9327
2494,3.933
2495,3.9332
2496,3.9335
2497,3.9336
2498,3.934
2499,3.9341
2500,3.9344
2501,3.9346
2502,3.9349
2503,3.9352
2504,3.9354
2505,3.9357
2506,3.9359
2507,3.9362
2508,3.9365
2509,3.9367
2510,3.937
2511,3.9371
2512,3.9374
2513,3.9376
2514,3.9379
2515,3.9382
2516,3.9384
2517,3.9387
2518,3.9389
2519,3.9392
2520,3.9395
2521,3.9397
2522,3.94
2523,3.9402
2524,3.9405
2525,3.9408
2526,3.9409
2527,3.9413
2528,3.9416
2529,3.9417
2530,3.9421
2531,3.9422
2532,3.9425
2533,3.9429
2534,3.943
2535,3.9433
2536,3.9435
2537,3.9438
2538,3.9441
2539,3.9443
2540,3.9446
2541,3.9449
2542,3.9451
2543,3.9454
2544,3.9457
2545,3.9459
2546,3.9462
2547,3.9465
2548,3.9467
2549,3.947
2550,3.9471
2551,3.9475
2552,3.9478
2553,3.9479
2554,3.9483
2555,3.9486
2556,3.9487
2557,3.949
2558,3.9494
2559,3.9495
2560,3.9498
2561,3.9502
2562,3.9503
2563,3.9506
2564,3.951
2565,3.9511
2566,3.9514
2567,3.9517
2568,3.9519
2569,3.9522
2570,3.9525
2571,3.9529
2572,3.953
2573,3.9533
2574,3.9537
2575,3.9538
2576,3.9541
2577,3.9544
2578,3.9546
2579,3.9549
2580,3.9552
2581,3.9554
2582,3.9557
2583,3.956
2584,3.9562
2585,3.9565
2586,3.9568
2587,3.9571
2588,3.9573
2589,3.9576
2590,3.9579
2591,3.9581
2592,3.9584
2593,3.9587
2594,3.9589
2595,3.9592
2596,3.9595
2597,3.9597
2598,3.96
2599,3.9603
2600,3.9606
2601,3.9608
2602,3.9611
2603,3.9614
2604,3.9618
2605,3.9619
2606,3.9622
2607,3.9625
2608,3.9627
2609,3.963
2610,3.9633
2611,3.9635
2612,3.9638
2613,3.9641
2614,3.9645
2615,3.9646
2616,3.9649
2617,3.9652
2618,3.9654
2619,3.9657
2620,3.966
2621,3.9662
2622,3.9665
2623,3.9668
2624,3.9672
2625,3.9673
2626,3.9676
2627,3.9679
2628,3.9681
2629,3.9684
2630,3.9687
2631,3.9691
2632,3.9692
2633,3.9695
2634,3.9699
2635,3.97
2636,3.9703
2637,3.9706
2638,3.9708
2639,3.9711
2640,3.9714
2641,3.9716
2642,3.9719
2643,3.9722
2644,3.9726
2645,3.9727
2646,3.973
2647,3.9733
2648,3.9735
2649,3.9738
2650,3.9741
2651,3.9745
2652,3.9746
2653,3.9749
2654,3.9753
2655,3.9754
2656,3.9757
2657,3.976
2658,3.9762
2659,3.9765
2660,3.9767
2661,3.977
2662,3.9773
2663,3.9775
2664,3.9778
2665,3.9781
2666,3.9783
2667,3.9786
2668,3.9789
2669,3.9791
2670,3.9794
2671,3.9797
2672,3.9799
2673,3.9802
2674,3.9805
2675,3.9807
2676,3.981
2677,3.9813
2678,3.9814
2679,3.9818
2680,3.9821
2681,3.9822
2682,3.9826
2683,3.9827
2684,3.983
2685,3.9834
2686,3.9835
2687,3.9838
2688,3.984
2689,3.9843
2690,3.9846
2691,3.9848
2692,3.9851
2693,3.9853
2694,3.9856
2695,3.9859
2696,3.9861
2697,3.9864
2698,3.9865
2699,3.9868
2700,3.9872
2701,3.9873
2702,3.9876
2703,3.9878
2704,3.9881
2705,3.9883
2706,3.9886
2707,3.9888
2708,3.9891
2709,3.9892
2710,3.9896
2711,3.9899
2712,3.99
2713,3.9903
2714,3.9905
2715,3.9908
2716,3.991
2717,3.9913
2718,3.9915
2719,3.9918
2720,3.9919
2721,3.9923
2722,3.9924
2723,3.9927
2724,3.9929
2725,3.9932
2726,3.9934
2727,3.9937
2728,3.9938
2729,3.9942
2730,3.9943
2731,3.9946
2732,3.9948
2733,3.9951
2734,3.9953
2735,3.9954
2736,3.9957
2737,3.9959
2738,3.9962
2739,3.9964
2740,3.9965
2741,3.9969
2742,3.997
2743,3.9973
2744,3.9975
2745,3.9978
2746,3.998
2747,3.9981
2748,3.9984
2749,3.9986
2750,3.9989
2751,3.9991
2752,3.9992
2753,3.9996
2754,3.9997
2755,3.9999
2756,4.0002
2757,4.0004
2758,4.0005
2759,4.0008
2760,4.001
2761,4.0011
2762,4.0015
2763,4.0016
2764,4.0019
2765,4.0021
2766,4.0023
2767,4.0024
2768,4.0027
2769,4.0029
2770,4.0031
2771,4.0034
2772,4.0035
2773,4.0037
2774,4.004
2775,4.0042
2776,4.0043
2777,4.0046
2778,4.0048
2779,4.005
2780,4.0051
2781,4.0054
2782,4.0056
2783,4.0058
2784,4.0059
2785,4.0062
2786,4.0064
2787,4.0065
2788,4.0067
2789,4.007
2790,4.0072
2791,4.0073
2792,4.0075
2793,4.0078
2794,4.008
2795,4.0081
2796,4.0083
2797,4.0085
2798,4.0088
2799,4.0089
2800,4.0091
2801,4.0092
2802,4.0094
2803,4.0097
2804,4.0099
2805,4.01
2806,4.0102
2807,4.0104
2808,4.0105
2809,4.0108
2810,4.011
2811,4.0112
2812,4.0113
2813,4.0115
2814,4.0116
2815,4.0119
2816,4.0121
2817,4.0123
2818,4.0124
2819,4.0126
2820,4.0127
2821,4.0129
2822,4.0131
2823,4.0134
2824,4.0135
2825,4.0137
2826,4.0139
2827,4.014
2828,4.0142
2829,4.0143
2830,4.0145
2831,4.0146
2832,4.0148
2833,4.0151
2834,4.0153
2835,4.0154
2836,4.0156
2837,4.0158
2838,4.0159
2839,4.0161
2840,4.0162
2841,4.0164
2842,4.0166
2843,4.0167
2844,4.0169
2845,4.017
2846,4.0173
2847,4.0173
2848,4.0177
2849,4.0178
2850,4.018
2851,4.0181
2852,4.0183
2853,4.0185
2854,4.0186
2855,4.0188
2856,4.0189
2857,4.0191
2858,4.0193
2859,4.0194
2860,4.0196
2861,4.0197
2862,4.0199
2863,4.02
2864,4.0202
2865,4.0204
2866,4.0205
2867,4.0207
2868,4.0208
2869,4.021
2870,4.0212
2871,4.0213
2872,4.0215
2873,4.0216
2874,4.0218
2875,4.022
2876,4.0221
2877,4.0223
2878,4.0224
2879,4.0227
2880,4.0227
2881,4.0229
2882,4.0232
2883,4.0232
2884,4.0234
2885,4.0235
2886,4.0237
2887,4.0239
2888,4.024
2889,4.0243
2890,4.0243
2891,4.0245
2892,4.0247
2893,4.0248
2894,4.025
2895,4.0251
2896,4.0253
2897,4.0254
2898,4.0256
2899,4.0258
2900,4.0259
2901,4.0261
2902,4.0262
2903,4.0264
2904,4.0266
2905,4.0267
2906,4.0269
2907,4.027
2908,4.0272
2909,4.0274
2910,4.0275
2911,4.0277
2912,4.0278
2913,4.028
2914,4.0281
2915,4.0283
2916,4.0285
2917,4.0286
2918,4.0288
2919,4.0289
2920,4.0291
2921,4.0293
2922,4.0294
2923,4.0296
2924,4.0297
2925,4.0299
2926,4.0301
2927,4.0302
2928,4.0304
2929,4.0305
2930,4.0307
2931,4.0309
2932,4.031
2933,4.0312
2934,4.0313
2935,4.0315
2936,4.0318
2937,4.032
2938,4.032
2939,4.0323
2940,4.0324
2941,4.0326
2942,4.0328
2943,4.0329
2944,4.0331
2945,4.0332
2946,4.0334
2947,4.0336
2948,4.0337
2949,4.0339
2950,4.034
2951,4.0342
2952,4.0343
2953,4.0345
2954,4.0347
2955,4.0348
2956,4.035
2957,4.0351
2958,4.0355
2959,4.0356
2960,4.0358
2961,4.0359
2962,4.0361
2963,4.0363
2964,4.0364
2965,4.0366
2966,4.0367
2967,4.0369
2968,4.037
2969,4.0374
2970,4.0375
2971,4.0377
2972,4.0378
2973,4.038
2974,4.0382
2975,4.0383
2976,4.0385
2977,4.0386
2978,4.039
2979,4.0391
2980,4.0393
2981,4.0394
2982,4.0396
2983,4.0397
2984,4.0399
2985,4.0402
2986,4.0404
2987,4.0405
2988,4.0407
2989,4.0409
2990,4.041
2991,4.0413
2992,4.0415
2993,4.0417
2994,4.0418
2995,4.042
2996,4.0423
2997,4.0424
2998,4.0426
2999,4.0429
3000,4.0431
3001,4.0432
3002,4.0434
3003,4.0436
3004,4.0439
3005,4.044
3006,4.0442
3007,4.0444
3008,4.0447
3009,4.0448
3010,4.045
3011,4.0453
3012,4.0455
3013,4.0456
3014,4.0458
3015,4.0461
3016,4.0463
3017,4.0464
3018,4.0467
3019,4.0469
3020,4.0471
3021,4.0474
3022,4.0475
3023,4.0477
3024,4.048
3025,4.0482
3026,4.0483
3027,4.0486
3028,4.0488
3029,4.0491
3030,4.0493
3031,4.0494
3032,4.0498
3033,4.0499
3034,4.0502
3035,4.0504
3036,4.0505
3037,4.0509
3038,4.051
3039,4.0513
3040,4.0515
3041,4.0518
3042,4.052
3043,4.0523
3044,4.0525
3045,4.0528
3046,4.0529
3047,4.0531
3048,4.0534
3049,4.0537
3050,4.0539
3051,4.0542
3052,4.0544
3053,4.0547
3054,4.0548
3055,4.0552
3056,4.0553
3057,4.0556
3058,4.0558
3059,4.0561
3060,4.0564
3061,4.0566
3062,4.0569
3063,4.0571
3064,4.0574
3065,4.0577
3066,4.0579
3067,4.0582
3068,4.0583
3069,4.0586
3070,4.059
3071,4.0591
3072,4.0594
3073,4.0598
3074,4.0599
3075,4.0602
3076,4.0606
3077,4.0607
3078,4.061
3079,4.0613
3080,4.0615
3081,4.0618
3082,4.0621
3083,4.0623
3084,4.0626
3085,4.0629
3086,4.0633
3087,4.0634
3088,4.0637
3089,4.064
3090,4.0644
3091,4.0645
3092,4.0648
3093,4.0652
3094,4.0655
3095,4.0656
3096,4.066
3097,4.0663
3098,4.0664
3099,4.0667
3100,4.0671
3101,4.0674
3102,4.0677
3103,4.068
3104,4.0682
3105,4.0685
3106,4.0688
3107,4.0691
3108,4.0694
3109,4.0696
3110,4.0699
3111,4.0702
3112,4.0706
3113,4.0709
3114,4.0712
3115,4.0715
3116,4.0717
3117,4.072
3118,4.0723
3119,4.0726
3120,4.0729
3121,4.0733
3122,4.0736
3123,4.0739
3124,4.0741
3125,4.0744
3126,4.0747
3127,4.075
3128,4.0753
3129,4.0756
3130,4.076
3131,4.0763
3132,4.0766
3133,4.0768
3134,4.0771
3135,4.0774
3136,4.0777
3137,4.078
3138,4.0783
3139,4.0787
3140,4.079
3141,4.0793
3142,4.0796
3143,4.0799
3144,4.0801
3145,4.0806
3146,4.0807
3147,4.081
3148,4.0814
3149,4.0817
3150,4.082
3151,4.0823
3152,4.0826
3153,4.083
3154,4.0833
3155,4.0836
3156,4.0839
3157,4.0842
3158,4.0845
3159,4.0849
3160,4.0852
3161,4.0855
3162,4.0857
3163,4.0861
3164,4.0864
3165,4.0866
3166,4.0869
3167,4.0872
3168,4.0876
3169,4.0879
3170,4.0882
3171,4.0885
3172,4.0888
3173,4.0891
3174,4.0895
3175,4.0898
3176,4.0901
3177,4.0904
3178,4.0907
3179,4.0911
3180,4.0914
3181,4.0917
3182,4.092
3183,4.0922
3184,4.0926
3185,4.0928
3186,4.0931
3187,4.0934
3188,4.0938
3189,4.0941
3190,4.0944
3191,4.0947
3192,4.095
3193,4.0953
3194,4.0957
3195,4.096
3196,4.0963
3197,4.0966
3198,4.0969
3199,4.0972
3200,4.0974
3201,4.0977
3202,4.098
3203,4.0984
3204,4.0987
3205,4.099
3206,4.0993
3207,4.0996
3208,4.0999
3209,4.1003
3210,4.1006
3211,4.1009
3212,4.1012
3213,4.1014
3214,4.1017
3215,4.102
3216,4.1023
3217,4.1026
3218,4.103
3219,4.1033
3220,4.1036
3221,4.1038
3222,4.1041
3223,4.1044
3224,4.1047
3225,4.105
3226,4.1053
3227,4.1057
3228,4.106
3229,4.1061
3230,4.1065
3231,4.1068
3232,4.1071
3233,4.1074
3234,4.1077
3235,4.108
3236,4.1082
3237,4.1085
3238,4.1088
3239,4.1092
3240,4.1093
3241,4.1096
3242,4.11
3243,4.1103
3244,4.1106
3245,4.1109
3246,4.1111
3247,4.1114
3248,4.1117
3249,4.112
3250,4.1122
3251,4.1125
3252,4.1128
3253,4.1131
3254,4.1134
3255,4.1136
3256,4.1139
3257,4.1142
3258,4.1146
3259,4.1147
3260,4.115
3261,4.1154
3262,4.1157
3263,4.1158
3264,4.1161
3265,4.1165
3266,4.1166
3267,4.1169
3268,4.1173
3269,4.1176
3270,4.1177
3271,4.1181
3272,4.1184
3273,4.1185
3274,4.1188
3275,4.1192
3276,4.1193
3277,4.1196
3278,4.12
3279,4.1201
3280,4.1204
3281,4.1208
3282,4.1209
3283,4.1212
3284,4.1215
3285,4.1217
3286,4.122
3287,4.1222
3288,4.1225
3289,4.1228
3290,4.123
3291,4.1233
3292,4.1235
3293,4.1238
3294,4.1241
3295,4.1242
3296,4.1246
3297,4.1247
3298,4.125
3299,4.1252
3300,4.1255
3301,4.1258
3302,4.126
3303,4.1263
3304,4.1265
3305,4.1268
3306,4.127
3307,4.1273
3308,4.1274
3309,4.1277
3310,4.1279
3311,4.1282
3312,4.1284
3313,4.1287
3314,4.1289
3315,4.1292
3316,4.1293
3317,4.1297
3318,4.1298
3319,4.1301
3320,4.1303
3321,4.1304
3322,4.1308
3323,4.1309
3324,4.1312
3325,4.1314
3326,4.1317
3327,4.1319
3328,4.1322
3329,4.1324
3330,4.1325
3331,4.1328
3332,4.133
3333,4.1333
3334,4.1335
3335,4.1336
3336,4.1339
3337,4.1341
3338,4.1343
3339,4.1346
3340,4.1347
3341,4.1349
3342,4.1352
3343,4.1354
3344,4.1355
3345,4.1358
3346,4.136
3347,4.1362
3348,4.1365
3349,4.1366
3350,4.1368
3351,4.137
3352,4.1373
3353,4.1374
3354,4.1376
3355,4.1379
3356,4.1381
3357,4.1382
3358,4.1384
3359,4.1387
3360,4.1389
3361,4.139
3362,4.1392
3363,4.1393
3364,4.1397
3365,4.1398
3366,4.14
3367,4.1401
3368,4.1405
3369,4.1406
3370,4.1408
3371,4.1409
3372,4.1411
3373,4.1412
3374,4.1416
3375,4.1417
3376,4.1419
3377,4.142
3378,4.1422
3379,4.1424
3380,4.1427
3381,4.1428
3382,4.143
3383,4.1432
3384,4.1433
3385,4.1435
3386,4.1436
3387,4.1438
3388,4.1439
3389,4.1441
3390,4.1444
3391,4.1446
3392,4.1447
3393,4.1449
3394,4.1451
3395,4.1452
3396,4.1454
3397,4.1455
3398,4.1457
3399,4.1459
3400,4.146
3401,4.1462
3402,4.1463
3403,4.1465
3404,4.1466
3405,4.1468
3406,4.147
3407,4.1471
3408,4.1473
3409,4.1474
3410,4.1476
3411,4.1478
3412,4.1479
3413,4.1481
3414,4.1482
3415,4.1484
3416,4.1486
3417,4.1487
3418,4.1489
3419,4.149
3420,4.1492
3421,4.1492
3422,4.1493
3423,4.1495
3424,4.1497
3425,4.1498
3426,4.15
3427,4.1501
3428,4.1503
3429,4.1505
3430,4.1506
3431,4.1506
3432,4.1508
3433,4.1509
3434,4.1511
3435,4.1513
3436,4.1514
3437,4.1516
3438,4.1517
3439,4.1517
3440,4.1519
3441,4.152
3442,4.1522
3443,4.1524
3444,4.1525
3445,4.1525
3446,4.1527
3447,4.1528
3448,4.153
3449,4.1532
3450,4.1532
3451,4.1533
3452,4.1535
3453,4.1536
3454,4.1536
3455,4.1538
3456,4.154
3457,4.1541
3458,4.1541
3459,4.1543
3460,4.1544
3461,4.1546
3462,4.1546
3463,4.1547
3464,4.1549
3465,4.1551
3466,4.1551
3467,4.1552
3468,4.1554
3469,4.1555
3470,4.1555
3471,4.1557
3472,4.1559
3473,4.1559
3474,4.156
3475,4.1562
3476,4.1562
3477,4.1563
3478,4.1565
3479,4.1565
3480,4.1567
3481,4.1568
3482,4.1568
3483,4.157
3484,4.1571
3485,4.1571
3486,4.1573
3487,4.1574
3488,4.1574
3489,4.1576
3490,4.1576
3491,4.1578
3492,4.1579
3493,4.1579
3494,4.1581
3495,4.1582
3496,4.1582
3497,4.1584
3498,4.1584
3499,4.1586
3500,4.1587
3501,4.1587
3502,4.1589
3503,4.1589
3504,4.159
3505,4.1592
3506,4.1592
3507,4.1594
3508,4.1594
3509,4.1595
3510,4.1595
3511,4.1597
3512,4.1598
3513,4.1598
3514,4.16
3515,4.16
3516,4.1601
3517,4.1601
3518,4.1603
3519,4.1603
3520,4.1605
3521,4.1606
3522,4.1606
3523,4.1608
3524,4.1608
3525,4.1609
3526,4.1609
3527,4.1611
3528,4.1611
3529,4.1613
3530,4.1613
3531,4.1614
3532,4.1614
3533,4.1616
3534,4.1616
3535,4.1617
3536,4.1617
3537,4.1619
3538,4.1619
3539,4.1621
3540,4.1621
3541,4.1622
3542,4.1624
3543,4.1624
3544,4.1624
3545,4.1625
3546,4.1625
3547,4.1627
3548,4.1627
3549,4.1628
3550,4.1628
3551,4.163
3552,4.163
3553,4.1632
3554,4.1632
3555,4.1633
3556,4.1633
3557,4.1635
3558,4.1635
3559,4.1636
3560,4.1636
3561,4.1638
3562,4.1638
3563,4.164
3564,4.164
3565,4.1641
3566,4.1641
3567,4.1643
3568,4.1643
3569,4.1644
3570,4.1644
3571,4.1646
3572,4.1646
3573,4.1648
3574,4.1648
3575,4.1649
3576,4.1649
3577,4.1651
3578,4.1651
3579,4.1652
3580,4.1652
3581,4.1654
3582,4.1654
3583,4.1655
3584,4.1655
3585,4.1657
3586,4.1657
3587,4.1659
3588,4.1659
3589,4.166
3590,4.166
3591,4.1662
3592,4.1662
3593,4.1663
3594,4.1663
3595,4.1665
3596,4.1665
3597,4.1667
3598,4.1667
3599,4.1668
3600,4.167
3601,4.167
3602,4.1671
3603,4.1671
3604,4.1673
3605,4.1673
3606,4.1675
3607,4.1675
3608,4.1676
3609,4.1676
3610,4.1678
3611,4.1678
3612,4.1679
3613,4.1679
3614,4.1681
3615,4.1681
3616,4.1683
3617,4.1683
3618,4.1684
3619,4.1686
3620,4.1686
3621,4.1687
3622,4.1687
3623,4.1689
3624,4.1689
3625,4.169
3626,4.169
3627,4.1692
3628,4.1694
3629,4.1694
3630,4.1695
3631,4.1695
3632,4.1697
3633,4.1697
3634,4.1698
3635,4.17
3636,4.17
3637,4.1702
3638,4.1702
3639,4.1703
3640,4.1705
3641,4.1705
3642,4.1706
3643,4.1706
3644,4.1708
3645,4.171
3646,4.171
3647,4.1711
3648,4.1711
3649,4.1713
3650,4.1714
3651,4.1714
3652,4.1716
3653,4.1716
3654,4.1717
3655,4.1719
3656,4.1719
3657,4.1721
3658,4.1722
3659,4.1722
3660,4.1724
3661,4.1725
3662,4.1725
3663,4.1727
3664,4.1729
3665,4.1729
3666,4.173
3667,4.1732
3668,4.1732
3669,4.1733
3670,4.1735
3671,4.1735
3672,4.1737
3673,4.1738
3674,4.1738
3675,4.174
3676,4.1741
3677,4.1743
3678,4.1743
3679,4.1744
3680,4.1746
3681,4.1746
3682,4.1748
3683,4.1749
3684,4.1751
3685,4.1752
3686,4.1752
3687,4.1754
3688,4.1756
3689,4.1757
3690,4.1759
3691,4.1759
3692,4.176
3693,4.1762
3694,4.1764
3695,4.1764
3696,4.1765
3697,4.1767
3698,4.1768
3699,4.177
3700,4.177
3701,4.1771
3702,4.1773
3703,4.1775
3704,4.1776
3705,4.1778
3706,4.1779
3707,4.1779
3708,4.1781
3709,4.1783
3710,4.1784
3711,4.1786
3712,4.1787
3713,4.1789
3714,4.1791
3715,4.1792
3716,4.1794
3717,4.1795
3718,4.1795
3719,4.1797
3720,4.1798
3721,4.18
3722,4.1802
3723,4.1803
3724,4.1805
3725,4.1806
3726,4.1808
3727,4.181
3728,4.1811
3729,4.1813
3730,4.1814
3731,4.1816
3732,4.1818
3733,4.1819
3734,4.1821
3735,4.1822
3736,4.1824
3737,4.1825
3738,4.1829
3739,4.183
3740,4.1832
3741,4.1833
3742,4.1835
3743,4.1837
3744,4.1838
3745,4.184
3746,4.1841
3747,4.1845
3748,4.1846
3749,4.1848
3750,4.1849
3751,4.1851
3752,4.1854
3753,4.1856
3754,4.1857
3755,4.1859
3756,4.1862
3757,4.1864
3758,4.1865
3759,4.1867
3760,4.187
3761,4.1872
3762,4.1873
3763,4.1876
3764,4.1878
3765,4.1879
3766,4.1883
3767,4.1884
3768,4.1886
3769,4.1889
3770,4.1891
3771,4.1894
3772,4.1895
3773,4.1899
3774,4.19
3775,4.1902
3776,4.1905
3777,4.1906
3778,4.191
3779,4.1911
3780,4.1914
3781,4.1918
3782,4.1919
3783,4.1922
3784,4.1924
3785,4.1927
3786,4.193
3787,4.1932
3788,4.1935
3789,4.1937
3790,4.194
3791,4.1943
3792,4.1946
3793,4.1948
3794,4.1951
3795,4.1954
3796,4.1956
3797,4.1959
3798,4.1962
3799,4.1965
3800,4.1968
3801,4.1972
3802,4.1975
3803,4.1976
3804,4.198
3805,4.1983
3806,4.1986
3807,4.1989
3808,4.1992
3809,4.1995
3810,4.1999
3811,4.2002
3812,4.2005
3813,4.2008
3814,4.2011
3815,4.2016
3816,4.2019
3817,4.2022
3818,4.2026
3819,4.2029
3820,4.2032
3821,4.2037
3822,4.204
3823,4.2043
3824,4.2046
3825,4.2051
3826,4.2054
3827,4.2057
3828,4.2062
3829,4.2065
3830,4.207
3831,4.2073
3832,4.2078
3833,4.2081
3834,4.2086
3835,4.2089
3836,4.2094
3837,4.2097
3838,4.2102
3839,4.2107
3840,4.211
3841,4.2115
3842,4.2119
3843,4.2124
3844,4.2127
3845,4.2132
3846,4.2137
3847,4.2142
3848,4.2146
3849,4.2151
3850,4.2156
3851,4.2161
3852,4.2165
3853,4.217
3854,4.2175
3855,4.218
3856,4.2184
3857,4.2189
3858,4.2194
3859,4.2199
3860,4.2205
3861,4.221
3862,4.2215
3863,4.2219
3864,4.2226
3865,4.2231
3866,4.2237
3867,4.2242
3868,4.2248
3869,4.2253
3870,4.2259
3871,4.2264
3872,4.227
3873,4.2275
3874,4.2281
3875,4.2288
3876,4.2292
3877,4.2299
3878,4.2305
3879,4.2312
3880,4.2318
3881,4.2324
3882,4.2331
3883,4.2337
3884,4.2343
3885,4.235
3886,4.2356
3887,4.2362
3888,4.2369
3889,4.2375
3890,4.2381
3891,4.2389
3892,4.2396
3893,4.2402
3894,4.241
3895,4.2416
3896,4.2423
3897,4.2431
3898,4.2437
3899,4.2445
3900,4.2453
3901,4.2459
3902,4.2467
3903,4.2474
3904,4.2481
3905,4.2489
3906,4.2497
3907,4.2504
3908,4.2512
3909,4.252
3910,4.2528
3911,4.2535
3912,4.2543
3913,4.2551
3914,4.2559
3915,4.2567
3916,4.2577
3917,4.2585
3918,4.2593
3919,4.2601
3920,4.261
3921,4.2618
3922,4.2626
3923,4.2636
3924,4.2644
3925,4.2653
3926,4.2661
3927,4.2671
3928,4.2678
3929,4.2688
3930,4.2698
3931,4.2707
3932,4.2715
3933,4.2725
3934,4.2734
3935,4.2744
3936,4.2753
3937,4.2763
3938,4.2772
3939,4.2782
3940,4.2791
3941,4.2801
3942,4.281
3943,4.282
3944,4.2829
3945,4.2839
3946,4.285
3947,4.286
3948,4.2869
3949,4.288
3950,4.289
3951,4.2901
3952,4.291
3953,4.2921
3954,4.2931
3955,4.2942
3956,4.2952
3957,4.2963
3958,4.2974
3959,4.2985
3960,4.2995
3961,4.3004
3962,4.2999
3963,4.2999
3964,4.2999
3965,4.2999
3966,4.2999
3967,4.2999
3968,4.2999
3969,4.2984
3970,4.2965
3971,4.2957
3972,4.2952
3973,4.2947
3974,4.2942
3975,4.2939
3976,4.2937
3977,4.2934
3978,4.2931
3979,4.293
3980,4.2926
3981,4.2925
3982,4.2923
3983,4.2922
3984,4.292
3985,4.2918
3986,4.2917
3987,4.2915
3988,4.2914
3989,4.2912
3990,4.291
3991,4.291
3992,4.2909
3993,4.2909
3994,4.2907
3995,4.2906
3996,4.2906
3997,4.2904
3998,4.2903
3999,4.2903
4000,4.2901
4001,4.2901
4002,4.2899
4003,4.2899
4004,4.2898
4005,4.2898
4006,4.2896
4007,4.2896
4008,4.2896
4009,4.2895
4010,4.2895
4011,4.2893
4012,4.2893
4013,4.2891
4014,4.2891
4015,4.2891
4016,4.289
4017,4.289
4018,4.289
4019,4.2888
4020,4.2888
4021,4.2887
4022,4.2887
4023,4.2887
4024,4.2885
4025,4.2885
4026,4.2885
4027,4.2883
4028,4.2883
4029,4.2883
4030,4.2883
4031,4.2882
4032,4.2882
4033,4.2882
4034,4.288
4035,4.288
4036,4.288
4037,4.2879
4038,4.2879
4039,4.2879
4040,4.2879
4041,4.2877
4042,4.2877
4043,4.2877
4044,4.2877
4045,4.2876
4046,4.2876
4047,4.2876
4048,4.2876
4049,4.2874
4050,4.2874
4051,4.2874
4052,4.2874
4053,4.2872
4054,4.2872
4055,4.2872
4056,4.2872
4057,4.2871
4058,4.2871
4059,4.2871
4060,4.2871
4061,4.2869
4062,4.2869
4063,4.2869
4064,4.2869
4065,4.2868
4066,4.2868
4067,4.2868
4068,4.2868
4069,4.2866
4070,4.2866
4071,4.2866
4072,4.2866
4073,4.2866
4074,4.2864
4075,4.2864
4076,4.2864
4077,4.2864
4078,4.2863
4079,4.2863
4080,4.2863
4081,4.2863
4082,4.2863
4083,4.2861
4084,4.2861
4085,4.2861
4086,4.2861
4087,4.286
4088,4.286
4089,4.286
4090,4.286
4091,4.286
4092,4.286
4093,4.2858
4094,4.2858
4095,4.2858
4096,4.2858
4097,4.2856
4098,4.2856
4099,4.2856
4100,4.2856
4101,4.2856
4102,4.2855
4103,4.2855
4104,4.2855
4105,4.2855
4106,4.2855
4107,4.2855
4108,4.2853
4109,4.2853
4110,4.2853
4111,4.2853
4112,4.2853
4113,4.2852
4114,4.2852
4115,4.2852
4116,4.2852
4117,4.2852
4118,4.2852
4119,4.285
4120,4.285
4121,4.285
4122,4.285
4123,4.285
4124,4.285
4125,4.2848
4126,4.2848
4127,4.2848
4128,4.2848
4129,4.2848
4130,4.2848
4131,4.2847
4132,4.2847
4133,4.2847
4134,4.2847
4135,4.2847
4136,4.2847
4137,4.2845
4138,4.2845
4139,4.2845
4140,4.2845
4141,4.2845
4142,4.2845
4143,4.2844
4144,4.2844
4145,4.2844
4146,4.2844
4147,4.2844
4148,4.2844
4149,4.2842
4150,4.2791
4151,4.2748
4152,4.2726
4153,4.2709
4154,4.2691
4155,4.2675
4156,4.2661
4157,4.2647
4158,4.2632
4159,4.262
4160,4.2607
4161,4.2594
4162,4.2583
4163,4.257
4164,4.2559
4165,4.2547
4166,4.2535
4167,4.2524
4168,4.2513
4169,4.2502
4170,4.2492
4171,4.2481
4172,4.247
4173,4.2461
4174,4.245
4175,4.244
4176,4.243
4177,4.2421
4178,4.241
4179,4.24
4180,4.2391
4181,4.2381
4182,4.2372
4183,4.2362
4184,4.2353
4185,4.2345
4186,4.2334
4187,4.2326
4188,4.2318
4189,4.2308
4190,4.23
4191,4.2291
4192,4.2283
4193,4.2275
4194,4.2265
4195,4.2257
4196,4.2249
4197,4.2241
4198,4.2233
4199,4.2225
4200,4.2217
4201,4.221
4202,4.2202
4203,4.2194
4204,4.2186
4205,4.2179
4206,4.2171
4207,4.2163
4208,4.2157
4209,4.2149
4210,4.2143
4211,4.2135
4212,4.2128
4213,4.2122
4214,4.2114
4215,4.2108
4216,4.2101
4217,4.2094
4218,4.2087
4219,4.2081
4220,4.2074
4221,4.2068
4222,4.2062
4223,4.2055
4224,4.2049
4225,4.2043
4226,4.2036
4227,4.2032
4228,4.2025
4229,4.2019
4230,4.2014
4231,4.2008
4232,4.2001
4233,4.1997
4234,4.199
4235,4.1985
4236,4.1979
4237,4.1974
4238,4.197
4239,4.1963
4240,4.1958
4241,4.1954
4242,4.1947
4243,4.1943
4244,4.1938
4245,4.1933
4246,4.1928
4247,4.1923
4248,4.1917
4249,4.1912
4250,4.1909
4251,4.1904
4252,4.19
4253,4.1895
4254,4.189
4255,4.1885
4256,4.1881
4257,4.1876
4258,4.1873
4259,4.1868
4260,4.1863
4261,4.186
4262,4.1855
4263,4.185
4264,4.1847
4265,4.1842
4266,4.1839
4267,4.1834
4268,4.1831
4269,4.1828
4270,4.1823
4271,4.182
4272,4.1815
4273,4.1812
4274,4.1809
4275,4.1804
4276,4.1801
4277,4.1798
4278,4.1795
4279,4.179
4280,4.1787
4281,4.1784
4282,4.178
4283,4.1777
4284,4.1774
4285,4.1771
4286,4.1768
4287,4.1765
4288,4.1761
4289,4.1758
4290,4.1755
4291,4.1752
4292,4.1749
4293,4.1745
4294,4.1742
4295,4.1741
4296,4.1738
4297,4.1734
4298,4.1731
4299,4.1728
4300,4.1725
4301,4.1723
4302,4.172
4303,4.1717
4304,4.1715
4305,4.1712
4306,4.1709
4307,4.1707
4308,4.1704
4309,4.1703
4310,4.1699
4311,4.1696
4312,4.1695
4313,4.1691
4314,4.169
4315,4.1687
4316,4.1685
4317,4.1682
4318,4.168
4319,4.1679
4320,4.1676
4321,4.1674
4322,4.1671
4323,4.1669
4324,4.1668
4325,4.1664
4326,4.1663
4327,4.166
4328,4.1658
4329,4.1656
4330,4.1653
4331,4.1652
4332,4.165
4333,4.1648
4334,4.1645
4335,4.1644
4336,4.1642
4337,4.1641
4338,4.1639
4339,4.1636
4340,4.1634
4341,4.1633
4342,4.1631
4343,4.1629
4344,4.1628
4345,4.1625
4346,4.1623
4347,4.1621
4348,4.162
4349,4.1618
4350,4.1617
4351,4.1615
4352,4.1614
4353,4.1612
4354,4.161
4355,4.1609
4356,4.1607
4357,4.1606
4358,4.1604
4359,4.1602
4360,4.1601
4361,4.1599
4362,4.1598
4363,4.1596
4364,4.1594
4365,4.1593
4366,4.1591
4367,4.159
4368,4.1588
4369,4.1587
4370,4.1585
4371,4.1583
4372,4.1583
4373,4.1582
4374,4.158
4375,4.1579
4376,4.1577
4377,4.1575
4378,4.1574
4379,4.1572
4380,4.1572
4381,4.1571
4382,4.1569
4383,4.1567
4384,4.1566
4385,4.1566
4386,4.1564
4387,4.1563
4388,4.1561
4389,4.1559
4390,4.1559
4391,4.1558
4392,4.1556
4393,4.1555
4394,4.1555
4395,4.1553
4396,4.1552
4397,4.155
4398,4.155
4399,4.1548
4400,4.1547
4401,4.1547
4402,4.1545
4403,4.1544
4404,4.1542
4405,4.1542
4406,4.154
4407,4.1539
4408,4.1539
4409,4.1537
4410,4.1536
4411,4.1536
4412,4.1534
4413,4.1532
4414,4.1532
4415,4.1531
4416,4.1529
4417,4.1529
4418,4.1528
4419,4.1528
4420,4.1526
4421,4.1525
4422,4.1525
4423,4.1523
4424,4.1523
4425,4.1521
4426,4.152
4427,4.152
4428,4.1518
4429,4.1518
4430,4.1517
4431,4.1515
4432,4.1515
4433,4.1513
4434,4.1513
4435,4.1512
4436,4.1512
4437,4.151
4438,4.1509
4439,4.1509
4440,4.1507
4441,4.1507
4442,4.1505
4443,4.1505
4444,4.1504
4445,4.1504
4446,4.1502
4447,4.1502
4448,4.1501
4449,4.1499
4450,4.1499
4451,4.1498
4452,4.1498
4453,4.1496
4454,4.1496
4455,4.1496
4456,4.1494
4457,4.1493
4458,4.1493
4459,4.1491
4460,4.1491
4461,4.149
4462,4.149
4463,4.1488
4464,4.1488
4465,4.1486
4466,4.1486
4467,4.1485
4468,4.1485
4469,4.1483
4470,4.1483
4471,4.1483
4472,4.1482
4473,4.148
4474,4.148
4475,4.148
4476,4.1478
4477,4.1478
4478,4.1477
4479,4.1477
4480,4.1475
4481,4.1475
4482,4.1474
4483,4.1474
4484,4.1472
4485,4.1472
4486,4.147
4487,4.147
4488,4.1469
4489,4.1469
4490,4.1469
4491,4.1467
4492,4.1467
4493,4.1466
4494,4.1466
4495,4.1464
4496,4.1464
4497,4.1463
4498,4.1463
4499,4.1461
4500,4.1461
4501,4.1459
4502,4.1459
4503,4.1459
4504,4.1458
4505,4.1458
4506,4.1456
4507,4.1456
4508,4.1455
4509,4.1455
4510,4.1453
4511,4.1453
4512,4.1453
4513,4.1451
4514,4.1451
4515,4.145
4516,4.145
4517,4.1448
4518,4.1448
4519,4.1447
4520,4.1447
4521,4.1447
4522,4.1445
4523,4.1445
4524,4.1443
4525,4.1443
4526,4.1442
4527,4.1442
4528,4.1442
4529,4.144
4530,4.144
4531,4.1439
4532,4.1439
4533,4.1437
4534,4.1437
4535,4.1437
4536,4.1436
4537,4.1436
4538,4.1434
4539,4.1434
4540,4.1432
4541,4.1432
4542,4.1431
4543,4.1431
4544,4.1431
4545,4.1429
4546,4.1429
4547,4.1428
4548,4.1428
4549,4.1426
4550,4.1426
4551,4.1426
4552,4.1424
4553,4.1424
4554,4.1423
4555,4.1423
4556,4.1421
4557,4.1421
4558,4.142
4559,4.142
4560,4.142
4561,4.1418
4562,4.1418
4563,4.1416
4564,4.1416
4565,4.1415
4566,4.1415
4567,4.1413
4568,4.1413
4569,4.1412
4570,4.1412
4571,4.1412
4572,4.141
4573,4.141
4574,4.1408
4575,4.1408
4576,4.1407
4577,4.1407
4578,4.1405
4579,4.1405
4580,4.1404
4581,4.1404
4582,4.1402
4583,4.1402
4584,4.1401
4585,4.1401
4586,4.1401
4587,4.1399
4588,4.1397
4589,4.1397
4590,4.1397
4591,4.1396
4592,4.1396
4593,4.1394
4594,4.1393
4595,4.1393
4596,4.1391
4597,4.1391
4598,4.1391
4599,4.1389
4600,4.1388
4601,4.1388
4602,4.1388
4603,4.1386
4604,4.1386
4605,4.1385
4606,4.1383
4607,4.1383
4608,4.1381
4609,4.1381
4610,4.138
4611,4.138
4612,4.1378
4613,4.1378
4614,4.1377
4615,4.1377
4616,4.1375
4617,4.1375
4618,4.1374
4619,4.1374
4620,4.1372
4621,4.137
4622,4.137
4623,4.1369
4624,4.1369
4625,4.1367
4626,4.1367
4627,4.1366
4628,4.1366
4629,4.1364
4630,4.1362
4631,4.1362
4632,4.1361
4633,4.1361
4634,4.1359
4635,4.1358
4636,4.1358
4637,4.1356
4638,4.1354
4639,4.1354
4640,4.1353
4641,4.1353
4642,4.1351
4643,4.1351
4644,4.135
4645,4.1348
4646,4.1347
4647,4.1347
4648,4.1345
4649,4.1343
4650,4.1343
4651,4.1342
4652,4.1342
4653,4.134
4654,4.1339
4655,4.1339
4656,4.1337
4657,4.1335
4658,4.1335
4659,4.1334
4660,4.1332
4661,4.1332
4662,4.1331
4663,4.1329
4664,4.1327
4665,4.1327
4666,4.1326
4667,4.1324
4668,4.1323
4669,4.1323
4670,4.1321
4671,4.1319
4672,4.1318
4673,4.1318
4674,4.1316
4675,4.1315
4676,4.1313
4677,4.1312
4678,4.1312
4679,4.131
4680,4.1308
4681,4.1307
4682,4.1307
4683,4.1305
4684,4.1304
4685,4.1302
4686,4.13
4687,4.1299
4688,4.1299
4689,4.1297
4690,4.1296
4691,4.1294
4692,4.1292
4693,4.1291
4694,4.1289
4695,4.1288
4696,4.1288
4697,4.1286
4698,4.1285
4699,4.1283
4700,4.1281
4701,4.128
4702,4.1278
4703,4.1277
4704,4.1275
4705,4.1273
4706,4.1272
4707,4.127
4708,4.127
4709,4.1269
4710,4.1267
4711,4.1265
4712,4.1264
4713,4.1262
4714,4.1261
4715,4.1259
4716,4.1258
4717,4.1256
4718,4.1253
4719,4.1251
4720,4.125
4721,4.1248
4722,4.1246
4723,4.1246
4724,4.1245
4725,4.1245
4726,4.1243
4727,4.1243
4728,4.1242
4729,4.1242
4730,4.124
4731,4.124
4732,4.1238
4733,4.1238
4734,4.1237
4735,4.1237
4736,4.1235
4737,4.1235
4738,4.1234
4739,4.1234
4740,4.1232
4741,4.1232
4742,4.123
4743,4.123
4744,4.1227
4745,4.1227
4746,4.1226
4747,4.1226
4748,4.1224
4749,4.1224
4750,4.1223
4751,4.1223
4752,4.1221
4753,4.1221
4754,4.1219
4755,4.1219
4756,4.1218
4757,4.1218
4758,4.1216
4759,4.1216
4760,4.1213
4761,4.1213
4762,4.1211
4763,4.1211
4764,4.121
4765,4.1208
4766,4.1205
4767,4.1203
4768,4.1202
4769,4.12
4770,4.1199
4771,4.1197
4772,4.1194
4773,4.1192
4774,4.1191
4775,4.1188
4776,4.1186
4777,4.1184
4778,4.1183
4779,4.118
4780,4.1178
4781,4.1176
4782,4.1175
4783,4.1172
4784,4.117
4785,4.1169
4786,4.1165
4787,4.1164
4788,4.1162
4789,4.1159
4790,4.1157
4791,4.1156
4792,4.1153
4793,4.1151
4794,4.1149
4795,4.1146
4796,4.1145
4797,4.1141
4798,4.114
4799,4.1138
4800,4.1135
4801,4.1134
4802,4.113
4803,4.1129
4804,4.1127
4805,4.1124
4806,4.1122
4807,4.1119
4808,4.1118
4809,4.1114
4810,4.1113
4811,4.111
4812,4.1108
4813,4.1105
4814,4.1103
4815,4.11
4816,4.1099
4817,4.1095
4818,4.1094
4819,4.1091
4820,4.1089
4821,4.1086
4822,4.1084
4823,4.1081
4824,4.1079
4825,4.1076
4826,4.1073
4827,4.1072
4828,4.1068
4829,4.1067
4830,4.1064
4831,4.1062
4832,4.1059
4833,4.1056
4834,4.1054
4835,4.1051
4836,4.1049
4837,4.1046
4838,4.1043
4839,4.1041
4840,4.1038
4841,4.1035
4842,4.1033
4843,4.103
4844,4.1029
4845,4.1025
4846,4.1022
4847,4.1019
4848,4.1018
4849,4.1014
4850,4.1011
4851,4.101
4852,4.1006
4853,4.1003
4854,4.1
4855,4.0998
4856,4.0995
4857,4.0992
4858,4.0989
4859,4.0987
4860,4.0984
4861,4.0981
4862,4.0979
4863,4.0976
4864,4.0973
4865,4.097
4866,4.0967
4867,4.0965
4868,4.0962
4869,4.0959
4870,4.0956
4871,4.0954
4872,4.0951
4873,4.0948
4874,4.0944
4875,4.0941
4876,4.094
4877,4.0936
4878,4.0933
4879,4.093
4880,4.0927
4881,4.0924
4882,4.0921
4883,4.0919
4884,4.0916
4885,4.0913
4886,4.0909
4887,4.0906
4888,4.0903
4889,4.09
4890,4.0898
4891,4.0895
4892,4.0892
4893,4.0889
4894,4.0886
4895,4.0882
4896,4.0879
4897,4.0876
4898,4.0873
4899,4.087
4900,4.0868
4901,4.0865
4902,4.0862
4903,4.0859
4904,4.0855
4905,4.0852
4906,4.0849
4907,4.0846
4908,4.0843
4909,4.0839
4910,4.0836
4911,4.0833
4912,4.083
4913,4.0827
4914,4.0824
4915,4.082
4916,4.0817
4917,4.0814
4918,4.0811
4919,4.0809
4920,4.0806
4921,4.0803
4922,4.08
4923,4.0797
4924,4.0793
4925,4.079
4926,4.0787
4927,4.0784
4928,4.0781
4929,4.0778
4930,4.0774
4931,4.0771
4932,4.0768
4933,4.0765
4934,4.0762
4935,4.0758
4936,4.0755
4937,4.0752
4938,4.0749
4939,4.0746
4940,4.0743
4941,4.0739
4942,4.0736
4943,4.0733
4944,4.073
4945,4.0727
4946,4.0723
4947,4.072
4948,4.0717
4949,4.0714
4950,4.0711
4951,4.0708
4952,4.0704
4953,4.0701
4954,4.0698
4955,4.0695
4956,4.0692
4957,4.0689
4958,4.0685
4959,4.0682
4960,4.0679
4961,4.0676
4962,4.0673
4963,4.0669
4964,4.0666
4965,4.0663
4966,4.066
4967,4.0657
4968,4.0654
4969,4.065
4970,4.0647
4971,4.0644
4972,4.0641
4973,4.0638
4974,4.0634
4975,4.0631
4976,4.0628
4977,4.0625
4978,4.0622
4979,4.0619
4980,4.0615
4981,4.0612
4982,4.0609
4983,4.0606
4984,4.0603
4985,4.0599
4986,4.0596
4987,4.0593
4988,4.059
4989,4.0587
4990,4.0584
4991,4.058
4992,4.0577
4993,4.0574
4994,4.0572
4995,4.0568
4996,4.0565
4997,4.0563
4998,4.056
4999,4.0557
5000,4.0553
5001,4.055
5002,4.0547
5003,4.0544
5004,4.0541
5005,4.0538
5006,4.0534
5007,4.0531
5008,4.0528
5009,4.0526
5010,4.0523
5011,4.052
5012,4.0517
5013,4.0514
5014,4.051
5015,4.0507
5016,4.0504
5017,4.0503
5018,4.0499
5019,4.0496
5020,4.0493
5021,4.049
5022,4.0487
5023,4.0485
5024,4.0482
5025,4.0479
5026,4.0476
5027,4.0472
5028,4.0469
5029,4.0468
5030,4.0464
5031,4.0461
5032,4.0458
5033,4.0455
5034,4.0452
5035,4.045
5036,4.0447
5037,4.0444
5038,4.0441
5039,4.0439
5040,4.0436
5041,4.0433
5042,4.0429
5043,4.0428
5044,4.0425
5045,4.0421
5046,4.0418
5047,4.0417
5048,4.0414
5049,4.041
5050,4.0409
5051,4.0406
5052,4.0402
5053,4.0399
5054,4.0398
5055,4.0394
5056,4.0391
5057,4.039
5058,4.0387
5059,4.0383
5060,4.0382
5061,4.0379
5062,4.0375
5063,4.0374
5064,4.0371
5065,4.0369
5066,4.0366
5067,4.0363
5068,4.0361
5069,4.0358
5070,4.0356
5071,4.0353
5072,4.035
5073,4.0348
5074,4.0345
5075,4.0344
5076,4.034
5077,4.0337
5078,4.0336
5079,4.0332
5080,4.0331
5081,4.0328
5082,4.0326
5083,4.0323
5084,4.0321
5085,4.0318
5086,4.0317
5087,4.0313
5088,4.0312
5089,4.0309
5090,4.0307
5091,4.0304
5092,4.0302
5093,4.0299
5094,4.0298
5095,4.0296
5096,4.0293
5097,4.0291
5098,4.0288
5099,4.0286
5100,4.0283
5101,4.0282
5102,4.028
5103,4.0277
5104,4.0275
5105,4.0272
5106,4.027
5107,4.0269
5108,4.0266
5109,4.0264
5110,4.0261
5111,4.0259
5112,4.0258
5113,4.0255
5114,4.0253
5115,4.0251
5116,4.0248
5117,4.0247
5118,4.0245
5119,4.0242
5120,4.024
5121,4.0239
5122,4.0237
5123,4.0234
5124,4.0232
5125,4.0231
5126,4.0228
5127,4.0226
5128,4.0224
5129,4.0223
5130,4.022
5131,4.0218
5132,4.0216
5133,4.0215
5134,4.0212
5135,4.021
5136,4.0209
5137,4.0207
5138,4.0204
5139,4.0202
5140,4.0201
5141,4.0199
5142,4.0197
5143,4.0194
5144,4.0193
5145,4.0191
5146,4.0189
5147,4.0188
5148,4.0186
5149,4.0183
5150,4.0181
5151,4.018
5152,4.0178
5153,4.0177
5154,4.0175
5155,4.0172
5156,4.017
5157,4.0169
5158,4.0167
5159,4.0166
5160,4.0164
5161,4.0162
5162,4.0161
5163,4.0158
5164,4.0156
5165,4.0154
5166,4.0153
5167,4.0151
5168,4.015
5169,4.0148
5170,4.0147
5171,4.0145
5172,4.0142
5173,4.0142
5174,4.0139
5175,4.0137
5176,4.0135
5177,4.0134
5178,4.0132
5179,4.0131
5180,4.0129
5181,4.0127
5182,4.0126
5183,4.0124
5184,4.0123
5185,4.0121
5186,4.012
5187,4.0118
5188,4.0116
5189,4.0115
5190,4.0112
5191,4.011
5192,4.0108
5193,4.0107
5194,4.0105
5195,4.0104
5196,4.0102
5197,4.01
5198,4.0099
5199,4.0097
5200,4.0096
5201,4.0094
5202,4.0092
5203,4.0091
5204,4.0089
5205,4.0088
5206,4.0086
5207,4.0085
5208,4.0083
5209,4.0081
5210,4.008
5211,4.0078
5212,4.0077
5213,4.0075
5214,4.0073
5215,4.0072
5216,4.007
5217,4.0069
5218,4.0067
5219,4.0065
5220,4.0064
5221,4.0062
5222,4.0061
5223,4.0059
5224,4.0058
5225,4.0056
5226,4.0054
5227,4.0053
5228,4.0051
5229,4.005
5230,4.0048
5231,4.0046
5232,4.0045
5233,4.0043
5234,4.0042
5235,4.004
5236,4.0038
5237,4.0037
5238,4.0035
5239,4.0034
5240,4.0032
5241,4.003
5242,4.0029
5243,4.0027
5244,4.0026
5245,4.0024
5246,4.0023
5247,4.0021
5248,4.0019
5249,4.0018
5250,4.0016
5251,4.0015
5252,4.0013
5253,4.0011
5254,4.001
5255,4.0008
5256,4.0007
5257,4.0005
5258,4.0003
5259,4.0002
5260,4.0
5261,3.9999
5262,3.9997
5263,3.9996
5264,3.9994
5265,3.9991
5266,3.9989
5267,3.9989
5268,3.9986
5269,3.9986
5270,3.9983
5271,3.9981
5272,3.998
5273,3.9978
5274,3.9976
5275,3.9975
5276,3.9973
5277,3.9972
5278,3.997
5279,3.9969
5280,3.9967
5281,3.9965
5282,3.9964
5283,3.9962
5284,3.9961
5285,3.9957
5286,3.9956
5287,3.9954
5288,3.9953
5289,3.9951
5290,3.9949
5291,3.9948
5292,3.9946
5293,3.9945
5294,3.9943
5295,3.9941
5296,3.9938
5297,3.9937
5298,3.9935
5299,3.9934
5300,3.9932
5301,3.993
5302,3.9929
5303,3.9926
5304,3.9924
5305,3.9922
5306,3.9921
5307,3.9919
5308,3.9918
5309,3.9916
5310,3.9914
5311,3.9911
5312,3.991
5313,3.9908
5314,3.9907
5315,3.9905
5316,3.9902
5317,3.99
5318,3.9899
5319,3.9897
5320,3.9895
5321,3.9894
5322,3.9891
5323,3.9889
5324,3.9887
5325,3.9886
5326,3.9884
5327,3.9881
5328,3.988
5329,3.9878
5330,3.9876
5331,3.9873
5332,3.9872
5333,3.987
5334,3.9868
5335,3.9865
5336,3.9864
5337,3.9862
5338,3.986
5339,3.9857
5340,3.9856
5341,3.9854
5342,3.9851
5343,3.9849
5344,3.9848
5345,3.9846
5346,3.9843
5347,3.9841
5348,3.984
5349,3.9837
5350,3.9835
5351,3.9833
5352,3.983
5353,3.9829
5354,3.9827
5355,3.9824
5356,3.9822
5357,3.9821
5358,3.9818
5359,3.9816
5360,3.9814
5361,3.9811
5362,3.981
5363,3.9808
5364,3.9805
5365,3.9803
5366,3.98
5367,3.9798
5368,3.9797
5369,3.9794
5370,3.9792
5371,3.9789
5372,3.9787
5373,3.9786
5374,3.9783
5375,3.9781
5376,3.9778
5377,3.9776
5378,3.9773
5379,3.9771
5380,3.977
5381,3.9767
5382,3.9765
5383,3.9762
5384,3.976
5385,3.9757
5386,3.9756
5387,3.9752
5388,3.9751
5389,3.9748
5390,3.9746
5391,3.9743
5392,3.9741
5393,3.9738
5394,3.9736
5395,3.9733
5396,3.9732
5397,3.9729
5398,3.9727
5399,3.9724
5400,3.9721
5401,3.9719
5402,3.9716
5403,3.9714
5404,3.9711
5405,3.9709
5406,3.9706
5407,3.9705
5408,3.9701
5409,3.97
5410,3.9697
5411,3.9694
5412,3.9692
5413,3.9689
5414,3.9687
5415,3.9684
5416,3.9681
5417,3.9679
5418,3.9676
5419,3.9674
5420,3.9671
5421,3.9668
5422,3.9667
5423,3.9663
5424,3.966
5425,3.9659
5426,3.9655
5427,3.9654
5428,3.9651
5429,3.9647
5430,3.9644
5431,3.9643
5432,3.964
5433,3.9638
5434,3.9635
5435,3.9632
5436,3.9628
5437,3.9627
5438,3.9624
5439,3.962
5440,3.9619
5441,3.9616
5442,3.9612
5443,3.9611
5444,3.9608
5445,3.9605
5446,3.9603
5447,3.96
5448,3.9597
5449,3.9593
5450,3.9592
5451,3.9589
5452,3.9585
5453,3.9582
5454,3.9581
5455,3.9578
5456,3.9574
5457,3.9573
5458,3.957
5459,3.9566
5460,3.9563
5461,3.956
5462,3.9558
5463,3.9555
5464,3.9552
5465,3.955
5466,3.9547
5467,3.9544
5468,3.9541
5469,3.9539
5470,3.9536
5471,3.9533
5472,3.953
5473,3.9528
5474,3.9525
5475,3.9522
5476,3.9519
5477,3.9516
5478,3.9514
5479,3.9511
5480,3.9508
5481,3.9504
5482,3.9503
5483,3.95
5484,3.9496
5485,3.9493
5486,3.949
5487,3.9489
5488,3.9485
5489,3.9482
5490,3.9479
5491,3.9477
5492,3.9474
5493,3.9471
5494,3.9468
5495,3.9465
5496,3.9463
5497,3.946
5498,3.9457
5499,3.9454
5500,3.945
5501,3.9449
5502,3.9446
5503,3.9442
5504,3.9439
5505,3.9436
5506,3.9434
5507,3.9431
5508,3.9428
5509,3.9425
5510,3.9423
5511,3.942
5512,3.9417
5513,3.9414
5514,3.9411
5515,3.9409
5516,3.9406
5517,3.9403
5518,3.94
5519,3.9398
5520,3.9395
5521,3.9392
5522,3.9388
5523,3.9385
5524,3.9384
5525,3.938
5526,3.9377
5527,3.9374
5528,3.9371
5529,3.9369
5530,3.9366
5531,3.9363
5532,3.9361
5533,3.9358
5534,3.9355
5535,3.9352
5536,3.9349
5537,3.9347
5538,3.9344
5539,3.9341
5540,3.9338
5541,3.9334
5542,3.9333
5543,3.933
5544,3.9326
5545,3.9323
5546,3.9322
5547,3.9318
5548,3.9315
5549,3.9314
5550,3.9311
5551,3.9307
5552,3.9304
5553,3.9303
5554,3.9299
5555,3.9296
5556,3.9293
5557,3.9291
5558,3.9288
5559,3.9285
5560,3.9282
5561,3.928
5562,3.9277
5563,3.9274
5564,3.9272
5565,3.9269
5566,3.9266
5567,3.9263
5568,3.9261
5569,3.9258
5570,3.9255
5571,3.9253
5572,3.925
5573,3.9247
5574,3.9245
5575,3.9242
5576,3.9239
5577,3.9237
5578,3.9234
5579,3.9231
5580,3.9228
5581,3.9226
5582,3.9223
5583,3.9221
5584,3.9218
5585,3.9215
5586,3.9212
5587,3.921
5588,3.9207
5589,3.9204
5590,3.9202
5591,3.9199
5592,3.9196
5593,3.9194
5594,3.9191
5595,3.919
5596,3.9187
5597,3.9183
5598,3.9182
5599,3.9179
5600,3.9175
5601,3.9174
5602,3.9171
5603,3.9167
5604,3.9166
5605,3.9163
5606,3.9161
5607,3.9158
5608,3.9155
5609,3.9153
5610,3.915
5611,3.9148
5612,3.9145
5613,3.9142
5614,3.914
5615,3.9137
5616,3.9136
5617,3.9132
5618,3.9131
5619,3.9128
5620,3.9125
5621,3.9123
5622,3.912
5623,3.9118
5624,3.9115
5625,3.9112
5626,3.911
5627,3.9107
5628,3.9105
5629,3.9102
5630,3.9101
5631,3.9098
5632,3.9096
5633,3.9093
5634,3.909
5635,3.9088
5636,3.9085
5637,3.9083
5638,3.908
5639,3.9078
5640,3.9075
5641,3.9074
5642,3.9071
5643,3.9069
5644,3.9066
5645,3.9063
5646,3.9061
5647,3.9058
5648,3.9056
5649,3.9053
5650,3.9051
5651,3.905
5652,3.9047
5653,3.9043
5654,3.9042
5655,3.9039
5656,3.9037
5657,3.9034
5658,3.9032
5659,3.9029
5660,3.9028
5661,3.9024
5662,3.9023
5663,3.902
5664,3.9018
5665,3.9015
5666,3.9013
5667,3.901
5668,3.9009
5669,3.9005
5670,3.9004
5671,3.9001
5672,3.8999
5673,3.8996
5674,3.8994
5675,3.8991
5676,3.8989
5677,3.8986
5678,3.8985
5679,3.8983
5680,3.898
5681,3.8978
5682,3.8975
5683,3.8974
5684,3.897
5685,3.8969
5686,3.8966
5687,3.8964
5688,3.8961
5689,3.8959
5690,3.8958
5691,3.8954
5692,3.8953
5693,3.895
5694,3.8948
5695,3.8945
5696,3.8943
5697,3.894
5698,3.8939
5699,3.8935
5700,3.8934
5701,3.8931
5702,3.8929
5703,3.8926
5704,3.8924
5705,3.8923
5706,3.892
5707,3.8918
5708,3.8915
5709,3.8913
5710,3.891
5711,3.8908
5712,3.8905
5713,3.8904
5714,3.8902
5715,3.8899
5716,3.8897
5717,3.8894
5718,3.8892
5719,3.8889
5720,3.8888
5721,3.8885
5722,3.8883
5723,3.8881
5724,3.8878
5725,3.8877
5726,3.8873
5727,3.8872
5728,3.8869
5729,3.8867
5730,3.8864
5731,3.8862
5732,3.8861
5733,3.8858
5734,3.8856
5735,3.8853
5736,3.8851
5737,3.8848
5738,3.8846
5739,3.8843
5740,3.8842
5741,3.884
5742,3.8837
5743,3.8835
5744,3.8832
5745,3.8831
5746,3.8827
5747,3.8826
5748,3.8823
5749,3.8821
5750,3.8819
5751,3.8816
5752,3.8815
5753,3.8811
5754,3.881
5755,3.8807
5756,3.8805
5757,3.8802
5758,3.88
5759,3.8797
5760,3.8796
5761,3.8792
5762,3.8791
5763,3.8789
5764,3.8786
5765,3.8784
5766,3.8781
5767,3.878
5768,3.8776
5769,3.8775
5770,3.8772
5771,3.877
5772,3.8767
5773,3.8765
5774,3.8762
5775,3.8761
5776,3.8757
5777,3.8756
5778,3.8754
5779,3.8751
5780,3.8749
5781,3.8746
5782,3.8745
5783,3.8741
5784,3.874
5785,3.8737
5786,3.8735
5787,3.8732
5788,3.873
5789,3.8727
5790,3.8726
5791,3.8722
5792,3.8721
5793,3.8718
5794,3.8716
5795,3.8713
5796,3.8711
5797,3.8708
5798,3.8707
5799,3.8703
5800,3.8702
5801,3.8699
5802,3.8697
5803,3.8694
5804,3.8692
5805,3.8689
5806,3.8687
5807,3.8684
5808,3.8683
5809,3.868
5810,3.8678
5811,3.8675
5812,3.8673
5813,3.867
5814,3.8668
5815,3.8665
5816,3.8662
5817,3.866
5818,3.8657
5819,3.8656
5820,3.8652
5821,3.8651
5822,3.8648
5823,3.8646
5824,3.8643
5825,3.8641
5826,3.8638
5827,3.8637
5828,3.8633
5829,3.8632
5830,3.8629
5831,3.8627
5832,3.8624
5833,3.8621
5834,3.8619
5835,3.8616
5836,3.8614
5837,3.8611
5838,3.861
5839,3.8606
5840,3.8605
5841,3.8602
5842,3.86
5843,3.8597
5844,3.8594
5845,3.8592
5846,3.8589
5847,3.8587
5848,3.8584
5849,3.8583
5850,3.8579
5851,3.8578
5852,3.8575
5853,3.8571
5854,3.857
5855,3.8567
5856,3.8565
5857,3.8562
5858,3.856
5859,3.8557
5860,3.8554
5861,3.8552
5862,3.8549
5863,3.8548
5864,3.8544
5865,3.8543
5866,3.854
5867,3.8538
5868,3.8535
5869,3.8532
5870,3.853
5871,3.8527
5872,3.8525
5873,3.8522
5874,3.8519
5875,3.8517
5876,3.8514
5877,3.8513
5878,3.8509
5879,3.8508
5880,3.8505
5881,3.8501
5882,3.85
5883,3.8497
5884,3.8495
5885,3.8492
5886,3.849
5887,3.8487
5888,3.8484
5889,3.8482
5890,3.8479
5891,3.8478
5892,3.8474
5893,3.8471
5894,3.847
5895,3.8467
5896,3.8465
5897,3.8462
5898,3.846
5899,3.8457
5900,3.8454
5901,3.8452
5902,3.8449
5903,3.8447
5904,3.8444
5905,3.8441
5906,3.844
5907,3.8436
5908,3.8435
5909,3.8432
5910,3.8428
5911,3.8427
5912,3.8424
5913,3.8422
5914,3.8419
5915,3.8417
5916,3.8414
5917,3.8412
5918,3.8409
5919,3.8406
5920,3.8405
5921,3.8401
5922,3.84
5923,3.8397
5924,3.8393
5925,3.8392
5926,3.8389
5927,3.8387
5928,3.8384
5929,3.8382
5930,3.8379
5931,3.8378
5932,3.8374
5933,3.8371
5934,3.837
5935,3.8366
5936,3.8365
5937,3.8362
5938,3.836
5939,3.8357
5940,3.8354
5941,3.8352
5942,3.8349
5943,3.8347
5944,3.8344
5945,3.8343
5946,3.8339
5947,3.8338
5948,3.8335
5949,3.8331
5950,3.833
5951,3.8327
5952,3.8325
5953,3.8322
5954,3.832
5955,3.8317
5956,3.8316
5957,3.8312
5958,3.8311
5959,3.8308
5960,3.8304
5961,3.8303
5962,3.83
5963,3.8298
5964,3.8295
5965,3.8293
5966,3.829
5967,3.8289
5968,3.8285
5969,3.8284
5970,3.8281
5971,3.8279
5972,3.8276
5973,3.8274
5974,3.8271
5975,3.8269
5976,3.8266
5977,3.8263
5978,3.8262
5979,3.826
5980,3.8257
5981,3.8254
5982,3.8252
5983,3.8249
5984,3.8247
5985,3.8244
5986,3.8242
5987,3.8239
5988,3.8238
5989,3.8234
5990,3.8233
5991,3.8231
5992,3.8228
5993,3.8225
5994,3.8223
5995,3.8222
5996,3.8219
5997,3.8217
5998,3.8214
5999,3.8212
6000,3.8209
6001,3.8207
6002,3.8204
6003,3.8203
6004,3.82
6005,3.8198
6006,3.8195
6007,3.8193
6008,3.819
6009,3.8188
6010,3.8185
6011,3.8184
6012,3.8182
6013,3.8179
6014,3.8177
6015,3.8174
6016,3.8172
6017,3.8169
6018,3.8168
6019,3.8165
6020,3.8163
6021,3.8161
6022,3.8158
6023,3.8157
6024,3.8153
6025,3.8152
6026,3.8149
6027,3.8147
6028,3.8144
6029,3.8142
6030,3.8141
6031,3.8138
6032,3.8136
6033,3.8133
6034,3.8131
6035,3.813
6036,3.8126
6037,3.8125
6038,3.8122
6039,3.812
6040,3.8118
6041,3.8115
6042,3.8114
6043,3.8111
6044,3.8109
6045,3.8106
6046,3.8104
6047,3.8103
6048,3.8099
6049,3.8098
6050,3.8095
6051,3.8093
6052,3.8091
6053,3.8088
6054,3.8087
6055,3.8085
6056,3.8082
6057,3.808
6058,3.8077
6059,3.8076
6060,3.8074
6061,3.8071
6062,3.8069
6063,3.8068
6064,3.8064
6065,3.8063
6066,3.8061
6067,3.8058
6068,3.8056
6069,3.8053
6070,3.8052
6071,3.805
6072,3.8047
6073,3.8045
6074,3.8044
6075,3.8041
6076,3.8039
6077,3.8037
6078,3.8034
6079,3.8033
6080,3.8031
6081,3.8028
6082,3.8026
6083,3.8025
6084,3.8022
6085,3.802
6086,3.8018
6087,3.8015
6088,3.8014
6089,3.8012
6090,3.8009
6091,3.8007
6092,3.8006
6093,3.8002
6094,3.8001
6095,3.7999
6096,3.7996
6097,3.7994
6098,3.7993
6099,3.799
6100,3.7988
6101,3.7987
6102,3.7985
6103,3.7982
6104,3.798
6105,3.7977
6106,3.7975
6107,3.7974
6108,3.7972
6109,3.7969
6110,3.7967
6111,3.7966
6112,3.7963
6113,3.7961
6114,3.796
6115,3.7958
6116,3.7955
6117,3.7953
6118,3.7952
6119,3.795
6120,3.7947
6121,3.7945
6122,3.7944
6123,3.794
6124,3.7939
6125,3.7937
6126,3.7936
6127,3.7932
6128,3.7931
6129,3.7929
6130,3.7928
6131,3.7925
6132,3.7923
6133,3.7921
6134,3.792
6135,3.7917
6136,3.7915
6137,3.7913
6138,3.7912
6139,3.7909
6140,3.7907
6141,3.7905
6142,3.7902
6143,3.7901
6144,3.7899
6145,3.7898
6146,3.7896
6147,3.7893
6148,3.7891
6149,3.789
6150,3.7888
6151,3.7885
6152,3.7883
6153,3.7882
6154,3.788
6155,3.7877
6156,3.7875
6157,3.7874
6158,3.7872
6159,3.7871
6160,3.7867
6161,3.7866
6162,3.7864
6163,3.7863
6164,3.7861
6165,3.7858
6166,3.7856
6167,3.7855
6168,3.7853
6169,3.785
6170,3.7848
6171,3.7847
6172,3.7845
6173,3.7842
6174,3.784
6175,3.7839
6176,3.7837
6177,3.7836
6178,3.7834
6179,3.7831
6180,3.7829
6181,3.7828
6182,3.7826
6183,3.7824
6184,3.7821
6185,3.782
6186,3.7818
6187,3.7816
6188,3.7815
6189,3.7812
6190,3.781
6191,3.7809
6192,3.7807
6193,3.7805
6194,3.7802
6195,3.7801
6196,3.7799
6197,3.7797
6198,3.7796
6199,3.7793
6200,3.7791
6201,3.7789
6202,3.7788
6203,3.7786
6204,3.7785
6205,3.7782
6206,3.778
6207,3.7778
6208,3.7777
6209,3.7775
6210,3.7772
6211,3.777
6212,3.7769
6213,3.7767
6214,3.7766
6215,3.7764
6216,3.7762
6217,3.7759
6218,3.7758
6219,3.7756
6220,3.7754
6221,3.7753
6222,3.775
6223,3.7748
6224,3.7747
6225,3.7745
6226,3.7743
6227,3.7742
6228,3.774
6229,3.7737
6230,3.7735
6231,3.7734
6232,3.7732
6233,3.7731
6234,3.7729
6235,3.7727
6236,3.7724
6237,3.7723
6238,3.7721
6239,3.772
6240,3.7718
6241,3.7716
6242,3.7715
6243,3.7712
6244,3.771
6245,3.7708
6246,3.7707
6247,3.7705
6248,3.7704
6249,3.77
6250,3.7699
6251,3.7697
6252,3.7696
6253,3.7694
6254,3.7692
6255,3.7691
6256,3.7689
6257,3.7686
6258,3.7685
6259,3.7683
6260,3.7681
6261,3.768
6262,3.7678
6263,3.7677
6264,3.7673
6265,3.7672
6266,3.767
6267,3.7669
6268,3.7667
6269,3.7665
6270,3.7664
6271,3.7661
6272,3.7659
6273,3.7658
6274,3.7656
6275,3.7654
6276,3.7653
6277,3.7651
6278,3.765
6279,3.7646
6280,3.7645
6281,3.7643
6282,3.7642
6283,3.764
6284,3.7638
6285,3.7637
6286,3.7635
6287,3.7634
6288,3.7631
6289,3.7629
6290,3.7627
6291,3.7626
6292,3.7624
6293,3.7623
6294,3.7621
6295,3.7619
6296,3.7618
6297,3.7615
6298,3.7613
6299,3.7611
6300,3.761
6301,3.7608
6302,3.7607
6303,3.7605
6304,3.7603
6305,3.76
6306,3.7599
6307,3.7597
6308,3.7596
6309,3.7594
6310,3.7592
6311,3.7591
6312,3.7589
6313,3.7586
6314,3.7584
6315,3.7583
6316,3.7581
6317,3.758
6318,3.7578
6319,3.7576
6320,3.7575
6321,3.7573
6322,3.757
6323,3.7569
6324,3.7567
6325,3.7565
6326,3.7564
6327,3.7562
6328,3.7561
6329,3.7559
6330,3.7557
6331,3.7556
6332,3.7554
6333,3.7551
6334,3.7549
6335,3.7548
6336,3.7546
6337,3.7545
6338,3.7543
6339,3.7542
6340,3.754
6341,3.7538
6342,3.7535
6343,3.7534
6344,3.7532
6345,3.753
6346,3.7529
6347,3.7527
6348,3.7526
6349,3.7524
6350,3.7522
6351,3.7521
6352,3.7518
6353,3.7516
6354,3.7514
6355,3.7513
6356,3.7511
6357,3.751
6358,3.7508
6359,3.7507
6360,3.7505
6361,3.7503
6362,3.75
6363,3.7499
6364,3.7497
6365,3.7495
6366,3.7494
6367,3.7492
6368,3.7491
6369,3.7489
6370,3.7487
6371,3.7486
6372,3.7484
6373,3.7483
6374,3.748
6375,3.7478
6376,3.7476
6377,3.7475
6378,3.7473
6379,3.7472
6380,3.747
6381,3.7468
6382,3.7467
6383,3.7464
6384,3.7462
6385,3.746
6386,3.7459
6387,3.7457
6388,3.7456
6389,3.7454
6390,3.7452
6391,3.7451
6392,3.7449
6393,3.7448
6394,3.7445
6395,3.7443
6396,3.7441
6397,3.744
6398,3.7438
6399,3.7437
6400,3.7435
6401,3.7433
6402,3.7432
6403,3.743
6404,3.7427
6405,3.7425
6406,3.7424
6407,3.7422
6408,3.7421
6409,3.7419
6410,3.7418
6411,3.7416
6412,3.7414
6413,3.7413
6414,3.7411
6415,3.7408
6416,3.7406
6417,3.7405
6418,3.7403
6419,3.7402
6420,3.74
6421,3.7398
6422,3.7397
6423,3.7395
6424,3.7394
6425,3.7391
6426,3.7389
6427,3.7387
6428,3.7386
6429,3.7384
6430,3.7383
6431,3.7381
6432,3.7379
6433,3.7378
6434,3.7376
6435,3.7375
6436,3.7371
6437,3.737
6438,3.7368
6439,3.7367
6440,3.7365
6441,3.7363
6442,3.7362
6443,3.736
6444,3.7359
6445,3.7357
6446,3.7354
6447,3.7352
6448,3.7351
6449,3.7349
6450,3.7348
6451,3.7346
6452,3.7344
6453,3.7343
6454,3.7341
6455,3.734
6456,3.7338
6457,3.7335
6458,3.7333
6459,3.7332
6460,3.733
6461,3.7329
6462,3.7327
6463,3.7325
6464,3.7324
6465,3.7322
6466,3.7319
6467,3.7317
6468,3.7316
6469,3.7314
6470,3.7313
6471,3.7311
6472,3.7309
6473,3.7308
6474,3.7306
6475,3.7305
6476,3.7303
6477,3.73
6478,3.7298
6479,3.7297
6480,3.7295
6481,3.7294
6482,3.7292
6483,3.729
6484,3.7289
6485,3.7287
6486,3.7286
6487,3.7282
6488,3.7281
6489,3.7279
6490,3.7278
6491,3.7276
6492,3.7274
6493,3.7273
6494,3.7271
6495,3.727
6496,3.7267
6497,3.7265
6498,3.7263
6499,3.7262
6500,3.726
6501,3.7259
6502,3.7257
6503,3.7255
6504,3.7254
6505,3.7252
6506,3.7251
6507,3.7247
6508,3.7246
6509,3.7244
6510,3.7243
6511,3.7241
6512,3.724
6513,3.7238
6514,3.7236
6515,3.7235
6516,3.7232
6517,3.723
6518,3.7228
6519,3.7227
6520,3.7225
6521,3.7224
6522,3.7222
6523,3.722
6524,3.7219
6525,3.7216
6526,3.7214
6527,3.7213
6528,3.7211
6529,3.7209
6530,3.7208
6531,3.7206
6532,3.7205
6533,3.7203
6534,3.72
6535,3.7198
6536,3.7197
6537,3.7195
6538,3.7193
6539,3.7192
6540,3.719
6541,3.7189
6542,3.7187
6543,3.7184
6544,3.7182
6545,3.7181
6546,3.7179
6547,3.7178
6548,3.7176
6549,3.7174
6550,3.7173
6551,3.7171
6552,3.7168
6553,3.7166
6554,3.7165
6555,3.7163
6556,3.7162
6557,3.716
6558,3.7158
6559,3.7157
6560,3.7154
6561,3.7152
6562,3.7151
6563,3.7149
6564,3.7147
6565,3.7146
6566,3.7144
6567,3.7143
6568,3.7141
6569,3.7138
6570,3.7136
6571,3.7135
6572,3.7133
6573,3.7131
6574,3.713
6575,3.7128
6576,3.7127
6577,3.7123
6578,3.7122
6579,3.712
6580,3.7119
6581,3.7117
6582,3.7116
6583,3.7114
6584,3.7112
6585,3.7109
6586,3.7108
6587,3.7106
6588,3.7104
6589,3.7103
6590,3.7101
6591,3.71
6592,3.7098
6593,3.7095
6594,3.7093
6595,3.7092
6596,3.709
6597,3.7089
6598,3.7087
6599,3.7085
6600,3.7084
6601,3.7081
6602,3.7079
6603,3.7077
6604,3.7076
6605,3.7074
6606,3.7073
6607,3.7071
6608,3.7069
6609,3.7066
6610,3.7065
6611,3.7063
6612,3.7062
6613,3.706
6614,3.7058
6615,3.7057
6616,3.7054
6617,3.7052
6618,3.705
6619,3.7049
6620,3.7047
6621,3.7046
6622,3.7044
6623,3.7042
6624,3.7041
6625,3.7038
6626,3.7036
6627,3.7034
6628,3.7033
6629,3.7031
6630,3.703
6631,3.7028
6632,3.7025
6633,3.7023
6634,3.7022
6635,3.702
6636,3.7019
6637,3.7017
6638,3.7015
6639,3.7012
6640,3.7011
6641,3.7009
6642,3.7007
6643,3.7006
6644,3.7004
6645,3.7003
6646,3.7001
6647,3.6998
6648,3.6996
6649,3.6995
6650,3.6993
6651,3.6992
6652,3.699
6653,3.6988
6654,3.6985
6655,3.6984
6656,3.6982
6657,3.698
6658,3.6979
6659,3.6977
6660,3.6976
6661,3.6973
6662,3.6971
6663,3.6969
6664,3.6968
6665,3.6966
6666,3.6965
6667,3.6961
6668,3.696
6669,3.6958
6670,3.6957
6671,3.6955
6672,3.6953
6673,3.6952
6674,3.695
6675,3.6947
6676,3.6945
6677,3.6944
6678,3.6942
6679,3.6941
6680,3.6939
6681,3.6938
6682,3.6934
6683,3.6933
6684,3.6931
6685,3.693
6686,3.6928
6687,3.6926
6688,3.6923
6689,3.6922
6690,3.692
6691,3.6918
6692,3.6917
6693,3.6915
6694,3.6914
6695,3.6911
6696,3.6909
6697,3.6907
6698,3.6906
6699,3.6904
6700,3.6903
6701,3.6901
6702,3.6898
6703,3.6896
6704,3.6895
6705,3.6893
6706,3.6891
6707,3.689
6708,3.6888
6709,3.6885
6710,3.6883
6711,3.6882
6712,3.688
6713,3.6879
6714,3.6877
6715,3.6874
6716,3.6872
6717,3.6871
6718,3.6869
6719,3.6868
6720,3.6866
6721,3.6864
6722,3.6861
6723,3.686
6724,3.6858
6725,3.6856
6726,3.6855
6727,3.6853
6728,3.6852
6729,3.685
6730,3.6847
6731,3.6845
6732,3.6844
6733,3.6842
6734,3.6841
6735,3.6839
6736,3.6836
6737,3.6834
6738,3.6833
6739,3.6831
6740,3.6829
6741,3.6828
6742,3.6826
6743,3.6823
6744,3.6822
6745,3.682
6746,3.6818
6747,3.6817
6748,3.6815
6749,3.6812
6750,3.681
6751,3.6809
6752,3.6807
6753,3.6806
6754,3.6804
6755,3.6802
6756,3.6801
6757,3.6798
6758,3.6796
6759,3.6794
6760,3.6793
6761,3.6791
6762,3.679
6763,3.6787
6764,3.6785
6765,3.6783
6766,3.6782
6767,3.678
6768,3.6779
6769,3.6777
6770,3.6774
6771,3.6772
6772,3.6771
6773,3.6769
6774,3.6767
6775,3.6766
6776,3.6763
6777,3.6761
6778,3.676
6779,3.6758
6780,3.6756
6781,3.6755
6782,3.6753
6783,3.675
6784,3.6748
6785,3.6747
6786,3.6745
6787,3.6744
6788,3.6742
6789,3.674
6790,3.6739
6791,3.6736
6792,3.6734
6793,3.6733
6794,3.6731
6795,3.6729
6796,3.6728
6797,3.6726
6798,3.6723
6799,3.6721
6800,3.672
6801,3.6718
6802,3.6717
6803,3.6715
6804,3.6713
6805,3.671
6806,3.6709
6807,3.6707
6808,3.6705
6809,3.6704
6810,3.6702
6811,3.6701
6812,3.6699
6813,3.6696
6814,3.6694
6815,3.6693
6816,3.6691
6817,3.669
6818,3.6688
6819,3.6686
6820,3.6685
6821,3.6682
6822,3.668
6823,3.6678
6824,3.6677
6825,3.6675
6826,3.6674
6827,3.6672
6828,3.6671
6829,3.6667
6830,3.6666
6831,3.6664
6832,3.6663
6833,3.6661
6834,3.6659
6835,3.6658
6836,3.6656
6837,3.6653
6838,3.6651
6839,3.665
6840,3.6648
6841,3.6647
6842,3.6645
6843,3.6643
6844,3.6642
6845,3.6639
6846,3.6637
6847,3.6636
6848,3.6634
6849,3.6632
6850,3.6631
6851,3.6629
6852,3.6628
6853,3.6626
6854,3.6624
6855,3.6621
6856,3.662
6857,3.6618
6858,3.6616
6859,3.6615
6860,3.6613
6861,3.6612
6862,3.661
6863,3.6607
6864,3.6605
6865,3.6604
6866,3.6602
6867,3.6601
6868,3.6599
6869,3.6597
6870,3.6596
6871,3.6594
6872,3.6593
6873,3.6591
6874,3.6588
6875,3.6586
6876,3.6585
6877,3.6583
6878,3.6582
6879,3.658
6880,3.6578
6881,3.6577
6882,3.6575
6883,3.6574
6884,3.657
6885,3.6569
6886,3.6567
6887,3.6566
6888,3.6564
6889,3.6562
6890,3.6561
6891,3.6559
6892,3.6558
6893,3.6554
6894,3.6553
6895,3.6551
6896,3.655
6897,3.6548
6898,3.6547
6899,3.6545
6900,3.6543
6901,3.6542
6902,3.654
6903,3.6539
6904,3.6537
6905,3.6534
6906,3.6534
6907,3.6531
6908,3.6529
6909,3.6527
6910,3.6526
6911,3.6524
6912,3.6523
6913,3.6521
6914,3.652
6915,3.6518
6916,3.6515
6917,3.6513
6918,3.6512
6919,3.651
6920,3.6508
6921,3.6507
6922,3.6505
6923,3.6504
6924,3.6502
6925,3.65
6926,3.6499
6927,3.6497
6928,3.6494
6929,3.6493
6930,3.6491
6931,3.6489
6932,3.6488
6933,3.6486
6934,3.6485
6935,3.6483
6936,3.6481
6937,3.648
6938,3.6478
6939,3.6477
6940,3.6473
6941,3.6472
6942,3.647
6943,3.6469
6944,3.6467
6945,3.6465
6946,3.6464
6947,3.6462
6948,3.6461
6949,3.6459
6950,3.6458
6951,3.6454
6952,3.6453
6953,3.6451
6954,3.645
6955,3.6448
6956,3.6446
6957,3.6445
6958,3.6443
6959,3.6442
6960,3.644
6961,3.6438
6962,3.6437
6963,3.6434
6964,3.6432
6965,3.6431
6966,3.6429
6967,3.6427
6968,3.6426
6969,3.6424
6970,3.6423
6971,3.6421
6972,3.6419
6973,3.6418
6974,3.6415
6975,3.6413
6976,3.6411
6977,3.641
6978,3.6408
6979,3.6407
6980,3.6405
6981,3.6403
6982,3.64
6983,3.6399
6984,3.6397
6985,3.6396
6986,3.6394
6987,3.6392
6988,3.6391
6989,3.6389
6990,3.6386
6991,3.6386
6992,3.6383
6993,3.6381
6994,3.638
6995,3.6378
6996,3.6376
6997,3.6375
6998,3.6373
6999,3.637
7000,3.6369
7001,3.6367
7002,3.6365
7003,3.6364
7004,3.6362
7005,3.6361
7006,3.6359
7007,3.6356
7008,3.6354
7009,3.6353
7010,3.6351
7011,3.6349
7012,3.6348
7013,3.6346
7014,3.6345
7015,3.6342
7016,3.634
7017,3.6338
7018,3.6337
7019,3.6335
7020,3.6334
7021,3.633
7022,3.6329
7023,3.6327
7024,3.6326
7025,3.6324
7026,3.6322
7027,3.6319
7028,3.6318
7029,3.6316
7030,3.6314
7031,3.6313
7032,3.6311
7033,3.6308
7034,3.6307
7035,3.6305
7036,3.6303
7037,3.6302
7038,3.6299
7039,3.6297
7040,3.6295
7041,3.6294
7042,3.6292
7043,3.6289
7044,3.6287
7045,3.6286
7046,3.6284
7047,3.6283
7048,3.628
7049,3.6278
7050,3.6276
7051,3.6275
7052,3.6273
7053,3.627
7054,3.6268
7055,3.6267
7056,3.6265
7057,3.6262
7058,3.626
7059,3.6259
7060,3.6257
7061,3.6254
7062,3.6253
7063,3.6251
7064,3.6249
7065,3.6246
7066,3.6245
7067,3.6243
7068,3.6241
7069,3.6238
7070,3.6237
7071,3.6235
7072,3.6232
7073,3.623
7074,3.6229
7075,3.6227
7076,3.6224
7077,3.6222
7078,3.6221
7079,3.6218
7080,3.6216
7081,3.6214
7082,3.6211
7083,3.621
7084,3.6208
7085,3.6205
7086,3.6203
7087,3.6202
7088,3.6198
7089,3.6197
7090,3.6195
7091,3.6192
7092,3.6191
7093,3.6189
7094,3.6186
7095,3.6184
7096,3.6183
7097,3.6179
7098,3.6178
7099,3.6175
7100,3.6173
7101,3.6171
7102,3.6168
7103,3.6167
7104,3.6163
7105,3.6162
7106,3.616
7107,3.6157
7108,3.6156
7109,3.6152
7110,3.6151
7111,3.6149
7112,3.6146
7113,3.6144
7114,3.6141
7115,3.614
7116,3.6136
7117,3.6135
7118,3.6132
7119,3.613
7120,3.6127
7121,3.6125
7122,3.6122
7123,3.6121
7124,3.6119
7125,3.6116
7126,3.6113
7127,3.6111
7128,3.6108
7129,3.6106
7130,3.6103
7131,3.6102
7132,3.6098
7133,3.6097
7134,3.6094
7135,3.6092
7136,3.6089
7137,3.6086
7138,3.6084
7139,3.6081
7140,3.6079
7141,3.6076
7142,3.6073
7143,3.6071
7144,3.6068
7145,3.6067
7146,3.6063
7147,3.606
7148,3.6059
7149,3.6055
7150,3.6052
7151,3.6049
7152,3.6047
7153,3.6044
7154,3.6041
7155,3.604
7156,3.6036
7157,3.6033
7158,3.603
7159,3.6028
7160,3.6025
7161,3.6022
7162,3.6019
7163,3.6017
7164,3.6014
7165,3.6011
7166,3.6008
7167,3.6005
7168,3.6003
7169,3.6
7170,3.5997
7171,3.5993
7172,3.599
7173,3.5987
7174,3.5985
7175,3.5982
7176,3.5979
7177,3.5976
7178,3.5973
7179,3.597
7180,3.5966
7181,3.5963
7182,3.596
7183,3.5957
7184,3.5954
7185,3.5951
7186,3.5947
7187,3.5946
7188,3.5941
7189,3.5938
7190,3.5935
7191,3.5931
7192,3.5928
7193,3.5925
7194,3.5922
7195,3.5919
7196,3.5916
7197,3.5912
7198,3.5909
7199,3.5906
7200,3.5901
7201,3.5898
7202,3.5895
7203,3.5892
7204,3.5889
7205,3.5885
7206,3.5881
7207,3.5877
7208,3.5874
7209,3.5871
7210,3.5868
7211,3.5863
7212,3.586
7213,3.5857
7214,3.5852
7215,3.5849
7216,3.5846
7217,3.5842
7218,3.5838
7219,3.5834
7220,3.5831
7221,3.5827
7222,3.5823
7223,3.5819
7224,3.5815
7225,3.5811
7226,3.5807
7227,3.5803
7228,3.58
7229,3.5796
7230,3.5792
7231,3.5788
7232,3.5784
7233,3.578
7234,3.5776
7235,3.5773
7236,3.5768
7237,3.5763
7238,3.576
7239,3.5755
7240,3.575
7241,3.5747
7242,3.5742
7243,3.5738
7244,3.5734
7245,3.573
7246,3.5725
7247,3.5722
7248,3.5717
7249,3.5712
7250,3.5707
7251,3.5704
7252,3.5699
7253,3.5695
7254,3.569
7255,3.5685
7256,3.5682
7257,3.5677
7258,3.5672
7259,3.5668
7260,3.5663
7261,3.5658
7262,3.5653
7263,3.5649
7264,3.5644
7265,3.5639
7266,3.5634
7267,3.5629
7268,3.5625
7269,3.562
7270,3.5615
7271,3.561
7272,3.5606
7273,3.5601
7274,3.5596
7275,3.5591
7276,3.5587
7277,3.5582
7278,3.5577
7279,3.5571
7280,3.5566
7281,3.5561
7282,3.5556
7283,3.5552
7284,3.5547
7285,3.554
7286,3.5536
7287,3.5531
7288,3.5526
7289,3.552
7290,3.5515
7291,3.551
7292,3.5505
7293,3.5499
7294,3.5494
7295,3.549
7296,3.5483
7297,3.5478
7298,3.5474
7299,3.5467
7300,3.5463
7301,3.5458
7302,3.5451
7303,3.5447
7304,3.5442
7305,3.5436
7306,3.5431
7307,3.5424
7308,3.542
7309,3.5413
7310,3.5409
7311,3.5404
7312,3.5397
7313,3.5393
7314,3.5386
7315,3.5382
7316,3.5375
7317,3.537
7318,3.5364
7319,3.5359
7320,3.5353
7321,3.5348
7322,3.5342
7323,3.5337
7324,3.5331
7325,3.5326
7326,3.532
7327,3.5315
7328,3.5308
7329,3.5304
7330,3.5297
7331,3.5293
7332,3.5286
7333,3.5281
7334,3.5275
7335,3.527
7336,3.5264
7337,3.5259
7338,3.5253
7339,3.5246
7340,3.5242
7341,3.5235
7342,3.5231
7343,3.5224
7344,3.5218
7345,3.5213
7346,3.5207
7347,3.52
7348,3.5196
7349,3.5189
7350,3.5184
7351,3.5178
7352,3.5172
7353,3.5165
7354,3.5161
7355,3.5154
7356,3.5148
7357,3.5143
7358,3.5137
7359,3.513
7360,3.5124
7361,3.5119
7362,3.5113
7363,3.5107
7364,3.51
7365,3.5094
7366,3.5087
7367,3.5081
7368,3.5075
7369,3.5068
7370,3.5062
7371,3.5056
7372,3.5051
7373,3.5043
7374,3.5037
7375,3.503
7376,3.5024
7377,3.5018
7378,3.5011
7379,3.5005
7380,3.4997
7381,3.4991
7382,3.4984
7383,3.4978
7384,3.497
7385,3.4964
7386,3.4957
7387,3.4949
7388,3.4943
7389,3.4935
7390,3.4927
7391,3.4921
7392,3.4913
7393,3.4906
7394,3.4898
7395,3.489
7396,3.4882
7397,3.4874
7398,3.4867
7399,3.4859
7400,3.4852
7401,3.4844
7402,3.4835
7403,3.4827
7404,3.4819
7405,3.4811
7406,3.4801
7407,3.4793
7408,3.4785
7409,3.4776
7410,3.4768
7411,3.4758
7412,3.4751
7413,3.4741
7414,3.4731
7415,3.4722
7416,3.4714
7417,3.4704
7418,3.4695
7419,3.4685
7420,3.4676
7421,3.4665
7422,3.4655
7423,3.4646
7424,3.4636
7425,3.4625
7426,3.4614
7427,3.4604
7428,3.4593
7429,3.4584
7430,3.4573
7431,3.4561
7432,3.455
7433,3.4539
7434,3.4528
7435,3.4517
7436,3.4504
7437,3.4493
7438,3.4482
7439,3.4469
7440,3.4458
7441,3.4445
7442,3.4433
7443,3.442
7444,3.4407
7445,3.4395
7446,3.4382
7447,3.4369
7448,3.4356
7449,3.4344
7450,3.4329
7451,3.4317
7452,3.4302
7453,3.4288
7454,3.4274
7455,3.4259
7456,3.4247
7457,3.4231
7458,3.4216
7459,3.4202
7460,3.4188
7461,3.4172
7462,3.4158
7463,3.4142
7464,3.4126
7465,3.411
7466,3.4096
7467,3.4078
7468,3.4062
7469,3.4046
7470,3.4031
7471,3.4013
7472,3.3997
7473,3.398
7474,3.3964
7475,3.3946
7476,3.3929
7477,3.3911
7478,3.3894
7479,3.3875
7480,3.3857
7481,3.3838
7482,3.3821
7483,3.3802
7484,3.3783
7485,3.3765
7486,3.3744
7487,3.3725
7488,3.3706
7489,3.3687
7490,3.3667
7491,3.3647
7492,3.3627
7493,3.3606
7494,3.3585
7495,3.3565
7496,3.3544
7497,3.3522
7498,3.3501
7499,3.3481
7500,3.3458
7501,3.3436
7502,3.3414
7503,3.3392
7504,3.3369
7505,3.3346
7506,3.3323
7507,3.3299
7508,3.3275
7509,3.3252
7510,3.3228
7511,3.3204
7512,3.3179
7513,3.3155
7514,3.3129
7515,3.3106
7516,3.308
7517,3.3055
7518,3.3028
7519,3.3002
7520,3.2975
7521,3.295
7522,3.2923
7523,3.2896
7524,3.2868
7525,3.2841
7526,3.2814
7527,3.2785
7528,3.2756
7529,3.2728
7530,3.2699
7531,3.2669
7532,3.2641
7533,3.261
7534,3.258
7535,3.255
7536,3.2518
7537,3.2488
7538,3.2456
7539,3.2425
7540,3.2393
7541,3.2361
7542,3.2328
7543,3.2294
7544,3.2261
7545,3.2228
7546,3.2193
7547,3.216
7548,3.2125
7549,3.209
7550,3.2053
7551,3.2018
7552,3.1982
7553,3.1945
7554,3.1907
7555,3.1871
7556,3.1833
7557,3.1794
7558,3.1755
7559,3.1717
7560,3.1677
7561,3.1637
7562,3.1596
7563,3.1555
7564,3.1513
7565,3.1472
7566,3.1429
7567,3.1388
7568,3.1344
7569,3.1301
7570,3.1256
7571,3.1212
7572,3.1166
7573,3.1121
7574,3.1075
7575,3.1028
7576,3.0982
7577,3.0933
7578,3.0885
7579,3.0836
7580,3.0786
7581,3.0736
7582,3.0686
7583,3.0634
7584,3.0583
7585,3.0531
7586,3.0477
7587,3.0423
7588,3.0369
7589,3.0315
7590,3.0259
7591,3.0202
7592,3.0145
7593,3.0088
7594,3.0029
7595,2.9971
7596,2.991
7597,2.985
7598,2.9788
7599,2.9726
7600,2.9663
7601,2.9599
7602,2.9536
7603,2.9469
7604,2.9404
7605,2.9336
7606,2.9267
7607,2.9199
7608,2.9129
7609,2.9058
7610,2.8986
7611,2.8913
7612,2.8839
7613,2.8764
7614,2.869
7615,2.8612
7616,2.8534
7617,2.8455
7618,2.8374
7619,2.8293
7620,2.821
7621,2.8126
7622,2.804
7623,2.7955
7624,2.7867
7625,2.7778
7626,2.7688
7627,2.7597
7628,2.7505
7629,2.741
7630,2.7315
7631,2.722
7632,2.7121
7633,2.7023
7634,2.6923
7635,2.6821
7636,2.672
7637,2.6615
7638,2.651
7639,2.6404
7640,2.6296
7641,2.6188
7642,2.6078
7643,2.5967
7644,2.5855
7645,2.5742
7646,2.5626
7647,2.551
7648,2.5394
7649,2.5275
7650,2.5156
7651,2.5035
7652,2.4999
7653,2.5132
7654,2.6162
7655,2.7194
7656,2.8213
7657,2.8893
7658,2.9899
7659,3.0704
7660,3.1712
7661,3.1802
7662,3.258
7663,3.3164
7664,3.3605
7665,3.3929
7666,3.4162
7667,3.4325
7668,3.4436
7669,3.4515
7670,3.4573
7671,3.4617
7672,3.4652
7673,3.4681
7674,3.4704
7675,3.4727
7676,3.4744
7677,3.476
7678,3.4776
7679,3.4789
7680,3.48
7681,3.4811
7682,3.4822
7683,3.4832
7684,3.484
7685,3.4849
7686,3.4857
7687,3.4863
7688,3.4871
7689,3.4878
7690,3.4884
7691,3.489
7692,3.4895
7693,3.4902
7694,3.4906
7695,3.4911
7696,3.4916
7697,3.4921
7698,3.4925
7699,3.4929
7700,3.4933
7701,3.4938
7702,3.4941
7703,3.4944
7704,3.4949
7705,3.4952
7706,3.4956
7707,3.4959
7708,3.4962
7709,3.4965
7710,3.4968
7711,3.4971
7712,3.4975
7713,3.4978
7714,3.4981
7715,3.4984
7716,3.4986
7717,3.4989
7718,3.4992
7719,3.4994
7720,3.4997
7721,3.4998
7722,3.5002
7723,3.5003
7724,3.5006
7725,3.5008
7726,3.501
7727,3.5013
7728,3.5014
7729,3.5016
7730,3.5019
7731,3.5021
7732,3.5022
7733,3.5024
7734,3.5027
7735,3.5029
7736,3.503
7737,3.5032
7738,3.5033
7739,3.5035
7740,3.5038
7741,3.504
7742,3.5041
7743,3.5043
7744,3.5045
7745,3.5046
7746,3.5048
7747,3.5049
7748,3.5051
7749,3.5053
7750,3.5054
7751,3.5054
7752,3.5056
7753,3.5057
7754,3.5059
7755,3.506
7756,3.5062
7757,3.5064
7758,3.5065
7759,3.5065
7760,3.5067
7761,3.5068
7762,3.507
7763,3.5072
7764,3.5073
7765,3.5073
7766,3.5075
7767,3.5076
7768,3.5078
7769,3.5078
7770,3.508
7771,3.5081
7772,3.5083
7773,3.5083
7774,3.5084
7775,3.5086
7776,3.5086
7777,3.5087
7778,3.5089
7779,3.5089
7780,3.5091
7781,3.5092
7782,3.5092
7783,3.5094
7784,3.5094
7785,3.5095
7786,3.5097
7787,3.5097
7788,3.5099
7789,3.5099
7790,3.51
7791,3.5102
7792,3.5102
7793,3.5103
7794,3.5103
7795,3.5105
7796,3.5105
7797,3.5107
7798,3.5108
7799,3.5108
7800,3.511
7801,3.511
7802,3.5111
7803,3.5111
7804,3.5113
7805,3.5113
7806,3.5114
7807,3.5114
7808,3.5116
7809,3.5116
7810,3.5118
7811,3.5118
7812,3.5119
7813,3.5119
7814,3.5121
7815,3.5121
7816,3.5122
7817,3.5122
7818,3.5124
7819,3.5124
7820,3.5126
7821,3.5126
7822,3.5127
7823,3.5127
7824,3.5129
7825,3.5129
7826,3.5129
7827,3.513
7828,3.513
7829,3.5132
7830,3.5132
7831,3.5134
7832,3.5134
7833,3.5134
7834,3.5135
7835,3.5135
7836,3.5137
7837,3.5137
7838,3.5137
7839,3.5281
7840,3.561
7841,3.5646
7842,3.5667
7843,3.5683
7844,3.5694
7845,3.5705
7846,3.5715
7847,3.5723
7848,3.5729
7849,3.5735
7850,3.5742
7851,3.5748
7852,3.5754
7853,3.5759
7854,3.5764
7855,3.5769
7856,3.5774
7857,3.5778
7858,3.5783
7859,3.5788
7860,3.5791
7861,3.5796
7862,3.5801
7863,3.5804
7864,3.5807
7865,3.5812
7866,3.5815
7867,3.582
7868,3.5823
7869,3.5826
7870,3.5829
7871,3.5832
7872,3.5835
7873,3.584
7874,3.5842
7875,3.5847
7876,3.585
7877,3.5853
7878,3.5856
7879,3.5858
7880,3.5861
7881,3.5864
7882,3.5867
7883,3.587
7884,3.5874
7885,3.5877
7886,3.5878
7887,3.5882
7888,3.5885
7889,3.5886
7890,3.5889
7891,3.5893
7892,3.5896
7893,3.5897
7894,3.5901
7895,3.5904
7896,3.5905
7897,3.5909
7898,3.591
7899,3.5913
7900,3.5916
7901,3.5918
7902,3.5921
7903,3.5923
7904,3.5926
7905,3.5928
7906,3.5931
7907,3.5932
7908,3.5936
7909,3.5937
7910,3.594
7911,3.5942
7912,3.5945
7913,3.5947
7914,3.5948
7915,3.5951
7916,3.5953
7917,3.5956
7918,3.5958
7919,3.5959
7920,3.5963
7921,3.5964
7922,3.5966
7923,3.5969
7924,3.597
7925,3.5972
7926,3.5975
7927,3.5977
7928,3.5978
7929,3.5982
7930,3.5983
7931,3.5985
7932,3.5986
7933,3.599
7934,3.5991
7935,3.5993
7936,3.5994
7937,3.5997
7938,3.5999
7939,3.6001
7940,3.6002
7941,3.6004
7942,3.6007
7943,3.6009
7944,3.601
7945,3.6012
7946,3.6013
7947,3.6015
7948,3.6018
7949,3.602
7950,3.6021
7951,3.6023
7952,3.6024
7953,3.6026
7954,3.6028
7955,3.6029
7956,3.6031
7957,3.6034
7958,3.6036
7959,3.6037
7960,3.6039
7961,3.604
7962,3.6042
7963,3.6044
7964,3.6045
7965,3.6047
7966,3.6048
7967,3.605
7968,3.6051
7969,3.6053
7970,3.6055
7971,3.6056
7972,3.6058
7973,3.6061
7974,3.6063
7975,3.6063
7976,3.6064
7977,3.6067
7978,3.6067
7979,3.6069
7980,3.6071
7981,3.6072
7982,3.6074
7983,3.6075
7984,3.6077
7985,3.6078
7986,3.608
7987,3.6082
7988,3.6083
7989,3.6085
7990,3.6086
7991,3.6088
7992,3.609
7993,3.6091
7994,3.6093
7995,3.6094
7996,3.6096
7997,3.6098
7998,3.6099
7999,3.6101
8000,3.6102
8001,3.6104
8002,3.6105
8003,3.6107
8004,3.6107
8005,3.6109
8006,3.611
8007,3.6112
8008,3.6113
8009,3.6115
8010,3.6117
8011,3.6118
8012,3.612
8013,3.6121
8014,3.6123
8015,3.6123
8016,3.6125
8017,3.6126
8018,3.6128
8019,3.6129
8020,3.6131
8021,3.6132
8022,3.6134
8023,3.6136
8024,3.6137
8025,3.6137
8026,3.6139
8027,3.614
8028,3.6142
8029,3.6144
8030,3.6145
8031,3.6147
8032,3.6148
8033,3.6148
8034,3.615
8035,3.6152
8036,3.6153
8037,3.6155
8038,3.6156
8039,3.6158
8040,3.6159
8041,3.6159
8042,3.6161
8043,3.6163
8044,3.6164
8045,3.6166
8046,3.6167
8047,3.6169
8048,3.6169
8049,3.6171
8050,3.6172
8051,3.6174
8052,3.6175
8053,3.6177
8054,3.6179
8055,3.6179
8056,3.618
8057,3.6182
8058,3.6183
8059,3.6185
8060,3.6186
8061,3.6188
8062,3.619
8063,3.619
8064,3.6191
8065,3.6193
8066,3.6194
8067,3.6196
8068,3.6198
8069,3.6198
8070,3.6199
8071,3.6201
8072,3.6202
8073,3.6204
8074,3.6204
8075,3.6206
8076,3.6207
8077,3.6209
8078,3.621
8079,3.6212
8080,3.6213
8081,3.6215
8082,3.6215
8083,3.6217
8084,3.6218
8085,3.622
8086,3.6221
8087,3.6223
8088,3.6223
8089,3.6225
8090,3.6226
8091,3.6228
8092,3.6229
8093,3.6229
8094,3.6231
8095,3.6233
8096,3.6234
8097,3.6236
8098,3.6237
8099,3.6237
8100,3.6239
8101,3.6241
8102,3.6242
8103,3.6244
8104,3.6245
8105,3.6247
8106,3.6247
8107,3.6248
8108,3.625
8109,3.6252
8110,3.6253
8111,3.6253
8112,3.6255
8113,3.6256
8114,3.6258
8115,3.626
8116,3.626
8117,3.6261
8118,3.6263
8119,3.6264
8120,3.6266
8121,3.6268
8122,3.6268
8123,3.6269
8124,3.6271
8125,3.6272
8126,3.6274
8127,3.6275
8128,3.6275
8129,3.6277
8130,3.6279
8131,3.628
8132,3.6282
8133,3.6282
8134,3.6283
8135,3.6285
8136,3.6287
8137,3.6288
8138,3.629
8139,3.629
8140,3.6291
8141,3.6293
8142,3.6295
8143,3.6296
8144,3.6298
8145,3.6298
8146,3.6299
8147,3.6301
8148,3.6302
8149,3.6304
8150,3.6304
8151,3.6306
8152,3.6307
8153,3.6309
8154,3.631
8155,3.6312
8156,3.6312
8157,3.6314
8158,3.6315
8159,3.6317
8160,3.6317
8161,3.6318
8162,3.632
8163,3.6322
8164,3.6323
8165,3.6325
8166,3.6325
8167,3.6326
8168,3.6328
8169,3.6329
8170,3.6331
8171,3.6331
8172,3.6333
8173,3.6334
8174,3.6336
8175,3.6337
8176,3.6337
8177,3.6339
8178,3.6341
8179,3.6342
8180,3.6344
8181,3.6344
8182,3.6345
8183,3.6347
8184,3.6349
8185,3.635
8186,3.6352
8187,3.6352
8188,3.6353
8189,3.6355
8190,3.6356
8191,3.6356
8192,3.6358
8193,3.636
8194,3.6361
8195,3.6363
8196,3.6363
8197,3.6364
8198,3.6366
8199,3.6368
8200,3.6369
8201,3.6369
8202,3.6371
8203,3.6372
8204,3.6374
8205,3.6376
8206,3.6376
8207,3.6377
8208,3.6379
8209,3.638
8210,3.638
8211,3.6382
8212,3.6383
8213,3.6385
8214,3.6387
8215,3.6388
8216,3.6388
8217,3.639
8218,3.6391
8219,3.6393
8220,3.6395
8221,3.6395
8222,3.6396
8223,3.6398
8224,3.6399
8225,3.6399
8226,3.6401
8227,3.6403
8228,3.6404
8229,3.6406
8230,3.6406
8231,3.6407
8232,3.6409
8233,3.641
8234,3.6412
8235,3.6412
8236,3.6414
8237,3.6415
8238,3.6417
8239,3.6417
8240,3.6418
8241,3.642
8242,3.6422
8243,3.6423
8244,3.6423
8245,3.6425
8246,3.6426
8247,3.6428
8248,3.6428
8249,3.643
8250,3.6431
8251,3.6433
8252,3.6433
8253,3.6434
8254,3.6436
8255,3.6437
8256,3.6439
8257,3.6439
8258,3.6441
8259,3.6442
8260,3.6444
8261,3.6445
8262,3.6445
8263,3.6447
8264,3.6449
8265,3.6449
8266,3.645
8267,3.6452
8268,3.6453
8269,3.6455
8270,3.6455
8271,3.6457
8272,3.6458
8273,3.646
8274,3.646
8275,3.6461
8276,3.6463
8277,3.6464
8278,3.6466
8279,3.6466
8280,3.6468
8281,3.6469
8282,3.6471
8283,3.6472
8284,3.6472
8285,3.6474
8286,3.6476
8287,3.6477
8288,3.6477
8289,3.6479
8290,3.648
8291,3.6482
8292,3.6482
8293,3.6484
8294,3.6485
8295,3.6487
8296,3.6487
8297,3.6488
8298,3.649
8299,3.6491
8300,3.6493
8301,3.6493
8302,3.6495
8303,3.6496
8304,3.6496
8305,3.6498
8306,3.6499
8307,3.6501
8308,3.6501
8309,3.6503
8310,3.6504
8311,3.6506
8312,3.6507
8313,3.6507
8314,3.6509
8315,3.6511
8316,3.6512
8317,3.6512
8318,3.6514
8319,3.6515
8320,3.6517
8321,3.6517
8322,3.6518
8323,3.652
8324,3.6522
8325,3.6522
8326,3.6523
8327,3.6525
8328,3.6525
8329,3.6526
8330,3.6528
8331,3.653
8332,3.653
8333,3.6531
8334,3.6533
8335,3.6534
8336,3.6536
8337,3.6536
8338,3.6538
8339,3.6539
8340,3.6541
8341,3.6542
8342,3.6542
8343,3.6544
8344,3.6545
8345,3.6545
8346,3.6547
8347,3.6549
8348,3.655
8349,3.655
8350,3.6552
8351,3.6553
8352,3.6555
8353,3.6555
8354,3.6557
8355,3.6558
8356,3.656
8357,3.656
8358,3.6561
8359,3.6563
8360,3.6565
8361,3.6565
8362,3.6566
8363,3.6568
8364,3.6569
8365,3.6569
8366,3.6571
8367,3.6572
8368,3.6572
8369,3.6574
8370,3.6576
8371,3.6577
8372,3.6577
8373,3.6579
8374,3.658
8375,3.6582
8376,3.6582
8377,3.6584
8378,3.6585
8379,3.6585
8380,3.6587
8381,3.6588
8382,3.659
8383,3.6592
8384,3.6592
8385,3.6593
8386,3.6595
8387,3.6596
8388,3.6596
8389,3.6598
8390,3.6599
8391,3.6599
8392,3.6601
8393,3.6603
8394,3.6604
8395,3.6604
8396,3.6606
8397,3.6607
8398,3.6609
8399,3.6609
8400,3.6611
8401,3.6612
8402,3.6614
8403,3.6614
8404,3.6615
8405,3.6617
8406,3.6619
8407,3.6619
8408,3.662
8409,3.6622
8410,3.6622
8411,3.6623
8412,3.6625
8413,3.6626
8414,3.6626
8415,3.6628
8416,3.663
8417,3.6631
8418,3.6631
8419,3.6633
8420,3.6634
8421,3.6634
8422,3.6636
8423,3.6638
8424,3.6639
8425,3.6639
8426,3.6641
8427,3.6642
8428,3.6644
8429,3.6644
8430,3.6646
8431,3.6647
8432,3.6649
8433,3.6649
8434,3.665
8435,3.6652
8436,3.6652
8437,3.6653
8438,3.6655
8439,3.6657
8440,3.6657
8441,3.6658
8442,3.666
8443,3.666
8444,3.6661
8445,3.6663
8446,3.6665
8447,3.6665
8448,3.6666
8449,3.6668
8450,3.6669
8451,3.6669
8452,3.6671
8453,3.6673
8454,3.6673
8455,3.6674
8456,3.6676
8457,3.6677
8458,3.6677
8459,3.6679
8460,3.6681
8461,3.6682
8462,3.6682
8463,3.6684
8464,3.6685
8465,3.6685
8466,3.6687
8467,3.6688
8468,3.669
8469,3.669
8470,3.6692
8471,3.6693
8472,3.6695
8473,3.6695
8474,3.6696
8475,3.6698
8476,3.6698
8477,3.67
8478,3.6701
8479,3.6703
8480,3.6703
8481,3.6704
8482,3.6706
8483,3.6708
8484,3.6708
8485,3.6709
8486,3.6711
8487,3.6711
8488,3.6712
8489,3.6714
8490,3.6715
8491,3.6715
8492,3.6717
8493,3.6719
8494,3.672
8495,3.672
8496,3.6722
8497,3.6723
8498,3.6725
8499,3.6725
8500,3.6727
8501,3.6728
8502,3.673
8503,3.673
8504,3.6731
8505,3.6733
8506,3.6733
8507,3.6735
8508,3.6736
8509,3.6738
8510,3.6738
8511,3.6739
8512,3.6741
8513,3.6742
8514,3.6742
8515,3.6744
8516,3.6746
8517,3.6746
8518,3.6747
8519,3.6749
8520,3.675
8521,3.675
8522,3.6752
8523,3.6754
8524,3.6755
8525,3.6755
8526,3.6757
8527,3.6758
8528,3.676
8529,3.676
8530,3.6762
8531,3.6763
8532,3.6763
8533,3.6765
8534,3.6766
8535,3.6768
8536,3.6769
8537,3.6769
8538,3.6771
8539,3.6773
8540,3.6774
8541,3.6774
8542,3.6776
8543,3.6777
8544,3.6779
8545,3.6779
8546,3.6781
8547,3.6782
8548,3.6784
8549,3.6784
8550,3.6785
8551,3.6787
8552,3.6787
8553,3.6789
8554,3.679
8555,3.6792
8556,3.6792
8557,3.6793
8558,3.6795
8559,3.6796
8560,3.6796
8561,3.6798
8562,3.68
8563,3.6801
8564,3.6801
8565,3.6803
8566,3.6804
8567,3.6806
8568,3.6806
8569,3.6808
8570,3.6809
8571,3.6811
8572,3.6811
8573,3.6812
8574,3.6814
8575,3.6816
8576,3.6816
8577,3.6817
8578,3.6819
8579,3.682
8580,3.682
8581,3.6822
8582,3.6823
8583,3.6825
8584,3.6827
8585,3.6827
8586,3.6828
8587,3.683
8588,3.6831
8589,3.6831
8590,3.6833
8591,3.6835
8592,3.6836
8593,3.6836
8594,3.6838
8595,3.6839
8596,3.6841
8597,3.6843
8598,3.6843
8599,3.6844
8600,3.6846
8601,3.6847
8602,3.6847
8603,3.6849
8604,3.685
8605,3.6852
8606,3.6854
8607,3.6854
8608,3.6855
8609,3.6857
8610,3.6858
8611,3.6858
8612,3.686
8613,3.6862
8614,3.6863
8615,3.6865
8616,3.6865
8617,3.6866
8618,3.6868
8619,3.687
8620,3.6871
8621,3.6871
8622,3.6873
8623,3.6874
8624,3.6876
8625,3.6877
8626,3.6879
8627,3.6879
8628,3.6881
8629,3.6882
8630,3.6884
8631,3.6885
8632,3.6885
8633,3.6887
8634,3.6889
8635,3.689
8636,3.6892
8637,3.6892
8638,3.6893
8639,3.6895
8640,3.6897
8641,3.6897
8642,3.6898
8643,3.69
8644,3.6901
8645,3.6903
8646,3.6904
8647,3.6904
8648,3.6906
8649,3.6908
8650,3.6909
8651,3.6911
8652,3.6912
8653,3.6912
8654,3.6914
8655,3.6916
8656,3.6917
8657,3.6919
8658,3.692
8659,3.692
8660,3.6922
8661,3.6924
8662,3.6925
8663,3.6927
8664,3.6928
8665,3.6928
8666,3.693
8667,3.6931
8668,3.6933
8669,3.6935
8670,3.6936
8671,3.6938
8672,3.6938
8673,3.6939
8674,3.6941
8675,3.6943
8676,3.6944
8677,3.6944
8678,3.6946
8679,3.6947
8680,3.6949
8681,3.6951
8682,3.6952
8683,3.6954
8684,3.6955
8685,3.6955
8686,3.6957
8687,3.6958
8688,3.696
8689,3.6962
8690,3.6963
8691,3.6965
8692,3.6966
8693,3.6968
8694,3.6968
8695,3.697
8696,3.6971
8697,3.6973
8698,3.6974
8699,3.6976
8700,3.6978
8701,3.6978
8702,3.6979
8703,3.6981
8704,3.6982
8705,3.6984
8706,3.6985
8707,3.6987
8708,3.6989
8709,3.699
8710,3.699
8711,3.6992
8712,3.6993
8713,3.6995
8714,3.6997
8715,3.6998
8716,3.7
8717,3.7001
8718,3.7003
8719,3.7005
8720,3.7006
8721,3.7006
8722,3.7008
8723,3.7009
8724,3.7011
8725,3.7012
8726,3.7014
8727,3.7016
8728,3.7017
8729,3.7019
8730,3.702
8731,3.7022
8732,3.7022
8733,3.7024
8734,3.7025
8735,3.7027
8736,3.7028
8737,3.703
8738,3.7032
8739,3.7033
8740,3.7035
8741,3.7036
8742,3.7038
8743,3.7039
8744,3.7041
8745,3.7041
8746,3.7043
8747,3.7044
8748,3.7046
8749,3.7047
8750,3.7049
8751,3.7051
8752,3.7052
8753,3.7054
8754,3.7055
8755,3.7057
8756,3.7059
8757,3.706
8758,3.7062
8759,3.7063
8760,3.7065
8761,3.7066
8762,3.7068
8763,3.707
8764,3.707
8765,3.7071
8766,3.7073
8767,3.7074
8768,3.7076
8769,3.7078
8770,3.7079
8771,3.7081
8772,3.7082
8773,3.7084
8774,3.7086
8775,3.7087
8776,3.7089
8777,3.709
8778,3.7092
8779,3.7094
8780,3.7095
8781,3.7097
8782,3.7098
8783,3.7098
8784,3.71
8785,3.7101
8786,3.7103
8787,3.7105
8788,3.71
8789,3.71
8790,3.71
8791,3.71
8792,3.71
8793,3.71
8794,3.71
8795,3.71
8796,3.71
8797,3.71
8798,3.71
8799,3.71
8800,3.71
8801,3.71
8802,3.71
8803,3.71
8804,3.71
8805,3.71
8806,3.71
8807,3.71
8808,3.71
8809,3.71
8810,3.71
8811,3.71
8812,3.71
8813,3.71
8814,3.71
8815,3.71
8816,3.71
8817,3.71
8818,3.71
8819,3.71
8820,3.7081
8821,3.7073
8822,3.7069
8823,3.7068
8824,3.7066
8825,3.7065
8826,3.7063
8827,3.7062
8828,3.7062
8829,3.706
8830,3.7058
8831,3.7058
8832,3.7058
8833,3.7057
8834,3.7057
8835,3.7057
8836,3.7057
8837,3.7055
8838,3.7055
8839,3.7055
8840,3.7055
8841,3.7054
8842,3.7054
8843,3.7054
8844,3.7054
8845,3.7052
8846,3.7052
8847,3.7052
8848,3.7052
8849,3.7052
8850,3.7052
8851,3.7052
8852,3.705
8853,3.705
8854,3.705
8855,3.705
8856,3.705
8857,3.705
8858,3.705
8859,3.705
8860,3.705
8861,3.705
8862,3.7049
8863,3.7049
8864,3.7049
8865,3.7049
8866,3.7049
8867,3.7049
8868,3.7049
8869,3.7049
8870,3.7049
8871,3.7049
8872,3.7049
8873,3.7049
8874,3.7049
8875,3.7049
8876,3.7049
8877,3.7049
8878,3.7049
8879,3.7049
8880,3.7049
8881,3.7049
8882,3.7047
8883,3.7047
8884,3.7047
8885,3.7047
8886,3.7047
8887,3.7047
8888,3.7047
8889,3.7047
8890,3.7047
8891,3.7047
8892,3.7047
8893,3.7047
8894,3.7047
8895,3.7047
8896,3.7047
8897,3.7047
8898,3.7047
8899,3.7047
8900,3.7047
8901,3.7047
8902,3.7047
8903,3.7047
8904,3.7047
8905,3.7047
8906,3.7047
8907,3.7047
8908,3.7047
8909,3.7047
8910,3.7047
8911,3.7047
8912,3.7047
8913,3.7047
8914,3.7047
8915,3.7047
8916,3.7047
8917,3.7047
8918,3.7047
8919,3.7047
8920,3.7047
8921,3.7047
8922,3.7047
8923,3.7047
8924,3.7047
8925,3.7047
8926,3.7047
8927,3.7047
8928,3.7047
8929,3.7047
8930,3.7047
8931,3.7047
8932,3.7047
8933,3.7047
8934,3.7046
8935,3.7047
8936,3.7046
8937,3.7046
8938,3.7047
8939,3.7046
8940,3.7046
8941,3.7046
8942,3.7046
8943,3.7046
8944,3.7046
8945,3.7046
8946,3.7046
8947,3.7046
8948,3.7046
8949,3.7046
8950,3.7046
8951,3.7046
8952,3.7046
8953,3.7046
8954,3.7046
8955,3.7046
8956,3.7046
8957,3.7046
8958,3.7046
8959,3.7046
8960,3.7046
8961,3.7046
8962,3.7046
8963,3.7046
8964,3.7046
8965,3.7046
8966,3.7046
8967,3.7046
8968,3.7046
8969,3.7046
8970,3.7046
8971,3.7046
8972,3.7046
8973,3.7046
8974,3.7046
8975,3.7046
8976,3.7046
8977,3.7046
8978,3.7046
8979,3.7046
8980,3.7046
8981,3.7046
8982,3.7046
8983,3.7046
8984,3.7046
8985,3.7046
8986,3.7046
8987,3.7046
8988,3.7046
8989,3.7046
8990,3.7046
8991,3.7046
8992,3.7046
8993,3.7046
8994,3.7044
8995,3.7044
8996,3.7046
8997,3.7046
8998,3.7046
8999,3.7046
9000,3.7046
