,voltage
0,3.4139
1,3.4139
2,3.4139
3,3.4139
4,3.4139
5,3.4139
6,3.4139
7,3.4139
8,3.4139
9,3.4139
10,3.4139
11,3.4139
12,3.4139
13,3.4139
14,3.4139
15,3.4139
16,3.4139
17,3.4139
18,3.4139
19,3.4139
20,3.4139
21,3.4139
22,3.4139
23,3.4139
24,3.4139
25,3.4139
26,3.4139
27,3.4139
28,3.4139
29,3.4139
30,3.4139
31,3.4139
32,3.4139
33,3.4139
34,3.4139
35,3.4139
36,3.4139
37,3.4139
38,3.4139
39,3.4139
40,3.4139
41,3.4139
42,3.4139
43,3.4139
44,3.4139
45,3.4139
46,3.4139
47,3.4139
48,3.4139
49,3.4139
50,3.4139
51,3.4139
52,3.4139
53,3.4139
54,3.4139
55,3.4139
56,3.4139
57,3.4139
58,3.4139
59,3.4139
60,3.4139
61,3.5035
62,3.6066
63,3.6473
64,3.6481
65,3.6474
66,3.6465
67,3.6455
68,3.6447
69,3.644
70,3.6433
71,3.6428
72,3.6424
73,3.6419
74,3.6416
75,3.6413
76,3.6409
77,3.6408
78,3.6405
79,3.6403
80,3.6401
81,3.64
82,3.64
83,3.6398
84,3.6398
85,3.6398
86,3.6397
87,3.6397
88,3.6397
89,3.6397
90,3.6397
91,3.6397
92,3.6397
93,3.6397
94,3.6398
95,3.6398
96,3.6398
97,3.64
98,3.64
99,3.6401
100,3.6401
101,3.6403
102,3.6403
103,3.6405
104,3.6406
105,3.6406
106,3.6408
107,3.6408
108,3.6409
109,3.6411
110,3.6411
111,3.6413
112,3.6414
113,3.6416
114,3.6417
115,3.6417
116,3.6419
117,3.642
118,3.6422
119,3.6424
120,3.6425
121,3.6425
122,3.6427
123,3.6428
124,3.643
125,3.6432
126,3.6433
127,3.6435
128,3.6435
129,3.6436
130,3.6438
131,3.644
132,3.6441
133,3.6443
134,3.6444
135,3.6446
136,3.6447
137,3.6449
138,3.6451
139,3.6451
140,3.6452
141,3.6454
142,3.6455
143,3.6457
144,3.6459
145,3.646
146,3.6462
147,3.6463
148,3.6465
149,3.6465
150,3.6467
151,3.6468
152,3.647
153,3.6471
154,3.6473
155,3.6474
156,3.6474
157,3.6476
158,3.6478
159,3.6479
160,3.6481
161,3.6482
162,3.6484
163,3.6486
164,3.6486
165,3.6487
166,3.6489
167,3.649
168,3.6492
169,3.6492
170,3.6494
171,3.6495
172,3.6497
173,3.6498
174,3.65
175,3.65
176,3.6501
177,3.6503
178,3.6505
179,3.6505
180,3.6506
181,3.6508
182,3.6509
183,3.6511
184,3.6511
185,3.6513
186,3.6514
187,3.6516
188,3.6516
189,3.6517
190,3.6519
191,3.6521
192,3.6521
193,3.6522
194,3.6524
195,3.6524
196,3.6525
197,3.6527
198,3.6527
199,3.6528
200,3.653
201,3.6532
202,3.6532
203,3.6533
204,3.6533
205,3.6535
206,3.6536
207,3.6538
208,3.6538
209,3.654
210,3.6541
211,3.6541
212,3.6543
213,3.6544
214,3.6544
215,3.6546
216,3.6546
217,3.6548
218,3.6549
219,3.6549
220,3.6551
221,3.6552
222,3.6552
223,3.6554
224,3.6554
225,3.6555
226,3.6557
227,3.6557
228,3.6559
229,3.6559
230,3.656
231,3.6562
232,3.6562
233,3.6563
234,3.6563
235,3.6565
236,3.6567
237,3.6567
238,3.6568
239,3.6568
240,3.657
241,3.657
242,3.6571
243,3.6573
244,3.6573
245,3.6575
246,3.6575
247,3.6576
248,3.6576
249,3.6578
250,3.6578
251,3.6579
252,3.6581
253,3.6581
254,3.6582
255,3.6582
256,3.6584
257,3.6584
258,3.6586
259,3.6586
260,3.6587
261,3.6587
262,3.6589
263,3.6589
264,3.659
265,3.659
266,3.6592
267,3.6592
268,3.6594
269,3.6594
270,3.6595
271,3.6597
272,3.6597
273,3.6597
274,3.6598
275,3.6598
276,3.66
277,3.66
278,3.6602
279,3.6602
280,3.6603
281,3.6603
282,3.6605
283,3.6605
284,3.6606
285,3.6606
286,3.6608
287,3.6608
288,3.6609
289,3.6609
290,3.6611
291,3.6611
292,3.6613
293,3.6613
294,3.6614
295,3.6614
296,3.6614
297,3.6616
298,3.6617
299,3.6617
300,3.6617
301,3.6619
302,3.6619
303,3.6621
304,3.6621
305,3.6622
306,3.6622
307,3.6622
308,3.6624
309,3.6625
310,3.6625
311,3.6627
312,3.6627
313,3.6627
314,3.6629
315,3.6629
316,3.663
317,3.663
318,3.6632
319,3.6632
320,3.6632
321,3.6633
322,3.6633
323,3.6635
324,3.6635
325,3.6637
326,3.6637
327,3.6638
328,3.6638
329,3.6638
330,3.664
331,3.664
332,3.6641
333,3.6641
334,3.6643
335,3.6643
336,3.6643
337,3.6644
338,3.6644
339,3.6646
340,3.6646
341,3.6648
342,3.6648
343,3.6648
344,3.6649
345,3.6649
346,3.6651
347,3.6651
348,3.6652
349,3.6652
350,3.6652
351,3.6654
352,3.6654
353,3.6656
354,3.6656
355,3.6657
356,3.6657
357,3.6657
358,3.6659
359,3.6659
360,3.666
361,3.666
362,3.666
363,3.6662
364,3.6662
365,3.6664
366,3.6664
367,3.6665
368,3.6665
369,3.6665
370,3.6667
371,3.6667
372,3.6668
373,3.6668
374,3.6668
375,3.667
376,3.667
377,3.6671
378,3.6671
379,3.6671
380,3.6673
381,3.6673
382,3.6675
383,3.6675
384,3.6675
385,3.6676
386,3.6676
387,3.6678
388,3.6678
389,3.6679
390,3.6679
391,3.6679
392,3.6681
393,3.6681
394,3.6683
395,3.6683
396,3.6683
397,3.6684
398,3.6684
399,3.6686
400,3.6686
401,3.6686
402,3.6687
403,3.6687
404,3.6689
405,3.6689
406,3.6689
407,3.6691
408,3.6691
409,3.6692
410,3.6692
411,3.6692
412,3.6694
413,3.6694
414,3.6694
415,3.6695
416,3.6695
417,3.6697
418,3.6697
419,3.6697
420,3.6698
421,3.6698
422,3.67
423,3.67
424,3.67
425,3.6702
426,3.6702
427,3.6703
428,3.6703
429,3.6703
430,3.6705
431,3.6705
432,3.6706
433,3.6706
434,3.6706
435,3.6708
436,3.6708
437,3.671
438,3.671
439,3.671
440,3.6711
441,3.6711
442,3.6711
443,3.6713
444,3.6713
445,3.6714
446,3.6714
447,3.6714
448,3.6716
449,3.6716
450,3.6718
451,3.6718
452,3.6718
453,3.6719
454,3.6719
455,3.6721
456,3.6721
457,3.6721
458,3.6722
459,3.6722
460,3.6722
461,3.6724
462,3.6724
463,3.6725
464,3.6725
465,3.6725
466,3.6727
467,3.6727
468,3.6727
469,3.6729
470,3.6729
471,3.673
472,3.673
473,3.673
474,3.6732
475,3.6732
476,3.6732
477,3.6733
478,3.6733
479,3.6735
480,3.6735
481,3.6735
482,3.6737
483,3.6737
484,3.6738
485,3.6738
486,3.6738
487,3.674
488,3.674
489,3.674
490,3.6741
491,3.6741
492,3.6743
493,3.6743
494,3.6743
495,3.6745
496,3.6745
497,3.6745
498,3.6746
499,3.6746
500,3.6748
501,3.6748
502,3.6748
503,3.6749
504,3.6749
505,3.6749
506,3.6751
507,3.6751
508,3.6752
509,3.6752
510,3.6754
511,3.6754
512,3.6754
513,3.6756
514,3.6756
515,3.6756
516,3.6757
517,3.6757
518,3.6759
519,3.6759
520,3.6759
521,3.676
522,3.676
523,3.676
524,3.6762
525,3.6762
526,3.6764
527,3.6764
528,3.6764
529,3.6765
530,3.6765
531,3.6767
532,3.6767
533,3.6767
534,3.6768
535,3.6768
536,3.677
537,3.677
538,3.677
539,3.6772
540,3.6772
541,3.6772
542,3.6773
543,3.6773
544,3.6775
545,3.6775
546,3.6775
547,3.6776
548,3.6776
549,3.6776
550,3.6778
551,3.6778
552,3.6779
553,3.6779
554,3.6779
555,3.6781
556,3.6781
557,3.6781
558,3.6783
559,3.6783
560,3.6784
561,3.6784
562,3.6784
563,3.6786
564,3.6786
565,3.6786
566,3.6787
567,3.6787
568,3.6787
569,3.6789
570,3.6789
571,3.6791
572,3.6791
573,3.6792
574,3.6792
575,3.6792
576,3.6794
577,3.6794
578,3.6794
579,3.6795
580,3.6795
581,3.6797
582,3.6797
583,3.6797
584,3.6799
585,3.6799
586,3.6799
587,3.68
588,3.68
589,3.68
590,3.6802
591,3.6802
592,3.6803
593,3.6803
594,3.6803
595,3.6805
596,3.6805
597,3.6806
598,3.6806
599,3.6806
600,3.6808
601,3.6808
602,3.681
603,3.681
604,3.681
605,3.6811
606,3.6811
607,3.6811
608,3.6813
609,3.6813
610,3.6814
611,3.6814
612,3.6814
613,3.6816
614,3.6816
615,3.6816
616,3.6818
617,3.6818
618,3.6819
619,3.6819
620,3.6819
621,3.6821
622,3.6821
623,3.6822
624,3.6822
625,3.6822
626,3.6824
627,3.6824
628,3.6824
629,3.6826
630,3.6826
631,3.6827
632,3.6827
633,3.6827
634,3.6829
635,3.6829
636,3.6829
637,3.683
638,3.683
639,3.6832
640,3.6832
641,3.6833
642,3.6833
643,3.6833
644,3.6835
645,3.6835
646,3.6835
647,3.6837
648,3.6837
649,3.6838
650,3.6838
651,3.6838
652,3.684
653,3.684
654,3.6841
655,3.6841
656,3.6841
657,3.6843
658,3.6843
659,3.6843
660,3.6845
661,3.6845
662,3.6846
663,3.6846
664,3.6846
665,3.6848
666,3.6848
667,3.6848
668,3.6849
669,3.6849
670,3.6851
671,3.6851
672,3.6851
673,3.6853
674,3.6853
675,3.6854
676,3.6854
677,3.6854
678,3.6856
679,3.6856
680,3.6857
681,3.6857
682,3.6857
683,3.6859
684,3.6859
685,3.686
686,3.686
687,3.686
688,3.6862
689,3.6862
690,3.6864
691,3.6864
692,3.6864
693,3.6865
694,3.6865
695,3.6865
696,3.6867
697,3.6867
698,3.6868
699,3.6868
700,3.6868
701,3.687
702,3.687
703,3.6872
704,3.6872
705,3.6872
706,3.6873
707,3.6873
708,3.6875
709,3.6875
710,3.6875
711,3.6876
712,3.6876
713,3.6878
714,3.6878
715,3.6878
716,3.688
717,3.688
718,3.6881
719,3.6881
720,3.6881
721,3.6883
722,3.6883
723,3.6884
724,3.6884
725,3.6884
726,3.6886
727,3.6886
728,3.6886
729,3.6888
730,3.6888
731,3.6889
732,3.6889
733,3.6891
734,3.6891
735,3.6891
736,3.6892
737,3.6892
738,3.6894
739,3.6894
740,3.6894
741,3.6895
742,3.6895
743,3.6897
744,3.6897
745,3.6897
746,3.6899
747,3.6899
748,3.69
749,3.69
750,3.6902
751,3.6902
752,3.6902
753,3.6903
754,3.6903
755,3.6903
756,3.6905
757,3.6905
758,3.6907
759,3.6907
760,3.6908
761,3.6908
762,3.6908
763,3.691
764,3.691
765,3.6911
766,3.6911
767,3.6911
768,3.6913
769,3.6913
770,3.6915
771,3.6915
772,3.6916
773,3.6916
774,3.6916
775,3.6918
776,3.6918
777,3.6918
778,3.6919
779,3.6919
780,3.6921
781,3.6921
782,3.6921
783,3.6922
784,3.6922
785,3.6924
786,3.6924
787,3.6924
788,3.6926
789,3.6926
790,3.6927
791,3.6927
792,3.6929
793,3.6929
794,3.693
795,3.693
796,3.693
797,3.6932
798,3.6932
799,3.6934
800,3.6934
801,3.6935
802,3.6935
803,3.6935
804,3.6937
805,3.6937
806,3.6937
807,3.6938
808,3.6938
809,3.694
810,3.694
811,3.6942
812,3.6942
813,3.6942
814,3.6943
815,3.6943
816,3.6945
817,3.6945
818,3.6946
819,3.6946
820,3.6946
821,3.6948
822,3.6948
823,3.6949
824,3.6949
825,3.6951
826,3.6951
827,3.6951
828,3.6953
829,3.6953
830,3.6954
831,3.6954
832,3.6954
833,3.6956
834,3.6956
835,3.6957
836,3.6957
837,3.6959
838,3.6959
839,3.6959
840,3.6961
841,3.6961
842,3.6962
843,3.6962
844,3.6962
845,3.6964
846,3.6965
847,3.6965
848,3.6965
849,3.6967
850,3.6967
851,3.6967
852,3.6969
853,3.697
854,3.697
855,3.697
856,3.6972
857,3.6972
858,3.6973
859,3.6973
860,3.6973
861,3.6975
862,3.6975
863,3.6976
864,3.6976
865,3.6978
866,3.6978
867,3.698
868,3.698
869,3.698
870,3.6981
871,3.6981
872,3.6983
873,3.6983
874,3.6984
875,3.6984
876,3.6986
877,3.6986
878,3.6988
879,3.6988
880,3.6988
881,3.6989
882,3.6989
883,3.6991
884,3.6991
885,3.6992
886,3.6992
887,3.6992
888,3.6994
889,3.6994
890,3.6996
891,3.6996
892,3.6997
893,3.6997
894,3.6997
895,3.6999
896,3.6999
897,3.7
898,3.7
899,3.7002
900,3.7002
901,3.7003
902,3.7003
903,3.7003
904,3.7005
905,3.7005
906,3.7007
907,3.7007
908,3.7008
909,3.7008
910,3.7008
911,3.701
912,3.701
913,3.7011
914,3.7011
915,3.7013
916,3.7013
917,3.7015
918,3.7015
919,3.7016
920,3.7016
921,3.7018
922,3.7018
923,3.7018
924,3.7019
925,3.7019
926,3.7021
927,3.7021
928,3.7023
929,3.7023
930,3.7024
931,3.7024
932,3.7024
933,3.7026
934,3.7026
935,3.7027
936,3.7027
937,3.7029
938,3.7029
939,3.703
940,3.703
941,3.7032
942,3.7032
943,3.7032
944,3.7034
945,3.7034
946,3.7035
947,3.7035
948,3.7037
949,3.7037
950,3.7038
951,3.7038
952,3.704
953,3.704
954,3.7042
955,3.7042
956,3.7042
957,3.7043
958,3.7043
959,3.7045
960,3.7045
961,3.7046
962,3.7046
963,3.7048
964,3.7048
965,3.7048
966,3.705
967,3.705
968,3.7051
969,3.7051
970,3.7053
971,3.7053
972,3.7053
973,3.7054
974,3.7056
975,3.7056
976,3.7056
977,3.7057
978,3.7057
979,3.7059
980,3.7059
981,3.7061
982,3.7061
983,3.7062
984,3.7062
985,3.7064
986,3.7064
987,3.7064
988,3.7065
989,3.7065
990,3.7067
991,3.7067
992,3.7069
993,3.7069
994,3.707
995,3.707
996,3.7072
997,3.7072
998,3.7073
999,3.7073
1000,3.7073
1001,3.7075
1002,3.7075
1003,3.7077
1004,3.7077
1005,3.7078
1006,3.7078
1007,3.708
1008,3.708
1009,3.7081
1010,3.7081
1011,3.7083
1012,3.7083
1013,3.7084
1014,3.7084
1015,3.7084
1016,3.7086
1017,3.7086
1018,3.7088
1019,3.7088
1020,3.7089
1021,3.7089
1022,3.7091
1023,3.7091
1024,3.7092
1025,3.7092
1026,3.7094
1027,3.7094
1028,3.7094
1029,3.7096
1030,3.7096
1031,3.7097
1032,3.7097
1033,3.7099
1034,3.7099
1035,3.71
1036,3.71
1037,3.7102
1038,3.7102
1039,3.7104
1040,3.7104
1041,3.7104
1042,3.7105
1043,3.7105
1044,3.7107
1045,3.7107
1046,3.7108
1047,3.7108
1048,3.711
1049,3.711
1050,3.7111
1051,3.7111
1052,3.7113
1053,3.7113
1054,3.7115
1055,3.7115
1056,3.7116
1057,3.7116
1058,3.7116
1059,3.7118
1060,3.7118
1061,3.7119
1062,3.7119
1063,3.7121
1064,3.7121
1065,3.7123
1066,3.7123
1067,3.7124
1068,3.7124
1069,3.7126
1070,3.7126
1071,3.7127
1072,3.7127
1073,3.7127
1074,3.7129
1075,3.7129
1076,3.7131
1077,3.7131
1078,3.7132
1079,3.7132
1080,3.7134
1081,3.7134
1082,3.7135
1083,3.7135
1084,3.7137
1085,3.7137
1086,3.7138
1087,3.7138
1088,3.714
1089,3.714
1090,3.714
1091,3.7142
1092,3.7142
1093,3.7143
1094,3.7143
1095,3.7145
1096,3.7145
1097,3.7146
1098,3.7146
1099,3.7148
1100,3.7148
1101,3.715
1102,3.715
1103,3.7151
1104,3.7151
1105,3.7153
1106,3.7153
1107,3.7154
1108,3.7154
1109,3.7156
1110,3.7156
1111,3.7158
1112,3.7158
1113,3.7158
1114,3.7159
1115,3.7159
1116,3.7161
1117,3.7161
1118,3.7162
1119,3.7162
1120,3.7164
1121,3.7164
1122,3.7166
1123,3.7166
1124,3.7167
1125,3.7167
1126,3.7169
1127,3.7169
1128,3.717
1129,3.717
1130,3.717
1131,3.7172
1132,3.7172
1133,3.7173
1134,3.7173
1135,3.7175
1136,3.7175
1137,3.7177
1138,3.7177
1139,3.7178
1140,3.7178
1141,3.718
1142,3.718
1143,3.7181
1144,3.7181
1145,3.7183
1146,3.7183
1147,3.7185
1148,3.7185
1149,3.7186
1150,3.7186
1151,3.7188
1152,3.7188
1153,3.7189
1154,3.7189
1155,3.7191
1156,3.7191
1157,3.7193
1158,3.7193
1159,3.7193
1160,3.7194
1161,3.7194
1162,3.7196
1163,3.7196
1164,3.7197
1165,3.7197
1166,3.7199
1167,3.7199
1168,3.72
1169,3.72
1170,3.7202
1171,3.7202
1172,3.7204
1173,3.7204
1174,3.7205
1175,3.7205
1176,3.7207
1177,3.7207
1178,3.7208
1179,3.7208
1180,3.721
1181,3.721
1182,3.7212
1183,3.7212
1184,3.7213
1185,3.7213
1186,3.7213
1187,3.7215
1188,3.7215
1189,3.7216
1190,3.7216
1191,3.7218
1192,3.7218
1193,3.722
1194,3.722
1195,3.7221
1196,3.7221
1197,3.7223
1198,3.7223
1199,3.7224
1200,3.7224
1201,3.7226
1202,3.7226
1203,3.7227
1204,3.7227
1205,3.7229
1206,3.7229
1207,3.7231
1208,3.7231
1209,3.7232
1210,3.7232
1211,3.7234
1212,3.7234
1213,3.7235
1214,3.7235
1215,3.7237
1216,3.7237
1217,3.7239
1218,3.7239
1219,3.724
1220,3.724
1221,3.7242
1222,3.7242
1223,3.7243
1224,3.7243
1225,3.7245
1226,3.7245
1227,3.7247
1228,3.7247
1229,3.7247
1230,3.7248
1231,3.725
1232,3.725
1233,3.7251
1234,3.7251
1235,3.7251
1236,3.7253
1237,3.7254
1238,3.7254
1239,3.7256
1240,3.7256
1241,3.7258
1242,3.7258
1243,3.7259
1244,3.7259
1245,3.7261
1246,3.7261
1247,3.7262
1248,3.7262
1249,3.7264
1250,3.7264
1251,3.7266
1252,3.7266
1253,3.7267
1254,3.7267
1255,3.7269
1256,3.7269
1257,3.727
1258,3.727
1259,3.7272
1260,3.7272
1261,3.7274
1262,3.7274
1263,3.7275
1264,3.7275
1265,3.7277
1266,3.7277
1267,3.7278
1268,3.7278
1269,3.728
1270,3.728
1271,3.7281
1272,3.7281
1273,3.7283
1274,3.7283
1275,3.7285
1276,3.7285
1277,3.7286
1278,3.7286
1279,3.7288
1280,3.7288
1281,3.7289
1282,3.7289
1283,3.7291
1284,3.7291
1285,3.7293
1286,3.7293
1287,3.7294
1288,3.7294
1289,3.7296
1290,3.7296
1291,3.7297
1292,3.7299
1293,3.7299
1294,3.7301
1295,3.7301
1296,3.7302
1297,3.7302
1298,3.7304
1299,3.7304
1300,3.7304
1301,3.7305
1302,3.7307
1303,3.7307
1304,3.7308
1305,3.7308
1306,3.731
1307,3.731
1308,3.7312
1309,3.7312
1310,3.7313
1311,3.7313
1312,3.7315
1313,3.7315
1314,3.7316
1315,3.7316
1316,3.7318
1317,3.7318
1318,3.732
1319,3.732
1320,3.7321
1321,3.7323
1322,3.7323
1323,3.7324
1324,3.7324
1325,3.7326
1326,3.7326
1327,3.7328
1328,3.7328
1329,3.7329
1330,3.7329
1331,3.7331
1332,3.7331
1333,3.7332
1334,3.7334
1335,3.7334
1336,3.7335
1337,3.7335
1338,3.7337
1339,3.7337
1340,3.7339
1341,3.7339
1342,3.734
1343,3.734
1344,3.7342
1345,3.7342
1346,3.7343
1347,3.7343
1348,3.7345
1349,3.7347
1350,3.7347
1351,3.7348
1352,3.7348
1353,3.735
1354,3.735
1355,3.7351
1356,3.7351
1357,3.7353
1358,3.7353
1359,3.7355
1360,3.7356
1361,3.7356
1362,3.7356
1363,3.7358
1364,3.7359
1365,3.7359
1366,3.7361
1367,3.7361
1368,3.7362
1369,3.7362
1370,3.7364
1371,3.7366
1372,3.7366
1373,3.7367
1374,3.7367
1375,3.7369
1376,3.7369
1377,3.737
1378,3.737
1379,3.7372
1380,3.7374
1381,3.7374
1382,3.7375
1383,3.7375
1384,3.7377
1385,3.7377
1386,3.7378
1387,3.738
1388,3.738
1389,3.7382
1390,3.7382
1391,3.7383
1392,3.7383
1393,3.7385
1394,3.7385
1395,3.7386
1396,3.7386
1397,3.7388
1398,3.7389
1399,3.7389
1400,3.7391
1401,3.7391
1402,3.7393
1403,3.7393
1404,3.7394
1405,3.7396
1406,3.7396
1407,3.7397
1408,3.7397
1409,3.7399
1410,3.7401
1411,3.7401
1412,3.7402
1413,3.7402
1414,3.7404
1415,3.7405
1416,3.7405
1417,3.7407
1418,3.7407
1419,3.7409
1420,3.7409
1421,3.741
1422,3.7412
1423,3.7412
1424,3.7413
1425,3.7413
1426,3.7415
1427,3.7415
1428,3.7417
1429,3.7418
1430,3.7418
1431,3.742
1432,3.7421
1433,3.7421
1434,3.7423
1435,3.7423
1436,3.7424
1437,3.7424
1438,3.7426
1439,3.7428
1440,3.7428
1441,3.7429
1442,3.7429
1443,3.7431
1444,3.7432
1445,3.7432
1446,3.7434
1447,3.7434
1448,3.7436
1449,3.7437
1450,3.7437
1451,3.7439
1452,3.7439
1453,3.744
1454,3.7442
1455,3.7442
1456,3.7444
1457,3.7444
1458,3.7445
1459,3.7447
1460,3.7447
1461,3.7448
1462,3.745
1463,3.745
1464,3.7451
1465,3.7451
1466,3.7453
1467,3.7455
1468,3.7455
1469,3.7456
1470,3.7458
1471,3.7458
1472,3.7459
1473,3.7461
1474,3.7461
1475,3.7463
1476,3.7463
1477,3.7464
1478,3.7466
1479,3.7466
1480,3.7467
1481,3.7467
1482,3.7469
1483,3.7471
1484,3.7471
1485,3.7472
1486,3.7474
1487,3.7474
1488,3.7475
1489,3.7477
1490,3.7477
1491,3.7478
1492,3.748
1493,3.748
1494,3.7482
1495,3.7482
1496,3.7483
1497,3.7485
1498,3.7485
1499,3.7486
1500,3.7488
1501,3.7488
1502,3.749
1503,3.7491
1504,3.7491
1505,3.7493
1506,3.7494
1507,3.7494
1508,3.7496
1509,3.7496
1510,3.7498
1511,3.7499
1512,3.7499
1513,3.7501
1514,3.7502
1515,3.7502
1516,3.7504
1517,3.7505
1518,3.7505
1519,3.7507
1520,3.7509
1521,3.7509
1522,3.751
1523,3.7512
1524,3.7512
1525,3.7513
1526,3.7515
1527,3.7515
1528,3.7517
1529,3.7518
1530,3.7518
1531,3.752
1532,3.7521
1533,3.7521
1534,3.7523
1535,3.7525
1536,3.7525
1537,3.7526
1538,3.7528
1539,3.7528
1540,3.7529
1541,3.7531
1542,3.7532
1543,3.7532
1544,3.7534
1545,3.7534
1546,3.7536
1547,3.7537
1548,3.7539
1549,3.7539
1550,3.754
1551,3.7542
1552,3.7542
1553,3.7544
1554,3.7545
1555,3.7545
1556,3.7547
1557,3.7548
1558,3.755
1559,3.755
1560,3.7552
1561,3.7553
1562,3.7553
1563,3.7555
1564,3.7556
1565,3.7558
1566,3.7558
1567,3.7559
1568,3.7561
1569,3.7561
1570,3.7563
1571,3.7564
1572,3.7566
1573,3.7566
1574,3.7567
1575,3.7569
1576,3.7569
1577,3.7571
1578,3.7572
1579,3.7574
1580,3.7574
1581,3.7575
1582,3.7577
1583,3.7577
1584,3.7579
1585,3.758
1586,3.7582
1587,3.7582
1588,3.7583
1589,3.7585
1590,3.7586
1591,3.7586
1592,3.7588
1593,3.759
1594,3.759
1595,3.7591
1596,3.7593
1597,3.7594
1598,3.7594
1599,3.7596
1600,3.7598
1601,3.7599
1602,3.7599
1603,3.7601
1604,3.7602
1605,3.7604
1606,3.7604
1607,3.7606
1608,3.7607
1609,3.7609
1610,3.7609
1611,3.761
1612,3.7612
1613,3.7613
1614,3.7615
1615,3.7615
1616,3.7617
1617,3.7618
1618,3.762
1619,3.762
1620,3.7621
1621,3.7623
1622,3.7625
1623,3.7625
1624,3.7626
1625,3.7628
1626,3.7629
1627,3.7631
1628,3.7631
1629,3.7633
1630,3.7634
1631,3.7636
1632,3.7636
1633,3.7637
1634,3.7639
1635,3.764
1636,3.764
1637,3.7642
1638,3.7644
1639,3.7645
1640,3.7647
1641,3.7648
1642,3.7648
1643,3.765
1644,3.7652
1645,3.7653
1646,3.7653
1647,3.7655
1648,3.7656
1649,3.7658
1650,3.766
1651,3.766
1652,3.7661
1653,3.7663
1654,3.7664
1655,3.7664
1656,3.7666
1657,3.7668
1658,3.7669
1659,3.7671
1660,3.7671
1661,3.7672
1662,3.7674
1663,3.7675
1664,3.7677
1665,3.7679
1666,3.7679
1667,3.768
1668,3.7682
1669,3.7683
1670,3.7685
1671,3.7685
1672,3.7687
1673,3.7688
1674,3.769
1675,3.7691
1676,3.7691
1677,3.7693
1678,3.7695
1679,3.7696
1680,3.7698
1681,3.7699
1682,3.7699
1683,3.7701
1684,3.7702
1685,3.7704
1686,3.7706
1687,3.7706
1688,3.7707
1689,3.7709
1690,3.771
1691,3.7712
1692,3.7714
1693,3.7715
1694,3.7715
1695,3.7717
1696,3.7718
1697,3.772
1698,3.7722
1699,3.7723
1700,3.7725
1701,3.7725
1702,3.7726
1703,3.7728
1704,3.7729
1705,3.7731
1706,3.7733
1707,3.7733
1708,3.7734
1709,3.7736
1710,3.7737
1711,3.7739
1712,3.7741
1713,3.7741
1714,3.7742
1715,3.7744
1716,3.7745
1717,3.7747
1718,3.7749
1719,3.775
1720,3.775
1721,3.7752
1722,3.7753
1723,3.7755
1724,3.7756
1725,3.7758
1726,3.776
1727,3.7761
1728,3.7761
1729,3.7763
1730,3.7764
1731,3.7766
1732,3.7768
1733,3.7769
1734,3.7771
1735,3.7772
1736,3.7772
1737,3.7774
1738,3.7776
1739,3.7777
1740,3.7779
1741,3.778
1742,3.7782
1743,3.7783
1744,3.7783
1745,3.7785
1746,3.7787
1747,3.7788
1748,3.779
1749,3.7791
1750,3.7793
1751,3.7795
1752,3.7796
1753,3.7796
1754,3.7798
1755,3.7799
1756,3.7801
1757,3.7803
1758,3.7804
1759,3.7806
1760,3.7807
1761,3.7809
1762,3.781
1763,3.781
1764,3.7812
1765,3.7814
1766,3.7815
1767,3.7817
1768,3.7818
1769,3.782
1770,3.7822
1771,3.7823
1772,3.7825
1773,3.7826
1774,3.7828
1775,3.7828
1776,3.783
1777,3.7831
1778,3.7833
1779,3.7834
1780,3.7836
1781,3.7837
1782,3.7839
1783,3.7841
1784,3.7842
1785,3.7844
1786,3.7845
1787,3.7847
1788,3.7847
1789,3.7849
1790,3.785
1791,3.7852
1792,3.7853
1793,3.7855
1794,3.7857
1795,3.7858
1796,3.786
1797,3.7861
1798,3.7863
1799,3.7864
1800,3.7866
1801,3.7868
1802,3.7868
1803,3.7869
1804,3.7871
1805,3.7872
1806,3.7874
1807,3.7876
1808,3.7877
1809,3.7879
1810,3.788
1811,3.7882
1812,3.7884
1813,3.7885
1814,3.7887
1815,3.7888
1816,3.789
1817,3.7891
1818,3.7893
1819,3.7893
1820,3.7895
1821,3.7896
1822,3.7898
1823,3.7899
1824,3.7901
1825,3.7903
1826,3.7904
1827,3.7906
1828,3.7907
1829,3.7909
1830,3.7911
1831,3.7912
1832,3.7914
1833,3.7915
1834,3.7917
1835,3.7919
1836,3.792
1837,3.7922
1838,3.7923
1839,3.7925
1840,3.7926
1841,3.7928
1842,3.793
1843,3.7931
1844,3.7933
1845,3.7934
1846,3.7936
1847,3.7938
1848,3.7939
1849,3.7941
1850,3.7942
1851,3.7944
1852,3.7946
1853,3.7947
1854,3.7949
1855,3.795
1856,3.7952
1857,3.7953
1858,3.7955
1859,3.7957
1860,3.7958
1861,3.796
1862,3.7961
1863,3.7963
1864,3.7965
1865,3.7966
1866,3.7968
1867,3.7969
1868,3.7971
1869,3.7973
1870,3.7974
1871,3.7976
1872,3.7977
1873,3.7979
1874,3.798
1875,3.7982
1876,3.7984
1877,3.7985
1878,3.7987
1879,3.7988
1880,3.799
1881,3.7992
1882,3.7993
1883,3.7995
1884,3.7996
1885,3.7998
1886,3.8
1887,3.8001
1888,3.8003
1889,3.8004
1890,3.8006
1891,3.8009
1892,3.8009
1893,3.8011
1894,3.8014
1895,3.8014
1896,3.8017
1897,3.8019
1898,3.802
1899,3.8022
1900,3.8023
1901,3.8025
1902,3.8027
1903,3.8028
1904,3.803
1905,3.8031
1906,3.8033
1907,3.8034
1908,3.8036
1909,3.8038
1910,3.8039
1911,3.8041
1912,3.8042
1913,3.8044
1914,3.8046
1915,3.8047
1916,3.805
1917,3.8052
1918,3.8054
1919,3.8055
1920,3.8057
1921,3.8058
1922,3.806
1923,3.8061
1924,3.8063
1925,3.8065
1926,3.8066
1927,3.8068
1928,3.8069
1929,3.8071
1930,3.8074
1931,3.8076
1932,3.8077
1933,3.8079
1934,3.8081
1935,3.8082
1936,3.8084
1937,3.8085
1938,3.8087
1939,3.8088
1940,3.809
1941,3.8092
1942,3.8095
1943,3.8096
1944,3.8098
1945,3.81
1946,3.8101
1947,3.8103
1948,3.8104
1949,3.8108
1950,3.8109
1951,3.8111
1952,3.8112
1953,3.8114
1954,3.8115
1955,3.8117
1956,3.8119
1957,3.812
1958,3.8123
1959,3.8125
1960,3.8127
1961,3.8128
1962,3.813
1963,3.8131
1964,3.8133
1965,3.8136
1966,3.8138
1967,3.8139
1968,3.8141
1969,3.8143
1970,3.8144
1971,3.8146
1972,3.8147
1973,3.815
1974,3.8152
1975,3.8154
1976,3.8155
1977,3.8157
1978,3.8158
1979,3.8162
1980,3.8163
1981,3.8165
1982,3.8166
1983,3.8168
1984,3.817
1985,3.8173
1986,3.8174
1987,3.8176
1988,3.8177
1989,3.8179
1990,3.8181
1991,3.8182
1992,3.8185
1993,3.8187
1994,3.8189
1995,3.819
1996,3.8192
1997,3.8195
1998,3.8197
1999,3.8198
2000,3.82
2001,3.8201
2002,3.8204
2003,3.8206
2004,3.8208
2005,3.8209
2006,3.8211
2007,3.8212
2008,3.8216
2009,3.8217
2010,3.8219
2011,3.822
2012,3.8224
2013,3.8225
2014,3.8227
2015,3.8228
2016,3.823
2017,3.8233
2018,3.8235
2019,3.8236
2020,3.8238
2021,3.8241
2022,3.8243
2023,3.8244
2024,3.8246
2025,3.8247
2026,3.8251
2027,3.8252
2028,3.8254
2029,3.8255
2030,3.8258
2031,3.826
2032,3.8262
2033,3.8263
2034,3.8266
2035,3.8268
2036,3.827
2037,3.8273
2038,3.8274
2039,3.8276
2040,3.8278
2041,3.8279
2042,3.8282
2043,3.8284
2044,3.8285
2045,3.8289
2046,3.829
2047,3.8292
2048,3.8293
2049,3.8297
2050,3.8298
2051,3.83
2052,3.8301
2053,3.8305
2054,3.8306
2055,3.8308
2056,3.8311
2057,3.8312
2058,3.8314
2059,3.8317
2060,3.8319
2061,3.832
2062,3.8324
2063,3.8325
2064,3.8327
2065,3.8328
2066,3.8332
2067,3.8333
2068,3.8335
2069,3.8338
2070,3.8339
2071,3.8341
2072,3.8344
2073,3.8346
2074,3.8347
2075,3.8349
2076,3.8352
2077,3.8354
2078,3.8357
2079,3.8359
2080,3.836
2081,3.8362
2082,3.8365
2083,3.8366
2084,3.837
2085,3.8371
2086,3.8373
2087,3.8376
2088,3.8378
2089,3.8379
2090,3.8382
2091,3.8384
2092,3.8386
2093,3.8389
2094,3.839
2095,3.8393
2096,3.8395
2097,3.8397
2098,3.84
2099,3.8401
2100,3.8403
2101,3.8406
2102,3.8408
2103,3.8409
2104,3.8413
2105,3.8414
2106,3.8417
2107,3.8419
2108,3.8421
2109,3.8424
2110,3.8425
2111,3.8428
2112,3.843
2113,3.8432
2114,3.8435
2115,3.8436
2116,3.8438
2117,3.8441
2118,3.8443
2119,3.8446
2120,3.8448
2121,3.8451
2122,3.8452
2123,3.8454
2124,3.8457
2125,3.8459
2126,3.8462
2127,3.8463
2128,3.8465
2129,3.8468
2130,3.847
2131,3.8473
2132,3.8475
2133,3.8478
2134,3.8479
2135,3.8481
2136,3.8484
2137,3.8486
2138,3.8489
2139,3.849
2140,3.8494
2141,3.8495
2142,3.8498
2143,3.85
2144,3.8503
2145,3.8503
2146,3.8506
2147,3.8509
2148,3.8511
2149,3.8514
2150,3.8516
2151,3.8519
2152,3.8521
2153,3.8522
2154,3.8525
2155,3.8527
2156,3.853
2157,3.8532
2158,3.8535
2159,3.8536
2160,3.854
2161,3.8541
2162,3.8544
2163,3.8546
2164,3.8548
2165,3.8551
2166,3.8552
2167,3.8556
2168,3.8557
2169,3.856
2170,3.8562
2171,3.8565
2172,3.8567
2173,3.857
2174,3.8571
2175,3.8575
2176,3.8576
2177,3.8579
2178,3.8581
2179,3.8584
2180,3.8586
2181,3.8587
2182,3.859
2183,3.8594
2184,3.8595
2185,3.8598
2186,3.86
2187,3.8603
2188,3.8605
2189,3.8608
2190,3.861
2191,3.8611
2192,3.8614
2193,3.8616
2194,3.8619
2195,3.8621
2196,3.8624
2197,3.8625
2198,3.8629
2199,3.863
2200,3.8633
2201,3.8635
2202,3.8638
2203,3.864
2204,3.8643
2205,3.8646
2206,3.8648
2207,3.8651
2208,3.8652
2209,3.8656
2210,3.8657
2211,3.8659
2212,3.8662
2213,3.8665
2214,3.8667
2215,3.867
2216,3.8672
2217,3.8673
2218,3.8676
2219,3.8679
2220,3.8681
2221,3.8684
2222,3.8686
2223,3.8689
2224,3.8691
2225,3.8694
2226,3.8695
2227,3.8699
2228,3.87
2229,3.8703
2230,3.8705
2231,3.8708
2232,3.871
2233,3.8713
2234,3.8714
2235,3.8718
2236,3.8719
2237,3.8722
2238,3.8724
2239,3.8727
2240,3.8729
2241,3.8732
2242,3.8733
2243,3.8737
2244,3.8738
2245,3.8741
2246,3.8743
2247,3.8746
2248,3.8748
2249,3.8751
2250,3.8753
2251,3.8756
2252,3.8757
2253,3.876
2254,3.8762
2255,3.8765
2256,3.8767
2257,3.877
2258,3.8772
2259,3.8775
2260,3.8776
2261,3.878
2262,3.8781
2263,3.8784
2264,3.8786
2265,3.8789
2266,3.8791
2267,3.8794
2268,3.8795
2269,3.8799
2270,3.88
2271,3.8803
2272,3.8805
2273,3.8808
2274,3.881
2275,3.8813
2276,3.8814
2277,3.8818
2278,3.8819
2279,3.8822
2280,3.8824
2281,3.8827
2282,3.8829
2283,3.8832
2284,3.8834
2285,3.8837
2286,3.8838
2287,3.8841
2288,3.8843
2289,3.8846
2290,3.8848
2291,3.8851
2292,3.8853
2293,3.8856
2294,3.8857
2295,3.8861
2296,3.8862
2297,3.8864
2298,3.8867
2299,3.887
2300,3.8872
2301,3.8873
2302,3.8876
2303,3.8878
2304,3.8881
2305,3.8883
2306,3.8886
2307,3.8888
2308,3.8891
2309,3.8892
2310,3.8895
2311,3.8897
2312,3.89
2313,3.8902
2314,3.8905
2315,3.8907
2316,3.891
2317,3.8911
2318,3.8915
2319,3.8916
2320,3.8918
2321,3.8921
2322,3.8923
2323,3.8926
2324,3.8927
2325,3.893
2326,3.8932
2327,3.8935
2328,3.8937
2329,3.894
2330,3.8942
2331,3.8945
2332,3.8946
2333,3.895
2334,3.8951
2335,3.8953
2336,3.8956
2337,3.8957
2338,3.8961
2339,3.8962
2340,3.8965
2341,3.8967
2342,3.897
2343,3.8972
2344,3.8975
2345,3.8977
2346,3.8978
2347,3.8981
2348,3.8983
2349,3.8986
2350,3.8988
2351,3.8991
2352,3.8992
2353,3.8996
2354,3.8997
2355,3.8999
2356,3.9002
2357,3.9004
2358,3.9007
2359,3.9008
2360,3.9011
2361,3.9013
2362,3.9016
2363,3.9018
2364,3.9021
2365,3.9023
2366,3.9024
2367,3.9027
2368,3.9029
2369,3.9032
2370,3.9034
2371,3.9037
2372,3.9038
2373,3.9042
2374,3.9043
2375,3.9045
2376,3.9048
2377,3.905
2378,3.9053
2379,3.9054
2380,3.9058
2381,3.9059
2382,3.9062
2383,3.9064
2384,3.9065
2385,3.9069
2386,3.907
2387,3.9073
2388,3.9075
2389,3.9078
2390,3.908
2391,3.9083
2392,3.9085
2393,3.9088
2394,3.9089
2395,3.9091
2396,3.9094
2397,3.9096
2398,3.9099
2399,3.91
2400,3.9104
2401,3.9105
2402,3.9108
2403,3.911
2404,3.9113
2405,3.9115
2406,3.9116
2407,3.9119
2408,3.9121
2409,3.9124
2410,3.9126
2411,3.9129
2412,3.9131
2413,3.9134
2414,3.9135
2415,3.9139
2416,3.914
2417,3.9142
2418,3.9145
2419,3.9146
2420,3.915
2421,3.9151
2422,3.9154
2423,3.9156
2424,3.9159
2425,3.9161
2426,3.9164
2427,3.9166
2428,3.9169
2429,3.917
2430,3.9172
2431,3.9175
2432,3.9177
2433,3.918
2434,3.9181
2435,3.9185
2436,3.9186
2437,3.9189
2438,3.9191
2439,3.9194
2440,3.9196
2441,3.9199
2442,3.9201
2443,3.9204
2444,3.9205
2445,3.9208
2446,3.921
2447,3.9213
2448,3.9215
2449,3.9218
2450,3.922
2451,3.9223
2452,3.9224
2453,3.9228
2454,3.9229
2455,3.9231
2456,3.9234
2457,3.9237
2458,3.9239
2459,3.924
2460,3.9243
2461,3.9245
2462,3.9248
2463,3.925
2464,3.9253
2465,3.9255
2466,3.9258
2467,3.9259
2468,3.9262
2469,3.9266
2470,3.9267
2471,3.927
2472,3.9272
2473,3.9275
2474,3.9277
2475,3.928
2476,3.9282
2477,3.9285
2478,3.9286
2479,3.9289
2480,3.9291
2481,3.9294
2482,3.9296
2483,3.9299
2484,3.9301
2485,3.9304
2486,3.9305
2487,3.9309
2488,3.9312
2489,3.9313
2490,3.9316
2491,3.9318
2492,3.9321
2493,3.9323
2494,3.9326
2495,3.9329
2496,3.9331
2497,3.9334
2498,3.9336
2499,3.9339
2500,3.934
2501,3.9343
2502,3.9345
2503,3.9348
2504,3.9351
2505,3.9353
2506,3.9356
2507,3.9358
2508,3.9361
2509,3.9363
2510,3.9366
2511,3.9369
2512,3.937
2513,3.9374
2514,3.9375
2515,3.9378
2516,3.9382
2517,3.9383
2518,3.9386
2519,3.9388
2520,3.9391
2521,3.9394
2522,3.9396
2523,3.9399
2524,3.9401
2525,3.9404
2526,3.9407
2527,3.9409
2528,3.9412
2529,3.9413
2530,3.9417
2531,3.942
2532,3.9421
2533,3.9424
2534,3.9426
2535,3.9429
2536,3.9432
2537,3.9434
2538,3.9437
2539,3.944
2540,3.9442
2541,3.9445
2542,3.9447
2543,3.945
2544,3.9453
2545,3.9455
2546,3.9458
2547,3.9461
2548,3.9463
2549,3.9466
2550,3.9469
2551,3.9471
2552,3.9474
2553,3.9477
2554,3.9479
2555,3.9482
2556,3.9485
2557,3.9486
2558,3.949
2559,3.9493
2560,3.9494
2561,3.9498
2562,3.9501
2563,3.9502
2564,3.9506
2565,3.9507
2566,3.951
2567,3.9513
2568,3.9515
2569,3.9518
2570,3.9521
2571,3.9523
2572,3.9526
2573,3.9529
2574,3.9533
2575,3.9534
2576,3.9537
2577,3.954
2578,3.9542
2579,3.9545
2580,3.9548
2581,3.955
2582,3.9553
2583,3.9556
2584,3.9558
2585,3.9561
2586,3.9564
2587,3.9566
2588,3.9569
2589,3.9572
2590,3.9574
2591,3.9577
2592,3.958
2593,3.9583
2594,3.9585
2595,3.9588
2596,3.9591
2597,3.9593
2598,3.9596
2599,3.9599
2600,3.9602
2601,3.9604
2602,3.9607
2603,3.961
2604,3.9612
2605,3.9615
2606,3.9618
2607,3.962
2608,3.9623
2609,3.9626
2610,3.9629
2611,3.9631
2612,3.9634
2613,3.9637
2614,3.9639
2615,3.9642
2616,3.9645
2617,3.9648
2618,3.965
2619,3.9653
2620,3.9656
2621,3.9658
2622,3.9661
2623,3.9664
2624,3.9668
2625,3.9669
2626,3.9672
2627,3.9676
2628,3.9677
2629,3.968
2630,3.9683
2631,3.9685
2632,3.9688
2633,3.9691
2634,3.9695
2635,3.9696
2636,3.9699
2637,3.9703
2638,3.9704
2639,3.9707
2640,3.971
2641,3.9712
2642,3.9715
2643,3.9718
2644,3.9722
2645,3.9723
2646,3.9726
2647,3.973
2648,3.9731
2649,3.9734
2650,3.9737
2651,3.9739
2652,3.9742
2653,3.9745
2654,3.9747
2655,3.975
2656,3.9753
2657,3.9757
2658,3.9758
2659,3.9761
2660,3.9764
2661,3.9766
2662,3.9769
2663,3.9772
2664,3.9774
2665,3.9777
2666,3.978
2667,3.9782
2668,3.9785
2669,3.9788
2670,3.979
2671,3.9793
2672,3.9796
2673,3.9798
2674,3.9801
2675,3.9803
2676,3.9806
2677,3.9809
2678,3.9811
2679,3.9814
2680,3.9817
2681,3.9818
2682,3.9822
2683,3.9825
2684,3.9826
2685,3.983
2686,3.9831
2687,3.9834
2688,3.9838
2689,3.9839
2690,3.9842
2691,3.9845
2692,3.9847
2693,3.985
2694,3.9852
2695,3.9855
2696,3.9857
2697,3.986
2698,3.9863
2699,3.9865
2700,3.9868
2701,3.9869
2702,3.9872
2703,3.9876
2704,3.9877
2705,3.988
2706,3.9882
2707,3.9885
2708,3.9887
2709,3.989
2710,3.9892
2711,3.9895
2712,3.9898
2713,3.9899
2714,3.9903
2715,3.9904
2716,3.9907
2717,3.9909
2718,3.9912
2719,3.9914
2720,3.9917
2721,3.9919
2722,3.9922
2723,3.9923
2724,3.9927
2725,3.9928
2726,3.9931
2727,3.9933
2728,3.9936
2729,3.9938
2730,3.9941
2731,3.9942
2732,3.9946
2733,3.9947
2734,3.995
2735,3.9952
2736,3.9955
2737,3.9957
2738,3.9958
2739,3.9961
2740,3.9963
2741,3.9966
2742,3.9968
2743,3.9971
2744,3.9973
2745,3.9976
2746,3.9977
2747,3.9979
2748,3.9982
2749,3.9984
2750,3.9987
2751,3.9988
2752,3.999
2753,3.9993
2754,3.9995
2755,3.9998
2756,4.0
2757,4.0001
2758,4.0004
2759,4.0006
2760,4.0008
2761,4.0011
2762,4.0012
2763,4.0014
2764,4.0017
2765,4.0019
2766,4.0022
2767,4.0023
2768,4.0025
2769,4.0028
2770,4.003
2771,4.0031
2772,4.0033
2773,4.0036
2774,4.0038
2775,4.0039
2776,4.0042
2777,4.0044
2778,4.0046
2779,4.0049
2780,4.005
2781,4.0052
2782,4.0054
2783,4.0057
2784,4.0058
2785,4.006
2786,4.0062
2787,4.0065
2788,4.0066
2789,4.0068
2790,4.0069
2791,4.0073
2792,4.0074
2793,4.0076
2794,4.0077
2795,4.0081
2796,4.0082
2797,4.0084
2798,4.0085
2799,4.0089
2800,4.009
2801,4.0092
2802,4.0093
2803,4.0095
2804,4.0098
2805,4.01
2806,4.0101
2807,4.0103
2808,4.0104
2809,4.0106
2810,4.0109
2811,4.0111
2812,4.0112
2813,4.0114
2814,4.0116
2815,4.0117
2816,4.012
2817,4.0122
2818,4.0123
2819,4.0125
2820,4.0127
2821,4.0128
2822,4.013
2823,4.0133
2824,4.0135
2825,4.0136
2826,4.0138
2827,4.0139
2828,4.0141
2829,4.0143
2830,4.0144
2831,4.0146
2832,4.0149
2833,4.015
2834,4.0152
2835,4.0154
2836,4.0155
2837,4.0157
2838,4.0158
2839,4.016
2840,4.0162
2841,4.0163
2842,4.0166
2843,4.0168
2844,4.0168
2845,4.0171
2846,4.0173
2847,4.0174
2848,4.0176
2849,4.0178
2850,4.0179
2851,4.0181
2852,4.0182
2853,4.0184
2854,4.0185
2855,4.0187
2856,4.0189
2857,4.019
2858,4.0192
2859,4.0193
2860,4.0195
2861,4.0198
2862,4.0198
2863,4.0201
2864,4.0203
2865,4.0205
2866,4.0205
2867,4.0208
2868,4.0209
2869,4.0211
2870,4.0212
2871,4.0214
2872,4.0216
2873,4.0217
2874,4.0219
2875,4.022
2876,4.0222
2877,4.0224
2878,4.0225
2879,4.0227
2880,4.0228
2881,4.023
2882,4.0232
2883,4.0233
2884,4.0235
2885,4.0236
2886,4.0238
2887,4.0239
2888,4.0241
2889,4.0243
2890,4.0244
2891,4.0246
2892,4.0247
2893,4.0249
2894,4.0251
2895,4.0252
2896,4.0254
2897,4.0255
2898,4.0257
2899,4.0259
2900,4.026
2901,4.0262
2902,4.0262
2903,4.0265
2904,4.0266
2905,4.0268
2906,4.027
2907,4.0271
2908,4.0271
2909,4.0274
2910,4.0274
2911,4.0276
2912,4.0279
2913,4.0281
2914,4.0281
2915,4.0282
2916,4.0286
2917,4.0286
2918,4.0287
2919,4.029
2920,4.029
2921,4.0292
2922,4.0295
2923,4.0295
2924,4.0297
2925,4.0298
2926,4.0301
2927,4.0301
2928,4.0303
2929,4.0305
2930,4.0306
2931,4.0308
2932,4.0309
2933,4.0311
2934,4.0313
2935,4.0316
2936,4.0317
2937,4.0319
2938,4.032
2939,4.0322
2940,4.0324
2941,4.0325
2942,4.0325
2943,4.0328
2944,4.033
2945,4.0332
2946,4.0333
2947,4.0335
2948,4.0336
2949,4.0338
2950,4.034
2951,4.0341
2952,4.0343
2953,4.0344
2954,4.0346
2955,4.0347
2956,4.0349
2957,4.0351
2958,4.0352
2959,4.0354
2960,4.0355
2961,4.0357
2962,4.0359
2963,4.036
2964,4.0362
2965,4.0365
2966,4.0367
2967,4.0368
2968,4.037
2969,4.0371
2970,4.0373
2971,4.0374
2972,4.0376
2973,4.0378
2974,4.0379
2975,4.0382
2976,4.0384
2977,4.0386
2978,4.0387
2979,4.0389
2980,4.039
2981,4.0392
2982,4.0394
2983,4.0395
2984,4.0397
2985,4.04
2986,4.0401
2987,4.0403
2988,4.0405
2989,4.0406
2990,4.0408
2991,4.0411
2992,4.0413
2993,4.0414
2994,4.0416
2995,4.0417
2996,4.0419
2997,4.0422
2998,4.0424
2999,4.0425
3000,4.0427
3001,4.0429
3002,4.0432
3003,4.0433
3004,4.0435
3005,4.0436
3006,4.044
3007,4.0441
3008,4.0443
3009,4.0444
3010,4.0448
3011,4.0449
3012,4.0451
3013,4.0452
3014,4.0456
3015,4.0457
3016,4.0459
3017,4.0462
3018,4.0463
3019,4.0465
3020,4.0468
3021,4.047
3022,4.0471
3023,4.0473
3024,4.0476
3025,4.0478
3026,4.0479
3027,4.0483
3028,4.0484
3029,4.0487
3030,4.0489
3031,4.049
3032,4.0494
3033,4.0495
3034,4.0497
3035,4.05
3036,4.0502
3037,4.0505
3038,4.0506
3039,4.0508
3040,4.0511
3041,4.0513
3042,4.0516
3043,4.0517
3044,4.0521
3045,4.0522
3046,4.0524
3047,4.0527
3048,4.0529
3049,4.0532
3050,4.0533
3051,4.0537
3052,4.0538
3053,4.0541
3054,4.0543
3055,4.0546
3056,4.0548
3057,4.0551
3058,4.0552
3059,4.0556
3060,4.0557
3061,4.056
3062,4.0564
3063,4.0565
3064,4.0568
3065,4.057
3066,4.0573
3067,4.0575
3068,4.0578
3069,4.0581
3070,4.0583
3071,4.0586
3072,4.0587
3073,4.0591
3074,4.0594
3075,4.0595
3076,4.0598
3077,4.0602
3078,4.0603
3079,4.0606
3080,4.061
3081,4.0611
3082,4.0614
3083,4.0618
3084,4.0619
3085,4.0622
3086,4.0625
3087,4.0627
3088,4.063
3089,4.0633
3090,4.0635
3091,4.0638
3092,4.0641
3093,4.0645
3094,4.0646
3095,4.0649
3096,4.0652
3097,4.0656
3098,4.0657
3099,4.066
3100,4.0664
3101,4.0667
3102,4.0668
3103,4.0672
3104,4.0675
3105,4.0678
3106,4.0681
3107,4.0683
3108,4.0686
3109,4.0689
3110,4.0692
3111,4.0695
3112,4.0697
3113,4.07
3114,4.0703
3115,4.0707
3116,4.071
3117,4.0711
3118,4.0714
3119,4.0718
3120,4.0721
3121,4.0724
3122,4.0727
3123,4.073
3124,4.0732
3125,4.0735
3126,4.0738
3127,4.0741
3128,4.0745
3129,4.0748
3130,4.0751
3131,4.0754
3132,4.0756
3133,4.0759
3134,4.0762
3135,4.0765
3136,4.0768
3137,4.0772
3138,4.0775
3139,4.0778
3140,4.0781
3141,4.0784
3142,4.0786
3143,4.0789
3144,4.0792
3145,4.0795
3146,4.0799
3147,4.0802
3148,4.0805
3149,4.0808
3150,4.0811
3151,4.0815
3152,4.0818
3153,4.0821
3154,4.0822
3155,4.0826
3156,4.0829
3157,4.0832
3158,4.0835
3159,4.0838
3160,4.0842
3161,4.0845
3162,4.0848
3163,4.0851
3164,4.0854
3165,4.0857
3166,4.0861
3167,4.0864
3168,4.0867
3169,4.0869
3170,4.0873
3171,4.0875
3172,4.0878
3173,4.0881
3174,4.0884
3175,4.0888
3176,4.0891
3177,4.0894
3178,4.0897
3179,4.09
3180,4.0903
3181,4.0907
3182,4.091
3183,4.0913
3184,4.0916
3185,4.0919
3186,4.0923
3187,4.0924
3188,4.0927
3189,4.093
3190,4.0934
3191,4.0937
3192,4.094
3193,4.0943
3194,4.0946
3195,4.095
3196,4.0953
3197,4.0956
3198,4.0959
3199,4.0962
3200,4.0964
3201,4.0967
3202,4.097
3203,4.0973
3204,4.0977
3205,4.098
3206,4.0983
3207,4.0986
3208,4.0989
3209,4.0992
3210,4.0996
3211,4.0999
3212,4.1
3213,4.1004
3214,4.1007
3215,4.101
3216,4.1013
3217,4.1016
3218,4.1019
3219,4.1023
3220,4.1024
3221,4.1027
3222,4.1031
3223,4.1034
3224,4.1037
3225,4.104
3226,4.1043
3227,4.1046
3228,4.1048
3229,4.1051
3230,4.1054
3231,4.1058
3232,4.1061
3233,4.1064
3234,4.1067
3235,4.1069
3236,4.1072
3237,4.1075
3238,4.1078
3239,4.1081
3240,4.1083
3241,4.1086
3242,4.1089
3243,4.1093
3244,4.1096
3245,4.1099
3246,4.11
3247,4.1104
3248,4.1107
3249,4.111
3250,4.1113
3251,4.1115
3252,4.1118
3253,4.1121
3254,4.1124
3255,4.1126
3256,4.1129
3257,4.1132
3258,4.1135
3259,4.1137
3260,4.114
3261,4.1143
3262,4.1147
3263,4.1148
3264,4.1151
3265,4.1154
3266,4.1158
3267,4.1159
3268,4.1162
3269,4.1166
3270,4.1167
3271,4.117
3272,4.1174
3273,4.1175
3274,4.1178
3275,4.1182
3276,4.1183
3277,4.1186
3278,4.1189
3279,4.1193
3280,4.1194
3281,4.1197
3282,4.1199
3283,4.1202
3284,4.1205
3285,4.1207
3286,4.121
3287,4.1213
3288,4.1215
3289,4.1218
3290,4.1221
3291,4.1223
3292,4.1226
3293,4.1228
3294,4.1231
3295,4.1234
3296,4.1236
3297,4.1239
3298,4.124
3299,4.1243
3300,4.1245
3301,4.1248
3302,4.1251
3303,4.1253
3304,4.1256
3305,4.1258
3306,4.1261
3307,4.1263
3308,4.1266
3309,4.1267
3310,4.127
3311,4.1272
3312,4.1275
3313,4.1277
3314,4.128
3315,4.1282
3316,4.1285
3317,4.1286
3318,4.129
3319,4.1291
3320,4.1294
3321,4.1296
3322,4.1299
3323,4.1301
3324,4.1302
3325,4.1305
3326,4.1307
3327,4.131
3328,4.1312
3329,4.1315
3330,4.1317
3331,4.132
3332,4.1321
3333,4.1323
3334,4.1326
3335,4.1328
3336,4.1331
3337,4.1332
3338,4.1334
3339,4.1337
3340,4.1339
3341,4.134
3342,4.1344
3343,4.1345
3344,4.1347
3345,4.135
3346,4.1351
3347,4.1353
3348,4.1356
3349,4.1358
3350,4.1359
3351,4.1363
3352,4.1364
3353,4.1366
3354,4.1369
3355,4.1371
3356,4.1372
3357,4.1374
3358,4.1377
3359,4.1378
3360,4.138
3361,4.1382
3362,4.1385
3363,4.1386
3364,4.1388
3365,4.139
3366,4.1393
3367,4.1394
3368,4.1396
3369,4.1398
3370,4.1399
3371,4.1402
3372,4.1404
3373,4.1405
3374,4.1407
3375,4.1409
3376,4.141
3377,4.1413
3378,4.1415
3379,4.1417
3380,4.1418
3381,4.142
3382,4.1423
3383,4.1425
3384,4.1426
3385,4.1428
3386,4.1429
3387,4.1431
3388,4.1433
3389,4.1434
3390,4.1436
3391,4.1439
3392,4.144
3393,4.1442
3394,4.1444
3395,4.1445
3396,4.1447
3397,4.1448
3398,4.145
3399,4.1452
3400,4.1453
3401,4.1455
3402,4.1456
3403,4.1458
3404,4.146
3405,4.1461
3406,4.1463
3407,4.1464
3408,4.1466
3409,4.1467
3410,4.1469
3411,4.1471
3412,4.1472
3413,4.1474
3414,4.1475
3415,4.1477
3416,4.1479
3417,4.148
3418,4.1482
3419,4.1483
3420,4.1485
3421,4.1487
3422,4.1488
3423,4.149
3424,4.1491
3425,4.1493
3426,4.1494
3427,4.1496
3428,4.1498
3429,4.1499
3430,4.1501
3431,4.1501
3432,4.1502
3433,4.1504
3434,4.1506
3435,4.1507
3436,4.1509
3437,4.151
3438,4.151
3439,4.1512
3440,4.1514
3441,4.1515
3442,4.1517
3443,4.1518
3444,4.152
3445,4.152
3446,4.1521
3447,4.1523
3448,4.1525
3449,4.1526
3450,4.1528
3451,4.1528
3452,4.1529
3453,4.1531
3454,4.1533
3455,4.1534
3456,4.1534
3457,4.1536
3458,4.1537
3459,4.1539
3460,4.1539
3461,4.1541
3462,4.1542
3463,4.1544
3464,4.1544
3465,4.1545
3466,4.1547
3467,4.1548
3468,4.1548
3469,4.155
3470,4.1552
3471,4.1553
3472,4.1553
3473,4.1555
3474,4.1556
3475,4.1556
3476,4.1558
3477,4.156
3478,4.1561
3479,4.1561
3480,4.1563
3481,4.1564
3482,4.1564
3483,4.1566
3484,4.1568
3485,4.1568
3486,4.1569
3487,4.1571
3488,4.1571
3489,4.1572
3490,4.1574
3491,4.1574
3492,4.1575
3493,4.1577
3494,4.1577
3495,4.1579
3496,4.158
3497,4.158
3498,4.1582
3499,4.1582
3500,4.1583
3501,4.1585
3502,4.1585
3503,4.1587
3504,4.1587
3505,4.1588
3506,4.159
3507,4.159
3508,4.1591
3509,4.1591
3510,4.1593
3511,4.1595
3512,4.1595
3513,4.1596
3514,4.1596
3515,4.1598
3516,4.1598
3517,4.1599
3518,4.1601
3519,4.1601
3520,4.1602
3521,4.1602
3522,4.1604
3523,4.1604
3524,4.1606
3525,4.1606
3526,4.1607
3527,4.1607
3528,4.1609
3529,4.161
3530,4.161
3531,4.1612
3532,4.1612
3533,4.1614
3534,4.1614
3535,4.1615
3536,4.1615
3537,4.1617
3538,4.1617
3539,4.1618
3540,4.1618
3541,4.162
3542,4.162
3543,4.1622
3544,4.1622
3545,4.1623
3546,4.1625
3547,4.1625
3548,4.1625
3549,4.1626
3550,4.1626
3551,4.1628
3552,4.1629
3553,4.1629
3554,4.1631
3555,4.1631
3556,4.1631
3557,4.1633
3558,4.1634
3559,4.1634
3560,4.1636
3561,4.1636
3562,4.1637
3563,4.1637
3564,4.1639
3565,4.1639
3566,4.1641
3567,4.1641
3568,4.1642
3569,4.1642
3570,4.1644
3571,4.1644
3572,4.1645
3573,4.1645
3574,4.1647
3575,4.1647
3576,4.1649
3577,4.1649
3578,4.165
3579,4.165
3580,4.1652
3581,4.1652
3582,4.1653
3583,4.1653
3584,4.1655
3585,4.1655
3586,4.1656
3587,4.1656
3588,4.1658
3589,4.1658
3590,4.166
3591,4.166
3592,4.1661
3593,4.1661
3594,4.1663
3595,4.1663
3596,4.1664
3597,4.1664
3598,4.1666
3599,4.1666
3600,4.1668
3601,4.1668
3602,4.1669
3603,4.1671
3604,4.1671
3605,4.1672
3606,4.1672
3607,4.1674
3608,4.1674
3609,4.1676
3610,4.1676
3611,4.1677
3612,4.1677
3613,4.1679
3614,4.1679
3615,4.168
3616,4.168
3617,4.1682
3618,4.1684
3619,4.1684
3620,4.1685
3621,4.1685
3622,4.1687
3623,4.1687
3624,4.1688
3625,4.1688
3626,4.169
3627,4.1691
3628,4.1691
3629,4.1693
3630,4.1693
3631,4.1695
3632,4.1695
3633,4.1696
3634,4.1698
3635,4.1698
3636,4.1699
3637,4.1699
3638,4.1701
3639,4.1701
3640,4.1703
3641,4.1704
3642,4.1704
3643,4.1706
3644,4.1706
3645,4.1707
3646,4.1709
3647,4.1709
3648,4.1711
3649,4.1712
3650,4.1712
3651,4.1714
3652,4.1714
3653,4.1715
3654,4.1717
3655,4.1717
3656,4.1718
3657,4.1718
3658,4.172
3659,4.1722
3660,4.1722
3661,4.1723
3662,4.1725
3663,4.1725
3664,4.1726
3665,4.1728
3666,4.1728
3667,4.173
3668,4.1731
3669,4.1731
3670,4.1733
3671,4.1734
3672,4.1734
3673,4.1736
3674,4.1738
3675,4.1739
3676,4.1739
3677,4.1741
3678,4.1742
3679,4.1742
3680,4.1744
3681,4.1745
3682,4.1747
3683,4.1747
3684,4.1749
3685,4.175
3686,4.1752
3687,4.1752
3688,4.1753
3689,4.1755
3690,4.1757
3691,4.1757
3692,4.1758
3693,4.176
3694,4.1761
3695,4.1761
3696,4.1763
3697,4.1765
3698,4.1766
3699,4.1768
3700,4.1769
3701,4.1769
3702,4.1771
3703,4.1772
3704,4.1774
3705,4.1776
3706,4.1776
3707,4.1777
3708,4.1779
3709,4.178
3710,4.1782
3711,4.1784
3712,4.1785
3713,4.1787
3714,4.1787
3715,4.1788
3716,4.179
3717,4.1792
3718,4.1793
3719,4.1795
3720,4.1796
3721,4.1798
3722,4.1799
3723,4.1801
3724,4.1803
3725,4.1804
3726,4.1806
3727,4.1807
3728,4.1809
3729,4.1811
3730,4.1812
3731,4.1814
3732,4.1814
3733,4.1817
3734,4.1819
3735,4.182
3736,4.1822
3737,4.1823
3738,4.1825
3739,4.1826
3740,4.1828
3741,4.183
3742,4.1831
3743,4.1833
3744,4.1834
3745,4.1836
3746,4.1838
3747,4.1839
3748,4.1842
3749,4.1844
3750,4.1846
3751,4.1847
3752,4.1849
3753,4.185
3754,4.1853
3755,4.1855
3756,4.1857
3757,4.1858
3758,4.186
3759,4.1863
3760,4.1865
3761,4.1866
3762,4.1869
3763,4.1871
3764,4.1873
3765,4.1874
3766,4.1877
3767,4.1879
3768,4.188
3769,4.1884
3770,4.1885
3771,4.1887
3772,4.189
3773,4.1892
3774,4.1895
3775,4.1896
3776,4.1898
3777,4.1901
3778,4.1903
3779,4.1906
3780,4.1907
3781,4.1911
3782,4.1912
3783,4.1915
3784,4.1917
3785,4.192
3786,4.1922
3787,4.1925
3788,4.1928
3789,4.193
3790,4.1933
3791,4.1934
3792,4.1938
3793,4.1941
3794,4.1942
3795,4.1946
3796,4.1949
3797,4.195
3798,4.1954
3799,4.1957
3800,4.196
3801,4.1962
3802,4.1965
3803,4.1968
3804,4.1971
3805,4.1974
3806,4.1976
3807,4.1979
3808,4.1982
3809,4.1985
3810,4.1989
3811,4.1992
3812,4.1995
3813,4.1998
3814,4.2001
3815,4.2004
3816,4.2008
3817,4.2011
3818,4.2014
3819,4.2017
3820,4.202
3821,4.2023
3822,4.2027
3823,4.2031
3824,4.2035
3825,4.2038
3826,4.2041
3827,4.2044
3828,4.2049
3829,4.2052
3830,4.2055
3831,4.206
3832,4.2063
3833,4.2066
3834,4.2071
3835,4.2074
3836,4.2079
3837,4.2082
3838,4.2087
3839,4.209
3840,4.2095
3841,4.2098
3842,4.2103
3843,4.2106
3844,4.2111
3845,4.2116
3846,4.2119
3847,4.2124
3848,4.2128
3849,4.2133
3850,4.2136
3851,4.2141
3852,4.2146
3853,4.2151
3854,4.2155
3855,4.216
3856,4.2165
3857,4.217
3858,4.2174
3859,4.2179
3860,4.2184
3861,4.2189
3862,4.2193
3863,4.2198
3864,4.2203
3865,4.2208
3866,4.2214
3867,4.2219
3868,4.2224
3869,4.223
3870,4.2235
3871,4.224
3872,4.2246
3873,4.2251
3874,4.2257
3875,4.2262
3876,4.2268
3877,4.2273
3878,4.2279
3879,4.2286
3880,4.229
3881,4.2297
3882,4.2303
3883,4.2308
3884,4.2314
3885,4.2321
3886,4.2327
3887,4.2333
3888,4.234
3889,4.2346
3890,4.2352
3891,4.2359
3892,4.2365
3893,4.2371
3894,4.2378
3895,4.2384
3896,4.239
3897,4.2398
3898,4.2405
3899,4.2411
3900,4.2419
3901,4.2425
3902,4.2432
3903,4.244
3904,4.2446
3905,4.2454
3906,4.246
3907,4.2468
3908,4.2476
3909,4.2483
3910,4.2491
3911,4.2498
3912,4.2506
3913,4.2513
3914,4.2521
3915,4.2529
3916,4.2537
3917,4.2545
3918,4.2552
3919,4.256
3920,4.2568
3921,4.2576
3922,4.2586
3923,4.2594
3924,4.2602
3925,4.261
3926,4.2619
3927,4.2627
3928,4.2635
3929,4.2645
3930,4.2653
3931,4.2662
3932,4.267
3933,4.268
3934,4.2688
3935,4.2697
3936,4.2707
3937,4.2715
3938,4.2724
3939,4.2734
3940,4.2743
3941,4.2753
3942,4.2762
3943,4.2772
3944,4.2781
3945,4.2791
3946,4.28
3947,4.281
3948,4.2819
3949,4.2829
3950,4.2838
3951,4.285
3952,4.2859
3953,4.2869
3954,4.2878
3955,4.2889
3956,4.2899
3957,4.291
3958,4.2919
3959,4.2931
3960,4.294
3961,4.2951
3962,4.2961
3963,4.2972
3964,4.2983
3965,4.2993
3966,4.3
3967,4.3
3968,4.3
3969,4.3
3970,4.3
3971,4.3
3972,4.3
3973,4.3
3974,4.2974
3975,4.2955
3976,4.2947
3977,4.2941
3978,4.2936
3979,4.2931
3980,4.2928
3981,4.2925
3982,4.2922
3983,4.2918
3984,4.2917
3985,4.2915
3986,4.2912
3987,4.291
3988,4.2909
3989,4.2907
3990,4.2906
3991,4.2904
3992,4.2903
3993,4.2901
3994,4.2899
3995,4.2898
3996,4.2898
3997,4.2896
3998,4.2895
3999,4.2893
4000,4.2893
4001,4.2891
4002,4.289
4003,4.289
4004,4.2888
4005,4.2888
4006,4.2887
4007,4.2885
4008,4.2885
4009,4.2883
4010,4.2883
4011,4.2882
4012,4.2882
4013,4.288
4014,4.288
4015,4.2879
4016,4.2879
4017,4.2879
4018,4.2877
4019,4.2877
4020,4.2876
4021,4.2876
4022,4.2874
4023,4.2874
4024,4.2872
4025,4.2872
4026,4.2872
4027,4.2871
4028,4.2871
4029,4.2869
4030,4.2869
4031,4.2869
4032,4.2868
4033,4.2868
4034,4.2868
4035,4.2866
4036,4.2866
4037,4.2866
4038,4.2864
4039,4.2864
4040,4.2864
4041,4.2863
4042,4.2863
4043,4.2863
4044,4.2861
4045,4.2861
4046,4.2861
4047,4.286
4048,4.286
4049,4.286
4050,4.2858
4051,4.2858
4052,4.2858
4053,4.2856
4054,4.2856
4055,4.2856
4056,4.2855
4057,4.2855
4058,4.2855
4059,4.2855
4060,4.2853
4061,4.2853
4062,4.2853
4063,4.2852
4064,4.2852
4065,4.2852
4066,4.2852
4067,4.285
4068,4.285
4069,4.285
4070,4.285
4071,4.2849
4072,4.2849
4073,4.2849
4074,4.2849
4075,4.2847
4076,4.2847
4077,4.2847
4078,4.2847
4079,4.2845
4080,4.2845
4081,4.2845
4082,4.2845
4083,4.2844
4084,4.2844
4085,4.2844
4086,4.2844
4087,4.2842
4088,4.2842
4089,4.2842
4090,4.2842
4091,4.2842
4092,4.2841
4093,4.2841
4094,4.2841
4095,4.2841
4096,4.2839
4097,4.2839
4098,4.2839
4099,4.2839
4100,4.2837
4101,4.2837
4102,4.2837
4103,4.2837
4104,4.2836
4105,4.2836
4106,4.2836
4107,4.2836
4108,4.2836
4109,4.2834
4110,4.2834
4111,4.2834
4112,4.2834
4113,4.2834
4114,4.2833
4115,4.2833
4116,4.2833
4117,4.2833
4118,4.2831
4119,4.2831
4120,4.2831
4121,4.2831
4122,4.2831
4123,4.2829
4124,4.2829
4125,4.2829
4126,4.2829
4127,4.2829
4128,4.2828
4129,4.2828
4130,4.2828
4131,4.2828
4132,4.2828
4133,4.2826
4134,4.2826
4135,4.2826
4136,4.2826
4137,4.2826
4138,4.2826
4139,4.2825
4140,4.2825
4141,4.2825
4142,4.2825
4143,4.2825
4144,4.2823
4145,4.2823
4146,4.2823
4147,4.2823
4148,4.2823
4149,4.2822
4150,4.2822
4151,4.2822
4152,4.2822
4153,4.2822
4154,4.2822
4155,4.2766
4156,4.2721
4157,4.2699
4158,4.268
4159,4.2663
4160,4.2647
4161,4.2631
4162,4.2617
4163,4.2602
4164,4.259
4165,4.2577
4166,4.2564
4167,4.2552
4168,4.254
4169,4.2528
4170,4.2517
4171,4.2506
4172,4.2494
4173,4.2483
4174,4.2472
4175,4.2461
4176,4.245
4177,4.2439
4178,4.2429
4179,4.242
4180,4.2409
4181,4.2399
4182,4.239
4183,4.2378
4184,4.2369
4185,4.2359
4186,4.235
4187,4.234
4188,4.2332
4189,4.2323
4190,4.2313
4191,4.2304
4192,4.2296
4193,4.2286
4194,4.2278
4195,4.2269
4196,4.2261
4197,4.2253
4198,4.2243
4199,4.2236
4200,4.2228
4201,4.222
4202,4.2212
4203,4.2204
4204,4.2196
4205,4.2188
4206,4.218
4207,4.2172
4208,4.2164
4209,4.2158
4210,4.215
4211,4.2142
4212,4.2135
4213,4.2128
4214,4.2121
4215,4.2113
4216,4.2107
4217,4.2101
4218,4.2093
4219,4.2086
4220,4.208
4221,4.2074
4222,4.2066
4223,4.2059
4224,4.2053
4225,4.2047
4226,4.204
4227,4.2034
4228,4.2027
4229,4.2023
4230,4.2016
4231,4.201
4232,4.2004
4233,4.1999
4234,4.1993
4235,4.1986
4236,4.1981
4237,4.1975
4238,4.197
4239,4.1964
4240,4.1959
4241,4.1953
4242,4.1948
4243,4.1942
4244,4.1937
4245,4.1932
4246,4.1927
4247,4.1923
4248,4.1916
4249,4.1912
4250,4.1907
4251,4.1902
4252,4.1897
4253,4.1893
4254,4.1888
4255,4.1883
4256,4.1878
4257,4.1873
4258,4.187
4259,4.1866
4260,4.1861
4261,4.1856
4262,4.1853
4263,4.1848
4264,4.1843
4265,4.184
4266,4.1835
4267,4.1832
4268,4.1827
4269,4.1823
4270,4.1819
4271,4.1816
4272,4.1812
4273,4.1808
4274,4.1804
4275,4.18
4276,4.1797
4277,4.1792
4278,4.1789
4279,4.1786
4280,4.1783
4281,4.1778
4282,4.1775
4283,4.1772
4284,4.1769
4285,4.1765
4286,4.1762
4287,4.1759
4288,4.1756
4289,4.1751
4290,4.175
4291,4.1746
4292,4.1743
4293,4.174
4294,4.1737
4295,4.1734
4296,4.1731
4297,4.1727
4298,4.1724
4299,4.1721
4300,4.1719
4301,4.1716
4302,4.1713
4303,4.171
4304,4.1708
4305,4.1705
4306,4.1702
4307,4.17
4308,4.1697
4309,4.1694
4310,4.1691
4311,4.1689
4312,4.1686
4313,4.1684
4314,4.1681
4315,4.168
4316,4.1677
4317,4.1675
4318,4.1672
4319,4.167
4320,4.1667
4321,4.1665
4322,4.1662
4323,4.1661
4324,4.1659
4325,4.1656
4326,4.1654
4327,4.1651
4328,4.165
4329,4.1648
4330,4.1645
4331,4.1643
4332,4.1642
4333,4.1638
4334,4.1637
4335,4.1635
4336,4.1634
4337,4.163
4338,4.1629
4339,4.1627
4340,4.1626
4341,4.1623
4342,4.1621
4343,4.1619
4344,4.1618
4345,4.1616
4346,4.1615
4347,4.1613
4348,4.161
4349,4.1608
4350,4.1607
4351,4.1605
4352,4.1603
4353,4.1602
4354,4.16
4355,4.1599
4356,4.1597
4357,4.1596
4358,4.1594
4359,4.1592
4360,4.1591
4361,4.1589
4362,4.1588
4363,4.1586
4364,4.1584
4365,4.1583
4366,4.1581
4367,4.158
4368,4.1578
4369,4.1576
4370,4.1575
4371,4.1573
4372,4.1572
4373,4.157
4374,4.1569
4375,4.1569
4376,4.1567
4377,4.1565
4378,4.1564
4379,4.1562
4380,4.1561
4381,4.1559
4382,4.1557
4383,4.1557
4384,4.1556
4385,4.1554
4386,4.1553
4387,4.1551
4388,4.1551
4389,4.1549
4390,4.1548
4391,4.1546
4392,4.1545
4393,4.1545
4394,4.1543
4395,4.1542
4396,4.154
4397,4.154
4398,4.1538
4399,4.1537
4400,4.1537
4401,4.1535
4402,4.1534
4403,4.1532
4404,4.1532
4405,4.153
4406,4.1529
4407,4.1529
4408,4.1527
4409,4.1526
4410,4.1526
4411,4.1524
4412,4.1522
4413,4.1521
4414,4.1521
4415,4.1519
4416,4.1518
4417,4.1518
4418,4.1516
4419,4.1515
4420,4.1515
4421,4.1513
4422,4.1513
4423,4.1511
4424,4.151
4425,4.151
4426,4.1508
4427,4.1508
4428,4.1507
4429,4.1505
4430,4.1505
4431,4.1503
4432,4.1503
4433,4.1502
4434,4.15
4435,4.15
4436,4.1499
4437,4.1499
4438,4.1497
4439,4.1497
4440,4.1495
4441,4.1494
4442,4.1494
4443,4.1492
4444,4.1492
4445,4.1491
4446,4.1491
4447,4.1489
4448,4.1489
4449,4.1488
4450,4.1486
4451,4.1486
4452,4.1484
4453,4.1484
4454,4.1483
4455,4.1483
4456,4.1481
4457,4.1481
4458,4.148
4459,4.148
4460,4.1478
4461,4.1478
4462,4.1476
4463,4.1476
4464,4.1475
4465,4.1475
4466,4.1473
4467,4.1473
4468,4.1472
4469,4.1472
4470,4.147
4471,4.147
4472,4.1468
4473,4.1468
4474,4.1467
4475,4.1467
4476,4.1465
4477,4.1465
4478,4.1464
4479,4.1464
4480,4.1462
4481,4.1462
4482,4.1461
4483,4.1461
4484,4.1459
4485,4.1459
4486,4.1459
4487,4.1457
4488,4.1456
4489,4.1456
4490,4.1454
4491,4.1454
4492,4.1454
4493,4.1453
4494,4.1453
4495,4.1451
4496,4.1451
4497,4.1449
4498,4.1449
4499,4.1448
4500,4.1448
4501,4.1446
4502,4.1446
4503,4.1445
4504,4.1445
4505,4.1445
4506,4.1443
4507,4.1443
4508,4.1441
4509,4.1441
4510,4.144
4511,4.144
4512,4.1438
4513,4.1438
4514,4.1437
4515,4.1437
4516,4.1437
4517,4.1435
4518,4.1435
4519,4.1434
4520,4.1434
4521,4.1432
4522,4.1432
4523,4.143
4524,4.143
4525,4.1429
4526,4.1429
4527,4.1427
4528,4.1427
4529,4.1427
4530,4.1426
4531,4.1426
4532,4.1424
4533,4.1424
4534,4.1422
4535,4.1422
4536,4.1421
4537,4.1421
4538,4.1421
4539,4.1419
4540,4.1419
4541,4.1418
4542,4.1418
4543,4.1416
4544,4.1416
4545,4.1414
4546,4.1414
4547,4.1413
4548,4.1413
4549,4.1413
4550,4.1411
4551,4.1411
4552,4.141
4553,4.141
4554,4.1408
4555,4.1408
4556,4.1407
4557,4.1407
4558,4.1405
4559,4.1405
4560,4.1405
4561,4.1403
4562,4.1403
4563,4.1402
4564,4.1402
4565,4.14
4566,4.14
4567,4.1399
4568,4.1399
4569,4.1397
4570,4.1397
4571,4.1397
4572,4.1395
4573,4.1395
4574,4.1394
4575,4.1394
4576,4.1392
4577,4.1392
4578,4.1391
4579,4.1391
4580,4.1389
4581,4.1389
4582,4.1387
4583,4.1387
4584,4.1386
4585,4.1386
4586,4.1384
4587,4.1384
4588,4.1384
4589,4.1383
4590,4.1383
4591,4.1381
4592,4.1381
4593,4.138
4594,4.138
4595,4.1378
4596,4.1378
4597,4.1376
4598,4.1376
4599,4.1375
4600,4.1375
4601,4.1373
4602,4.1373
4603,4.1372
4604,4.1372
4605,4.137
4606,4.137
4607,4.1368
4608,4.1368
4609,4.1367
4610,4.1367
4611,4.1365
4612,4.1365
4613,4.1364
4614,4.1364
4615,4.1362
4616,4.1362
4617,4.136
4618,4.1359
4619,4.1359
4620,4.1357
4621,4.1357
4622,4.1356
4623,4.1356
4624,4.1354
4625,4.1354
4626,4.1353
4627,4.1353
4628,4.1351
4629,4.1349
4630,4.1349
4631,4.1348
4632,4.1348
4633,4.1346
4634,4.1345
4635,4.1345
4636,4.1343
4637,4.1343
4638,4.1341
4639,4.1341
4640,4.134
4641,4.1338
4642,4.1338
4643,4.1337
4644,4.1337
4645,4.1335
4646,4.1334
4647,4.1334
4648,4.1332
4649,4.1332
4650,4.133
4651,4.1329
4652,4.1329
4653,4.1327
4654,4.1326
4655,4.1326
4656,4.1324
4657,4.1322
4658,4.1322
4659,4.1321
4660,4.1319
4661,4.1319
4662,4.1318
4663,4.1316
4664,4.1316
4665,4.1316
4666,4.1314
4667,4.1314
4668,4.1313
4669,4.1313
4670,4.1313
4671,4.1313
4672,4.1311
4673,4.1311
4674,4.131
4675,4.131
4676,4.131
4677,4.131
4678,4.1308
4679,4.1308
4680,4.1307
4681,4.1307
4682,4.1305
4683,4.1305
4684,4.1305
4685,4.1305
4686,4.1303
4687,4.1303
4688,4.1302
4689,4.1302
4690,4.13
4691,4.13
4692,4.13
4693,4.13
4694,4.1299
4695,4.1299
4696,4.1297
4697,4.1297
4698,4.1295
4699,4.1295
4700,4.1295
4701,4.1295
4702,4.1294
4703,4.1294
4704,4.1292
4705,4.1292
4706,4.1291
4707,4.1289
4708,4.1289
4709,4.1287
4710,4.1286
4711,4.1284
4712,4.1283
4713,4.1281
4714,4.1281
4715,4.128
4716,4.1278
4717,4.1276
4718,4.1275
4719,4.1273
4720,4.1272
4721,4.1272
4722,4.127
4723,4.1268
4724,4.1267
4725,4.1265
4726,4.1264
4727,4.1262
4728,4.126
4729,4.126
4730,4.1259
4731,4.1257
4732,4.1256
4733,4.1254
4734,4.1253
4735,4.1251
4736,4.1249
4737,4.1248
4738,4.1246
4739,4.1245
4740,4.1243
4741,4.1241
4742,4.124
4743,4.1238
4744,4.1237
4745,4.1235
4746,4.1233
4747,4.1232
4748,4.123
4749,4.1229
4750,4.1227
4751,4.1226
4752,4.1222
4753,4.1221
4754,4.1219
4755,4.1218
4756,4.1216
4757,4.1214
4758,4.1213
4759,4.1211
4760,4.121
4761,4.1208
4762,4.1205
4763,4.1203
4764,4.1202
4765,4.12
4766,4.1199
4767,4.1197
4768,4.1195
4769,4.1192
4770,4.1191
4771,4.1189
4772,4.1187
4773,4.1186
4774,4.1183
4775,4.1181
4776,4.1179
4777,4.1178
4778,4.1175
4779,4.1173
4780,4.1172
4781,4.117
4782,4.1167
4783,4.1165
4784,4.1164
4785,4.1162
4786,4.1159
4787,4.1157
4788,4.1156
4789,4.1154
4790,4.1151
4791,4.1149
4792,4.1146
4793,4.1145
4794,4.1143
4795,4.114
4796,4.1138
4797,4.1137
4798,4.1133
4799,4.1132
4800,4.113
4801,4.1127
4802,4.1125
4803,4.1122
4804,4.1121
4805,4.1119
4806,4.1116
4807,4.1114
4808,4.1113
4809,4.111
4810,4.1108
4811,4.1105
4812,4.1103
4813,4.11
4814,4.1098
4815,4.1095
4816,4.1094
4817,4.1091
4818,4.1089
4819,4.1086
4820,4.1084
4821,4.1081
4822,4.1079
4823,4.1076
4824,4.1075
4825,4.1071
4826,4.107
4827,4.1067
4828,4.1065
4829,4.1062
4830,4.106
4831,4.1057
4832,4.1054
4833,4.1052
4834,4.1049
4835,4.1048
4836,4.1044
4837,4.1041
4838,4.104
4839,4.1037
4840,4.1035
4841,4.1032
4842,4.1029
4843,4.1027
4844,4.1024
4845,4.1022
4846,4.1019
4847,4.1016
4848,4.1014
4849,4.1011
4850,4.1008
4851,4.1006
4852,4.1003
4853,4.1
4854,4.0997
4855,4.0995
4856,4.0992
4857,4.0989
4858,4.0987
4859,4.0984
4860,4.0981
4861,4.0978
4862,4.0976
4863,4.0973
4864,4.097
4865,4.0967
4866,4.0965
4867,4.0962
4868,4.0959
4869,4.0956
4870,4.0954
4871,4.0951
4872,4.0948
4873,4.0944
4874,4.0941
4875,4.094
4876,4.0936
4877,4.0933
4878,4.093
4879,4.0927
4880,4.0925
4881,4.0922
4882,4.0919
4883,4.0916
4884,4.0913
4885,4.0911
4886,4.0908
4887,4.0905
4888,4.0902
4889,4.0898
4890,4.0895
4891,4.0892
4892,4.0889
4893,4.0887
4894,4.0884
4895,4.0881
4896,4.0878
4897,4.0875
4898,4.0871
4899,4.0868
4900,4.0865
4901,4.0862
4902,4.086
4903,4.0857
4904,4.0854
4905,4.0851
4906,4.0848
4907,4.0844
4908,4.0841
4909,4.0838
4910,4.0835
4911,4.0832
4912,4.0828
4913,4.0825
4914,4.0822
4915,4.0821
4916,4.0817
4917,4.0814
4918,4.0811
4919,4.0808
4920,4.0805
4921,4.0801
4922,4.0798
4923,4.0795
4924,4.0792
4925,4.0789
4926,4.0786
4927,4.0782
4928,4.0779
4929,4.0776
4930,4.0773
4931,4.077
4932,4.0767
4933,4.0763
4934,4.076
4935,4.0757
4936,4.0754
4937,4.0751
4938,4.0747
4939,4.0744
4940,4.0741
4941,4.0738
4942,4.0735
4943,4.0732
4944,4.0728
4945,4.0725
4946,4.0722
4947,4.0719
4948,4.0716
4949,4.0713
4950,4.0709
4951,4.0706
4952,4.0703
4953,4.07
4954,4.0697
4955,4.0693
4956,4.069
4957,4.0687
4958,4.0684
4959,4.0681
4960,4.0678
4961,4.0674
4962,4.0671
4963,4.0668
4964,4.0665
4965,4.0662
4966,4.0659
4967,4.0655
4968,4.0652
4969,4.0649
4970,4.0646
4971,4.0643
4972,4.0639
4973,4.0638
4974,4.0635
4975,4.0632
4976,4.0628
4977,4.0624
4978,4.0622
4979,4.0619
4980,4.0616
4981,4.0612
4982,4.0609
4983,4.0606
4984,4.0603
4985,4.06
4986,4.0597
4987,4.0593
4988,4.059
4989,4.0587
4990,4.0584
4991,4.0581
4992,4.0578
4993,4.0574
4994,4.0571
4995,4.0568
4996,4.0565
4997,4.0562
4998,4.0558
4999,4.0555
5000,4.0552
5001,4.0551
5002,4.0547
5003,4.0544
5004,4.0541
5005,4.0538
5006,4.0535
5007,4.0532
5008,4.0528
5009,4.0525
5010,4.0522
5011,4.0519
5012,4.0517
5013,4.0514
5014,4.0511
5015,4.0508
5016,4.0505
5017,4.0501
5018,4.0498
5019,4.0495
5020,4.0493
5021,4.049
5022,4.0487
5023,4.0484
5024,4.0481
5025,4.0478
5026,4.0474
5027,4.0473
5028,4.047
5029,4.0466
5030,4.0463
5031,4.046
5032,4.0458
5033,4.0455
5034,4.0452
5035,4.0449
5036,4.0446
5037,4.0443
5038,4.0441
5039,4.0438
5040,4.0435
5041,4.0431
5042,4.043
5043,4.0427
5044,4.0424
5045,4.042
5046,4.0419
5047,4.0416
5048,4.0412
5049,4.0411
5050,4.0408
5051,4.0404
5052,4.0401
5053,4.04
5054,4.0397
5055,4.0393
5056,4.0392
5057,4.0389
5058,4.0385
5059,4.0384
5060,4.0381
5061,4.0377
5062,4.0376
5063,4.0373
5064,4.037
5065,4.0368
5066,4.0365
5067,4.0362
5068,4.036
5069,4.0357
5070,4.0355
5071,4.0352
5072,4.035
5073,4.0347
5074,4.0344
5075,4.0343
5076,4.0339
5077,4.0338
5078,4.0335
5079,4.0331
5080,4.033
5081,4.0327
5082,4.0325
5083,4.0322
5084,4.032
5085,4.0317
5086,4.0316
5087,4.0312
5088,4.0311
5089,4.0308
5090,4.0306
5091,4.0303
5092,4.0301
5093,4.0298
5094,4.0296
5095,4.0293
5096,4.0292
5097,4.0289
5098,4.0287
5099,4.0285
5100,4.0282
5101,4.0281
5102,4.0277
5103,4.0276
5104,4.0274
5105,4.0271
5106,4.0269
5107,4.0266
5108,4.0265
5109,4.0263
5110,4.026
5111,4.0258
5112,4.0255
5113,4.0254
5114,4.0252
5115,4.0249
5116,4.0247
5117,4.0246
5118,4.0242
5119,4.0241
5120,4.0239
5121,4.0236
5122,4.0235
5123,4.0233
5124,4.0231
5125,4.0228
5126,4.0227
5127,4.0225
5128,4.0222
5129,4.022
5130,4.0219
5131,4.0217
5132,4.0214
5133,4.0212
5134,4.0211
5135,4.0209
5136,4.0206
5137,4.0204
5138,4.0203
5139,4.0201
5140,4.0198
5141,4.0196
5142,4.0195
5143,4.0193
5144,4.0192
5145,4.0188
5146,4.0187
5147,4.0185
5148,4.0184
5149,4.0182
5150,4.0179
5151,4.0177
5152,4.0176
5153,4.0174
5154,4.0173
5155,4.0171
5156,4.0169
5157,4.0166
5158,4.0165
5159,4.0163
5160,4.0161
5161,4.016
5162,4.0158
5163,4.0157
5164,4.0154
5165,4.0152
5166,4.015
5167,4.0149
5168,4.0147
5169,4.0146
5170,4.0144
5171,4.0142
5172,4.0141
5173,4.0138
5174,4.0136
5175,4.0134
5176,4.0133
5177,4.0131
5178,4.013
5179,4.0128
5180,4.0127
5181,4.0125
5182,4.0123
5183,4.0122
5184,4.012
5185,4.0119
5186,4.0115
5187,4.0115
5188,4.0112
5189,4.0111
5190,4.0109
5191,4.0107
5192,4.0106
5193,4.0104
5194,4.0103
5195,4.0101
5196,4.01
5197,4.0098
5198,4.0096
5199,4.0095
5200,4.0093
5201,4.0092
5202,4.009
5203,4.0088
5204,4.0087
5205,4.0085
5206,4.0084
5207,4.0082
5208,4.008
5209,4.0079
5210,4.0077
5211,4.0076
5212,4.0074
5213,4.0073
5214,4.0071
5215,4.0069
5216,4.0068
5217,4.0066
5218,4.0065
5219,4.0063
5220,4.0061
5221,4.006
5222,4.0058
5223,4.0057
5224,4.0055
5225,4.0053
5226,4.0052
5227,4.005
5228,4.0049
5229,4.0047
5230,4.0046
5231,4.0044
5232,4.0042
5233,4.0041
5234,4.0039
5235,4.0038
5236,4.0036
5237,4.0034
5238,4.0033
5239,4.0031
5240,4.003
5241,4.0028
5242,4.0026
5243,4.0025
5244,4.0023
5245,4.0022
5246,4.002
5247,4.0019
5248,4.0017
5249,4.0015
5250,4.0014
5251,4.0012
5252,4.0011
5253,4.0009
5254,4.0007
5255,4.0004
5256,4.0004
5257,4.0001
5258,3.9999
5259,3.9998
5260,3.9996
5261,3.9995
5262,3.9993
5263,3.9992
5264,3.999
5265,3.9988
5266,3.9987
5267,3.9985
5268,3.9984
5269,3.9982
5270,3.998
5271,3.9979
5272,3.9977
5273,3.9976
5274,3.9974
5275,3.9972
5276,3.9971
5277,3.9969
5278,3.9968
5279,3.9966
5280,3.9965
5281,3.9961
5282,3.9961
5283,3.9958
5284,3.9957
5285,3.9955
5286,3.9953
5287,3.9952
5288,3.995
5289,3.9949
5290,3.9947
5291,3.9945
5292,3.9944
5293,3.9942
5294,3.9939
5295,3.9938
5296,3.9936
5297,3.9934
5298,3.9933
5299,3.9931
5300,3.993
5301,3.9928
5302,3.9926
5303,3.9923
5304,3.9922
5305,3.992
5306,3.9918
5307,3.9917
5308,3.9915
5309,3.9914
5310,3.9911
5311,3.9909
5312,3.9907
5313,3.9906
5314,3.9904
5315,3.9903
5316,3.9899
5317,3.9898
5318,3.9896
5319,3.9895
5320,3.9893
5321,3.9892
5322,3.9888
5323,3.9887
5324,3.9885
5325,3.9884
5326,3.9882
5327,3.9879
5328,3.9877
5329,3.9876
5330,3.9874
5331,3.9871
5332,3.9869
5333,3.9868
5334,3.9866
5335,3.9863
5336,3.9861
5337,3.986
5338,3.9858
5339,3.9855
5340,3.9853
5341,3.9852
5342,3.985
5343,3.9847
5344,3.9845
5345,3.9844
5346,3.9841
5347,3.9839
5348,3.9838
5349,3.9834
5350,3.9833
5351,3.9831
5352,3.983
5353,3.9826
5354,3.9825
5355,3.9823
5356,3.982
5357,3.9818
5358,3.9817
5359,3.9814
5360,3.9812
5361,3.9811
5362,3.9807
5363,3.9806
5364,3.9804
5365,3.9801
5366,3.9799
5367,3.9796
5368,3.9795
5369,3.9793
5370,3.979
5371,3.9788
5372,3.9785
5373,3.9784
5374,3.9782
5375,3.9779
5376,3.9777
5377,3.9774
5378,3.9772
5379,3.9769
5380,3.9768
5381,3.9764
5382,3.9763
5383,3.976
5384,3.9758
5385,3.9757
5386,3.9753
5387,3.9752
5388,3.9749
5389,3.9747
5390,3.9744
5391,3.9742
5392,3.9739
5393,3.9737
5394,3.9734
5395,3.9733
5396,3.973
5397,3.9728
5398,3.9725
5399,3.9723
5400,3.972
5401,3.9717
5402,3.9715
5403,3.9712
5404,3.971
5405,3.9707
5406,3.9706
5407,3.9703
5408,3.9701
5409,3.9698
5410,3.9696
5411,3.9693
5412,3.969
5413,3.9688
5414,3.9685
5415,3.9683
5416,3.968
5417,3.9677
5418,3.9676
5419,3.9672
5420,3.9671
5421,3.9668
5422,3.9664
5423,3.9663
5424,3.966
5425,3.9656
5426,3.9655
5427,3.9652
5428,3.965
5429,3.9647
5430,3.9644
5431,3.9642
5432,3.9639
5433,3.9636
5434,3.9634
5435,3.9631
5436,3.9628
5437,3.9626
5438,3.9623
5439,3.962
5440,3.9617
5441,3.9615
5442,3.9612
5443,3.9609
5444,3.9607
5445,3.9604
5446,3.9601
5447,3.9599
5448,3.9596
5449,3.9593
5450,3.959
5451,3.9588
5452,3.9585
5453,3.9582
5454,3.958
5455,3.9577
5456,3.9574
5457,3.9571
5458,3.9569
5459,3.9566
5460,3.9563
5461,3.956
5462,3.9558
5463,3.9555
5464,3.9552
5465,3.9548
5466,3.9547
5467,3.9544
5468,3.9541
5469,3.9537
5470,3.9536
5471,3.9533
5472,3.9529
5473,3.9526
5474,3.9525
5475,3.9521
5476,3.9518
5477,3.9515
5478,3.9514
5479,3.951
5480,3.9507
5481,3.9504
5482,3.9501
5483,3.9499
5484,3.9496
5485,3.9493
5486,3.949
5487,3.9487
5488,3.9485
5489,3.9482
5490,3.9479
5491,3.9475
5492,3.9474
5493,3.9471
5494,3.9467
5495,3.9464
5496,3.9461
5497,3.946
5498,3.9456
5499,3.9453
5500,3.945
5501,3.9448
5502,3.9445
5503,3.9442
5504,3.9439
5505,3.9436
5506,3.9434
5507,3.9431
5508,3.9428
5509,3.9425
5510,3.9421
5511,3.942
5512,3.9417
5513,3.9413
5514,3.941
5515,3.9407
5516,3.9406
5517,3.9402
5518,3.9399
5519,3.9396
5520,3.9393
5521,3.9391
5522,3.9388
5523,3.9385
5524,3.9382
5525,3.938
5526,3.9377
5527,3.9374
5528,3.9371
5529,3.9367
5530,3.9366
5531,3.9363
5532,3.9359
5533,3.9356
5534,3.9353
5535,3.9352
5536,3.9348
5537,3.9345
5538,3.9342
5539,3.934
5540,3.9337
5541,3.9334
5542,3.9331
5543,3.9329
5544,3.9326
5545,3.9323
5546,3.932
5547,3.9318
5548,3.9315
5549,3.9312
5550,3.9309
5551,3.9307
5552,3.9304
5553,3.9301
5554,3.9298
5555,3.9296
5556,3.9293
5557,3.929
5558,3.9286
5559,3.9285
5560,3.9282
5561,3.9278
5562,3.9275
5563,3.9274
5564,3.9271
5565,3.9267
5566,3.9266
5567,3.9263
5568,3.9259
5569,3.9256
5570,3.9255
5571,3.9251
5572,3.9248
5573,3.9247
5574,3.9244
5575,3.924
5576,3.9237
5577,3.9236
5578,3.9232
5579,3.9229
5580,3.9228
5581,3.9224
5582,3.9221
5583,3.922
5584,3.9217
5585,3.9213
5586,3.9212
5587,3.9209
5588,3.9205
5589,3.9204
5590,3.9201
5591,3.9198
5592,3.9196
5593,3.9193
5594,3.919
5595,3.9188
5596,3.9185
5597,3.9182
5598,3.918
5599,3.9177
5600,3.9175
5601,3.9172
5602,3.9169
5603,3.9167
5604,3.9164
5605,3.9161
5606,3.9159
5607,3.9156
5608,3.9153
5609,3.9151
5610,3.9148
5611,3.9147
5612,3.9144
5613,3.914
5614,3.9139
5615,3.9136
5616,3.9134
5617,3.9131
5618,3.9128
5619,3.9126
5620,3.9123
5621,3.9121
5622,3.9118
5623,3.9117
5624,3.9113
5625,3.911
5626,3.9109
5627,3.9105
5628,3.9104
5629,3.9101
5630,3.9099
5631,3.9096
5632,3.9093
5633,3.9091
5634,3.9088
5635,3.9086
5636,3.9083
5637,3.9082
5638,3.9078
5639,3.9077
5640,3.9074
5641,3.907
5642,3.9069
5643,3.9066
5644,3.9064
5645,3.9061
5646,3.9059
5647,3.9056
5648,3.9055
5649,3.9051
5650,3.905
5651,3.9047
5652,3.9045
5653,3.9042
5654,3.904
5655,3.9037
5656,3.9036
5657,3.9032
5658,3.9031
5659,3.9028
5660,3.9026
5661,3.9023
5662,3.9021
5663,3.9018
5664,3.9016
5665,3.9013
5666,3.9012
5667,3.9009
5668,3.9007
5669,3.9004
5670,3.9002
5671,3.8999
5672,3.8997
5673,3.8994
5674,3.8993
5675,3.8989
5676,3.8988
5677,3.8985
5678,3.8983
5679,3.898
5680,3.8978
5681,3.8975
5682,3.8974
5683,3.897
5684,3.8969
5685,3.8967
5686,3.8964
5687,3.8962
5688,3.8959
5689,3.8958
5690,3.8955
5691,3.8953
5692,3.895
5693,3.8948
5694,3.8945
5695,3.8943
5696,3.8942
5697,3.8939
5698,3.8937
5699,3.8934
5700,3.8932
5701,3.8929
5702,3.8928
5703,3.8924
5704,3.8923
5705,3.8921
5706,3.8918
5707,3.8916
5708,3.8913
5709,3.8912
5710,3.8908
5711,3.8907
5712,3.8904
5713,3.8902
5714,3.8899
5715,3.8897
5716,3.8896
5717,3.8893
5718,3.8891
5719,3.8888
5720,3.8886
5721,3.8883
5722,3.8881
5723,3.8878
5724,3.8877
5725,3.8875
5726,3.8872
5727,3.887
5728,3.8867
5729,3.8866
5730,3.8862
5731,3.8861
5732,3.8858
5733,3.8856
5734,3.8854
5735,3.8851
5736,3.885
5737,3.8847
5738,3.8845
5739,3.8842
5740,3.884
5741,3.8837
5742,3.8835
5743,3.8834
5744,3.8831
5745,3.8829
5746,3.8826
5747,3.8824
5748,3.8821
5749,3.882
5750,3.8816
5751,3.8815
5752,3.8813
5753,3.881
5754,3.8808
5755,3.8805
5756,3.8804
5757,3.88
5758,3.8799
5759,3.8796
5760,3.8794
5761,3.8791
5762,3.8789
5763,3.8788
5764,3.8785
5765,3.8783
5766,3.878
5767,3.8778
5768,3.8775
5769,3.8773
5770,3.877
5771,3.8769
5772,3.8766
5773,3.8764
5774,3.8761
5775,3.8759
5776,3.8756
5777,3.8754
5778,3.8753
5779,3.875
5780,3.8748
5781,3.8745
5782,3.8743
5783,3.874
5784,3.8739
5785,3.8735
5786,3.8734
5787,3.8731
5788,3.8729
5789,3.8726
5790,3.8724
5791,3.8721
5792,3.8719
5793,3.8716
5794,3.8715
5795,3.8712
5796,3.871
5797,3.8707
5798,3.8705
5799,3.8702
5800,3.87
5801,3.8697
5802,3.8696
5803,3.8692
5804,3.8691
5805,3.8688
5806,3.8686
5807,3.8683
5808,3.8681
5809,3.8678
5810,3.8677
5811,3.8673
5812,3.8672
5813,3.8669
5814,3.8667
5815,3.8664
5816,3.8662
5817,3.8659
5818,3.8658
5819,3.8654
5820,3.8653
5821,3.865
5822,3.8648
5823,3.8645
5824,3.8643
5825,3.864
5826,3.8638
5827,3.8635
5828,3.8634
5829,3.8631
5830,3.8629
5831,3.8626
5832,3.8623
5833,3.8621
5834,3.8618
5835,3.8616
5836,3.8613
5837,3.8611
5838,3.8608
5839,3.8607
5840,3.8604
5841,3.86
5842,3.8599
5843,3.8596
5844,3.8594
5845,3.8591
5846,3.8589
5847,3.8586
5848,3.8584
5849,3.8581
5850,3.858
5851,3.8577
5852,3.8573
5853,3.8572
5854,3.8569
5855,3.8567
5856,3.8564
5857,3.8562
5858,3.8559
5859,3.8557
5860,3.8554
5861,3.8551
5862,3.855
5863,3.8546
5864,3.8545
5865,3.8542
5866,3.854
5867,3.8537
5868,3.8535
5869,3.8532
5870,3.8529
5871,3.8527
5872,3.8524
5873,3.8523
5874,3.8519
5875,3.8518
5876,3.8515
5877,3.8511
5878,3.851
5879,3.8507
5880,3.8505
5881,3.8502
5882,3.85
5883,3.8497
5884,3.8494
5885,3.8492
5886,3.8489
5887,3.8488
5888,3.8484
5889,3.8481
5890,3.848
5891,3.8477
5892,3.8475
5893,3.8472
5894,3.847
5895,3.8467
5896,3.8464
5897,3.8462
5898,3.8459
5899,3.8457
5900,3.8454
5901,3.8453
5902,3.845
5903,3.8446
5904,3.8445
5905,3.8442
5906,3.844
5907,3.8437
5908,3.8435
5909,3.8432
5910,3.8429
5911,3.8427
5912,3.8424
5913,3.8423
5914,3.8419
5915,3.8418
5916,3.8415
5917,3.8411
5918,3.841
5919,3.8407
5920,3.8405
5921,3.8402
5922,3.8399
5923,3.8397
5924,3.8394
5925,3.8392
5926,3.8389
5927,3.8388
5928,3.8384
5929,3.8383
5930,3.838
5931,3.8376
5932,3.8375
5933,3.8372
5934,3.837
5935,3.8367
5936,3.8365
5937,3.8362
5938,3.8359
5939,3.8357
5940,3.8354
5941,3.8353
5942,3.8349
5943,3.8348
5944,3.8345
5945,3.8343
5946,3.834
5947,3.8337
5948,3.8335
5949,3.8332
5950,3.833
5951,3.8327
5952,3.8326
5953,3.8322
5954,3.8321
5955,3.8318
5956,3.8315
5957,3.8313
5958,3.831
5959,3.8308
5960,3.8305
5961,3.8303
5962,3.83
5963,3.8299
5964,3.8295
5965,3.8294
5966,3.8291
5967,3.8289
5968,3.8286
5969,3.8284
5970,3.8281
5971,3.8278
5972,3.8276
5973,3.8273
5974,3.8272
5975,3.8268
5976,3.8267
5977,3.8264
5978,3.8262
5979,3.8259
5980,3.8257
5981,3.8254
5982,3.8253
5983,3.8249
5984,3.8248
5985,3.8245
5986,3.8243
5987,3.824
5988,3.8238
5989,3.8235
5990,3.8234
5991,3.823
5992,3.8229
5993,3.8226
5994,3.8224
5995,3.8221
5996,3.8219
5997,3.8216
5998,3.8214
5999,3.8211
6000,3.821
6001,3.8207
6002,3.8205
6003,3.8202
6004,3.82
6005,3.8199
6006,3.8195
6007,3.8194
6008,3.8191
6009,3.8189
6010,3.8186
6011,3.8184
6012,3.8181
6013,3.818
6014,3.8176
6015,3.8175
6016,3.8173
6017,3.817
6018,3.8168
6019,3.8165
6020,3.8164
6021,3.816
6022,3.8159
6023,3.8156
6024,3.8154
6025,3.8151
6026,3.8149
6027,3.8148
6028,3.8145
6029,3.8143
6030,3.814
6031,3.8138
6032,3.8135
6033,3.8133
6034,3.8132
6035,3.8129
6036,3.8127
6037,3.8124
6038,3.8122
6039,3.8121
6040,3.8118
6041,3.8116
6042,3.8113
6043,3.8111
6044,3.811
6045,3.8106
6046,3.8105
6047,3.8102
6048,3.81
6049,3.8099
6050,3.8095
6051,3.8094
6052,3.8091
6053,3.8089
6054,3.8087
6055,3.8084
6056,3.8083
6057,3.8079
6058,3.8078
6059,3.8076
6060,3.8073
6061,3.8072
6062,3.807
6063,3.8067
6064,3.8065
6065,3.8064
6066,3.806
6067,3.8059
6068,3.8057
6069,3.8054
6070,3.8052
6071,3.8049
6072,3.8048
6073,3.8046
6074,3.8043
6075,3.8041
6076,3.804
6077,3.8037
6078,3.8035
6079,3.8033
6080,3.803
6081,3.8029
6082,3.8027
6083,3.8024
6084,3.8022
6085,3.8021
6086,3.8018
6087,3.8016
6088,3.8014
6089,3.8011
6090,3.801
6091,3.8008
6092,3.8005
6093,3.8003
6094,3.8002
6095,3.7998
6096,3.7997
6097,3.7995
6098,3.7992
6099,3.7991
6100,3.7989
6101,3.7986
6102,3.7984
6103,3.7983
6104,3.7981
6105,3.7978
6106,3.7976
6107,3.7975
6108,3.7971
6109,3.797
6110,3.7968
6111,3.7967
6112,3.7964
6113,3.7962
6114,3.796
6115,3.7957
6116,3.7956
6117,3.7954
6118,3.7951
6119,3.7949
6120,3.7948
6121,3.7946
6122,3.7943
6123,3.7941
6124,3.794
6125,3.7938
6126,3.7935
6127,3.7933
6128,3.7932
6129,3.7929
6130,3.7927
6131,3.7925
6132,3.7924
6133,3.7921
6134,3.7919
6135,3.7917
6136,3.7916
6137,3.7913
6138,3.7911
6139,3.791
6140,3.7908
6141,3.7905
6142,3.7903
6143,3.7902
6144,3.79
6145,3.7897
6146,3.7895
6147,3.7894
6148,3.7892
6149,3.7889
6150,3.7887
6151,3.7886
6152,3.7884
6153,3.7883
6154,3.7879
6155,3.7878
6156,3.7876
6157,3.7875
6158,3.7871
6159,3.787
6160,3.7868
6161,3.7867
6162,3.7865
6163,3.7862
6164,3.786
6165,3.7859
6166,3.7857
6167,3.7856
6168,3.7852
6169,3.7851
6170,3.7849
6171,3.7848
6172,3.7844
6173,3.7843
6174,3.7841
6175,3.784
6176,3.7837
6177,3.7835
6178,3.7833
6179,3.7832
6180,3.783
6181,3.7829
6182,3.7825
6183,3.7824
6184,3.7822
6185,3.7821
6186,3.7819
6187,3.7816
6188,3.7814
6189,3.7813
6190,3.7811
6191,3.781
6192,3.7806
6193,3.7805
6194,3.7803
6195,3.7802
6196,3.78
6197,3.7797
6198,3.7795
6199,3.7794
6200,3.7792
6201,3.779
6202,3.7789
6203,3.7786
6204,3.7784
6205,3.7783
6206,3.7781
6207,3.7779
6208,3.7776
6209,3.7775
6210,3.7773
6211,3.7771
6212,3.777
6213,3.7768
6214,3.7765
6215,3.7763
6216,3.7762
6217,3.776
6218,3.7759
6219,3.7757
6220,3.7754
6221,3.7752
6222,3.7751
6223,3.7749
6224,3.7748
6225,3.7746
6226,3.7744
6227,3.7741
6228,3.774
6229,3.7738
6230,3.7736
6231,3.7735
6232,3.7733
6233,3.773
6234,3.7729
6235,3.7727
6236,3.7725
6237,3.7724
6238,3.7722
6239,3.7721
6240,3.7717
6241,3.7716
6242,3.7714
6243,3.7713
6244,3.7711
6245,3.7709
6246,3.7708
6247,3.7705
6248,3.7703
6249,3.7702
6250,3.77
6251,3.7698
6252,3.7697
6253,3.7695
6254,3.7692
6255,3.769
6256,3.7689
6257,3.7687
6258,3.7686
6259,3.7684
6260,3.7682
6261,3.7679
6262,3.7678
6263,3.7676
6264,3.7675
6265,3.7673
6266,3.7671
6267,3.767
6268,3.7667
6269,3.7665
6270,3.7663
6271,3.7662
6272,3.766
6273,3.7659
6274,3.7657
6275,3.7655
6276,3.7652
6277,3.7651
6278,3.7649
6279,3.7648
6280,3.7646
6281,3.7644
6282,3.7643
6283,3.7641
6284,3.764
6285,3.7636
6286,3.7635
6287,3.7633
6288,3.7632
6289,3.763
6290,3.7628
6291,3.7627
6292,3.7625
6293,3.7622
6294,3.7621
6295,3.7619
6296,3.7617
6297,3.7616
6298,3.7614
6299,3.7613
6300,3.7609
6301,3.7608
6302,3.7606
6303,3.7605
6304,3.7603
6305,3.7601
6306,3.76
6307,3.7598
6308,3.7597
6309,3.7595
6310,3.7592
6311,3.759
6312,3.7589
6313,3.7587
6314,3.7586
6315,3.7584
6316,3.7582
6317,3.7581
6318,3.7579
6319,3.7578
6320,3.7574
6321,3.7573
6322,3.7571
6323,3.757
6324,3.7568
6325,3.7567
6326,3.7565
6327,3.7563
6328,3.756
6329,3.7559
6330,3.7557
6331,3.7555
6332,3.7554
6333,3.7552
6334,3.7551
6335,3.7549
6336,3.7547
6337,3.7546
6338,3.7543
6339,3.7541
6340,3.754
6341,3.7538
6342,3.7536
6343,3.7535
6344,3.7533
6345,3.7532
6346,3.753
6347,3.7528
6348,3.7527
6349,3.7524
6350,3.7522
6351,3.752
6352,3.7519
6353,3.7517
6354,3.7516
6355,3.7514
6356,3.7513
6357,3.7511
6358,3.7508
6359,3.7506
6360,3.7505
6361,3.7503
6362,3.7501
6363,3.75
6364,3.7498
6365,3.7497
6366,3.7495
6367,3.7493
6368,3.749
6369,3.7489
6370,3.7487
6371,3.7486
6372,3.7484
6373,3.7482
6374,3.7481
6375,3.7479
6376,3.7478
6377,3.7476
6378,3.7473
6379,3.7471
6380,3.747
6381,3.7468
6382,3.7466
6383,3.7465
6384,3.7463
6385,3.7462
6386,3.746
6387,3.7459
6388,3.7457
6389,3.7455
6390,3.7452
6391,3.7451
6392,3.7449
6393,3.7447
6394,3.7446
6395,3.7444
6396,3.7443
6397,3.7441
6398,3.7439
6399,3.7438
6400,3.7436
6401,3.7433
6402,3.7432
6403,3.743
6404,3.7428
6405,3.7427
6406,3.7425
6407,3.7424
6408,3.7422
6409,3.742
6410,3.7419
6411,3.7417
6412,3.7414
6413,3.7412
6414,3.7411
6415,3.7409
6416,3.7408
6417,3.7406
6418,3.7405
6419,3.7403
6420,3.7401
6421,3.74
6422,3.7397
6423,3.7395
6424,3.7393
6425,3.7392
6426,3.739
6427,3.7389
6428,3.7387
6429,3.7385
6430,3.7384
6431,3.7382
6432,3.7381
6433,3.7378
6434,3.7376
6435,3.7374
6436,3.7373
6437,3.7371
6438,3.737
6439,3.7368
6440,3.7366
6441,3.7365
6442,3.7362
6443,3.736
6444,3.7358
6445,3.7357
6446,3.7355
6447,3.7354
6448,3.7352
6449,3.7351
6450,3.7349
6451,3.7347
6452,3.7346
6453,3.7344
6454,3.7341
6455,3.7339
6456,3.7338
6457,3.7336
6458,3.7335
6459,3.7333
6460,3.7331
6461,3.733
6462,3.7328
6463,3.7327
6464,3.7324
6465,3.7322
6466,3.732
6467,3.7319
6468,3.7317
6469,3.7316
6470,3.7314
6471,3.7312
6472,3.7311
6473,3.7309
6474,3.7306
6475,3.7304
6476,3.7303
6477,3.7301
6478,3.73
6479,3.7298
6480,3.7297
6481,3.7295
6482,3.7293
6483,3.729
6484,3.7289
6485,3.7287
6486,3.7285
6487,3.7284
6488,3.7282
6489,3.7281
6490,3.7279
6491,3.7277
6492,3.7276
6493,3.7274
6494,3.7271
6495,3.727
6496,3.7268
6497,3.7266
6498,3.7265
6499,3.7263
6500,3.7262
6501,3.726
6502,3.7258
6503,3.7255
6504,3.7254
6505,3.7252
6506,3.725
6507,3.7249
6508,3.7247
6509,3.7246
6510,3.7244
6511,3.7243
6512,3.7239
6513,3.7238
6514,3.7236
6515,3.7235
6516,3.7233
6517,3.7231
6518,3.723
6519,3.7228
6520,3.7227
6521,3.7225
6522,3.7222
6523,3.722
6524,3.7219
6525,3.7217
6526,3.7216
6527,3.7214
6528,3.7212
6529,3.7211
6530,3.7209
6531,3.7206
6532,3.7204
6533,3.7203
6534,3.7201
6535,3.72
6536,3.7198
6537,3.7196
6538,3.7195
6539,3.7193
6540,3.719
6541,3.7189
6542,3.7187
6543,3.7185
6544,3.7184
6545,3.7182
6546,3.7181
6547,3.7179
6548,3.7176
6549,3.7174
6550,3.7173
6551,3.7171
6552,3.7169
6553,3.7168
6554,3.7166
6555,3.7165
6556,3.7163
6557,3.716
6558,3.7158
6559,3.7157
6560,3.7155
6561,3.7154
6562,3.7152
6563,3.715
6564,3.7149
6565,3.7146
6566,3.7144
6567,3.7142
6568,3.7141
6569,3.7139
6570,3.7138
6571,3.7136
6572,3.7135
6573,3.7131
6574,3.713
6575,3.7128
6576,3.7127
6577,3.7125
6578,3.7123
6579,3.7122
6580,3.712
6581,3.7119
6582,3.7115
6583,3.7114
6584,3.7112
6585,3.7111
6586,3.7109
6587,3.7108
6588,3.7106
6589,3.7103
6590,3.7101
6591,3.71
6592,3.7098
6593,3.7096
6594,3.7095
6595,3.7093
6596,3.7092
6597,3.7089
6598,3.7087
6599,3.7085
6600,3.7084
6601,3.7082
6602,3.7081
6603,3.7079
6604,3.7077
6605,3.7074
6606,3.7073
6607,3.7071
6608,3.7069
6609,3.7068
6610,3.7066
6611,3.7063
6612,3.7062
6613,3.706
6614,3.7058
6615,3.7057
6616,3.7055
6617,3.7054
6618,3.7052
6619,3.7049
6620,3.7047
6621,3.7046
6622,3.7044
6623,3.7042
6624,3.7041
6625,3.7039
6626,3.7036
6627,3.7035
6628,3.7033
6629,3.7031
6630,3.703
6631,3.7028
6632,3.7027
6633,3.7023
6634,3.7022
6635,3.702
6636,3.7019
6637,3.7017
6638,3.7015
6639,3.7014
6640,3.7011
6641,3.7009
6642,3.7008
6643,3.7006
6644,3.7004
6645,3.7003
6646,3.7001
6647,3.6998
6648,3.6996
6649,3.6995
6650,3.6993
6651,3.6992
6652,3.699
6653,3.6988
6654,3.6985
6655,3.6984
6656,3.6982
6657,3.6981
6658,3.6979
6659,3.6977
6660,3.6974
6661,3.6973
6662,3.6971
6663,3.6969
6664,3.6968
6665,3.6966
6666,3.6965
6667,3.6961
6668,3.696
6669,3.6958
6670,3.6957
6671,3.6955
6672,3.6952
6673,3.6952
6674,3.6949
6675,3.6947
6676,3.6946
6677,3.6944
6678,3.6942
6679,3.6941
6680,3.6938
6681,3.6936
6682,3.6934
6683,3.6933
6684,3.6931
6685,3.693
6686,3.6928
6687,3.6925
6688,3.6923
6689,3.6922
6690,3.692
6691,3.6919
6692,3.6917
6693,3.6914
6694,3.6912
6695,3.6911
6696,3.6909
6697,3.6907
6698,3.6906
6699,3.6903
6700,3.6901
6701,3.69
6702,3.6898
6703,3.6896
6704,3.6895
6705,3.6892
6706,3.689
6707,3.6888
6708,3.6887
6709,3.6885
6710,3.6884
6711,3.6882
6712,3.6879
6713,3.6877
6714,3.6876
6715,3.6874
6716,3.6873
6717,3.6871
6718,3.6868
6719,3.6866
6720,3.6865
6721,3.6863
6722,3.6861
6723,3.686
6724,3.6858
6725,3.6855
6726,3.6853
6727,3.6852
6728,3.685
6729,3.6849
6730,3.6846
6731,3.6844
6732,3.6842
6733,3.6841
6734,3.6839
6735,3.6838
6736,3.6834
6737,3.6833
6738,3.6831
6739,3.683
6740,3.6828
6741,3.6826
6742,3.6823
6743,3.6822
6744,3.682
6745,3.6819
6746,3.6817
6747,3.6815
6748,3.6814
6749,3.6811
6750,3.6809
6751,3.6807
6752,3.6806
6753,3.6804
6754,3.6801
6755,3.6799
6756,3.6798
6757,3.6796
6758,3.6795
6759,3.6793
6760,3.6792
6761,3.679
6762,3.6787
6763,3.6785
6764,3.6784
6765,3.6782
6766,3.6779
6767,3.6777
6768,3.6776
6769,3.6774
6770,3.6772
6771,3.6771
6772,3.6768
6773,3.6766
6774,3.6765
6775,3.6763
6776,3.6761
6777,3.676
6778,3.6757
6779,3.6755
6780,3.6753
6781,3.6752
6782,3.675
6783,3.6749
6784,3.6747
6785,3.6745
6786,3.6742
6787,3.6742
6788,3.6739
6789,3.6738
6790,3.6736
6791,3.6734
6792,3.6733
6793,3.673
6794,3.6728
6795,3.6726
6796,3.6725
6797,3.6723
6798,3.6722
6799,3.6718
6800,3.6717
6801,3.6715
6802,3.6714
6803,3.6712
6804,3.6709
6805,3.6709
6806,3.6707
6807,3.6706
6808,3.6703
6809,3.6701
6810,3.6699
6811,3.6698
6812,3.6696
6813,3.6693
6814,3.6693
6815,3.669
6816,3.6688
6817,3.6685
6818,3.6685
6819,3.6682
6820,3.668
6821,3.6679
6822,3.6677
6823,3.6676
6824,3.6674
6825,3.6672
6826,3.6671
6827,3.6669
6828,3.6666
6829,3.6666
6830,3.6663
6831,3.6661
6832,3.666
6833,3.6657
6834,3.6655
6835,3.6653
6836,3.6652
6837,3.665
6838,3.6649
6839,3.6647
6840,3.6645
6841,3.6642
6842,3.6641
6843,3.6639
6844,3.6637
6845,3.6636
6846,3.6634
6847,3.6633
6848,3.663
6849,3.6628
6850,3.6626
6851,3.6625
6852,3.6623
6853,3.6622
6854,3.662
6855,3.6618
6856,3.6615
6857,3.6614
6858,3.6612
6859,3.661
6860,3.6609
6861,3.6607
6862,3.6606
6863,3.6603
6864,3.6601
6865,3.6599
6866,3.6598
6867,3.6596
6868,3.6595
6869,3.6593
6870,3.6591
6871,3.6588
6872,3.6587
6873,3.6585
6874,3.6583
6875,3.6582
6876,3.658
6877,3.6579
6878,3.6577
6879,3.6574
6880,3.6572
6881,3.6571
6882,3.6569
6883,3.6568
6884,3.6566
6885,3.6564
6886,3.6563
6887,3.6561
6888,3.6558
6889,3.6556
6890,3.6555
6891,3.6553
6892,3.6552
6893,3.655
6894,3.6549
6895,3.6547
6896,3.6545
6897,3.6542
6898,3.6541
6899,3.6539
6900,3.6537
6901,3.6536
6902,3.6534
6903,3.6533
6904,3.6531
6905,3.6528
6906,3.6526
6907,3.6525
6908,3.6523
6909,3.6522
6910,3.652
6911,3.6518
6912,3.6517
6913,3.6515
6914,3.6512
6915,3.651
6916,3.6509
6917,3.6507
6918,3.6506
6919,3.6504
6920,3.6502
6921,3.6501
6922,3.6499
6923,3.6498
6924,3.6496
6925,3.6493
6926,3.6491
6927,3.649
6928,3.6488
6929,3.6487
6930,3.6485
6931,3.6483
6932,3.6482
6933,3.648
6934,3.6477
6935,3.6475
6936,3.6474
6937,3.6472
6938,3.6471
6939,3.6469
6940,3.6468
6941,3.6466
6942,3.6464
6943,3.6461
6944,3.646
6945,3.6458
6946,3.6456
6947,3.6455
6948,3.6453
6949,3.6452
6950,3.645
6951,3.6448
6952,3.6447
6953,3.6444
6954,3.6442
6955,3.6441
6956,3.6439
6957,3.6437
6958,3.6436
6959,3.6434
6960,3.6433
6961,3.6429
6962,3.6428
6963,3.6426
6964,3.6425
6965,3.6423
6966,3.6421
6967,3.642
6968,3.6418
6969,3.6417
6970,3.6414
6971,3.6412
6972,3.641
6973,3.6409
6974,3.6407
6975,3.6406
6976,3.6404
6977,3.6402
6978,3.6399
6979,3.6398
6980,3.6396
6981,3.6395
6982,3.6393
6983,3.6391
6984,3.639
6985,3.6388
6986,3.6387
6987,3.6383
6988,3.6382
6989,3.638
6990,3.6379
6991,3.6377
6992,3.6375
6993,3.6374
6994,3.6371
6995,3.6369
6996,3.6368
6997,3.6366
6998,3.6364
6999,3.6363
7000,3.6361
7001,3.6358
7002,3.6356
7003,3.6355
7004,3.6353
7005,3.6352
7006,3.635
7007,3.6347
7008,3.6345
7009,3.6344
7010,3.6342
7011,3.6341
7012,3.6339
7013,3.6336
7014,3.6334
7015,3.6333
7016,3.6331
7017,3.6329
7018,3.6328
7019,3.6325
7020,3.6323
7021,3.6321
7022,3.632
7023,3.6318
7024,3.6315
7025,3.6314
7026,3.6312
7027,3.631
7028,3.6309
7029,3.6307
7030,3.6304
7031,3.6302
7032,3.6301
7033,3.6299
7034,3.6296
7035,3.6294
7036,3.6293
7037,3.6291
7038,3.629
7039,3.6287
7040,3.6285
7041,3.6283
7042,3.6282
7043,3.6279
7044,3.6277
7045,3.6275
7046,3.6274
7047,3.6272
7048,3.6269
7049,3.6267
7050,3.6266
7051,3.6264
7052,3.6261
7053,3.626
7054,3.6258
7055,3.6255
7056,3.6253
7057,3.6252
7058,3.625
7059,3.6247
7060,3.6245
7061,3.6244
7062,3.624
7063,3.6239
7064,3.6237
7065,3.6236
7066,3.6233
7067,3.6231
7068,3.6229
7069,3.6226
7070,3.6225
7071,3.6223
7072,3.622
7073,3.6218
7074,3.6217
7075,3.6213
7076,3.6212
7077,3.621
7078,3.6207
7079,3.6206
7080,3.6204
7081,3.6201
7082,3.6199
7083,3.6198
7084,3.6194
7085,3.6193
7086,3.6191
7087,3.6188
7088,3.6186
7089,3.6183
7090,3.6182
7091,3.618
7092,3.6177
7093,3.6175
7094,3.6172
7095,3.6171
7096,3.6167
7097,3.6166
7098,3.6164
7099,3.6161
7100,3.6159
7101,3.6156
7102,3.6155
7103,3.6152
7104,3.615
7105,3.6148
7106,3.6145
7107,3.6144
7108,3.614
7109,3.6139
7110,3.6136
7111,3.6134
7112,3.6131
7113,3.6129
7114,3.6126
7115,3.6125
7116,3.6121
7117,3.612
7118,3.6117
7119,3.6113
7120,3.6112
7121,3.6109
7122,3.6107
7123,3.6104
7124,3.6101
7125,3.6099
7126,3.6096
7127,3.6094
7128,3.6091
7129,3.609
7130,3.6086
7131,3.6083
7132,3.6082
7133,3.6078
7134,3.6075
7135,3.6074
7136,3.6071
7137,3.6069
7138,3.6066
7139,3.6063
7140,3.6061
7141,3.6058
7142,3.6055
7143,3.6051
7144,3.605
7145,3.6047
7146,3.6044
7147,3.604
7148,3.6039
7149,3.6036
7150,3.6032
7151,3.6029
7152,3.6026
7153,3.6024
7154,3.6021
7155,3.6018
7156,3.6015
7157,3.6012
7158,3.601
7159,3.6007
7160,3.6004
7161,3.6001
7162,3.5997
7163,3.5994
7164,3.5991
7165,3.5988
7166,3.5986
7167,3.5983
7168,3.598
7169,3.5977
7170,3.5974
7171,3.597
7172,3.5967
7173,3.5964
7174,3.5961
7175,3.5958
7176,3.5955
7177,3.5951
7178,3.5948
7179,3.5945
7180,3.5942
7181,3.5939
7182,3.5936
7183,3.5931
7184,3.5928
7185,3.5924
7186,3.5921
7187,3.5918
7188,3.5915
7189,3.5912
7190,3.5909
7191,3.5904
7192,3.5901
7193,3.5897
7194,3.5894
7195,3.5891
7196,3.5886
7197,3.5883
7198,3.588
7199,3.5875
7200,3.5872
7201,3.5869
7202,3.5866
7203,3.5861
7204,3.5858
7205,3.5853
7206,3.585
7207,3.5847
7208,3.5842
7209,3.5839
7210,3.5835
7211,3.5831
7212,3.5828
7213,3.5823
7214,3.582
7215,3.5815
7216,3.5812
7217,3.5807
7218,3.5804
7219,3.5799
7220,3.5794
7221,3.5791
7222,3.5786
7223,3.5783
7224,3.5778
7225,3.5774
7226,3.577
7227,3.5766
7228,3.5761
7229,3.5758
7230,3.5753
7231,3.5748
7232,3.5745
7233,3.574
7234,3.5735
7235,3.5731
7236,3.5726
7237,3.5723
7238,3.5718
7239,3.5713
7240,3.5708
7241,3.5704
7242,3.5699
7243,3.5694
7244,3.5689
7245,3.5685
7246,3.568
7247,3.5675
7248,3.5672
7249,3.5666
7250,3.5661
7251,3.5656
7252,3.5651
7253,3.5647
7254,3.5642
7255,3.5637
7256,3.5632
7257,3.5627
7258,3.5623
7259,3.5616
7260,3.5612
7261,3.5607
7262,3.5602
7263,3.5596
7264,3.5591
7265,3.5586
7266,3.5581
7267,3.5575
7268,3.557
7269,3.5566
7270,3.5559
7271,3.5554
7272,3.555
7273,3.5543
7274,3.5539
7275,3.5532
7276,3.5527
7277,3.5521
7278,3.5516
7279,3.5512
7280,3.5505
7281,3.55
7282,3.5494
7283,3.5488
7284,3.5483
7285,3.5477
7286,3.5472
7287,3.5465
7288,3.5459
7289,3.5454
7290,3.5448
7291,3.5443
7292,3.5437
7293,3.5431
7294,3.5424
7295,3.5419
7296,3.5413
7297,3.5407
7298,3.5402
7299,3.5396
7300,3.5389
7301,3.5383
7302,3.5378
7303,3.5372
7304,3.5365
7305,3.5359
7306,3.5353
7307,3.5348
7308,3.5342
7309,3.5335
7310,3.5329
7311,3.5323
7312,3.5316
7313,3.531
7314,3.5303
7315,3.5299
7316,3.5292
7317,3.5286
7318,3.528
7319,3.5273
7320,3.5267
7321,3.5261
7322,3.5254
7323,3.5248
7324,3.5242
7325,3.5235
7326,3.5229
7327,3.5222
7328,3.5216
7329,3.521
7330,3.5202
7331,3.5195
7332,3.5189
7333,3.5183
7334,3.5176
7335,3.517
7336,3.5164
7337,3.5156
7338,3.5149
7339,3.5143
7340,3.5137
7341,3.5129
7342,3.5122
7343,3.5116
7344,3.5108
7345,3.5102
7346,3.5095
7347,3.5087
7348,3.5081
7349,3.5073
7350,3.5067
7351,3.5059
7352,3.5053
7353,3.5045
7354,3.5038
7355,3.503
7356,3.5022
7357,3.5016
7358,3.5008
7359,3.5
7360,3.4992
7361,3.4984
7362,3.4978
7363,3.4968
7364,3.4962
7365,3.4954
7366,3.4946
7367,3.4937
7368,3.4929
7369,3.4921
7370,3.4913
7371,3.4903
7372,3.4895
7373,3.4887
7374,3.4878
7375,3.487
7376,3.486
7377,3.4851
7378,3.4843
7379,3.4833
7380,3.4824
7381,3.4814
7382,3.4805
7383,3.4795
7384,3.4786
7385,3.4776
7386,3.4767
7387,3.4757
7388,3.4746
7389,3.4737
7390,3.4727
7391,3.4716
7392,3.4705
7393,3.4695
7394,3.4684
7395,3.4673
7396,3.4662
7397,3.4651
7398,3.464
7399,3.4629
7400,3.4617
7401,3.4605
7402,3.4594
7403,3.4581
7404,3.457
7405,3.4557
7406,3.4544
7407,3.4533
7408,3.4521
7409,3.4508
7410,3.4494
7411,3.4481
7412,3.4468
7413,3.4454
7414,3.4441
7415,3.4427
7416,3.4414
7417,3.44
7418,3.4386
7419,3.4371
7420,3.4357
7421,3.4343
7422,3.4327
7423,3.4313
7424,3.4297
7425,3.4282
7426,3.4266
7427,3.4251
7428,3.4235
7429,3.4219
7430,3.4203
7431,3.4187
7432,3.4171
7433,3.4154
7434,3.4138
7435,3.412
7436,3.4103
7437,3.4085
7438,3.4068
7439,3.405
7440,3.4033
7441,3.4016
7442,3.3996
7443,3.3979
7444,3.396
7445,3.3941
7446,3.3922
7447,3.3904
7448,3.3884
7449,3.3865
7450,3.3846
7451,3.3825
7452,3.3806
7453,3.3785
7454,3.3765
7455,3.3744
7456,3.3723
7457,3.3703
7458,3.3682
7459,3.366
7460,3.3639
7461,3.3617
7462,3.3596
7463,3.3574
7464,3.3552
7465,3.353
7466,3.3506
7467,3.3484
7468,3.346
7469,3.3437
7470,3.3414
7471,3.339
7472,3.3366
7473,3.3342
7474,3.3317
7475,3.3293
7476,3.3268
7477,3.3244
7478,3.3219
7479,3.3193
7480,3.3166
7481,3.3141
7482,3.3115
7483,3.3088
7484,3.3061
7485,3.3036
7486,3.3007
7487,3.298
7488,3.2953
7489,3.2925
7490,3.2898
7491,3.2869
7492,3.2841
7493,3.2812
7494,3.2782
7495,3.2753
7496,3.2723
7497,3.2693
7498,3.2663
7499,3.2633
7500,3.2602
7501,3.2571
7502,3.2539
7503,3.2509
7504,3.2475
7505,3.2443
7506,3.2412
7507,3.2378
7508,3.2345
7509,3.2312
7510,3.2278
7511,3.2243
7512,3.221
7513,3.2175
7514,3.214
7515,3.2105
7516,3.2069
7517,3.2032
7518,3.1996
7519,3.1959
7520,3.1922
7521,3.1884
7522,3.1846
7523,3.1808
7524,3.177
7525,3.1732
7526,3.1692
7527,3.1652
7528,3.1613
7529,3.1571
7530,3.153
7531,3.1489
7532,3.1447
7533,3.1405
7534,3.1363
7535,3.1319
7536,3.1276
7537,3.1233
7538,3.1188
7539,3.1142
7540,3.1098
7541,3.1052
7542,3.1006
7543,3.096
7544,3.0912
7545,3.0864
7546,3.0817
7547,3.0768
7548,3.0718
7549,3.0669
7550,3.062
7551,3.0569
7552,3.0518
7553,3.0466
7554,3.0413
7555,3.0361
7556,3.0307
7557,3.0253
7558,3.0199
7559,3.0143
7560,3.0088
7561,3.003
7562,2.9973
7563,2.9916
7564,2.9857
7565,2.9798
7566,2.974
7567,2.9679
7568,2.9617
7569,2.9555
7570,2.9493
7571,2.943
7572,2.9366
7573,2.9301
7574,2.9236
7575,2.9169
7576,2.9101
7577,2.9033
7578,2.8964
7579,2.8895
7580,2.8823
7581,2.8752
7582,2.868
7583,2.8607
7584,2.8532
7585,2.8456
7586,2.838
7587,2.8302
7588,2.8224
7589,2.8145
7590,2.8064
7591,2.7983
7592,2.79
7593,2.7816
7594,2.773
7595,2.7644
7596,2.7557
7597,2.747
7598,2.7379
7599,2.7288
7600,2.7198
7601,2.7104
7602,2.701
7603,2.6915
7604,2.6818
7605,2.6721
7606,2.6621
7607,2.6523
7608,2.6421
7609,2.6319
7610,2.6216
7611,2.6113
7612,2.6006
7613,2.5902
7614,2.5794
7615,2.5684
7616,2.5574
7617,2.5465
7618,2.5352
7619,2.5239
7620,2.5125
7621,2.5009
7622,2.4999
7623,2.5139
7624,2.6157
7625,2.7177
7626,2.8205
7627,2.8982
7628,2.9984
7629,3.0812
7630,3.1813
7631,3.1926
7632,3.2706
7633,3.3285
7634,3.3712
7635,3.4023
7636,3.4244
7637,3.4395
7638,3.45
7639,3.4573
7640,3.4627
7641,3.4668
7642,3.4702
7643,3.4729
7644,3.4751
7645,3.4771
7646,3.4789
7647,3.4805
7648,3.4818
7649,3.483
7650,3.4841
7651,3.4852
7652,3.4862
7653,3.4872
7654,3.4881
7655,3.4889
7656,3.4895
7657,3.4903
7658,3.491
7659,3.4916
7660,3.4922
7661,3.4927
7662,3.4933
7663,3.4938
7664,3.4943
7665,3.4949
7666,3.4953
7667,3.4957
7668,3.4962
7669,3.4967
7670,3.497
7671,3.4975
7672,3.4978
7673,3.4981
7674,3.4986
7675,3.4989
7676,3.4992
7677,3.4995
7678,3.4999
7679,3.5002
7680,3.5005
7681,3.5008
7682,3.501
7683,3.5013
7684,3.5016
7685,3.5018
7686,3.5021
7687,3.5024
7688,3.5026
7689,3.5029
7690,3.5032
7691,3.5033
7692,3.5035
7693,3.5038
7694,3.504
7695,3.5043
7696,3.5045
7697,3.5046
7698,3.5049
7699,3.5051
7700,3.5053
7701,3.5054
7702,3.5057
7703,3.5059
7704,3.506
7705,3.5062
7706,3.5064
7707,3.5065
7708,3.5068
7709,3.507
7710,3.5072
7711,3.5073
7712,3.5075
7713,3.5076
7714,3.5078
7715,3.508
7716,3.5081
7717,3.5083
7718,3.5084
7719,3.5086
7720,3.5086
7721,3.5087
7722,3.5089
7723,3.5091
7724,3.5092
7725,3.5094
7726,3.5095
7727,3.5097
7728,3.5099
7729,3.5099
7730,3.51
7731,3.5102
7732,3.5103
7733,3.5103
7734,3.5105
7735,3.5107
7736,3.5108
7737,3.511
7738,3.511
7739,3.5111
7740,3.5113
7741,3.5113
7742,3.5114
7743,3.5116
7744,3.5116
7745,3.5118
7746,3.5119
7747,3.5119
7748,3.5121
7749,3.5122
7750,3.5124
7751,3.5124
7752,3.5126
7753,3.5126
7754,3.5127
7755,3.5129
7756,3.5129
7757,3.513
7758,3.513
7759,3.5132
7760,3.5132
7761,3.5134
7762,3.5135
7763,3.5135
7764,3.5137
7765,3.5137
7766,3.5138
7767,3.5138
7768,3.514
7769,3.514
7770,3.5141
7771,3.5141
7772,3.5143
7773,3.5145
7774,3.5145
7775,3.5146
7776,3.5146
7777,3.5146
7778,3.5148
7779,3.5148
7780,3.5149
7781,3.5149
7782,3.5151
7783,3.5151
7784,3.5153
7785,3.5153
7786,3.5154
7787,3.5154
7788,3.5156
7789,3.5156
7790,3.5156
7791,3.5157
7792,3.5157
7793,3.5159
7794,3.5159
7795,3.5161
7796,3.5161
7797,3.5162
7798,3.5162
7799,3.5162
7800,3.5164
7801,3.5164
7802,3.5165
7803,3.5165
7804,3.5165
7805,3.5167
7806,3.5167
7807,3.5168
7808,3.5168
7809,3.5256
7810,3.5674
7811,3.5709
7812,3.5731
7813,3.5747
7814,3.576
7815,3.5769
7816,3.5779
7817,3.5787
7818,3.5795
7819,3.5801
7820,3.5807
7821,3.5814
7822,3.582
7823,3.5825
7824,3.5829
7825,3.5836
7826,3.5841
7827,3.5845
7828,3.5849
7829,3.5853
7830,3.5858
7831,3.5863
7832,3.5866
7833,3.5871
7834,3.5874
7835,3.5877
7836,3.5882
7837,3.5885
7838,3.5888
7839,3.5893
7840,3.5896
7841,3.5899
7842,3.5903
7843,3.5906
7844,3.5909
7845,3.5912
7846,3.5915
7847,3.5918
7848,3.5922
7849,3.5925
7850,3.5928
7851,3.5931
7852,3.5934
7853,3.5938
7854,3.5941
7855,3.5944
7856,3.5945
7857,3.5949
7858,3.5952
7859,3.5955
7860,3.5958
7861,3.596
7862,3.5963
7863,3.5966
7864,3.5969
7865,3.5971
7866,3.5974
7867,3.5976
7868,3.5979
7869,3.5982
7870,3.5984
7871,3.5987
7872,3.5988
7873,3.5992
7874,3.5995
7875,3.5996
7876,3.5999
7877,3.6001
7878,3.6004
7879,3.6006
7880,3.6009
7881,3.6011
7882,3.6014
7883,3.6015
7884,3.6017
7885,3.602
7886,3.6022
7887,3.6025
7888,3.6026
7889,3.6028
7890,3.6031
7891,3.6033
7892,3.6036
7893,3.6038
7894,3.6039
7895,3.6042
7896,3.6044
7897,3.6046
7898,3.6049
7899,3.605
7900,3.6052
7901,3.6055
7902,3.6057
7903,3.6058
7904,3.606
7905,3.6061
7906,3.6065
7907,3.6066
7908,3.6068
7909,3.6069
7910,3.6073
7911,3.6074
7912,3.6076
7913,3.6077
7914,3.6079
7915,3.6082
7916,3.6084
7917,3.6085
7918,3.6087
7919,3.6088
7920,3.609
7921,3.6093
7922,3.6095
7923,3.6096
7924,3.6098
7925,3.61
7926,3.6101
7927,3.6103
7928,3.6104
7929,3.6106
7930,3.6107
7931,3.6111
7932,3.6112
7933,3.6114
7934,3.6115
7935,3.6117
7936,3.6119
7937,3.612
7938,3.6122
7939,3.6123
7940,3.6125
7941,3.6127
7942,3.6128
7943,3.613
7944,3.6131
7945,3.6133
7946,3.6134
7947,3.6136
7948,3.6138
7949,3.6139
7950,3.6141
7951,3.6142
7952,3.6144
7953,3.6146
7954,3.6147
7955,3.6149
7956,3.615
7957,3.6152
7958,3.6154
7959,3.6155
7960,3.6157
7961,3.6158
7962,3.616
7963,3.6162
7964,3.6163
7965,3.6165
7966,3.6166
7967,3.6168
7968,3.6169
7969,3.6171
7970,3.6173
7971,3.6174
7972,3.6176
7973,3.6177
7974,3.6179
7975,3.6179
7976,3.6181
7977,3.6182
7978,3.6184
7979,3.6185
7980,3.6187
7981,3.6189
7982,3.619
7983,3.6192
7984,3.6193
7985,3.6195
7986,3.6196
7987,3.6196
7988,3.6198
7989,3.62
7990,3.6201
7991,3.6203
7992,3.6204
7993,3.6206
7994,3.6208
7995,3.6209
7996,3.6211
7997,3.6211
7998,3.6212
7999,3.6214
8000,3.6216
8001,3.6217
8002,3.6219
8003,3.622
8004,3.6222
8005,3.6222
8006,3.6223
8007,3.6225
8008,3.6227
8009,3.6228
8010,3.623
8011,3.6231
8012,3.6233
8013,3.6235
8014,3.6235
8015,3.6236
8016,3.6238
8017,3.6239
8018,3.6241
8019,3.6243
8020,3.6243
8021,3.6244
8022,3.6246
8023,3.6247
8024,3.6249
8025,3.625
8026,3.6252
8027,3.6254
8028,3.6254
8029,3.6255
8030,3.6257
8031,3.6258
8032,3.626
8033,3.6262
8034,3.6262
8035,3.6263
8036,3.6265
8037,3.6266
8038,3.6268
8039,3.627
8040,3.6271
8041,3.6271
8042,3.6273
8043,3.6274
8044,3.6276
8045,3.6277
8046,3.6279
8047,3.6279
8048,3.6281
8049,3.6282
8050,3.6284
8051,3.6285
8052,3.6287
8053,3.6289
8054,3.6289
8055,3.629
8056,3.6292
8057,3.6293
8058,3.6295
8059,3.6297
8060,3.6297
8061,3.6298
8062,3.63
8063,3.6301
8064,3.6303
8065,3.6304
8066,3.6304
8067,3.6306
8068,3.6308
8069,3.6309
8070,3.6311
8071,3.6311
8072,3.6312
8073,3.6314
8074,3.6316
8075,3.6317
8076,3.6319
8077,3.6319
8078,3.632
8079,3.6322
8080,3.6324
8081,3.6325
8082,3.6325
8083,3.6327
8084,3.6328
8085,3.633
8086,3.6331
8087,3.6333
8088,3.6333
8089,3.6335
8090,3.6336
8091,3.6338
8092,3.6339
8093,3.6339
8094,3.6341
8095,3.6343
8096,3.6344
8097,3.6346
8098,3.6346
8099,3.6347
8100,3.6349
8101,3.6351
8102,3.6352
8103,3.6354
8104,3.6354
8105,3.6355
8106,3.6357
8107,3.6358
8108,3.636
8109,3.636
8110,3.6362
8111,3.6363
8112,3.6365
8113,3.6366
8114,3.6368
8115,3.6368
8116,3.637
8117,3.6371
8118,3.6373
8119,3.6373
8120,3.6374
8121,3.6376
8122,3.6378
8123,3.6379
8124,3.6381
8125,3.6381
8126,3.6382
8127,3.6384
8128,3.6385
8129,3.6387
8130,3.6387
8131,3.6389
8132,3.639
8133,3.6392
8134,3.6393
8135,3.6393
8136,3.6395
8137,3.6397
8138,3.6398
8139,3.64
8140,3.64
8141,3.6401
8142,3.6403
8143,3.6405
8144,3.6406
8145,3.6406
8146,3.6408
8147,3.6409
8148,3.6411
8149,3.6413
8150,3.6413
8151,3.6414
8152,3.6416
8153,3.6417
8154,3.6419
8155,3.6419
8156,3.642
8157,3.6422
8158,3.6424
8159,3.6425
8160,3.6425
8161,3.6427
8162,3.6428
8163,3.643
8164,3.6432
8165,3.6432
8166,3.6433
8167,3.6435
8168,3.6436
8169,3.6436
8170,3.6438
8171,3.644
8172,3.6441
8173,3.6443
8174,3.6443
8175,3.6444
8176,3.6446
8177,3.6447
8178,3.6449
8179,3.6449
8180,3.6451
8181,3.6452
8182,3.6454
8183,3.6454
8184,3.6455
8185,3.6457
8186,3.6459
8187,3.646
8188,3.646
8189,3.6462
8190,3.6463
8191,3.6465
8192,3.6465
8193,3.6467
8194,3.6468
8195,3.647
8196,3.6471
8197,3.6471
8198,3.6473
8199,3.6474
8200,3.6476
8201,3.6476
8202,3.6478
8203,3.6479
8204,3.6481
8205,3.6481
8206,3.6482
8207,3.6484
8208,3.6486
8209,3.6487
8210,3.6487
8211,3.6489
8212,3.649
8213,3.6492
8214,3.6492
8215,3.6494
8216,3.6495
8217,3.6497
8218,3.6497
8219,3.6498
8220,3.65
8221,3.6501
8222,3.6501
8223,3.6503
8224,3.6505
8225,3.6506
8226,3.6508
8227,3.6508
8228,3.6509
8229,3.6511
8230,3.6511
8231,3.6513
8232,3.6514
8233,3.6516
8234,3.6517
8235,3.6517
8236,3.6519
8237,3.6521
8238,3.6522
8239,3.6522
8240,3.6524
8241,3.6525
8242,3.6527
8243,3.6527
8244,3.6528
8245,3.653
8246,3.6532
8247,3.6532
8248,3.6533
8249,3.6535
8250,3.6536
8251,3.6536
8252,3.6538
8253,3.654
8254,3.6541
8255,3.6541
8256,3.6543
8257,3.6544
8258,3.6546
8259,3.6546
8260,3.6548
8261,3.6549
8262,3.6551
8263,3.6551
8264,3.6552
8265,3.6554
8266,3.6555
8267,3.6557
8268,3.6557
8269,3.6559
8270,3.656
8271,3.656
8272,3.6562
8273,3.6563
8274,3.6565
8275,3.6567
8276,3.6567
8277,3.6568
8278,3.657
8279,3.6571
8280,3.6571
8281,3.6573
8282,3.6575
8283,3.6576
8284,3.6576
8285,3.6578
8286,3.6579
8287,3.6581
8288,3.6581
8289,3.6582
8290,3.6584
8291,3.6586
8292,3.6586
8293,3.6587
8294,3.6589
8295,3.659
8296,3.659
8297,3.6592
8298,3.6594
8299,3.6595
8300,3.6595
8301,3.6597
8302,3.6598
8303,3.66
8304,3.66
8305,3.6602
8306,3.6603
8307,3.6603
8308,3.6605
8309,3.6606
8310,3.6608
8311,3.6608
8312,3.6609
8313,3.6611
8314,3.6613
8315,3.6613
8316,3.6614
8317,3.6616
8318,3.6617
8319,3.6617
8320,3.6619
8321,3.6621
8322,3.6622
8323,3.6622
8324,3.6624
8325,3.6625
8326,3.6627
8327,3.6627
8328,3.6629
8329,3.663
8330,3.6632
8331,3.6632
8332,3.6633
8333,3.6635
8334,3.6635
8335,3.6637
8336,3.6638
8337,3.664
8338,3.664
8339,3.6641
8340,3.6643
8341,3.6644
8342,3.6644
8343,3.6646
8344,3.6648
8345,3.6648
8346,3.6649
8347,3.6651
8348,3.6652
8349,3.6652
8350,3.6654
8351,3.6656
8352,3.6657
8353,3.6657
8354,3.6659
8355,3.666
8356,3.6662
8357,3.6662
8358,3.6664
8359,3.6665
8360,3.6665
8361,3.6667
8362,3.6668
8363,3.667
8364,3.667
8365,3.6671
8366,3.6673
8367,3.6673
8368,3.6675
8369,3.6676
8370,3.6678
8371,3.6678
8372,3.6679
8373,3.6681
8374,3.6683
8375,3.6683
8376,3.6684
8377,3.6686
8378,3.6687
8379,3.6687
8380,3.6689
8381,3.6691
8382,3.6691
8383,3.6692
8384,3.6694
8385,3.6695
8386,3.6695
8387,3.6697
8388,3.6698
8389,3.67
8390,3.67
8391,3.6702
8392,3.6703
8393,3.6705
8394,3.6705
8395,3.6706
8396,3.6708
8397,3.6708
8398,3.671
8399,3.6711
8400,3.6713
8401,3.6713
8402,3.6714
8403,3.6716
8404,3.6718
8405,3.6718
8406,3.6719
8407,3.6721
8408,3.6721
8409,3.6722
8410,3.6724
8411,3.6725
8412,3.6725
8413,3.6727
8414,3.6729
8415,3.673
8416,3.673
8417,3.6732
8418,3.6733
8419,3.6735
8420,3.6735
8421,3.6737
8422,3.6738
8423,3.6738
8424,3.674
8425,3.6741
8426,3.6743
8427,3.6743
8428,3.6745
8429,3.6746
8430,3.6748
8431,3.6748
8432,3.6749
8433,3.6751
8434,3.6751
8435,3.6752
8436,3.6754
8437,3.6756
8438,3.6756
8439,3.6757
8440,3.6759
8441,3.6759
8442,3.676
8443,3.6762
8444,3.6764
8445,3.6764
8446,3.6765
8447,3.6767
8448,3.6768
8449,3.6768
8450,3.677
8451,3.6772
8452,3.6773
8453,3.6773
8454,3.6775
8455,3.6776
8456,3.6776
8457,3.6778
8458,3.6779
8459,3.6781
8460,3.6781
8461,3.6783
8462,3.6784
8463,3.6784
8464,3.6786
8465,3.6787
8466,3.6789
8467,3.6789
8468,3.6791
8469,3.6792
8470,3.6794
8471,3.6794
8472,3.6795
8473,3.6797
8474,3.6799
8475,3.6799
8476,3.68
8477,3.6802
8478,3.6803
8479,3.6803
8480,3.6805
8481,3.6806
8482,3.6806
8483,3.6808
8484,3.681
8485,3.6811
8486,3.6811
8487,3.6813
8488,3.6814
8489,3.6816
8490,3.6816
8491,3.6818
8492,3.6819
8493,3.6821
8494,3.6821
8495,3.6822
8496,3.6824
8497,3.6826
8498,3.6826
8499,3.6827
8500,3.6829
8501,3.683
8502,3.683
8503,3.6832
8504,3.6833
8505,3.6835
8506,3.6835
8507,3.6837
8508,3.6838
8509,3.684
8510,3.684
8511,3.6841
8512,3.6843
8513,3.6845
8514,3.6845
8515,3.6846
8516,3.6848
8517,3.6849
8518,3.6849
8519,3.6851
8520,3.6853
8521,3.6854
8522,3.6854
8523,3.6856
8524,3.6857
8525,3.6859
8526,3.6859
8527,3.686
8528,3.6862
8529,3.6864
8530,3.6865
8531,3.6865
8532,3.6867
8533,3.6868
8534,3.687
8535,3.687
8536,3.6872
8537,3.6873
8538,3.6875
8539,3.6875
8540,3.6876
8541,3.6878
8542,3.688
8543,3.688
8544,3.6881
8545,3.6883
8546,3.6884
8547,3.6884
8548,3.6886
8549,3.6888
8550,3.6889
8551,3.6891
8552,3.6891
8553,3.6892
8554,3.6894
8555,3.6895
8556,3.6895
8557,3.6897
8558,3.6899
8559,3.69
8560,3.6902
8561,3.6902
8562,3.6903
8563,3.6905
8564,3.6907
8565,3.6907
8566,3.6908
8567,3.691
8568,3.6911
8569,3.6913
8570,3.6915
8571,3.6915
8572,3.6916
8573,3.6918
8574,3.6919
8575,3.6921
8576,3.6921
8577,3.6922
8578,3.6924
8579,3.6926
8580,3.6927
8581,3.6927
8582,3.6929
8583,3.693
8584,3.6932
8585,3.6934
8586,3.6934
8587,3.6935
8588,3.6937
8589,3.6938
8590,3.694
8591,3.694
8592,3.6942
8593,3.6943
8594,3.6945
8595,3.6946
8596,3.6946
8597,3.6948
8598,3.6949
8599,3.6951
8600,3.6953
8601,3.6953
8602,3.6954
8603,3.6956
8604,3.6957
8605,3.6959
8606,3.6961
8607,3.6962
8608,3.6962
8609,3.6964
8610,3.6965
8611,3.6967
8612,3.6969
8613,3.6969
8614,3.697
8615,3.6972
8616,3.6973
8617,3.6975
8618,3.6976
8619,3.6976
8620,3.6978
8621,3.698
8622,3.6981
8623,3.6983
8624,3.6984
8625,3.6986
8626,3.6986
8627,3.6988
8628,3.6989
8629,3.6991
8630,3.6992
8631,3.6994
8632,3.6996
8633,3.6996
8634,3.6997
8635,3.6999
8636,3.7
8637,3.7002
8638,3.7003
8639,3.7005
8640,3.7005
8641,3.7007
8642,3.7008
8643,3.701
8644,3.7011
8645,3.7013
8646,3.7013
8647,3.7015
8648,3.7016
8649,3.7018
8650,3.7019
8651,3.7021
8652,3.7023
8653,3.7024
8654,3.7026
8655,3.7026
8656,3.7027
8657,3.7029
8658,3.703
8659,3.7032
8660,3.7034
8661,3.7035
8662,3.7037
8663,3.7037
8664,3.7038
8665,3.704
8666,3.7042
8667,3.7043
8668,3.7045
8669,3.7046
8670,3.7048
8671,3.705
8672,3.7051
8673,3.7051
8674,3.7053
8675,3.7054
8676,3.7056
8677,3.7057
8678,3.7059
8679,3.7061
8680,3.7062
8681,3.7064
8682,3.7065
8683,3.7067
8684,3.7067
8685,3.7069
8686,3.707
8687,3.7072
8688,3.7073
8689,3.7075
8690,3.7077
8691,3.7078
8692,3.708
8693,3.7081
8694,3.7083
8695,3.7083
8696,3.7084
8697,3.7086
8698,3.7088
8699,3.7089
8700,3.7091
8701,3.7092
8702,3.7094
8703,3.7096
8704,3.7097
8705,3.7099
8706,3.71
8707,3.7102
8708,3.7104
8709,3.7105
8710,3.7107
8711,3.7107
8712,3.7108
8713,3.7107
8714,3.7107
8715,3.7107
8716,3.7107
8717,3.7107
8718,3.7107
8719,3.7107
8720,3.7107
8721,3.7107
8722,3.7107
8723,3.7107
8724,3.7107
8725,3.7107
8726,3.7108
8727,3.7108
8728,3.7107
8729,3.7107
8730,3.7107
8731,3.7108
8732,3.7107
8733,3.7107
8734,3.7107
8735,3.7107
8736,3.7108
8737,3.7108
8738,3.7107
8739,3.7107
8740,3.7107
8741,3.7107
8742,3.7108
8743,3.7108
8744,3.7108
8745,3.7108
8746,3.7108
8747,3.7107
8748,3.7108
8749,3.7108
8750,3.7107
8751,3.7107
8752,3.7085
8753,3.7077
8754,3.7074
8755,3.7071
8756,3.7069
8757,3.7068
8758,3.7068
8759,3.7066
8760,3.7066
8761,3.7065
8762,3.7063
8763,3.7063
8764,3.7063
8765,3.7062
8766,3.7062
8767,3.7062
8768,3.706
8769,3.706
8770,3.706
8771,3.7058
8772,3.7058
8773,3.7058
8774,3.7058
8775,3.7057
8776,3.7057
8777,3.7057
8778,3.7057
8779,3.7057
8780,3.7055
8781,3.7055
8782,3.7055
8783,3.7055
8784,3.7055
8785,3.7054
8786,3.7054
8787,3.7054
8788,3.7054
8789,3.7054
8790,3.7054
8791,3.7054
8792,3.7054
8793,3.7052
8794,3.7052
8795,3.7052
8796,3.7052
8797,3.7052
8798,3.7052
8799,3.7052
8800,3.7052
8801,3.7052
8802,3.705
8803,3.705
8804,3.705
8805,3.705
8806,3.705
8807,3.705
8808,3.705
8809,3.705
8810,3.705
8811,3.705
8812,3.705
8813,3.705
8814,3.7049
8815,3.7049
8816,3.7049
8817,3.7049
8818,3.7049
8819,3.7049
8820,3.7049
8821,3.7049
8822,3.7049
8823,3.7049
8824,3.7049
8825,3.7049
8826,3.7049
8827,3.7049
8828,3.7049
8829,3.7047
8830,3.7047
8831,3.7047
8832,3.7047
8833,3.7047
8834,3.7047
8835,3.7047
8836,3.7047
8837,3.7047
8838,3.7047
8839,3.7047
8840,3.7047
8841,3.7047
8842,3.7047
8843,3.7047
8844,3.7047
8845,3.7047
8846,3.7047
8847,3.7047
8848,3.7047
8849,3.7047
8850,3.7047
8851,3.7047
8852,3.7046
8853,3.7046
8854,3.7046
8855,3.7046
8856,3.7046
8857,3.7046
8858,3.7046
8859,3.7046
8860,3.7046
8861,3.7046
8862,3.7046
8863,3.7046
8864,3.7046
8865,3.7046
8866,3.7046
8867,3.7046
8868,3.7046
8869,3.7046
8870,3.7046
8871,3.7046
8872,3.7046
8873,3.7046
8874,3.7046
8875,3.7046
8876,3.7046
8877,3.7046
8878,3.7046
8879,3.7046
8880,3.7046
8881,3.7046
8882,3.7046
8883,3.7046
8884,3.7046
8885,3.7046
8886,3.7046
8887,3.7046
8888,3.7044
8889,3.7044
8890,3.7044
8891,3.7044
8892,3.7046
8893,3.7044
8894,3.7044
8895,3.7044
8896,3.7044
8897,3.7044
8898,3.7044
8899,3.7044
8900,3.7044
8901,3.7044
8902,3.7044
8903,3.7044
8904,3.7044
8905,3.7044
8906,3.7044
8907,3.7044
8908,3.7044
8909,3.7044
8910,3.7044
8911,3.7044
8912,3.7044
8913,3.7044
8914,3.7044
8915,3.7044
8916,3.7044
8917,3.7044
8918,3.7044
8919,3.7044
8920,3.7044
8921,3.7044
8922,3.7044
8923,3.7044
8924,3.7044
8925,3.7044
8926,3.7044
8927,3.7044
8928,3.7044
8929,3.7044
8930,3.7044
8931,3.7044
8932,3.7044
