,voltage
0,3.4149
1,3.4149
2,3.4149
3,3.4149
4,3.4149
5,3.4149
6,3.4149
7,3.4149
8,3.4149
9,3.4149
10,3.4149
11,3.4149
12,3.4149
13,3.4149
14,3.4149
15,3.4149
16,3.4149
17,3.4149
18,3.4149
19,3.4149
20,3.4149
21,3.4149
22,3.4149
23,3.4149
24,3.4149
25,3.4149
26,3.4149
27,3.4149
28,3.4149
29,3.4149
30,3.4149
31,3.4149
32,3.4149
33,3.4149
34,3.4149
35,3.4149
36,3.4149
37,3.4149
38,3.4149
39,3.4149
40,3.4149
41,3.4149
42,3.4149
43,3.4149
44,3.4149
45,3.4149
46,3.4149
47,3.4149
48,3.4149
49,3.4149
50,3.4149
51,3.4149
52,3.4149
53,3.4149
54,3.4149
55,3.4151
56,3.4149
57,3.4149
58,3.4149
59,3.4149
60,3.4149
61,3.4778
62,3.5832
63,3.6436
64,3.6447
65,3.6442
66,3.6432
67,3.6424
68,3.6416
69,3.641
70,3.6405
71,3.6399
72,3.6396
73,3.6391
74,3.6388
75,3.6386
76,3.6383
77,3.6382
78,3.638
79,3.6378
80,3.6377
81,3.6375
82,3.6374
83,3.6374
84,3.6374
85,3.6372
86,3.6372
87,3.6372
88,3.6372
89,3.6372
90,3.6372
91,3.6372
92,3.6374
93,3.6374
94,3.6374
95,3.6374
96,3.6375
97,3.6375
98,3.6375
99,3.6377
100,3.6377
101,3.6378
102,3.6378
103,3.638
104,3.6382
105,3.6382
106,3.6383
107,3.6385
108,3.6385
109,3.6386
110,3.6388
111,3.6389
112,3.6389
113,3.6391
114,3.6393
115,3.6394
116,3.6396
117,3.6396
118,3.6397
119,3.6399
120,3.6401
121,3.6402
122,3.6404
123,3.6405
124,3.6405
125,3.6407
126,3.6409
127,3.641
128,3.6412
129,3.6413
130,3.6415
131,3.6416
132,3.6418
133,3.642
134,3.6421
135,3.6423
136,3.6423
137,3.6424
138,3.6426
139,3.6428
140,3.6429
141,3.6431
142,3.6432
143,3.6434
144,3.6436
145,3.6437
146,3.6439
147,3.644
148,3.6442
149,3.6443
150,3.6443
151,3.6445
152,3.6447
153,3.6448
154,3.645
155,3.6451
156,3.6453
157,3.6455
158,3.6456
159,3.6458
160,3.6458
161,3.6459
162,3.6461
163,3.6463
164,3.6464
165,3.6466
166,3.6467
167,3.6467
168,3.6469
169,3.647
170,3.6472
171,3.6474
172,3.6475
173,3.6475
174,3.6477
175,3.6478
176,3.648
177,3.6482
178,3.6483
179,3.6483
180,3.6485
181,3.6486
182,3.6488
183,3.649
184,3.649
185,3.6491
186,3.6493
187,3.6494
188,3.6494
189,3.6496
190,3.6497
191,3.6499
192,3.6499
193,3.6501
194,3.6502
195,3.6504
196,3.6504
197,3.6505
198,3.6507
199,3.6509
200,3.6509
201,3.651
202,3.6512
203,3.6512
204,3.6513
205,3.6515
206,3.6515
207,3.6517
208,3.6518
209,3.6518
210,3.652
211,3.6521
212,3.6521
213,3.6523
214,3.6525
215,3.6525
216,3.6526
217,3.6528
218,3.6528
219,3.6529
220,3.6531
221,3.6531
222,3.6532
223,3.6534
224,3.6534
225,3.6536
226,3.6537
227,3.6537
228,3.6539
229,3.6539
230,3.654
231,3.6542
232,3.6542
233,3.6544
234,3.6544
235,3.6545
236,3.6547
237,3.6547
238,3.6548
239,3.6548
240,3.655
241,3.655
242,3.6552
243,3.6553
244,3.6553
245,3.6555
246,3.6555
247,3.6556
248,3.6556
249,3.6558
250,3.6559
251,3.6559
252,3.6561
253,3.6561
254,3.6563
255,3.6563
256,3.6564
257,3.6564
258,3.6566
259,3.6566
260,3.6567
261,3.6567
262,3.6569
263,3.6569
264,3.6571
265,3.6571
266,3.6572
267,3.6574
268,3.6574
269,3.6575
270,3.6575
271,3.6577
272,3.6577
273,3.6579
274,3.6579
275,3.658
276,3.658
277,3.6582
278,3.6582
279,3.6583
280,3.6583
281,3.6585
282,3.6585
283,3.6586
284,3.6586
285,3.6588
286,3.6588
287,3.659
288,3.659
289,3.659
290,3.6591
291,3.6591
292,3.6593
293,3.6593
294,3.6594
295,3.6594
296,3.6596
297,3.6596
298,3.6598
299,3.6598
300,3.6599
301,3.6599
302,3.6599
303,3.6601
304,3.6601
305,3.6602
306,3.6602
307,3.6604
308,3.6604
309,3.6606
310,3.6606
311,3.6606
312,3.6607
313,3.6607
314,3.6609
315,3.6609
316,3.661
317,3.661
318,3.6612
319,3.6612
320,3.6613
321,3.6613
322,3.6613
323,3.6615
324,3.6615
325,3.6617
326,3.6617
327,3.6618
328,3.6618
329,3.662
330,3.662
331,3.662
332,3.6621
333,3.6621
334,3.6623
335,3.6623
336,3.6623
337,3.6625
338,3.6625
339,3.6626
340,3.6626
341,3.6626
342,3.6628
343,3.6628
344,3.6629
345,3.6629
346,3.6631
347,3.6631
348,3.6631
349,3.6633
350,3.6633
351,3.6634
352,3.6634
353,3.6636
354,3.6636
355,3.6636
356,3.6637
357,3.6637
358,3.6639
359,3.6639
360,3.6639
361,3.664
362,3.664
363,3.6642
364,3.6642
365,3.6642
366,3.6644
367,3.6644
368,3.6645
369,3.6645
370,3.6645
371,3.6647
372,3.6647
373,3.6647
374,3.6648
375,3.665
376,3.665
377,3.665
378,3.6652
379,3.6652
380,3.6652
381,3.6653
382,3.6653
383,3.6655
384,3.6655
385,3.6655
386,3.6656
387,3.6656
388,3.6658
389,3.6658
390,3.666
391,3.666
392,3.666
393,3.6661
394,3.6661
395,3.6661
396,3.6663
397,3.6663
398,3.6664
399,3.6664
400,3.6664
401,3.6666
402,3.6666
403,3.6668
404,3.6668
405,3.6668
406,3.6669
407,3.6669
408,3.6671
409,3.6671
410,3.6671
411,3.6672
412,3.6672
413,3.6674
414,3.6674
415,3.6674
416,3.6675
417,3.6675
418,3.6675
419,3.6677
420,3.6677
421,3.6679
422,3.6679
423,3.6679
424,3.668
425,3.668
426,3.6682
427,3.6682
428,3.6682
429,3.6683
430,3.6683
431,3.6685
432,3.6685
433,3.6685
434,3.6687
435,3.6687
436,3.6688
437,3.6688
438,3.6688
439,3.669
440,3.669
441,3.669
442,3.6691
443,3.6691
444,3.6693
445,3.6693
446,3.6693
447,3.6695
448,3.6695
449,3.6696
450,3.6696
451,3.6696
452,3.6698
453,3.6698
454,3.6698
455,3.6699
456,3.6699
457,3.6701
458,3.6701
459,3.6701
460,3.6702
461,3.6702
462,3.6702
463,3.6704
464,3.6704
465,3.6706
466,3.6706
467,3.6706
468,3.6707
469,3.6707
470,3.6707
471,3.6709
472,3.6709
473,3.671
474,3.671
475,3.671
476,3.6712
477,3.6712
478,3.6712
479,3.6714
480,3.6714
481,3.6714
482,3.6715
483,3.6715
484,3.6717
485,3.6717
486,3.6717
487,3.6718
488,3.6718
489,3.6718
490,3.672
491,3.672
492,3.6722
493,3.6722
494,3.6722
495,3.6723
496,3.6723
497,3.6723
498,3.6725
499,3.6725
500,3.6726
501,3.6726
502,3.6726
503,3.6728
504,3.6728
505,3.6729
506,3.6729
507,3.6729
508,3.6731
509,3.6731
510,3.6731
511,3.6733
512,3.6733
513,3.6733
514,3.6734
515,3.6734
516,3.6736
517,3.6736
518,3.6736
519,3.6737
520,3.6737
521,3.6739
522,3.6739
523,3.6739
524,3.6741
525,3.6741
526,3.6741
527,3.6742
528,3.6742
529,3.6742
530,3.6744
531,3.6744
532,3.6745
533,3.6745
534,3.6745
535,3.6747
536,3.6747
537,3.6747
538,3.6749
539,3.6749
540,3.6749
541,3.675
542,3.675
543,3.6752
544,3.6752
545,3.6752
546,3.6753
547,3.6753
548,3.6753
549,3.6755
550,3.6755
551,3.6756
552,3.6756
553,3.6756
554,3.6758
555,3.6758
556,3.6758
557,3.676
558,3.676
559,3.676
560,3.6761
561,3.6761
562,3.6763
563,3.6763
564,3.6763
565,3.6764
566,3.6764
567,3.6764
568,3.6766
569,3.6766
570,3.6768
571,3.6768
572,3.6768
573,3.6769
574,3.6769
575,3.6769
576,3.6771
577,3.6771
578,3.6772
579,3.6772
580,3.6772
581,3.6774
582,3.6774
583,3.6774
584,3.6776
585,3.6776
586,3.6777
587,3.6777
588,3.6777
589,3.6779
590,3.6779
591,3.6779
592,3.678
593,3.678
594,3.6782
595,3.6782
596,3.6782
597,3.6783
598,3.6783
599,3.6783
600,3.6785
601,3.6785
602,3.6787
603,3.6787
604,3.6787
605,3.6788
606,3.6788
607,3.6788
608,3.679
609,3.679
610,3.679
611,3.6791
612,3.6791
613,3.6793
614,3.6793
615,3.6793
616,3.6795
617,3.6795
618,3.6796
619,3.6796
620,3.6796
621,3.6798
622,3.6798
623,3.6798
624,3.6799
625,3.6799
626,3.6799
627,3.6801
628,3.6801
629,3.6803
630,3.6803
631,3.6803
632,3.6804
633,3.6804
634,3.6804
635,3.6806
636,3.6806
637,3.6807
638,3.6807
639,3.6807
640,3.6809
641,3.6809
642,3.6809
643,3.681
644,3.681
645,3.6812
646,3.6812
647,3.6812
648,3.6814
649,3.6814
650,3.6815
651,3.6815
652,3.6815
653,3.6817
654,3.6817
655,3.6818
656,3.6818
657,3.6818
658,3.682
659,3.682
660,3.682
661,3.6822
662,3.6822
663,3.6823
664,3.6823
665,3.6823
666,3.6823
667,3.6825
668,3.6825
669,3.6826
670,3.6826
671,3.6828
672,3.6828
673,3.6828
674,3.683
675,3.683
676,3.683
677,3.6831
678,3.6831
679,3.6833
680,3.6833
681,3.6833
682,3.6834
683,3.6834
684,3.6834
685,3.6836
686,3.6836
687,3.6838
688,3.6838
689,3.6838
690,3.6839
691,3.6839
692,3.6839
693,3.6841
694,3.6841
695,3.6842
696,3.6842
697,3.6842
698,3.6844
699,3.6844
700,3.6845
701,3.6845
702,3.6845
703,3.6847
704,3.6847
705,3.6849
706,3.6849
707,3.6849
708,3.685
709,3.685
710,3.685
711,3.6852
712,3.6852
713,3.6853
714,3.6853
715,3.6853
716,3.6855
717,3.6855
718,3.6855
719,3.6857
720,3.6857
721,3.6858
722,3.6858
723,3.6858
724,3.686
725,3.686
726,3.6861
727,3.6861
728,3.6861
729,3.6863
730,3.6863
731,3.6865
732,3.6865
733,3.6865
734,3.6866
735,3.6866
736,3.6868
737,3.6868
738,3.6868
739,3.6869
740,3.6869
741,3.6871
742,3.6871
743,3.6871
744,3.6872
745,3.6872
746,3.6874
747,3.6874
748,3.6874
749,3.6876
750,3.6876
751,3.6876
752,3.6877
753,3.6877
754,3.6879
755,3.6879
756,3.688
757,3.688
758,3.688
759,3.6882
760,3.6882
761,3.6884
762,3.6884
763,3.6884
764,3.6885
765,3.6885
766,3.6887
767,3.6887
768,3.6887
769,3.6888
770,3.6888
771,3.689
772,3.689
773,3.689
774,3.6892
775,3.6892
776,3.6892
777,3.6893
778,3.6893
779,3.6895
780,3.6895
781,3.6896
782,3.6896
783,3.6896
784,3.6898
785,3.6898
786,3.6899
787,3.6899
788,3.6899
789,3.6901
790,3.6901
791,3.6903
792,3.6903
793,3.6904
794,3.6904
795,3.6904
796,3.6906
797,3.6906
798,3.6907
799,3.6907
800,3.6907
801,3.6909
802,3.6909
803,3.6911
804,3.6911
805,3.6911
806,3.6912
807,3.6912
808,3.6912
809,3.6914
810,3.6914
811,3.6915
812,3.6915
813,3.6917
814,3.6917
815,3.6917
816,3.6919
817,3.6919
818,3.692
819,3.692
820,3.692
821,3.6922
822,3.6922
823,3.6923
824,3.6923
825,3.6925
826,3.6925
827,3.6925
828,3.6926
829,3.6926
830,3.6928
831,3.6928
832,3.6928
833,3.693
834,3.693
835,3.6931
836,3.6931
837,3.6933
838,3.6933
839,3.6933
840,3.6934
841,3.6934
842,3.6936
843,3.6936
844,3.6936
845,3.6938
846,3.6938
847,3.6939
848,3.6939
849,3.6941
850,3.6941
851,3.6941
852,3.6942
853,3.6942
854,3.6944
855,3.6944
856,3.6946
857,3.6946
858,3.6946
859,3.6947
860,3.6947
861,3.6949
862,3.6949
863,3.695
864,3.695
865,3.695
866,3.6952
867,3.6952
868,3.6953
869,3.6953
870,3.6955
871,3.6955
872,3.6957
873,3.6957
874,3.6957
875,3.6958
876,3.6958
877,3.696
878,3.696
879,3.6961
880,3.6961
881,3.6961
882,3.6963
883,3.6963
884,3.6965
885,3.6965
886,3.6966
887,3.6966
888,3.6966
889,3.6968
890,3.6968
891,3.6969
892,3.6969
893,3.6971
894,3.6971
895,3.6971
896,3.6973
897,3.6973
898,3.6974
899,3.6974
900,3.6976
901,3.6976
902,3.6976
903,3.6977
904,3.6977
905,3.6979
906,3.6979
907,3.6981
908,3.6981
909,3.6981
910,3.6982
911,3.6982
912,3.6984
913,3.6984
914,3.6985
915,3.6985
916,3.6987
917,3.6987
918,3.6987
919,3.6988
920,3.6988
921,3.699
922,3.699
923,3.6992
924,3.6992
925,3.6993
926,3.6993
927,3.6993
928,3.6995
929,3.6995
930,3.6996
931,3.6996
932,3.6998
933,3.6998
934,3.6998
935,3.7
936,3.7001
937,3.7001
938,3.7001
939,3.7003
940,3.7003
941,3.7004
942,3.7004
943,3.7004
944,3.7006
945,3.7008
946,3.7008
947,3.7008
948,3.7009
949,3.7009
950,3.7011
951,3.7011
952,3.7012
953,3.7012
954,3.7012
955,3.7014
956,3.7014
957,3.7015
958,3.7015
959,3.7017
960,3.7017
961,3.7017
962,3.7019
963,3.702
964,3.702
965,3.7022
966,3.7022
967,3.7022
968,3.7023
969,3.7023
970,3.7025
971,3.7025
972,3.7027
973,3.7027
974,3.7027
975,3.7028
976,3.7028
977,3.703
978,3.703
979,3.7031
980,3.7031
981,3.7033
982,3.7033
983,3.7035
984,3.7035
985,3.7035
986,3.7036
987,3.7036
988,3.7038
989,3.7038
990,3.7039
991,3.7039
992,3.7041
993,3.7041
994,3.7042
995,3.7042
996,3.7044
997,3.7044
998,3.7044
999,3.7046
1000,3.7046
1001,3.7047
1002,3.7047
1003,3.7049
1004,3.7049
1005,3.705
1006,3.705
1007,3.7052
1008,3.7052
1009,3.7052
1010,3.7054
1011,3.7054
1012,3.7055
1013,3.7055
1014,3.7057
1015,3.7057
1016,3.7058
1017,3.7058
1018,3.706
1019,3.706
1020,3.7062
1021,3.7062
1022,3.7063
1023,3.7063
1024,3.7065
1025,3.7065
1026,3.7065
1027,3.7066
1028,3.7066
1029,3.7068
1030,3.7068
1031,3.7069
1032,3.7069
1033,3.7071
1034,3.7071
1035,3.7071
1036,3.7073
1037,3.7073
1038,3.7074
1039,3.7074
1040,3.7076
1041,3.7076
1042,3.7077
1043,3.7077
1044,3.7077
1045,3.7079
1046,3.7079
1047,3.7081
1048,3.7082
1049,3.7082
1050,3.7082
1051,3.7084
1052,3.7084
1053,3.7085
1054,3.7085
1055,3.7087
1056,3.7087
1057,3.7089
1058,3.7089
1059,3.709
1060,3.709
1061,3.7092
1062,3.7092
1063,3.7092
1064,3.7093
1065,3.7095
1066,3.7095
1067,3.7095
1068,3.7096
1069,3.7096
1070,3.7098
1071,3.7098
1072,3.71
1073,3.71
1074,3.7101
1075,3.7101
1076,3.7103
1077,3.7104
1078,3.7104
1079,3.7104
1080,3.7106
1081,3.7106
1082,3.7106
1083,3.7108
1084,3.7108
1085,3.7109
1086,3.7109
1087,3.7111
1088,3.7111
1089,3.7112
1090,3.7112
1091,3.7114
1092,3.7114
1093,3.7116
1094,3.7116
1095,3.7116
1096,3.7117
1097,3.7117
1098,3.7119
1099,3.712
1100,3.712
1101,3.7122
1102,3.7122
1103,3.7123
1104,3.7123
1105,3.7125
1106,3.7125
1107,3.7125
1108,3.7127
1109,3.7128
1110,3.7128
1111,3.7128
1112,3.713
1113,3.713
1114,3.7131
1115,3.7131
1116,3.7131
1117,3.7133
1118,3.7135
1119,3.7135
1120,3.7135
1121,3.7136
1122,3.7138
1123,3.7138
1124,3.7139
1125,3.7139
1126,3.7139
1127,3.7141
1128,3.7141
1129,3.7143
1130,3.7144
1131,3.7144
1132,3.7146
1133,3.7146
1134,3.7146
1135,3.7147
1136,3.7147
1137,3.7149
1138,3.7149
1139,3.7151
1140,3.7151
1141,3.7151
1142,3.7152
1143,3.7152
1144,3.7154
1145,3.7155
1146,3.7155
1147,3.7157
1148,3.7157
1149,3.7158
1150,3.7158
1151,3.7158
1152,3.716
1153,3.716
1154,3.7162
1155,3.7162
1156,3.7163
1157,3.7163
1158,3.7165
1159,3.7165
1160,3.7166
1161,3.7166
1162,3.7168
1163,3.7168
1164,3.7168
1165,3.717
1166,3.7171
1167,3.7171
1168,3.7171
1169,3.7173
1170,3.7173
1171,3.7174
1172,3.7174
1173,3.7176
1174,3.7176
1175,3.7178
1176,3.7178
1177,3.7179
1178,3.7179
1179,3.7181
1180,3.7181
1181,3.7182
1182,3.7182
1183,3.7184
1184,3.7184
1185,3.7185
1186,3.7185
1187,3.7187
1188,3.7187
1189,3.7189
1190,3.7189
1191,3.719
1192,3.719
1193,3.7192
1194,3.7192
1195,3.7192
1196,3.7193
1197,3.7195
1198,3.7195
1199,3.7197
1200,3.7197
1201,3.7197
1202,3.7198
1203,3.7198
1204,3.72
1205,3.72
1206,3.7201
1207,3.7201
1208,3.7203
1209,3.7203
1210,3.7205
1211,3.7205
1212,3.7206
1213,3.7206
1214,3.7208
1215,3.7208
1216,3.7209
1217,3.7209
1218,3.7211
1219,3.7211
1220,3.7212
1221,3.7212
1222,3.7214
1223,3.7214
1224,3.7216
1225,3.7216
1226,3.7217
1227,3.7217
1228,3.7219
1229,3.7219
1230,3.722
1231,3.722
1232,3.7222
1233,3.7222
1234,3.7224
1235,3.7224
1236,3.7225
1237,3.7225
1238,3.7227
1239,3.7227
1240,3.7228
1241,3.7228
1242,3.723
1243,3.723
1244,3.7232
1245,3.7232
1246,3.7233
1247,3.7233
1248,3.7235
1249,3.7235
1250,3.7236
1251,3.7236
1252,3.7238
1253,3.7238
1254,3.7239
1255,3.7239
1256,3.7241
1257,3.7241
1258,3.7243
1259,3.7243
1260,3.7244
1261,3.7244
1262,3.7246
1263,3.7246
1264,3.7247
1265,3.7247
1266,3.7249
1267,3.7249
1268,3.7251
1269,3.7251
1270,3.7252
1271,3.7252
1272,3.7254
1273,3.7254
1274,3.7255
1275,3.7255
1276,3.7257
1277,3.7257
1278,3.7259
1279,3.7259
1280,3.726
1281,3.7262
1282,3.7262
1283,3.7263
1284,3.7263
1285,3.7265
1286,3.7265
1287,3.7266
1288,3.7266
1289,3.7268
1290,3.7268
1291,3.727
1292,3.727
1293,3.7271
1294,3.7271
1295,3.7273
1296,3.7273
1297,3.7274
1298,3.7274
1299,3.7276
1300,3.7276
1301,3.7278
1302,3.7278
1303,3.7279
1304,3.7279
1305,3.7281
1306,3.7281
1307,3.7282
1308,3.7282
1309,3.7284
1310,3.7284
1311,3.7286
1312,3.7287
1313,3.7287
1314,3.7289
1315,3.7289
1316,3.729
1317,3.729
1318,3.7292
1319,3.7292
1320,3.7294
1321,3.7294
1322,3.7295
1323,3.7295
1324,3.7297
1325,3.7297
1326,3.7298
1327,3.7298
1328,3.73
1329,3.73
1330,3.7301
1331,3.7303
1332,3.7303
1333,3.7305
1334,3.7305
1335,3.7306
1336,3.7306
1337,3.7308
1338,3.7308
1339,3.7309
1340,3.7309
1341,3.7311
1342,3.7311
1343,3.7313
1344,3.7314
1345,3.7314
1346,3.7314
1347,3.7316
1348,3.7317
1349,3.7317
1350,3.7319
1351,3.7319
1352,3.7321
1353,3.7321
1354,3.7322
1355,3.7322
1356,3.7324
1357,3.7324
1358,3.7325
1359,3.7325
1360,3.7327
1361,3.7328
1362,3.7328
1363,3.733
1364,3.733
1365,3.7332
1366,3.7332
1367,3.7333
1368,3.7335
1369,3.7335
1370,3.7336
1371,3.7336
1372,3.7338
1373,3.7338
1374,3.734
1375,3.734
1376,3.7341
1377,3.7341
1378,3.7343
1379,3.7344
1380,3.7344
1381,3.7346
1382,3.7346
1383,3.7348
1384,3.7348
1385,3.7349
1386,3.7349
1387,3.7351
1388,3.7352
1389,3.7352
1390,3.7354
1391,3.7354
1392,3.7355
1393,3.7355
1394,3.7357
1395,3.7359
1396,3.7359
1397,3.736
1398,3.736
1399,3.7362
1400,3.7362
1401,3.7363
1402,3.7365
1403,3.7365
1404,3.7367
1405,3.7367
1406,3.7368
1407,3.7368
1408,3.737
1409,3.7371
1410,3.7371
1411,3.7373
1412,3.7373
1413,3.7375
1414,3.7375
1415,3.7376
1416,3.7378
1417,3.7378
1418,3.7379
1419,3.7379
1420,3.7381
1421,3.7381
1422,3.7382
1423,3.7384
1424,3.7384
1425,3.7386
1426,3.7387
1427,3.7387
1428,3.7387
1429,3.7389
1430,3.739
1431,3.7392
1432,3.7392
1433,3.7394
1434,3.7394
1435,3.7395
1436,3.7395
1437,3.7397
1438,3.7397
1439,3.7398
1440,3.74
1441,3.74
1442,3.7402
1443,3.7403
1444,3.7403
1445,3.7405
1446,3.7405
1447,3.7406
1448,3.7408
1449,3.7408
1450,3.7409
1451,3.7409
1452,3.7411
1453,3.7413
1454,3.7413
1455,3.7414
1456,3.7414
1457,3.7416
1458,3.7416
1459,3.7417
1460,3.7419
1461,3.7419
1462,3.7421
1463,3.7422
1464,3.7422
1465,3.7424
1466,3.7425
1467,3.7425
1468,3.7427
1469,3.7427
1470,3.7429
1471,3.743
1472,3.743
1473,3.7432
1474,3.7433
1475,3.7433
1476,3.7435
1477,3.7435
1478,3.7436
1479,3.7438
1480,3.7438
1481,3.744
1482,3.744
1483,3.7441
1484,3.7443
1485,3.7443
1486,3.7444
1487,3.7446
1488,3.7446
1489,3.7448
1490,3.7449
1491,3.7449
1492,3.7451
1493,3.7452
1494,3.7452
1495,3.7454
1496,3.7454
1497,3.7456
1498,3.7457
1499,3.7457
1500,3.7459
1501,3.746
1502,3.746
1503,3.7462
1504,3.7464
1505,3.7464
1506,3.7465
1507,3.7465
1508,3.7467
1509,3.7468
1510,3.747
1511,3.747
1512,3.7471
1513,3.7473
1514,3.7473
1515,3.7475
1516,3.7475
1517,3.7476
1518,3.7478
1519,3.7478
1520,3.7479
1521,3.7481
1522,3.7483
1523,3.7483
1524,3.7484
1525,3.7486
1526,3.7486
1527,3.7487
1528,3.7489
1529,3.7489
1530,3.7491
1531,3.7492
1532,3.7492
1533,3.7494
1534,3.7495
1535,3.7495
1536,3.7497
1537,3.7498
1538,3.7498
1539,3.75
1540,3.7502
1541,3.7502
1542,3.7503
1543,3.7505
1544,3.7505
1545,3.7506
1546,3.7508
1547,3.7508
1548,3.751
1549,3.7511
1550,3.7513
1551,3.7513
1552,3.7514
1553,3.7516
1554,3.7516
1555,3.7518
1556,3.7519
1557,3.7519
1558,3.7521
1559,3.7522
1560,3.7522
1561,3.7524
1562,3.7525
1563,3.7527
1564,3.7527
1565,3.7529
1566,3.753
1567,3.7532
1568,3.7532
1569,3.7533
1570,3.7535
1571,3.7535
1572,3.7537
1573,3.7538
1574,3.7538
1575,3.754
1576,3.7541
1577,3.7543
1578,3.7543
1579,3.7545
1580,3.7546
1581,3.7548
1582,3.7548
1583,3.7549
1584,3.7551
1585,3.7552
1586,3.7552
1587,3.7554
1588,3.7556
1589,3.7556
1590,3.7557
1591,3.7559
1592,3.756
1593,3.756
1594,3.7562
1595,3.7564
1596,3.7564
1597,3.7565
1598,3.7567
1599,3.7568
1600,3.757
1601,3.757
1602,3.7572
1603,3.7573
1604,3.7575
1605,3.7575
1606,3.7576
1607,3.7578
1608,3.7578
1609,3.7579
1610,3.7581
1611,3.7583
1612,3.7584
1613,3.7584
1614,3.7586
1615,3.7587
1616,3.7589
1617,3.7589
1618,3.7591
1619,3.7592
1620,3.7594
1621,3.7594
1622,3.7595
1623,3.7597
1624,3.7599
1625,3.76
1626,3.76
1627,3.7602
1628,3.7603
1629,3.7605
1630,3.7605
1631,3.7607
1632,3.7608
1633,3.761
1634,3.7611
1635,3.7611
1636,3.7613
1637,3.7614
1638,3.7616
1639,3.7616
1640,3.7618
1641,3.7619
1642,3.7621
1643,3.7622
1644,3.7622
1645,3.7624
1646,3.7626
1647,3.7627
1648,3.7629
1649,3.7629
1650,3.763
1651,3.7632
1652,3.7634
1653,3.7635
1654,3.7635
1655,3.7637
1656,3.7638
1657,3.764
1658,3.7641
1659,3.7641
1660,3.7643
1661,3.7645
1662,3.7646
1663,3.7648
1664,3.7648
1665,3.7649
1666,3.7651
1667,3.7653
1668,3.7654
1669,3.7656
1670,3.7656
1671,3.7657
1672,3.7659
1673,3.7661
1674,3.7661
1675,3.7662
1676,3.7664
1677,3.7665
1678,3.7667
1679,3.7668
1680,3.767
1681,3.767
1682,3.7672
1683,3.7673
1684,3.7675
1685,3.7676
1686,3.7676
1687,3.7678
1688,3.768
1689,3.7681
1690,3.7683
1691,3.7684
1692,3.7684
1693,3.7686
1694,3.7688
1695,3.7689
1696,3.7691
1697,3.7692
1698,3.7694
1699,3.7695
1700,3.7695
1701,3.7697
1702,3.7699
1703,3.77
1704,3.7702
1705,3.7703
1706,3.7703
1707,3.7705
1708,3.7707
1709,3.7708
1710,3.771
1711,3.7711
1712,3.7711
1713,3.7713
1714,3.7715
1715,3.7716
1716,3.7718
1717,3.7719
1718,3.7721
1719,3.7721
1720,3.7722
1721,3.7724
1722,3.7726
1723,3.7727
1724,3.7729
1725,3.773
1726,3.7732
1727,3.7732
1728,3.7734
1729,3.7735
1730,3.7737
1731,3.7738
1732,3.774
1733,3.7742
1734,3.7743
1735,3.7743
1736,3.7745
1737,3.7746
1738,3.7748
1739,3.7749
1740,3.7751
1741,3.7753
1742,3.7754
1743,3.7754
1744,3.7756
1745,3.7757
1746,3.7759
1747,3.7761
1748,3.7762
1749,3.7764
1750,3.7765
1751,3.7767
1752,3.7767
1753,3.7769
1754,3.777
1755,3.7772
1756,3.7773
1757,3.7775
1758,3.7777
1759,3.7778
1760,3.778
1761,3.7781
1762,3.7781
1763,3.7783
1764,3.7784
1765,3.7786
1766,3.7788
1767,3.7789
1768,3.7791
1769,3.7792
1770,3.7794
1771,3.7796
1772,3.7796
1773,3.7797
1774,3.7799
1775,3.78
1776,3.7802
1777,3.7804
1778,3.7805
1779,3.7807
1780,3.7808
1781,3.781
1782,3.781
1783,3.7813
1784,3.7813
1785,3.7815
1786,3.7816
1787,3.7818
1788,3.7819
1789,3.7821
1790,3.7823
1791,3.7824
1792,3.7826
1793,3.7827
1794,3.7829
1795,3.7829
1796,3.7831
1797,3.7832
1798,3.7834
1799,3.7835
1800,3.7837
1801,3.7838
1802,3.784
1803,3.7842
1804,3.7843
1805,3.7845
1806,3.7846
1807,3.7848
1808,3.785
1809,3.7851
1810,3.7853
1811,3.7853
1812,3.7854
1813,3.7856
1814,3.7858
1815,3.7859
1816,3.7861
1817,3.7862
1818,3.7864
1819,3.7865
1820,3.7867
1821,3.7869
1822,3.787
1823,3.7872
1824,3.7873
1825,3.7875
1826,3.7877
1827,3.7878
1828,3.788
1829,3.7881
1830,3.7881
1831,3.7885
1832,3.7886
1833,3.7886
1834,3.7888
1835,3.7889
1836,3.7891
1837,3.7892
1838,3.7894
1839,3.7896
1840,3.7897
1841,3.7899
1842,3.79
1843,3.7902
1844,3.7904
1845,3.7905
1846,3.7907
1847,3.7908
1848,3.791
1849,3.7912
1850,3.7913
1851,3.7915
1852,3.7916
1853,3.7918
1854,3.7919
1855,3.7921
1856,3.7923
1857,3.7924
1858,3.7926
1859,3.7927
1860,3.7929
1861,3.7931
1862,3.7932
1863,3.7934
1864,3.7935
1865,3.7937
1866,3.7939
1867,3.794
1868,3.7942
1869,3.7943
1870,3.7945
1871,3.7947
1872,3.7948
1873,3.795
1874,3.7951
1875,3.7953
1876,3.7954
1877,3.7956
1878,3.7958
1879,3.7959
1880,3.7961
1881,3.7962
1882,3.7964
1883,3.7966
1884,3.7967
1885,3.7969
1886,3.797
1887,3.7972
1888,3.7974
1889,3.7975
1890,3.7977
1891,3.7978
1892,3.798
1893,3.7981
1894,3.7983
1895,3.7985
1896,3.7986
1897,3.7988
1898,3.7989
1899,3.7991
1900,3.7993
1901,3.7994
1902,3.7996
1903,3.7997
1904,3.7999
1905,3.8001
1906,3.8002
1907,3.8004
1908,3.8005
1909,3.8007
1910,3.8008
1911,3.8012
1912,3.8013
1913,3.8015
1914,3.8016
1915,3.8018
1916,3.802
1917,3.8021
1918,3.8023
1919,3.8024
1920,3.8026
1921,3.8028
1922,3.8029
1923,3.8031
1924,3.8032
1925,3.8034
1926,3.8035
1927,3.8037
1928,3.8039
1929,3.804
1930,3.8042
1931,3.8045
1932,3.8047
1933,3.8048
1934,3.805
1935,3.8051
1936,3.8053
1937,3.8055
1938,3.8056
1939,3.8058
1940,3.8059
1941,3.8061
1942,3.8062
1943,3.8064
1944,3.8066
1945,3.8069
1946,3.807
1947,3.8072
1948,3.8074
1949,3.8075
1950,3.8077
1951,3.8078
1952,3.808
1953,3.8082
1954,3.8083
1955,3.8085
1956,3.8086
1957,3.8088
1958,3.809
1959,3.8093
1960,3.8094
1961,3.8096
1962,3.8097
1963,3.8099
1964,3.8101
1965,3.8102
1966,3.8104
1967,3.8107
1968,3.8109
1969,3.811
1970,3.8112
1971,3.8113
1972,3.8115
1973,3.8117
1974,3.8118
1975,3.812
1976,3.8123
1977,3.8124
1978,3.8126
1979,3.8128
1980,3.8129
1981,3.8131
1982,3.8132
1983,3.8134
1984,3.8136
1985,3.8139
1986,3.814
1987,3.8142
1988,3.8144
1989,3.8145
1990,3.8147
1991,3.815
1992,3.8151
1993,3.8153
1994,3.8155
1995,3.8156
1996,3.8158
1997,3.8159
1998,3.8161
1999,3.8164
2000,3.8166
2001,3.8167
2002,3.8169
2003,3.8171
2004,3.8172
2005,3.8175
2006,3.8177
2007,3.8178
2008,3.818
2009,3.8182
2010,3.8183
2011,3.8185
2012,3.8188
2013,3.819
2014,3.8191
2015,3.8193
2016,3.8194
2017,3.8198
2018,3.8199
2019,3.8201
2020,3.8202
2021,3.8204
2022,3.8207
2023,3.8209
2024,3.821
2025,3.8212
2026,3.8213
2027,3.8215
2028,3.8218
2029,3.822
2030,3.8221
2031,3.8223
2032,3.8226
2033,3.8228
2034,3.8229
2035,3.8231
2036,3.8233
2037,3.8236
2038,3.8237
2039,3.8239
2040,3.824
2041,3.8242
2042,3.8245
2043,3.8247
2044,3.8248
2045,3.825
2046,3.8253
2047,3.8255
2048,3.8256
2049,3.8258
2050,3.826
2051,3.8263
2052,3.8264
2053,3.8266
2054,3.8267
2055,3.8271
2056,3.8272
2057,3.8274
2058,3.8275
2059,3.8279
2060,3.828
2061,3.8282
2062,3.8283
2063,3.8287
2064,3.8288
2065,3.829
2066,3.8293
2067,3.8294
2068,3.8296
2069,3.8298
2070,3.8299
2071,3.8302
2072,3.8304
2073,3.8306
2074,3.8309
2075,3.831
2076,3.8312
2077,3.8315
2078,3.8317
2079,3.8318
2080,3.832
2081,3.8323
2082,3.8325
2083,3.8326
2084,3.8329
2085,3.8331
2086,3.8333
2087,3.8334
2088,3.8337
2089,3.8339
2090,3.8341
2091,3.8344
2092,3.8345
2093,3.8347
2094,3.835
2095,3.8352
2096,3.8353
2097,3.8355
2098,3.8358
2099,3.836
2100,3.8363
2101,3.8364
2102,3.8366
2103,3.8368
2104,3.8371
2105,3.8372
2106,3.8374
2107,3.8377
2108,3.8379
2109,3.838
2110,3.8383
2111,3.8385
2112,3.8388
2113,3.839
2114,3.8391
2115,3.8395
2116,3.8396
2117,3.8398
2118,3.8401
2119,3.8403
2120,3.8404
2121,3.8407
2122,3.8409
2123,3.841
2124,3.8414
2125,3.8415
2126,3.8417
2127,3.842
2128,3.8422
2129,3.8425
2130,3.8426
2131,3.8428
2132,3.8431
2133,3.8433
2134,3.8434
2135,3.8437
2136,3.8439
2137,3.8442
2138,3.8444
2139,3.8445
2140,3.8449
2141,3.845
2142,3.8453
2143,3.8455
2144,3.8457
2145,3.846
2146,3.8461
2147,3.8464
2148,3.8466
2149,3.8468
2150,3.8471
2151,3.8472
2152,3.8476
2153,3.8477
2154,3.8479
2155,3.8482
2156,3.8484
2157,3.8487
2158,3.8488
2159,3.849
2160,3.8493
2161,3.8495
2162,3.8498
2163,3.8499
2164,3.8503
2165,3.8504
2166,3.8506
2167,3.8509
2168,3.8511
2169,3.8514
2170,3.8515
2171,3.8518
2172,3.852
2173,3.8522
2174,3.8525
2175,3.8526
2176,3.853
2177,3.8531
2178,3.8534
2179,3.8536
2180,3.8539
2181,3.8541
2182,3.8542
2183,3.8546
2184,3.8547
2185,3.855
2186,3.8552
2187,3.8555
2188,3.8557
2189,3.856
2190,3.8561
2191,3.8565
2192,3.8566
2193,3.8568
2194,3.8571
2195,3.8573
2196,3.8576
2197,3.8577
2198,3.858
2199,3.8582
2200,3.8585
2201,3.8587
2202,3.859
2203,3.8592
2204,3.8593
2205,3.8596
2206,3.86
2207,3.8601
2208,3.8603
2209,3.8606
2210,3.8607
2211,3.8611
2212,3.8612
2213,3.8615
2214,3.8617
2215,3.862
2216,3.8622
2217,3.8625
2218,3.8627
2219,3.863
2220,3.8631
2221,3.8634
2222,3.8636
2223,3.8639
2224,3.8641
2225,3.8644
2226,3.8646
2227,3.8647
2228,3.865
2229,3.8652
2230,3.8655
2231,3.8657
2232,3.866
2233,3.8661
2234,3.8665
2235,3.8666
2236,3.8669
2237,3.8671
2238,3.8674
2239,3.8676
2240,3.8679
2241,3.8681
2242,3.8684
2243,3.8685
2244,3.8688
2245,3.869
2246,3.8693
2247,3.8695
2248,3.8698
2249,3.87
2250,3.8701
2251,3.8704
2252,3.8708
2253,3.8709
2254,3.8711
2255,3.8714
2256,3.8717
2257,3.8719
2258,3.872
2259,3.8723
2260,3.8727
2261,3.8728
2262,3.873
2263,3.8733
2264,3.8735
2265,3.8738
2266,3.8739
2267,3.8743
2268,3.8744
2269,3.8747
2270,3.8749
2271,3.8752
2272,3.8754
2273,3.8757
2274,3.8758
2275,3.8762
2276,3.8763
2277,3.8766
2278,3.8768
2279,3.8771
2280,3.8773
2281,3.8776
2282,3.8777
2283,3.8779
2284,3.8782
2285,3.8784
2286,3.8787
2287,3.8789
2288,3.8792
2289,3.8793
2290,3.8797
2291,3.8798
2292,3.8801
2293,3.8803
2294,3.8806
2295,3.8808
2296,3.8811
2297,3.8812
2298,3.8816
2299,3.8817
2300,3.8819
2301,3.8822
2302,3.8824
2303,3.8827
2304,3.8828
2305,3.8831
2306,3.8833
2307,3.8836
2308,3.8838
2309,3.8841
2310,3.8843
2311,3.8846
2312,3.8847
2313,3.8851
2314,3.8852
2315,3.8854
2316,3.8857
2317,3.8859
2318,3.8862
2319,3.8863
2320,3.8866
2321,3.8868
2322,3.8871
2323,3.8873
2324,3.8876
2325,3.8878
2326,3.8879
2327,3.8882
2328,3.8884
2329,3.8887
2330,3.8889
2331,3.8892
2332,3.8893
2333,3.8897
2334,3.8898
2335,3.8901
2336,3.8903
2337,3.8905
2338,3.8908
2339,3.8909
2340,3.8913
2341,3.8914
2342,3.8917
2343,3.8919
2344,3.8922
2345,3.8924
2346,3.8927
2347,3.8928
2348,3.893
2349,3.8933
2350,3.8935
2351,3.8938
2352,3.894
2353,3.8943
2354,3.8944
2355,3.8947
2356,3.8949
2357,3.8951
2358,3.8954
2359,3.8955
2360,3.8959
2361,3.896
2362,3.8963
2363,3.8965
2364,3.8967
2365,3.897
2366,3.8971
2367,3.8974
2368,3.8976
2369,3.8979
2370,3.8981
2371,3.8982
2372,3.8986
2373,3.8987
2374,3.899
2375,3.8992
2376,3.8995
2377,3.8997
2378,3.8998
2379,3.9001
2380,3.9003
2381,3.9006
2382,3.9008
2383,3.9011
2384,3.9013
2385,3.9014
2386,3.9017
2387,3.9019
2388,3.9022
2389,3.9024
2390,3.9025
2391,3.9029
2392,3.903
2393,3.9033
2394,3.9035
2395,3.9038
2396,3.904
2397,3.9041
2398,3.9044
2399,3.9046
2400,3.9049
2401,3.9051
2402,3.9054
2403,3.9056
2404,3.9057
2405,3.906
2406,3.9062
2407,3.9065
2408,3.9067
2409,3.9068
2410,3.9071
2411,3.9073
2412,3.9076
2413,3.9078
2414,3.9081
2415,3.9083
2416,3.9084
2417,3.9087
2418,3.9089
2419,3.9092
2420,3.9094
2421,3.9097
2422,3.9098
2423,3.91
2424,3.9103
2425,3.9105
2426,3.9108
2427,3.911
2428,3.9113
2429,3.9114
2430,3.9116
2431,3.9119
2432,3.9121
2433,3.9124
2434,3.9125
2435,3.9129
2436,3.913
2437,3.9132
2438,3.9135
2439,3.9137
2440,3.914
2441,3.9141
2442,3.9144
2443,3.9146
2444,3.9148
2445,3.9151
2446,3.9152
2447,3.9156
2448,3.9157
2449,3.916
2450,3.9162
2451,3.9165
2452,3.9167
2453,3.9168
2454,3.9171
2455,3.9173
2456,3.9176
2457,3.9178
2458,3.9181
2459,3.9183
2460,3.9186
2461,3.9187
2462,3.9191
2463,3.9192
2464,3.9194
2465,3.9197
2466,3.9199
2467,3.9202
2468,3.9203
2469,3.9206
2470,3.9208
2471,3.9211
2472,3.9213
2473,3.9216
2474,3.9218
2475,3.9219
2476,3.9222
2477,3.9224
2478,3.9227
2479,3.9229
2480,3.9232
2481,3.9233
2482,3.9237
2483,3.9238
2484,3.9241
2485,3.9243
2486,3.9246
2487,3.9248
2488,3.9251
2489,3.9253
2490,3.9256
2491,3.9257
2492,3.926
2493,3.9262
2494,3.9264
2495,3.9267
2496,3.9268
2497,3.9272
2498,3.9273
2499,3.9276
2500,3.928
2501,3.9281
2502,3.9283
2503,3.9286
2504,3.9289
2505,3.9291
2506,3.9294
2507,3.9295
2508,3.9299
2509,3.93
2510,3.9303
2511,3.9305
2512,3.9308
2513,3.931
2514,3.9313
2515,3.9314
2516,3.9318
2517,3.9319
2518,3.9322
2519,3.9324
2520,3.9327
2521,3.9329
2522,3.9332
2523,3.9334
2524,3.9337
2525,3.9338
2526,3.9342
2527,3.9345
2528,3.9346
2529,3.9349
2530,3.9351
2531,3.9354
2532,3.9356
2533,3.9359
2534,3.9361
2535,3.9364
2536,3.9365
2537,3.9369
2538,3.9372
2539,3.9373
2540,3.9376
2541,3.9378
2542,3.9381
2543,3.9383
2544,3.9386
2545,3.9389
2546,3.9391
2547,3.9394
2548,3.9396
2549,3.9399
2550,3.94
2551,3.9403
2552,3.9405
2553,3.9408
2554,3.9411
2555,3.9413
2556,3.9416
2557,3.9419
2558,3.9421
2559,3.9424
2560,3.9426
2561,3.9429
2562,3.943
2563,3.9434
2564,3.9437
2565,3.9438
2566,3.9442
2567,3.9443
2568,3.9446
2569,3.945
2570,3.9451
2571,3.9454
2572,3.9456
2573,3.9459
2574,3.9462
2575,3.9464
2576,3.9467
2577,3.947
2578,3.9472
2579,3.9475
2580,3.9477
2581,3.948
2582,3.9483
2583,3.9485
2584,3.9488
2585,3.9491
2586,3.9492
2587,3.9496
2588,3.9497
2589,3.95
2590,3.9504
2591,3.9505
2592,3.9508
2593,3.9512
2594,3.9513
2595,3.9516
2596,3.9518
2597,3.9521
2598,3.9524
2599,3.9526
2600,3.9529
2601,3.9532
2602,3.9534
2603,3.9537
2604,3.954
2605,3.9542
2606,3.9545
2607,3.9548
2608,3.955
2609,3.9553
2610,3.9556
2611,3.9558
2612,3.9561
2613,3.9564
2614,3.9566
2615,3.9569
2616,3.9572
2617,3.9573
2618,3.9577
2619,3.9578
2620,3.9581
2621,3.9585
2622,3.9588
2623,3.9589
2624,3.9593
2625,3.9596
2626,3.9597
2627,3.96
2628,3.9604
2629,3.9605
2630,3.9608
2631,3.9612
2632,3.9613
2633,3.9616
2634,3.962
2635,3.9621
2636,3.9624
2637,3.9627
2638,3.9629
2639,3.9632
2640,3.9635
2641,3.9637
2642,3.964
2643,3.9643
2644,3.9645
2645,3.9648
2646,3.9651
2647,3.9653
2648,3.9656
2649,3.9659
2650,3.9661
2651,3.9664
2652,3.9667
2653,3.9669
2654,3.9672
2655,3.9675
2656,3.9677
2657,3.968
2658,3.9683
2659,3.9685
2660,3.9688
2661,3.9691
2662,3.9693
2663,3.9696
2664,3.9699
2665,3.9701
2666,3.9704
2667,3.9707
2668,3.971
2669,3.9712
2670,3.9715
2671,3.9718
2672,3.972
2673,3.9723
2674,3.9726
2675,3.9728
2676,3.9731
2677,3.9732
2678,3.9736
2679,3.9739
2680,3.974
2681,3.9743
2682,3.9747
2683,3.9748
2684,3.9751
2685,3.9755
2686,3.9756
2687,3.9759
2688,3.9763
2689,3.9764
2690,3.9767
2691,3.977
2692,3.9772
2693,3.9775
2694,3.9777
2695,3.978
2696,3.9783
2697,3.9785
2698,3.9788
2699,3.9791
2700,3.9793
2701,3.9796
2702,3.9798
2703,3.9801
2704,3.9804
2705,3.9805
2706,3.9809
2707,3.981
2708,3.9813
2709,3.9817
2710,3.9818
2711,3.9821
2712,3.9823
2713,3.9826
2714,3.9829
2715,3.9831
2716,3.9834
2717,3.9837
2718,3.9839
2719,3.9842
2720,3.9844
2721,3.9847
2722,3.9848
2723,3.9852
2724,3.9855
2725,3.9856
2726,3.9859
2727,3.9861
2728,3.9864
2729,3.9866
2730,3.9869
2731,3.9871
2732,3.9874
2733,3.9875
2734,3.9879
2735,3.988
2736,3.9883
2737,3.9886
2738,3.9888
2739,3.9891
2740,3.9893
2741,3.9896
2742,3.9898
2743,3.9901
2744,3.9902
2745,3.9906
2746,3.9907
2747,3.991
2748,3.9912
2749,3.9915
2750,3.9917
2751,3.992
2752,3.9921
2753,3.9923
2754,3.9926
2755,3.9928
2756,3.9931
2757,3.9933
2758,3.9936
2759,3.9937
2760,3.994
2761,3.9942
2762,3.9945
2763,3.9947
2764,3.995
2765,3.9952
2766,3.9953
2767,3.9956
2768,3.9958
2769,3.9961
2770,3.9963
2771,3.9964
2772,3.9968
2773,3.9969
2774,3.9972
2775,3.9974
2776,3.9975
2777,3.9979
2778,3.998
2779,3.9983
2780,3.9985
2781,3.9987
2782,3.999
2783,3.9991
2784,3.9993
2785,3.9996
2786,3.9998
2787,3.9999
2788,4.0002
2789,4.0004
2790,4.0006
2791,4.0009
2792,4.001
2793,4.0012
2794,4.0015
2795,4.0017
2796,4.0018
2797,4.0022
2798,4.0023
2799,4.0025
2800,4.0028
2801,4.0029
2802,4.0031
2803,4.0033
2804,4.0036
2805,4.0037
2806,4.0039
2807,4.0041
2808,4.0044
2809,4.0045
2810,4.0047
2811,4.005
2812,4.0052
2813,4.0053
2814,4.0055
2815,4.0058
2816,4.006
2817,4.0061
2818,4.0063
2819,4.0064
2820,4.0068
2821,4.0069
2822,4.0071
2823,4.0072
2824,4.0076
2825,4.0077
2826,4.0079
2827,4.008
2828,4.0082
2829,4.0085
2830,4.0087
2831,4.0088
2832,4.009
2833,4.0091
2834,4.0093
2835,4.0096
2836,4.0098
2837,4.0099
2838,4.0101
2839,4.0103
2840,4.0104
2841,4.0107
2842,4.0109
2843,4.0111
2844,4.0112
2845,4.0114
2846,4.0115
2847,4.0117
2848,4.012
2849,4.0122
2850,4.0123
2851,4.0125
2852,4.0126
2853,4.0128
2854,4.013
2855,4.0131
2856,4.0133
2857,4.0136
2858,4.0138
2859,4.0139
2860,4.0141
2861,4.0142
2862,4.0144
2863,4.0145
2864,4.0147
2865,4.0149
2866,4.015
2867,4.0152
2868,4.0153
2869,4.0157
2870,4.0157
2871,4.016
2872,4.0161
2873,4.0163
2874,4.0165
2875,4.0166
2876,4.0168
2877,4.0169
2878,4.0171
2879,4.0172
2880,4.0174
2881,4.0176
2882,4.0177
2883,4.0179
2884,4.018
2885,4.0182
2886,4.0184
2887,4.0185
2888,4.0187
2889,4.0188
2890,4.019
2891,4.0192
2892,4.0193
2893,4.0195
2894,4.0196
2895,4.0198
2896,4.0199
2897,4.0201
2898,4.0203
2899,4.0204
2900,4.0206
2901,4.0207
2902,4.0209
2903,4.0211
2904,4.0212
2905,4.0214
2906,4.0215
2907,4.0217
2908,4.0219
2909,4.022
2910,4.0222
2911,4.0223
2912,4.0225
2913,4.0226
2914,4.0228
2915,4.023
2916,4.0231
2917,4.0233
2918,4.0234
2919,4.0236
2920,4.0238
2921,4.0239
2922,4.0241
2923,4.0242
2924,4.0244
2925,4.0246
2926,4.0247
2927,4.0249
2928,4.025
2929,4.0252
2930,4.0253
2931,4.0255
2932,4.0257
2933,4.0258
2934,4.026
2935,4.0261
2936,4.0263
2937,4.0265
2938,4.0266
2939,4.0268
2940,4.0269
2941,4.0271
2942,4.0273
2943,4.0274
2944,4.0276
2945,4.0277
2946,4.0279
2947,4.0281
2948,4.0282
2949,4.0284
2950,4.0284
2951,4.0285
2952,4.0287
2953,4.0288
2954,4.029
2955,4.0292
2956,4.0293
2957,4.0295
2958,4.0296
2959,4.0298
2960,4.03
2961,4.0301
2962,4.0303
2963,4.0304
2964,4.0306
2965,4.0308
2966,4.0309
2967,4.0311
2968,4.0312
2969,4.0314
2970,4.0315
2971,4.0317
2972,4.0319
2973,4.032
2974,4.0322
2975,4.0323
2976,4.0325
2977,4.0327
2978,4.0328
2979,4.033
2980,4.0331
2981,4.0333
2982,4.0335
2983,4.0336
2984,4.0338
2985,4.0339
2986,4.0341
2987,4.0342
2988,4.0344
2989,4.0346
2990,4.0347
2991,4.0349
2992,4.035
2993,4.0354
2994,4.0355
2995,4.0357
2996,4.0358
2997,4.036
2998,4.0362
2999,4.0363
3000,4.0365
3001,4.0366
3002,4.0368
3003,4.0369
3004,4.0371
3005,4.0373
3006,4.0374
3007,4.0376
3008,4.0379
3009,4.0381
3010,4.0382
3011,4.0384
3012,4.0385
3013,4.0387
3014,4.0389
3015,4.039
3016,4.0392
3017,4.0393
3018,4.0395
3019,4.0398
3020,4.04
3021,4.0401
3022,4.0403
3023,4.0404
3024,4.0406
3025,4.0408
3026,4.0409
3027,4.0412
3028,4.0414
3029,4.0416
3030,4.0417
3031,4.0419
3032,4.0422
3033,4.0424
3034,4.0425
3035,4.0427
3036,4.0428
3037,4.0431
3038,4.0433
3039,4.0435
3040,4.0436
3041,4.0438
3042,4.0441
3043,4.0443
3044,4.0444
3045,4.0446
3046,4.0449
3047,4.0451
3048,4.0452
3049,4.0454
3050,4.0457
3051,4.0458
3052,4.046
3053,4.0462
3054,4.0465
3055,4.0466
3056,4.0468
3057,4.047
3058,4.0473
3059,4.0474
3060,4.0476
3061,4.0479
3062,4.0481
3063,4.0482
3064,4.0485
3065,4.0487
3066,4.0489
3067,4.0492
3068,4.0493
3069,4.0495
3070,4.0498
3071,4.05
3072,4.0503
3073,4.0505
3074,4.0506
3075,4.0509
3076,4.0511
3077,4.0512
3078,4.0516
3079,4.0517
3080,4.052
3081,4.0522
3082,4.0525
3083,4.0527
3084,4.0528
3085,4.0532
3086,4.0533
3087,4.0536
3088,4.0538
3089,4.0541
3090,4.0543
3091,4.0546
3092,4.0547
3093,4.0551
3094,4.0552
3095,4.0555
3096,4.0557
3097,4.056
3098,4.0562
3099,4.0565
3100,4.0566
3101,4.057
3102,4.0571
3103,4.0574
3104,4.0578
3105,4.0579
3106,4.0582
3107,4.0584
3108,4.0587
3109,4.0589
3110,4.0592
3111,4.0594
3112,4.0597
3113,4.06
3114,4.0601
3115,4.0605
3116,4.0608
3117,4.0609
3118,4.0613
3119,4.0614
3120,4.0617
3121,4.0621
3122,4.0622
3123,4.0625
3124,4.0628
3125,4.063
3126,4.0633
3127,4.0636
3128,4.064
3129,4.0641
3130,4.0644
3131,4.0648
3132,4.0649
3133,4.0652
3134,4.0655
3135,4.0657
3136,4.066
3137,4.0663
3138,4.0665
3139,4.0668
3140,4.0671
3141,4.0675
3142,4.0678
3143,4.0679
3144,4.0682
3145,4.0686
3146,4.0689
3147,4.069
3148,4.0694
3149,4.0697
3150,4.07
3151,4.0702
3152,4.0705
3153,4.0708
3154,4.0711
3155,4.0714
3156,4.0716
3157,4.0719
3158,4.0722
3159,4.0725
3160,4.0729
3161,4.0732
3162,4.0733
3163,4.0737
3164,4.074
3165,4.0743
3166,4.0746
3167,4.0748
3168,4.0751
3169,4.0754
3170,4.0757
3171,4.076
3172,4.0764
3173,4.0767
3174,4.0768
3175,4.0771
3176,4.0775
3177,4.0778
3178,4.0781
3179,4.0784
3180,4.0787
3181,4.0791
3182,4.0792
3183,4.0795
3184,4.0798
3185,4.0802
3186,4.0805
3187,4.0808
3188,4.0811
3189,4.0813
3190,4.0816
3191,4.0819
3192,4.0822
3193,4.0825
3194,4.0829
3195,4.0832
3196,4.0835
3197,4.0838
3198,4.0841
3199,4.0843
3200,4.0846
3201,4.0849
3202,4.0852
3203,4.0856
3204,4.0859
3205,4.0862
3206,4.0865
3207,4.0868
3208,4.087
3209,4.0873
3210,4.0876
3211,4.0879
3212,4.0883
3213,4.0886
3214,4.0889
3215,4.0892
3216,4.0895
3217,4.0897
3218,4.09
3219,4.0903
3220,4.0907
3221,4.091
3222,4.0913
3223,4.0916
3224,4.0919
3225,4.0922
3226,4.0926
3227,4.0927
3228,4.093
3229,4.0934
3230,4.0937
3231,4.094
3232,4.0943
3233,4.0946
3234,4.0949
3235,4.0951
3236,4.0954
3237,4.0957
3238,4.0961
3239,4.0964
3240,4.0967
3241,4.097
3242,4.0973
3243,4.0976
3244,4.0978
3245,4.0981
3246,4.0984
3247,4.0988
3248,4.0991
3249,4.0994
3250,4.0997
3251,4.0999
3252,4.1002
3253,4.1005
3254,4.1008
3255,4.1011
3256,4.1015
3257,4.1018
3258,4.1019
3259,4.1022
3260,4.1026
3261,4.1029
3262,4.1032
3263,4.1034
3264,4.1037
3265,4.104
3266,4.1043
3267,4.1046
3268,4.1049
3269,4.1051
3270,4.1054
3271,4.1057
3272,4.1061
3273,4.1064
3274,4.1065
3275,4.1069
3276,4.1072
3277,4.1075
3278,4.1078
3279,4.108
3280,4.1083
3281,4.1086
3282,4.1089
3283,4.1091
3284,4.1094
3285,4.1097
3286,4.11
3287,4.1102
3288,4.1105
3289,4.1108
3290,4.1111
3291,4.1113
3292,4.1116
3293,4.1119
3294,4.1123
3295,4.1124
3296,4.1127
3297,4.1131
3298,4.1132
3299,4.1135
3300,4.1138
3301,4.1142
3302,4.1143
3303,4.1146
3304,4.115
3305,4.1151
3306,4.1154
3307,4.1158
3308,4.1159
3309,4.1162
3310,4.1165
3311,4.1167
3312,4.117
3313,4.1173
3314,4.1175
3315,4.1178
3316,4.118
3317,4.1183
3318,4.1186
3319,4.1188
3320,4.1191
3321,4.1194
3322,4.1196
3323,4.1199
3324,4.1202
3325,4.1204
3326,4.1207
3327,4.1208
3328,4.1212
3329,4.1215
3330,4.1216
3331,4.122
3332,4.1221
3333,4.1224
3334,4.1226
3335,4.1229
3336,4.1231
3337,4.1234
3338,4.1237
3339,4.1239
3340,4.1242
3341,4.1243
3342,4.1247
3343,4.1248
3344,4.1251
3345,4.1253
3346,4.1256
3347,4.1258
3348,4.1261
3349,4.1262
3350,4.1266
3351,4.1267
3352,4.127
3353,4.1272
3354,4.1275
3355,4.1277
3356,4.1278
3357,4.1281
3358,4.1283
3359,4.1286
3360,4.1288
3361,4.1291
3362,4.1293
3363,4.1296
3364,4.1297
3365,4.1299
3366,4.1302
3367,4.1304
3368,4.1307
3369,4.1308
3370,4.1312
3371,4.1313
3372,4.1315
3373,4.1318
3374,4.132
3375,4.1321
3376,4.1324
3377,4.1326
3378,4.1328
3379,4.1331
3380,4.1332
3381,4.1334
3382,4.1337
3383,4.1339
3384,4.134
3385,4.1343
3386,4.1345
3387,4.1347
3388,4.135
3389,4.1351
3390,4.1353
3391,4.1355
3392,4.1358
3393,4.1359
3394,4.1361
3395,4.1364
3396,4.1366
3397,4.1367
3398,4.1369
3399,4.1372
3400,4.1374
3401,4.1375
3402,4.1377
3403,4.1378
3404,4.1382
3405,4.1383
3406,4.1385
3407,4.1386
3408,4.1388
3409,4.1391
3410,4.1393
3411,4.1394
3412,4.1396
3413,4.1397
3414,4.1401
3415,4.1402
3416,4.1404
3417,4.1405
3418,4.1407
3419,4.1409
3420,4.141
3421,4.1413
3422,4.1415
3423,4.1417
3424,4.1418
3425,4.142
3426,4.1421
3427,4.1423
3428,4.1424
3429,4.1426
3430,4.1429
3431,4.1431
3432,4.1432
3433,4.1434
3434,4.1436
3435,4.1437
3436,4.1439
3437,4.144
3438,4.1442
3439,4.1444
3440,4.1445
3441,4.1447
3442,4.1448
3443,4.145
3444,4.1451
3445,4.1453
3446,4.1455
3447,4.1456
3448,4.1458
3449,4.1459
3450,4.1461
3451,4.1463
3452,4.1464
3453,4.1466
3454,4.1467
3455,4.1469
3456,4.1471
3457,4.1472
3458,4.1474
3459,4.1475
3460,4.1477
3461,4.1478
3462,4.148
3463,4.1482
3464,4.1483
3465,4.1485
3466,4.1486
3467,4.1488
3468,4.1488
3469,4.149
3470,4.1491
3471,4.1493
3472,4.1494
3473,4.1496
3474,4.1498
3475,4.1499
3476,4.1501
3477,4.1501
3478,4.1502
3479,4.1504
3480,4.1506
3481,4.1507
3482,4.1509
3483,4.151
3484,4.151
3485,4.1512
3486,4.1513
3487,4.1515
3488,4.1517
3489,4.1517
3490,4.1518
3491,4.152
3492,4.1521
3493,4.1523
3494,4.1523
3495,4.1525
3496,4.1526
3497,4.1528
3498,4.1529
3499,4.1529
3500,4.1531
3501,4.1533
3502,4.1534
3503,4.1534
3504,4.1536
3505,4.1537
3506,4.1539
3507,4.1539
3508,4.154
3509,4.1542
3510,4.1544
3511,4.1544
3512,4.1545
3513,4.1547
3514,4.1548
3515,4.1548
3516,4.155
3517,4.1552
3518,4.1552
3519,4.1553
3520,4.1555
3521,4.1555
3522,4.1556
3523,4.1558
3524,4.1558
3525,4.156
3526,4.1561
3527,4.1561
3528,4.1563
3529,4.1564
3530,4.1566
3531,4.1566
3532,4.1567
3533,4.1567
3534,4.1569
3535,4.1571
3536,4.1571
3537,4.1572
3538,4.1574
3539,4.1574
3540,4.1575
3541,4.1575
3542,4.1577
3543,4.1579
3544,4.1579
3545,4.158
3546,4.1582
3547,4.1582
3548,4.1583
3549,4.1583
3550,4.1585
3551,4.1585
3552,4.1587
3553,4.1588
3554,4.1588
3555,4.159
3556,4.159
3557,4.1591
3558,4.1593
3559,4.1593
3560,4.1593
3561,4.1594
3562,4.1596
3563,4.1596
3564,4.1598
3565,4.1598
3566,4.1599
3567,4.1599
3568,4.1601
3569,4.1602
3570,4.1602
3571,4.1604
3572,4.1604
3573,4.1606
3574,4.1606
3575,4.1607
3576,4.1607
3577,4.1609
3578,4.1609
3579,4.161
3580,4.161
3581,4.1612
3582,4.1612
3583,4.1614
3584,4.1614
3585,4.1615
3586,4.1615
3587,4.1617
3588,4.1617
3589,4.1618
3590,4.1618
3591,4.162
3592,4.162
3593,4.1621
3594,4.1621
3595,4.1623
3596,4.1623
3597,4.1625
3598,4.1625
3599,4.1626
3600,4.1626
3601,4.1628
3602,4.1628
3603,4.1629
3604,4.1629
3605,4.1631
3606,4.1631
3607,4.1633
3608,4.1633
3609,4.1634
3610,4.1634
3611,4.1636
3612,4.1636
3613,4.1637
3614,4.1637
3615,4.1637
3616,4.1639
3617,4.1641
3618,4.1641
3619,4.1642
3620,4.1642
3621,4.1644
3622,4.1644
3623,4.1645
3624,4.1645
3625,4.1645
3626,4.1647
3627,4.1647
3628,4.1648
3629,4.1648
3630,4.165
3631,4.165
3632,4.1652
3633,4.1652
3634,4.1653
3635,4.1653
3636,4.1655
3637,4.1655
3638,4.1656
3639,4.1656
3640,4.1658
3641,4.1658
3642,4.166
3643,4.166
3644,4.1661
3645,4.1661
3646,4.1663
3647,4.1663
3648,4.1664
3649,4.1664
3650,4.1666
3651,4.1666
3652,4.1668
3653,4.1668
3654,4.1669
3655,4.1669
3656,4.1671
3657,4.1671
3658,4.1672
3659,4.1672
3660,4.1674
3661,4.1674
3662,4.1676
3663,4.1676
3664,4.1677
3665,4.1677
3666,4.1679
3667,4.1679
3668,4.168
3669,4.1682
3670,4.1682
3671,4.1683
3672,4.1683
3673,4.1685
3674,4.1685
3675,4.1687
3676,4.1687
3677,4.1688
3678,4.1688
3679,4.169
3680,4.169
3681,4.1691
3682,4.1691
3683,4.1693
3684,4.1695
3685,4.1695
3686,4.1696
3687,4.1696
3688,4.1698
3689,4.1698
3690,4.1699
3691,4.1701
3692,4.1701
3693,4.1703
3694,4.1703
3695,4.1704
3696,4.1704
3697,4.1706
3698,4.1707
3699,4.1707
3700,4.1709
3701,4.1709
3702,4.171
3703,4.1712
3704,4.1712
3705,4.1714
3706,4.1714
3707,4.1715
3708,4.1717
3709,4.1717
3710,4.1718
3711,4.172
3712,4.172
3713,4.1722
3714,4.1722
3715,4.1723
3716,4.1725
3717,4.1725
3718,4.1726
3719,4.1728
3720,4.1728
3721,4.173
3722,4.1731
3723,4.1731
3724,4.1733
3725,4.1734
3726,4.1734
3727,4.1736
3728,4.1737
3729,4.1737
3730,4.1739
3731,4.1741
3732,4.1741
3733,4.1742
3734,4.1744
3735,4.1745
3736,4.1745
3737,4.1747
3738,4.1749
3739,4.1749
3740,4.175
3741,4.1752
3742,4.1753
3743,4.1753
3744,4.1755
3745,4.1757
3746,4.1758
3747,4.1758
3748,4.176
3749,4.1761
3750,4.1763
3751,4.1764
3752,4.1764
3753,4.1766
3754,4.1768
3755,4.1769
3756,4.1771
3757,4.1771
3758,4.1772
3759,4.1774
3760,4.1776
3761,4.1776
3762,4.1777
3763,4.1779
3764,4.178
3765,4.1782
3766,4.1784
3767,4.1785
3768,4.1787
3769,4.1787
3770,4.1788
3771,4.179
3772,4.1791
3773,4.1793
3774,4.1795
3775,4.1796
3776,4.1798
3777,4.1799
3778,4.1799
3779,4.1801
3780,4.1803
3781,4.1804
3782,4.1806
3783,4.1807
3784,4.1809
3785,4.1811
3786,4.1812
3787,4.1814
3788,4.1815
3789,4.1817
3790,4.1818
3791,4.182
3792,4.1822
3793,4.1823
3794,4.1826
3795,4.1828
3796,4.183
3797,4.1831
3798,4.1833
3799,4.1834
3800,4.1836
3801,4.1838
3802,4.1839
3803,4.1841
3804,4.1842
3805,4.1846
3806,4.1847
3807,4.1849
3808,4.185
3809,4.1852
3810,4.1853
3811,4.1857
3812,4.1858
3813,4.186
3814,4.1861
3815,4.1863
3816,4.1866
3817,4.1868
3818,4.1869
3819,4.1871
3820,4.1874
3821,4.1876
3822,4.1877
3823,4.188
3824,4.1882
3825,4.1884
3826,4.1887
3827,4.1888
3828,4.189
3829,4.1893
3830,4.1895
3831,4.1896
3832,4.19
3833,4.1901
3834,4.1904
3835,4.1906
3836,4.1909
3837,4.1911
3838,4.1914
3839,4.1915
3840,4.1919
3841,4.192
3842,4.1923
3843,4.1925
3844,4.1928
3845,4.193
3846,4.1933
3847,4.1936
3848,4.1938
3849,4.1941
3850,4.1944
3851,4.1946
3852,4.1949
3853,4.1952
3854,4.1954
3855,4.1957
3856,4.196
3857,4.1961
3858,4.1965
3859,4.1968
3860,4.1971
3861,4.1974
3862,4.1977
3863,4.1979
3864,4.1982
3865,4.1985
3866,4.1989
3867,4.1992
3868,4.1995
3869,4.1998
3870,4.2001
3871,4.2004
3872,4.2008
3873,4.2011
3874,4.2014
3875,4.2017
3876,4.202
3877,4.2023
3878,4.2027
3879,4.203
3880,4.2035
3881,4.2038
3882,4.2041
3883,4.2044
3884,4.2047
3885,4.2052
3886,4.2055
3887,4.2058
3888,4.2063
3889,4.2066
3890,4.207
3891,4.2074
3892,4.2077
3893,4.2082
3894,4.2085
3895,4.209
3896,4.2093
3897,4.2098
3898,4.2101
3899,4.2106
3900,4.2109
3901,4.2114
3902,4.2119
3903,4.2122
3904,4.2127
3905,4.2131
3906,4.2136
3907,4.2139
3908,4.2144
3909,4.2149
3910,4.2154
3911,4.2159
3912,4.2163
3913,4.2168
3914,4.2173
3915,4.2176
3916,4.2182
3917,4.2187
3918,4.2192
3919,4.2197
3920,4.2201
3921,4.2206
3922,4.2211
3923,4.2216
3924,4.2222
3925,4.2227
3926,4.2232
3927,4.2238
3928,4.2243
3929,4.2247
3930,4.2254
3931,4.2259
3932,4.2265
3933,4.227
3934,4.2276
3935,4.2281
3936,4.2287
3937,4.2294
3938,4.2298
3939,4.2305
3940,4.2311
3941,4.2317
3942,4.2322
3943,4.2329
3944,4.2335
3945,4.2341
3946,4.2348
3947,4.2354
3948,4.236
3949,4.2367
3950,4.2373
3951,4.2379
3952,4.2386
3953,4.2392
3954,4.24
3955,4.2406
3956,4.2413
3957,4.2419
3958,4.2427
3959,4.2433
3960,4.244
3961,4.2448
3962,4.2454
3963,4.2462
3964,4.2468
3965,4.2476
3966,4.2484
3967,4.2491
3968,4.2499
3969,4.2506
3970,4.2513
3971,4.2521
3972,4.2529
3973,4.2537
3974,4.2545
3975,4.2553
3976,4.2559
3977,4.2567
3978,4.2576
3979,4.2584
3980,4.2592
3981,4.26
3982,4.2608
3983,4.2616
3984,4.2624
3985,4.2634
3986,4.2642
3987,4.2649
3988,4.2659
3989,4.2667
3990,4.2675
3991,4.2684
3992,4.2694
3993,4.2702
3994,4.2711
3995,4.2719
3996,4.2729
3997,4.2738
3998,4.2746
3999,4.2756
4000,4.2765
4001,4.2775
4002,4.2785
4003,4.2792
4004,4.2802
4005,4.2813
4006,4.2821
4007,4.2832
4008,4.2842
4009,4.2851
4010,4.2861
4011,4.287
4012,4.288
4013,4.2889
4014,4.29
4015,4.291
4016,4.292
4017,4.2931
4018,4.294
4019,4.2951
4020,4.2961
4021,4.2972
4022,4.2982
4023,4.2993
4024,4.2999
4025,4.2999
4026,4.2999
4027,4.2999
4028,4.2999
4029,4.2999
4030,4.2999
4031,4.2999
4032,4.2974
4033,4.2957
4034,4.2947
4035,4.2942
4036,4.2936
4037,4.2933
4038,4.2928
4039,4.2925
4040,4.2923
4041,4.292
4042,4.2917
4043,4.2915
4044,4.2912
4045,4.291
4046,4.2909
4047,4.2907
4048,4.2904
4049,4.2903
4050,4.2901
4051,4.2899
4052,4.2898
4053,4.2898
4054,4.2896
4055,4.2895
4056,4.2893
4057,4.2891
4058,4.289
4059,4.2888
4060,4.2888
4061,4.2887
4062,4.2885
4063,4.2885
4064,4.2883
4065,4.2882
4066,4.288
4067,4.288
4068,4.2879
4069,4.2877
4070,4.2877
4071,4.2876
4072,4.2874
4073,4.2874
4074,4.2872
4075,4.2872
4076,4.2871
4077,4.2869
4078,4.2869
4079,4.2868
4080,4.2866
4081,4.2866
4082,4.2864
4083,4.2864
4084,4.2863
4085,4.2863
4086,4.2861
4087,4.2861
4088,4.286
4089,4.2858
4090,4.2858
4091,4.2856
4092,4.2856
4093,4.2855
4094,4.2855
4095,4.2853
4096,4.2853
4097,4.2852
4098,4.2852
4099,4.285
4100,4.285
4101,4.2849
4102,4.2849
4103,4.2847
4104,4.2847
4105,4.2845
4106,4.2845
4107,4.2844
4108,4.2844
4109,4.2842
4110,4.2842
4111,4.2842
4112,4.2841
4113,4.2841
4114,4.2839
4115,4.2839
4116,4.2837
4117,4.2837
4118,4.2836
4119,4.2836
4120,4.2836
4121,4.2834
4122,4.2834
4123,4.2833
4124,4.2833
4125,4.2831
4126,4.2831
4127,4.2829
4128,4.2829
4129,4.2829
4130,4.2828
4131,4.2828
4132,4.2826
4133,4.2826
4134,4.2826
4135,4.2825
4136,4.2825
4137,4.2823
4138,4.2823
4139,4.2823
4140,4.2822
4141,4.2822
4142,4.282
4143,4.282
4144,4.282
4145,4.2818
4146,4.2818
4147,4.2817
4148,4.2817
4149,4.2817
4150,4.2815
4151,4.2815
4152,4.2814
4153,4.2814
4154,4.2814
4155,4.2812
4156,4.2812
4157,4.2812
4158,4.281
4159,4.281
4160,4.2809
4161,4.2809
4162,4.2809
4163,4.2807
4164,4.2807
4165,4.2807
4166,4.2806
4167,4.2806
4168,4.2804
4169,4.2804
4170,4.2804
4171,4.2802
4172,4.2802
4173,4.2802
4174,4.2801
4175,4.2801
4176,4.2801
4177,4.2799
4178,4.2799
4179,4.2798
4180,4.2798
4181,4.2798
4182,4.2796
4183,4.2796
4184,4.2796
4185,4.2795
4186,4.2795
4187,4.2795
4188,4.2793
4189,4.2793
4190,4.2793
4191,4.2791
4192,4.2791
4193,4.2791
4194,4.279
4195,4.279
4196,4.279
4197,4.2788
4198,4.2788
4199,4.2788
4200,4.2787
4201,4.2787
4202,4.2787
4203,4.2785
4204,4.2785
4205,4.2785
4206,4.2783
4207,4.2783
4208,4.2783
4209,4.2782
4210,4.2782
4211,4.2782
4212,4.2782
4213,4.2728
4214,4.2687
4215,4.2666
4216,4.2647
4217,4.2631
4218,4.2615
4219,4.2601
4220,4.2586
4221,4.2574
4222,4.256
4223,4.2548
4224,4.2536
4225,4.2523
4226,4.2512
4227,4.2501
4228,4.2488
4229,4.2477
4230,4.2466
4231,4.2455
4232,4.2445
4233,4.2434
4234,4.2423
4235,4.2413
4236,4.2404
4237,4.2393
4238,4.2383
4239,4.2374
4240,4.2364
4241,4.2355
4242,4.2345
4243,4.2336
4244,4.2326
4245,4.2317
4246,4.2307
4247,4.2297
4248,4.229
4249,4.228
4250,4.2272
4251,4.2263
4252,4.2255
4253,4.2247
4254,4.2237
4255,4.2229
4256,4.2221
4257,4.2213
4258,4.2205
4259,4.2197
4260,4.2189
4261,4.2182
4262,4.2174
4263,4.2166
4264,4.2158
4265,4.215
4266,4.2143
4267,4.2135
4268,4.2129
4269,4.2121
4270,4.2115
4271,4.2107
4272,4.2101
4273,4.2093
4274,4.2086
4275,4.208
4276,4.2074
4277,4.2066
4278,4.2059
4279,4.2053
4280,4.2047
4281,4.204
4282,4.2034
4283,4.2028
4284,4.2021
4285,4.2016
4286,4.201
4287,4.2004
4288,4.1997
4289,4.1993
4290,4.1986
4291,4.198
4292,4.1975
4293,4.1969
4294,4.1964
4295,4.1958
4296,4.1953
4297,4.1948
4298,4.1942
4299,4.1937
4300,4.1932
4301,4.1926
4302,4.1921
4303,4.1916
4304,4.1912
4305,4.1907
4306,4.1902
4307,4.1897
4308,4.1893
4309,4.1888
4310,4.1883
4311,4.1878
4312,4.1873
4313,4.1869
4314,4.1864
4315,4.1861
4316,4.1856
4317,4.1851
4318,4.1846
4319,4.1843
4320,4.1839
4321,4.1835
4322,4.1831
4323,4.1826
4324,4.1823
4325,4.1818
4326,4.1815
4327,4.181
4328,4.1807
4329,4.1804
4330,4.1799
4331,4.1796
4332,4.1792
4333,4.1788
4334,4.1785
4335,4.1781
4336,4.1778
4337,4.1775
4338,4.1772
4339,4.1767
4340,4.1764
4341,4.1761
4342,4.1758
4343,4.1754
4344,4.1751
4345,4.1748
4346,4.1745
4347,4.1742
4348,4.1738
4349,4.1735
4350,4.1732
4351,4.1729
4352,4.1727
4353,4.1724
4354,4.1721
4355,4.1718
4356,4.1715
4357,4.1713
4358,4.171
4359,4.1707
4360,4.1705
4361,4.1702
4362,4.1699
4363,4.1697
4364,4.1694
4365,4.1691
4366,4.1689
4367,4.1686
4368,4.1683
4369,4.1681
4370,4.1678
4371,4.1677
4372,4.1673
4373,4.1672
4374,4.1669
4375,4.1667
4376,4.1665
4377,4.1662
4378,4.1661
4379,4.1657
4380,4.1656
4381,4.1654
4382,4.1651
4383,4.165
4384,4.1646
4385,4.1645
4386,4.1643
4387,4.1642
4388,4.1638
4389,4.1637
4390,4.1635
4391,4.1632
4392,4.1631
4393,4.1629
4394,4.1627
4395,4.1626
4396,4.1623
4397,4.1621
4398,4.1619
4399,4.1618
4400,4.1616
4401,4.1615
4402,4.1613
4403,4.161
4404,4.1608
4405,4.1607
4406,4.1605
4407,4.1604
4408,4.1602
4409,4.16
4410,4.1599
4411,4.1597
4412,4.1596
4413,4.1594
4414,4.1592
4415,4.1591
4416,4.1589
4417,4.1588
4418,4.1586
4419,4.1584
4420,4.1583
4421,4.1581
4422,4.158
4423,4.1578
4424,4.1577
4425,4.1575
4426,4.1573
4427,4.1572
4428,4.157
4429,4.157
4430,4.1569
4431,4.1567
4432,4.1565
4433,4.1564
4434,4.1562
4435,4.1562
4436,4.1561
4437,4.1559
4438,4.1557
4439,4.1556
4440,4.1554
4441,4.1553
4442,4.1553
4443,4.1551
4444,4.155
4445,4.1548
4446,4.1548
4447,4.1546
4448,4.1545
4449,4.1543
4450,4.1543
4451,4.1542
4452,4.154
4453,4.1538
4454,4.1537
4455,4.1537
4456,4.1535
4457,4.1534
4458,4.1534
4459,4.1532
4460,4.1532
4461,4.153
4462,4.1529
4463,4.1527
4464,4.1527
4465,4.1526
4466,4.1524
4467,4.1524
4468,4.1523
4469,4.1521
4470,4.1521
4471,4.1519
4472,4.1518
4473,4.1518
4474,4.1516
4475,4.1516
4476,4.1515
4477,4.1513
4478,4.1513
4479,4.1511
4480,4.151
4481,4.151
4482,4.1508
4483,4.1507
4484,4.1507
4485,4.1505
4486,4.1505
4487,4.1503
4488,4.1503
4489,4.1502
4490,4.15
4491,4.15
4492,4.1499
4493,4.1499
4494,4.1497
4495,4.1497
4496,4.1496
4497,4.1494
4498,4.1494
4499,4.1492
4500,4.1492
4501,4.1491
4502,4.1491
4503,4.1489
4504,4.1489
4505,4.1488
4506,4.1488
4507,4.1486
4508,4.1486
4509,4.1484
4510,4.1483
4511,4.1483
4512,4.1481
4513,4.1481
4514,4.148
4515,4.148
4516,4.1478
4517,4.1478
4518,4.1476
4519,4.1476
4520,4.1475
4521,4.1475
4522,4.1473
4523,4.1473
4524,4.1472
4525,4.1472
4526,4.147
4527,4.147
4528,4.1469
4529,4.1469
4530,4.1467
4531,4.1467
4532,4.1465
4533,4.1465
4534,4.1464
4535,4.1464
4536,4.1462
4537,4.1462
4538,4.1461
4539,4.1461
4540,4.1459
4541,4.1459
4542,4.1459
4543,4.1457
4544,4.1457
4545,4.1456
4546,4.1456
4547,4.1454
4548,4.1454
4549,4.1453
4550,4.1453
4551,4.1451
4552,4.1451
4553,4.1449
4554,4.1449
4555,4.1448
4556,4.1448
4557,4.1446
4558,4.1446
4559,4.1446
4560,4.1445
4561,4.1445
4562,4.1443
4563,4.1443
4564,4.1442
4565,4.1442
4566,4.144
4567,4.144
4568,4.144
4569,4.1438
4570,4.1437
4571,4.1437
4572,4.1437
4573,4.1435
4574,4.1435
4575,4.1434
4576,4.1434
4577,4.1432
4578,4.1432
4579,4.143
4580,4.143
4581,4.1429
4582,4.1429
4583,4.1427
4584,4.1427
4585,4.1427
4586,4.1426
4587,4.1426
4588,4.1424
4589,4.1424
4590,4.1422
4591,4.1422
4592,4.1421
4593,4.1421
4594,4.1419
4595,4.1419
4596,4.1419
4597,4.1418
4598,4.1418
4599,4.1416
4600,4.1416
4601,4.1415
4602,4.1415
4603,4.1413
4604,4.1413
4605,4.1411
4606,4.1411
4607,4.1411
4608,4.141
4609,4.141
4610,4.1408
4611,4.1408
4612,4.1407
4613,4.1407
4614,4.1405
4615,4.1405
4616,4.1403
4617,4.1403
4618,4.1402
4619,4.1402
4620,4.1402
4621,4.14
4622,4.14
4623,4.1399
4624,4.1399
4625,4.1397
4626,4.1397
4627,4.1395
4628,4.1395
4629,4.1394
4630,4.1394
4631,4.1392
4632,4.1392
4633,4.1391
4634,4.1391
4635,4.1389
4636,4.1389
4637,4.1388
4638,4.1388
4639,4.1386
4640,4.1386
4641,4.1384
4642,4.1384
4643,4.1383
4644,4.1383
4645,4.1381
4646,4.1381
4647,4.138
4648,4.138
4649,4.1378
4650,4.1378
4651,4.1376
4652,4.1376
4653,4.1375
4654,4.1375
4655,4.1373
4656,4.1373
4657,4.1372
4658,4.1372
4659,4.137
4660,4.137
4661,4.1368
4662,4.1368
4663,4.1367
4664,4.1365
4665,4.1365
4666,4.1365
4667,4.1365
4668,4.1364
4669,4.1364
4670,4.1364
4671,4.1364
4672,4.1362
4673,4.1362
4674,4.1362
4675,4.1362
4676,4.1361
4677,4.1361
4678,4.1361
4679,4.1361
4680,4.1359
4681,4.1359
4682,4.1357
4683,4.1357
4684,4.1357
4685,4.1357
4686,4.1356
4687,4.1356
4688,4.1356
4689,4.1356
4690,4.1354
4691,4.1354
4692,4.1354
4693,4.1354
4694,4.1353
4695,4.1353
4696,4.1351
4697,4.1351
4698,4.1351
4699,4.1351
4700,4.1349
4701,4.1349
4702,4.1349
4703,4.1349
4704,4.1348
4705,4.1348
4706,4.1346
4707,4.1346
4708,4.1345
4709,4.1345
4710,4.1343
4711,4.1341
4712,4.1341
4713,4.134
4714,4.1338
4715,4.1338
4716,4.1337
4717,4.1335
4718,4.1335
4719,4.1334
4720,4.1334
4721,4.1332
4722,4.133
4723,4.1329
4724,4.1329
4725,4.1327
4726,4.1326
4727,4.1326
4728,4.1324
4729,4.1322
4730,4.1322
4731,4.1321
4732,4.1319
4733,4.1318
4734,4.1318
4735,4.1316
4736,4.1314
4737,4.1314
4738,4.1313
4739,4.1311
4740,4.131
4741,4.1308
4742,4.1308
4743,4.1307
4744,4.1305
4745,4.1305
4746,4.1303
4747,4.1302
4748,4.13
4749,4.1299
4750,4.1297
4751,4.1297
4752,4.1295
4753,4.1294
4754,4.1292
4755,4.1291
4756,4.1289
4757,4.1289
4758,4.1287
4759,4.1286
4760,4.1284
4761,4.1283
4762,4.1281
4763,4.128
4764,4.1278
4765,4.1278
4766,4.1276
4767,4.1275
4768,4.1273
4769,4.1272
4770,4.127
4771,4.1268
4772,4.1267
4773,4.1265
4774,4.1264
4775,4.1262
4776,4.1262
4777,4.1259
4778,4.1257
4779,4.1257
4780,4.1254
4781,4.1253
4782,4.1253
4783,4.1251
4784,4.1249
4785,4.1248
4786,4.1246
4787,4.1245
4788,4.1243
4789,4.124
4790,4.1238
4791,4.1237
4792,4.1235
4793,4.1233
4794,4.1232
4795,4.123
4796,4.1229
4797,4.1227
4798,4.1226
4799,4.1224
4800,4.1222
4801,4.1221
4802,4.1218
4803,4.1216
4804,4.1214
4805,4.1213
4806,4.1211
4807,4.121
4808,4.1207
4809,4.1205
4810,4.1203
4811,4.1202
4812,4.12
4813,4.1199
4814,4.1195
4815,4.1194
4816,4.1192
4817,4.1191
4818,4.1187
4819,4.1186
4820,4.1184
4821,4.1183
4822,4.1181
4823,4.1178
4824,4.1176
4825,4.1175
4826,4.1172
4827,4.117
4828,4.1168
4829,4.1167
4830,4.1164
4831,4.1162
4832,4.116
4833,4.1157
4834,4.1156
4835,4.1154
4836,4.1151
4837,4.1149
4838,4.1148
4839,4.1145
4840,4.1143
4841,4.114
4842,4.1138
4843,4.1137
4844,4.1133
4845,4.1132
4846,4.113
4847,4.1127
4848,4.1126
4849,4.1122
4850,4.1121
4851,4.1118
4852,4.1116
4853,4.1113
4854,4.1111
4855,4.111
4856,4.1106
4857,4.1105
4858,4.1102
4859,4.11
4860,4.1097
4861,4.1095
4862,4.1092
4863,4.1091
4864,4.1087
4865,4.1084
4866,4.1083
4867,4.1079
4868,4.1078
4869,4.1075
4870,4.1073
4871,4.107
4872,4.1068
4873,4.1065
4874,4.1064
4875,4.106
4876,4.1057
4877,4.1056
4878,4.1052
4879,4.1051
4880,4.1048
4881,4.1045
4882,4.1043
4883,4.104
4884,4.1037
4885,4.1035
4886,4.1032
4887,4.1029
4888,4.1027
4889,4.1024
4890,4.1021
4891,4.1019
4892,4.1016
4893,4.1014
4894,4.1011
4895,4.1008
4896,4.1005
4897,4.1003
4898,4.1
4899,4.0997
4900,4.0994
4901,4.0992
4902,4.0989
4903,4.0986
4904,4.0984
4905,4.0981
4906,4.0978
4907,4.0975
4908,4.0971
4909,4.097
4910,4.0967
4911,4.0964
4912,4.096
4913,4.0957
4914,4.0956
4915,4.0952
4916,4.0949
4917,4.0946
4918,4.0943
4919,4.0941
4920,4.0938
4921,4.0935
4922,4.0932
4923,4.0929
4924,4.0925
4925,4.0924
4926,4.0921
4927,4.0917
4928,4.0914
4929,4.0911
4930,4.0908
4931,4.0905
4932,4.0903
4933,4.09
4934,4.0897
4935,4.0894
4936,4.089
4937,4.0887
4938,4.0884
4939,4.0881
4940,4.0878
4941,4.0876
4942,4.0873
4943,4.087
4944,4.0867
4945,4.0863
4946,4.086
4947,4.0857
4948,4.0854
4949,4.0851
4950,4.0848
4951,4.0844
4952,4.0841
4953,4.0838
4954,4.0835
4955,4.0833
4956,4.083
4957,4.0827
4958,4.0824
4959,4.0821
4960,4.0817
4961,4.0814
4962,4.0811
4963,4.0808
4964,4.0805
4965,4.0802
4966,4.0798
4967,4.0795
4968,4.0792
4969,4.0789
4970,4.0786
4971,4.0782
4972,4.0779
4973,4.0776
4974,4.0773
4975,4.077
4976,4.0767
4977,4.0763
4978,4.076
4979,4.0757
4980,4.0754
4981,4.0751
4982,4.0748
4983,4.0744
4984,4.0741
4985,4.0738
4986,4.0735
4987,4.0732
4988,4.0729
4989,4.0725
4990,4.0722
4991,4.0719
4992,4.0716
4993,4.0713
4994,4.0709
4995,4.0706
4996,4.0703
4997,4.0698
4998,4.0695
4999,4.0692
5000,4.0689
5001,4.0686
5002,4.0682
5003,4.0679
5004,4.0676
5005,4.0673
5006,4.067
5007,4.0667
5008,4.0663
5009,4.066
5010,4.0657
5011,4.0654
5012,4.0651
5013,4.0648
5014,4.0644
5015,4.0641
5016,4.0638
5017,4.0635
5018,4.0632
5019,4.0628
5020,4.0625
5021,4.0622
5022,4.0619
5023,4.0616
5024,4.0613
5025,4.0609
5026,4.0606
5027,4.0603
5028,4.06
5029,4.0597
5030,4.0594
5031,4.059
5032,4.0587
5033,4.0584
5034,4.0581
5035,4.0578
5036,4.0574
5037,4.0571
5038,4.0568
5039,4.0565
5040,4.0562
5041,4.0559
5042,4.0557
5043,4.0554
5044,4.0551
5045,4.0547
5046,4.0544
5047,4.0541
5048,4.0538
5049,4.0535
5050,4.0532
5051,4.0528
5052,4.0525
5053,4.0522
5054,4.0519
5055,4.0516
5056,4.0514
5057,4.0511
5058,4.0508
5059,4.0505
5060,4.0501
5061,4.0498
5062,4.0495
5063,4.0492
5064,4.0489
5065,4.0487
5066,4.0484
5067,4.0481
5068,4.0478
5069,4.0474
5070,4.0471
5071,4.0468
5072,4.0466
5073,4.0463
5074,4.046
5075,4.0457
5076,4.0454
5077,4.0451
5078,4.0449
5079,4.0446
5080,4.0443
5081,4.0439
5082,4.0438
5083,4.0435
5084,4.0432
5085,4.0428
5086,4.0425
5087,4.0424
5088,4.042
5089,4.0417
5090,4.0414
5091,4.0412
5092,4.0409
5093,4.0406
5094,4.0403
5095,4.0401
5096,4.0398
5097,4.0395
5098,4.0392
5099,4.039
5100,4.0387
5101,4.0384
5102,4.0382
5103,4.0379
5104,4.0376
5105,4.0374
5106,4.0371
5107,4.037
5108,4.0366
5109,4.0363
5110,4.0362
5111,4.0358
5112,4.0355
5113,4.0354
5114,4.0351
5115,4.0349
5116,4.0346
5117,4.0343
5118,4.0341
5119,4.0338
5120,4.0336
5121,4.0333
5122,4.033
5123,4.0328
5124,4.0325
5125,4.0324
5126,4.032
5127,4.0319
5128,4.0316
5129,4.0314
5130,4.0311
5131,4.0309
5132,4.0306
5133,4.0304
5134,4.0301
5135,4.03
5136,4.0297
5137,4.0295
5138,4.0292
5139,4.029
5140,4.0287
5141,4.0285
5142,4.0284
5143,4.0281
5144,4.0279
5145,4.0276
5146,4.0274
5147,4.0271
5148,4.027
5149,4.0268
5150,4.0265
5151,4.0263
5152,4.026
5153,4.0258
5154,4.0257
5155,4.0254
5156,4.0252
5157,4.0251
5158,4.0247
5159,4.0246
5160,4.0243
5161,4.0241
5162,4.0239
5163,4.0238
5164,4.0235
5165,4.0233
5166,4.023
5167,4.0228
5168,4.0227
5169,4.0225
5170,4.0222
5171,4.022
5172,4.0219
5173,4.0217
5174,4.0214
5175,4.0212
5176,4.0211
5177,4.0208
5178,4.0206
5179,4.0204
5180,4.0203
5181,4.0201
5182,4.0198
5183,4.0197
5184,4.0195
5185,4.0193
5186,4.019
5187,4.0189
5188,4.0187
5189,4.0185
5190,4.0184
5191,4.0181
5192,4.0179
5193,4.0177
5194,4.0176
5195,4.0174
5196,4.0173
5197,4.017
5198,4.0168
5199,4.0166
5200,4.0165
5201,4.0163
5202,4.0162
5203,4.016
5204,4.0157
5205,4.0155
5206,4.0154
5207,4.0152
5208,4.015
5209,4.0149
5210,4.0147
5211,4.0146
5212,4.0143
5213,4.0141
5214,4.0139
5215,4.0138
5216,4.0136
5217,4.0135
5218,4.0133
5219,4.0131
5220,4.013
5221,4.0127
5222,4.0125
5223,4.0123
5224,4.0122
5225,4.012
5226,4.0119
5227,4.0117
5228,4.0116
5229,4.0114
5230,4.0112
5231,4.0111
5232,4.0109
5233,4.0108
5234,4.0106
5235,4.0104
5236,4.0103
5237,4.0101
5238,4.01
5239,4.0096
5240,4.0095
5241,4.0093
5242,4.0092
5243,4.009
5244,4.0089
5245,4.0087
5246,4.0085
5247,4.0084
5248,4.0082
5249,4.0081
5250,4.0079
5251,4.0077
5252,4.0076
5253,4.0074
5254,4.0073
5255,4.0071
5256,4.0069
5257,4.0068
5258,4.0066
5259,4.0065
5260,4.0063
5261,4.0062
5262,4.006
5263,4.0058
5264,4.0057
5265,4.0055
5266,4.0054
5267,4.0052
5268,4.005
5269,4.0049
5270,4.0047
5271,4.0046
5272,4.0044
5273,4.0042
5274,4.0041
5275,4.0039
5276,4.0038
5277,4.0036
5278,4.0035
5279,4.0033
5280,4.003
5281,4.003
5282,4.0028
5283,4.0027
5284,4.0023
5285,4.0022
5286,4.002
5287,4.002
5288,4.0017
5289,4.0015
5290,4.0014
5291,4.0012
5292,4.0011
5293,4.0009
5294,4.0008
5295,4.0006
5296,4.0004
5297,4.0003
5298,4.0001
5299,4.0
5300,3.9998
5301,3.9996
5302,3.9995
5303,3.9993
5304,3.9992
5305,3.999
5306,3.9988
5307,3.9987
5308,3.9985
5309,3.9984
5310,3.9982
5311,3.9979
5312,3.9979
5313,3.9976
5314,3.9974
5315,3.9973
5316,3.9971
5317,3.9969
5318,3.9968
5319,3.9966
5320,3.9965
5321,3.9963
5322,3.9961
5323,3.996
5324,3.9958
5325,3.9957
5326,3.9954
5327,3.9952
5328,3.995
5329,3.9949
5330,3.9947
5331,3.9946
5332,3.9944
5333,3.9942
5334,3.9939
5335,3.9939
5336,3.9936
5337,3.9934
5338,3.9933
5339,3.9931
5340,3.993
5341,3.9928
5342,3.9925
5343,3.9923
5344,3.9922
5345,3.992
5346,3.9919
5347,3.9917
5348,3.9915
5349,3.9912
5350,3.9911
5351,3.9909
5352,3.9907
5353,3.9906
5354,3.9903
5355,3.9901
5356,3.99
5357,3.9898
5358,3.9896
5359,3.9893
5360,3.9892
5361,3.989
5362,3.9888
5363,3.9887
5364,3.9885
5365,3.9882
5366,3.988
5367,3.9879
5368,3.9877
5369,3.9874
5370,3.9873
5371,3.9871
5372,3.9868
5373,3.9866
5374,3.9865
5375,3.9863
5376,3.986
5377,3.9858
5378,3.9857
5379,3.9855
5380,3.9852
5381,3.985
5382,3.9849
5383,3.9846
5384,3.9844
5385,3.9842
5386,3.9841
5387,3.9838
5388,3.9836
5389,3.9834
5390,3.9831
5391,3.983
5392,3.9828
5393,3.9825
5394,3.9823
5395,3.9822
5396,3.9819
5397,3.9817
5398,3.9814
5399,3.9812
5400,3.9811
5401,3.9807
5402,3.9806
5403,3.9804
5404,3.9801
5405,3.98
5406,3.9796
5407,3.9795
5408,3.9793
5409,3.979
5410,3.9788
5411,3.9785
5412,3.9784
5413,3.978
5414,3.9779
5415,3.9776
5416,3.9774
5417,3.9773
5418,3.9769
5419,3.9768
5420,3.9765
5421,3.9763
5422,3.976
5423,3.9758
5424,3.9755
5425,3.9753
5426,3.975
5427,3.9749
5428,3.9746
5429,3.9744
5430,3.9741
5431,3.9739
5432,3.9736
5433,3.9734
5434,3.9731
5435,3.973
5436,3.9726
5437,3.9725
5438,3.9722
5439,3.972
5440,3.9717
5441,3.9714
5442,3.9712
5443,3.9709
5444,3.9707
5445,3.9704
5446,3.9703
5447,3.9699
5448,3.9696
5449,3.9695
5450,3.9692
5451,3.969
5452,3.9687
5453,3.9684
5454,3.9682
5455,3.9679
5456,3.9677
5457,3.9674
5458,3.9671
5459,3.9669
5460,3.9666
5461,3.9663
5462,3.9661
5463,3.9658
5464,3.9655
5465,3.9653
5466,3.965
5467,3.9647
5468,3.9645
5469,3.9642
5470,3.9639
5471,3.9638
5472,3.9634
5473,3.9631
5474,3.963
5475,3.9626
5476,3.9623
5477,3.9622
5478,3.9618
5479,3.9615
5480,3.9612
5481,3.9611
5482,3.9607
5483,3.9604
5484,3.9603
5485,3.9599
5486,3.9596
5487,3.9595
5488,3.9591
5489,3.9588
5490,3.9585
5491,3.9582
5492,3.958
5493,3.9577
5494,3.9574
5495,3.9571
5496,3.9569
5497,3.9566
5498,3.9563
5499,3.9561
5500,3.9558
5501,3.9555
5502,3.9552
5503,3.9549
5504,3.9547
5505,3.9544
5506,3.9541
5507,3.9539
5508,3.9536
5509,3.9533
5510,3.953
5511,3.9526
5512,3.9523
5513,3.9522
5514,3.9518
5515,3.9515
5516,3.9512
5517,3.951
5518,3.9507
5519,3.9504
5520,3.9501
5521,3.9498
5522,3.9496
5523,3.9493
5524,3.949
5525,3.9487
5526,3.9483
5527,3.9482
5528,3.9479
5529,3.9476
5530,3.9472
5531,3.9469
5532,3.9468
5533,3.9464
5534,3.9461
5535,3.9458
5536,3.9455
5537,3.9453
5538,3.945
5539,3.9447
5540,3.9444
5541,3.9441
5542,3.9439
5543,3.9436
5544,3.9433
5545,3.9429
5546,3.9426
5547,3.9425
5548,3.9422
5549,3.9418
5550,3.9415
5551,3.9412
5552,3.941
5553,3.9407
5554,3.9404
5555,3.9401
5556,3.9398
5557,3.9396
5558,3.9393
5559,3.939
5560,3.9387
5561,3.9383
5562,3.9382
5563,3.9379
5564,3.9375
5565,3.9372
5566,3.9369
5567,3.9368
5568,3.9364
5569,3.9361
5570,3.9358
5571,3.9356
5572,3.9353
5573,3.935
5574,3.9347
5575,3.9344
5576,3.9342
5577,3.9339
5578,3.9336
5579,3.9333
5580,3.9329
5581,3.9328
5582,3.9325
5583,3.9322
5584,3.9318
5585,3.9317
5586,3.9314
5587,3.931
5588,3.9307
5589,3.9306
5590,3.9302
5591,3.9299
5592,3.9296
5593,3.9295
5594,3.9291
5595,3.9288
5596,3.9285
5597,3.9283
5598,3.928
5599,3.9277
5600,3.9274
5601,3.9272
5602,3.9269
5603,3.9266
5604,3.9263
5605,3.9261
5606,3.9258
5607,3.9255
5608,3.9253
5609,3.925
5610,3.9247
5611,3.9245
5612,3.9242
5613,3.9239
5614,3.9236
5615,3.9234
5616,3.9231
5617,3.9228
5618,3.9226
5619,3.9223
5620,3.922
5621,3.9218
5622,3.9215
5623,3.9212
5624,3.921
5625,3.9207
5626,3.9204
5627,3.9202
5628,3.9199
5629,3.9196
5630,3.9193
5631,3.9191
5632,3.9188
5633,3.9187
5634,3.9183
5635,3.918
5636,3.9179
5637,3.9175
5638,3.9172
5639,3.9171
5640,3.9167
5641,3.9164
5642,3.9163
5643,3.916
5644,3.9156
5645,3.9155
5646,3.9152
5647,3.915
5648,3.9147
5649,3.9144
5650,3.9142
5651,3.9139
5652,3.9137
5653,3.9134
5654,3.9131
5655,3.9129
5656,3.9126
5657,3.9125
5658,3.9121
5659,3.9118
5660,3.9117
5661,3.9113
5662,3.9112
5663,3.9109
5664,3.9106
5665,3.9104
5666,3.9101
5667,3.9099
5668,3.9096
5669,3.9094
5670,3.9091
5671,3.909
5672,3.9086
5673,3.9085
5674,3.9082
5675,3.9079
5676,3.9077
5677,3.9074
5678,3.9072
5679,3.9069
5680,3.9067
5681,3.9064
5682,3.9061
5683,3.9059
5684,3.9056
5685,3.9055
5686,3.9052
5687,3.905
5688,3.9047
5689,3.9045
5690,3.9042
5691,3.904
5692,3.9037
5693,3.9036
5694,3.9032
5695,3.9031
5696,3.9028
5697,3.9026
5698,3.9023
5699,3.9021
5700,3.9018
5701,3.9017
5702,3.9013
5703,3.9012
5704,3.9009
5705,3.9007
5706,3.9004
5707,3.9002
5708,3.8999
5709,3.8998
5710,3.8994
5711,3.8993
5712,3.899
5713,3.8988
5714,3.8985
5715,3.8983
5716,3.898
5717,3.8978
5718,3.8975
5719,3.8974
5720,3.8971
5721,3.8969
5722,3.8966
5723,3.8964
5724,3.8961
5725,3.8959
5726,3.8956
5727,3.8955
5728,3.8951
5729,3.895
5730,3.8948
5731,3.8945
5732,3.8944
5733,3.894
5734,3.8939
5735,3.8936
5736,3.8934
5737,3.8931
5738,3.8929
5739,3.8926
5740,3.8925
5741,3.8921
5742,3.892
5743,3.8918
5744,3.8915
5745,3.8913
5746,3.891
5747,3.8907
5748,3.8905
5749,3.8904
5750,3.8901
5751,3.8899
5752,3.8896
5753,3.8894
5754,3.8891
5755,3.889
5756,3.8888
5757,3.8885
5758,3.8883
5759,3.888
5760,3.8878
5761,3.8875
5762,3.8874
5763,3.8871
5764,3.8869
5765,3.8866
5766,3.8864
5767,3.8861
5768,3.8859
5769,3.8856
5770,3.8855
5771,3.8853
5772,3.885
5773,3.8848
5774,3.8845
5775,3.8844
5776,3.884
5777,3.8839
5778,3.8836
5779,3.8834
5780,3.8831
5781,3.8829
5782,3.8828
5783,3.8824
5784,3.8823
5785,3.882
5786,3.8818
5787,3.8815
5788,3.8813
5789,3.881
5790,3.8809
5791,3.8805
5792,3.8804
5793,3.8801
5794,3.8799
5795,3.8797
5796,3.8794
5797,3.8793
5798,3.879
5799,3.8788
5800,3.8785
5801,3.8783
5802,3.878
5803,3.8778
5804,3.8775
5805,3.8774
5806,3.877
5807,3.8769
5808,3.8766
5809,3.8764
5810,3.8761
5811,3.8759
5812,3.8756
5813,3.8755
5814,3.8751
5815,3.875
5816,3.8747
5817,3.8745
5818,3.8742
5819,3.874
5820,3.8739
5821,3.8736
5822,3.8734
5823,3.8731
5824,3.8729
5825,3.8726
5826,3.8724
5827,3.8721
5828,3.872
5829,3.8716
5830,3.8715
5831,3.8712
5832,3.871
5833,3.8707
5834,3.8705
5835,3.8702
5836,3.8701
5837,3.8697
5838,3.8696
5839,3.8693
5840,3.8689
5841,3.8688
5842,3.8685
5843,3.8683
5844,3.868
5845,3.8678
5846,3.8675
5847,3.8674
5848,3.867
5849,3.8669
5850,3.8666
5851,3.8664
5852,3.8661
5853,3.8659
5854,3.8656
5855,3.8655
5856,3.8651
5857,3.865
5858,3.8647
5859,3.8645
5860,3.8642
5861,3.8639
5862,3.8637
5863,3.8634
5864,3.8632
5865,3.8629
5866,3.8628
5867,3.8624
5868,3.8623
5869,3.862
5870,3.8616
5871,3.8615
5872,3.8612
5873,3.861
5874,3.8607
5875,3.8605
5876,3.8602
5877,3.8601
5878,3.8597
5879,3.8594
5880,3.8593
5881,3.8589
5882,3.8588
5883,3.8585
5884,3.8583
5885,3.858
5886,3.8577
5887,3.8575
5888,3.8572
5889,3.857
5890,3.8567
5891,3.8566
5892,3.8562
5893,3.8559
5894,3.8558
5895,3.8554
5896,3.8553
5897,3.855
5898,3.8548
5899,3.8545
5900,3.8542
5901,3.854
5902,3.8537
5903,3.8535
5904,3.8532
5905,3.8531
5906,3.8527
5907,3.8524
5908,3.8523
5909,3.852
5910,3.8518
5911,3.8515
5912,3.8513
5913,3.851
5914,3.8507
5915,3.8505
5916,3.8502
5917,3.85
5918,3.8497
5919,3.8494
5920,3.8493
5921,3.8489
5922,3.8488
5923,3.8485
5924,3.8483
5925,3.848
5926,3.8477
5927,3.8475
5928,3.8472
5929,3.847
5930,3.8467
5931,3.8464
5932,3.8462
5933,3.8459
5934,3.8458
5935,3.8454
5936,3.8453
5937,3.845
5938,3.8447
5939,3.8445
5940,3.8442
5941,3.8439
5942,3.8437
5943,3.8434
5944,3.8432
5945,3.8429
5946,3.8427
5947,3.8424
5948,3.8421
5949,3.842
5950,3.8416
5951,3.8415
5952,3.8412
5953,3.8408
5954,3.8407
5955,3.8404
5956,3.8402
5957,3.8399
5958,3.8397
5959,3.8394
5960,3.8391
5961,3.8389
5962,3.8386
5963,3.8385
5964,3.8381
5965,3.8378
5966,3.8377
5967,3.8373
5968,3.8372
5969,3.8369
5970,3.8367
5971,3.8364
5972,3.8361
5973,3.8359
5974,3.8356
5975,3.8354
5976,3.8351
5977,3.835
5978,3.8346
5979,3.8343
5980,3.8342
5981,3.8339
5982,3.8337
5983,3.8334
5984,3.8332
5985,3.8329
5986,3.8327
5987,3.8324
5988,3.8321
5989,3.8319
5990,3.8316
5991,3.8315
5992,3.8312
5993,3.831
5994,3.8307
5995,3.8305
5996,3.8302
5997,3.83
5998,3.8297
5999,3.8294
6000,3.8292
6001,3.8289
6002,3.8288
6003,3.8285
6004,3.8283
6005,3.828
6006,3.8278
6007,3.8275
6008,3.8273
6009,3.827
6010,3.8269
6011,3.8265
6012,3.8264
6013,3.8261
6014,3.8259
6015,3.8256
6016,3.8254
6017,3.8251
6018,3.8248
6019,3.8246
6020,3.8243
6021,3.8242
6022,3.8238
6023,3.8237
6024,3.8234
6025,3.8232
6026,3.8229
6027,3.8227
6028,3.8224
6029,3.8223
6030,3.8219
6031,3.8218
6032,3.8215
6033,3.8213
6034,3.821
6035,3.8208
6036,3.8205
6037,3.8204
6038,3.82
6039,3.8199
6040,3.8196
6041,3.8194
6042,3.8192
6043,3.8189
6044,3.8188
6045,3.8184
6046,3.8183
6047,3.818
6048,3.8178
6049,3.8175
6050,3.8173
6051,3.817
6052,3.8169
6053,3.8167
6054,3.8164
6055,3.8162
6056,3.8159
6057,3.8157
6058,3.8154
6059,3.8153
6060,3.815
6061,3.8148
6062,3.8146
6063,3.8143
6064,3.8142
6065,3.8138
6066,3.8137
6067,3.8134
6068,3.8132
6069,3.813
6070,3.8127
6071,3.8126
6072,3.8123
6073,3.8121
6074,3.8118
6075,3.8116
6076,3.8115
6077,3.8111
6078,3.811
6079,3.8107
6080,3.8105
6081,3.8103
6082,3.81
6083,3.8099
6084,3.8096
6085,3.8094
6086,3.8092
6087,3.8089
6088,3.8088
6089,3.8084
6090,3.8083
6091,3.8081
6092,3.8078
6093,3.8076
6094,3.8075
6095,3.8072
6096,3.807
6097,3.8069
6098,3.8065
6099,3.8064
6100,3.8061
6101,3.8059
6102,3.8057
6103,3.8054
6104,3.8053
6105,3.8049
6106,3.8048
6107,3.8046
6108,3.8043
6109,3.8042
6110,3.804
6111,3.8037
6112,3.8035
6113,3.8034
6114,3.803
6115,3.8029
6116,3.8027
6117,3.8024
6118,3.8022
6119,3.8021
6120,3.8018
6121,3.8016
6122,3.8015
6123,3.8011
6124,3.801
6125,3.8008
6126,3.8005
6127,3.8003
6128,3.8002
6129,3.7999
6130,3.7997
6131,3.7996
6132,3.7992
6133,3.7991
6134,3.7989
6135,3.7986
6136,3.7984
6137,3.7983
6138,3.7981
6139,3.7978
6140,3.7976
6141,3.7975
6142,3.7972
6143,3.797
6144,3.7969
6145,3.7965
6146,3.7964
6147,3.7962
6148,3.7961
6149,3.7957
6150,3.7956
6151,3.7954
6152,3.7951
6153,3.7949
6154,3.7948
6155,3.7946
6156,3.7943
6157,3.7942
6158,3.794
6159,3.7938
6160,3.7935
6161,3.7934
6162,3.7932
6163,3.7929
6164,3.7927
6165,3.7926
6166,3.7924
6167,3.7921
6168,3.7919
6169,3.7918
6170,3.7916
6171,3.7913
6172,3.7911
6173,3.791
6174,3.7908
6175,3.7905
6176,3.7903
6177,3.7902
6178,3.79
6179,3.7897
6180,3.7895
6181,3.7894
6182,3.7892
6183,3.7889
6184,3.7888
6185,3.7886
6186,3.7884
6187,3.7881
6188,3.788
6189,3.7878
6190,3.7876
6191,3.7873
6192,3.7872
6193,3.787
6194,3.7868
6195,3.7867
6196,3.7864
6197,3.7862
6198,3.7861
6199,3.7859
6200,3.7857
6201,3.7854
6202,3.7853
6203,3.7851
6204,3.7849
6205,3.7846
6206,3.7845
6207,3.7843
6208,3.7841
6209,3.7838
6210,3.7837
6211,3.7835
6212,3.7834
6213,3.7832
6214,3.7829
6215,3.7827
6216,3.7826
6217,3.7824
6218,3.7822
6219,3.7819
6220,3.7818
6221,3.7816
6222,3.7814
6223,3.7813
6224,3.781
6225,3.7808
6226,3.7807
6227,3.7805
6228,3.7803
6229,3.78
6230,3.7799
6231,3.7797
6232,3.7795
6233,3.7794
6234,3.7791
6235,3.7789
6236,3.7787
6237,3.7786
6238,3.7784
6239,3.7783
6240,3.7781
6241,3.7778
6242,3.7776
6243,3.7775
6244,3.7773
6245,3.7772
6246,3.7768
6247,3.7767
6248,3.7765
6249,3.7764
6250,3.7762
6251,3.7759
6252,3.7757
6253,3.7756
6254,3.7754
6255,3.7753
6256,3.7751
6257,3.7749
6258,3.7746
6259,3.7745
6260,3.7743
6261,3.7741
6262,3.774
6263,3.7738
6264,3.7737
6265,3.7733
6266,3.7732
6267,3.773
6268,3.7729
6269,3.7727
6270,3.7726
6271,3.7722
6272,3.7721
6273,3.7719
6274,3.7718
6275,3.7716
6276,3.7714
6277,3.7711
6278,3.771
6279,3.7708
6280,3.7706
6281,3.7705
6282,3.7703
6283,3.77
6284,3.7699
6285,3.7697
6286,3.7695
6287,3.7694
6288,3.7692
6289,3.7691
6290,3.7687
6291,3.7686
6292,3.7684
6293,3.7683
6294,3.7681
6295,3.7679
6296,3.7678
6297,3.7676
6298,3.7673
6299,3.7672
6300,3.767
6301,3.7668
6302,3.7667
6303,3.7665
6304,3.7664
6305,3.766
6306,3.7659
6307,3.7657
6308,3.7656
6309,3.7654
6310,3.7652
6311,3.7651
6312,3.7648
6313,3.7646
6314,3.7645
6315,3.7643
6316,3.7641
6317,3.764
6318,3.7638
6319,3.7637
6320,3.7633
6321,3.7632
6322,3.763
6323,3.7629
6324,3.7627
6325,3.7625
6326,3.7624
6327,3.7622
6328,3.7621
6329,3.7618
6330,3.7616
6331,3.7614
6332,3.7613
6333,3.7611
6334,3.761
6335,3.7608
6336,3.7606
6337,3.7603
6338,3.7602
6339,3.76
6340,3.7598
6341,3.7597
6342,3.7595
6343,3.7594
6344,3.7592
6345,3.7589
6346,3.7587
6347,3.7586
6348,3.7584
6349,3.7583
6350,3.7581
6351,3.7579
6352,3.7578
6353,3.7576
6354,3.7575
6355,3.7572
6356,3.757
6357,3.7568
6358,3.7567
6359,3.7565
6360,3.7564
6361,3.7562
6362,3.756
6363,3.7559
6364,3.7556
6365,3.7554
6366,3.7552
6367,3.7551
6368,3.7549
6369,3.7548
6370,3.7546
6371,3.7544
6372,3.7543
6373,3.754
6374,3.7538
6375,3.7537
6376,3.7535
6377,3.7533
6378,3.7532
6379,3.753
6380,3.7529
6381,3.7527
6382,3.7525
6383,3.7522
6384,3.7521
6385,3.7519
6386,3.7518
6387,3.7516
6388,3.7514
6389,3.7513
6390,3.7511
6391,3.751
6392,3.7506
6393,3.7505
6394,3.7503
6395,3.7502
6396,3.75
6397,3.7498
6398,3.7497
6399,3.7495
6400,3.7494
6401,3.7492
6402,3.7491
6403,3.7489
6404,3.7486
6405,3.7484
6406,3.7483
6407,3.7481
6408,3.7479
6409,3.7478
6410,3.7476
6411,3.7475
6412,3.7473
6413,3.747
6414,3.7468
6415,3.7467
6416,3.7465
6417,3.7464
6418,3.7462
6419,3.746
6420,3.7459
6421,3.7457
6422,3.7456
6423,3.7452
6424,3.7451
6425,3.7449
6426,3.7448
6427,3.7446
6428,3.7444
6429,3.7443
6430,3.7441
6431,3.744
6432,3.7438
6433,3.7437
6434,3.7433
6435,3.7432
6436,3.743
6437,3.7429
6438,3.7427
6439,3.7425
6440,3.7424
6441,3.7422
6442,3.7421
6443,3.7419
6444,3.7416
6445,3.7414
6446,3.7413
6447,3.7411
6448,3.741
6449,3.7408
6450,3.7406
6451,3.7405
6452,3.7403
6453,3.7402
6454,3.7398
6455,3.7397
6456,3.7395
6457,3.7394
6458,3.7392
6459,3.739
6460,3.7389
6461,3.7387
6462,3.7386
6463,3.7383
6464,3.7381
6465,3.7379
6466,3.7378
6467,3.7376
6468,3.7375
6469,3.7373
6470,3.7371
6471,3.737
6472,3.7368
6473,3.7365
6474,3.7363
6475,3.7362
6476,3.736
6477,3.7359
6478,3.7357
6479,3.7356
6480,3.7354
6481,3.7352
6482,3.7351
6483,3.7349
6484,3.7346
6485,3.7344
6486,3.7343
6487,3.7341
6488,3.734
6489,3.7338
6490,3.7336
6491,3.7335
6492,3.7333
6493,3.7332
6494,3.7329
6495,3.7327
6496,3.7325
6497,3.7324
6498,3.7322
6499,3.7321
6500,3.7319
6501,3.7317
6502,3.7316
6503,3.7313
6504,3.7311
6505,3.7309
6506,3.7308
6507,3.7306
6508,3.7305
6509,3.7303
6510,3.7302
6511,3.73
6512,3.7298
6513,3.7297
6514,3.7294
6515,3.7292
6516,3.729
6517,3.7289
6518,3.7287
6519,3.7286
6520,3.7284
6521,3.7282
6522,3.7281
6523,3.7278
6524,3.7276
6525,3.7275
6526,3.7273
6527,3.7271
6528,3.727
6529,3.7268
6530,3.7267
6531,3.7263
6532,3.7262
6533,3.726
6534,3.7259
6535,3.7257
6536,3.7255
6537,3.7254
6538,3.7252
6539,3.7251
6540,3.7248
6541,3.7246
6542,3.7244
6543,3.7243
6544,3.7241
6545,3.724
6546,3.7238
6547,3.7236
6548,3.7235
6549,3.7232
6550,3.7232
6551,3.7228
6552,3.7227
6553,3.7225
6554,3.7224
6555,3.7222
6556,3.7221
6557,3.7219
6558,3.7216
6559,3.7214
6560,3.7213
6561,3.7211
6562,3.7209
6563,3.7208
6564,3.7206
6565,3.7205
6566,3.7201
6567,3.7201
6568,3.7198
6569,3.7197
6570,3.7195
6571,3.7194
6572,3.7192
6573,3.719
6574,3.7189
6575,3.7186
6576,3.7184
6577,3.7182
6578,3.7181
6579,3.7179
6580,3.7178
6581,3.7176
6582,3.7174
6583,3.7173
6584,3.717
6585,3.7168
6586,3.7167
6587,3.7165
6588,3.7163
6589,3.7162
6590,3.716
6591,3.7159
6592,3.7155
6593,3.7154
6594,3.7152
6595,3.7151
6596,3.7149
6597,3.7147
6598,3.7146
6599,3.7144
6600,3.7141
6601,3.714
6602,3.7138
6603,3.7136
6604,3.7135
6605,3.7133
6606,3.7132
6607,3.713
6608,3.7127
6609,3.7125
6610,3.7124
6611,3.7122
6612,3.712
6613,3.7119
6614,3.7117
6615,3.7114
6616,3.7113
6617,3.7111
6618,3.7109
6619,3.7108
6620,3.7106
6621,3.7105
6622,3.7103
6623,3.71
6624,3.7098
6625,3.7097
6626,3.7095
6627,3.7094
6628,3.7092
6629,3.709
6630,3.7087
6631,3.7086
6632,3.7084
6633,3.7082
6634,3.7081
6635,3.7079
6636,3.7078
6637,3.7076
6638,3.7073
6639,3.7071
6640,3.707
6641,3.7068
6642,3.7067
6643,3.7065
6644,3.7063
6645,3.706
6646,3.7059
6647,3.7057
6648,3.7055
6649,3.7054
6650,3.7052
6651,3.7051
6652,3.7047
6653,3.7046
6654,3.7044
6655,3.7043
6656,3.7041
6657,3.704
6658,3.7038
6659,3.7035
6660,3.7033
6661,3.7032
6662,3.703
6663,3.7028
6664,3.7027
6665,3.7025
6666,3.7022
6667,3.702
6668,3.7019
6669,3.7017
6670,3.7016
6671,3.7014
6672,3.7013
6673,3.7011
6674,3.7008
6675,3.7006
6676,3.7005
6677,3.7003
6678,3.7001
6679,3.7
6680,3.6998
6681,3.6995
6682,3.6993
6683,3.6992
6684,3.699
6685,3.6989
6686,3.6987
6687,3.6984
6688,3.6982
6689,3.6981
6690,3.6979
6691,3.6978
6692,3.6976
6693,3.6973
6694,3.6971
6695,3.697
6696,3.6968
6697,3.6966
6698,3.6965
6699,3.6962
6700,3.696
6701,3.6959
6702,3.6957
6703,3.6955
6704,3.6954
6705,3.6952
6706,3.6949
6707,3.6947
6708,3.6946
6709,3.6944
6710,3.6943
6711,3.6941
6712,3.6939
6713,3.6936
6714,3.6935
6715,3.6933
6716,3.6932
6717,3.693
6718,3.6928
6719,3.6925
6720,3.6924
6721,3.6922
6722,3.692
6723,3.6919
6724,3.6917
6725,3.6914
6726,3.6912
6727,3.6911
6728,3.6909
6729,3.6908
6730,3.6906
6731,3.6905
6732,3.6901
6733,3.69
6734,3.6898
6735,3.6897
6736,3.6895
6737,3.6893
6738,3.689
6739,3.6889
6740,3.6887
6741,3.6885
6742,3.6884
6743,3.6882
6744,3.6879
6745,3.6878
6746,3.6876
6747,3.6874
6748,3.6873
6749,3.687
6750,3.6868
6751,3.6866
6752,3.6865
6753,3.6863
6754,3.6862
6755,3.686
6756,3.6857
6757,3.6855
6758,3.6854
6759,3.6852
6760,3.6851
6761,3.6849
6762,3.6847
6763,3.6844
6764,3.6843
6765,3.6841
6766,3.6839
6767,3.6838
6768,3.6835
6769,3.6833
6770,3.6831
6771,3.683
6772,3.6828
6773,3.6827
6774,3.6825
6775,3.6822
6776,3.682
6777,3.6819
6778,3.6817
6779,3.6816
6780,3.6814
6781,3.6811
6782,3.6809
6783,3.6808
6784,3.6806
6785,3.6804
6786,3.6803
6787,3.68
6788,3.6798
6789,3.6797
6790,3.6795
6791,3.6793
6792,3.6792
6793,3.6789
6794,3.6787
6795,3.6785
6796,3.6784
6797,3.6782
6798,3.6781
6799,3.6779
6800,3.6776
6801,3.6774
6802,3.6773
6803,3.6771
6804,3.677
6805,3.6768
6806,3.6765
6807,3.6763
6808,3.6762
6809,3.676
6810,3.6758
6811,3.6757
6812,3.6754
6813,3.6752
6814,3.675
6815,3.6749
6816,3.6747
6817,3.6746
6818,3.6743
6819,3.6741
6820,3.6739
6821,3.6738
6822,3.6736
6823,3.6735
6824,3.6733
6825,3.6731
6826,3.6728
6827,3.6727
6828,3.6725
6829,3.6723
6830,3.6722
6831,3.6719
6832,3.6717
6833,3.6716
6834,3.6714
6835,3.6712
6836,3.6711
6837,3.6709
6838,3.6706
6839,3.6704
6840,3.6703
6841,3.6701
6842,3.67
6843,3.6698
6844,3.6696
6845,3.6693
6846,3.6692
6847,3.669
6848,3.6689
6849,3.6687
6850,3.6685
6851,3.6684
6852,3.6681
6853,3.6679
6854,3.6677
6855,3.6676
6856,3.6674
6857,3.6673
6858,3.6669
6859,3.6668
6860,3.6666
6861,3.6665
6862,3.6663
6863,3.6662
6864,3.666
6865,3.6658
6866,3.6655
6867,3.6654
6868,3.6652
6869,3.665
6870,3.6649
6871,3.6647
6872,3.6644
6873,3.6643
6874,3.6641
6875,3.6639
6876,3.6638
6877,3.6636
6878,3.6635
6879,3.6633
6880,3.663
6881,3.6628
6882,3.6627
6883,3.6625
6884,3.6623
6885,3.6622
6886,3.662
6887,3.6619
6888,3.6616
6889,3.6614
6890,3.6612
6891,3.6611
6892,3.6609
6893,3.6608
6894,3.6606
6895,3.6604
6896,3.6603
6897,3.66
6898,3.6598
6899,3.6596
6900,3.6595
6901,3.6593
6902,3.6592
6903,3.659
6904,3.6587
6905,3.6585
6906,3.6584
6907,3.6582
6908,3.6581
6909,3.6579
6910,3.6577
6911,3.6576
6912,3.6573
6913,3.6571
6914,3.6569
6915,3.6568
6916,3.6566
6917,3.6565
6918,3.6563
6919,3.6562
6920,3.656
6921,3.6558
6922,3.6555
6923,3.6554
6924,3.6552
6925,3.655
6926,3.6549
6927,3.6547
6928,3.6546
6929,3.6544
6930,3.6541
6931,3.6539
6932,3.6538
6933,3.6536
6934,3.6535
6935,3.6533
6936,3.6531
6937,3.653
6938,3.6528
6939,3.6527
6940,3.6523
6941,3.6522
6942,3.652
6943,3.6519
6944,3.6517
6945,3.6515
6946,3.6514
6947,3.6512
6948,3.6511
6949,3.6508
6950,3.6506
6951,3.6504
6952,3.6503
6953,3.6501
6954,3.65
6955,3.6498
6956,3.6496
6957,3.6495
6958,3.6492
6959,3.649
6960,3.6488
6961,3.6487
6962,3.6485
6963,3.6484
6964,3.6482
6965,3.6481
6966,3.6479
6967,3.6477
6968,3.6474
6969,3.6473
6970,3.6471
6971,3.6469
6972,3.6468
6973,3.6466
6974,3.6465
6975,3.6463
6976,3.6461
6977,3.646
6978,3.6457
6979,3.6455
6980,3.6454
6981,3.6452
6982,3.645
6983,3.6449
6984,3.6447
6985,3.6446
6986,3.6444
6987,3.6442
6988,3.6439
6989,3.6438
6990,3.6436
6991,3.6434
6992,3.6433
6993,3.6431
6994,3.643
6995,3.6427
6996,3.6425
6997,3.6423
6998,3.6422
6999,3.642
7000,3.6419
7001,3.6417
7002,3.6415
7003,3.6414
7004,3.6411
7005,3.6409
7006,3.6407
7007,3.6406
7008,3.6404
7009,3.6403
7010,3.6401
7011,3.64
7012,3.6398
7013,3.6395
7014,3.6393
7015,3.6392
7016,3.639
7017,3.6388
7018,3.6387
7019,3.6385
7020,3.6382
7021,3.638
7022,3.6379
7023,3.6377
7024,3.6376
7025,3.6374
7026,3.6373
7027,3.6369
7028,3.6368
7029,3.6366
7030,3.6365
7031,3.6363
7032,3.6361
7033,3.6358
7034,3.6357
7035,3.6355
7036,3.6353
7037,3.6352
7038,3.635
7039,3.6349
7040,3.6346
7041,3.6344
7042,3.6342
7043,3.6341
7044,3.6339
7045,3.6336
7046,3.6334
7047,3.6333
7048,3.6331
7049,3.633
7050,3.6328
7051,3.6325
7052,3.6323
7053,3.6322
7054,3.632
7055,3.6319
7056,3.6315
7057,3.6314
7058,3.6312
7059,3.6311
7060,3.6309
7061,3.6306
7062,3.6304
7063,3.6303
7064,3.6301
7065,3.6299
7066,3.6296
7067,3.6295
7068,3.6293
7069,3.6292
7070,3.6288
7071,3.6287
7072,3.6285
7073,3.6284
7074,3.6282
7075,3.6279
7076,3.6277
7077,3.6276
7078,3.6274
7079,3.6271
7080,3.6269
7081,3.6268
7082,3.6266
7083,3.6263
7084,3.6261
7085,3.626
7086,3.6258
7087,3.6255
7088,3.6253
7089,3.6252
7090,3.6249
7091,3.6247
7092,3.6245
7093,3.6242
7094,3.6241
7095,3.6239
7096,3.6238
7097,3.6234
7098,3.6233
7099,3.6231
7100,3.6228
7101,3.6226
7102,3.6225
7103,3.6222
7104,3.622
7105,3.6218
7106,3.6215
7107,3.6214
7108,3.6212
7109,3.6209
7110,3.6207
7111,3.6206
7112,3.6203
7113,3.6201
7114,3.6199
7115,3.6196
7116,3.6195
7117,3.6191
7118,3.619
7119,3.6188
7120,3.6185
7121,3.6184
7122,3.618
7123,3.6179
7124,3.6177
7125,3.6174
7126,3.6172
7127,3.6169
7128,3.6168
7129,3.6165
7130,3.6163
7131,3.6161
7132,3.6158
7133,3.6157
7134,3.6153
7135,3.6152
7136,3.6149
7137,3.6147
7138,3.6144
7139,3.6142
7140,3.6139
7141,3.6138
7142,3.6134
7143,3.6133
7144,3.613
7145,3.6128
7146,3.6125
7147,3.6123
7148,3.612
7149,3.6118
7150,3.6115
7151,3.6112
7152,3.6111
7153,3.6107
7154,3.6106
7155,3.6103
7156,3.6101
7157,3.6098
7158,3.6095
7159,3.6093
7160,3.609
7161,3.6088
7162,3.6085
7163,3.6082
7164,3.608
7165,3.6077
7166,3.6074
7167,3.6072
7168,3.6069
7169,3.6066
7170,3.6063
7171,3.6061
7172,3.6058
7173,3.6055
7174,3.6053
7175,3.605
7176,3.6047
7177,3.6044
7178,3.6042
7179,3.6039
7180,3.6036
7181,3.6033
7182,3.6031
7183,3.6028
7184,3.6025
7185,3.6022
7186,3.6018
7187,3.6017
7188,3.6014
7189,3.601
7190,3.6007
7191,3.6004
7192,3.6001
7193,3.5998
7194,3.5995
7195,3.5991
7196,3.599
7197,3.5987
7198,3.5983
7199,3.598
7200,3.5977
7201,3.5974
7202,3.5971
7203,3.5968
7204,3.5964
7205,3.5961
7206,3.5958
7207,3.5955
7208,3.5952
7209,3.5949
7210,3.5945
7211,3.5942
7212,3.5937
7213,3.5934
7214,3.5931
7215,3.5928
7216,3.5925
7217,3.5922
7218,3.5918
7219,3.5915
7220,3.591
7221,3.5907
7222,3.5904
7223,3.5901
7224,3.5898
7225,3.5893
7226,3.589
7227,3.5887
7228,3.5883
7229,3.5879
7230,3.5875
7231,3.5872
7232,3.5869
7233,3.5864
7234,3.5861
7235,3.5856
7236,3.5853
7237,3.585
7238,3.5845
7239,3.5842
7240,3.5837
7241,3.5834
7242,3.5829
7243,3.5826
7244,3.5821
7245,3.5818
7246,3.5814
7247,3.581
7248,3.5806
7249,3.5802
7250,3.5798
7251,3.5794
7252,3.579
7253,3.5787
7254,3.5782
7255,3.5777
7256,3.5774
7257,3.5769
7258,3.5764
7259,3.5761
7260,3.5756
7261,3.5752
7262,3.5747
7263,3.5744
7264,3.5739
7265,3.5734
7266,3.5729
7267,3.5725
7268,3.5721
7269,3.5717
7270,3.5712
7271,3.5707
7272,3.5702
7273,3.5698
7274,3.5693
7275,3.5688
7276,3.5683
7277,3.5679
7278,3.5674
7279,3.5669
7280,3.5664
7281,3.566
7282,3.5655
7283,3.565
7284,3.5645
7285,3.564
7286,3.5636
7287,3.5631
7288,3.5626
7289,3.562
7290,3.5615
7291,3.561
7292,3.5606
7293,3.5601
7294,3.5594
7295,3.559
7296,3.5585
7297,3.558
7298,3.5574
7299,3.5569
7300,3.5564
7301,3.5558
7302,3.5553
7303,3.5548
7304,3.5542
7305,3.5537
7306,3.5531
7307,3.5526
7308,3.5521
7309,3.5515
7310,3.551
7311,3.5504
7312,3.5499
7313,3.5493
7314,3.5488
7315,3.5482
7316,3.5477
7317,3.5471
7318,3.5464
7319,3.5459
7320,3.5453
7321,3.5448
7322,3.5442
7323,3.5436
7324,3.5431
7325,3.5424
7326,3.542
7327,3.5413
7328,3.5407
7329,3.5401
7330,3.5396
7331,3.539
7332,3.5383
7333,3.5378
7334,3.5372
7335,3.5366
7336,3.5359
7337,3.5355
7338,3.5348
7339,3.5342
7340,3.5336
7341,3.5331
7342,3.5324
7343,3.5318
7344,3.5312
7345,3.5305
7346,3.5301
7347,3.5294
7348,3.5288
7349,3.5282
7350,3.5275
7351,3.5269
7352,3.5262
7353,3.5258
7354,3.5251
7355,3.5245
7356,3.5239
7357,3.5232
7358,3.5226
7359,3.522
7360,3.5213
7361,3.5207
7362,3.5201
7363,3.5194
7364,3.5188
7365,3.5182
7366,3.5175
7367,3.5169
7368,3.5162
7369,3.5156
7370,3.515
7371,3.5143
7372,3.5135
7373,3.5129
7374,3.5123
7375,3.5116
7376,3.511
7377,3.5102
7378,3.5096
7379,3.5089
7380,3.5083
7381,3.5075
7382,3.5069
7383,3.5062
7384,3.5054
7385,3.5048
7386,3.504
7387,3.5034
7388,3.5026
7389,3.502
7390,3.5012
7391,3.5004
7392,3.4997
7393,3.4989
7394,3.4981
7395,3.4973
7396,3.4967
7397,3.4959
7398,3.4951
7399,3.4943
7400,3.4935
7401,3.4927
7402,3.4919
7403,3.4912
7404,3.4902
7405,3.4894
7406,3.4886
7407,3.4878
7408,3.4869
7409,3.4861
7410,3.4851
7411,3.4843
7412,3.4834
7413,3.4824
7414,3.4816
7415,3.4807
7416,3.4797
7417,3.4788
7418,3.4778
7419,3.4769
7420,3.4759
7421,3.475
7422,3.474
7423,3.4729
7424,3.4719
7425,3.471
7426,3.4699
7427,3.4688
7428,3.4678
7429,3.4667
7430,3.4656
7431,3.4645
7432,3.4634
7433,3.4623
7434,3.4611
7435,3.46
7436,3.4589
7437,3.4576
7438,3.4565
7439,3.4553
7440,3.4542
7441,3.4529
7442,3.4516
7443,3.4503
7444,3.4491
7445,3.4478
7446,3.4465
7447,3.4453
7448,3.4438
7449,3.4426
7450,3.4411
7451,3.4397
7452,3.4384
7453,3.437
7454,3.4356
7455,3.4341
7456,3.4327
7457,3.4313
7458,3.4297
7459,3.4283
7460,3.4267
7461,3.4253
7462,3.4237
7463,3.4221
7464,3.4205
7465,3.4189
7466,3.4173
7467,3.4157
7468,3.4141
7469,3.4124
7470,3.4106
7471,3.4091
7472,3.4073
7473,3.4056
7474,3.4038
7475,3.4021
7476,3.4003
7477,3.3986
7478,3.3967
7479,3.3949
7480,3.393
7481,3.3913
7482,3.3894
7483,3.3875
7484,3.3856
7485,3.3836
7486,3.3816
7487,3.3797
7488,3.3776
7489,3.3757
7490,3.3736
7491,3.3716
7492,3.3695
7493,3.3674
7494,3.3654
7495,3.3633
7496,3.3611
7497,3.359
7498,3.3568
7499,3.3546
7500,3.3524
7501,3.3503
7502,3.3479
7503,3.3457
7504,3.3435
7505,3.3411
7506,3.3387
7507,3.3365
7508,3.3341
7509,3.3317
7510,3.3292
7511,3.3268
7512,3.3244
7513,3.3219
7514,3.3194
7515,3.3168
7516,3.3143
7517,3.3117
7518,3.3092
7519,3.3065
7520,3.304
7521,3.3013
7522,3.2986
7523,3.2959
7524,3.2932
7525,3.2905
7526,3.2876
7527,3.2847
7528,3.2819
7529,3.279
7530,3.2762
7531,3.2733
7532,3.2703
7533,3.2674
7534,3.2644
7535,3.2612
7536,3.2582
7537,3.2552
7538,3.252
7539,3.249
7540,3.2458
7541,3.2425
7542,3.2393
7543,3.2361
7544,3.2328
7545,3.2295
7546,3.2261
7547,3.2226
7548,3.2193
7549,3.2158
7550,3.2123
7551,3.2088
7552,3.2052
7553,3.2017
7554,3.198
7555,3.1944
7556,3.1907
7557,3.1869
7558,3.1831
7559,3.1793
7560,3.1754
7561,3.1715
7562,3.1677
7563,3.1637
7564,3.1597
7565,3.1556
7566,3.1515
7567,3.1473
7568,3.1432
7569,3.1391
7570,3.1348
7571,3.1305
7572,3.126
7573,3.1218
7574,3.1173
7575,3.1127
7576,3.1083
7577,3.1037
7578,3.099
7579,3.0944
7580,3.0897
7581,3.0849
7582,3.0801
7583,3.0752
7584,3.0703
7585,3.0654
7586,3.0603
7587,3.0552
7588,3.05
7589,3.0449
7590,3.0396
7591,3.0342
7592,3.0288
7593,3.0234
7594,3.018
7595,3.0123
7596,3.0068
7597,3.001
7598,2.9953
7599,2.9894
7600,2.9836
7601,2.9777
7602,2.9717
7603,2.9655
7604,2.9593
7605,2.9531
7606,2.9467
7607,2.9404
7608,2.9339
7609,2.9273
7610,2.9207
7611,2.914
7612,2.9072
7613,2.9002
7614,2.8932
7615,2.886
7616,2.8789
7617,2.8716
7618,2.8643
7619,2.8568
7620,2.8492
7621,2.8416
7622,2.8338
7623,2.8258
7624,2.8179
7625,2.8098
7626,2.8017
7627,2.7933
7628,2.7849
7629,2.7763
7630,2.7675
7631,2.7588
7632,2.7499
7633,2.7409
7634,2.7318
7635,2.7224
7636,2.7131
7637,2.7035
7638,2.694
7639,2.6842
7640,2.6745
7641,2.6645
7642,2.6544
7643,2.6443
7644,2.634
7645,2.6235
7646,2.613
7647,2.6023
7648,2.5917
7649,2.5807
7650,2.5698
7651,2.5588
7652,2.5475
7653,2.5363
7654,2.5248
7655,2.5132
7656,2.5016
7657,2.4999
7658,2.5198
7659,2.6251
7660,2.7272
7661,2.8297
7662,2.8951
7663,2.9953
7664,3.0778
7665,3.1778
7666,3.1882
7667,3.2657
7668,3.3238
7669,3.367
7670,3.3986
7671,3.4211
7672,3.4367
7673,3.4475
7674,3.4549
7675,3.4607
7676,3.465
7677,3.4683
7678,3.4711
7679,3.4735
7680,3.4754
7681,3.4772
7682,3.4788
7683,3.4802
7684,3.4815
7685,3.4826
7686,3.4837
7687,3.4846
7688,3.4856
7689,3.4864
7690,3.4872
7691,3.488
7692,3.4886
7693,3.4894
7694,3.49
7695,3.4907
7696,3.4912
7697,3.4918
7698,3.4923
7699,3.4927
7700,3.4932
7701,3.4937
7702,3.4942
7703,3.4946
7704,3.4951
7705,3.4954
7706,3.4959
7707,3.4962
7708,3.4966
7709,3.497
7710,3.4973
7711,3.4977
7712,3.498
7713,3.4983
7714,3.4986
7715,3.4989
7716,3.4993
7717,3.4996
7718,3.4997
7719,3.5
7720,3.5004
7721,3.5005
7722,3.5008
7723,3.5012
7724,3.5013
7725,3.5016
7726,3.5018
7727,3.5021
7728,3.5023
7729,3.5024
7730,3.5027
7731,3.5029
7732,3.5031
7733,3.5034
7734,3.5035
7735,3.5037
7736,3.5039
7737,3.5042
7738,3.5043
7739,3.5045
7740,3.5047
7741,3.5048
7742,3.505
7743,3.5051
7744,3.5053
7745,3.5054
7746,3.5058
7747,3.5059
7748,3.5061
7749,3.5062
7750,3.5064
7751,3.5066
7752,3.5066
7753,3.5069
7754,3.5069
7755,3.507
7756,3.5072
7757,3.5074
7758,3.5075
7759,3.5077
7760,3.5078
7761,3.508
7762,3.508
7763,3.5081
7764,3.5083
7765,3.5085
7766,3.5086
7767,3.5086
7768,3.5088
7769,3.5089
7770,3.5091
7771,3.5093
7772,3.5093
7773,3.5094
7774,3.5096
7775,3.5096
7776,3.5097
7777,3.5099
7778,3.5101
7779,3.5101
7780,3.5102
7781,3.5104
7782,3.5104
7783,3.5105
7784,3.5107
7785,3.5108
7786,3.5108
7787,3.511
7788,3.511
7789,3.5112
7790,3.5113
7791,3.5113
7792,3.5115
7793,3.5116
7794,3.5116
7795,3.5118
7796,3.512
7797,3.512
7798,3.5121
7799,3.5121
7800,3.5123
7801,3.5123
7802,3.5124
7803,3.5124
7804,3.5126
7805,3.5128
7806,3.5128
7807,3.5129
7808,3.5129
7809,3.5131
7810,3.5131
7811,3.5132
7812,3.5132
7813,3.5134
7814,3.5134
7815,3.5135
7816,3.5135
7817,3.5137
7818,3.5137
7819,3.5139
7820,3.5139
7821,3.514
7822,3.514
7823,3.5142
7824,3.5142
7825,3.5142
7826,3.5143
7827,3.5143
7828,3.5145
7829,3.5145
7830,3.5147
7831,3.5147
7832,3.5148
7833,3.5148
7834,3.5148
7835,3.515
7836,3.515
7837,3.5151
7838,3.5151
7839,3.5153
7840,3.5153
7841,3.5153
7842,3.5155
7843,3.5155
7844,3.5231
7845,3.5644
7846,3.5682
7847,3.5705
7848,3.5721
7849,3.5733
7850,3.5744
7851,3.5754
7852,3.5762
7853,3.577
7854,3.5778
7855,3.5784
7856,3.579
7857,3.5795
7858,3.5802
7859,3.5806
7860,3.5811
7861,3.5816
7862,3.5821
7863,3.5825
7864,3.583
7865,3.5835
7866,3.5838
7867,3.5843
7868,3.5846
7869,3.5851
7870,3.5854
7871,3.5859
7872,3.5862
7873,3.5865
7874,3.587
7875,3.5873
7876,3.5876
7877,3.5879
7878,3.5883
7879,3.5886
7880,3.5889
7881,3.5892
7882,3.5895
7883,3.5899
7884,3.5902
7885,3.5905
7886,3.5908
7887,3.5911
7888,3.5914
7889,3.5918
7890,3.5921
7891,3.5922
7892,3.5926
7893,3.5929
7894,3.5932
7895,3.5935
7896,3.5937
7897,3.594
7898,3.5943
7899,3.5945
7900,3.5948
7901,3.5951
7902,3.5953
7903,3.5956
7904,3.5959
7905,3.596
7906,3.5964
7907,3.5965
7908,3.5968
7909,3.597
7910,3.5973
7911,3.5976
7912,3.5978
7913,3.5981
7914,3.5983
7915,3.5986
7916,3.5987
7917,3.5989
7918,3.5992
7919,3.5994
7920,3.5997
7921,3.5999
7922,3.6002
7923,3.6003
7924,3.6005
7925,3.6008
7926,3.601
7927,3.6011
7928,3.6014
7929,3.6016
7930,3.6018
7931,3.6021
7932,3.6022
7933,3.6024
7934,3.6027
7935,3.6029
7936,3.603
7937,3.6034
7938,3.6035
7939,3.6037
7940,3.6038
7941,3.6041
7942,3.6043
7943,3.6045
7944,3.6046
7945,3.6048
7946,3.6051
7947,3.6053
7948,3.6054
7949,3.6056
7950,3.6057
7951,3.6061
7952,3.6062
7953,3.6064
7954,3.6065
7955,3.6067
7956,3.6069
7957,3.607
7958,3.6073
7959,3.6075
7960,3.6076
7961,3.6078
7962,3.608
7963,3.6081
7964,3.6083
7965,3.6084
7966,3.6086
7967,3.6088
7968,3.6091
7969,3.6092
7970,3.6094
7971,3.6096
7972,3.6097
7973,3.6099
7974,3.61
7975,3.6102
7976,3.6103
7977,3.6105
7978,3.6107
7979,3.6108
7980,3.611
7981,3.6111
7982,3.6113
7983,3.6115
7984,3.6116
7985,3.6118
7986,3.6119
7987,3.6121
7988,3.6123
7989,3.6124
7990,3.6126
7991,3.6127
7992,3.6129
7993,3.613
7994,3.6132
7995,3.6134
7996,3.6135
7997,3.6137
7998,3.6138
7999,3.614
8000,3.6142
8001,3.6143
8002,3.6145
8003,3.6146
8004,3.6148
8005,3.615
8006,3.6151
8007,3.6151
8008,3.6153
8009,3.6154
8010,3.6156
8011,3.6157
8012,3.6159
8013,3.6161
8014,3.6162
8015,3.6164
8016,3.6165
8017,3.6167
8018,3.6169
8019,3.617
8020,3.617
8021,3.6172
8022,3.6173
8023,3.6175
8024,3.6177
8025,3.6178
8026,3.618
8027,3.6181
8028,3.6183
8029,3.6183
8030,3.6186
8031,3.6186
8032,3.6188
8033,3.6189
8034,3.6191
8035,3.6192
8036,3.6194
8037,3.6196
8038,3.6196
8039,3.6197
8040,3.6199
8041,3.62
8042,3.6202
8043,3.6204
8044,3.6205
8045,3.6207
8046,3.6208
8047,3.6208
8048,3.621
8049,3.6212
8050,3.6213
8051,3.6215
8052,3.6216
8053,3.6218
8054,3.6218
8055,3.6219
8056,3.6221
8057,3.6223
8058,3.6224
8059,3.6226
8060,3.6227
8061,3.6227
8062,3.6229
8063,3.6231
8064,3.6232
8065,3.6234
8066,3.6235
8067,3.6235
8068,3.6237
8069,3.6239
8070,3.624
8071,3.6242
8072,3.6243
8073,3.6245
8074,3.6246
8075,3.6246
8076,3.6248
8077,3.625
8078,3.6251
8079,3.6253
8080,3.6254
8081,3.6254
8082,3.6256
8083,3.6258
8084,3.6259
8085,3.6261
8086,3.6262
8087,3.6262
8088,3.6264
8089,3.6266
8090,3.6267
8091,3.6269
8092,3.627
8093,3.627
8094,3.6272
8095,3.6273
8096,3.6275
8097,3.6277
8098,3.6278
8099,3.6278
8100,3.628
8101,3.6281
8102,3.6283
8103,3.6285
8104,3.6286
8105,3.6286
8106,3.6288
8107,3.6289
8108,3.6291
8109,3.6293
8110,3.6293
8111,3.6294
8112,3.6296
8113,3.6297
8114,3.6299
8115,3.63
8116,3.63
8117,3.6302
8118,3.6304
8119,3.6305
8120,3.6307
8121,3.6308
8122,3.6308
8123,3.631
8124,3.6312
8125,3.6313
8126,3.6315
8127,3.6315
8128,3.6316
8129,3.6318
8130,3.632
8131,3.6321
8132,3.6323
8133,3.6323
8134,3.6324
8135,3.6326
8136,3.6327
8137,3.6329
8138,3.6329
8139,3.6331
8140,3.6332
8141,3.6334
8142,3.6335
8143,3.6337
8144,3.6337
8145,3.6339
8146,3.634
8147,3.6342
8148,3.6343
8149,3.6345
8150,3.6345
8151,3.6347
8152,3.6348
8153,3.635
8154,3.6351
8155,3.6351
8156,3.6353
8157,3.6355
8158,3.6356
8159,3.6358
8160,3.6358
8161,3.6359
8162,3.6361
8163,3.6362
8164,3.6364
8165,3.6364
8166,3.6366
8167,3.6367
8168,3.6369
8169,3.637
8170,3.637
8171,3.6372
8172,3.6374
8173,3.6375
8174,3.6377
8175,3.6377
8176,3.6378
8177,3.638
8178,3.6382
8179,3.6383
8180,3.6383
8181,3.6385
8182,3.6386
8183,3.6388
8184,3.6389
8185,3.6389
8186,3.6391
8187,3.6393
8188,3.6394
8189,3.6396
8190,3.6396
8191,3.6397
8192,3.6399
8193,3.6401
8194,3.6402
8195,3.6402
8196,3.6404
8197,3.6405
8198,3.6407
8199,3.6409
8200,3.6409
8201,3.641
8202,3.6412
8203,3.6413
8204,3.6415
8205,3.6415
8206,3.6416
8207,3.6418
8208,3.642
8209,3.642
8210,3.6421
8211,3.6423
8212,3.6424
8213,3.6426
8214,3.6426
8215,3.6428
8216,3.6429
8217,3.6431
8218,3.6432
8219,3.6432
8220,3.6434
8221,3.6436
8222,3.6437
8223,3.6437
8224,3.6439
8225,3.644
8226,3.6442
8227,3.6443
8228,3.6443
8229,3.6445
8230,3.6447
8231,3.6448
8232,3.6448
8233,3.645
8234,3.6451
8235,3.6453
8236,3.6453
8237,3.6455
8238,3.6456
8239,3.6458
8240,3.6459
8241,3.6459
8242,3.6461
8243,3.6463
8244,3.6464
8245,3.6466
8246,3.6466
8247,3.6467
8248,3.6469
8249,3.647
8250,3.647
8251,3.6472
8252,3.6474
8253,3.6474
8254,3.6475
8255,3.6477
8256,3.6478
8257,3.648
8258,3.648
8259,3.6482
8260,3.6483
8261,3.6485
8262,3.6485
8263,3.6486
8264,3.6488
8265,3.649
8266,3.649
8267,3.6491
8268,3.6493
8269,3.6494
8270,3.6494
8271,3.6496
8272,3.6497
8273,3.6499
8274,3.6501
8275,3.6501
8276,3.6502
8277,3.6504
8278,3.6505
8279,3.6507
8280,3.6507
8281,3.6509
8282,3.651
8283,3.6512
8284,3.6512
8285,3.6513
8286,3.6515
8287,3.6515
8288,3.6517
8289,3.6518
8290,3.652
8291,3.652
8292,3.6521
8293,3.6523
8294,3.6525
8295,3.6525
8296,3.6526
8297,3.6528
8298,3.6529
8299,3.6529
8300,3.6531
8301,3.6532
8302,3.6534
8303,3.6536
8304,3.6537
8305,3.6537
8306,3.6539
8307,3.654
8308,3.654
8309,3.6542
8310,3.6544
8311,3.6545
8312,3.6545
8313,3.6547
8314,3.6548
8315,3.6548
8316,3.655
8317,3.6552
8318,3.6553
8319,3.6555
8320,3.6555
8321,3.6556
8322,3.6558
8323,3.6558
8324,3.6559
8325,3.6561
8326,3.6563
8327,3.6564
8328,3.6564
8329,3.6566
8330,3.6567
8331,3.6569
8332,3.6569
8333,3.6571
8334,3.6572
8335,3.6572
8336,3.6574
8337,3.6575
8338,3.6577
8339,3.6579
8340,3.6579
8341,3.658
8342,3.6582
8343,3.6582
8344,3.6583
8345,3.6585
8346,3.6586
8347,3.6586
8348,3.6588
8349,3.659
8350,3.659
8351,3.6591
8352,3.6593
8353,3.6594
8354,3.6596
8355,3.6596
8356,3.6598
8357,3.6599
8358,3.6599
8359,3.6601
8360,3.6602
8361,3.6604
8362,3.6604
8363,3.6606
8364,3.6607
8365,3.6609
8366,3.6609
8367,3.661
8368,3.6612
8369,3.6613
8370,3.6613
8371,3.6615
8372,3.6617
8373,3.6617
8374,3.6618
8375,3.662
8376,3.6621
8377,3.6623
8378,3.6623
8379,3.6625
8380,3.6626
8381,3.6626
8382,3.6628
8383,3.6629
8384,3.6631
8385,3.6631
8386,3.6633
8387,3.6634
8388,3.6636
8389,3.6636
8390,3.6637
8391,3.6639
8392,3.6639
8393,3.664
8394,3.6642
8395,3.6644
8396,3.6644
8397,3.6645
8398,3.6647
8399,3.6648
8400,3.6648
8401,3.665
8402,3.6652
8403,3.6653
8404,3.6653
8405,3.6655
8406,3.6656
8407,3.6656
8408,3.6658
8409,3.666
8410,3.6661
8411,3.6661
8412,3.6663
8413,3.6664
8414,3.6664
8415,3.6666
8416,3.6668
8417,3.6669
8418,3.6671
8419,3.6671
8420,3.6672
8421,3.6674
8422,3.6674
8423,3.6675
8424,3.6677
8425,3.6679
8426,3.6679
8427,3.668
8428,3.6682
8429,3.6683
8430,3.6683
8431,3.6685
8432,3.6687
8433,3.6687
8434,3.6688
8435,3.669
8436,3.6691
8437,3.6691
8438,3.6693
8439,3.6695
8440,3.6695
8441,3.6696
8442,3.6698
8443,3.6699
8444,3.6699
8445,3.6701
8446,3.6702
8447,3.6702
8448,3.6704
8449,3.6706
8450,3.6707
8451,3.6707
8452,3.6709
8453,3.671
8454,3.671
8455,3.6712
8456,3.6714
8457,3.6715
8458,3.6715
8459,3.6717
8460,3.6718
8461,3.6718
8462,3.672
8463,3.6722
8464,3.6723
8465,3.6723
8466,3.6725
8467,3.6726
8468,3.6728
8469,3.6728
8470,3.6729
8471,3.6731
8472,3.6731
8473,3.6733
8474,3.6734
8475,3.6736
8476,3.6736
8477,3.6737
8478,3.6739
8479,3.6739
8480,3.6741
8481,3.6742
8482,3.6744
8483,3.6744
8484,3.6745
8485,3.6747
8486,3.6749
8487,3.6749
8488,3.675
8489,3.6752
8490,3.6753
8491,3.6753
8492,3.6755
8493,3.6756
8494,3.6756
8495,3.6758
8496,3.676
8497,3.6761
8498,3.6761
8499,3.6763
8500,3.6764
8501,3.6764
8502,3.6766
8503,3.6768
8504,3.6769
8505,3.6769
8506,3.6771
8507,3.6772
8508,3.6774
8509,3.6774
8510,3.6776
8511,3.6777
8512,3.6779
8513,3.6779
8514,3.678
8515,3.6782
8516,3.6783
8517,3.6785
8518,3.6785
8519,3.6787
8520,3.6788
8521,3.679
8522,3.679
8523,3.6791
8524,3.6791
8525,3.6793
8526,3.6795
8527,3.6796
8528,3.6798
8529,3.6798
8530,3.6799
8531,3.6801
8532,3.6803
8533,3.6803
8534,3.6804
8535,3.6806
8536,3.6807
8537,3.6807
8538,3.6809
8539,3.681
8540,3.681
8541,3.6812
8542,3.6812
8543,3.6814
8544,3.6815
8545,3.6817
8546,3.6817
8547,3.6818
8548,3.682
8549,3.682
8550,3.6822
8551,3.6823
8552,3.6825
8553,3.6825
8554,3.6826
8555,3.6828
8556,3.683
8557,3.6831
8558,3.6833
8559,3.6833
8560,3.6834
8561,3.6836
8562,3.6838
8563,3.6838
8564,3.6839
8565,3.6841
8566,3.6841
8567,3.6842
8568,3.6844
8569,3.6844
8570,3.6845
8571,3.6847
8572,3.6849
8573,3.6849
8574,3.685
8575,3.6852
8576,3.6853
8577,3.6853
8578,3.6855
8579,3.6857
8580,3.6858
8581,3.686
8582,3.686
8583,3.6861
8584,3.6863
8585,3.6865
8586,3.6865
8587,3.6866
8588,3.6868
8589,3.6869
8590,3.6869
8591,3.6871
8592,3.6872
8593,3.6874
8594,3.6874
8595,3.6877
8596,3.6877
8597,3.6879
8598,3.688
8599,3.688
8600,3.6882
8601,3.6884
8602,3.6885
8603,3.6885
8604,3.6887
8605,3.6888
8606,3.689
8607,3.689
8608,3.6892
8609,3.6893
8610,3.6895
8611,3.6895
8612,3.6896
8613,3.6898
8614,3.6899
8615,3.6901
8616,3.6901
8617,3.6903
8618,3.6904
8619,3.6906
8620,3.6907
8621,3.6907
8622,3.6909
8623,3.6911
8624,3.6912
8625,3.6914
8626,3.6914
8627,3.6915
8628,3.6917
8629,3.6919
8630,3.692
8631,3.692
8632,3.6922
8633,3.6923
8634,3.6925
8635,3.6926
8636,3.6926
8637,3.6928
8638,3.693
8639,3.6931
8640,3.6933
8641,3.6934
8642,3.6934
8643,3.6936
8644,3.6938
8645,3.6939
8646,3.6941
8647,3.6941
8648,3.6942
8649,3.6944
8650,3.6946
8651,3.6947
8652,3.6947
8653,3.6949
8654,3.695
8655,3.6952
8656,3.6953
8657,3.6953
8658,3.6955
8659,3.6957
8660,3.6958
8661,3.696
8662,3.6961
8663,3.6963
8664,3.6963
8665,3.6965
8666,3.6966
8667,3.6968
8668,3.6968
8669,3.6969
8670,3.6971
8671,3.6973
8672,3.6974
8673,3.6976
8674,3.6977
8675,3.6977
8676,3.6979
8677,3.6981
8678,3.6982
8679,3.6984
8680,3.6985
8681,3.6987
8682,3.6988
8683,3.6988
8684,3.699
8685,3.6992
8686,3.6993
8687,3.6995
8688,3.6996
8689,3.6996
8690,3.6998
8691,3.7
8692,3.7001
8693,3.7003
8694,3.7004
8695,3.7006
8696,3.7008
8697,3.7008
8698,3.7009
8699,3.7011
8700,3.7012
8701,3.7014
8702,3.7015
8703,3.7017
8704,3.7019
8705,3.7019
8706,3.702
8707,3.7022
8708,3.7023
8709,3.7025
8710,3.7027
8711,3.7028
8712,3.703
8713,3.703
8714,3.7031
8715,3.7033
8716,3.7035
8717,3.7036
8718,3.7038
8719,3.7039
8720,3.7041
8721,3.7042
8722,3.7042
8723,3.7044
8724,3.7046
8725,3.7047
8726,3.7049
8727,3.705
8728,3.7052
8729,3.7054
8730,3.7055
8731,3.7057
8732,3.7057
8733,3.7058
8734,3.706
8735,3.7062
8736,3.7063
8737,3.7065
8738,3.7066
8739,3.7068
8740,3.7069
8741,3.7071
8742,3.7073
8743,3.7074
8744,3.7076
8745,3.7077
8746,3.7079
8747,3.7079
8748,3.7081
8749,3.7082
8750,3.7084
8751,3.7085
8752,3.7087
8753,3.7089
8754,3.709
8755,3.7092
8756,3.7093
8757,3.7095
8758,3.7096
8759,3.7098
8760,3.71
8761,3.71
8762,3.7101
8763,3.7103
8764,3.7104
8765,3.7106
8766,3.7108
8767,3.7108
8768,3.7108
8769,3.7108
8770,3.7108
8771,3.7108
8772,3.7108
8773,3.7108
8774,3.7108
8775,3.7108
8776,3.7108
8777,3.7108
8778,3.7108
8779,3.7108
8780,3.7108
8781,3.7108
8782,3.7108
8783,3.7108
8784,3.7108
8785,3.7108
8786,3.7108
8787,3.7108
8788,3.7108
8789,3.7108
8790,3.7108
8791,3.7108
8792,3.7108
8793,3.7108
8794,3.7108
8795,3.7108
8796,3.7108
8797,3.7108
8798,3.7108
8799,3.7108
8800,3.7108
8801,3.7108
8802,3.7108
8803,3.7108
8804,3.7108
8805,3.7087
8806,3.7078
8807,3.7074
8808,3.7073
8809,3.7071
8810,3.707
8811,3.707
8812,3.7068
8813,3.7067
8814,3.7067
8815,3.7065
8816,3.7065
8817,3.7063
8818,3.7063
8819,3.7063
8820,3.7062
8821,3.7062
8822,3.7062
8823,3.7062
8824,3.706
8825,3.706
8826,3.706
8827,3.7059
8828,3.7059
8829,3.7059
8830,3.7059
8831,3.7059
8832,3.7059
8833,3.7057
8834,3.7057
8835,3.7057
8836,3.7057
8837,3.7057
8838,3.7055
8839,3.7055
8840,3.7055
8841,3.7055
8842,3.7055
8843,3.7055
8844,3.7055
8845,3.7054
8846,3.7054
8847,3.7054
8848,3.7054
8849,3.7054
8850,3.7054
8851,3.7054
8852,3.7054
8853,3.7054
8854,3.7054
8855,3.7054
8856,3.7052
8857,3.7052
8858,3.7052
8859,3.7052
8860,3.7052
8861,3.7052
8862,3.7052
8863,3.7052
8864,3.7051
8865,3.7052
8866,3.7052
8867,3.7051
8868,3.7051
8869,3.7051
8870,3.7051
8871,3.7051
8872,3.7051
8873,3.7051
8874,3.7051
8875,3.7049
8876,3.7051
8877,3.7051
8878,3.7049
8879,3.7049
8880,3.7051
8881,3.7049
8882,3.7049
8883,3.7049
8884,3.7049
8885,3.7049
8886,3.7049
8887,3.7049
8888,3.7049
8889,3.7049
8890,3.7049
8891,3.7049
8892,3.7049
8893,3.7047
8894,3.7047
8895,3.7049
8896,3.7049
8897,3.7047
8898,3.7047
8899,3.7047
8900,3.7049
8901,3.7047
8902,3.7047
8903,3.7047
8904,3.7047
8905,3.7047
8906,3.7047
8907,3.7047
8908,3.7047
8909,3.7047
8910,3.7047
8911,3.7047
8912,3.7047
8913,3.7047
8914,3.7047
8915,3.7047
8916,3.7047
8917,3.7047
8918,3.7047
8919,3.7047
8920,3.7047
8921,3.7047
8922,3.7046
8923,3.7046
8924,3.7046
8925,3.7047
8926,3.7047
8927,3.7047
8928,3.7047
8929,3.7047
8930,3.7046
