,voltage
0,3.4173
1,3.4175
2,3.4175
3,3.4173
4,3.4173
5,3.4173
6,3.4175
7,3.4175
8,3.4173
9,3.4175
10,3.4175
11,3.4175
12,3.4173
13,3.4175
14,3.4173
15,3.4173
16,3.4175
17,3.4175
18,3.4175
19,3.4173
20,3.4173
21,3.4173
22,3.4175
23,3.4173
24,3.4173
25,3.4173
26,3.4173
27,3.4173
28,3.4173
29,3.4173
30,3.4173
31,3.4173
32,3.4173
33,3.4173
34,3.4173
35,3.4173
36,3.4173
37,3.4173
38,3.4173
39,3.4173
40,3.4173
41,3.4173
42,3.4173
43,3.4173
44,3.4173
45,3.4173
46,3.4173
47,3.4173
48,3.4173
49,3.4173
50,3.4173
51,3.4173
52,3.4173
53,3.4173
54,3.4173
55,3.4173
56,3.4173
57,3.4173
58,3.4173
59,3.4173
60,3.4173
61,3.4804
62,3.5842
63,3.633
64,3.636
65,3.6368
66,3.6369
67,3.6368
68,3.6366
69,3.6363
70,3.6361
71,3.636
72,3.6358
73,3.6357
74,3.6355
75,3.6355
76,3.6355
77,3.6353
78,3.6355
79,3.6355
80,3.6355
81,3.6355
82,3.6355
83,3.6357
84,3.6357
85,3.6358
86,3.6358
87,3.636
88,3.6361
89,3.6361
90,3.6363
91,3.6365
92,3.6366
93,3.6368
94,3.6369
95,3.6369
96,3.6371
97,3.6372
98,3.6374
99,3.6376
100,3.6377
101,3.6379
102,3.638
103,3.6382
104,3.6384
105,3.6387
106,3.6388
107,3.639
108,3.6392
109,3.6393
110,3.6395
111,3.6396
112,3.6398
113,3.6399
114,3.6401
115,3.6403
116,3.6404
117,3.6407
118,3.6409
119,3.6411
120,3.6412
121,3.6414
122,3.6415
123,3.6417
124,3.6419
125,3.642
126,3.6422
127,3.6423
128,3.6425
129,3.6428
130,3.643
131,3.6431
132,3.6433
133,3.6434
134,3.6436
135,3.6438
136,3.6439
137,3.6441
138,3.6442
139,3.6444
140,3.6446
141,3.6447
142,3.6449
143,3.645
144,3.6452
145,3.6453
146,3.6453
147,3.6457
148,3.6458
149,3.6458
150,3.646
151,3.6461
152,3.6463
153,3.6465
154,3.6466
155,3.6468
156,3.6469
157,3.6471
158,3.6473
159,3.6474
160,3.6474
161,3.6476
162,3.6477
163,3.6479
164,3.648
165,3.6482
166,3.6482
167,3.6484
168,3.6485
169,3.6487
170,3.6488
171,3.649
172,3.649
173,3.6492
174,3.6493
175,3.6495
176,3.6496
177,3.6496
178,3.6498
179,3.65
180,3.6501
181,3.6501
182,3.6503
183,3.6504
184,3.6506
185,3.6506
186,3.6508
187,3.6509
188,3.6511
189,3.6511
190,3.6512
191,3.6514
192,3.6514
193,3.6515
194,3.6517
195,3.6519
196,3.6519
197,3.652
198,3.652
199,3.6522
200,3.6523
201,3.6525
202,3.6525
203,3.6527
204,3.6528
205,3.6528
206,3.653
207,3.653
208,3.6531
209,3.6533
210,3.6535
211,3.6535
212,3.6536
213,3.6536
214,3.6538
215,3.6539
216,3.6539
217,3.6541
218,3.6541
219,3.6542
220,3.6544
221,3.6544
222,3.6546
223,3.6546
224,3.6547
225,3.6549
226,3.6549
227,3.655
228,3.655
229,3.6552
230,3.6554
231,3.6554
232,3.6555
233,3.6555
234,3.6557
235,3.6557
236,3.6558
237,3.6558
238,3.656
239,3.656
240,3.6562
241,3.6563
242,3.6563
243,3.6565
244,3.6565
245,3.6566
246,3.6566
247,3.6568
248,3.6568
249,3.6569
250,3.6569
251,3.6571
252,3.6571
253,3.6573
254,3.6574
255,3.6574
256,3.6576
257,3.6576
258,3.6577
259,3.6577
260,3.6579
261,3.6579
262,3.6581
263,3.6581
264,3.6582
265,3.6582
266,3.6584
267,3.6584
268,3.6585
269,3.6585
270,3.6587
271,3.6587
272,3.6587
273,3.6589
274,3.6589
275,3.659
276,3.659
277,3.6592
278,3.6592
279,3.6593
280,3.6593
281,3.6595
282,3.6595
283,3.6596
284,3.6596
285,3.6598
286,3.6598
287,3.6598
288,3.66
289,3.6601
290,3.6601
291,3.6601
292,3.6603
293,3.6603
294,3.6604
295,3.6604
296,3.6606
297,3.6606
298,3.6606
299,3.6608
300,3.6608
301,3.6609
302,3.6609
303,3.6611
304,3.6611
305,3.6612
306,3.6612
307,3.6614
308,3.6614
309,3.6614
310,3.6616
311,3.6616
312,3.6617
313,3.6617
314,3.6619
315,3.6619
316,3.662
317,3.662
318,3.662
319,3.6622
320,3.6622
321,3.6623
322,3.6623
323,3.6625
324,3.6625
325,3.6625
326,3.6627
327,3.6627
328,3.6628
329,3.6628
330,3.6628
331,3.663
332,3.663
333,3.6631
334,3.6631
335,3.6633
336,3.6633
337,3.6633
338,3.6635
339,3.6635
340,3.6636
341,3.6636
342,3.6638
343,3.6638
344,3.6638
345,3.6639
346,3.6639
347,3.6641
348,3.6641
349,3.6641
350,3.6643
351,3.6643
352,3.6644
353,3.6644
354,3.6644
355,3.6646
356,3.6646
357,3.6647
358,3.6647
359,3.6647
360,3.6649
361,3.6649
362,3.665
363,3.665
364,3.6652
365,3.6652
366,3.6652
367,3.6654
368,3.6654
369,3.6655
370,3.6655
371,3.6655
372,3.6657
373,3.6657
374,3.6657
375,3.6658
376,3.6658
377,3.666
378,3.666
379,3.666
380,3.6662
381,3.6662
382,3.6663
383,3.6663
384,3.6663
385,3.6665
386,3.6665
387,3.6666
388,3.6666
389,3.6666
390,3.6668
391,3.6668
392,3.667
393,3.667
394,3.667
395,3.6671
396,3.6671
397,3.6673
398,3.6673
399,3.6673
400,3.6674
401,3.6674
402,3.6676
403,3.6676
404,3.6676
405,3.6678
406,3.6678
407,3.6678
408,3.6679
409,3.6679
410,3.6681
411,3.6681
412,3.6681
413,3.6682
414,3.6682
415,3.6684
416,3.6684
417,3.6684
418,3.6685
419,3.6685
420,3.6685
421,3.6687
422,3.6687
423,3.6687
424,3.6689
425,3.6689
426,3.669
427,3.669
428,3.6692
429,3.6692
430,3.6692
431,3.6693
432,3.6693
433,3.6695
434,3.6695
435,3.6695
436,3.6697
437,3.6697
438,3.6697
439,3.6698
440,3.6698
441,3.6698
442,3.67
443,3.67
444,3.6701
445,3.6701
446,3.6701
447,3.6703
448,3.6703
449,3.6705
450,3.6705
451,3.6705
452,3.6706
453,3.6706
454,3.6706
455,3.6708
456,3.6708
457,3.6709
458,3.6709
459,3.6709
460,3.6711
461,3.6711
462,3.6712
463,3.6712
464,3.6712
465,3.6714
466,3.6714
467,3.6714
468,3.6716
469,3.6716
470,3.6717
471,3.6717
472,3.6717
473,3.6719
474,3.6719
475,3.6719
476,3.672
477,3.672
478,3.672
479,3.6722
480,3.6722
481,3.6724
482,3.6724
483,3.6724
484,3.6725
485,3.6725
486,3.6727
487,3.6727
488,3.6727
489,3.6728
490,3.6728
491,3.6728
492,3.673
493,3.673
494,3.6732
495,3.6732
496,3.6732
497,3.6733
498,3.6733
499,3.6733
500,3.6735
501,3.6735
502,3.6736
503,3.6736
504,3.6736
505,3.6738
506,3.6738
507,3.6738
508,3.6739
509,3.6739
510,3.6741
511,3.6741
512,3.6741
513,3.6743
514,3.6743
515,3.6743
516,3.6744
517,3.6744
518,3.6746
519,3.6746
520,3.6746
521,3.6747
522,3.6747
523,3.6747
524,3.6749
525,3.6749
526,3.6751
527,3.6751
528,3.6751
529,3.6752
530,3.6752
531,3.6752
532,3.6754
533,3.6754
534,3.6754
535,3.6755
536,3.6755
537,3.6757
538,3.6757
539,3.6757
540,3.6759
541,3.6759
542,3.6759
543,3.676
544,3.676
545,3.6762
546,3.6762
547,3.6762
548,3.6763
549,3.6763
550,3.6763
551,3.6765
552,3.6765
553,3.6766
554,3.6766
555,3.6766
556,3.6768
557,3.6768
558,3.6768
559,3.677
560,3.677
561,3.6771
562,3.6771
563,3.6771
564,3.6773
565,3.6773
566,3.6773
567,3.6774
568,3.6774
569,3.6776
570,3.6776
571,3.6776
572,3.6778
573,3.6778
574,3.6778
575,3.6779
576,3.6779
577,3.6781
578,3.6781
579,3.6781
580,3.6782
581,3.6782
582,3.6784
583,3.6784
584,3.6784
585,3.6786
586,3.6786
587,3.6786
588,3.6787
589,3.6787
590,3.6787
591,3.6789
592,3.6789
593,3.679
594,3.679
595,3.679
596,3.6792
597,3.6792
598,3.6793
599,3.6793
600,3.6793
601,3.6795
602,3.6795
603,3.6795
604,3.6797
605,3.6797
606,3.6798
607,3.6798
608,3.6798
609,3.68
610,3.68
611,3.68
612,3.6801
613,3.6801
614,3.6803
615,3.6803
616,3.6803
617,3.6805
618,3.6805
619,3.6806
620,3.6806
621,3.6806
622,3.6808
623,3.6808
624,3.6809
625,3.6809
626,3.6809
627,3.6811
628,3.6811
629,3.6811
630,3.6813
631,3.6813
632,3.6814
633,3.6814
634,3.6814
635,3.6814
636,3.6816
637,3.6816
638,3.6817
639,3.6817
640,3.6819
641,3.6819
642,3.6819
643,3.682
644,3.682
645,3.6822
646,3.6822
647,3.6822
648,3.6824
649,3.6824
650,3.6825
651,3.6825
652,3.6825
653,3.6827
654,3.6827
655,3.6827
656,3.6828
657,3.6828
658,3.6828
659,3.683
660,3.683
661,3.6832
662,3.6832
663,3.6833
664,3.6833
665,3.6833
666,3.6835
667,3.6835
668,3.6835
669,3.6836
670,3.6836
671,3.6838
672,3.6838
673,3.6838
674,3.684
675,3.684
676,3.684
677,3.6841
678,3.6841
679,3.6843
680,3.6843
681,3.6844
682,3.6844
683,3.6844
684,3.6846
685,3.6846
686,3.6848
687,3.6848
688,3.6848
689,3.6849
690,3.6849
691,3.6849
692,3.6851
693,3.6851
694,3.6852
695,3.6852
696,3.6852
697,3.6854
698,3.6854
699,3.6855
700,3.6855
701,3.6855
702,3.6857
703,3.6857
704,3.6859
705,3.6859
706,3.6859
707,3.686
708,3.686
709,3.6862
710,3.6862
711,3.6862
712,3.6863
713,3.6863
714,3.6865
715,3.6865
716,3.6865
717,3.6867
718,3.6867
719,3.6868
720,3.6868
721,3.6868
722,3.687
723,3.687
724,3.6871
725,3.6871
726,3.6873
727,3.6873
728,3.6873
729,3.6875
730,3.6875
731,3.6875
732,3.6876
733,3.6876
734,3.6878
735,3.6878
736,3.6878
737,3.6879
738,3.6879
739,3.6881
740,3.6881
741,3.6882
742,3.6882
743,3.6882
744,3.6884
745,3.6884
746,3.6886
747,3.6886
748,3.6886
749,3.6887
750,3.6887
751,3.6889
752,3.6889
753,3.6889
754,3.689
755,3.689
756,3.6892
757,3.6892
758,3.6892
759,3.6894
760,3.6894
761,3.6895
762,3.6895
763,3.6897
764,3.6897
765,3.6897
766,3.6898
767,3.6898
768,3.69
769,3.69
770,3.69
771,3.6902
772,3.6902
773,3.6903
774,3.6903
775,3.6903
776,3.6905
777,3.6905
778,3.6906
779,3.6906
780,3.6908
781,3.6908
782,3.6908
783,3.6909
784,3.6909
785,3.6911
786,3.6911
787,3.6911
788,3.6913
789,3.6913
790,3.6914
791,3.6914
792,3.6914
793,3.6916
794,3.6916
795,3.6917
796,3.6917
797,3.6919
798,3.6919
799,3.6919
800,3.6921
801,3.6921
802,3.6922
803,3.6922
804,3.6924
805,3.6924
806,3.6924
807,3.6925
808,3.6925
809,3.6927
810,3.6927
811,3.6929
812,3.6929
813,3.6929
814,3.693
815,3.693
816,3.6932
817,3.6932
818,3.6933
819,3.6933
820,3.6933
821,3.6935
822,3.6935
823,3.6936
824,3.6936
825,3.6938
826,3.6938
827,3.6938
828,3.694
829,3.694
830,3.6941
831,3.6941
832,3.6943
833,3.6943
834,3.6943
835,3.6944
836,3.6944
837,3.6946
838,3.6946
839,3.6948
840,3.6948
841,3.6948
842,3.6949
843,3.6949
844,3.6951
845,3.6951
846,3.6952
847,3.6952
848,3.6952
849,3.6954
850,3.6954
851,3.6956
852,3.6956
853,3.6957
854,3.6957
855,3.6957
856,3.6959
857,3.6959
858,3.696
859,3.696
860,3.6962
861,3.6962
862,3.6962
863,3.6963
864,3.6963
865,3.6965
866,3.6965
867,3.6967
868,3.6967
869,3.6967
870,3.6968
871,3.6968
872,3.697
873,3.697
874,3.6971
875,3.6971
876,3.6973
877,3.6973
878,3.6975
879,3.6975
880,3.6975
881,3.6976
882,3.6976
883,3.6978
884,3.6978
885,3.6979
886,3.6979
887,3.6979
888,3.6981
889,3.6981
890,3.6983
891,3.6983
892,3.6984
893,3.6984
894,3.6986
895,3.6986
896,3.6986
897,3.6987
898,3.6989
899,3.6989
900,3.6989
901,3.6991
902,3.6991
903,3.6992
904,3.6992
905,3.6994
906,3.6994
907,3.6994
908,3.6995
909,3.6995
910,3.6997
911,3.6997
912,3.6998
913,3.6998
914,3.7
915,3.7
916,3.7
917,3.7002
918,3.7002
919,3.7003
920,3.7003
921,3.7005
922,3.7005
923,3.7006
924,3.7006
925,3.7008
926,3.7008
927,3.701
928,3.701
929,3.701
930,3.7011
931,3.7011
932,3.7013
933,3.7013
934,3.7014
935,3.7014
936,3.7014
937,3.7016
938,3.7016
939,3.7018
940,3.7018
941,3.7019
942,3.7019
943,3.7021
944,3.7021
945,3.7022
946,3.7022
947,3.7024
948,3.7024
949,3.7024
950,3.7025
951,3.7025
952,3.7027
953,3.7027
954,3.7029
955,3.7029
956,3.703
957,3.703
958,3.703
959,3.7032
960,3.7032
961,3.7033
962,3.7033
963,3.7035
964,3.7035
965,3.7037
966,3.7037
967,3.7038
968,3.7038
969,3.704
970,3.704
971,3.704
972,3.7041
973,3.7041
974,3.7043
975,3.7043
976,3.7045
977,3.7045
978,3.7046
979,3.7046
980,3.7046
981,3.7048
982,3.7049
983,3.7049
984,3.7049
985,3.7051
986,3.7051
987,3.7052
988,3.7052
989,3.7054
990,3.7054
991,3.7056
992,3.7056
993,3.7057
994,3.7057
995,3.7057
996,3.7059
997,3.7059
998,3.706
999,3.706
1000,3.7062
1001,3.7062
1002,3.7064
1003,3.7064
1004,3.7064
1005,3.7065
1006,3.7067
1007,3.7067
1008,3.7067
1009,3.7068
1010,3.7068
1011,3.707
1012,3.707
1013,3.7072
1014,3.7072
1015,3.7073
1016,3.7073
1017,3.7075
1018,3.7075
1019,3.7076
1020,3.7076
1021,3.7076
1022,3.7078
1023,3.7078
1024,3.7079
1025,3.7079
1026,3.7081
1027,3.7081
1028,3.7083
1029,3.7083
1030,3.7083
1031,3.7084
1032,3.7084
1033,3.7086
1034,3.7086
1035,3.7087
1036,3.7087
1037,3.7089
1038,3.7089
1039,3.7091
1040,3.7091
1041,3.7092
1042,3.7092
1043,3.7092
1044,3.7094
1045,3.7095
1046,3.7095
1047,3.7095
1048,3.7097
1049,3.7097
1050,3.7099
1051,3.7099
1052,3.71
1053,3.71
1054,3.7102
1055,3.7102
1056,3.7103
1057,3.7103
1058,3.7103
1059,3.7105
1060,3.7105
1061,3.7106
1062,3.7106
1063,3.7108
1064,3.7108
1065,3.711
1066,3.711
1067,3.7111
1068,3.7111
1069,3.7113
1070,3.7113
1071,3.7113
1072,3.7114
1073,3.7116
1074,3.7116
1075,3.7116
1076,3.7118
1077,3.7118
1078,3.7119
1079,3.7119
1080,3.7121
1081,3.7121
1082,3.7122
1083,3.7122
1084,3.7124
1085,3.7124
1086,3.7126
1087,3.7126
1088,3.7127
1089,3.7127
1090,3.7129
1091,3.7129
1092,3.713
1093,3.713
1094,3.713
1095,3.7132
1096,3.7132
1097,3.7133
1098,3.7133
1099,3.7135
1100,3.7135
1101,3.7137
1102,3.7137
1103,3.7138
1104,3.7138
1105,3.7138
1106,3.714
1107,3.7141
1108,3.7141
1109,3.7143
1110,3.7143
1111,3.7143
1112,3.7145
1113,3.7145
1114,3.7146
1115,3.7146
1116,3.7148
1117,3.7148
1118,3.7149
1119,3.7149
1120,3.7151
1121,3.7151
1122,3.7153
1123,3.7153
1124,3.7154
1125,3.7154
1126,3.7156
1127,3.7156
1128,3.7157
1129,3.7157
1130,3.7157
1131,3.7159
1132,3.7159
1133,3.7161
1134,3.7161
1135,3.7162
1136,3.7162
1137,3.7164
1138,3.7164
1139,3.7165
1140,3.7165
1141,3.7167
1142,3.7167
1143,3.7168
1144,3.7168
1145,3.7168
1146,3.717
1147,3.717
1148,3.7172
1149,3.7172
1150,3.7173
1151,3.7173
1152,3.7175
1153,3.7175
1154,3.7176
1155,3.7176
1156,3.7178
1157,3.7178
1158,3.718
1159,3.718
1160,3.7181
1161,3.7181
1162,3.7183
1163,3.7183
1164,3.7183
1165,3.7184
1166,3.7186
1167,3.7186
1168,3.7186
1169,3.7188
1170,3.7188
1171,3.7189
1172,3.7189
1173,3.7191
1174,3.7191
1175,3.7192
1176,3.7192
1177,3.7194
1178,3.7194
1179,3.7195
1180,3.7195
1181,3.7197
1182,3.7197
1183,3.7199
1184,3.7199
1185,3.72
1186,3.72
1187,3.7202
1188,3.7202
1189,3.7202
1190,3.7203
1191,3.7203
1192,3.7205
1193,3.7205
1194,3.7207
1195,3.7207
1196,3.7208
1197,3.7208
1198,3.721
1199,3.721
1200,3.7211
1201,3.7211
1202,3.7213
1203,3.7213
1204,3.7215
1205,3.7215
1206,3.7216
1207,3.7216
1208,3.7218
1209,3.7218
1210,3.7219
1211,3.7219
1212,3.7221
1213,3.7221
1214,3.7222
1215,3.7222
1216,3.7224
1217,3.7224
1218,3.7226
1219,3.7226
1220,3.7227
1221,3.7227
1222,3.7227
1223,3.7229
1224,3.7229
1225,3.723
1226,3.723
1227,3.7232
1228,3.7232
1229,3.7234
1230,3.7234
1231,3.7235
1232,3.7235
1233,3.7237
1234,3.7237
1235,3.7238
1236,3.7238
1237,3.724
1238,3.724
1239,3.7242
1240,3.7242
1241,3.7243
1242,3.7243
1243,3.7245
1244,3.7245
1245,3.7246
1246,3.7246
1247,3.7248
1248,3.7248
1249,3.7249
1250,3.7249
1251,3.7251
1252,3.7251
1253,3.7253
1254,3.7253
1255,3.7254
1256,3.7254
1257,3.7256
1258,3.7256
1259,3.7257
1260,3.7257
1261,3.7259
1262,3.7259
1263,3.7261
1264,3.7261
1265,3.7262
1266,3.7262
1267,3.7264
1268,3.7264
1269,3.7265
1270,3.7265
1271,3.7267
1272,3.7267
1273,3.7269
1274,3.7269
1275,3.727
1276,3.727
1277,3.7272
1278,3.7272
1279,3.7273
1280,3.7273
1281,3.7275
1282,3.7276
1283,3.7276
1284,3.7278
1285,3.7278
1286,3.728
1287,3.728
1288,3.7281
1289,3.7281
1290,3.7281
1291,3.7283
1292,3.7284
1293,3.7284
1294,3.7286
1295,3.7286
1296,3.7288
1297,3.7288
1298,3.7289
1299,3.7289
1300,3.7291
1301,3.7291
1302,3.7292
1303,3.7292
1304,3.7294
1305,3.7294
1306,3.7296
1307,3.7296
1308,3.7297
1309,3.7299
1310,3.7299
1311,3.73
1312,3.73
1313,3.7302
1314,3.7302
1315,3.7303
1316,3.7303
1317,3.7305
1318,3.7305
1319,3.7307
1320,3.7307
1321,3.7308
1322,3.7308
1323,3.731
1324,3.731
1325,3.7311
1326,3.7313
1327,3.7313
1328,3.7315
1329,3.7315
1330,3.7316
1331,3.7316
1332,3.7318
1333,3.7318
1334,3.7319
1335,3.7319
1336,3.7321
1337,3.7323
1338,3.7323
1339,3.7324
1340,3.7324
1341,3.7326
1342,3.7326
1343,3.7327
1344,3.7327
1345,3.7329
1346,3.7329
1347,3.733
1348,3.733
1349,3.7332
1350,3.7334
1351,3.7334
1352,3.7335
1353,3.7335
1354,3.7337
1355,3.7337
1356,3.7338
1357,3.7338
1358,3.734
1359,3.734
1360,3.7342
1361,3.7343
1362,3.7343
1363,3.7345
1364,3.7345
1365,3.7346
1366,3.7348
1367,3.7348
1368,3.735
1369,3.735
1370,3.7351
1371,3.7351
1372,3.7353
1373,3.7353
1374,3.7354
1375,3.7356
1376,3.7356
1377,3.7358
1378,3.7358
1379,3.7359
1380,3.7359
1381,3.7361
1382,3.7362
1383,3.7362
1384,3.7364
1385,3.7364
1386,3.7365
1387,3.7365
1388,3.7367
1389,3.7369
1390,3.7369
1391,3.737
1392,3.737
1393,3.7372
1394,3.7373
1395,3.7373
1396,3.7375
1397,3.7375
1398,3.7377
1399,3.7377
1400,3.7378
1401,3.738
1402,3.738
1403,3.7381
1404,3.7381
1405,3.7383
1406,3.7383
1407,3.7385
1408,3.7386
1409,3.7386
1410,3.7388
1411,3.7389
1412,3.7389
1413,3.7391
1414,3.7391
1415,3.7392
1416,3.7394
1417,3.7394
1418,3.7396
1419,3.7396
1420,3.7397
1421,3.7399
1422,3.7399
1423,3.74
1424,3.74
1425,3.7402
1426,3.7404
1427,3.7404
1428,3.7405
1429,3.7405
1430,3.7407
1431,3.7408
1432,3.7408
1433,3.741
1434,3.7412
1435,3.7412
1436,3.7413
1437,3.7413
1438,3.7415
1439,3.7416
1440,3.7416
1441,3.7418
1442,3.7419
1443,3.7419
1444,3.7421
1445,3.7421
1446,3.7423
1447,3.7424
1448,3.7424
1449,3.7426
1450,3.7426
1451,3.7427
1452,3.7429
1453,3.7429
1454,3.7431
1455,3.7432
1456,3.7432
1457,3.7434
1458,3.7435
1459,3.7435
1460,3.7437
1461,3.7437
1462,3.7439
1463,3.744
1464,3.744
1465,3.7442
1466,3.7443
1467,3.7443
1468,3.7445
1469,3.7446
1470,3.7446
1471,3.7448
1472,3.745
1473,3.745
1474,3.7451
1475,3.7453
1476,3.7453
1477,3.7454
1478,3.7456
1479,3.7456
1480,3.7458
1481,3.7459
1482,3.7459
1483,3.7461
1484,3.7461
1485,3.7462
1486,3.7464
1487,3.7466
1488,3.7466
1489,3.7467
1490,3.7469
1491,3.7469
1492,3.747
1493,3.7472
1494,3.7472
1495,3.7473
1496,3.7475
1497,3.7475
1498,3.7477
1499,3.7478
1500,3.7478
1501,3.748
1502,3.7481
1503,3.7481
1504,3.7483
1505,3.7485
1506,3.7486
1507,3.7486
1508,3.7488
1509,3.7489
1510,3.7489
1511,3.7491
1512,3.7493
1513,3.7493
1514,3.7494
1515,3.7496
1516,3.7496
1517,3.7497
1518,3.7499
1519,3.7499
1520,3.75
1521,3.7502
1522,3.7504
1523,3.7504
1524,3.7505
1525,3.7507
1526,3.7507
1527,3.7508
1528,3.751
1529,3.7512
1530,3.7512
1531,3.7513
1532,3.7515
1533,3.7515
1534,3.7516
1535,3.7518
1536,3.7518
1537,3.752
1538,3.7521
1539,3.7523
1540,3.7523
1541,3.7524
1542,3.7526
1543,3.7528
1544,3.7528
1545,3.7529
1546,3.7531
1547,3.7532
1548,3.7532
1549,3.7534
1550,3.7535
1551,3.7535
1552,3.7537
1553,3.7539
1554,3.754
1555,3.754
1556,3.7542
1557,3.7543
1558,3.7545
1559,3.7545
1560,3.7547
1561,3.7548
1562,3.7548
1563,3.755
1564,3.7551
1565,3.7553
1566,3.7553
1567,3.7555
1568,3.7556
1569,3.7558
1570,3.7558
1571,3.7559
1572,3.7561
1573,3.7562
1574,3.7562
1575,3.7564
1576,3.7566
1577,3.7567
1578,3.7569
1579,3.7569
1580,3.757
1581,3.7572
1582,3.7574
1583,3.7574
1584,3.7575
1585,3.7577
1586,3.7578
1587,3.758
1588,3.758
1589,3.7582
1590,3.7583
1591,3.7585
1592,3.7585
1593,3.7586
1594,3.7588
1595,3.7589
1596,3.7591
1597,3.7591
1598,3.7593
1599,3.7594
1600,3.7596
1601,3.7596
1602,3.7597
1603,3.7599
1604,3.7601
1605,3.7602
1606,3.7602
1607,3.7604
1608,3.7605
1609,3.7607
1610,3.7609
1611,3.7609
1612,3.761
1613,3.7612
1614,3.7613
1615,3.7613
1616,3.7615
1617,3.7616
1618,3.7618
1619,3.762
1620,3.7621
1621,3.7621
1622,3.7623
1623,3.7624
1624,3.7626
1625,3.7628
1626,3.7628
1627,3.7629
1628,3.7631
1629,3.7632
1630,3.7634
1631,3.7634
1632,3.7636
1633,3.7637
1634,3.7639
1635,3.764
1636,3.7642
1637,3.7642
1638,3.7643
1639,3.7645
1640,3.7647
1641,3.7648
1642,3.765
1643,3.765
1644,3.7651
1645,3.7653
1646,3.7655
1647,3.7656
1648,3.7658
1649,3.7658
1650,3.7659
1651,3.7661
1652,3.7663
1653,3.7664
1654,3.7666
1655,3.7666
1656,3.7667
1657,3.7669
1658,3.7671
1659,3.7672
1660,3.7674
1661,3.7675
1662,3.7675
1663,3.7677
1664,3.7678
1665,3.768
1666,3.7682
1667,3.7683
1668,3.7683
1669,3.7685
1670,3.7686
1671,3.7688
1672,3.769
1673,3.7691
1674,3.7693
1675,3.7693
1676,3.7694
1677,3.7696
1678,3.7698
1679,3.7699
1680,3.7701
1681,3.7702
1682,3.7704
1683,3.7704
1684,3.7705
1685,3.7707
1686,3.7709
1687,3.771
1688,3.7712
1689,3.7713
1690,3.7713
1691,3.7715
1692,3.7717
1693,3.7718
1694,3.772
1695,3.7721
1696,3.7723
1697,3.7725
1698,3.7726
1699,3.7726
1700,3.7728
1701,3.7729
1702,3.7731
1703,3.7732
1704,3.7734
1705,3.7736
1706,3.7737
1707,3.7737
1708,3.7739
1709,3.774
1710,3.7742
1711,3.7744
1712,3.7745
1713,3.7747
1714,3.7748
1715,3.775
1716,3.7752
1717,3.7752
1718,3.7753
1719,3.7755
1720,3.7756
1721,3.7758
1722,3.7759
1723,3.7761
1724,3.7763
1725,3.7764
1726,3.7766
1727,3.7766
1728,3.7767
1729,3.7769
1730,3.7771
1731,3.7772
1732,3.7774
1733,3.7775
1734,3.7777
1735,3.7779
1736,3.778
1737,3.7782
1738,3.7783
1739,3.7783
1740,3.7785
1741,3.7786
1742,3.7788
1743,3.779
1744,3.7791
1745,3.7793
1746,3.7794
1747,3.7796
1748,3.7798
1749,3.7799
1750,3.7801
1751,3.7802
1752,3.7804
1753,3.7804
1754,3.7806
1755,3.7807
1756,3.7809
1757,3.781
1758,3.7812
1759,3.7813
1760,3.7815
1761,3.7817
1762,3.7818
1763,3.782
1764,3.7821
1765,3.7823
1766,3.7825
1767,3.7826
1768,3.7828
1769,3.7829
1770,3.7829
1771,3.7831
1772,3.7833
1773,3.7834
1774,3.7836
1775,3.7837
1776,3.7839
1777,3.784
1778,3.7842
1779,3.7844
1780,3.7845
1781,3.7847
1782,3.7848
1783,3.785
1784,3.7852
1785,3.7853
1786,3.7855
1787,3.7856
1788,3.7858
1789,3.786
1790,3.7861
1791,3.7863
1792,3.7864
1793,3.7866
1794,3.7866
1795,3.7868
1796,3.7869
1797,3.7871
1798,3.7872
1799,3.7874
1800,3.7875
1801,3.7877
1802,3.7879
1803,3.788
1804,3.7882
1805,3.7883
1806,3.7885
1807,3.7887
1808,3.7888
1809,3.789
1810,3.7891
1811,3.7893
1812,3.7895
1813,3.7896
1814,3.7898
1815,3.7899
1816,3.7901
1817,3.7902
1818,3.7904
1819,3.7906
1820,3.7907
1821,3.7909
1822,3.791
1823,3.7912
1824,3.7914
1825,3.7915
1826,3.7917
1827,3.7918
1828,3.792
1829,3.7922
1830,3.7923
1831,3.7925
1832,3.7926
1833,3.7928
1834,3.7929
1835,3.7931
1836,3.7933
1837,3.7934
1838,3.7936
1839,3.7937
1840,3.7939
1841,3.7941
1842,3.7942
1843,3.7944
1844,3.7945
1845,3.7947
1846,3.7949
1847,3.795
1848,3.7952
1849,3.7953
1850,3.7955
1851,3.7956
1852,3.7958
1853,3.796
1854,3.7961
1855,3.7963
1856,3.7964
1857,3.7966
1858,3.7968
1859,3.7971
1860,3.7972
1861,3.7974
1862,3.7976
1863,3.7977
1864,3.7979
1865,3.798
1866,3.7982
1867,3.7983
1868,3.7985
1869,3.7987
1870,3.7988
1871,3.799
1872,3.7991
1873,3.7993
1874,3.7995
1875,3.7996
1876,3.7998
1877,3.7999
1878,3.8001
1879,3.8003
1880,3.8004
1881,3.8006
1882,3.8009
1883,3.801
1884,3.8012
1885,3.8014
1886,3.8015
1887,3.8017
1888,3.8018
1889,3.802
1890,3.8022
1891,3.8023
1892,3.8025
1893,3.8026
1894,3.8028
1895,3.803
1896,3.8031
1897,3.8033
1898,3.8036
1899,3.8038
1900,3.8039
1901,3.8041
1902,3.8042
1903,3.8044
1904,3.8045
1905,3.8047
1906,3.8049
1907,3.805
1908,3.8052
1909,3.8055
1910,3.8057
1911,3.8058
1912,3.806
1913,3.8061
1914,3.8063
1915,3.8065
1916,3.8066
1917,3.8068
1918,3.8069
1919,3.8071
1920,3.8074
1921,3.8076
1922,3.8077
1923,3.8079
1924,3.808
1925,3.8082
1926,3.8084
1927,3.8085
1928,3.8087
1929,3.809
1930,3.8092
1931,3.8093
1932,3.8095
1933,3.8096
1934,3.8098
1935,3.8099
1936,3.8101
1937,3.8104
1938,3.8106
1939,3.8107
1940,3.8109
1941,3.8111
1942,3.8112
1943,3.8114
1944,3.8117
1945,3.8119
1946,3.812
1947,3.8122
1948,3.8123
1949,3.8125
1950,3.8126
1951,3.8128
1952,3.8131
1953,3.8133
1954,3.8134
1955,3.8136
1956,3.8138
1957,3.8139
1958,3.8142
1959,3.8144
1960,3.8146
1961,3.8147
1962,3.8149
1963,3.815
1964,3.8153
1965,3.8155
1966,3.8157
1967,3.8158
1968,3.816
1969,3.8161
1970,3.8165
1971,3.8166
1972,3.8168
1973,3.8169
1974,3.8171
1975,3.8174
1976,3.8176
1977,3.8177
1978,3.8179
1979,3.818
1980,3.8182
1981,3.8185
1982,3.8187
1983,3.8188
1984,3.819
1985,3.8192
1986,3.8195
1987,3.8196
1988,3.8198
1989,3.82
1990,3.8201
1991,3.8204
1992,3.8206
1993,3.8208
1994,3.8209
1995,3.8211
1996,3.8214
1997,3.8215
1998,3.8217
1999,3.8219
2000,3.8222
2001,3.8223
2002,3.8225
2003,3.8227
2004,3.823
2005,3.8231
2006,3.8233
2007,3.8235
2008,3.8236
2009,3.8239
2010,3.8241
2011,3.8242
2012,3.8244
2013,3.8247
2014,3.8249
2015,3.825
2016,3.8252
2017,3.8255
2018,3.8257
2019,3.8258
2020,3.826
2021,3.8263
2022,3.8265
2023,3.8266
2024,3.8269
2025,3.8271
2026,3.8273
2027,3.8274
2028,3.8277
2029,3.8279
2030,3.8281
2031,3.8282
2032,3.8285
2033,3.8287
2034,3.8289
2035,3.8292
2036,3.8293
2037,3.8295
2038,3.8298
2039,3.83
2040,3.8301
2041,3.8303
2042,3.8306
2043,3.8308
2044,3.8309
2045,3.8312
2046,3.8314
2047,3.8316
2048,3.8319
2049,3.832
2050,3.8322
2051,3.8325
2052,3.8327
2053,3.8328
2054,3.833
2055,3.8333
2056,3.8335
2057,3.8336
2058,3.8339
2059,3.8341
2060,3.8343
2061,3.8346
2062,3.8347
2063,3.8349
2064,3.8352
2065,3.8354
2066,3.8355
2067,3.8358
2068,3.836
2069,3.8362
2070,3.8365
2071,3.8366
2072,3.837
2073,3.8371
2074,3.8373
2075,3.8376
2076,3.8378
2077,3.8379
2078,3.8382
2079,3.8384
2080,3.8385
2081,3.8389
2082,3.839
2083,3.8393
2084,3.8395
2085,3.8397
2086,3.84
2087,3.8401
2088,3.8403
2089,3.8406
2090,3.8408
2091,3.8411
2092,3.8412
2093,3.8416
2094,3.8417
2095,3.8419
2096,3.8422
2097,3.8424
2098,3.8425
2099,3.8428
2100,3.843
2101,3.8433
2102,3.8435
2103,3.8436
2104,3.8439
2105,3.8441
2106,3.8444
2107,3.8446
2108,3.8449
2109,3.8451
2110,3.8452
2111,3.8455
2112,3.8457
2113,3.846
2114,3.8462
2115,3.8463
2116,3.8466
2117,3.8468
2118,3.8471
2119,3.8473
2120,3.8476
2121,3.8478
2122,3.8479
2123,3.8482
2124,3.8484
2125,3.8487
2126,3.8489
2127,3.8492
2128,3.8493
2129,3.8497
2130,3.8498
2131,3.8501
2132,3.8503
2133,3.8505
2134,3.8508
2135,3.8509
2136,3.8513
2137,3.8514
2138,3.8517
2139,3.8519
2140,3.8522
2141,3.8524
2142,3.8527
2143,3.8528
2144,3.8532
2145,3.8533
2146,3.8535
2147,3.8538
2148,3.854
2149,3.8543
2150,3.8544
2151,3.8548
2152,3.8549
2153,3.8552
2154,3.8554
2155,3.8557
2156,3.8559
2157,3.8562
2158,3.8563
2159,3.8567
2160,3.8568
2161,3.8571
2162,3.8573
2163,3.8576
2164,3.8578
2165,3.8581
2166,3.8582
2167,3.8586
2168,3.8587
2169,3.859
2170,3.8592
2171,3.8595
2172,3.8597
2173,3.86
2174,3.8602
2175,3.8605
2176,3.8606
2177,3.8609
2178,3.8611
2179,3.8614
2180,3.8616
2181,3.8619
2182,3.8621
2183,3.8624
2184,3.8625
2185,3.8629
2186,3.863
2187,3.8633
2188,3.8635
2189,3.8638
2190,3.864
2191,3.8643
2192,3.8644
2193,3.8648
2194,3.8649
2195,3.8652
2196,3.8654
2197,3.8657
2198,3.8659
2199,3.8662
2200,3.8663
2201,3.8667
2202,3.8668
2203,3.8671
2204,3.8675
2205,3.8676
2206,3.8679
2207,3.8681
2208,3.8684
2209,3.8686
2210,3.8689
2211,3.869
2212,3.8694
2213,3.8695
2214,3.8698
2215,3.87
2216,3.8703
2217,3.8705
2218,3.8708
2219,3.871
2220,3.8713
2221,3.8714
2222,3.8718
2223,3.8719
2224,3.8722
2225,3.8724
2226,3.8727
2227,3.8729
2228,3.8732
2229,3.8733
2230,3.8737
2231,3.874
2232,3.8741
2233,3.8745
2234,3.8746
2235,3.8748
2236,3.8751
2237,3.8754
2238,3.8756
2239,3.8759
2240,3.876
2241,3.8764
2242,3.8765
2243,3.8768
2244,3.877
2245,3.8773
2246,3.8775
2247,3.8778
2248,3.8779
2249,3.8783
2250,3.8784
2251,3.8787
2252,3.8789
2253,3.8792
2254,3.8794
2255,3.8797
2256,3.8799
2257,3.8802
2258,3.8803
2259,3.8806
2260,3.8808
2261,3.8811
2262,3.8813
2263,3.8816
2264,3.8818
2265,3.8821
2266,3.8822
2267,3.8826
2268,3.8827
2269,3.883
2270,3.8832
2271,3.8835
2272,3.8837
2273,3.884
2274,3.8841
2275,3.8845
2276,3.8846
2277,3.8849
2278,3.8851
2279,3.8854
2280,3.8856
2281,3.8859
2282,3.886
2283,3.8864
2284,3.8865
2285,3.8868
2286,3.887
2287,3.8873
2288,3.8875
2289,3.8878
2290,3.888
2291,3.8883
2292,3.8884
2293,3.8888
2294,3.8889
2295,3.8892
2296,3.8894
2297,3.8897
2298,3.8899
2299,3.8902
2300,3.8903
2301,3.8907
2302,3.8908
2303,3.8911
2304,3.8913
2305,3.8915
2306,3.8918
2307,3.8919
2308,3.8922
2309,3.8924
2310,3.8927
2311,3.8929
2312,3.8932
2313,3.8934
2314,3.8937
2315,3.8938
2316,3.8942
2317,3.8943
2318,3.8946
2319,3.8948
2320,3.8951
2321,3.8953
2322,3.8954
2323,3.8957
2324,3.8959
2325,3.8962
2326,3.8964
2327,3.8967
2328,3.8969
2329,3.8972
2330,3.8973
2331,3.8976
2332,3.8978
2333,3.898
2334,3.8983
2335,3.8984
2336,3.8988
2337,3.8989
2338,3.8992
2339,3.8994
2340,3.8997
2341,3.8999
2342,3.9002
2343,3.9003
2344,3.9007
2345,3.9008
2346,3.9011
2347,3.9013
2348,3.9016
2349,3.9018
2350,3.9019
2351,3.9023
2352,3.9024
2353,3.9027
2354,3.9029
2355,3.9032
2356,3.9034
2357,3.9037
2358,3.9038
2359,3.9042
2360,3.9043
2361,3.9045
2362,3.9048
2363,3.905
2364,3.9053
2365,3.9054
2366,3.9058
2367,3.9059
2368,3.9062
2369,3.9064
2370,3.9067
2371,3.9069
2372,3.907
2373,3.9073
2374,3.9075
2375,3.9078
2376,3.908
2377,3.9083
2378,3.9085
2379,3.9088
2380,3.9089
2381,3.9092
2382,3.9094
2383,3.9097
2384,3.9099
2385,3.9102
2386,3.9104
2387,3.9105
2388,3.9108
2389,3.911
2390,3.9113
2391,3.9115
2392,3.9118
2393,3.9119
2394,3.9123
2395,3.9124
2396,3.9127
2397,3.9129
2398,3.9131
2399,3.9134
2400,3.9135
2401,3.9139
2402,3.914
2403,3.9143
2404,3.9145
2405,3.9148
2406,3.915
2407,3.9153
2408,3.9154
2409,3.9158
2410,3.9159
2411,3.9162
2412,3.9164
2413,3.9167
2414,3.9169
2415,3.9172
2416,3.9173
2417,3.9175
2418,3.9178
2419,3.918
2420,3.9183
2421,3.9185
2422,3.9188
2423,3.9189
2424,3.9193
2425,3.9194
2426,3.9197
2427,3.9199
2428,3.9202
2429,3.9204
2430,3.9207
2431,3.9208
2432,3.9212
2433,3.9213
2434,3.9216
2435,3.9218
2436,3.9221
2437,3.9223
2438,3.9226
2439,3.9228
2440,3.9231
2441,3.9232
2442,3.9235
2443,3.9237
2444,3.924
2445,3.9242
2446,3.9245
2447,3.9247
2448,3.925
2449,3.9251
2450,3.9255
2451,3.9256
2452,3.9259
2453,3.9262
2454,3.9264
2455,3.9267
2456,3.9269
2457,3.9272
2458,3.9274
2459,3.9277
2460,3.9278
2461,3.9282
2462,3.9283
2463,3.9286
2464,3.9288
2465,3.9291
2466,3.9293
2467,3.9296
2468,3.9297
2469,3.9301
2470,3.9304
2471,3.9305
2472,3.9309
2473,3.931
2474,3.9313
2475,3.9315
2476,3.9318
2477,3.932
2478,3.9323
2479,3.9326
2480,3.9328
2481,3.9331
2482,3.9332
2483,3.9336
2484,3.9337
2485,3.934
2486,3.9342
2487,3.9345
2488,3.9348
2489,3.935
2490,3.9353
2491,3.9355
2492,3.9358
2493,3.9361
2494,3.9363
2495,3.9366
2496,3.9367
2497,3.9371
2498,3.9374
2499,3.9375
2500,3.9378
2501,3.938
2502,3.9383
2503,3.9385
2504,3.9388
2505,3.9391
2506,3.9393
2507,3.9396
2508,3.9398
2509,3.9401
2510,3.9404
2511,3.9405
2512,3.9409
2513,3.9412
2514,3.9413
2515,3.9417
2516,3.9418
2517,3.9421
2518,3.9425
2519,3.9426
2520,3.9429
2521,3.9431
2522,3.9434
2523,3.9437
2524,3.9439
2525,3.9442
2526,3.9445
2527,3.9447
2528,3.945
2529,3.9453
2530,3.9455
2531,3.9458
2532,3.9461
2533,3.9463
2534,3.9466
2535,3.9469
2536,3.9471
2537,3.9474
2538,3.9475
2539,3.9479
2540,3.9482
2541,3.9485
2542,3.9486
2543,3.949
2544,3.9491
2545,3.9494
2546,3.9498
2547,3.9501
2548,3.9502
2549,3.9506
2550,3.9509
2551,3.951
2552,3.9513
2553,3.9517
2554,3.9518
2555,3.9521
2556,3.9525
2557,3.9526
2558,3.9529
2559,3.9533
2560,3.9534
2561,3.9537
2562,3.954
2563,3.9542
2564,3.9545
2565,3.9548
2566,3.9552
2567,3.9553
2568,3.9556
2569,3.956
2570,3.9561
2571,3.9564
2572,3.9568
2573,3.9569
2574,3.9572
2575,3.9575
2576,3.9579
2577,3.958
2578,3.9583
2579,3.9587
2580,3.9588
2581,3.9591
2582,3.9595
2583,3.9596
2584,3.9599
2585,3.9602
2586,3.9606
2587,3.9607
2588,3.961
2589,3.9614
2590,3.9617
2591,3.9618
2592,3.9622
2593,3.9625
2594,3.9626
2595,3.9629
2596,3.9633
2597,3.9636
2598,3.9637
2599,3.9641
2600,3.9644
2601,3.9645
2602,3.9649
2603,3.9652
2604,3.9655
2605,3.9656
2606,3.966
2607,3.9663
2608,3.9664
2609,3.9668
2610,3.9671
2611,3.9674
2612,3.9676
2613,3.9679
2614,3.9682
2615,3.9685
2616,3.9687
2617,3.969
2618,3.9693
2619,3.9695
2620,3.9698
2621,3.9701
2622,3.9704
2623,3.9706
2624,3.9709
2625,3.9712
2626,3.9714
2627,3.9717
2628,3.972
2629,3.9722
2630,3.9725
2631,3.9728
2632,3.9731
2633,3.9733
2634,3.9736
2635,3.9739
2636,3.9741
2637,3.9744
2638,3.9747
2639,3.975
2640,3.9752
2641,3.9755
2642,3.9758
2643,3.976
2644,3.9763
2645,3.9766
2646,3.9768
2647,3.9771
2648,3.9774
2649,3.9776
2650,3.9779
2651,3.9782
2652,3.9784
2653,3.9787
2654,3.979
2655,3.9792
2656,3.9795
2657,3.9798
2658,3.9799
2659,3.9803
2660,3.9806
2661,3.9807
2662,3.9811
2663,3.9814
2664,3.9815
2665,3.9819
2666,3.9822
2667,3.9823
2668,3.9826
2669,3.983
2670,3.9831
2671,3.9834
2672,3.9838
2673,3.9839
2674,3.9842
2675,3.9844
2676,3.9847
2677,3.9849
2678,3.9852
2679,3.9855
2680,3.9857
2681,3.986
2682,3.9863
2683,3.9865
2684,3.9868
2685,3.9869
2686,3.9873
2687,3.9874
2688,3.9877
2689,3.9881
2690,3.9882
2691,3.9885
2692,3.9887
2693,3.989
2694,3.9893
2695,3.9895
2696,3.9898
2697,3.99
2698,3.9903
2699,3.9904
2700,3.9908
2701,3.9909
2702,3.9912
2703,3.9914
2704,3.9917
2705,3.992
2706,3.9922
2707,3.9925
2708,3.9927
2709,3.993
2710,3.9931
2711,3.9935
2712,3.9936
2713,3.9939
2714,3.9941
2715,3.9942
2716,3.9946
2717,3.9947
2718,3.995
2719,3.9952
2720,3.9955
2721,3.9957
2722,3.996
2723,3.9962
2724,3.9965
2725,3.9966
2726,3.9969
2727,3.9971
2728,3.9974
2729,3.9976
2730,3.9977
2731,3.9981
2732,3.9982
2733,3.9985
2734,3.9987
2735,3.999
2736,3.9992
2737,3.9993
2738,3.9996
2739,3.9998
2740,4.0001
2741,4.0003
2742,4.0004
2743,4.0008
2744,4.0009
2745,4.0011
2746,4.0014
2747,4.0016
2748,4.0019
2749,4.002
2750,4.0022
2751,4.0023
2752,4.0027
2753,4.0028
2754,4.0031
2755,4.0033
2756,4.0035
2757,4.0038
2758,4.0039
2759,4.0041
2760,4.0043
2761,4.0046
2762,4.0047
2763,4.0049
2764,4.0052
2765,4.0054
2766,4.0055
2767,4.0058
2768,4.006
2769,4.0062
2770,4.0063
2771,4.0066
2772,4.0068
2773,4.007
2774,4.0071
2775,4.0074
2776,4.0076
2777,4.0078
2778,4.0079
2779,4.0082
2780,4.0084
2781,4.0085
2782,4.0087
2783,4.009
2784,4.0092
2785,4.0093
2786,4.0095
2787,4.0097
2788,4.01
2789,4.0101
2790,4.0103
2791,4.0105
2792,4.0106
2793,4.0109
2794,4.0111
2795,4.0112
2796,4.0114
2797,4.0116
2798,4.0117
2799,4.012
2800,4.0122
2801,4.0124
2802,4.0125
2803,4.0127
2804,4.0128
2805,4.0132
2806,4.0133
2807,4.0135
2808,4.0136
2809,4.0138
2810,4.0139
2811,4.0141
2812,4.0143
2813,4.0144
2814,4.0147
2815,4.0149
2816,4.0151
2817,4.0152
2818,4.0154
2819,4.0155
2820,4.0157
2821,4.0159
2822,4.0162
2823,4.0163
2824,4.0165
2825,4.0166
2826,4.0168
2827,4.017
2828,4.0171
2829,4.0173
2830,4.0174
2831,4.0176
2832,4.0178
2833,4.0179
2834,4.0181
2835,4.0182
2836,4.0184
2837,4.0187
2838,4.0189
2839,4.019
2840,4.0192
2841,4.0193
2842,4.0195
2843,4.0197
2844,4.0198
2845,4.02
2846,4.0201
2847,4.0203
2848,4.0205
2849,4.0206
2850,4.0208
2851,4.0209
2852,4.0211
2853,4.0213
2854,4.0214
2855,4.0216
2856,4.0217
2857,4.0219
2858,4.022
2859,4.0222
2860,4.0224
2861,4.0225
2862,4.0227
2863,4.023
2864,4.023
2865,4.0233
2866,4.0235
2867,4.0235
2868,4.0238
2869,4.024
2870,4.0241
2871,4.0243
2872,4.0244
2873,4.0246
2874,4.0248
2875,4.0249
2876,4.0251
2877,4.0252
2878,4.0254
2879,4.0255
2880,4.0257
2881,4.0259
2882,4.026
2883,4.0262
2884,4.0263
2885,4.0265
2886,4.0267
2887,4.0268
2888,4.027
2889,4.0271
2890,4.0273
2891,4.0275
2892,4.0276
2893,4.0278
2894,4.0279
2895,4.0281
2896,4.0282
2897,4.0284
2898,4.0286
2899,4.0287
2900,4.0289
2901,4.029
2902,4.0292
2903,4.0294
2904,4.0295
2905,4.0297
2906,4.0298
2907,4.03
2908,4.0302
2909,4.0303
2910,4.0305
2911,4.0306
2912,4.0308
2913,4.0309
2914,4.0311
2915,4.0313
2916,4.0314
2917,4.0316
2918,4.0317
2919,4.0319
2920,4.0321
2921,4.0322
2922,4.0324
2923,4.0325
2924,4.0327
2925,4.0329
2926,4.033
2927,4.0332
2928,4.0333
2929,4.0335
2930,4.0336
2931,4.0338
2932,4.034
2933,4.0341
2934,4.0344
2935,4.0344
2936,4.0348
2937,4.0349
2938,4.0351
2939,4.0352
2940,4.0354
2941,4.0356
2942,4.0357
2943,4.0359
2944,4.036
2945,4.0362
2946,4.0363
2947,4.0365
2948,4.0367
2949,4.037
2950,4.0371
2951,4.0373
2952,4.0375
2953,4.0376
2954,4.0378
2955,4.0379
2956,4.0381
2957,4.0383
2958,4.0384
2959,4.0387
2960,4.0389
2961,4.0391
2962,4.0392
2963,4.0394
2964,4.0395
2965,4.0397
2966,4.04
2967,4.0402
2968,4.0403
2969,4.0405
2970,4.0406
2971,4.0408
2972,4.0411
2973,4.0413
2974,4.0414
2975,4.0416
2976,4.0418
2977,4.0419
2978,4.0422
2979,4.0424
2980,4.0425
2981,4.0427
2982,4.043
2983,4.0432
2984,4.0433
2985,4.0435
2986,4.0437
2987,4.044
2988,4.0441
2989,4.0443
2990,4.0445
2991,4.0448
2992,4.0449
2993,4.0451
2994,4.0452
2995,4.0456
2996,4.0457
2997,4.0459
2998,4.046
2999,4.0464
3000,4.0465
3001,4.0467
3002,4.047
3003,4.0472
3004,4.0473
3005,4.0476
3006,4.0478
3007,4.0479
3008,4.0483
3009,4.0484
3010,4.0486
3011,4.0489
3012,4.0491
3013,4.0494
3014,4.0495
3015,4.0497
3016,4.05
3017,4.0502
3018,4.0505
3019,4.0506
3020,4.0508
3021,4.0511
3022,4.0513
3023,4.0516
3024,4.0518
3025,4.0521
3026,4.0522
3027,4.0526
3028,4.0527
3029,4.0529
3030,4.0532
3031,4.0533
3032,4.0537
3033,4.0538
3034,4.0541
3035,4.0543
3036,4.0546
3037,4.0548
3038,4.0551
3039,4.0553
3040,4.0556
3041,4.0559
3042,4.056
3043,4.0564
3044,4.0565
3045,4.0568
3046,4.057
3047,4.0573
3048,4.0576
3049,4.0578
3050,4.0581
3051,4.0583
3052,4.0586
3053,4.0589
3054,4.0591
3055,4.0594
3056,4.0597
3057,4.0599
3058,4.0602
3059,4.0603
3060,4.0607
3061,4.061
3062,4.0611
3063,4.0615
3064,4.0618
3065,4.0619
3066,4.0622
3067,4.0626
3068,4.0629
3069,4.063
3070,4.0634
3071,4.0637
3072,4.0638
3073,4.0642
3074,4.0645
3075,4.0648
3076,4.0649
3077,4.0653
3078,4.0656
3079,4.0659
3080,4.0661
3081,4.0664
3082,4.0667
3083,4.067
3084,4.0673
3085,4.0675
3086,4.0678
3087,4.0681
3088,4.0684
3089,4.0688
3090,4.0689
3091,4.0692
3092,4.0696
3093,4.0699
3094,4.0702
3095,4.0705
3096,4.0707
3097,4.071
3098,4.0713
3099,4.0716
3100,4.0719
3101,4.0723
3102,4.0726
3103,4.0727
3104,4.073
3105,4.0734
3106,4.0737
3107,4.074
3108,4.0743
3109,4.0745
3110,4.0748
3111,4.0751
3112,4.0754
3113,4.0758
3114,4.0761
3115,4.0764
3116,4.0767
3117,4.077
3118,4.0773
3119,4.0777
3120,4.078
3121,4.0781
3122,4.0785
3123,4.0788
3124,4.0791
3125,4.0794
3126,4.0797
3127,4.08
3128,4.0804
3129,4.0807
3130,4.081
3131,4.0813
3132,4.0816
3133,4.0819
3134,4.0821
3135,4.0824
3136,4.0827
3137,4.0831
3138,4.0834
3139,4.0837
3140,4.084
3141,4.0843
3142,4.0846
3143,4.085
3144,4.0853
3145,4.0856
3146,4.0859
3147,4.0862
3148,4.0866
3149,4.0869
3150,4.0872
3151,4.0875
3152,4.0878
3153,4.0881
3154,4.0883
3155,4.0886
3156,4.0889
3157,4.0893
3158,4.0896
3159,4.0899
3160,4.0902
3161,4.0905
3162,4.0908
3163,4.0912
3164,4.0915
3165,4.0918
3166,4.0921
3167,4.0924
3168,4.0928
3169,4.0931
3170,4.0934
3171,4.0937
3172,4.094
3173,4.0943
3174,4.0947
3175,4.0948
3176,4.0951
3177,4.0955
3178,4.0958
3179,4.0961
3180,4.0964
3181,4.0967
3182,4.097
3183,4.0974
3184,4.0977
3185,4.098
3186,4.0983
3187,4.0986
3188,4.0988
3189,4.0993
3190,4.0994
3191,4.0997
3192,4.1001
3193,4.1004
3194,4.1007
3195,4.101
3196,4.1013
3197,4.1016
3198,4.102
3199,4.1023
3200,4.1024
3201,4.1028
3202,4.1031
3203,4.1034
3204,4.1037
3205,4.104
3206,4.1043
3207,4.1047
3208,4.105
3209,4.1051
3210,4.1055
3211,4.1058
3212,4.1061
3213,4.1064
3214,4.1067
3215,4.107
3216,4.1072
3217,4.1075
3218,4.1078
3219,4.1082
3220,4.1085
3221,4.1088
3222,4.109
3223,4.1093
3224,4.1096
3225,4.1099
3226,4.1102
3227,4.1105
3228,4.1107
3229,4.111
3230,4.1113
3231,4.1117
3232,4.112
3233,4.1121
3234,4.1125
3235,4.1128
3236,4.1131
3237,4.1132
3238,4.1136
3239,4.1139
3240,4.1142
3241,4.1145
3242,4.1147
3243,4.115
3244,4.1153
3245,4.1156
3246,4.1158
3247,4.1161
3248,4.1164
3249,4.1166
3250,4.1169
3251,4.1172
3252,4.1174
3253,4.1177
3254,4.118
3255,4.1183
3256,4.1185
3257,4.1188
3258,4.1191
3259,4.1193
3260,4.1196
3261,4.1199
3262,4.1201
3263,4.1204
3264,4.1207
3265,4.1209
3266,4.1212
3267,4.1215
3268,4.1217
3269,4.122
3270,4.1223
3271,4.1225
3272,4.1228
3273,4.1229
3274,4.1233
3275,4.1236
3276,4.1237
3277,4.1241
3278,4.1242
3279,4.1245
3280,4.1247
3281,4.125
3282,4.1253
3283,4.1255
3284,4.1258
3285,4.126
3286,4.1263
3287,4.1266
3288,4.1268
3289,4.1271
3290,4.1272
3291,4.1275
3292,4.1277
3293,4.128
3294,4.1282
3295,4.1285
3296,4.1287
3297,4.129
3298,4.1291
3299,4.1295
3300,4.1296
3301,4.1299
3302,4.1301
3303,4.1304
3304,4.1306
3305,4.1307
3306,4.131
3307,4.1312
3308,4.1315
3309,4.1317
3310,4.132
3311,4.1322
3312,4.1323
3313,4.1326
3314,4.1328
3315,4.1331
3316,4.1333
3317,4.1336
3318,4.1337
3319,4.1339
3320,4.1342
3321,4.1344
3322,4.1345
3323,4.1349
3324,4.135
3325,4.1352
3326,4.1355
3327,4.1356
3328,4.1358
3329,4.1361
3330,4.1363
3331,4.1364
3332,4.1368
3333,4.1369
3334,4.1371
3335,4.1372
3336,4.1376
3337,4.1377
3338,4.1379
3339,4.138
3340,4.1383
3341,4.1385
3342,4.1387
3343,4.139
3344,4.1391
3345,4.1393
3346,4.1395
3347,4.1398
3348,4.1399
3349,4.1401
3350,4.1403
3351,4.1404
3352,4.1407
3353,4.1409
3354,4.141
3355,4.1412
3356,4.1414
3357,4.1417
3358,4.1418
3359,4.142
3360,4.1422
3361,4.1423
3362,4.1425
3363,4.1428
3364,4.143
3365,4.1431
3366,4.1433
3367,4.1434
3368,4.1436
3369,4.1438
3370,4.1439
3371,4.1441
3372,4.1444
3373,4.1445
3374,4.1447
3375,4.1449
3376,4.145
3377,4.1452
3378,4.1453
3379,4.1455
3380,4.1457
3381,4.1458
3382,4.146
3383,4.1461
3384,4.1463
3385,4.1465
3386,4.1466
3387,4.1468
3388,4.1469
3389,4.1471
3390,4.1472
3391,4.1474
3392,4.1476
3393,4.1479
3394,4.1479
3395,4.1482
3396,4.1482
3397,4.1484
3398,4.1485
3399,4.1487
3400,4.1488
3401,4.149
3402,4.1492
3403,4.1493
3404,4.1495
3405,4.1496
3406,4.1498
3407,4.1499
3408,4.1501
3409,4.1503
3410,4.1503
3411,4.1504
3412,4.1506
3413,4.1507
3414,4.1509
3415,4.1511
3416,4.1512
3417,4.1514
3418,4.1515
3419,4.1515
3420,4.1517
3421,4.1519
3422,4.152
3423,4.1522
3424,4.1523
3425,4.1525
3426,4.1525
3427,4.1526
3428,4.1528
3429,4.153
3430,4.1531
3431,4.1533
3432,4.1533
3433,4.1534
3434,4.1536
3435,4.1538
3436,4.1538
3437,4.1539
3438,4.1541
3439,4.1542
3440,4.1544
3441,4.1544
3442,4.1546
3443,4.1547
3444,4.1549
3445,4.155
3446,4.155
3447,4.1552
3448,4.1553
3449,4.1553
3450,4.1555
3451,4.1557
3452,4.1558
3453,4.1558
3454,4.156
3455,4.1561
3456,4.1563
3457,4.1563
3458,4.1565
3459,4.1566
3460,4.1566
3461,4.1568
3462,4.1568
3463,4.1569
3464,4.1571
3465,4.1573
3466,4.1573
3467,4.1574
3468,4.1576
3469,4.1576
3470,4.1577
3471,4.1579
3472,4.1579
3473,4.158
3474,4.1582
3475,4.1582
3476,4.1584
3477,4.1585
3478,4.1585
3479,4.1587
3480,4.1587
3481,4.1588
3482,4.159
3483,4.159
3484,4.1592
3485,4.1593
3486,4.1593
3487,4.1595
3488,4.1595
3489,4.1596
3490,4.1596
3491,4.1598
3492,4.16
3493,4.16
3494,4.1601
3495,4.1601
3496,4.1603
3497,4.1603
3498,4.1604
3499,4.1606
3500,4.1606
3501,4.1608
3502,4.1608
3503,4.1609
3504,4.1609
3505,4.1611
3506,4.1612
3507,4.1612
3508,4.1614
3509,4.1614
3510,4.1615
3511,4.1615
3512,4.1617
3513,4.1617
3514,4.1619
3515,4.1619
3516,4.162
3517,4.162
3518,4.1622
3519,4.1622
3520,4.1623
3521,4.1625
3522,4.1625
3523,4.1627
3524,4.1627
3525,4.1628
3526,4.1628
3527,4.163
3528,4.163
3529,4.1631
3530,4.1631
3531,4.1633
3532,4.1633
3533,4.1635
3534,4.1635
3535,4.1636
3536,4.1636
3537,4.1638
3538,4.1638
3539,4.1639
3540,4.1639
3541,4.1641
3542,4.1641
3543,4.1642
3544,4.1642
3545,4.1644
3546,4.1644
3547,4.1646
3548,4.1646
3549,4.1647
3550,4.1647
3551,4.1649
3552,4.1649
3553,4.165
3554,4.165
3555,4.1652
3556,4.1652
3557,4.1654
3558,4.1654
3559,4.1655
3560,4.1655
3561,4.1657
3562,4.1657
3563,4.1658
3564,4.1658
3565,4.166
3566,4.166
3567,4.1662
3568,4.1662
3569,4.1663
3570,4.1663
3571,4.1665
3572,4.1665
3573,4.1666
3574,4.1666
3575,4.1668
3576,4.1669
3577,4.1669
3578,4.1671
3579,4.1671
3580,4.1673
3581,4.1673
3582,4.1674
3583,4.1674
3584,4.1676
3585,4.1676
3586,4.1677
3587,4.1677
3588,4.1679
3589,4.1679
3590,4.1681
3591,4.1681
3592,4.1682
3593,4.1684
3594,4.1684
3595,4.1685
3596,4.1685
3597,4.1687
3598,4.1687
3599,4.1689
3600,4.1689
3601,4.169
3602,4.1692
3603,4.1692
3604,4.1693
3605,4.1693
3606,4.1695
3607,4.1695
3608,4.1696
3609,4.1696
3610,4.1698
3611,4.17
3612,4.17
3613,4.1701
3614,4.1701
3615,4.1703
3616,4.1703
3617,4.1704
3618,4.1706
3619,4.1706
3620,4.1708
3621,4.1708
3622,4.1709
3623,4.1711
3624,4.1711
3625,4.1712
3626,4.1714
3627,4.1714
3628,4.1716
3629,4.1716
3630,4.1717
3631,4.1719
3632,4.1719
3633,4.172
3634,4.1722
3635,4.1722
3636,4.1723
3637,4.1723
3638,4.1725
3639,4.1727
3640,4.1727
3641,4.1728
3642,4.173
3643,4.173
3644,4.1731
3645,4.1733
3646,4.1733
3647,4.1735
3648,4.1736
3649,4.1736
3650,4.1738
3651,4.1739
3652,4.1741
3653,4.1741
3654,4.1743
3655,4.1744
3656,4.1744
3657,4.1746
3658,4.1747
3659,4.1747
3660,4.1749
3661,4.1751
3662,4.1752
3663,4.1752
3664,4.1754
3665,4.1755
3666,4.1757
3667,4.1757
3668,4.1758
3669,4.176
3670,4.1762
3671,4.1763
3672,4.1763
3673,4.1765
3674,4.1766
3675,4.1768
3676,4.1768
3677,4.177
3678,4.1771
3679,4.1773
3680,4.1774
3681,4.1776
3682,4.1776
3683,4.1778
3684,4.1779
3685,4.1781
3686,4.1782
3687,4.1784
3688,4.1784
3689,4.1785
3690,4.1787
3691,4.1789
3692,4.179
3693,4.1792
3694,4.1793
3695,4.1795
3696,4.1797
3697,4.1797
3698,4.18
3699,4.18
3700,4.1801
3701,4.1803
3702,4.1805
3703,4.1806
3704,4.1808
3705,4.1809
3706,4.1811
3707,4.1812
3708,4.1814
3709,4.1816
3710,4.1817
3711,4.1819
3712,4.182
3713,4.1822
3714,4.1824
3715,4.1825
3716,4.1827
3717,4.1828
3718,4.183
3719,4.1833
3720,4.1835
3721,4.1836
3722,4.1838
3723,4.1839
3724,4.1841
3725,4.1843
3726,4.1844
3727,4.1847
3728,4.1849
3729,4.1851
3730,4.1852
3731,4.1854
3732,4.1857
3733,4.1859
3734,4.186
3735,4.1862
3736,4.1863
3737,4.1866
3738,4.1868
3739,4.187
3740,4.1871
3741,4.1874
3742,4.1876
3743,4.1878
3744,4.1881
3745,4.1882
3746,4.1884
3747,4.1887
3748,4.1889
3749,4.189
3750,4.1893
3751,4.1895
3752,4.1898
3753,4.19
3754,4.1903
3755,4.1905
3756,4.1906
3757,4.1909
3758,4.1911
3759,4.1914
3760,4.1916
3761,4.1919
3762,4.192
3763,4.1924
3764,4.1927
3765,4.1928
3766,4.1932
3767,4.1933
3768,4.1936
3769,4.194
3770,4.1941
3771,4.1944
3772,4.1948
3773,4.1949
3774,4.1952
3775,4.1955
3776,4.1959
3777,4.196
3778,4.1963
3779,4.1967
3780,4.197
3781,4.1973
3782,4.1975
3783,4.1978
3784,4.1981
3785,4.1984
3786,4.1987
3787,4.199
3788,4.1994
3789,4.1997
3790,4.2
3791,4.2003
3792,4.2006
3793,4.2009
3794,4.2013
3795,4.2016
3796,4.2019
3797,4.2022
3798,4.2025
3799,4.2029
3800,4.2033
3801,4.2036
3802,4.204
3803,4.2043
3804,4.2048
3805,4.2051
3806,4.2054
3807,4.2059
3808,4.2062
3809,4.2065
3810,4.207
3811,4.2073
3812,4.2078
3813,4.2081
3814,4.2086
3815,4.2089
3816,4.2094
3817,4.2097
3818,4.2102
3819,4.2105
3820,4.211
3821,4.2114
3822,4.2118
3823,4.2122
3824,4.2127
3825,4.2132
3826,4.2135
3827,4.214
3828,4.2145
3829,4.2149
3830,4.2154
3831,4.2159
3832,4.2164
3833,4.2168
3834,4.2173
3835,4.2178
3836,4.2183
3837,4.2187
3838,4.2192
3839,4.2199
3840,4.2203
3841,4.2208
3842,4.2213
3843,4.2218
3844,4.2224
3845,4.2229
3846,4.2235
3847,4.224
3848,4.2245
3849,4.2251
3850,4.2256
3851,4.2262
3852,4.2268
3853,4.2273
3854,4.228
3855,4.2284
3856,4.2291
3857,4.2297
3858,4.2303
3859,4.231
3860,4.2315
3861,4.2321
3862,4.2327
3863,4.2334
3864,4.234
3865,4.2346
3866,4.2353
3867,4.2359
3868,4.2365
3869,4.2373
3870,4.238
3871,4.2386
3872,4.2392
3873,4.24
3874,4.2407
3875,4.2413
3876,4.2421
3877,4.2427
3878,4.2435
3879,4.2442
3880,4.245
3881,4.2456
3882,4.2464
3883,4.2472
3884,4.2478
3885,4.2486
3886,4.2494
3887,4.2502
3888,4.251
3889,4.2518
3890,4.2524
3891,4.2534
3892,4.2542
3893,4.255
3894,4.2558
3895,4.2566
3896,4.2573
3897,4.2581
3898,4.2589
3899,4.2599
3900,4.2607
3901,4.2615
3902,4.2624
3903,4.2632
3904,4.2642
3905,4.265
3906,4.2659
3907,4.2667
3908,4.2677
3909,4.2686
3910,4.2694
3911,4.2704
3912,4.2713
3913,4.2723
3914,4.2731
3915,4.274
3916,4.275
3917,4.2759
3918,4.2769
3919,4.2778
3920,4.2788
3921,4.2798
3922,4.2809
3923,4.2818
3924,4.2828
3925,4.2837
3926,4.2848
3927,4.2858
3928,4.2867
3929,4.2879
3930,4.2888
3931,4.2899
3932,4.2909
3933,4.292
3934,4.2929
3935,4.294
3936,4.295
3937,4.2961
3938,4.2972
3939,4.2983
3940,4.2993
3941,4.3004
3942,4.3004
3943,4.3002
3944,4.3004
3945,4.3002
3946,4.3004
3947,4.3004
3948,4.3004
3949,4.298
3950,4.2961
3951,4.2953
3952,4.2947
3953,4.2942
3954,4.2939
3955,4.2936
3956,4.2933
3957,4.293
3958,4.2928
3959,4.2925
3960,4.2923
3961,4.2922
3962,4.292
3963,4.2918
3964,4.2915
3965,4.2915
3966,4.2914
3967,4.2912
3968,4.2911
3969,4.2909
3970,4.2909
3971,4.2907
3972,4.2906
3973,4.2906
3974,4.2904
3975,4.2903
3976,4.2903
3977,4.2901
3978,4.2901
3979,4.2899
3980,4.2899
3981,4.2898
3982,4.2898
3983,4.2896
3984,4.2896
3985,4.2895
3986,4.2895
3987,4.2893
3988,4.2893
3989,4.2891
3990,4.2891
3991,4.2891
3992,4.289
3993,4.289
3994,4.2888
3995,4.2888
3996,4.2888
3997,4.2887
3998,4.2887
3999,4.2887
4000,4.2885
4001,4.2885
4002,4.2884
4003,4.2884
4004,4.2884
4005,4.2882
4006,4.2882
4007,4.2882
4008,4.288
4009,4.288
4010,4.288
4011,4.2879
4012,4.2879
4013,4.2879
4014,4.2879
4015,4.2877
4016,4.2877
4017,4.2877
4018,4.2876
4019,4.2876
4020,4.2876
4021,4.2874
4022,4.2874
4023,4.2874
4024,4.2874
4025,4.2872
4026,4.2872
4027,4.2872
4028,4.2872
4029,4.2871
4030,4.2871
4031,4.2871
4032,4.2869
4033,4.2869
4034,4.2869
4035,4.2869
4036,4.2869
4037,4.2868
4038,4.2868
4039,4.2868
4040,4.2868
4041,4.2866
4042,4.2866
4043,4.2866
4044,4.2866
4045,4.2864
4046,4.2864
4047,4.2864
4048,4.2864
4049,4.2863
4050,4.2863
4051,4.2863
4052,4.2863
4053,4.2861
4054,4.2861
4055,4.2861
4056,4.2861
4057,4.2861
4058,4.286
4059,4.286
4060,4.286
4061,4.286
4062,4.286
4063,4.2858
4064,4.2858
4065,4.2858
4066,4.2858
4067,4.2858
4068,4.2858
4069,4.2857
4070,4.2857
4071,4.2857
4072,4.2857
4073,4.2855
4074,4.2855
4075,4.2855
4076,4.2855
4077,4.2855
4078,4.2855
4079,4.2853
4080,4.2853
4081,4.2853
4082,4.2853
4083,4.2853
4084,4.2852
4085,4.2852
4086,4.2852
4087,4.2852
4088,4.2852
4089,4.285
4090,4.285
4091,4.285
4092,4.285
4093,4.285
4094,4.2849
4095,4.2849
4096,4.2849
4097,4.2849
4098,4.2849
4099,4.2849
4100,4.2849
4101,4.2847
4102,4.2847
4103,4.2847
4104,4.2847
4105,4.2847
4106,4.2847
4107,4.2845
4108,4.2845
4109,4.2845
4110,4.2845
4111,4.2845
4112,4.2845
4113,4.2845
4114,4.2844
4115,4.2844
4116,4.2844
4117,4.2844
4118,4.2844
4119,4.2844
4120,4.2842
4121,4.2842
4122,4.2842
4123,4.2842
4124,4.2842
4125,4.2842
4126,4.2841
4127,4.2841
4128,4.2841
4129,4.2841
4130,4.2788
4131,4.2745
4132,4.2723
4133,4.2704
4134,4.2687
4135,4.2671
4136,4.2656
4137,4.2642
4138,4.2628
4139,4.2615
4140,4.2602
4141,4.259
4142,4.2577
4143,4.2564
4144,4.2553
4145,4.2542
4146,4.2529
4147,4.2518
4148,4.2507
4149,4.2498
4150,4.2486
4151,4.2475
4152,4.2464
4153,4.2455
4154,4.2443
4155,4.2434
4156,4.2424
4157,4.2413
4158,4.2404
4159,4.2394
4160,4.2385
4161,4.2375
4162,4.2366
4163,4.2356
4164,4.2347
4165,4.2337
4166,4.2329
4167,4.232
4168,4.2312
4169,4.2302
4170,4.2294
4171,4.2285
4172,4.2277
4173,4.2267
4174,4.2259
4175,4.2251
4176,4.2243
4177,4.2235
4178,4.2227
4179,4.2219
4180,4.2212
4181,4.2204
4182,4.2196
4183,4.2188
4184,4.218
4185,4.2172
4186,4.2165
4187,4.2158
4188,4.2151
4189,4.2143
4190,4.2137
4191,4.2129
4192,4.2123
4193,4.2115
4194,4.2108
4195,4.2102
4196,4.2094
4197,4.2088
4198,4.2081
4199,4.2075
4200,4.2069
4201,4.2062
4202,4.2056
4203,4.205
4204,4.2043
4205,4.2037
4206,4.203
4207,4.2026
4208,4.2019
4209,4.2013
4210,4.2008
4211,4.2002
4212,4.1996
4213,4.1991
4214,4.1984
4215,4.198
4216,4.1973
4217,4.1968
4218,4.1962
4219,4.1957
4220,4.1953
4221,4.1948
4222,4.1941
4223,4.1937
4224,4.1932
4225,4.1927
4226,4.1922
4227,4.1918
4228,4.1913
4229,4.1908
4230,4.1903
4231,4.1899
4232,4.1894
4233,4.1889
4234,4.1884
4235,4.188
4236,4.1876
4237,4.1872
4238,4.1867
4239,4.1862
4240,4.1859
4241,4.1854
4242,4.1849
4243,4.1846
4244,4.1841
4245,4.1838
4246,4.1833
4247,4.183
4248,4.1826
4249,4.1822
4250,4.1818
4251,4.1814
4252,4.1811
4253,4.1808
4254,4.1803
4255,4.18
4256,4.1797
4257,4.1792
4258,4.1789
4259,4.1786
4260,4.1783
4261,4.1779
4262,4.1776
4263,4.1773
4264,4.177
4265,4.1767
4266,4.1764
4267,4.176
4268,4.1757
4269,4.1754
4270,4.1751
4271,4.1748
4272,4.1745
4273,4.1741
4274,4.1738
4275,4.1737
4276,4.1733
4277,4.173
4278,4.1727
4279,4.1724
4280,4.1722
4281,4.1719
4282,4.1716
4283,4.1713
4284,4.1711
4285,4.1708
4286,4.1706
4287,4.1703
4288,4.17
4289,4.1698
4290,4.1695
4291,4.1694
4292,4.169
4293,4.1689
4294,4.1686
4295,4.1684
4296,4.1681
4297,4.1679
4298,4.1676
4299,4.1675
4300,4.1671
4301,4.167
4302,4.1667
4303,4.1665
4304,4.1663
4305,4.166
4306,4.1659
4307,4.1657
4308,4.1654
4309,4.1652
4310,4.1651
4311,4.1649
4312,4.1646
4313,4.1644
4314,4.1643
4315,4.1641
4316,4.1638
4317,4.1636
4318,4.1635
4319,4.1633
4320,4.1632
4321,4.1629
4322,4.1627
4323,4.1625
4324,4.1624
4325,4.1622
4326,4.1621
4327,4.1619
4328,4.1617
4329,4.1616
4330,4.1614
4331,4.1611
4332,4.1609
4333,4.1608
4334,4.1606
4335,4.1605
4336,4.1603
4337,4.1602
4338,4.16
4339,4.1598
4340,4.1597
4341,4.1595
4342,4.1594
4343,4.1592
4344,4.1592
4345,4.159
4346,4.1589
4347,4.1587
4348,4.1586
4349,4.1584
4350,4.1582
4351,4.1581
4352,4.1579
4353,4.1578
4354,4.1576
4355,4.1576
4356,4.1575
4357,4.1573
4358,4.1571
4359,4.157
4360,4.1568
4361,4.1568
4362,4.1567
4363,4.1565
4364,4.1563
4365,4.1562
4366,4.156
4367,4.156
4368,4.1559
4369,4.1557
4370,4.1555
4371,4.1555
4372,4.1554
4373,4.1552
4374,4.1551
4375,4.1551
4376,4.1549
4377,4.1548
4378,4.1546
4379,4.1546
4380,4.1544
4381,4.1543
4382,4.1543
4383,4.1541
4384,4.154
4385,4.154
4386,4.1538
4387,4.1536
4388,4.1536
4389,4.1535
4390,4.1533
4391,4.1533
4392,4.1532
4393,4.153
4394,4.153
4395,4.1528
4396,4.1527
4397,4.1527
4398,4.1525
4399,4.1524
4400,4.1524
4401,4.1522
4402,4.1522
4403,4.1521
4404,4.1519
4405,4.1519
4406,4.1517
4407,4.1517
4408,4.1516
4409,4.1514
4410,4.1514
4411,4.1513
4412,4.1513
4413,4.1511
4414,4.1509
4415,4.1509
4416,4.1508
4417,4.1508
4418,4.1506
4419,4.1506
4420,4.1505
4421,4.1505
4422,4.1503
4423,4.1501
4424,4.1501
4425,4.15
4426,4.15
4427,4.1498
4428,4.1498
4429,4.1497
4430,4.1497
4431,4.1495
4432,4.1495
4433,4.1494
4434,4.1494
4435,4.1492
4436,4.1492
4437,4.149
4438,4.149
4439,4.1489
4440,4.1489
4441,4.1487
4442,4.1487
4443,4.1486
4444,4.1486
4445,4.1484
4446,4.1484
4447,4.1482
4448,4.1482
4449,4.1481
4450,4.1481
4451,4.1479
4452,4.1479
4453,4.1478
4454,4.1478
4455,4.1476
4456,4.1476
4457,4.1474
4458,4.1474
4459,4.1473
4460,4.1473
4461,4.1471
4462,4.1471
4463,4.147
4464,4.147
4465,4.1468
4466,4.1468
4467,4.1466
4468,4.1466
4469,4.1466
4470,4.1465
4471,4.1465
4472,4.1463
4473,4.1463
4474,4.1462
4475,4.1462
4476,4.146
4477,4.146
4478,4.1459
4479,4.1459
4480,4.1459
4481,4.1457
4482,4.1457
4483,4.1455
4484,4.1455
4485,4.1454
4486,4.1454
4487,4.1452
4488,4.1452
4489,4.1452
4490,4.1451
4491,4.1451
4492,4.1449
4493,4.1449
4494,4.1447
4495,4.1447
4496,4.1446
4497,4.1446
4498,4.1444
4499,4.1444
4500,4.1444
4501,4.1443
4502,4.1443
4503,4.1441
4504,4.1441
4505,4.1439
4506,4.1439
4507,4.1438
4508,4.1438
4509,4.1438
4510,4.1436
4511,4.1436
4512,4.1435
4513,4.1435
4514,4.1433
4515,4.1433
4516,4.1433
4517,4.1432
4518,4.1432
4519,4.143
4520,4.143
4521,4.1428
4522,4.1428
4523,4.1427
4524,4.1427
4525,4.1427
4526,4.1425
4527,4.1425
4528,4.1424
4529,4.1424
4530,4.1422
4531,4.1422
4532,4.1422
4533,4.142
4534,4.142
4535,4.1419
4536,4.1419
4537,4.1417
4538,4.1417
4539,4.1416
4540,4.1416
4541,4.1414
4542,4.1414
4543,4.1414
4544,4.1412
4545,4.1412
4546,4.1411
4547,4.1411
4548,4.1409
4549,4.1409
4550,4.1408
4551,4.1408
4552,4.1406
4553,4.1406
4554,4.1405
4555,4.1405
4556,4.1405
4557,4.1403
4558,4.1403
4559,4.1401
4560,4.1401
4561,4.14
4562,4.14
4563,4.1398
4564,4.1398
4565,4.1397
4566,4.1397
4567,4.1395
4568,4.1395
4569,4.1393
4570,4.1393
4571,4.1392
4572,4.1392
4573,4.1392
4574,4.139
4575,4.1389
4576,4.1389
4577,4.1387
4578,4.1387
4579,4.1385
4580,4.1385
4581,4.1385
4582,4.1384
4583,4.1382
4584,4.1382
4585,4.1381
4586,4.1381
4587,4.1379
4588,4.1379
4589,4.1378
4590,4.1378
4591,4.1376
4592,4.1376
4593,4.1374
4594,4.1374
4595,4.1373
4596,4.1373
4597,4.1371
4598,4.1371
4599,4.137
4600,4.1368
4601,4.1368
4602,4.1366
4603,4.1366
4604,4.1365
4605,4.1365
4606,4.1363
4607,4.1362
4608,4.1362
4609,4.136
4610,4.136
4611,4.1358
4612,4.1357
4613,4.1357
4614,4.1355
4615,4.1355
4616,4.1354
4617,4.1352
4618,4.1352
4619,4.1351
4620,4.1351
4621,4.1349
4622,4.1347
4623,4.1347
4624,4.1346
4625,4.1344
4626,4.1344
4627,4.1343
4628,4.1341
4629,4.1341
4630,4.1339
4631,4.1339
4632,4.1338
4633,4.1336
4634,4.1335
4635,4.1335
4636,4.1333
4637,4.1331
4638,4.1331
4639,4.133
4640,4.1328
4641,4.1327
4642,4.1327
4643,4.1325
4644,4.1324
4645,4.1324
4646,4.1322
4647,4.132
4648,4.1319
4649,4.1319
4650,4.1317
4651,4.1316
4652,4.1316
4653,4.1314
4654,4.1312
4655,4.1311
4656,4.1309
4657,4.1309
4658,4.1308
4659,4.1306
4660,4.1304
4661,4.1303
4662,4.1301
4663,4.1301
4664,4.13
4665,4.1298
4666,4.1297
4667,4.1295
4668,4.1293
4669,4.1293
4670,4.1292
4671,4.129
4672,4.1289
4673,4.1287
4674,4.1285
4675,4.1284
4676,4.1284
4677,4.1281
4678,4.1281
4679,4.1279
4680,4.1277
4681,4.1276
4682,4.1274
4683,4.1273
4684,4.1271
4685,4.127
4686,4.1268
4687,4.1266
4688,4.1265
4689,4.1263
4690,4.1262
4691,4.126
4692,4.1258
4693,4.1257
4694,4.1255
4695,4.1254
4696,4.1252
4697,4.125
4698,4.1249
4699,4.1247
4700,4.1246
4701,4.1244
4702,4.1242
4703,4.1241
4704,4.1239
4705,4.1238
4706,4.1236
4707,4.1235
4708,4.1233
4709,4.1231
4710,4.123
4711,4.1227
4712,4.1225
4713,4.1223
4714,4.1222
4715,4.122
4716,4.1219
4717,4.1215
4718,4.1214
4719,4.1212
4720,4.1211
4721,4.1209
4722,4.1208
4723,4.1204
4724,4.1203
4725,4.1201
4726,4.12
4727,4.1198
4728,4.1195
4729,4.1193
4730,4.1192
4731,4.119
4732,4.1187
4733,4.1185
4734,4.1184
4735,4.1182
4736,4.1179
4737,4.1177
4738,4.1176
4739,4.1173
4740,4.1171
4741,4.1169
4742,4.1168
4743,4.1165
4744,4.1163
4745,4.1161
4746,4.1158
4747,4.1157
4748,4.1155
4749,4.1152
4750,4.115
4751,4.1149
4752,4.1146
4753,4.1144
4754,4.1141
4755,4.1139
4756,4.1138
4757,4.1134
4758,4.1133
4759,4.113
4760,4.1128
4761,4.1127
4762,4.1123
4763,4.1122
4764,4.1119
4765,4.1117
4766,4.1114
4767,4.1112
4768,4.1109
4769,4.1107
4770,4.1104
4771,4.1103
4772,4.11
4773,4.1098
4774,4.1096
4775,4.1093
4776,4.109
4777,4.1088
4778,4.1085
4779,4.1084
4780,4.108
4781,4.1079
4782,4.1076
4783,4.1074
4784,4.1071
4785,4.1069
4786,4.1066
4787,4.1063
4788,4.1061
4789,4.1058
4790,4.1057
4791,4.1053
4792,4.105
4793,4.1049
4794,4.1046
4795,4.1044
4796,4.1041
4797,4.1038
4798,4.1036
4799,4.1033
4800,4.103
4801,4.1028
4802,4.1025
4803,4.1022
4804,4.102
4805,4.1017
4806,4.1014
4807,4.1012
4808,4.1009
4809,4.1006
4810,4.1004
4811,4.1001
4812,4.0998
4813,4.0995
4814,4.0993
4815,4.099
4816,4.0987
4817,4.0984
4818,4.0982
4819,4.0979
4820,4.0976
4821,4.0972
4822,4.0971
4823,4.0968
4824,4.0964
4825,4.0961
4826,4.096
4827,4.0957
4828,4.0953
4829,4.095
4830,4.0947
4831,4.0945
4832,4.0942
4833,4.0939
4834,4.0936
4835,4.0933
4836,4.0931
4837,4.0928
4838,4.0925
4839,4.0922
4840,4.0918
4841,4.0915
4842,4.0912
4843,4.091
4844,4.0907
4845,4.0904
4846,4.0901
4847,4.0898
4848,4.0895
4849,4.0891
4850,4.089
4851,4.0887
4852,4.0883
4853,4.088
4854,4.0877
4855,4.0874
4856,4.0871
4857,4.0868
4858,4.0864
4859,4.0861
4860,4.086
4861,4.0856
4862,4.0853
4863,4.085
4864,4.0847
4865,4.0844
4866,4.0844
4867,4.0841
4868,4.0841
4869,4.0837
4870,4.0837
4871,4.0834
4872,4.0834
4873,4.0831
4874,4.0831
4875,4.0828
4876,4.0828
4877,4.0825
4878,4.0825
4879,4.0822
4880,4.0822
4881,4.0818
4882,4.0818
4883,4.0815
4884,4.0815
4885,4.0812
4886,4.0812
4887,4.0809
4888,4.0809
4889,4.0806
4890,4.0806
4891,4.0804
4892,4.0804
4893,4.0799
4894,4.0799
4895,4.0798
4896,4.0798
4897,4.0795
4898,4.0795
4899,4.0791
4900,4.0791
4901,4.0788
4902,4.0788
4903,4.0785
4904,4.0785
4905,4.0782
4906,4.0782
4907,4.0779
4908,4.0775
4909,4.0772
4910,4.0769
4911,4.0766
4912,4.0763
4913,4.076
4914,4.0756
4915,4.0753
4916,4.075
4917,4.0747
4918,4.0744
4919,4.0741
4920,4.0737
4921,4.0734
4922,4.0731
4923,4.0728
4924,4.0725
4925,4.0721
4926,4.0718
4927,4.0715
4928,4.0712
4929,4.0709
4930,4.0706
4931,4.0702
4932,4.0699
4933,4.0696
4934,4.0693
4935,4.069
4936,4.0686
4937,4.0683
4938,4.068
4939,4.0677
4940,4.0674
4941,4.0671
4942,4.0667
4943,4.0664
4944,4.0661
4945,4.0658
4946,4.0655
4947,4.0652
4948,4.0648
4949,4.0645
4950,4.0642
4951,4.0639
4952,4.0636
4953,4.0632
4954,4.0629
4955,4.0626
4956,4.0623
4957,4.062
4958,4.0617
4959,4.0613
4960,4.061
4961,4.0607
4962,4.0604
4963,4.0601
4964,4.0598
4965,4.0594
4966,4.0591
4967,4.059
4968,4.0586
4969,4.0583
4970,4.058
4971,4.0577
4972,4.0574
4973,4.0571
4974,4.0567
4975,4.0564
4976,4.0561
4977,4.0558
4978,4.0555
4979,4.0551
4980,4.0548
4981,4.0545
4982,4.0544
4983,4.054
4984,4.0537
4985,4.0534
4986,4.0531
4987,4.0528
4988,4.0524
4989,4.0521
4990,4.0518
4991,4.0515
4992,4.0513
4993,4.051
4994,4.0507
4995,4.0504
4996,4.0501
4997,4.0497
4998,4.0494
4999,4.0493
5000,4.049
5001,4.0486
5002,4.0483
5003,4.048
5004,4.0477
5005,4.0475
5006,4.0472
5007,4.0469
5008,4.0466
5009,4.0462
5010,4.0461
5011,4.0458
5012,4.0455
5013,4.0451
5014,4.0448
5015,4.0447
5016,4.0443
5017,4.044
5018,4.0437
5019,4.0435
5020,4.0432
5021,4.0429
5022,4.0426
5023,4.0424
5024,4.0421
5025,4.0418
5026,4.0416
5027,4.0413
5028,4.041
5029,4.0407
5030,4.0405
5031,4.0402
5032,4.0399
5033,4.0397
5034,4.0394
5035,4.0391
5036,4.0389
5037,4.0386
5038,4.0383
5039,4.0381
5040,4.0378
5041,4.0375
5042,4.0374
5043,4.037
5044,4.0369
5045,4.0366
5046,4.0362
5047,4.0361
5048,4.0358
5049,4.0356
5050,4.0353
5051,4.035
5052,4.0348
5053,4.0345
5054,4.0343
5055,4.034
5056,4.0339
5057,4.0335
5058,4.0334
5059,4.0331
5060,4.0329
5061,4.0326
5062,4.0324
5063,4.0321
5064,4.032
5065,4.0316
5066,4.0315
5067,4.0312
5068,4.031
5069,4.0307
5070,4.0305
5071,4.0302
5072,4.03
5073,4.0297
5074,4.0296
5075,4.0293
5076,4.0291
5077,4.0289
5078,4.0286
5079,4.0285
5080,4.0283
5081,4.028
5082,4.0278
5083,4.0275
5084,4.0273
5085,4.0272
5086,4.0269
5087,4.0267
5088,4.0264
5089,4.0262
5090,4.0261
5091,4.0258
5092,4.0256
5093,4.0254
5094,4.0251
5095,4.025
5096,4.0248
5097,4.0246
5098,4.0243
5099,4.0242
5100,4.024
5101,4.0237
5102,4.0235
5103,4.0234
5104,4.0231
5105,4.0229
5106,4.0227
5107,4.0226
5108,4.0223
5109,4.0221
5110,4.0219
5111,4.0218
5112,4.0215
5113,4.0213
5114,4.0211
5115,4.021
5116,4.0208
5117,4.0205
5118,4.0204
5119,4.0202
5120,4.02
5121,4.0199
5122,4.0196
5123,4.0194
5124,4.0192
5125,4.0191
5126,4.0189
5127,4.0186
5128,4.0184
5129,4.0183
5130,4.0181
5131,4.018
5132,4.0178
5133,4.0177
5134,4.0173
5135,4.0172
5136,4.017
5137,4.0169
5138,4.0167
5139,4.0165
5140,4.0164
5141,4.0161
5142,4.0159
5143,4.0157
5144,4.0156
5145,4.0154
5146,4.0153
5147,4.0151
5148,4.015
5149,4.0148
5150,4.0146
5151,4.0143
5152,4.0142
5153,4.014
5154,4.0138
5155,4.0137
5156,4.0135
5157,4.0134
5158,4.0132
5159,4.013
5160,4.0129
5161,4.0127
5162,4.0126
5163,4.0124
5164,4.0123
5165,4.0121
5166,4.0118
5167,4.0116
5168,4.0116
5169,4.0115
5170,4.0111
5171,4.011
5172,4.0108
5173,4.0107
5174,4.0105
5175,4.0103
5176,4.0102
5177,4.01
5178,4.0099
5179,4.0097
5180,4.0096
5181,4.0094
5182,4.0092
5183,4.0091
5184,4.0089
5185,4.0088
5186,4.0086
5187,4.0084
5188,4.0083
5189,4.0081
5190,4.008
5191,4.0078
5192,4.0076
5193,4.0075
5194,4.0073
5195,4.0072
5196,4.007
5197,4.0069
5198,4.0067
5199,4.0065
5200,4.0064
5201,4.0062
5202,4.0061
5203,4.0059
5204,4.0057
5205,4.0056
5206,4.0054
5207,4.0053
5208,4.0051
5209,4.0049
5210,4.0048
5211,4.0046
5212,4.0045
5213,4.0043
5214,4.0042
5215,4.004
5216,4.0038
5217,4.0037
5218,4.0035
5219,4.0034
5220,4.0032
5221,4.003
5222,4.0029
5223,4.0027
5224,4.0026
5225,4.0024
5226,4.0022
5227,4.0021
5228,4.0019
5229,4.0018
5230,4.0016
5231,4.0015
5232,4.0013
5233,4.0011
5234,4.001
5235,4.0007
5236,4.0005
5237,4.0003
5238,4.0002
5239,4.0
5240,3.9999
5241,3.9997
5242,3.9995
5243,3.9994
5244,3.9992
5245,3.9991
5246,3.9989
5247,3.9988
5248,3.9986
5249,3.9984
5250,3.9983
5251,3.9981
5252,3.998
5253,3.9978
5254,3.9976
5255,3.9975
5256,3.9973
5257,3.997
5258,3.9968
5259,3.9967
5260,3.9965
5261,3.9964
5262,3.9962
5263,3.996
5264,3.9959
5265,3.9957
5266,3.9956
5267,3.9954
5268,3.9951
5269,3.9949
5270,3.9948
5271,3.9946
5272,3.9945
5273,3.9943
5274,3.9941
5275,3.994
5276,3.9938
5277,3.9935
5278,3.9933
5279,3.9932
5280,3.993
5281,3.9929
5282,3.9927
5283,3.9926
5284,3.9922
5285,3.9921
5286,3.9919
5287,3.9918
5288,3.9916
5289,3.9914
5290,3.9911
5291,3.991
5292,3.9908
5293,3.9906
5294,3.9905
5295,3.9903
5296,3.99
5297,3.9899
5298,3.9897
5299,3.9895
5300,3.9894
5301,3.9891
5302,3.9889
5303,3.9887
5304,3.9886
5305,3.9884
5306,3.9881
5307,3.9879
5308,3.9878
5309,3.9875
5310,3.9873
5311,3.9872
5312,3.987
5313,3.9867
5314,3.9865
5315,3.9864
5316,3.9862
5317,3.9859
5318,3.9857
5319,3.9856
5320,3.9852
5321,3.9851
5322,3.9849
5323,3.9848
5324,3.9845
5325,3.9843
5326,3.9841
5327,3.9838
5328,3.9837
5329,3.9835
5330,3.9832
5331,3.983
5332,3.9829
5333,3.9825
5334,3.9824
5335,3.9822
5336,3.9819
5337,3.9818
5338,3.9816
5339,3.9813
5340,3.9811
5341,3.9808
5342,3.9806
5343,3.9805
5344,3.9802
5345,3.98
5346,3.9797
5347,3.9795
5348,3.9794
5349,3.9791
5350,3.9789
5351,3.9786
5352,3.9784
5353,3.9781
5354,3.9779
5355,3.9776
5356,3.9775
5357,3.9773
5358,3.977
5359,3.9768
5360,3.9765
5361,3.9764
5362,3.976
5363,3.9759
5364,3.9756
5365,3.9754
5366,3.9751
5367,3.9749
5368,3.9746
5369,3.9744
5370,3.9741
5371,3.974
5372,3.9736
5373,3.9735
5374,3.9732
5375,3.973
5376,3.9727
5377,3.9725
5378,3.9722
5379,3.9719
5380,3.9717
5381,3.9714
5382,3.9713
5383,3.9709
5384,3.9708
5385,3.9705
5386,3.9702
5387,3.97
5388,3.9697
5389,3.9695
5390,3.9692
5391,3.969
5392,3.9687
5393,3.9684
5394,3.9682
5395,3.9679
5396,3.9676
5397,3.9675
5398,3.9671
5399,3.967
5400,3.9667
5401,3.9663
5402,3.9662
5403,3.9659
5404,3.9655
5405,3.9654
5406,3.9651
5407,3.9648
5408,3.9646
5409,3.9643
5410,3.964
5411,3.9638
5412,3.9635
5413,3.9632
5414,3.963
5415,3.9627
5416,3.9624
5417,3.9622
5418,3.9619
5419,3.9616
5420,3.9613
5421,3.9611
5422,3.9608
5423,3.9605
5424,3.9603
5425,3.96
5426,3.9597
5427,3.9594
5428,3.9592
5429,3.9589
5430,3.9586
5431,3.9582
5432,3.9581
5433,3.9578
5434,3.9574
5435,3.9571
5436,3.957
5437,3.9567
5438,3.9563
5439,3.9562
5440,3.9559
5441,3.9555
5442,3.9552
5443,3.9549
5444,3.9547
5445,3.9544
5446,3.9541
5447,3.9538
5448,3.9536
5449,3.9533
5450,3.953
5451,3.9527
5452,3.9525
5453,3.9522
5454,3.9519
5455,3.9516
5456,3.9514
5457,3.9511
5458,3.9508
5459,3.9505
5460,3.9501
5461,3.95
5462,3.9497
5463,3.9493
5464,3.949
5465,3.9487
5466,3.9486
5467,3.9482
5468,3.9479
5469,3.9476
5470,3.9474
5471,3.9471
5472,3.9468
5473,3.9465
5474,3.9462
5475,3.946
5476,3.9457
5477,3.9454
5478,3.9451
5479,3.9449
5480,3.9446
5481,3.9443
5482,3.9439
5483,3.9436
5484,3.9433
5485,3.9431
5486,3.9428
5487,3.9425
5488,3.9422
5489,3.942
5490,3.9417
5491,3.9414
5492,3.9411
5493,3.9408
5494,3.9406
5495,3.9403
5496,3.94
5497,3.9397
5498,3.9393
5499,3.9392
5500,3.9389
5501,3.9385
5502,3.9382
5503,3.9379
5504,3.9377
5505,3.9374
5506,3.9371
5507,3.9368
5508,3.9366
5509,3.9363
5510,3.936
5511,3.9357
5512,3.9355
5513,3.9352
5514,3.9349
5515,3.9346
5516,3.9344
5517,3.9341
5518,3.9338
5519,3.9335
5520,3.9333
5521,3.933
5522,3.9327
5523,3.9323
5524,3.9322
5525,3.9319
5526,3.9316
5527,3.9312
5528,3.9311
5529,3.9308
5530,3.9304
5531,3.9301
5532,3.93
5533,3.9296
5534,3.9293
5535,3.929
5536,3.9289
5537,3.9285
5538,3.9282
5539,3.9281
5540,3.9277
5541,3.9274
5542,3.9271
5543,3.9269
5544,3.9266
5545,3.9263
5546,3.9262
5547,3.9258
5548,3.9255
5549,3.9252
5550,3.925
5551,3.9247
5552,3.9244
5553,3.9242
5554,3.9239
5555,3.9236
5556,3.9235
5557,3.9231
5558,3.9228
5559,3.9227
5560,3.9223
5561,3.922
5562,3.9219
5563,3.9215
5564,3.9212
5565,3.9211
5566,3.9207
5567,3.9204
5568,3.9203
5569,3.92
5570,3.9196
5571,3.9195
5572,3.9192
5573,3.919
5574,3.9187
5575,3.9184
5576,3.9182
5577,3.9179
5578,3.9176
5579,3.9174
5580,3.9171
5581,3.9169
5582,3.9166
5583,3.9163
5584,3.9161
5585,3.9158
5586,3.9155
5587,3.9153
5588,3.915
5589,3.9149
5590,3.9146
5591,3.9142
5592,3.9141
5593,3.9138
5594,3.9136
5595,3.9133
5596,3.9131
5597,3.9128
5598,3.9125
5599,3.9123
5600,3.912
5601,3.9119
5602,3.9115
5603,3.9114
5604,3.9111
5605,3.9107
5606,3.9106
5607,3.9103
5608,3.9101
5609,3.9098
5610,3.9096
5611,3.9093
5612,3.909
5613,3.9088
5614,3.9085
5615,3.9084
5616,3.908
5617,3.9079
5618,3.9076
5619,3.9074
5620,3.9071
5621,3.9069
5622,3.9066
5623,3.9065
5624,3.9061
5625,3.906
5626,3.9057
5627,3.9053
5628,3.9052
5629,3.9049
5630,3.9047
5631,3.9044
5632,3.9042
5633,3.9039
5634,3.9038
5635,3.9034
5636,3.9033
5637,3.903
5638,3.9028
5639,3.9025
5640,3.9023
5641,3.902
5642,3.9018
5643,3.9015
5644,3.9014
5645,3.9011
5646,3.9009
5647,3.9007
5648,3.9004
5649,3.9003
5650,3.8999
5651,3.8998
5652,3.8995
5653,3.8993
5654,3.899
5655,3.8988
5656,3.8985
5657,3.8984
5658,3.898
5659,3.8979
5660,3.8976
5661,3.8974
5662,3.8971
5663,3.8969
5664,3.8966
5665,3.8964
5666,3.8963
5667,3.896
5668,3.8958
5669,3.8955
5670,3.8953
5671,3.895
5672,3.8949
5673,3.8945
5674,3.8944
5675,3.8941
5676,3.8939
5677,3.8936
5678,3.8934
5679,3.8933
5680,3.8929
5681,3.8928
5682,3.8925
5683,3.8923
5684,3.892
5685,3.8918
5686,3.8915
5687,3.8914
5688,3.891
5689,3.8909
5690,3.8907
5691,3.8904
5692,3.8902
5693,3.8899
5694,3.8898
5695,3.8895
5696,3.8893
5697,3.889
5698,3.8888
5699,3.8887
5700,3.8883
5701,3.8882
5702,3.8879
5703,3.8877
5704,3.8874
5705,3.8872
5706,3.8869
5707,3.8868
5708,3.8866
5709,3.8863
5710,3.8861
5711,3.8858
5712,3.8856
5713,3.8853
5714,3.8852
5715,3.8848
5716,3.8847
5717,3.8845
5718,3.8842
5719,3.8841
5720,3.8837
5721,3.8836
5722,3.8833
5723,3.8831
5724,3.8828
5725,3.8826
5726,3.8823
5727,3.8821
5728,3.882
5729,3.8817
5730,3.8815
5731,3.8812
5732,3.881
5733,3.8807
5734,3.8806
5735,3.8802
5736,3.8801
5737,3.8798
5738,3.8796
5739,3.8793
5740,3.8791
5741,3.8788
5742,3.8787
5743,3.8785
5744,3.8782
5745,3.878
5746,3.8777
5747,3.8775
5748,3.8772
5749,3.8771
5750,3.8767
5751,3.8766
5752,3.8763
5753,3.8761
5754,3.8758
5755,3.8756
5756,3.8753
5757,3.8752
5758,3.8748
5759,3.8747
5760,3.8745
5761,3.8742
5762,3.874
5763,3.8737
5764,3.8736
5765,3.8733
5766,3.8731
5767,3.8728
5768,3.8726
5769,3.8723
5770,3.8721
5771,3.8718
5772,3.8717
5773,3.8713
5774,3.8712
5775,3.8709
5776,3.8707
5777,3.8704
5778,3.8702
5779,3.8699
5780,3.8698
5781,3.8694
5782,3.8693
5783,3.869
5784,3.8688
5785,3.8685
5786,3.8683
5787,3.868
5788,3.8678
5789,3.8675
5790,3.8672
5791,3.8671
5792,3.8669
5793,3.8666
5794,3.8663
5795,3.8661
5796,3.8658
5797,3.8656
5798,3.8653
5799,3.8651
5800,3.8648
5801,3.8647
5802,3.8644
5803,3.8642
5804,3.8639
5805,3.8637
5806,3.8634
5807,3.8632
5808,3.8629
5809,3.8626
5810,3.8624
5811,3.8621
5812,3.862
5813,3.8617
5814,3.8615
5815,3.8612
5816,3.861
5817,3.8607
5818,3.8604
5819,3.8602
5820,3.8599
5821,3.8597
5822,3.8594
5823,3.8593
5824,3.859
5825,3.8588
5826,3.8585
5827,3.8583
5828,3.858
5829,3.8577
5830,3.8575
5831,3.8572
5832,3.857
5833,3.8567
5834,3.8566
5835,3.8563
5836,3.8559
5837,3.8558
5838,3.8555
5839,3.8553
5840,3.855
5841,3.8548
5842,3.8545
5843,3.8542
5844,3.854
5845,3.8537
5846,3.8536
5847,3.8532
5848,3.8531
5849,3.8528
5850,3.8524
5851,3.8523
5852,3.852
5853,3.8518
5854,3.8515
5855,3.8513
5856,3.851
5857,3.8507
5858,3.8505
5859,3.8502
5860,3.8501
5861,3.8497
5862,3.8494
5863,3.8493
5864,3.8489
5865,3.8488
5866,3.8485
5867,3.8483
5868,3.848
5869,3.8477
5870,3.8475
5871,3.8472
5872,3.847
5873,3.8467
5874,3.8464
5875,3.8462
5876,3.8459
5877,3.8458
5878,3.8454
5879,3.8453
5880,3.845
5881,3.8447
5882,3.8445
5883,3.8442
5884,3.844
5885,3.8437
5886,3.8435
5887,3.8432
5888,3.8429
5889,3.8427
5890,3.8424
5891,3.8423
5892,3.842
5893,3.8416
5894,3.8415
5895,3.8412
5896,3.841
5897,3.8407
5898,3.8405
5899,3.8402
5900,3.8399
5901,3.8397
5902,3.8394
5903,3.8393
5904,3.8389
5905,3.8388
5906,3.8385
5907,3.8383
5908,3.838
5909,3.8377
5910,3.8375
5911,3.8372
5912,3.837
5913,3.8367
5914,3.8366
5915,3.8362
5916,3.8359
5917,3.8358
5918,3.8354
5919,3.8353
5920,3.835
5921,3.8348
5922,3.8345
5923,3.8342
5924,3.834
5925,3.8337
5926,3.8335
5927,3.8332
5928,3.8331
5929,3.8327
5930,3.8326
5931,3.8323
5932,3.8321
5933,3.8318
5934,3.8316
5935,3.8313
5936,3.8312
5937,3.8308
5938,3.8305
5939,3.8304
5940,3.83
5941,3.8299
5942,3.8296
5943,3.8294
5944,3.8291
5945,3.8289
5946,3.8286
5947,3.8285
5948,3.8281
5949,3.828
5950,3.8277
5951,3.8275
5952,3.8272
5953,3.827
5954,3.8267
5955,3.8265
5956,3.8262
5957,3.8259
5958,3.8258
5959,3.8254
5960,3.8253
5961,3.825
5962,3.8248
5963,3.8246
5964,3.8243
5965,3.8242
5966,3.8238
5967,3.8235
5968,3.8234
5969,3.8232
5970,3.8229
5971,3.8227
5972,3.8224
5973,3.8223
5974,3.8219
5975,3.8218
5976,3.8215
5977,3.8213
5978,3.821
5979,3.8208
5980,3.8205
5981,3.8203
5982,3.82
5983,3.8199
5984,3.8196
5985,3.8194
5986,3.8192
5987,3.8189
5988,3.8188
5989,3.8184
5990,3.8183
5991,3.818
5992,3.8178
5993,3.8175
5994,3.8173
5995,3.817
5996,3.8169
5997,3.8167
5998,3.8164
5999,3.8162
6000,3.8159
6001,3.8157
6002,3.8154
6003,3.8153
6004,3.8149
6005,3.8148
6006,3.8146
6007,3.8143
6008,3.8142
6009,3.8138
6010,3.8137
6011,3.8134
6012,3.8132
6013,3.813
6014,3.8127
6015,3.8126
6016,3.8124
6017,3.8121
6018,3.8119
6019,3.8116
6020,3.8115
6021,3.8113
6022,3.811
6023,3.8108
6024,3.8105
6025,3.8103
6026,3.8102
6027,3.8099
6028,3.8097
6029,3.8095
6030,3.8092
6031,3.8091
6032,3.8088
6033,3.8086
6034,3.8083
6035,3.8081
6036,3.808
6037,3.8076
6038,3.8075
6039,3.8073
6040,3.807
6041,3.8068
6042,3.8067
6043,3.8064
6044,3.8062
6045,3.8061
6046,3.8057
6047,3.8056
6048,3.8053
6049,3.8051
6050,3.8049
6051,3.8046
6052,3.8045
6053,3.8043
6054,3.804
6055,3.8038
6056,3.8037
6057,3.8034
6058,3.8032
6059,3.803
6060,3.8027
6061,3.8026
6062,3.8024
6063,3.8021
6064,3.8019
6065,3.8018
6066,3.8014
6067,3.8013
6068,3.8011
6069,3.8008
6070,3.8007
6071,3.8005
6072,3.8003
6073,3.8
6074,3.7999
6075,3.7997
6076,3.7994
6077,3.7992
6078,3.7991
6079,3.7987
6080,3.7986
6081,3.7984
6082,3.7981
6083,3.7979
6084,3.7978
6085,3.7976
6086,3.7973
6087,3.7972
6088,3.797
6089,3.7968
6090,3.7965
6091,3.7964
6092,3.7962
6093,3.7959
6094,3.7957
6095,3.7956
6096,3.7952
6097,3.7951
6098,3.7949
6099,3.7948
6100,3.7945
6101,3.7943
6102,3.7941
6103,3.794
6104,3.7937
6105,3.7935
6106,3.7933
6107,3.793
6108,3.7929
6109,3.7927
6110,3.7925
6111,3.7924
6112,3.7921
6113,3.7919
6114,3.7918
6115,3.7914
6116,3.7913
6117,3.7911
6118,3.791
6119,3.7906
6120,3.7905
6121,3.7903
6122,3.7902
6123,3.79
6124,3.7897
6125,3.7895
6126,3.7894
6127,3.7892
6128,3.7889
6129,3.7887
6130,3.7886
6131,3.7884
6132,3.7881
6133,3.7879
6134,3.7878
6135,3.7876
6136,3.7875
6137,3.7871
6138,3.787
6139,3.7868
6140,3.7867
6141,3.7864
6142,3.7862
6143,3.786
6144,3.7859
6145,3.7857
6146,3.7854
6147,3.7852
6148,3.7851
6149,3.7849
6150,3.7848
6151,3.7844
6152,3.7843
6153,3.7841
6154,3.784
6155,3.7838
6156,3.7835
6157,3.7833
6158,3.7832
6159,3.783
6160,3.7829
6161,3.7825
6162,3.7824
6163,3.7822
6164,3.7821
6165,3.7819
6166,3.7816
6167,3.7814
6168,3.7813
6169,3.7811
6170,3.781
6171,3.7808
6172,3.7805
6173,3.7803
6174,3.7802
6175,3.78
6176,3.7798
6177,3.7795
6178,3.7794
6179,3.7792
6180,3.779
6181,3.7789
6182,3.7787
6183,3.7784
6184,3.7783
6185,3.7781
6186,3.7779
6187,3.7778
6188,3.7776
6189,3.7773
6190,3.7771
6191,3.777
6192,3.7768
6193,3.7767
6194,3.7765
6195,3.7762
6196,3.776
6197,3.7759
6198,3.7757
6199,3.7756
6200,3.7754
6201,3.7751
6202,3.7749
6203,3.7748
6204,3.7746
6205,3.7744
6206,3.7743
6207,3.7741
6208,3.7738
6209,3.7736
6210,3.7735
6211,3.7733
6212,3.7732
6213,3.773
6214,3.7727
6215,3.7725
6216,3.7724
6217,3.7722
6218,3.7721
6219,3.7719
6220,3.7717
6221,3.7716
6222,3.7713
6223,3.7711
6224,3.7709
6225,3.7708
6226,3.7706
6227,3.7705
6228,3.7701
6229,3.77
6230,3.7698
6231,3.7697
6232,3.7695
6233,3.7694
6234,3.7692
6235,3.7689
6236,3.7687
6237,3.7686
6238,3.7684
6239,3.7682
6240,3.7681
6241,3.7679
6242,3.7678
6243,3.7676
6244,3.7673
6245,3.7671
6246,3.767
6247,3.7668
6248,3.7667
6249,3.7665
6250,3.7663
6251,3.766
6252,3.7659
6253,3.7657
6254,3.7655
6255,3.7654
6256,3.7652
6257,3.7651
6258,3.7649
6259,3.7647
6260,3.7644
6261,3.7643
6262,3.7641
6263,3.764
6264,3.7638
6265,3.7636
6266,3.7635
6267,3.7632
6268,3.7632
6269,3.7628
6270,3.7627
6271,3.7625
6272,3.7624
6273,3.7622
6274,3.762
6275,3.7619
6276,3.7617
6277,3.7614
6278,3.7613
6279,3.7611
6280,3.7609
6281,3.7608
6282,3.7606
6283,3.7605
6284,3.7603
6285,3.7601
6286,3.7598
6287,3.7597
6288,3.7595
6289,3.7593
6290,3.7592
6291,3.759
6292,3.7589
6293,3.7587
6294,3.7586
6295,3.7582
6296,3.7581
6297,3.7579
6298,3.7578
6299,3.7576
6300,3.7574
6301,3.7573
6302,3.7571
6303,3.757
6304,3.7566
6305,3.7565
6306,3.7563
6307,3.7562
6308,3.756
6309,3.7559
6310,3.7557
6311,3.7555
6312,3.7554
6313,3.7551
6314,3.7549
6315,3.7547
6316,3.7546
6317,3.7544
6318,3.7543
6319,3.7541
6320,3.7539
6321,3.7538
6322,3.7536
6323,3.7533
6324,3.7532
6325,3.753
6326,3.7528
6327,3.7527
6328,3.7525
6329,3.7524
6330,3.7522
6331,3.752
6332,3.7519
6333,3.7517
6334,3.7514
6335,3.7512
6336,3.7511
6337,3.7509
6338,3.7508
6339,3.7506
6340,3.7505
6341,3.7503
6342,3.7501
6343,3.75
6344,3.7497
6345,3.7495
6346,3.7493
6347,3.7492
6348,3.749
6349,3.7489
6350,3.7487
6351,3.7485
6352,3.7484
6353,3.7482
6354,3.7481
6355,3.7478
6356,3.7476
6357,3.7474
6358,3.7473
6359,3.7471
6360,3.747
6361,3.7468
6362,3.7466
6363,3.7465
6364,3.7462
6365,3.746
6366,3.7458
6367,3.7457
6368,3.7455
6369,3.7454
6370,3.7452
6371,3.745
6372,3.7449
6373,3.7447
6374,3.7446
6375,3.7444
6376,3.7441
6377,3.7439
6378,3.7438
6379,3.7436
6380,3.7435
6381,3.7433
6382,3.7431
6383,3.743
6384,3.7428
6385,3.7427
6386,3.7423
6387,3.7422
6388,3.742
6389,3.7419
6390,3.7417
6391,3.7416
6392,3.7414
6393,3.7412
6394,3.7411
6395,3.7409
6396,3.7406
6397,3.7404
6398,3.7403
6399,3.7401
6400,3.74
6401,3.7398
6402,3.7396
6403,3.7395
6404,3.7393
6405,3.7392
6406,3.739
6407,3.7387
6408,3.7385
6409,3.7384
6410,3.7382
6411,3.7381
6412,3.7379
6413,3.7377
6414,3.7376
6415,3.7374
6416,3.7373
6417,3.7369
6418,3.7368
6419,3.7366
6420,3.7365
6421,3.7363
6422,3.7362
6423,3.736
6424,3.7358
6425,3.7357
6426,3.7355
6427,3.7354
6428,3.735
6429,3.7349
6430,3.7347
6431,3.7346
6432,3.7344
6433,3.7342
6434,3.7341
6435,3.7339
6436,3.7338
6437,3.7335
6438,3.7333
6439,3.7331
6440,3.733
6441,3.7328
6442,3.7327
6443,3.7325
6444,3.7323
6445,3.7322
6446,3.732
6447,3.7317
6448,3.7315
6449,3.7314
6450,3.7312
6451,3.7311
6452,3.7309
6453,3.7308
6454,3.7306
6455,3.7304
6456,3.7303
6457,3.73
6458,3.7298
6459,3.7296
6460,3.7295
6461,3.7293
6462,3.7292
6463,3.729
6464,3.7288
6465,3.7287
6466,3.7285
6467,3.7282
6468,3.7281
6469,3.7279
6470,3.7277
6471,3.7276
6472,3.7274
6473,3.7273
6474,3.7271
6475,3.7269
6476,3.7266
6477,3.7265
6478,3.7263
6479,3.7261
6480,3.726
6481,3.7258
6482,3.7257
6483,3.7255
6484,3.7254
6485,3.725
6486,3.7249
6487,3.7247
6488,3.7246
6489,3.7244
6490,3.7242
6491,3.7241
6492,3.7239
6493,3.7238
6494,3.7234
6495,3.7233
6496,3.7231
6497,3.723
6498,3.7228
6499,3.7227
6500,3.7225
6501,3.7223
6502,3.7222
6503,3.7219
6504,3.7217
6505,3.7215
6506,3.7214
6507,3.7212
6508,3.7211
6509,3.7209
6510,3.7207
6511,3.7206
6512,3.7203
6513,3.7201
6514,3.7199
6515,3.7198
6516,3.7196
6517,3.7195
6518,3.7193
6519,3.7192
6520,3.7188
6521,3.7187
6522,3.7185
6523,3.7184
6524,3.7182
6525,3.718
6526,3.7179
6527,3.7177
6528,3.7174
6529,3.7172
6530,3.7171
6531,3.7169
6532,3.7168
6533,3.7166
6534,3.7165
6535,3.7163
6536,3.7161
6537,3.7158
6538,3.7157
6539,3.7155
6540,3.7153
6541,3.7152
6542,3.715
6543,3.7149
6544,3.7147
6545,3.7144
6546,3.7142
6547,3.7141
6548,3.7139
6549,3.7138
6550,3.7136
6551,3.7134
6552,3.7131
6553,3.713
6554,3.7128
6555,3.7126
6556,3.7125
6557,3.7123
6558,3.7122
6559,3.712
6560,3.7117
6561,3.7115
6562,3.7114
6563,3.7112
6564,3.7111
6565,3.7109
6566,3.7107
6567,3.7106
6568,3.7103
6569,3.7101
6570,3.7099
6571,3.7098
6572,3.7096
6573,3.7095
6574,3.7093
6575,3.7091
6576,3.7088
6577,3.7087
6578,3.7085
6579,3.7084
6580,3.7082
6581,3.708
6582,3.7079
6583,3.7076
6584,3.7074
6585,3.7072
6586,3.7071
6587,3.7069
6588,3.7068
6589,3.7066
6590,3.7063
6591,3.7061
6592,3.706
6593,3.7058
6594,3.7057
6595,3.7055
6596,3.7053
6597,3.705
6598,3.7049
6599,3.7047
6600,3.7045
6601,3.7044
6602,3.7042
6603,3.7041
6604,3.7039
6605,3.7036
6606,3.7034
6607,3.7033
6608,3.7031
6609,3.703
6610,3.7028
6611,3.7026
6612,3.7023
6613,3.7022
6614,3.702
6615,3.7018
6616,3.7017
6617,3.7015
6618,3.7014
6619,3.701
6620,3.7009
6621,3.7007
6622,3.7006
6623,3.7004
6624,3.7003
6625,3.6999
6626,3.6998
6627,3.6996
6628,3.6995
6629,3.6993
6630,3.6991
6631,3.699
6632,3.6987
6633,3.6985
6634,3.6983
6635,3.6982
6636,3.698
6637,3.6979
6638,3.6975
6639,3.6974
6640,3.6972
6641,3.6971
6642,3.6969
6643,3.6968
6644,3.6964
6645,3.6963
6646,3.6961
6647,3.696
6648,3.6958
6649,3.6956
6650,3.6955
6651,3.6953
6652,3.695
6653,3.6948
6654,3.6947
6655,3.6945
6656,3.6944
6657,3.6942
6658,3.6939
6659,3.6937
6660,3.6936
6661,3.6934
6662,3.6933
6663,3.6931
6664,3.6928
6665,3.6926
6666,3.6925
6667,3.6923
6668,3.6921
6669,3.692
6670,3.6918
6671,3.6915
6672,3.6914
6673,3.6912
6674,3.691
6675,3.6909
6676,3.6907
6677,3.6904
6678,3.6902
6679,3.6901
6680,3.6899
6681,3.6898
6682,3.6896
6683,3.6893
6684,3.6891
6685,3.689
6686,3.6888
6687,3.6887
6688,3.6885
6689,3.6882
6690,3.688
6691,3.6879
6692,3.6877
6693,3.6875
6694,3.6874
6695,3.6872
6696,3.6869
6697,3.6867
6698,3.6866
6699,3.6864
6700,3.6863
6701,3.6861
6702,3.6858
6703,3.6856
6704,3.6855
6705,3.6853
6706,3.6852
6707,3.685
6708,3.6847
6709,3.6845
6710,3.6844
6711,3.6842
6712,3.684
6713,3.6839
6714,3.6836
6715,3.6834
6716,3.6833
6717,3.6831
6718,3.6829
6719,3.6828
6720,3.6826
6721,3.6823
6722,3.6821
6723,3.682
6724,3.6818
6725,3.6817
6726,3.6815
6727,3.6812
6728,3.681
6729,3.6809
6730,3.6807
6731,3.6806
6732,3.6804
6733,3.6801
6734,3.6799
6735,3.6798
6736,3.6796
6737,3.6794
6738,3.6793
6739,3.679
6740,3.6788
6741,3.6786
6742,3.6785
6743,3.6783
6744,3.6782
6745,3.6779
6746,3.6777
6747,3.6775
6748,3.6774
6749,3.6772
6750,3.6771
6751,3.6769
6752,3.6766
6753,3.6764
6754,3.6763
6755,3.6761
6756,3.6759
6757,3.6758
6758,3.6755
6759,3.6753
6760,3.6752
6761,3.675
6762,3.6748
6763,3.6747
6764,3.6745
6765,3.6742
6766,3.674
6767,3.6739
6768,3.6737
6769,3.6736
6770,3.6734
6771,3.6731
6772,3.6729
6773,3.6728
6774,3.6726
6775,3.6724
6776,3.6723
6777,3.672
6778,3.6718
6779,3.6717
6780,3.6715
6781,3.6713
6782,3.6712
6783,3.671
6784,3.6707
6785,3.6705
6786,3.6704
6787,3.6702
6788,3.6701
6789,3.6699
6790,3.6697
6791,3.6694
6792,3.6693
6793,3.6691
6794,3.669
6795,3.6688
6796,3.6686
6797,3.6683
6798,3.6682
6799,3.668
6800,3.6678
6801,3.6677
6802,3.6675
6803,3.6674
6804,3.667
6805,3.6669
6806,3.6667
6807,3.6666
6808,3.6664
6809,3.6663
6810,3.6661
6811,3.6659
6812,3.6656
6813,3.6655
6814,3.6653
6815,3.6651
6816,3.665
6817,3.6648
6818,3.6647
6819,3.6643
6820,3.6642
6821,3.664
6822,3.6639
6823,3.6637
6824,3.6636
6825,3.6634
6826,3.6631
6827,3.6629
6828,3.6628
6829,3.6626
6830,3.6624
6831,3.6623
6832,3.6621
6833,3.662
6834,3.6616
6835,3.6615
6836,3.6613
6837,3.6612
6838,3.661
6839,3.6609
6840,3.6607
6841,3.6605
6842,3.6602
6843,3.6601
6844,3.6599
6845,3.6597
6846,3.6596
6847,3.6594
6848,3.6593
6849,3.6591
6850,3.6589
6851,3.6586
6852,3.6585
6853,3.6583
6854,3.6582
6855,3.658
6856,3.6578
6857,3.6577
6858,3.6575
6859,3.6572
6860,3.657
6861,3.6569
6862,3.6567
6863,3.6566
6864,3.6564
6865,3.6562
6866,3.6561
6867,3.6558
6868,3.6556
6869,3.6555
6870,3.6553
6871,3.6551
6872,3.655
6873,3.6548
6874,3.6547
6875,3.6545
6876,3.6543
6877,3.654
6878,3.6539
6879,3.6537
6880,3.6535
6881,3.6534
6882,3.6532
6883,3.6531
6884,3.6529
6885,3.6528
6886,3.6524
6887,3.6523
6888,3.6521
6889,3.652
6890,3.6518
6891,3.6516
6892,3.6515
6893,3.6513
6894,3.6512
6895,3.6508
6896,3.6507
6897,3.6505
6898,3.6504
6899,3.6502
6900,3.6501
6901,3.6499
6902,3.6497
6903,3.6496
6904,3.6494
6905,3.6493
6906,3.6489
6907,3.6488
6908,3.6486
6909,3.6485
6910,3.6483
6911,3.6481
6912,3.648
6913,3.6478
6914,3.6475
6915,3.6473
6916,3.6472
6917,3.647
6918,3.6469
6919,3.6467
6920,3.6466
6921,3.6464
6922,3.6462
6923,3.6459
6924,3.6458
6925,3.6456
6926,3.6454
6927,3.6453
6928,3.6451
6929,3.645
6930,3.6448
6931,3.6446
6932,3.6445
6933,3.6442
6934,3.644
6935,3.6439
6936,3.6437
6937,3.6435
6938,3.6434
6939,3.6432
6940,3.6431
6941,3.6427
6942,3.6426
6943,3.6424
6944,3.6423
6945,3.6421
6946,3.6419
6947,3.6418
6948,3.6416
6949,3.6413
6950,3.6412
6951,3.641
6952,3.6408
6953,3.6407
6954,3.6405
6955,3.6404
6956,3.6402
6957,3.6399
6958,3.6397
6959,3.6396
6960,3.6394
6961,3.6392
6962,3.6391
6963,3.6389
6964,3.6386
6965,3.6385
6966,3.6383
6967,3.6381
6968,3.638
6969,3.6378
6970,3.6377
6971,3.6373
6972,3.6372
6973,3.637
6974,3.6369
6975,3.6367
6976,3.6365
6977,3.6362
6978,3.6361
6979,3.6359
6980,3.6358
6981,3.6356
6982,3.6354
6983,3.6351
6984,3.635
6985,3.6348
6986,3.6346
6987,3.6345
6988,3.6343
6989,3.634
6990,3.6338
6991,3.6337
6992,3.6335
6993,3.6334
6994,3.6331
6995,3.6329
6996,3.6327
6997,3.6326
6998,3.6324
6999,3.6323
7000,3.6319
7001,3.6318
7002,3.6316
7003,3.6315
7004,3.6311
7005,3.631
7006,3.6308
7007,3.6307
7008,3.6305
7009,3.6302
7010,3.63
7011,3.6299
7012,3.6297
7013,3.6294
7014,3.6292
7015,3.6291
7016,3.6289
7017,3.6288
7018,3.6284
7019,3.6283
7020,3.6281
7021,3.628
7022,3.6277
7023,3.6275
7024,3.6273
7025,3.627
7026,3.6269
7027,3.6267
7028,3.6265
7029,3.6262
7030,3.6261
7031,3.6259
7032,3.6257
7033,3.6254
7034,3.6253
7035,3.6251
7036,3.6248
7037,3.6246
7038,3.6245
7039,3.6242
7040,3.624
7041,3.6238
7042,3.6237
7043,3.6234
7044,3.6232
7045,3.623
7046,3.6227
7047,3.6226
7048,3.6224
7049,3.6221
7050,3.6219
7051,3.6216
7052,3.6215
7053,3.6213
7054,3.621
7055,3.6208
7056,3.6207
7057,3.6203
7058,3.6202
7059,3.62
7060,3.6197
7061,3.6195
7062,3.6192
7063,3.6191
7064,3.6189
7065,3.6186
7066,3.6184
7067,3.6181
7068,3.618
7069,3.6176
7070,3.6175
7071,3.6172
7072,3.617
7073,3.6168
7074,3.6165
7075,3.6164
7076,3.6161
7077,3.6159
7078,3.6156
7079,3.6154
7080,3.6151
7081,3.6149
7082,3.6146
7083,3.6145
7084,3.6141
7085,3.614
7086,3.6137
7087,3.6135
7088,3.6132
7089,3.613
7090,3.6127
7091,3.6124
7092,3.6122
7093,3.6119
7094,3.6118
7095,3.6114
7096,3.6113
7097,3.611
7098,3.6108
7099,3.6105
7100,3.6102
7101,3.61
7102,3.6097
7103,3.6094
7104,3.6092
7105,3.6089
7106,3.6086
7107,3.6084
7108,3.6081
7109,3.6078
7110,3.6076
7111,3.6073
7112,3.607
7113,3.6068
7114,3.6065
7115,3.6062
7116,3.606
7117,3.6057
7118,3.6054
7119,3.6051
7120,3.6048
7121,3.6046
7122,3.6043
7123,3.604
7124,3.6037
7125,3.6035
7126,3.6032
7127,3.6029
7128,3.6026
7129,3.6022
7130,3.6019
7131,3.6018
7132,3.6014
7133,3.6011
7134,3.6008
7135,3.6005
7136,3.6002
7137,3.5999
7138,3.5995
7139,3.5992
7140,3.5991
7141,3.5987
7142,3.5984
7143,3.5981
7144,3.5978
7145,3.5975
7146,3.5972
7147,3.5968
7148,3.5964
7149,3.596
7150,3.5957
7151,3.5954
7152,3.5951
7153,3.5948
7154,3.5944
7155,3.5941
7156,3.5938
7157,3.5935
7158,3.5932
7159,3.5929
7160,3.5924
7161,3.5921
7162,3.5917
7163,3.5914
7164,3.5911
7165,3.5906
7166,3.5903
7167,3.59
7168,3.5897
7169,3.5892
7170,3.5889
7171,3.5886
7172,3.5881
7173,3.5878
7174,3.5875
7175,3.587
7176,3.5867
7177,3.5863
7178,3.5859
7179,3.5856
7180,3.5851
7181,3.5848
7182,3.5844
7183,3.584
7184,3.5836
7185,3.5832
7186,3.5829
7187,3.5824
7188,3.5821
7189,3.5816
7190,3.5811
7191,3.5808
7192,3.5803
7193,3.58
7194,3.5795
7195,3.579
7196,3.5787
7197,3.5782
7198,3.5778
7199,3.5775
7200,3.577
7201,3.5765
7202,3.576
7203,3.5757
7204,3.5752
7205,3.5748
7206,3.5744
7207,3.574
7208,3.5735
7209,3.573
7210,3.5725
7211,3.5721
7212,3.5716
7213,3.5711
7214,3.5706
7215,3.5701
7216,3.5698
7217,3.5692
7218,3.5687
7219,3.5682
7220,3.5678
7221,3.5673
7222,3.5668
7223,3.5663
7224,3.5659
7225,3.5654
7226,3.5649
7227,3.5644
7228,3.5639
7229,3.5633
7230,3.5628
7231,3.5624
7232,3.5619
7233,3.5612
7234,3.5608
7235,3.5603
7236,3.5598
7237,3.5592
7238,3.5587
7239,3.5582
7240,3.5576
7241,3.5571
7242,3.5566
7243,3.556
7244,3.5555
7245,3.5549
7246,3.5544
7247,3.5538
7248,3.5533
7249,3.5527
7250,3.5522
7251,3.5516
7252,3.5511
7253,3.5504
7254,3.55
7255,3.5493
7256,3.5487
7257,3.5482
7258,3.5476
7259,3.5469
7260,3.5465
7261,3.5458
7262,3.5452
7263,3.5447
7264,3.5441
7265,3.5435
7266,3.543
7267,3.5423
7268,3.5417
7269,3.5411
7270,3.5404
7271,3.54
7272,3.5393
7273,3.5387
7274,3.5381
7275,3.5374
7276,3.5369
7277,3.5363
7278,3.5357
7279,3.535
7280,3.5344
7281,3.5338
7282,3.5331
7283,3.5325
7284,3.5319
7285,3.5312
7286,3.5306
7287,3.5301
7288,3.5295
7289,3.5288
7290,3.528
7291,3.5274
7292,3.5269
7293,3.5263
7294,3.5255
7295,3.5249
7296,3.5242
7297,3.5236
7298,3.523
7299,3.5223
7300,3.5217
7301,3.5211
7302,3.5204
7303,3.5196
7304,3.519
7305,3.5184
7306,3.5177
7307,3.5171
7308,3.5163
7309,3.5157
7310,3.515
7311,3.5144
7312,3.5136
7313,3.513
7314,3.5122
7315,3.5115
7316,3.5109
7317,3.5101
7318,3.5095
7319,3.5087
7320,3.508
7321,3.5072
7322,3.5066
7323,3.5058
7324,3.505
7325,3.5044
7326,3.5036
7327,3.5028
7328,3.502
7329,3.5012
7330,3.5006
7331,3.4998
7332,3.499
7333,3.4982
7334,3.4974
7335,3.4966
7336,3.4958
7337,3.495
7338,3.494
7339,3.4933
7340,3.4925
7341,3.4917
7342,3.4907
7343,3.4899
7344,3.489
7345,3.4882
7346,3.4872
7347,3.4863
7348,3.4855
7349,3.4845
7350,3.4836
7351,3.4826
7352,3.4817
7353,3.4807
7354,3.4798
7355,3.4788
7356,3.4778
7357,3.4769
7358,3.4758
7359,3.4748
7360,3.4737
7361,3.4728
7362,3.4716
7363,3.4707
7364,3.4696
7365,3.4685
7366,3.4674
7367,3.4662
7368,3.4651
7369,3.464
7370,3.4629
7371,3.4616
7372,3.4605
7373,3.4594
7374,3.4581
7375,3.457
7376,3.4558
7377,3.4545
7378,3.4532
7379,3.452
7380,3.4507
7381,3.4494
7382,3.4481
7383,3.4469
7384,3.4454
7385,3.4442
7386,3.4427
7387,3.4413
7388,3.44
7389,3.4386
7390,3.4372
7391,3.4357
7392,3.4343
7393,3.4327
7394,3.4313
7395,3.4299
7396,3.4283
7397,3.4267
7398,3.4253
7399,3.4237
7400,3.4221
7401,3.4205
7402,3.4189
7403,3.4173
7404,3.4157
7405,3.414
7406,3.4124
7407,3.4106
7408,3.4089
7409,3.4072
7410,3.4056
7411,3.4038
7412,3.4021
7413,3.4002
7414,3.3984
7415,3.3965
7416,3.3948
7417,3.3929
7418,3.3911
7419,3.3892
7420,3.3873
7421,3.3854
7422,3.3835
7423,3.3814
7424,3.3795
7425,3.3776
7426,3.3755
7427,3.3735
7428,3.3714
7429,3.3693
7430,3.3674
7431,3.3652
7432,3.3631
7433,3.3609
7434,3.3589
7435,3.3566
7436,3.3546
7437,3.3523
7438,3.3501
7439,3.3479
7440,3.3455
7441,3.3433
7442,3.3411
7443,3.3387
7444,3.3363
7445,3.3339
7446,3.3315
7447,3.3292
7448,3.3268
7449,3.3244
7450,3.3219
7451,3.3193
7452,3.3169
7453,3.3144
7454,3.3119
7455,3.3092
7456,3.3066
7457,3.3041
7458,3.3014
7459,3.2987
7460,3.296
7461,3.2933
7462,3.2906
7463,3.2877
7464,3.285
7465,3.2821
7466,3.2793
7467,3.2764
7468,3.2736
7469,3.2707
7470,3.2677
7471,3.2647
7472,3.2616
7473,3.2588
7474,3.2556
7475,3.2526
7476,3.2494
7477,3.2464
7478,3.2432
7479,3.24
7480,3.2367
7481,3.2335
7482,3.2302
7483,3.2269
7484,3.2235
7485,3.2202
7486,3.2167
7487,3.2133
7488,3.2099
7489,3.2064
7490,3.2027
7491,3.1992
7492,3.1955
7493,3.1919
7494,3.1882
7495,3.1846
7496,3.1808
7497,3.177
7498,3.1731
7499,3.1693
7500,3.1654
7501,3.1614
7502,3.1574
7503,3.1534
7504,3.1495
7505,3.1453
7506,3.1412
7507,3.1369
7508,3.1328
7509,3.1285
7510,3.1242
7511,3.1198
7512,3.1155
7513,3.111
7514,3.1066
7515,3.102
7516,3.0974
7517,3.0927
7518,3.0881
7519,3.0834
7520,3.0786
7521,3.0737
7522,3.0689
7523,3.064
7524,3.0591
7525,3.054
7526,3.0489
7527,3.0438
7528,3.0386
7529,3.0333
7530,3.0279
7531,3.0227
7532,3.0171
7533,3.0117
7534,3.0062
7535,3.0004
7536,2.9949
7537,2.9892
7538,2.9833
7539,2.9774
7540,2.9714
7541,2.9655
7542,2.9593
7543,2.9532
7544,2.9469
7545,2.9407
7546,2.9342
7547,2.9278
7548,2.9213
7549,2.9146
7550,2.9078
7551,2.901
7552,2.8941
7553,2.8871
7554,2.8802
7555,2.873
7556,2.8657
7557,2.8584
7558,2.8508
7559,2.8433
7560,2.8357
7561,2.8279
7562,2.8199
7563,2.812
7564,2.8039
7565,2.7958
7566,2.7874
7567,2.7789
7568,2.7704
7569,2.7618
7570,2.7529
7571,2.744
7572,2.7349
7573,2.7259
7574,2.7165
7575,2.7071
7576,2.6976
7577,2.6881
7578,2.6784
7579,2.6685
7580,2.6585
7581,2.6485
7582,2.6382
7583,2.628
7584,2.6175
7585,2.607
7586,2.5964
7587,2.5856
7588,2.5748
7589,2.5636
7590,2.5525
7591,2.5414
7592,2.53
7593,2.5185
7594,2.5069
7595,2.4999
7596,2.5204
7597,2.6237
7598,2.7278
7599,2.8291
7600,2.9076
7601,3.0079
7602,3.0924
7603,3.1927
7604,3.2029
7605,3.2802
7606,3.3374
7607,3.3792
7608,3.4091
7609,3.4299
7610,3.444
7611,3.4535
7612,3.4604
7613,3.4655
7614,3.4694
7615,3.4726
7616,3.4751
7617,3.4774
7618,3.4794
7619,3.481
7620,3.4826
7621,3.4839
7622,3.4852
7623,3.4863
7624,3.4874
7625,3.4883
7626,3.4893
7627,3.4901
7628,3.4909
7629,3.4915
7630,3.4923
7631,3.4929
7632,3.4936
7633,3.4942
7634,3.4947
7635,3.4953
7636,3.4958
7637,3.4963
7638,3.4967
7639,3.4972
7640,3.4977
7641,3.498
7642,3.4985
7643,3.4988
7644,3.4993
7645,3.4996
7646,3.4999
7647,3.5004
7648,3.5007
7649,3.501
7650,3.5014
7651,3.5017
7652,3.502
7653,3.5022
7654,3.5025
7655,3.5028
7656,3.5031
7657,3.5033
7658,3.5036
7659,3.5039
7660,3.5041
7661,3.5044
7662,3.5045
7663,3.5049
7664,3.505
7665,3.5052
7666,3.5055
7667,3.5056
7668,3.5058
7669,3.5061
7670,3.5063
7671,3.5064
7672,3.5068
7673,3.5069
7674,3.5071
7675,3.5072
7676,3.5074
7677,3.5076
7678,3.5077
7679,3.508
7680,3.5082
7681,3.5083
7682,3.5085
7683,3.5087
7684,3.5088
7685,3.509
7686,3.5091
7687,3.5093
7688,3.5095
7689,3.5096
7690,3.5096
7691,3.5098
7692,3.5099
7693,3.5101
7694,3.5103
7695,3.5104
7696,3.5106
7697,3.5106
7698,3.5107
7699,3.5109
7700,3.511
7701,3.5112
7702,3.5114
7703,3.5114
7704,3.5115
7705,3.5117
7706,3.5117
7707,3.5118
7708,3.512
7709,3.5122
7710,3.5122
7711,3.5123
7712,3.5125
7713,3.5126
7714,3.5126
7715,3.5128
7716,3.513
7717,3.513
7718,3.5131
7719,3.5133
7720,3.5133
7721,3.5134
7722,3.5136
7723,3.5136
7724,3.5137
7725,3.5137
7726,3.5139
7727,3.5139
7728,3.5141
7729,3.5142
7730,3.5142
7731,3.5144
7732,3.5144
7733,3.5145
7734,3.5145
7735,3.5147
7736,3.5149
7737,3.5149
7738,3.5149
7739,3.515
7740,3.5152
7741,3.5152
7742,3.5153
7743,3.5153
7744,3.5155
7745,3.5155
7746,3.5157
7747,3.5157
7748,3.5158
7749,3.5158
7750,3.516
7751,3.516
7752,3.5161
7753,3.5161
7754,3.5163
7755,3.5163
7756,3.5164
7757,3.5164
7758,3.5164
7759,3.5166
7760,3.5166
7761,3.5168
7762,3.5168
7763,3.5169
7764,3.5169
7765,3.5169
7766,3.5171
7767,3.5171
7768,3.5172
7769,3.5172
7770,3.5174
7771,3.5174
7772,3.5176
7773,3.5176
7774,3.5176
7775,3.5177
7776,3.5177
7777,3.5177
7778,3.5179
7779,3.5179
7780,3.518
7781,3.518
7782,3.5267
7783,3.5683
7784,3.5719
7785,3.5742
7786,3.5758
7787,3.5772
7788,3.5781
7789,3.5793
7790,3.5801
7791,3.5808
7792,3.5815
7793,3.5821
7794,3.5828
7795,3.5834
7796,3.584
7797,3.5845
7798,3.585
7799,3.5855
7800,3.5859
7801,3.5864
7802,3.5869
7803,3.5874
7804,3.5877
7805,3.5882
7806,3.5886
7807,3.5889
7808,3.5894
7809,3.5897
7810,3.5901
7811,3.5905
7812,3.5909
7813,3.5912
7814,3.5915
7815,3.592
7816,3.5923
7817,3.5926
7818,3.5929
7819,3.5932
7820,3.5936
7821,3.5939
7822,3.5942
7823,3.5945
7824,3.5948
7825,3.595
7826,3.5953
7827,3.5956
7828,3.5959
7829,3.5963
7830,3.5964
7831,3.5967
7832,3.597
7833,3.5974
7834,3.5975
7835,3.5978
7836,3.5982
7837,3.5983
7838,3.5986
7839,3.599
7840,3.5991
7841,3.5994
7842,3.5996
7843,3.5999
7844,3.6001
7845,3.6004
7846,3.6005
7847,3.6009
7848,3.601
7849,3.6013
7850,3.6015
7851,3.6018
7852,3.602
7853,3.6023
7854,3.6025
7855,3.6026
7856,3.6029
7857,3.6031
7858,3.6034
7859,3.6036
7860,3.6037
7861,3.6039
7862,3.6042
7863,3.6044
7864,3.6045
7865,3.6048
7866,3.605
7867,3.6052
7868,3.6055
7869,3.6056
7870,3.6058
7871,3.6059
7872,3.6063
7873,3.6064
7874,3.6066
7875,3.6067
7876,3.6069
7877,3.6072
7878,3.6074
7879,3.6075
7880,3.6077
7881,3.6079
7882,3.608
7883,3.6083
7884,3.6085
7885,3.6086
7886,3.6088
7887,3.609
7888,3.6091
7889,3.6093
7890,3.6094
7891,3.6096
7892,3.6099
7893,3.6101
7894,3.6102
7895,3.6104
7896,3.6106
7897,3.6107
7898,3.6109
7899,3.611
7900,3.6112
7901,3.6113
7902,3.6115
7903,3.6117
7904,3.6118
7905,3.612
7906,3.6121
7907,3.6123
7908,3.6125
7909,3.6126
7910,3.6128
7911,3.6129
7912,3.6131
7913,3.6133
7914,3.6134
7915,3.6136
7916,3.6137
7917,3.6139
7918,3.614
7919,3.6142
7920,3.6144
7921,3.6145
7922,3.6147
7923,3.6148
7924,3.615
7925,3.6152
7926,3.6153
7927,3.6155
7928,3.6156
7929,3.6158
7930,3.616
7931,3.6161
7932,3.6163
7933,3.6163
7934,3.6164
7935,3.6166
7936,3.6168
7937,3.6169
7938,3.6171
7939,3.6172
7940,3.6174
7941,3.6175
7942,3.6177
7943,3.6177
7944,3.6179
7945,3.618
7946,3.6182
7947,3.6183
7948,3.6185
7949,3.6187
7950,3.6188
7951,3.619
7952,3.6191
7953,3.6191
7954,3.6193
7955,3.6195
7956,3.6196
7957,3.6198
7958,3.6199
7959,3.6199
7960,3.6201
7961,3.6202
7962,3.6204
7963,3.6206
7964,3.6207
7965,3.6209
7966,3.621
7967,3.6212
7968,3.6212
7969,3.6214
7970,3.6215
7971,3.6217
7972,3.6218
7973,3.622
7974,3.622
7975,3.6222
7976,3.6223
7977,3.6225
7978,3.6226
7979,3.6228
7980,3.6229
7981,3.6229
7982,3.6231
7983,3.6233
7984,3.6234
7985,3.6236
7986,3.6237
7987,3.6237
7988,3.6239
7989,3.6241
7990,3.6242
7991,3.6244
7992,3.6245
7993,3.6245
7994,3.6247
7995,3.6249
7996,3.625
7997,3.6252
7998,3.6253
7999,3.6253
8000,3.6255
8001,3.6256
8002,3.6258
8003,3.626
8004,3.6261
8005,3.6261
8006,3.6263
8007,3.6264
8008,3.6266
8009,3.6266
8010,3.6268
8011,3.6269
8012,3.6271
8013,3.6272
8014,3.6274
8015,3.6274
8016,3.6276
8017,3.6277
8018,3.6279
8019,3.628
8020,3.6282
8021,3.6282
8022,3.6283
8023,3.6285
8024,3.6287
8025,3.6287
8026,3.6288
8027,3.629
8028,3.6291
8029,3.6293
8030,3.6295
8031,3.6295
8032,3.6296
8033,3.6298
8034,3.6299
8035,3.6301
8036,3.6301
8037,3.6303
8038,3.6304
8039,3.6306
8040,3.6307
8041,3.6307
8042,3.6309
8043,3.6311
8044,3.6312
8045,3.6314
8046,3.6314
8047,3.6315
8048,3.6317
8049,3.6318
8050,3.632
8051,3.6322
8052,3.6322
8053,3.6323
8054,3.6325
8055,3.6326
8056,3.6326
8057,3.6328
8058,3.633
8059,3.6331
8060,3.6333
8061,3.6333
8062,3.6334
8063,3.6336
8064,3.6338
8065,3.6339
8066,3.6339
8067,3.6341
8068,3.6342
8069,3.6344
8070,3.6345
8071,3.6345
8072,3.6347
8073,3.6349
8074,3.635
8075,3.6352
8076,3.6352
8077,3.6353
8078,3.6355
8079,3.6357
8080,3.6357
8081,3.6358
8082,3.636
8083,3.6361
8084,3.6363
8085,3.6363
8086,3.6365
8087,3.6366
8088,3.6368
8089,3.6368
8090,3.6369
8091,3.6371
8092,3.6372
8093,3.6374
8094,3.6374
8095,3.6376
8096,3.6377
8097,3.6379
8098,3.638
8099,3.6382
8100,3.6382
8101,3.6384
8102,3.6385
8103,3.6387
8104,3.6387
8105,3.6388
8106,3.639
8107,3.6392
8108,3.6392
8109,3.6393
8110,3.6395
8111,3.6396
8112,3.6398
8113,3.6398
8114,3.6399
8115,3.6401
8116,3.6403
8117,3.6403
8118,3.6404
8119,3.6406
8120,3.6407
8121,3.6409
8122,3.6409
8123,3.6411
8124,3.6412
8125,3.6414
8126,3.6414
8127,3.6415
8128,3.6417
8129,3.6419
8130,3.642
8131,3.642
8132,3.6422
8133,3.6423
8134,3.6425
8135,3.6425
8136,3.6426
8137,3.6428
8138,3.643
8139,3.6431
8140,3.6431
8141,3.6433
8142,3.6434
8143,3.6436
8144,3.6436
8145,3.6438
8146,3.6439
8147,3.6441
8148,3.6442
8149,3.6442
8150,3.6444
8151,3.6446
8152,3.6447
8153,3.6447
8154,3.6449
8155,3.645
8156,3.6452
8157,3.6453
8158,3.6453
8159,3.6455
8160,3.6457
8161,3.6458
8162,3.6458
8163,3.646
8164,3.6461
8165,3.6463
8166,3.6463
8167,3.6465
8168,3.6466
8169,3.6468
8170,3.6468
8171,3.6469
8172,3.6471
8173,3.6473
8174,3.6474
8175,3.6474
8176,3.6476
8177,3.6477
8178,3.6479
8179,3.6479
8180,3.648
8181,3.6482
8182,3.6484
8183,3.6484
8184,3.6485
8185,3.6487
8186,3.6488
8187,3.649
8188,3.649
8189,3.6492
8190,3.6493
8191,3.6495
8192,3.6495
8193,3.6496
8194,3.6498
8195,3.65
8196,3.65
8197,3.6501
8198,3.6503
8199,3.6504
8200,3.6504
8201,3.6506
8202,3.6508
8203,3.6509
8204,3.6509
8205,3.6511
8206,3.6512
8207,3.6514
8208,3.6515
8209,3.6515
8210,3.6517
8211,3.6519
8212,3.6519
8213,3.652
8214,3.6522
8215,3.6523
8216,3.6525
8217,3.6525
8218,3.6527
8219,3.6528
8220,3.653
8221,3.653
8222,3.6531
8223,3.6533
8224,3.6533
8225,3.6535
8226,3.6536
8227,3.6538
8228,3.6539
8229,3.6539
8230,3.6541
8231,3.6542
8232,3.6544
8233,3.6544
8234,3.6546
8235,3.6547
8236,3.6549
8237,3.6549
8238,3.655
8239,3.6552
8240,3.6554
8241,3.6554
8242,3.6555
8243,3.6557
8244,3.6558
8245,3.6558
8246,3.656
8247,3.6562
8248,3.6563
8249,3.6563
8250,3.6565
8251,3.6566
8252,3.6566
8253,3.6568
8254,3.6569
8255,3.6571
8256,3.6573
8257,3.6573
8258,3.6574
8259,3.6576
8260,3.6577
8261,3.6577
8262,3.6579
8263,3.6581
8264,3.6581
8265,3.6582
8266,3.6584
8267,3.6585
8268,3.6587
8269,3.6587
8270,3.6589
8271,3.659
8272,3.659
8273,3.6592
8274,3.6593
8275,3.6595
8276,3.6595
8277,3.6596
8278,3.6598
8279,3.66
8280,3.66
8281,3.6601
8282,3.6603
8283,3.6604
8284,3.6604
8285,3.6606
8286,3.6608
8287,3.6609
8288,3.6609
8289,3.6611
8290,3.6612
8291,3.6612
8292,3.6614
8293,3.6616
8294,3.6617
8295,3.6617
8296,3.6619
8297,3.662
8298,3.6622
8299,3.6622
8300,3.6623
8301,3.6625
8302,3.6625
8303,3.6627
8304,3.6628
8305,3.663
8306,3.663
8307,3.6631
8308,3.6633
8309,3.6633
8310,3.6635
8311,3.6636
8312,3.6638
8313,3.6639
8314,3.6639
8315,3.6641
8316,3.6643
8317,3.6643
8318,3.6644
8319,3.6646
8320,3.6647
8321,3.6647
8322,3.6649
8323,3.665
8324,3.6652
8325,3.6652
8326,3.6654
8327,3.6655
8328,3.6657
8329,3.6657
8330,3.6658
8331,3.666
8332,3.666
8333,3.6662
8334,3.6663
8335,3.6665
8336,3.6665
8337,3.6666
8338,3.6668
8339,3.6668
8340,3.667
8341,3.6671
8342,3.6673
8343,3.6673
8344,3.6674
8345,3.6676
8346,3.6678
8347,3.6678
8348,3.6679
8349,3.6681
8350,3.6682
8351,3.6682
8352,3.6684
8353,3.6685
8354,3.6687
8355,3.6687
8356,3.6689
8357,3.669
8358,3.669
8359,3.6692
8360,3.6693
8361,3.6695
8362,3.6695
8363,3.6697
8364,3.6698
8365,3.6698
8366,3.67
8367,3.6701
8368,3.6703
8369,3.6703
8370,3.6705
8371,3.6706
8372,3.6706
8373,3.6708
8374,3.6709
8375,3.6711
8376,3.6711
8377,3.6712
8378,3.6714
8379,3.6716
8380,3.6716
8381,3.6717
8382,3.6719
8383,3.6719
8384,3.672
8385,3.6722
8386,3.6724
8387,3.6724
8388,3.6725
8389,3.6727
8390,3.6727
8391,3.6728
8392,3.673
8393,3.6732
8394,3.6732
8395,3.6733
8396,3.6735
8397,3.6736
8398,3.6736
8399,3.6738
8400,3.6739
8401,3.6739
8402,3.6741
8403,3.6743
8404,3.6744
8405,3.6744
8406,3.6746
8407,3.6747
8408,3.6747
8409,3.6749
8410,3.6751
8411,3.6752
8412,3.6752
8413,3.6754
8414,3.6755
8415,3.6757
8416,3.6757
8417,3.6759
8418,3.676
8419,3.676
8420,3.6762
8421,3.6763
8422,3.6765
8423,3.6765
8424,3.6766
8425,3.6768
8426,3.6768
8427,3.677
8428,3.6771
8429,3.6773
8430,3.6773
8431,3.6774
8432,3.6776
8433,3.6778
8434,3.6778
8435,3.6779
8436,3.6781
8437,3.6781
8438,3.6782
8439,3.6784
8440,3.6786
8441,3.6786
8442,3.6787
8443,3.6789
8444,3.679
8445,3.679
8446,3.6792
8447,3.6793
8448,3.6793
8449,3.6795
8450,3.6797
8451,3.6798
8452,3.6798
8453,3.68
8454,3.6801
8455,3.6803
8456,3.6803
8457,3.6805
8458,3.6806
8459,3.6806
8460,3.6808
8461,3.6809
8462,3.6811
8463,3.6813
8464,3.6813
8465,3.6814
8466,3.6816
8467,3.6816
8468,3.6817
8469,3.6819
8470,3.682
8471,3.682
8472,3.6822
8473,3.6824
8474,3.6825
8475,3.6825
8476,3.6827
8477,3.6828
8478,3.683
8479,3.683
8480,3.6832
8481,3.6833
8482,3.6835
8483,3.6835
8484,3.6836
8485,3.6838
8486,3.6838
8487,3.684
8488,3.6841
8489,3.6843
8490,3.6844
8491,3.6844
8492,3.6846
8493,3.6848
8494,3.6849
8495,3.6849
8496,3.6851
8497,3.6852
8498,3.6854
8499,3.6854
8500,3.6855
8501,3.6857
8502,3.6859
8503,3.6859
8504,3.686
8505,3.6862
8506,3.6863
8507,3.6863
8508,3.6865
8509,3.6867
8510,3.6868
8511,3.6868
8512,3.687
8513,3.6871
8514,3.6873
8515,3.6875
8516,3.6875
8517,3.6876
8518,3.6878
8519,3.6879
8520,3.6879
8521,3.6881
8522,3.6882
8523,3.6884
8524,3.6884
8525,3.6886
8526,3.6887
8527,3.6889
8528,3.689
8529,3.689
8530,3.6892
8531,3.6894
8532,3.6895
8533,3.6897
8534,3.6897
8535,3.6898
8536,3.69
8537,3.6902
8538,3.6903
8539,3.6903
8540,3.6905
8541,3.6906
8542,3.6908
8543,3.6908
8544,3.6909
8545,3.6911
8546,3.6913
8547,3.6913
8548,3.6914
8549,3.6916
8550,3.6917
8551,3.6919
8552,3.6921
8553,3.6921
8554,3.6922
8555,3.6924
8556,3.6925
8557,3.6927
8558,3.6927
8559,3.6929
8560,3.693
8561,3.6932
8562,3.6933
8563,3.6933
8564,3.6935
8565,3.6936
8566,3.6938
8567,3.694
8568,3.694
8569,3.6941
8570,3.6943
8571,3.6944
8572,3.6946
8573,3.6948
8574,3.6948
8575,3.6949
8576,3.6951
8577,3.6952
8578,3.6954
8579,3.6956
8580,3.6956
8581,3.6957
8582,3.6959
8583,3.696
8584,3.6962
8585,3.6963
8586,3.6963
8587,3.6965
8588,3.6967
8589,3.6968
8590,3.697
8591,3.6971
8592,3.6971
8593,3.6973
8594,3.6975
8595,3.6976
8596,3.6978
8597,3.6979
8598,3.6979
8599,3.6981
8600,3.6983
8601,3.6984
8602,3.6986
8603,3.6987
8604,3.6989
8605,3.6991
8606,3.6991
8607,3.6992
8608,3.6994
8609,3.6995
8610,3.6997
8611,3.6998
8612,3.7
8613,3.7
8614,3.7002
8615,3.7003
8616,3.7005
8617,3.7006
8618,3.7008
8619,3.701
8620,3.7011
8621,3.7013
8622,3.7013
8623,3.7014
8624,3.7016
8625,3.7018
8626,3.7019
8627,3.7021
8628,3.7022
8629,3.7024
8630,3.7025
8631,3.7025
8632,3.7027
8633,3.7029
8634,3.703
8635,3.7032
8636,3.7033
8637,3.7035
8638,3.7037
8639,3.7038
8640,3.7038
8641,3.704
8642,3.7041
8643,3.7043
8644,3.7045
8645,3.7046
8646,3.7048
8647,3.7049
8648,3.7051
8649,3.7052
8650,3.7052
8651,3.7054
8652,3.7056
8653,3.7057
8654,3.7059
8655,3.706
8656,3.7062
8657,3.7064
8658,3.7065
8659,3.7067
8660,3.7068
8661,3.707
8662,3.7072
8663,3.7072
8664,3.7073
8665,3.7075
8666,3.7076
8667,3.7078
8668,3.7079
8669,3.7081
8670,3.7083
8671,3.7084
8672,3.7086
8673,3.7087
8674,3.7089
8675,3.7091
8676,3.7092
8677,3.7092
8678,3.7095
8679,3.7095
8680,3.7097
8681,3.7099
8682,3.71
8683,3.7102
8684,3.7103
8685,3.7105
8686,3.7106
8687,3.7108
8688,3.7108
8689,3.711
8690,3.7105
8691,3.7105
8692,3.7105
8693,3.7106
8694,3.7105
8695,3.7105
8696,3.7105
8697,3.7105
8698,3.7105
8699,3.7105
8700,3.7105
8701,3.7105
8702,3.7105
8703,3.7105
8704,3.7105
8705,3.7105
8706,3.7105
8707,3.7105
8708,3.7105
8709,3.7105
8710,3.7105
8711,3.7105
8712,3.7105
8713,3.7105
8714,3.7105
8715,3.7105
8716,3.7105
8717,3.7105
8718,3.7105
8719,3.7105
8720,3.7105
8721,3.7105
8722,3.7105
8723,3.7105
8724,3.7105
8725,3.7084
8726,3.7076
8727,3.7072
8728,3.7071
8729,3.7069
8730,3.7068
8731,3.7066
8732,3.7066
8733,3.7064
8734,3.7064
8735,3.7063
8736,3.7063
8737,3.7061
8738,3.7061
8739,3.706
8740,3.706
8741,3.706
8742,3.706
8743,3.706
8744,3.7058
8745,3.7058
8746,3.7058
8747,3.7057
8748,3.7057
8749,3.7057
8750,3.7057
8751,3.7057
8752,3.7055
8753,3.7055
8754,3.7055
8755,3.7055
8756,3.7055
8757,3.7055
8758,3.7053
8759,3.7053
8760,3.7053
8761,3.7053
8762,3.7053
8763,3.7053
8764,3.7053
8765,3.7053
8766,3.7053
8767,3.7052
8768,3.7052
8769,3.7052
8770,3.7052
8771,3.7052
8772,3.7052
8773,3.7052
8774,3.7052
8775,3.7052
8776,3.705
8777,3.705
8778,3.705
8779,3.705
8780,3.705
8781,3.705
8782,3.705
8783,3.705
8784,3.705
8785,3.705
8786,3.705
8787,3.705
8788,3.705
8789,3.705
8790,3.7049
8791,3.7049
8792,3.7049
8793,3.7049
8794,3.7049
8795,3.7049
8796,3.7049
8797,3.7049
8798,3.7049
8799,3.7049
8800,3.7049
8801,3.7049
8802,3.7049
8803,3.7049
8804,3.7049
8805,3.7049
8806,3.7049
8807,3.7049
8808,3.7049
8809,3.7049
8810,3.7049
8811,3.7047
8812,3.7047
8813,3.7047
8814,3.7047
8815,3.7047
8816,3.7047
8817,3.7047
8818,3.7047
8819,3.7047
8820,3.7047
8821,3.7047
8822,3.7047
8823,3.7047
8824,3.7047
8825,3.7047
8826,3.7047
8827,3.7047
8828,3.7047
8829,3.7047
8830,3.7047
8831,3.7047
8832,3.7047
8833,3.7047
8834,3.7045
8835,3.7047
8836,3.7047
8837,3.7047
8838,3.7047
8839,3.7047
8840,3.7045
8841,3.7047
8842,3.7045
8843,3.7045
8844,3.7045
8845,3.7045
8846,3.7045
8847,3.7045
8848,3.7045
8849,3.7045
8850,3.7045
8851,3.7045
8852,3.7045
8853,3.7045
8854,3.7045
8855,3.7045
8856,3.7045
8857,3.7045
8858,3.7045
8859,3.7045
8860,3.7045
8861,3.7045
8862,3.7045
8863,3.7045
8864,3.7045
8865,3.7045
8866,3.7045
8867,3.7045
8868,3.7045
8869,3.7045
8870,3.7045
8871,3.7045
8872,3.7045
8873,3.7045
8874,3.7045
8875,3.7045
8876,3.7045
8877,3.7045
8878,3.7045
8879,3.7045
8880,3.7045
8881,3.7045
8882,3.7045
8883,3.7044
8884,3.7045
8885,3.7045
8886,3.7045
8887,3.7044
8888,3.7044
8889,3.7045
8890,3.7045
8891,3.7045
8892,3.7045
8893,3.7044
8894,3.7044
8895,3.7044
8896,3.7044
8897,3.7045
8898,3.7045
8899,3.7044
8900,3.7044
8901,3.7044
8902,3.7044
8903,3.7045
8904,3.7044
8905,3.7044
