,voltage
0,3.4225
1,3.4227
2,3.4225
3,3.4225
4,3.4225
5,3.4225
6,3.4227
7,3.4225
8,3.4225
9,3.4227
10,3.4227
11,3.4227
12,3.4225
13,3.4225
14,3.4227
15,3.4227
16,3.4225
17,3.4227
18,3.4225
19,3.4225
20,3.4225
21,3.4225
22,3.4225
23,3.4227
24,3.4227
25,3.4225
26,3.4225
27,3.4225
28,3.4225
29,3.4225
30,3.4225
31,3.4225
32,3.4227
33,3.4225
34,3.4225
35,3.4225
36,3.4225
37,3.4225
38,3.4225
39,3.4225
40,3.4225
41,3.4225
42,3.4225
43,3.4225
44,3.4225
45,3.4227
46,3.4225
47,3.4225
48,3.4225
49,3.4225
50,3.4225
51,3.4225
52,3.4225
53,3.4225
54,3.4225
55,3.4225
56,3.4225
57,3.4225
58,3.4225
59,3.4225
60,3.4225
61,3.5158
62,3.6208
63,3.6661
64,3.662
65,3.6586
66,3.6559
67,3.6539
68,3.6523
69,3.6508
70,3.6497
71,3.6488
72,3.648
73,3.6472
74,3.6465
75,3.6461
76,3.6456
77,3.6451
78,3.6448
79,3.6445
80,3.6442
81,3.644
82,3.6438
83,3.6437
84,3.6435
85,3.6434
86,3.6432
87,3.6432
88,3.6431
89,3.6431
90,3.6431
91,3.6431
92,3.6431
93,3.6429
94,3.6431
95,3.6431
96,3.6431
97,3.6431
98,3.6432
99,3.6432
100,3.6434
101,3.6434
102,3.6435
103,3.6435
104,3.6437
105,3.6437
106,3.6438
107,3.644
108,3.6442
109,3.6442
110,3.6443
111,3.6445
112,3.6446
113,3.6448
114,3.645
115,3.645
116,3.6451
117,3.6453
118,3.6454
119,3.6456
120,3.6458
121,3.6459
122,3.6461
123,3.6462
124,3.6464
125,3.6465
126,3.6467
127,3.6469
128,3.6469
129,3.6472
130,3.6472
131,3.6473
132,3.6475
133,3.6477
134,3.6478
135,3.648
136,3.6481
137,3.6483
138,3.6485
139,3.6486
140,3.6488
141,3.6489
142,3.6491
143,3.6492
144,3.6494
145,3.6496
146,3.6497
147,3.6499
148,3.65
149,3.6502
150,3.6504
151,3.6505
152,3.6507
153,3.6508
154,3.6508
155,3.651
156,3.6512
157,3.6513
158,3.6515
159,3.6516
160,3.6518
161,3.652
162,3.6521
163,3.6523
164,3.6523
165,3.6524
166,3.6526
167,3.6527
168,3.6529
169,3.6531
170,3.6531
171,3.6532
172,3.6534
173,3.6535
174,3.6537
175,3.6539
176,3.6539
177,3.654
178,3.6542
179,3.6543
180,3.6543
181,3.6545
182,3.6547
183,3.6548
184,3.655
185,3.655
186,3.6551
187,3.6553
188,3.6554
189,3.6554
190,3.6556
191,3.6558
192,3.6559
193,3.6559
194,3.6561
195,3.6562
196,3.6562
197,3.6564
198,3.6566
199,3.6567
200,3.6567
201,3.6569
202,3.657
203,3.657
204,3.6572
205,3.6574
206,3.6574
207,3.6575
208,3.6577
209,3.6577
210,3.6578
211,3.658
212,3.658
213,3.6581
214,3.6581
215,3.6583
216,3.6585
217,3.6585
218,3.6586
219,3.6588
220,3.6588
221,3.6589
222,3.6589
223,3.6591
224,3.6593
225,3.6593
226,3.6594
227,3.6594
228,3.6596
229,3.6597
230,3.6597
231,3.6599
232,3.6599
233,3.6601
234,3.6601
235,3.6602
236,3.6604
237,3.6604
238,3.6605
239,3.6605
240,3.6607
241,3.6607
242,3.6608
243,3.661
244,3.661
245,3.6612
246,3.6612
247,3.6613
248,3.6613
249,3.6615
250,3.6615
251,3.6616
252,3.6616
253,3.6618
254,3.6618
255,3.662
256,3.662
257,3.6621
258,3.6621
259,3.6623
260,3.6623
261,3.6624
262,3.6624
263,3.6626
264,3.6626
265,3.6628
266,3.6628
267,3.6629
268,3.6629
269,3.6631
270,3.6631
271,3.6632
272,3.6632
273,3.6634
274,3.6634
275,3.6635
276,3.6635
277,3.6637
278,3.6637
279,3.6639
280,3.6639
281,3.664
282,3.664
283,3.6642
284,3.6642
285,3.6642
286,3.6643
287,3.6643
288,3.6645
289,3.6645
290,3.6647
291,3.6647
292,3.6648
293,3.6648
294,3.6648
295,3.665
296,3.665
297,3.6651
298,3.6651
299,3.6653
300,3.6653
301,3.6653
302,3.6655
303,3.6655
304,3.6656
305,3.6656
306,3.6658
307,3.6658
308,3.6659
309,3.6659
310,3.6659
311,3.6661
312,3.6661
313,3.6662
314,3.6662
315,3.6662
316,3.6664
317,3.6664
318,3.6666
319,3.6666
320,3.6667
321,3.6667
322,3.6667
323,3.6669
324,3.6669
325,3.667
326,3.667
327,3.667
328,3.6672
329,3.6672
330,3.6674
331,3.6674
332,3.6675
333,3.6675
334,3.6675
335,3.6677
336,3.6677
337,3.6678
338,3.6678
339,3.6678
340,3.668
341,3.668
342,3.6682
343,3.6682
344,3.6682
345,3.6683
346,3.6683
347,3.6685
348,3.6685
349,3.6685
350,3.6686
351,3.6686
352,3.6686
353,3.6688
354,3.6688
355,3.6689
356,3.6689
357,3.6691
358,3.6691
359,3.6691
360,3.6693
361,3.6693
362,3.6693
363,3.6694
364,3.6694
365,3.6696
366,3.6696
367,3.6696
368,3.6697
369,3.6697
370,3.6699
371,3.6699
372,3.6699
373,3.6701
374,3.6701
375,3.6702
376,3.6702
377,3.6702
378,3.6704
379,3.6704
380,3.6704
381,3.6705
382,3.6705
383,3.6707
384,3.6707
385,3.6707
386,3.6709
387,3.6709
388,3.671
389,3.671
390,3.671
391,3.6712
392,3.6712
393,3.6712
394,3.6713
395,3.6713
396,3.6715
397,3.6715
398,3.6715
399,3.6717
400,3.6717
401,3.6717
402,3.6718
403,3.6718
404,3.672
405,3.672
406,3.672
407,3.6721
408,3.6721
409,3.6721
410,3.6723
411,3.6723
412,3.6724
413,3.6724
414,3.6724
415,3.6726
416,3.6726
417,3.6728
418,3.6728
419,3.6728
420,3.6729
421,3.6729
422,3.6729
423,3.6731
424,3.6731
425,3.6731
426,3.6732
427,3.6732
428,3.6734
429,3.6734
430,3.6734
431,3.6736
432,3.6736
433,3.6736
434,3.6737
435,3.6737
436,3.6739
437,3.6739
438,3.6739
439,3.674
440,3.674
441,3.674
442,3.6742
443,3.6742
444,3.6742
445,3.6744
446,3.6744
447,3.6745
448,3.6745
449,3.6745
450,3.6747
451,3.6747
452,3.6747
453,3.6748
454,3.6748
455,3.675
456,3.675
457,3.675
458,3.6751
459,3.6751
460,3.6751
461,3.6753
462,3.6753
463,3.6755
464,3.6755
465,3.6755
466,3.6756
467,3.6756
468,3.6756
469,3.6758
470,3.6758
471,3.6758
472,3.6759
473,3.6759
474,3.6761
475,3.6761
476,3.6761
477,3.6763
478,3.6763
479,3.6763
480,3.6764
481,3.6764
482,3.6764
483,3.6766
484,3.6766
485,3.6767
486,3.6767
487,3.6767
488,3.6769
489,3.6769
490,3.6769
491,3.6771
492,3.6771
493,3.6771
494,3.6772
495,3.6772
496,3.6774
497,3.6774
498,3.6774
499,3.6774
500,3.6775
501,3.6775
502,3.6777
503,3.6777
504,3.6777
505,3.6778
506,3.6778
507,3.6778
508,3.678
509,3.678
510,3.6782
511,3.6782
512,3.6782
513,3.6783
514,3.6783
515,3.6783
516,3.6785
517,3.6785
518,3.6786
519,3.6786
520,3.6786
521,3.6788
522,3.6788
523,3.6788
524,3.679
525,3.679
526,3.679
527,3.6791
528,3.6791
529,3.6793
530,3.6793
531,3.6793
532,3.6794
533,3.6794
534,3.6794
535,3.6796
536,3.6796
537,3.6798
538,3.6798
539,3.6798
540,3.6799
541,3.6799
542,3.6799
543,3.6801
544,3.6801
545,3.6801
546,3.6802
547,3.6802
548,3.6802
549,3.6804
550,3.6804
551,3.6805
552,3.6805
553,3.6805
554,3.6807
555,3.6807
556,3.6807
557,3.6809
558,3.6809
559,3.6809
560,3.681
561,3.681
562,3.681
563,3.6812
564,3.6812
565,3.6813
566,3.6813
567,3.6813
568,3.6815
569,3.6815
570,3.6815
571,3.6817
572,3.6817
573,3.6818
574,3.6818
575,3.6818
576,3.682
577,3.682
578,3.682
579,3.6821
580,3.6821
581,3.6821
582,3.6823
583,3.6823
584,3.6825
585,3.6825
586,3.6825
587,3.6826
588,3.6826
589,3.6826
590,3.6828
591,3.6828
592,3.6828
593,3.6829
594,3.6829
595,3.6831
596,3.6831
597,3.6831
598,3.6832
599,3.6832
600,3.6834
601,3.6834
602,3.6834
603,3.6836
604,3.6836
605,3.6836
606,3.6837
607,3.6837
608,3.6837
609,3.6839
610,3.6839
611,3.684
612,3.684
613,3.684
614,3.6842
615,3.6842
616,3.6842
617,3.6844
618,3.6844
619,3.6845
620,3.6845
621,3.6845
622,3.6847
623,3.6847
624,3.6847
625,3.6848
626,3.6848
627,3.6848
628,3.685
629,3.685
630,3.6852
631,3.6852
632,3.6852
633,3.6853
634,3.6853
635,3.6855
636,3.6855
637,3.6855
638,3.6856
639,3.6856
640,3.6856
641,3.6858
642,3.6858
643,3.6858
644,3.6859
645,3.6859
646,3.6861
647,3.6861
648,3.6861
649,3.6863
650,3.6863
651,3.6863
652,3.6864
653,3.6864
654,3.6866
655,3.6866
656,3.6866
657,3.6867
658,3.6867
659,3.6869
660,3.6869
661,3.6869
662,3.6871
663,3.6871
664,3.6871
665,3.6872
666,3.6872
667,3.6872
668,3.6874
669,3.6874
670,3.6875
671,3.6875
672,3.6877
673,3.6877
674,3.6877
675,3.6879
676,3.6879
677,3.6879
678,3.688
679,3.688
680,3.6882
681,3.6882
682,3.6882
683,3.6883
684,3.6883
685,3.6883
686,3.6885
687,3.6885
688,3.6886
689,3.6886
690,3.6886
691,3.6888
692,3.6888
693,3.6888
694,3.689
695,3.689
696,3.689
697,3.6891
698,3.6891
699,3.6893
700,3.6893
701,3.6894
702,3.6894
703,3.6894
704,3.6896
705,3.6896
706,3.6896
707,3.6898
708,3.6898
709,3.6899
710,3.6899
711,3.6899
712,3.6901
713,3.6901
714,3.6902
715,3.6902
716,3.6902
717,3.6904
718,3.6904
719,3.6904
720,3.6906
721,3.6906
722,3.6907
723,3.6907
724,3.6909
725,3.6909
726,3.6909
727,3.691
728,3.691
729,3.6912
730,3.6912
731,3.6912
732,3.6913
733,3.6913
734,3.6913
735,3.6915
736,3.6915
737,3.6917
738,3.6917
739,3.6918
740,3.6918
741,3.6918
742,3.692
743,3.692
744,3.692
745,3.6921
746,3.6921
747,3.6923
748,3.6923
749,3.6925
750,3.6925
751,3.6925
752,3.6926
753,3.6926
754,3.6928
755,3.6928
756,3.6928
757,3.6929
758,3.6929
759,3.6931
760,3.6931
761,3.6931
762,3.6933
763,3.6933
764,3.6933
765,3.6934
766,3.6934
767,3.6936
768,3.6936
769,3.6937
770,3.6937
771,3.6937
772,3.6939
773,3.6939
774,3.694
775,3.694
776,3.694
777,3.6942
778,3.6942
779,3.6944
780,3.6944
781,3.6944
782,3.6945
783,3.6945
784,3.6947
785,3.6947
786,3.6948
787,3.6948
788,3.6948
789,3.695
790,3.695
791,3.6952
792,3.6952
793,3.6952
794,3.6953
795,3.6953
796,3.6955
797,3.6955
798,3.6955
799,3.6956
800,3.6956
801,3.6958
802,3.6958
803,3.696
804,3.696
805,3.696
806,3.6961
807,3.6961
808,3.6963
809,3.6963
810,3.6964
811,3.6964
812,3.6964
813,3.6966
814,3.6966
815,3.6968
816,3.6968
817,3.6968
818,3.6969
819,3.6969
820,3.6971
821,3.6971
822,3.6971
823,3.6972
824,3.6972
825,3.6974
826,3.6974
827,3.6975
828,3.6975
829,3.6975
830,3.6977
831,3.6977
832,3.6979
833,3.6979
834,3.698
835,3.698
836,3.6982
837,3.6982
838,3.6982
839,3.6983
840,3.6983
841,3.6985
842,3.6985
843,3.6985
844,3.6987
845,3.6987
846,3.6988
847,3.6988
848,3.699
849,3.699
850,3.699
851,3.6991
852,3.6991
853,3.6993
854,3.6993
855,3.6995
856,3.6995
857,3.6995
858,3.6996
859,3.6996
860,3.6998
861,3.6998
862,3.6999
863,3.6999
864,3.6999
865,3.7001
866,3.7001
867,3.7002
868,3.7002
869,3.7002
870,3.7004
871,3.7004
872,3.7006
873,3.7006
874,3.7007
875,3.7007
876,3.7009
877,3.7009
878,3.701
879,3.701
880,3.701
881,3.7012
882,3.7012
883,3.7014
884,3.7014
885,3.7015
886,3.7015
887,3.7015
888,3.7017
889,3.7017
890,3.7018
891,3.7018
892,3.702
893,3.702
894,3.7022
895,3.7022
896,3.7022
897,3.7023
898,3.7023
899,3.7025
900,3.7025
901,3.7026
902,3.7026
903,3.7026
904,3.7028
905,3.7028
906,3.7029
907,3.7029
908,3.7031
909,3.7031
910,3.7031
911,3.7033
912,3.7033
913,3.7034
914,3.7034
915,3.7036
916,3.7036
917,3.7037
918,3.7037
919,3.7039
920,3.7039
921,3.7039
922,3.7041
923,3.7041
924,3.7042
925,3.7042
926,3.7044
927,3.7044
928,3.7045
929,3.7045
930,3.7045
931,3.7047
932,3.7047
933,3.7049
934,3.7049
935,3.705
936,3.705
937,3.7052
938,3.7052
939,3.7052
940,3.7053
941,3.7053
942,3.7055
943,3.7055
944,3.7056
945,3.7056
946,3.7058
947,3.7058
948,3.7058
949,3.706
950,3.706
951,3.7061
952,3.7061
953,3.7063
954,3.7063
955,3.7064
956,3.7064
957,3.7064
958,3.7066
959,3.7066
960,3.7068
961,3.7068
962,3.7069
963,3.7069
964,3.7071
965,3.7071
966,3.7071
967,3.7072
968,3.7074
969,3.7074
970,3.7074
971,3.7076
972,3.7076
973,3.7077
974,3.7077
975,3.7079
976,3.7079
977,3.708
978,3.708
979,3.708
980,3.7082
981,3.7082
982,3.7083
983,3.7083
984,3.7085
985,3.7085
986,3.7087
987,3.7087
988,3.7088
989,3.7088
990,3.709
991,3.709
992,3.709
993,3.7091
994,3.7091
995,3.7093
996,3.7093
997,3.7095
998,3.7095
999,3.7096
1000,3.7096
1001,3.7096
1002,3.7098
1003,3.7098
1004,3.7099
1005,3.7099
1006,3.7101
1007,3.7101
1008,3.7103
1009,3.7103
1010,3.7104
1011,3.7104
1012,3.7106
1013,3.7106
1014,3.7107
1015,3.7107
1016,3.7107
1017,3.7109
1018,3.7109
1019,3.711
1020,3.711
1021,3.7112
1022,3.7112
1023,3.7114
1024,3.7114
1025,3.7115
1026,3.7115
1027,3.7117
1028,3.7117
1029,3.7117
1030,3.7118
1031,3.7118
1032,3.712
1033,3.712
1034,3.7122
1035,3.7122
1036,3.7123
1037,3.7123
1038,3.7125
1039,3.7125
1040,3.7126
1041,3.7126
1042,3.7126
1043,3.7128
1044,3.7128
1045,3.713
1046,3.713
1047,3.7131
1048,3.7131
1049,3.7133
1050,3.7133
1051,3.7134
1052,3.7134
1053,3.7136
1054,3.7136
1055,3.7136
1056,3.7137
1057,3.7137
1058,3.7139
1059,3.7139
1060,3.7141
1061,3.7141
1062,3.7142
1063,3.7142
1064,3.7142
1065,3.7144
1066,3.7145
1067,3.7145
1068,3.7145
1069,3.7147
1070,3.7147
1071,3.7149
1072,3.7149
1073,3.715
1074,3.715
1075,3.7152
1076,3.7152
1077,3.7153
1078,3.7153
1079,3.7155
1080,3.7155
1081,3.7157
1082,3.7157
1083,3.7157
1084,3.7158
1085,3.7158
1086,3.716
1087,3.716
1088,3.7161
1089,3.7161
1090,3.7163
1091,3.7163
1092,3.7164
1093,3.7164
1094,3.7166
1095,3.7166
1096,3.7166
1097,3.7168
1098,3.7168
1099,3.7169
1100,3.7169
1101,3.7171
1102,3.7171
1103,3.7172
1104,3.7172
1105,3.7174
1106,3.7174
1107,3.7176
1108,3.7176
1109,3.7177
1110,3.7177
1111,3.7179
1112,3.7179
1113,3.718
1114,3.718
1115,3.7182
1116,3.7182
1117,3.7182
1118,3.7184
1119,3.7184
1120,3.7185
1121,3.7185
1122,3.7187
1123,3.7187
1124,3.7188
1125,3.7188
1126,3.719
1127,3.719
1128,3.7191
1129,3.7191
1130,3.7191
1131,3.7193
1132,3.7195
1133,3.7195
1134,3.7195
1135,3.7196
1136,3.7196
1137,3.7198
1138,3.7198
1139,3.7199
1140,3.7199
1141,3.7201
1142,3.7201
1143,3.7203
1144,3.7203
1145,3.7204
1146,3.7204
1147,3.7206
1148,3.7206
1149,3.7207
1150,3.7207
1151,3.7207
1152,3.7209
1153,3.7211
1154,3.7211
1155,3.7211
1156,3.7212
1157,3.7212
1158,3.7214
1159,3.7214
1160,3.7215
1161,3.7215
1162,3.7217
1163,3.7217
1164,3.7219
1165,3.7219
1166,3.722
1167,3.722
1168,3.722
1169,3.7222
1170,3.7222
1171,3.7223
1172,3.7223
1173,3.7225
1174,3.7225
1175,3.7226
1176,3.7226
1177,3.7228
1178,3.7228
1179,3.723
1180,3.723
1181,3.7231
1182,3.7231
1183,3.7233
1184,3.7233
1185,3.7234
1186,3.7234
1187,3.7236
1188,3.7236
1189,3.7238
1190,3.7238
1191,3.7238
1192,3.7239
1193,3.7239
1194,3.7241
1195,3.7241
1196,3.7242
1197,3.7242
1198,3.7244
1199,3.7244
1200,3.7246
1201,3.7246
1202,3.7247
1203,3.7247
1204,3.7249
1205,3.7249
1206,3.725
1207,3.725
1208,3.7252
1209,3.7252
1210,3.7253
1211,3.7253
1212,3.7255
1213,3.7255
1214,3.7257
1215,3.7257
1216,3.7257
1217,3.7258
1218,3.726
1219,3.726
1220,3.726
1221,3.7261
1222,3.7261
1223,3.7263
1224,3.7263
1225,3.7265
1226,3.7265
1227,3.7266
1228,3.7266
1229,3.7268
1230,3.7268
1231,3.7269
1232,3.7269
1233,3.7271
1234,3.7271
1235,3.7273
1236,3.7273
1237,3.7274
1238,3.7274
1239,3.7276
1240,3.7276
1241,3.7277
1242,3.7277
1243,3.7277
1244,3.7279
1245,3.728
1246,3.728
1247,3.7282
1248,3.7282
1249,3.7282
1250,3.7284
1251,3.7284
1252,3.7285
1253,3.7285
1254,3.7287
1255,3.7287
1256,3.7288
1257,3.7288
1258,3.729
1259,3.729
1260,3.7292
1261,3.7292
1262,3.7293
1263,3.7293
1264,3.7295
1265,3.7295
1266,3.7296
1267,3.7296
1268,3.7298
1269,3.7298
1270,3.73
1271,3.73
1272,3.7301
1273,3.7301
1274,3.7303
1275,3.7303
1276,3.7304
1277,3.7304
1278,3.7306
1279,3.7306
1280,3.7307
1281,3.7307
1282,3.7309
1283,3.7309
1284,3.7311
1285,3.7311
1286,3.7312
1287,3.7312
1288,3.7314
1289,3.7314
1290,3.7315
1291,3.7315
1292,3.7317
1293,3.7317
1294,3.7319
1295,3.7319
1296,3.732
1297,3.732
1298,3.7322
1299,3.7322
1300,3.7323
1301,3.7323
1302,3.7325
1303,3.7325
1304,3.7327
1305,3.7327
1306,3.7328
1307,3.7328
1308,3.733
1309,3.733
1310,3.7331
1311,3.7331
1312,3.7333
1313,3.7333
1314,3.7334
1315,3.7334
1316,3.7336
1317,3.7336
1318,3.7338
1319,3.7338
1320,3.7339
1321,3.7339
1322,3.7341
1323,3.7342
1324,3.7342
1325,3.7344
1326,3.7344
1327,3.7346
1328,3.7346
1329,3.7347
1330,3.7347
1331,3.7349
1332,3.7349
1333,3.735
1334,3.735
1335,3.7352
1336,3.7352
1337,3.7354
1338,3.7354
1339,3.7355
1340,3.7355
1341,3.7357
1342,3.7357
1343,3.7358
1344,3.7358
1345,3.736
1346,3.736
1347,3.7361
1348,3.7363
1349,3.7363
1350,3.7365
1351,3.7365
1352,3.7366
1353,3.7366
1354,3.7368
1355,3.7368
1356,3.7369
1357,3.7369
1358,3.7371
1359,3.7371
1360,3.7373
1361,3.7373
1362,3.7374
1363,3.7374
1364,3.7376
1365,3.7376
1366,3.7377
1367,3.7379
1368,3.7379
1369,3.7381
1370,3.7381
1371,3.7382
1372,3.7382
1373,3.7384
1374,3.7384
1375,3.7385
1376,3.7387
1377,3.7387
1378,3.7388
1379,3.7388
1380,3.739
1381,3.739
1382,3.7392
1383,3.7392
1384,3.7393
1385,3.7393
1386,3.7395
1387,3.7396
1388,3.7396
1389,3.7398
1390,3.7398
1391,3.74
1392,3.74
1393,3.7401
1394,3.7401
1395,3.7403
1396,3.7403
1397,3.7404
1398,3.7406
1399,3.7406
1400,3.7408
1401,3.7408
1402,3.7409
1403,3.7409
1404,3.7411
1405,3.7412
1406,3.7412
1407,3.7414
1408,3.7414
1409,3.7415
1410,3.7415
1411,3.7417
1412,3.7417
1413,3.7419
1414,3.742
1415,3.742
1416,3.7422
1417,3.7422
1418,3.7423
1419,3.7423
1420,3.7425
1421,3.7427
1422,3.7427
1423,3.7428
1424,3.7428
1425,3.743
1426,3.743
1427,3.7431
1428,3.7433
1429,3.7433
1430,3.7435
1431,3.7435
1432,3.7436
1433,3.7438
1434,3.7438
1435,3.7439
1436,3.7439
1437,3.7441
1438,3.7441
1439,3.7442
1440,3.7442
1441,3.7444
1442,3.7446
1443,3.7446
1444,3.7447
1445,3.7447
1446,3.7449
1447,3.745
1448,3.745
1449,3.7452
1450,3.7452
1451,3.7454
1452,3.7455
1453,3.7455
1454,3.7457
1455,3.7457
1456,3.7458
1457,3.7458
1458,3.746
1459,3.7462
1460,3.7462
1461,3.7463
1462,3.7465
1463,3.7465
1464,3.7466
1465,3.7466
1466,3.7468
1467,3.747
1468,3.747
1469,3.7471
1470,3.7473
1471,3.7473
1472,3.7474
1473,3.7474
1474,3.7476
1475,3.7476
1476,3.7477
1477,3.7479
1478,3.7479
1479,3.7481
1480,3.7482
1481,3.7482
1482,3.7484
1483,3.7484
1484,3.7485
1485,3.7487
1486,3.7487
1487,3.7489
1488,3.749
1489,3.749
1490,3.7492
1491,3.7493
1492,3.7493
1493,3.7495
1494,3.7495
1495,3.7497
1496,3.7498
1497,3.7498
1498,3.75
1499,3.7501
1500,3.7501
1501,3.7503
1502,3.7503
1503,3.7504
1504,3.7506
1505,3.7506
1506,3.7508
1507,3.7509
1508,3.7509
1509,3.7511
1510,3.7512
1511,3.7512
1512,3.7514
1513,3.7514
1514,3.7516
1515,3.7517
1516,3.7517
1517,3.7519
1518,3.752
1519,3.752
1520,3.7522
1521,3.7524
1522,3.7524
1523,3.7525
1524,3.7527
1525,3.7527
1526,3.7528
1527,3.753
1528,3.753
1529,3.7531
1530,3.7533
1531,3.7533
1532,3.7535
1533,3.7536
1534,3.7536
1535,3.7538
1536,3.7539
1537,3.7539
1538,3.7541
1539,3.7543
1540,3.7543
1541,3.7544
1542,3.7546
1543,3.7546
1544,3.7547
1545,3.7549
1546,3.7549
1547,3.7551
1548,3.7552
1549,3.7552
1550,3.7554
1551,3.7555
1552,3.7555
1553,3.7557
1554,3.7558
1555,3.756
1556,3.756
1557,3.7562
1558,3.7563
1559,3.7563
1560,3.7565
1561,3.7566
1562,3.7566
1563,3.7568
1564,3.757
1565,3.757
1566,3.7571
1567,3.7573
1568,3.7574
1569,3.7574
1570,3.7576
1571,3.7578
1572,3.7578
1573,3.7579
1574,3.7581
1575,3.7582
1576,3.7582
1577,3.7584
1578,3.7585
1579,3.7585
1580,3.7587
1581,3.7589
1582,3.759
1583,3.759
1584,3.7592
1585,3.7593
1586,3.7593
1587,3.7595
1588,3.7597
1589,3.7597
1590,3.7598
1591,3.76
1592,3.7601
1593,3.7601
1594,3.7603
1595,3.7605
1596,3.7606
1597,3.7606
1598,3.7608
1599,3.7609
1600,3.7611
1601,3.7611
1602,3.7612
1603,3.7614
1604,3.7616
1605,3.7616
1606,3.7617
1607,3.7619
1608,3.7619
1609,3.762
1610,3.7622
1611,3.7624
1612,3.7624
1613,3.7625
1614,3.7627
1615,3.7628
1616,3.7628
1617,3.763
1618,3.7632
1619,3.7633
1620,3.7633
1621,3.7635
1622,3.7636
1623,3.7638
1624,3.7638
1625,3.7639
1626,3.7641
1627,3.7643
1628,3.7644
1629,3.7644
1630,3.7646
1631,3.7647
1632,3.7649
1633,3.7649
1634,3.7651
1635,3.7652
1636,3.7654
1637,3.7654
1638,3.7655
1639,3.7657
1640,3.7659
1641,3.7659
1642,3.766
1643,3.7662
1644,3.7663
1645,3.7665
1646,3.7665
1647,3.7666
1648,3.7668
1649,3.767
1650,3.7671
1651,3.7671
1652,3.7673
1653,3.7674
1654,3.7676
1655,3.7676
1656,3.7678
1657,3.7679
1658,3.7681
1659,3.7682
1660,3.7684
1661,3.7684
1662,3.7686
1663,3.7687
1664,3.7689
1665,3.7689
1666,3.769
1667,3.7692
1668,3.7693
1669,3.7693
1670,3.7697
1671,3.7697
1672,3.7698
1673,3.77
1674,3.7701
1675,3.7701
1676,3.7703
1677,3.7705
1678,3.7706
1679,3.7708
1680,3.7709
1681,3.7709
1682,3.7711
1683,3.7713
1684,3.7714
1685,3.7716
1686,3.7716
1687,3.7717
1688,3.7719
1689,3.7721
1690,3.7722
1691,3.7724
1692,3.7724
1693,3.7725
1694,3.7727
1695,3.7728
1696,3.773
1697,3.7732
1698,3.7732
1699,3.7733
1700,3.7735
1701,3.7736
1702,3.7738
1703,3.774
1704,3.774
1705,3.7741
1706,3.7743
1707,3.7744
1708,3.7746
1709,3.7748
1710,3.7748
1711,3.7749
1712,3.7751
1713,3.7752
1714,3.7754
1715,3.7754
1716,3.7757
1717,3.7759
1718,3.7759
1719,3.776
1720,3.7762
1721,3.7763
1722,3.7763
1723,3.7765
1724,3.7767
1725,3.7768
1726,3.777
1727,3.7771
1728,3.7773
1729,3.7773
1730,3.7776
1731,3.7778
1732,3.7778
1733,3.7779
1734,3.7781
1735,3.7782
1736,3.7784
1737,3.7786
1738,3.7787
1739,3.7789
1740,3.7789
1741,3.779
1742,3.7792
1743,3.7794
1744,3.7795
1745,3.7797
1746,3.7798
1747,3.7798
1748,3.78
1749,3.7802
1750,3.7803
1751,3.7805
1752,3.7806
1753,3.7808
1754,3.7808
1755,3.7809
1756,3.7811
1757,3.7813
1758,3.7814
1759,3.7816
1760,3.7817
1761,3.7819
1762,3.7821
1763,3.7822
1764,3.7824
1765,3.7824
1766,3.7825
1767,3.7827
1768,3.7829
1769,3.783
1770,3.7832
1771,3.7833
1772,3.7835
1773,3.7836
1774,3.7838
1775,3.784
1776,3.784
1777,3.7841
1778,3.7843
1779,3.7844
1780,3.7846
1781,3.7848
1782,3.7849
1783,3.7851
1784,3.7852
1785,3.7854
1786,3.7856
1787,3.7856
1788,3.7857
1789,3.7859
1790,3.786
1791,3.7862
1792,3.7863
1793,3.7865
1794,3.7867
1795,3.7868
1796,3.787
1797,3.7871
1798,3.7873
1799,3.7875
1800,3.7876
1801,3.7876
1802,3.7878
1803,3.7879
1804,3.7881
1805,3.7883
1806,3.7884
1807,3.7886
1808,3.7887
1809,3.7889
1810,3.789
1811,3.7892
1812,3.7894
1813,3.7895
1814,3.7897
1815,3.7898
1816,3.79
1817,3.7902
1818,3.7903
1819,3.7903
1820,3.7906
1821,3.7906
1822,3.7908
1823,3.791
1824,3.7911
1825,3.7913
1826,3.7914
1827,3.7916
1828,3.7917
1829,3.7919
1830,3.7921
1831,3.7922
1832,3.7924
1833,3.7925
1834,3.7927
1835,3.7929
1836,3.793
1837,3.7932
1838,3.7933
1839,3.7935
1840,3.7937
1841,3.7938
1842,3.794
1843,3.7941
1844,3.7943
1845,3.7944
1846,3.7946
1847,3.7948
1848,3.7949
1849,3.7951
1850,3.7952
1851,3.7954
1852,3.7956
1853,3.7956
1854,3.7959
1855,3.796
1856,3.7962
1857,3.7964
1858,3.7965
1859,3.7965
1860,3.7968
1861,3.797
1862,3.7972
1863,3.7973
1864,3.7975
1865,3.7976
1866,3.7976
1867,3.7979
1868,3.7979
1869,3.7981
1870,3.7984
1871,3.7986
1872,3.7987
1873,3.7989
1874,3.7991
1875,3.7992
1876,3.7994
1877,3.7995
1878,3.7997
1879,3.7999
1880,3.8
1881,3.8002
1882,3.8003
1883,3.8005
1884,3.8006
1885,3.8008
1886,3.801
1887,3.8011
1888,3.8013
1889,3.8014
1890,3.8016
1891,3.8018
1892,3.8019
1893,3.8021
1894,3.8022
1895,3.8024
1896,3.8026
1897,3.8027
1898,3.8029
1899,3.803
1900,3.8032
1901,3.8033
1902,3.8037
1903,3.8038
1904,3.804
1905,3.8041
1906,3.8043
1907,3.8045
1908,3.8046
1909,3.8048
1910,3.8049
1911,3.8051
1912,3.8053
1913,3.8054
1914,3.8056
1915,3.8057
1916,3.8059
1917,3.806
1918,3.8062
1919,3.8065
1920,3.8067
1921,3.8068
1922,3.807
1923,3.8072
1924,3.8073
1925,3.8075
1926,3.8076
1927,3.8078
1928,3.808
1929,3.8081
1930,3.8083
1931,3.8084
1932,3.8087
1933,3.8089
1934,3.8091
1935,3.8092
1936,3.8094
1937,3.8095
1938,3.8097
1939,3.8099
1940,3.81
1941,3.8103
1942,3.8105
1943,3.8107
1944,3.8108
1945,3.811
1946,3.8111
1947,3.8113
1948,3.8114
1949,3.8116
1950,3.8119
1951,3.8121
1952,3.8122
1953,3.8124
1954,3.8126
1955,3.8127
1956,3.8129
1957,3.813
1958,3.8134
1959,3.8135
1960,3.8137
1961,3.8138
1962,3.814
1963,3.8141
1964,3.8143
1965,3.8145
1966,3.8148
1967,3.8149
1968,3.8151
1969,3.8153
1970,3.8154
1971,3.8156
1972,3.8159
1973,3.8161
1974,3.8162
1975,3.8164
1976,3.8165
1977,3.8167
1978,3.8169
1979,3.8172
1980,3.8173
1981,3.8175
1982,3.8176
1983,3.8178
1984,3.8181
1985,3.8183
1986,3.8184
1987,3.8186
1988,3.8188
1989,3.8189
1990,3.8192
1991,3.8194
1992,3.8196
1993,3.8197
1994,3.8199
1995,3.8202
1996,3.8203
1997,3.8205
1998,3.8207
1999,3.8208
2000,3.821
2001,3.8213
2002,3.8215
2003,3.8216
2004,3.8218
2005,3.8219
2006,3.8223
2007,3.8224
2008,3.8226
2009,3.8227
2010,3.823
2011,3.8232
2012,3.8234
2013,3.8235
2014,3.8237
2015,3.824
2016,3.8242
2017,3.8243
2018,3.8245
2019,3.8246
2020,3.825
2021,3.8251
2022,3.8253
2023,3.8256
2024,3.8257
2025,3.8259
2026,3.8261
2027,3.8262
2028,3.8265
2029,3.8267
2030,3.8269
2031,3.8272
2032,3.8273
2033,3.8275
2034,3.8277
2035,3.828
2036,3.8281
2037,3.8283
2038,3.8284
2039,3.8286
2040,3.8289
2041,3.8291
2042,3.8292
2043,3.8296
2044,3.8297
2045,3.8299
2046,3.83
2047,3.8304
2048,3.8305
2049,3.8307
2050,3.831
2051,3.8311
2052,3.8313
2053,3.8316
2054,3.8318
2055,3.8319
2056,3.8321
2057,3.8324
2058,3.8326
2059,3.8327
2060,3.8331
2061,3.8332
2062,3.8334
2063,3.8337
2064,3.8338
2065,3.834
2066,3.8343
2067,3.8345
2068,3.8346
2069,3.8348
2070,3.8351
2071,3.8353
2072,3.8354
2073,3.8358
2074,3.8359
2075,3.8362
2076,3.8364
2077,3.8365
2078,3.8369
2079,3.837
2080,3.8372
2081,3.8375
2082,3.8377
2083,3.8378
2084,3.8381
2085,3.8383
2086,3.8385
2087,3.8388
2088,3.8389
2089,3.8391
2090,3.8394
2091,3.8396
2092,3.8399
2093,3.84
2094,3.8402
2095,3.8405
2096,3.8407
2097,3.841
2098,3.8412
2099,3.8413
2100,3.8415
2101,3.8418
2102,3.842
2103,3.8423
2104,3.8424
2105,3.8426
2106,3.8429
2107,3.8431
2108,3.8434
2109,3.8435
2110,3.8437
2111,3.844
2112,3.8442
2113,3.8445
2114,3.8447
2115,3.8448
2116,3.8451
2117,3.8453
2118,3.8456
2119,3.8458
2120,3.8461
2121,3.8462
2122,3.8464
2123,3.8467
2124,3.8469
2125,3.8472
2126,3.8474
2127,3.8477
2128,3.8478
2129,3.848
2130,3.8483
2131,3.8485
2132,3.8488
2133,3.8489
2134,3.8491
2135,3.8494
2136,3.8496
2137,3.8499
2138,3.8501
2139,3.8504
2140,3.8505
2141,3.8508
2142,3.851
2143,3.8512
2144,3.8515
2145,3.8516
2146,3.852
2147,3.8521
2148,3.8524
2149,3.8526
2150,3.8529
2151,3.8531
2152,3.8534
2153,3.8535
2154,3.8537
2155,3.854
2156,3.8542
2157,3.8545
2158,3.8547
2159,3.855
2160,3.8551
2161,3.8555
2162,3.8556
2163,3.8559
2164,3.8561
2165,3.8564
2166,3.8566
2167,3.8569
2168,3.857
2169,3.8572
2170,3.8575
2171,3.8577
2172,3.858
2173,3.8582
2174,3.8585
2175,3.8586
2176,3.8589
2177,3.8591
2178,3.8594
2179,3.8596
2180,3.8599
2181,3.8601
2182,3.8604
2183,3.8605
2184,3.8609
2185,3.861
2186,3.8613
2187,3.8615
2188,3.8618
2189,3.862
2190,3.8623
2191,3.8624
2192,3.8628
2193,3.8629
2194,3.8632
2195,3.8634
2196,3.8637
2197,3.8639
2198,3.8642
2199,3.8643
2200,3.8647
2201,3.8648
2202,3.8651
2203,3.8653
2204,3.8656
2205,3.8658
2206,3.8661
2207,3.8663
2208,3.8666
2209,3.8667
2210,3.8671
2211,3.8672
2212,3.8675
2213,3.8677
2214,3.868
2215,3.8682
2216,3.8685
2217,3.8686
2218,3.869
2219,3.8691
2220,3.8694
2221,3.8698
2222,3.8699
2223,3.8701
2224,3.8704
2225,3.8705
2226,3.8709
2227,3.8712
2228,3.8713
2229,3.8715
2230,3.8718
2231,3.8721
2232,3.8723
2233,3.8726
2234,3.8728
2235,3.8731
2236,3.8732
2237,3.8736
2238,3.8737
2239,3.874
2240,3.8742
2241,3.8745
2242,3.8747
2243,3.875
2244,3.8752
2245,3.8755
2246,3.8756
2247,3.8759
2248,3.8761
2249,3.8764
2250,3.8766
2251,3.8769
2252,3.8771
2253,3.8774
2254,3.8775
2255,3.8779
2256,3.878
2257,3.8783
2258,3.8785
2259,3.8788
2260,3.879
2261,3.8793
2262,3.8794
2263,3.8798
2264,3.8799
2265,3.8802
2266,3.8804
2267,3.8807
2268,3.8809
2269,3.8812
2270,3.8813
2271,3.8817
2272,3.8818
2273,3.8821
2274,3.8823
2275,3.8826
2276,3.8828
2277,3.8831
2278,3.8833
2279,3.8836
2280,3.8837
2281,3.884
2282,3.8842
2283,3.8845
2284,3.8847
2285,3.885
2286,3.8852
2287,3.8855
2288,3.8856
2289,3.886
2290,3.8861
2291,3.8864
2292,3.8866
2293,3.8869
2294,3.8871
2295,3.8872
2296,3.8875
2297,3.8877
2298,3.888
2299,3.8882
2300,3.8885
2301,3.8887
2302,3.889
2303,3.8891
2304,3.8894
2305,3.8896
2306,3.8899
2307,3.8901
2308,3.8904
2309,3.8906
2310,3.8909
2311,3.891
2312,3.8914
2313,3.8915
2314,3.8918
2315,3.892
2316,3.8923
2317,3.8925
2318,3.8926
2319,3.8929
2320,3.8931
2321,3.8934
2322,3.8936
2323,3.8939
2324,3.8941
2325,3.8944
2326,3.8945
2327,3.8949
2328,3.895
2329,3.8953
2330,3.8955
2331,3.8956
2332,3.896
2333,3.8961
2334,3.8964
2335,3.8966
2336,3.8969
2337,3.8971
2338,3.8974
2339,3.8976
2340,3.8979
2341,3.898
2342,3.8982
2343,3.8985
2344,3.8987
2345,3.899
2346,3.8991
2347,3.8995
2348,3.8996
2349,3.8999
2350,3.9001
2351,3.9004
2352,3.9006
2353,3.9007
2354,3.901
2355,3.9012
2356,3.9015
2357,3.9017
2358,3.902
2359,3.9022
2360,3.9025
2361,3.9026
2362,3.903
2363,3.9031
2364,3.9033
2365,3.9036
2366,3.9037
2367,3.9041
2368,3.9042
2369,3.9045
2370,3.9047
2371,3.905
2372,3.9052
2373,3.9055
2374,3.9057
2375,3.9058
2376,3.9061
2377,3.9063
2378,3.9066
2379,3.9068
2380,3.9071
2381,3.9072
2382,3.9076
2383,3.9077
2384,3.9079
2385,3.9082
2386,3.9084
2387,3.9087
2388,3.9088
2389,3.9091
2390,3.9093
2391,3.9096
2392,3.9098
2393,3.9101
2394,3.9103
2395,3.9104
2396,3.9107
2397,3.9109
2398,3.9112
2399,3.9114
2400,3.9117
2401,3.9118
2402,3.9122
2403,3.9123
2404,3.9126
2405,3.9128
2406,3.9131
2407,3.9133
2408,3.9134
2409,3.9138
2410,3.9139
2411,3.9142
2412,3.9144
2413,3.9147
2414,3.9149
2415,3.9152
2416,3.9153
2417,3.9157
2418,3.9158
2419,3.9161
2420,3.9163
2421,3.9165
2422,3.9168
2423,3.9169
2424,3.9173
2425,3.9174
2426,3.9177
2427,3.9179
2428,3.9182
2429,3.9184
2430,3.9187
2431,3.9188
2432,3.9192
2433,3.9193
2434,3.9196
2435,3.9198
2436,3.9201
2437,3.9203
2438,3.9206
2439,3.9207
2440,3.9211
2441,3.9212
2442,3.9215
2443,3.9217
2444,3.922
2445,3.9222
2446,3.9225
2447,3.9227
2448,3.923
2449,3.9231
2450,3.9233
2451,3.9236
2452,3.9238
2453,3.9241
2454,3.9244
2455,3.9246
2456,3.9249
2457,3.925
2458,3.9254
2459,3.9255
2460,3.9258
2461,3.926
2462,3.9261
2463,3.9265
2464,3.9268
2465,3.9269
2466,3.9273
2467,3.9274
2468,3.9277
2469,3.9279
2470,3.9282
2471,3.9284
2472,3.9287
2473,3.9288
2474,3.9292
2475,3.9295
2476,3.9296
2477,3.93
2478,3.9301
2479,3.9304
2480,3.9306
2481,3.9309
2482,3.9311
2483,3.9314
2484,3.9315
2485,3.9319
2486,3.9322
2487,3.9323
2488,3.9327
2489,3.9328
2490,3.9331
2491,3.9333
2492,3.9336
2493,3.9338
2494,3.9341
2495,3.9344
2496,3.9346
2497,3.9349
2498,3.935
2499,3.9354
2500,3.9357
2501,3.9358
2502,3.9362
2503,3.9363
2504,3.9366
2505,3.9368
2506,3.9371
2507,3.9374
2508,3.9376
2509,3.9379
2510,3.9381
2511,3.9384
2512,3.9385
2513,3.9389
2514,3.9392
2515,3.9393
2516,3.9396
2517,3.94
2518,3.9401
2519,3.9404
2520,3.9406
2521,3.9409
2522,3.9412
2523,3.9414
2524,3.9417
2525,3.9419
2526,3.9422
2527,3.9425
2528,3.9427
2529,3.943
2530,3.9431
2531,3.9435
2532,3.9438
2533,3.9439
2534,3.9443
2535,3.9446
2536,3.9447
2537,3.9451
2538,3.9454
2539,3.9455
2540,3.9458
2541,3.9462
2542,3.9463
2543,3.9466
2544,3.947
2545,3.9471
2546,3.9474
2547,3.9478
2548,3.9479
2549,3.9482
2550,3.9485
2551,3.9487
2552,3.949
2553,3.9492
2554,3.9495
2555,3.9498
2556,3.95
2557,3.9503
2558,3.9506
2559,3.9508
2560,3.9511
2561,3.9514
2562,3.9516
2563,3.9519
2564,3.9522
2565,3.9525
2566,3.9527
2567,3.953
2568,3.9533
2569,3.9535
2570,3.9538
2571,3.9541
2572,3.9543
2573,3.9546
2574,3.9549
2575,3.9551
2576,3.9554
2577,3.9557
2578,3.9559
2579,3.9562
2580,3.9565
2581,3.9568
2582,3.957
2583,3.9573
2584,3.9576
2585,3.9578
2586,3.9581
2587,3.9584
2588,3.9587
2589,3.9589
2590,3.9592
2591,3.9595
2592,3.9597
2593,3.96
2594,3.9603
2595,3.9605
2596,3.9608
2597,3.9611
2598,3.9614
2599,3.9616
2600,3.9619
2601,3.9622
2602,3.9624
2603,3.9627
2604,3.963
2605,3.9633
2606,3.9635
2607,3.9638
2608,3.9641
2609,3.9644
2610,3.9646
2611,3.9649
2612,3.9652
2613,3.9654
2614,3.9657
2615,3.966
2616,3.9663
2617,3.9665
2618,3.9668
2619,3.9671
2620,3.9673
2621,3.9676
2622,3.9679
2623,3.9682
2624,3.9684
2625,3.9687
2626,3.969
2627,3.9692
2628,3.9695
2629,3.9698
2630,3.9702
2631,3.9703
2632,3.9706
2633,3.9709
2634,3.9711
2635,3.9714
2636,3.9717
2637,3.9719
2638,3.9722
2639,3.9725
2640,3.9729
2641,3.973
2642,3.9733
2643,3.9736
2644,3.9738
2645,3.9741
2646,3.9744
2647,3.9748
2648,3.9749
2649,3.9752
2650,3.9756
2651,3.9757
2652,3.976
2653,3.9763
2654,3.9765
2655,3.9768
2656,3.9771
2657,3.9773
2658,3.9776
2659,3.9779
2660,3.9781
2661,3.9784
2662,3.9787
2663,3.9789
2664,3.9792
2665,3.9795
2666,3.9797
2667,3.98
2668,3.9803
2669,3.9806
2670,3.9808
2671,3.9811
2672,3.9813
2673,3.9816
2674,3.9819
2675,3.9821
2676,3.9824
2677,3.9827
2678,3.9829
2679,3.9832
2680,3.9835
2681,3.9837
2682,3.984
2683,3.9841
2684,3.9844
2685,3.9848
2686,3.9849
2687,3.9852
2688,3.9856
2689,3.9857
2690,3.986
2691,3.9862
2692,3.9865
2693,3.9868
2694,3.987
2695,3.9873
2696,3.9875
2697,3.9878
2698,3.9881
2699,3.9883
2700,3.9886
2701,3.9887
2702,3.9891
2703,3.9892
2704,3.9895
2705,3.9897
2706,3.99
2707,3.9903
2708,3.9905
2709,3.9908
2710,3.991
2711,3.9913
2712,3.9914
2713,3.9918
2714,3.9919
2715,3.9922
2716,3.9924
2717,3.9927
2718,3.9929
2719,3.9932
2720,3.9933
2721,3.9937
2722,3.994
2723,3.9941
2724,3.9945
2725,3.9946
2726,3.9949
2727,3.9951
2728,3.9954
2729,3.9956
2730,3.9957
2731,3.996
2732,3.9962
2733,3.9965
2734,3.9967
2735,3.997
2736,3.9972
2737,3.9975
2738,3.9976
2739,3.9978
2740,3.9981
2741,3.9983
2742,3.9986
2743,3.9987
2744,3.9991
2745,3.9992
2746,3.9994
2747,3.9997
2748,3.9999
2749,4.0002
2750,4.0003
2751,4.0005
2752,4.0008
2753,4.001
2754,4.0013
2755,4.0014
2756,4.0016
2757,4.0018
2758,4.0021
2759,4.0022
2760,4.0026
2761,4.0027
2762,4.0029
2763,4.0032
2764,4.0034
2765,4.0035
2766,4.0038
2767,4.004
2768,4.0041
2769,4.0045
2770,4.0046
2771,4.0048
2772,4.0051
2773,4.0053
2774,4.0054
2775,4.0057
2776,4.0059
2777,4.0061
2778,4.0062
2779,4.0065
2780,4.0067
2781,4.0068
2782,4.007
2783,4.0073
2784,4.0075
2785,4.0076
2786,4.0078
2787,4.0081
2788,4.0083
2789,4.0084
2790,4.0086
2791,4.0089
2792,4.0091
2793,4.0092
2794,4.0094
2795,4.0095
2796,4.0099
2797,4.01
2798,4.0102
2799,4.0103
2800,4.0105
2801,4.0108
2802,4.011
2803,4.0111
2804,4.0113
2805,4.0115
2806,4.0116
2807,4.0119
2808,4.0121
2809,4.0122
2810,4.0124
2811,4.0126
2812,4.0129
2813,4.013
2814,4.0132
2815,4.0134
2816,4.0135
2817,4.0137
2818,4.0138
2819,4.014
2820,4.0143
2821,4.0145
2822,4.0146
2823,4.0148
2824,4.015
2825,4.0151
2826,4.0153
2827,4.0154
2828,4.0157
2829,4.0159
2830,4.0161
2831,4.0162
2832,4.0164
2833,4.0165
2834,4.0167
2835,4.0169
2836,4.017
2837,4.0172
2838,4.0173
2839,4.0177
2840,4.0178
2841,4.018
2842,4.0181
2843,4.0183
2844,4.0184
2845,4.0186
2846,4.0188
2847,4.0189
2848,4.0191
2849,4.0192
2850,4.0194
2851,4.0196
2852,4.0197
2853,4.0199
2854,4.02
2855,4.0202
2856,4.0204
2857,4.0205
2858,4.0207
2859,4.0208
2860,4.021
2861,4.0213
2862,4.0215
2863,4.0216
2864,4.0218
2865,4.0219
2866,4.0221
2867,4.0223
2868,4.0224
2869,4.0226
2870,4.0227
2871,4.0229
2872,4.0231
2873,4.0232
2874,4.0234
2875,4.0235
2876,4.0237
2877,4.0238
2878,4.024
2879,4.0242
2880,4.0243
2881,4.0245
2882,4.0246
2883,4.0248
2884,4.025
2885,4.0251
2886,4.0253
2887,4.0254
2888,4.0256
2889,4.0258
2890,4.0259
2891,4.0261
2892,4.0262
2893,4.0264
2894,4.0265
2895,4.0267
2896,4.0269
2897,4.027
2898,4.0272
2899,4.0273
2900,4.0275
2901,4.0277
2902,4.0278
2903,4.028
2904,4.0281
2905,4.0283
2906,4.0285
2907,4.0286
2908,4.0288
2909,4.0289
2910,4.0291
2911,4.0292
2912,4.0294
2913,4.0296
2914,4.0297
2915,4.0299
2916,4.03
2917,4.0302
2918,4.0304
2919,4.0305
2920,4.0307
2921,4.0308
2922,4.031
2923,4.0312
2924,4.0313
2925,4.0315
2926,4.0316
2927,4.0318
2928,4.0319
2929,4.0321
2930,4.0323
2931,4.0324
2932,4.0326
2933,4.0327
2934,4.0329
2935,4.0331
2936,4.0332
2937,4.0334
2938,4.0335
2939,4.0337
2940,4.0339
2941,4.034
2942,4.0342
2943,4.0343
2944,4.0345
2945,4.0346
2946,4.0348
2947,4.035
2948,4.0351
2949,4.0353
2950,4.0356
2951,4.0358
2952,4.0359
2953,4.0361
2954,4.0362
2955,4.0364
2956,4.0366
2957,4.0367
2958,4.0369
2959,4.037
2960,4.0372
2961,4.0373
2962,4.0375
2963,4.0378
2964,4.038
2965,4.0381
2966,4.0383
2967,4.0385
2968,4.0386
2969,4.0388
2970,4.0389
2971,4.0391
2972,4.0394
2973,4.0396
2974,4.0397
2975,4.0399
2976,4.0401
2977,4.0402
2978,4.0404
2979,4.0405
2980,4.0408
2981,4.041
2982,4.0412
2983,4.0413
2984,4.0415
2985,4.0416
2986,4.042
2987,4.0421
2988,4.0423
2989,4.0424
2990,4.0426
2991,4.0428
2992,4.0431
2993,4.0432
2994,4.0434
2995,4.0435
2996,4.0439
2997,4.044
2998,4.0442
2999,4.0443
3000,4.0445
3001,4.0448
3002,4.045
3003,4.0451
3004,4.0453
3005,4.0456
3006,4.0458
3007,4.0459
3008,4.0462
3009,4.0464
3010,4.0466
3011,4.0467
3012,4.047
3013,4.0472
3014,4.0474
3015,4.0477
3016,4.0478
3017,4.048
3018,4.0483
3019,4.0485
3020,4.0486
3021,4.0489
3022,4.0491
3023,4.0493
3024,4.0496
3025,4.0497
3026,4.0499
3027,4.0502
3028,4.0504
3029,4.0507
3030,4.0509
3031,4.051
3032,4.0513
3033,4.0515
3034,4.0518
3035,4.052
3036,4.0523
3037,4.0524
3038,4.0526
3039,4.0529
3040,4.0531
3041,4.0534
3042,4.0536
3043,4.0539
3044,4.054
3045,4.0543
3046,4.0545
3047,4.0548
3048,4.055
3049,4.0553
3050,4.0555
3051,4.0558
3052,4.0559
3053,4.0563
3054,4.0566
3055,4.0567
3056,4.057
3057,4.0572
3058,4.0575
3059,4.0577
3060,4.058
3061,4.0582
3062,4.0585
3063,4.0588
3064,4.059
3065,4.0593
3066,4.0596
3067,4.0597
3068,4.0601
3069,4.0602
3070,4.0605
3071,4.0609
3072,4.061
3073,4.0613
3074,4.0617
3075,4.0618
3076,4.0621
3077,4.0625
3078,4.0626
3079,4.0629
3080,4.0632
3081,4.0634
3082,4.0637
3083,4.064
3084,4.0644
3085,4.0645
3086,4.0648
3087,4.0652
3088,4.0655
3089,4.0656
3090,4.0659
3091,4.0663
3092,4.0666
3093,4.0667
3094,4.0671
3095,4.0674
3096,4.0677
3097,4.0679
3098,4.0682
3099,4.0685
3100,4.0688
3101,4.069
3102,4.0693
3103,4.0696
3104,4.0699
3105,4.0702
3106,4.0706
3107,4.0707
3108,4.071
3109,4.0713
3110,4.0717
3111,4.072
3112,4.0723
3113,4.0726
3114,4.0728
3115,4.0731
3116,4.0734
3117,4.0737
3118,4.074
3119,4.0744
3120,4.0747
3121,4.0748
3122,4.0752
3123,4.0755
3124,4.0758
3125,4.0761
3126,4.0764
3127,4.0767
3128,4.0771
3129,4.0774
3130,4.0775
3131,4.0779
3132,4.0782
3133,4.0785
3134,4.0788
3135,4.0791
3136,4.0794
3137,4.0798
3138,4.0801
3139,4.0804
3140,4.0806
3141,4.0809
3142,4.0812
3143,4.0815
3144,4.0818
3145,4.0821
3146,4.0825
3147,4.0828
3148,4.0831
3149,4.0834
3150,4.0837
3151,4.0841
3152,4.0844
3153,4.0847
3154,4.085
3155,4.0852
3156,4.0855
3157,4.0858
3158,4.0861
3159,4.0864
3160,4.0868
3161,4.0871
3162,4.0874
3163,4.0877
3164,4.088
3165,4.0883
3166,4.0887
3167,4.089
3168,4.0893
3169,4.0896
3170,4.0899
3171,4.0903
3172,4.0906
3173,4.0907
3174,4.091
3175,4.0914
3176,4.0917
3177,4.092
3178,4.0923
3179,4.0926
3180,4.093
3181,4.0933
3182,4.0936
3183,4.0939
3184,4.0942
3185,4.0945
3186,4.0949
3187,4.0952
3188,4.0955
3189,4.0957
3190,4.096
3191,4.0963
3192,4.0966
3193,4.0969
3194,4.0972
3195,4.0976
3196,4.0979
3197,4.0982
3198,4.0985
3199,4.0988
3200,4.0991
3201,4.0993
3202,4.0996
3203,4.1001
3204,4.1003
3205,4.1006
3206,4.1009
3207,4.1012
3208,4.1015
3209,4.1018
3210,4.1022
3211,4.1023
3212,4.1026
3213,4.103
3214,4.1033
3215,4.1036
3216,4.1039
3217,4.1042
3218,4.1045
3219,4.1047
3220,4.105
3221,4.1053
3222,4.1057
3223,4.106
3224,4.1063
3225,4.1065
3226,4.1068
3227,4.1071
3228,4.1074
3229,4.1077
3230,4.108
3231,4.1084
3232,4.1085
3233,4.1088
3234,4.1092
3235,4.1095
3236,4.1098
3237,4.1099
3238,4.1103
3239,4.1106
3240,4.1109
3241,4.1112
3242,4.1114
3243,4.1117
3244,4.112
3245,4.1123
3246,4.1127
3247,4.1128
3248,4.1131
3249,4.1134
3250,4.1138
3251,4.1139
3252,4.1142
3253,4.1146
3254,4.1149
3255,4.115
3256,4.1154
3257,4.1157
3258,4.116
3259,4.1161
3260,4.1165
3261,4.1168
3262,4.1169
3263,4.1173
3264,4.1176
3265,4.1179
3266,4.1181
3267,4.1184
3268,4.1187
3269,4.1188
3270,4.1192
3271,4.1195
3272,4.1196
3273,4.12
3274,4.1201
3275,4.1204
3276,4.1208
3277,4.1209
3278,4.1212
3279,4.1215
3280,4.1217
3281,4.122
3282,4.1223
3283,4.1225
3284,4.1228
3285,4.123
3286,4.1233
3287,4.1236
3288,4.1238
3289,4.1241
3290,4.1242
3291,4.1246
3292,4.1249
3293,4.125
3294,4.1254
3295,4.1255
3296,4.1258
3297,4.126
3298,4.1263
3299,4.1265
3300,4.1268
3301,4.1269
3302,4.1273
3303,4.1274
3304,4.1277
3305,4.1279
3306,4.1282
3307,4.1285
3308,4.1287
3309,4.129
3310,4.1292
3311,4.1293
3312,4.1296
3313,4.1298
3314,4.1301
3315,4.1303
3316,4.1306
3317,4.1308
3318,4.1309
3319,4.1312
3320,4.1314
3321,4.1317
3322,4.1319
3323,4.1322
3324,4.1323
3325,4.1325
3326,4.1328
3327,4.133
3328,4.1333
3329,4.1335
3330,4.1336
3331,4.1339
3332,4.1341
3333,4.1344
3334,4.1346
3335,4.1347
3336,4.135
3337,4.1352
3338,4.1354
3339,4.1357
3340,4.1358
3341,4.136
3342,4.1363
3343,4.1365
3344,4.1366
3345,4.1368
3346,4.1371
3347,4.1373
3348,4.1374
3349,4.1378
3350,4.1379
3351,4.1381
3352,4.1382
3353,4.1385
3354,4.1387
3355,4.1389
3356,4.139
3357,4.1393
3358,4.1395
3359,4.1397
3360,4.1398
3361,4.14
3362,4.1403
3363,4.1405
3364,4.1406
3365,4.1408
3366,4.1411
3367,4.1412
3368,4.1414
3369,4.1416
3370,4.1417
3371,4.142
3372,4.1422
3373,4.1424
3374,4.1425
3375,4.1427
3376,4.1428
3377,4.143
3378,4.1432
3379,4.1435
3380,4.1436
3381,4.1438
3382,4.1439
3383,4.1441
3384,4.1443
3385,4.1444
3386,4.1446
3387,4.1447
3388,4.1449
3389,4.1451
3390,4.1454
3391,4.1455
3392,4.1457
3393,4.1459
3394,4.146
3395,4.1462
3396,4.1463
3397,4.1465
3398,4.1466
3399,4.1468
3400,4.147
3401,4.1471
3402,4.1473
3403,4.1474
3404,4.1476
3405,4.1478
3406,4.1479
3407,4.1481
3408,4.1482
3409,4.1484
3410,4.1486
3411,4.1487
3412,4.1489
3413,4.149
3414,4.1492
3415,4.1493
3416,4.1493
3417,4.1495
3418,4.1497
3419,4.1498
3420,4.15
3421,4.1501
3422,4.1503
3423,4.1505
3424,4.1506
3425,4.1508
3426,4.1509
3427,4.1509
3428,4.1511
3429,4.1513
3430,4.1514
3431,4.1516
3432,4.1517
3433,4.1519
3434,4.152
3435,4.152
3436,4.1522
3437,4.1524
3438,4.1525
3439,4.1527
3440,4.1528
3441,4.1528
3442,4.153
3443,4.1532
3444,4.1533
3445,4.1535
3446,4.1535
3447,4.1536
3448,4.1538
3449,4.154
3450,4.1541
3451,4.1541
3452,4.1543
3453,4.1544
3454,4.1546
3455,4.1546
3456,4.1547
3457,4.1549
3458,4.1551
3459,4.1551
3460,4.1552
3461,4.1554
3462,4.1555
3463,4.1555
3464,4.1557
3465,4.1559
3466,4.156
3467,4.156
3468,4.1562
3469,4.1563
3470,4.1563
3471,4.1565
3472,4.1567
3473,4.1568
3474,4.1568
3475,4.157
3476,4.1571
3477,4.1571
3478,4.1573
3479,4.1574
3480,4.1574
3481,4.1576
3482,4.1578
3483,4.1578
3484,4.1579
3485,4.1579
3486,4.1581
3487,4.1582
3488,4.1584
3489,4.1584
3490,4.1586
3491,4.1586
3492,4.1587
3493,4.1589
3494,4.1589
3495,4.159
3496,4.159
3497,4.1592
3498,4.1594
3499,4.1594
3500,4.1595
3501,4.1595
3502,4.1597
3503,4.1598
3504,4.1598
3505,4.16
3506,4.1602
3507,4.1602
3508,4.1602
3509,4.1603
3510,4.1605
3511,4.1605
3512,4.1606
3513,4.1606
3514,4.1608
3515,4.1609
3516,4.1609
3517,4.1611
3518,4.1611
3519,4.1613
3520,4.1613
3521,4.1614
3522,4.1614
3523,4.1616
3524,4.1616
3525,4.1617
3526,4.1619
3527,4.1619
3528,4.1619
3529,4.1621
3530,4.1622
3531,4.1622
3532,4.1624
3533,4.1624
3534,4.1625
3535,4.1625
3536,4.1627
3537,4.1627
3538,4.1629
3539,4.1629
3540,4.163
3541,4.163
3542,4.1632
3543,4.1633
3544,4.1633
3545,4.1635
3546,4.1635
3547,4.1636
3548,4.1636
3549,4.1638
3550,4.1638
3551,4.164
3552,4.164
3553,4.1641
3554,4.1641
3555,4.1643
3556,4.1643
3557,4.1644
3558,4.1644
3559,4.1646
3560,4.1646
3561,4.1648
3562,4.1648
3563,4.1649
3564,4.1649
3565,4.1651
3566,4.1651
3567,4.1652
3568,4.1652
3569,4.1654
3570,4.1654
3571,4.1656
3572,4.1656
3573,4.1657
3574,4.1657
3575,4.1659
3576,4.1659
3577,4.166
3578,4.1662
3579,4.1662
3580,4.1663
3581,4.1663
3582,4.1663
3583,4.1665
3584,4.1667
3585,4.1667
3586,4.1668
3587,4.1668
3588,4.167
3589,4.167
3590,4.1671
3591,4.1671
3592,4.1673
3593,4.1673
3594,4.1675
3595,4.1675
3596,4.1676
3597,4.1676
3598,4.1678
3599,4.1679
3600,4.1679
3601,4.1681
3602,4.1681
3603,4.1683
3604,4.1683
3605,4.1684
3606,4.1684
3607,4.1686
3608,4.1687
3609,4.1687
3610,4.1689
3611,4.1689
3612,4.169
3613,4.169
3614,4.1692
3615,4.1692
3616,4.1694
3617,4.1695
3618,4.1695
3619,4.1697
3620,4.1697
3621,4.1698
3622,4.1698
3623,4.17
3624,4.1702
3625,4.1702
3626,4.1703
3627,4.1703
3628,4.1705
3629,4.1706
3630,4.1706
3631,4.1708
3632,4.1708
3633,4.171
3634,4.1711
3635,4.1711
3636,4.1713
3637,4.1713
3638,4.1714
3639,4.1716
3640,4.1716
3641,4.1717
3642,4.1719
3643,4.1719
3644,4.1721
3645,4.1722
3646,4.1722
3647,4.1724
3648,4.1724
3649,4.1725
3650,4.1727
3651,4.1727
3652,4.1729
3653,4.173
3654,4.173
3655,4.1732
3656,4.1733
3657,4.1733
3658,4.1735
3659,4.1737
3660,4.1737
3661,4.1738
3662,4.174
3663,4.1741
3664,4.1741
3665,4.1743
3666,4.1744
3667,4.1744
3668,4.1746
3669,4.1748
3670,4.1748
3671,4.1749
3672,4.1751
3673,4.1752
3674,4.1754
3675,4.1754
3676,4.1756
3677,4.1757
3678,4.1759
3679,4.1759
3680,4.176
3681,4.1762
3682,4.1764
3683,4.1764
3684,4.1765
3685,4.1767
3686,4.1768
3687,4.177
3688,4.177
3689,4.1771
3690,4.1773
3691,4.1775
3692,4.1776
3693,4.1776
3694,4.1778
3695,4.1779
3696,4.1781
3697,4.1783
3698,4.1784
3699,4.1786
3700,4.1787
3701,4.1787
3702,4.1789
3703,4.1791
3704,4.1792
3705,4.1794
3706,4.1795
3707,4.1797
3708,4.1798
3709,4.18
3710,4.1802
3711,4.1803
3712,4.1805
3713,4.1805
3714,4.1808
3715,4.1808
3716,4.181
3717,4.1811
3718,4.1813
3719,4.1814
3720,4.1816
3721,4.1818
3722,4.1819
3723,4.1821
3724,4.1822
3725,4.1824
3726,4.1825
3727,4.1829
3728,4.183
3729,4.1832
3730,4.1833
3731,4.1835
3732,4.1837
3733,4.1838
3734,4.184
3735,4.1841
3736,4.1843
3737,4.1845
3738,4.1848
3739,4.1849
3740,4.1851
3741,4.1853
3742,4.1854
3743,4.1856
3744,4.1859
3745,4.186
3746,4.1862
3747,4.1864
3748,4.1867
3749,4.1868
3750,4.187
3751,4.1872
3752,4.1873
3753,4.1876
3754,4.1878
3755,4.188
3756,4.1883
3757,4.1884
3758,4.1886
3759,4.1889
3760,4.1891
3761,4.1892
3762,4.1895
3763,4.1897
3764,4.19
3765,4.1902
3766,4.1905
3767,4.1907
3768,4.1908
3769,4.1911
3770,4.1913
3771,4.1916
3772,4.1918
3773,4.1921
3774,4.1922
3775,4.1926
3776,4.1929
3777,4.193
3778,4.1934
3779,4.1935
3780,4.1938
3781,4.1941
3782,4.1943
3783,4.1946
3784,4.1949
3785,4.1951
3786,4.1954
3787,4.1957
3788,4.1959
3789,4.1962
3790,4.1965
3791,4.1968
3792,4.197
3793,4.1973
3794,4.1976
3795,4.198
3796,4.1983
3797,4.1986
3798,4.1989
3799,4.1992
3800,4.1994
3801,4.1997
3802,4.2
3803,4.2003
3804,4.2007
3805,4.201
3806,4.2013
3807,4.2018
3808,4.2021
3809,4.2024
3810,4.2027
3811,4.203
3812,4.2034
3813,4.2037
3814,4.2042
3815,4.2045
3816,4.2048
3817,4.2051
3818,4.2054
3819,4.2059
3820,4.2062
3821,4.2067
3822,4.207
3823,4.2073
3824,4.2078
3825,4.2081
3826,4.2086
3827,4.2089
3828,4.2094
3829,4.2097
3830,4.2102
3831,4.2105
3832,4.211
3833,4.2113
3834,4.2118
3835,4.2123
3836,4.2127
3837,4.2131
3838,4.2135
3839,4.214
3840,4.2145
3841,4.2148
3842,4.2153
3843,4.2158
3844,4.2162
3845,4.2167
3846,4.2172
3847,4.2177
3848,4.2181
3849,4.2186
3850,4.2191
3851,4.2196
3852,4.2202
3853,4.2207
3854,4.2212
3855,4.2216
3856,4.2221
3857,4.2227
3858,4.2232
3859,4.2237
3860,4.2243
3861,4.2248
3862,4.2254
3863,4.2259
3864,4.2266
3865,4.227
3866,4.2277
3867,4.2281
3868,4.2288
3869,4.2294
3870,4.2299
3871,4.2305
3872,4.2312
3873,4.2318
3874,4.2324
3875,4.2331
3876,4.2335
3877,4.2342
3878,4.2348
3879,4.2355
3880,4.2362
3881,4.2369
3882,4.2375
3883,4.2382
3884,4.2388
3885,4.2394
3886,4.2402
3887,4.2409
3888,4.2415
3889,4.2423
3890,4.2429
3891,4.2436
3892,4.2443
3893,4.245
3894,4.2458
3895,4.2466
3896,4.2472
3897,4.248
3898,4.2488
3899,4.2494
3900,4.2502
3901,4.251
3902,4.2518
3903,4.2526
3904,4.2534
3905,4.2542
3906,4.255
3907,4.2558
3908,4.2566
3909,4.2574
3910,4.2582
3911,4.259
3912,4.2598
3913,4.2607
3914,4.2615
3915,4.2625
3916,4.2633
3917,4.264
3918,4.265
3919,4.2658
3920,4.2667
3921,4.2675
3922,4.2685
3923,4.2694
3924,4.2702
3925,4.2712
3926,4.2721
3927,4.2731
3928,4.2741
3929,4.2748
3930,4.2758
3931,4.2768
3932,4.2777
3933,4.2787
3934,4.2798
3935,4.2807
3936,4.2817
3937,4.2826
3938,4.2836
3939,4.2847
3940,4.2857
3941,4.2866
3942,4.2877
3943,4.2887
3944,4.2896
3945,4.2907
3946,4.2917
3947,4.2928
3948,4.2938
3949,4.2949
3950,4.296
3951,4.2971
3952,4.298
3953,4.2992
3954,4.3003
3955,4.3003
3956,4.3003
3957,4.3003
3958,4.3003
3959,4.3003
3960,4.3003
3961,4.3003
3962,4.3003
3963,4.2982
3964,4.2963
3965,4.2954
3966,4.2947
3967,4.2943
3968,4.2938
3969,4.2935
3970,4.2932
3971,4.2928
3972,4.2925
3973,4.2924
3974,4.2922
3975,4.2919
3976,4.2917
3977,4.2916
3978,4.2914
3979,4.2912
3980,4.2911
3981,4.2909
3982,4.2908
3983,4.2908
3984,4.2906
3985,4.2905
3986,4.2903
3987,4.2903
3988,4.2901
3989,4.29
3990,4.29
3991,4.2898
3992,4.2898
3993,4.2897
3994,4.2895
3995,4.2895
3996,4.2893
3997,4.2893
3998,4.2892
3999,4.2892
4000,4.2892
4001,4.289
4002,4.2889
4003,4.2889
4004,4.2889
4005,4.2887
4006,4.2887
4007,4.2885
4008,4.2885
4009,4.2885
4010,4.2884
4011,4.2884
4012,4.2882
4013,4.2882
4014,4.2882
4015,4.2881
4016,4.2881
4017,4.2881
4018,4.2879
4019,4.2879
4020,4.2879
4021,4.2878
4022,4.2878
4023,4.2878
4024,4.2876
4025,4.2876
4026,4.2876
4027,4.2874
4028,4.2874
4029,4.2874
4030,4.2874
4031,4.2873
4032,4.2873
4033,4.2873
4034,4.2871
4035,4.2871
4036,4.2871
4037,4.2871
4038,4.287
4039,4.287
4040,4.287
4041,4.2868
4042,4.2868
4043,4.2868
4044,4.2868
4045,4.2866
4046,4.2866
4047,4.2866
4048,4.2866
4049,4.2866
4050,4.2865
4051,4.2865
4052,4.2865
4053,4.2865
4054,4.2863
4055,4.2863
4056,4.2863
4057,4.2863
4058,4.2862
4059,4.2862
4060,4.2862
4061,4.2862
4062,4.286
4063,4.286
4064,4.286
4065,4.286
4066,4.286
4067,4.2858
4068,4.2858
4069,4.2858
4070,4.2858
4071,4.2858
4072,4.2857
4073,4.2857
4074,4.2857
4075,4.2857
4076,4.2855
4077,4.2855
4078,4.2855
4079,4.2855
4080,4.2855
4081,4.2854
4082,4.2854
4083,4.2854
4084,4.2854
4085,4.2854
4086,4.2854
4087,4.2852
4088,4.2852
4089,4.2852
4090,4.2852
4091,4.2852
4092,4.2851
4093,4.2851
4094,4.2851
4095,4.2851
4096,4.2851
4097,4.2849
4098,4.2851
4099,4.2849
4100,4.2849
4101,4.2849
4102,4.2849
4103,4.2849
4104,4.2847
4105,4.2847
4106,4.2847
4107,4.2847
4108,4.2847
4109,4.2846
4110,4.2846
4111,4.2846
4112,4.2846
4113,4.2846
4114,4.2846
4115,4.2846
4116,4.2844
4117,4.2844
4118,4.2844
4119,4.2844
4120,4.2844
4121,4.2844
4122,4.2843
4123,4.2843
4124,4.2843
4125,4.2843
4126,4.2843
4127,4.2843
4128,4.2843
4129,4.2841
4130,4.2841
4131,4.2841
4132,4.2841
4133,4.2841
4134,4.2841
4135,4.2839
4136,4.2839
4137,4.2839
4138,4.2839
4139,4.2839
4140,4.2839
4141,4.2839
4142,4.2838
4143,4.2838
4144,4.2784
4145,4.2738
4146,4.2714
4147,4.2695
4148,4.2677
4149,4.2661
4150,4.2646
4151,4.2631
4152,4.2617
4153,4.2603
4154,4.259
4155,4.2577
4156,4.2565
4157,4.2553
4158,4.2541
4159,4.253
4160,4.2517
4161,4.2506
4162,4.2495
4163,4.2484
4164,4.2472
4165,4.2463
4166,4.2452
4167,4.2442
4168,4.2431
4169,4.2422
4170,4.241
4171,4.2401
4172,4.2391
4173,4.2382
4174,4.2372
4175,4.2363
4176,4.2353
4177,4.2344
4178,4.2334
4179,4.2325
4180,4.2315
4181,4.2307
4182,4.2298
4183,4.229
4184,4.228
4185,4.2272
4186,4.2264
4187,4.2255
4188,4.2247
4189,4.2239
4190,4.2231
4191,4.2223
4192,4.2213
4193,4.2207
4194,4.2199
4195,4.2191
4196,4.2183
4197,4.2175
4198,4.2167
4199,4.2161
4200,4.2153
4201,4.2145
4202,4.2139
4203,4.2131
4204,4.2124
4205,4.2116
4206,4.211
4207,4.2102
4208,4.2096
4209,4.2089
4210,4.2083
4211,4.2077
4212,4.207
4213,4.2062
4214,4.2056
4215,4.205
4216,4.2043
4217,4.2039
4218,4.2032
4219,4.2026
4220,4.202
4221,4.2013
4222,4.2008
4223,4.2002
4224,4.1996
4225,4.1991
4226,4.1985
4227,4.198
4228,4.1974
4229,4.1969
4230,4.1962
4231,4.1958
4232,4.1951
4233,4.1946
4234,4.1942
4235,4.1937
4236,4.1931
4237,4.1926
4238,4.1921
4239,4.1916
4240,4.1912
4241,4.1907
4242,4.1902
4243,4.1897
4244,4.1892
4245,4.1888
4246,4.1883
4247,4.1878
4248,4.1875
4249,4.187
4250,4.1865
4251,4.1861
4252,4.1858
4253,4.1853
4254,4.1848
4255,4.1845
4256,4.184
4257,4.1837
4258,4.1832
4259,4.1829
4260,4.1824
4261,4.1821
4262,4.1816
4263,4.1813
4264,4.181
4265,4.1805
4266,4.1802
4267,4.1799
4268,4.1794
4269,4.1791
4270,4.1788
4271,4.1784
4272,4.178
4273,4.1776
4274,4.1773
4275,4.177
4276,4.1767
4277,4.1764
4278,4.1761
4279,4.1757
4280,4.1754
4281,4.1751
4282,4.1748
4283,4.1745
4284,4.1742
4285,4.1738
4286,4.1735
4287,4.1734
4288,4.173
4289,4.1727
4290,4.1724
4291,4.1721
4292,4.1719
4293,4.1716
4294,4.1713
4295,4.1711
4296,4.1708
4297,4.1705
4298,4.1703
4299,4.17
4300,4.1697
4301,4.1695
4302,4.1692
4303,4.1691
4304,4.1688
4305,4.1684
4306,4.1683
4307,4.168
4308,4.1678
4309,4.1676
4310,4.1673
4311,4.1672
4312,4.1668
4313,4.1667
4314,4.1664
4315,4.1662
4316,4.1661
4317,4.1657
4318,4.1656
4319,4.1654
4320,4.1651
4321,4.1649
4322,4.1648
4323,4.1645
4324,4.1643
4325,4.1641
4326,4.164
4327,4.1637
4328,4.1635
4329,4.1634
4330,4.1632
4331,4.163
4332,4.1627
4333,4.1626
4334,4.1624
4335,4.1622
4336,4.1621
4337,4.1619
4338,4.1618
4339,4.1614
4340,4.1613
4341,4.1611
4342,4.161
4343,4.1608
4344,4.1606
4345,4.1605
4346,4.1603
4347,4.1602
4348,4.16
4349,4.1599
4350,4.1597
4351,4.1595
4352,4.1594
4353,4.1592
4354,4.1591
4355,4.1589
4356,4.1587
4357,4.1586
4358,4.1584
4359,4.1583
4360,4.1581
4361,4.1579
4362,4.1579
4363,4.1578
4364,4.1576
4365,4.1575
4366,4.1573
4367,4.1572
4368,4.157
4369,4.157
4370,4.1568
4371,4.1567
4372,4.1565
4373,4.1564
4374,4.1562
4375,4.156
4376,4.156
4377,4.1559
4378,4.1557
4379,4.1556
4380,4.1554
4381,4.1554
4382,4.1552
4383,4.1551
4384,4.1549
4385,4.1549
4386,4.1548
4387,4.1546
4388,4.1545
4389,4.1545
4390,4.1543
4391,4.1541
4392,4.154
4393,4.154
4394,4.1538
4395,4.1537
4396,4.1537
4397,4.1535
4398,4.1533
4399,4.1533
4400,4.1532
4401,4.153
4402,4.153
4403,4.1529
4404,4.1527
4405,4.1527
4406,4.1525
4407,4.1524
4408,4.1524
4409,4.1522
4410,4.1522
4411,4.1521
4412,4.1519
4413,4.1519
4414,4.1518
4415,4.1516
4416,4.1516
4417,4.1514
4418,4.1514
4419,4.1513
4420,4.1511
4421,4.1511
4422,4.151
4423,4.151
4424,4.1508
4425,4.1506
4426,4.1506
4427,4.1505
4428,4.1505
4429,4.1503
4430,4.1503
4431,4.1502
4432,4.15
4433,4.15
4434,4.1498
4435,4.1498
4436,4.1497
4437,4.1497
4438,4.1495
4439,4.1495
4440,4.1494
4441,4.1492
4442,4.1492
4443,4.1491
4444,4.1491
4445,4.1489
4446,4.1489
4447,4.1487
4448,4.1487
4449,4.1486
4450,4.1486
4451,4.1484
4452,4.1484
4453,4.1483
4454,4.1483
4455,4.1481
4456,4.1481
4457,4.1479
4458,4.1479
4459,4.1478
4460,4.1478
4461,4.1476
4462,4.1476
4463,4.1475
4464,4.1475
4465,4.1473
4466,4.1473
4467,4.1471
4468,4.1471
4469,4.147
4470,4.147
4471,4.1468
4472,4.1468
4473,4.1467
4474,4.1467
4475,4.1465
4476,4.1465
4477,4.1464
4478,4.1464
4479,4.1464
4480,4.1462
4481,4.1462
4482,4.146
4483,4.146
4484,4.1459
4485,4.1459
4486,4.1457
4487,4.1457
4488,4.1456
4489,4.1456
4490,4.1454
4491,4.1454
4492,4.1452
4493,4.1452
4494,4.1452
4495,4.1451
4496,4.1451
4497,4.1449
4498,4.1449
4499,4.1448
4500,4.1448
4501,4.1446
4502,4.1446
4503,4.1446
4504,4.1444
4505,4.1444
4506,4.1443
4507,4.1443
4508,4.1441
4509,4.1441
4510,4.144
4511,4.144
4512,4.1438
4513,4.1438
4514,4.1438
4515,4.1437
4516,4.1437
4517,4.1435
4518,4.1435
4519,4.1433
4520,4.1433
4521,4.1432
4522,4.1432
4523,4.1432
4524,4.143
4525,4.143
4526,4.1429
4527,4.1429
4528,4.1427
4529,4.1427
4530,4.1427
4531,4.1425
4532,4.1425
4533,4.1425
4534,4.1425
4535,4.1424
4536,4.1424
4537,4.1424
4538,4.1424
4539,4.1424
4540,4.1424
4541,4.1422
4542,4.1422
4543,4.1422
4544,4.1422
4545,4.1421
4546,4.1421
4547,4.1421
4548,4.1421
4549,4.1419
4550,4.1419
4551,4.1419
4552,4.1419
4553,4.1419
4554,4.1419
4555,4.1417
4556,4.1417
4557,4.1417
4558,4.1417
4559,4.1416
4560,4.1416
4561,4.1416
4562,4.1416
4563,4.1414
4564,4.1414
4565,4.1414
4566,4.1414
4567,4.1413
4568,4.1413
4569,4.1413
4570,4.1413
4571,4.1413
4572,4.1411
4573,4.1411
4574,4.1409
4575,4.1409
4576,4.1408
4577,4.1408
4578,4.1406
4579,4.1406
4580,4.1405
4581,4.1405
4582,4.1405
4583,4.1403
4584,4.1403
4585,4.1402
4586,4.1402
4587,4.14
4588,4.14
4589,4.1398
4590,4.1398
4591,4.1397
4592,4.1397
4593,4.1397
4594,4.1395
4595,4.1395
4596,4.1394
4597,4.1394
4598,4.1392
4599,4.1392
4600,4.139
4601,4.139
4602,4.1389
4603,4.1389
4604,4.1387
4605,4.1387
4606,4.1386
4607,4.1386
4608,4.1384
4609,4.1384
4610,4.1382
4611,4.1382
4612,4.1381
4613,4.1381
4614,4.1379
4615,4.1379
4616,4.1378
4617,4.1378
4618,4.1376
4619,4.1376
4620,4.1375
4621,4.1375
4622,4.1373
4623,4.1373
4624,4.1371
4625,4.1371
4626,4.137
4627,4.137
4628,4.1368
4629,4.1368
4630,4.1367
4631,4.1367
4632,4.1365
4633,4.1365
4634,4.1363
4635,4.1362
4636,4.1362
4637,4.136
4638,4.136
4639,4.1359
4640,4.1359
4641,4.1357
4642,4.1355
4643,4.1355
4644,4.1354
4645,4.1354
4646,4.1352
4647,4.1352
4648,4.1351
4649,4.1351
4650,4.1349
4651,4.1348
4652,4.1348
4653,4.1346
4654,4.1344
4655,4.1344
4656,4.1343
4657,4.1343
4658,4.1341
4659,4.134
4660,4.134
4661,4.1338
4662,4.1338
4663,4.1336
4664,4.1335
4665,4.1335
4666,4.1333
4667,4.1332
4668,4.1332
4669,4.133
4670,4.1328
4671,4.1328
4672,4.1327
4673,4.1325
4674,4.1325
4675,4.1324
4676,4.1322
4677,4.1321
4678,4.1321
4679,4.1319
4680,4.1317
4681,4.1317
4682,4.1316
4683,4.1314
4684,4.1313
4685,4.1313
4686,4.1311
4687,4.1309
4688,4.1309
4689,4.1308
4690,4.1306
4691,4.1305
4692,4.1303
4693,4.1303
4694,4.1301
4695,4.13
4696,4.1298
4697,4.1297
4698,4.1297
4699,4.1295
4700,4.1294
4701,4.1292
4702,4.129
4703,4.129
4704,4.1289
4705,4.1287
4706,4.1286
4707,4.1284
4708,4.1282
4709,4.1281
4710,4.1281
4711,4.1279
4712,4.1278
4713,4.1276
4714,4.1274
4715,4.1273
4716,4.1271
4717,4.127
4718,4.1268
4719,4.1268
4720,4.1267
4721,4.1265
4722,4.1263
4723,4.1262
4724,4.126
4725,4.1259
4726,4.1257
4727,4.1255
4728,4.1254
4729,4.1252
4730,4.1251
4731,4.1249
4732,4.1247
4733,4.1246
4734,4.1244
4735,4.1243
4736,4.1241
4737,4.1239
4738,4.1238
4739,4.1236
4740,4.1235
4741,4.1233
4742,4.1232
4743,4.1228
4744,4.1227
4745,4.1225
4746,4.1224
4747,4.1222
4748,4.122
4749,4.1219
4750,4.1217
4751,4.1216
4752,4.1214
4753,4.1211
4754,4.1209
4755,4.1208
4756,4.1206
4757,4.1205
4758,4.1203
4759,4.12
4760,4.1198
4761,4.1197
4762,4.1195
4763,4.1193
4764,4.119
4765,4.1189
4766,4.1187
4767,4.1185
4768,4.1184
4769,4.1181
4770,4.1179
4771,4.1178
4772,4.1176
4773,4.1173
4774,4.1171
4775,4.117
4776,4.1166
4777,4.1165
4778,4.1163
4779,4.1162
4780,4.1158
4781,4.1157
4782,4.1155
4783,4.1152
4784,4.1151
4785,4.1149
4786,4.1146
4787,4.1144
4788,4.1141
4789,4.1139
4790,4.1138
4791,4.1135
4792,4.1133
4793,4.1131
4794,4.1128
4795,4.1127
4796,4.1124
4797,4.1122
4798,4.112
4799,4.1117
4800,4.1116
4801,4.1112
4802,4.1111
4803,4.1108
4804,4.1106
4805,4.1103
4806,4.1101
4807,4.1098
4808,4.1097
4809,4.1095
4810,4.1092
4811,4.109
4812,4.1087
4813,4.1084
4814,4.1082
4815,4.1079
4816,4.1077
4817,4.1074
4818,4.1073
4819,4.1069
4820,4.1068
4821,4.1065
4822,4.1062
4823,4.106
4824,4.1057
4825,4.1055
4826,4.1052
4827,4.105
4828,4.1047
4829,4.1044
4830,4.1042
4831,4.1039
4832,4.1038
4833,4.1035
4834,4.1031
4835,4.103
4836,4.1027
4837,4.1023
4838,4.1022
4839,4.1019
4840,4.1015
4841,4.1014
4842,4.1011
4843,4.1008
4844,4.1006
4845,4.1003
4846,4.1
4847,4.0998
4848,4.0995
4849,4.0992
4850,4.0988
4851,4.0987
4852,4.0984
4853,4.0981
4854,4.0977
4855,4.0976
4856,4.0973
4857,4.0969
4858,4.0966
4859,4.0965
4860,4.0961
4861,4.0958
4862,4.0955
4863,4.0954
4864,4.095
4865,4.0947
4866,4.0944
4867,4.0941
4868,4.0939
4869,4.0936
4870,4.0933
4871,4.093
4872,4.0927
4873,4.0925
4874,4.0922
4875,4.0919
4876,4.0915
4877,4.0912
4878,4.0909
4879,4.0906
4880,4.0904
4881,4.0901
4882,4.0898
4883,4.0895
4884,4.0892
4885,4.0888
4886,4.0885
4887,4.0884
4888,4.088
4889,4.0877
4890,4.0874
4891,4.0871
4892,4.0868
4893,4.0865
4894,4.0861
4895,4.0858
4896,4.0857
4897,4.0853
4898,4.085
4899,4.0847
4900,4.0844
4901,4.0841
4902,4.0838
4903,4.0834
4904,4.0831
4905,4.0828
4906,4.0825
4907,4.0822
4908,4.0818
4909,4.0815
4910,4.0812
4911,4.0809
4912,4.0807
4913,4.0804
4914,4.0801
4915,4.0798
4916,4.0795
4917,4.0791
4918,4.0788
4919,4.0785
4920,4.0782
4921,4.0779
4922,4.0776
4923,4.0772
4924,4.0769
4925,4.0766
4926,4.0763
4927,4.076
4928,4.0757
4929,4.0753
4930,4.075
4931,4.0747
4932,4.0744
4933,4.0741
4934,4.0737
4935,4.0734
4936,4.0731
4937,4.0728
4938,4.0725
4939,4.0722
4940,4.0718
4941,4.0715
4942,4.0712
4943,4.0709
4944,4.0706
4945,4.0702
4946,4.0699
4947,4.0696
4948,4.0693
4949,4.069
4950,4.0687
4951,4.0683
4952,4.068
4953,4.0677
4954,4.0674
4955,4.0671
4956,4.0668
4957,4.0664
4958,4.0661
4959,4.0658
4960,4.0655
4961,4.0652
4962,4.0648
4963,4.0645
4964,4.0642
4965,4.0639
4966,4.0636
4967,4.0634
4968,4.0631
4969,4.0628
4970,4.0625
4971,4.0621
4972,4.0618
4973,4.0615
4974,4.0612
4975,4.0609
4976,4.0606
4977,4.0602
4978,4.0599
4979,4.0596
4980,4.0593
4981,4.059
4982,4.0587
4983,4.0583
4984,4.058
4985,4.0577
4986,4.0574
4987,4.0572
4988,4.0569
4989,4.0566
4990,4.0563
4991,4.0559
4992,4.0556
4993,4.0553
4994,4.055
4995,4.0547
4996,4.0544
4997,4.054
4998,4.0537
4999,4.0536
5000,4.0532
5001,4.0529
5002,4.0526
5003,4.0523
5004,4.052
5005,4.0517
5006,4.0513
5007,4.051
5008,4.0509
5009,4.0505
5010,4.0502
5011,4.0499
5012,4.0496
5013,4.0493
5014,4.0491
5015,4.0488
5016,4.0485
5017,4.0482
5018,4.0478
5019,4.0475
5020,4.0474
5021,4.0471
5022,4.0467
5023,4.0464
5024,4.0461
5025,4.0459
5026,4.0456
5027,4.0453
5028,4.045
5029,4.0448
5030,4.0445
5031,4.0442
5032,4.0439
5033,4.0437
5034,4.0434
5035,4.0431
5036,4.0428
5037,4.0426
5038,4.0423
5039,4.042
5040,4.0417
5041,4.0415
5042,4.0412
5043,4.0409
5044,4.0407
5045,4.0404
5046,4.0401
5047,4.0399
5048,4.0396
5049,4.0393
5050,4.0391
5051,4.0388
5052,4.0385
5053,4.0383
5054,4.038
5055,4.0377
5056,4.0375
5057,4.0372
5058,4.037
5059,4.0367
5060,4.0364
5061,4.0362
5062,4.0359
5063,4.0358
5064,4.0355
5065,4.0351
5066,4.035
5067,4.0347
5068,4.0345
5069,4.0342
5070,4.034
5071,4.0337
5072,4.0335
5073,4.0332
5074,4.0331
5075,4.0328
5076,4.0326
5077,4.0323
5078,4.0321
5079,4.0318
5080,4.0316
5081,4.0313
5082,4.0312
5083,4.0308
5084,4.0307
5085,4.0304
5086,4.0302
5087,4.0299
5088,4.0297
5089,4.0294
5090,4.0293
5091,4.0291
5092,4.0288
5093,4.0286
5094,4.0285
5095,4.0281
5096,4.028
5097,4.0277
5098,4.0275
5099,4.0274
5100,4.027
5101,4.0269
5102,4.0267
5103,4.0264
5104,4.0262
5105,4.0261
5106,4.0258
5107,4.0256
5108,4.0253
5109,4.0251
5110,4.025
5111,4.0248
5112,4.0245
5113,4.0243
5114,4.0242
5115,4.0239
5116,4.0237
5117,4.0235
5118,4.0234
5119,4.0231
5120,4.0229
5121,4.0227
5122,4.0226
5123,4.0223
5124,4.0221
5125,4.022
5126,4.0218
5127,4.0215
5128,4.0213
5129,4.0212
5130,4.021
5131,4.0208
5132,4.0205
5133,4.0204
5134,4.0202
5135,4.02
5136,4.0199
5137,4.0196
5138,4.0194
5139,4.0192
5140,4.0191
5141,4.0189
5142,4.0188
5143,4.0185
5144,4.0183
5145,4.0181
5146,4.018
5147,4.0178
5148,4.0177
5149,4.0173
5150,4.0172
5151,4.017
5152,4.0169
5153,4.0167
5154,4.0165
5155,4.0164
5156,4.0162
5157,4.0161
5158,4.0158
5159,4.0156
5160,4.0154
5161,4.0153
5162,4.0151
5163,4.015
5164,4.0148
5165,4.0146
5166,4.0145
5167,4.0143
5168,4.0142
5169,4.0138
5170,4.0137
5171,4.0135
5172,4.0134
5173,4.0132
5174,4.0131
5175,4.0129
5176,4.0127
5177,4.0126
5178,4.0124
5179,4.0123
5180,4.0121
5181,4.0119
5182,4.0118
5183,4.0116
5184,4.0115
5185,4.0113
5186,4.0111
5187,4.011
5188,4.0108
5189,4.0107
5190,4.0105
5191,4.0102
5192,4.01
5193,4.01
5194,4.0097
5195,4.0096
5196,4.0094
5197,4.0092
5198,4.0091
5199,4.0089
5200,4.0088
5201,4.0086
5202,4.0084
5203,4.0083
5204,4.0081
5205,4.008
5206,4.0078
5207,4.0077
5208,4.0075
5209,4.0073
5210,4.0072
5211,4.007
5212,4.0069
5213,4.0067
5214,4.0065
5215,4.0064
5216,4.0062
5217,4.0061
5218,4.0059
5219,4.0057
5220,4.0056
5221,4.0054
5222,4.0053
5223,4.0051
5224,4.005
5225,4.0048
5226,4.0046
5227,4.0045
5228,4.0043
5229,4.0042
5230,4.004
5231,4.0038
5232,4.0037
5233,4.0035
5234,4.0034
5235,4.0032
5236,4.003
5237,4.0029
5238,4.0027
5239,4.0026
5240,4.0024
5241,4.0022
5242,4.0021
5243,4.0019
5244,4.0018
5245,4.0016
5246,4.0015
5247,4.0013
5248,4.0011
5249,4.001
5250,4.0008
5251,4.0007
5252,4.0005
5253,4.0003
5254,4.0002
5255,4.0
5256,3.9999
5257,3.9997
5258,3.9994
5259,3.9992
5260,3.9991
5261,3.9989
5262,3.9988
5263,3.9986
5264,3.9984
5265,3.9983
5266,3.9981
5267,3.998
5268,3.9978
5269,3.9976
5270,3.9975
5271,3.9973
5272,3.9972
5273,3.997
5274,3.9968
5275,3.9965
5276,3.9964
5277,3.9962
5278,3.9961
5279,3.9959
5280,3.9957
5281,3.9956
5282,3.9954
5283,3.9953
5284,3.9951
5285,3.9949
5286,3.9946
5287,3.9945
5288,3.9943
5289,3.9941
5290,3.994
5291,3.9938
5292,3.9937
5293,3.9935
5294,3.9932
5295,3.993
5296,3.9929
5297,3.9927
5298,3.9926
5299,3.9924
5300,3.9921
5301,3.9919
5302,3.9918
5303,3.9916
5304,3.9914
5305,3.9913
5306,3.9911
5307,3.9908
5308,3.9907
5309,3.9905
5310,3.9903
5311,3.9902
5312,3.9899
5313,3.9897
5314,3.9895
5315,3.9894
5316,3.9892
5317,3.9889
5318,3.9887
5319,3.9886
5320,3.9884
5321,3.9881
5322,3.988
5323,3.9878
5324,3.9876
5325,3.9873
5326,3.9872
5327,3.987
5328,3.9868
5329,3.9865
5330,3.9864
5331,3.9862
5332,3.9859
5333,3.9857
5334,3.9856
5335,3.9854
5336,3.9851
5337,3.9849
5338,3.9848
5339,3.9845
5340,3.9843
5341,3.9841
5342,3.9838
5343,3.9837
5344,3.9835
5345,3.9832
5346,3.983
5347,3.9829
5348,3.9825
5349,3.9824
5350,3.9822
5351,3.9819
5352,3.9818
5353,3.9816
5354,3.9813
5355,3.9811
5356,3.9808
5357,3.9806
5358,3.9805
5359,3.9802
5360,3.98
5361,3.9797
5362,3.9795
5363,3.9794
5364,3.9791
5365,3.9789
5366,3.9786
5367,3.9784
5368,3.9781
5369,3.9779
5370,3.9778
5371,3.9775
5372,3.9773
5373,3.977
5374,3.9768
5375,3.9765
5376,3.9764
5377,3.976
5378,3.9759
5379,3.9756
5380,3.9754
5381,3.9751
5382,3.9749
5383,3.9746
5384,3.9744
5385,3.9741
5386,3.974
5387,3.9737
5388,3.9735
5389,3.9732
5390,3.9729
5391,3.9727
5392,3.9724
5393,3.9722
5394,3.9719
5395,3.9717
5396,3.9714
5397,3.9713
5398,3.9709
5399,3.9706
5400,3.9705
5401,3.9702
5402,3.97
5403,3.9697
5404,3.9695
5405,3.9692
5406,3.9689
5407,3.9687
5408,3.9684
5409,3.9681
5410,3.9679
5411,3.9676
5412,3.9675
5413,3.9671
5414,3.9668
5415,3.9667
5416,3.9663
5417,3.966
5418,3.9659
5419,3.9655
5420,3.9652
5421,3.9651
5422,3.9648
5423,3.9644
5424,3.9643
5425,3.964
5426,3.9636
5427,3.9635
5428,3.9632
5429,3.9628
5430,3.9627
5431,3.9624
5432,3.9621
5433,3.9617
5434,3.9616
5435,3.9613
5436,3.9609
5437,3.9608
5438,3.9605
5439,3.9601
5440,3.9598
5441,3.9597
5442,3.9594
5443,3.959
5444,3.9589
5445,3.9586
5446,3.9582
5447,3.9579
5448,3.9578
5449,3.9574
5450,3.9571
5451,3.9568
5452,3.9567
5453,3.9563
5454,3.956
5455,3.9557
5456,3.9555
5457,3.9552
5458,3.9549
5459,3.9546
5460,3.9544
5461,3.9541
5462,3.9538
5463,3.9535
5464,3.9533
5465,3.953
5466,3.9527
5467,3.9524
5468,3.952
5469,3.9519
5470,3.9516
5471,3.9512
5472,3.9509
5473,3.9506
5474,3.9505
5475,3.9501
5476,3.9498
5477,3.9495
5478,3.9493
5479,3.949
5480,3.9487
5481,3.9484
5482,3.9481
5483,3.9479
5484,3.9476
5485,3.9473
5486,3.947
5487,3.9466
5488,3.9465
5489,3.9462
5490,3.9458
5491,3.9455
5492,3.9452
5493,3.9451
5494,3.9447
5495,3.9444
5496,3.9441
5497,3.9439
5498,3.9436
5499,3.9433
5500,3.943
5501,3.9427
5502,3.9424
5503,3.9422
5504,3.9419
5505,3.9416
5506,3.9412
5507,3.9411
5508,3.9408
5509,3.9404
5510,3.9401
5511,3.9398
5512,3.9397
5513,3.9393
5514,3.939
5515,3.9387
5516,3.9385
5517,3.9382
5518,3.9379
5519,3.9376
5520,3.9373
5521,3.9371
5522,3.9368
5523,3.9365
5524,3.9362
5525,3.936
5526,3.9357
5527,3.9354
5528,3.935
5529,3.9347
5530,3.9346
5531,3.9342
5532,3.9339
5533,3.9336
5534,3.9335
5535,3.9331
5536,3.9328
5537,3.9325
5538,3.9323
5539,3.932
5540,3.9317
5541,3.9314
5542,3.9312
5543,3.9309
5544,3.9306
5545,3.9303
5546,3.9301
5547,3.9298
5548,3.9295
5549,3.9292
5550,3.929
5551,3.9287
5552,3.9284
5553,3.9282
5554,3.9279
5555,3.9276
5556,3.9273
5557,3.9271
5558,3.9268
5559,3.9265
5560,3.9263
5561,3.926
5562,3.9257
5563,3.9255
5564,3.9252
5565,3.9249
5566,3.9246
5567,3.9244
5568,3.9241
5569,3.9238
5570,3.9236
5571,3.9233
5572,3.923
5573,3.9228
5574,3.9225
5575,3.9222
5576,3.922
5577,3.9217
5578,3.9214
5579,3.9212
5580,3.9209
5581,3.9206
5582,3.9204
5583,3.9201
5584,3.9198
5585,3.9196
5586,3.9193
5587,3.919
5588,3.9188
5589,3.9185
5590,3.9182
5591,3.918
5592,3.9177
5593,3.9176
5594,3.9172
5595,3.9169
5596,3.9168
5597,3.9165
5598,3.9163
5599,3.916
5600,3.9157
5601,3.9155
5602,3.9152
5603,3.915
5604,3.9147
5605,3.9144
5606,3.9142
5607,3.9139
5608,3.9138
5609,3.9134
5610,3.9131
5611,3.913
5612,3.9126
5613,3.9125
5614,3.9122
5615,3.9118
5616,3.9117
5617,3.9114
5618,3.9112
5619,3.9109
5620,3.9107
5621,3.9104
5622,3.9101
5623,3.9099
5624,3.9096
5625,3.9095
5626,3.9091
5627,3.909
5628,3.9087
5629,3.9085
5630,3.9082
5631,3.908
5632,3.9077
5633,3.9074
5634,3.9072
5635,3.9069
5636,3.9068
5637,3.9064
5638,3.9063
5639,3.906
5640,3.9058
5641,3.9055
5642,3.9053
5643,3.905
5644,3.9049
5645,3.9045
5646,3.9044
5647,3.9041
5648,3.9039
5649,3.9036
5650,3.9034
5651,3.9031
5652,3.903
5653,3.9026
5654,3.9025
5655,3.9022
5656,3.902
5657,3.9017
5658,3.9015
5659,3.9012
5660,3.901
5661,3.9007
5662,3.9006
5663,3.9002
5664,3.9001
5665,3.8998
5666,3.8996
5667,3.8993
5668,3.8991
5669,3.8988
5670,3.8987
5671,3.8983
5672,3.8982
5673,3.898
5674,3.8977
5675,3.8975
5676,3.8972
5677,3.8971
5678,3.8968
5679,3.8966
5680,3.8963
5681,3.8961
5682,3.8958
5683,3.8956
5684,3.8955
5685,3.8952
5686,3.895
5687,3.8947
5688,3.8945
5689,3.8942
5690,3.8941
5691,3.8937
5692,3.8936
5693,3.8933
5694,3.8931
5695,3.8929
5696,3.8926
5697,3.8925
5698,3.8921
5699,3.892
5700,3.8917
5701,3.8915
5702,3.8912
5703,3.891
5704,3.8909
5705,3.8906
5706,3.8904
5707,3.8901
5708,3.8899
5709,3.8896
5710,3.8894
5711,3.8891
5712,3.889
5713,3.8887
5714,3.8885
5715,3.8883
5716,3.888
5717,3.8879
5718,3.8875
5719,3.8874
5720,3.8871
5721,3.8869
5722,3.8866
5723,3.8864
5724,3.8863
5725,3.886
5726,3.8858
5727,3.8855
5728,3.8853
5729,3.885
5730,3.8848
5731,3.8847
5732,3.8844
5733,3.8842
5734,3.8839
5735,3.8837
5736,3.8834
5737,3.8833
5738,3.8829
5739,3.8828
5740,3.8825
5741,3.8823
5742,3.8821
5743,3.8818
5744,3.8817
5745,3.8813
5746,3.8812
5747,3.8809
5748,3.8807
5749,3.8804
5750,3.8802
5751,3.8801
5752,3.8798
5753,3.8796
5754,3.8793
5755,3.8791
5756,3.8788
5757,3.8786
5758,3.8783
5759,3.8782
5760,3.8778
5761,3.8777
5762,3.8774
5763,3.8772
5764,3.8769
5765,3.8767
5766,3.8764
5767,3.8763
5768,3.8761
5769,3.8758
5770,3.8756
5771,3.8753
5772,3.8751
5773,3.8748
5774,3.8747
5775,3.8744
5776,3.8742
5777,3.8739
5778,3.8737
5779,3.8734
5780,3.8732
5781,3.8729
5782,3.8728
5783,3.8724
5784,3.8723
5785,3.872
5786,3.8718
5787,3.8715
5788,3.8713
5789,3.871
5790,3.8709
5791,3.8705
5792,3.8704
5793,3.8701
5794,3.8699
5795,3.8696
5796,3.8694
5797,3.8693
5798,3.869
5799,3.8686
5800,3.8685
5801,3.8682
5802,3.868
5803,3.8678
5804,3.8675
5805,3.8672
5806,3.867
5807,3.8667
5808,3.8666
5809,3.8663
5810,3.8661
5811,3.8658
5812,3.8656
5813,3.8653
5814,3.8651
5815,3.8648
5816,3.8647
5817,3.8643
5818,3.8642
5819,3.8639
5820,3.8637
5821,3.8634
5822,3.8631
5823,3.8629
5824,3.8626
5825,3.8624
5826,3.8621
5827,3.862
5828,3.8616
5829,3.8615
5830,3.8612
5831,3.861
5832,3.8607
5833,3.8604
5834,3.8602
5835,3.8599
5836,3.8597
5837,3.8594
5838,3.8593
5839,3.8589
5840,3.8588
5841,3.8585
5842,3.8581
5843,3.858
5844,3.8577
5845,3.8575
5846,3.8572
5847,3.857
5848,3.8567
5849,3.8566
5850,3.8562
5851,3.8559
5852,3.8558
5853,3.8554
5854,3.8553
5855,3.855
5856,3.8548
5857,3.8545
5858,3.8542
5859,3.854
5860,3.8537
5861,3.8535
5862,3.8532
5863,3.8531
5864,3.8527
5865,3.8524
5866,3.8523
5867,3.852
5868,3.8518
5869,3.8515
5870,3.8513
5871,3.851
5872,3.8507
5873,3.8505
5874,3.8502
5875,3.85
5876,3.8497
5877,3.8494
5878,3.8492
5879,3.8489
5880,3.8488
5881,3.8485
5882,3.8483
5883,3.848
5884,3.8478
5885,3.8475
5886,3.8472
5887,3.847
5888,3.8467
5889,3.8465
5890,3.8462
5891,3.8459
5892,3.8458
5893,3.8454
5894,3.8453
5895,3.845
5896,3.8448
5897,3.8445
5898,3.8442
5899,3.844
5900,3.8437
5901,3.8435
5902,3.8432
5903,3.8431
5904,3.8427
5905,3.8424
5906,3.8423
5907,3.8419
5908,3.8418
5909,3.8415
5910,3.8411
5911,3.841
5912,3.8407
5913,3.8405
5914,3.8402
5915,3.84
5916,3.8397
5917,3.8394
5918,3.8392
5919,3.8389
5920,3.8388
5921,3.8384
5922,3.8383
5923,3.838
5924,3.8377
5925,3.8375
5926,3.8372
5927,3.837
5928,3.8367
5929,3.8365
5930,3.8362
5931,3.8361
5932,3.8357
5933,3.8356
5934,3.8353
5935,3.835
5936,3.8348
5937,3.8345
5938,3.8343
5939,3.834
5940,3.8338
5941,3.8335
5942,3.8334
5943,3.833
5944,3.8329
5945,3.8326
5946,3.8322
5947,3.8321
5948,3.8318
5949,3.8316
5950,3.8313
5951,3.8311
5952,3.8308
5953,3.8307
5954,3.8303
5955,3.8302
5956,3.8299
5957,3.8295
5958,3.8294
5959,3.8291
5960,3.8289
5961,3.8286
5962,3.8284
5963,3.8281
5964,3.828
5965,3.8276
5966,3.8275
5967,3.8272
5968,3.827
5969,3.8267
5970,3.8265
5971,3.8262
5972,3.8261
5973,3.8257
5974,3.8256
5975,3.8253
5976,3.8251
5977,3.8248
5978,3.8246
5979,3.8243
5980,3.8241
5981,3.8238
5982,3.8237
5983,3.8234
5984,3.8232
5985,3.8229
5986,3.8227
5987,3.8224
5988,3.8222
5989,3.8219
5990,3.8218
5991,3.8214
5992,3.8213
5993,3.821
5994,3.8208
5995,3.8207
5996,3.8203
5997,3.8202
5998,3.8199
5999,3.8197
6000,3.8194
6001,3.8192
6002,3.8189
6003,3.8187
6004,3.8184
6005,3.8183
6006,3.818
6007,3.8178
6008,3.8176
6009,3.8173
6010,3.8172
6011,3.8168
6012,3.8167
6013,3.8164
6014,3.8162
6015,3.8159
6016,3.8157
6017,3.8154
6018,3.8154
6019,3.8151
6020,3.8148
6021,3.8146
6022,3.8145
6023,3.8141
6024,3.814
6025,3.8137
6026,3.8135
6027,3.8133
6028,3.813
6029,3.8129
6030,3.8125
6031,3.8124
6032,3.8122
6033,3.8119
6034,3.8118
6035,3.8114
6036,3.8113
6037,3.8111
6038,3.8108
6039,3.8106
6040,3.8103
6041,3.8102
6042,3.81
6043,3.8097
6044,3.8095
6045,3.8092
6046,3.8091
6047,3.8089
6048,3.8086
6049,3.8084
6050,3.8083
6051,3.8079
6052,3.8078
6053,3.8075
6054,3.8073
6055,3.8071
6056,3.8068
6057,3.8067
6058,3.8065
6059,3.8062
6060,3.806
6061,3.8059
6062,3.8056
6063,3.8054
6064,3.8051
6065,3.8049
6066,3.8048
6067,3.8046
6068,3.8043
6069,3.8041
6070,3.804
6071,3.8037
6072,3.8035
6073,3.8033
6074,3.803
6075,3.8029
6076,3.8027
6077,3.8024
6078,3.8022
6079,3.8019
6080,3.8017
6081,3.8016
6082,3.8013
6083,3.8011
6084,3.801
6085,3.8008
6086,3.8005
6087,3.8003
6088,3.8002
6089,3.7998
6090,3.7997
6091,3.7995
6092,3.7992
6093,3.799
6094,3.7989
6095,3.7987
6096,3.7984
6097,3.7983
6098,3.7981
6099,3.7978
6100,3.7976
6101,3.7975
6102,3.7973
6103,3.797
6104,3.7968
6105,3.7967
6106,3.7965
6107,3.7962
6108,3.796
6109,3.7959
6110,3.7955
6111,3.7954
6112,3.7952
6113,3.7951
6114,3.7948
6115,3.7946
6116,3.7944
6117,3.7941
6118,3.794
6119,3.7938
6120,3.7936
6121,3.7933
6122,3.7932
6123,3.793
6124,3.7928
6125,3.7925
6126,3.7924
6127,3.7922
6128,3.7921
6129,3.7917
6130,3.7916
6131,3.7914
6132,3.7913
6133,3.7909
6134,3.7908
6135,3.7906
6136,3.7905
6137,3.7901
6138,3.79
6139,3.7898
6140,3.7897
6141,3.7894
6142,3.7892
6143,3.789
6144,3.7889
6145,3.7887
6146,3.7884
6147,3.7882
6148,3.7881
6149,3.7879
6150,3.7876
6151,3.7874
6152,3.7873
6153,3.7871
6154,3.787
6155,3.7867
6156,3.7865
6157,3.7863
6158,3.7862
6159,3.7859
6160,3.7857
6161,3.7855
6162,3.7854
6163,3.7852
6164,3.7849
6165,3.7847
6166,3.7846
6167,3.7844
6168,3.7841
6169,3.784
6170,3.7838
6171,3.7836
6172,3.7835
6173,3.7832
6174,3.783
6175,3.7828
6176,3.7827
6177,3.7825
6178,3.7824
6179,3.782
6180,3.7819
6181,3.7817
6182,3.7816
6183,3.7814
6184,3.7811
6185,3.7809
6186,3.7808
6187,3.7806
6188,3.7805
6189,3.7801
6190,3.78
6191,3.7798
6192,3.7797
6193,3.7795
6194,3.7793
6195,3.779
6196,3.7789
6197,3.7787
6198,3.7785
6199,3.7784
6200,3.7782
6201,3.7779
6202,3.7778
6203,3.7776
6204,3.7774
6205,3.7773
6206,3.7771
6207,3.7768
6208,3.7766
6209,3.7765
6210,3.7763
6211,3.7762
6212,3.7758
6213,3.7757
6214,3.7755
6215,3.7754
6216,3.7752
6217,3.7751
6218,3.7749
6219,3.7746
6220,3.7744
6221,3.7743
6222,3.7741
6223,3.7739
6224,3.7738
6225,3.7735
6226,3.7733
6227,3.7731
6228,3.773
6229,3.7728
6230,3.7727
6231,3.7725
6232,3.7722
6233,3.772
6234,3.7719
6235,3.7717
6236,3.7716
6237,3.7714
6238,3.7712
6239,3.7709
6240,3.7708
6241,3.7706
6242,3.7704
6243,3.7703
6244,3.7701
6245,3.77
6246,3.7697
6247,3.7695
6248,3.7693
6249,3.7692
6250,3.769
6251,3.7689
6252,3.7687
6253,3.7684
6254,3.7682
6255,3.7681
6256,3.7679
6257,3.7677
6258,3.7676
6259,3.7674
6260,3.7673
6261,3.767
6262,3.7668
6263,3.7666
6264,3.7665
6265,3.7663
6266,3.7662
6267,3.766
6268,3.7657
6269,3.7655
6270,3.7654
6271,3.7652
6272,3.765
6273,3.7649
6274,3.7647
6275,3.7646
6276,3.7644
6277,3.7641
6278,3.7639
6279,3.7638
6280,3.7636
6281,3.7635
6282,3.7633
6283,3.7631
6284,3.763
6285,3.7628
6286,3.7625
6287,3.7623
6288,3.7622
6289,3.762
6290,3.7619
6291,3.7617
6292,3.7615
6293,3.7614
6294,3.7612
6295,3.7609
6296,3.7608
6297,3.7606
6298,3.7604
6299,3.7603
6300,3.7601
6301,3.76
6302,3.7598
6303,3.7595
6304,3.7593
6305,3.7592
6306,3.759
6307,3.7588
6308,3.7587
6309,3.7585
6310,3.7584
6311,3.7582
6312,3.7579
6313,3.7577
6314,3.7576
6315,3.7574
6316,3.7573
6317,3.7571
6318,3.7569
6319,3.7568
6320,3.7566
6321,3.7565
6322,3.7561
6323,3.756
6324,3.7558
6325,3.7557
6326,3.7555
6327,3.7554
6328,3.7552
6329,3.755
6330,3.7549
6331,3.7547
6332,3.7544
6333,3.7542
6334,3.7541
6335,3.7539
6336,3.7538
6337,3.7536
6338,3.7534
6339,3.7533
6340,3.7531
6341,3.753
6342,3.7527
6343,3.7525
6344,3.7523
6345,3.7522
6346,3.752
6347,3.7519
6348,3.7517
6349,3.7515
6350,3.7514
6351,3.7512
6352,3.7509
6353,3.7507
6354,3.7506
6355,3.7504
6356,3.7503
6357,3.7501
6358,3.75
6359,3.7498
6360,3.7496
6361,3.7495
6362,3.7493
6363,3.749
6364,3.7488
6365,3.7487
6366,3.7485
6367,3.7484
6368,3.7482
6369,3.748
6370,3.7479
6371,3.7477
6372,3.7474
6373,3.7473
6374,3.7471
6375,3.7469
6376,3.7468
6377,3.7466
6378,3.7465
6379,3.7463
6380,3.7461
6381,3.746
6382,3.7458
6383,3.7455
6384,3.7453
6385,3.7452
6386,3.745
6387,3.7449
6388,3.7447
6389,3.7445
6390,3.7444
6391,3.7442
6392,3.7441
6393,3.7438
6394,3.7436
6395,3.7434
6396,3.7433
6397,3.7431
6398,3.743
6399,3.7428
6400,3.7426
6401,3.7425
6402,3.7423
6403,3.742
6404,3.7418
6405,3.7417
6406,3.7415
6407,3.7414
6408,3.7412
6409,3.7411
6410,3.7409
6411,3.7407
6412,3.7406
6413,3.7403
6414,3.7401
6415,3.7399
6416,3.7398
6417,3.7396
6418,3.7395
6419,3.7393
6420,3.7391
6421,3.739
6422,3.7388
6423,3.7385
6424,3.7384
6425,3.7382
6426,3.738
6427,3.7379
6428,3.7377
6429,3.7376
6430,3.7374
6431,3.7372
6432,3.7371
6433,3.7369
6434,3.7366
6435,3.7364
6436,3.7363
6437,3.7361
6438,3.736
6439,3.7358
6440,3.7357
6441,3.7355
6442,3.7353
6443,3.7352
6444,3.7349
6445,3.7347
6446,3.7345
6447,3.7344
6448,3.7342
6449,3.7341
6450,3.7339
6451,3.7337
6452,3.7336
6453,3.7334
6454,3.7331
6455,3.733
6456,3.7328
6457,3.7326
6458,3.7325
6459,3.7323
6460,3.7322
6461,3.732
6462,3.7318
6463,3.7317
6464,3.7314
6465,3.7312
6466,3.731
6467,3.7309
6468,3.7307
6469,3.7306
6470,3.7304
6471,3.7303
6472,3.7299
6473,3.7299
6474,3.7296
6475,3.7295
6476,3.7293
6477,3.7291
6478,3.729
6479,3.7288
6480,3.7287
6481,3.7285
6482,3.7283
6483,3.728
6484,3.7279
6485,3.7277
6486,3.7275
6487,3.7274
6488,3.7272
6489,3.7271
6490,3.7269
6491,3.7268
6492,3.7264
6493,3.7263
6494,3.7261
6495,3.726
6496,3.7258
6497,3.7256
6498,3.7255
6499,3.7253
6500,3.7252
6501,3.725
6502,3.7247
6503,3.7245
6504,3.7244
6505,3.7242
6506,3.7241
6507,3.7239
6508,3.7237
6509,3.7236
6510,3.7233
6511,3.7231
6512,3.7229
6513,3.7228
6514,3.7226
6515,3.7225
6516,3.7223
6517,3.7221
6518,3.7218
6519,3.7217
6520,3.7215
6521,3.7214
6522,3.7212
6523,3.721
6524,3.7209
6525,3.7207
6526,3.7204
6527,3.7202
6528,3.7201
6529,3.7199
6530,3.7198
6531,3.7196
6532,3.7194
6533,3.7193
6534,3.7191
6535,3.7188
6536,3.7187
6537,3.7185
6538,3.7183
6539,3.7182
6540,3.718
6541,3.7179
6542,3.7175
6543,3.7174
6544,3.7172
6545,3.7171
6546,3.7169
6547,3.7167
6548,3.7166
6549,3.7164
6550,3.7163
6551,3.716
6552,3.7158
6553,3.7156
6554,3.7155
6555,3.7153
6556,3.7152
6557,3.715
6558,3.7148
6559,3.7147
6560,3.7144
6561,3.7142
6562,3.714
6563,3.7139
6564,3.7137
6565,3.7136
6566,3.7134
6567,3.7131
6568,3.7129
6569,3.7128
6570,3.7126
6571,3.7125
6572,3.7123
6573,3.7121
6574,3.712
6575,3.7117
6576,3.7115
6577,3.7113
6578,3.7112
6579,3.711
6580,3.7107
6581,3.7105
6582,3.7104
6583,3.7102
6584,3.7101
6585,3.7099
6586,3.7098
6587,3.7096
6588,3.7094
6589,3.7093
6590,3.709
6591,3.7088
6592,3.7086
6593,3.7085
6594,3.7083
6595,3.7082
6596,3.708
6597,3.7078
6598,3.7077
6599,3.7075
6600,3.7074
6601,3.7071
6602,3.7069
6603,3.7067
6604,3.7066
6605,3.7064
6606,3.7063
6607,3.7061
6608,3.7059
6609,3.7056
6610,3.7055
6611,3.7053
6612,3.7051
6613,3.705
6614,3.7048
6615,3.7045
6616,3.7044
6617,3.7042
6618,3.7039
6619,3.7037
6620,3.7036
6621,3.7034
6622,3.7032
6623,3.7031
6624,3.7028
6625,3.7026
6626,3.7024
6627,3.7023
6628,3.7021
6629,3.702
6630,3.7018
6631,3.7015
6632,3.7013
6633,3.7012
6634,3.701
6635,3.7009
6636,3.7007
6637,3.7004
6638,3.7002
6639,3.7001
6640,3.6999
6641,3.6997
6642,3.6996
6643,3.6993
6644,3.6991
6645,3.699
6646,3.6988
6647,3.6986
6648,3.6985
6649,3.6982
6650,3.698
6651,3.6978
6652,3.6977
6653,3.6975
6654,3.6974
6655,3.6972
6656,3.6969
6657,3.6967
6658,3.6966
6659,3.6964
6660,3.6963
6661,3.6961
6662,3.6959
6663,3.6956
6664,3.6955
6665,3.6953
6666,3.6951
6667,3.695
6668,3.6948
6669,3.6945
6670,3.6943
6671,3.6942
6672,3.694
6673,3.6939
6674,3.6937
6675,3.6934
6676,3.6932
6677,3.6931
6678,3.6929
6679,3.6928
6680,3.6924
6681,3.6923
6682,3.6921
6683,3.692
6684,3.6918
6685,3.6916
6686,3.6915
6687,3.6912
6688,3.691
6689,3.6908
6690,3.6907
6691,3.6905
6692,3.6904
6693,3.6901
6694,3.6899
6695,3.6897
6696,3.6896
6697,3.6894
6698,3.6891
6699,3.6889
6700,3.6888
6701,3.6886
6702,3.6885
6703,3.6883
6704,3.688
6705,3.6878
6706,3.6877
6707,3.6875
6708,3.6874
6709,3.6872
6710,3.6869
6711,3.6867
6712,3.6866
6713,3.6864
6714,3.6862
6715,3.6859
6716,3.6858
6717,3.6856
6718,3.6854
6719,3.6853
6720,3.6851
6721,3.6848
6722,3.6847
6723,3.6845
6724,3.6843
6725,3.6842
6726,3.684
6727,3.6839
6728,3.6835
6729,3.6834
6730,3.6832
6731,3.6831
6732,3.6829
6733,3.6826
6734,3.6824
6735,3.6823
6736,3.6821
6737,3.682
6738,3.6818
6739,3.6815
6740,3.6813
6741,3.6812
6742,3.681
6743,3.6808
6744,3.6805
6745,3.6804
6746,3.6802
6747,3.68
6748,3.6799
6749,3.6797
6750,3.6794
6751,3.6793
6752,3.6791
6753,3.6789
6754,3.6788
6755,3.6786
6756,3.6783
6757,3.6781
6758,3.678
6759,3.6778
6760,3.6777
6761,3.6775
6762,3.6772
6763,3.677
6764,3.6769
6765,3.6767
6766,3.6765
6767,3.6764
6768,3.6761
6769,3.6759
6770,3.6758
6771,3.6756
6772,3.6754
6773,3.6753
6774,3.675
6775,3.6748
6776,3.6746
6777,3.6745
6778,3.6743
6779,3.6742
6780,3.6738
6781,3.6737
6782,3.6735
6783,3.6734
6784,3.6732
6785,3.6731
6786,3.6727
6787,3.6726
6788,3.6724
6789,3.6723
6790,3.6721
6791,3.6719
6792,3.6716
6793,3.6715
6794,3.6713
6795,3.6711
6796,3.671
6797,3.6708
6798,3.6705
6799,3.6704
6800,3.6702
6801,3.67
6802,3.6699
6803,3.6697
6804,3.6694
6805,3.6692
6806,3.6691
6807,3.6689
6808,3.6688
6809,3.6686
6810,3.6683
6811,3.6681
6812,3.668
6813,3.6678
6814,3.6677
6815,3.6675
6816,3.6672
6817,3.667
6818,3.6669
6819,3.6667
6820,3.6665
6821,3.6664
6822,3.6662
6823,3.6659
6824,3.6657
6825,3.6656
6826,3.6654
6827,3.6653
6828,3.6651
6829,3.6648
6830,3.6646
6831,3.6645
6832,3.6643
6833,3.6642
6834,3.664
6835,3.6638
6836,3.6635
6837,3.6634
6838,3.6632
6839,3.663
6840,3.6629
6841,3.6627
6842,3.6624
6843,3.6623
6844,3.6621
6845,3.6619
6846,3.6618
6847,3.6616
6848,3.6615
6849,3.6613
6850,3.661
6851,3.6608
6852,3.6607
6853,3.6605
6854,3.6603
6855,3.6602
6856,3.66
6857,3.6597
6858,3.6596
6859,3.6594
6860,3.6592
6861,3.6591
6862,3.6589
6863,3.6588
6864,3.6584
6865,3.6583
6866,3.6581
6867,3.658
6868,3.6578
6869,3.6576
6870,3.6575
6871,3.6573
6872,3.657
6873,3.6568
6874,3.6567
6875,3.6565
6876,3.6564
6877,3.6562
6878,3.6561
6879,3.6557
6880,3.6556
6881,3.6554
6882,3.6553
6883,3.6551
6884,3.6549
6885,3.6548
6886,3.6545
6887,3.6545
6888,3.6541
6889,3.654
6890,3.6538
6891,3.6537
6892,3.6535
6893,3.6534
6894,3.6532
6895,3.6529
6896,3.6527
6897,3.6526
6898,3.6524
6899,3.6522
6900,3.6521
6901,3.6519
6902,3.6516
6903,3.6514
6904,3.6513
6905,3.6511
6906,3.651
6907,3.6508
6908,3.6507
6909,3.6505
6910,3.6503
6911,3.65
6912,3.6499
6913,3.6497
6914,3.6495
6915,3.6494
6916,3.6492
6917,3.6491
6918,3.6489
6919,3.6486
6920,3.6484
6921,3.6483
6922,3.6481
6923,3.648
6924,3.6478
6925,3.6476
6926,3.6475
6927,3.6472
6928,3.647
6929,3.6468
6930,3.6467
6931,3.6465
6932,3.6464
6933,3.6462
6934,3.646
6935,3.6459
6936,3.6456
6937,3.6454
6938,3.6453
6939,3.6451
6940,3.6449
6941,3.6448
6942,3.6446
6943,3.6443
6944,3.6441
6945,3.644
6946,3.6438
6947,3.6437
6948,3.6435
6949,3.6433
6950,3.6432
6951,3.6429
6952,3.6427
6953,3.6426
6954,3.6424
6955,3.6422
6956,3.6421
6957,3.6419
6958,3.6416
6959,3.6414
6960,3.6413
6961,3.6411
6962,3.641
6963,3.6408
6964,3.6406
6965,3.6403
6966,3.6402
6967,3.64
6968,3.6398
6969,3.6397
6970,3.6395
6971,3.6392
6972,3.6391
6973,3.6389
6974,3.6387
6975,3.6386
6976,3.6384
6977,3.6383
6978,3.6379
6979,3.6378
6980,3.6376
6981,3.6375
6982,3.6373
6983,3.6371
6984,3.6368
6985,3.6367
6986,3.6365
6987,3.6364
6988,3.6362
6989,3.6359
6990,3.6357
6991,3.6356
6992,3.6354
6993,3.6352
6994,3.6351
6995,3.6348
6996,3.6346
6997,3.6344
6998,3.6343
6999,3.6341
7000,3.6338
7001,3.6337
7002,3.6335
7003,3.6333
7004,3.6332
7005,3.6329
7006,3.6327
7007,3.6325
7008,3.6324
7009,3.6322
7010,3.6319
7011,3.6317
7012,3.6316
7013,3.6314
7014,3.6311
7015,3.631
7016,3.6308
7017,3.6306
7018,3.6303
7019,3.6302
7020,3.63
7021,3.6298
7022,3.6297
7023,3.6294
7024,3.6292
7025,3.629
7026,3.6287
7027,3.6286
7028,3.6284
7029,3.6283
7030,3.6279
7031,3.6278
7032,3.6276
7033,3.6275
7034,3.6271
7035,3.627
7036,3.6268
7037,3.6267
7038,3.6263
7039,3.6262
7040,3.626
7041,3.6257
7042,3.6256
7043,3.6254
7044,3.6251
7045,3.6249
7046,3.6248
7047,3.6246
7048,3.6243
7049,3.6241
7050,3.6238
7051,3.6236
7052,3.6235
7053,3.6232
7054,3.623
7055,3.6228
7056,3.6225
7057,3.6224
7058,3.6222
7059,3.6219
7060,3.6217
7061,3.6216
7062,3.6213
7063,3.6211
7064,3.6208
7065,3.6206
7066,3.6205
7067,3.6201
7068,3.62
7069,3.6197
7070,3.6195
7071,3.6194
7072,3.619
7073,3.6189
7074,3.6186
7075,3.6184
7076,3.6181
7077,3.6179
7078,3.6178
7079,3.6174
7080,3.6173
7081,3.617
7082,3.6168
7083,3.6165
7084,3.6163
7085,3.616
7086,3.6159
7087,3.6155
7088,3.6154
7089,3.6151
7090,3.6149
7091,3.6146
7092,3.6144
7093,3.6141
7094,3.614
7095,3.6136
7096,3.6133
7097,3.6132
7098,3.6128
7099,3.6127
7100,3.6124
7101,3.6122
7102,3.6119
7103,3.6116
7104,3.6114
7105,3.6111
7106,3.6109
7107,3.6106
7108,3.6103
7109,3.6101
7110,3.6098
7111,3.6095
7112,3.6093
7113,3.609
7114,3.6087
7115,3.6086
7116,3.6082
7117,3.6079
7118,3.6076
7119,3.6074
7120,3.6071
7121,3.6068
7122,3.6066
7123,3.6063
7124,3.606
7125,3.6058
7126,3.6055
7127,3.6052
7128,3.6049
7129,3.6046
7130,3.6043
7131,3.6041
7132,3.6038
7133,3.6035
7134,3.6031
7135,3.6028
7136,3.6025
7137,3.6022
7138,3.602
7139,3.6017
7140,3.6014
7141,3.6011
7142,3.6008
7143,3.6004
7144,3.6001
7145,3.5998
7146,3.5995
7147,3.5992
7148,3.5989
7149,3.5985
7150,3.5982
7151,3.5979
7152,3.5976
7153,3.5973
7154,3.597
7155,3.5966
7156,3.5963
7157,3.596
7158,3.5957
7159,3.5954
7160,3.595
7161,3.5946
7162,3.5943
7163,3.5939
7164,3.5936
7165,3.5933
7166,3.593
7167,3.5925
7168,3.5922
7169,3.5919
7170,3.5916
7171,3.5912
7172,3.5908
7173,3.5904
7174,3.5901
7175,3.5896
7176,3.5893
7177,3.589
7178,3.5885
7179,3.5882
7180,3.5879
7181,3.5874
7182,3.5871
7183,3.5866
7184,3.5863
7185,3.586
7186,3.5855
7187,3.5852
7188,3.5847
7189,3.5844
7190,3.5839
7191,3.5836
7192,3.5831
7193,3.5827
7194,3.5823
7195,3.5819
7196,3.5815
7197,3.5811
7198,3.5806
7199,3.5803
7200,3.5798
7201,3.5793
7202,3.579
7203,3.5785
7204,3.578
7205,3.5776
7206,3.5773
7207,3.5768
7208,3.5763
7209,3.5758
7210,3.5753
7211,3.5749
7212,3.5746
7213,3.5741
7214,3.5736
7215,3.5731
7216,3.5726
7217,3.5722
7218,3.5717
7219,3.5712
7220,3.5707
7221,3.5703
7222,3.5698
7223,3.5693
7224,3.5687
7225,3.5682
7226,3.5677
7227,3.5672
7228,3.5668
7229,3.5663
7230,3.5657
7231,3.5652
7232,3.5647
7233,3.5642
7234,3.5636
7235,3.5631
7236,3.5626
7237,3.562
7238,3.5615
7239,3.561
7240,3.5604
7241,3.5599
7242,3.5593
7243,3.5588
7244,3.5582
7245,3.5577
7246,3.5571
7247,3.5566
7248,3.556
7249,3.5555
7250,3.5549
7251,3.5542
7252,3.5537
7253,3.5531
7254,3.5525
7255,3.552
7256,3.5514
7257,3.5507
7258,3.5501
7259,3.5496
7260,3.549
7261,3.5483
7262,3.5477
7263,3.5471
7264,3.5464
7265,3.5458
7266,3.5453
7267,3.5447
7268,3.544
7269,3.5434
7270,3.5428
7271,3.5421
7272,3.5415
7273,3.5409
7274,3.5402
7275,3.5396
7276,3.539
7277,3.5382
7278,3.5375
7279,3.5369
7280,3.5363
7281,3.5356
7282,3.535
7283,3.5344
7284,3.5336
7285,3.5329
7286,3.5323
7287,3.5317
7288,3.5309
7289,3.5302
7290,3.5296
7291,3.5288
7292,3.5282
7293,3.5275
7294,3.5267
7295,3.5261
7296,3.5255
7297,3.5247
7298,3.524
7299,3.5232
7300,3.5226
7301,3.5218
7302,3.5212
7303,3.5204
7304,3.5197
7305,3.5189
7306,3.5181
7307,3.5175
7308,3.5167
7309,3.5159
7310,3.5153
7311,3.5145
7312,3.5137
7313,3.5129
7314,3.5123
7315,3.5115
7316,3.5107
7317,3.5099
7318,3.5091
7319,3.5083
7320,3.5075
7321,3.5067
7322,3.5059
7323,3.5051
7324,3.5042
7325,3.5034
7326,3.5026
7327,3.5018
7328,3.5008
7329,3.5
7330,3.4992
7331,3.4983
7332,3.4975
7333,3.4965
7334,3.4956
7335,3.4948
7336,3.4938
7337,3.4929
7338,3.4919
7339,3.491
7340,3.49
7341,3.4891
7342,3.4881
7343,3.4872
7344,3.4862
7345,3.4851
7346,3.4841
7347,3.4832
7348,3.4821
7349,3.4811
7350,3.48
7351,3.4789
7352,3.4778
7353,3.4768
7354,3.4757
7355,3.4746
7356,3.4733
7357,3.4722
7358,3.4711
7359,3.47
7360,3.4687
7361,3.4676
7362,3.4664
7363,3.4651
7364,3.464
7365,3.4627
7366,3.4614
7367,3.4602
7368,3.4587
7369,3.4575
7370,3.4562
7371,3.4548
7372,3.4535
7373,3.4521
7374,3.4506
7375,3.4494
7376,3.4478
7377,3.4463
7378,3.4449
7379,3.4435
7380,3.442
7381,3.4405
7382,3.439
7383,3.4374
7384,3.4359
7385,3.4343
7386,3.4327
7387,3.4311
7388,3.4293
7389,3.4277
7390,3.4262
7391,3.4244
7392,3.4227
7393,3.4211
7394,3.4193
7395,3.4176
7396,3.4157
7397,3.4141
7398,3.4122
7399,3.4103
7400,3.4085
7401,3.4066
7402,3.4047
7403,3.4028
7404,3.4009
7405,3.399
7406,3.3971
7407,3.3952
7408,3.3931
7409,3.391
7410,3.3891
7411,3.3871
7412,3.385
7413,3.3829
7414,3.3807
7415,3.3787
7416,3.3764
7417,3.3744
7418,3.3721
7419,3.3699
7420,3.3677
7421,3.3655
7422,3.3632
7423,3.361
7424,3.3586
7425,3.3563
7426,3.354
7427,3.3516
7428,3.3493
7429,3.3469
7430,3.3443
7431,3.342
7432,3.3396
7433,3.337
7434,3.3345
7435,3.3319
7436,3.3294
7437,3.3269
7438,3.3242
7439,3.3216
7440,3.3189
7441,3.3164
7442,3.3137
7443,3.311
7444,3.3081
7445,3.3054
7446,3.3027
7447,3.2998
7448,3.297
7449,3.2941
7450,3.2913
7451,3.2884
7452,3.2855
7453,3.2825
7454,3.2795
7455,3.2765
7456,3.2735
7457,3.2705
7458,3.2674
7459,3.2643
7460,3.2611
7461,3.2579
7462,3.2547
7463,3.2515
7464,3.2484
7465,3.245
7466,3.2417
7467,3.2384
7468,3.235
7469,3.2317
7470,3.2282
7471,3.2247
7472,3.2214
7473,3.2179
7474,3.2142
7475,3.2107
7476,3.2071
7477,3.2034
7478,3.1998
7479,3.1961
7480,3.1923
7481,3.1886
7482,3.1848
7483,3.1809
7484,3.177
7485,3.1731
7486,3.1691
7487,3.1653
7488,3.1612
7489,3.1572
7490,3.1531
7491,3.1489
7492,3.1448
7493,3.1405
7494,3.1364
7495,3.1321
7496,3.1278
7497,3.1233
7498,3.1191
7499,3.1144
7500,3.11
7501,3.1055
7502,3.1009
7503,3.0963
7504,3.0917
7505,3.087
7506,3.0822
7507,3.0774
7508,3.0725
7509,3.0677
7510,3.0628
7511,3.0577
7512,3.0526
7513,3.0476
7514,3.0425
7515,3.0372
7516,3.0322
7517,3.0268
7518,3.0215
7519,3.0161
7520,3.0105
7521,3.0051
7522,2.9996
7523,2.9939
7524,2.9881
7525,2.9824
7526,2.9767
7527,2.9708
7528,2.9648
7529,2.9588
7530,2.9527
7531,2.9467
7532,2.9405
7533,2.9341
7534,2.9278
7535,2.9214
7536,2.9149
7537,2.9084
7538,2.9017
7539,2.895
7540,2.8882
7541,2.8812
7542,2.8742
7543,2.8672
7544,2.8601
7545,2.8529
7546,2.8456
7547,2.8382
7548,2.8305
7549,2.8231
7550,2.8153
7551,2.8075
7552,2.7996
7553,2.7916
7554,2.7835
7555,2.7753
7556,2.767
7557,2.7584
7558,2.75
7559,2.7413
7560,2.7325
7561,2.7236
7562,2.7146
7563,2.7055
7564,2.6965
7565,2.6871
7566,2.6776
7567,2.668
7568,2.6585
7569,2.6486
7570,2.6388
7571,2.6289
7572,2.6188
7573,2.6086
7574,2.5983
7575,2.588
7576,2.5775
7577,2.5668
7578,2.5562
7579,2.5454
7580,2.5344
7581,2.5235
7582,2.5122
7583,2.5009
7584,2.4999
7585,2.5209
7586,2.6267
7587,2.7273
7588,2.8286
7589,2.9147
7590,3.0152
7591,3.1011
7592,3.2013
7593,3.2126
7594,3.2902
7595,3.3466
7596,3.3871
7597,3.416
7598,3.4359
7599,3.449
7600,3.4583
7601,3.4646
7602,3.4695
7603,3.4732
7604,3.4764
7605,3.4789
7606,3.481
7607,3.4829
7608,3.4845
7609,3.4861
7610,3.4873
7611,3.4884
7612,3.4896
7613,3.4907
7614,3.4916
7615,3.4924
7616,3.4932
7617,3.494
7618,3.4948
7619,3.4954
7620,3.4961
7621,3.4967
7622,3.4972
7623,3.4978
7624,3.4983
7625,3.4988
7626,3.4992
7627,3.4997
7628,3.5002
7629,3.5007
7630,3.5011
7631,3.5015
7632,3.5018
7633,3.5023
7634,3.5026
7635,3.5029
7636,3.5032
7637,3.5037
7638,3.504
7639,3.5043
7640,3.5045
7641,3.5048
7642,3.5051
7643,3.5054
7644,3.5058
7645,3.5059
7646,3.5062
7647,3.5066
7648,3.5067
7649,3.507
7650,3.5072
7651,3.5075
7652,3.5077
7653,3.5078
7654,3.5081
7655,3.5083
7656,3.5085
7657,3.5088
7658,3.5089
7659,3.5091
7660,3.5094
7661,3.5096
7662,3.5097
7663,3.5099
7664,3.51
7665,3.5102
7666,3.5105
7667,3.5107
7668,3.5108
7669,3.511
7670,3.5112
7671,3.5113
7672,3.5115
7673,3.5116
7674,3.5118
7675,3.512
7676,3.5121
7677,3.5123
7678,3.5124
7679,3.5124
7680,3.5126
7681,3.5127
7682,3.5129
7683,3.5131
7684,3.5132
7685,3.5134
7686,3.5135
7687,3.5135
7688,3.5137
7689,3.5139
7690,3.514
7691,3.514
7692,3.5142
7693,3.5143
7694,3.5145
7695,3.5145
7696,3.5147
7697,3.5148
7698,3.515
7699,3.515
7700,3.5151
7701,3.5153
7702,3.5153
7703,3.5154
7704,3.5156
7705,3.5156
7706,3.5158
7707,3.5159
7708,3.5159
7709,3.5161
7710,3.5162
7711,3.5162
7712,3.5164
7713,3.5164
7714,3.5166
7715,3.5167
7716,3.5167
7717,3.5169
7718,3.5169
7719,3.517
7720,3.517
7721,3.5172
7722,3.5174
7723,3.5174
7724,3.5175
7725,3.5175
7726,3.5177
7727,3.5177
7728,3.5178
7729,3.5178
7730,3.518
7731,3.518
7732,3.5181
7733,3.5183
7734,3.5183
7735,3.5183
7736,3.5185
7737,3.5185
7738,3.5186
7739,3.5188
7740,3.5188
7741,3.5188
7742,3.5189
7743,3.5189
7744,3.5191
7745,3.5191
7746,3.5193
7747,3.5193
7748,3.5194
7749,3.5194
7750,3.5196
7751,3.5197
7752,3.5197
7753,3.5197
7754,3.5199
7755,3.5199
7756,3.5201
7757,3.5201
7758,3.5201
7759,3.5202
7760,3.5202
7761,3.5202
7762,3.5204
7763,3.5204
7764,3.5204
7765,3.5205
7766,3.5205
7767,3.5205
7768,3.5207
7769,3.5207
7770,3.5209
7771,3.5293
7772,3.5736
7773,3.5773
7774,3.5795
7775,3.5811
7776,3.5824
7777,3.5835
7778,3.5844
7779,3.5852
7780,3.586
7781,3.5868
7782,3.5875
7783,3.5881
7784,3.5886
7785,3.5892
7786,3.5897
7787,3.5902
7788,3.5908
7789,3.5913
7790,3.5916
7791,3.5921
7792,3.5925
7793,3.593
7794,3.5933
7795,3.5938
7796,3.5941
7797,3.5946
7798,3.5949
7799,3.5954
7800,3.5957
7801,3.596
7802,3.5963
7803,3.5967
7804,3.597
7805,3.5975
7806,3.5978
7807,3.5981
7808,3.5984
7809,3.5987
7810,3.599
7811,3.5994
7812,3.5997
7813,3.6
7814,3.6002
7815,3.6005
7816,3.6008
7817,3.6011
7818,3.6014
7819,3.6016
7820,3.6019
7821,3.6022
7822,3.6025
7823,3.6027
7824,3.603
7825,3.6033
7826,3.6035
7827,3.6038
7828,3.604
7829,3.6043
7830,3.6046
7831,3.6048
7832,3.6051
7833,3.6052
7834,3.6056
7835,3.6057
7836,3.606
7837,3.6062
7838,3.6065
7839,3.6067
7840,3.607
7841,3.6072
7842,3.6073
7843,3.6076
7844,3.6078
7845,3.6081
7846,3.6083
7847,3.6084
7848,3.6087
7849,3.6089
7850,3.6091
7851,3.6094
7852,3.6095
7853,3.6097
7854,3.61
7855,3.6102
7856,3.6103
7857,3.6106
7858,3.6108
7859,3.611
7860,3.6111
7861,3.6114
7862,3.6116
7863,3.6118
7864,3.6119
7865,3.6121
7866,3.6122
7867,3.6126
7868,3.6127
7869,3.6129
7870,3.613
7871,3.6132
7872,3.6135
7873,3.6137
7874,3.6138
7875,3.614
7876,3.6141
7877,3.6143
7878,3.6145
7879,3.6146
7880,3.6148
7881,3.6149
7882,3.6153
7883,3.6154
7884,3.6156
7885,3.6157
7886,3.6159
7887,3.616
7888,3.6162
7889,3.6164
7890,3.6165
7891,3.6167
7892,3.6168
7893,3.617
7894,3.6172
7895,3.6173
7896,3.6175
7897,3.6176
7898,3.6178
7899,3.618
7900,3.6181
7901,3.6183
7902,3.6184
7903,3.6186
7904,3.6187
7905,3.6189
7906,3.6191
7907,3.6192
7908,3.6194
7909,3.6195
7910,3.6197
7911,3.6199
7912,3.62
7913,3.6202
7914,3.6203
7915,3.6203
7916,3.6207
7917,3.6208
7918,3.6208
7919,3.621
7920,3.6211
7921,3.6213
7922,3.6214
7923,3.6216
7924,3.6218
7925,3.6219
7926,3.6221
7927,3.6222
7928,3.6224
7929,3.6224
7930,3.6226
7931,3.6227
7932,3.6229
7933,3.623
7934,3.6232
7935,3.6234
7936,3.6235
7937,3.6235
7938,3.6237
7939,3.6238
7940,3.624
7941,3.6241
7942,3.6243
7943,3.6245
7944,3.6246
7945,3.6246
7946,3.6248
7947,3.6249
7948,3.6251
7949,3.6253
7950,3.6254
7951,3.6256
7952,3.6256
7953,3.6257
7954,3.6259
7955,3.6261
7956,3.6262
7957,3.6264
7958,3.6265
7959,3.6265
7960,3.6267
7961,3.6269
7962,3.627
7963,3.6272
7964,3.6273
7965,3.6275
7966,3.6275
7967,3.6276
7968,3.6278
7969,3.628
7970,3.6281
7971,3.6281
7972,3.6283
7973,3.6284
7974,3.6286
7975,3.6288
7976,3.6288
7977,3.6289
7978,3.6291
7979,3.6292
7980,3.6294
7981,3.6296
7982,3.6296
7983,3.6297
7984,3.6299
7985,3.63
7986,3.6302
7987,3.6302
7988,3.6303
7989,3.6305
7990,3.6307
7991,3.6308
7992,3.6308
7993,3.631
7994,3.6311
7995,3.6313
7996,3.6315
7997,3.6316
7998,3.6316
7999,3.6318
8000,3.6319
8001,3.6321
8002,3.6323
8003,3.6323
8004,3.6324
8005,3.6326
8006,3.6327
8007,3.6329
8008,3.6329
8009,3.633
8010,3.6332
8011,3.6334
8012,3.6334
8013,3.6335
8014,3.6337
8015,3.6338
8016,3.634
8017,3.6342
8018,3.6342
8019,3.6343
8020,3.6345
8021,3.6346
8022,3.6346
8023,3.6348
8024,3.635
8025,3.6351
8026,3.6353
8027,3.6353
8028,3.6354
8029,3.6356
8030,3.6357
8031,3.6359
8032,3.6359
8033,3.6361
8034,3.6362
8035,3.6364
8036,3.6364
8037,3.6365
8038,3.6367
8039,3.6369
8040,3.637
8041,3.637
8042,3.6372
8043,3.6373
8044,3.6375
8045,3.6375
8046,3.6377
8047,3.6378
8048,3.638
8049,3.638
8050,3.6381
8051,3.6383
8052,3.6384
8053,3.6386
8054,3.6386
8055,3.6388
8056,3.6389
8057,3.6391
8058,3.6392
8059,3.6392
8060,3.6394
8061,3.6396
8062,3.6397
8063,3.6397
8064,3.6399
8065,3.64
8066,3.6402
8067,3.6402
8068,3.6404
8069,3.6405
8070,3.6407
8071,3.6407
8072,3.6408
8073,3.641
8074,3.6411
8075,3.6411
8076,3.6413
8077,3.6415
8078,3.6416
8079,3.6418
8080,3.6418
8081,3.6419
8082,3.6421
8083,3.6423
8084,3.6423
8085,3.6424
8086,3.6426
8087,3.6427
8088,3.6427
8089,3.6429
8090,3.6431
8091,3.6432
8092,3.6434
8093,3.6434
8094,3.6435
8095,3.6437
8096,3.6438
8097,3.6438
8098,3.644
8099,3.6442
8100,3.6443
8101,3.6443
8102,3.6445
8103,3.6446
8104,3.6448
8105,3.6448
8106,3.645
8107,3.6451
8108,3.6453
8109,3.6453
8110,3.6454
8111,3.6456
8112,3.6458
8113,3.6458
8114,3.6459
8115,3.6461
8116,3.6462
8117,3.6462
8118,3.6464
8119,3.6465
8120,3.6467
8121,3.6467
8122,3.6469
8123,3.647
8124,3.6472
8125,3.6472
8126,3.6473
8127,3.6475
8128,3.6477
8129,3.6478
8130,3.6478
8131,3.648
8132,3.6481
8133,3.6481
8134,3.6483
8135,3.6485
8136,3.6486
8137,3.6486
8138,3.6488
8139,3.6489
8140,3.6491
8141,3.6491
8142,3.6492
8143,3.6494
8144,3.6494
8145,3.6496
8146,3.6497
8147,3.6499
8148,3.65
8149,3.65
8150,3.6502
8151,3.6504
8152,3.6504
8153,3.6505
8154,3.6507
8155,3.6508
8156,3.6508
8157,3.651
8158,3.6512
8159,3.6513
8160,3.6513
8161,3.6515
8162,3.6516
8163,3.6518
8164,3.6518
8165,3.652
8166,3.6521
8167,3.6523
8168,3.6523
8169,3.6524
8170,3.6526
8171,3.6526
8172,3.6527
8173,3.6529
8174,3.6531
8175,3.6531
8176,3.6532
8177,3.6534
8178,3.6535
8179,3.6535
8180,3.6537
8181,3.6539
8182,3.654
8183,3.654
8184,3.6542
8185,3.6543
8186,3.6545
8187,3.6545
8188,3.6547
8189,3.6548
8190,3.6548
8191,3.655
8192,3.6551
8193,3.6553
8194,3.6553
8195,3.6554
8196,3.6556
8197,3.6558
8198,3.6558
8199,3.6559
8200,3.6561
8201,3.6561
8202,3.6562
8203,3.6564
8204,3.6566
8205,3.6566
8206,3.6567
8207,3.6569
8208,3.657
8209,3.657
8210,3.6572
8211,3.6574
8212,3.6575
8213,3.6575
8214,3.6577
8215,3.6578
8216,3.658
8217,3.658
8218,3.6581
8219,3.6583
8220,3.6583
8221,3.6585
8222,3.6586
8223,3.6586
8224,3.6588
8225,3.6589
8226,3.6591
8227,3.6591
8228,3.6593
8229,3.6594
8230,3.6596
8231,3.6596
8232,3.6597
8233,3.6599
8234,3.6599
8235,3.6601
8236,3.6602
8237,3.6604
8238,3.6604
8239,3.6605
8240,3.6607
8241,3.6607
8242,3.6608
8243,3.661
8244,3.6612
8245,3.6612
8246,3.6613
8247,3.6615
8248,3.6616
8249,3.6616
8250,3.6618
8251,3.662
8252,3.6621
8253,3.6621
8254,3.6623
8255,3.6624
8256,3.6624
8257,3.6626
8258,3.6628
8259,3.6629
8260,3.6629
8261,3.6631
8262,3.6632
8263,3.6632
8264,3.6634
8265,3.6635
8266,3.6637
8267,3.6637
8268,3.6639
8269,3.664
8270,3.6642
8271,3.6642
8272,3.6643
8273,3.6645
8274,3.6645
8275,3.6647
8276,3.6648
8277,3.6648
8278,3.665
8279,3.6651
8280,3.6653
8281,3.6653
8282,3.6655
8283,3.6656
8284,3.6658
8285,3.6658
8286,3.6659
8287,3.6661
8288,3.6661
8289,3.6662
8290,3.6664
8291,3.6664
8292,3.6666
8293,3.6667
8294,3.6669
8295,3.6669
8296,3.667
8297,3.6672
8298,3.6674
8299,3.6674
8300,3.6675
8301,3.6677
8302,3.6677
8303,3.6678
8304,3.668
8305,3.668
8306,3.6682
8307,3.6683
8308,3.6685
8309,3.6685
8310,3.6686
8311,3.6688
8312,3.6689
8313,3.6689
8314,3.6691
8315,3.6693
8316,3.6693
8317,3.6694
8318,3.6696
8319,3.6696
8320,3.6697
8321,3.6699
8322,3.6701
8323,3.6701
8324,3.6702
8325,3.6704
8326,3.6705
8327,3.6705
8328,3.6707
8329,3.6709
8330,3.6709
8331,3.671
8332,3.6712
8333,3.6712
8334,3.6713
8335,3.6715
8336,3.6717
8337,3.6717
8338,3.6718
8339,3.672
8340,3.672
8341,3.6721
8342,3.6723
8343,3.6723
8344,3.6724
8345,3.6726
8346,3.6728
8347,3.6728
8348,3.6729
8349,3.6731
8350,3.6732
8351,3.6732
8352,3.6734
8353,3.6736
8354,3.6736
8355,3.6737
8356,3.6739
8357,3.674
8358,3.674
8359,3.6742
8360,3.6744
8361,3.6744
8362,3.6745
8363,3.6747
8364,3.6747
8365,3.6748
8366,3.675
8367,3.6751
8368,3.6751
8369,3.6753
8370,3.6755
8371,3.6755
8372,3.6756
8373,3.6758
8374,3.6759
8375,3.6759
8376,3.6761
8377,3.6763
8378,3.6763
8379,3.6764
8380,3.6766
8381,3.6767
8382,3.6767
8383,3.6769
8384,3.6771
8385,3.6771
8386,3.6772
8387,3.6774
8388,3.6775
8389,3.6775
8390,3.6777
8391,3.6778
8392,3.6778
8393,3.678
8394,3.6782
8395,3.6783
8396,3.6783
8397,3.6785
8398,3.6786
8399,3.6786
8400,3.6788
8401,3.679
8402,3.6791
8403,3.6791
8404,3.6793
8405,3.6794
8406,3.6794
8407,3.6796
8408,3.6798
8409,3.6799
8410,3.6799
8411,3.6801
8412,3.6802
8413,3.6802
8414,3.6804
8415,3.6805
8416,3.6807
8417,3.6807
8418,3.6809
8419,3.681
8420,3.681
8421,3.6812
8422,3.6813
8423,3.6815
8424,3.6815
8425,3.6817
8426,3.6818
8427,3.682
8428,3.682
8429,3.6821
8430,3.6823
8431,3.6825
8432,3.6825
8433,3.6826
8434,3.6828
8435,3.6828
8436,3.6829
8437,3.6831
8438,3.6831
8439,3.6832
8440,3.6834
8441,3.6836
8442,3.6837
8443,3.6837
8444,3.6839
8445,3.684
8446,3.684
8447,3.6842
8448,3.6844
8449,3.6845
8450,3.6845
8451,3.6847
8452,3.6848
8453,3.685
8454,3.685
8455,3.6852
8456,3.6853
8457,3.6855
8458,3.6855
8459,3.6856
8460,3.6858
8461,3.6859
8462,3.6859
8463,3.6861
8464,3.6863
8465,3.6863
8466,3.6864
8467,3.6866
8468,3.6867
8469,3.6867
8470,3.6869
8471,3.6871
8472,3.6872
8473,3.6874
8474,3.6874
8475,3.6875
8476,3.6877
8477,3.6877
8478,3.6879
8479,3.688
8480,3.6882
8481,3.6883
8482,3.6883
8483,3.6885
8484,3.6886
8485,3.6888
8486,3.6888
8487,3.689
8488,3.6891
8489,3.6893
8490,3.6893
8491,3.6894
8492,3.6896
8493,3.6898
8494,3.6898
8495,3.6899
8496,3.6901
8497,3.6902
8498,3.6904
8499,3.6904
8500,3.6906
8501,3.6907
8502,3.6909
8503,3.6909
8504,3.691
8505,3.6912
8506,3.6913
8507,3.6913
8508,3.6915
8509,3.6917
8510,3.6918
8511,3.6918
8512,3.692
8513,3.6921
8514,3.6923
8515,3.6925
8516,3.6925
8517,3.6926
8518,3.6928
8519,3.6929
8520,3.6931
8521,3.6931
8522,3.6933
8523,3.6934
8524,3.6936
8525,3.6937
8526,3.6937
8527,3.6939
8528,3.694
8529,3.6942
8530,3.6944
8531,3.6944
8532,3.6945
8533,3.6947
8534,3.6948
8535,3.695
8536,3.695
8537,3.6952
8538,3.6953
8539,3.6955
8540,3.6956
8541,3.6958
8542,3.6958
8543,3.696
8544,3.6961
8545,3.6963
8546,3.6964
8547,3.6964
8548,3.6966
8549,3.6968
8550,3.6969
8551,3.6971
8552,3.6971
8553,3.6972
8554,3.6974
8555,3.6975
8556,3.6977
8557,3.6977
8558,3.6979
8559,3.698
8560,3.6982
8561,3.6983
8562,3.6985
8563,3.6985
8564,3.6987
8565,3.6988
8566,3.699
8567,3.6991
8568,3.6993
8569,3.6993
8570,3.6995
8571,3.6996
8572,3.6998
8573,3.6999
8574,3.7001
8575,3.7002
8576,3.7002
8577,3.7004
8578,3.7006
8579,3.7007
8580,3.7009
8581,3.701
8582,3.701
8583,3.7012
8584,3.7014
8585,3.7015
8586,3.7017
8587,3.7018
8588,3.702
8589,3.702
8590,3.7022
8591,3.7023
8592,3.7025
8593,3.7026
8594,3.7028
8595,3.7029
8596,3.7031
8597,3.7031
8598,3.7033
8599,3.7034
8600,3.7036
8601,3.7037
8602,3.7039
8603,3.7041
8604,3.7042
8605,3.7042
8606,3.7044
8607,3.7045
8608,3.7047
8609,3.7049
8610,3.705
8611,3.7052
8612,3.7053
8613,3.7053
8614,3.7056
8615,3.7056
8616,3.7058
8617,3.706
8618,3.7061
8619,3.7063
8620,3.7064
8621,3.7066
8622,3.7068
8623,3.7069
8624,3.7069
8625,3.7071
8626,3.7072
8627,3.7074
8628,3.7076
8629,3.7077
8630,3.7079
8631,3.708
8632,3.7082
8633,3.7083
8634,3.7085
8635,3.7087
8636,3.7087
8637,3.7088
8638,3.709
8639,3.7091
8640,3.7093
8641,3.7095
8642,3.7096
8643,3.7098
8644,3.7099
8645,3.7101
8646,3.7103
8647,3.7103
8648,3.7104
8649,3.7106
8650,3.7104
8651,3.7104
8652,3.7104
8653,3.7104
8654,3.7103
8655,3.7103
8656,3.7104
8657,3.7103
8658,3.7104
8659,3.7104
8660,3.7104
8661,3.7104
8662,3.7104
8663,3.7104
8664,3.7104
8665,3.7104
8666,3.7104
8667,3.7104
8668,3.7104
8669,3.7104
8670,3.7104
8671,3.7103
8672,3.7103
8673,3.7104
8674,3.7104
8675,3.7104
8676,3.7104
8677,3.7104
8678,3.7104
8679,3.7104
8680,3.7104
8681,3.7104
8682,3.7104
8683,3.7103
8684,3.7103
8685,3.7104
8686,3.7104
8687,3.7103
8688,3.7103
8689,3.7083
8690,3.7075
8691,3.7072
8692,3.7071
8693,3.7069
8694,3.7067
8695,3.7066
8696,3.7064
8697,3.7064
8698,3.7063
8699,3.7063
8700,3.7061
8701,3.7061
8702,3.7061
8703,3.7059
8704,3.7059
8705,3.7058
8706,3.7058
8707,3.7058
8708,3.7058
8709,3.7056
8710,3.7056
8711,3.7056
8712,3.7056
8713,3.7055
8714,3.7055
8715,3.7055
8716,3.7055
8717,3.7053
8718,3.7053
8719,3.7053
8720,3.7053
8721,3.7053
8722,3.7053
8723,3.7053
8724,3.7051
8725,3.7053
8726,3.7051
8727,3.7051
8728,3.7051
8729,3.7051
8730,3.705
8731,3.705
8732,3.705
8733,3.705
8734,3.705
8735,3.705
8736,3.705
8737,3.705
8738,3.705
8739,3.705
8740,3.7048
8741,3.7048
8742,3.7048
8743,3.7048
8744,3.7048
8745,3.7048
8746,3.7048
8747,3.7048
8748,3.7048
8749,3.7048
8750,3.7048
8751,3.7047
8752,3.7048
8753,3.7047
8754,3.7047
8755,3.7047
8756,3.7047
8757,3.7047
8758,3.7047
8759,3.7047
8760,3.7047
8761,3.7047
8762,3.7047
8763,3.7047
8764,3.7047
8765,3.7047
8766,3.7047
8767,3.7045
8768,3.7045
8769,3.7045
8770,3.7045
8771,3.7045
8772,3.7045
8773,3.7045
8774,3.7045
8775,3.7045
8776,3.7045
8777,3.7045
8778,3.7045
8779,3.7045
8780,3.7045
8781,3.7045
8782,3.7045
8783,3.7045
8784,3.7045
8785,3.7045
8786,3.7045
8787,3.7045
8788,3.7045
8789,3.7045
8790,3.7045
8791,3.7044
8792,3.7044
8793,3.7044
8794,3.7044
8795,3.7044
8796,3.7044
8797,3.7044
8798,3.7044
8799,3.7044
8800,3.7044
8801,3.7044
8802,3.7044
8803,3.7044
8804,3.7044
8805,3.7044
8806,3.7044
8807,3.7044
8808,3.7044
8809,3.7044
8810,3.7044
8811,3.7044
8812,3.7044
8813,3.7044
8814,3.7044
8815,3.7044
8816,3.7044
8817,3.7044
8818,3.7044
8819,3.7044
8820,3.7044
8821,3.7044
8822,3.7044
8823,3.7044
8824,3.7044
8825,3.7044
8826,3.7044
8827,3.7044
8828,3.7044
8829,3.7044
8830,3.7044
8831,3.7044
8832,3.7042
8833,3.7044
8834,3.7044
8835,3.7042
8836,3.7042
8837,3.7042
8838,3.7044
8839,3.7042
8840,3.7042
8841,3.7042
8842,3.7042
8843,3.7042
8844,3.7042
8845,3.7042
8846,3.7042
8847,3.7042
8848,3.7042
8849,3.7042
8850,3.7042
8851,3.7042
8852,3.7042
8853,3.7042
8854,3.7042
8855,3.7042
8856,3.7042
8857,3.7042
8858,3.7042
8859,3.7042
8860,3.7042
8861,3.7042
8862,3.7042
8863,3.7042
8864,3.7042
8865,3.7042
8866,3.7042
8867,3.7042
8868,3.7042
8869,3.7042
