,voltage
0,3.3947
1,3.3947
2,3.3947
3,3.3947
4,3.3947
5,3.3947
6,3.3947
7,3.3947
8,3.3947
9,3.3947
10,3.3947
11,3.3947
12,3.3947
13,3.3947
14,3.3947
15,3.3947
16,3.3947
17,3.3947
18,3.3947
19,3.3947
20,3.3947
21,3.3947
22,3.3947
23,3.3947
24,3.3947
25,3.3947
26,3.3947
27,3.3947
28,3.3947
29,3.3947
30,3.3947
31,3.3947
32,3.3947
33,3.3947
34,3.3947
35,3.3947
36,3.3947
37,3.3947
38,3.3947
39,3.3947
40,3.3947
41,3.3947
42,3.3947
43,3.3947
44,3.3947
45,3.3947
46,3.3947
47,3.3947
48,3.3947
49,3.3947
50,3.3947
51,3.3947
52,3.3947
53,3.3947
54,3.3947
55,3.3947
56,3.3947
57,3.3947
58,3.3947
59,3.3947
60,3.3947
61,3.4924
62,3.5965
63,3.6655
64,3.6614
65,3.6575
66,3.6545
67,3.6521
68,3.6502
69,3.6488
70,3.6475
71,3.6466
72,3.6458
73,3.645
74,3.6444
75,3.6439
76,3.6434
77,3.6431
78,3.6426
79,3.6424
80,3.6421
81,3.6418
82,3.6417
83,3.6415
84,3.6413
85,3.6412
86,3.6412
87,3.641
88,3.641
89,3.6409
90,3.6409
91,3.6409
92,3.6409
93,3.6409
94,3.6409
95,3.6409
96,3.6409
97,3.6409
98,3.641
99,3.641
100,3.641
101,3.6412
102,3.6412
103,3.6413
104,3.6413
105,3.6415
106,3.6415
107,3.6417
108,3.6417
109,3.6418
110,3.642
111,3.642
112,3.6421
113,3.6423
114,3.6424
115,3.6424
116,3.6426
117,3.6428
118,3.6429
119,3.6429
120,3.6431
121,3.6432
122,3.6434
123,3.6436
124,3.6437
125,3.6439
126,3.644
127,3.6442
128,3.6442
129,3.6444
130,3.6445
131,3.6447
132,3.6448
133,3.645
134,3.6451
135,3.6453
136,3.6455
137,3.6456
138,3.6458
139,3.6459
140,3.6461
141,3.6463
142,3.6463
143,3.6466
144,3.6466
145,3.6467
146,3.6469
147,3.6471
148,3.6472
149,3.6474
150,3.6475
151,3.6477
152,3.6478
153,3.648
154,3.6482
155,3.6483
156,3.6485
157,3.6486
158,3.6488
159,3.6488
160,3.649
161,3.6491
162,3.6493
163,3.6494
164,3.6496
165,3.6498
166,3.6499
167,3.6501
168,3.6501
169,3.6502
170,3.6504
171,3.6505
172,3.6507
173,3.6509
174,3.651
175,3.651
176,3.6512
177,3.6513
178,3.6515
179,3.6517
180,3.6518
181,3.6518
182,3.652
183,3.6521
184,3.6523
185,3.6523
186,3.6525
187,3.6526
188,3.6528
189,3.6529
190,3.6529
191,3.6531
192,3.6533
193,3.6534
194,3.6534
195,3.6536
196,3.6537
197,3.6539
198,3.6539
199,3.654
200,3.6542
201,3.6544
202,3.6544
203,3.6545
204,3.6547
205,3.6547
206,3.6548
207,3.655
208,3.6552
209,3.6552
210,3.6553
211,3.6553
212,3.6555
213,3.6556
214,3.6558
215,3.6558
216,3.656
217,3.656
218,3.6561
219,3.6563
220,3.6563
221,3.6564
222,3.6566
223,3.6566
224,3.6567
225,3.6569
226,3.6569
227,3.6571
228,3.6572
229,3.6572
230,3.6574
231,3.6574
232,3.6575
233,3.6577
234,3.6577
235,3.6579
236,3.6579
237,3.658
238,3.6582
239,3.6582
240,3.6583
241,3.6583
242,3.6585
243,3.6587
244,3.6587
245,3.6588
246,3.6588
247,3.659
248,3.6591
249,3.6591
250,3.6593
251,3.6593
252,3.6594
253,3.6594
254,3.6596
255,3.6596
256,3.6598
257,3.6599
258,3.6599
259,3.6599
260,3.6601
261,3.6602
262,3.6602
263,3.6604
264,3.6604
265,3.6606
266,3.6606
267,3.6607
268,3.6609
269,3.6609
270,3.661
271,3.661
272,3.6612
273,3.6612
274,3.6614
275,3.6614
276,3.6615
277,3.6615
278,3.6617
279,3.6617
280,3.6618
281,3.6618
282,3.662
283,3.662
284,3.6622
285,3.6622
286,3.6623
287,3.6623
288,3.6625
289,3.6625
290,3.6626
291,3.6626
292,3.6628
293,3.6628
294,3.6629
295,3.6629
296,3.6631
297,3.6631
298,3.6633
299,3.6633
300,3.6634
301,3.6634
302,3.6636
303,3.6636
304,3.6637
305,3.6637
306,3.6637
307,3.6639
308,3.6639
309,3.6641
310,3.6641
311,3.6642
312,3.6642
313,3.6644
314,3.6644
315,3.6645
316,3.6645
317,3.6647
318,3.6647
319,3.6649
320,3.6649
321,3.6649
322,3.665
323,3.665
324,3.6652
325,3.6652
326,3.6653
327,3.6653
328,3.6655
329,3.6655
330,3.6656
331,3.6656
332,3.6658
333,3.6658
334,3.6658
335,3.666
336,3.666
337,3.6661
338,3.6661
339,3.6663
340,3.6663
341,3.6663
342,3.6664
343,3.6664
344,3.6666
345,3.6666
346,3.6668
347,3.6668
348,3.6669
349,3.6669
350,3.6671
351,3.6671
352,3.6671
353,3.6672
354,3.6672
355,3.6674
356,3.6674
357,3.6674
358,3.6676
359,3.6676
360,3.6677
361,3.6677
362,3.6679
363,3.6679
364,3.6679
365,3.668
366,3.668
367,3.6682
368,3.6682
369,3.6682
370,3.6683
371,3.6683
372,3.6685
373,3.6685
374,3.6687
375,3.6687
376,3.6688
377,3.6688
378,3.6688
379,3.669
380,3.669
381,3.6691
382,3.6691
383,3.6691
384,3.6693
385,3.6693
386,3.6695
387,3.6695
388,3.6696
389,3.6696
390,3.6696
391,3.6698
392,3.6698
393,3.6699
394,3.6699
395,3.6699
396,3.6701
397,3.6701
398,3.6703
399,3.6703
400,3.6704
401,3.6704
402,3.6704
403,3.6706
404,3.6706
405,3.6706
406,3.6707
407,3.6707
408,3.6709
409,3.6709
410,3.6709
411,3.671
412,3.671
413,3.6712
414,3.6712
415,3.6714
416,3.6714
417,3.6714
418,3.6715
419,3.6715
420,3.6717
421,3.6717
422,3.6717
423,3.6718
424,3.6718
425,3.672
426,3.672
427,3.672
428,3.6722
429,3.6722
430,3.6723
431,3.6723
432,3.6723
433,3.6725
434,3.6725
435,3.6726
436,3.6726
437,3.6726
438,3.6728
439,3.6728
440,3.673
441,3.673
442,3.673
443,3.6731
444,3.6731
445,3.6733
446,3.6733
447,3.6733
448,3.6734
449,3.6734
450,3.6736
451,3.6736
452,3.6736
453,3.6738
454,3.6738
455,3.6738
456,3.6739
457,3.6739
458,3.6741
459,3.6741
460,3.6741
461,3.6742
462,3.6742
463,3.6744
464,3.6744
465,3.6744
466,3.6745
467,3.6745
468,3.6745
469,3.6747
470,3.6747
471,3.6749
472,3.6749
473,3.6749
474,3.675
475,3.675
476,3.6752
477,3.6752
478,3.6752
479,3.6753
480,3.6753
481,3.6753
482,3.6755
483,3.6755
484,3.6757
485,3.6757
486,3.6757
487,3.6758
488,3.6758
489,3.676
490,3.676
491,3.676
492,3.6761
493,3.6761
494,3.6763
495,3.6763
496,3.6763
497,3.6765
498,3.6765
499,3.6766
500,3.6766
501,3.6766
502,3.6768
503,3.6768
504,3.6768
505,3.6769
506,3.6769
507,3.6769
508,3.6771
509,3.6771
510,3.6772
511,3.6772
512,3.6774
513,3.6774
514,3.6774
515,3.6774
516,3.6776
517,3.6776
518,3.6777
519,3.6777
520,3.6779
521,3.6779
522,3.6779
523,3.678
524,3.678
525,3.678
526,3.6782
527,3.6782
528,3.6784
529,3.6784
530,3.6784
531,3.6785
532,3.6785
533,3.6785
534,3.6787
535,3.6787
536,3.6787
537,3.6788
538,3.6788
539,3.679
540,3.679
541,3.679
542,3.6792
543,3.6792
544,3.6792
545,3.6793
546,3.6793
547,3.6795
548,3.6795
549,3.6795
550,3.6796
551,3.6796
552,3.6798
553,3.6798
554,3.6798
555,3.6799
556,3.6799
557,3.6799
558,3.6801
559,3.6801
560,3.6803
561,3.6803
562,3.6803
563,3.6804
564,3.6804
565,3.6804
566,3.6806
567,3.6806
568,3.6806
569,3.6807
570,3.6807
571,3.6809
572,3.6809
573,3.6809
574,3.6811
575,3.6811
576,3.6812
577,3.6812
578,3.6812
579,3.6814
580,3.6814
581,3.6815
582,3.6815
583,3.6815
584,3.6817
585,3.6817
586,3.6817
587,3.6819
588,3.6819
589,3.6819
590,3.682
591,3.682
592,3.682
593,3.6822
594,3.6822
595,3.6823
596,3.6823
597,3.6823
598,3.6825
599,3.6825
600,3.6825
601,3.6826
602,3.6826
603,3.6828
604,3.6828
605,3.6828
606,3.683
607,3.683
608,3.6831
609,3.6831
610,3.6831
611,3.6833
612,3.6833
613,3.6834
614,3.6834
615,3.6834
616,3.6836
617,3.6836
618,3.6836
619,3.6838
620,3.6838
621,3.6838
622,3.6839
623,3.6839
624,3.6841
625,3.6841
626,3.6841
627,3.6842
628,3.6842
629,3.6842
630,3.6844
631,3.6844
632,3.6846
633,3.6846
634,3.6846
635,3.6847
636,3.6847
637,3.6847
638,3.6849
639,3.6849
640,3.685
641,3.685
642,3.685
643,3.6852
644,3.6852
645,3.6852
646,3.6854
647,3.6854
648,3.6855
649,3.6855
650,3.6857
651,3.6857
652,3.6857
653,3.6858
654,3.6858
655,3.6858
656,3.686
657,3.686
658,3.686
659,3.6861
660,3.6861
661,3.6863
662,3.6863
663,3.6865
664,3.6865
665,3.6865
666,3.6866
667,3.6866
668,3.6866
669,3.6868
670,3.6868
671,3.6869
672,3.6869
673,3.6869
674,3.6871
675,3.6871
676,3.6871
677,3.6873
678,3.6873
679,3.6873
680,3.6874
681,3.6874
682,3.6876
683,3.6876
684,3.6876
685,3.6877
686,3.6877
687,3.6879
688,3.6879
689,3.6879
690,3.6881
691,3.6881
692,3.6881
693,3.6882
694,3.6882
695,3.6884
696,3.6884
697,3.6884
698,3.6885
699,3.6885
700,3.6887
701,3.6887
702,3.6887
703,3.6888
704,3.6888
705,3.689
706,3.689
707,3.689
708,3.6892
709,3.6892
710,3.6892
711,3.6893
712,3.6893
713,3.6895
714,3.6895
715,3.6895
716,3.6896
717,3.6896
718,3.6898
719,3.6898
720,3.6898
721,3.69
722,3.69
723,3.6901
724,3.6901
725,3.6901
726,3.6903
727,3.6903
728,3.6903
729,3.6904
730,3.6904
731,3.6906
732,3.6906
733,3.6906
734,3.6908
735,3.6908
736,3.6908
737,3.6909
738,3.6909
739,3.6911
740,3.6911
741,3.6911
742,3.6912
743,3.6912
744,3.6914
745,3.6914
746,3.6914
747,3.6915
748,3.6915
749,3.6917
750,3.6917
751,3.6917
752,3.6919
753,3.6919
754,3.692
755,3.692
756,3.692
757,3.6922
758,3.6922
759,3.6923
760,3.6923
761,3.6923
762,3.6925
763,3.6925
764,3.6927
765,3.6927
766,3.6927
767,3.6928
768,3.6928
769,3.693
770,3.693
771,3.693
772,3.6931
773,3.6931
774,3.6933
775,3.6933
776,3.6933
777,3.6935
778,3.6935
779,3.6935
780,3.6936
781,3.6936
782,3.6938
783,3.6938
784,3.6938
785,3.6939
786,3.6939
787,3.6941
788,3.6941
789,3.6943
790,3.6943
791,3.6943
792,3.6944
793,3.6944
794,3.6946
795,3.6946
796,3.6946
797,3.6947
798,3.6947
799,3.6949
800,3.6949
801,3.6949
802,3.695
803,3.695
804,3.6952
805,3.6952
806,3.6952
807,3.6954
808,3.6954
809,3.6955
810,3.6955
811,3.6955
812,3.6957
813,3.6957
814,3.6958
815,3.6958
816,3.6958
817,3.696
818,3.696
819,3.6962
820,3.6962
821,3.6962
822,3.6963
823,3.6963
824,3.6965
825,3.6965
826,3.6965
827,3.6966
828,3.6966
829,3.6968
830,3.6968
831,3.6968
832,3.697
833,3.697
834,3.6971
835,3.6971
836,3.6973
837,3.6973
838,3.6973
839,3.6974
840,3.6974
841,3.6976
842,3.6976
843,3.6976
844,3.6977
845,3.6977
846,3.6979
847,3.6979
848,3.6979
849,3.6981
850,3.6981
851,3.6982
852,3.6982
853,3.6984
854,3.6984
855,3.6984
856,3.6985
857,3.6985
858,3.6987
859,3.6987
860,3.6989
861,3.6989
862,3.6989
863,3.699
864,3.699
865,3.6992
866,3.6992
867,3.6992
868,3.6993
869,3.6993
870,3.6995
871,3.6995
872,3.6997
873,3.6997
874,3.6997
875,3.6998
876,3.6998
877,3.7
878,3.7
879,3.7
880,3.7001
881,3.7001
882,3.7003
883,3.7003
884,3.7004
885,3.7004
886,3.7004
887,3.7006
888,3.7006
889,3.7006
890,3.7008
891,3.7008
892,3.7009
893,3.7009
894,3.7011
895,3.7011
896,3.7012
897,3.7012
898,3.7012
899,3.7014
900,3.7014
901,3.7016
902,3.7016
903,3.7017
904,3.7017
905,3.7017
906,3.7019
907,3.7019
908,3.702
909,3.702
910,3.7022
911,3.7022
912,3.7022
913,3.7024
914,3.7024
915,3.7025
916,3.7025
917,3.7025
918,3.7027
919,3.7027
920,3.7028
921,3.7028
922,3.703
923,3.703
924,3.703
925,3.7031
926,3.7031
927,3.7033
928,3.7033
929,3.7033
930,3.7035
931,3.7035
932,3.7036
933,3.7036
934,3.7038
935,3.7038
936,3.7038
937,3.7039
938,3.7039
939,3.7041
940,3.7041
941,3.7043
942,3.7043
943,3.7044
944,3.7044
945,3.7044
946,3.7046
947,3.7046
948,3.7047
949,3.7047
950,3.7049
951,3.7049
952,3.7049
953,3.7051
954,3.7051
955,3.7052
956,3.7052
957,3.7054
958,3.7054
959,3.7054
960,3.7055
961,3.7055
962,3.7057
963,3.7057
964,3.7059
965,3.7059
966,3.7059
967,3.706
968,3.706
969,3.7062
970,3.7062
971,3.7063
972,3.7063
973,3.7065
974,3.7065
975,3.7065
976,3.7066
977,3.7066
978,3.7068
979,3.7068
980,3.707
981,3.707
982,3.707
983,3.7071
984,3.7071
985,3.7073
986,3.7073
987,3.7074
988,3.7074
989,3.7074
990,3.7076
991,3.7076
992,3.7078
993,3.7078
994,3.7079
995,3.7079
996,3.7081
997,3.7081
998,3.7081
999,3.7082
1000,3.7082
1001,3.7084
1002,3.7084
1003,3.7086
1004,3.7086
1005,3.7086
1006,3.7087
1007,3.7087
1008,3.7089
1009,3.7089
1010,3.709
1011,3.709
1012,3.7092
1013,3.7092
1014,3.7092
1015,3.7093
1016,3.7093
1017,3.7095
1018,3.7095
1019,3.7097
1020,3.7097
1021,3.7098
1022,3.7098
1023,3.7098
1024,3.71
1025,3.71
1026,3.7101
1027,3.7101
1028,3.7103
1029,3.7103
1030,3.7103
1031,3.7105
1032,3.7105
1033,3.7106
1034,3.7106
1035,3.7108
1036,3.7108
1037,3.7109
1038,3.7109
1039,3.7111
1040,3.7111
1041,3.7111
1042,3.7113
1043,3.7113
1044,3.7114
1045,3.7114
1046,3.7116
1047,3.7116
1048,3.7117
1049,3.7117
1050,3.7117
1051,3.7119
1052,3.7119
1053,3.712
1054,3.712
1055,3.7122
1056,3.7122
1057,3.7124
1058,3.7124
1059,3.7124
1060,3.7125
1061,3.7125
1062,3.7127
1063,3.7127
1064,3.7128
1065,3.7128
1066,3.713
1067,3.713
1068,3.7132
1069,3.7132
1070,3.7132
1071,3.7133
1072,3.7133
1073,3.7135
1074,3.7135
1075,3.7136
1076,3.7136
1077,3.7138
1078,3.7138
1079,3.714
1080,3.714
1081,3.714
1082,3.7141
1083,3.7141
1084,3.7143
1085,3.7143
1086,3.7144
1087,3.7144
1088,3.7146
1089,3.7146
1090,3.7146
1091,3.7148
1092,3.7148
1093,3.7149
1094,3.7149
1095,3.7151
1096,3.7151
1097,3.7152
1098,3.7152
1099,3.7154
1100,3.7154
1101,3.7154
1102,3.7155
1103,3.7155
1104,3.7157
1105,3.7157
1106,3.7159
1107,3.7159
1108,3.716
1109,3.716
1110,3.716
1111,3.7162
1112,3.7162
1113,3.7163
1114,3.7163
1115,3.7165
1116,3.7165
1117,3.7167
1118,3.7167
1119,3.7168
1120,3.7168
1121,3.717
1122,3.717
1123,3.717
1124,3.7171
1125,3.7171
1126,3.7173
1127,3.7173
1128,3.7175
1129,3.7175
1130,3.7176
1131,3.7176
1132,3.7178
1133,3.7178
1134,3.7179
1135,3.7179
1136,3.7179
1137,3.7181
1138,3.7181
1139,3.7182
1140,3.7182
1141,3.7184
1142,3.7184
1143,3.7186
1144,3.7186
1145,3.7186
1146,3.7187
1147,3.7189
1148,3.7189
1149,3.719
1150,3.719
1151,3.719
1152,3.7192
1153,3.7192
1154,3.7194
1155,3.7194
1156,3.7195
1157,3.7195
1158,3.7197
1159,3.7197
1160,3.7197
1161,3.7198
1162,3.72
1163,3.72
1164,3.72
1165,3.7202
1166,3.7202
1167,3.7203
1168,3.7203
1169,3.7205
1170,3.7205
1171,3.7206
1172,3.7206
1173,3.7208
1174,3.7208
1175,3.7209
1176,3.7209
1177,3.7209
1178,3.7211
1179,3.7211
1180,3.7213
1181,3.7213
1182,3.7214
1183,3.7214
1184,3.7216
1185,3.7216
1186,3.7217
1187,3.7217
1188,3.7219
1189,3.7219
1190,3.7221
1191,3.7221
1192,3.7221
1193,3.7222
1194,3.7222
1195,3.7224
1196,3.7224
1197,3.7225
1198,3.7225
1199,3.7227
1200,3.7227
1201,3.7229
1202,3.7229
1203,3.723
1204,3.723
1205,3.7232
1206,3.7232
1207,3.7233
1208,3.7233
1209,3.7235
1210,3.7235
1211,3.7235
1212,3.7236
1213,3.7236
1214,3.7238
1215,3.7238
1216,3.724
1217,3.724
1218,3.7241
1219,3.7241
1220,3.7243
1221,3.7243
1222,3.7244
1223,3.7244
1224,3.7246
1225,3.7246
1226,3.7248
1227,3.7248
1228,3.7249
1229,3.7249
1230,3.7251
1231,3.7251
1232,3.7252
1233,3.7252
1234,3.7254
1235,3.7254
1236,3.7254
1237,3.7256
1238,3.7256
1239,3.7257
1240,3.7257
1241,3.7259
1242,3.7259
1243,3.726
1244,3.726
1245,3.7262
1246,3.7262
1247,3.7264
1248,3.7264
1249,3.7265
1250,3.7265
1251,3.7267
1252,3.7267
1253,3.7267
1254,3.7268
1255,3.727
1256,3.727
1257,3.727
1258,3.7271
1259,3.7273
1260,3.7273
1261,3.7275
1262,3.7275
1263,3.7276
1264,3.7276
1265,3.7278
1266,3.7278
1267,3.7279
1268,3.7279
1269,3.7279
1270,3.7281
1271,3.7281
1272,3.7283
1273,3.7283
1274,3.7284
1275,3.7284
1276,3.7286
1277,3.7286
1278,3.7287
1279,3.7287
1280,3.7289
1281,3.7289
1282,3.7291
1283,3.7292
1284,3.7292
1285,3.7292
1286,3.7294
1287,3.7294
1288,3.7295
1289,3.7295
1290,3.7297
1291,3.7297
1292,3.7298
1293,3.73
1294,3.73
1295,3.73
1296,3.7302
1297,3.7302
1298,3.7303
1299,3.7303
1300,3.7305
1301,3.7306
1302,3.7306
1303,3.7308
1304,3.7308
1305,3.7308
1306,3.731
1307,3.7311
1308,3.7311
1309,3.7311
1310,3.7313
1311,3.7314
1312,3.7314
1313,3.7316
1314,3.7316
1315,3.7318
1316,3.7318
1317,3.7319
1318,3.7319
1319,3.7321
1320,3.7321
1321,3.7322
1322,3.7322
1323,3.7324
1324,3.7324
1325,3.7325
1326,3.7325
1327,3.7327
1328,3.7327
1329,3.7329
1330,3.7329
1331,3.733
1332,3.733
1333,3.7332
1334,3.7332
1335,3.7333
1336,3.7333
1337,3.7335
1338,3.7337
1339,3.7337
1340,3.7338
1341,3.7338
1342,3.734
1343,3.734
1344,3.7341
1345,3.7341
1346,3.7343
1347,3.7343
1348,3.7345
1349,3.7345
1350,3.7346
1351,3.7346
1352,3.7348
1353,3.7348
1354,3.7349
1355,3.7351
1356,3.7351
1357,3.7352
1358,3.7352
1359,3.7354
1360,3.7354
1361,3.7356
1362,3.7356
1363,3.7357
1364,3.7357
1365,3.7359
1366,3.7359
1367,3.736
1368,3.7362
1369,3.7362
1370,3.7362
1371,3.7364
1372,3.7365
1373,3.7365
1374,3.7367
1375,3.7367
1376,3.7368
1377,3.7368
1378,3.737
1379,3.737
1380,3.7372
1381,3.7373
1382,3.7373
1383,3.7375
1384,3.7375
1385,3.7376
1386,3.7376
1387,3.7378
1388,3.7378
1389,3.738
1390,3.738
1391,3.7381
1392,3.7381
1393,3.7383
1394,3.7384
1395,3.7384
1396,3.7386
1397,3.7386
1398,3.7387
1399,3.7387
1400,3.7389
1401,3.7389
1402,3.7391
1403,3.7391
1404,3.7392
1405,3.7394
1406,3.7394
1407,3.7395
1408,3.7395
1409,3.7397
1410,3.7397
1411,3.7399
1412,3.74
1413,3.74
1414,3.7402
1415,3.7402
1416,3.7403
1417,3.7403
1418,3.7405
1419,3.7407
1420,3.7407
1421,3.7408
1422,3.7408
1423,3.741
1424,3.7411
1425,3.7411
1426,3.7413
1427,3.7413
1428,3.7414
1429,3.7414
1430,3.7416
1431,3.7418
1432,3.7418
1433,3.7419
1434,3.7419
1435,3.7421
1436,3.7421
1437,3.7422
1438,3.7424
1439,3.7424
1440,3.7426
1441,3.7426
1442,3.7427
1443,3.7427
1444,3.7429
1445,3.743
1446,3.743
1447,3.7432
1448,3.7432
1449,3.7434
1450,3.7435
1451,3.7435
1452,3.7437
1453,3.7437
1454,3.7438
1455,3.744
1456,3.744
1457,3.7441
1458,3.7441
1459,3.7443
1460,3.7445
1461,3.7445
1462,3.7446
1463,3.7446
1464,3.7448
1465,3.7449
1466,3.7449
1467,3.7451
1468,3.7451
1469,3.7453
1470,3.7454
1471,3.7454
1472,3.7456
1473,3.7456
1474,3.7457
1475,3.7459
1476,3.7459
1477,3.7461
1478,3.7462
1479,3.7462
1480,3.7464
1481,3.7464
1482,3.7465
1483,3.7467
1484,3.7467
1485,3.7469
1486,3.7469
1487,3.747
1488,3.7472
1489,3.7472
1490,3.7473
1491,3.7473
1492,3.7475
1493,3.7476
1494,3.7476
1495,3.7478
1496,3.748
1497,3.748
1498,3.7481
1499,3.7483
1500,3.7483
1501,3.7484
1502,3.7484
1503,3.7486
1504,3.7488
1505,3.7488
1506,3.7489
1507,3.7491
1508,3.7491
1509,3.7492
1510,3.7494
1511,3.7494
1512,3.7496
1513,3.7497
1514,3.7497
1515,3.7499
1516,3.7499
1517,3.75
1518,3.7502
1519,3.7502
1520,3.7503
1521,3.7505
1522,3.7505
1523,3.7507
1524,3.7508
1525,3.7508
1526,3.751
1527,3.7511
1528,3.7511
1529,3.7513
1530,3.7515
1531,3.7515
1532,3.7516
1533,3.7518
1534,3.7518
1535,3.7519
1536,3.7519
1537,3.7521
1538,3.7523
1539,3.7523
1540,3.7524
1541,3.7526
1542,3.7526
1543,3.7527
1544,3.7529
1545,3.753
1546,3.753
1547,3.7532
1548,3.7534
1549,3.7534
1550,3.7535
1551,3.7537
1552,3.7537
1553,3.7538
1554,3.754
1555,3.754
1556,3.7542
1557,3.7543
1558,3.7543
1559,3.7545
1560,3.7546
1561,3.7546
1562,3.7548
1563,3.755
1564,3.755
1565,3.7551
1566,3.7553
1567,3.7554
1568,3.7554
1569,3.7556
1570,3.7557
1571,3.7557
1572,3.7559
1573,3.7561
1574,3.7561
1575,3.7562
1576,3.7564
1577,3.7565
1578,3.7565
1579,3.7567
1580,3.7569
1581,3.7569
1582,3.757
1583,3.7572
1584,3.7573
1585,3.7573
1586,3.7575
1587,3.7577
1588,3.7577
1589,3.7578
1590,3.758
1591,3.758
1592,3.7581
1593,3.7583
1594,3.7585
1595,3.7585
1596,3.7586
1597,3.7588
1598,3.7589
1599,3.7589
1600,3.7591
1601,3.7592
1602,3.7592
1603,3.7594
1604,3.7596
1605,3.7597
1606,3.7599
1607,3.7599
1608,3.76
1609,3.7602
1610,3.7602
1611,3.7604
1612,3.7605
1613,3.7607
1614,3.7607
1615,3.7608
1616,3.761
1617,3.7612
1618,3.7612
1619,3.7613
1620,3.7615
1621,3.7615
1622,3.7616
1623,3.7618
1624,3.7619
1625,3.7619
1626,3.7621
1627,3.7623
1628,3.7624
1629,3.7624
1630,3.7626
1631,3.7627
1632,3.7629
1633,3.7629
1634,3.7631
1635,3.7632
1636,3.7634
1637,3.7635
1638,3.7635
1639,3.7637
1640,3.7639
1641,3.764
1642,3.764
1643,3.7642
1644,3.7643
1645,3.7645
1646,3.7645
1647,3.7646
1648,3.7648
1649,3.765
1650,3.7651
1651,3.7651
1652,3.7653
1653,3.7654
1654,3.7656
1655,3.7656
1656,3.7658
1657,3.7659
1658,3.7661
1659,3.7662
1660,3.7662
1661,3.7664
1662,3.7666
1663,3.7667
1664,3.7669
1665,3.7669
1666,3.767
1667,3.7672
1668,3.7673
1669,3.7675
1670,3.7675
1671,3.7677
1672,3.7678
1673,3.768
1674,3.768
1675,3.7681
1676,3.7683
1677,3.7685
1678,3.7686
1679,3.7688
1680,3.7688
1681,3.7689
1682,3.7691
1683,3.7693
1684,3.7693
1685,3.7694
1686,3.7696
1687,3.7697
1688,3.7699
1689,3.7701
1690,3.7701
1691,3.7702
1692,3.7704
1693,3.7705
1694,3.7707
1695,3.7708
1696,3.7708
1697,3.771
1698,3.7712
1699,3.7713
1700,3.7715
1701,3.7715
1702,3.7716
1703,3.7718
1704,3.772
1705,3.7721
1706,3.7723
1707,3.7724
1708,3.7724
1709,3.7726
1710,3.7728
1711,3.7729
1712,3.7731
1713,3.7732
1714,3.7732
1715,3.7734
1716,3.7735
1717,3.7737
1718,3.7739
1719,3.774
1720,3.774
1721,3.7742
1722,3.7743
1723,3.7745
1724,3.7747
1725,3.7748
1726,3.7748
1727,3.775
1728,3.7751
1729,3.7753
1730,3.7755
1731,3.7756
1732,3.7758
1733,3.7758
1734,3.7759
1735,3.7761
1736,3.7762
1737,3.7764
1738,3.7766
1739,3.7767
1740,3.7769
1741,3.7769
1742,3.777
1743,3.7772
1744,3.7774
1745,3.7775
1746,3.7777
1747,3.7778
1748,3.7778
1749,3.778
1750,3.7782
1751,3.7783
1752,3.7785
1753,3.7786
1754,3.7788
1755,3.779
1756,3.7791
1757,3.7791
1758,3.7793
1759,3.7794
1760,3.7796
1761,3.7797
1762,3.7799
1763,3.7801
1764,3.7802
1765,3.7804
1766,3.7804
1767,3.7805
1768,3.7807
1769,3.7809
1770,3.781
1771,3.7812
1772,3.7813
1773,3.7815
1774,3.7817
1775,3.7817
1776,3.7818
1777,3.782
1778,3.7821
1779,3.7823
1780,3.7824
1781,3.7826
1782,3.7828
1783,3.7829
1784,3.7829
1785,3.7831
1786,3.7832
1787,3.7834
1788,3.7836
1789,3.7837
1790,3.7839
1791,3.784
1792,3.7842
1793,3.7844
1794,3.7845
1795,3.7847
1796,3.7848
1797,3.7848
1798,3.785
1799,3.7851
1800,3.7853
1801,3.7855
1802,3.7856
1803,3.7858
1804,3.7859
1805,3.7861
1806,3.7863
1807,3.7864
1808,3.7866
1809,3.7867
1810,3.7869
1811,3.7871
1812,3.7871
1813,3.7872
1814,3.7874
1815,3.7875
1816,3.7877
1817,3.7878
1818,3.788
1819,3.7882
1820,3.7883
1821,3.7885
1822,3.7886
1823,3.7888
1824,3.789
1825,3.7891
1826,3.7893
1827,3.7893
1828,3.7896
1829,3.7896
1830,3.7898
1831,3.7899
1832,3.7901
1833,3.7902
1834,3.7904
1835,3.7906
1836,3.7907
1837,3.7909
1838,3.791
1839,3.7912
1840,3.7913
1841,3.7915
1842,3.7917
1843,3.7918
1844,3.792
1845,3.7921
1846,3.7923
1847,3.7925
1848,3.7926
1849,3.7928
1850,3.7929
1851,3.7931
1852,3.7933
1853,3.7934
1854,3.7936
1855,3.7936
1856,3.7937
1857,3.794
1858,3.794
1859,3.7942
1860,3.7944
1861,3.7945
1862,3.7947
1863,3.7948
1864,3.795
1865,3.7952
1866,3.7953
1867,3.7955
1868,3.7956
1869,3.7958
1870,3.796
1871,3.7961
1872,3.7963
1873,3.7964
1874,3.7966
1875,3.7967
1876,3.7969
1877,3.7971
1878,3.7972
1879,3.7974
1880,3.7975
1881,3.7977
1882,3.7979
1883,3.798
1884,3.7982
1885,3.7985
1886,3.7987
1887,3.7988
1888,3.799
1889,3.799
1890,3.7991
1891,3.7994
1892,3.7996
1893,3.7996
1894,3.7999
1895,3.8001
1896,3.8001
1897,3.8004
1898,3.8006
1899,3.8007
1900,3.8009
1901,3.801
1902,3.8012
1903,3.8014
1904,3.8015
1905,3.8017
1906,3.8018
1907,3.802
1908,3.8022
1909,3.8023
1910,3.8025
1911,3.8026
1912,3.8028
1913,3.8029
1914,3.8031
1915,3.8033
1916,3.8034
1917,3.8036
1918,3.8037
1919,3.8039
1920,3.8042
1921,3.8044
1922,3.8045
1923,3.8047
1924,3.8049
1925,3.805
1926,3.8052
1927,3.8053
1928,3.8055
1929,3.8056
1930,3.8058
1931,3.806
1932,3.8061
1933,3.8063
1934,3.8064
1935,3.8068
1936,3.8069
1937,3.8071
1938,3.8072
1939,3.8074
1940,3.8076
1941,3.8077
1942,3.8079
1943,3.808
1944,3.8082
1945,3.8083
1946,3.8085
1947,3.8088
1948,3.809
1949,3.8091
1950,3.8093
1951,3.8095
1952,3.8096
1953,3.8098
1954,3.8099
1955,3.8101
1956,3.8103
1957,3.8104
1958,3.8106
1959,3.8107
1960,3.8111
1961,3.8112
1962,3.8114
1963,3.8115
1964,3.8117
1965,3.8118
1966,3.812
1967,3.8122
1968,3.8123
1969,3.8126
1970,3.8128
1971,3.813
1972,3.8131
1973,3.8133
1974,3.8134
1975,3.8136
1976,3.8138
1977,3.8141
1978,3.8142
1979,3.8144
1980,3.8145
1981,3.8147
1982,3.8149
1983,3.8152
1984,3.8153
1985,3.8155
1986,3.8157
1987,3.8158
1988,3.816
1989,3.8161
1990,3.8165
1991,3.8166
1992,3.8168
1993,3.8169
1994,3.8171
1995,3.8172
1996,3.8176
1997,3.8177
1998,3.8179
1999,3.818
2000,3.8182
2001,3.8184
2002,3.8187
2003,3.8188
2004,3.819
2005,3.8192
2006,3.8193
2007,3.8195
2008,3.8198
2009,3.8199
2010,3.8201
2011,3.8203
2012,3.8204
2013,3.8206
2014,3.8209
2015,3.8211
2016,3.8212
2017,3.8214
2018,3.8215
2019,3.8219
2020,3.822
2021,3.8222
2022,3.8223
2023,3.8227
2024,3.8228
2025,3.823
2026,3.8231
2027,3.8233
2028,3.8236
2029,3.8238
2030,3.8239
2031,3.8241
2032,3.8242
2033,3.8246
2034,3.8247
2035,3.8249
2036,3.825
2037,3.8254
2038,3.8255
2039,3.8257
2040,3.8258
2041,3.8261
2042,3.8263
2043,3.8265
2044,3.8266
2045,3.8268
2046,3.8271
2047,3.8273
2048,3.8274
2049,3.8276
2050,3.8279
2051,3.8281
2052,3.8282
2053,3.8285
2054,3.8287
2055,3.8288
2056,3.829
2057,3.8293
2058,3.8295
2059,3.8296
2060,3.8298
2061,3.8301
2062,3.8303
2063,3.8304
2064,3.8306
2065,3.8309
2066,3.8311
2067,3.8312
2068,3.8315
2069,3.8317
2070,3.8319
2071,3.832
2072,3.8323
2073,3.8325
2074,3.8327
2075,3.833
2076,3.8331
2077,3.8333
2078,3.8335
2079,3.8338
2080,3.8339
2081,3.8343
2082,3.8344
2083,3.8346
2084,3.8347
2085,3.835
2086,3.8352
2087,3.8354
2088,3.8357
2089,3.8358
2090,3.836
2091,3.8363
2092,3.8365
2093,3.8366
2094,3.837
2095,3.8371
2096,3.8373
2097,3.8376
2098,3.8377
2099,3.8379
2100,3.8382
2101,3.8384
2102,3.8385
2103,3.8389
2104,3.839
2105,3.8392
2106,3.8395
2107,3.8397
2108,3.84
2109,3.8401
2110,3.8403
2111,3.8406
2112,3.8408
2113,3.8409
2114,3.8412
2115,3.8414
2116,3.8416
2117,3.8419
2118,3.842
2119,3.8424
2120,3.8425
2121,3.8427
2122,3.843
2123,3.8431
2124,3.8435
2125,3.8436
2126,3.8438
2127,3.8441
2128,3.8443
2129,3.8446
2130,3.8447
2131,3.8449
2132,3.8452
2133,3.8454
2134,3.8455
2135,3.8459
2136,3.846
2137,3.8463
2138,3.8465
2139,3.8466
2140,3.847
2141,3.8471
2142,3.8474
2143,3.8476
2144,3.8479
2145,3.8481
2146,3.8482
2147,3.8486
2148,3.8487
2149,3.849
2150,3.8492
2151,3.8495
2152,3.8497
2153,3.8498
2154,3.8501
2155,3.8503
2156,3.8506
2157,3.8508
2158,3.8511
2159,3.8513
2160,3.8514
2161,3.8517
2162,3.8519
2163,3.8522
2164,3.8524
2165,3.8527
2166,3.8528
2167,3.8532
2168,3.8533
2169,3.8535
2170,3.8538
2171,3.854
2172,3.8543
2173,3.8544
2174,3.8548
2175,3.8549
2176,3.8552
2177,3.8554
2178,3.8555
2179,3.8559
2180,3.856
2181,3.8563
2182,3.8565
2183,3.8568
2184,3.857
2185,3.8573
2186,3.8575
2187,3.8578
2188,3.8579
2189,3.8582
2190,3.8584
2191,3.8586
2192,3.8589
2193,3.859
2194,3.8594
2195,3.8595
2196,3.8598
2197,3.86
2198,3.8603
2199,3.8605
2200,3.8608
2201,3.8609
2202,3.8613
2203,3.8614
2204,3.8617
2205,3.8619
2206,3.8622
2207,3.8624
2208,3.8627
2209,3.8629
2210,3.8632
2211,3.8633
2212,3.8636
2213,3.8638
2214,3.8641
2215,3.8643
2216,3.8646
2217,3.8648
2218,3.8651
2219,3.8652
2220,3.8654
2221,3.8657
2222,3.866
2223,3.8662
2224,3.8664
2225,3.8667
2226,3.8668
2227,3.8671
2228,3.8673
2229,3.8676
2230,3.8678
2231,3.8681
2232,3.8683
2233,3.8686
2234,3.8687
2235,3.8691
2236,3.8692
2237,3.8695
2238,3.8697
2239,3.87
2240,3.8702
2241,3.8705
2242,3.8706
2243,3.871
2244,3.8711
2245,3.8714
2246,3.8716
2247,3.8719
2248,3.8721
2249,3.8724
2250,3.8725
2251,3.8729
2252,3.873
2253,3.8733
2254,3.8735
2255,3.8738
2256,3.874
2257,3.8743
2258,3.8745
2259,3.8748
2260,3.8749
2261,3.8753
2262,3.8754
2263,3.8757
2264,3.8759
2265,3.8762
2266,3.8764
2267,3.8767
2268,3.8768
2269,3.8772
2270,3.8773
2271,3.8776
2272,3.8778
2273,3.8781
2274,3.8783
2275,3.8786
2276,3.8787
2277,3.8791
2278,3.8792
2279,3.8794
2280,3.8797
2281,3.88
2282,3.8802
2283,3.8803
2284,3.8807
2285,3.8808
2286,3.8811
2287,3.8813
2288,3.8816
2289,3.8818
2290,3.8821
2291,3.8822
2292,3.8826
2293,3.8827
2294,3.883
2295,3.8832
2296,3.8834
2297,3.8837
2298,3.8838
2299,3.8841
2300,3.8843
2301,3.8846
2302,3.8848
2303,3.8851
2304,3.8853
2305,3.8856
2306,3.8857
2307,3.8861
2308,3.8862
2309,3.8865
2310,3.8867
2311,3.8869
2312,3.8872
2313,3.8873
2314,3.8876
2315,3.8878
2316,3.8881
2317,3.8883
2318,3.8886
2319,3.8888
2320,3.8891
2321,3.8892
2322,3.8896
2323,3.8897
2324,3.8899
2325,3.8902
2326,3.8903
2327,3.8907
2328,3.8908
2329,3.8911
2330,3.8913
2331,3.8916
2332,3.8918
2333,3.8919
2334,3.8923
2335,3.8924
2336,3.8927
2337,3.8929
2338,3.8932
2339,3.8934
2340,3.8937
2341,3.8938
2342,3.894
2343,3.8943
2344,3.8945
2345,3.8948
2346,3.895
2347,3.8953
2348,3.8954
2349,3.8956
2350,3.8959
2351,3.8961
2352,3.8964
2353,3.8965
2354,3.8969
2355,3.897
2356,3.8972
2357,3.8975
2358,3.8977
2359,3.898
2360,3.8981
2361,3.8985
2362,3.8986
2363,3.8988
2364,3.8991
2365,3.8992
2366,3.8996
2367,3.8997
2368,3.9
2369,3.9002
2370,3.9004
2371,3.9007
2372,3.9008
2373,3.9012
2374,3.9013
2375,3.9016
2376,3.9018
2377,3.9021
2378,3.9023
2379,3.9024
2380,3.9027
2381,3.9029
2382,3.9032
2383,3.9034
2384,3.9035
2385,3.9039
2386,3.904
2387,3.9043
2388,3.9045
2389,3.9048
2390,3.905
2391,3.9051
2392,3.9054
2393,3.9056
2394,3.9059
2395,3.9061
2396,3.9064
2397,3.9066
2398,3.9069
2399,3.907
2400,3.9072
2401,3.9075
2402,3.9077
2403,3.908
2404,3.9081
2405,3.9083
2406,3.9086
2407,3.9088
2408,3.9091
2409,3.9093
2410,3.9094
2411,3.9097
2412,3.9099
2413,3.9102
2414,3.9104
2415,3.9107
2416,3.9108
2417,3.9112
2418,3.9113
2419,3.9115
2420,3.9118
2421,3.912
2422,3.9123
2423,3.9124
2424,3.9128
2425,3.9129
2426,3.9132
2427,3.9134
2428,3.9135
2429,3.9139
2430,3.914
2431,3.9143
2432,3.9145
2433,3.9148
2434,3.915
2435,3.9151
2436,3.9155
2437,3.9156
2438,3.9159
2439,3.9161
2440,3.9164
2441,3.9166
2442,3.9169
2443,3.917
2444,3.9172
2445,3.9175
2446,3.9177
2447,3.918
2448,3.9182
2449,3.9185
2450,3.9186
2451,3.919
2452,3.9191
2453,3.9194
2454,3.9196
2455,3.9197
2456,3.9201
2457,3.9202
2458,3.9205
2459,3.9207
2460,3.921
2461,3.9212
2462,3.9215
2463,3.9217
2464,3.922
2465,3.9221
2466,3.9223
2467,3.9226
2468,3.9228
2469,3.9231
2470,3.9232
2471,3.9236
2472,3.9237
2473,3.924
2474,3.9242
2475,3.9245
2476,3.9247
2477,3.925
2478,3.9251
2479,3.9255
2480,3.9256
2481,3.9259
2482,3.9261
2483,3.9264
2484,3.9266
2485,3.9269
2486,3.9271
2487,3.9274
2488,3.9275
2489,3.9278
2490,3.928
2491,3.9283
2492,3.9285
2493,3.9288
2494,3.929
2495,3.9293
2496,3.9294
2497,3.9298
2498,3.9299
2499,3.9302
2500,3.9304
2501,3.9307
2502,3.9309
2503,3.9312
2504,3.9313
2505,3.9317
2506,3.9318
2507,3.9321
2508,3.9323
2509,3.9326
2510,3.9329
2511,3.9331
2512,3.9334
2513,3.9336
2514,3.9339
2515,3.934
2516,3.9344
2517,3.9345
2518,3.9348
2519,3.935
2520,3.9353
2521,3.9355
2522,3.9358
2523,3.9361
2524,3.9363
2525,3.9366
2526,3.9367
2527,3.9371
2528,3.9372
2529,3.9375
2530,3.9379
2531,3.938
2532,3.9383
2533,3.9385
2534,3.9388
2535,3.939
2536,3.9393
2537,3.9396
2538,3.9398
2539,3.9401
2540,3.9402
2541,3.9406
2542,3.9407
2543,3.941
2544,3.9414
2545,3.9415
2546,3.9418
2547,3.9422
2548,3.9423
2549,3.9426
2550,3.9428
2551,3.9431
2552,3.9433
2553,3.9436
2554,3.9439
2555,3.9441
2556,3.9444
2557,3.9445
2558,3.9449
2559,3.9452
2560,3.9453
2561,3.9456
2562,3.946
2563,3.9461
2564,3.9464
2565,3.9466
2566,3.9469
2567,3.9472
2568,3.9474
2569,3.9477
2570,3.9479
2571,3.9482
2572,3.9485
2573,3.9487
2574,3.949
2575,3.9493
2576,3.9495
2577,3.9498
2578,3.9501
2579,3.9503
2580,3.9506
2581,3.9509
2582,3.9511
2583,3.9514
2584,3.9517
2585,3.9518
2586,3.9522
2587,3.9523
2588,3.9526
2589,3.953
2590,3.9531
2591,3.9534
2592,3.9538
2593,3.9539
2594,3.9542
2595,3.9545
2596,3.9547
2597,3.955
2598,3.9553
2599,3.9555
2600,3.9558
2601,3.9561
2602,3.9563
2603,3.9566
2604,3.9569
2605,3.9571
2606,3.9574
2607,3.9577
2608,3.9579
2609,3.9582
2610,3.9585
2611,3.9587
2612,3.959
2613,3.9593
2614,3.9595
2615,3.9598
2616,3.9601
2617,3.9604
2618,3.9606
2619,3.9609
2620,3.9611
2621,3.9614
2622,3.9617
2623,3.962
2624,3.9622
2625,3.9625
2626,3.9628
2627,3.963
2628,3.9633
2629,3.9636
2630,3.9638
2631,3.9641
2632,3.9644
2633,3.9646
2634,3.9649
2635,3.9652
2636,3.9654
2637,3.9657
2638,3.966
2639,3.9663
2640,3.9665
2641,3.9668
2642,3.9671
2643,3.9673
2644,3.9676
2645,3.9679
2646,3.9681
2647,3.9684
2648,3.9687
2649,3.9688
2650,3.9692
2651,3.9695
2652,3.9696
2653,3.97
2654,3.9703
2655,3.9706
2656,3.9708
2657,3.9711
2658,3.9712
2659,3.9716
2660,3.9719
2661,3.9722
2662,3.9723
2663,3.9727
2664,3.973
2665,3.9731
2666,3.9735
2667,3.9736
2668,3.9739
2669,3.9743
2670,3.9744
2671,3.9747
2672,3.975
2673,3.9752
2674,3.9755
2675,3.9758
2676,3.976
2677,3.9763
2678,3.9766
2679,3.9768
2680,3.9771
2681,3.9774
2682,3.9776
2683,3.9779
2684,3.9782
2685,3.9784
2686,3.9787
2687,3.979
2688,3.9792
2689,3.9795
2690,3.9797
2691,3.98
2692,3.9803
2693,3.9804
2694,3.9808
2695,3.9811
2696,3.9812
2697,3.9816
2698,3.9817
2699,3.982
2700,3.9824
2701,3.9825
2702,3.9828
2703,3.983
2704,3.9833
2705,3.9836
2706,3.9838
2707,3.9841
2708,3.9843
2709,3.9846
2710,3.9849
2711,3.9851
2712,3.9854
2713,3.9855
2714,3.9859
2715,3.986
2716,3.9863
2717,3.9866
2718,3.9868
2719,3.9871
2720,3.9873
2721,3.9876
2722,3.9878
2723,3.9881
2724,3.9884
2725,3.9886
2726,3.9889
2727,3.989
2728,3.9893
2729,3.9895
2730,3.9898
2731,3.99
2732,3.9903
2733,3.9905
2734,3.9908
2735,3.9909
2736,3.9913
2737,3.9914
2738,3.9917
2739,3.9919
2740,3.9922
2741,3.9924
2742,3.9927
2743,3.9928
2744,3.993
2745,3.9933
2746,3.9935
2747,3.9938
2748,3.994
2749,3.9943
2750,3.9944
2751,3.9948
2752,3.9949
2753,3.9952
2754,3.9954
2755,3.9957
2756,3.9959
2757,3.996
2758,3.9963
2759,3.9965
2760,3.9968
2761,3.997
2762,3.9971
2763,3.9975
2764,3.9976
2765,3.9979
2766,3.9981
2767,3.9984
2768,3.9986
2769,3.9987
2770,3.999
2771,3.9992
2772,3.9994
2773,3.9997
2774,3.9998
2775,4.0
2776,4.0003
2777,4.0005
2778,4.0008
2779,4.0009
2780,4.0011
2781,4.0013
2782,4.0016
2783,4.0017
2784,4.0019
2785,4.0022
2786,4.0024
2787,4.0025
2788,4.0029
2789,4.003
2790,4.0032
2791,4.0035
2792,4.0037
2793,4.0038
2794,4.004
2795,4.0043
2796,4.0044
2797,4.0046
2798,4.0049
2799,4.0051
2800,4.0052
2801,4.0054
2802,4.0056
2803,4.0059
2804,4.006
2805,4.0062
2806,4.0065
2807,4.0067
2808,4.0068
2809,4.007
2810,4.0073
2811,4.0075
2812,4.0076
2813,4.0078
2814,4.0079
2815,4.0083
2816,4.0084
2817,4.0086
2818,4.0087
2819,4.0089
2820,4.0092
2821,4.0094
2822,4.0095
2823,4.0097
2824,4.0098
2825,4.01
2826,4.0103
2827,4.0105
2828,4.0106
2829,4.0108
2830,4.011
2831,4.0111
2832,4.0114
2833,4.0116
2834,4.0118
2835,4.0119
2836,4.0121
2837,4.0122
2838,4.0124
2839,4.0125
2840,4.0129
2841,4.013
2842,4.0132
2843,4.0133
2844,4.0135
2845,4.0137
2846,4.0138
2847,4.014
2848,4.0141
2849,4.0145
2850,4.0146
2851,4.0148
2852,4.0149
2853,4.0151
2854,4.0153
2855,4.0154
2856,4.0156
2857,4.0157
2858,4.0159
2859,4.016
2860,4.0162
2861,4.0165
2862,4.0165
2863,4.0168
2864,4.017
2865,4.0172
2866,4.0173
2867,4.0175
2868,4.0176
2869,4.0178
2870,4.018
2871,4.0181
2872,4.0183
2873,4.0184
2874,4.0186
2875,4.0187
2876,4.0189
2877,4.0191
2878,4.0192
2879,4.0194
2880,4.0195
2881,4.0197
2882,4.0199
2883,4.02
2884,4.0202
2885,4.0203
2886,4.0205
2887,4.0207
2888,4.0208
2889,4.021
2890,4.0211
2891,4.0213
2892,4.0214
2893,4.0216
2894,4.0218
2895,4.0219
2896,4.0221
2897,4.0222
2898,4.0224
2899,4.0226
2900,4.0227
2901,4.0229
2902,4.023
2903,4.0232
2904,4.0234
2905,4.0235
2906,4.0237
2907,4.0238
2908,4.024
2909,4.0241
2910,4.0243
2911,4.0245
2912,4.0246
2913,4.0248
2914,4.0249
2915,4.0251
2916,4.0253
2917,4.0254
2918,4.0256
2919,4.0257
2920,4.0259
2921,4.0261
2922,4.0262
2923,4.0264
2924,4.0265
2925,4.0267
2926,4.0269
2927,4.027
2928,4.0272
2929,4.0273
2930,4.0275
2931,4.0276
2932,4.0278
2933,4.028
2934,4.0281
2935,4.0281
2936,4.0284
2937,4.0286
2938,4.0288
2939,4.0289
2940,4.0289
2941,4.0291
2942,4.0292
2943,4.0294
2944,4.0296
2945,4.0297
2946,4.0299
2947,4.03
2948,4.0302
2949,4.0303
2950,4.0305
2951,4.0307
2952,4.0308
2953,4.031
2954,4.0311
2955,4.0313
2956,4.0315
2957,4.0316
2958,4.0318
2959,4.0319
2960,4.0321
2961,4.0323
2962,4.0324
2963,4.0326
2964,4.0327
2965,4.0329
2966,4.033
2967,4.0332
2968,4.0334
2969,4.0335
2970,4.0337
2971,4.0338
2972,4.034
2973,4.0342
2974,4.0345
2975,4.0345
2976,4.0346
2977,4.0348
2978,4.0351
2979,4.0353
2980,4.0354
2981,4.0356
2982,4.0358
2983,4.0359
2984,4.0361
2985,4.0362
2986,4.0364
2987,4.0365
2988,4.0367
2989,4.0369
2990,4.037
2991,4.0372
2992,4.0373
2993,4.0377
2994,4.0378
2995,4.038
2996,4.0381
2997,4.0383
2998,4.0385
2999,4.0386
3000,4.0388
3001,4.0389
3002,4.0391
3003,4.0392
3004,4.0396
3005,4.0397
3006,4.0399
3007,4.04
3008,4.0402
3009,4.0404
3010,4.0405
3011,4.0408
3012,4.041
3013,4.0412
3014,4.0413
3015,4.0415
3016,4.0416
3017,4.0418
3018,4.0421
3019,4.0423
3020,4.0424
3021,4.0426
3022,4.0427
3023,4.0431
3024,4.0432
3025,4.0434
3026,4.0435
3027,4.0437
3028,4.044
3029,4.0442
3030,4.0443
3031,4.0445
3032,4.0446
3033,4.045
3034,4.0451
3035,4.0453
3036,4.0454
3037,4.0458
3038,4.0459
3039,4.0461
3040,4.0462
3041,4.0466
3042,4.0467
3043,4.0469
3044,4.0472
3045,4.0474
3046,4.0475
3047,4.0478
3048,4.048
3049,4.0481
3050,4.0485
3051,4.0486
3052,4.0488
3053,4.0491
3054,4.0493
3055,4.0494
3056,4.0497
3057,4.0499
3058,4.0501
3059,4.0504
3060,4.0505
3061,4.0507
3062,4.051
3063,4.0512
3064,4.0515
3065,4.0516
3066,4.052
3067,4.0521
3068,4.0523
3069,4.0526
3070,4.0528
3071,4.0531
3072,4.0532
3073,4.0535
3074,4.0537
3075,4.054
3076,4.0542
3077,4.0545
3078,4.0547
3079,4.055
3080,4.0551
3081,4.0555
3082,4.0556
3083,4.0559
3084,4.0561
3085,4.0564
3086,4.0566
3087,4.0569
3088,4.057
3089,4.0574
3090,4.0575
3091,4.0578
3092,4.0582
3093,4.0583
3094,4.0586
3095,4.0588
3096,4.0591
3097,4.0593
3098,4.0596
3099,4.0599
3100,4.0601
3101,4.0604
3102,4.0607
3103,4.0609
3104,4.0612
3105,4.0615
3106,4.0617
3107,4.062
3108,4.0621
3109,4.0624
3110,4.0628
3111,4.0631
3112,4.0632
3113,4.0636
3114,4.0637
3115,4.064
3116,4.0644
3117,4.0647
3118,4.0648
3119,4.0651
3120,4.0655
3121,4.0656
3122,4.0659
3123,4.0663
3124,4.0666
3125,4.0667
3126,4.0671
3127,4.0674
3128,4.0677
3129,4.0679
3130,4.0682
3131,4.0685
3132,4.0688
3133,4.0691
3134,4.0693
3135,4.0696
3136,4.0699
3137,4.0702
3138,4.0704
3139,4.0707
3140,4.071
3141,4.0713
3142,4.0717
3143,4.072
3144,4.0721
3145,4.0725
3146,4.0728
3147,4.0731
3148,4.0734
3149,4.0737
3150,4.0739
3151,4.0742
3152,4.0745
3153,4.0748
3154,4.0752
3155,4.0755
3156,4.0758
3157,4.076
3158,4.0763
3159,4.0766
3160,4.0769
3161,4.0772
3162,4.0775
3163,4.0779
3164,4.078
3165,4.0783
3166,4.0787
3167,4.079
3168,4.0793
3169,4.0796
3170,4.0799
3171,4.0802
3172,4.0806
3173,4.0809
3174,4.081
3175,4.0814
3176,4.0817
3177,4.082
3178,4.0823
3179,4.0826
3180,4.0829
3181,4.0833
3182,4.0836
3183,4.0837
3184,4.0841
3185,4.0844
3186,4.0847
3187,4.085
3188,4.0853
3189,4.0856
3190,4.086
3191,4.0863
3192,4.0866
3193,4.0869
3194,4.0872
3195,4.0874
3196,4.0877
3197,4.088
3198,4.0883
3199,4.0887
3200,4.089
3201,4.0893
3202,4.0896
3203,4.0899
3204,4.0903
3205,4.0906
3206,4.0909
3207,4.0911
3208,4.0914
3209,4.0917
3210,4.092
3211,4.0923
3212,4.0926
3213,4.093
3214,4.0933
3215,4.0936
3216,4.0939
3217,4.0942
3218,4.0944
3219,4.0947
3220,4.095
3221,4.0953
3222,4.0957
3223,4.096
3224,4.0963
3225,4.0966
3226,4.0969
3227,4.0972
3228,4.0974
3229,4.0977
3230,4.098
3231,4.0984
3232,4.0987
3233,4.099
3234,4.0993
3235,4.0996
3236,4.0998
3237,4.1001
3238,4.1004
3239,4.1007
3240,4.1011
3241,4.1014
3242,4.1017
3243,4.102
3244,4.1022
3245,4.1025
3246,4.1028
3247,4.1031
3248,4.1034
3249,4.1038
3250,4.1041
3251,4.1042
3252,4.1046
3253,4.1049
3254,4.1052
3255,4.1055
3256,4.1058
3257,4.106
3258,4.1063
3259,4.1066
3260,4.1069
3261,4.1073
3262,4.1076
3263,4.1077
3264,4.1081
3265,4.1084
3266,4.1087
3267,4.1088
3268,4.1092
3269,4.1095
3270,4.1098
3271,4.1101
3272,4.1103
3273,4.1106
3274,4.1109
3275,4.1112
3276,4.1114
3277,4.1117
3278,4.112
3279,4.1123
3280,4.1127
3281,4.1128
3282,4.1131
3283,4.1135
3284,4.1136
3285,4.1139
3286,4.1143
3287,4.1146
3288,4.1147
3289,4.115
3290,4.1154
3291,4.1155
3292,4.1158
3293,4.1162
3294,4.1163
3295,4.1166
3296,4.117
3297,4.1173
3298,4.1174
3299,4.1177
3300,4.1181
3301,4.1182
3302,4.1185
3303,4.1189
3304,4.119
3305,4.1193
3306,4.1197
3307,4.1198
3308,4.1201
3309,4.1204
3310,4.1206
3311,4.1209
3312,4.1211
3313,4.1214
3314,4.1217
3315,4.1219
3316,4.1222
3317,4.1224
3318,4.1227
3319,4.1228
3320,4.1232
3321,4.1235
3322,4.1236
3323,4.1239
3324,4.1241
3325,4.1244
3326,4.1246
3327,4.1249
3328,4.1251
3329,4.1254
3330,4.1255
3331,4.1259
3332,4.126
3333,4.1263
3334,4.1266
3335,4.1268
3336,4.1271
3337,4.1273
3338,4.1276
3339,4.1278
3340,4.1281
3341,4.1282
3342,4.1284
3343,4.1287
3344,4.1289
3345,4.1292
3346,4.1293
3347,4.1297
3348,4.1298
3349,4.1301
3350,4.1303
3351,4.1305
3352,4.1308
3353,4.1309
3354,4.1313
3355,4.1314
3356,4.1317
3357,4.1319
3358,4.1321
3359,4.1324
3360,4.1325
3361,4.1328
3362,4.133
3363,4.1332
3364,4.1335
3365,4.1336
3366,4.1338
3367,4.1341
3368,4.1343
3369,4.1344
3370,4.1348
3371,4.1349
3372,4.1351
3373,4.1354
3374,4.1355
3375,4.1357
3376,4.136
3377,4.1362
3378,4.1363
3379,4.1365
3380,4.1368
3381,4.137
3382,4.1371
3383,4.1375
3384,4.1376
3385,4.1378
3386,4.1379
3387,4.1382
3388,4.1384
3389,4.1386
3390,4.1387
3391,4.1389
3392,4.1392
3393,4.1394
3394,4.1395
3395,4.1397
3396,4.1398
3397,4.1402
3398,4.1403
3399,4.1405
3400,4.1406
3401,4.1408
3402,4.1409
3403,4.1413
3404,4.1414
3405,4.1416
3406,4.1417
3407,4.1419
3408,4.1421
3409,4.1424
3410,4.1425
3411,4.1427
3412,4.1429
3413,4.143
3414,4.1432
3415,4.1433
3416,4.1435
3417,4.1437
3418,4.1438
3419,4.1441
3420,4.1443
3421,4.1444
3422,4.1446
3423,4.1448
3424,4.1449
3425,4.1451
3426,4.1452
3427,4.1454
3428,4.1456
3429,4.1457
3430,4.1459
3431,4.146
3432,4.1462
3433,4.1464
3434,4.1465
3435,4.1467
3436,4.1468
3437,4.147
3438,4.1471
3439,4.1473
3440,4.1475
3441,4.1476
3442,4.1478
3443,4.1479
3444,4.1481
3445,4.1483
3446,4.1484
3447,4.1486
3448,4.1487
3449,4.1489
3450,4.1491
3451,4.1491
3452,4.1492
3453,4.1494
3454,4.1495
3455,4.1497
3456,4.1498
3457,4.15
3458,4.1502
3459,4.1503
3460,4.1505
3461,4.1506
3462,4.1506
3463,4.1508
3464,4.151
3465,4.1511
3466,4.1513
3467,4.1514
3468,4.1516
3469,4.1516
3470,4.1518
3471,4.1519
3472,4.1521
3473,4.1522
3474,4.1524
3475,4.1524
3476,4.1525
3477,4.1527
3478,4.1529
3479,4.1529
3480,4.153
3481,4.1532
3482,4.1533
3483,4.1535
3484,4.1537
3485,4.1537
3486,4.1538
3487,4.154
3488,4.1541
3489,4.1541
3490,4.1543
3491,4.1545
3492,4.1546
3493,4.1546
3494,4.1548
3495,4.1549
3496,4.1549
3497,4.1551
3498,4.1553
3499,4.1554
3500,4.1554
3501,4.1556
3502,4.1557
3503,4.1559
3504,4.1559
3505,4.156
3506,4.156
3507,4.1562
3508,4.1564
3509,4.1565
3510,4.1565
3511,4.1567
3512,4.1568
3513,4.1568
3514,4.157
3515,4.1572
3516,4.1572
3517,4.1573
3518,4.1575
3519,4.1575
3520,4.1576
3521,4.1576
3522,4.1578
3523,4.158
3524,4.158
3525,4.1581
3526,4.1583
3527,4.1583
3528,4.1584
3529,4.1584
3530,4.1586
3531,4.1587
3532,4.1587
3533,4.1589
3534,4.1589
3535,4.1591
3536,4.1592
3537,4.1592
3538,4.1594
3539,4.1594
3540,4.1595
3541,4.1595
3542,4.1597
3543,4.1599
3544,4.1599
3545,4.16
3546,4.16
3547,4.1602
3548,4.1602
3549,4.1603
3550,4.1605
3551,4.1605
3552,4.1605
3553,4.1607
3554,4.1608
3555,4.1608
3556,4.161
3557,4.161
3558,4.1611
3559,4.1611
3560,4.1613
3561,4.1613
3562,4.1614
3563,4.1614
3564,4.1616
3565,4.1618
3566,4.1618
3567,4.1619
3568,4.1619
3569,4.1619
3570,4.1621
3571,4.1621
3572,4.1622
3573,4.1624
3574,4.1624
3575,4.1626
3576,4.1626
3577,4.1627
3578,4.1627
3579,4.1629
3580,4.1629
3581,4.1629
3582,4.163
3583,4.163
3584,4.1632
3585,4.1634
3586,4.1634
3587,4.1635
3588,4.1635
3589,4.1637
3590,4.1637
3591,4.1638
3592,4.1638
3593,4.164
3594,4.164
3595,4.1641
3596,4.1641
3597,4.1643
3598,4.1643
3599,4.1643
3600,4.1645
3601,4.1645
3602,4.1646
3603,4.1646
3604,4.1648
3605,4.1648
3606,4.1649
3607,4.1649
3608,4.1651
3609,4.1651
3610,4.1653
3611,4.1653
3612,4.1654
3613,4.1654
3614,4.1656
3615,4.1656
3616,4.1657
3617,4.1657
3618,4.1659
3619,4.1659
3620,4.1661
3621,4.1661
3622,4.1662
3623,4.1662
3624,4.1664
3625,4.1664
3626,4.1665
3627,4.1665
3628,4.1667
3629,4.1667
3630,4.1669
3631,4.1669
3632,4.167
3633,4.167
3634,4.1672
3635,4.1672
3636,4.1673
3637,4.1675
3638,4.1675
3639,4.1675
3640,4.1676
3641,4.1678
3642,4.1678
3643,4.168
3644,4.168
3645,4.1681
3646,4.1681
3647,4.1683
3648,4.1683
3649,4.1684
3650,4.1684
3651,4.1686
3652,4.1686
3653,4.1688
3654,4.1688
3655,4.1689
3656,4.1689
3657,4.1691
3658,4.1692
3659,4.1692
3660,4.1694
3661,4.1694
3662,4.1696
3663,4.1696
3664,4.1697
3665,4.1699
3666,4.1699
3667,4.17
3668,4.17
3669,4.1702
3670,4.1702
3671,4.1703
3672,4.1703
3673,4.1705
3674,4.1707
3675,4.1707
3676,4.1708
3677,4.1708
3678,4.171
3679,4.1711
3680,4.1711
3681,4.1713
3682,4.1713
3683,4.1715
3684,4.1716
3685,4.1716
3686,4.1718
3687,4.1718
3688,4.1719
3689,4.1721
3690,4.1721
3691,4.1723
3692,4.1724
3693,4.1724
3694,4.1726
3695,4.1727
3696,4.1727
3697,4.1729
3698,4.173
3699,4.173
3700,4.1732
3701,4.1732
3702,4.1734
3703,4.1735
3704,4.1735
3705,4.1737
3706,4.1738
3707,4.1738
3708,4.174
3709,4.1742
3710,4.1743
3711,4.1743
3712,4.1745
3713,4.1746
3714,4.1746
3715,4.1748
3716,4.175
3717,4.1751
3718,4.1751
3719,4.1753
3720,4.1754
3721,4.1754
3722,4.1756
3723,4.1758
3724,4.1759
3725,4.1759
3726,4.1761
3727,4.1762
3728,4.1764
3729,4.1765
3730,4.1765
3731,4.1767
3732,4.1769
3733,4.177
3734,4.177
3735,4.1772
3736,4.1773
3737,4.1775
3738,4.1777
3739,4.1778
3740,4.1778
3741,4.178
3742,4.1781
3743,4.1783
3744,4.1785
3745,4.1786
3746,4.1786
3747,4.1788
3748,4.1789
3749,4.1791
3750,4.1792
3751,4.1794
3752,4.1796
3753,4.1797
3754,4.1799
3755,4.18
3756,4.1802
3757,4.1802
3758,4.1804
3759,4.1805
3760,4.1807
3761,4.1808
3762,4.181
3763,4.1812
3764,4.1813
3765,4.1815
3766,4.1816
3767,4.1818
3768,4.1819
3769,4.1821
3770,4.1823
3771,4.1824
3772,4.1826
3773,4.1827
3774,4.1829
3775,4.1831
3776,4.1832
3777,4.1834
3778,4.1837
3779,4.1839
3780,4.184
3781,4.1842
3782,4.1843
3783,4.1845
3784,4.1846
3785,4.1848
3786,4.185
3787,4.1853
3788,4.1854
3789,4.1856
3790,4.1858
3791,4.1859
3792,4.1862
3793,4.1864
3794,4.1866
3795,4.1867
3796,4.187
3797,4.1872
3798,4.1874
3799,4.1875
3800,4.1878
3801,4.188
3802,4.1881
3803,4.1885
3804,4.1886
3805,4.1888
3806,4.1889
3807,4.1893
3808,4.1894
3809,4.1897
3810,4.1899
3811,4.1901
3812,4.1904
3813,4.1905
3814,4.1908
3815,4.191
3816,4.1913
3817,4.1915
3818,4.1916
3819,4.192
3820,4.1923
3821,4.1924
3822,4.1928
3823,4.1929
3824,4.1932
3825,4.1934
3826,4.1937
3827,4.1939
3828,4.1942
3829,4.1945
3830,4.1947
3831,4.195
3832,4.1953
3833,4.1955
3834,4.1958
3835,4.1961
3836,4.1964
3837,4.1966
3838,4.1969
3839,4.1972
3840,4.1975
3841,4.1977
3842,4.198
3843,4.1983
3844,4.1986
3845,4.199
3846,4.1993
3847,4.1996
3848,4.1999
3849,4.2002
3850,4.2004
3851,4.2009
3852,4.2012
3853,4.2015
3854,4.2018
3855,4.2021
3856,4.2024
3857,4.2028
3858,4.2031
3859,4.2034
3860,4.2037
3861,4.204
3862,4.2045
3863,4.2048
3864,4.2051
3865,4.2055
3866,4.2059
3867,4.2063
3868,4.2066
3869,4.2071
3870,4.2074
3871,4.2077
3872,4.2082
3873,4.2085
3874,4.209
3875,4.2093
3876,4.2098
3877,4.2101
3878,4.2106
3879,4.2109
3880,4.2113
3881,4.2118
3882,4.2121
3883,4.2126
3884,4.2131
3885,4.2134
3886,4.2139
3887,4.2144
3888,4.2148
3889,4.2152
3890,4.2156
3891,4.2161
3892,4.2166
3893,4.2171
3894,4.2175
3895,4.218
3896,4.2185
3897,4.219
3898,4.2195
3899,4.2199
3900,4.2204
3901,4.2209
3902,4.2215
3903,4.222
3904,4.2225
3905,4.2229
3906,4.2234
3907,4.2241
3908,4.2245
3909,4.2252
3910,4.2256
3911,4.2263
3912,4.2268
3913,4.2274
3914,4.2279
3915,4.2285
3916,4.229
3917,4.2296
3918,4.2301
3919,4.2307
3920,4.2314
3921,4.232
3922,4.2325
3923,4.2331
3924,4.2338
3925,4.2344
3926,4.235
3927,4.2357
3928,4.2363
3929,4.2369
3930,4.2376
3931,4.2382
3932,4.2388
3933,4.2395
3934,4.2401
3935,4.2409
3936,4.2415
3937,4.2422
3938,4.243
3939,4.2436
3940,4.2442
3941,4.245
3942,4.2457
3943,4.2465
3944,4.2471
3945,4.2479
3946,4.2485
3947,4.2493
3948,4.2501
3949,4.2508
3950,4.2516
3951,4.2523
3952,4.2531
3953,4.2538
3954,4.2546
3955,4.2554
3956,4.2562
3957,4.257
3958,4.2577
3959,4.2585
3960,4.2593
3961,4.2601
3962,4.2611
3963,4.2619
3964,4.2627
3965,4.2635
3966,4.2644
3967,4.2652
3968,4.266
3969,4.267
3970,4.2678
3971,4.2687
3972,4.2695
3973,4.2705
3974,4.2713
3975,4.2722
3976,4.2732
3977,4.274
3978,4.2749
3979,4.2759
3980,4.2768
3981,4.2776
3982,4.2786
3983,4.2795
3984,4.2805
3985,4.2814
3986,4.2824
3987,4.2833
3988,4.2843
3989,4.2852
3990,4.2862
3991,4.2873
3992,4.2883
3993,4.2892
3994,4.2902
3995,4.2913
3996,4.2922
3997,4.2933
3998,4.2943
3999,4.2953
4000,4.2964
4001,4.2973
4002,4.2984
4003,4.2994
4004,4.2999
4005,4.2999
4006,4.2999
4007,4.2999
4008,4.2999
4009,4.2999
4010,4.2999
4011,4.2999
4012,4.2973
4013,4.2954
4014,4.2944
4015,4.294
4016,4.2933
4017,4.293
4018,4.2925
4019,4.2922
4020,4.2919
4021,4.2916
4022,4.2914
4023,4.2911
4024,4.2909
4025,4.2906
4026,4.2905
4027,4.2901
4028,4.29
4029,4.2898
4030,4.2897
4031,4.2895
4032,4.2894
4033,4.2892
4034,4.289
4035,4.2889
4036,4.2887
4037,4.2886
4038,4.2886
4039,4.2884
4040,4.2882
4041,4.2881
4042,4.2879
4043,4.2879
4044,4.2878
4045,4.2876
4046,4.2876
4047,4.2874
4048,4.2873
4049,4.2873
4050,4.2871
4051,4.287
4052,4.287
4053,4.2868
4054,4.2868
4055,4.2867
4056,4.2865
4057,4.2865
4058,4.2863
4059,4.2863
4060,4.2862
4061,4.2862
4062,4.286
4063,4.2859
4064,4.2859
4065,4.2857
4066,4.2857
4067,4.2857
4068,4.2855
4069,4.2855
4070,4.2854
4071,4.2854
4072,4.2852
4073,4.2852
4074,4.2851
4075,4.2851
4076,4.2849
4077,4.2849
4078,4.2847
4079,4.2847
4080,4.2846
4081,4.2846
4082,4.2846
4083,4.2844
4084,4.2844
4085,4.2843
4086,4.2843
4087,4.2841
4088,4.2841
4089,4.2841
4090,4.284
4091,4.284
4092,4.2838
4093,4.2838
4094,4.2838
4095,4.2836
4096,4.2836
4097,4.2835
4098,4.2835
4099,4.2835
4100,4.2833
4101,4.2833
4102,4.2832
4103,4.2832
4104,4.2832
4105,4.283
4106,4.283
4107,4.2828
4108,4.2828
4109,4.2828
4110,4.2827
4111,4.2827
4112,4.2827
4113,4.2825
4114,4.2825
4115,4.2825
4116,4.2824
4117,4.2824
4118,4.2822
4119,4.2822
4120,4.2822
4121,4.282
4122,4.282
4123,4.282
4124,4.2819
4125,4.2819
4126,4.2819
4127,4.2817
4128,4.2817
4129,4.2817
4130,4.2816
4131,4.2816
4132,4.2816
4133,4.2814
4134,4.2814
4135,4.2814
4136,4.2813
4137,4.2813
4138,4.2811
4139,4.2811
4140,4.2811
4141,4.2811
4142,4.2809
4143,4.2809
4144,4.2809
4145,4.2808
4146,4.2808
4147,4.2806
4148,4.2806
4149,4.2806
4150,4.2805
4151,4.2805
4152,4.2805
4153,4.2803
4154,4.2803
4155,4.2803
4156,4.2801
4157,4.2801
4158,4.2801
4159,4.28
4160,4.28
4161,4.28
4162,4.28
4163,4.2798
4164,4.2798
4165,4.2798
4166,4.2797
4167,4.2797
4168,4.2797
4169,4.2795
4170,4.2795
4171,4.2795
4172,4.2793
4173,4.2793
4174,4.2793
4175,4.2793
4176,4.2792
4177,4.2792
4178,4.279
4179,4.279
4180,4.279
4181,4.279
4182,4.2789
4183,4.2789
4184,4.2789
4185,4.2787
4186,4.2787
4187,4.2787
4188,4.2787
4189,4.2786
4190,4.2786
4191,4.2786
4192,4.2784
4193,4.2732
4194,4.269
4195,4.2666
4196,4.2649
4197,4.2631
4198,4.2616
4199,4.2601
4200,4.2587
4201,4.2573
4202,4.256
4203,4.2547
4204,4.2535
4205,4.2523
4206,4.2511
4207,4.25
4208,4.2488
4209,4.2477
4210,4.2466
4211,4.2455
4212,4.2444
4213,4.2433
4214,4.2423
4215,4.2412
4216,4.2403
4217,4.2393
4218,4.2382
4219,4.2372
4220,4.2363
4221,4.2353
4222,4.2344
4223,4.2334
4224,4.2325
4225,4.2315
4226,4.2307
4227,4.2298
4228,4.2288
4229,4.228
4230,4.2271
4231,4.2263
4232,4.2253
4233,4.2245
4234,4.2237
4235,4.223
4236,4.2222
4237,4.2212
4238,4.2204
4239,4.2196
4240,4.2188
4241,4.218
4242,4.2174
4243,4.2166
4244,4.2158
4245,4.215
4246,4.2144
4247,4.2136
4248,4.2128
4249,4.2122
4250,4.2114
4251,4.2107
4252,4.2101
4253,4.2093
4254,4.2087
4255,4.208
4256,4.2072
4257,4.2066
4258,4.206
4259,4.2053
4260,4.2047
4261,4.204
4262,4.2034
4263,4.2028
4264,4.2021
4265,4.2015
4266,4.201
4267,4.2004
4268,4.1998
4269,4.1993
4270,4.1986
4271,4.198
4272,4.1975
4273,4.1969
4274,4.1964
4275,4.1958
4276,4.1953
4277,4.1948
4278,4.1942
4279,4.1937
4280,4.1932
4281,4.1928
4282,4.1921
4283,4.1917
4284,4.1912
4285,4.1907
4286,4.1902
4287,4.1898
4288,4.1893
4289,4.1888
4290,4.1883
4291,4.1878
4292,4.1874
4293,4.1869
4294,4.1864
4295,4.1861
4296,4.1856
4297,4.1851
4298,4.1848
4299,4.1844
4300,4.1839
4301,4.1836
4302,4.1831
4303,4.1828
4304,4.1823
4305,4.182
4306,4.1815
4307,4.1812
4308,4.1807
4309,4.1804
4310,4.1801
4311,4.1796
4312,4.1793
4313,4.1789
4314,4.1785
4315,4.1782
4316,4.1778
4317,4.1775
4318,4.1772
4319,4.1769
4320,4.1766
4321,4.1761
4322,4.1758
4323,4.1755
4324,4.1751
4325,4.1748
4326,4.1745
4327,4.1742
4328,4.1739
4329,4.1737
4330,4.1734
4331,4.1731
4332,4.1728
4333,4.1724
4334,4.1721
4335,4.1718
4336,4.1716
4337,4.1713
4338,4.171
4339,4.1707
4340,4.1705
4341,4.1702
4342,4.1701
4343,4.1697
4344,4.1694
4345,4.1691
4346,4.1689
4347,4.1686
4348,4.1685
4349,4.1681
4350,4.168
4351,4.1677
4352,4.1675
4353,4.1672
4354,4.167
4355,4.1667
4356,4.1666
4357,4.1662
4358,4.1661
4359,4.1658
4360,4.1656
4361,4.1654
4362,4.1651
4363,4.165
4364,4.1648
4365,4.1647
4366,4.1643
4367,4.1642
4368,4.164
4369,4.1637
4370,4.1635
4371,4.1634
4372,4.1631
4373,4.1629
4374,4.1627
4375,4.1626
4376,4.1624
4377,4.1623
4378,4.162
4379,4.1618
4380,4.1616
4381,4.1615
4382,4.1613
4383,4.1612
4384,4.161
4385,4.1608
4386,4.1605
4387,4.1604
4388,4.1602
4389,4.16
4390,4.1599
4391,4.1597
4392,4.1596
4393,4.1594
4394,4.1593
4395,4.1591
4396,4.1589
4397,4.1588
4398,4.1586
4399,4.1585
4400,4.1583
4401,4.1581
4402,4.158
4403,4.158
4404,4.1578
4405,4.1577
4406,4.1575
4407,4.1573
4408,4.1572
4409,4.157
4410,4.1569
4411,4.1567
4412,4.1566
4413,4.1564
4414,4.1564
4415,4.1562
4416,4.1561
4417,4.1559
4418,4.1558
4419,4.1556
4420,4.1556
4421,4.1554
4422,4.1553
4423,4.1551
4424,4.155
4425,4.155
4426,4.1548
4427,4.1546
4428,4.1545
4429,4.1545
4430,4.1543
4431,4.1542
4432,4.154
4433,4.154
4434,4.1539
4435,4.1537
4436,4.1537
4437,4.1535
4438,4.1534
4439,4.1532
4440,4.1532
4441,4.1531
4442,4.1529
4443,4.1529
4444,4.1527
4445,4.1526
4446,4.1526
4447,4.1524
4448,4.1523
4449,4.1523
4450,4.1521
4451,4.1519
4452,4.1519
4453,4.1518
4454,4.1516
4455,4.1516
4456,4.1515
4457,4.1515
4458,4.1513
4459,4.1511
4460,4.1511
4461,4.151
4462,4.151
4463,4.1508
4464,4.1508
4465,4.1507
4466,4.1505
4467,4.1505
4468,4.1504
4469,4.1504
4470,4.1502
4471,4.15
4472,4.15
4473,4.1499
4474,4.1499
4475,4.1497
4476,4.1497
4477,4.1496
4478,4.1494
4479,4.1494
4480,4.1492
4481,4.1492
4482,4.1491
4483,4.1491
4484,4.1489
4485,4.1489
4486,4.1488
4487,4.1488
4488,4.1486
4489,4.1486
4490,4.1484
4491,4.1483
4492,4.1483
4493,4.1481
4494,4.1481
4495,4.148
4496,4.148
4497,4.1478
4498,4.1478
4499,4.1477
4500,4.1477
4501,4.1475
4502,4.1475
4503,4.1473
4504,4.1473
4505,4.1472
4506,4.1472
4507,4.147
4508,4.147
4509,4.147
4510,4.1469
4511,4.1467
4512,4.1467
4513,4.1465
4514,4.1465
4515,4.1465
4516,4.1464
4517,4.1464
4518,4.1462
4519,4.1462
4520,4.1461
4521,4.1461
4522,4.1459
4523,4.1459
4524,4.1457
4525,4.1457
4526,4.1456
4527,4.1456
4528,4.1454
4529,4.1454
4530,4.1453
4531,4.1453
4532,4.1453
4533,4.1451
4534,4.1451
4535,4.145
4536,4.145
4537,4.1448
4538,4.1448
4539,4.1446
4540,4.1446
4541,4.1445
4542,4.1445
4543,4.1445
4544,4.1443
4545,4.1443
4546,4.1442
4547,4.1442
4548,4.144
4549,4.144
4550,4.1438
4551,4.1438
4552,4.1437
4553,4.1437
4554,4.1435
4555,4.1435
4556,4.1435
4557,4.1434
4558,4.1434
4559,4.1432
4560,4.1432
4561,4.143
4562,4.143
4563,4.1429
4564,4.1429
4565,4.1427
4566,4.1427
4567,4.1427
4568,4.1426
4569,4.1426
4570,4.1424
4571,4.1424
4572,4.1423
4573,4.1423
4574,4.1421
4575,4.1421
4576,4.1421
4577,4.1419
4578,4.1419
4579,4.1418
4580,4.1418
4581,4.1416
4582,4.1416
4583,4.1415
4584,4.1415
4585,4.1415
4586,4.1413
4587,4.1413
4588,4.1411
4589,4.141
4590,4.141
4591,4.141
4592,4.1408
4593,4.1408
4594,4.1407
4595,4.1407
4596,4.1405
4597,4.1405
4598,4.1403
4599,4.1403
4600,4.1402
4601,4.1402
4602,4.1402
4603,4.14
4604,4.14
4605,4.1399
4606,4.1399
4607,4.1397
4608,4.1397
4609,4.1396
4610,4.1396
4611,4.1394
4612,4.1394
4613,4.1392
4614,4.1392
4615,4.1392
4616,4.1391
4617,4.1391
4618,4.1389
4619,4.1389
4620,4.1388
4621,4.1388
4622,4.1386
4623,4.1386
4624,4.1384
4625,4.1384
4626,4.1383
4627,4.1383
4628,4.1381
4629,4.1381
4630,4.138
4631,4.138
4632,4.1378
4633,4.1378
4634,4.1376
4635,4.1376
4636,4.1375
4637,4.1375
4638,4.1373
4639,4.1373
4640,4.1372
4641,4.1372
4642,4.137
4643,4.1369
4644,4.1369
4645,4.1367
4646,4.1367
4647,4.1365
4648,4.1365
4649,4.1364
4650,4.1364
4651,4.1362
4652,4.1362
4653,4.1361
4654,4.1359
4655,4.1359
4656,4.1357
4657,4.1357
4658,4.1356
4659,4.1356
4660,4.1354
4661,4.1353
4662,4.1353
4663,4.1351
4664,4.1351
4665,4.1349
4666,4.1348
4667,4.1348
4668,4.1346
4669,4.1346
4670,4.1345
4671,4.1343
4672,4.1343
4673,4.1342
4674,4.1342
4675,4.134
4676,4.1338
4677,4.1338
4678,4.1337
4679,4.1335
4680,4.1335
4681,4.1334
4682,4.1332
4683,4.1332
4684,4.133
4685,4.1329
4686,4.1329
4687,4.1327
4688,4.1326
4689,4.1326
4690,4.1324
4691,4.1322
4692,4.1322
4693,4.1321
4694,4.1319
4695,4.1319
4696,4.1318
4697,4.1316
4698,4.1315
4699,4.1315
4700,4.1313
4701,4.1311
4702,4.131
4703,4.131
4704,4.1308
4705,4.1307
4706,4.1305
4707,4.1303
4708,4.1303
4709,4.1302
4710,4.13
4711,4.1299
4712,4.1299
4713,4.1297
4714,4.1295
4715,4.1294
4716,4.1292
4717,4.1291
4718,4.1291
4719,4.1289
4720,4.1288
4721,4.1286
4722,4.1284
4723,4.1284
4724,4.1283
4725,4.1283
4726,4.1281
4727,4.1281
4728,4.1281
4729,4.1281
4730,4.128
4731,4.128
4732,4.1278
4733,4.1278
4734,4.1276
4735,4.1276
4736,4.1275
4737,4.1275
4738,4.1273
4739,4.1273
4740,4.1272
4741,4.1272
4742,4.127
4743,4.127
4744,4.1268
4745,4.1268
4746,4.1267
4747,4.1267
4748,4.1265
4749,4.1265
4750,4.1265
4751,4.1265
4752,4.1264
4753,4.1264
4754,4.1262
4755,4.1262
4756,4.1261
4757,4.1261
4758,4.1259
4759,4.1259
4760,4.1257
4761,4.1257
4762,4.1256
4763,4.1256
4764,4.1254
4765,4.1253
4766,4.1251
4767,4.1249
4768,4.1248
4769,4.1246
4770,4.1245
4771,4.1243
4772,4.1241
4773,4.124
4774,4.1238
4775,4.1237
4776,4.1235
4777,4.1232
4778,4.123
4779,4.1229
4780,4.1227
4781,4.1226
4782,4.1224
4783,4.1222
4784,4.1221
4785,4.1219
4786,4.1218
4787,4.1214
4788,4.1213
4789,4.1211
4790,4.121
4791,4.1208
4792,4.1206
4793,4.1205
4794,4.1202
4795,4.12
4796,4.1199
4797,4.1197
4798,4.1194
4799,4.1192
4800,4.1191
4801,4.1189
4802,4.1187
4803,4.1184
4804,4.1183
4805,4.1181
4806,4.1179
4807,4.1176
4808,4.1175
4809,4.1173
4810,4.117
4811,4.1168
4812,4.1167
4813,4.1164
4814,4.1162
4815,4.116
4816,4.1157
4817,4.1156
4818,4.1154
4819,4.1151
4820,4.1149
4821,4.1148
4822,4.1145
4823,4.1143
4824,4.1141
4825,4.1138
4826,4.1137
4827,4.1133
4828,4.1132
4829,4.113
4830,4.1127
4831,4.1125
4832,4.1122
4833,4.1121
4834,4.1118
4835,4.1116
4836,4.1113
4837,4.1111
4838,4.111
4839,4.1106
4840,4.1105
4841,4.1102
4842,4.11
4843,4.1097
4844,4.1095
4845,4.1092
4846,4.1089
4847,4.1087
4848,4.1084
4849,4.1083
4850,4.1079
4851,4.1078
4852,4.1075
4853,4.1073
4854,4.107
4855,4.1068
4856,4.1065
4857,4.1062
4858,4.106
4859,4.1057
4860,4.1056
4861,4.1052
4862,4.1049
4863,4.1048
4864,4.1044
4865,4.1043
4866,4.104
4867,4.1037
4868,4.1035
4869,4.1032
4870,4.1029
4871,4.1027
4872,4.1024
4873,4.1021
4874,4.1017
4875,4.1016
4876,4.1013
4877,4.101
4878,4.1008
4879,4.1005
4880,4.1002
4881,4.1
4882,4.0997
4883,4.0994
4884,4.099
4885,4.0989
4886,4.0986
4887,4.0983
4888,4.0979
4889,4.0978
4890,4.0975
4891,4.0971
4892,4.0968
4893,4.0965
4894,4.0963
4895,4.096
4896,4.0957
4897,4.0954
4898,4.0951
4899,4.0949
4900,4.0946
4901,4.0943
4902,4.094
4903,4.0936
4904,4.0933
4905,4.0932
4906,4.0928
4907,4.0925
4908,4.0922
4909,4.0919
4910,4.0916
4911,4.0913
4912,4.0911
4913,4.0908
4914,4.0905
4915,4.0901
4916,4.0898
4917,4.0895
4918,4.0892
4919,4.0889
4920,4.0886
4921,4.0884
4922,4.0881
4923,4.0878
4924,4.0874
4925,4.0871
4926,4.0868
4927,4.0865
4928,4.0862
4929,4.0859
4930,4.0855
4931,4.0852
4932,4.0849
4933,4.0846
4934,4.0843
4935,4.0841
4936,4.0838
4937,4.0835
4938,4.0832
4939,4.0828
4940,4.0825
4941,4.0822
4942,4.0819
4943,4.0816
4944,4.0813
4945,4.0809
4946,4.0806
4947,4.0803
4948,4.08
4949,4.0797
4950,4.0793
4951,4.079
4952,4.0787
4953,4.0784
4954,4.0781
4955,4.0778
4956,4.0774
4957,4.0771
4958,4.0768
4959,4.0765
4960,4.0762
4961,4.0759
4962,4.0755
4963,4.0752
4964,4.0749
4965,4.0746
4966,4.0743
4967,4.0739
4968,4.0736
4969,4.0733
4970,4.073
4971,4.0725
4972,4.0724
4973,4.0719
4974,4.0716
4975,4.0712
4976,4.0709
4977,4.0706
4978,4.0703
4979,4.07
4980,4.0697
4981,4.0693
4982,4.069
4983,4.0687
4984,4.0684
4985,4.0681
4986,4.0677
4987,4.0674
4988,4.0671
4989,4.0668
4990,4.0665
4991,4.0662
4992,4.0658
4993,4.0655
4994,4.0652
4995,4.0649
4996,4.0646
4997,4.0643
4998,4.0639
4999,4.0636
5000,4.0633
5001,4.063
5002,4.0627
5003,4.0623
5004,4.062
5005,4.0617
5006,4.0614
5007,4.0611
5008,4.0608
5009,4.0604
5010,4.0601
5011,4.0598
5012,4.0595
5013,4.0592
5014,4.0589
5015,4.0585
5016,4.0582
5017,4.0579
5018,4.0576
5019,4.0573
5020,4.0569
5021,4.0566
5022,4.0563
5023,4.056
5024,4.0557
5025,4.0554
5026,4.055
5027,4.0547
5028,4.0544
5029,4.0542
5030,4.0539
5031,4.0536
5032,4.0533
5033,4.053
5034,4.0527
5035,4.0523
5036,4.052
5037,4.0517
5038,4.0514
5039,4.0511
5040,4.0508
5041,4.0504
5042,4.0503
5043,4.05
5044,4.0496
5045,4.0493
5046,4.049
5047,4.0487
5048,4.0484
5049,4.0481
5050,4.0479
5051,4.0476
5052,4.0473
5053,4.0469
5054,4.0466
5055,4.0463
5056,4.0461
5057,4.0458
5058,4.0455
5059,4.0452
5060,4.0449
5061,4.0447
5062,4.0444
5063,4.0441
5064,4.0438
5065,4.0434
5066,4.0433
5067,4.043
5068,4.0427
5069,4.0423
5070,4.0422
5071,4.0419
5072,4.0415
5073,4.0412
5074,4.0411
5075,4.0407
5076,4.0404
5077,4.0401
5078,4.0399
5079,4.0396
5080,4.0393
5081,4.0392
5082,4.0388
5083,4.0385
5084,4.0382
5085,4.038
5086,4.0377
5087,4.0376
5088,4.0372
5089,4.0369
5090,4.0368
5091,4.0365
5092,4.0361
5093,4.036
5094,4.0357
5095,4.0353
5096,4.0352
5097,4.0349
5098,4.0347
5099,4.0344
5100,4.0341
5101,4.0339
5102,4.0336
5103,4.0334
5104,4.0331
5105,4.033
5106,4.0326
5107,4.0323
5108,4.0322
5109,4.032
5110,4.0317
5111,4.0314
5112,4.0312
5113,4.0309
5114,4.0307
5115,4.0304
5116,4.0303
5117,4.0299
5118,4.0298
5119,4.0295
5120,4.0293
5121,4.029
5122,4.0288
5123,4.0287
5124,4.0284
5125,4.0282
5126,4.0279
5127,4.0277
5128,4.0274
5129,4.0272
5130,4.0271
5131,4.0268
5132,4.0266
5133,4.0263
5134,4.0261
5135,4.026
5136,4.0257
5137,4.0255
5138,4.0253
5139,4.025
5140,4.0249
5141,4.0245
5142,4.0244
5143,4.0242
5144,4.0239
5145,4.0237
5146,4.0236
5147,4.0234
5148,4.0231
5149,4.023
5150,4.0228
5151,4.0225
5152,4.0223
5153,4.0222
5154,4.0218
5155,4.0217
5156,4.0215
5157,4.0214
5158,4.021
5159,4.0209
5160,4.0207
5161,4.0206
5162,4.0204
5163,4.0201
5164,4.0199
5165,4.0198
5166,4.0196
5167,4.0193
5168,4.0191
5169,4.019
5170,4.0188
5171,4.0185
5172,4.0185
5173,4.0182
5174,4.018
5175,4.0179
5176,4.0177
5177,4.0176
5178,4.0172
5179,4.0171
5180,4.0169
5181,4.0168
5182,4.0166
5183,4.0164
5184,4.0161
5185,4.016
5186,4.0158
5187,4.0156
5188,4.0155
5189,4.0153
5190,4.0152
5191,4.015
5192,4.0147
5193,4.0145
5194,4.0144
5195,4.0142
5196,4.0141
5197,4.0139
5198,4.0137
5199,4.0136
5200,4.0134
5201,4.0133
5202,4.0131
5203,4.0128
5204,4.0126
5205,4.0125
5206,4.0123
5207,4.0122
5208,4.012
5209,4.0118
5210,4.0117
5211,4.0115
5212,4.0114
5213,4.0112
5214,4.011
5215,4.0109
5216,4.0107
5217,4.0106
5218,4.0104
5219,4.0102
5220,4.0099
5221,4.0098
5222,4.0096
5223,4.0094
5224,4.0093
5225,4.0091
5226,4.009
5227,4.0088
5228,4.0087
5229,4.0085
5230,4.0083
5231,4.0082
5232,4.008
5233,4.0079
5234,4.0077
5235,4.0075
5236,4.0074
5237,4.0072
5238,4.0071
5239,4.0069
5240,4.0067
5241,4.0066
5242,4.0064
5243,4.0063
5244,4.0061
5245,4.006
5246,4.0058
5247,4.0056
5248,4.0055
5249,4.0053
5250,4.0052
5251,4.005
5252,4.0048
5253,4.0047
5254,4.0045
5255,4.0044
5256,4.0042
5257,4.004
5258,4.0039
5259,4.0037
5260,4.0036
5261,4.0034
5262,4.0033
5263,4.0031
5264,4.0029
5265,4.0028
5266,4.0026
5267,4.0025
5268,4.0023
5269,4.0021
5270,4.002
5271,4.0018
5272,4.0017
5273,4.0015
5274,4.0013
5275,4.0012
5276,4.001
5277,4.0007
5278,4.0006
5279,4.0004
5280,4.0002
5281,4.0001
5282,3.9999
5283,3.9998
5284,3.9996
5285,3.9994
5286,3.9993
5287,3.9991
5288,3.999
5289,3.9988
5290,3.9986
5291,3.9985
5292,3.9983
5293,3.9982
5294,3.998
5295,3.9979
5296,3.9977
5297,3.9975
5298,3.9972
5299,3.9971
5300,3.9969
5301,3.9967
5302,3.9966
5303,3.9964
5304,3.9963
5305,3.9961
5306,3.9959
5307,3.9958
5308,3.9956
5309,3.9955
5310,3.9953
5311,3.995
5312,3.9948
5313,3.9947
5314,3.9945
5315,3.9944
5316,3.9942
5317,3.994
5318,3.9939
5319,3.9937
5320,3.9934
5321,3.9932
5322,3.9931
5323,3.9929
5324,3.9928
5325,3.9926
5326,3.9925
5327,3.9921
5328,3.992
5329,3.9918
5330,3.9917
5331,3.9915
5332,3.9913
5333,3.9912
5334,3.9909
5335,3.9907
5336,3.9905
5337,3.9904
5338,3.9902
5339,3.9901
5340,3.9898
5341,3.9896
5342,3.9894
5343,3.9893
5344,3.989
5345,3.9888
5346,3.9886
5347,3.9885
5348,3.9883
5349,3.988
5350,3.9878
5351,3.9877
5352,3.9875
5353,3.9872
5354,3.9871
5355,3.9869
5356,3.9867
5357,3.9864
5358,3.9863
5359,3.9861
5360,3.9859
5361,3.9856
5362,3.9855
5363,3.9853
5364,3.985
5365,3.9848
5366,3.9847
5367,3.9845
5368,3.9842
5369,3.984
5370,3.9839
5371,3.9836
5372,3.9834
5373,3.9832
5374,3.9829
5375,3.9828
5376,3.9826
5377,3.9823
5378,3.9821
5379,3.982
5380,3.9816
5381,3.9815
5382,3.9812
5383,3.981
5384,3.9809
5385,3.9805
5386,3.9804
5387,3.9801
5388,3.9799
5389,3.9797
5390,3.9794
5391,3.9793
5392,3.9789
5393,3.9788
5394,3.9785
5395,3.9783
5396,3.9782
5397,3.9778
5398,3.9777
5399,3.9774
5400,3.9772
5401,3.9769
5402,3.9767
5403,3.9764
5404,3.9762
5405,3.9759
5406,3.9758
5407,3.9756
5408,3.9753
5409,3.9751
5410,3.9748
5411,3.9745
5412,3.9743
5413,3.9742
5414,3.9739
5415,3.9735
5416,3.9734
5417,3.9731
5418,3.9729
5419,3.9726
5420,3.9724
5421,3.9721
5422,3.972
5423,3.9716
5424,3.9713
5425,3.9712
5426,3.9708
5427,3.9707
5428,3.9704
5429,3.9702
5430,3.9699
5431,3.9696
5432,3.9694
5433,3.9691
5434,3.9689
5435,3.9686
5436,3.9683
5437,3.9681
5438,3.9678
5439,3.9677
5440,3.9674
5441,3.967
5442,3.9669
5443,3.9666
5444,3.9662
5445,3.9661
5446,3.9658
5447,3.9654
5448,3.9653
5449,3.965
5450,3.9647
5451,3.9645
5452,3.9642
5453,3.9639
5454,3.9637
5455,3.9634
5456,3.9631
5457,3.9629
5458,3.9626
5459,3.9623
5460,3.962
5461,3.9618
5462,3.9615
5463,3.9612
5464,3.961
5465,3.9607
5466,3.9604
5467,3.96
5468,3.9599
5469,3.9596
5470,3.9593
5471,3.9591
5472,3.9588
5473,3.9585
5474,3.9581
5475,3.9578
5476,3.9577
5477,3.9573
5478,3.957
5479,3.9567
5480,3.9566
5481,3.9562
5482,3.9559
5483,3.9556
5484,3.9554
5485,3.9551
5486,3.9548
5487,3.9545
5488,3.9543
5489,3.954
5490,3.9537
5491,3.9534
5492,3.9531
5493,3.9529
5494,3.9526
5495,3.9523
5496,3.9519
5497,3.9518
5498,3.9515
5499,3.9511
5500,3.9508
5501,3.9505
5502,3.9504
5503,3.95
5504,3.9497
5505,3.9494
5506,3.9491
5507,3.9489
5508,3.9486
5509,3.9483
5510,3.948
5511,3.9477
5512,3.9475
5513,3.9472
5514,3.9469
5515,3.9465
5516,3.9462
5517,3.9461
5518,3.9457
5519,3.9454
5520,3.9451
5521,3.9448
5522,3.9446
5523,3.9443
5524,3.944
5525,3.9437
5526,3.9434
5527,3.9432
5528,3.9429
5529,3.9426
5530,3.9423
5531,3.9419
5532,3.9416
5533,3.9415
5534,3.9411
5535,3.9408
5536,3.9405
5537,3.9402
5538,3.94
5539,3.9397
5540,3.9394
5541,3.9391
5542,3.9388
5543,3.9386
5544,3.9383
5545,3.938
5546,3.9376
5547,3.9373
5548,3.9372
5549,3.9369
5550,3.9365
5551,3.9362
5552,3.9359
5553,3.9357
5554,3.9354
5555,3.9351
5556,3.9348
5557,3.9346
5558,3.9343
5559,3.934
5560,3.9337
5561,3.9334
5562,3.9332
5563,3.9329
5564,3.9326
5565,3.9322
5566,3.9321
5567,3.9318
5568,3.9315
5569,3.9311
5570,3.9308
5571,3.9307
5572,3.9303
5573,3.93
5574,3.9297
5575,3.9295
5576,3.9292
5577,3.9289
5578,3.9286
5579,3.9284
5580,3.9281
5581,3.9278
5582,3.9275
5583,3.9273
5584,3.927
5585,3.9267
5586,3.9265
5587,3.9262
5588,3.9259
5589,3.9256
5590,3.9254
5591,3.9251
5592,3.9248
5593,3.9246
5594,3.9243
5595,3.924
5596,3.9237
5597,3.9235
5598,3.9232
5599,3.9229
5600,3.9227
5601,3.9224
5602,3.9221
5603,3.9219
5604,3.9216
5605,3.9213
5606,3.9211
5607,3.9208
5608,3.9205
5609,3.9202
5610,3.92
5611,3.9197
5612,3.9194
5613,3.9192
5614,3.9189
5615,3.9186
5616,3.9184
5617,3.9181
5618,3.9179
5619,3.9176
5620,3.9173
5621,3.9172
5622,3.9168
5623,3.9165
5624,3.9164
5625,3.916
5626,3.9157
5627,3.9156
5628,3.9152
5629,3.9151
5630,3.9148
5631,3.9145
5632,3.9143
5633,3.914
5634,3.9137
5635,3.9135
5636,3.9132
5637,3.913
5638,3.9127
5639,3.9124
5640,3.9122
5641,3.9119
5642,3.9118
5643,3.9114
5644,3.9111
5645,3.911
5646,3.9106
5647,3.9105
5648,3.9102
5649,3.91
5650,3.9097
5651,3.9094
5652,3.9092
5653,3.9089
5654,3.9087
5655,3.9084
5656,3.9083
5657,3.9079
5658,3.9078
5659,3.9075
5660,3.9071
5661,3.907
5662,3.9067
5663,3.9065
5664,3.9062
5665,3.906
5666,3.9057
5667,3.9056
5668,3.9052
5669,3.9051
5670,3.9048
5671,3.9046
5672,3.9043
5673,3.904
5674,3.9038
5675,3.9035
5676,3.9033
5677,3.903
5678,3.9029
5679,3.9025
5680,3.9024
5681,3.9021
5682,3.9019
5683,3.9016
5684,3.9014
5685,3.9011
5686,3.901
5687,3.9006
5688,3.9005
5689,3.9002
5690,3.9
5691,3.8997
5692,3.8995
5693,3.8992
5694,3.899
5695,3.8987
5696,3.8986
5697,3.8983
5698,3.8981
5699,3.8978
5700,3.8976
5701,3.8973
5702,3.8971
5703,3.8968
5704,3.8967
5705,3.8965
5706,3.8962
5707,3.8959
5708,3.8957
5709,3.8955
5710,3.8952
5711,3.8951
5712,3.8948
5713,3.8946
5714,3.8943
5715,3.8941
5716,3.8938
5717,3.8936
5718,3.8933
5719,3.8932
5720,3.8928
5721,3.8927
5722,3.8924
5723,3.8922
5724,3.8921
5725,3.8917
5726,3.8916
5727,3.8913
5728,3.8911
5729,3.8908
5730,3.8906
5731,3.8903
5732,3.8901
5733,3.8898
5734,3.8897
5735,3.8895
5736,3.8892
5737,3.889
5738,3.8887
5739,3.8886
5740,3.8882
5741,3.8881
5742,3.8878
5743,3.8876
5744,3.8873
5745,3.8871
5746,3.887
5747,3.8867
5748,3.8865
5749,3.8862
5750,3.886
5751,3.8857
5752,3.8855
5753,3.8852
5754,3.8851
5755,3.8847
5756,3.8846
5757,3.8843
5758,3.8841
5759,3.884
5760,3.8836
5761,3.8835
5762,3.8832
5763,3.883
5764,3.8827
5765,3.8825
5766,3.8822
5767,3.882
5768,3.8817
5769,3.8816
5770,3.8813
5771,3.8811
5772,3.8809
5773,3.8806
5774,3.8805
5775,3.8801
5776,3.88
5777,3.8797
5778,3.8795
5779,3.8792
5780,3.879
5781,3.8787
5782,3.8786
5783,3.8782
5784,3.8781
5785,3.8778
5786,3.8776
5787,3.8773
5788,3.8771
5789,3.877
5790,3.8766
5791,3.8765
5792,3.8762
5793,3.876
5794,3.8757
5795,3.8755
5796,3.8752
5797,3.8751
5798,3.8747
5799,3.8746
5800,3.8743
5801,3.8741
5802,3.8738
5803,3.8736
5804,3.8733
5805,3.8732
5806,3.8728
5807,3.8727
5808,3.8724
5809,3.8722
5810,3.8719
5811,3.8717
5812,3.8714
5813,3.8712
5814,3.8709
5815,3.8708
5816,3.8705
5817,3.8703
5818,3.87
5819,3.8698
5820,3.8695
5821,3.8693
5822,3.869
5823,3.8689
5824,3.8685
5825,3.8684
5826,3.8681
5827,3.8679
5828,3.8676
5829,3.8674
5830,3.8671
5831,3.867
5832,3.8666
5833,3.8663
5834,3.8662
5835,3.8658
5836,3.8657
5837,3.8654
5838,3.8652
5839,3.8649
5840,3.8647
5841,3.8644
5842,3.8643
5843,3.8639
5844,3.8638
5845,3.8635
5846,3.8631
5847,3.863
5848,3.8627
5849,3.8625
5850,3.8622
5851,3.862
5852,3.8617
5853,3.8616
5854,3.8612
5855,3.8609
5856,3.8608
5857,3.8604
5858,3.8603
5859,3.86
5860,3.8596
5861,3.8595
5862,3.8592
5863,3.859
5864,3.8587
5865,3.8585
5866,3.8582
5867,3.8581
5868,3.8577
5869,3.8576
5870,3.8573
5871,3.8569
5872,3.8568
5873,3.8565
5874,3.8563
5875,3.856
5876,3.8558
5877,3.8555
5878,3.8552
5879,3.855
5880,3.8547
5881,3.8546
5882,3.8542
5883,3.8539
5884,3.8538
5885,3.8535
5886,3.8533
5887,3.853
5888,3.8528
5889,3.8525
5890,3.8522
5891,3.852
5892,3.8517
5893,3.8515
5894,3.8512
5895,3.8509
5896,3.8508
5897,3.8504
5898,3.8503
5899,3.85
5900,3.8498
5901,3.8495
5902,3.8492
5903,3.849
5904,3.8487
5905,3.8484
5906,3.8482
5907,3.8479
5908,3.8477
5909,3.8474
5910,3.8473
5911,3.8469
5912,3.8466
5913,3.8465
5914,3.8461
5915,3.846
5916,3.8457
5917,3.8454
5918,3.8452
5919,3.8449
5920,3.8447
5921,3.8444
5922,3.8441
5923,3.8439
5924,3.8436
5925,3.8434
5926,3.8431
5927,3.843
5928,3.8427
5929,3.8423
5930,3.8422
5931,3.8419
5932,3.8415
5933,3.8414
5934,3.8411
5935,3.8409
5936,3.8406
5937,3.8404
5938,3.8401
5939,3.8398
5940,3.8396
5941,3.8393
5942,3.8392
5943,3.8388
5944,3.8387
5945,3.8384
5946,3.838
5947,3.8379
5948,3.8376
5949,3.8374
5950,3.8371
5951,3.8368
5952,3.8366
5953,3.8363
5954,3.8361
5955,3.8358
5956,3.8357
5957,3.8353
5958,3.835
5959,3.8349
5960,3.8345
5961,3.8344
5962,3.8341
5963,3.8339
5964,3.8336
5965,3.8333
5966,3.8331
5967,3.8328
5968,3.8326
5969,3.8323
5970,3.8322
5971,3.8318
5972,3.8317
5973,3.8314
5974,3.8311
5975,3.8309
5976,3.8306
5977,3.8304
5978,3.8301
5979,3.8299
5980,3.8296
5981,3.8295
5982,3.8291
5983,3.829
5984,3.8287
5985,3.8284
5986,3.8282
5987,3.8279
5988,3.8277
5989,3.8274
5990,3.8272
5991,3.8269
5992,3.8268
5993,3.8264
5994,3.8263
5995,3.826
5996,3.8258
5997,3.8255
5998,3.8252
5999,3.825
6000,3.8249
6001,3.8245
6002,3.8242
6003,3.8241
6004,3.8237
6005,3.8236
6006,3.8233
6007,3.8231
6008,3.823
6009,3.8226
6010,3.8223
6011,3.8222
6012,3.8218
6013,3.8217
6014,3.8214
6015,3.8212
6016,3.821
6017,3.8207
6018,3.8206
6019,3.8203
6020,3.8201
6021,3.8198
6022,3.8196
6023,3.8193
6024,3.8191
6025,3.8188
6026,3.8187
6027,3.8183
6028,3.8182
6029,3.8179
6030,3.8177
6031,3.8174
6032,3.8172
6033,3.8169
6034,3.8168
6035,3.8166
6036,3.8163
6037,3.8161
6038,3.8158
6039,3.8156
6040,3.8153
6041,3.8152
6042,3.8149
6043,3.8147
6044,3.8145
6045,3.8142
6046,3.8141
6047,3.8137
6048,3.8136
6049,3.8133
6050,3.8131
6051,3.8128
6052,3.8126
6053,3.8125
6054,3.8122
6055,3.812
6056,3.8117
6057,3.8115
6058,3.8114
6059,3.811
6060,3.8109
6061,3.8106
6062,3.8104
6063,3.8101
6064,3.8099
6065,3.8098
6066,3.8094
6067,3.8093
6068,3.8091
6069,3.8088
6070,3.8087
6071,3.8083
6072,3.8082
6073,3.808
6074,3.8077
6075,3.8075
6076,3.8072
6077,3.8071
6078,3.8069
6079,3.8066
6080,3.8064
6081,3.8063
6082,3.806
6083,3.8058
6084,3.8055
6085,3.8053
6086,3.8052
6087,3.8048
6088,3.8047
6089,3.8045
6090,3.8042
6091,3.804
6092,3.8039
6093,3.8036
6094,3.8034
6095,3.8033
6096,3.8029
6097,3.8028
6098,3.8025
6099,3.8023
6100,3.8021
6101,3.8018
6102,3.8017
6103,3.8015
6104,3.8012
6105,3.801
6106,3.8009
6107,3.8006
6108,3.8004
6109,3.8002
6110,3.7999
6111,3.7998
6112,3.7996
6113,3.7993
6114,3.7991
6115,3.799
6116,3.7986
6117,3.7985
6118,3.7983
6119,3.7982
6120,3.7979
6121,3.7977
6122,3.7975
6123,3.7972
6124,3.7971
6125,3.7969
6126,3.7966
6127,3.7964
6128,3.7963
6129,3.7959
6130,3.7958
6131,3.7956
6132,3.7955
6133,3.7952
6134,3.795
6135,3.7948
6136,3.7947
6137,3.7944
6138,3.7942
6139,3.794
6140,3.7937
6141,3.7936
6142,3.7934
6143,3.7932
6144,3.7929
6145,3.7928
6146,3.7926
6147,3.7923
6148,3.7921
6149,3.792
6150,3.7918
6151,3.7915
6152,3.7913
6153,3.7912
6154,3.791
6155,3.7907
6156,3.7905
6157,3.7904
6158,3.7902
6159,3.7899
6160,3.7898
6161,3.7896
6162,3.7893
6163,3.7891
6164,3.789
6165,3.7888
6166,3.7886
6167,3.7883
6168,3.7882
6169,3.788
6170,3.7878
6171,3.7875
6172,3.7874
6173,3.7872
6174,3.7871
6175,3.7867
6176,3.7866
6177,3.7864
6178,3.7863
6179,3.7859
6180,3.7858
6181,3.7856
6182,3.7855
6183,3.7853
6184,3.785
6185,3.7848
6186,3.7847
6187,3.7845
6188,3.7843
6189,3.784
6190,3.7839
6191,3.7837
6192,3.7836
6193,3.7832
6194,3.7831
6195,3.7829
6196,3.7828
6197,3.7826
6198,3.7823
6199,3.7821
6200,3.782
6201,3.7818
6202,3.7816
6203,3.7815
6204,3.7812
6205,3.781
6206,3.7809
6207,3.7807
6208,3.7804
6209,3.7802
6210,3.7801
6211,3.7799
6212,3.7797
6213,3.7794
6214,3.7793
6215,3.7791
6216,3.7789
6217,3.7788
6218,3.7786
6219,3.7783
6220,3.7782
6221,3.778
6222,3.7778
6223,3.7777
6224,3.7775
6225,3.7772
6226,3.777
6227,3.7769
6228,3.7767
6229,3.7766
6230,3.7762
6231,3.7761
6232,3.7759
6233,3.7758
6234,3.7756
6235,3.7755
6236,3.7751
6237,3.775
6238,3.7748
6239,3.7747
6240,3.7745
6241,3.7743
6242,3.774
6243,3.7739
6244,3.7737
6245,3.7735
6246,3.7734
6247,3.7732
6248,3.7729
6249,3.7728
6250,3.7726
6251,3.7724
6252,3.7723
6253,3.7721
6254,3.7718
6255,3.7716
6256,3.7715
6257,3.7713
6258,3.7712
6259,3.771
6260,3.7708
6261,3.7705
6262,3.7704
6263,3.7702
6264,3.7701
6265,3.7699
6266,3.7697
6267,3.7694
6268,3.7693
6269,3.7691
6270,3.7689
6271,3.7688
6272,3.7686
6273,3.7685
6274,3.7681
6275,3.768
6276,3.7678
6277,3.7677
6278,3.7675
6279,3.7674
6280,3.7672
6281,3.767
6282,3.7667
6283,3.7666
6284,3.7664
6285,3.7662
6286,3.7661
6287,3.7659
6288,3.7658
6289,3.7656
6290,3.7653
6291,3.7651
6292,3.765
6293,3.7648
6294,3.7647
6295,3.7645
6296,3.7643
6297,3.764
6298,3.7639
6299,3.7637
6300,3.7635
6301,3.7634
6302,3.7632
6303,3.7631
6304,3.7629
6305,3.7626
6306,3.7624
6307,3.7623
6308,3.7621
6309,3.762
6310,3.7618
6311,3.7616
6312,3.7613
6313,3.7612
6314,3.761
6315,3.7608
6316,3.7607
6317,3.7605
6318,3.7604
6319,3.7602
6320,3.76
6321,3.7597
6322,3.7596
6323,3.7594
6324,3.7593
6325,3.7591
6326,3.7589
6327,3.7588
6328,3.7586
6329,3.7585
6330,3.7581
6331,3.758
6332,3.7578
6333,3.7577
6334,3.7575
6335,3.7573
6336,3.7572
6337,3.757
6338,3.7567
6339,3.7566
6340,3.7564
6341,3.7562
6342,3.7561
6343,3.7559
6344,3.7558
6345,3.7556
6346,3.7553
6347,3.7551
6348,3.755
6349,3.7548
6350,3.7546
6351,3.7545
6352,3.7543
6353,3.7542
6354,3.754
6355,3.7538
6356,3.7535
6357,3.7534
6358,3.7532
6359,3.7531
6360,3.7529
6361,3.7527
6362,3.7526
6363,3.7524
6364,3.7523
6365,3.7521
6366,3.7518
6367,3.7516
6368,3.7515
6369,3.7513
6370,3.7511
6371,3.751
6372,3.7508
6373,3.7507
6374,3.7505
6375,3.7502
6376,3.75
6377,3.7499
6378,3.7497
6379,3.7496
6380,3.7494
6381,3.7492
6382,3.7491
6383,3.7489
6384,3.7486
6385,3.7484
6386,3.7483
6387,3.7481
6388,3.748
6389,3.7478
6390,3.7477
6391,3.7475
6392,3.7473
6393,3.7472
6394,3.7469
6395,3.7467
6396,3.7465
6397,3.7464
6398,3.7462
6399,3.7461
6400,3.7459
6401,3.7457
6402,3.7456
6403,3.7453
6404,3.7451
6405,3.745
6406,3.7448
6407,3.7446
6408,3.7445
6409,3.7443
6410,3.7442
6411,3.744
6412,3.7438
6413,3.7437
6414,3.7434
6415,3.7432
6416,3.743
6417,3.7429
6418,3.7427
6419,3.7426
6420,3.7424
6421,3.7423
6422,3.7421
6423,3.7418
6424,3.7416
6425,3.7415
6426,3.7413
6427,3.7411
6428,3.741
6429,3.7408
6430,3.7407
6431,3.7405
6432,3.7403
6433,3.74
6434,3.7399
6435,3.7397
6436,3.7396
6437,3.7394
6438,3.7392
6439,3.7391
6440,3.7389
6441,3.7388
6442,3.7384
6443,3.7383
6444,3.7381
6445,3.738
6446,3.7378
6447,3.7376
6448,3.7375
6449,3.7373
6450,3.7372
6451,3.737
6452,3.7367
6453,3.7367
6454,3.7364
6455,3.7362
6456,3.7361
6457,3.7359
6458,3.7357
6459,3.7356
6460,3.7354
6461,3.7351
6462,3.7349
6463,3.7348
6464,3.7346
6465,3.7345
6466,3.7343
6467,3.7342
6468,3.734
6469,3.7338
6470,3.7335
6471,3.7334
6472,3.7332
6473,3.733
6474,3.7329
6475,3.7327
6476,3.7326
6477,3.7324
6478,3.7322
6479,3.7321
6480,3.7318
6481,3.7316
6482,3.7315
6483,3.7313
6484,3.7311
6485,3.731
6486,3.7308
6487,3.7307
6488,3.7305
6489,3.7303
6490,3.73
6491,3.7299
6492,3.7297
6493,3.7295
6494,3.7294
6495,3.7292
6496,3.7291
6497,3.7289
6498,3.7288
6499,3.7284
6500,3.7283
6501,3.7281
6502,3.728
6503,3.7278
6504,3.7276
6505,3.7275
6506,3.7273
6507,3.7272
6508,3.7268
6509,3.7267
6510,3.7265
6511,3.7264
6512,3.7262
6513,3.7261
6514,3.7259
6515,3.7257
6516,3.7254
6517,3.7254
6518,3.7251
6519,3.7249
6520,3.7248
6521,3.7246
6522,3.7245
6523,3.7243
6524,3.7241
6525,3.724
6526,3.7237
6527,3.7235
6528,3.7233
6529,3.7232
6530,3.723
6531,3.7229
6532,3.7227
6533,3.7226
6534,3.7222
6535,3.7221
6536,3.7219
6537,3.7218
6538,3.7216
6539,3.7214
6540,3.7213
6541,3.7211
6542,3.7208
6543,3.7206
6544,3.7205
6545,3.7203
6546,3.7202
6547,3.72
6548,3.7199
6549,3.7197
6550,3.7195
6551,3.7192
6552,3.7191
6553,3.7189
6554,3.7187
6555,3.7186
6556,3.7184
6557,3.7183
6558,3.7181
6559,3.7178
6560,3.7176
6561,3.7175
6562,3.7173
6563,3.7172
6564,3.717
6565,3.7168
6566,3.7167
6567,3.7164
6568,3.7162
6569,3.716
6570,3.7159
6571,3.7157
6572,3.7156
6573,3.7154
6574,3.7152
6575,3.7149
6576,3.7148
6577,3.7146
6578,3.7145
6579,3.7143
6580,3.7141
6581,3.714
6582,3.7138
6583,3.7135
6584,3.7133
6585,3.7132
6586,3.713
6587,3.7129
6588,3.7127
6589,3.7125
6590,3.7124
6591,3.7121
6592,3.7119
6593,3.7118
6594,3.7116
6595,3.7114
6596,3.7113
6597,3.7111
6598,3.711
6599,3.7106
6600,3.7105
6601,3.7103
6602,3.7102
6603,3.71
6604,3.7098
6605,3.7097
6606,3.7094
6607,3.7092
6608,3.7091
6609,3.7089
6610,3.7087
6611,3.7086
6612,3.7083
6613,3.7081
6614,3.7079
6615,3.7078
6616,3.7076
6617,3.7075
6618,3.7073
6619,3.7071
6620,3.7068
6621,3.7067
6622,3.7065
6623,3.7064
6624,3.7062
6625,3.706
6626,3.7057
6627,3.7056
6628,3.7054
6629,3.7052
6630,3.7051
6631,3.7049
6632,3.7048
6633,3.7046
6634,3.7043
6635,3.7041
6636,3.704
6637,3.7038
6638,3.7037
6639,3.7035
6640,3.7032
6641,3.703
6642,3.7029
6643,3.7027
6644,3.7025
6645,3.7024
6646,3.7022
6647,3.7019
6648,3.7017
6649,3.7016
6650,3.7014
6651,3.7013
6652,3.7011
6653,3.701
6654,3.7006
6655,3.7005
6656,3.7003
6657,3.7002
6658,3.7
6659,3.6998
6660,3.6997
6661,3.6994
6662,3.6992
6663,3.699
6664,3.6989
6665,3.6987
6666,3.6986
6667,3.6982
6668,3.6981
6669,3.6979
6670,3.6978
6671,3.6976
6672,3.6975
6673,3.6973
6674,3.697
6675,3.6968
6676,3.6967
6677,3.6965
6678,3.6963
6679,3.6962
6680,3.696
6681,3.6957
6682,3.6955
6683,3.6954
6684,3.6952
6685,3.6951
6686,3.6949
6687,3.6946
6688,3.6944
6689,3.6943
6690,3.6941
6691,3.694
6692,3.6938
6693,3.6935
6694,3.6933
6695,3.6932
6696,3.693
6697,3.6928
6698,3.6927
6699,3.6924
6700,3.6922
6701,3.6921
6702,3.6919
6703,3.6917
6704,3.6916
6705,3.6913
6706,3.6911
6707,3.6909
6708,3.6908
6709,3.6906
6710,3.6905
6711,3.6903
6712,3.69
6713,3.6898
6714,3.6897
6715,3.6895
6716,3.6894
6717,3.6892
6718,3.6889
6719,3.6887
6720,3.6886
6721,3.6884
6722,3.6882
6723,3.6881
6724,3.6879
6725,3.6876
6726,3.6874
6727,3.6873
6728,3.6871
6729,3.687
6730,3.6867
6731,3.6865
6732,3.6863
6733,3.6862
6734,3.686
6735,3.6859
6736,3.6855
6737,3.6854
6738,3.6852
6739,3.6851
6740,3.6849
6741,3.6847
6742,3.6844
6743,3.6843
6744,3.6841
6745,3.684
6746,3.6838
6747,3.6836
6748,3.6835
6749,3.6832
6750,3.683
6751,3.6828
6752,3.6827
6753,3.6825
6754,3.6824
6755,3.682
6756,3.6819
6757,3.6817
6758,3.6816
6759,3.6814
6760,3.6813
6761,3.6809
6762,3.6808
6763,3.6806
6764,3.6805
6765,3.6803
6766,3.6801
6767,3.6798
6768,3.6797
6769,3.6795
6770,3.6793
6771,3.6792
6772,3.679
6773,3.6787
6774,3.6786
6775,3.6784
6776,3.6782
6777,3.6781
6778,3.6779
6779,3.6778
6780,3.6774
6781,3.6773
6782,3.6771
6783,3.677
6784,3.6768
6785,3.6765
6786,3.6763
6787,3.6762
6788,3.676
6789,3.6759
6790,3.6757
6791,3.6755
6792,3.6752
6793,3.6751
6794,3.6749
6795,3.6747
6796,3.6746
6797,3.6744
6798,3.6741
6799,3.6739
6800,3.6738
6801,3.6736
6802,3.6735
6803,3.6733
6804,3.673
6805,3.6728
6806,3.6727
6807,3.6725
6808,3.6724
6809,3.6722
6810,3.672
6811,3.6717
6812,3.6716
6813,3.6714
6814,3.6712
6815,3.6711
6816,3.6709
6817,3.6708
6818,3.6704
6819,3.6703
6820,3.6701
6821,3.67
6822,3.6698
6823,3.6697
6824,3.6693
6825,3.6692
6826,3.669
6827,3.6689
6828,3.6687
6829,3.6685
6830,3.6684
6831,3.6681
6832,3.6679
6833,3.6677
6834,3.6676
6835,3.6674
6836,3.6673
6837,3.6671
6838,3.6668
6839,3.6666
6840,3.6665
6841,3.6663
6842,3.6662
6843,3.666
6844,3.6658
6845,3.6655
6846,3.6654
6847,3.6652
6848,3.665
6849,3.6649
6850,3.6647
6851,3.6646
6852,3.6643
6853,3.6641
6854,3.6639
6855,3.6638
6856,3.6636
6857,3.6635
6858,3.6633
6859,3.663
6860,3.6628
6861,3.6627
6862,3.6625
6863,3.6623
6864,3.6622
6865,3.662
6866,3.6619
6867,3.6616
6868,3.6614
6869,3.6612
6870,3.6611
6871,3.6609
6872,3.6608
6873,3.6606
6874,3.6604
6875,3.6601
6876,3.66
6877,3.6598
6878,3.6596
6879,3.6595
6880,3.6593
6881,3.6592
6882,3.659
6883,3.6587
6884,3.6585
6885,3.6584
6886,3.6582
6887,3.6581
6888,3.6579
6889,3.6577
6890,3.6576
6891,3.6573
6892,3.6571
6893,3.6569
6894,3.6568
6895,3.6566
6896,3.6565
6897,3.6563
6898,3.6562
6899,3.656
6900,3.6557
6901,3.6555
6902,3.6554
6903,3.6552
6904,3.655
6905,3.6549
6906,3.6547
6907,3.6546
6908,3.6544
6909,3.6541
6910,3.6539
6911,3.6538
6912,3.6536
6913,3.6535
6914,3.6533
6915,3.6531
6916,3.653
6917,3.6528
6918,3.6527
6919,3.6523
6920,3.6522
6921,3.652
6922,3.6519
6923,3.6517
6924,3.6515
6925,3.6514
6926,3.6512
6927,3.6511
6928,3.6508
6929,3.6506
6930,3.6504
6931,3.6503
6932,3.6501
6933,3.65
6934,3.6498
6935,3.6496
6936,3.6495
6937,3.6492
6938,3.649
6939,3.6488
6940,3.6487
6941,3.6485
6942,3.6484
6943,3.6482
6944,3.6481
6945,3.6479
6946,3.6476
6947,3.6474
6948,3.6473
6949,3.6471
6950,3.6469
6951,3.6468
6952,3.6466
6953,3.6465
6954,3.6463
6955,3.646
6956,3.6458
6957,3.6457
6958,3.6455
6959,3.6454
6960,3.6452
6961,3.645
6962,3.6449
6963,3.6447
6964,3.6446
6965,3.6442
6966,3.6441
6967,3.6439
6968,3.6438
6969,3.6436
6970,3.6434
6971,3.6433
6972,3.6431
6973,3.643
6974,3.6428
6975,3.6425
6976,3.6423
6977,3.6422
6978,3.642
6979,3.6419
6980,3.6417
6981,3.6415
6982,3.6412
6983,3.6411
6984,3.6409
6985,3.6407
6986,3.6406
6987,3.6404
6988,3.6403
6989,3.6401
6990,3.6398
6991,3.6396
6992,3.6395
6993,3.6393
6994,3.6392
6995,3.639
6996,3.6388
6997,3.6385
6998,3.6384
6999,3.6382
7000,3.638
7001,3.6379
7002,3.6377
7003,3.6376
7004,3.6374
7005,3.6371
7006,3.6369
7007,3.6368
7008,3.6366
7009,3.6365
7010,3.6363
7011,3.636
7012,3.6358
7013,3.6357
7014,3.6355
7015,3.6353
7016,3.6352
7017,3.6349
7018,3.6347
7019,3.6345
7020,3.6344
7021,3.6342
7022,3.6341
7023,3.6338
7024,3.6336
7025,3.6334
7026,3.6333
7027,3.6331
7028,3.633
7029,3.6326
7030,3.6325
7031,3.6323
7032,3.6322
7033,3.632
7034,3.6317
7035,3.6315
7036,3.6314
7037,3.6312
7038,3.6311
7039,3.6309
7040,3.6306
7041,3.6304
7042,3.6303
7043,3.6301
7044,3.6298
7045,3.6296
7046,3.6295
7047,3.6293
7048,3.6291
7049,3.6288
7050,3.6287
7051,3.6285
7052,3.6284
7053,3.628
7054,3.6279
7055,3.6277
7056,3.6276
7057,3.6272
7058,3.6271
7059,3.6269
7060,3.6268
7061,3.6264
7062,3.6263
7063,3.6261
7064,3.626
7065,3.6257
7066,3.6255
7067,3.6253
7068,3.6252
7069,3.6249
7070,3.6247
7071,3.6245
7072,3.6242
7073,3.6241
7074,3.6239
7075,3.6236
7076,3.6234
7077,3.6233
7078,3.6231
7079,3.6228
7080,3.6226
7081,3.6225
7082,3.6222
7083,3.622
7084,3.6218
7085,3.6215
7086,3.6214
7087,3.6212
7088,3.6209
7089,3.6207
7090,3.6204
7091,3.6203
7092,3.6201
7093,3.6198
7094,3.6196
7095,3.6195
7096,3.6191
7097,3.619
7098,3.6188
7099,3.6185
7100,3.6183
7101,3.618
7102,3.6179
7103,3.6177
7104,3.6174
7105,3.6172
7106,3.6169
7107,3.6168
7108,3.6166
7109,3.6163
7110,3.6161
7111,3.6158
7112,3.6156
7113,3.6153
7114,3.6152
7115,3.6149
7116,3.6147
7117,3.6144
7118,3.6142
7119,3.6139
7120,3.6137
7121,3.6134
7122,3.6133
7123,3.6129
7124,3.6128
7125,3.6125
7126,3.6123
7127,3.612
7128,3.6118
7129,3.6115
7130,3.6114
7131,3.611
7132,3.6107
7133,3.6106
7134,3.6102
7135,3.6101
7136,3.6098
7137,3.6094
7138,3.6093
7139,3.609
7140,3.6088
7141,3.6085
7142,3.6082
7143,3.608
7144,3.6077
7145,3.6074
7146,3.6072
7147,3.6069
7148,3.6066
7149,3.6064
7150,3.6061
7151,3.6058
7152,3.6056
7153,3.6053
7154,3.605
7155,3.6047
7156,3.6045
7157,3.6042
7158,3.6039
7159,3.6037
7160,3.6034
7161,3.6031
7162,3.6028
7163,3.6025
7164,3.6023
7165,3.602
7166,3.6017
7167,3.6013
7168,3.601
7169,3.6009
7170,3.6006
7171,3.6002
7172,3.5999
7173,3.5996
7174,3.5993
7175,3.599
7176,3.5986
7177,3.5983
7178,3.598
7179,3.5979
7180,3.5975
7181,3.5972
7182,3.5969
7183,3.5966
7184,3.5963
7185,3.5959
7186,3.5956
7187,3.5953
7188,3.595
7189,3.5947
7190,3.5944
7191,3.5939
7192,3.5936
7193,3.5932
7194,3.5929
7195,3.5926
7196,3.5923
7197,3.592
7198,3.5917
7199,3.5913
7200,3.5909
7201,3.5905
7202,3.5902
7203,3.5899
7204,3.5896
7205,3.5891
7206,3.5888
7207,3.5885
7208,3.5882
7209,3.5877
7210,3.5874
7211,3.5871
7212,3.5867
7213,3.5863
7214,3.5859
7215,3.5855
7216,3.5851
7217,3.5848
7218,3.5843
7219,3.584
7220,3.5837
7221,3.5832
7222,3.5829
7223,3.5824
7224,3.5821
7225,3.5816
7226,3.5813
7227,3.5809
7228,3.5805
7229,3.5801
7230,3.5796
7231,3.5793
7232,3.5788
7233,3.5785
7234,3.578
7235,3.5777
7236,3.5772
7237,3.5767
7238,3.5764
7239,3.5759
7240,3.5755
7241,3.575
7242,3.5747
7243,3.5742
7244,3.5737
7245,3.5734
7246,3.5729
7247,3.5724
7248,3.572
7249,3.5715
7250,3.571
7251,3.5707
7252,3.5702
7253,3.5697
7254,3.5693
7255,3.5688
7256,3.5683
7257,3.5678
7258,3.5674
7259,3.5669
7260,3.5664
7261,3.5659
7262,3.5654
7263,3.565
7264,3.5645
7265,3.564
7266,3.5635
7267,3.5631
7268,3.5624
7269,3.562
7270,3.5615
7271,3.561
7272,3.5605
7273,3.56
7274,3.5594
7275,3.5589
7276,3.5585
7277,3.558
7278,3.5573
7279,3.5569
7280,3.5564
7281,3.5559
7282,3.5553
7283,3.5548
7284,3.5543
7285,3.5537
7286,3.5532
7287,3.5526
7288,3.5521
7289,3.5515
7290,3.551
7291,3.5505
7292,3.5499
7293,3.5492
7294,3.5488
7295,3.5483
7296,3.5477
7297,3.547
7298,3.5465
7299,3.5459
7300,3.5454
7301,3.5448
7302,3.5443
7303,3.5437
7304,3.5432
7305,3.5426
7306,3.5419
7307,3.5415
7308,3.5408
7309,3.5402
7310,3.5397
7311,3.5391
7312,3.5384
7313,3.538
7314,3.5373
7315,3.5367
7316,3.5362
7317,3.5356
7318,3.5349
7319,3.5343
7320,3.5338
7321,3.5332
7322,3.5326
7323,3.5319
7324,3.5313
7325,3.5308
7326,3.5302
7327,3.5295
7328,3.5289
7329,3.5283
7330,3.5278
7331,3.5272
7332,3.5265
7333,3.5259
7334,3.5253
7335,3.5246
7336,3.524
7337,3.5235
7338,3.5229
7339,3.5222
7340,3.5216
7341,3.521
7342,3.5203
7343,3.5197
7344,3.5191
7345,3.5184
7346,3.5178
7347,3.5172
7348,3.5165
7349,3.5159
7350,3.5152
7351,3.5146
7352,3.514
7353,3.5133
7354,3.5125
7355,3.5119
7356,3.5113
7357,3.5106
7358,3.51
7359,3.5092
7360,3.5086
7361,3.5079
7362,3.5071
7363,3.5065
7364,3.5059
7365,3.5051
7366,3.5044
7367,3.5037
7368,3.503
7369,3.5022
7370,3.5016
7371,3.5008
7372,3.5002
7373,3.4994
7374,3.4986
7375,3.4979
7376,3.4971
7377,3.4963
7378,3.4955
7379,3.4948
7380,3.4941
7381,3.4932
7382,3.4924
7383,3.4916
7384,3.4908
7385,3.49
7386,3.4892
7387,3.4884
7388,3.4874
7389,3.4867
7390,3.4859
7391,3.4849
7392,3.4841
7393,3.4832
7394,3.4822
7395,3.4814
7396,3.4805
7397,3.4795
7398,3.4786
7399,3.4778
7400,3.4766
7401,3.4757
7402,3.4749
7403,3.4738
7404,3.4728
7405,3.4719
7406,3.4708
7407,3.4698
7408,3.4687
7409,3.4677
7410,3.4666
7411,3.4655
7412,3.4644
7413,3.4633
7414,3.4622
7415,3.4611
7416,3.46
7417,3.4589
7418,3.4577
7419,3.4565
7420,3.4554
7421,3.4541
7422,3.453
7423,3.4517
7424,3.4504
7425,3.4492
7426,3.4479
7427,3.4466
7428,3.4454
7429,3.4439
7430,3.4427
7431,3.4414
7432,3.4399
7433,3.4387
7434,3.4372
7435,3.4358
7436,3.4344
7437,3.433
7438,3.4315
7439,3.4299
7440,3.4285
7441,3.4271
7442,3.4255
7443,3.4241
7444,3.4225
7445,3.4209
7446,3.4193
7447,3.4177
7448,3.4161
7449,3.4145
7450,3.4128
7451,3.4112
7452,3.4094
7453,3.4077
7454,3.4061
7455,3.4044
7456,3.4026
7457,3.4009
7458,3.399
7459,3.3972
7460,3.3955
7461,3.3936
7462,3.3917
7463,3.3899
7464,3.388
7465,3.3861
7466,3.384
7467,3.3821
7468,3.3802
7469,3.3782
7470,3.3762
7471,3.3742
7472,3.3721
7473,3.3701
7474,3.368
7475,3.3659
7476,3.3639
7477,3.3616
7478,3.3594
7479,3.3573
7480,3.3551
7481,3.3529
7482,3.3507
7483,3.3484
7484,3.3461
7485,3.3438
7486,3.3415
7487,3.3391
7488,3.3367
7489,3.3343
7490,3.3319
7491,3.3296
7492,3.3271
7493,3.3247
7494,3.3221
7495,3.3196
7496,3.317
7497,3.3145
7498,3.3118
7499,3.3093
7500,3.3066
7501,3.3038
7502,3.3011
7503,3.2984
7504,3.2957
7505,3.2929
7506,3.29
7507,3.2873
7508,3.2845
7509,3.2816
7510,3.2786
7511,3.2757
7512,3.2727
7513,3.2697
7514,3.2667
7515,3.2636
7516,3.2606
7517,3.2574
7518,3.2543
7519,3.2511
7520,3.2479
7521,3.2446
7522,3.2414
7523,3.2381
7524,3.2347
7525,3.2314
7526,3.2279
7527,3.2244
7528,3.2211
7529,3.2174
7530,3.2139
7531,3.2104
7532,3.2068
7533,3.2031
7534,3.1994
7535,3.1956
7536,3.1918
7537,3.188
7538,3.1842
7539,3.1804
7540,3.1764
7541,3.1724
7542,3.1685
7543,3.1643
7544,3.1603
7545,3.1561
7546,3.1519
7547,3.1476
7548,3.1435
7549,3.1391
7550,3.1348
7551,3.1303
7552,3.1259
7553,3.1214
7554,3.1168
7555,3.1122
7556,3.1076
7557,3.1028
7558,3.0981
7559,3.0933
7560,3.0885
7561,3.0836
7562,3.0785
7563,3.0736
7564,3.0685
7565,3.0634
7566,3.0582
7567,3.0529
7568,3.0475
7569,3.0423
7570,3.0369
7571,3.0313
7572,3.0257
7573,3.0202
7574,3.0145
7575,3.0087
7576,3.0029
7577,2.997
7578,2.9909
7579,2.9849
7580,2.9789
7581,2.9727
7582,2.9665
7583,2.9601
7584,2.9536
7585,2.9472
7586,2.9406
7587,2.9339
7588,2.9272
7589,2.9204
7590,2.9134
7591,2.9064
7592,2.8994
7593,2.8921
7594,2.8848
7595,2.8775
7596,2.87
7597,2.8624
7598,2.8546
7599,2.8468
7600,2.839
7601,2.8309
7602,2.8228
7603,2.8145
7604,2.8061
7605,2.7977
7606,2.7891
7607,2.7804
7608,2.7715
7609,2.7626
7610,2.7535
7611,2.7443
7612,2.7349
7613,2.7254
7614,2.7159
7615,2.7062
7616,2.6963
7617,2.6865
7618,2.6763
7619,2.6661
7620,2.6558
7621,2.6455
7622,2.635
7623,2.6243
7624,2.6133
7625,2.6025
7626,2.5916
7627,2.5805
7628,2.5692
7629,2.5577
7630,2.5463
7631,2.5347
7632,2.5229
7633,2.511
7634,2.5
7635,2.5196
7636,2.6202
7637,2.7241
7638,2.8255
7639,2.8967
7640,2.9967
7641,3.0795
7642,3.1802
7643,3.1905
7644,3.2684
7645,3.3264
7646,3.3691
7647,3.4001
7648,3.4222
7649,3.4374
7650,3.4477
7651,3.4552
7652,3.4606
7653,3.4647
7654,3.4681
7655,3.4708
7656,3.4732
7657,3.4751
7658,3.477
7659,3.4784
7660,3.4798
7661,3.4811
7662,3.4822
7663,3.4833
7664,3.4843
7665,3.4852
7666,3.4862
7667,3.487
7668,3.4876
7669,3.4884
7670,3.489
7671,3.4897
7672,3.4903
7673,3.4909
7674,3.4914
7675,3.4921
7676,3.4925
7677,3.493
7678,3.4935
7679,3.4938
7680,3.4943
7681,3.4948
7682,3.4951
7683,3.4955
7684,3.4959
7685,3.4963
7686,3.4967
7687,3.497
7688,3.4973
7689,3.4976
7690,3.4979
7691,3.4982
7692,3.4986
7693,3.4989
7694,3.4992
7695,3.4994
7696,3.4997
7697,3.5
7698,3.5003
7699,3.5005
7700,3.5008
7701,3.501
7702,3.5013
7703,3.5014
7704,3.5017
7705,3.5019
7706,3.5022
7707,3.5024
7708,3.5025
7709,3.5029
7710,3.503
7711,3.5032
7712,3.5033
7713,3.5037
7714,3.5038
7715,3.504
7716,3.5041
7717,3.5043
7718,3.5046
7719,3.5048
7720,3.5049
7721,3.5051
7722,3.5052
7723,3.5054
7724,3.5056
7725,3.5057
7726,3.5059
7727,3.506
7728,3.5062
7729,3.5064
7730,3.5065
7731,3.5067
7732,3.5068
7733,3.507
7734,3.5071
7735,3.5073
7736,3.5073
7737,3.5075
7738,3.5076
7739,3.5078
7740,3.5079
7741,3.5081
7742,3.5083
7743,3.5083
7744,3.5084
7745,3.5086
7746,3.5087
7747,3.5087
7748,3.5089
7749,3.5091
7750,3.5092
7751,3.5092
7752,3.5094
7753,3.5095
7754,3.5097
7755,3.5097
7756,3.5098
7757,3.51
7758,3.51
7759,3.5102
7760,3.5103
7761,3.5103
7762,3.5105
7763,3.5106
7764,3.5106
7765,3.5108
7766,3.511
7767,3.511
7768,3.5111
7769,3.5111
7770,3.5113
7771,3.5113
7772,3.5114
7773,3.5116
7774,3.5116
7775,3.5118
7776,3.5118
7777,3.5119
7778,3.5119
7779,3.5121
7780,3.5121
7781,3.5122
7782,3.5124
7783,3.5124
7784,3.5125
7785,3.5125
7786,3.5127
7787,3.5127
7788,3.5129
7789,3.5129
7790,3.513
7791,3.513
7792,3.5132
7793,3.5132
7794,3.5133
7795,3.5133
7796,3.5135
7797,3.5135
7798,3.5135
7799,3.5137
7800,3.5137
7801,3.5138
7802,3.5138
7803,3.514
7804,3.514
7805,3.5141
7806,3.5141
7807,3.5143
7808,3.5143
7809,3.5143
7810,3.5145
7811,3.5145
7812,3.5146
7813,3.5146
7814,3.5146
7815,3.5148
7816,3.5148
7817,3.5149
7818,3.5149
7819,3.5149
7820,3.5151
7821,3.5228
7822,3.5652
7823,3.5687
7824,3.5708
7825,3.5724
7826,3.5736
7827,3.5747
7828,3.5755
7829,3.5763
7830,3.5771
7831,3.5778
7832,3.5784
7833,3.579
7834,3.5797
7835,3.5802
7836,3.5806
7837,3.5811
7838,3.5816
7839,3.5821
7840,3.5825
7841,3.583
7842,3.5833
7843,3.5838
7844,3.5843
7845,3.5846
7846,3.5851
7847,3.5854
7848,3.5857
7849,3.5862
7850,3.5865
7851,3.5868
7852,3.5871
7853,3.5875
7854,3.5879
7855,3.5883
7856,3.5886
7857,3.5889
7858,3.5892
7859,3.5895
7860,3.5898
7861,3.5902
7862,3.5905
7863,3.5908
7864,3.5911
7865,3.5913
7866,3.5916
7867,3.5919
7868,3.5922
7869,3.5925
7870,3.5929
7871,3.593
7872,3.5933
7873,3.5937
7874,3.5938
7875,3.5941
7876,3.5945
7877,3.5948
7878,3.5949
7879,3.5952
7880,3.5954
7881,3.5957
7882,3.596
7883,3.5962
7884,3.5965
7885,3.5967
7886,3.597
7887,3.5973
7888,3.5975
7889,3.5978
7890,3.598
7891,3.5983
7892,3.5984
7893,3.5987
7894,3.5989
7895,3.5992
7896,3.5994
7897,3.5995
7898,3.5999
7899,3.6
7900,3.6003
7901,3.6005
7902,3.6007
7903,3.601
7904,3.6011
7905,3.6014
7906,3.6016
7907,3.6018
7908,3.6021
7909,3.6022
7910,3.6024
7911,3.6026
7912,3.6029
7913,3.603
7914,3.6032
7915,3.6035
7916,3.6037
7917,3.6038
7918,3.604
7919,3.6043
7920,3.6045
7921,3.6046
7922,3.6048
7923,3.6051
7924,3.6053
7925,3.6054
7926,3.6056
7927,3.6057
7928,3.6061
7929,3.6062
7930,3.6064
7931,3.6065
7932,3.6067
7933,3.6068
7934,3.6072
7935,3.6073
7936,3.6075
7937,3.6076
7938,3.6078
7939,3.608
7940,3.6081
7941,3.6083
7942,3.6084
7943,3.6088
7944,3.6089
7945,3.6091
7946,3.6092
7947,3.6094
7948,3.6096
7949,3.6097
7950,3.6099
7951,3.61
7952,3.6102
7953,3.6103
7954,3.6105
7955,3.6107
7956,3.6108
7957,3.6111
7958,3.6113
7959,3.6115
7960,3.6116
7961,3.6118
7962,3.6118
7963,3.6121
7964,3.6121
7965,3.6124
7966,3.6126
7967,3.6127
7968,3.6129
7969,3.613
7970,3.6132
7971,3.6134
7972,3.6135
7973,3.6137
7974,3.6138
7975,3.6138
7976,3.614
7977,3.6142
7978,3.6143
7979,3.6145
7980,3.6146
7981,3.6148
7982,3.615
7983,3.6151
7984,3.6153
7985,3.6154
7986,3.6156
7987,3.6157
7988,3.6159
7989,3.6161
7990,3.6162
7991,3.6164
7992,3.6165
7993,3.6167
7994,3.6169
7995,3.6169
7996,3.617
7997,3.6172
7998,3.6173
7999,3.6175
8000,3.6177
8001,3.6178
8002,3.618
8003,3.6181
8004,3.6183
8005,3.6184
8006,3.6184
8007,3.6188
8008,3.6188
8009,3.6189
8010,3.6191
8011,3.6192
8012,3.6194
8013,3.6196
8014,3.6197
8015,3.6199
8016,3.62
8017,3.62
8018,3.6202
8019,3.6204
8020,3.6205
8021,3.6207
8022,3.6208
8023,3.621
8024,3.621
8025,3.6212
8026,3.6213
8027,3.6215
8028,3.6216
8029,3.6218
8030,3.6219
8031,3.6221
8032,3.6221
8033,3.6223
8034,3.6224
8035,3.6226
8036,3.6227
8037,3.6229
8038,3.6231
8039,3.6232
8040,3.6232
8041,3.6234
8042,3.6235
8043,3.6237
8044,3.6239
8045,3.624
8046,3.6242
8047,3.6243
8048,3.6243
8049,3.6245
8050,3.6246
8051,3.6248
8052,3.625
8053,3.6251
8054,3.6251
8055,3.6253
8056,3.6254
8057,3.6256
8058,3.6258
8059,3.6259
8060,3.6259
8061,3.6261
8062,3.6262
8063,3.6264
8064,3.6266
8065,3.6267
8066,3.6269
8067,3.6269
8068,3.627
8069,3.6272
8070,3.6273
8071,3.6275
8072,3.6277
8073,3.6277
8074,3.6278
8075,3.628
8076,3.6281
8077,3.6283
8078,3.6285
8079,3.6285
8080,3.6286
8081,3.6288
8082,3.6289
8083,3.6291
8084,3.6293
8085,3.6293
8086,3.6294
8087,3.6296
8088,3.6297
8089,3.6299
8090,3.6299
8091,3.6301
8092,3.6302
8093,3.6304
8094,3.6305
8095,3.6307
8096,3.6308
8097,3.6308
8098,3.631
8099,3.6312
8100,3.6313
8101,3.6315
8102,3.6315
8103,3.6316
8104,3.6318
8105,3.632
8106,3.6321
8107,3.6321
8108,3.6323
8109,3.6324
8110,3.6326
8111,3.6328
8112,3.6329
8113,3.6329
8114,3.6331
8115,3.6332
8116,3.6334
8117,3.6335
8118,3.6335
8119,3.6337
8120,3.6339
8121,3.634
8122,3.6342
8123,3.6342
8124,3.6343
8125,3.6345
8126,3.6347
8127,3.6348
8128,3.635
8129,3.635
8130,3.6351
8131,3.6353
8132,3.6355
8133,3.6355
8134,3.6356
8135,3.6358
8136,3.6359
8137,3.6361
8138,3.6361
8139,3.6362
8140,3.6364
8141,3.6366
8142,3.6367
8143,3.6369
8144,3.6369
8145,3.637
8146,3.6372
8147,3.6374
8148,3.6375
8149,3.6375
8150,3.6377
8151,3.6378
8152,3.638
8153,3.6382
8154,3.6382
8155,3.6383
8156,3.6385
8157,3.6386
8158,3.6388
8159,3.6388
8160,3.6389
8161,3.6391
8162,3.6393
8163,3.6393
8164,3.6394
8165,3.6396
8166,3.6397
8167,3.6399
8168,3.6399
8169,3.6401
8170,3.6402
8171,3.6404
8172,3.6405
8173,3.6405
8174,3.6407
8175,3.6409
8176,3.641
8177,3.641
8178,3.6412
8179,3.6413
8180,3.6415
8181,3.6417
8182,3.6417
8183,3.6418
8184,3.642
8185,3.6421
8186,3.6421
8187,3.6423
8188,3.6424
8189,3.6426
8190,3.6428
8191,3.6428
8192,3.6429
8193,3.6431
8194,3.6432
8195,3.6432
8196,3.6434
8197,3.6436
8198,3.6437
8199,3.6437
8200,3.6439
8201,3.644
8202,3.6442
8203,3.6444
8204,3.6444
8205,3.6445
8206,3.6447
8207,3.6448
8208,3.645
8209,3.645
8210,3.6451
8211,3.6453
8212,3.6455
8213,3.6455
8214,3.6456
8215,3.6458
8216,3.6458
8217,3.6459
8218,3.6461
8219,3.6463
8220,3.6463
8221,3.6464
8222,3.6466
8223,3.6467
8224,3.6467
8225,3.6469
8226,3.6471
8227,3.6472
8228,3.6474
8229,3.6474
8230,3.6475
8231,3.6477
8232,3.6478
8233,3.6478
8234,3.648
8235,3.6482
8236,3.6483
8237,3.6483
8238,3.6485
8239,3.6486
8240,3.6488
8241,3.6488
8242,3.649
8243,3.6491
8244,3.6493
8245,3.6493
8246,3.6494
8247,3.6496
8248,3.6498
8249,3.6498
8250,3.6499
8251,3.6501
8252,3.6502
8253,3.6502
8254,3.6504
8255,3.6505
8256,3.6507
8257,3.6507
8258,3.6509
8259,3.651
8260,3.6512
8261,3.6513
8262,3.6513
8263,3.6515
8264,3.6517
8265,3.6517
8266,3.6518
8267,3.652
8268,3.6521
8269,3.6521
8270,3.6523
8271,3.6525
8272,3.6526
8273,3.6526
8274,3.6528
8275,3.6529
8276,3.6531
8277,3.6531
8278,3.6533
8279,3.6534
8280,3.6536
8281,3.6536
8282,3.6537
8283,3.6539
8284,3.654
8285,3.654
8286,3.6542
8287,3.6544
8288,3.6545
8289,3.6545
8290,3.6547
8291,3.6548
8292,3.6548
8293,3.655
8294,3.6552
8295,3.6553
8296,3.6555
8297,3.6555
8298,3.6556
8299,3.6558
8300,3.6558
8301,3.656
8302,3.6561
8303,3.6563
8304,3.6563
8305,3.6564
8306,3.6566
8307,3.6567
8308,3.6567
8309,3.6569
8310,3.6571
8311,3.6572
8312,3.6572
8313,3.6574
8314,3.6575
8315,3.6577
8316,3.6577
8317,3.6579
8318,3.658
8319,3.658
8320,3.6582
8321,3.6583
8322,3.6585
8323,3.6585
8324,3.6587
8325,3.6588
8326,3.6588
8327,3.659
8328,3.6591
8329,3.6593
8330,3.6593
8331,3.6594
8332,3.6596
8333,3.6598
8334,3.6598
8335,3.6599
8336,3.6601
8337,3.6602
8338,3.6602
8339,3.6604
8340,3.6606
8341,3.6606
8342,3.6607
8343,3.6609
8344,3.661
8345,3.661
8346,3.6612
8347,3.6614
8348,3.6615
8349,3.6615
8350,3.6617
8351,3.6618
8352,3.6618
8353,3.662
8354,3.6622
8355,3.6623
8356,3.6623
8357,3.6625
8358,3.6626
8359,3.6626
8360,3.6628
8361,3.6629
8362,3.6631
8363,3.6633
8364,3.6633
8365,3.6634
8366,3.6636
8367,3.6636
8368,3.6637
8369,3.6639
8370,3.6639
8371,3.6641
8372,3.6642
8373,3.6644
8374,3.6644
8375,3.6645
8376,3.6647
8377,3.6649
8378,3.6649
8379,3.665
8380,3.6652
8381,3.6653
8382,3.6653
8383,3.6655
8384,3.6656
8385,3.6656
8386,3.6658
8387,3.666
8388,3.666
8389,3.6661
8390,3.6663
8391,3.6664
8392,3.6664
8393,3.6666
8394,3.6668
8395,3.6669
8396,3.6669
8397,3.6671
8398,3.6672
8399,3.6672
8400,3.6674
8401,3.6676
8402,3.6677
8403,3.6677
8404,3.6679
8405,3.668
8406,3.6682
8407,3.6682
8408,3.6683
8409,3.6685
8410,3.6685
8411,3.6687
8412,3.6688
8413,3.6688
8414,3.669
8415,3.6691
8416,3.6693
8417,3.6693
8418,3.6695
8419,3.6696
8420,3.6698
8421,3.6698
8422,3.6699
8423,3.6701
8424,3.6701
8425,3.6703
8426,3.6704
8427,3.6706
8428,3.6706
8429,3.6707
8430,3.6709
8431,3.6709
8432,3.671
8433,3.6712
8434,3.6714
8435,3.6714
8436,3.6715
8437,3.6717
8438,3.6718
8439,3.6718
8440,3.672
8441,3.6722
8442,3.6722
8443,3.6723
8444,3.6725
8445,3.6726
8446,3.6726
8447,3.6728
8448,3.673
8449,3.673
8450,3.6731
8451,3.6733
8452,3.6734
8453,3.6734
8454,3.6736
8455,3.6738
8456,3.6738
8457,3.6739
8458,3.6741
8459,3.6742
8460,3.6742
8461,3.6744
8462,3.6745
8463,3.6747
8464,3.6747
8465,3.6749
8466,3.675
8467,3.675
8468,3.6752
8469,3.6753
8470,3.6755
8471,3.6755
8472,3.6757
8473,3.6758
8474,3.676
8475,3.676
8476,3.6761
8477,3.6763
8478,3.6763
8479,3.6765
8480,3.6766
8481,3.6768
8482,3.6768
8483,3.6769
8484,3.6771
8485,3.6772
8486,3.6772
8487,3.6774
8488,3.6776
8489,3.6776
8490,3.6777
8491,3.6779
8492,3.678
8493,3.678
8494,3.6782
8495,3.6784
8496,3.6785
8497,3.6785
8498,3.6787
8499,3.6788
8500,3.679
8501,3.679
8502,3.6792
8503,3.6793
8504,3.6795
8505,3.6795
8506,3.6796
8507,3.6798
8508,3.6798
8509,3.6799
8510,3.6801
8511,3.6801
8512,3.6803
8513,3.6804
8514,3.6806
8515,3.6807
8516,3.6807
8517,3.6809
8518,3.6811
8519,3.6811
8520,3.6812
8521,3.6814
8522,3.6815
8523,3.6817
8524,3.6817
8525,3.6819
8526,3.682
8527,3.682
8528,3.6822
8529,3.6823
8530,3.6825
8531,3.6826
8532,3.6826
8533,3.6828
8534,3.683
8535,3.6831
8536,3.6831
8537,3.6833
8538,3.6834
8539,3.6836
8540,3.6836
8541,3.6838
8542,3.6839
8543,3.6841
8544,3.6841
8545,3.6842
8546,3.6844
8547,3.6844
8548,3.6846
8549,3.6847
8550,3.6849
8551,3.685
8552,3.685
8553,3.6852
8554,3.6854
8555,3.6855
8556,3.6855
8557,3.6857
8558,3.6858
8559,3.686
8560,3.686
8561,3.6861
8562,3.6863
8563,3.6865
8564,3.6865
8565,3.6866
8566,3.6868
8567,3.6869
8568,3.6871
8569,3.6871
8570,3.6873
8571,3.6874
8572,3.6876
8573,3.6876
8574,3.6877
8575,3.6879
8576,3.6881
8577,3.6882
8578,3.6882
8579,3.6884
8580,3.6885
8581,3.6887
8582,3.6887
8583,3.6888
8584,3.689
8585,3.6892
8586,3.6893
8587,3.6893
8588,3.6895
8589,3.6896
8590,3.6898
8591,3.6898
8592,3.69
8593,3.6901
8594,3.6903
8595,3.6903
8596,3.6904
8597,3.6906
8598,3.6908
8599,3.6909
8600,3.6911
8601,3.6911
8602,3.6912
8603,3.6914
8604,3.6915
8605,3.6917
8606,3.6917
8607,3.6919
8608,3.692
8609,3.6922
8610,3.6923
8611,3.6923
8612,3.6925
8613,3.6927
8614,3.6928
8615,3.693
8616,3.6931
8617,3.6931
8618,3.6933
8619,3.6935
8620,3.6936
8621,3.6938
8622,3.6938
8623,3.6939
8624,3.6941
8625,3.6943
8626,3.6944
8627,3.6946
8628,3.6946
8629,3.6947
8630,3.6949
8631,3.695
8632,3.6952
8633,3.6954
8634,3.6954
8635,3.6955
8636,3.6957
8637,3.6958
8638,3.696
8639,3.6962
8640,3.6962
8641,3.6963
8642,3.6965
8643,3.6966
8644,3.6968
8645,3.697
8646,3.697
8647,3.6971
8648,3.6973
8649,3.6974
8650,3.6976
8651,3.6977
8652,3.6977
8653,3.6979
8654,3.6981
8655,3.6982
8656,3.6984
8657,3.6985
8658,3.6987
8659,3.6987
8660,3.6989
8661,3.699
8662,3.6992
8663,3.6993
8664,3.6995
8665,3.6997
8666,3.6998
8667,3.6998
8668,3.7
8669,3.7001
8670,3.7003
8671,3.7004
8672,3.7006
8673,3.7008
8674,3.7009
8675,3.7009
8676,3.7011
8677,3.7012
8678,3.7014
8679,3.7016
8680,3.7017
8681,3.7019
8682,3.702
8683,3.7022
8684,3.7022
8685,3.7024
8686,3.7025
8687,3.7027
8688,3.7028
8689,3.703
8690,3.7031
8691,3.7033
8692,3.7033
8693,3.7035
8694,3.7036
8695,3.7038
8696,3.7039
8697,3.7041
8698,3.7043
8699,3.7044
8700,3.7046
8701,3.7047
8702,3.7049
8703,3.7049
8704,3.7051
8705,3.7052
8706,3.7054
8707,3.7055
8708,3.7057
8709,3.7059
8710,3.706
8711,3.7062
8712,3.7063
8713,3.7065
8714,3.7065
8715,3.7066
8716,3.7068
8717,3.707
8718,3.7071
8719,3.7073
8720,3.7074
8721,3.7076
8722,3.7078
8723,3.7079
8724,3.7081
8725,3.7082
8726,3.7084
8727,3.7084
8728,3.7086
8729,3.7087
8730,3.7089
8731,3.709
8732,3.7092
8733,3.7093
8734,3.7095
8735,3.7097
8736,3.7098
8737,3.71
8738,3.71
8739,3.71
8740,3.71
8741,3.71
8742,3.71
8743,3.71
8744,3.71
8745,3.7101
8746,3.71
8747,3.71
8748,3.71
8749,3.71
8750,3.71
8751,3.71
8752,3.71
8753,3.71
8754,3.71
8755,3.71
8756,3.71
8757,3.71
8758,3.71
8759,3.71
8760,3.71
8761,3.71
8762,3.71
8763,3.71
8764,3.71
8765,3.71
8766,3.71
8767,3.71
8768,3.71
8769,3.71
8770,3.71
8771,3.71
8772,3.71
8773,3.71
8774,3.71
8775,3.71
8776,3.71
8777,3.71
8778,3.7078
8779,3.707
8780,3.7067
8781,3.7064
8782,3.7062
8783,3.706
8784,3.706
8785,3.7059
8786,3.7057
8787,3.7057
8788,3.7056
8789,3.7056
8790,3.7054
8791,3.7054
8792,3.7052
8793,3.7051
8794,3.7051
8795,3.7051
8796,3.7049
8797,3.7049
8798,3.7049
8799,3.7048
8800,3.7048
8801,3.7048
8802,3.7048
8803,3.7046
8804,3.7046
8805,3.7046
8806,3.7046
8807,3.7046
8808,3.7044
8809,3.7044
8810,3.7044
8811,3.7044
8812,3.7044
8813,3.7044
8814,3.7043
8815,3.7043
8816,3.7043
8817,3.7043
8818,3.7043
8819,3.7043
8820,3.7043
8821,3.7041
8822,3.7041
8823,3.7041
8824,3.7041
8825,3.7041
8826,3.7041
8827,3.7041
8828,3.7041
8829,3.7041
8830,3.7041
8831,3.7041
8832,3.704
8833,3.704
8834,3.704
8835,3.704
8836,3.704
8837,3.704
8838,3.704
8839,3.704
8840,3.704
8841,3.704
8842,3.704
8843,3.704
8844,3.704
8845,3.704
8846,3.704
8847,3.704
8848,3.704
8849,3.7038
8850,3.7038
8851,3.7038
8852,3.7038
8853,3.7038
8854,3.7038
8855,3.7038
8856,3.7038
8857,3.7038
8858,3.7038
8859,3.7038
8860,3.7038
8861,3.7038
8862,3.7038
8863,3.7038
8864,3.7038
8865,3.7038
8866,3.7038
8867,3.7038
8868,3.7038
8869,3.7038
8870,3.7038
8871,3.7038
8872,3.7038
8873,3.7038
8874,3.7038
8875,3.7038
8876,3.7038
8877,3.7038
8878,3.7037
8879,3.7037
8880,3.7038
8881,3.7037
8882,3.7037
8883,3.7037
8884,3.7037
8885,3.7037
8886,3.7037
8887,3.7037
8888,3.7037
8889,3.7037
8890,3.7037
8891,3.7037
8892,3.7037
8893,3.7037
8894,3.7037
8895,3.7037
8896,3.7037
8897,3.7037
8898,3.7037
8899,3.7037
8900,3.7037
8901,3.7037
8902,3.7037
8903,3.7037
8904,3.7037
8905,3.7037
8906,3.7037
8907,3.7037
8908,3.7037
8909,3.7037
8910,3.7037
8911,3.7037
8912,3.7037
8913,3.7037
8914,3.7037
8915,3.7037
8916,3.7037
8917,3.7037
8918,3.7037
8919,3.7037
8920,3.7037
8921,3.7035
8922,3.7035
8923,3.7035
8924,3.7035
8925,3.7035
8926,3.7035
8927,3.7035
8928,3.7035
8929,3.7035
8930,3.7035
8931,3.7035
8932,3.7035
8933,3.7035
8934,3.7035
8935,3.7035
8936,3.7035
8937,3.7035
8938,3.7035
8939,3.7035
8940,3.7035
8941,3.7035
8942,3.7035
8943,3.7035
8944,3.7035
8945,3.7035
8946,3.7035
8947,3.7035
8948,3.7035
8949,3.7035
8950,3.7035
8951,3.7035
8952,3.7035
8953,3.7035
8954,3.7035
8955,3.7035
8956,3.7035
8957,3.7035
8958,3.7035
