,voltage
0,3.4108
1,3.4108
2,3.4108
3,3.4108
4,3.4108
5,3.4108
6,3.4108
7,3.4108
8,3.4108
9,3.4108
10,3.4108
11,3.4108
12,3.4108
13,3.4108
14,3.4108
15,3.4108
16,3.4108
17,3.4108
18,3.4108
19,3.4108
20,3.4108
21,3.4108
22,3.4108
23,3.4108
24,3.4108
25,3.4108
26,3.4108
27,3.4108
28,3.4108
29,3.4108
30,3.4108
31,3.4108
32,3.4108
33,3.4108
34,3.4108
35,3.4108
36,3.4108
37,3.4108
38,3.4108
39,3.4108
40,3.4108
41,3.4108
42,3.4108
43,3.4108
44,3.4108
45,3.4108
46,3.4108
47,3.4108
48,3.4108
49,3.4108
50,3.4108
51,3.4108
52,3.4108
53,3.4108
54,3.4108
55,3.4108
56,3.4108
57,3.4108
58,3.4108
59,3.4108
60,3.4108
61,3.492
62,3.5964
63,3.6428
64,3.642
65,3.6406
66,3.639
67,3.6378
68,3.6367
69,3.6358
70,3.635
71,3.6344
72,3.6339
73,3.6334
74,3.6331
75,3.6328
76,3.6324
77,3.6323
78,3.632
79,3.6318
80,3.6318
81,3.6317
82,3.6315
83,3.6315
84,3.6313
85,3.6313
86,3.6313
87,3.6313
88,3.6313
89,3.6313
90,3.6313
91,3.6313
92,3.6313
93,3.6313
94,3.6315
95,3.6315
96,3.6315
97,3.6317
98,3.6317
99,3.6318
100,3.6318
101,3.632
102,3.632
103,3.6321
104,3.6323
105,3.6323
106,3.6324
107,3.6324
108,3.6326
109,3.6328
110,3.6329
111,3.6329
112,3.6331
113,3.6332
114,3.6334
115,3.6334
116,3.6336
117,3.6337
118,3.6339
119,3.634
120,3.6342
121,3.6342
122,3.6344
123,3.6345
124,3.6347
125,3.6348
126,3.635
127,3.6351
128,3.6353
129,3.6355
130,3.6356
131,3.6358
132,3.6358
133,3.6359
134,3.6361
135,3.6363
136,3.6364
137,3.6366
138,3.6367
139,3.6369
140,3.6371
141,3.6372
142,3.6374
143,3.6375
144,3.6377
145,3.6378
146,3.6378
147,3.638
148,3.6382
149,3.6383
150,3.6385
151,3.6386
152,3.6388
153,3.639
154,3.6391
155,3.6393
156,3.6394
157,3.6396
158,3.6396
159,3.6398
160,3.6399
161,3.6401
162,3.6402
163,3.6404
164,3.6406
165,3.6407
166,3.6407
167,3.6409
168,3.641
169,3.6412
170,3.6413
171,3.6415
172,3.6415
173,3.6417
174,3.6418
175,3.642
176,3.6421
177,3.6423
178,3.6425
179,3.6425
180,3.6426
181,3.6428
182,3.6429
183,3.6431
184,3.6431
185,3.6433
186,3.6434
187,3.6436
188,3.6436
189,3.6437
190,3.6439
191,3.644
192,3.644
193,3.6442
194,3.6444
195,3.6445
196,3.6445
197,3.6447
198,3.6448
199,3.645
200,3.645
201,3.6452
202,3.6453
203,3.6455
204,3.6455
205,3.6456
206,3.6458
207,3.6458
208,3.646
209,3.6461
210,3.6461
211,3.6463
212,3.6464
213,3.6464
214,3.6466
215,3.6467
216,3.6469
217,3.6469
218,3.6471
219,3.6471
220,3.6472
221,3.6474
222,3.6474
223,3.6475
224,3.6477
225,3.6477
226,3.6479
227,3.6479
228,3.648
229,3.6482
230,3.6482
231,3.6483
232,3.6485
233,3.6485
234,3.6487
235,3.6487
236,3.6488
237,3.649
238,3.649
239,3.6491
240,3.6491
241,3.6493
242,3.6494
243,3.6494
244,3.6496
245,3.6496
246,3.6498
247,3.6499
248,3.6499
249,3.6501
250,3.6501
251,3.6502
252,3.6502
253,3.6504
254,3.6504
255,3.6506
256,3.6507
257,3.6507
258,3.6509
259,3.6509
260,3.651
261,3.651
262,3.6512
263,3.6512
264,3.6514
265,3.6514
266,3.6515
267,3.6517
268,3.6517
269,3.6518
270,3.6518
271,3.652
272,3.652
273,3.6521
274,3.6521
275,3.6523
276,3.6523
277,3.6525
278,3.6525
279,3.6526
280,3.6526
281,3.6528
282,3.6528
283,3.6529
284,3.6529
285,3.6531
286,3.6531
287,3.6533
288,3.6533
289,3.6534
290,3.6534
291,3.6536
292,3.6536
293,3.6537
294,3.6537
295,3.6539
296,3.6539
297,3.6541
298,3.6541
299,3.6542
300,3.6542
301,3.6544
302,3.6544
303,3.6545
304,3.6545
305,3.6547
306,3.6547
307,3.6547
308,3.6548
309,3.6548
310,3.655
311,3.655
312,3.6552
313,3.6552
314,3.6553
315,3.6553
316,3.6555
317,3.6555
318,3.6556
319,3.6556
320,3.6556
321,3.6558
322,3.6558
323,3.656
324,3.656
325,3.6561
326,3.6561
327,3.6563
328,3.6563
329,3.6564
330,3.6564
331,3.6566
332,3.6566
333,3.6566
334,3.6568
335,3.6568
336,3.6569
337,3.6569
338,3.6571
339,3.6571
340,3.6572
341,3.6572
342,3.6574
343,3.6574
344,3.6574
345,3.6575
346,3.6575
347,3.6577
348,3.6577
349,3.6579
350,3.6579
351,3.658
352,3.658
353,3.658
354,3.6582
355,3.6582
356,3.6583
357,3.6583
358,3.6585
359,3.6585
360,3.6585
361,3.6587
362,3.6587
363,3.6588
364,3.6588
365,3.659
366,3.659
367,3.6591
368,3.6591
369,3.6591
370,3.6593
371,3.6593
372,3.6595
373,3.6595
374,3.6595
375,3.6596
376,3.6596
377,3.6598
378,3.6598
379,3.6599
380,3.6599
381,3.6599
382,3.6601
383,3.6601
384,3.6603
385,3.6603
386,3.6604
387,3.6604
388,3.6604
389,3.6606
390,3.6606
391,3.6607
392,3.6607
393,3.6607
394,3.6609
395,3.6609
396,3.661
397,3.661
398,3.6612
399,3.6612
400,3.6612
401,3.6614
402,3.6614
403,3.6615
404,3.6615
405,3.6615
406,3.6617
407,3.6617
408,3.6618
409,3.6618
410,3.662
411,3.662
412,3.662
413,3.6622
414,3.6622
415,3.6622
416,3.6623
417,3.6623
418,3.6625
419,3.6625
420,3.6626
421,3.6626
422,3.6626
423,3.6628
424,3.6628
425,3.663
426,3.663
427,3.6631
428,3.6631
429,3.6631
430,3.6633
431,3.6633
432,3.6633
433,3.6634
434,3.6634
435,3.6636
436,3.6636
437,3.6637
438,3.6637
439,3.6637
440,3.6639
441,3.6639
442,3.6641
443,3.6641
444,3.6641
445,3.6642
446,3.6642
447,3.6644
448,3.6644
449,3.6644
450,3.6645
451,3.6645
452,3.6647
453,3.6647
454,3.6647
455,3.6649
456,3.6649
457,3.665
458,3.665
459,3.665
460,3.6652
461,3.6652
462,3.6653
463,3.6653
464,3.6655
465,3.6655
466,3.6655
467,3.6657
468,3.6657
469,3.6657
470,3.6658
471,3.6658
472,3.666
473,3.666
474,3.6661
475,3.6661
476,3.6661
477,3.6663
478,3.6663
479,3.6663
480,3.6664
481,3.6664
482,3.6666
483,3.6666
484,3.6668
485,3.6668
486,3.6668
487,3.6669
488,3.6669
489,3.6669
490,3.6671
491,3.6671
492,3.6672
493,3.6672
494,3.6672
495,3.6674
496,3.6674
497,3.6674
498,3.6676
499,3.6676
500,3.6677
501,3.6677
502,3.6679
503,3.6679
504,3.6679
505,3.668
506,3.668
507,3.6682
508,3.6682
509,3.6682
510,3.6684
511,3.6684
512,3.6685
513,3.6685
514,3.6685
515,3.6687
516,3.6687
517,3.6688
518,3.6688
519,3.6688
520,3.669
521,3.669
522,3.6691
523,3.6691
524,3.6691
525,3.6693
526,3.6693
527,3.6695
528,3.6695
529,3.6695
530,3.6696
531,3.6696
532,3.6698
533,3.6698
534,3.6698
535,3.6699
536,3.6699
537,3.6701
538,3.6701
539,3.6701
540,3.6703
541,3.6703
542,3.6704
543,3.6704
544,3.6704
545,3.6706
546,3.6706
547,3.6707
548,3.6707
549,3.6707
550,3.6709
551,3.6709
552,3.6711
553,3.6711
554,3.6711
555,3.6712
556,3.6712
557,3.6712
558,3.6714
559,3.6714
560,3.6715
561,3.6715
562,3.6717
563,3.6717
564,3.6717
565,3.6718
566,3.6718
567,3.6718
568,3.672
569,3.672
570,3.6722
571,3.6722
572,3.6722
573,3.6723
574,3.6723
575,3.6725
576,3.6725
577,3.6725
578,3.6726
579,3.6726
580,3.6728
581,3.6728
582,3.673
583,3.673
584,3.673
585,3.6731
586,3.6731
587,3.6731
588,3.6733
589,3.6733
590,3.6734
591,3.6734
592,3.6734
593,3.6736
594,3.6736
595,3.6738
596,3.6738
597,3.6738
598,3.6739
599,3.6739
600,3.6741
601,3.6741
602,3.6741
603,3.6742
604,3.6742
605,3.6742
606,3.6744
607,3.6744
608,3.6745
609,3.6745
610,3.6747
611,3.6747
612,3.6747
613,3.6749
614,3.6749
615,3.675
616,3.675
617,3.675
618,3.6752
619,3.6752
620,3.6753
621,3.6753
622,3.6753
623,3.6755
624,3.6755
625,3.6757
626,3.6757
627,3.6757
628,3.6758
629,3.6758
630,3.676
631,3.676
632,3.676
633,3.6761
634,3.6761
635,3.6763
636,3.6763
637,3.6763
638,3.6765
639,3.6765
640,3.6766
641,3.6766
642,3.6766
643,3.6768
644,3.6768
645,3.6769
646,3.6769
647,3.6769
648,3.6771
649,3.6771
650,3.6772
651,3.6772
652,3.6774
653,3.6774
654,3.6774
655,3.6776
656,3.6776
657,3.6776
658,3.6777
659,3.6777
660,3.6779
661,3.6779
662,3.678
663,3.678
664,3.678
665,3.6782
666,3.6782
667,3.6784
668,3.6784
669,3.6784
670,3.6785
671,3.6785
672,3.6787
673,3.6787
674,3.6787
675,3.6788
676,3.6788
677,3.679
678,3.679
679,3.679
680,3.6792
681,3.6792
682,3.6793
683,3.6793
684,3.6795
685,3.6795
686,3.6795
687,3.6796
688,3.6796
689,3.6798
690,3.6798
691,3.6798
692,3.68
693,3.68
694,3.6801
695,3.6801
696,3.6801
697,3.6803
698,3.6803
699,3.6804
700,3.6804
701,3.6806
702,3.6806
703,3.6806
704,3.6807
705,3.6807
706,3.6809
707,3.6809
708,3.6809
709,3.6811
710,3.6811
711,3.6812
712,3.6812
713,3.6812
714,3.6814
715,3.6814
716,3.6815
717,3.6815
718,3.6817
719,3.6817
720,3.6817
721,3.6819
722,3.6819
723,3.682
724,3.682
725,3.682
726,3.6822
727,3.6822
728,3.6823
729,3.6823
730,3.6823
731,3.6825
732,3.6825
733,3.6827
734,3.6827
735,3.6828
736,3.6828
737,3.6828
738,3.683
739,3.683
740,3.6831
741,3.6831
742,3.6833
743,3.6833
744,3.6833
745,3.6834
746,3.6834
747,3.6836
748,3.6836
749,3.6836
750,3.6838
751,3.6838
752,3.6839
753,3.6839
754,3.6841
755,3.6841
756,3.6841
757,3.6842
758,3.6842
759,3.6844
760,3.6844
761,3.6844
762,3.6846
763,3.6846
764,3.6847
765,3.6847
766,3.6849
767,3.6849
768,3.6849
769,3.685
770,3.685
771,3.6852
772,3.6852
773,3.6852
774,3.6854
775,3.6855
776,3.6855
777,3.6855
778,3.6857
779,3.6857
780,3.6858
781,3.6858
782,3.6858
783,3.686
784,3.686
785,3.6861
786,3.6861
787,3.6863
788,3.6863
789,3.6863
790,3.6865
791,3.6865
792,3.6866
793,3.6866
794,3.6868
795,3.6868
796,3.6868
797,3.6869
798,3.6869
799,3.6871
800,3.6871
801,3.6871
802,3.6873
803,3.6873
804,3.6874
805,3.6874
806,3.6876
807,3.6876
808,3.6877
809,3.6877
810,3.6879
811,3.6879
812,3.6879
813,3.6881
814,3.6881
815,3.6882
816,3.6882
817,3.6884
818,3.6884
819,3.6884
820,3.6885
821,3.6885
822,3.6887
823,3.6887
824,3.6888
825,3.6888
826,3.689
827,3.689
828,3.689
829,3.6892
830,3.6892
831,3.6893
832,3.6893
833,3.6895
834,3.6895
835,3.6895
836,3.6896
837,3.6896
838,3.6898
839,3.6898
840,3.69
841,3.69
842,3.6901
843,3.6901
844,3.6901
845,3.6903
846,3.6903
847,3.6904
848,3.6904
849,3.6906
850,3.6906
851,3.6908
852,3.6908
853,3.6908
854,3.6909
855,3.6909
856,3.6911
857,3.6911
858,3.6912
859,3.6912
860,3.6914
861,3.6914
862,3.6914
863,3.6915
864,3.6915
865,3.6917
866,3.6917
867,3.6919
868,3.6919
869,3.692
870,3.692
871,3.692
872,3.6922
873,3.6922
874,3.6923
875,3.6923
876,3.6925
877,3.6925
878,3.6927
879,3.6927
880,3.6927
881,3.6928
882,3.6928
883,3.693
884,3.693
885,3.6931
886,3.6931
887,3.6933
888,3.6933
889,3.6935
890,3.6935
891,3.6936
892,3.6936
893,3.6936
894,3.6938
895,3.6938
896,3.6939
897,3.6939
898,3.6941
899,3.6941
900,3.6942
901,3.6942
902,3.6942
903,3.6944
904,3.6944
905,3.6946
906,3.6946
907,3.6947
908,3.6947
909,3.6949
910,3.6949
911,3.695
912,3.695
913,3.6952
914,3.6952
915,3.6952
916,3.6954
917,3.6954
918,3.6955
919,3.6955
920,3.6957
921,3.6957
922,3.6958
923,3.6958
924,3.696
925,3.696
926,3.6962
927,3.6962
928,3.6962
929,3.6963
930,3.6963
931,3.6965
932,3.6965
933,3.6966
934,3.6966
935,3.6968
936,3.6968
937,3.6969
938,3.6969
939,3.6971
940,3.6971
941,3.6971
942,3.6973
943,3.6973
944,3.6974
945,3.6974
946,3.6976
947,3.6976
948,3.6977
949,3.6977
950,3.6977
951,3.6979
952,3.6981
953,3.6981
954,3.6981
955,3.6982
956,3.6984
957,3.6984
958,3.6984
959,3.6985
960,3.6985
961,3.6987
962,3.6987
963,3.6989
964,3.6989
965,3.699
966,3.699
967,3.6992
968,3.6992
969,3.6993
970,3.6993
971,3.6995
972,3.6995
973,3.6995
974,3.6997
975,3.6997
976,3.6998
977,3.6998
978,3.7
979,3.7
980,3.7001
981,3.7001
982,3.7003
983,3.7003
984,3.7004
985,3.7004
986,3.7006
987,3.7006
988,3.7008
989,3.7008
990,3.7008
991,3.7009
992,3.7009
993,3.7011
994,3.7011
995,3.7012
996,3.7012
997,3.7014
998,3.7014
999,3.7016
1000,3.7016
1001,3.7017
1002,3.7017
1003,3.7019
1004,3.7019
1005,3.702
1006,3.702
1007,3.702
1008,3.7022
1009,3.7022
1010,3.7024
1011,3.7025
1012,3.7025
1013,3.7027
1014,3.7027
1015,3.7027
1016,3.7028
1017,3.7028
1018,3.703
1019,3.703
1020,3.7031
1021,3.7031
1022,3.7033
1023,3.7033
1024,3.7035
1025,3.7035
1026,3.7036
1027,3.7036
1028,3.7038
1029,3.7038
1030,3.7039
1031,3.7039
1032,3.7041
1033,3.7041
1034,3.7041
1035,3.7043
1036,3.7043
1037,3.7044
1038,3.7046
1039,3.7046
1040,3.7046
1041,3.7047
1042,3.7047
1043,3.7049
1044,3.7049
1045,3.7051
1046,3.7051
1047,3.7052
1048,3.7052
1049,3.7054
1050,3.7054
1051,3.7055
1052,3.7055
1053,3.7057
1054,3.7057
1055,3.7058
1056,3.7058
1057,3.706
1058,3.706
1059,3.7062
1060,3.7062
1061,3.7063
1062,3.7063
1063,3.7065
1064,3.7065
1065,3.7066
1066,3.7066
1067,3.7066
1068,3.7068
1069,3.7068
1070,3.707
1071,3.707
1072,3.7071
1073,3.7073
1074,3.7073
1075,3.7073
1076,3.7074
1077,3.7074
1078,3.7076
1079,3.7076
1080,3.7078
1081,3.7078
1082,3.7079
1083,3.7079
1084,3.7081
1085,3.7081
1086,3.7082
1087,3.7082
1088,3.7084
1089,3.7084
1090,3.7085
1091,3.7085
1092,3.7087
1093,3.7087
1094,3.7089
1095,3.7089
1096,3.709
1097,3.709
1098,3.7092
1099,3.7092
1100,3.7093
1101,3.7093
1102,3.7095
1103,3.7095
1104,3.7097
1105,3.7097
1106,3.7098
1107,3.7098
1108,3.71
1109,3.71
1110,3.7101
1111,3.7101
1112,3.7103
1113,3.7103
1114,3.7105
1115,3.7105
1116,3.7106
1117,3.7106
1118,3.7108
1119,3.7108
1120,3.7109
1121,3.7109
1122,3.7111
1123,3.7111
1124,3.7112
1125,3.7112
1126,3.7114
1127,3.7114
1128,3.7114
1129,3.7116
1130,3.7116
1131,3.7117
1132,3.7119
1133,3.7119
1134,3.7119
1135,3.712
1136,3.7122
1137,3.7122
1138,3.7124
1139,3.7124
1140,3.7125
1141,3.7125
1142,3.7127
1143,3.7127
1144,3.7128
1145,3.7128
1146,3.713
1147,3.713
1148,3.713
1149,3.7132
1150,3.7132
1151,3.7133
1152,3.7133
1153,3.7135
1154,3.7135
1155,3.7136
1156,3.7138
1157,3.7138
1158,3.7139
1159,3.7139
1160,3.7139
1161,3.7141
1162,3.7143
1163,3.7143
1164,3.7144
1165,3.7144
1166,3.7144
1167,3.7146
1168,3.7147
1169,3.7147
1170,3.7149
1171,3.7149
1172,3.7151
1173,3.7151
1174,3.7152
1175,3.7152
1176,3.7154
1177,3.7154
1178,3.7155
1179,3.7155
1180,3.7157
1181,3.7157
1182,3.7159
1183,3.7159
1184,3.716
1185,3.716
1186,3.7162
1187,3.7162
1188,3.7163
1189,3.7163
1190,3.7165
1191,3.7165
1192,3.7166
1193,3.7166
1194,3.7168
1195,3.7168
1196,3.717
1197,3.717
1198,3.7171
1199,3.7171
1200,3.7173
1201,3.7173
1202,3.7174
1203,3.7174
1204,3.7176
1205,3.7178
1206,3.7178
1207,3.7178
1208,3.7179
1209,3.7181
1210,3.7181
1211,3.7182
1212,3.7182
1213,3.7184
1214,3.7184
1215,3.7186
1216,3.7186
1217,3.7187
1218,3.7187
1219,3.7189
1220,3.7189
1221,3.719
1222,3.719
1223,3.7192
1224,3.7192
1225,3.7194
1226,3.7194
1227,3.7195
1228,3.7195
1229,3.7197
1230,3.7197
1231,3.7198
1232,3.7198
1233,3.72
1234,3.72
1235,3.7201
1236,3.7203
1237,3.7203
1238,3.7205
1239,3.7205
1240,3.7206
1241,3.7206
1242,3.7208
1243,3.7208
1244,3.7209
1245,3.7209
1246,3.7211
1247,3.7211
1248,3.7213
1249,3.7213
1250,3.7214
1251,3.7214
1252,3.7216
1253,3.7216
1254,3.7217
1255,3.7219
1256,3.7219
1257,3.7221
1258,3.7221
1259,3.7222
1260,3.7222
1261,3.7224
1262,3.7224
1263,3.7225
1264,3.7225
1265,3.7227
1266,3.7227
1267,3.7228
1268,3.7228
1269,3.723
1270,3.7232
1271,3.7232
1272,3.7233
1273,3.7233
1274,3.7235
1275,3.7235
1276,3.7236
1277,3.7236
1278,3.7238
1279,3.7238
1280,3.724
1281,3.724
1282,3.7241
1283,3.7243
1284,3.7243
1285,3.7244
1286,3.7244
1287,3.7246
1288,3.7246
1289,3.7248
1290,3.7248
1291,3.7249
1292,3.7249
1293,3.7251
1294,3.7252
1295,3.7252
1296,3.7254
1297,3.7254
1298,3.7255
1299,3.7255
1300,3.7257
1301,3.7257
1302,3.7259
1303,3.726
1304,3.726
1305,3.7262
1306,3.7262
1307,3.7263
1308,3.7263
1309,3.7265
1310,3.7265
1311,3.7267
1312,3.7268
1313,3.7268
1314,3.727
1315,3.727
1316,3.7271
1317,3.7271
1318,3.7273
1319,3.7273
1320,3.7275
1321,3.7275
1322,3.7276
1323,3.7278
1324,3.7278
1325,3.7279
1326,3.7279
1327,3.7281
1328,3.7282
1329,3.7282
1330,3.7284
1331,3.7284
1332,3.7286
1333,3.7286
1334,3.7287
1335,3.7289
1336,3.7289
1337,3.729
1338,3.729
1339,3.7292
1340,3.7292
1341,3.7294
1342,3.7295
1343,3.7295
1344,3.7297
1345,3.7297
1346,3.7298
1347,3.7298
1348,3.73
1349,3.7302
1350,3.7302
1351,3.7303
1352,3.7303
1353,3.7305
1354,3.7305
1355,3.7306
1356,3.7308
1357,3.7308
1358,3.7309
1359,3.7309
1360,3.7311
1361,3.7313
1362,3.7313
1363,3.7314
1364,3.7314
1365,3.7316
1366,3.7316
1367,3.7317
1368,3.7319
1369,3.7319
1370,3.7321
1371,3.7321
1372,3.7322
1373,3.7324
1374,3.7324
1375,3.7325
1376,3.7325
1377,3.7327
1378,3.7327
1379,3.7329
1380,3.733
1381,3.733
1382,3.7332
1383,3.7332
1384,3.7333
1385,3.7335
1386,3.7335
1387,3.7336
1388,3.7338
1389,3.7338
1390,3.734
1391,3.734
1392,3.7341
1393,3.7343
1394,3.7343
1395,3.7344
1396,3.7344
1397,3.7346
1398,3.7348
1399,3.7348
1400,3.7349
1401,3.7351
1402,3.7351
1403,3.7352
1404,3.7352
1405,3.7354
1406,3.7354
1407,3.7356
1408,3.7357
1409,3.7357
1410,3.7359
1411,3.736
1412,3.736
1413,3.7362
1414,3.7362
1415,3.7363
1416,3.7365
1417,3.7365
1418,3.7367
1419,3.7368
1420,3.7368
1421,3.737
1422,3.7371
1423,3.7371
1424,3.7373
1425,3.7373
1426,3.7375
1427,3.7376
1428,3.7376
1429,3.7378
1430,3.7379
1431,3.7379
1432,3.7381
1433,3.7383
1434,3.7383
1435,3.7384
1436,3.7384
1437,3.7386
1438,3.7387
1439,3.7387
1440,3.7389
1441,3.7391
1442,3.7391
1443,3.7392
1444,3.7394
1445,3.7394
1446,3.7395
1447,3.7397
1448,3.7397
1449,3.7398
1450,3.74
1451,3.74
1452,3.7402
1453,3.7402
1454,3.7403
1455,3.7405
1456,3.7406
1457,3.7406
1458,3.7408
1459,3.7408
1460,3.741
1461,3.7411
1462,3.7413
1463,3.7413
1464,3.7414
1465,3.7414
1466,3.7416
1467,3.7418
1468,3.7419
1469,3.7419
1470,3.7421
1471,3.7422
1472,3.7422
1473,3.7424
1474,3.7425
1475,3.7425
1476,3.7427
1477,3.7429
1478,3.7429
1479,3.743
1480,3.7432
1481,3.7432
1482,3.7433
1483,3.7435
1484,3.7435
1485,3.7437
1486,3.7438
1487,3.7438
1488,3.744
1489,3.7441
1490,3.7443
1491,3.7443
1492,3.7445
1493,3.7446
1494,3.7446
1495,3.7448
1496,3.7449
1497,3.7451
1498,3.7451
1499,3.7452
1500,3.7454
1501,3.7454
1502,3.7456
1503,3.7457
1504,3.7457
1505,3.7459
1506,3.746
1507,3.7462
1508,3.7462
1509,3.7464
1510,3.7465
1511,3.7465
1512,3.7467
1513,3.7468
1514,3.7468
1515,3.747
1516,3.7472
1517,3.7473
1518,3.7473
1519,3.7475
1520,3.7476
1521,3.7478
1522,3.7478
1523,3.7479
1524,3.7481
1525,3.7483
1526,3.7483
1527,3.7484
1528,3.7486
1529,3.7486
1530,3.7487
1531,3.7489
1532,3.7491
1533,3.7491
1534,3.7492
1535,3.7494
1536,3.7495
1537,3.7495
1538,3.7497
1539,3.7499
1540,3.7499
1541,3.75
1542,3.7502
1543,3.7503
1544,3.7503
1545,3.7505
1546,3.7506
1547,3.7508
1548,3.7508
1549,3.751
1550,3.7511
1551,3.7513
1552,3.7514
1553,3.7514
1554,3.7516
1555,3.7518
1556,3.7519
1557,3.7519
1558,3.7521
1559,3.7522
1560,3.7524
1561,3.7524
1562,3.7526
1563,3.7527
1564,3.7529
1565,3.7529
1566,3.753
1567,3.7532
1568,3.7533
1569,3.7533
1570,3.7535
1571,3.7537
1572,3.7538
1573,3.754
1574,3.754
1575,3.7541
1576,3.7543
1577,3.7545
1578,3.7546
1579,3.7546
1580,3.7548
1581,3.7549
1582,3.7551
1583,3.7553
1584,3.7553
1585,3.7554
1586,3.7556
1587,3.7557
1588,3.7557
1589,3.7559
1590,3.756
1591,3.7562
1592,3.7564
1593,3.7564
1594,3.7565
1595,3.7567
1596,3.7568
1597,3.757
1598,3.757
1599,3.7572
1600,3.7573
1601,3.7575
1602,3.7576
1603,3.7578
1604,3.7578
1605,3.758
1606,3.7581
1607,3.7583
1608,3.7584
1609,3.7584
1610,3.7586
1611,3.7588
1612,3.7589
1613,3.7589
1614,3.7591
1615,3.7592
1616,3.7594
1617,3.7595
1618,3.7597
1619,3.7599
1620,3.7599
1621,3.76
1622,3.7602
1623,3.7603
1624,3.7605
1625,3.7607
1626,3.7607
1627,3.7608
1628,3.761
1629,3.7611
1630,3.7613
1631,3.7615
1632,3.7615
1633,3.7616
1634,3.7618
1635,3.7619
1636,3.7621
1637,3.7622
1638,3.7622
1639,3.7624
1640,3.7626
1641,3.7627
1642,3.7629
1643,3.763
1644,3.763
1645,3.7632
1646,3.7634
1647,3.7635
1648,3.7637
1649,3.7638
1650,3.764
1651,3.764
1652,3.7642
1653,3.7643
1654,3.7645
1655,3.7646
1656,3.7648
1657,3.7649
1658,3.7649
1659,3.7651
1660,3.7653
1661,3.7654
1662,3.7656
1663,3.7657
1664,3.7659
1665,3.7661
1666,3.7661
1667,3.7662
1668,3.7664
1669,3.7665
1670,3.7667
1671,3.7669
1672,3.767
1673,3.7672
1674,3.7672
1675,3.7673
1676,3.7675
1677,3.7676
1678,3.7678
1679,3.768
1680,3.7681
1681,3.7683
1682,3.7683
1683,3.7684
1684,3.7686
1685,3.7688
1686,3.7689
1687,3.7691
1688,3.7692
1689,3.7694
1690,3.7696
1691,3.7696
1692,3.7697
1693,3.7699
1694,3.77
1695,3.7702
1696,3.7703
1697,3.7705
1698,3.7707
1699,3.7708
1700,3.771
1701,3.771
1702,3.7711
1703,3.7713
1704,3.7715
1705,3.7716
1706,3.7718
1707,3.7719
1708,3.7721
1709,3.7723
1710,3.7724
1711,3.7726
1712,3.7726
1713,3.7727
1714,3.7729
1715,3.773
1716,3.7732
1717,3.7734
1718,3.7735
1719,3.7737
1720,3.7738
1721,3.774
1722,3.7742
1723,3.7742
1724,3.7743
1725,3.7745
1726,3.7746
1727,3.7748
1728,3.775
1729,3.7751
1730,3.7753
1731,3.7754
1732,3.7756
1733,3.7757
1734,3.7759
1735,3.7761
1736,3.7761
1737,3.7762
1738,3.7764
1739,3.7765
1740,3.7767
1741,3.7769
1742,3.777
1743,3.7772
1744,3.7773
1745,3.7775
1746,3.7777
1747,3.7778
1748,3.778
1749,3.7781
1750,3.7781
1751,3.7785
1752,3.7785
1753,3.7786
1754,3.7788
1755,3.7789
1756,3.7791
1757,3.7792
1758,3.7794
1759,3.7796
1760,3.7797
1761,3.7799
1762,3.78
1763,3.7802
1764,3.7804
1765,3.7805
1766,3.7807
1767,3.7808
1768,3.781
1769,3.7812
1770,3.7812
1771,3.7813
1772,3.7815
1773,3.7816
1774,3.7818
1775,3.7819
1776,3.7821
1777,3.7823
1778,3.7824
1779,3.7826
1780,3.7827
1781,3.7829
1782,3.7831
1783,3.7832
1784,3.7834
1785,3.7835
1786,3.7837
1787,3.7839
1788,3.784
1789,3.7842
1790,3.7843
1791,3.7845
1792,3.7846
1793,3.7848
1794,3.785
1795,3.7851
1796,3.7853
1797,3.7854
1798,3.7856
1799,3.7858
1800,3.7858
1801,3.7859
1802,3.7861
1803,3.7862
1804,3.7864
1805,3.7866
1806,3.7867
1807,3.7869
1808,3.787
1809,3.7872
1810,3.7873
1811,3.7877
1812,3.7877
1813,3.7878
1814,3.788
1815,3.7881
1816,3.7883
1817,3.7885
1818,3.7886
1819,3.7888
1820,3.7889
1821,3.7891
1822,3.7893
1823,3.7894
1824,3.7896
1825,3.7897
1826,3.7899
1827,3.79
1828,3.7902
1829,3.7904
1830,3.7905
1831,3.7907
1832,3.7908
1833,3.791
1834,3.7912
1835,3.7913
1836,3.7915
1837,3.7916
1838,3.7918
1839,3.792
1840,3.7921
1841,3.7923
1842,3.7926
1843,3.7927
1844,3.7929
1845,3.7929
1846,3.7932
1847,3.7934
1848,3.7935
1849,3.7937
1850,3.7939
1851,3.794
1852,3.7942
1853,3.7943
1854,3.7945
1855,3.7947
1856,3.7948
1857,3.795
1858,3.7951
1859,3.7953
1860,3.7954
1861,3.7956
1862,3.7958
1863,3.7959
1864,3.7961
1865,3.7962
1866,3.7964
1867,3.7966
1868,3.7967
1869,3.7969
1870,3.797
1871,3.7972
1872,3.7974
1873,3.7975
1874,3.7978
1875,3.7978
1876,3.7982
1877,3.7983
1878,3.7985
1879,3.7986
1880,3.7988
1881,3.7989
1882,3.7991
1883,3.7993
1884,3.7994
1885,3.7996
1886,3.7997
1887,3.7999
1888,3.8001
1889,3.8002
1890,3.8004
1891,3.8005
1892,3.8007
1893,3.8009
1894,3.801
1895,3.8013
1896,3.8015
1897,3.8016
1898,3.8018
1899,3.802
1900,3.8021
1901,3.8023
1902,3.8024
1903,3.8026
1904,3.8028
1905,3.8029
1906,3.8031
1907,3.8032
1908,3.8036
1909,3.8037
1910,3.8039
1911,3.804
1912,3.8042
1913,3.8043
1914,3.8045
1915,3.8047
1916,3.8048
1917,3.805
1918,3.8053
1919,3.8055
1920,3.8056
1921,3.8058
1922,3.8059
1923,3.8061
1924,3.8063
1925,3.8064
1926,3.8066
1927,3.8067
1928,3.807
1929,3.8072
1930,3.8074
1931,3.8075
1932,3.8077
1933,3.8078
1934,3.808
1935,3.8082
1936,3.8085
1937,3.8086
1938,3.8088
1939,3.809
1940,3.8091
1941,3.8093
1942,3.8094
1943,3.8096
1944,3.8099
1945,3.8101
1946,3.8102
1947,3.8104
1948,3.8105
1949,3.8107
1950,3.8109
1951,3.811
1952,3.8113
1953,3.8115
1954,3.8117
1955,3.8118
1956,3.812
1957,3.8121
1958,3.8123
1959,3.8126
1960,3.8128
1961,3.8129
1962,3.8131
1963,3.8132
1964,3.8134
1965,3.8136
1966,3.8139
1967,3.814
1968,3.8142
1969,3.8144
1970,3.8145
1971,3.8148
1972,3.815
1973,3.8151
1974,3.8153
1975,3.8155
1976,3.8156
1977,3.8159
1978,3.8161
1979,3.8163
1980,3.8164
1981,3.8166
1982,3.8167
1983,3.8171
1984,3.8172
1985,3.8174
1986,3.8175
1987,3.8177
1988,3.818
1989,3.8182
1990,3.8183
1991,3.8185
1992,3.8186
1993,3.819
1994,3.8191
1995,3.8193
1996,3.8194
1997,3.8196
1998,3.8199
1999,3.8201
2000,3.8202
2001,3.8204
2002,3.8207
2003,3.8209
2004,3.821
2005,3.8212
2006,3.8215
2007,3.8217
2008,3.8218
2009,3.822
2010,3.8221
2011,3.8225
2012,3.8226
2013,3.8228
2014,3.8229
2015,3.8231
2016,3.8234
2017,3.8236
2018,3.8237
2019,3.824
2020,3.8242
2021,3.8244
2022,3.8245
2023,3.8247
2024,3.825
2025,3.8252
2026,3.8253
2027,3.8256
2028,3.8258
2029,3.826
2030,3.8263
2031,3.8264
2032,3.8266
2033,3.8267
2034,3.8271
2035,3.8272
2036,3.8274
2037,3.8275
2038,3.8279
2039,3.828
2040,3.8282
2041,3.8283
2042,3.8287
2043,3.8288
2044,3.829
2045,3.8293
2046,3.8294
2047,3.8296
2048,3.8299
2049,3.8301
2050,3.8302
2051,3.8306
2052,3.8307
2053,3.8309
2054,3.831
2055,3.8314
2056,3.8315
2057,3.8317
2058,3.832
2059,3.8321
2060,3.8323
2061,3.8326
2062,3.8328
2063,3.8329
2064,3.8333
2065,3.8334
2066,3.8336
2067,3.8339
2068,3.8341
2069,3.8342
2070,3.8345
2071,3.8347
2072,3.8348
2073,3.8352
2074,3.8353
2075,3.8356
2076,3.8358
2077,3.836
2078,3.8361
2079,3.8364
2080,3.8366
2081,3.8369
2082,3.8371
2083,3.8372
2084,3.8375
2085,3.8377
2086,3.8379
2087,3.8382
2088,3.8383
2089,3.8385
2090,3.8388
2091,3.839
2092,3.8393
2093,3.8395
2094,3.8398
2095,3.8399
2096,3.8401
2097,3.8403
2098,3.8406
2099,3.8407
2100,3.841
2101,3.8412
2102,3.8414
2103,3.8417
2104,3.8418
2105,3.8422
2106,3.8423
2107,3.8426
2108,3.8428
2109,3.843
2110,3.8433
2111,3.8434
2112,3.8437
2113,3.8439
2114,3.8441
2115,3.8444
2116,3.8445
2117,3.8449
2118,3.845
2119,3.8453
2120,3.8455
2121,3.8457
2122,3.846
2123,3.8461
2124,3.8464
2125,3.8466
2126,3.8468
2127,3.8471
2128,3.8472
2129,3.8476
2130,3.8477
2131,3.848
2132,3.8482
2133,3.8484
2134,3.8487
2135,3.8488
2136,3.8491
2137,3.8493
2138,3.8496
2139,3.8498
2140,3.8501
2141,3.8503
2142,3.8504
2143,3.8507
2144,3.8511
2145,3.8512
2146,3.8514
2147,3.8517
2148,3.8518
2149,3.8522
2150,3.8523
2151,3.8526
2152,3.8528
2153,3.8531
2154,3.8533
2155,3.8536
2156,3.8538
2157,3.8541
2158,3.8542
2159,3.8545
2160,3.8547
2161,3.855
2162,3.8552
2163,3.8553
2164,3.8557
2165,3.8558
2166,3.8561
2167,3.8563
2168,3.8566
2169,3.8568
2170,3.8571
2171,3.8572
2172,3.8576
2173,3.8577
2174,3.858
2175,3.8582
2176,3.8585
2177,3.8587
2178,3.859
2179,3.8592
2180,3.8595
2181,3.8596
2182,3.86
2183,3.8601
2184,3.8604
2185,3.8606
2186,3.8609
2187,3.8611
2188,3.8614
2189,3.8615
2190,3.8619
2191,3.862
2192,3.8623
2193,3.8625
2194,3.8628
2195,3.863
2196,3.8633
2197,3.8634
2198,3.8638
2199,3.8639
2200,3.8642
2201,3.8644
2202,3.8647
2203,3.8649
2204,3.8652
2205,3.8654
2206,3.8657
2207,3.8658
2208,3.8661
2209,3.8663
2210,3.8666
2211,3.8668
2212,3.8671
2213,3.8673
2214,3.8676
2215,3.8679
2216,3.8681
2217,3.8682
2218,3.8685
2219,3.8688
2220,3.869
2221,3.8693
2222,3.8695
2223,3.8698
2224,3.87
2225,3.8703
2226,3.8704
2227,3.8708
2228,3.8709
2229,3.8712
2230,3.8714
2231,3.8717
2232,3.8719
2233,3.8722
2234,3.8723
2235,3.8727
2236,3.8728
2237,3.8731
2238,3.8733
2239,3.8736
2240,3.8738
2241,3.8741
2242,3.8742
2243,3.8746
2244,3.8747
2245,3.875
2246,3.8752
2247,3.8755
2248,3.8758
2249,3.876
2250,3.8763
2251,3.8765
2252,3.8768
2253,3.8769
2254,3.8773
2255,3.8774
2256,3.8777
2257,3.8779
2258,3.8782
2259,3.8784
2260,3.8787
2261,3.8789
2262,3.8792
2263,3.8793
2264,3.8797
2265,3.8798
2266,3.8801
2267,3.8803
2268,3.8806
2269,3.8808
2270,3.8811
2271,3.8812
2272,3.8816
2273,3.8817
2274,3.882
2275,3.8822
2276,3.8825
2277,3.8827
2278,3.883
2279,3.8831
2280,3.8835
2281,3.8836
2282,3.8839
2283,3.8841
2284,3.8844
2285,3.8846
2286,3.8849
2287,3.8851
2288,3.8854
2289,3.8855
2290,3.8858
2291,3.886
2292,3.8863
2293,3.8865
2294,3.8866
2295,3.887
2296,3.8871
2297,3.8874
2298,3.8876
2299,3.8879
2300,3.8881
2301,3.8884
2302,3.8885
2303,3.8889
2304,3.889
2305,3.8893
2306,3.8895
2307,3.8898
2308,3.89
2309,3.8903
2310,3.8905
2311,3.8908
2312,3.8909
2313,3.8912
2314,3.8914
2315,3.8916
2316,3.8919
2317,3.892
2318,3.8924
2319,3.8925
2320,3.8928
2321,3.893
2322,3.8933
2323,3.8935
2324,3.8938
2325,3.8939
2326,3.8943
2327,3.8944
2328,3.8947
2329,3.8949
2330,3.8951
2331,3.8954
2332,3.8955
2333,3.8959
2334,3.896
2335,3.8963
2336,3.8965
2337,3.8968
2338,3.897
2339,3.8973
2340,3.8974
2341,3.8978
2342,3.8979
2343,3.8981
2344,3.8984
2345,3.8986
2346,3.8989
2347,3.899
2348,3.8994
2349,3.8995
2350,3.8998
2351,3.9
2352,3.9003
2353,3.9005
2354,3.9008
2355,3.9009
2356,3.9011
2357,3.9014
2358,3.9016
2359,3.9019
2360,3.9021
2361,3.9024
2362,3.9025
2363,3.9028
2364,3.903
2365,3.9033
2366,3.9035
2367,3.9036
2368,3.904
2369,3.9041
2370,3.9044
2371,3.9046
2372,3.9049
2373,3.9051
2374,3.9054
2375,3.9055
2376,3.9059
2377,3.906
2378,3.9062
2379,3.9065
2380,3.9067
2381,3.907
2382,3.9071
2383,3.9075
2384,3.9076
2385,3.9079
2386,3.9081
2387,3.9084
2388,3.9086
2389,3.9087
2390,3.909
2391,3.9092
2392,3.9095
2393,3.9097
2394,3.91
2395,3.9102
2396,3.9105
2397,3.9106
2398,3.9109
2399,3.9111
2400,3.9113
2401,3.9116
2402,3.9117
2403,3.9121
2404,3.9122
2405,3.9125
2406,3.9127
2407,3.913
2408,3.9132
2409,3.9135
2410,3.9136
2411,3.914
2412,3.9141
2413,3.9144
2414,3.9146
2415,3.9148
2416,3.9151
2417,3.9152
2418,3.9156
2419,3.9157
2420,3.916
2421,3.9162
2422,3.9165
2423,3.9167
2424,3.917
2425,3.9171
2426,3.9175
2427,3.9176
2428,3.9179
2429,3.9181
2430,3.9184
2431,3.9186
2432,3.9187
2433,3.9191
2434,3.9192
2435,3.9195
2436,3.9197
2437,3.92
2438,3.9202
2439,3.9205
2440,3.9206
2441,3.921
2442,3.9211
2443,3.9214
2444,3.9216
2445,3.9219
2446,3.9221
2447,3.9224
2448,3.9225
2449,3.9229
2450,3.923
2451,3.9233
2452,3.9235
2453,3.9238
2454,3.924
2455,3.9243
2456,3.9245
2457,3.9248
2458,3.9249
2459,3.9252
2460,3.9254
2461,3.9257
2462,3.9259
2463,3.9262
2464,3.9264
2465,3.9267
2466,3.9268
2467,3.9272
2468,3.9275
2469,3.9276
2470,3.9279
2471,3.9281
2472,3.9284
2473,3.9286
2474,3.9289
2475,3.9291
2476,3.9294
2477,3.9295
2478,3.9299
2479,3.93
2480,3.9303
2481,3.9305
2482,3.9308
2483,3.9311
2484,3.9313
2485,3.9316
2486,3.9318
2487,3.9321
2488,3.9322
2489,3.9326
2490,3.9329
2491,3.933
2492,3.9333
2493,3.9335
2494,3.9338
2495,3.934
2496,3.9343
2497,3.9345
2498,3.9348
2499,3.9351
2500,3.9353
2501,3.9356
2502,3.9357
2503,3.936
2504,3.9362
2505,3.9365
2506,3.9368
2507,3.937
2508,3.9373
2509,3.9376
2510,3.9378
2511,3.9381
2512,3.9383
2513,3.9386
2514,3.9389
2515,3.9391
2516,3.9394
2517,3.9395
2518,3.9399
2519,3.9402
2520,3.9403
2521,3.9407
2522,3.9408
2523,3.9411
2524,3.9415
2525,3.9416
2526,3.9419
2527,3.9421
2528,3.9424
2529,3.9427
2530,3.9429
2531,3.9432
2532,3.9435
2533,3.9437
2534,3.944
2535,3.9443
2536,3.9445
2537,3.9448
2538,3.9449
2539,3.9453
2540,3.9456
2541,3.9457
2542,3.9461
2543,3.9464
2544,3.9465
2545,3.9469
2546,3.9472
2547,3.9473
2548,3.9476
2549,3.948
2550,3.9481
2551,3.9484
2552,3.9488
2553,3.9489
2554,3.9492
2555,3.9496
2556,3.9497
2557,3.95
2558,3.9503
2559,3.9505
2560,3.9508
2561,3.9511
2562,3.9513
2563,3.9516
2564,3.9519
2565,3.9521
2566,3.9524
2567,3.9527
2568,3.9529
2569,3.9532
2570,3.9535
2571,3.9538
2572,3.954
2573,3.9543
2574,3.9546
2575,3.9548
2576,3.9551
2577,3.9554
2578,3.9556
2579,3.9559
2580,3.9562
2581,3.9565
2582,3.9567
2583,3.957
2584,3.9573
2585,3.9575
2586,3.9578
2587,3.9581
2588,3.9583
2589,3.9586
2590,3.9589
2591,3.9591
2592,3.9594
2593,3.9597
2594,3.96
2595,3.9602
2596,3.9605
2597,3.9608
2598,3.9612
2599,3.9613
2600,3.9616
2601,3.9619
2602,3.9621
2603,3.9624
2604,3.9627
2605,3.9631
2606,3.9632
2607,3.9635
2608,3.9639
2609,3.964
2610,3.9643
2611,3.9646
2612,3.9648
2613,3.9651
2614,3.9654
2615,3.9658
2616,3.9659
2617,3.9662
2618,3.9666
2619,3.9667
2620,3.967
2621,3.9673
2622,3.9677
2623,3.9678
2624,3.9681
2625,3.9685
2626,3.9686
2627,3.9689
2628,3.9693
2629,3.9694
2630,3.9697
2631,3.97
2632,3.9704
2633,3.9705
2634,3.9708
2635,3.9712
2636,3.9715
2637,3.9716
2638,3.972
2639,3.9723
2640,3.9724
2641,3.9727
2642,3.9731
2643,3.9734
2644,3.9735
2645,3.9739
2646,3.9742
2647,3.9743
2648,3.9747
2649,3.975
2650,3.9751
2651,3.9754
2652,3.9758
2653,3.9759
2654,3.9762
2655,3.9766
2656,3.9767
2657,3.977
2658,3.9774
2659,3.9775
2660,3.9778
2661,3.9781
2662,3.9783
2663,3.9786
2664,3.9789
2665,3.9791
2666,3.9794
2667,3.9797
2668,3.9799
2669,3.9802
2670,3.9805
2671,3.9807
2672,3.981
2673,3.9813
2674,3.9815
2675,3.9818
2676,3.982
2677,3.9823
2678,3.9826
2679,3.9828
2680,3.9831
2681,3.9834
2682,3.9836
2683,3.9839
2684,3.984
2685,3.9843
2686,3.9847
2687,3.9848
2688,3.9851
2689,3.9853
2690,3.9856
2691,3.9859
2692,3.9861
2693,3.9864
2694,3.9866
2695,3.9869
2696,3.9872
2697,3.9874
2698,3.9877
2699,3.9878
2700,3.9882
2701,3.9883
2702,3.9886
2703,3.989
2704,3.9891
2705,3.9894
2706,3.9896
2707,3.9899
2708,3.9901
2709,3.9904
2710,3.9905
2711,3.9909
2712,3.991
2713,3.9913
2714,3.9915
2715,3.9918
2716,3.9921
2717,3.9923
2718,3.9926
2719,3.9928
2720,3.9929
2721,3.9932
2722,3.9936
2723,3.9937
2724,3.994
2725,3.9942
2726,3.9945
2727,3.9947
2728,3.9948
2729,3.9951
2730,3.9953
2731,3.9956
2732,3.9958
2733,3.9961
2734,3.9963
2735,3.9966
2736,3.9967
2737,3.9971
2738,3.9972
2739,3.9974
2740,3.9977
2741,3.9978
2742,3.9982
2743,3.9983
2744,3.9985
2745,3.9988
2746,3.999
2747,3.9993
2748,3.9994
2749,3.9996
2750,3.9999
2751,4.0001
2752,4.0004
2753,4.0006
2754,4.0007
2755,4.001
2756,4.0012
2757,4.0013
2758,4.0017
2759,4.0018
2760,4.0021
2761,4.0023
2762,4.0025
2763,4.0026
2764,4.0029
2765,4.0031
2766,4.0033
2767,4.0036
2768,4.0037
2769,4.0039
2770,4.0042
2771,4.0044
2772,4.0045
2773,4.0047
2774,4.005
2775,4.0052
2776,4.0053
2777,4.0056
2778,4.0058
2779,4.006
2780,4.0061
2781,4.0064
2782,4.0066
2783,4.0067
2784,4.0069
2785,4.0072
2786,4.0074
2787,4.0075
2788,4.0077
2789,4.008
2790,4.0082
2791,4.0083
2792,4.0085
2793,4.0087
2794,4.009
2795,4.0091
2796,4.0093
2797,4.0094
2798,4.0098
2799,4.0099
2800,4.0101
2801,4.0102
2802,4.0104
2803,4.0106
2804,4.0109
2805,4.011
2806,4.0112
2807,4.0114
2808,4.0115
2809,4.0117
2810,4.012
2811,4.0121
2812,4.0123
2813,4.0125
2814,4.0126
2815,4.0128
2816,4.0129
2817,4.0133
2818,4.0134
2819,4.0136
2820,4.0137
2821,4.0139
2822,4.0141
2823,4.0142
2824,4.0144
2825,4.0145
2826,4.0148
2827,4.015
2828,4.0152
2829,4.0153
2830,4.0155
2831,4.0156
2832,4.0158
2833,4.016
2834,4.0161
2835,4.0163
2836,4.0164
2837,4.0168
2838,4.0169
2839,4.0171
2840,4.0172
2841,4.0174
2842,4.0175
2843,4.0177
2844,4.0179
2845,4.018
2846,4.0182
2847,4.0183
2848,4.0185
2849,4.0187
2850,4.0188
2851,4.019
2852,4.0191
2853,4.0193
2854,4.0195
2855,4.0196
2856,4.0198
2857,4.0201
2858,4.0203
2859,4.0204
2860,4.0206
2861,4.0207
2862,4.0209
2863,4.021
2864,4.0212
2865,4.0214
2866,4.0215
2867,4.0217
2868,4.0218
2869,4.022
2870,4.0222
2871,4.0223
2872,4.0225
2873,4.0226
2874,4.0228
2875,4.023
2876,4.0231
2877,4.0233
2878,4.0234
2879,4.0236
2880,4.0237
2881,4.0239
2882,4.0241
2883,4.0242
2884,4.0244
2885,4.0245
2886,4.0247
2887,4.0249
2888,4.025
2889,4.0252
2890,4.0253
2891,4.0255
2892,4.0257
2893,4.0258
2894,4.026
2895,4.0261
2896,4.0263
2897,4.0264
2898,4.0266
2899,4.0268
2900,4.0269
2901,4.0271
2902,4.0272
2903,4.0274
2904,4.0276
2905,4.0277
2906,4.0279
2907,4.028
2908,4.0282
2909,4.0284
2910,4.0285
2911,4.0287
2912,4.0288
2913,4.029
2914,4.0291
2915,4.0293
2916,4.0295
2917,4.0296
2918,4.0298
2919,4.0299
2920,4.0301
2921,4.0303
2922,4.0304
2923,4.0306
2924,4.0307
2925,4.0309
2926,4.0311
2927,4.0312
2928,4.0314
2929,4.0315
2930,4.0317
2931,4.0318
2932,4.032
2933,4.0322
2934,4.0323
2935,4.0325
2936,4.0326
2937,4.0328
2938,4.033
2939,4.0331
2940,4.0333
2941,4.0334
2942,4.0336
2943,4.0338
2944,4.0341
2945,4.0342
2946,4.0342
2947,4.0345
2948,4.0347
2949,4.0349
2950,4.035
2951,4.0352
2952,4.0353
2953,4.0355
2954,4.0357
2955,4.0358
2956,4.036
2957,4.0361
2958,4.0363
2959,4.0366
2960,4.0368
2961,4.0369
2962,4.0371
2963,4.0372
2964,4.0374
2965,4.0376
2966,4.0377
2967,4.038
2968,4.0382
2969,4.0384
2970,4.0385
2971,4.0387
2972,4.0388
2973,4.039
2974,4.0392
2975,4.0393
2976,4.0396
2977,4.0398
2978,4.0399
2979,4.0401
2980,4.0403
2981,4.0404
2982,4.0406
2983,4.0409
2984,4.0411
2985,4.0412
2986,4.0414
2987,4.0415
2988,4.0417
2989,4.042
2990,4.0422
2991,4.0423
2992,4.0425
2993,4.0428
2994,4.043
2995,4.0431
2996,4.0433
2997,4.0434
2998,4.0438
2999,4.0439
3000,4.0441
3001,4.0442
3002,4.0446
3003,4.0447
3004,4.0449
3005,4.0452
3006,4.0454
3007,4.0455
3008,4.0457
3009,4.046
3010,4.0461
3011,4.0463
3012,4.0466
3013,4.0468
3014,4.0469
3015,4.0473
3016,4.0474
3017,4.0476
3018,4.0479
3019,4.0481
3020,4.0482
3021,4.0485
3022,4.0487
3023,4.0488
3024,4.0492
3025,4.0493
3026,4.0496
3027,4.0498
3028,4.05
3029,4.0503
3030,4.0504
3031,4.0508
3032,4.0509
3033,4.0511
3034,4.0514
3035,4.0517
3036,4.0519
3037,4.052
3038,4.0523
3039,4.0525
3040,4.0528
3041,4.053
3042,4.0533
3043,4.0535
3044,4.0538
3045,4.0539
3046,4.0542
3047,4.0544
3048,4.0547
3049,4.0549
3050,4.0552
3051,4.0554
3052,4.0557
3053,4.0558
3054,4.0562
3055,4.0565
3056,4.0566
3057,4.0569
3058,4.0571
3059,4.0574
3060,4.0577
3061,4.0579
3062,4.0582
3063,4.0584
3064,4.0587
3065,4.059
3066,4.0592
3067,4.0595
3068,4.0597
3069,4.06
3070,4.0603
3071,4.0604
3072,4.0608
3073,4.0611
3074,4.0612
3075,4.0616
3076,4.0619
3077,4.062
3078,4.0624
3079,4.0627
3080,4.0628
3081,4.0631
3082,4.0635
3083,4.0638
3084,4.0639
3085,4.0643
3086,4.0646
3087,4.0649
3088,4.0651
3089,4.0654
3090,4.0657
3091,4.066
3092,4.0662
3093,4.0665
3094,4.0668
3095,4.0671
3096,4.0674
3097,4.0676
3098,4.0679
3099,4.0682
3100,4.0685
3101,4.0689
3102,4.069
3103,4.0693
3104,4.0697
3105,4.07
3106,4.0703
3107,4.0706
3108,4.0708
3109,4.0711
3110,4.0714
3111,4.0717
3112,4.072
3113,4.0724
3114,4.0727
3115,4.0728
3116,4.0732
3117,4.0735
3118,4.0738
3119,4.0741
3120,4.0744
3121,4.0747
3122,4.0749
3123,4.0752
3124,4.0755
3125,4.0759
3126,4.0762
3127,4.0765
3128,4.0768
3129,4.0771
3130,4.0774
3131,4.0778
3132,4.0779
3133,4.0782
3134,4.0786
3135,4.0789
3136,4.0792
3137,4.0795
3138,4.0798
3139,4.0801
3140,4.0805
3141,4.0808
3142,4.0811
3143,4.0814
3144,4.0817
3145,4.0821
3146,4.0822
3147,4.0825
3148,4.0828
3149,4.0832
3150,4.0835
3151,4.0838
3152,4.0841
3153,4.0844
3154,4.0848
3155,4.0851
3156,4.0854
3157,4.0857
3158,4.086
3159,4.0863
3160,4.0867
3161,4.0868
3162,4.0873
3163,4.0876
3164,4.0878
3165,4.0881
3166,4.0884
3167,4.0887
3168,4.089
3169,4.0894
3170,4.0897
3171,4.09
3172,4.0903
3173,4.0906
3174,4.0909
3175,4.0913
3176,4.0916
3177,4.0919
3178,4.0922
3179,4.0924
3180,4.0929
3181,4.093
3182,4.0933
3183,4.0936
3184,4.094
3185,4.0943
3186,4.0946
3187,4.0949
3188,4.0952
3189,4.0956
3190,4.0959
3191,4.0962
3192,4.0965
3193,4.0968
3194,4.0971
3195,4.0973
3196,4.0976
3197,4.0979
3198,4.0983
3199,4.0986
3200,4.0989
3201,4.0992
3202,4.0995
3203,4.0998
3204,4.1002
3205,4.1005
3206,4.1008
3207,4.101
3208,4.1013
3209,4.1016
3210,4.1019
3211,4.1022
3212,4.1025
3213,4.1029
3214,4.1032
3215,4.1035
3216,4.1037
3217,4.104
3218,4.1043
3219,4.1046
3220,4.1049
3221,4.1052
3222,4.1056
3223,4.1059
3224,4.106
3225,4.1064
3226,4.1067
3227,4.107
3228,4.1073
3229,4.1076
3230,4.1078
3231,4.1081
3232,4.1084
3233,4.1087
3234,4.1091
3235,4.1094
3236,4.1095
3237,4.1099
3238,4.1102
3239,4.1105
3240,4.1108
3241,4.111
3242,4.1113
3243,4.1116
3244,4.1119
3245,4.1121
3246,4.1124
3247,4.1127
3248,4.113
3249,4.1133
3250,4.1135
3251,4.1138
3252,4.1141
3253,4.1143
3254,4.1146
3255,4.1149
3256,4.1153
3257,4.1156
3258,4.1157
3259,4.116
3260,4.1164
3261,4.1165
3262,4.1168
3263,4.1172
3264,4.1175
3265,4.1176
3266,4.118
3267,4.1183
3268,4.1184
3269,4.1187
3270,4.1191
3271,4.1192
3272,4.1195
3273,4.1199
3274,4.12
3275,4.1203
3276,4.1207
3277,4.1208
3278,4.1211
3279,4.1213
3280,4.1216
3281,4.1219
3282,4.1221
3283,4.1224
3284,4.1227
3285,4.1229
3286,4.1232
3287,4.1234
3288,4.1237
3289,4.124
3290,4.1242
3291,4.1245
3292,4.1246
3293,4.1249
3294,4.1251
3295,4.1254
3296,4.1256
3297,4.1259
3298,4.1262
3299,4.1264
3300,4.1267
3301,4.1269
3302,4.1272
3303,4.1273
3304,4.1276
3305,4.1278
3306,4.1281
3307,4.1283
3308,4.1286
3309,4.1288
3310,4.1289
3311,4.1292
3312,4.1294
3313,4.1297
3314,4.1299
3315,4.1302
3316,4.1303
3317,4.1307
3318,4.1308
3319,4.1311
3320,4.1313
3321,4.1316
3322,4.1318
3323,4.1319
3324,4.1323
3325,4.1324
3326,4.1327
3327,4.1329
3328,4.133
3329,4.1334
3330,4.1335
3331,4.1337
3332,4.134
3333,4.1342
3334,4.1343
3335,4.1346
3336,4.1348
3337,4.135
3338,4.1353
3339,4.1354
3340,4.1357
3341,4.1359
3342,4.1361
3343,4.1362
3344,4.1365
3345,4.1367
3346,4.1369
3347,4.1372
3348,4.1373
3349,4.1375
3350,4.1377
3351,4.138
3352,4.1381
3353,4.1383
3354,4.1384
3355,4.1388
3356,4.1389
3357,4.1391
3358,4.1392
3359,4.1396
3360,4.1397
3361,4.1399
3362,4.14
3363,4.1402
3364,4.1405
3365,4.1407
3366,4.1408
3367,4.141
3368,4.1412
3369,4.1413
3370,4.1416
3371,4.1418
3372,4.1419
3373,4.1421
3374,4.1423
3375,4.1424
3376,4.1427
3377,4.1429
3378,4.1431
3379,4.1432
3380,4.1434
3381,4.1435
3382,4.1437
3383,4.1439
3384,4.144
3385,4.1442
3386,4.1443
3387,4.1445
3388,4.1448
3389,4.145
3390,4.1451
3391,4.1453
3392,4.1454
3393,4.1456
3394,4.1458
3395,4.1459
3396,4.1461
3397,4.1462
3398,4.1464
3399,4.1466
3400,4.1467
3401,4.1469
3402,4.147
3403,4.1472
3404,4.1473
3405,4.1475
3406,4.1477
3407,4.1478
3408,4.148
3409,4.1481
3410,4.1483
3411,4.1485
3412,4.1486
3413,4.1488
3414,4.1488
3415,4.1489
3416,4.1491
3417,4.1493
3418,4.1494
3419,4.1496
3420,4.1497
3421,4.1499
3422,4.15
3423,4.1502
3424,4.1504
3425,4.1504
3426,4.1505
3427,4.1507
3428,4.1508
3429,4.151
3430,4.1512
3431,4.1513
3432,4.1513
3433,4.1515
3434,4.1516
3435,4.1518
3436,4.152
3437,4.1521
3438,4.1521
3439,4.1523
3440,4.1524
3441,4.1526
3442,4.1527
3443,4.1529
3444,4.1529
3445,4.1531
3446,4.1532
3447,4.1534
3448,4.1535
3449,4.1535
3450,4.1537
3451,4.1539
3452,4.154
3453,4.154
3454,4.1542
3455,4.1543
3456,4.1545
3457,4.1545
3458,4.1547
3459,4.1548
3460,4.155
3461,4.155
3462,4.1551
3463,4.1553
3464,4.1554
3465,4.1554
3466,4.1556
3467,4.1558
3468,4.1558
3469,4.1559
3470,4.1561
3471,4.1561
3472,4.1562
3473,4.1564
3474,4.1564
3475,4.1566
3476,4.1567
3477,4.1567
3478,4.1569
3479,4.157
3480,4.157
3481,4.1572
3482,4.1574
3483,4.1574
3484,4.1575
3485,4.1575
3486,4.1577
3487,4.1578
3488,4.158
3489,4.158
3490,4.1581
3491,4.1581
3492,4.1583
3493,4.1583
3494,4.1585
3495,4.1586
3496,4.1586
3497,4.1588
3498,4.1589
3499,4.1589
3500,4.1591
3501,4.1591
3502,4.1593
3503,4.1593
3504,4.1594
3505,4.1596
3506,4.1596
3507,4.1597
3508,4.1597
3509,4.1599
3510,4.1599
3511,4.1601
3512,4.1602
3513,4.1602
3514,4.1604
3515,4.1604
3516,4.1605
3517,4.1605
3518,4.1607
3519,4.1607
3520,4.1609
3521,4.1609
3522,4.161
3523,4.1612
3524,4.1612
3525,4.1613
3526,4.1613
3527,4.1615
3528,4.1615
3529,4.1616
3530,4.1616
3531,4.1618
3532,4.1618
3533,4.162
3534,4.162
3535,4.1621
3536,4.1621
3537,4.1623
3538,4.1623
3539,4.1624
3540,4.1624
3541,4.1626
3542,4.1626
3543,4.1628
3544,4.1628
3545,4.1629
3546,4.1629
3547,4.1631
3548,4.1631
3549,4.1632
3550,4.1632
3551,4.1634
3552,4.1634
3553,4.1636
3554,4.1636
3555,4.1637
3556,4.1637
3557,4.1639
3558,4.1639
3559,4.164
3560,4.164
3561,4.1642
3562,4.1642
3563,4.1643
3564,4.1643
3565,4.1645
3566,4.1645
3567,4.1647
3568,4.1647
3569,4.1648
3570,4.1648
3571,4.165
3572,4.165
3573,4.1651
3574,4.1651
3575,4.1653
3576,4.1653
3577,4.1655
3578,4.1655
3579,4.1656
3580,4.1656
3581,4.1658
3582,4.1658
3583,4.1659
3584,4.1659
3585,4.1661
3586,4.1661
3587,4.1663
3588,4.1663
3589,4.1664
3590,4.1664
3591,4.1666
3592,4.1666
3593,4.1667
3594,4.1667
3595,4.1669
3596,4.167
3597,4.167
3598,4.1672
3599,4.1672
3600,4.1674
3601,4.1674
3602,4.1675
3603,4.1675
3604,4.1677
3605,4.1677
3606,4.1678
3607,4.1678
3608,4.168
3609,4.168
3610,4.1682
3611,4.1682
3612,4.1683
3613,4.1685
3614,4.1685
3615,4.1686
3616,4.1686
3617,4.1688
3618,4.1688
3619,4.169
3620,4.169
3621,4.1691
3622,4.1693
3623,4.1693
3624,4.1694
3625,4.1694
3626,4.1696
3627,4.1696
3628,4.1697
3629,4.1697
3630,4.1699
3631,4.1701
3632,4.1701
3633,4.1702
3634,4.1702
3635,4.1704
3636,4.1705
3637,4.1705
3638,4.1707
3639,4.1707
3640,4.1709
3641,4.171
3642,4.1712
3643,4.1712
3644,4.1713
3645,4.1713
3646,4.1715
3647,4.1717
3648,4.1717
3649,4.1718
3650,4.1718
3651,4.172
3652,4.1721
3653,4.1721
3654,4.1723
3655,4.1724
3656,4.1724
3657,4.1726
3658,4.1728
3659,4.1728
3660,4.1729
3661,4.1731
3662,4.1731
3663,4.1732
3664,4.1734
3665,4.1734
3666,4.1736
3667,4.1737
3668,4.1739
3669,4.1739
3670,4.174
3671,4.1742
3672,4.1744
3673,4.1744
3674,4.1745
3675,4.1747
3676,4.1747
3677,4.1748
3678,4.175
3679,4.1751
3680,4.1751
3681,4.1753
3682,4.1755
3683,4.1756
3684,4.1758
3685,4.1758
3686,4.1759
3687,4.1761
3688,4.1763
3689,4.1763
3690,4.1764
3691,4.1766
3692,4.1767
3693,4.1769
3694,4.1769
3695,4.1771
3696,4.1772
3697,4.1774
3698,4.1775
3699,4.1777
3700,4.1777
3701,4.1778
3702,4.178
3703,4.1782
3704,4.1783
3705,4.1785
3706,4.1786
3707,4.1788
3708,4.179
3709,4.179
3710,4.1791
3711,4.1793
3712,4.1794
3713,4.1796
3714,4.1798
3715,4.1799
3716,4.1801
3717,4.1802
3718,4.1804
3719,4.1805
3720,4.1807
3721,4.1809
3722,4.181
3723,4.1812
3724,4.1813
3725,4.1815
3726,4.1817
3727,4.1818
3728,4.182
3729,4.1821
3730,4.1823
3731,4.1825
3732,4.1826
3733,4.1828
3734,4.1831
3735,4.1833
3736,4.1834
3737,4.1836
3738,4.1837
3739,4.1839
3740,4.184
3741,4.1842
3742,4.1845
3743,4.1847
3744,4.1848
3745,4.185
3746,4.1852
3747,4.1855
3748,4.1856
3749,4.1858
3750,4.186
3751,4.1863
3752,4.1864
3753,4.1866
3754,4.1867
3755,4.1871
3756,4.1872
3757,4.1874
3758,4.1877
3759,4.1879
3760,4.188
3761,4.1883
3762,4.1885
3763,4.1887
3764,4.189
3765,4.1891
3766,4.1894
3767,4.1896
3768,4.1898
3769,4.1901
3770,4.1904
3771,4.1906
3772,4.1909
3773,4.191
3774,4.1914
3775,4.1915
3776,4.1918
3777,4.192
3778,4.1923
3779,4.1925
3780,4.1928
3781,4.1931
3782,4.1933
3783,4.1936
3784,4.1939
3785,4.1941
3786,4.1944
3787,4.1947
3788,4.1948
3789,4.1952
3790,4.1955
3791,4.1958
3792,4.1961
3793,4.1963
3794,4.1966
3795,4.1969
3796,4.1972
3797,4.1975
3798,4.1979
3799,4.1982
3800,4.1983
3801,4.1987
3802,4.1991
3803,4.1993
3804,4.1996
3805,4.1999
3806,4.2004
3807,4.2007
3808,4.201
3809,4.2014
3810,4.2017
3811,4.202
3812,4.2023
3813,4.2026
3814,4.2031
3815,4.2034
3816,4.2037
3817,4.2041
3818,4.2045
3819,4.2049
3820,4.2052
3821,4.2057
3822,4.206
3823,4.2063
3824,4.2068
3825,4.2071
3826,4.2076
3827,4.2079
3828,4.2084
3829,4.2087
3830,4.2091
3831,4.2096
3832,4.2099
3833,4.2104
3834,4.2107
3835,4.2112
3836,4.2117
3837,4.2122
3838,4.2126
3839,4.213
3840,4.2134
3841,4.2139
3842,4.2144
3843,4.2149
3844,4.2153
3845,4.2158
3846,4.2163
3847,4.2168
3848,4.2172
3849,4.2177
3850,4.2182
3851,4.2187
3852,4.2192
3853,4.2196
3854,4.2203
3855,4.2207
3856,4.2212
3857,4.2217
3858,4.2223
3859,4.2228
3860,4.2234
3861,4.2239
3862,4.2246
3863,4.225
3864,4.2257
3865,4.2261
3866,4.2268
3867,4.2274
3868,4.2279
3869,4.2285
3870,4.2292
3871,4.2296
3872,4.2303
3873,4.2309
3874,4.2315
3875,4.2322
3876,4.2328
3877,4.2335
3878,4.2341
3879,4.2347
3880,4.2354
3881,4.236
3882,4.2366
3883,4.2373
3884,4.2381
3885,4.2387
3886,4.2393
3887,4.2401
3888,4.2408
3889,4.2414
3890,4.2422
3891,4.2428
3892,4.2436
3893,4.2443
3894,4.2451
3895,4.2458
3896,4.2465
3897,4.2473
3898,4.2481
3899,4.2487
3900,4.2495
3901,4.2503
3902,4.2511
3903,4.2519
3904,4.2527
3905,4.2535
3906,4.2543
3907,4.2551
3908,4.2559
3909,4.2566
3910,4.2574
3911,4.2584
3912,4.2592
3913,4.26
3914,4.2608
3915,4.2617
3916,4.2625
3917,4.2635
3918,4.2643
3919,4.2652
3920,4.266
3921,4.267
3922,4.2679
3923,4.2687
3924,4.2697
3925,4.2706
3926,4.2714
3927,4.2724
3928,4.2733
3929,4.2743
3930,4.2752
3931,4.2762
3932,4.2771
3933,4.2781
3934,4.279
3935,4.28
3936,4.2811
3937,4.2821
3938,4.283
3939,4.284
3940,4.2851
3941,4.286
3942,4.287
3943,4.2881
3944,4.2891
3945,4.2902
3946,4.2911
3947,4.2922
3948,4.2932
3949,4.2943
3950,4.2954
3951,4.2964
3952,4.2975
3953,4.2986
3954,4.2997
3955,4.3
3956,4.3
3957,4.3
3958,4.3
3959,4.3
3960,4.3
3961,4.3
3962,4.2979
3963,4.2961
3964,4.2953
3965,4.2947
3966,4.2942
3967,4.2939
3968,4.2936
3969,4.2933
3970,4.2929
3971,4.2928
3972,4.2926
3973,4.2923
3974,4.2921
3975,4.292
3976,4.2918
3977,4.2917
3978,4.2915
3979,4.2913
3980,4.2913
3981,4.2912
3982,4.291
3983,4.2909
3984,4.2909
3985,4.2907
3986,4.2905
3987,4.2905
3988,4.2904
3989,4.2904
3990,4.2902
3991,4.2902
3992,4.2902
3993,4.2902
3994,4.2901
3995,4.2901
3996,4.2901
3997,4.2901
3998,4.2899
3999,4.2899
4000,4.2899
4001,4.2899
4002,4.2898
4003,4.2898
4004,4.2898
4005,4.2898
4006,4.2896
4007,4.2896
4008,4.2896
4009,4.2896
4010,4.2894
4011,4.2894
4012,4.2894
4013,4.2894
4014,4.2893
4015,4.2893
4016,4.2893
4017,4.2893
4018,4.2893
4019,4.2893
4020,4.2891
4021,4.2891
4022,4.2891
4023,4.2891
4024,4.289
4025,4.289
4026,4.289
4027,4.289
4028,4.289
4029,4.289
4030,4.2888
4031,4.2888
4032,4.2886
4033,4.2886
4034,4.2886
4035,4.2885
4036,4.2885
4037,4.2885
4038,4.2883
4039,4.2883
4040,4.2883
4041,4.2882
4042,4.2882
4043,4.2882
4044,4.288
4045,4.288
4046,4.288
4047,4.2878
4048,4.2878
4049,4.2878
4050,4.2877
4051,4.2877
4052,4.2877
4053,4.2877
4054,4.2875
4055,4.2875
4056,4.2875
4057,4.2874
4058,4.2874
4059,4.2874
4060,4.2874
4061,4.2872
4062,4.2872
4063,4.2872
4064,4.2872
4065,4.2871
4066,4.2871
4067,4.2871
4068,4.2869
4069,4.2869
4070,4.2869
4071,4.2869
4072,4.2867
4073,4.2867
4074,4.2867
4075,4.2867
4076,4.2867
4077,4.2866
4078,4.2866
4079,4.2866
4080,4.2866
4081,4.2864
4082,4.2864
4083,4.2864
4084,4.2864
4085,4.2863
4086,4.2863
4087,4.2863
4088,4.2863
4089,4.2861
4090,4.2861
4091,4.2861
4092,4.2861
4093,4.2861
4094,4.2861
4095,4.2859
4096,4.2859
4097,4.2859
4098,4.2859
4099,4.2859
4100,4.2858
4101,4.2858
4102,4.2858
4103,4.2858
4104,4.2856
4105,4.2856
4106,4.2856
4107,4.2856
4108,4.2856
4109,4.2855
4110,4.2856
4111,4.2855
4112,4.2855
4113,4.2855
4114,4.2855
4115,4.2855
4116,4.2853
4117,4.2853
4118,4.2853
4119,4.2853
4120,4.2853
4121,4.2851
4122,4.2851
4123,4.2851
4124,4.2851
4125,4.2851
4126,4.285
4127,4.285
4128,4.285
4129,4.285
4130,4.285
4131,4.285
4132,4.2848
4133,4.2848
4134,4.2848
4135,4.2848
4136,4.2848
4137,4.2847
4138,4.2847
4139,4.2847
4140,4.2847
4141,4.2847
4142,4.2847
4143,4.2847
4144,4.2845
4145,4.2845
4146,4.2845
4147,4.2845
4148,4.2845
4149,4.2844
4150,4.2845
4151,4.2844
4152,4.2844
4153,4.2844
4154,4.2844
4155,4.2842
4156,4.2842
4157,4.2842
4158,4.2842
4159,4.2842
4160,4.2842
4161,4.2842
4162,4.284
4163,4.284
4164,4.2789
4165,4.2748
4166,4.2726
4167,4.2707
4168,4.2691
4169,4.2675
4170,4.2659
4171,4.2645
4172,4.2632
4173,4.2619
4174,4.2607
4175,4.2594
4176,4.2581
4177,4.257
4178,4.2557
4179,4.2546
4180,4.2535
4181,4.2524
4182,4.2513
4183,4.2502
4184,4.2491
4185,4.248
4186,4.247
4187,4.2459
4188,4.2448
4189,4.2438
4190,4.2429
4191,4.2419
4192,4.2408
4193,4.2399
4194,4.2389
4195,4.2379
4196,4.237
4197,4.236
4198,4.2352
4199,4.2343
4200,4.2333
4201,4.2324
4202,4.2316
4203,4.2306
4204,4.2298
4205,4.2289
4206,4.2281
4207,4.2273
4208,4.2263
4209,4.2256
4210,4.2248
4211,4.224
4212,4.2232
4213,4.2224
4214,4.2216
4215,4.2208
4216,4.22
4217,4.2192
4218,4.2184
4219,4.2178
4220,4.217
4221,4.2162
4222,4.2154
4223,4.2147
4224,4.2139
4225,4.2133
4226,4.2127
4227,4.2119
4228,4.2112
4229,4.2106
4230,4.2098
4231,4.2092
4232,4.2085
4233,4.2079
4234,4.2073
4235,4.2066
4236,4.206
4237,4.2054
4238,4.2047
4239,4.2041
4240,4.2035
4241,4.2028
4242,4.2022
4243,4.2017
4244,4.2011
4245,4.2004
4246,4.2
4247,4.1993
4248,4.1989
4249,4.1982
4250,4.1977
4251,4.1971
4252,4.1966
4253,4.1961
4254,4.1955
4255,4.195
4256,4.1946
4257,4.1941
4258,4.1934
4259,4.193
4260,4.1925
4261,4.192
4262,4.1915
4263,4.1911
4264,4.1906
4265,4.1901
4266,4.1896
4267,4.1892
4268,4.1887
4269,4.1882
4270,4.1879
4271,4.1874
4272,4.1869
4273,4.1866
4274,4.1861
4275,4.1857
4276,4.1853
4277,4.1849
4278,4.1844
4279,4.1841
4280,4.1836
4281,4.1833
4282,4.1828
4283,4.1825
4284,4.182
4285,4.1817
4286,4.1814
4287,4.1811
4288,4.1807
4289,4.1803
4290,4.1799
4291,4.1795
4292,4.1791
4293,4.1788
4294,4.1785
4295,4.1782
4296,4.1779
4297,4.1774
4298,4.1771
4299,4.1768
4300,4.1764
4301,4.1761
4302,4.1758
4303,4.1755
4304,4.1752
4305,4.175
4306,4.1747
4307,4.1744
4308,4.1741
4309,4.1737
4310,4.1734
4311,4.1731
4312,4.1729
4313,4.1726
4314,4.1723
4315,4.172
4316,4.1718
4317,4.1715
4318,4.1712
4319,4.171
4320,4.1707
4321,4.1704
4322,4.1702
4323,4.1699
4324,4.1698
4325,4.1694
4326,4.1691
4327,4.169
4328,4.1687
4329,4.1685
4330,4.1682
4331,4.168
4332,4.1677
4333,4.1675
4334,4.1674
4335,4.1671
4336,4.1669
4337,4.1666
4338,4.1664
4339,4.1663
4340,4.166
4341,4.1658
4342,4.1656
4343,4.1653
4344,4.1652
4345,4.165
4346,4.1648
4347,4.1645
4348,4.1644
4349,4.1642
4350,4.164
4351,4.1637
4352,4.1636
4353,4.1634
4354,4.1633
4355,4.1631
4356,4.1629
4357,4.1626
4358,4.1625
4359,4.1623
4360,4.1621
4361,4.162
4362,4.1618
4363,4.1617
4364,4.1615
4365,4.1613
4366,4.161
4367,4.161
4368,4.1607
4369,4.1606
4370,4.1604
4371,4.1602
4372,4.1601
4373,4.1599
4374,4.1598
4375,4.1596
4376,4.1594
4377,4.1594
4378,4.1593
4379,4.1591
4380,4.159
4381,4.1588
4382,4.1586
4383,4.1585
4384,4.1583
4385,4.1582
4386,4.158
4387,4.1578
4388,4.1577
4389,4.1577
4390,4.1575
4391,4.1574
4392,4.1572
4393,4.1571
4394,4.1569
4395,4.1567
4396,4.1567
4397,4.1566
4398,4.1564
4399,4.1563
4400,4.1561
4401,4.1561
4402,4.1559
4403,4.1558
4404,4.1556
4405,4.1556
4406,4.1555
4407,4.1553
4408,4.1551
4409,4.155
4410,4.155
4411,4.1548
4412,4.1547
4413,4.1547
4414,4.1545
4415,4.1544
4416,4.1542
4417,4.1542
4418,4.154
4419,4.1539
4420,4.1539
4421,4.1537
4422,4.1536
4423,4.1536
4424,4.1534
4425,4.1532
4426,4.1532
4427,4.1531
4428,4.1529
4429,4.1529
4430,4.1528
4431,4.1528
4432,4.1526
4433,4.1524
4434,4.1524
4435,4.1523
4436,4.1521
4437,4.1521
4438,4.152
4439,4.152
4440,4.1518
4441,4.1517
4442,4.1517
4443,4.1515
4444,4.1515
4445,4.1513
4446,4.1512
4447,4.1512
4448,4.151
4449,4.151
4450,4.1509
4451,4.1509
4452,4.1507
4453,4.1505
4454,4.1505
4455,4.1504
4456,4.1504
4457,4.1502
4458,4.1502
4459,4.1501
4460,4.1501
4461,4.1499
4462,4.1499
4463,4.1497
4464,4.1497
4465,4.1496
4466,4.1496
4467,4.1494
4468,4.1494
4469,4.1493
4470,4.1491
4471,4.1491
4472,4.1491
4473,4.1489
4474,4.1489
4475,4.1488
4476,4.1486
4477,4.1486
4478,4.1485
4479,4.1485
4480,4.1483
4481,4.1483
4482,4.1482
4483,4.1482
4484,4.148
4485,4.148
4486,4.1478
4487,4.1478
4488,4.1478
4489,4.1477
4490,4.1477
4491,4.1475
4492,4.1475
4493,4.1474
4494,4.1474
4495,4.1472
4496,4.1472
4497,4.147
4498,4.147
4499,4.1469
4500,4.1469
4501,4.1467
4502,4.1467
4503,4.1466
4504,4.1466
4505,4.1464
4506,4.1464
4507,4.1464
4508,4.1462
4509,4.1462
4510,4.1461
4511,4.1461
4512,4.1459
4513,4.1459
4514,4.1458
4515,4.1458
4516,4.1458
4517,4.1456
4518,4.1456
4519,4.1455
4520,4.1455
4521,4.1453
4522,4.1453
4523,4.1451
4524,4.1451
4525,4.145
4526,4.145
4527,4.1448
4528,4.1448
4529,4.1448
4530,4.1447
4531,4.1447
4532,4.1445
4533,4.1445
4534,4.1443
4535,4.1443
4536,4.1443
4537,4.1442
4538,4.1442
4539,4.144
4540,4.144
4541,4.1439
4542,4.1439
4543,4.1437
4544,4.1437
4545,4.1437
4546,4.1435
4547,4.1435
4548,4.1434
4549,4.1434
4550,4.1432
4551,4.1432
4552,4.1431
4553,4.1431
4554,4.1431
4555,4.1429
4556,4.1429
4557,4.1428
4558,4.1428
4559,4.1426
4560,4.1426
4561,4.1424
4562,4.1424
4563,4.1424
4564,4.1423
4565,4.1423
4566,4.1421
4567,4.1421
4568,4.142
4569,4.142
4570,4.1418
4571,4.1418
4572,4.1418
4573,4.1416
4574,4.1416
4575,4.1415
4576,4.1415
4577,4.1413
4578,4.1413
4579,4.1412
4580,4.1412
4581,4.141
4582,4.141
4583,4.1408
4584,4.1408
4585,4.1408
4586,4.1407
4587,4.1407
4588,4.1405
4589,4.1405
4590,4.1404
4591,4.1404
4592,4.1402
4593,4.1402
4594,4.14
4595,4.14
4596,4.1399
4597,4.1399
4598,4.1397
4599,4.1397
4600,4.1397
4601,4.1396
4602,4.1396
4603,4.1394
4604,4.1394
4605,4.1393
4606,4.1393
4607,4.1391
4608,4.1391
4609,4.1389
4610,4.1389
4611,4.1388
4612,4.1388
4613,4.1386
4614,4.1386
4615,4.1385
4616,4.1385
4617,4.1383
4618,4.1383
4619,4.1381
4620,4.1381
4621,4.138
4622,4.1378
4623,4.1378
4624,4.1377
4625,4.1377
4626,4.1375
4627,4.1375
4628,4.1373
4629,4.1373
4630,4.1372
4631,4.1372
4632,4.137
4633,4.137
4634,4.1369
4635,4.1367
4636,4.1367
4637,4.1367
4638,4.1366
4639,4.1364
4640,4.1364
4641,4.1362
4642,4.1361
4643,4.1361
4644,4.1359
4645,4.1359
4646,4.1358
4647,4.1358
4648,4.1356
4649,4.1354
4650,4.1354
4651,4.1353
4652,4.1353
4653,4.1351
4654,4.135
4655,4.135
4656,4.1348
4657,4.1346
4658,4.1346
4659,4.1345
4660,4.1345
4661,4.1343
4662,4.1342
4663,4.1342
4664,4.134
4665,4.1339
4666,4.1339
4667,4.1337
4668,4.1335
4669,4.1335
4670,4.1334
4671,4.1332
4672,4.1332
4673,4.1331
4674,4.1329
4675,4.1327
4676,4.1327
4677,4.1326
4678,4.1324
4679,4.1323
4680,4.1323
4681,4.1321
4682,4.1319
4683,4.1318
4684,4.1318
4685,4.1316
4686,4.1315
4687,4.1315
4688,4.1313
4689,4.1311
4690,4.131
4691,4.131
4692,4.1308
4693,4.1307
4694,4.1305
4695,4.1304
4696,4.1302
4697,4.1302
4698,4.13
4699,4.1299
4700,4.1297
4701,4.1296
4702,4.1294
4703,4.1294
4704,4.1292
4705,4.1291
4706,4.1289
4707,4.1288
4708,4.1286
4709,4.1284
4710,4.1284
4711,4.1283
4712,4.1281
4713,4.128
4714,4.1278
4715,4.1277
4716,4.1275
4717,4.1273
4718,4.1272
4719,4.127
4720,4.1269
4721,4.1267
4722,4.1265
4723,4.1265
4724,4.1262
4725,4.1262
4726,4.1261
4727,4.1259
4728,4.1257
4729,4.1256
4730,4.1253
4731,4.1251
4732,4.125
4733,4.1248
4734,4.1246
4735,4.1245
4736,4.1243
4737,4.1242
4738,4.124
4739,4.1238
4740,4.1237
4741,4.1235
4742,4.1234
4743,4.1232
4744,4.123
4745,4.1227
4746,4.1226
4747,4.1224
4748,4.1222
4749,4.1221
4750,4.1219
4751,4.1218
4752,4.1216
4753,4.1213
4754,4.1211
4755,4.121
4756,4.1208
4757,4.1207
4758,4.1203
4759,4.1202
4760,4.12
4761,4.1199
4762,4.1197
4763,4.1195
4764,4.1192
4765,4.1191
4766,4.1189
4767,4.1188
4768,4.1184
4769,4.1183
4770,4.1181
4771,4.118
4772,4.1176
4773,4.1175
4774,4.1173
4775,4.117
4776,4.1168
4777,4.1167
4778,4.1165
4779,4.1162
4780,4.1161
4781,4.1159
4782,4.1156
4783,4.1154
4784,4.1153
4785,4.1149
4786,4.1148
4787,4.1146
4788,4.1143
4789,4.1141
4790,4.1138
4791,4.1137
4792,4.1135
4793,4.1132
4794,4.113
4795,4.1127
4796,4.1126
4797,4.1122
4798,4.1121
4799,4.1119
4800,4.1116
4801,4.1114
4802,4.1111
4803,4.111
4804,4.1106
4805,4.1105
4806,4.1102
4807,4.11
4808,4.1097
4809,4.1095
4810,4.1094
4811,4.1091
4812,4.1087
4813,4.1086
4814,4.1083
4815,4.1081
4816,4.1078
4817,4.1076
4818,4.1073
4819,4.1072
4820,4.1068
4821,4.1067
4822,4.1064
4823,4.106
4824,4.1059
4825,4.1056
4826,4.1054
4827,4.1051
4828,4.1048
4829,4.1046
4830,4.1043
4831,4.1041
4832,4.1038
4833,4.1035
4834,4.1033
4835,4.103
4836,4.1027
4837,4.1025
4838,4.1022
4839,4.1019
4840,4.1017
4841,4.1014
4842,4.1011
4843,4.101
4844,4.1006
4845,4.1003
4846,4.1002
4847,4.0998
4848,4.0995
4849,4.0992
4850,4.099
4851,4.0987
4852,4.0984
4853,4.0981
4854,4.0979
4855,4.0976
4856,4.0973
4857,4.097
4858,4.0968
4859,4.0965
4860,4.0962
4861,4.0959
4862,4.0957
4863,4.0954
4864,4.0951
4865,4.0948
4866,4.0944
4867,4.0941
4868,4.094
4869,4.0936
4870,4.0933
4871,4.093
4872,4.0927
4873,4.0924
4874,4.0922
4875,4.0919
4876,4.0916
4877,4.0913
4878,4.0909
4879,4.0906
4880,4.0903
4881,4.0901
4882,4.0898
4883,4.0895
4884,4.0892
4885,4.0889
4886,4.0886
4887,4.0882
4888,4.0881
4889,4.0878
4890,4.0874
4891,4.0871
4892,4.0868
4893,4.0865
4894,4.0862
4895,4.0859
4896,4.0855
4897,4.0852
4898,4.0851
4899,4.0847
4900,4.0844
4901,4.0841
4902,4.0838
4903,4.0835
4904,4.0832
4905,4.0828
4906,4.0825
4907,4.0822
4908,4.0819
4909,4.0816
4910,4.0812
4911,4.0809
4912,4.0806
4913,4.0803
4914,4.08
4915,4.0797
4916,4.0795
4917,4.0792
4918,4.0789
4919,4.0785
4920,4.0782
4921,4.0779
4922,4.0776
4923,4.0773
4924,4.077
4925,4.0766
4926,4.0763
4927,4.076
4928,4.0757
4929,4.0754
4930,4.075
4931,4.0747
4932,4.0744
4933,4.0741
4934,4.0738
4935,4.0735
4936,4.0731
4937,4.0728
4938,4.0725
4939,4.0722
4940,4.0719
4941,4.0716
4942,4.0712
4943,4.0709
4944,4.0706
4945,4.0703
4946,4.07
4947,4.0696
4948,4.0693
4949,4.069
4950,4.0687
4951,4.0684
4952,4.0681
4953,4.0677
4954,4.0674
4955,4.0671
4956,4.0668
4957,4.0665
4958,4.0661
4959,4.0658
4960,4.0655
4961,4.0652
4962,4.0649
4963,4.0646
4964,4.0642
4965,4.0639
4966,4.0636
4967,4.0633
4968,4.063
4969,4.0627
4970,4.0623
4971,4.062
4972,4.0617
4973,4.0614
4974,4.0611
4975,4.0607
4976,4.0604
4977,4.0601
4978,4.0598
4979,4.0595
4980,4.0593
4981,4.059
4982,4.0587
4983,4.0584
4984,4.058
4985,4.0577
4986,4.0574
4987,4.0571
4988,4.0568
4989,4.0565
4990,4.0561
4991,4.0558
4992,4.0555
4993,4.0552
4994,4.0549
4995,4.0547
4996,4.0542
4997,4.0541
4998,4.0538
4999,4.0534
5000,4.0531
5001,4.0528
5002,4.0525
5003,4.0522
5004,4.0518
5005,4.0515
5006,4.0514
5007,4.0511
5008,4.0507
5009,4.0504
5010,4.0501
5011,4.0498
5012,4.0495
5013,4.0493
5014,4.049
5015,4.0487
5016,4.0484
5017,4.048
5018,4.0477
5019,4.0474
5020,4.0472
5021,4.0469
5022,4.0466
5023,4.0463
5024,4.0461
5025,4.0458
5026,4.0455
5027,4.0452
5028,4.0449
5029,4.0447
5030,4.0444
5031,4.0441
5032,4.0437
5033,4.0436
5034,4.0433
5035,4.0429
5036,4.0426
5037,4.0425
5038,4.0422
5039,4.0418
5040,4.0415
5041,4.0414
5042,4.041
5043,4.0407
5044,4.0406
5045,4.0402
5046,4.0399
5047,4.0398
5048,4.0395
5049,4.0391
5050,4.039
5051,4.0387
5052,4.0383
5053,4.0382
5054,4.0379
5055,4.0375
5056,4.0374
5057,4.0371
5058,4.0367
5059,4.0366
5060,4.0363
5061,4.0361
5062,4.0358
5063,4.0355
5064,4.0353
5065,4.035
5066,4.0348
5067,4.0345
5068,4.0344
5069,4.034
5070,4.0337
5071,4.0336
5072,4.0333
5073,4.0331
5074,4.0328
5075,4.0326
5076,4.0323
5077,4.0321
5078,4.0318
5079,4.0317
5080,4.0313
5081,4.0312
5082,4.0309
5083,4.0307
5084,4.0304
5085,4.0302
5086,4.0299
5087,4.0298
5088,4.0296
5089,4.0293
5090,4.0291
5091,4.0288
5092,4.0286
5093,4.0283
5094,4.0282
5095,4.028
5096,4.0277
5097,4.0275
5098,4.0274
5099,4.0271
5100,4.0269
5101,4.0266
5102,4.0264
5103,4.0263
5104,4.0259
5105,4.0258
5106,4.0256
5107,4.0253
5108,4.0251
5109,4.025
5110,4.0247
5111,4.0245
5112,4.0244
5113,4.024
5114,4.0239
5115,4.0237
5116,4.0236
5117,4.0232
5118,4.0231
5119,4.0229
5120,4.0226
5121,4.0224
5122,4.0223
5123,4.0221
5124,4.0218
5125,4.0217
5126,4.0215
5127,4.0213
5128,4.0212
5129,4.0209
5130,4.0207
5131,4.0205
5132,4.0204
5133,4.0201
5134,4.0199
5135,4.0197
5136,4.0196
5137,4.0194
5138,4.0193
5139,4.0189
5140,4.0188
5141,4.0186
5142,4.0185
5143,4.0183
5144,4.018
5145,4.0178
5146,4.0177
5147,4.0175
5148,4.0174
5149,4.0172
5150,4.017
5151,4.0167
5152,4.0166
5153,4.0164
5154,4.0162
5155,4.0161
5156,4.0159
5157,4.0158
5158,4.0156
5159,4.0155
5160,4.0151
5161,4.015
5162,4.0148
5163,4.0147
5164,4.0145
5165,4.0143
5166,4.0142
5167,4.014
5168,4.0139
5169,4.0137
5170,4.0135
5171,4.0134
5172,4.0132
5173,4.0129
5174,4.0128
5175,4.0126
5176,4.0124
5177,4.0123
5178,4.0121
5179,4.012
5180,4.0118
5181,4.0116
5182,4.0115
5183,4.0113
5184,4.0112
5185,4.011
5186,4.0108
5187,4.0107
5188,4.0105
5189,4.0104
5190,4.0102
5191,4.01
5192,4.0099
5193,4.0097
5194,4.0096
5195,4.0094
5196,4.0093
5197,4.0091
5198,4.0089
5199,4.0088
5200,4.0086
5201,4.0083
5202,4.0083
5203,4.0081
5204,4.008
5205,4.0077
5206,4.0077
5207,4.0073
5208,4.0072
5209,4.0072
5210,4.0069
5211,4.0069
5212,4.0066
5213,4.0064
5214,4.0064
5215,4.0061
5216,4.0059
5217,4.0058
5218,4.0056
5219,4.0056
5220,4.0053
5221,4.0053
5222,4.005
5223,4.0048
5224,4.0046
5225,4.0045
5226,4.0043
5227,4.0042
5228,4.004
5229,4.0039
5230,4.0037
5231,4.0035
5232,4.0034
5233,4.0032
5234,4.0031
5235,4.0029
5236,4.0027
5237,4.0026
5238,4.0024
5239,4.0023
5240,4.0021
5241,4.0019
5242,4.0018
5243,4.0016
5244,4.0015
5245,4.0013
5246,4.0012
5247,4.001
5248,4.0008
5249,4.0007
5250,4.0005
5251,4.0004
5252,4.0002
5253,4.0
5254,3.9999
5255,3.9997
5256,3.9996
5257,3.9994
5258,3.9992
5259,3.9991
5260,3.9989
5261,3.9988
5262,3.9986
5263,3.9984
5264,3.9983
5265,3.9981
5266,3.998
5267,3.9978
5268,3.9975
5269,3.9973
5270,3.9972
5271,3.997
5272,3.9969
5273,3.9967
5274,3.9965
5275,3.9964
5276,3.9962
5277,3.9961
5278,3.9959
5279,3.9957
5280,3.9956
5281,3.9953
5282,3.9951
5283,3.9951
5284,3.9948
5285,3.9946
5286,3.9945
5287,3.9943
5288,3.9942
5289,3.994
5290,3.9938
5291,3.9935
5292,3.9934
5293,3.9932
5294,3.993
5295,3.9929
5296,3.9927
5297,3.9926
5298,3.9923
5299,3.9921
5300,3.9919
5301,3.9918
5302,3.9916
5303,3.9915
5304,3.9911
5305,3.9911
5306,3.9908
5307,3.9907
5308,3.9905
5309,3.9902
5310,3.9902
5311,3.9899
5312,3.9897
5313,3.9895
5314,3.9894
5315,3.9892
5316,3.9891
5317,3.9888
5318,3.9886
5319,3.9884
5320,3.9883
5321,3.9881
5322,3.9878
5323,3.9878
5324,3.9875
5325,3.9873
5326,3.987
5327,3.9868
5328,3.9867
5329,3.9864
5330,3.9862
5331,3.9861
5332,3.9859
5333,3.9856
5334,3.9854
5335,3.9853
5336,3.9851
5337,3.9848
5338,3.9846
5339,3.9845
5340,3.9841
5341,3.984
5342,3.9838
5343,3.9837
5344,3.9834
5345,3.9832
5346,3.983
5347,3.9829
5348,3.9826
5349,3.9824
5350,3.9821
5351,3.9819
5352,3.9816
5353,3.9814
5354,3.9813
5355,3.981
5356,3.9808
5357,3.9806
5358,3.9803
5359,3.9802
5360,3.9799
5361,3.9797
5362,3.9795
5363,3.9794
5364,3.9791
5365,3.9789
5366,3.9786
5367,3.9784
5368,3.9781
5369,3.9779
5370,3.9776
5371,3.9775
5372,3.9772
5373,3.977
5374,3.9768
5375,3.9765
5376,3.9762
5377,3.976
5378,3.9757
5379,3.9756
5380,3.9754
5381,3.9751
5382,3.9749
5383,3.9746
5384,3.9743
5385,3.9741
5386,3.974
5387,3.9737
5388,3.9733
5389,3.9732
5390,3.9729
5391,3.9727
5392,3.9724
5393,3.9722
5394,3.9719
5395,3.9717
5396,3.9714
5397,3.9713
5398,3.971
5399,3.9706
5400,3.9705
5401,3.9702
5402,3.9698
5403,3.9697
5404,3.9695
5405,3.9692
5406,3.9689
5407,3.9687
5408,3.9684
5409,3.9681
5410,3.9679
5411,3.9676
5412,3.9675
5413,3.9671
5414,3.9668
5415,3.9667
5416,3.9663
5417,3.9662
5418,3.9659
5419,3.9656
5420,3.9654
5421,3.9651
5422,3.9648
5423,3.9646
5424,3.9643
5425,3.964
5426,3.9638
5427,3.9635
5428,3.9632
5429,3.963
5430,3.9627
5431,3.9624
5432,3.9622
5433,3.9619
5434,3.9616
5435,3.9613
5436,3.9611
5437,3.9608
5438,3.9605
5439,3.9603
5440,3.96
5441,3.9597
5442,3.9595
5443,3.9592
5444,3.9589
5445,3.9586
5446,3.9584
5447,3.9581
5448,3.9578
5449,3.9576
5450,3.9573
5451,3.957
5452,3.9567
5453,3.9565
5454,3.9562
5455,3.9559
5456,3.9555
5457,3.9552
5458,3.9551
5459,3.9547
5460,3.9544
5461,3.9541
5462,3.954
5463,3.9536
5464,3.9533
5465,3.953
5466,3.9528
5467,3.9525
5468,3.9522
5469,3.9519
5470,3.9517
5471,3.9514
5472,3.9511
5473,3.9508
5474,3.9505
5475,3.9503
5476,3.95
5477,3.9497
5478,3.9493
5479,3.9492
5480,3.9489
5481,3.9485
5482,3.9482
5483,3.9479
5484,3.9478
5485,3.9474
5486,3.9471
5487,3.9468
5488,3.9466
5489,3.9463
5490,3.946
5491,3.9457
5492,3.9454
5493,3.9452
5494,3.9449
5495,3.9446
5496,3.9443
5497,3.9439
5498,3.9438
5499,3.9435
5500,3.9431
5501,3.9428
5502,3.9425
5503,3.9423
5504,3.942
5505,3.9417
5506,3.9414
5507,3.9412
5508,3.9409
5509,3.9406
5510,3.9403
5511,3.94
5512,3.9398
5513,3.9395
5514,3.9392
5515,3.9389
5516,3.9387
5517,3.9384
5518,3.9381
5519,3.9377
5520,3.9374
5521,3.9373
5522,3.9369
5523,3.9366
5524,3.9363
5525,3.9362
5526,3.9358
5527,3.9355
5528,3.9352
5529,3.935
5530,3.9347
5531,3.9344
5532,3.9341
5533,3.9338
5534,3.9336
5535,3.9333
5536,3.933
5537,3.9327
5538,3.9325
5539,3.9322
5540,3.9319
5541,3.9317
5542,3.9314
5543,3.9311
5544,3.9307
5545,3.9306
5546,3.9303
5547,3.93
5548,3.9296
5549,3.9295
5550,3.9292
5551,3.9288
5552,3.9285
5553,3.9284
5554,3.928
5555,3.9277
5556,3.9276
5557,3.9273
5558,3.9269
5559,3.9268
5560,3.9265
5561,3.9261
5562,3.9258
5563,3.9257
5564,3.9253
5565,3.925
5566,3.9247
5567,3.9245
5568,3.9242
5569,3.9241
5570,3.9238
5571,3.9234
5572,3.9231
5573,3.923
5574,3.9226
5575,3.9223
5576,3.9222
5577,3.9218
5578,3.9217
5579,3.9214
5580,3.9211
5581,3.9207
5582,3.9206
5583,3.9203
5584,3.9199
5585,3.9198
5586,3.9195
5587,3.9193
5588,3.919
5589,3.9187
5590,3.9185
5591,3.9182
5592,3.9179
5593,3.9177
5594,3.9174
5595,3.9172
5596,3.9169
5597,3.9166
5598,3.9164
5599,3.9161
5600,3.9158
5601,3.9157
5602,3.9153
5603,3.9152
5604,3.9149
5605,3.9147
5606,3.9144
5607,3.9141
5608,3.9139
5609,3.9136
5610,3.9133
5611,3.9131
5612,3.9128
5613,3.9126
5614,3.9123
5615,3.9122
5616,3.9118
5617,3.9115
5618,3.9114
5619,3.911
5620,3.9109
5621,3.9106
5622,3.9104
5623,3.9101
5624,3.9099
5625,3.9096
5626,3.9093
5627,3.9091
5628,3.9088
5629,3.9087
5630,3.9083
5631,3.9082
5632,3.9079
5633,3.9077
5634,3.9074
5635,3.9072
5636,3.9069
5637,3.9067
5638,3.9064
5639,3.9061
5640,3.906
5641,3.9056
5642,3.9055
5643,3.9052
5644,3.905
5645,3.9047
5646,3.9045
5647,3.9042
5648,3.904
5649,3.9037
5650,3.9036
5651,3.9033
5652,3.9031
5653,3.9028
5654,3.9026
5655,3.9023
5656,3.9021
5657,3.9018
5658,3.9017
5659,3.9015
5660,3.9012
5661,3.9009
5662,3.9007
5663,3.9004
5664,3.9002
5665,3.8999
5666,3.8998
5667,3.8996
5668,3.8993
5669,3.8991
5670,3.8988
5671,3.8986
5672,3.8983
5673,3.8982
5674,3.8979
5675,3.8977
5676,3.8974
5677,3.8972
5678,3.8969
5679,3.8967
5680,3.8964
5681,3.8963
5682,3.8961
5683,3.8958
5684,3.8956
5685,3.8953
5686,3.8951
5687,3.8948
5688,3.8947
5689,3.8944
5690,3.8942
5691,3.8939
5692,3.8937
5693,3.8934
5694,3.8932
5695,3.8929
5696,3.8928
5697,3.8926
5698,3.8923
5699,3.8921
5700,3.8918
5701,3.8917
5702,3.8913
5703,3.8912
5704,3.8909
5705,3.8907
5706,3.8905
5707,3.8902
5708,3.8901
5709,3.8897
5710,3.8896
5711,3.8893
5712,3.8891
5713,3.889
5714,3.8886
5715,3.8885
5716,3.8882
5717,3.888
5718,3.8877
5719,3.8875
5720,3.8872
5721,3.887
5722,3.8869
5723,3.8866
5724,3.8864
5725,3.8861
5726,3.8859
5727,3.8856
5728,3.8855
5729,3.8851
5730,3.885
5731,3.8847
5732,3.8845
5733,3.8843
5734,3.884
5735,3.8839
5736,3.8835
5737,3.8834
5738,3.8831
5739,3.8829
5740,3.8826
5741,3.8824
5742,3.8821
5743,3.882
5744,3.8818
5745,3.8815
5746,3.8813
5747,3.881
5748,3.8808
5749,3.8805
5750,3.8804
5751,3.8801
5752,3.8799
5753,3.8797
5754,3.8794
5755,3.8793
5756,3.8789
5757,3.8788
5758,3.8785
5759,3.8783
5760,3.878
5761,3.8778
5762,3.8777
5763,3.8773
5764,3.8772
5765,3.8769
5766,3.8767
5767,3.8764
5768,3.8762
5769,3.8759
5770,3.8758
5771,3.8754
5772,3.8753
5773,3.875
5774,3.8748
5775,3.8745
5776,3.8743
5777,3.874
5778,3.8739
5779,3.8735
5780,3.8734
5781,3.8731
5782,3.8729
5783,3.8726
5784,3.8724
5785,3.8721
5786,3.8719
5787,3.8716
5788,3.8715
5789,3.8712
5790,3.871
5791,3.8707
5792,3.8705
5793,3.8702
5794,3.87
5795,3.8697
5796,3.8696
5797,3.8694
5798,3.8691
5799,3.8689
5800,3.8686
5801,3.8684
5802,3.8681
5803,3.868
5804,3.8677
5805,3.8673
5806,3.8672
5807,3.8669
5808,3.8667
5809,3.8664
5810,3.8662
5811,3.8659
5812,3.8657
5813,3.8654
5814,3.8653
5815,3.865
5816,3.8648
5817,3.8645
5818,3.8643
5819,3.864
5820,3.8638
5821,3.8635
5822,3.8634
5823,3.863
5824,3.8627
5825,3.8626
5826,3.8623
5827,3.8621
5828,3.8618
5829,3.8616
5830,3.8613
5831,3.8611
5832,3.8608
5833,3.8607
5834,3.8603
5835,3.8602
5836,3.8599
5837,3.8595
5838,3.8594
5839,3.8591
5840,3.8589
5841,3.8586
5842,3.8584
5843,3.8581
5844,3.858
5845,3.8576
5846,3.8573
5847,3.8572
5848,3.8568
5849,3.8567
5850,3.8564
5851,3.8562
5852,3.8559
5853,3.8556
5854,3.8554
5855,3.8551
5856,3.8549
5857,3.8546
5858,3.8545
5859,3.8541
5860,3.8538
5861,3.8537
5862,3.8534
5863,3.8532
5864,3.8529
5865,3.8527
5866,3.8524
5867,3.8522
5868,3.8519
5869,3.8516
5870,3.8514
5871,3.8511
5872,3.851
5873,3.8506
5874,3.8505
5875,3.8502
5876,3.8499
5877,3.8497
5878,3.8494
5879,3.8492
5880,3.8489
5881,3.8487
5882,3.8484
5883,3.8481
5884,3.8479
5885,3.8476
5886,3.8475
5887,3.8472
5888,3.8468
5889,3.8467
5890,3.8464
5891,3.8462
5892,3.8459
5893,3.8457
5894,3.8454
5895,3.8451
5896,3.8449
5897,3.8446
5898,3.8445
5899,3.8441
5900,3.844
5901,3.8437
5902,3.8433
5903,3.8432
5904,3.8429
5905,3.8427
5906,3.8424
5907,3.8422
5908,3.8419
5909,3.8416
5910,3.8414
5911,3.8411
5912,3.841
5913,3.8406
5914,3.8403
5915,3.8402
5916,3.8398
5917,3.8397
5918,3.8394
5919,3.8392
5920,3.8389
5921,3.8387
5922,3.8384
5923,3.8381
5924,3.8379
5925,3.8376
5926,3.8375
5927,3.8371
5928,3.837
5929,3.8367
5930,3.8365
5931,3.8362
5932,3.8359
5933,3.8357
5934,3.8354
5935,3.8352
5936,3.8349
5937,3.8346
5938,3.8344
5939,3.8341
5940,3.834
5941,3.8336
5942,3.8335
5943,3.8332
5944,3.833
5945,3.8327
5946,3.8325
5947,3.8322
5948,3.8321
5949,3.8317
5950,3.8314
5951,3.8313
5952,3.8309
5953,3.8308
5954,3.8305
5955,3.8303
5956,3.83
5957,3.8298
5958,3.8295
5959,3.8294
5960,3.829
5961,3.8289
5962,3.8286
5963,3.8284
5964,3.8281
5965,3.8279
5966,3.8276
5967,3.8274
5968,3.8271
5969,3.827
5970,3.8267
5971,3.8265
5972,3.8262
5973,3.8259
5974,3.8257
5975,3.8254
5976,3.8252
5977,3.8251
5978,3.8247
5979,3.8244
5980,3.8243
5981,3.8241
5982,3.8238
5983,3.8236
5984,3.8233
5985,3.8232
5986,3.8228
5987,3.8227
5988,3.8224
5989,3.8222
5990,3.8219
5991,3.8217
5992,3.8214
5993,3.8212
5994,3.8209
5995,3.8208
5996,3.8205
5997,3.8203
5998,3.82
5999,3.8198
6000,3.8195
6001,3.8193
6002,3.8192
6003,3.8189
6004,3.8187
6005,3.8184
6006,3.8182
6007,3.8179
6008,3.8178
6009,3.8174
6010,3.8173
6011,3.817
6012,3.8168
6013,3.8166
6014,3.8163
6015,3.8162
6016,3.8158
6017,3.8157
6018,3.8154
6019,3.8152
6020,3.8151
6021,3.8147
6022,3.8146
6023,3.8143
6024,3.8141
6025,3.8139
6026,3.8136
6027,3.8135
6028,3.8131
6029,3.813
6030,3.8127
6031,3.8125
6032,3.8123
6033,3.812
6034,3.8119
6035,3.8116
6036,3.8114
6037,3.8112
6038,3.8109
6039,3.8108
6040,3.8104
6041,3.8103
6042,3.8101
6043,3.8098
6044,3.8096
6045,3.8093
6046,3.8092
6047,3.809
6048,3.8087
6049,3.8085
6050,3.8082
6051,3.8081
6052,3.8079
6053,3.8076
6054,3.8074
6055,3.8073
6056,3.8069
6057,3.8068
6058,3.8066
6059,3.8063
6060,3.8062
6061,3.806
6062,3.8057
6063,3.8055
6064,3.8054
6065,3.805
6066,3.8049
6067,3.8047
6068,3.8044
6069,3.8042
6070,3.8039
6071,3.8038
6072,3.8036
6073,3.8033
6074,3.8031
6075,3.803
6076,3.8028
6077,3.8025
6078,3.8023
6079,3.802
6080,3.8019
6081,3.8017
6082,3.8014
6083,3.8012
6084,3.8011
6085,3.8009
6086,3.8006
6087,3.8004
6088,3.8003
6089,3.8
6090,3.7998
6091,3.7996
6092,3.7993
6093,3.7992
6094,3.799
6095,3.7987
6096,3.7985
6097,3.7984
6098,3.7982
6099,3.7979
6100,3.7977
6101,3.7976
6102,3.7973
6103,3.7971
6104,3.7969
6105,3.7966
6106,3.7965
6107,3.7963
6108,3.7961
6109,3.7958
6110,3.7957
6111,3.7955
6112,3.7952
6113,3.795
6114,3.7949
6115,3.7947
6116,3.7945
6117,3.7942
6118,3.7941
6119,3.7939
6120,3.7936
6121,3.7934
6122,3.7933
6123,3.7931
6124,3.7928
6125,3.7926
6126,3.7925
6127,3.7923
6128,3.792
6129,3.7918
6130,3.7917
6131,3.7915
6132,3.7912
6133,3.7911
6134,3.7909
6135,3.7907
6136,3.7904
6137,3.7903
6138,3.7901
6139,3.7899
6140,3.7896
6141,3.7895
6142,3.7893
6143,3.7891
6144,3.789
6145,3.7887
6146,3.7885
6147,3.7884
6148,3.7882
6149,3.7879
6150,3.7877
6151,3.7876
6152,3.7874
6153,3.7872
6154,3.7869
6155,3.7868
6156,3.7866
6157,3.7864
6158,3.7861
6159,3.786
6160,3.7858
6161,3.7857
6162,3.7855
6163,3.7852
6164,3.785
6165,3.7849
6166,3.7847
6167,3.7845
6168,3.7842
6169,3.7841
6170,3.7839
6171,3.7837
6172,3.7836
6173,3.7834
6174,3.7831
6175,3.7829
6176,3.7828
6177,3.7826
6178,3.7823
6179,3.7822
6180,3.782
6181,3.7818
6182,3.7817
6183,3.7814
6184,3.7812
6185,3.781
6186,3.7809
6187,3.7807
6188,3.7806
6189,3.7804
6190,3.7801
6191,3.7799
6192,3.7798
6193,3.7796
6194,3.7793
6195,3.7791
6196,3.779
6197,3.7788
6198,3.7787
6199,3.7785
6200,3.7782
6201,3.778
6202,3.7779
6203,3.7777
6204,3.7775
6205,3.7774
6206,3.7772
6207,3.7769
6208,3.7768
6209,3.7766
6210,3.7764
6211,3.7763
6212,3.7761
6213,3.7758
6214,3.7756
6215,3.7755
6216,3.7753
6217,3.7752
6218,3.775
6219,3.7748
6220,3.7745
6221,3.7744
6222,3.7742
6223,3.774
6224,3.7739
6225,3.7736
6226,3.7734
6227,3.7733
6228,3.7731
6229,3.7729
6230,3.7728
6231,3.7726
6232,3.7723
6233,3.7721
6234,3.772
6235,3.7718
6236,3.7717
6237,3.7715
6238,3.7713
6239,3.771
6240,3.7709
6241,3.7707
6242,3.7706
6243,3.7704
6244,3.7702
6245,3.7701
6246,3.7699
6247,3.7696
6248,3.7694
6249,3.7693
6250,3.7691
6251,3.769
6252,3.7688
6253,3.7686
6254,3.7683
6255,3.7682
6256,3.768
6257,3.7679
6258,3.7677
6259,3.7675
6260,3.7674
6261,3.7672
6262,3.7669
6263,3.7667
6264,3.7666
6265,3.7664
6266,3.7663
6267,3.7661
6268,3.7659
6269,3.7656
6270,3.7655
6271,3.7653
6272,3.7651
6273,3.765
6274,3.7648
6275,3.7647
6276,3.7645
6277,3.7644
6278,3.7642
6279,3.7639
6280,3.7637
6281,3.7636
6282,3.7634
6283,3.7632
6284,3.7631
6285,3.7629
6286,3.7626
6287,3.7624
6288,3.7623
6289,3.7621
6290,3.762
6291,3.7618
6292,3.7617
6293,3.7615
6294,3.7613
6295,3.761
6296,3.7609
6297,3.7607
6298,3.7605
6299,3.7604
6300,3.7602
6301,3.7601
6302,3.7599
6303,3.7597
6304,3.7594
6305,3.7593
6306,3.7591
6307,3.759
6308,3.7588
6309,3.7586
6310,3.7585
6311,3.7583
6312,3.7582
6313,3.758
6314,3.7577
6315,3.7575
6316,3.7574
6317,3.7572
6318,3.757
6319,3.7569
6320,3.7567
6321,3.7566
6322,3.7564
6323,3.7562
6324,3.7559
6325,3.7558
6326,3.7556
6327,3.7555
6328,3.7553
6329,3.7551
6330,3.755
6331,3.7548
6332,3.7547
6333,3.7545
6334,3.7543
6335,3.754
6336,3.7539
6337,3.7537
6338,3.7535
6339,3.7534
6340,3.7532
6341,3.7531
6342,3.7529
6343,3.7526
6344,3.7524
6345,3.7523
6346,3.7521
6347,3.752
6348,3.7518
6349,3.7516
6350,3.7515
6351,3.7513
6352,3.7512
6353,3.751
6354,3.7507
6355,3.7505
6356,3.7504
6357,3.7502
6358,3.7501
6359,3.7499
6360,3.7497
6361,3.7496
6362,3.7494
6363,3.7493
6364,3.7491
6365,3.7488
6366,3.7486
6367,3.7485
6368,3.7483
6369,3.7481
6370,3.748
6371,3.7478
6372,3.7477
6373,3.7475
6374,3.7473
6375,3.7472
6376,3.7469
6377,3.7467
6378,3.7466
6379,3.7464
6380,3.7462
6381,3.7461
6382,3.7459
6383,3.7458
6384,3.7456
6385,3.7454
6386,3.7451
6387,3.745
6388,3.7448
6389,3.7446
6390,3.7445
6391,3.7443
6392,3.7442
6393,3.744
6394,3.7439
6395,3.7437
6396,3.7435
6397,3.7434
6398,3.7431
6399,3.7429
6400,3.7427
6401,3.7426
6402,3.7424
6403,3.7423
6404,3.7421
6405,3.7419
6406,3.7418
6407,3.7415
6408,3.7413
6409,3.7412
6410,3.741
6411,3.7408
6412,3.7407
6413,3.7405
6414,3.7404
6415,3.7402
6416,3.74
6417,3.7399
6418,3.7396
6419,3.7394
6420,3.7392
6421,3.7391
6422,3.7389
6423,3.7388
6424,3.7386
6425,3.7385
6426,3.7383
6427,3.7381
6428,3.738
6429,3.7377
6430,3.7375
6431,3.7373
6432,3.7372
6433,3.737
6434,3.7369
6435,3.7367
6436,3.7365
6437,3.7364
6438,3.7362
6439,3.7359
6440,3.7357
6441,3.7356
6442,3.7354
6443,3.7353
6444,3.7351
6445,3.735
6446,3.7348
6447,3.7346
6448,3.7345
6449,3.7343
6450,3.734
6451,3.7338
6452,3.7337
6453,3.7335
6454,3.7334
6455,3.7332
6456,3.733
6457,3.7329
6458,3.7327
6459,3.7324
6460,3.7323
6461,3.7321
6462,3.7319
6463,3.7318
6464,3.7316
6465,3.7315
6466,3.7313
6467,3.7311
6468,3.731
6469,3.7308
6470,3.7305
6471,3.7303
6472,3.7302
6473,3.73
6474,3.7299
6475,3.7297
6476,3.7296
6477,3.7294
6478,3.7292
6479,3.7291
6480,3.7288
6481,3.7286
6482,3.7284
6483,3.7283
6484,3.7281
6485,3.728
6486,3.7278
6487,3.7276
6488,3.7275
6489,3.7273
6490,3.727
6491,3.7268
6492,3.7267
6493,3.7265
6494,3.7264
6495,3.7262
6496,3.7261
6497,3.7259
6498,3.7257
6499,3.7254
6500,3.7253
6501,3.7251
6502,3.7249
6503,3.7248
6504,3.7246
6505,3.7245
6506,3.7243
6507,3.7241
6508,3.7238
6509,3.7237
6510,3.7235
6511,3.7234
6512,3.7232
6513,3.723
6514,3.7229
6515,3.7227
6516,3.7226
6517,3.7224
6518,3.7221
6519,3.7219
6520,3.7218
6521,3.7216
6522,3.7214
6523,3.7213
6524,3.7211
6525,3.721
6526,3.7208
6527,3.7205
6528,3.7203
6529,3.7202
6530,3.72
6531,3.7199
6532,3.7197
6533,3.7195
6534,3.7194
6535,3.7192
6536,3.7189
6537,3.7187
6538,3.7186
6539,3.7184
6540,3.7183
6541,3.7181
6542,3.7179
6543,3.7178
6544,3.7176
6545,3.7173
6546,3.7172
6547,3.717
6548,3.7168
6549,3.7167
6550,3.7165
6551,3.7164
6552,3.7162
6553,3.716
6554,3.7157
6555,3.7156
6556,3.7154
6557,3.7152
6558,3.7151
6559,3.7149
6560,3.7148
6561,3.7146
6562,3.7143
6563,3.7141
6564,3.714
6565,3.7138
6566,3.7137
6567,3.7135
6568,3.7133
6569,3.7132
6570,3.713
6571,3.7127
6572,3.7125
6573,3.7124
6574,3.7122
6575,3.7121
6576,3.7119
6577,3.7118
6578,3.7116
6579,3.7113
6580,3.7111
6581,3.711
6582,3.7108
6583,3.7106
6584,3.7105
6585,3.7102
6586,3.71
6587,3.7098
6588,3.7097
6589,3.7095
6590,3.7094
6591,3.7092
6592,3.709
6593,3.7089
6594,3.7086
6595,3.7084
6596,3.7083
6597,3.7081
6598,3.7079
6599,3.7078
6600,3.7076
6601,3.7075
6602,3.7071
6603,3.707
6604,3.7068
6605,3.7067
6606,3.7065
6607,3.7063
6608,3.7062
6609,3.7059
6610,3.7057
6611,3.7056
6612,3.7054
6613,3.7052
6614,3.7051
6615,3.7049
6616,3.7048
6617,3.7044
6618,3.7043
6619,3.7041
6620,3.704
6621,3.7038
6622,3.7036
6623,3.7035
6624,3.7032
6625,3.703
6626,3.7029
6627,3.7027
6628,3.7025
6629,3.7024
6630,3.7022
6631,3.7021
6632,3.7019
6633,3.7016
6634,3.7014
6635,3.7013
6636,3.7011
6637,3.7009
6638,3.7006
6639,3.7005
6640,3.7003
6641,3.7002
6642,3.7
6643,3.6998
6644,3.6997
6645,3.6995
6646,3.6992
6647,3.699
6648,3.6989
6649,3.6987
6650,3.6986
6651,3.6984
6652,3.6981
6653,3.6979
6654,3.6978
6655,3.6976
6656,3.6974
6657,3.6973
6658,3.6971
6659,3.697
6660,3.6967
6661,3.6965
6662,3.6963
6663,3.6962
6664,3.696
6665,3.6959
6666,3.6955
6667,3.6954
6668,3.6952
6669,3.6951
6670,3.6949
6671,3.6947
6672,3.6946
6673,3.6943
6674,3.6941
6675,3.694
6676,3.6938
6677,3.6936
6678,3.6935
6679,3.6933
6680,3.693
6681,3.6928
6682,3.6927
6683,3.6925
6684,3.6924
6685,3.6922
6686,3.692
6687,3.6919
6688,3.6916
6689,3.6914
6690,3.6913
6691,3.6911
6692,3.6909
6693,3.6906
6694,3.6905
6695,3.6903
6696,3.6901
6697,3.69
6698,3.6898
6699,3.6897
6700,3.6893
6701,3.6892
6702,3.689
6703,3.6889
6704,3.6887
6705,3.6885
6706,3.6882
6707,3.6881
6708,3.6879
6709,3.6878
6710,3.6876
6711,3.6874
6712,3.6873
6713,3.687
6714,3.6868
6715,3.6866
6716,3.6865
6717,3.6863
6718,3.6862
6719,3.686
6720,3.6858
6721,3.6855
6722,3.6854
6723,3.6852
6724,3.6851
6725,3.6849
6726,3.6847
6727,3.6844
6728,3.6843
6729,3.6841
6730,3.6839
6731,3.6838
6732,3.6836
6733,3.6833
6734,3.6831
6735,3.683
6736,3.6828
6737,3.6827
6738,3.6825
6739,3.6823
6740,3.682
6741,3.6819
6742,3.6817
6743,3.6816
6744,3.6814
6745,3.6812
6746,3.6809
6747,3.6808
6748,3.6806
6749,3.6804
6750,3.6803
6751,3.6801
6752,3.68
6753,3.6796
6754,3.6795
6755,3.6793
6756,3.6792
6757,3.679
6758,3.6789
6759,3.6787
6760,3.6784
6761,3.6782
6762,3.6781
6763,3.6779
6764,3.6777
6765,3.6776
6766,3.6773
6767,3.6771
6768,3.6769
6769,3.6768
6770,3.6766
6771,3.6765
6772,3.6763
6773,3.676
6774,3.6758
6775,3.6757
6776,3.6755
6777,3.6754
6778,3.6752
6779,3.6749
6780,3.6747
6781,3.6746
6782,3.6744
6783,3.6742
6784,3.6741
6785,3.6739
6786,3.6736
6787,3.6735
6788,3.6733
6789,3.6731
6790,3.673
6791,3.6728
6792,3.6727
6793,3.6723
6794,3.6722
6795,3.672
6796,3.6719
6797,3.6717
6798,3.6715
6799,3.6714
6800,3.6711
6801,3.6709
6802,3.6707
6803,3.6706
6804,3.6704
6805,3.6703
6806,3.6701
6807,3.6698
6808,3.6696
6809,3.6695
6810,3.6693
6811,3.6692
6812,3.669
6813,3.6688
6814,3.6687
6815,3.6684
6816,3.6682
6817,3.668
6818,3.6679
6819,3.6677
6820,3.6676
6821,3.6674
6822,3.6673
6823,3.6669
6824,3.6668
6825,3.6666
6826,3.6665
6827,3.6663
6828,3.6661
6829,3.666
6830,3.6657
6831,3.6655
6832,3.6653
6833,3.6652
6834,3.665
6835,3.6649
6836,3.6647
6837,3.6646
6838,3.6644
6839,3.6641
6840,3.6639
6841,3.6638
6842,3.6636
6843,3.6634
6844,3.6633
6845,3.6631
6846,3.663
6847,3.6628
6848,3.6625
6849,3.6623
6850,3.6622
6851,3.662
6852,3.6618
6853,3.6615
6854,3.6615
6855,3.6612
6856,3.6611
6857,3.6609
6858,3.6607
6859,3.6606
6860,3.6604
6861,3.6603
6862,3.6601
6863,3.6599
6864,3.6596
6865,3.6596
6866,3.6595
6867,3.6591
6868,3.659
6869,3.6588
6870,3.6587
6871,3.6585
6872,3.6584
6873,3.658
6874,3.6579
6875,3.6577
6876,3.6576
6877,3.6574
6878,3.6572
6879,3.6571
6880,3.6569
6881,3.6568
6882,3.6566
6883,3.6563
6884,3.6561
6885,3.656
6886,3.6558
6887,3.6557
6888,3.6555
6889,3.6553
6890,3.6552
6891,3.655
6892,3.6549
6893,3.6545
6894,3.6545
6895,3.6542
6896,3.6541
6897,3.6539
6898,3.6537
6899,3.6536
6900,3.6534
6901,3.6533
6902,3.6531
6903,3.6529
6904,3.6526
6905,3.6526
6906,3.6523
6907,3.6522
6908,3.652
6909,3.6518
6910,3.6517
6911,3.6515
6912,3.6514
6913,3.6512
6914,3.651
6915,3.6509
6916,3.6507
6917,3.6504
6918,3.6502
6919,3.6501
6920,3.6499
6921,3.6498
6922,3.6496
6923,3.6495
6924,3.6491
6925,3.649
6926,3.6488
6927,3.6487
6928,3.6485
6929,3.6483
6930,3.6482
6931,3.648
6932,3.6479
6933,3.6477
6934,3.6475
6935,3.6472
6936,3.6471
6937,3.6469
6938,3.6468
6939,3.6466
6940,3.6464
6941,3.6463
6942,3.6461
6943,3.646
6944,3.6458
6945,3.6456
6946,3.6453
6947,3.6452
6948,3.645
6949,3.6448
6950,3.6447
6951,3.6445
6952,3.6444
6953,3.6442
6954,3.644
6955,3.6439
6956,3.6437
6957,3.6436
6958,3.6433
6959,3.6431
6960,3.6429
6961,3.6428
6962,3.6426
6963,3.6425
6964,3.6423
6965,3.6421
6966,3.642
6967,3.6417
6968,3.6415
6969,3.6413
6970,3.6412
6971,3.641
6972,3.6409
6973,3.6407
6974,3.6406
6975,3.6402
6976,3.6401
6977,3.6399
6978,3.6398
6979,3.6396
6980,3.6394
6981,3.6393
6982,3.6391
6983,3.6388
6984,3.6386
6985,3.6385
6986,3.6383
6987,3.6382
6988,3.638
6989,3.6379
6990,3.6377
6991,3.6374
6992,3.6372
6993,3.6371
6994,3.6369
6995,3.6367
6996,3.6366
6997,3.6364
6998,3.6361
6999,3.6359
7000,3.6358
7001,3.6356
7002,3.6355
7003,3.6353
7004,3.6352
7005,3.635
7006,3.6347
7007,3.6345
7008,3.6344
7009,3.6342
7010,3.634
7011,3.6337
7012,3.6336
7013,3.6334
7014,3.6332
7015,3.6331
7016,3.6329
7017,3.6326
7018,3.6324
7019,3.6323
7020,3.6321
7021,3.632
7022,3.6317
7023,3.6315
7024,3.6313
7025,3.6312
7026,3.631
7027,3.6309
7028,3.6305
7029,3.6304
7030,3.6302
7031,3.6301
7032,3.6297
7033,3.6296
7034,3.6294
7035,3.6293
7036,3.6291
7037,3.629
7038,3.6286
7039,3.6285
7040,3.6283
7041,3.6282
7042,3.6278
7043,3.6277
7044,3.6275
7045,3.6274
7046,3.6272
7047,3.6269
7048,3.6267
7049,3.6266
7050,3.6263
7051,3.6261
7052,3.6259
7053,3.6258
7054,3.6255
7055,3.6253
7056,3.6251
7057,3.625
7058,3.6247
7059,3.6245
7060,3.6243
7061,3.6242
7062,3.6239
7063,3.6237
7064,3.6235
7065,3.6232
7066,3.6231
7067,3.6229
7068,3.6228
7069,3.6224
7070,3.6223
7071,3.6221
7072,3.622
7073,3.6216
7074,3.6215
7075,3.6212
7076,3.621
7077,3.6208
7078,3.6205
7079,3.6204
7080,3.6202
7081,3.6199
7082,3.6197
7083,3.6194
7084,3.6193
7085,3.6191
7086,3.6188
7087,3.6186
7088,3.6185
7089,3.6181
7090,3.618
7091,3.6177
7092,3.6175
7093,3.6174
7094,3.617
7095,3.6169
7096,3.6166
7097,3.6164
7098,3.6162
7099,3.6159
7100,3.6158
7101,3.6154
7102,3.6153
7103,3.615
7104,3.6148
7105,3.6145
7106,3.6143
7107,3.6142
7108,3.6139
7109,3.6137
7110,3.6134
7111,3.6132
7112,3.6129
7113,3.6126
7114,3.6124
7115,3.6121
7116,3.6119
7117,3.6116
7118,3.6115
7119,3.6112
7120,3.611
7121,3.6107
7122,3.6105
7123,3.6102
7124,3.61
7125,3.6097
7126,3.6096
7127,3.6092
7128,3.6089
7129,3.6088
7130,3.6085
7131,3.6081
7132,3.608
7133,3.6077
7134,3.6073
7135,3.6072
7136,3.6069
7137,3.6065
7138,3.6064
7139,3.6061
7140,3.6057
7141,3.6056
7142,3.6053
7143,3.605
7144,3.6048
7145,3.6045
7146,3.6042
7147,3.6038
7148,3.6037
7149,3.6034
7150,3.603
7151,3.6027
7152,3.6024
7153,3.6023
7154,3.6019
7155,3.6016
7156,3.6013
7157,3.601
7158,3.6008
7159,3.6005
7160,3.6002
7161,3.5999
7162,3.5996
7163,3.5992
7164,3.5989
7165,3.5988
7166,3.5984
7167,3.5981
7168,3.5978
7169,3.5975
7170,3.5972
7171,3.5968
7172,3.5965
7173,3.5962
7174,3.5959
7175,3.5956
7176,3.5953
7177,3.5949
7178,3.5946
7179,3.5943
7180,3.594
7181,3.5937
7182,3.5934
7183,3.5929
7184,3.5927
7185,3.5922
7186,3.5919
7187,3.5916
7188,3.5913
7189,3.591
7190,3.5905
7191,3.5902
7192,3.5899
7193,3.5895
7194,3.5892
7195,3.5889
7196,3.5884
7197,3.5881
7198,3.5878
7199,3.5873
7200,3.587
7201,3.5867
7202,3.5862
7203,3.5859
7204,3.5856
7205,3.5851
7206,3.5848
7207,3.5845
7208,3.584
7209,3.5837
7210,3.5832
7211,3.5829
7212,3.5825
7213,3.5821
7214,3.5818
7215,3.5813
7216,3.581
7217,3.5805
7218,3.5802
7219,3.5797
7220,3.5792
7221,3.5789
7222,3.5784
7223,3.5781
7224,3.5776
7225,3.5771
7226,3.5768
7227,3.5763
7228,3.576
7229,3.5756
7230,3.5751
7231,3.5746
7232,3.5743
7233,3.5738
7234,3.5733
7235,3.5729
7236,3.5725
7237,3.5721
7238,3.5716
7239,3.5711
7240,3.5706
7241,3.5703
7242,3.5698
7243,3.5694
7244,3.5689
7245,3.5684
7246,3.5679
7247,3.5674
7248,3.567
7249,3.5665
7250,3.566
7251,3.5655
7252,3.5651
7253,3.5646
7254,3.5641
7255,3.5636
7256,3.5632
7257,3.5627
7258,3.5622
7259,3.5617
7260,3.5611
7261,3.5606
7262,3.5601
7263,3.5597
7264,3.5592
7265,3.5587
7266,3.5581
7267,3.5576
7268,3.5571
7269,3.5566
7270,3.556
7271,3.5555
7272,3.5551
7273,3.5544
7274,3.5539
7275,3.5535
7276,3.5528
7277,3.5524
7278,3.5519
7279,3.5512
7280,3.5508
7281,3.5503
7282,3.5496
7283,3.5492
7284,3.5485
7285,3.5481
7286,3.5474
7287,3.5469
7288,3.5463
7289,3.5458
7290,3.5452
7291,3.5447
7292,3.5442
7293,3.5436
7294,3.5431
7295,3.5425
7296,3.5419
7297,3.5414
7298,3.5407
7299,3.5403
7300,3.5396
7301,3.5392
7302,3.5385
7303,3.5379
7304,3.5374
7305,3.5368
7306,3.5361
7307,3.5357
7308,3.535
7309,3.5344
7310,3.5339
7311,3.5333
7312,3.5326
7313,3.5322
7314,3.5315
7315,3.5309
7316,3.5304
7317,3.5298
7318,3.5291
7319,3.5285
7320,3.528
7321,3.5274
7322,3.5268
7323,3.5263
7324,3.5257
7325,3.525
7326,3.5244
7327,3.5239
7328,3.5233
7329,3.5226
7330,3.522
7331,3.5214
7332,3.5209
7333,3.5202
7334,3.5196
7335,3.519
7336,3.5183
7337,3.5177
7338,3.5172
7339,3.5166
7340,3.516
7341,3.5153
7342,3.5147
7343,3.5141
7344,3.5134
7345,3.5128
7346,3.5121
7347,3.5115
7348,3.5109
7349,3.5102
7350,3.5094
7351,3.5088
7352,3.5082
7353,3.5075
7354,3.5069
7355,3.5061
7356,3.5055
7357,3.5048
7358,3.5042
7359,3.5034
7360,3.5028
7361,3.5021
7362,3.5013
7363,3.5007
7364,3.4999
7365,3.4993
7366,3.4985
7367,3.4977
7368,3.497
7369,3.4963
7370,3.4955
7371,3.4948
7372,3.494
7373,3.4932
7374,3.4924
7375,3.4916
7376,3.4908
7377,3.4901
7378,3.4893
7379,3.4885
7380,3.4877
7381,3.4869
7382,3.4859
7383,3.4851
7384,3.4843
7385,3.4834
7386,3.4826
7387,3.4816
7388,3.4807
7389,3.4799
7390,3.4789
7391,3.478
7392,3.4772
7393,3.4762
7394,3.4753
7395,3.4743
7396,3.4732
7397,3.4723
7398,3.4713
7399,3.4703
7400,3.4692
7401,3.4683
7402,3.4672
7403,3.4662
7404,3.4651
7405,3.464
7406,3.463
7407,3.4619
7408,3.4608
7409,3.4597
7410,3.4586
7411,3.4575
7412,3.4562
7413,3.4551
7414,3.4538
7415,3.4527
7416,3.4514
7417,3.4502
7418,3.4491
7419,3.4478
7420,3.4465
7421,3.4452
7422,3.444
7423,3.4427
7424,3.4413
7425,3.44
7426,3.4387
7427,3.4373
7428,3.4359
7429,3.4346
7430,3.4332
7431,3.4317
7432,3.4303
7433,3.4289
7434,3.4274
7435,3.4258
7436,3.4244
7437,3.4228
7438,3.4214
7439,3.4198
7440,3.4184
7441,3.4168
7442,3.4152
7443,3.4136
7444,3.412
7445,3.4104
7446,3.4087
7447,3.4071
7448,3.4053
7449,3.4038
7450,3.402
7451,3.4003
7452,3.3985
7453,3.3968
7454,3.395
7455,3.3933
7456,3.3915
7457,3.3896
7458,3.3879
7459,3.386
7460,3.3842
7461,3.3823
7462,3.3804
7463,3.3785
7464,3.3766
7465,3.3747
7466,3.3728
7467,3.3707
7468,3.3688
7469,3.3667
7470,3.3647
7471,3.3628
7472,3.3607
7473,3.3586
7474,3.3564
7475,3.3543
7476,3.3523
7477,3.35
7478,3.3478
7479,3.3458
7480,3.3435
7481,3.3413
7482,3.3391
7483,3.3367
7484,3.3345
7485,3.3322
7486,3.3299
7487,3.3276
7488,3.3252
7489,3.3228
7490,3.3204
7491,3.318
7492,3.3155
7493,3.3131
7494,3.3106
7495,3.3082
7496,3.3056
7497,3.3031
7498,3.3006
7499,3.298
7500,3.2953
7501,3.2926
7502,3.2901
7503,3.2874
7504,3.2847
7505,3.282
7506,3.2793
7507,3.2764
7508,3.2737
7509,3.2709
7510,3.268
7511,3.2651
7512,3.2623
7513,3.2593
7514,3.2562
7515,3.2534
7516,3.2504
7517,3.2473
7518,3.2442
7519,3.2412
7520,3.238
7521,3.2348
7522,3.2316
7523,3.2284
7524,3.2253
7525,3.2221
7526,3.2188
7527,3.2154
7528,3.2119
7529,3.2086
7530,3.2051
7531,3.2018
7532,3.1983
7533,3.1948
7534,3.1911
7535,3.1876
7536,3.184
7537,3.1803
7538,3.1765
7539,3.1729
7540,3.169
7541,3.1652
7542,3.1614
7543,3.1574
7544,3.1536
7545,3.1497
7546,3.1457
7547,3.1416
7548,3.1374
7549,3.1333
7550,3.1292
7551,3.125
7552,3.1208
7553,3.1165
7554,3.1122
7555,3.1077
7556,3.1033
7557,3.0988
7558,3.0942
7559,3.0898
7560,3.0852
7561,3.0804
7562,3.0756
7563,3.071
7564,3.0661
7565,3.0612
7566,3.0564
7567,3.0513
7568,3.0464
7569,3.0413
7570,3.0361
7571,3.031
7572,3.0256
7573,3.0204
7574,3.015
7575,3.0096
7576,3.004
7577,2.9984
7578,2.9929
7579,2.9872
7580,2.9815
7581,2.9756
7582,2.9697
7583,2.9637
7584,2.9576
7585,2.9516
7586,2.9454
7587,2.9392
7588,2.9328
7589,2.9263
7590,2.9198
7591,2.9133
7592,2.9066
7593,2.9
7594,2.8931
7595,2.8862
7596,2.879
7597,2.872
7598,2.8647
7599,2.8574
7600,2.8501
7601,2.8426
7602,2.835
7603,2.8272
7604,2.8194
7605,2.8115
7606,2.8036
7607,2.7953
7608,2.787
7609,2.7788
7610,2.7702
7611,2.7618
7612,2.753
7613,2.7441
7614,2.7353
7615,2.7262
7616,2.7171
7617,2.7078
7618,2.6984
7619,2.689
7620,2.6793
7621,2.6697
7622,2.6598
7623,2.65
7624,2.6398
7625,2.6298
7626,2.6195
7627,2.6091
7628,2.5987
7629,2.588
7630,2.5774
7631,2.5666
7632,2.5556
7633,2.5445
7634,2.5334
7635,2.5221
7636,2.5107
7637,2.5
7638,2.5195
7639,2.6233
7640,2.7241
7641,2.8258
7642,2.8904
7643,2.9908
7644,3.0712
7645,3.1717
7646,3.181
7647,3.2583
7648,3.3166
7649,3.3605
7650,3.393
7651,3.4166
7652,3.433
7653,3.4444
7654,3.4525
7655,3.4584
7656,3.463
7657,3.4667
7658,3.4697
7659,3.4723
7660,3.4743
7661,3.4762
7662,3.4778
7663,3.4794
7664,3.4808
7665,3.4819
7666,3.4831
7667,3.4842
7668,3.4851
7669,3.4859
7670,3.4869
7671,3.4877
7672,3.4885
7673,3.4891
7674,3.4897
7675,3.4904
7676,3.491
7677,3.4916
7678,3.4921
7679,3.4926
7680,3.4932
7681,3.4937
7682,3.4942
7683,3.4947
7684,3.495
7685,3.4955
7686,3.4959
7687,3.4963
7688,3.4966
7689,3.497
7690,3.4974
7691,3.4977
7692,3.498
7693,3.4983
7694,3.4986
7695,3.499
7696,3.4993
7697,3.4996
7698,3.4999
7699,3.5002
7700,3.5004
7701,3.5007
7702,3.501
7703,3.5012
7704,3.5015
7705,3.5017
7706,3.502
7707,3.5021
7708,3.5024
7709,3.5026
7710,3.5028
7711,3.5031
7712,3.5032
7713,3.5036
7714,3.5037
7715,3.5039
7716,3.504
7717,3.5042
7718,3.5045
7719,3.5047
7720,3.5048
7721,3.505
7722,3.5052
7723,3.5053
7724,3.5056
7725,3.5058
7726,3.5059
7727,3.5061
7728,3.5063
7729,3.5064
7730,3.5066
7731,3.5067
7732,3.5069
7733,3.5071
7734,3.5072
7735,3.5072
7736,3.5074
7737,3.5075
7738,3.5077
7739,3.5079
7740,3.508
7741,3.5082
7742,3.5083
7743,3.5083
7744,3.5085
7745,3.5086
7746,3.5088
7747,3.509
7748,3.509
7749,3.5091
7750,3.5093
7751,3.5094
7752,3.5094
7753,3.5096
7754,3.5098
7755,3.5099
7756,3.5099
7757,3.5101
7758,3.5102
7759,3.5102
7760,3.5104
7761,3.5106
7762,3.5107
7763,3.5107
7764,3.5109
7765,3.5109
7766,3.511
7767,3.5112
7768,3.5112
7769,3.5113
7770,3.5113
7771,3.5115
7772,3.5117
7773,3.5117
7774,3.5118
7775,3.5118
7776,3.512
7777,3.5121
7778,3.5121
7779,3.5123
7780,3.5123
7781,3.5125
7782,3.5125
7783,3.5126
7784,3.5126
7785,3.5128
7786,3.5128
7787,3.5129
7788,3.5131
7789,3.5131
7790,3.5133
7791,3.5133
7792,3.5133
7793,3.5134
7794,3.5134
7795,3.5136
7796,3.5136
7797,3.5137
7798,3.5137
7799,3.5139
7800,3.5139
7801,3.5141
7802,3.5141
7803,3.5142
7804,3.5142
7805,3.5144
7806,3.5144
7807,3.5144
7808,3.5145
7809,3.5145
7810,3.5147
7811,3.5147
7812,3.5147
7813,3.5148
7814,3.5148
7815,3.515
7816,3.515
7817,3.5152
7818,3.5152
7819,3.5152
7820,3.5153
7821,3.5153
7822,3.5155
7823,3.5155
7824,3.5239
7825,3.5624
7826,3.5662
7827,3.5686
7828,3.5703
7829,3.5716
7830,3.5729
7831,3.5738
7832,3.5746
7833,3.5756
7834,3.5762
7835,3.5768
7836,3.5776
7837,3.5783
7838,3.5786
7839,3.5792
7840,3.5797
7841,3.5803
7842,3.5808
7843,3.5813
7844,3.5816
7845,3.5821
7846,3.5826
7847,3.583
7848,3.5834
7849,3.5838
7850,3.5843
7851,3.5846
7852,3.5849
7853,3.5853
7854,3.5857
7855,3.5861
7856,3.5864
7857,3.5869
7858,3.5872
7859,3.5875
7860,3.588
7861,3.5883
7862,3.5886
7863,3.5888
7864,3.5891
7865,3.5894
7866,3.5897
7867,3.59
7868,3.5903
7869,3.5907
7870,3.591
7871,3.5913
7872,3.5916
7873,3.5918
7874,3.5921
7875,3.5924
7876,3.5927
7877,3.5929
7878,3.5932
7879,3.5935
7880,3.5938
7881,3.594
7882,3.5943
7883,3.5946
7884,3.5948
7885,3.5951
7886,3.5953
7887,3.5956
7888,3.5959
7889,3.5961
7890,3.5964
7891,3.5965
7892,3.5969
7893,3.597
7894,3.5973
7895,3.5975
7896,3.5978
7897,3.598
7898,3.5983
7899,3.5985
7900,3.5988
7901,3.5991
7902,3.5992
7903,3.5994
7904,3.5997
7905,3.5999
7906,3.6
7907,3.6002
7908,3.6004
7909,3.6007
7910,3.6008
7911,3.6012
7912,3.6013
7913,3.6015
7914,3.6016
7915,3.6019
7916,3.6021
7917,3.6023
7918,3.6026
7919,3.6027
7920,3.6029
7921,3.6031
7922,3.6034
7923,3.6035
7924,3.6037
7925,3.6039
7926,3.6042
7927,3.6043
7928,3.6045
7929,3.6046
7930,3.6048
7931,3.605
7932,3.6051
7933,3.6054
7934,3.6056
7935,3.6058
7936,3.6059
7937,3.6061
7938,3.6062
7939,3.6066
7940,3.6067
7941,3.6069
7942,3.607
7943,3.6072
7944,3.6073
7945,3.6075
7946,3.6077
7947,3.6078
7948,3.6081
7949,3.6081
7950,3.6085
7951,3.6086
7952,3.6088
7953,3.6089
7954,3.6091
7955,3.6093
7956,3.6094
7957,3.6096
7958,3.6097
7959,3.6099
7960,3.61
7961,3.6102
7962,3.6104
7963,3.6105
7964,3.6107
7965,3.6108
7966,3.611
7967,3.6112
7968,3.6113
7969,3.6115
7970,3.6116
7971,3.6118
7972,3.612
7973,3.6121
7974,3.6123
7975,3.6124
7976,3.6126
7977,3.6127
7978,3.6129
7979,3.6131
7980,3.6131
7981,3.6132
7982,3.6134
7983,3.6135
7984,3.6137
7985,3.6139
7986,3.614
7987,3.6142
7988,3.6143
7989,3.6145
7990,3.6147
7991,3.6148
7992,3.615
7993,3.6151
7994,3.6153
7995,3.6154
7996,3.6154
7997,3.6156
7998,3.6158
7999,3.6159
8000,3.6161
8001,3.6162
8002,3.6164
8003,3.6166
8004,3.6167
8005,3.6167
8006,3.6169
8007,3.617
8008,3.6172
8009,3.6174
8010,3.6175
8011,3.6177
8012,3.6178
8013,3.6178
8014,3.618
8015,3.6181
8016,3.6183
8017,3.6185
8018,3.6186
8019,3.6188
8020,3.6189
8021,3.6189
8022,3.6191
8023,3.6193
8024,3.6194
8025,3.6196
8026,3.6197
8027,3.6199
8028,3.6199
8029,3.6201
8030,3.6202
8031,3.6204
8032,3.6205
8033,3.6207
8034,3.6209
8035,3.6209
8036,3.621
8037,3.6212
8038,3.6213
8039,3.6215
8040,3.6216
8041,3.6218
8042,3.6218
8043,3.622
8044,3.6221
8045,3.6223
8046,3.6224
8047,3.6224
8048,3.6226
8049,3.6228
8050,3.6229
8051,3.6231
8052,3.6232
8053,3.6234
8054,3.6234
8055,3.6236
8056,3.6237
8057,3.6239
8058,3.624
8059,3.6242
8060,3.6242
8061,3.6243
8062,3.6245
8063,3.6247
8064,3.6248
8065,3.6248
8066,3.625
8067,3.6251
8068,3.6253
8069,3.6255
8070,3.6256
8071,3.6256
8072,3.6258
8073,3.6259
8074,3.6261
8075,3.6263
8076,3.6264
8077,3.6264
8078,3.6266
8079,3.6267
8080,3.6269
8081,3.627
8082,3.627
8083,3.6272
8084,3.6274
8085,3.6275
8086,3.6277
8087,3.6277
8088,3.6278
8089,3.628
8090,3.6282
8091,3.6283
8092,3.6283
8093,3.6285
8094,3.6286
8095,3.6288
8096,3.629
8097,3.629
8098,3.6291
8099,3.6293
8100,3.6294
8101,3.6296
8102,3.6297
8103,3.6297
8104,3.6299
8105,3.6301
8106,3.6302
8107,3.6304
8108,3.6304
8109,3.6305
8110,3.6307
8111,3.6309
8112,3.631
8113,3.631
8114,3.6312
8115,3.6313
8116,3.6315
8117,3.6317
8118,3.6317
8119,3.6318
8120,3.632
8121,3.6321
8122,3.6323
8123,3.6323
8124,3.6324
8125,3.6326
8126,3.6328
8127,3.6329
8128,3.6329
8129,3.6331
8130,3.6332
8131,3.6334
8132,3.6336
8133,3.6336
8134,3.6337
8135,3.6339
8136,3.634
8137,3.6342
8138,3.6342
8139,3.6344
8140,3.6345
8141,3.6347
8142,3.6348
8143,3.6348
8144,3.635
8145,3.6351
8146,3.6353
8147,3.6355
8148,3.6355
8149,3.6356
8150,3.6358
8151,3.6359
8152,3.6359
8153,3.6361
8154,3.6363
8155,3.6364
8156,3.6364
8157,3.6367
8158,3.6367
8159,3.6369
8160,3.6371
8161,3.6371
8162,3.6372
8163,3.6374
8164,3.6375
8165,3.6377
8166,3.6377
8167,3.6378
8168,3.638
8169,3.6382
8170,3.6383
8171,3.6383
8172,3.6385
8173,3.6386
8174,3.6388
8175,3.6388
8176,3.639
8177,3.6391
8178,3.6393
8179,3.6393
8180,3.6394
8181,3.6396
8182,3.6398
8183,3.6399
8184,3.6399
8185,3.6401
8186,3.6402
8187,3.6404
8188,3.6406
8189,3.6406
8190,3.6407
8191,3.6409
8192,3.641
8193,3.641
8194,3.6412
8195,3.6413
8196,3.6415
8197,3.6417
8198,3.6417
8199,3.6418
8200,3.642
8201,3.6421
8202,3.6423
8203,3.6423
8204,3.6425
8205,3.6426
8206,3.6428
8207,3.6428
8208,3.6429
8209,3.6431
8210,3.6433
8211,3.6434
8212,3.6434
8213,3.6436
8214,3.6437
8215,3.6439
8216,3.6439
8217,3.644
8218,3.6442
8219,3.6444
8220,3.6445
8221,3.6445
8222,3.6447
8223,3.6448
8224,3.645
8225,3.645
8226,3.6452
8227,3.6453
8228,3.6455
8229,3.6455
8230,3.6456
8231,3.6458
8232,3.646
8233,3.646
8234,3.6461
8235,3.6463
8236,3.6464
8237,3.6466
8238,3.6466
8239,3.6467
8240,3.6469
8241,3.6471
8242,3.6471
8243,3.6472
8244,3.6474
8245,3.6475
8246,3.6475
8247,3.6477
8248,3.6479
8249,3.648
8250,3.6482
8251,3.6482
8252,3.6483
8253,3.6485
8254,3.6487
8255,3.6487
8256,3.6488
8257,3.649
8258,3.6491
8259,3.6491
8260,3.6493
8261,3.6494
8262,3.6496
8263,3.6496
8264,3.6498
8265,3.6499
8266,3.6501
8267,3.6501
8268,3.6502
8269,3.6504
8270,3.6506
8271,3.6506
8272,3.6507
8273,3.6509
8274,3.651
8275,3.651
8276,3.6512
8277,3.6514
8278,3.6515
8279,3.6517
8280,3.6517
8281,3.6518
8282,3.652
8283,3.6521
8284,3.6521
8285,3.6523
8286,3.6525
8287,3.6526
8288,3.6526
8289,3.6528
8290,3.6529
8291,3.6531
8292,3.6531
8293,3.6533
8294,3.6534
8295,3.6536
8296,3.6536
8297,3.6537
8298,3.6539
8299,3.6541
8300,3.6541
8301,3.6542
8302,3.6544
8303,3.6545
8304,3.6545
8305,3.6547
8306,3.6548
8307,3.6548
8308,3.655
8309,3.6552
8310,3.6553
8311,3.6555
8312,3.6555
8313,3.6556
8314,3.6558
8315,3.6558
8316,3.656
8317,3.6561
8318,3.6563
8319,3.6563
8320,3.6564
8321,3.6566
8322,3.6568
8323,3.6568
8324,3.6569
8325,3.6571
8326,3.6572
8327,3.6572
8328,3.6574
8329,3.6575
8330,3.6575
8331,3.6577
8332,3.6579
8333,3.658
8334,3.658
8335,3.6582
8336,3.6583
8337,3.6585
8338,3.6585
8339,3.6587
8340,3.6588
8341,3.659
8342,3.659
8343,3.6591
8344,3.6593
8345,3.6593
8346,3.6595
8347,3.6596
8348,3.6598
8349,3.6598
8350,3.6599
8351,3.6601
8352,3.6603
8353,3.6603
8354,3.6604
8355,3.6606
8356,3.6607
8357,3.6607
8358,3.6609
8359,3.661
8360,3.6612
8361,3.6612
8362,3.6614
8363,3.6615
8364,3.6617
8365,3.6617
8366,3.6618
8367,3.662
8368,3.662
8369,3.6622
8370,3.6623
8371,3.6623
8372,3.6625
8373,3.6626
8374,3.6628
8375,3.6628
8376,3.663
8377,3.6631
8378,3.6633
8379,3.6633
8380,3.6634
8381,3.6636
8382,3.6637
8383,3.6637
8384,3.6639
8385,3.6641
8386,3.6641
8387,3.6642
8388,3.6644
8389,3.6645
8390,3.6645
8391,3.6647
8392,3.6649
8393,3.665
8394,3.665
8395,3.6652
8396,3.6653
8397,3.6653
8398,3.6655
8399,3.6657
8400,3.6658
8401,3.6658
8402,3.666
8403,3.6661
8404,3.6663
8405,3.6663
8406,3.6664
8407,3.6666
8408,3.6666
8409,3.6668
8410,3.6669
8411,3.6669
8412,3.6671
8413,3.6672
8414,3.6674
8415,3.6674
8416,3.6676
8417,3.6677
8418,3.6679
8419,3.6679
8420,3.668
8421,3.6682
8422,3.6684
8423,3.6684
8424,3.6685
8425,3.6687
8426,3.6687
8427,3.6688
8428,3.669
8429,3.6691
8430,3.6691
8431,3.6693
8432,3.6695
8433,3.6696
8434,3.6696
8435,3.6698
8436,3.6699
8437,3.6699
8438,3.6701
8439,3.6703
8440,3.6704
8441,3.6704
8442,3.6706
8443,3.6707
8444,3.6709
8445,3.6709
8446,3.6711
8447,3.6712
8448,3.6712
8449,3.6714
8450,3.6715
8451,3.6717
8452,3.6717
8453,3.6718
8454,3.672
8455,3.6722
8456,3.6722
8457,3.6723
8458,3.6725
8459,3.6725
8460,3.6726
8461,3.6728
8462,3.6728
8463,3.673
8464,3.6731
8465,3.6733
8466,3.6733
8467,3.6734
8468,3.6736
8469,3.6738
8470,3.6738
8471,3.6739
8472,3.6741
8473,3.6742
8474,3.6742
8475,3.6744
8476,3.6745
8477,3.6745
8478,3.6747
8479,3.6749
8480,3.675
8481,3.675
8482,3.6752
8483,3.6753
8484,3.6753
8485,3.6755
8486,3.6757
8487,3.6758
8488,3.6758
8489,3.676
8490,3.6761
8491,3.6763
8492,3.6763
8493,3.6765
8494,3.6766
8495,3.6768
8496,3.6768
8497,3.6769
8498,3.6771
8499,3.6772
8500,3.6772
8501,3.6774
8502,3.6776
8503,3.6777
8504,3.6777
8505,3.6779
8506,3.678
8507,3.678
8508,3.6782
8509,3.6784
8510,3.6785
8511,3.6785
8512,3.6787
8513,3.6788
8514,3.679
8515,3.679
8516,3.6792
8517,3.6793
8518,3.6793
8519,3.6795
8520,3.6796
8521,3.6798
8522,3.6798
8523,3.68
8524,3.6801
8525,3.6803
8526,3.6803
8527,3.6804
8528,3.6806
8529,3.6807
8530,3.6807
8531,3.6809
8532,3.6811
8533,3.6812
8534,3.6812
8535,3.6814
8536,3.6815
8537,3.6817
8538,3.6817
8539,3.6819
8540,3.682
8541,3.682
8542,3.6822
8543,3.6823
8544,3.6825
8545,3.6827
8546,3.6827
8547,3.6828
8548,3.683
8549,3.683
8550,3.6831
8551,3.6833
8552,3.6834
8553,3.6834
8554,3.6836
8555,3.6838
8556,3.6839
8557,3.6841
8558,3.6841
8559,3.6842
8560,3.6844
8561,3.6846
8562,3.6846
8563,3.6847
8564,3.6849
8565,3.685
8566,3.685
8567,3.6852
8568,3.6854
8569,3.6855
8570,3.6855
8571,3.6857
8572,3.6858
8573,3.686
8574,3.686
8575,3.6861
8576,3.6863
8577,3.6865
8578,3.6866
8579,3.6866
8580,3.6868
8581,3.6869
8582,3.6871
8583,3.6873
8584,3.6873
8585,3.6874
8586,3.6876
8587,3.6877
8588,3.6877
8589,3.6879
8590,3.6881
8591,3.6882
8592,3.6882
8593,3.6884
8594,3.6885
8595,3.6887
8596,3.6888
8597,3.6888
8598,3.689
8599,3.6892
8600,3.6893
8601,3.6895
8602,3.6895
8603,3.6896
8604,3.6898
8605,3.69
8606,3.69
8607,3.6901
8608,3.6903
8609,3.6904
8610,3.6906
8611,3.6906
8612,3.6908
8613,3.6909
8614,3.6911
8615,3.6912
8616,3.6914
8617,3.6914
8618,3.6915
8619,3.6917
8620,3.6919
8621,3.692
8622,3.692
8623,3.6922
8624,3.6923
8625,3.6925
8626,3.6927
8627,3.6927
8628,3.6928
8629,3.693
8630,3.6931
8631,3.6933
8632,3.6933
8633,3.6935
8634,3.6936
8635,3.6938
8636,3.6939
8637,3.6941
8638,3.6941
8639,3.6942
8640,3.6944
8641,3.6946
8642,3.6947
8643,3.6947
8644,3.6949
8645,3.695
8646,3.6952
8647,3.6954
8648,3.6955
8649,3.6957
8650,3.6957
8651,3.6958
8652,3.696
8653,3.6962
8654,3.6963
8655,3.6965
8656,3.6965
8657,3.6966
8658,3.6968
8659,3.6969
8660,3.6971
8661,3.6973
8662,3.6973
8663,3.6974
8664,3.6976
8665,3.6977
8666,3.6979
8667,3.6981
8668,3.6982
8669,3.6984
8670,3.6985
8671,3.6985
8672,3.6987
8673,3.6989
8674,3.699
8675,3.6992
8676,3.6993
8677,3.6995
8678,3.6997
8679,3.6997
8680,3.6998
8681,3.7
8682,3.7001
8683,3.7003
8684,3.7004
8685,3.7006
8686,3.7008
8687,3.7008
8688,3.7009
8689,3.7011
8690,3.7012
8691,3.7014
8692,3.7016
8693,3.7017
8694,3.7019
8695,3.702
8696,3.702
8697,3.7022
8698,3.7024
8699,3.7025
8700,3.7027
8701,3.7028
8702,3.703
8703,3.7031
8704,3.7031
8705,3.7033
8706,3.7035
8707,3.7036
8708,3.7038
8709,3.7039
8710,3.7041
8711,3.7043
8712,3.7044
8713,3.7046
8714,3.7047
8715,3.7049
8716,3.7049
8717,3.7051
8718,3.7052
8719,3.7054
8720,3.7055
8721,3.7057
8722,3.7058
8723,3.706
8724,3.7062
8725,3.7063
8726,3.7065
8727,3.7066
8728,3.7068
8729,3.7068
8730,3.707
8731,3.7071
8732,3.7073
8733,3.7074
8734,3.7076
8735,3.7078
8736,3.7079
8737,3.7081
8738,3.7082
8739,3.7084
8740,3.7085
8741,3.7087
8742,3.7089
8743,3.7089
8744,3.709
8745,3.7092
8746,3.7093
8747,3.7095
8748,3.7097
8749,3.7098
8750,3.71
8751,3.7101
8752,3.7101
8753,3.7101
8754,3.7101
8755,3.7101
8756,3.7101
8757,3.7101
8758,3.7101
8759,3.7103
8760,3.7103
8761,3.7103
8762,3.7101
8763,3.7103
8764,3.7101
8765,3.7103
8766,3.7101
8767,3.7101
8768,3.7101
8769,3.7103
8770,3.7101
8771,3.7101
8772,3.7101
8773,3.7101
8774,3.7101
8775,3.7101
8776,3.7101
8777,3.7101
8778,3.7101
8779,3.7101
8780,3.7101
8781,3.7101
8782,3.7101
8783,3.7101
8784,3.7101
8785,3.7101
8786,3.7101
8787,3.7101
8788,3.7101
8789,3.7101
8790,3.7101
8791,3.7079
8792,3.7071
8793,3.7068
8794,3.7067
8795,3.7065
8796,3.7063
8797,3.7062
8798,3.706
8799,3.706
8800,3.7059
8801,3.7059
8802,3.7057
8803,3.7057
8804,3.7057
8805,3.7056
8806,3.7056
8807,3.7056
8808,3.7054
8809,3.7054
8810,3.7054
8811,3.7052
8812,3.7052
8813,3.7052
8814,3.7052
8815,3.7052
8816,3.7051
8817,3.7051
8818,3.7051
8819,3.7051
8820,3.7051
8821,3.7051
8822,3.7049
8823,3.7049
8824,3.7049
8825,3.7049
8826,3.7049
8827,3.7049
8828,3.7048
8829,3.7048
8830,3.7048
8831,3.7048
8832,3.7048
8833,3.7048
8834,3.7048
8835,3.7048
8836,3.7048
8837,3.7046
8838,3.7048
8839,3.7046
8840,3.7046
8841,3.7046
8842,3.7046
8843,3.7046
8844,3.7046
8845,3.7046
8846,3.7046
8847,3.7046
8848,3.7046
8849,3.7044
8850,3.7044
8851,3.7044
8852,3.7044
8853,3.7044
8854,3.7044
8855,3.7044
8856,3.7044
8857,3.7044
8858,3.7044
8859,3.7044
8860,3.7044
8861,3.7044
8862,3.7044
8863,3.7044
8864,3.7044
8865,3.7043
8866,3.7043
8867,3.7043
8868,3.7043
8869,3.7043
8870,3.7043
8871,3.7043
8872,3.7043
8873,3.7043
8874,3.7043
8875,3.7043
8876,3.7043
8877,3.7043
8878,3.7043
8879,3.7043
8880,3.7043
8881,3.7043
8882,3.7043
8883,3.7041
8884,3.7043
8885,3.7041
8886,3.7041
8887,3.7041
8888,3.7041
8889,3.7041
8890,3.7041
8891,3.7041
8892,3.7041
8893,3.7041
8894,3.7041
8895,3.7041
8896,3.7041
8897,3.7041
8898,3.7041
8899,3.7041
8900,3.7041
8901,3.7041
8902,3.7041
8903,3.7041
8904,3.704
8905,3.7041
8906,3.7041
8907,3.704
8908,3.7041
8909,3.704
8910,3.704
8911,3.7041
8912,3.7041
8913,3.7041
8914,3.7041
8915,3.7041
8916,3.704
8917,3.7041
8918,3.7041
8919,3.7041
8920,3.704
8921,3.704
8922,3.704
8923,3.704
8924,3.704
8925,3.704
8926,3.704
8927,3.704
8928,3.704
8929,3.704
8930,3.704
8931,3.704
8932,3.704
8933,3.704
8934,3.704
8935,3.704
8936,3.704
8937,3.704
8938,3.704
8939,3.704
8940,3.704
8941,3.704
8942,3.704
8943,3.704
8944,3.704
8945,3.704
8946,3.704
8947,3.704
8948,3.704
8949,3.704
8950,3.704
8951,3.704
8952,3.704
8953,3.704
8954,3.704
8955,3.704
8956,3.704
8957,3.704
8958,3.704
8959,3.704
8960,3.704
8961,3.704
8962,3.704
8963,3.704
8964,3.704
8965,3.704
8966,3.704
8967,3.704
8968,3.704
8969,3.704
8970,3.704
8971,3.704
